Cosine Similarity,Class,Modality Pair,i,j
0.80992603,6,rgb_pca,0,1
0.80682534,6,rgb_pca,0,1
0.82049334,6,rgb_pca,0,1
0.85574937,6,rgb_pca,0,1
0.8809139,6,rgb_pca,0,1
0.7306326,6,rgb_pca,0,1
0.7220042,6,rgb_pca,0,1
0.7445986,6,rgb_pca,0,1
0.75375533,6,rgb_pca,0,1
0.7797389,6,rgb_pca,0,1
0.766528,6,rgb_pca,0,1
0.74940276,6,rgb_pca,0,1
0.74050164,6,rgb_pca,0,1
0.72561824,6,rgb_pca,0,1
0.7347817,6,rgb_pca,0,1
0.77949816,6,rgb_pca,0,1
0.8087254,6,rgb_pca,0,1
0.80954164,6,rgb_pca,0,1
0.7931229,6,rgb_pca,0,1
0.7628654,6,rgb_pca,0,1
0.7637571,6,rgb_pca,0,1
0.79445106,6,rgb_pca,0,1
0.7798728,6,rgb_pca,0,1
0.79054314,6,rgb_pca,0,1
0.79130006,6,rgb_pca,0,1
0.7847644,6,rgb_pca,0,1
0.7796488,6,rgb_pca,0,1
0.8031875,6,rgb_pca,0,1
0.7822666,6,rgb_pca,0,1
0.79102826,6,rgb_pca,0,1
0.8027277,6,rgb_pca,0,1
0.7960582,6,rgb_pca,0,1
0.780933,6,rgb_pca,0,1
0.75454754,6,rgb_pca,0,1
0.7851621,6,rgb_pca,0,1
0.8134882,6,rgb_pca,0,1
0.8217735,6,rgb_pca,0,1
0.7915021,6,rgb_pca,0,1
0.79551655,6,rgb_pca,0,1
0.77356696,6,rgb_pca,0,1
0.80283517,6,rgb_pca,0,1
0.7942625,6,rgb_pca,0,1
0.7922162,6,rgb_pca,0,1
0.79867053,6,rgb_pca,0,1
0.8102125,6,rgb_pca,0,1
0.7858612,6,rgb_pca,0,1
0.81746113,6,rgb_pca,0,1
0.8277339,6,rgb_pca,0,1
0.8297784,6,rgb_pca,0,1
0.82799375,6,rgb_pca,0,1
0.8325022,6,rgb_pca,0,1
0.8077902,6,rgb_pca,0,1
0.82635576,6,rgb_pca,0,1
0.8118429,6,rgb_pca,0,1
0.82374763,6,rgb_pca,0,1
0.8124952,6,rgb_pca,0,1
0.7934304,6,rgb_pca,0,1
0.8135438,6,rgb_pca,0,1
0.768592,6,rgb_pca,0,1
0.76428,6,rgb_pca,0,1
0.766364,6,rgb_pca,0,1
0.7923859,6,rgb_pca,0,1
0.77271044,6,rgb_pca,0,1
0.7979101,6,rgb_pca,0,1
0.76527786,6,rgb_pca,0,1
0.7993121,6,rgb_pca,0,1
0.81036586,6,rgb_pca,0,1
0.78557956,6,rgb_pca,0,1
0.8142788,6,rgb_pca,0,1
0.77581954,6,rgb_pca,0,1
0.78530985,6,rgb_pca,0,1
0.7853885,6,rgb_pca,0,1
0.753405,6,rgb_pca,0,1
0.80999583,6,rgb_pca,0,1
0.72986215,2,rgb_pca,0,1
0.7496079,2,rgb_pca,0,1
0.7503201,2,rgb_pca,0,1
0.7588023,2,rgb_pca,0,1
0.7764614,2,rgb_pca,0,1
0.7569431,2,rgb_pca,0,1
0.78973484,2,rgb_pca,0,1
0.7960661,2,rgb_pca,0,1
0.7576702,2,rgb_pca,0,1
0.70272785,2,rgb_pca,0,1
0.6719934,2,rgb_pca,0,1
0.7043313,2,rgb_pca,0,1
0.76212966,2,rgb_pca,0,1
0.7352491,2,rgb_pca,0,1
0.69938135,2,rgb_pca,0,1
0.7308157,2,rgb_pca,0,1
0.73098814,2,rgb_pca,0,1
0.72214895,2,rgb_pca,0,1
0.6594064,2,rgb_pca,0,1
0.6721161,2,rgb_pca,0,1
0.70869184,2,rgb_pca,0,1
0.7185718,2,rgb_pca,0,1
0.72681004,2,rgb_pca,0,1
0.65637565,2,rgb_pca,0,1
0.65836924,2,rgb_pca,0,1
0.6901181,2,rgb_pca,0,1
0.6849874,2,rgb_pca,0,1
0.83887833,6,rgb_pca,0,1
0.84585524,6,rgb_pca,0,1
0.85039043,6,rgb_pca,0,1
0.8555347,6,rgb_pca,0,1
0.8621205,6,rgb_pca,0,1
0.85354507,6,rgb_pca,0,1
0.84125304,6,rgb_pca,0,1
0.74451935,6,rgb_pca,0,1
0.7408531,6,rgb_pca,0,1
0.7328218,6,rgb_pca,0,1
0.7435924,6,rgb_pca,0,1
0.75966406,6,rgb_pca,0,1
0.76178306,6,rgb_pca,0,1
0.76067626,6,rgb_pca,0,1
0.75541687,6,rgb_pca,0,1
0.7571055,6,rgb_pca,0,1
0.7603507,6,rgb_pca,0,1
0.76715654,6,rgb_pca,0,1
0.7712632,6,rgb_pca,0,1
0.7829292,6,rgb_pca,0,1
0.76441705,6,rgb_pca,0,1
0.80404377,6,rgb_pca,0,1
0.80005443,6,rgb_pca,0,1
0.8060981,6,rgb_pca,0,1
0.7887491,6,rgb_pca,0,1
0.7767182,6,rgb_pca,0,1
0.7675952,6,rgb_pca,0,1
0.7337564,6,rgb_pca,0,1
0.8121395,6,rgb_pca,0,1
0.8033325,6,rgb_pca,0,1
0.7923337,6,rgb_pca,0,1
0.78433865,6,rgb_pca,0,1
0.76477087,6,rgb_pca,0,1
0.75775003,6,rgb_pca,0,1
0.7555636,6,rgb_pca,0,1
0.7701409,6,rgb_pca,0,1
0.80648124,6,rgb_pca,0,1
0.81405437,6,rgb_pca,0,1
0.7873896,6,rgb_pca,0,1
0.7923347,6,rgb_pca,0,1
0.78234816,6,rgb_pca,0,1
0.7750372,6,rgb_pca,0,1
0.7632109,6,rgb_pca,0,1
0.7566571,6,rgb_pca,0,1
0.7580303,6,rgb_pca,0,1
0.82448936,6,rgb_pca,0,1
0.82050884,6,rgb_pca,0,1
0.78518873,6,rgb_pca,0,1
0.7810862,6,rgb_pca,0,1
0.7635029,6,rgb_pca,0,1
0.7470829,6,rgb_pca,0,1
0.7321207,6,rgb_pca,0,1
0.75291,6,rgb_pca,0,1
0.7219084,6,rgb_pca,0,1
0.79610574,6,rgb_pca,0,1
0.7794516,6,rgb_pca,0,1
0.7674516,6,rgb_pca,0,1
0.7507937,6,rgb_pca,0,1
0.7373713,6,rgb_pca,0,1
0.7209523,6,rgb_pca,0,1
0.7010846,6,rgb_pca,0,1
0.7306874,6,rgb_pca,0,1
0.74411154,6,rgb_pca,0,1
0.8040318,6,rgb_pca,0,1
0.79310834,6,rgb_pca,0,1
0.78923666,6,rgb_pca,0,1
0.7547904,6,rgb_pca,0,1
0.76040566,6,rgb_pca,0,1
0.73859406,6,rgb_pca,0,1
0.70208025,6,rgb_pca,0,1
0.7430148,6,rgb_pca,0,1
0.74150324,6,rgb_pca,0,1
0.8031284,6,rgb_pca,0,1
0.8063086,6,rgb_pca,0,1
0.7935024,6,rgb_pca,0,1
0.7522358,6,rgb_pca,0,1
0.7267463,6,rgb_pca,0,1
0.64900255,6,rgb_pca,0,1
0.6654112,6,rgb_pca,0,1
0.7286973,6,rgb_pca,0,1
0.73481673,6,rgb_pca,0,1
0.8104334,6,rgb_pca,0,1
0.82142866,6,rgb_pca,0,1
0.79949796,6,rgb_pca,0,1
0.7706363,6,rgb_pca,0,1
0.744159,6,rgb_pca,0,1
0.707129,6,rgb_pca,0,1
0.6323992,6,rgb_pca,0,1
0.646821,6,rgb_pca,0,1
0.6905551,6,rgb_pca,0,1
0.700946,6,rgb_pca,0,1
0.7598846,6,rgb_pca,0,1
0.71189404,6,rgb_pca,0,1
0.7317965,6,rgb_pca,0,1
0.73990405,6,rgb_pca,0,1
0.69745475,6,rgb_pca,0,1
0.6935071,6,rgb_pca,0,1
0.70159036,6,rgb_pca,0,1
0.6979444,6,rgb_pca,0,1
0.7088424,6,rgb_pca,0,1
0.71984756,6,rgb_pca,0,1
0.6978438,6,rgb_pca,0,1
0.69228524,6,rgb_pca,0,1
0.72049296,6,rgb_pca,0,1
0.71443915,6,rgb_pca,0,1
0.7185425,6,rgb_pca,0,1
0.72070825,6,rgb_pca,0,1
0.70410645,6,rgb_pca,0,1
0.7232904,6,rgb_pca,0,1
0.7786149,2,rgb_pca,0,1
0.78751135,2,rgb_pca,0,1
0.7448048,2,rgb_pca,0,1
0.730479,2,rgb_pca,0,1
0.74513245,2,rgb_pca,0,1
0.7284225,2,rgb_pca,0,1
0.74534357,2,rgb_pca,0,1
0.74737597,2,rgb_pca,0,1
0.7465627,2,rgb_pca,0,1
0.7305105,2,rgb_pca,0,1
0.7231378,2,rgb_pca,0,1
0.70902574,2,rgb_pca,0,1
0.7828967,2,rgb_pca,0,1
0.7828048,2,rgb_pca,0,1
0.7691759,2,rgb_pca,0,1
0.7648032,2,rgb_pca,0,1
0.744154,2,rgb_pca,0,1
0.7271137,2,rgb_pca,0,1
0.70174456,2,rgb_pca,0,1
0.7013278,2,rgb_pca,0,1
0.71577746,2,rgb_pca,0,1
0.7055543,2,rgb_pca,0,1
0.70946836,2,rgb_pca,0,1
0.6484684,2,rgb_pca,0,1
0.6704441,2,rgb_pca,0,1
0.68989444,2,rgb_pca,0,1
0.69432247,2,rgb_pca,0,1
0.85972595,6,rgb_pca,0,1
0.85555124,6,rgb_pca,0,1
0.81745774,6,rgb_pca,0,1
0.76387227,6,rgb_pca,0,1
0.78821814,6,rgb_pca,0,1
0.79204315,6,rgb_pca,0,1
0.79748553,6,rgb_pca,0,1
0.7549176,6,rgb_pca,0,1
0.79182684,6,rgb_pca,0,1
0.73315954,6,rgb_pca,0,1
0.7942061,6,rgb_pca,0,1
0.7418877,6,rgb_pca,0,1
0.72667074,6,rgb_pca,0,1
0.7989639,6,rgb_pca,0,1
0.75772035,6,rgb_pca,0,1
0.71363866,6,rgb_pca,0,1
0.8087525,6,rgb_pca,0,1
0.78611755,6,rgb_pca,0,1
0.7424637,6,rgb_pca,0,1
0.7793438,6,rgb_pca,0,1
0.7690882,6,rgb_pca,0,1
0.7632431,6,rgb_pca,0,1
0.75534666,6,rgb_pca,0,1
0.76604855,6,rgb_pca,0,1
0.76237404,6,rgb_pca,0,1
0.76930255,6,rgb_pca,0,1
0.7513176,6,rgb_pca,0,1
0.78920865,6,rgb_pca,0,1
0.7640698,6,rgb_pca,0,1
0.7435223,6,rgb_pca,0,1
0.73284614,6,rgb_pca,0,1
0.79024357,6,rgb_pca,0,1
0.778156,6,rgb_pca,0,1
0.7294995,6,rgb_pca,0,1
0.74141186,6,rgb_pca,0,1
0.7911355,2,rgb_pca,0,1
0.7941123,2,rgb_pca,0,1
0.7607559,2,rgb_pca,0,1
0.760172,2,rgb_pca,0,1
0.76207995,2,rgb_pca,0,1
0.766717,2,rgb_pca,0,1
0.7213898,2,rgb_pca,0,1
0.7757865,2,rgb_pca,0,1
0.75882864,2,rgb_pca,0,1
0.7648417,2,rgb_pca,0,1
0.7201251,2,rgb_pca,0,1
0.73437256,2,rgb_pca,0,1
0.7756009,2,rgb_pca,0,1
0.75857246,2,rgb_pca,0,1
0.72658336,2,rgb_pca,0,1
0.745205,2,rgb_pca,0,1
0.78501606,2,rgb_pca,0,1
0.7590935,2,rgb_pca,0,1
0.66084754,2,rgb_pca,0,1
0.6900643,2,rgb_pca,0,1
0.7523306,2,rgb_pca,0,1
0.78947765,2,rgb_pca,0,1
0.7610503,2,rgb_pca,0,1
0.7081287,2,rgb_pca,0,1
0.7347177,2,rgb_pca,0,1
0.79929006,2,rgb_pca,0,1
0.83684325,2,rgb_pca,0,1
0.7058987,2,rgb_pca,0,1
0.7193207,2,rgb_pca,0,1
0.7338396,2,rgb_pca,0,1
0.7525042,2,rgb_pca,0,1
0.75027853,2,rgb_pca,0,1
0.7683673,2,rgb_pca,0,1
0.7731531,2,rgb_pca,0,1
0.7564396,2,rgb_pca,0,1
0.6804571,2,rgb_pca,0,1
0.6954229,2,rgb_pca,0,1
0.70815295,2,rgb_pca,0,1
0.7262448,2,rgb_pca,0,1
0.67735875,2,rgb_pca,0,1
0.6701472,2,rgb_pca,0,1
0.7079237,2,rgb_pca,0,1
0.7405998,2,rgb_pca,0,1
0.61100256,2,rgb_pca,0,1
0.60559845,2,rgb_pca,0,1
0.58844143,2,rgb_pca,0,1
0.5966159,2,rgb_pca,0,1
0.7083348,2,rgb_pca,0,1
0.7098001,2,rgb_pca,0,1
0.6219108,2,rgb_pca,0,1
0.59315884,2,rgb_pca,0,1
0.5853254,2,rgb_pca,0,1
0.6959331,2,rgb_pca,0,1
0.6916679,2,rgb_pca,0,1
0.775105,2,rgb_pca,0,1
0.74050176,2,rgb_pca,0,1
0.7608321,2,rgb_pca,0,1
0.6659693,2,rgb_pca,0,1
0.75197387,2,rgb_pca,0,1
0.7158736,2,rgb_pca,0,1
0.77455866,2,rgb_pca,0,1
0.7496854,2,rgb_pca,0,1
0.75648534,2,rgb_pca,0,1
0.7579566,2,rgb_pca,0,1
0.7431319,2,rgb_pca,0,1
0.74751925,2,rgb_pca,0,1
0.7325427,2,rgb_pca,0,1
0.781355,2,rgb_pca,0,1
0.7858434,2,rgb_pca,0,1
0.730233,2,rgb_pca,0,1
0.72200876,2,rgb_pca,0,1
0.7278671,2,rgb_pca,0,1
0.7208759,2,rgb_pca,0,1
0.69591874,2,rgb_pca,0,1
0.70868963,2,rgb_pca,0,1
0.71127844,2,rgb_pca,0,1
0.76557,2,rgb_pca,0,1
0.7345488,2,rgb_pca,0,1
0.7298835,2,rgb_pca,0,1
0.733636,2,rgb_pca,0,1
0.73946893,2,rgb_pca,0,1
0.7593232,2,rgb_pca,0,1
0.74003106,2,rgb_pca,0,1
0.7277037,2,rgb_pca,0,1
0.7590186,2,rgb_pca,0,1
0.7449271,2,rgb_pca,0,1
0.7786542,2,rgb_pca,0,1
0.75986665,2,rgb_pca,0,1
0.75058365,2,rgb_pca,0,1
0.7526414,2,rgb_pca,0,1
0.74462163,2,rgb_pca,0,1
0.7408037,2,rgb_pca,0,1
0.7419994,2,rgb_pca,0,1
0.7510816,2,rgb_pca,0,1
0.793836,2,rgb_pca,0,1
0.77489483,2,rgb_pca,0,1
0.78874254,2,rgb_pca,0,1
0.7808986,2,rgb_pca,0,1
0.76781803,2,rgb_pca,0,1
0.75920296,2,rgb_pca,0,1
0.7816435,2,rgb_pca,0,1
0.76111436,2,rgb_pca,0,1
0.7287389,2,rgb_pca,0,1
0.77275074,2,rgb_pca,0,1
0.7915845,2,rgb_pca,0,1
0.75377494,2,rgb_pca,0,1
0.75269145,2,rgb_pca,0,1
0.7640181,2,rgb_pca,0,1
0.75200945,2,rgb_pca,0,1
0.7460736,2,rgb_pca,0,1
0.7424426,2,rgb_pca,0,1
0.728215,2,rgb_pca,0,1
0.7407206,2,rgb_pca,0,1
0.7588419,2,rgb_pca,0,1
0.7302405,2,rgb_pca,0,1
0.7344246,2,rgb_pca,0,1
0.7377714,2,rgb_pca,0,1
0.7097616,2,rgb_pca,0,1
0.7191963,2,rgb_pca,0,1
0.69684374,2,rgb_pca,0,1
0.7395141,2,rgb_pca,0,1
0.7459315,2,rgb_pca,0,1
0.70556355,2,rgb_pca,0,1
0.7458856,2,rgb_pca,0,1
0.7402537,2,rgb_pca,0,1
0.73047745,2,rgb_pca,0,1
0.7519442,2,rgb_pca,0,1
0.7383611,2,rgb_pca,0,1
0.7318532,2,rgb_pca,0,1
0.74724275,2,rgb_pca,0,1
0.71995324,2,rgb_pca,0,1
0.74642193,2,rgb_pca,0,1
0.7316499,2,rgb_pca,0,1
0.70754194,2,rgb_pca,0,1
0.74544,2,rgb_pca,0,1
0.75930536,2,rgb_pca,0,1
0.75937486,2,rgb_pca,0,1
0.74396616,2,rgb_pca,0,1
0.73822063,2,rgb_pca,0,1
0.76487845,2,rgb_pca,0,1
0.7264143,2,rgb_pca,0,1
0.70312774,2,rgb_pca,0,1
0.70437485,2,rgb_pca,0,1
0.6978904,2,rgb_pca,0,1
0.7183702,2,rgb_pca,0,1
0.6606195,2,rgb_pca,0,1
0.6708845,2,rgb_pca,0,1
0.7340406,2,rgb_pca,0,1
0.75056684,2,rgb_pca,0,1
0.7455521,2,rgb_pca,0,1
0.7502926,2,rgb_pca,0,1
0.7242894,2,rgb_pca,0,1
0.75097907,2,rgb_pca,0,1
0.71092767,2,rgb_pca,0,1
0.7090384,2,rgb_pca,0,1
0.6842629,2,rgb_pca,0,1
0.67888165,2,rgb_pca,0,1
0.6963052,2,rgb_pca,0,1
0.66165924,2,rgb_pca,0,1
0.7055157,2,rgb_pca,0,1
0.7514768,2,rgb_pca,0,1
0.7656261,2,rgb_pca,0,1
0.7622397,2,rgb_pca,0,1
0.7705085,2,rgb_pca,0,1
0.7646357,2,rgb_pca,0,1
0.7774384,2,rgb_pca,0,1
0.74454355,2,rgb_pca,0,1
0.73188746,2,rgb_pca,0,1
0.7369013,2,rgb_pca,0,1
0.71125865,2,rgb_pca,0,1
0.68738294,2,rgb_pca,0,1
0.7124369,2,rgb_pca,0,1
0.7326946,2,rgb_pca,0,1
0.724717,2,rgb_pca,0,1
0.74810684,2,rgb_pca,0,1
0.76070786,2,rgb_pca,0,1
0.77155674,2,rgb_pca,0,1
0.7777148,2,rgb_pca,0,1
0.7715205,2,rgb_pca,0,1
0.78277516,2,rgb_pca,0,1
0.78805506,2,rgb_pca,0,1
0.7677437,2,rgb_pca,0,1
0.77100366,2,rgb_pca,0,1
0.7732296,2,rgb_pca,0,1
0.74075973,2,rgb_pca,0,1
0.7099819,2,rgb_pca,0,1
0.7219433,2,rgb_pca,0,1
0.74410933,2,rgb_pca,0,1
0.7560397,2,rgb_pca,0,1
0.768538,2,rgb_pca,0,1
0.69692653,2,rgb_pca,0,1
0.73967606,2,rgb_pca,0,1
0.7268836,2,rgb_pca,0,1
0.7605878,2,rgb_pca,0,1
0.74974906,2,rgb_pca,0,1
0.75622267,2,rgb_pca,0,1
0.741258,2,rgb_pca,0,1
0.75888467,2,rgb_pca,0,1
0.7394818,2,rgb_pca,0,1
0.7498851,2,rgb_pca,0,1
0.7746904,2,rgb_pca,0,1
0.73917794,2,rgb_pca,0,1
0.7511238,2,rgb_pca,0,1
0.73625183,2,rgb_pca,0,1
0.7590264,2,rgb_pca,0,1
0.74729824,2,rgb_pca,0,1
0.7500148,2,rgb_pca,0,1
0.76259685,2,rgb_pca,0,1
0.7470599,2,rgb_pca,0,1
0.7080778,2,rgb_pca,0,1
0.7494076,2,rgb_pca,0,1
0.75190926,2,rgb_pca,0,1
0.77415645,2,rgb_pca,0,1
0.7593964,2,rgb_pca,0,1
0.73874676,2,rgb_pca,0,1
0.7369117,2,rgb_pca,0,1
0.77325696,2,rgb_pca,0,1
0.76762706,2,rgb_pca,0,1
0.7448933,2,rgb_pca,0,1
0.74374247,2,rgb_pca,0,1
0.7570394,2,rgb_pca,0,1
0.73062277,2,rgb_pca,0,1
0.72506905,2,rgb_pca,0,1
0.7388997,2,rgb_pca,0,1
0.7443297,2,rgb_pca,0,1
0.7423291,2,rgb_pca,0,1
0.7383332,2,rgb_pca,0,1
0.76455986,2,rgb_pca,0,1
0.73538125,2,rgb_pca,0,1
0.7186136,2,rgb_pca,0,1
0.74606204,2,rgb_pca,0,1
0.7221075,2,rgb_pca,0,1
0.7180281,2,rgb_pca,0,1
0.7313244,2,rgb_pca,0,1
0.73284924,2,rgb_pca,0,1
0.74205637,2,rgb_pca,0,1
0.7350781,2,rgb_pca,0,1
0.73258877,2,rgb_pca,0,1
0.73799074,2,rgb_pca,0,1
0.7311944,2,rgb_pca,0,1
0.7193601,2,rgb_pca,0,1
0.73383474,2,rgb_pca,0,1
0.77754396,2,rgb_pca,0,1
0.7402363,2,rgb_pca,0,1
0.7432381,2,rgb_pca,0,1
0.77623415,2,rgb_pca,0,1
0.7528726,2,rgb_pca,0,1
0.72555673,2,rgb_pca,0,1
0.7352331,2,rgb_pca,0,1
0.7189876,2,rgb_pca,0,1
0.75681907,2,rgb_pca,0,1
0.8016714,2,rgb_pca,0,1
0.75597906,2,rgb_pca,0,1
0.75444645,2,rgb_pca,0,1
0.7785564,2,rgb_pca,0,1
0.75775576,2,rgb_pca,0,1
0.79866636,2,rgb_pca,0,1
0.7632867,2,rgb_pca,0,1
0.76975787,2,rgb_pca,0,1
0.7619409,2,rgb_pca,0,1
0.74856514,2,rgb_pca,0,1
0.746916,2,rgb_pca,0,1
0.7686761,2,rgb_pca,0,1
0.7336727,2,rgb_pca,0,1
0.77558964,2,rgb_pca,0,1
0.7788888,2,rgb_pca,0,1
0.7762707,2,rgb_pca,0,1
0.7741322,2,rgb_pca,0,1
0.75275946,2,rgb_pca,0,1
0.7584504,2,rgb_pca,0,1
0.74678147,2,rgb_pca,0,1
0.74778557,2,rgb_pca,0,1
0.71876824,2,rgb_pca,0,1
0.67759144,2,rgb_pca,0,1
0.6687341,2,rgb_pca,0,1
0.6744703,2,rgb_pca,0,1
0.66697276,2,rgb_pca,0,1
0.7377979,2,rgb_pca,0,1
0.7416849,2,rgb_pca,0,1
0.74037623,2,rgb_pca,0,1
0.7442804,2,rgb_pca,0,1
0.7359142,2,rgb_pca,0,1
0.7405137,2,rgb_pca,0,1
0.71818495,2,rgb_pca,0,1
0.70498574,2,rgb_pca,0,1
0.69099724,2,rgb_pca,0,1
0.6513889,2,rgb_pca,0,1
0.67002475,2,rgb_pca,0,1
0.6801021,2,rgb_pca,0,1
0.67791426,2,rgb_pca,0,1
0.7214969,2,rgb_pca,0,1
0.7272632,2,rgb_pca,0,1
0.72186565,2,rgb_pca,0,1
0.7176642,2,rgb_pca,0,1
0.7301321,2,rgb_pca,0,1
0.7490933,2,rgb_pca,0,1
0.74402106,2,rgb_pca,0,1
0.71975386,2,rgb_pca,0,1
0.70319057,2,rgb_pca,0,1
0.7026988,2,rgb_pca,0,1
0.7277748,2,rgb_pca,0,1
0.7330175,2,rgb_pca,0,1
0.73218346,2,rgb_pca,0,1
0.72376573,2,rgb_pca,0,1
0.72305334,2,rgb_pca,0,1
0.7692844,2,rgb_pca,0,1
0.76918155,2,rgb_pca,0,1
0.75888383,2,rgb_pca,0,1
0.75327927,2,rgb_pca,0,1
0.75257605,2,rgb_pca,0,1
0.7519811,2,rgb_pca,0,1
0.77067065,2,rgb_pca,0,1
0.7719695,2,rgb_pca,0,1
0.7548082,2,rgb_pca,0,1
0.7405155,2,rgb_pca,0,1
0.7504586,2,rgb_pca,0,1
0.75148374,2,rgb_pca,0,1
0.75344527,2,rgb_pca,0,1
0.75350666,2,rgb_pca,0,1
0.7355146,2,rgb_pca,0,1
0.68346584,7,rgb_pca,0,1
0.67654264,7,rgb_pca,0,1
0.70228934,7,rgb_pca,0,1
0.6448505,7,rgb_pca,0,1
0.60307914,7,rgb_pca,0,1
0.6003128,7,rgb_pca,0,1
0.5989426,7,rgb_pca,0,1
0.6346337,7,rgb_pca,0,1
0.62849855,7,rgb_pca,0,1
0.7068616,7,rgb_pca,0,1
0.6815446,7,rgb_pca,0,1
0.69833374,7,rgb_pca,0,1
0.6579112,7,rgb_pca,0,1
0.66181624,7,rgb_pca,0,1
0.650656,7,rgb_pca,0,1
0.6306416,7,rgb_pca,0,1
0.5852686,7,rgb_pca,0,1
0.6151953,7,rgb_pca,0,1
0.6306848,7,rgb_pca,0,1
0.6236268,7,rgb_pca,0,1
0.66665846,7,rgb_pca,0,1
0.6798441,7,rgb_pca,0,1
0.6939237,7,rgb_pca,0,1
0.699524,7,rgb_pca,0,1
0.6846479,7,rgb_pca,0,1
0.6648307,7,rgb_pca,0,1
0.6824805,7,rgb_pca,0,1
0.6391767,7,rgb_pca,0,1
0.66691136,7,rgb_pca,0,1
0.6751889,7,rgb_pca,0,1
0.6602067,7,rgb_pca,0,1
0.6843248,7,rgb_pca,0,1
0.6494514,7,rgb_pca,0,1
0.67715424,7,rgb_pca,0,1
0.7208593,7,rgb_pca,0,1
0.7159662,7,rgb_pca,0,1
0.7202199,7,rgb_pca,0,1
0.7572398,7,rgb_pca,0,1
0.7301403,7,rgb_pca,0,1
0.75477463,7,rgb_pca,0,1
0.71345747,7,rgb_pca,0,1
0.7091992,7,rgb_pca,0,1
0.7166061,7,rgb_pca,0,1
0.7702888,7,rgb_pca,0,1
0.7745856,7,rgb_pca,0,1
0.7413769,7,rgb_pca,0,1
0.7324784,7,rgb_pca,0,1
0.75285244,7,rgb_pca,0,1
0.703401,7,rgb_pca,0,1
0.72478294,7,rgb_pca,0,1
0.7550248,7,rgb_pca,0,1
0.7819116,7,rgb_pca,0,1
0.78524756,7,rgb_pca,0,1
0.7768035,7,rgb_pca,0,1
0.76417905,7,rgb_pca,0,1
0.71257114,7,rgb_pca,0,1
0.72622573,7,rgb_pca,0,1
0.74563193,7,rgb_pca,0,1
0.7567836,7,rgb_pca,0,1
0.75153315,7,rgb_pca,0,1
0.73737276,7,rgb_pca,0,1
0.7305099,7,rgb_pca,0,1
0.7087288,7,rgb_pca,0,1
0.7268499,7,rgb_pca,0,1
0.7091192,7,rgb_pca,0,1
0.6689518,7,rgb_pca,0,1
0.7037077,7,rgb_pca,0,1
0.6878412,7,rgb_pca,0,1
0.7262689,7,rgb_pca,0,1
0.69036824,7,rgb_pca,0,1
0.74106765,7,rgb_pca,0,1
0.71424615,7,rgb_pca,0,1
0.72457767,7,rgb_pca,0,1
0.7428119,7,rgb_pca,0,1
0.741061,7,rgb_pca,0,1
0.73093545,7,rgb_pca,0,1
0.7420683,7,rgb_pca,0,1
0.718783,7,rgb_pca,0,1
0.72588986,7,rgb_pca,0,1
0.75779545,7,rgb_pca,0,1
0.7518298,7,rgb_pca,0,1
0.7906831,7,rgb_pca,0,1
0.7713485,7,rgb_pca,0,1
0.7378298,7,rgb_pca,0,1
0.7325498,7,rgb_pca,0,1
0.7260688,7,rgb_pca,0,1
0.7368568,7,rgb_pca,0,1
0.74804115,7,rgb_pca,0,1
0.7407297,7,rgb_pca,0,1
0.7567105,7,rgb_pca,0,1
0.7495151,7,rgb_pca,0,1
0.7308682,7,rgb_pca,0,1
0.74636,7,rgb_pca,0,1
0.75301,7,rgb_pca,0,1
0.7543821,7,rgb_pca,0,1
0.7816758,7,rgb_pca,0,1
0.74898285,7,rgb_pca,0,1
0.7404617,7,rgb_pca,0,1
0.7130418,7,rgb_pca,0,1
0.73852694,7,rgb_pca,0,1
0.73262024,7,rgb_pca,0,1
0.72330964,7,rgb_pca,0,1
0.7020929,7,rgb_pca,0,1
0.7178292,7,rgb_pca,0,1
0.7483213,7,rgb_pca,0,1
0.74694645,7,rgb_pca,0,1
0.7436737,7,rgb_pca,0,1
0.7224891,7,rgb_pca,0,1
0.7526883,7,rgb_pca,0,1
0.7696742,7,rgb_pca,0,1
0.76370776,7,rgb_pca,0,1
0.769076,7,rgb_pca,0,1
0.7855184,7,rgb_pca,0,1
0.73967284,7,rgb_pca,0,1
0.7157083,7,rgb_pca,0,1
0.723787,7,rgb_pca,0,1
0.76759315,7,rgb_pca,0,1
0.7537915,7,rgb_pca,0,1
0.7479182,7,rgb_pca,0,1
0.7351111,7,rgb_pca,0,1
0.7052834,7,rgb_pca,0,1
0.73396593,7,rgb_pca,0,1
0.77037966,2,rgb_pca,0,1
0.7382041,2,rgb_pca,0,1
0.77261794,2,rgb_pca,0,1
0.74437124,2,rgb_pca,0,1
0.7724349,2,rgb_pca,0,1
0.7139906,2,rgb_pca,0,1
0.7431981,2,rgb_pca,0,1
0.74236524,2,rgb_pca,0,1
0.6965407,2,rgb_pca,0,1
0.70045954,2,rgb_pca,0,1
0.6837994,2,rgb_pca,0,1
0.6882489,2,rgb_pca,0,1
0.67956746,2,rgb_pca,0,1
0.69875854,2,rgb_pca,0,1
0.70797944,2,rgb_pca,0,1
0.75193703,2,rgb_pca,0,1
0.75113904,2,rgb_pca,0,1
0.69117236,2,rgb_pca,0,1
0.6834501,2,rgb_pca,0,1
0.6808187,2,rgb_pca,0,1
0.6747776,2,rgb_pca,0,1
0.65651923,2,rgb_pca,0,1
0.67598844,2,rgb_pca,0,1
0.66831255,2,rgb_pca,0,1
0.66750014,2,rgb_pca,0,1
0.7435167,2,rgb_pca,0,1
0.69326794,2,rgb_pca,0,1
0.6802285,2,rgb_pca,0,1
0.6592526,2,rgb_pca,0,1
0.6813587,2,rgb_pca,0,1
0.7059479,2,rgb_pca,0,1
0.7452345,2,rgb_pca,0,1
0.73174924,2,rgb_pca,0,1
0.731792,2,rgb_pca,0,1
0.7182503,2,rgb_pca,0,1
0.72603214,2,rgb_pca,0,1
0.7104708,2,rgb_pca,0,1
0.68395364,2,rgb_pca,0,1
0.761621,2,rgb_pca,0,1
0.7554654,2,rgb_pca,0,1
0.750046,2,rgb_pca,0,1
0.77374226,2,rgb_pca,0,1
0.78394324,2,rgb_pca,0,1
0.78004384,2,rgb_pca,0,1
0.7284678,2,rgb_pca,0,1
0.72986627,2,rgb_pca,0,1
0.71780175,2,rgb_pca,0,1
0.69622767,2,rgb_pca,0,1
0.73991364,2,rgb_pca,0,1
0.77940506,2,rgb_pca,0,1
0.7907517,2,rgb_pca,0,1
0.7913333,2,rgb_pca,0,1
0.7271092,2,rgb_pca,0,1
0.7337158,2,rgb_pca,0,1
0.72176886,2,rgb_pca,0,1
0.71411806,2,rgb_pca,0,1
0.751886,2,rgb_pca,0,1
0.74691,2,rgb_pca,0,1
0.7544019,2,rgb_pca,0,1
0.781213,2,rgb_pca,0,1
0.74769276,2,rgb_pca,0,1
0.72870386,2,rgb_pca,0,1
0.74310774,2,rgb_pca,0,1
0.72454005,2,rgb_pca,0,1
0.76598936,2,rgb_pca,0,1
0.7617762,2,rgb_pca,0,1
0.77598274,2,rgb_pca,0,1
0.7682535,2,rgb_pca,0,1
0.7520295,2,rgb_pca,0,1
0.7817287,2,rgb_pca,0,1
0.77822053,2,rgb_pca,0,1
0.7487962,2,rgb_pca,0,1
0.73832816,2,rgb_pca,0,1
0.75395817,2,rgb_pca,0,1
0.7551075,2,rgb_pca,0,1
0.7757572,2,rgb_pca,0,1
0.7384508,2,rgb_pca,0,1
0.7536763,2,rgb_pca,0,1
0.74428284,2,rgb_pca,0,1
0.7250932,2,rgb_pca,0,1
0.8068987,2,rgb_pca,0,1
0.7917385,2,rgb_pca,0,1
0.78582126,2,rgb_pca,0,1
0.77067864,2,rgb_pca,0,1
0.7529373,2,rgb_pca,0,1
0.7561678,2,rgb_pca,0,1
0.76979494,2,rgb_pca,0,1
0.74570334,2,rgb_pca,0,1
0.760543,2,rgb_pca,0,1
0.73721915,2,rgb_pca,0,1
0.7297989,2,rgb_pca,0,1
0.7376137,2,rgb_pca,0,1
0.73542297,2,rgb_pca,0,1
0.75654626,2,rgb_pca,0,1
0.73514646,2,rgb_pca,0,1
0.7006732,2,rgb_pca,0,1
0.697847,2,rgb_pca,0,1
0.6803246,2,rgb_pca,0,1
0.6762888,2,rgb_pca,0,1
0.7295607,2,rgb_pca,0,1
0.7145498,2,rgb_pca,0,1
0.72758794,2,rgb_pca,0,1
0.7026249,2,rgb_pca,0,1
0.70578957,2,rgb_pca,0,1
0.7185751,2,rgb_pca,0,1
0.7284014,2,rgb_pca,0,1
0.73759687,2,rgb_pca,0,1
0.74244666,2,rgb_pca,0,1
0.70202863,2,rgb_pca,0,1
0.7142118,2,rgb_pca,0,1
0.67747056,2,rgb_pca,0,1
0.6547874,2,rgb_pca,0,1
0.7145123,2,rgb_pca,0,1
0.70444,2,rgb_pca,0,1
0.73975027,2,rgb_pca,0,1
0.7372909,2,rgb_pca,0,1
0.7364339,2,rgb_pca,0,1
0.7584375,2,rgb_pca,0,1
0.7552677,2,rgb_pca,0,1
0.7497693,2,rgb_pca,0,1
0.70035934,2,rgb_pca,0,1
0.71280855,2,rgb_pca,0,1
0.7257227,2,rgb_pca,0,1
0.6786866,2,rgb_pca,0,1
0.70329463,2,rgb_pca,0,1
0.6605445,2,rgb_pca,0,1
0.66390514,2,rgb_pca,0,1
0.7344087,2,rgb_pca,0,1
0.7272639,2,rgb_pca,0,1
0.74490345,2,rgb_pca,0,1
0.7283621,2,rgb_pca,0,1
0.73615557,2,rgb_pca,0,1
0.7468761,2,rgb_pca,0,1
0.6999537,2,rgb_pca,0,1
0.69691586,2,rgb_pca,0,1
0.67239004,2,rgb_pca,0,1
0.7558389,2,rgb_pca,0,1
0.7626259,2,rgb_pca,0,1
0.7074017,2,rgb_pca,0,1
0.7343458,2,rgb_pca,0,1
0.68658626,2,rgb_pca,0,1
0.6903401,2,rgb_pca,0,1
0.7161368,2,rgb_pca,0,1
0.72895503,2,rgb_pca,0,1
0.75228137,2,rgb_pca,0,1
0.719739,2,rgb_pca,0,1
0.7637965,2,rgb_pca,0,1
0.7610909,2,rgb_pca,0,1
0.7323058,2,rgb_pca,0,1
0.72994196,2,rgb_pca,0,1
0.72217304,2,rgb_pca,0,1
0.73430926,2,rgb_pca,0,1
0.72806,2,rgb_pca,0,1
0.73735327,2,rgb_pca,0,1
0.72481596,2,rgb_pca,0,1
0.73509324,2,rgb_pca,0,1
0.71261597,2,rgb_pca,0,1
0.74186516,2,rgb_pca,0,1
0.73429006,2,rgb_pca,0,1
0.7374277,2,rgb_pca,0,1
0.74153066,2,rgb_pca,0,1
0.75516474,2,rgb_pca,0,1
0.74745154,2,rgb_pca,0,1
0.6561275,2,rgb_pca,0,1
0.720413,2,rgb_pca,0,1
0.66898644,2,rgb_pca,0,1
0.6997234,2,rgb_pca,0,1
0.7652681,2,rgb_pca,0,1
0.75334156,2,rgb_pca,0,1
0.7129963,2,rgb_pca,0,1
0.7356682,2,rgb_pca,0,1
0.7297442,2,rgb_pca,0,1
0.73853576,2,rgb_pca,0,1
0.75412524,2,rgb_pca,0,1
0.7559422,2,rgb_pca,0,1
0.7591227,2,rgb_pca,0,1
0.71577233,2,rgb_pca,0,1
0.71736306,2,rgb_pca,0,1
0.7401123,2,rgb_pca,0,1
0.745617,2,rgb_pca,0,1
0.77068925,2,rgb_pca,0,1
0.73105633,2,rgb_pca,0,1
0.70733035,2,rgb_pca,0,1
0.74702334,2,rgb_pca,0,1
0.74043816,2,rgb_pca,0,1
0.7594272,2,rgb_pca,0,1
0.7164526,2,rgb_pca,0,1
0.70835596,2,rgb_pca,0,1
0.73614997,2,rgb_pca,0,1
0.7591908,2,rgb_pca,0,1
0.7497357,2,rgb_pca,0,1
0.75059456,2,rgb_pca,0,1
0.7680594,2,rgb_pca,0,1
0.76657873,2,rgb_pca,0,1
0.6967888,2,rgb_pca,0,1
0.7003042,2,rgb_pca,0,1
0.73384225,2,rgb_pca,0,1
0.7530384,2,rgb_pca,0,1
0.78798175,2,rgb_pca,0,1
0.7711044,2,rgb_pca,0,1
0.76838684,2,rgb_pca,0,1
0.763945,2,rgb_pca,0,1
0.7578167,2,rgb_pca,0,1
0.7617378,2,rgb_pca,0,1
0.7056906,2,rgb_pca,0,1
0.7044014,2,rgb_pca,0,1
0.79372644,2,rgb_pca,0,1
0.7730268,2,rgb_pca,0,1
0.76455367,2,rgb_pca,0,1
0.7517866,2,rgb_pca,0,1
0.7512746,2,rgb_pca,0,1
0.76831347,2,rgb_pca,0,1
0.7269476,2,rgb_pca,0,1
0.7411865,2,rgb_pca,0,1
0.77106774,2,rgb_pca,0,1
0.7770224,2,rgb_pca,0,1
0.79370975,2,rgb_pca,0,1
0.7439017,2,rgb_pca,0,1
0.75191617,2,rgb_pca,0,1
0.76016307,2,rgb_pca,0,1
0.7141829,2,rgb_pca,0,1
0.7330645,2,rgb_pca,0,1
0.757212,2,rgb_pca,0,1
0.753163,2,rgb_pca,0,1
0.7562511,2,rgb_pca,0,1
0.75987166,2,rgb_pca,0,1
0.77404654,2,rgb_pca,0,1
0.7911432,2,rgb_pca,0,1
0.75428176,2,rgb_pca,0,1
0.77003187,2,rgb_pca,0,1
0.7717352,2,rgb_pca,0,1
0.7366226,2,rgb_pca,0,1
0.7347331,2,rgb_pca,0,1
0.7368007,2,rgb_pca,0,1
0.75501883,2,rgb_pca,0,1
0.7651279,2,rgb_pca,0,1
0.75814635,2,rgb_pca,0,1
0.78258896,2,rgb_pca,0,1
0.7672745,2,rgb_pca,0,1
0.7247462,2,rgb_pca,0,1
0.73534185,2,rgb_pca,0,1
0.7066728,2,rgb_pca,0,1
0.7084897,2,rgb_pca,0,1
0.7508781,2,rgb_pca,0,1
0.68993896,2,rgb_pca,0,1
0.7167748,2,rgb_pca,0,1
0.69877243,2,rgb_pca,0,1
0.6687523,2,rgb_pca,0,1
0.70313156,2,rgb_pca,0,1
0.6638689,2,rgb_pca,0,1
0.7808855,2,rgb_pca,0,1
0.7681991,2,rgb_pca,0,1
0.7137538,2,rgb_pca,0,1
0.7372731,2,rgb_pca,0,1
0.7123952,2,rgb_pca,0,1
0.714712,2,rgb_pca,0,1
0.75582075,2,rgb_pca,0,1
0.73516047,2,rgb_pca,0,1
0.709701,2,rgb_pca,0,1
0.7103951,2,rgb_pca,0,1
0.69917756,2,rgb_pca,0,1
0.69422317,2,rgb_pca,0,1
0.7059179,2,rgb_pca,0,1
0.75547874,2,rgb_pca,0,1
0.75051194,2,rgb_pca,0,1
0.72675437,2,rgb_pca,0,1
0.74588907,2,rgb_pca,0,1
0.67904913,2,rgb_pca,0,1
0.69539344,2,rgb_pca,0,1
0.77266765,2,rgb_pca,0,1
0.7356102,2,rgb_pca,0,1
0.74088234,2,rgb_pca,0,1
0.7163727,2,rgb_pca,0,1
0.71541846,2,rgb_pca,0,1
0.7329484,2,rgb_pca,0,1
0.71323407,2,rgb_pca,0,1
0.7141763,2,rgb_pca,0,1
0.7233918,2,rgb_pca,0,1
0.7579834,2,rgb_pca,0,1
0.73581123,2,rgb_pca,0,1
0.6691603,2,rgb_pca,0,1
0.69583297,2,rgb_pca,0,1
0.64202434,2,rgb_pca,0,1
0.66251194,2,rgb_pca,0,1
0.7461133,2,rgb_pca,0,1
0.70565116,2,rgb_pca,0,1
0.7067385,2,rgb_pca,0,1
0.7032335,2,rgb_pca,0,1
0.729506,2,rgb_pca,0,1
0.7500438,2,rgb_pca,0,1
0.71571296,2,rgb_pca,0,1
0.6975589,2,rgb_pca,0,1
0.7028841,2,rgb_pca,0,1
0.79019487,2,rgb_pca,0,1
0.766996,2,rgb_pca,0,1
0.70963466,2,rgb_pca,0,1
0.7452561,2,rgb_pca,0,1
0.71827215,2,rgb_pca,0,1
0.72698605,2,rgb_pca,0,1
0.73561835,2,rgb_pca,0,1
0.7026205,2,rgb_pca,0,1
0.70438606,2,rgb_pca,0,1
0.6870806,2,rgb_pca,0,1
0.71356165,2,rgb_pca,0,1
0.7235582,2,rgb_pca,0,1
0.70769584,2,rgb_pca,0,1
0.73917204,2,rgb_pca,0,1
0.72812915,2,rgb_pca,0,1
0.7088516,2,rgb_pca,0,1
0.67870736,2,rgb_pca,0,1
0.6892136,2,rgb_pca,0,1
0.7199249,2,rgb_pca,0,1
0.7241914,2,rgb_pca,0,1
0.70558137,2,rgb_pca,0,1
0.73391414,2,rgb_pca,0,1
0.7333847,2,rgb_pca,0,1
0.7190456,2,rgb_pca,0,1
0.7280159,2,rgb_pca,0,1
0.7192874,2,rgb_pca,0,1
0.7160944,2,rgb_pca,0,1
0.72882235,7,rgb_pca,0,1
0.7085067,7,rgb_pca,0,1
0.72252226,7,rgb_pca,0,1
0.71958554,7,rgb_pca,0,1
0.7266321,7,rgb_pca,0,1
0.7197193,7,rgb_pca,0,1
0.72938436,7,rgb_pca,0,1
0.7761993,7,rgb_pca,0,1
0.74993944,7,rgb_pca,0,1
0.756441,7,rgb_pca,0,1
0.73931754,7,rgb_pca,0,1
0.7364613,7,rgb_pca,0,1
0.70443875,7,rgb_pca,0,1
0.7399368,7,rgb_pca,0,1
0.74570596,7,rgb_pca,0,1
0.74379265,7,rgb_pca,0,1
0.72672546,7,rgb_pca,0,1
0.72860897,7,rgb_pca,0,1
0.76442146,7,rgb_pca,0,1
0.75926965,7,rgb_pca,0,1
0.749413,7,rgb_pca,0,1
0.7445888,7,rgb_pca,0,1
0.7344718,7,rgb_pca,0,1
0.73191214,7,rgb_pca,0,1
0.6872395,7,rgb_pca,0,1
0.70162094,7,rgb_pca,0,1
0.71566683,7,rgb_pca,0,1
0.7365947,7,rgb_pca,0,1
0.76074165,7,rgb_pca,0,1
0.7619561,7,rgb_pca,0,1
0.7654464,7,rgb_pca,0,1
0.7885921,7,rgb_pca,0,1
0.7830121,7,rgb_pca,0,1
0.75597394,7,rgb_pca,0,1
0.7595004,7,rgb_pca,0,1
0.76390976,7,rgb_pca,0,1
0.78585744,7,rgb_pca,0,1
0.74158055,7,rgb_pca,0,1
0.7434925,7,rgb_pca,0,1
0.78150237,7,rgb_pca,0,1
0.80517375,7,rgb_pca,0,1
0.79526734,7,rgb_pca,0,1
0.8105532,7,rgb_pca,0,1
0.77237046,7,rgb_pca,0,1
0.7934474,7,rgb_pca,0,1
0.78047746,7,rgb_pca,0,1
0.77560437,7,rgb_pca,0,1
0.7760565,7,rgb_pca,0,1
0.79448104,7,rgb_pca,0,1
0.79550016,7,rgb_pca,0,1
0.77245224,7,rgb_pca,0,1
0.7780459,7,rgb_pca,0,1
0.746675,7,rgb_pca,0,1
0.7474155,7,rgb_pca,0,1
0.7451606,7,rgb_pca,0,1
0.76218694,7,rgb_pca,0,1
0.74489045,7,rgb_pca,0,1
0.752825,7,rgb_pca,0,1
0.72179514,7,rgb_pca,0,1
0.73002267,7,rgb_pca,0,1
0.73456943,7,rgb_pca,0,1
0.76375604,7,rgb_pca,0,1
0.79053235,7,rgb_pca,0,1
0.7797067,7,rgb_pca,0,1
0.763278,7,rgb_pca,0,1
0.7570858,7,rgb_pca,0,1
0.7850956,7,rgb_pca,0,1
0.7951305,7,rgb_pca,0,1
0.76825106,7,rgb_pca,0,1
0.7671784,7,rgb_pca,0,1
0.74709773,7,rgb_pca,0,1
0.74882764,7,rgb_pca,0,1
0.7711153,7,rgb_pca,0,1
0.779686,7,rgb_pca,0,1
0.7654364,7,rgb_pca,0,1
0.7635245,7,rgb_pca,0,1
0.7141975,7,rgb_pca,0,1
0.68088377,7,rgb_pca,0,1
0.69214046,7,rgb_pca,0,1
0.7168964,7,rgb_pca,0,1
0.6894476,7,rgb_pca,0,1
0.7349087,7,rgb_pca,0,1
0.7267843,7,rgb_pca,0,1
0.7455833,7,rgb_pca,0,1
0.72641534,7,rgb_pca,0,1
0.7057812,7,rgb_pca,0,1
0.7020977,7,rgb_pca,0,1
0.7048925,7,rgb_pca,0,1
0.7738956,7,rgb_pca,0,1
0.7736609,7,rgb_pca,0,1
0.76246023,7,rgb_pca,0,1
0.7336917,7,rgb_pca,0,1
0.7567512,7,rgb_pca,0,1
0.7601861,7,rgb_pca,0,1
0.79423,7,rgb_pca,0,1
0.7892566,7,rgb_pca,0,1
0.75757825,7,rgb_pca,0,1
0.7364671,7,rgb_pca,0,1
0.73040104,7,rgb_pca,0,1
0.7271492,7,rgb_pca,0,1
0.69494545,7,rgb_pca,0,1
0.722749,7,rgb_pca,0,1
0.72630227,7,rgb_pca,0,1
0.73077667,7,rgb_pca,0,1
0.7314515,7,rgb_pca,0,1
0.7543665,7,rgb_pca,0,1
0.75812197,7,rgb_pca,0,1
0.7918605,7,rgb_pca,0,1
0.78109896,7,rgb_pca,0,1
0.73739207,7,rgb_pca,0,1
0.73471856,7,rgb_pca,0,1
0.7231395,7,rgb_pca,0,1
0.71709454,7,rgb_pca,0,1
0.718381,7,rgb_pca,0,1
0.7440847,7,rgb_pca,0,1
0.72723025,7,rgb_pca,0,1
0.76201594,7,rgb_pca,0,1
0.7842517,7,rgb_pca,0,1
0.75328743,7,rgb_pca,0,1
0.7629626,7,rgb_pca,0,1
0.7590371,7,rgb_pca,0,1
0.7810667,7,rgb_pca,0,1
0.7884581,7,rgb_pca,0,1
0.77685606,7,rgb_pca,0,1
0.7916075,7,rgb_pca,0,1
0.76556903,7,rgb_pca,0,1
0.7704446,7,rgb_pca,0,1
0.76944786,7,rgb_pca,0,1
0.7597039,7,rgb_pca,0,1
0.77504677,7,rgb_pca,0,1
0.7646227,7,rgb_pca,0,1
0.7529764,7,rgb_pca,0,1
0.77066785,7,rgb_pca,0,1
0.769579,7,rgb_pca,0,1
0.7400074,7,rgb_pca,0,1
0.74313533,7,rgb_pca,0,1
0.7361841,7,rgb_pca,0,1
0.7644934,7,rgb_pca,0,1
0.7769664,7,rgb_pca,0,1
0.7486805,7,rgb_pca,0,1
0.72430396,7,rgb_pca,0,1
0.742368,7,rgb_pca,0,1
0.7789272,7,rgb_pca,0,1
0.76502323,7,rgb_pca,0,1
0.74129885,7,rgb_pca,0,1
0.7321583,7,rgb_pca,0,1
0.71556664,7,rgb_pca,0,1
0.8043264,7,rgb_pca,0,1
0.7824427,7,rgb_pca,0,1
0.78178,7,rgb_pca,0,1
0.76884353,7,rgb_pca,0,1
0.7447951,7,rgb_pca,0,1
0.7352172,2,rgb_pca,0,1
0.7542168,2,rgb_pca,0,1
0.75951934,2,rgb_pca,0,1
0.7584027,2,rgb_pca,0,1
0.75471467,2,rgb_pca,0,1
0.75762856,2,rgb_pca,0,1
0.7688557,2,rgb_pca,0,1
0.74958044,2,rgb_pca,0,1
0.78011733,2,rgb_pca,0,1
0.7719186,2,rgb_pca,0,1
0.7826849,2,rgb_pca,0,1
0.77231777,2,rgb_pca,0,1
0.7505932,2,rgb_pca,0,1
0.72421354,2,rgb_pca,0,1
0.689394,2,rgb_pca,0,1
0.7213452,2,rgb_pca,0,1
0.73616993,2,rgb_pca,0,1
0.74089587,2,rgb_pca,0,1
0.71731895,2,rgb_pca,0,1
0.70247936,2,rgb_pca,0,1
0.69301593,2,rgb_pca,0,1
0.70963734,2,rgb_pca,0,1
0.7119956,2,rgb_pca,0,1
0.7406234,2,rgb_pca,0,1
0.72289515,2,rgb_pca,0,1
0.7024009,2,rgb_pca,0,1
0.73002684,2,rgb_pca,0,1
0.7597077,2,rgb_pca,0,1
0.7239908,2,rgb_pca,0,1
0.70804405,2,rgb_pca,0,1
0.6994235,2,rgb_pca,0,1
0.7092076,2,rgb_pca,0,1
0.70681787,2,rgb_pca,0,1
0.7170024,2,rgb_pca,0,1
0.6969173,2,rgb_pca,0,1
0.7017791,2,rgb_pca,0,1
0.72516364,2,rgb_pca,0,1
0.7135605,2,rgb_pca,0,1
0.7245058,2,rgb_pca,0,1
0.72895575,2,rgb_pca,0,1
0.6980143,2,rgb_pca,0,1
0.6705513,2,rgb_pca,0,1
0.7293029,2,rgb_pca,0,1
0.74669164,2,rgb_pca,0,1
0.73566794,2,rgb_pca,0,1
0.71204793,2,rgb_pca,0,1
0.6995312,2,rgb_pca,0,1
0.6502718,2,rgb_pca,0,1
0.68392277,2,rgb_pca,0,1
0.67986536,2,rgb_pca,0,1
0.7005056,2,rgb_pca,0,1
0.70965093,2,rgb_pca,0,1
0.6955265,2,rgb_pca,0,1
0.67040217,2,rgb_pca,0,1
0.7610246,7,rgb_pca,0,1
0.76827514,7,rgb_pca,0,1
0.75938344,7,rgb_pca,0,1
0.769667,7,rgb_pca,0,1
0.78245026,7,rgb_pca,0,1
0.7567539,7,rgb_pca,0,1
0.7564553,7,rgb_pca,0,1
0.75891393,7,rgb_pca,0,1
0.7595429,7,rgb_pca,0,1
0.74799997,7,rgb_pca,0,1
0.7436344,7,rgb_pca,0,1
0.7182372,7,rgb_pca,0,1
0.7119713,7,rgb_pca,0,1
0.7142456,7,rgb_pca,0,1
0.713527,7,rgb_pca,0,1
0.7485306,7,rgb_pca,0,1
0.7662028,7,rgb_pca,0,1
0.79187065,7,rgb_pca,0,1
0.79024804,7,rgb_pca,0,1
0.7759653,7,rgb_pca,0,1
0.73628986,7,rgb_pca,0,1
0.7373123,7,rgb_pca,0,1
0.7610253,7,rgb_pca,0,1
0.76901674,7,rgb_pca,0,1
0.74979174,7,rgb_pca,0,1
0.70069444,7,rgb_pca,0,1
0.69802123,7,rgb_pca,0,1
0.6896144,7,rgb_pca,0,1
0.7202584,7,rgb_pca,0,1
0.7331695,7,rgb_pca,0,1
0.77937764,7,rgb_pca,0,1
0.75164664,7,rgb_pca,0,1
0.7495055,7,rgb_pca,0,1
0.7305112,7,rgb_pca,0,1
0.73519534,7,rgb_pca,0,1
0.6989888,7,rgb_pca,0,1
0.716019,7,rgb_pca,0,1
0.7028096,7,rgb_pca,0,1
0.6832083,7,rgb_pca,0,1
0.6754426,7,rgb_pca,0,1
0.6595976,7,rgb_pca,0,1
0.68288887,7,rgb_pca,0,1
0.7047921,7,rgb_pca,0,1
0.70541525,7,rgb_pca,0,1
0.6748279,7,rgb_pca,0,1
0.6537266,7,rgb_pca,0,1
0.6158671,7,rgb_pca,0,1
0.63058066,7,rgb_pca,0,1
0.67228496,7,rgb_pca,0,1
0.7589173,7,rgb_pca,0,1
0.7643996,7,rgb_pca,0,1
0.7425085,7,rgb_pca,0,1
0.72624296,7,rgb_pca,0,1
0.7285708,7,rgb_pca,0,1
0.7137585,7,rgb_pca,0,1
0.73002744,7,rgb_pca,0,1
0.73898494,7,rgb_pca,0,1
0.718065,7,rgb_pca,0,1
0.70523566,7,rgb_pca,0,1
0.72017676,7,rgb_pca,0,1
0.7091788,7,rgb_pca,0,1
0.7318491,7,rgb_pca,0,1
0.75976443,7,rgb_pca,0,1
0.71463907,7,rgb_pca,0,1
0.71096027,7,rgb_pca,0,1
0.74617064,7,rgb_pca,0,1
0.7196503,7,rgb_pca,0,1
0.73075026,7,rgb_pca,0,1
0.7394489,7,rgb_pca,0,1
0.7655988,7,rgb_pca,0,1
0.774261,7,rgb_pca,0,1
0.7343228,7,rgb_pca,0,1
0.7335614,7,rgb_pca,0,1
0.74844193,7,rgb_pca,0,1
0.7466983,7,rgb_pca,0,1
0.75379825,7,rgb_pca,0,1
0.735329,7,rgb_pca,0,1
0.7329296,7,rgb_pca,0,1
0.7085648,7,rgb_pca,0,1
0.66252995,7,rgb_pca,0,1
0.6948122,7,rgb_pca,0,1
0.69440264,7,rgb_pca,0,1
0.6726968,7,rgb_pca,0,1
0.6599473,7,rgb_pca,0,1
0.6706108,7,rgb_pca,0,1
0.65576875,7,rgb_pca,0,1
0.59528357,7,rgb_pca,0,1
0.6253731,7,rgb_pca,0,1
0.7320258,7,rgb_pca,0,1
0.71277297,7,rgb_pca,0,1
0.7268349,7,rgb_pca,0,1
0.715855,7,rgb_pca,0,1
0.70370877,7,rgb_pca,0,1
0.6707287,7,rgb_pca,0,1
0.68258965,7,rgb_pca,0,1
0.65509903,7,rgb_pca,0,1
0.6790515,7,rgb_pca,0,1
0.66813576,7,rgb_pca,0,1
0.6923009,7,rgb_pca,0,1
0.7011498,7,rgb_pca,0,1
0.6908916,7,rgb_pca,0,1
0.6805196,7,rgb_pca,0,1
0.697097,7,rgb_pca,0,1
0.6937938,7,rgb_pca,0,1
0.71831685,7,rgb_pca,0,1
0.7006971,7,rgb_pca,0,1
0.6882735,7,rgb_pca,0,1
0.69871235,7,rgb_pca,0,1
0.7533259,8,rgb_pca,0,1
0.7467555,8,rgb_pca,0,1
0.74531794,8,rgb_pca,0,1
0.7195737,8,rgb_pca,0,1
0.72875834,8,rgb_pca,0,1
0.7202133,8,rgb_pca,0,1
0.6371491,8,rgb_pca,0,1
0.618778,8,rgb_pca,0,1
0.6635603,8,rgb_pca,0,1
0.70424294,8,rgb_pca,0,1
0.6341715,8,rgb_pca,0,1
0.65290093,8,rgb_pca,0,1
0.6117303,8,rgb_pca,0,1
0.59841,8,rgb_pca,0,1
0.5920975,8,rgb_pca,0,1
0.65020937,8,rgb_pca,0,1
0.63617635,8,rgb_pca,0,1
0.5947118,8,rgb_pca,0,1
0.62510264,8,rgb_pca,0,1
0.5995623,8,rgb_pca,0,1
0.6406192,8,rgb_pca,0,1
0.66846484,8,rgb_pca,0,1
0.6743758,8,rgb_pca,0,1
0.66040695,8,rgb_pca,0,1
0.6700148,8,rgb_pca,0,1
0.6980765,8,rgb_pca,0,1
0.5849078,8,rgb_pca,0,1
0.59393275,8,rgb_pca,0,1
0.64182514,8,rgb_pca,0,1
0.62943506,8,rgb_pca,0,1
0.6526913,8,rgb_pca,0,1
0.61821234,8,rgb_pca,0,1
0.622329,8,rgb_pca,0,1
0.6784793,8,rgb_pca,0,1
0.6839655,8,rgb_pca,0,1
0.6975854,8,rgb_pca,0,1
0.59239185,8,rgb_pca,0,1
0.61857605,8,rgb_pca,0,1
0.6636911,8,rgb_pca,0,1
0.6586957,8,rgb_pca,0,1
0.7310829,8,rgb_pca,0,1
0.6986561,8,rgb_pca,0,1
0.68468785,8,rgb_pca,0,1
0.6601248,8,rgb_pca,0,1
0.65201014,8,rgb_pca,0,1
0.6983321,8,rgb_pca,0,1
0.7133938,8,rgb_pca,0,1
0.6200617,8,rgb_pca,0,1
0.7013662,8,rgb_pca,0,1
0.71176815,8,rgb_pca,0,1
0.69473344,8,rgb_pca,0,1
0.7252223,8,rgb_pca,0,1
0.7237009,8,rgb_pca,0,1
0.69132334,8,rgb_pca,0,1
0.6910138,8,rgb_pca,0,1
0.69263613,8,rgb_pca,0,1
0.69223166,8,rgb_pca,0,1
0.6845084,8,rgb_pca,0,1
0.6694803,8,rgb_pca,0,1
0.72435725,8,rgb_pca,0,1
0.7288023,8,rgb_pca,0,1
0.7213076,8,rgb_pca,0,1
0.7134725,8,rgb_pca,0,1
0.6945721,8,rgb_pca,0,1
0.66644275,8,rgb_pca,0,1
0.628546,8,rgb_pca,0,1
0.6932031,8,rgb_pca,0,1
0.7162352,8,rgb_pca,0,1
0.7516775,8,rgb_pca,0,1
0.73465323,8,rgb_pca,0,1
0.704808,8,rgb_pca,0,1
0.67294216,8,rgb_pca,0,1
0.60708183,8,rgb_pca,0,1
0.5416844,8,rgb_pca,0,1
0.5713126,8,rgb_pca,0,1
0.6278433,8,rgb_pca,0,1
0.71776867,8,rgb_pca,0,1
0.702001,8,rgb_pca,0,1
0.6202388,8,rgb_pca,0,1
0.5956814,8,rgb_pca,0,1
0.64015234,8,rgb_pca,0,1
0.6917429,8,rgb_pca,0,1
0.6961712,8,rgb_pca,0,1
0.65925604,8,rgb_pca,0,1
0.5506352,8,rgb_pca,0,1
0.46903405,8,rgb_pca,0,1
0.5245781,8,rgb_pca,0,1
0.58349705,8,rgb_pca,0,1
0.5994433,8,rgb_pca,0,1
0.65269625,8,rgb_pca,0,1
0.6866479,8,rgb_pca,0,1
0.73554116,8,rgb_pca,0,1
0.7592943,8,rgb_pca,0,1
0.72122574,8,rgb_pca,0,1
0.56510437,8,rgb_pca,0,1
0.5057792,8,rgb_pca,0,1
0.5554891,8,rgb_pca,0,1
0.56766444,8,rgb_pca,0,1
0.62887657,8,rgb_pca,0,1
0.6899165,8,rgb_pca,0,1
0.70382166,8,rgb_pca,0,1
0.7190087,8,rgb_pca,0,1
0.6832552,8,rgb_pca,0,1
0.65000904,8,rgb_pca,0,1
0.66637063,8,rgb_pca,0,1
0.6393653,8,rgb_pca,0,1
0.5901955,8,rgb_pca,0,1
0.64882654,8,rgb_pca,0,1
0.6666825,8,rgb_pca,0,1
0.6882084,8,rgb_pca,0,1
0.69093025,8,rgb_pca,0,1
0.69598293,8,rgb_pca,0,1
0.70130944,8,rgb_pca,0,1
0.6489988,8,rgb_pca,0,1
0.7149762,8,rgb_pca,0,1
0.67502403,8,rgb_pca,0,1
0.6289868,8,rgb_pca,0,1
0.6953819,8,rgb_pca,0,1
0.67233074,8,rgb_pca,0,1
0.647532,8,rgb_pca,0,1
0.6587217,8,rgb_pca,0,1
0.6873339,8,rgb_pca,0,1
0.6969316,8,rgb_pca,0,1
0.6687717,8,rgb_pca,0,1
0.7342677,8,rgb_pca,0,1
0.6974581,8,rgb_pca,0,1
0.6694143,8,rgb_pca,0,1
0.7139336,8,rgb_pca,0,1
0.6535555,8,rgb_pca,0,1
0.6312951,8,rgb_pca,0,1
0.7281448,8,rgb_pca,0,1
0.6822598,8,rgb_pca,0,1
0.62070346,8,rgb_pca,0,1
0.6598424,8,rgb_pca,0,1
0.629381,8,rgb_pca,0,1
0.64513165,8,rgb_pca,0,1
0.81646633,7,rgb_pca,0,1
0.80162877,7,rgb_pca,0,1
0.78888005,7,rgb_pca,0,1
0.78162426,7,rgb_pca,0,1
0.80217004,7,rgb_pca,0,1
0.7868346,7,rgb_pca,0,1
0.7893948,7,rgb_pca,0,1
0.78720963,7,rgb_pca,0,1
0.8166846,7,rgb_pca,0,1
0.8266462,7,rgb_pca,0,1
0.8138958,7,rgb_pca,0,1
0.79489625,7,rgb_pca,0,1
0.7589604,7,rgb_pca,0,1
0.74972695,7,rgb_pca,0,1
0.752265,7,rgb_pca,0,1
0.77232635,7,rgb_pca,0,1
0.79077995,7,rgb_pca,0,1
0.74433184,7,rgb_pca,0,1
0.76627123,7,rgb_pca,0,1
0.7739955,7,rgb_pca,0,1
0.7513399,7,rgb_pca,0,1
0.7598124,7,rgb_pca,0,1
0.77231324,7,rgb_pca,0,1
0.8042508,7,rgb_pca,0,1
0.7896143,7,rgb_pca,0,1
0.8010305,7,rgb_pca,0,1
0.71217006,7,rgb_pca,0,1
0.7115464,7,rgb_pca,0,1
0.75063276,7,rgb_pca,0,1
0.7705554,7,rgb_pca,0,1
0.76904607,7,rgb_pca,0,1
0.76202744,7,rgb_pca,0,1
0.7691469,7,rgb_pca,0,1
0.72932,7,rgb_pca,0,1
0.7283896,7,rgb_pca,0,1
0.7476299,7,rgb_pca,0,1
0.7578229,7,rgb_pca,0,1
0.7421212,7,rgb_pca,0,1
0.75976586,7,rgb_pca,0,1
0.7309727,7,rgb_pca,0,1
0.7315317,7,rgb_pca,0,1
0.74223614,7,rgb_pca,0,1
0.7567478,7,rgb_pca,0,1
0.7309613,7,rgb_pca,0,1
0.7642304,7,rgb_pca,0,1
0.74070656,7,rgb_pca,0,1
0.7411474,7,rgb_pca,0,1
0.75195265,7,rgb_pca,0,1
0.7296978,7,rgb_pca,0,1
0.7635092,7,rgb_pca,0,1
0.73828214,7,rgb_pca,0,1
0.7504259,7,rgb_pca,0,1
0.7419381,7,rgb_pca,0,1
0.7409655,7,rgb_pca,0,1
0.7432282,7,rgb_pca,0,1
0.7654658,7,rgb_pca,0,1
0.7281523,7,rgb_pca,0,1
0.75539136,7,rgb_pca,0,1
0.74895036,7,rgb_pca,0,1
0.7385284,7,rgb_pca,0,1
0.77065444,7,rgb_pca,0,1
0.79019445,7,rgb_pca,0,1
0.7952689,7,rgb_pca,0,1
0.68514097,7,rgb_pca,0,1
0.70375276,7,rgb_pca,0,1
0.7031343,7,rgb_pca,0,1
0.663664,7,rgb_pca,0,1
0.6815063,7,rgb_pca,0,1
0.67414606,7,rgb_pca,0,1
0.7171937,7,rgb_pca,0,1
0.7093352,7,rgb_pca,0,1
0.6986239,7,rgb_pca,0,1
0.6875316,7,rgb_pca,0,1
0.7355444,7,rgb_pca,0,1
0.7056508,7,rgb_pca,0,1
0.7125828,7,rgb_pca,0,1
0.7203245,7,rgb_pca,0,1
0.71134907,7,rgb_pca,0,1
0.6687967,7,rgb_pca,0,1
0.6603105,7,rgb_pca,0,1
0.7913095,7,rgb_pca,0,1
0.7531524,7,rgb_pca,0,1
0.78499013,7,rgb_pca,0,1
0.77929235,7,rgb_pca,0,1
0.77379537,7,rgb_pca,0,1
0.7496145,7,rgb_pca,0,1
0.7416388,7,rgb_pca,0,1
0.7759157,7,rgb_pca,0,1
0.75909305,7,rgb_pca,0,1
0.7831175,7,rgb_pca,0,1
0.7823665,7,rgb_pca,0,1
0.7620088,7,rgb_pca,0,1
0.7695941,7,rgb_pca,0,1
0.77415943,7,rgb_pca,0,1
0.72877634,7,rgb_pca,0,1
0.74957526,7,rgb_pca,0,1
0.7936847,7,rgb_pca,0,1
0.7766352,7,rgb_pca,0,1
0.7846673,7,rgb_pca,0,1
0.7723764,7,rgb_pca,0,1
0.7429974,7,rgb_pca,0,1
0.77618515,7,rgb_pca,0,1
0.7857834,7,rgb_pca,0,1
0.79077095,7,rgb_pca,0,1
0.7681107,7,rgb_pca,0,1
0.7738458,7,rgb_pca,0,1
0.7632258,7,rgb_pca,0,1
0.7939984,7,rgb_pca,0,1
0.7862558,7,rgb_pca,0,1
0.7472854,7,rgb_pca,0,1
0.74909014,7,rgb_pca,0,1
0.7747972,7,rgb_pca,0,1
0.7720995,7,rgb_pca,0,1
0.7475313,7,rgb_pca,0,1
0.7406545,7,rgb_pca,0,1
0.74364865,7,rgb_pca,0,1
0.7420265,7,rgb_pca,0,1
0.7330971,7,rgb_pca,0,1
0.7330066,7,rgb_pca,0,1
0.748297,7,rgb_pca,0,1
0.6925248,7,rgb_pca,0,1
0.7606553,7,rgb_pca,0,1
0.661162,8,rgb_pca,0,1
0.70749724,8,rgb_pca,0,1
0.6984826,8,rgb_pca,0,1
0.70682424,8,rgb_pca,0,1
0.6982055,8,rgb_pca,0,1
0.70852464,8,rgb_pca,0,1
0.65191954,8,rgb_pca,0,1
0.6778288,8,rgb_pca,0,1
0.6414024,8,rgb_pca,0,1
0.66028047,8,rgb_pca,0,1
0.6645658,8,rgb_pca,0,1
0.6855031,8,rgb_pca,0,1
0.7055919,8,rgb_pca,0,1
0.7183095,8,rgb_pca,0,1
0.6917867,8,rgb_pca,0,1
0.7038708,8,rgb_pca,0,1
0.6472137,8,rgb_pca,0,1
0.6241692,8,rgb_pca,0,1
0.61466813,8,rgb_pca,0,1
0.6242944,8,rgb_pca,0,1
0.6604104,8,rgb_pca,0,1
0.7228862,8,rgb_pca,0,1
0.72011566,8,rgb_pca,0,1
0.7398456,8,rgb_pca,0,1
0.732013,8,rgb_pca,0,1
0.7218281,8,rgb_pca,0,1
0.56260633,8,rgb_pca,0,1
0.62368107,8,rgb_pca,0,1
0.6467855,8,rgb_pca,0,1
0.6902801,8,rgb_pca,0,1
0.708272,8,rgb_pca,0,1
0.7308403,8,rgb_pca,0,1
0.74666417,8,rgb_pca,0,1
0.7309396,8,rgb_pca,0,1
0.70182484,8,rgb_pca,0,1
0.6856787,8,rgb_pca,0,1
0.6204897,8,rgb_pca,0,1
0.58770716,8,rgb_pca,0,1
0.6079905,8,rgb_pca,0,1
0.6586656,8,rgb_pca,0,1
0.6807648,8,rgb_pca,0,1
0.7187554,8,rgb_pca,0,1
0.7383102,8,rgb_pca,0,1
0.76834863,8,rgb_pca,0,1
0.7600504,8,rgb_pca,0,1
0.7482628,8,rgb_pca,0,1
0.737621,8,rgb_pca,0,1
0.63110393,8,rgb_pca,0,1
0.6645838,8,rgb_pca,0,1
0.6570653,8,rgb_pca,0,1
0.6643454,8,rgb_pca,0,1
0.7150388,8,rgb_pca,0,1
0.71163136,8,rgb_pca,0,1
0.76346767,8,rgb_pca,0,1
0.7967509,8,rgb_pca,0,1
0.7659645,8,rgb_pca,0,1
0.71814024,8,rgb_pca,0,1
0.67837036,8,rgb_pca,0,1
0.58591086,8,rgb_pca,0,1
0.6660588,8,rgb_pca,0,1
0.68387514,8,rgb_pca,0,1
0.7002821,8,rgb_pca,0,1
0.7222537,8,rgb_pca,0,1
0.7169539,8,rgb_pca,0,1
0.7345701,8,rgb_pca,0,1
0.6002358,8,rgb_pca,0,1
0.6758306,8,rgb_pca,0,1
0.6893876,8,rgb_pca,0,1
0.6730515,8,rgb_pca,0,1
0.6693151,8,rgb_pca,0,1
0.71589893,8,rgb_pca,0,1
0.7037678,8,rgb_pca,0,1
0.8005163,2,rgb_pca,0,1
0.78972346,2,rgb_pca,0,1
0.7974832,2,rgb_pca,0,1
0.8100823,2,rgb_pca,0,1
0.7686339,2,rgb_pca,0,1
0.73322797,2,rgb_pca,0,1
0.76739734,2,rgb_pca,0,1
0.7328614,2,rgb_pca,0,1
0.7446687,2,rgb_pca,0,1
0.80062145,2,rgb_pca,0,1
0.71725196,2,rgb_pca,0,1
0.6565443,2,rgb_pca,0,1
0.66607594,2,rgb_pca,0,1
0.7000302,2,rgb_pca,0,1
0.6804479,2,rgb_pca,0,1
0.708073,2,rgb_pca,0,1
0.7274532,2,rgb_pca,0,1
0.72924685,2,rgb_pca,0,1
0.72857606,2,rgb_pca,0,1
0.72533536,2,rgb_pca,0,1
0.64775074,2,rgb_pca,0,1
0.62286156,2,rgb_pca,0,1
0.6988478,2,rgb_pca,0,1
0.731277,2,rgb_pca,0,1
0.73425674,2,rgb_pca,0,1
0.7599163,2,rgb_pca,0,1
0.78900427,2,rgb_pca,0,1
0.79780054,2,rgb_pca,0,1
0.80061877,2,rgb_pca,0,1
0.80524397,2,rgb_pca,0,1
0.7920451,2,rgb_pca,0,1
0.6918941,2,rgb_pca,0,1
0.67083883,2,rgb_pca,0,1
0.7562735,2,rgb_pca,0,1
0.77672416,2,rgb_pca,0,1
0.78025454,2,rgb_pca,0,1
0.780666,2,rgb_pca,0,1
0.7004021,8,rgb_pca,0,1
0.7039143,8,rgb_pca,0,1
0.6743593,8,rgb_pca,0,1
0.70158446,8,rgb_pca,0,1
0.67842793,8,rgb_pca,0,1
0.64299595,8,rgb_pca,0,1
0.67406094,8,rgb_pca,0,1
0.6919283,8,rgb_pca,0,1
0.70563257,8,rgb_pca,0,1
0.7342522,8,rgb_pca,0,1
0.681452,8,rgb_pca,0,1
0.6748818,8,rgb_pca,0,1
0.6854389,8,rgb_pca,0,1
0.6801039,8,rgb_pca,0,1
0.699101,8,rgb_pca,0,1
0.66374254,8,rgb_pca,0,1
0.69748175,8,rgb_pca,0,1
0.70443213,8,rgb_pca,0,1
0.7168424,8,rgb_pca,0,1
0.74014795,8,rgb_pca,0,1
0.77837706,8,rgb_pca,0,1
0.7374308,8,rgb_pca,0,1
0.5857979,8,rgb_pca,0,1
0.574101,8,rgb_pca,0,1
0.61789596,8,rgb_pca,0,1
0.6116874,8,rgb_pca,0,1
0.70111036,8,rgb_pca,0,1
0.7217603,8,rgb_pca,0,1
0.7143403,8,rgb_pca,0,1
0.72332776,8,rgb_pca,0,1
0.7316824,8,rgb_pca,0,1
0.7277508,8,rgb_pca,0,1
0.68980336,8,rgb_pca,0,1
0.6734731,8,rgb_pca,0,1
0.6713986,8,rgb_pca,0,1
0.6955431,8,rgb_pca,0,1
0.70018625,8,rgb_pca,0,1
0.75219035,8,rgb_pca,0,1
0.7754204,8,rgb_pca,0,1
0.7563301,8,rgb_pca,0,1
0.7383056,8,rgb_pca,0,1
0.7211989,8,rgb_pca,0,1
0.73919487,8,rgb_pca,0,1
0.7211758,8,rgb_pca,0,1
0.67425954,8,rgb_pca,0,1
0.7148708,8,rgb_pca,0,1
0.70220125,8,rgb_pca,0,1
0.7220582,8,rgb_pca,0,1
0.7308388,8,rgb_pca,0,1
0.7042428,8,rgb_pca,0,1
0.6990839,8,rgb_pca,0,1
0.691922,8,rgb_pca,0,1
0.7582263,8,rgb_pca,0,1
0.7354415,8,rgb_pca,0,1
0.6801399,8,rgb_pca,0,1
0.6998908,8,rgb_pca,0,1
0.66276354,8,rgb_pca,0,1
0.6511092,8,rgb_pca,0,1
0.76538724,8,rgb_pca,0,1
0.7258351,8,rgb_pca,0,1
0.67346364,8,rgb_pca,0,1
0.6896622,8,rgb_pca,0,1
0.6788236,8,rgb_pca,0,1
0.65239406,8,rgb_pca,0,1
0.7175437,2,rgb_pca,0,1
0.7049382,2,rgb_pca,0,1
0.7420866,2,rgb_pca,0,1
0.77165854,2,rgb_pca,0,1
0.6942253,2,rgb_pca,0,1
0.6890355,2,rgb_pca,0,1
0.6784054,2,rgb_pca,0,1
0.6906848,2,rgb_pca,0,1
0.72812164,2,rgb_pca,0,1
0.7412008,2,rgb_pca,0,1
0.70794374,2,rgb_pca,0,1
0.65085685,2,rgb_pca,0,1
0.698208,2,rgb_pca,0,1
0.7044575,2,rgb_pca,0,1
0.7142296,2,rgb_pca,0,1
0.74575126,2,rgb_pca,0,1
0.74285245,2,rgb_pca,0,1
0.7239999,2,rgb_pca,0,1
0.7416548,2,rgb_pca,0,1
0.74497586,2,rgb_pca,0,1
0.7425991,2,rgb_pca,0,1
0.7560709,2,rgb_pca,0,1
0.75845695,2,rgb_pca,0,1
0.7632571,2,rgb_pca,0,1
0.7833035,2,rgb_pca,0,1
0.7847339,2,rgb_pca,0,1
0.7829312,2,rgb_pca,0,1
0.78578794,2,rgb_pca,0,1
0.79346573,2,rgb_pca,0,1
0.7977883,2,rgb_pca,0,1
0.80805737,2,rgb_pca,0,1
0.8199322,2,rgb_pca,0,1
0.81122696,2,rgb_pca,0,1
0.8014911,2,rgb_pca,0,1
0.7921865,2,rgb_pca,0,1
0.8000697,2,rgb_pca,0,1
0.8157834,2,rgb_pca,0,1
0.7981558,7,rgb_pca,0,1
0.80388856,7,rgb_pca,0,1
0.8162737,7,rgb_pca,0,1
0.8114809,7,rgb_pca,0,1
0.81024754,7,rgb_pca,0,1
0.8082581,7,rgb_pca,0,1
0.7737742,7,rgb_pca,0,1
0.7924323,7,rgb_pca,0,1
0.8118322,7,rgb_pca,0,1
0.776827,7,rgb_pca,0,1
0.78209686,7,rgb_pca,0,1
0.78914285,7,rgb_pca,0,1
0.7826836,7,rgb_pca,0,1
0.7811063,7,rgb_pca,0,1
0.7994319,7,rgb_pca,0,1
0.7663154,7,rgb_pca,0,1
0.7938961,7,rgb_pca,0,1
0.79988635,7,rgb_pca,0,1
0.7682638,7,rgb_pca,0,1
0.75966036,7,rgb_pca,0,1
0.74532086,7,rgb_pca,0,1
0.723406,7,rgb_pca,0,1
0.7227123,7,rgb_pca,0,1
0.73354214,7,rgb_pca,0,1
0.7237516,7,rgb_pca,0,1
0.7507512,7,rgb_pca,0,1
0.7588453,7,rgb_pca,0,1
0.76784766,7,rgb_pca,0,1
0.7088698,7,rgb_pca,0,1
0.7272099,7,rgb_pca,0,1
0.74508864,7,rgb_pca,0,1
0.7584958,7,rgb_pca,0,1
0.7676797,7,rgb_pca,0,1
0.7038076,7,rgb_pca,0,1
0.7247398,7,rgb_pca,0,1
0.7243545,7,rgb_pca,0,1
0.7338274,7,rgb_pca,0,1
0.7132182,7,rgb_pca,0,1
0.7245578,7,rgb_pca,0,1
0.71656364,7,rgb_pca,0,1
0.72160095,7,rgb_pca,0,1
0.748004,7,rgb_pca,0,1
0.71410006,7,rgb_pca,0,1
0.73832226,7,rgb_pca,0,1
0.7633972,2,rgb_pca,0,1
0.72652805,2,rgb_pca,0,1
0.7765896,2,rgb_pca,0,1
0.7896267,2,rgb_pca,0,1
0.7892566,2,rgb_pca,0,1
0.7741318,2,rgb_pca,0,1
0.7771233,2,rgb_pca,0,1
0.77779627,2,rgb_pca,0,1
0.8095669,2,rgb_pca,0,1
0.7847587,2,rgb_pca,0,1
0.7662963,2,rgb_pca,0,1
0.7935779,2,rgb_pca,0,1
0.771773,2,rgb_pca,0,1
0.79980135,2,rgb_pca,0,1
0.785776,2,rgb_pca,0,1
0.73841023,2,rgb_pca,0,1
0.74545527,2,rgb_pca,0,1
0.75095665,2,rgb_pca,0,1
0.73311573,2,rgb_pca,0,1
0.72919434,2,rgb_pca,0,1
0.76048297,2,rgb_pca,0,1
0.77452296,2,rgb_pca,0,1
0.8238067,2,rgb_pca,0,1
0.79271924,2,rgb_pca,0,1
0.7709466,2,rgb_pca,0,1
0.78310186,2,rgb_pca,0,1
0.6829012,2,rgb_pca,0,1
0.6699328,2,rgb_pca,0,1
0.6753244,2,rgb_pca,0,1
0.6963532,2,rgb_pca,0,1
0.69933677,2,rgb_pca,0,1
0.7360755,2,rgb_pca,0,1
0.74242747,2,rgb_pca,0,1
0.7780885,2,rgb_pca,0,1
0.7736647,2,rgb_pca,0,1
0.7807169,2,rgb_pca,0,1
0.7686045,2,rgb_pca,0,1
0.70655787,2,rgb_pca,0,1
0.72262704,2,rgb_pca,0,1
0.7587112,2,rgb_pca,0,1
0.7685382,2,rgb_pca,0,1
0.7724648,2,rgb_pca,0,1
0.7595241,2,rgb_pca,0,1
0.7731343,2,rgb_pca,0,1
0.7959245,2,rgb_pca,0,1
0.8059639,2,rgb_pca,0,1
0.79274356,2,rgb_pca,0,1
0.7895304,2,rgb_pca,0,1
0.79004765,2,rgb_pca,0,1
0.7984847,2,rgb_pca,0,1
0.7885529,2,rgb_pca,0,1
0.81677157,2,rgb_pca,0,1
0.7891766,2,rgb_pca,0,1
0.8025329,2,rgb_pca,0,1
0.7828794,2,rgb_pca,0,1
0.77315784,2,rgb_pca,0,1
0.76981556,2,rgb_pca,0,1
0.76251507,2,rgb_pca,0,1
0.7567013,2,rgb_pca,0,1
0.71149313,2,rgb_pca,0,1
0.72441113,2,rgb_pca,0,1
0.7388215,2,rgb_pca,0,1
0.7574624,2,rgb_pca,0,1
0.7803387,2,rgb_pca,0,1
0.7562076,2,rgb_pca,0,1
0.77998424,2,rgb_pca,0,1
0.7650161,2,rgb_pca,0,1
0.7850904,2,rgb_pca,0,1
0.7579894,2,rgb_pca,0,1
0.74139094,2,rgb_pca,0,1
0.7760267,2,rgb_pca,0,1
0.758517,2,rgb_pca,0,1
0.7760828,2,rgb_pca,0,1
0.7730378,2,rgb_pca,0,1
0.70663786,2,rgb_pca,0,1
0.7247221,2,rgb_pca,0,1
0.7669087,2,rgb_pca,0,1
0.7751551,2,rgb_pca,0,1
0.7640735,2,rgb_pca,0,1
0.7627183,2,rgb_pca,0,1
0.74601436,2,rgb_pca,0,1
0.7850895,2,rgb_pca,0,1
0.75957954,2,rgb_pca,0,1
0.7074071,2,rgb_pca,0,1
0.7262217,2,rgb_pca,0,1
0.6178682,2,rgb_pca,0,1
0.6636722,2,rgb_pca,0,1
0.6773231,2,rgb_pca,0,1
0.65002096,2,rgb_pca,0,1
0.6099747,2,rgb_pca,0,1
0.62555665,2,rgb_pca,0,1
0.6585151,2,rgb_pca,0,1
0.70976406,2,rgb_pca,0,1
0.7048149,2,rgb_pca,0,1
0.6489824,2,rgb_pca,0,1
0.6950783,2,rgb_pca,0,1
0.604769,2,rgb_pca,0,1
0.60483885,2,rgb_pca,0,1
0.6036524,2,rgb_pca,0,1
0.60520184,2,rgb_pca,0,1
0.608726,2,rgb_pca,0,1
0.62523615,2,rgb_pca,0,1
0.7100116,2,rgb_pca,0,1
0.7137219,2,rgb_pca,0,1
0.6705382,2,rgb_pca,0,1
0.6873188,2,rgb_pca,0,1
0.6793136,2,rgb_pca,0,1
0.63158035,2,rgb_pca,0,1
0.6183505,2,rgb_pca,0,1
0.67339957,2,rgb_pca,0,1
0.6082736,2,rgb_pca,0,1
0.71909,2,rgb_pca,0,1
0.6817551,2,rgb_pca,0,1
0.6793821,2,rgb_pca,0,1
0.6799927,2,rgb_pca,0,1
0.6971652,2,rgb_pca,0,1
0.68997246,2,rgb_pca,0,1
0.6643917,2,rgb_pca,0,1
0.75953996,2,rgb_pca,0,1
0.7900128,2,rgb_pca,0,1
0.7840663,2,rgb_pca,0,1
0.7587054,2,rgb_pca,0,1
0.7187729,2,rgb_pca,0,1
0.7190784,2,rgb_pca,0,1
0.75307626,2,rgb_pca,0,1
0.777439,2,rgb_pca,0,1
0.7922965,2,rgb_pca,0,1
0.77969706,2,rgb_pca,0,1
0.7617078,2,rgb_pca,0,1
0.7229762,2,rgb_pca,0,1
0.66969824,2,rgb_pca,0,1
0.712978,2,rgb_pca,0,1
0.6712682,2,rgb_pca,0,1
0.7174884,2,rgb_pca,0,1
0.6725793,2,rgb_pca,0,1
0.67766184,2,rgb_pca,0,1
0.7219033,2,rgb_pca,0,1
0.6969239,2,rgb_pca,0,1
0.7062107,2,rgb_pca,0,1
0.76554835,2,rgb_pca,0,1
0.76830536,2,rgb_pca,0,1
0.7840535,2,rgb_pca,0,1
0.7834165,2,rgb_pca,0,1
0.7884702,2,rgb_pca,0,1
0.768682,2,rgb_pca,0,1
0.76971436,2,rgb_pca,0,1
0.7877101,2,rgb_pca,0,1
0.7920208,2,rgb_pca,0,1
0.7622051,2,rgb_pca,0,1
0.7586763,2,rgb_pca,0,1
0.7529588,2,rgb_pca,0,1
0.7518292,2,rgb_pca,0,1
0.7387838,2,rgb_pca,0,1
0.7282667,2,rgb_pca,0,1
0.7607261,2,rgb_pca,0,1
0.7502197,2,rgb_pca,0,1
0.76727414,2,rgb_pca,0,1
0.7595272,2,rgb_pca,0,1
0.78407145,2,rgb_pca,0,1
0.7676561,2,rgb_pca,0,1
0.7485959,2,rgb_pca,0,1
0.7510329,2,rgb_pca,0,1
0.49942732,8,rgb_pca,0,1
0.42199445,8,rgb_pca,0,1
0.52756304,8,rgb_pca,0,1
0.6351788,8,rgb_pca,0,1
0.53670394,8,rgb_pca,0,1
0.61935455,8,rgb_pca,0,1
0.6499387,8,rgb_pca,0,1
0.67002684,8,rgb_pca,0,1
0.7443938,8,rgb_pca,0,1
0.50609684,8,rgb_pca,0,1
0.51954615,8,rgb_pca,0,1
0.5431379,8,rgb_pca,0,1
0.5827429,8,rgb_pca,0,1
0.6493902,8,rgb_pca,0,1
0.677488,8,rgb_pca,0,1
0.70128566,8,rgb_pca,0,1
0.7364085,8,rgb_pca,0,1
0.51150995,8,rgb_pca,0,1
0.5516224,8,rgb_pca,0,1
0.5978148,8,rgb_pca,0,1
0.63479495,8,rgb_pca,0,1
0.6843815,8,rgb_pca,0,1
0.6899596,8,rgb_pca,0,1
0.7089158,8,rgb_pca,0,1
0.7438382,8,rgb_pca,0,1
0.555194,8,rgb_pca,0,1
0.6477252,8,rgb_pca,0,1
0.70362926,8,rgb_pca,0,1
0.73923403,8,rgb_pca,0,1
0.7120244,8,rgb_pca,0,1
0.6586765,8,rgb_pca,0,1
0.6964986,8,rgb_pca,0,1
0.6078383,8,rgb_pca,0,1
0.666346,8,rgb_pca,0,1
0.72689754,8,rgb_pca,0,1
0.73002124,8,rgb_pca,0,1
0.7058846,8,rgb_pca,0,1
0.6493149,8,rgb_pca,0,1
0.7071357,8,rgb_pca,0,1
0.6581209,8,rgb_pca,0,1
0.7011745,8,rgb_pca,0,1
0.67304564,8,rgb_pca,0,1
0.67091775,8,rgb_pca,0,1
0.65413725,8,rgb_pca,0,1
0.72280335,8,rgb_pca,0,1
0.66369826,8,rgb_pca,0,1
0.6464989,8,rgb_pca,0,1
0.60518813,8,rgb_pca,0,1
0.6842932,8,rgb_pca,0,1
0.57285756,8,rgb_pca,0,1
0.47536474,8,rgb_pca,0,1
0.576981,8,rgb_pca,0,1
0.6301417,8,rgb_pca,0,1
0.541695,8,rgb_pca,0,1
0.64563996,8,rgb_pca,0,1
0.69994545,8,rgb_pca,0,1
0.69911265,8,rgb_pca,0,1
0.6587781,8,rgb_pca,0,1
0.5006385,8,rgb_pca,0,1
0.47439918,8,rgb_pca,0,1
0.56376964,8,rgb_pca,0,1
0.6219164,8,rgb_pca,0,1
0.7369394,8,rgb_pca,0,1
0.7594763,8,rgb_pca,0,1
0.7164593,8,rgb_pca,0,1
0.6815597,8,rgb_pca,0,1
0.6617612,8,rgb_pca,0,1
0.51725745,8,rgb_pca,0,1
0.5326991,8,rgb_pca,0,1
0.61544263,8,rgb_pca,0,1
0.63455623,8,rgb_pca,0,1
0.739056,8,rgb_pca,0,1
0.7614376,8,rgb_pca,0,1
0.71478045,8,rgb_pca,0,1
0.6704266,8,rgb_pca,0,1
0.61916757,8,rgb_pca,0,1
0.5991233,8,rgb_pca,0,1
0.5882835,8,rgb_pca,0,1
0.5574416,8,rgb_pca,0,1
0.631711,8,rgb_pca,0,1
0.64418995,8,rgb_pca,0,1
0.7116941,8,rgb_pca,0,1
0.71491754,8,rgb_pca,0,1
0.6985966,8,rgb_pca,0,1
0.6801147,8,rgb_pca,0,1
0.6328186,8,rgb_pca,0,1
0.5700141,8,rgb_pca,0,1
0.61831564,8,rgb_pca,0,1
0.57384455,8,rgb_pca,0,1
0.64905226,8,rgb_pca,0,1
0.64384425,8,rgb_pca,0,1
0.683216,8,rgb_pca,0,1
0.6932793,8,rgb_pca,0,1
0.68508655,8,rgb_pca,0,1
0.66214734,8,rgb_pca,0,1
0.6226513,8,rgb_pca,0,1
0.62403846,8,rgb_pca,0,1
0.6625757,8,rgb_pca,0,1
0.70270115,8,rgb_pca,0,1
0.66799295,8,rgb_pca,0,1
0.6649437,8,rgb_pca,0,1
0.6623056,8,rgb_pca,0,1
0.67008734,8,rgb_pca,0,1
0.67397034,8,rgb_pca,0,1
0.6652143,8,rgb_pca,0,1
0.69590294,8,rgb_pca,0,1
0.66623783,8,rgb_pca,0,1
0.70727706,8,rgb_pca,0,1
0.70922965,8,rgb_pca,0,1
0.67447925,8,rgb_pca,0,1
0.6970806,8,rgb_pca,0,1
0.6732416,8,rgb_pca,0,1
0.64337873,8,rgb_pca,0,1
0.64958847,8,rgb_pca,0,1
0.62634087,8,rgb_pca,0,1
0.62719,8,rgb_pca,0,1
0.6699996,8,rgb_pca,0,1
0.61991954,8,rgb_pca,0,1
0.5770854,8,rgb_pca,0,1
0.63442254,8,rgb_pca,0,1
0.61731684,8,rgb_pca,0,1
0.60070205,8,rgb_pca,0,1
0.65335447,8,rgb_pca,0,1
0.5832176,8,rgb_pca,0,1
0.6555035,8,rgb_pca,0,1
0.66012937,8,rgb_pca,0,1
0.59458596,8,rgb_pca,0,1
0.64722055,8,rgb_pca,0,1
0.66763675,8,rgb_pca,0,1
0.71616817,8,rgb_pca,0,1
0.7733785,8,rgb_pca,0,1
0.6005657,8,rgb_pca,0,1
0.5840579,8,rgb_pca,0,1
0.6206357,8,rgb_pca,0,1
0.63404644,8,rgb_pca,0,1
0.6877799,8,rgb_pca,0,1
0.7054358,8,rgb_pca,0,1
0.7288337,8,rgb_pca,0,1
0.79200494,8,rgb_pca,0,1
0.5413902,8,rgb_pca,0,1
0.575944,8,rgb_pca,0,1
0.6589986,8,rgb_pca,0,1
0.67634076,8,rgb_pca,0,1
0.69273376,8,rgb_pca,0,1
0.7063639,8,rgb_pca,0,1
0.7361367,8,rgb_pca,0,1
0.7928729,8,rgb_pca,0,1
0.5993682,8,rgb_pca,0,1
0.67509645,8,rgb_pca,0,1
0.69983935,8,rgb_pca,0,1
0.7162078,8,rgb_pca,0,1
0.71604186,8,rgb_pca,0,1
0.7157774,8,rgb_pca,0,1
0.7683718,8,rgb_pca,0,1
0.6047133,8,rgb_pca,0,1
0.6907351,8,rgb_pca,0,1
0.72634107,8,rgb_pca,0,1
0.72240114,8,rgb_pca,0,1
0.73587286,8,rgb_pca,0,1
0.7172803,8,rgb_pca,0,1
0.77115643,8,rgb_pca,0,1
0.68968487,8,rgb_pca,0,1
0.72451913,8,rgb_pca,0,1
0.7125648,8,rgb_pca,0,1
0.7189791,8,rgb_pca,0,1
0.67641747,8,rgb_pca,0,1
0.75708854,8,rgb_pca,0,1
0.7135482,8,rgb_pca,0,1
0.70672685,8,rgb_pca,0,1
0.6587292,8,rgb_pca,0,1
0.71155787,8,rgb_pca,0,1
0.7374637,8,rgb_pca,0,1
0.7437073,8,rgb_pca,0,1
0.72381234,8,rgb_pca,0,1
0.7171294,8,rgb_pca,0,1
0.7179354,8,rgb_pca,0,1
0.6804433,8,rgb_pca,0,1
0.6591565,8,rgb_pca,0,1
0.6530063,8,rgb_pca,0,1
0.5987142,8,rgb_pca,0,1
0.71486574,8,rgb_pca,0,1
0.7185289,8,rgb_pca,0,1
0.71993226,8,rgb_pca,0,1
0.7180585,8,rgb_pca,0,1
0.6922878,8,rgb_pca,0,1
0.63281,8,rgb_pca,0,1
0.6513887,8,rgb_pca,0,1
0.5714319,8,rgb_pca,0,1
0.57957244,8,rgb_pca,0,1
0.71313965,8,rgb_pca,0,1
0.69505435,8,rgb_pca,0,1
0.6984478,8,rgb_pca,0,1
0.6958216,8,rgb_pca,0,1
0.6669121,8,rgb_pca,0,1
0.62120557,8,rgb_pca,0,1
0.59575653,8,rgb_pca,0,1
0.69894946,8,rgb_pca,0,1
0.68075526,8,rgb_pca,0,1
0.6516455,8,rgb_pca,0,1
0.6661419,8,rgb_pca,0,1
0.6422851,8,rgb_pca,0,1
0.5921612,8,rgb_pca,0,1
0.5766088,8,rgb_pca,0,1
0.71656823,8,rgb_pca,0,1
0.6651107,8,rgb_pca,0,1
0.6148474,8,rgb_pca,0,1
0.72295845,8,rgb_pca,0,1
0.6690868,8,rgb_pca,0,1
0.642442,8,rgb_pca,0,1
0.7079956,8,rgb_pca,0,1
0.6546443,8,rgb_pca,0,1
0.6361915,8,rgb_pca,0,1
0.54923606,8,rgb_pca,0,1
0.54915607,8,rgb_pca,0,1
0.61117303,8,rgb_pca,0,1
0.6773459,8,rgb_pca,0,1
0.58476144,8,rgb_pca,0,1
0.6336887,8,rgb_pca,0,1
0.68667984,8,rgb_pca,0,1
0.6828148,8,rgb_pca,0,1
0.70301294,8,rgb_pca,0,1
0.5067529,8,rgb_pca,0,1
0.48020828,8,rgb_pca,0,1
0.5697079,8,rgb_pca,0,1
0.5927646,8,rgb_pca,0,1
0.6485161,8,rgb_pca,0,1
0.6812875,8,rgb_pca,0,1
0.67953837,8,rgb_pca,0,1
0.67647827,8,rgb_pca,0,1
0.6626791,8,rgb_pca,0,1
0.4834612,8,rgb_pca,0,1
0.4975607,8,rgb_pca,0,1
0.5683662,8,rgb_pca,0,1
0.6305357,8,rgb_pca,0,1
0.6843322,8,rgb_pca,0,1
0.6873913,8,rgb_pca,0,1
0.6778418,8,rgb_pca,0,1
0.67498267,8,rgb_pca,0,1
0.6467239,8,rgb_pca,0,1
0.6155933,8,rgb_pca,0,1
0.562902,8,rgb_pca,0,1
0.49227178,8,rgb_pca,0,1
0.5735433,8,rgb_pca,0,1
0.6360109,8,rgb_pca,0,1
0.69413304,8,rgb_pca,0,1
0.689162,8,rgb_pca,0,1
0.6417473,8,rgb_pca,0,1
0.5948577,8,rgb_pca,0,1
0.5698482,8,rgb_pca,0,1
0.55250835,8,rgb_pca,0,1
0.5472191,8,rgb_pca,0,1
0.51935333,8,rgb_pca,0,1
0.6002728,8,rgb_pca,0,1
0.64559084,8,rgb_pca,0,1
0.66757345,8,rgb_pca,0,1
0.6591343,8,rgb_pca,0,1
0.61816037,8,rgb_pca,0,1
0.56239045,8,rgb_pca,0,1
0.5514658,8,rgb_pca,0,1
0.5165188,8,rgb_pca,0,1
0.4650771,8,rgb_pca,0,1
0.6003205,8,rgb_pca,0,1
0.6282557,8,rgb_pca,0,1
0.6196196,8,rgb_pca,0,1
0.61795795,8,rgb_pca,0,1
0.5925287,8,rgb_pca,0,1
0.53169245,8,rgb_pca,0,1
0.5614603,8,rgb_pca,0,1
0.6479183,8,rgb_pca,0,1
0.6259166,8,rgb_pca,0,1
0.6013098,8,rgb_pca,0,1
0.5430479,8,rgb_pca,0,1
0.5445231,8,rgb_pca,0,1
0.732726,8,rgb_pca,0,1
0.74323696,8,rgb_pca,0,1
0.7419071,8,rgb_pca,0,1
0.6891819,8,rgb_pca,0,1
0.67619014,8,rgb_pca,0,1
0.7111295,8,rgb_pca,0,1
0.633108,8,rgb_pca,0,1
0.5951415,8,rgb_pca,0,1
0.5411399,8,rgb_pca,0,1
0.6963222,8,rgb_pca,0,1
0.71316755,8,rgb_pca,0,1
0.6974222,8,rgb_pca,0,1
0.6542306,8,rgb_pca,0,1
0.6532223,8,rgb_pca,0,1
0.63588035,8,rgb_pca,0,1
0.5520733,8,rgb_pca,0,1
0.5109693,8,rgb_pca,0,1
0.5622742,8,rgb_pca,0,1
0.6930566,8,rgb_pca,0,1
0.6818106,8,rgb_pca,0,1
0.6704274,8,rgb_pca,0,1
0.6434919,8,rgb_pca,0,1
0.6297949,8,rgb_pca,0,1
0.6189302,8,rgb_pca,0,1
0.58768487,8,rgb_pca,0,1
0.7141853,8,rgb_pca,0,1
0.7057528,8,rgb_pca,0,1
0.6690988,8,rgb_pca,0,1
0.6363238,8,rgb_pca,0,1
0.60843253,8,rgb_pca,0,1
0.54317284,8,rgb_pca,0,1
0.56694746,8,rgb_pca,0,1
0.68844473,8,rgb_pca,0,1
0.68401146,8,rgb_pca,0,1
0.66550875,8,rgb_pca,0,1
0.64240324,8,rgb_pca,0,1
0.6349557,8,rgb_pca,0,1
0.616902,8,rgb_pca,0,1
0.65082365,8,rgb_pca,0,1
0.6397147,8,rgb_pca,0,1
0.6281893,8,rgb_pca,0,1
0.679801,8,rgb_pca,0,1
0.69046736,8,rgb_pca,0,1
0.6569286,8,rgb_pca,0,1
0.56927466,8,rgb_pca,0,1
0.6492147,8,rgb_pca,0,1
0.6035533,8,rgb_pca,0,1
0.5761571,8,rgb_pca,0,1
0.63126636,8,rgb_pca,0,1
0.61057556,8,rgb_pca,0,1
0.6002562,8,rgb_pca,0,1
0.59724796,8,rgb_pca,0,1
0.5866318,8,rgb_pca,0,1
0.8214953,2,rgb_pca,0,1
0.854337,2,rgb_pca,0,1
0.69655263,2,rgb_pca,0,1
0.6989573,2,rgb_pca,0,1
0.69050926,2,rgb_pca,0,1
0.68079436,2,rgb_pca,0,1
0.74474734,2,rgb_pca,0,1
0.74148494,2,rgb_pca,0,1
0.74892414,2,rgb_pca,0,1
0.73987925,2,rgb_pca,0,1
0.6687806,2,rgb_pca,0,1
0.58720356,2,rgb_pca,0,1
0.5847644,2,rgb_pca,0,1
0.7199249,2,rgb_pca,0,1
0.6499269,2,rgb_pca,0,1
0.6182084,2,rgb_pca,0,1
0.6996459,8,rgb_pca,0,1
0.7122464,8,rgb_pca,0,1
0.73525506,8,rgb_pca,0,1
0.75636876,8,rgb_pca,0,1
0.7900553,8,rgb_pca,0,1
0.73001516,8,rgb_pca,0,1
0.66343695,8,rgb_pca,0,1
0.6171961,8,rgb_pca,0,1
0.571907,8,rgb_pca,0,1
0.69263005,8,rgb_pca,0,1
0.70083296,8,rgb_pca,0,1
0.7068939,8,rgb_pca,0,1
0.67572814,8,rgb_pca,0,1
0.6794725,8,rgb_pca,0,1
0.6660969,8,rgb_pca,0,1
0.64813215,8,rgb_pca,0,1
0.5961278,8,rgb_pca,0,1
0.5220372,8,rgb_pca,0,1
0.71907973,8,rgb_pca,0,1
0.6911041,8,rgb_pca,0,1
0.6742364,8,rgb_pca,0,1
0.6702306,8,rgb_pca,0,1
0.7087869,8,rgb_pca,0,1
0.64947295,8,rgb_pca,0,1
0.5981591,8,rgb_pca,0,1
0.7205361,8,rgb_pca,0,1
0.6907735,8,rgb_pca,0,1
0.67236805,8,rgb_pca,0,1
0.68650556,8,rgb_pca,0,1
0.7145291,8,rgb_pca,0,1
0.63708526,8,rgb_pca,0,1
0.613899,8,rgb_pca,0,1
0.69495535,8,rgb_pca,0,1
0.66558105,8,rgb_pca,0,1
0.6310561,8,rgb_pca,0,1
0.7070299,8,rgb_pca,0,1
0.6986524,8,rgb_pca,0,1
0.68368775,8,rgb_pca,0,1
0.67183816,8,rgb_pca,0,1
0.68374074,8,rgb_pca,0,1
0.67342496,8,rgb_pca,0,1
0.6970105,8,rgb_pca,0,1
0.69248676,8,rgb_pca,0,1
0.69572604,8,rgb_pca,0,1
0.6740563,8,rgb_pca,0,1
0.69484663,8,rgb_pca,0,1
0.64105904,8,rgb_pca,0,1
0.6588851,8,rgb_pca,0,1
0.6152913,8,rgb_pca,0,1
0.5996897,8,rgb_pca,0,1
0.6915762,8,rgb_pca,0,1
0.69619083,8,rgb_pca,0,1
0.69391346,8,rgb_pca,0,1
0.6707914,8,rgb_pca,0,1
0.6940533,8,rgb_pca,0,1
0.6463478,8,rgb_pca,0,1
0.6390118,8,rgb_pca,0,1
0.57449615,8,rgb_pca,0,1
0.5994215,8,rgb_pca,0,1
0.67412007,8,rgb_pca,0,1
0.7133467,8,rgb_pca,0,1
0.6916679,8,rgb_pca,0,1
0.6215455,8,rgb_pca,0,1
0.6408942,8,rgb_pca,0,1
0.63515097,8,rgb_pca,0,1
0.595707,8,rgb_pca,0,1
0.668741,8,rgb_pca,0,1
0.7070104,8,rgb_pca,0,1
0.71393096,8,rgb_pca,0,1
0.6288349,8,rgb_pca,0,1
0.5461792,8,rgb_pca,0,1
0.57655597,8,rgb_pca,0,1
0.58934516,8,rgb_pca,0,1
0.66630673,8,rgb_pca,0,1
0.6479106,8,rgb_pca,0,1
0.65035236,8,rgb_pca,0,1
0.6665721,8,rgb_pca,0,1
0.64700776,8,rgb_pca,0,1
0.63313425,8,rgb_pca,0,1
0.63468117,8,rgb_pca,0,1
0.5956501,8,rgb_pca,0,1
0.6066326,8,rgb_pca,0,1
0.7908398,2,rgb_pca,0,1
0.78710926,2,rgb_pca,0,1
0.7244446,2,rgb_pca,0,1
0.70695424,2,rgb_pca,0,1
0.725613,2,rgb_pca,0,1
0.6967087,2,rgb_pca,0,1
0.7087765,2,rgb_pca,0,1
0.7003555,2,rgb_pca,0,1
0.71764934,2,rgb_pca,0,1
0.6902944,2,rgb_pca,0,1
0.75966585,2,rgb_pca,0,1
0.74079996,2,rgb_pca,0,1
0.7335453,2,rgb_pca,0,1
0.71021354,2,rgb_pca,0,1
0.7730527,2,rgb_pca,0,1
0.74214447,2,rgb_pca,0,1
0.7600789,2,rgb_pca,0,1
0.73024994,2,rgb_pca,0,1
0.7399283,2,rgb_pca,0,1
0.74279845,2,rgb_pca,0,1
0.7349532,2,rgb_pca,0,1
0.72227633,2,rgb_pca,0,1
0.7258469,2,rgb_pca,0,1
0.75463104,2,rgb_pca,0,1
0.7336886,2,rgb_pca,0,1
0.7312728,2,rgb_pca,0,1
0.6314205,2,rgb_pca,0,1
0.71782595,2,rgb_pca,0,1
0.7631741,2,rgb_pca,0,1
0.7377612,2,rgb_pca,0,1
0.7805162,2,rgb_pca,0,1
0.7853245,2,rgb_pca,0,1
0.7832417,2,rgb_pca,0,1
0.7533038,2,rgb_pca,0,1
0.76344615,2,rgb_pca,0,1
0.6819776,2,rgb_pca,0,1
0.6659992,2,rgb_pca,0,1
0.7485639,2,rgb_pca,0,1
0.6815164,2,rgb_pca,0,1
0.6966225,2,rgb_pca,0,1
0.7486668,2,rgb_pca,0,1
0.7100873,2,rgb_pca,0,1
0.74053335,2,rgb_pca,0,1
0.7488769,2,rgb_pca,0,1
0.80713403,2,rgb_pca,0,1
0.7807977,2,rgb_pca,0,1
0.80734754,2,rgb_pca,0,1
0.7916712,2,rgb_pca,0,1
0.77732694,2,rgb_pca,0,1
0.81923133,2,rgb_pca,0,1
0.811194,2,rgb_pca,0,1
0.7760261,2,rgb_pca,0,1
0.7125306,2,rgb_pca,0,1
0.75623393,2,rgb_pca,0,1
0.7639653,2,rgb_pca,0,1
0.7481537,2,rgb_pca,0,1
0.73522985,2,rgb_pca,0,1
0.7564347,2,rgb_pca,0,1
0.7730605,2,rgb_pca,0,1
0.75664186,2,rgb_pca,0,1
0.76604915,2,rgb_pca,0,1
0.74489594,2,rgb_pca,0,1
0.77373254,2,rgb_pca,0,1
0.7608308,2,rgb_pca,0,1
0.75945365,2,rgb_pca,0,1
0.76812387,2,rgb_pca,0,1
0.76903665,2,rgb_pca,0,1
0.7829186,2,rgb_pca,0,1
0.7751162,2,rgb_pca,0,1
0.77204543,2,rgb_pca,0,1
0.759922,2,rgb_pca,0,1
0.7812752,2,rgb_pca,0,1
0.7593975,2,rgb_pca,0,1
0.77222645,2,rgb_pca,0,1
0.775027,2,rgb_pca,0,1
0.759655,2,rgb_pca,0,1
0.7291537,2,rgb_pca,0,1
0.7656118,2,rgb_pca,0,1
0.7590362,2,rgb_pca,0,1
0.72755516,2,rgb_pca,0,1
0.78938824,2,rgb_pca,0,1
0.76483583,2,rgb_pca,0,1
0.74359596,2,rgb_pca,0,1
0.7113788,2,rgb_pca,0,1
0.73465776,2,rgb_pca,0,1
0.69865584,2,rgb_pca,0,1
0.74073845,2,rgb_pca,0,1
0.76907134,2,rgb_pca,0,1
0.76970184,2,rgb_pca,0,1
0.7776387,2,rgb_pca,0,1
0.7750319,2,rgb_pca,0,1
0.7872681,2,rgb_pca,0,1
0.7893903,2,rgb_pca,0,1
0.79194164,2,rgb_pca,0,1
0.8082725,2,rgb_pca,0,1
0.8310556,2,rgb_pca,0,1
0.82358134,2,rgb_pca,0,1
0.8082848,2,rgb_pca,0,1
0.8114555,2,rgb_pca,0,1
0.80906564,2,rgb_pca,0,1
0.8153333,2,rgb_pca,0,1
0.76353234,2,rgb_pca,0,1
0.7570702,2,rgb_pca,0,1
0.7980053,2,rgb_pca,0,1
0.80771863,2,rgb_pca,0,1
0.7768689,2,rgb_pca,0,1
0.78256506,2,rgb_pca,0,1
0.80250055,2,rgb_pca,0,1
0.7876671,2,rgb_pca,0,1
0.7890668,2,rgb_pca,0,1
0.8249527,2,rgb_pca,0,1
0.7563255,2,rgb_pca,0,1
0.75236726,7,rgb_pca,0,1
0.7508718,7,rgb_pca,0,1
0.7842246,7,rgb_pca,0,1
0.7249489,7,rgb_pca,0,1
0.725074,7,rgb_pca,0,1
0.7559153,7,rgb_pca,0,1
0.74754333,7,rgb_pca,0,1
0.72341615,7,rgb_pca,0,1
0.7770095,7,rgb_pca,0,1
0.8147608,7,rgb_pca,0,1
0.736997,7,rgb_pca,0,1
0.7329546,7,rgb_pca,0,1
0.74255216,7,rgb_pca,0,1
0.78594494,7,rgb_pca,0,1
0.6980128,7,rgb_pca,0,1
0.7235502,7,rgb_pca,0,1
0.7157247,7,rgb_pca,0,1
0.7586087,7,rgb_pca,0,1
0.7427393,7,rgb_pca,0,1
0.7532317,7,rgb_pca,0,1
0.73764634,7,rgb_pca,0,1
0.7453661,7,rgb_pca,0,1
0.7340615,7,rgb_pca,0,1
0.75350344,7,rgb_pca,0,1
0.74771285,7,rgb_pca,0,1
0.7668711,7,rgb_pca,0,1
0.7236671,7,rgb_pca,0,1
0.76027024,7,rgb_pca,0,1
0.7276734,7,rgb_pca,0,1
0.63053584,7,rgb_pca,0,1
0.70977503,7,rgb_pca,0,1
0.733897,7,rgb_pca,0,1
0.69311666,7,rgb_pca,0,1
0.73770285,7,rgb_pca,0,1
0.7227939,7,rgb_pca,0,1
0.6628815,7,rgb_pca,0,1
0.76237833,7,rgb_pca,0,1
0.7443083,7,rgb_pca,0,1
0.72055167,7,rgb_pca,0,1
0.7062685,7,rgb_pca,0,1
0.7727054,7,rgb_pca,0,1
0.75375587,7,rgb_pca,0,1
0.72537994,7,rgb_pca,0,1
0.73158765,7,rgb_pca,0,1
0.6882814,7,rgb_pca,0,1
0.73693573,7,rgb_pca,0,1
0.7362964,7,rgb_pca,0,1
0.6982229,7,rgb_pca,0,1
0.74634695,7,rgb_pca,0,1
0.7103449,7,rgb_pca,0,1
0.7786298,7,rgb_pca,0,1
0.7076211,7,rgb_pca,0,1
0.77088237,7,rgb_pca,0,1
0.7942791,7,rgb_pca,0,1
0.7706547,7,rgb_pca,0,1
0.74945056,7,rgb_pca,0,1
0.70487386,7,rgb_pca,0,1
0.78695893,7,rgb_pca,0,1
0.80397063,7,rgb_pca,0,1
0.6940309,7,rgb_pca,0,1
0.7576505,7,rgb_pca,0,1
0.78011906,7,rgb_pca,0,1
0.778731,7,rgb_pca,0,1
0.7948382,7,rgb_pca,0,1
0.8248242,7,rgb_pca,0,1
0.8125931,7,rgb_pca,0,1
0.78466654,7,rgb_pca,0,1
0.7788007,7,rgb_pca,0,1
0.7694314,7,rgb_pca,0,1
0.8027138,7,rgb_pca,0,1
0.77776873,7,rgb_pca,0,1
0.8001957,7,rgb_pca,0,1
0.66143507,7,rgb_pca,0,1
0.6454892,7,rgb_pca,0,1
0.73656046,7,rgb_pca,0,1
0.75478566,7,rgb_pca,0,1
0.7402859,7,rgb_pca,0,1
0.7580232,7,rgb_pca,0,1
0.8176991,7,rgb_pca,0,1
0.76106006,7,rgb_pca,0,1
0.754675,7,rgb_pca,0,1
0.7741634,7,rgb_pca,0,1
0.8134599,7,rgb_pca,0,1
0.7567619,7,rgb_pca,0,1
0.7825352,7,rgb_pca,0,1
0.79463875,7,rgb_pca,0,1
0.78257334,7,rgb_pca,0,1
0.77043676,7,rgb_pca,0,1
0.80416375,7,rgb_pca,0,1
0.8221088,7,rgb_pca,0,1
0.76171386,7,rgb_pca,0,1
0.7894102,7,rgb_pca,0,1
0.8240124,7,rgb_pca,0,1
0.81697524,7,rgb_pca,0,1
0.8049408,7,rgb_pca,0,1
0.8211397,7,rgb_pca,0,1
0.80658334,7,rgb_pca,0,1
0.76043797,7,rgb_pca,0,1
0.7804948,7,rgb_pca,0,1
0.7702291,7,rgb_pca,0,1
0.67954546,7,rgb_pca,0,1
0.72048366,7,rgb_pca,0,1
0.733562,7,rgb_pca,0,1
0.7235005,7,rgb_pca,0,1
0.7233206,7,rgb_pca,0,1
0.7462815,7,rgb_pca,0,1
0.7210934,7,rgb_pca,0,1
0.71744597,7,rgb_pca,0,1
0.7585887,7,rgb_pca,0,1
0.7630539,7,rgb_pca,0,1
0.788736,7,rgb_pca,0,1
0.743485,7,rgb_pca,0,1
0.7828984,7,rgb_pca,0,1
0.75440884,7,rgb_pca,0,1
0.7609737,7,rgb_pca,0,1
0.7912085,7,rgb_pca,0,1
0.7294316,7,rgb_pca,0,1
0.7575199,7,rgb_pca,0,1
0.76332027,7,rgb_pca,0,1
0.7591188,7,rgb_pca,0,1
0.79408383,7,rgb_pca,0,1
0.72657347,7,rgb_pca,0,1
0.74568665,7,rgb_pca,0,1
0.7225226,7,rgb_pca,0,1
0.7754343,7,rgb_pca,0,1
0.7604332,7,rgb_pca,0,1
0.76412255,7,rgb_pca,0,1
0.7791623,7,rgb_pca,0,1
0.7519568,7,rgb_pca,0,1
0.79152846,7,rgb_pca,0,1
0.7828667,7,rgb_pca,0,1
0.7707294,7,rgb_pca,0,1
0.79282755,7,rgb_pca,0,1
0.76798886,7,rgb_pca,0,1
0.8049711,7,rgb_pca,0,1
0.7979429,7,rgb_pca,0,1
0.7760566,7,rgb_pca,0,1
0.7752756,7,rgb_pca,0,1
0.6903507,7,rgb_pca,0,1
0.74494433,7,rgb_pca,0,1
0.7677102,7,rgb_pca,0,1
0.74098635,7,rgb_pca,0,1
0.6642466,7,rgb_pca,0,1
0.76492953,7,rgb_pca,0,1
0.749367,6,rgb_pca,0,1
0.72923887,6,rgb_pca,0,1
0.7616478,6,rgb_pca,0,1
0.7445599,6,rgb_pca,0,1
0.7552019,6,rgb_pca,0,1
0.7417381,6,rgb_pca,0,1
0.73184824,6,rgb_pca,0,1
0.6974708,6,rgb_pca,0,1
0.7398169,6,rgb_pca,0,1
0.7305019,6,rgb_pca,0,1
0.74613476,6,rgb_pca,0,1
0.71354306,6,rgb_pca,0,1
0.685928,6,rgb_pca,0,1
0.71780396,6,rgb_pca,0,1
0.72231555,6,rgb_pca,0,1
0.72811127,6,rgb_pca,0,1
0.6964085,6,rgb_pca,0,1
0.70023304,6,rgb_pca,0,1
0.70907867,6,rgb_pca,0,1
0.6415529,6,rgb_pca,0,1
0.6644216,6,rgb_pca,0,1
0.6812037,6,rgb_pca,0,1
0.6825055,6,rgb_pca,0,1
0.6430781,6,rgb_pca,0,1
0.65383935,6,rgb_pca,0,1
0.7217654,6,rgb_pca,0,1
0.7701371,6,rgb_pca,0,1
0.6445404,6,rgb_pca,0,1
0.6010433,6,rgb_pca,0,1
0.6702436,6,rgb_pca,0,1
0.75000554,6,rgb_pca,0,1
0.7939948,6,rgb_pca,0,1
0.78164005,6,rgb_pca,0,1
0.72355807,6,rgb_pca,0,1
0.7297455,6,rgb_pca,0,1
0.72175014,6,rgb_pca,0,1
0.7176361,6,rgb_pca,0,1
0.725917,6,rgb_pca,0,1
0.7825948,6,rgb_pca,0,1
0.7216754,6,rgb_pca,0,1
0.7227286,6,rgb_pca,0,1
0.7346019,6,rgb_pca,0,1
0.7369226,6,rgb_pca,0,1
0.7946168,6,rgb_pca,0,1
0.74961734,6,rgb_pca,0,1
0.73862773,6,rgb_pca,0,1
0.71635175,6,rgb_pca,0,1
0.7430767,6,rgb_pca,0,1
0.79207295,6,rgb_pca,0,1
0.7579973,6,rgb_pca,0,1
0.7384331,6,rgb_pca,0,1
0.8039557,6,rgb_pca,0,1
0.7802741,6,rgb_pca,0,1
0.72566736,6,rgb_pca,0,1
0.77064127,6,rgb_pca,0,1
0.7611315,6,rgb_pca,0,1
0.7338351,6,rgb_pca,0,1
0.75664353,6,rgb_pca,0,1
0.7440758,6,rgb_pca,0,1
0.7225027,6,rgb_pca,0,1
0.72878116,6,rgb_pca,0,1
0.72569263,6,rgb_pca,0,1
0.76233935,6,rgb_pca,0,1
0.71719193,6,rgb_pca,0,1
0.6428298,3,rgb_pca,0,1
0.63915724,3,rgb_pca,0,1
0.6628823,3,rgb_pca,0,1
0.68686587,3,rgb_pca,0,1
0.65189886,3,rgb_pca,0,1
0.72191477,3,rgb_pca,0,1
0.7258803,3,rgb_pca,0,1
0.7146772,3,rgb_pca,0,1
0.7224577,3,rgb_pca,0,1
0.74874246,3,rgb_pca,0,1
0.7162739,3,rgb_pca,0,1
0.6846794,3,rgb_pca,0,1
0.67976755,3,rgb_pca,0,1
0.62431425,3,rgb_pca,0,1
0.664713,3,rgb_pca,0,1
0.7190237,3,rgb_pca,0,1
0.7682508,3,rgb_pca,0,1
0.78370225,3,rgb_pca,0,1
0.74848056,3,rgb_pca,0,1
0.70012915,3,rgb_pca,0,1
0.72650146,3,rgb_pca,0,1
0.7038529,3,rgb_pca,0,1
0.71726894,3,rgb_pca,0,1
0.74523854,3,rgb_pca,0,1
0.7537018,3,rgb_pca,0,1
0.7842837,3,rgb_pca,0,1
0.7370155,3,rgb_pca,0,1
0.7312529,3,rgb_pca,0,1
0.72023356,3,rgb_pca,0,1
0.6880701,3,rgb_pca,0,1
0.70459723,3,rgb_pca,0,1
0.71822244,3,rgb_pca,0,1
0.63127893,3,rgb_pca,0,1
0.6223824,3,rgb_pca,0,1
0.8015315,3,rgb_pca,0,1
0.81909394,3,rgb_pca,0,1
0.78688234,3,rgb_pca,0,1
0.776652,3,rgb_pca,0,1
0.775441,3,rgb_pca,0,1
0.71876186,3,rgb_pca,0,1
0.75241035,3,rgb_pca,0,1
0.7939396,3,rgb_pca,0,1
0.7708961,3,rgb_pca,0,1
0.7778677,3,rgb_pca,0,1
0.80536675,3,rgb_pca,0,1
0.7821466,3,rgb_pca,0,1
0.77171576,3,rgb_pca,0,1
0.7805804,3,rgb_pca,0,1
0.7501291,3,rgb_pca,0,1
0.7792423,3,rgb_pca,0,1
0.83168644,3,rgb_pca,0,1
0.7629495,3,rgb_pca,0,1
0.7888431,3,rgb_pca,0,1
0.7541096,3,rgb_pca,0,1
0.753157,3,rgb_pca,0,1
0.7805104,3,rgb_pca,0,1
0.7590078,3,rgb_pca,0,1
0.7530869,3,rgb_pca,0,1
0.79170346,3,rgb_pca,0,1
0.7724619,3,rgb_pca,0,1
0.70520097,3,rgb_pca,0,1
0.7046653,3,rgb_pca,0,1
0.6431023,3,rgb_pca,0,1
0.6815566,3,rgb_pca,0,1
0.62940776,3,rgb_pca,0,1
0.72766066,3,rgb_pca,0,1
0.6968149,3,rgb_pca,0,1
0.7364833,3,rgb_pca,0,1
0.74316347,3,rgb_pca,0,1
0.7445076,3,rgb_pca,0,1
0.70350057,3,rgb_pca,0,1
0.6933806,3,rgb_pca,0,1
0.7142346,3,rgb_pca,0,1
0.69374084,3,rgb_pca,0,1
0.65049946,3,rgb_pca,0,1
0.67952144,3,rgb_pca,0,1
0.6959767,3,rgb_pca,0,1
0.73979783,3,rgb_pca,0,1
0.76371217,3,rgb_pca,0,1
0.7593183,3,rgb_pca,0,1
0.7262382,3,rgb_pca,0,1
0.70267165,3,rgb_pca,0,1
0.6693655,3,rgb_pca,0,1
0.7016861,3,rgb_pca,0,1
0.67322266,3,rgb_pca,0,1
0.7412693,3,rgb_pca,0,1
0.7625457,3,rgb_pca,0,1
0.73415315,3,rgb_pca,0,1
0.6788192,3,rgb_pca,0,1
0.63223636,3,rgb_pca,0,1
0.56512356,3,rgb_pca,0,1
0.58214307,3,rgb_pca,0,1
0.5656096,3,rgb_pca,0,1
0.531214,3,rgb_pca,0,1
0.7641367,3,rgb_pca,0,1
0.7421828,3,rgb_pca,0,1
0.742288,3,rgb_pca,0,1
0.7217256,3,rgb_pca,0,1
0.70050025,3,rgb_pca,0,1
0.6541689,3,rgb_pca,0,1
0.6492598,3,rgb_pca,0,1
0.69107985,3,rgb_pca,0,1
0.69513583,3,rgb_pca,0,1
0.69924986,3,rgb_pca,0,1
0.73882735,3,rgb_pca,0,1
0.7297144,3,rgb_pca,0,1
0.72047055,3,rgb_pca,0,1
0.7280822,3,rgb_pca,0,1
0.7432628,3,rgb_pca,0,1
0.72044134,3,rgb_pca,0,1
0.76196307,3,rgb_pca,0,1
0.75497985,3,rgb_pca,0,1
0.76672924,3,rgb_pca,0,1
0.7506211,3,rgb_pca,0,1
0.7827755,3,rgb_pca,0,1
0.77190125,3,rgb_pca,0,1
0.72414595,3,rgb_pca,0,1
0.7647065,3,rgb_pca,0,1
0.7901461,3,rgb_pca,0,1
0.81528103,3,rgb_pca,0,1
0.7870222,6,rgb_pca,0,1
0.73558384,6,rgb_pca,0,1
0.7279744,6,rgb_pca,0,1
0.70423967,6,rgb_pca,0,1
0.75424236,6,rgb_pca,0,1
0.7347195,6,rgb_pca,0,1
0.7487426,6,rgb_pca,0,1
0.69138014,6,rgb_pca,0,1
0.7229236,6,rgb_pca,0,1
0.72395015,6,rgb_pca,0,1
0.7322098,6,rgb_pca,0,1
0.72222596,6,rgb_pca,0,1
0.68198436,6,rgb_pca,0,1
0.6681663,6,rgb_pca,0,1
0.703549,6,rgb_pca,0,1
0.78038543,6,rgb_pca,0,1
0.7313945,6,rgb_pca,0,1
0.71001154,6,rgb_pca,0,1
0.65168834,6,rgb_pca,0,1
0.7547028,6,rgb_pca,0,1
0.710203,6,rgb_pca,0,1
0.6741653,6,rgb_pca,0,1
0.7472198,6,rgb_pca,0,1
0.697735,6,rgb_pca,0,1
0.7083607,6,rgb_pca,0,1
0.7154888,6,rgb_pca,0,1
0.756579,6,rgb_pca,0,1
0.7443826,6,rgb_pca,0,1
0.7029984,6,rgb_pca,0,1
0.7253297,6,rgb_pca,0,1
0.7621652,6,rgb_pca,0,1
0.7758831,6,rgb_pca,0,1
0.7064182,6,rgb_pca,0,1
0.6995201,6,rgb_pca,0,1
0.6941749,6,rgb_pca,0,1
0.6827562,6,rgb_pca,0,1
0.7186185,6,rgb_pca,0,1
0.7214008,6,rgb_pca,0,1
0.6539241,6,rgb_pca,0,1
0.6603831,6,rgb_pca,0,1
0.6703741,6,rgb_pca,0,1
0.6882636,6,rgb_pca,0,1
0.7480434,6,rgb_pca,0,1
0.7099774,6,rgb_pca,0,1
0.70668656,6,rgb_pca,0,1
0.7518501,6,rgb_pca,0,1
0.7483548,6,rgb_pca,0,1
0.75410354,6,rgb_pca,0,1
0.71519464,6,rgb_pca,0,1
0.7098874,6,rgb_pca,0,1
0.7220696,6,rgb_pca,0,1
0.72752947,6,rgb_pca,0,1
0.73303944,6,rgb_pca,0,1
0.72361803,6,rgb_pca,0,1
0.7289713,6,rgb_pca,0,1
0.7412001,6,rgb_pca,0,1
0.73091316,6,rgb_pca,0,1
0.70209616,6,rgb_pca,0,1
0.74558806,6,rgb_pca,0,1
0.7499416,6,rgb_pca,0,1
0.76313937,6,rgb_pca,0,1
0.7873913,6,rgb_pca,0,1
0.7696844,6,rgb_pca,0,1
0.8161814,6,rgb_pca,0,1
0.6963015,3,rgb_pca,0,1
0.6143867,3,rgb_pca,0,1
0.67641836,3,rgb_pca,0,1
0.70514977,3,rgb_pca,0,1
0.6682719,3,rgb_pca,0,1
0.71127903,3,rgb_pca,0,1
0.7001151,3,rgb_pca,0,1
0.73256755,3,rgb_pca,0,1
0.71685004,3,rgb_pca,0,1
0.7039625,3,rgb_pca,0,1
0.72546303,3,rgb_pca,0,1
0.72944725,3,rgb_pca,0,1
0.68056756,3,rgb_pca,0,1
0.6670388,3,rgb_pca,0,1
0.67072123,3,rgb_pca,0,1
0.6932596,3,rgb_pca,0,1
0.7153858,3,rgb_pca,0,1
0.6883025,3,rgb_pca,0,1
0.70146,3,rgb_pca,0,1
0.7093585,3,rgb_pca,0,1
0.71688604,3,rgb_pca,0,1
0.7091464,3,rgb_pca,0,1
0.7036511,3,rgb_pca,0,1
0.6634283,3,rgb_pca,0,1
0.6915735,3,rgb_pca,0,1
0.6766433,3,rgb_pca,0,1
0.6837481,3,rgb_pca,0,1
0.6822357,3,rgb_pca,0,1
0.66496897,3,rgb_pca,0,1
0.64807236,3,rgb_pca,0,1
0.6232928,3,rgb_pca,0,1
0.6578362,3,rgb_pca,0,1
0.6062449,3,rgb_pca,0,1
0.5869395,3,rgb_pca,0,1
0.7669445,3,rgb_pca,0,1
0.7138597,3,rgb_pca,0,1
0.7184463,3,rgb_pca,0,1
0.72513723,3,rgb_pca,0,1
0.70566446,3,rgb_pca,0,1
0.6789267,3,rgb_pca,0,1
0.6822239,3,rgb_pca,0,1
0.68411964,3,rgb_pca,0,1
0.688491,3,rgb_pca,0,1
0.7444435,3,rgb_pca,0,1
0.75807095,3,rgb_pca,0,1
0.71128976,3,rgb_pca,0,1
0.73063254,3,rgb_pca,0,1
0.728642,3,rgb_pca,0,1
0.70063436,3,rgb_pca,0,1
0.7057525,3,rgb_pca,0,1
0.74119925,3,rgb_pca,0,1
0.724942,3,rgb_pca,0,1
0.74177814,3,rgb_pca,0,1
0.70365727,3,rgb_pca,0,1
0.70527095,3,rgb_pca,0,1
0.71142054,3,rgb_pca,0,1
0.7258093,3,rgb_pca,0,1
0.7490035,3,rgb_pca,0,1
0.74656117,3,rgb_pca,0,1
0.7388736,3,rgb_pca,0,1
0.6815264,3,rgb_pca,0,1
0.6672359,3,rgb_pca,0,1
0.66485745,3,rgb_pca,0,1
0.70026827,3,rgb_pca,0,1
0.6401032,3,rgb_pca,0,1
0.67640793,3,rgb_pca,0,1
0.7016449,3,rgb_pca,0,1
0.74427485,3,rgb_pca,0,1
0.63720423,3,rgb_pca,0,1
0.6764055,3,rgb_pca,0,1
0.7084986,3,rgb_pca,0,1
0.73197085,3,rgb_pca,0,1
0.7104106,3,rgb_pca,0,1
0.7064517,3,rgb_pca,0,1
0.730381,3,rgb_pca,0,1
0.73318034,3,rgb_pca,0,1
0.6281458,3,rgb_pca,0,1
0.6595216,3,rgb_pca,0,1
0.7155982,3,rgb_pca,0,1
0.76063645,3,rgb_pca,0,1
0.7466288,3,rgb_pca,0,1
0.73418754,3,rgb_pca,0,1
0.7191417,3,rgb_pca,0,1
0.7068799,3,rgb_pca,0,1
0.61034226,3,rgb_pca,0,1
0.6338003,3,rgb_pca,0,1
0.7040185,3,rgb_pca,0,1
0.7472076,3,rgb_pca,0,1
0.71477944,3,rgb_pca,0,1
0.69787884,3,rgb_pca,0,1
0.66339886,3,rgb_pca,0,1
0.6699991,3,rgb_pca,0,1
0.6407752,3,rgb_pca,0,1
0.6293465,3,rgb_pca,0,1
0.64235616,3,rgb_pca,0,1
0.66086614,3,rgb_pca,0,1
0.7105324,3,rgb_pca,0,1
0.7366401,3,rgb_pca,0,1
0.72709537,3,rgb_pca,0,1
0.71782273,3,rgb_pca,0,1
0.6883766,3,rgb_pca,0,1
0.68345594,3,rgb_pca,0,1
0.6714364,3,rgb_pca,0,1
0.652016,3,rgb_pca,0,1
0.65737617,3,rgb_pca,0,1
0.70265293,3,rgb_pca,0,1
0.73423123,3,rgb_pca,0,1
0.72677374,3,rgb_pca,0,1
0.74403876,3,rgb_pca,0,1
0.691519,3,rgb_pca,0,1
0.7178409,3,rgb_pca,0,1
0.6435795,3,rgb_pca,0,1
0.71161723,3,rgb_pca,0,1
0.6985897,3,rgb_pca,0,1
0.7213135,3,rgb_pca,0,1
0.67744416,3,rgb_pca,0,1
0.7229773,3,rgb_pca,0,1
0.7384677,3,rgb_pca,0,1
0.7336694,3,rgb_pca,0,1
0.7403289,3,rgb_pca,0,1
0.7094698,2,rgb_pca,0,1
0.7389351,2,rgb_pca,0,1
0.72907096,2,rgb_pca,0,1
0.70190525,2,rgb_pca,0,1
0.7079468,2,rgb_pca,0,1
0.7253257,2,rgb_pca,0,1
0.7820779,2,rgb_pca,0,1
0.7785295,2,rgb_pca,0,1
0.7634436,2,rgb_pca,0,1
0.79031736,2,rgb_pca,0,1
0.7657963,2,rgb_pca,0,1
0.74558884,2,rgb_pca,0,1
0.7468458,2,rgb_pca,0,1
0.79160416,2,rgb_pca,0,1
0.79365057,2,rgb_pca,0,1
0.7934448,2,rgb_pca,0,1
0.7922325,2,rgb_pca,0,1
0.7540583,2,rgb_pca,0,1
0.76575387,2,rgb_pca,0,1
0.74388444,2,rgb_pca,0,1
0.7838615,2,rgb_pca,0,1
0.79140115,2,rgb_pca,0,1
0.75072765,2,rgb_pca,0,1
0.7681172,2,rgb_pca,0,1
0.76385,2,rgb_pca,0,1
0.7746866,2,rgb_pca,0,1
0.73267686,2,rgb_pca,0,1
0.7513156,2,rgb_pca,0,1
0.7603953,2,rgb_pca,0,1
0.7520262,2,rgb_pca,0,1
0.80889386,2,rgb_pca,0,1
0.80326605,2,rgb_pca,0,1
0.75244015,2,rgb_pca,0,1
0.7650684,2,rgb_pca,0,1
0.7368111,2,rgb_pca,0,1
0.73577046,2,rgb_pca,0,1
0.758881,2,rgb_pca,0,1
0.7730525,2,rgb_pca,0,1
0.81524265,2,rgb_pca,0,1
0.8127195,2,rgb_pca,0,1
0.7482469,2,rgb_pca,0,1
0.75107753,2,rgb_pca,0,1
0.7377521,2,rgb_pca,0,1
0.7501574,2,rgb_pca,0,1
0.77431023,2,rgb_pca,0,1
0.7602947,2,rgb_pca,0,1
0.7777682,2,rgb_pca,0,1
0.7980907,2,rgb_pca,0,1
0.7629124,2,rgb_pca,0,1
0.7602818,2,rgb_pca,0,1
0.7602568,2,rgb_pca,0,1
0.7678917,2,rgb_pca,0,1
0.7754289,2,rgb_pca,0,1
0.75410753,2,rgb_pca,0,1
0.75738764,2,rgb_pca,0,1
0.8049363,2,rgb_pca,0,1
0.7911533,2,rgb_pca,0,1
0.79349047,2,rgb_pca,0,1
0.76887596,2,rgb_pca,0,1
0.77130365,2,rgb_pca,0,1
0.76543343,2,rgb_pca,0,1
0.75919986,2,rgb_pca,0,1
0.7314308,2,rgb_pca,0,1
0.76365715,2,rgb_pca,0,1
0.7105758,2,rgb_pca,0,1
0.7742004,2,rgb_pca,0,1
0.8037319,2,rgb_pca,0,1
0.81788003,2,rgb_pca,0,1
0.78830755,2,rgb_pca,0,1
0.7901677,2,rgb_pca,0,1
0.76965785,2,rgb_pca,0,1
0.74747753,2,rgb_pca,0,1
0.74483055,2,rgb_pca,0,1
0.77018523,2,rgb_pca,0,1
0.7489031,2,rgb_pca,0,1
0.79505134,2,rgb_pca,0,1
0.81555915,2,rgb_pca,0,1
0.8125208,2,rgb_pca,0,1
0.74834716,2,rgb_pca,0,1
0.7473113,2,rgb_pca,0,1
0.7119976,2,rgb_pca,0,1
0.69799304,2,rgb_pca,0,1
0.71553046,2,rgb_pca,0,1
0.77587056,2,rgb_pca,0,1
0.754221,2,rgb_pca,0,1
0.8083886,2,rgb_pca,0,1
0.8218008,2,rgb_pca,0,1
0.80494,2,rgb_pca,0,1
0.76107174,2,rgb_pca,0,1
0.7617223,2,rgb_pca,0,1
0.6994364,2,rgb_pca,0,1
0.6824453,2,rgb_pca,0,1
0.76153266,2,rgb_pca,0,1
0.79275286,2,rgb_pca,0,1
0.7547401,2,rgb_pca,0,1
0.7873777,2,rgb_pca,0,1
0.80425465,2,rgb_pca,0,1
0.7514207,2,rgb_pca,0,1
0.75871176,2,rgb_pca,0,1
0.68191665,2,rgb_pca,0,1
0.6518694,2,rgb_pca,0,1
0.7606285,2,rgb_pca,0,1
0.79995483,2,rgb_pca,0,1
0.759636,2,rgb_pca,0,1
0.78536165,2,rgb_pca,0,1
0.71857613,2,rgb_pca,0,1
0.7668443,2,rgb_pca,0,1
0.7964366,2,rgb_pca,0,1
0.6496745,2,rgb_pca,0,1
0.69907844,2,rgb_pca,0,1
0.723627,2,rgb_pca,0,1
0.7332345,2,rgb_pca,0,1
0.77464116,2,rgb_pca,0,1
0.69073415,2,rgb_pca,0,1
0.7429589,2,rgb_pca,0,1
0.7653589,2,rgb_pca,0,1
0.7354497,2,rgb_pca,0,1
0.77601373,2,rgb_pca,0,1
0.7124512,2,rgb_pca,0,1
0.766255,2,rgb_pca,0,1
0.7731791,2,rgb_pca,0,1
0.8019066,2,rgb_pca,0,1
0.784118,2,rgb_pca,0,1
0.75536585,2,rgb_pca,0,1
0.7848614,2,rgb_pca,0,1
0.72728014,2,rgb_pca,0,1
0.74404347,2,rgb_pca,0,1
0.77822375,2,rgb_pca,0,1
0.80711234,2,rgb_pca,0,1
0.80917025,2,rgb_pca,0,1
0.7841375,2,rgb_pca,0,1
0.7946866,2,rgb_pca,0,1
0.76159644,2,rgb_pca,0,1
0.7593055,2,rgb_pca,0,1
0.7795939,2,rgb_pca,0,1
0.80151534,2,rgb_pca,0,1
0.80804116,2,rgb_pca,0,1
0.79330796,2,rgb_pca,0,1
0.7825703,2,rgb_pca,0,1
0.7795036,2,rgb_pca,0,1
0.77688736,2,rgb_pca,0,1
0.7455973,2,rgb_pca,0,1
0.7156415,2,rgb_pca,0,1
0.768889,2,rgb_pca,0,1
0.7945143,2,rgb_pca,0,1
0.7987639,2,rgb_pca,0,1
0.80004156,2,rgb_pca,0,1
0.80457395,2,rgb_pca,0,1
0.7761956,2,rgb_pca,0,1
0.7911149,2,rgb_pca,0,1
0.7713114,2,rgb_pca,0,1
0.7784291,2,rgb_pca,0,1
0.7684588,2,rgb_pca,0,1
0.72318196,2,rgb_pca,0,1
0.7552816,2,rgb_pca,0,1
0.7786546,2,rgb_pca,0,1
0.79918766,2,rgb_pca,0,1
0.81047475,2,rgb_pca,0,1
0.80342185,2,rgb_pca,0,1
0.73619926,2,rgb_pca,0,1
0.7794225,2,rgb_pca,0,1
0.7577452,2,rgb_pca,0,1
0.7866701,2,rgb_pca,0,1
0.77623546,2,rgb_pca,0,1
0.73946655,2,rgb_pca,0,1
0.73509395,2,rgb_pca,0,1
0.7068028,2,rgb_pca,0,1
0.73545694,2,rgb_pca,0,1
0.75766504,2,rgb_pca,0,1
0.7794417,2,rgb_pca,0,1
0.7970816,2,rgb_pca,0,1
0.78186214,2,rgb_pca,0,1
0.70428324,2,rgb_pca,0,1
0.75768673,2,rgb_pca,0,1
0.72331685,2,rgb_pca,0,1
0.7643694,2,rgb_pca,0,1
0.7914516,2,rgb_pca,0,1
0.7736993,2,rgb_pca,0,1
0.75399923,2,rgb_pca,0,1
0.6894267,2,rgb_pca,0,1
0.7734958,2,rgb_pca,0,1
0.78802574,2,rgb_pca,0,1
0.79337525,2,rgb_pca,0,1
0.822011,2,rgb_pca,0,1
0.823978,2,rgb_pca,0,1
0.755565,2,rgb_pca,0,1
0.77809334,2,rgb_pca,0,1
0.72859275,2,rgb_pca,0,1
0.739762,2,rgb_pca,0,1
0.76987946,2,rgb_pca,0,1
0.7614097,2,rgb_pca,0,1
0.7620232,2,rgb_pca,0,1
0.709247,2,rgb_pca,0,1
0.76789707,2,rgb_pca,0,1
0.7673635,2,rgb_pca,0,1
0.7833899,2,rgb_pca,0,1
0.81046987,2,rgb_pca,0,1
0.80446094,2,rgb_pca,0,1
0.8267817,2,rgb_pca,0,1
0.8035795,2,rgb_pca,0,1
0.76482916,2,rgb_pca,0,1
0.7826953,2,rgb_pca,0,1
0.73170066,2,rgb_pca,0,1
0.72446233,2,rgb_pca,0,1
0.7413291,2,rgb_pca,0,1
0.744128,2,rgb_pca,0,1
0.757289,2,rgb_pca,0,1
0.73552346,2,rgb_pca,0,1
0.7125399,2,rgb_pca,0,1
0.7237044,2,rgb_pca,0,1
0.7766005,2,rgb_pca,0,1
0.8151127,2,rgb_pca,0,1
0.7933256,2,rgb_pca,0,1
0.8120116,2,rgb_pca,0,1
0.75622237,2,rgb_pca,0,1
0.73207307,2,rgb_pca,0,1
0.7807337,2,rgb_pca,0,1
0.71449465,2,rgb_pca,0,1
0.68388295,2,rgb_pca,0,1
0.6967441,2,rgb_pca,0,1
0.7566954,2,rgb_pca,0,1
0.7808237,2,rgb_pca,0,1
0.732693,2,rgb_pca,0,1
0.7276916,2,rgb_pca,0,1
0.7505851,2,rgb_pca,0,1
0.7916745,2,rgb_pca,0,1
0.81012535,2,rgb_pca,0,1
0.78901726,2,rgb_pca,0,1
0.79740465,2,rgb_pca,0,1
0.74174076,2,rgb_pca,0,1
0.6820854,2,rgb_pca,0,1
0.7687112,2,rgb_pca,0,1
0.71825814,2,rgb_pca,0,1
0.67630184,2,rgb_pca,0,1
0.70227873,2,rgb_pca,0,1
0.7710669,2,rgb_pca,0,1
0.7621162,2,rgb_pca,0,1
0.7778462,2,rgb_pca,0,1
0.78296304,2,rgb_pca,0,1
0.7813324,2,rgb_pca,0,1
0.79192626,2,rgb_pca,0,1
0.73571813,2,rgb_pca,0,1
0.6566483,2,rgb_pca,0,1
0.7348026,2,rgb_pca,0,1
0.73439884,2,rgb_pca,0,1
0.72571087,2,rgb_pca,0,1
0.7187896,2,rgb_pca,0,1
0.75935555,2,rgb_pca,0,1
0.7827256,2,rgb_pca,0,1
0.8080982,2,rgb_pca,0,1
0.779192,2,rgb_pca,0,1
0.7821026,2,rgb_pca,0,1
0.81555265,2,rgb_pca,0,1
0.81380373,2,rgb_pca,0,1
0.77147174,2,rgb_pca,0,1
0.70212144,2,rgb_pca,0,1
0.8096415,2,rgb_pca,0,1
0.7708561,2,rgb_pca,0,1
0.70701814,2,rgb_pca,0,1
0.8099053,2,rgb_pca,0,1
0.7610044,2,rgb_pca,0,1
0.7264487,2,rgb_pca,0,1
0.7361381,2,rgb_pca,0,1
0.7217405,2,rgb_pca,0,1
0.8105176,2,rgb_pca,0,1
0.76285195,2,rgb_pca,0,1
0.72343564,2,rgb_pca,0,1
0.7446643,2,rgb_pca,0,1
0.72659874,2,rgb_pca,0,1
0.8185668,2,rgb_pca,0,1
0.7777733,2,rgb_pca,0,1
0.7605833,2,rgb_pca,0,1
0.7656781,2,rgb_pca,0,1
0.7781836,2,rgb_pca,0,1
0.8197508,2,rgb_pca,0,1
0.7841843,2,rgb_pca,0,1
0.75929224,2,rgb_pca,0,1
0.776723,2,rgb_pca,0,1
0.8057916,2,rgb_pca,0,1
0.83280814,2,rgb_pca,0,1
0.80018085,2,rgb_pca,0,1
0.7535267,2,rgb_pca,0,1
0.76873285,2,rgb_pca,0,1
0.7955233,2,rgb_pca,0,1
0.828161,2,rgb_pca,0,1
0.8038764,2,rgb_pca,0,1
0.7570778,2,rgb_pca,0,1
0.82571197,2,rgb_pca,0,1
0.7861178,2,rgb_pca,0,1
0.7432994,2,rgb_pca,0,1
0.7323745,6,rgb_pca,0,1
0.7157545,6,rgb_pca,0,1
0.6897167,6,rgb_pca,0,1
0.69062555,6,rgb_pca,0,1
0.76444304,6,rgb_pca,0,1
0.7146493,6,rgb_pca,0,1
0.70578146,6,rgb_pca,0,1
0.69429123,6,rgb_pca,0,1
0.70139843,6,rgb_pca,0,1
0.765295,6,rgb_pca,0,1
0.7622705,6,rgb_pca,0,1
0.77697307,6,rgb_pca,0,1
0.756774,6,rgb_pca,0,1
0.7449691,6,rgb_pca,0,1
0.7444531,6,rgb_pca,0,1
0.74185383,6,rgb_pca,0,1
0.7531462,6,rgb_pca,0,1
0.7852653,6,rgb_pca,0,1
0.7585371,6,rgb_pca,0,1
0.74071014,6,rgb_pca,0,1
0.76313424,6,rgb_pca,0,1
0.7474446,6,rgb_pca,0,1
0.74126446,6,rgb_pca,0,1
0.72241724,6,rgb_pca,0,1
0.7430701,6,rgb_pca,0,1
0.7537337,6,rgb_pca,0,1
0.73413306,6,rgb_pca,0,1
0.75427914,6,rgb_pca,0,1
0.75805646,6,rgb_pca,0,1
0.7375721,6,rgb_pca,0,1
0.7250837,6,rgb_pca,0,1
0.71622753,6,rgb_pca,0,1
0.75139606,6,rgb_pca,0,1
0.74391365,6,rgb_pca,0,1
0.7391244,6,rgb_pca,0,1
0.74497116,6,rgb_pca,0,1
0.76530516,6,rgb_pca,0,1
0.77396655,6,rgb_pca,0,1
0.6516863,6,rgb_pca,0,1
0.6375779,6,rgb_pca,0,1
0.68459904,6,rgb_pca,0,1
0.73178875,6,rgb_pca,0,1
0.75555146,6,rgb_pca,0,1
0.7882556,6,rgb_pca,0,1
0.74722517,6,rgb_pca,0,1
0.7479507,6,rgb_pca,0,1
0.7391098,6,rgb_pca,0,1
0.74156624,6,rgb_pca,0,1
0.7522,6,rgb_pca,0,1
0.78712285,6,rgb_pca,0,1
0.76174605,6,rgb_pca,0,1
0.7495865,6,rgb_pca,0,1
0.7234918,6,rgb_pca,0,1
0.7692465,6,rgb_pca,0,1
0.7809991,6,rgb_pca,0,1
0.7460531,6,rgb_pca,0,1
0.6965085,6,rgb_pca,0,1
0.6787766,6,rgb_pca,0,1
0.748708,6,rgb_pca,0,1
0.75542873,6,rgb_pca,0,1
0.7368206,6,rgb_pca,0,1
0.7400771,6,rgb_pca,0,1
0.72708905,6,rgb_pca,0,1
0.71021044,6,rgb_pca,0,1
0.69632065,6,rgb_pca,0,1
0.6703155,6,rgb_pca,0,1
0.68936455,6,rgb_pca,0,1
0.75590634,6,rgb_pca,0,1
0.75809395,6,rgb_pca,0,1
0.7525511,6,rgb_pca,0,1
0.76734596,6,rgb_pca,0,1
0.803176,6,rgb_pca,0,1
0.75782084,6,rgb_pca,0,1
0.75529426,6,rgb_pca,0,1
0.72577226,6,rgb_pca,0,1
0.74435955,6,rgb_pca,0,1
0.7509155,6,rgb_pca,0,1
0.7667955,6,rgb_pca,0,1
0.7787796,6,rgb_pca,0,1
0.77392113,6,rgb_pca,0,1
0.7779621,6,rgb_pca,0,1
0.7343891,6,rgb_pca,0,1
0.7371835,6,rgb_pca,0,1
0.7403177,6,rgb_pca,0,1
0.73231065,6,rgb_pca,0,1
0.74039835,6,rgb_pca,0,1
0.7513536,6,rgb_pca,0,1
0.7101091,6,rgb_pca,0,1
0.72460353,6,rgb_pca,0,1
0.74268377,6,rgb_pca,0,1
0.7205201,6,rgb_pca,0,1
0.7168757,6,rgb_pca,0,1
0.74741447,6,rgb_pca,0,1
0.72527134,6,rgb_pca,0,1
0.725053,6,rgb_pca,0,1
0.75319105,6,rgb_pca,0,1
0.7554998,6,rgb_pca,0,1
0.7560237,6,rgb_pca,0,1
0.6423328,2,rgb_pca,0,1
0.6531368,2,rgb_pca,0,1
0.65028125,2,rgb_pca,0,1
0.6405978,2,rgb_pca,0,1
0.7526822,2,rgb_pca,0,1
0.69722295,2,rgb_pca,0,1
0.7470196,2,rgb_pca,0,1
0.7206699,2,rgb_pca,0,1
0.668083,2,rgb_pca,0,1
0.74698555,2,rgb_pca,0,1
0.6987988,2,rgb_pca,0,1
0.7092489,2,rgb_pca,0,1
0.7407398,2,rgb_pca,0,1
0.7651416,2,rgb_pca,0,1
0.75598574,2,rgb_pca,0,1
0.72610116,2,rgb_pca,0,1
0.7649946,2,rgb_pca,0,1
0.692734,2,rgb_pca,0,1
0.71100414,2,rgb_pca,0,1
0.7562196,2,rgb_pca,0,1
0.76185864,2,rgb_pca,0,1
0.7560903,2,rgb_pca,0,1
0.73653924,2,rgb_pca,0,1
0.76731944,2,rgb_pca,0,1
0.6892737,2,rgb_pca,0,1
0.73429745,2,rgb_pca,0,1
0.75882024,2,rgb_pca,0,1
0.75991565,2,rgb_pca,0,1
0.78434086,2,rgb_pca,0,1
0.7741442,2,rgb_pca,0,1
0.7964101,2,rgb_pca,0,1
0.8297466,2,rgb_pca,0,1
0.7236663,2,rgb_pca,0,1
0.7310425,2,rgb_pca,0,1
0.74377656,2,rgb_pca,0,1
0.74589217,2,rgb_pca,0,1
0.76676357,2,rgb_pca,0,1
0.75994086,2,rgb_pca,0,1
0.8004272,2,rgb_pca,0,1
0.8113316,2,rgb_pca,0,1
0.7551009,2,rgb_pca,0,1
0.7503011,2,rgb_pca,0,1
0.7239767,2,rgb_pca,0,1
0.73339266,2,rgb_pca,0,1
0.7506342,2,rgb_pca,0,1
0.73759294,2,rgb_pca,0,1
0.7607746,2,rgb_pca,0,1
0.8033681,2,rgb_pca,0,1
0.765581,2,rgb_pca,0,1
0.764057,2,rgb_pca,0,1
0.7419053,2,rgb_pca,0,1
0.74959594,2,rgb_pca,0,1
0.7752963,2,rgb_pca,0,1
0.7752403,2,rgb_pca,0,1
0.7836616,2,rgb_pca,0,1
0.82564694,2,rgb_pca,0,1
0.7822058,2,rgb_pca,0,1
0.7825856,2,rgb_pca,0,1
0.72452193,2,rgb_pca,0,1
0.7459682,2,rgb_pca,0,1
0.78158736,2,rgb_pca,0,1
0.7713065,2,rgb_pca,0,1
0.79333377,2,rgb_pca,0,1
0.82332855,2,rgb_pca,0,1
0.743652,2,rgb_pca,0,1
0.7851584,2,rgb_pca,0,1
0.8079928,2,rgb_pca,0,1
0.79212904,2,rgb_pca,0,1
0.7415805,2,rgb_pca,0,1
0.76818806,2,rgb_pca,0,1
0.7721944,2,rgb_pca,0,1
0.7379111,2,rgb_pca,0,1
0.75633585,2,rgb_pca,0,1
0.8091619,2,rgb_pca,0,1
0.753091,2,rgb_pca,0,1
0.7804962,2,rgb_pca,0,1
0.7891175,2,rgb_pca,0,1
0.7786698,2,rgb_pca,0,1
0.73774374,2,rgb_pca,0,1
0.7556556,2,rgb_pca,0,1
0.74950933,2,rgb_pca,0,1
0.7034795,2,rgb_pca,0,1
0.75818497,2,rgb_pca,0,1
0.75136507,2,rgb_pca,0,1
0.7731758,2,rgb_pca,0,1
0.7704733,2,rgb_pca,0,1
0.7906223,2,rgb_pca,0,1
0.7696794,2,rgb_pca,0,1
0.77175313,2,rgb_pca,0,1
0.75157607,2,rgb_pca,0,1
0.7219235,2,rgb_pca,0,1
0.69713765,2,rgb_pca,0,1
0.7514101,2,rgb_pca,0,1
0.767792,2,rgb_pca,0,1
0.75975287,2,rgb_pca,0,1
0.7457309,2,rgb_pca,0,1
0.7605481,2,rgb_pca,0,1
0.76604295,2,rgb_pca,0,1
0.764604,2,rgb_pca,0,1
0.6922554,2,rgb_pca,0,1
0.63696754,2,rgb_pca,0,1
0.70388484,2,rgb_pca,0,1
0.77143514,2,rgb_pca,0,1
0.7425469,2,rgb_pca,0,1
0.75215447,2,rgb_pca,0,1
0.6804239,2,rgb_pca,0,1
0.69565964,2,rgb_pca,0,1
0.74144816,2,rgb_pca,0,1
0.6324005,2,rgb_pca,0,1
0.70425427,2,rgb_pca,0,1
0.7477132,2,rgb_pca,0,1
0.75027287,2,rgb_pca,0,1
0.768432,2,rgb_pca,0,1
0.6892465,2,rgb_pca,0,1
0.74266183,2,rgb_pca,0,1
0.78331614,2,rgb_pca,0,1
0.7759317,2,rgb_pca,0,1
0.79079545,2,rgb_pca,0,1
0.7265117,2,rgb_pca,0,1
0.71723574,2,rgb_pca,0,1
0.7244569,2,rgb_pca,0,1
0.7663629,2,rgb_pca,0,1
0.77203345,2,rgb_pca,0,1
0.77129865,2,rgb_pca,0,1
0.78782123,2,rgb_pca,0,1
0.7552596,2,rgb_pca,0,1
0.75009835,2,rgb_pca,0,1
0.7394984,2,rgb_pca,0,1
0.7796773,2,rgb_pca,0,1
0.7904403,2,rgb_pca,0,1
0.7867338,2,rgb_pca,0,1
0.80479205,2,rgb_pca,0,1
0.7904252,2,rgb_pca,0,1
0.78441465,2,rgb_pca,0,1
0.7572603,2,rgb_pca,0,1
0.7546114,2,rgb_pca,0,1
0.768565,2,rgb_pca,0,1
0.7349657,2,rgb_pca,0,1
0.7359172,2,rgb_pca,0,1
0.7282562,2,rgb_pca,0,1
0.68975735,2,rgb_pca,0,1
0.65844154,2,rgb_pca,0,1
0.7166438,2,rgb_pca,0,1
0.7795219,2,rgb_pca,0,1
0.7884244,2,rgb_pca,0,1
0.7630092,2,rgb_pca,0,1
0.79401034,2,rgb_pca,0,1
0.7685889,2,rgb_pca,0,1
0.7496434,2,rgb_pca,0,1
0.7511257,2,rgb_pca,0,1
0.7344159,2,rgb_pca,0,1
0.6664926,2,rgb_pca,0,1
0.6245469,2,rgb_pca,0,1
0.70373523,2,rgb_pca,0,1
0.7748698,2,rgb_pca,0,1
0.7815675,2,rgb_pca,0,1
0.77050906,2,rgb_pca,0,1
0.776996,2,rgb_pca,0,1
0.77912074,2,rgb_pca,0,1
0.73958474,2,rgb_pca,0,1
0.78020746,2,rgb_pca,0,1
0.733296,2,rgb_pca,0,1
0.7191656,2,rgb_pca,0,1
0.6833347,2,rgb_pca,0,1
0.69238234,2,rgb_pca,0,1
0.72316295,2,rgb_pca,0,1
0.6830685,2,rgb_pca,0,1
0.73976946,2,rgb_pca,0,1
0.771791,2,rgb_pca,0,1
0.7701312,2,rgb_pca,0,1
0.76500916,2,rgb_pca,0,1
0.74627143,2,rgb_pca,0,1
0.7223087,2,rgb_pca,0,1
0.7500766,2,rgb_pca,0,1
0.7728187,2,rgb_pca,0,1
0.7707366,2,rgb_pca,0,1
0.75508475,2,rgb_pca,0,1
0.73414665,2,rgb_pca,0,1
0.7496487,2,rgb_pca,0,1
0.7432982,2,rgb_pca,0,1
0.75541127,2,rgb_pca,0,1
0.7952522,2,rgb_pca,0,1
0.7590771,2,rgb_pca,0,1
0.78485763,2,rgb_pca,0,1
0.78767073,2,rgb_pca,0,1
0.76284826,2,rgb_pca,0,1
0.79952836,2,rgb_pca,0,1
0.7935121,2,rgb_pca,0,1
0.78712636,2,rgb_pca,0,1
0.76501024,2,rgb_pca,0,1
0.7351383,2,rgb_pca,0,1
0.7806142,2,rgb_pca,0,1
0.7917069,2,rgb_pca,0,1
0.72424096,2,rgb_pca,0,1
0.7664255,2,rgb_pca,0,1
0.751387,2,rgb_pca,0,1
0.78699833,2,rgb_pca,0,1
0.7659724,2,rgb_pca,0,1
0.7448976,2,rgb_pca,0,1
0.7371634,2,rgb_pca,0,1
0.7324401,2,rgb_pca,0,1
0.7367167,2,rgb_pca,0,1
0.7484958,2,rgb_pca,0,1
0.73998034,2,rgb_pca,0,1
0.7504144,2,rgb_pca,0,1
0.73259604,2,rgb_pca,0,1
0.7533082,2,rgb_pca,0,1
0.773913,2,rgb_pca,0,1
0.74501395,2,rgb_pca,0,1
0.75678664,2,rgb_pca,0,1
0.74662703,2,rgb_pca,0,1
0.7746153,2,rgb_pca,0,1
0.74864423,2,rgb_pca,0,1
0.72543144,2,rgb_pca,0,1
0.67680836,2,rgb_pca,0,1
0.6830773,2,rgb_pca,0,1
0.7081778,2,rgb_pca,0,1
0.656098,2,rgb_pca,0,1
0.70293546,2,rgb_pca,0,1
0.7053945,2,rgb_pca,0,1
0.75616944,2,rgb_pca,0,1
0.75919443,2,rgb_pca,0,1
0.68049204,2,rgb_pca,0,1
0.76896906,2,rgb_pca,0,1
0.77638686,2,rgb_pca,0,1
0.7717209,2,rgb_pca,0,1
0.7607354,2,rgb_pca,0,1
0.75738853,2,rgb_pca,0,1
0.7157947,2,rgb_pca,0,1
0.68227226,2,rgb_pca,0,1
0.6275861,2,rgb_pca,0,1
0.6473801,2,rgb_pca,0,1
0.60763496,2,rgb_pca,0,1
0.6669287,2,rgb_pca,0,1
0.71187973,2,rgb_pca,0,1
0.73223096,2,rgb_pca,0,1
0.7573439,2,rgb_pca,0,1
0.7611252,2,rgb_pca,0,1
0.78534967,2,rgb_pca,0,1
0.73735607,2,rgb_pca,0,1
0.68201256,2,rgb_pca,0,1
0.6250676,2,rgb_pca,0,1
0.59060645,2,rgb_pca,0,1
0.60312045,2,rgb_pca,0,1
0.6253792,2,rgb_pca,0,1
0.7595643,2,rgb_pca,0,1
0.7775895,2,rgb_pca,0,1
0.75711167,2,rgb_pca,0,1
0.7338286,2,rgb_pca,0,1
0.68458235,2,rgb_pca,0,1
0.6356615,2,rgb_pca,0,1
0.7544329,2,rgb_pca,0,1
0.74685407,2,rgb_pca,0,1
0.8016658,2,rgb_pca,0,1
0.7763063,2,rgb_pca,0,1
0.7817081,2,rgb_pca,0,1
0.81076,2,rgb_pca,0,1
0.7816018,2,rgb_pca,0,1
0.7815639,2,rgb_pca,0,1
0.80993056,2,rgb_pca,0,1
0.78670454,2,rgb_pca,0,1
0.76488507,2,rgb_pca,0,1
0.77199495,2,rgb_pca,0,1
0.7297472,2,rgb_pca,0,1
0.81349003,2,rgb_pca,0,1
0.78314894,2,rgb_pca,0,1
0.76493156,2,rgb_pca,0,1
0.7684142,2,rgb_pca,0,1
0.73053193,2,rgb_pca,0,1
0.8086542,2,rgb_pca,0,1
0.7724633,2,rgb_pca,0,1
0.74941456,2,rgb_pca,0,1
0.75717616,2,rgb_pca,0,1
0.72622085,2,rgb_pca,0,1
0.797165,2,rgb_pca,0,1
0.7700366,2,rgb_pca,0,1
0.7610011,2,rgb_pca,0,1
0.7368351,2,rgb_pca,0,1
0.7486404,2,rgb_pca,0,1
0.7851446,2,rgb_pca,0,1
0.7526484,2,rgb_pca,0,1
0.77880055,2,rgb_pca,0,1
0.77922875,2,rgb_pca,0,1
0.7587787,2,rgb_pca,0,1
0.7303664,2,rgb_pca,0,1
0.7315644,2,rgb_pca,0,1
0.7916713,2,rgb_pca,0,1
0.747281,2,rgb_pca,0,1
0.7063908,2,rgb_pca,0,1
0.757879,2,rgb_pca,0,1
0.82078886,6,rgb_pca,0,1
0.81164896,6,rgb_pca,0,1
0.78250694,6,rgb_pca,0,1
0.7891712,6,rgb_pca,0,1
0.76876676,6,rgb_pca,0,1
0.7802272,6,rgb_pca,0,1
0.77791786,6,rgb_pca,0,1
0.76663846,6,rgb_pca,0,1
0.7645935,6,rgb_pca,0,1
0.7646569,6,rgb_pca,0,1
0.7561283,6,rgb_pca,0,1
0.7626394,6,rgb_pca,0,1
0.7660045,6,rgb_pca,0,1
0.77924395,6,rgb_pca,0,1
0.78274596,6,rgb_pca,0,1
0.7865267,6,rgb_pca,0,1
0.7908475,6,rgb_pca,0,1
0.8058324,6,rgb_pca,0,1
0.77377963,6,rgb_pca,0,1
0.7745342,6,rgb_pca,0,1
0.7703173,6,rgb_pca,0,1
0.7834902,6,rgb_pca,0,1
0.8025254,6,rgb_pca,0,1
0.79379797,6,rgb_pca,0,1
0.79843915,6,rgb_pca,0,1
0.7598626,6,rgb_pca,0,1
0.7570963,6,rgb_pca,0,1
0.7790414,6,rgb_pca,0,1
0.7739639,6,rgb_pca,0,1
0.77189076,6,rgb_pca,0,1
0.7583503,6,rgb_pca,0,1
0.7521453,6,rgb_pca,0,1
0.7385107,6,rgb_pca,0,1
0.7260091,6,rgb_pca,0,1
0.7487346,6,rgb_pca,0,1
0.75927556,6,rgb_pca,0,1
0.7729649,6,rgb_pca,0,1
0.76159096,6,rgb_pca,0,1
0.7150261,6,rgb_pca,0,1
0.69243705,6,rgb_pca,0,1
0.68803036,6,rgb_pca,0,1
0.73429024,6,rgb_pca,0,1
0.76128316,6,rgb_pca,0,1
0.76610994,6,rgb_pca,0,1
0.7667713,6,rgb_pca,0,1
0.7562088,6,rgb_pca,0,1
0.7473968,6,rgb_pca,0,1
0.7654327,6,rgb_pca,0,1
0.7496252,6,rgb_pca,0,1
0.7574831,6,rgb_pca,0,1
0.7925956,6,rgb_pca,0,1
0.798061,6,rgb_pca,0,1
0.8087977,6,rgb_pca,0,1
0.76169795,6,rgb_pca,0,1
0.7546092,6,rgb_pca,0,1
0.79034483,6,rgb_pca,0,1
0.8016714,6,rgb_pca,0,1
0.8218526,6,rgb_pca,0,1
0.798498,6,rgb_pca,0,1
0.77661896,6,rgb_pca,0,1
0.77592814,6,rgb_pca,0,1
0.7762151,6,rgb_pca,0,1
0.79786426,6,rgb_pca,0,1
0.7929157,6,rgb_pca,0,1
0.8009957,6,rgb_pca,0,1
0.7840642,6,rgb_pca,0,1
0.7864531,6,rgb_pca,0,1
0.80131483,6,rgb_pca,0,1
0.80902624,6,rgb_pca,0,1
0.79680926,6,rgb_pca,0,1
0.7959009,6,rgb_pca,0,1
0.7899581,6,rgb_pca,0,1
0.7691429,6,rgb_pca,0,1
0.79295826,6,rgb_pca,0,1
0.8026992,6,rgb_pca,0,1
0.7872821,6,rgb_pca,0,1
0.7967429,6,rgb_pca,0,1
0.78579366,6,rgb_pca,0,1
0.7701881,6,rgb_pca,0,1
0.7428664,6,rgb_pca,0,1
0.74781185,6,rgb_pca,0,1
0.7725191,6,rgb_pca,0,1
0.7629327,6,rgb_pca,0,1
0.79316384,6,rgb_pca,0,1
0.76272744,6,rgb_pca,0,1
0.7601503,6,rgb_pca,0,1
0.73073727,6,rgb_pca,0,1
0.77420723,6,rgb_pca,0,1
0.7390782,6,rgb_pca,0,1
0.70857733,6,rgb_pca,0,1
0.75863457,6,rgb_pca,0,1
0.7873952,6,rgb_pca,0,1
0.7620628,6,rgb_pca,0,1
0.75400984,6,rgb_pca,0,1
0.7830571,6,rgb_pca,0,1
0.7691066,6,rgb_pca,0,1
0.7654746,6,rgb_pca,0,1
0.79108566,6,rgb_pca,0,1
0.63466567,4,rgb_pca,0,1
0.5961361,4,rgb_pca,0,1
0.6037802,4,rgb_pca,0,1
0.59293216,4,rgb_pca,0,1
0.57507074,4,rgb_pca,0,1
0.5998756,4,rgb_pca,0,1
0.5951095,4,rgb_pca,0,1
0.66387874,4,rgb_pca,0,1
0.61404216,4,rgb_pca,0,1
0.6033068,4,rgb_pca,0,1
0.6002338,4,rgb_pca,0,1
0.6677972,4,rgb_pca,0,1
0.6900024,4,rgb_pca,0,1
0.66419744,4,rgb_pca,0,1
0.6536138,4,rgb_pca,0,1
0.70726645,4,rgb_pca,0,1
0.60114956,4,rgb_pca,0,1
0.6101149,4,rgb_pca,0,1
0.61865777,4,rgb_pca,0,1
0.6670481,4,rgb_pca,0,1
0.61245906,4,rgb_pca,0,1
0.6355259,4,rgb_pca,0,1
0.6247927,4,rgb_pca,0,1
0.67191494,4,rgb_pca,0,1
0.65281856,4,rgb_pca,0,1
0.6657605,4,rgb_pca,0,1
0.65732694,4,rgb_pca,0,1
0.70103997,4,rgb_pca,0,1
0.6605709,4,rgb_pca,0,1
0.69627917,4,rgb_pca,0,1
0.68515366,4,rgb_pca,0,1
0.7286744,4,rgb_pca,0,1
0.7244393,4,rgb_pca,0,1
0.7704257,4,rgb_pca,0,1
0.7152387,4,rgb_pca,0,1
0.7601794,4,rgb_pca,0,1
0.7043938,4,rgb_pca,0,1
0.6695509,4,rgb_pca,0,1
0.7213525,4,rgb_pca,0,1
0.77258915,4,rgb_pca,0,1
0.69794035,4,rgb_pca,0,1
0.6839057,4,rgb_pca,0,1
0.7328949,4,rgb_pca,0,1
0.7770407,4,rgb_pca,0,1
0.6819214,4,rgb_pca,0,1
0.7150296,4,rgb_pca,0,1
0.6191999,4,rgb_pca,0,1
0.71372294,4,rgb_pca,0,1
0.7098607,4,rgb_pca,0,1
0.6875488,4,rgb_pca,0,1
0.65804935,4,rgb_pca,0,1
0.6795963,4,rgb_pca,0,1
0.60729766,4,rgb_pca,0,1
0.7049155,4,rgb_pca,0,1
0.6937049,4,rgb_pca,0,1
0.72180283,4,rgb_pca,0,1
0.6129612,4,rgb_pca,0,1
0.6780776,4,rgb_pca,0,1
0.6714663,4,rgb_pca,0,1
0.6498743,4,rgb_pca,0,1
0.66468674,4,rgb_pca,0,1
0.6189203,4,rgb_pca,0,1
0.682322,4,rgb_pca,0,1
0.71390176,4,rgb_pca,0,1
0.73401475,4,rgb_pca,0,1
0.5949331,4,rgb_pca,0,1
0.64948857,4,rgb_pca,0,1
0.6699381,4,rgb_pca,0,1
0.63480645,4,rgb_pca,0,1
0.69004107,4,rgb_pca,0,1
0.6490048,4,rgb_pca,0,1
0.69150585,4,rgb_pca,0,1
0.70745635,4,rgb_pca,0,1
0.5245115,4,rgb_pca,0,1
0.5814166,4,rgb_pca,0,1
0.6542606,4,rgb_pca,0,1
0.6410807,4,rgb_pca,0,1
0.6633745,4,rgb_pca,0,1
0.6018561,4,rgb_pca,0,1
0.6690683,4,rgb_pca,0,1
0.5316174,4,rgb_pca,0,1
0.56328017,4,rgb_pca,0,1
0.6623347,4,rgb_pca,0,1
0.64610136,4,rgb_pca,0,1
0.6341847,4,rgb_pca,0,1
0.59772396,4,rgb_pca,0,1
0.67686516,4,rgb_pca,0,1
0.52106965,4,rgb_pca,0,1
0.5346526,4,rgb_pca,0,1
0.61698955,4,rgb_pca,0,1
0.60705334,4,rgb_pca,0,1
0.5966066,4,rgb_pca,0,1
0.54047865,4,rgb_pca,0,1
0.606841,4,rgb_pca,0,1
0.61235416,4,rgb_pca,0,1
0.6408596,4,rgb_pca,0,1
0.65799624,4,rgb_pca,0,1
0.6450292,4,rgb_pca,0,1
0.62235427,4,rgb_pca,0,1
0.5972868,4,rgb_pca,0,1
0.6650355,4,rgb_pca,0,1
0.71176624,4,rgb_pca,0,1
0.7031981,4,rgb_pca,0,1
0.6756237,4,rgb_pca,0,1
0.78140706,4,rgb_pca,0,1
0.74906623,4,rgb_pca,0,1
0.759421,4,rgb_pca,0,1
0.7492387,4,rgb_pca,0,1
0.60614526,4,rgb_pca,0,1
0.7058623,4,rgb_pca,0,1
0.7698076,4,rgb_pca,0,1
0.78293794,4,rgb_pca,0,1
0.5875037,4,rgb_pca,0,1
0.6936027,4,rgb_pca,0,1
0.7537622,4,rgb_pca,0,1
0.7552279,4,rgb_pca,0,1
0.747586,4,rgb_pca,0,1
0.70693314,4,rgb_pca,0,1
0.6749592,4,rgb_pca,0,1
0.70358664,4,rgb_pca,0,1
0.73098516,4,rgb_pca,0,1
0.72804546,4,rgb_pca,0,1
0.70250905,4,rgb_pca,0,1
0.70338976,4,rgb_pca,0,1
0.7229557,4,rgb_pca,0,1
0.6739246,4,rgb_pca,0,1
0.6851118,4,rgb_pca,0,1
0.7128642,4,rgb_pca,0,1
0.6861739,4,rgb_pca,0,1
0.6940987,4,rgb_pca,0,1
0.6405672,4,rgb_pca,0,1
0.638618,4,rgb_pca,0,1
0.67982423,4,rgb_pca,0,1
0.7021546,4,rgb_pca,0,1
0.6847143,4,rgb_pca,0,1
0.6789923,4,rgb_pca,0,1
0.6995389,4,rgb_pca,0,1
0.71221924,4,rgb_pca,0,1
0.7434165,4,rgb_pca,0,1
0.6552459,4,rgb_pca,0,1
0.65266055,4,rgb_pca,0,1
0.71266043,4,rgb_pca,0,1
0.6590601,4,rgb_pca,0,1
0.6719662,4,rgb_pca,0,1
0.5744911,4,rgb_pca,0,1
0.5898133,4,rgb_pca,0,1
0.53492105,4,rgb_pca,0,1
0.5306781,4,rgb_pca,0,1
0.56495094,4,rgb_pca,0,1
0.5159191,4,rgb_pca,0,1
0.54079247,4,rgb_pca,0,1
0.6424911,4,rgb_pca,0,1
0.53124475,4,rgb_pca,0,1
0.51552117,4,rgb_pca,0,1
0.55675584,4,rgb_pca,0,1
0.662982,4,rgb_pca,0,1
0.58393836,4,rgb_pca,0,1
0.5102786,4,rgb_pca,0,1
0.52777576,4,rgb_pca,0,1
0.64740586,4,rgb_pca,0,1
0.57753587,4,rgb_pca,0,1
0.5274492,4,rgb_pca,0,1
0.5652313,4,rgb_pca,0,1
0.6593392,4,rgb_pca,0,1
0.55256176,4,rgb_pca,0,1
0.58081627,4,rgb_pca,0,1
0.5853933,4,rgb_pca,0,1
0.6629904,4,rgb_pca,0,1
0.52352357,4,rgb_pca,0,1
0.5425018,4,rgb_pca,0,1
0.5109968,4,rgb_pca,0,1
0.57345104,4,rgb_pca,0,1
0.57936454,4,rgb_pca,0,1
0.59778166,4,rgb_pca,0,1
0.46127927,4,rgb_pca,0,1
0.5028449,4,rgb_pca,0,1
0.7036121,4,rgb_pca,0,1
0.7010882,4,rgb_pca,0,1
0.7196288,4,rgb_pca,0,1
0.73416936,4,rgb_pca,0,1
0.7141732,4,rgb_pca,0,1
0.7345145,4,rgb_pca,0,1
0.77280164,4,rgb_pca,0,1
0.77521044,4,rgb_pca,0,1
0.69961786,4,rgb_pca,0,1
0.7289698,4,rgb_pca,0,1
0.7635182,4,rgb_pca,0,1
0.7441062,4,rgb_pca,0,1
0.56449836,4,rgb_pca,0,1
0.5653118,4,rgb_pca,0,1
0.6188505,4,rgb_pca,0,1
0.71265954,4,rgb_pca,0,1
0.70214874,4,rgb_pca,0,1
0.70030284,4,rgb_pca,0,1
0.5840838,4,rgb_pca,0,1
0.58983004,4,rgb_pca,0,1
0.58156705,4,rgb_pca,0,1
0.69740325,4,rgb_pca,0,1
0.7029944,4,rgb_pca,0,1
0.7046817,4,rgb_pca,0,1
0.5874769,4,rgb_pca,0,1
0.5914389,4,rgb_pca,0,1
0.59168005,4,rgb_pca,0,1
0.5926815,4,rgb_pca,0,1
0.5998353,4,rgb_pca,0,1
0.586643,4,rgb_pca,0,1
0.6858915,4,rgb_pca,0,1
0.7047576,4,rgb_pca,0,1
0.7263727,4,rgb_pca,0,1
0.61576194,4,rgb_pca,0,1
0.60166264,4,rgb_pca,0,1
0.63805264,4,rgb_pca,0,1
0.6733808,4,rgb_pca,0,1
0.6838016,4,rgb_pca,0,1
0.6333244,4,rgb_pca,0,1
0.6857474,4,rgb_pca,0,1
0.69843376,4,rgb_pca,0,1
0.56259906,4,rgb_pca,0,1
0.5773735,4,rgb_pca,0,1
0.6289922,4,rgb_pca,0,1
0.6731147,4,rgb_pca,0,1
0.7042448,4,rgb_pca,0,1
0.7100023,4,rgb_pca,0,1
0.74085927,4,rgb_pca,0,1
0.53661364,4,rgb_pca,0,1
0.5689801,4,rgb_pca,0,1
0.63199735,4,rgb_pca,0,1
0.65763843,4,rgb_pca,0,1
0.6840035,4,rgb_pca,0,1
0.6801496,4,rgb_pca,0,1
0.74590003,4,rgb_pca,0,1
0.5497429,4,rgb_pca,0,1
0.5813104,4,rgb_pca,0,1
0.61615765,4,rgb_pca,0,1
0.6443623,4,rgb_pca,0,1
0.67967683,4,rgb_pca,0,1
0.6571756,4,rgb_pca,0,1
0.71802914,4,rgb_pca,0,1
0.6052271,4,rgb_pca,0,1
0.5997139,4,rgb_pca,0,1
0.63731605,4,rgb_pca,0,1
0.6510571,4,rgb_pca,0,1
0.66681594,4,rgb_pca,0,1
0.61701417,4,rgb_pca,0,1
0.6495884,4,rgb_pca,0,1
0.63667345,4,rgb_pca,0,1
0.612216,4,rgb_pca,0,1
0.629588,4,rgb_pca,0,1
0.7095908,4,rgb_pca,0,1
0.63301516,4,rgb_pca,0,1
0.74618495,4,rgb_pca,0,1
0.69755685,4,rgb_pca,0,1
0.70801497,4,rgb_pca,0,1
0.7319129,4,rgb_pca,0,1
0.76175714,4,rgb_pca,0,1
0.7344821,4,rgb_pca,0,1
0.6686908,4,rgb_pca,0,1
0.7260906,4,rgb_pca,0,1
0.7358396,4,rgb_pca,0,1
0.721292,4,rgb_pca,0,1
0.6962701,4,rgb_pca,0,1
0.71077305,4,rgb_pca,0,1
0.6553979,4,rgb_pca,0,1
0.7306818,4,rgb_pca,0,1
0.6245917,4,rgb_pca,0,1
0.6228336,4,rgb_pca,0,1
0.58144915,4,rgb_pca,0,1
0.65397155,4,rgb_pca,0,1
0.7246515,4,rgb_pca,0,1
0.68032426,4,rgb_pca,0,1
0.62407136,4,rgb_pca,0,1
0.60039246,4,rgb_pca,0,1
0.6505716,4,rgb_pca,0,1
0.7070286,4,rgb_pca,0,1
0.6807996,4,rgb_pca,0,1
0.65518606,4,rgb_pca,0,1
0.6705671,4,rgb_pca,0,1
0.71062666,4,rgb_pca,0,1
0.674388,4,rgb_pca,0,1
0.6445718,4,rgb_pca,0,1
0.74119586,4,rgb_pca,0,1
0.7071545,4,rgb_pca,0,1
0.622543,4,rgb_pca,0,1
0.7640001,4,rgb_pca,0,1
0.72652984,4,rgb_pca,0,1
0.6439073,4,rgb_pca,0,1
0.7477256,4,rgb_pca,0,1
0.7480735,4,rgb_pca,0,1
0.7386236,6,rgb_pca,0,1
0.7303049,6,rgb_pca,0,1
0.7899307,6,rgb_pca,0,1
0.7255368,6,rgb_pca,0,1
0.7223342,6,rgb_pca,0,1
0.7748617,6,rgb_pca,0,1
0.7755951,6,rgb_pca,0,1
0.76562726,6,rgb_pca,0,1
0.6864077,6,rgb_pca,0,1
0.72570646,6,rgb_pca,0,1
0.7362147,6,rgb_pca,0,1
0.72283804,6,rgb_pca,0,1
0.7465544,6,rgb_pca,0,1
0.6856337,6,rgb_pca,0,1
0.7166076,6,rgb_pca,0,1
0.727216,6,rgb_pca,0,1
0.71464765,6,rgb_pca,0,1
0.7276716,6,rgb_pca,0,1
0.71332645,6,rgb_pca,0,1
0.69079965,6,rgb_pca,0,1
0.7238783,6,rgb_pca,0,1
0.75424075,6,rgb_pca,0,1
0.7604519,6,rgb_pca,0,1
0.7864738,6,rgb_pca,0,1
0.72399366,6,rgb_pca,0,1
0.69968474,6,rgb_pca,0,1
0.7207732,6,rgb_pca,0,1
0.748265,6,rgb_pca,0,1
0.7657497,6,rgb_pca,0,1
0.7148224,6,rgb_pca,0,1
0.7662325,6,rgb_pca,0,1
0.75542367,6,rgb_pca,0,1
0.71094894,6,rgb_pca,0,1
0.71504027,6,rgb_pca,0,1
0.7054435,6,rgb_pca,0,1
0.7132731,6,rgb_pca,0,1
0.73631865,6,rgb_pca,0,1
0.7436019,6,rgb_pca,0,1
0.72777474,6,rgb_pca,0,1
0.7284318,6,rgb_pca,0,1
0.68267334,6,rgb_pca,0,1
0.7217138,6,rgb_pca,0,1
0.74338436,6,rgb_pca,0,1
0.71285933,6,rgb_pca,0,1
0.7197925,6,rgb_pca,0,1
0.7364515,6,rgb_pca,0,1
0.79525375,6,rgb_pca,0,1
0.7331462,6,rgb_pca,0,1
0.75864816,6,rgb_pca,0,1
0.797998,6,rgb_pca,0,1
0.7597762,6,rgb_pca,0,1
0.72496647,6,rgb_pca,0,1
0.7113291,6,rgb_pca,0,1
0.7531502,6,rgb_pca,0,1
0.7699456,6,rgb_pca,0,1
0.7689471,6,rgb_pca,0,1
0.7702693,6,rgb_pca,0,1
0.69093895,6,rgb_pca,0,1
0.7338464,6,rgb_pca,0,1
0.768106,6,rgb_pca,0,1
0.762259,6,rgb_pca,0,1
0.7770753,6,rgb_pca,0,1
0.77500224,6,rgb_pca,0,1
0.7725732,6,rgb_pca,0,1
0.7961939,6,rgb_pca,0,1
0.77950966,6,rgb_pca,0,1
0.79765654,6,rgb_pca,0,1
0.75337744,6,rgb_pca,0,1
0.7657908,6,rgb_pca,0,1
0.7486074,6,rgb_pca,0,1
0.7740433,6,rgb_pca,0,1
0.7644045,6,rgb_pca,0,1
0.78614074,6,rgb_pca,0,1
0.7743993,6,rgb_pca,0,1
0.78407204,6,rgb_pca,0,1
0.7514181,6,rgb_pca,0,1
0.7709476,6,rgb_pca,0,1
0.74040747,6,rgb_pca,0,1
0.77528214,6,rgb_pca,0,1
0.7466841,6,rgb_pca,0,1
0.70854825,6,rgb_pca,0,1
0.70471376,6,rgb_pca,0,1
0.7186708,6,rgb_pca,0,1
0.74531674,6,rgb_pca,0,1
0.6695265,6,rgb_pca,0,1
0.6619678,6,rgb_pca,0,1
0.6449829,6,rgb_pca,0,1
0.6266085,6,rgb_pca,0,1
0.72581613,6,rgb_pca,0,1
0.74952865,6,rgb_pca,0,1
0.74652517,6,rgb_pca,0,1
0.74012417,6,rgb_pca,0,1
0.6936688,6,rgb_pca,0,1
0.73982537,6,rgb_pca,0,1
0.74201703,6,rgb_pca,0,1
0.7426194,6,rgb_pca,0,1
0.73088664,6,rgb_pca,0,1
0.7647052,6,rgb_pca,0,1
0.78219974,6,rgb_pca,0,1
0.7630888,6,rgb_pca,0,1
0.7218715,6,rgb_pca,0,1
0.7459578,6,rgb_pca,0,1
0.7973864,6,rgb_pca,0,1
0.71500725,6,rgb_pca,0,1
0.71070147,6,rgb_pca,0,1
0.74139726,6,rgb_pca,0,1
0.7467621,6,rgb_pca,0,1
0.75779676,6,rgb_pca,0,1
0.71881354,6,rgb_pca,0,1
0.74342144,6,rgb_pca,0,1
0.786299,6,rgb_pca,0,1
0.7012594,6,rgb_pca,0,1
0.7144057,6,rgb_pca,0,1
0.7662964,6,rgb_pca,0,1
0.7535817,6,rgb_pca,0,1
0.7783684,6,rgb_pca,0,1
0.7172047,6,rgb_pca,0,1
0.7441705,6,rgb_pca,0,1
0.74465746,6,rgb_pca,0,1
0.67964995,6,rgb_pca,0,1
0.6780135,6,rgb_pca,0,1
0.70828277,6,rgb_pca,0,1
0.7364899,6,rgb_pca,0,1
0.76179004,6,rgb_pca,0,1
0.7405666,6,rgb_pca,0,1
0.69612324,6,rgb_pca,0,1
0.7108544,6,rgb_pca,0,1
0.7206938,6,rgb_pca,0,1
0.7296626,6,rgb_pca,0,1
0.71058947,6,rgb_pca,0,1
0.734499,6,rgb_pca,0,1
0.75837255,6,rgb_pca,0,1
0.6921657,6,rgb_pca,0,1
0.66656995,6,rgb_pca,0,1
0.70810854,6,rgb_pca,0,1
0.7089685,6,rgb_pca,0,1
0.7186367,6,rgb_pca,0,1
0.7364595,6,rgb_pca,0,1
0.74347115,6,rgb_pca,0,1
0.7806766,6,rgb_pca,0,1
0.6954843,6,rgb_pca,0,1
0.6759168,6,rgb_pca,0,1
0.6917986,6,rgb_pca,0,1
0.68037367,6,rgb_pca,0,1
0.72019136,6,rgb_pca,0,1
0.7537607,6,rgb_pca,0,1
0.74692607,6,rgb_pca,0,1
0.793108,6,rgb_pca,0,1
0.7068479,6,rgb_pca,0,1
0.7643419,6,rgb_pca,0,1
0.7627421,6,rgb_pca,0,1
0.8125774,6,rgb_pca,0,1
0.7176852,6,rgb_pca,0,1
0.7675272,6,rgb_pca,0,1
0.7695647,6,rgb_pca,0,1
0.8018781,6,rgb_pca,0,1
0.7287618,6,rgb_pca,0,1
0.7134284,6,rgb_pca,0,1
0.72322106,6,rgb_pca,0,1
0.69185853,6,rgb_pca,0,1
0.7092245,6,rgb_pca,0,1
0.7209239,6,rgb_pca,0,1
0.72922826,6,rgb_pca,0,1
0.67801625,6,rgb_pca,0,1
0.69017094,6,rgb_pca,0,1
0.7381555,6,rgb_pca,0,1
0.76315403,6,rgb_pca,0,1
0.6975218,6,rgb_pca,0,1
0.6342246,6,rgb_pca,0,1
0.6969178,6,rgb_pca,0,1
0.7628932,6,rgb_pca,0,1
0.71528316,6,rgb_pca,0,1
0.7054956,6,rgb_pca,0,1
0.74831414,6,rgb_pca,0,1
0.7319437,6,rgb_pca,0,1
0.7573285,6,rgb_pca,0,1
0.6935946,6,rgb_pca,0,1
0.6625525,6,rgb_pca,0,1
0.7402651,6,rgb_pca,0,1
0.71732396,6,rgb_pca,0,1
0.7184361,6,rgb_pca,0,1
0.7605494,6,rgb_pca,0,1
0.7437235,6,rgb_pca,0,1
0.7792373,6,rgb_pca,0,1
0.6590364,6,rgb_pca,0,1
0.66474706,6,rgb_pca,0,1
0.7386861,6,rgb_pca,0,1
0.7524597,6,rgb_pca,0,1
0.74831516,6,rgb_pca,0,1
0.7672628,6,rgb_pca,0,1
0.7682109,6,rgb_pca,0,1
0.7861837,6,rgb_pca,0,1
0.67562413,6,rgb_pca,0,1
0.6485982,6,rgb_pca,0,1
0.7074938,6,rgb_pca,0,1
0.72309256,6,rgb_pca,0,1
0.73409367,6,rgb_pca,0,1
0.7711464,6,rgb_pca,0,1
0.7684348,6,rgb_pca,0,1
0.79473585,6,rgb_pca,0,1
0.57017475,6,rgb_pca,0,1
0.6437377,6,rgb_pca,0,1
0.6927674,6,rgb_pca,0,1
0.6940782,6,rgb_pca,0,1
0.7093717,6,rgb_pca,0,1
0.7534809,6,rgb_pca,0,1
0.73986775,6,rgb_pca,0,1
0.79377186,6,rgb_pca,0,1
0.61330324,6,rgb_pca,0,1
0.6379389,6,rgb_pca,0,1
0.6733575,6,rgb_pca,0,1
0.6885641,6,rgb_pca,0,1
0.71886736,6,rgb_pca,0,1
0.77430725,6,rgb_pca,0,1
0.74263823,6,rgb_pca,0,1
0.7740042,6,rgb_pca,0,1
0.7323542,6,rgb_pca,0,1
0.75463593,6,rgb_pca,0,1
0.7495501,6,rgb_pca,0,1
0.74479634,6,rgb_pca,0,1
0.75252587,6,rgb_pca,0,1
0.76817256,6,rgb_pca,0,1
0.75026894,6,rgb_pca,0,1
0.75110626,6,rgb_pca,0,1
0.62017125,5,rgb_pca,0,1
0.6262566,5,rgb_pca,0,1
0.6901612,5,rgb_pca,0,1
0.73493564,5,rgb_pca,0,1
0.6700502,5,rgb_pca,0,1
0.6561724,5,rgb_pca,0,1
0.6970732,5,rgb_pca,0,1
0.68718266,5,rgb_pca,0,1
0.7237216,5,rgb_pca,0,1
0.6830273,5,rgb_pca,0,1
0.69108117,5,rgb_pca,0,1
0.7314036,5,rgb_pca,0,1
0.7048224,5,rgb_pca,0,1
0.6840026,5,rgb_pca,0,1
0.732424,5,rgb_pca,0,1
0.76663184,5,rgb_pca,0,1
0.68790317,5,rgb_pca,0,1
0.69091356,5,rgb_pca,0,1
0.74954015,5,rgb_pca,0,1
0.7632631,5,rgb_pca,0,1
0.68701816,5,rgb_pca,0,1
0.6687881,5,rgb_pca,0,1
0.69145954,5,rgb_pca,0,1
0.72620285,5,rgb_pca,0,1
0.6958159,5,rgb_pca,0,1
0.6863215,5,rgb_pca,0,1
0.7080151,5,rgb_pca,0,1
0.73465973,5,rgb_pca,0,1
0.6950269,5,rgb_pca,0,1
0.69262743,5,rgb_pca,0,1
0.72260666,5,rgb_pca,0,1
0.6964952,5,rgb_pca,0,1
0.68977475,5,rgb_pca,0,1
0.69651794,5,rgb_pca,0,1
0.69225776,5,rgb_pca,0,1
0.70017195,5,rgb_pca,0,1
0.71292126,5,rgb_pca,0,1
0.7197969,6,rgb_pca,0,1
0.7524874,6,rgb_pca,0,1
0.74307674,6,rgb_pca,0,1
0.75325793,6,rgb_pca,0,1
0.7136946,6,rgb_pca,0,1
0.75158644,6,rgb_pca,0,1
0.72815543,6,rgb_pca,0,1
0.7204729,6,rgb_pca,0,1
0.72337,6,rgb_pca,0,1
0.7832538,6,rgb_pca,0,1
0.7595367,6,rgb_pca,0,1
0.76310617,6,rgb_pca,0,1
0.6594247,6,rgb_pca,0,1
0.7251867,6,rgb_pca,0,1
0.7370297,6,rgb_pca,0,1
0.7571262,6,rgb_pca,0,1
0.73128706,6,rgb_pca,0,1
0.756275,6,rgb_pca,0,1
0.7635523,6,rgb_pca,0,1
0.7545029,6,rgb_pca,0,1
0.6798903,6,rgb_pca,0,1
0.7127896,6,rgb_pca,0,1
0.73212373,6,rgb_pca,0,1
0.73264694,6,rgb_pca,0,1
0.7031142,6,rgb_pca,0,1
0.7236134,6,rgb_pca,0,1
0.745513,6,rgb_pca,0,1
0.71201086,6,rgb_pca,0,1
0.68622905,6,rgb_pca,0,1
0.71681046,6,rgb_pca,0,1
0.76898587,6,rgb_pca,0,1
0.74127567,6,rgb_pca,0,1
0.7166108,6,rgb_pca,0,1
0.7156189,6,rgb_pca,0,1
0.7103879,6,rgb_pca,0,1
0.7130659,6,rgb_pca,0,1
0.72271574,6,rgb_pca,0,1
0.7577673,6,rgb_pca,0,1
0.77938044,6,rgb_pca,0,1
0.76890886,6,rgb_pca,0,1
0.7720952,6,rgb_pca,0,1
0.7692796,6,rgb_pca,0,1
0.7657864,6,rgb_pca,0,1
0.71186656,6,rgb_pca,0,1
0.7188922,6,rgb_pca,0,1
0.74067146,6,rgb_pca,0,1
0.7782519,6,rgb_pca,0,1
0.77787703,6,rgb_pca,0,1
0.793171,6,rgb_pca,0,1
0.80354315,6,rgb_pca,0,1
0.78325194,6,rgb_pca,0,1
0.75802493,6,rgb_pca,0,1
0.7074404,6,rgb_pca,0,1
0.75137174,6,rgb_pca,0,1
0.78064,6,rgb_pca,0,1
0.77117026,6,rgb_pca,0,1
0.77425617,6,rgb_pca,0,1
0.7931532,6,rgb_pca,0,1
0.78902864,6,rgb_pca,0,1
0.7653889,6,rgb_pca,0,1
0.7934627,6,rgb_pca,0,1
0.78625345,6,rgb_pca,0,1
0.77907634,6,rgb_pca,0,1
0.7498337,6,rgb_pca,0,1
0.7887826,6,rgb_pca,0,1
0.77608734,6,rgb_pca,0,1
0.7903242,6,rgb_pca,0,1
0.76036656,6,rgb_pca,0,1
0.6747471,5,rgb_pca,0,1
0.6657622,5,rgb_pca,0,1
0.7464144,5,rgb_pca,0,1
0.767053,5,rgb_pca,0,1
0.7062254,5,rgb_pca,0,1
0.6985451,5,rgb_pca,0,1
0.7416865,5,rgb_pca,0,1
0.73087907,5,rgb_pca,0,1
0.70808995,5,rgb_pca,0,1
0.70789784,5,rgb_pca,0,1
0.7416795,5,rgb_pca,0,1
0.74853796,5,rgb_pca,0,1
0.6425941,5,rgb_pca,0,1
0.6896413,5,rgb_pca,0,1
0.7445668,5,rgb_pca,0,1
0.7452229,5,rgb_pca,0,1
0.6700749,5,rgb_pca,0,1
0.7134815,5,rgb_pca,0,1
0.71610844,5,rgb_pca,0,1
0.72659826,5,rgb_pca,0,1
0.6991812,5,rgb_pca,0,1
0.7164796,5,rgb_pca,0,1
0.7266314,5,rgb_pca,0,1
0.7308969,5,rgb_pca,0,1
0.72732925,5,rgb_pca,0,1
0.7442477,5,rgb_pca,0,1
0.74470973,5,rgb_pca,0,1
0.745365,5,rgb_pca,0,1
0.7663279,5,rgb_pca,0,1
0.76001906,5,rgb_pca,0,1
0.7656971,5,rgb_pca,0,1
0.76867175,5,rgb_pca,0,1
0.78819245,5,rgb_pca,0,1
0.74961895,5,rgb_pca,0,1
0.76646745,5,rgb_pca,0,1
0.7532933,5,rgb_pca,0,1
0.7324213,5,rgb_pca,0,1
0.7864138,6,rgb_pca,0,1
0.7676228,6,rgb_pca,0,1
0.77189827,6,rgb_pca,0,1
0.7483152,6,rgb_pca,0,1
0.785318,6,rgb_pca,0,1
0.7664796,6,rgb_pca,0,1
0.765877,6,rgb_pca,0,1
0.75155556,6,rgb_pca,0,1
0.7974746,6,rgb_pca,0,1
0.78426856,6,rgb_pca,0,1
0.77719545,6,rgb_pca,0,1
0.76090664,6,rgb_pca,0,1
0.7947655,6,rgb_pca,0,1
0.7951925,6,rgb_pca,0,1
0.7953592,6,rgb_pca,0,1
0.7897131,6,rgb_pca,0,1
0.754313,6,rgb_pca,0,1
0.7723115,6,rgb_pca,0,1
0.7286711,6,rgb_pca,0,1
0.7132659,6,rgb_pca,0,1
0.7657405,6,rgb_pca,0,1
0.789162,6,rgb_pca,0,1
0.7979592,6,rgb_pca,0,1
0.7968509,6,rgb_pca,0,1
0.77798784,6,rgb_pca,0,1
0.7866992,6,rgb_pca,0,1
0.7790736,6,rgb_pca,0,1
0.7321006,6,rgb_pca,0,1
0.7747494,6,rgb_pca,0,1
0.7938231,6,rgb_pca,0,1
0.79409647,6,rgb_pca,0,1
0.7866839,6,rgb_pca,0,1
0.75938046,6,rgb_pca,0,1
0.79453796,6,rgb_pca,0,1
0.7783468,6,rgb_pca,0,1
0.70433915,6,rgb_pca,0,1
0.7603355,6,rgb_pca,0,1
0.78457177,6,rgb_pca,0,1
0.7940091,6,rgb_pca,0,1
0.7792066,6,rgb_pca,0,1
0.76191866,6,rgb_pca,0,1
0.7760562,6,rgb_pca,0,1
0.75922483,6,rgb_pca,0,1
0.7210212,6,rgb_pca,0,1
0.75011265,6,rgb_pca,0,1
0.7489189,6,rgb_pca,0,1
0.761663,6,rgb_pca,0,1
0.76355934,6,rgb_pca,0,1
0.77242124,6,rgb_pca,0,1
0.78455776,6,rgb_pca,0,1
0.7785523,6,rgb_pca,0,1
0.76141715,6,rgb_pca,0,1
0.73625755,6,rgb_pca,0,1
0.72527945,6,rgb_pca,0,1
0.72318625,6,rgb_pca,0,1
0.74191415,6,rgb_pca,0,1
0.75490785,6,rgb_pca,0,1
0.785118,6,rgb_pca,0,1
0.7860586,6,rgb_pca,0,1
0.75740415,6,rgb_pca,0,1
0.71754646,6,rgb_pca,0,1
0.7521125,6,rgb_pca,0,1
0.75018525,6,rgb_pca,0,1
0.7318708,6,rgb_pca,0,1
0.7026261,6,rgb_pca,0,1
0.7143628,6,rgb_pca,0,1
0.7323622,6,rgb_pca,0,1
0.7223124,6,rgb_pca,0,1
0.6956973,7,rgb_pca,0,1
0.6834294,7,rgb_pca,0,1
0.65919274,7,rgb_pca,0,1
0.6273372,7,rgb_pca,0,1
0.6222718,7,rgb_pca,0,1
0.65484345,7,rgb_pca,0,1
0.6807269,7,rgb_pca,0,1
0.76462567,7,rgb_pca,0,1
0.7688864,7,rgb_pca,0,1
0.73729837,7,rgb_pca,0,1
0.71765137,7,rgb_pca,0,1
0.6779895,7,rgb_pca,0,1
0.6795495,7,rgb_pca,0,1
0.6511694,7,rgb_pca,0,1
0.6173907,7,rgb_pca,0,1
0.8038379,7,rgb_pca,0,1
0.8336357,7,rgb_pca,0,1
0.83046603,7,rgb_pca,0,1
0.7999376,7,rgb_pca,0,1
0.79060245,7,rgb_pca,0,1
0.7722808,7,rgb_pca,0,1
0.7663636,7,rgb_pca,0,1
0.7455607,7,rgb_pca,0,1
0.7173151,7,rgb_pca,0,1
0.6420229,7,rgb_pca,0,1
0.64080584,7,rgb_pca,0,1
0.62938964,7,rgb_pca,0,1
0.654039,7,rgb_pca,0,1
0.6725039,7,rgb_pca,0,1
0.6719498,7,rgb_pca,0,1
0.6811017,7,rgb_pca,0,1
0.70285964,7,rgb_pca,0,1
0.6967331,7,rgb_pca,0,1
0.67924666,7,rgb_pca,0,1
0.66275144,7,rgb_pca,0,1
0.68321544,7,rgb_pca,0,1
0.6748064,7,rgb_pca,0,1
0.669785,7,rgb_pca,0,1
0.6698226,7,rgb_pca,0,1
0.7558769,7,rgb_pca,0,1
0.7282221,7,rgb_pca,0,1
0.7056092,7,rgb_pca,0,1
0.6731676,7,rgb_pca,0,1
0.6633439,7,rgb_pca,0,1
0.6722882,7,rgb_pca,0,1
0.68097293,7,rgb_pca,0,1
0.67018867,7,rgb_pca,0,1
0.6776675,7,rgb_pca,0,1
0.78660226,7,rgb_pca,0,1
0.74781424,7,rgb_pca,0,1
0.72999567,7,rgb_pca,0,1
0.7235806,7,rgb_pca,0,1
0.7272177,5,rgb_pca,0,1
0.69767606,5,rgb_pca,0,1
0.7101566,5,rgb_pca,0,1
0.7349618,5,rgb_pca,0,1
0.68161714,5,rgb_pca,0,1
0.6698591,5,rgb_pca,0,1
0.7445381,5,rgb_pca,0,1
0.73904467,5,rgb_pca,0,1
0.7028344,5,rgb_pca,0,1
0.692353,5,rgb_pca,0,1
0.71857065,5,rgb_pca,0,1
0.72755015,5,rgb_pca,0,1
0.7228174,5,rgb_pca,0,1
0.71787655,5,rgb_pca,0,1
0.730885,5,rgb_pca,0,1
0.740101,5,rgb_pca,0,1
0.71080804,5,rgb_pca,0,1
0.72151244,5,rgb_pca,0,1
0.7386545,5,rgb_pca,0,1
0.74721783,5,rgb_pca,0,1
0.72965366,5,rgb_pca,0,1
0.7384969,5,rgb_pca,0,1
0.78348917,5,rgb_pca,0,1
0.76443565,5,rgb_pca,0,1
0.717396,5,rgb_pca,0,1
0.7501862,5,rgb_pca,0,1
0.7539298,5,rgb_pca,0,1
0.7642849,5,rgb_pca,0,1
0.71535784,5,rgb_pca,0,1
0.74178857,5,rgb_pca,0,1
0.743982,5,rgb_pca,0,1
0.67897534,5,rgb_pca,0,1
0.74131006,5,rgb_pca,0,1
0.72896254,5,rgb_pca,0,1
0.7888254,5,rgb_pca,0,1
0.72856206,5,rgb_pca,0,1
0.7745985,5,rgb_pca,0,1
0.72521484,5,rgb_pca,0,1
0.69313216,5,rgb_pca,0,1
0.68897855,5,rgb_pca,0,1
0.7010087,5,rgb_pca,0,1
0.7524462,5,rgb_pca,0,1
0.70585334,5,rgb_pca,0,1
0.7001377,5,rgb_pca,0,1
0.72466624,5,rgb_pca,0,1
0.75193954,5,rgb_pca,0,1
0.7071307,5,rgb_pca,0,1
0.706131,5,rgb_pca,0,1
0.71853167,5,rgb_pca,0,1
0.7621155,5,rgb_pca,0,1
0.7416034,5,rgb_pca,0,1
0.7432821,5,rgb_pca,0,1
0.7559359,5,rgb_pca,0,1
0.74956715,5,rgb_pca,0,1
0.7320949,5,rgb_pca,0,1
0.72653925,5,rgb_pca,0,1
0.72360444,5,rgb_pca,0,1
0.7572663,5,rgb_pca,0,1
0.7377616,5,rgb_pca,0,1
0.7482401,5,rgb_pca,0,1
0.73751503,5,rgb_pca,0,1
0.76499116,5,rgb_pca,0,1
0.7540155,5,rgb_pca,0,1
0.7597312,5,rgb_pca,0,1
0.75477993,5,rgb_pca,0,1
0.7140699,5,rgb_pca,0,1
0.7297002,5,rgb_pca,0,1
0.7764535,5,rgb_pca,0,1
0.6930405,5,rgb_pca,0,1
0.72532284,5,rgb_pca,0,1
0.7368432,5,rgb_pca,0,1
0.7504495,5,rgb_pca,0,1
0.7609095,5,rgb_pca,0,1
0.78278077,5,rgb_pca,0,1
0.6105104,3,rgb_pca,0,1
0.6629282,3,rgb_pca,0,1
0.6275182,3,rgb_pca,0,1
0.67198116,3,rgb_pca,0,1
0.6230969,3,rgb_pca,0,1
0.6364466,3,rgb_pca,0,1
0.6447625,3,rgb_pca,0,1
0.6818416,3,rgb_pca,0,1
0.6947459,3,rgb_pca,0,1
0.66501,3,rgb_pca,0,1
0.64447165,3,rgb_pca,0,1
0.6562667,3,rgb_pca,0,1
0.67405057,3,rgb_pca,0,1
0.6591935,3,rgb_pca,0,1
0.6945958,3,rgb_pca,0,1
0.68500996,3,rgb_pca,0,1
0.68302417,3,rgb_pca,0,1
0.6907432,3,rgb_pca,0,1
0.68817556,3,rgb_pca,0,1
0.6600264,3,rgb_pca,0,1
0.675628,3,rgb_pca,0,1
0.68151975,3,rgb_pca,0,1
0.6645584,3,rgb_pca,0,1
0.67057794,3,rgb_pca,0,1
0.6828257,3,rgb_pca,0,1
0.70437133,3,rgb_pca,0,1
0.6658633,3,rgb_pca,0,1
0.69469935,3,rgb_pca,0,1
0.6831172,3,rgb_pca,0,1
0.6712739,3,rgb_pca,0,1
0.6700014,3,rgb_pca,0,1
0.6719769,3,rgb_pca,0,1
0.6850543,3,rgb_pca,0,1
0.6924294,3,rgb_pca,0,1
0.6686232,3,rgb_pca,0,1
0.7363142,3,rgb_pca,0,1
0.6792389,3,rgb_pca,0,1
0.68664414,3,rgb_pca,0,1
0.6557623,3,rgb_pca,0,1
0.6143379,3,rgb_pca,0,1
0.6674269,3,rgb_pca,0,1
0.6875063,3,rgb_pca,0,1
0.6825618,3,rgb_pca,0,1
0.6813316,3,rgb_pca,0,1
0.6532181,3,rgb_pca,0,1
0.7502649,3,rgb_pca,0,1
0.6926902,3,rgb_pca,0,1
0.6552076,3,rgb_pca,0,1
0.6389138,3,rgb_pca,0,1
0.59887975,3,rgb_pca,0,1
0.6289058,3,rgb_pca,0,1
0.6508678,3,rgb_pca,0,1
0.609578,3,rgb_pca,0,1
0.60553586,3,rgb_pca,0,1
0.61200964,3,rgb_pca,0,1
0.71819365,3,rgb_pca,0,1
0.66605735,3,rgb_pca,0,1
0.6373794,3,rgb_pca,0,1
0.64417267,3,rgb_pca,0,1
0.6161593,3,rgb_pca,0,1
0.62375665,3,rgb_pca,0,1
0.6499932,3,rgb_pca,0,1
0.6427081,3,rgb_pca,0,1
0.63086295,3,rgb_pca,0,1
0.6617467,3,rgb_pca,0,1
0.75263345,3,rgb_pca,0,1
0.64879966,3,rgb_pca,0,1
0.63379586,3,rgb_pca,0,1
0.66855246,3,rgb_pca,0,1
0.6344075,3,rgb_pca,0,1
0.6082381,3,rgb_pca,0,1
0.6310251,3,rgb_pca,0,1
0.65293443,3,rgb_pca,0,1
0.6473615,3,rgb_pca,0,1
0.6968206,3,rgb_pca,0,1
0.7802963,3,rgb_pca,0,1
0.7082254,3,rgb_pca,0,1
0.70358086,3,rgb_pca,0,1
0.7107556,3,rgb_pca,0,1
0.6887594,3,rgb_pca,0,1
0.6805674,3,rgb_pca,0,1
0.6960518,3,rgb_pca,0,1
0.7234977,3,rgb_pca,0,1
0.72759473,3,rgb_pca,0,1
0.770687,3,rgb_pca,0,1
0.79977584,3,rgb_pca,0,1
0.6585572,3,rgb_pca,0,1
0.70778644,3,rgb_pca,0,1
0.753676,3,rgb_pca,0,1
0.7396773,3,rgb_pca,0,1
0.68628466,3,rgb_pca,0,1
0.6947275,3,rgb_pca,0,1
0.69825685,3,rgb_pca,0,1
0.6700372,3,rgb_pca,0,1
0.6726707,3,rgb_pca,0,1
0.6602582,3,rgb_pca,0,1
0.6851093,3,rgb_pca,0,1
0.71575904,3,rgb_pca,0,1
0.6939153,3,rgb_pca,0,1
0.71168035,3,rgb_pca,0,1
0.6999669,3,rgb_pca,0,1
0.71938634,3,rgb_pca,0,1
0.6888584,3,rgb_pca,0,1
0.70576304,3,rgb_pca,0,1
0.73822343,3,rgb_pca,0,1
0.72093546,3,rgb_pca,0,1
0.6834235,3,rgb_pca,0,1
0.6830566,3,rgb_pca,0,1
0.71235603,3,rgb_pca,0,1
0.6715865,3,rgb_pca,0,1
0.67609453,3,rgb_pca,0,1
0.6937088,3,rgb_pca,0,1
0.66157305,3,rgb_pca,0,1
0.67426133,3,rgb_pca,0,1
0.68843305,3,rgb_pca,0,1
0.69703686,3,rgb_pca,0,1
0.6772485,3,rgb_pca,0,1
0.67390025,3,rgb_pca,0,1
0.6499836,3,rgb_pca,0,1
0.6290507,3,rgb_pca,0,1
0.6268298,3,rgb_pca,0,1
0.630197,3,rgb_pca,0,1
0.6665136,3,rgb_pca,0,1
0.7066932,3,rgb_pca,0,1
0.71570027,3,rgb_pca,0,1
0.71489024,3,rgb_pca,0,1
0.69284886,3,rgb_pca,0,1
0.67634344,3,rgb_pca,0,1
0.66178644,3,rgb_pca,0,1
0.64470243,3,rgb_pca,0,1
0.6229574,3,rgb_pca,0,1
0.58970326,3,rgb_pca,0,1
0.6024297,3,rgb_pca,0,1
0.64312047,3,rgb_pca,0,1
0.6883892,3,rgb_pca,0,1
0.6956907,3,rgb_pca,0,1
0.74892396,3,rgb_pca,0,1
0.7073196,3,rgb_pca,0,1
0.6588148,3,rgb_pca,0,1
0.6349237,3,rgb_pca,0,1
0.61705464,3,rgb_pca,0,1
0.6267885,3,rgb_pca,0,1
0.61774194,3,rgb_pca,0,1
0.5723413,3,rgb_pca,0,1
0.58503866,3,rgb_pca,0,1
0.5952994,3,rgb_pca,0,1
0.6601729,3,rgb_pca,0,1
0.6801213,3,rgb_pca,0,1
0.74376774,3,rgb_pca,0,1
0.70487046,3,rgb_pca,0,1
0.6635581,3,rgb_pca,0,1
0.64563894,3,rgb_pca,0,1
0.61924547,3,rgb_pca,0,1
0.6342156,3,rgb_pca,0,1
0.6357209,3,rgb_pca,0,1
0.60788256,3,rgb_pca,0,1
0.6039531,3,rgb_pca,0,1
0.60437244,3,rgb_pca,0,1
0.65261024,3,rgb_pca,0,1
0.6739917,3,rgb_pca,0,1
0.68487704,3,rgb_pca,0,1
0.7290951,3,rgb_pca,0,1
0.71666175,3,rgb_pca,0,1
0.699466,3,rgb_pca,0,1
0.67543554,3,rgb_pca,0,1
0.64182276,3,rgb_pca,0,1
0.63967633,3,rgb_pca,0,1
0.64752424,3,rgb_pca,0,1
0.63320047,3,rgb_pca,0,1
0.6080748,3,rgb_pca,0,1
0.6197162,3,rgb_pca,0,1
0.6484525,3,rgb_pca,0,1
0.66336834,3,rgb_pca,0,1
0.68732846,3,rgb_pca,0,1
0.7612273,3,rgb_pca,0,1
0.76795274,3,rgb_pca,0,1
0.75864565,3,rgb_pca,0,1
0.7308363,3,rgb_pca,0,1
0.6943597,3,rgb_pca,0,1
0.7009772,3,rgb_pca,0,1
0.70701075,3,rgb_pca,0,1
0.69560516,3,rgb_pca,0,1
0.6908107,3,rgb_pca,0,1
0.6902237,3,rgb_pca,0,1
0.68738335,3,rgb_pca,0,1
0.6959445,3,rgb_pca,0,1
0.7211448,3,rgb_pca,0,1
0.75312805,3,rgb_pca,0,1
0.7657232,3,rgb_pca,0,1
0.7023601,3,rgb_pca,0,1
0.67286503,3,rgb_pca,0,1
0.73419225,3,rgb_pca,0,1
0.71229637,3,rgb_pca,0,1
0.7311774,3,rgb_pca,0,1
0.6655795,3,rgb_pca,0,1
0.6216279,3,rgb_pca,0,1
0.7159594,3,rgb_pca,0,1
0.6694388,3,rgb_pca,0,1
0.6253368,3,rgb_pca,0,1
0.7487649,3,rgb_pca,0,1
0.73128176,3,rgb_pca,0,1
0.72912854,3,rgb_pca,0,1
0.7435615,7,rgb_pca,0,1
0.7345348,7,rgb_pca,0,1
0.72820854,7,rgb_pca,0,1
0.70031226,7,rgb_pca,0,1
0.6912521,7,rgb_pca,0,1
0.69689184,7,rgb_pca,0,1
0.68248415,7,rgb_pca,0,1
0.72062767,7,rgb_pca,0,1
0.7282163,7,rgb_pca,0,1
0.7380575,7,rgb_pca,0,1
0.72781134,7,rgb_pca,0,1
0.7355658,7,rgb_pca,0,1
0.7266388,7,rgb_pca,0,1
0.6691694,7,rgb_pca,0,1
0.6657809,7,rgb_pca,0,1
0.7624962,7,rgb_pca,0,1
0.7518876,7,rgb_pca,0,1
0.7416371,7,rgb_pca,0,1
0.7524173,7,rgb_pca,0,1
0.7555922,7,rgb_pca,0,1
0.7674983,7,rgb_pca,0,1
0.7613107,7,rgb_pca,0,1
0.73045576,7,rgb_pca,0,1
0.71107376,7,rgb_pca,0,1
0.78615034,7,rgb_pca,0,1
0.7896104,7,rgb_pca,0,1
0.76944387,7,rgb_pca,0,1
0.77045166,7,rgb_pca,0,1
0.76806486,7,rgb_pca,0,1
0.756356,7,rgb_pca,0,1
0.7452519,7,rgb_pca,0,1
0.7486008,7,rgb_pca,0,1
0.73404133,7,rgb_pca,0,1
0.7770935,7,rgb_pca,0,1
0.7925215,7,rgb_pca,0,1
0.7837716,7,rgb_pca,0,1
0.7926303,7,rgb_pca,0,1
0.7808025,7,rgb_pca,0,1
0.7433016,7,rgb_pca,0,1
0.7311191,7,rgb_pca,0,1
0.727628,7,rgb_pca,0,1
0.74354273,7,rgb_pca,0,1
0.76614267,7,rgb_pca,0,1
0.7861964,7,rgb_pca,0,1
0.7933439,7,rgb_pca,0,1
0.79923964,7,rgb_pca,0,1
0.7706357,7,rgb_pca,0,1
0.736318,7,rgb_pca,0,1
0.7456738,7,rgb_pca,0,1
0.7534317,7,rgb_pca,0,1
0.7453517,7,rgb_pca,0,1
0.75794786,7,rgb_pca,0,1
0.78157103,7,rgb_pca,0,1
0.79738903,7,rgb_pca,0,1
0.80194616,7,rgb_pca,0,1
0.783217,7,rgb_pca,0,1
0.75882053,7,rgb_pca,0,1
0.75554603,7,rgb_pca,0,1
0.7549927,7,rgb_pca,0,1
0.73236454,7,rgb_pca,0,1
0.74341077,7,rgb_pca,0,1
0.7560302,7,rgb_pca,0,1
0.7634303,7,rgb_pca,0,1
0.7915812,7,rgb_pca,0,1
0.7799546,7,rgb_pca,0,1
0.781008,7,rgb_pca,0,1
0.75361013,7,rgb_pca,0,1
0.70934093,7,rgb_pca,0,1
0.7485581,7,rgb_pca,0,1
0.75887394,3,rgb_pca,0,1
0.74389136,3,rgb_pca,0,1
0.7007774,3,rgb_pca,0,1
0.72331667,3,rgb_pca,0,1
0.7305198,3,rgb_pca,0,1
0.7034743,3,rgb_pca,0,1
0.6886141,3,rgb_pca,0,1
0.6919608,3,rgb_pca,0,1
0.69978464,3,rgb_pca,0,1
0.66754574,3,rgb_pca,0,1
0.7004682,3,rgb_pca,0,1
0.68148816,3,rgb_pca,0,1
0.69481295,3,rgb_pca,0,1
0.67760193,3,rgb_pca,0,1
0.6708095,3,rgb_pca,0,1
0.6684513,3,rgb_pca,0,1
0.6987165,3,rgb_pca,0,1
0.7077185,3,rgb_pca,0,1
0.7338913,3,rgb_pca,0,1
0.7440313,3,rgb_pca,0,1
0.753321,3,rgb_pca,0,1
0.7374697,3,rgb_pca,0,1
0.737798,3,rgb_pca,0,1
0.7217368,3,rgb_pca,0,1
0.7545707,3,rgb_pca,0,1
0.75921655,3,rgb_pca,0,1
0.75535893,3,rgb_pca,0,1
0.74936223,3,rgb_pca,0,1
0.7102585,3,rgb_pca,0,1
0.7272362,3,rgb_pca,0,1
0.74483585,3,rgb_pca,0,1
0.74382997,3,rgb_pca,0,1
0.72746265,3,rgb_pca,0,1
0.73915833,3,rgb_pca,0,1
0.7122657,3,rgb_pca,0,1
0.718536,3,rgb_pca,0,1
0.7259258,3,rgb_pca,0,1
0.75352114,3,rgb_pca,0,1
0.72713464,3,rgb_pca,0,1
0.7303735,3,rgb_pca,0,1
0.7355751,3,rgb_pca,0,1
0.72449,3,rgb_pca,0,1
0.7264531,3,rgb_pca,0,1
0.75896096,3,rgb_pca,0,1
0.7506483,3,rgb_pca,0,1
0.7489625,3,rgb_pca,0,1
0.7245512,3,rgb_pca,0,1
0.7132416,3,rgb_pca,0,1
0.6853574,3,rgb_pca,0,1
0.7169046,3,rgb_pca,0,1
0.7476207,3,rgb_pca,0,1
0.74957967,3,rgb_pca,0,1
0.74276257,3,rgb_pca,0,1
0.7359083,3,rgb_pca,0,1
0.7313265,3,rgb_pca,0,1
0.76375794,3,rgb_pca,0,1
0.7684864,3,rgb_pca,0,1
0.7881202,3,rgb_pca,0,1
0.76543176,3,rgb_pca,0,1
0.7429885,3,rgb_pca,0,1
0.69494104,3,rgb_pca,0,1
0.70430744,3,rgb_pca,0,1
0.72837585,3,rgb_pca,0,1
0.7431476,3,rgb_pca,0,1
0.7179843,3,rgb_pca,0,1
0.75486743,3,rgb_pca,0,1
0.7440789,3,rgb_pca,0,1
0.73989296,3,rgb_pca,0,1
0.73409355,3,rgb_pca,0,1
0.7551371,3,rgb_pca,0,1
0.7869425,3,rgb_pca,0,1
0.77540106,3,rgb_pca,0,1
0.7548836,3,rgb_pca,0,1
0.7146785,3,rgb_pca,0,1
0.7027885,3,rgb_pca,0,1
0.65144616,3,rgb_pca,0,1
0.69381505,3,rgb_pca,0,1
0.70912856,3,rgb_pca,0,1
0.75686616,3,rgb_pca,0,1
0.74742293,3,rgb_pca,0,1
0.7319331,3,rgb_pca,0,1
0.72334313,3,rgb_pca,0,1
0.7354432,3,rgb_pca,0,1
0.7841557,3,rgb_pca,0,1
0.7825241,3,rgb_pca,0,1
0.7403112,3,rgb_pca,0,1
0.7255639,3,rgb_pca,0,1
0.6777854,3,rgb_pca,0,1
0.71161485,3,rgb_pca,0,1
0.75250965,3,rgb_pca,0,1
0.7627518,3,rgb_pca,0,1
0.739879,3,rgb_pca,0,1
0.74756265,3,rgb_pca,0,1
0.7609462,3,rgb_pca,0,1
0.79921436,3,rgb_pca,0,1
0.79390883,3,rgb_pca,0,1
0.7646415,3,rgb_pca,0,1
0.6921489,3,rgb_pca,0,1
0.70767987,3,rgb_pca,0,1
0.74657035,3,rgb_pca,0,1
0.77108586,3,rgb_pca,0,1
0.7602579,3,rgb_pca,0,1
0.7756325,3,rgb_pca,0,1
0.781939,3,rgb_pca,0,1
0.8103419,3,rgb_pca,0,1
0.7845376,3,rgb_pca,0,1
0.77783036,3,rgb_pca,0,1
0.71999073,3,rgb_pca,0,1
0.6898738,3,rgb_pca,0,1
0.72457224,3,rgb_pca,0,1
0.7259501,3,rgb_pca,0,1
0.7422198,3,rgb_pca,0,1
0.75574887,3,rgb_pca,0,1
0.78086555,3,rgb_pca,0,1
0.7419586,3,rgb_pca,0,1
0.7234943,3,rgb_pca,0,1
0.7331114,3,rgb_pca,0,1
0.71171004,3,rgb_pca,0,1
0.7362341,3,rgb_pca,0,1
0.74382704,3,rgb_pca,0,1
0.76777244,3,rgb_pca,0,1
0.74324346,3,rgb_pca,0,1
0.7365742,3,rgb_pca,0,1
0.7666649,3,rgb_pca,0,1
0.7721598,3,rgb_pca,0,1
0.75161827,3,rgb_pca,0,1
0.78799653,3,rgb_pca,0,1
0.7698186,3,rgb_pca,0,1
0.7621139,3,rgb_pca,0,1
0.7917016,3,rgb_pca,0,1
0.73775184,3,rgb_pca,0,1
0.71086454,3,rgb_pca,0,1
0.73559034,3,rgb_pca,0,1
0.70785314,7,rgb_pca,0,1
0.7411493,7,rgb_pca,0,1
0.7678401,7,rgb_pca,0,1
0.787406,7,rgb_pca,0,1
0.728486,7,rgb_pca,0,1
0.6535275,7,rgb_pca,0,1
0.63609433,7,rgb_pca,0,1
0.76061,7,rgb_pca,0,1
0.7613081,7,rgb_pca,0,1
0.79655373,7,rgb_pca,0,1
0.8212109,7,rgb_pca,0,1
0.81832266,7,rgb_pca,0,1
0.76264906,7,rgb_pca,0,1
0.674788,7,rgb_pca,0,1
0.6447208,7,rgb_pca,0,1
0.79248875,7,rgb_pca,0,1
0.7907857,7,rgb_pca,0,1
0.78826594,7,rgb_pca,0,1
0.82145107,7,rgb_pca,0,1
0.8321138,7,rgb_pca,0,1
0.8309004,7,rgb_pca,0,1
0.7928313,7,rgb_pca,0,1
0.7137994,7,rgb_pca,0,1
0.65493345,7,rgb_pca,0,1
0.7417426,7,rgb_pca,0,1
0.72399354,7,rgb_pca,0,1
0.7956248,7,rgb_pca,0,1
0.7857635,7,rgb_pca,0,1
0.77706736,7,rgb_pca,0,1
0.8225017,7,rgb_pca,0,1
0.83238256,7,rgb_pca,0,1
0.82486326,7,rgb_pca,0,1
0.8020359,7,rgb_pca,0,1
0.71968895,7,rgb_pca,0,1
0.64283836,7,rgb_pca,0,1
0.72122556,7,rgb_pca,0,1
0.66722804,7,rgb_pca,0,1
0.80247873,7,rgb_pca,0,1
0.78758097,7,rgb_pca,0,1
0.77869254,7,rgb_pca,0,1
0.82979447,7,rgb_pca,0,1
0.83048403,7,rgb_pca,0,1
0.82567024,7,rgb_pca,0,1
0.8004117,7,rgb_pca,0,1
0.72554755,7,rgb_pca,0,1
0.6375859,7,rgb_pca,0,1
0.7269104,7,rgb_pca,0,1
0.6689645,7,rgb_pca,0,1
0.80287176,7,rgb_pca,0,1
0.7797896,7,rgb_pca,0,1
0.78118,7,rgb_pca,0,1
0.8329586,7,rgb_pca,0,1
0.82446885,7,rgb_pca,0,1
0.82930326,7,rgb_pca,0,1
0.81312734,7,rgb_pca,0,1
0.7472437,7,rgb_pca,0,1
0.68013716,7,rgb_pca,0,1
0.6502392,7,rgb_pca,0,1
0.6009067,7,rgb_pca,0,1
0.7909217,7,rgb_pca,0,1
0.7786998,7,rgb_pca,0,1
0.7760694,7,rgb_pca,0,1
0.82665825,7,rgb_pca,0,1
0.82030773,7,rgb_pca,0,1
0.8223841,7,rgb_pca,0,1
0.81035,7,rgb_pca,0,1
0.7500056,7,rgb_pca,0,1
0.711529,7,rgb_pca,0,1
0.60799205,7,rgb_pca,0,1
0.6154543,7,rgb_pca,0,1
0.57361394,7,rgb_pca,0,1
0.46484,7,rgb_pca,0,1
0.46588492,7,rgb_pca,0,1
0.56579375,7,rgb_pca,0,1
0.67232543,7,rgb_pca,0,1
0.7963358,7,rgb_pca,0,1
0.76684165,7,rgb_pca,0,1
0.7768571,7,rgb_pca,0,1
0.77362275,7,rgb_pca,0,1
0.7917168,7,rgb_pca,0,1
0.7800957,7,rgb_pca,0,1
0.7862661,7,rgb_pca,0,1
0.7846613,7,rgb_pca,0,1
0.7837737,7,rgb_pca,0,1
0.7908741,7,rgb_pca,0,1
0.6008123,7,rgb_pca,0,1
0.5728767,7,rgb_pca,0,1
0.5692392,7,rgb_pca,0,1
0.5788055,7,rgb_pca,0,1
0.58558106,7,rgb_pca,0,1
0.6413559,7,rgb_pca,0,1
0.6940682,7,rgb_pca,0,1
0.78831947,7,rgb_pca,0,1
0.55830777,7,rgb_pca,0,1
0.5858531,7,rgb_pca,0,1
0.62514853,7,rgb_pca,0,1
0.6676712,7,rgb_pca,0,1
0.69958,7,rgb_pca,0,1
0.76267815,7,rgb_pca,0,1
0.5809424,7,rgb_pca,0,1
0.6119689,7,rgb_pca,0,1
0.6612235,7,rgb_pca,0,1
0.74320626,7,rgb_pca,0,1
0.7156732,7,rgb_pca,0,1
0.70939386,7,rgb_pca,0,1
0.59701115,7,rgb_pca,0,1
0.5520953,7,rgb_pca,0,1
0.60488915,7,rgb_pca,0,1
0.6487583,7,rgb_pca,0,1
0.70807946,7,rgb_pca,0,1
0.7799876,7,rgb_pca,0,1
0.57232285,7,rgb_pca,0,1
0.5306596,7,rgb_pca,0,1
0.5914649,7,rgb_pca,0,1
0.6306273,7,rgb_pca,0,1
0.62031794,7,rgb_pca,0,1
0.7284993,7,rgb_pca,0,1
0.6318399,7,rgb_pca,0,1
0.62441623,7,rgb_pca,0,1
0.64502764,7,rgb_pca,0,1
0.6698984,7,rgb_pca,0,1
0.6855564,7,rgb_pca,0,1
0.7756362,7,rgb_pca,0,1
0.7658808,3,rgb_pca,0,1
0.7459245,3,rgb_pca,0,1
0.7418034,3,rgb_pca,0,1
0.72342396,3,rgb_pca,0,1
0.7786911,3,rgb_pca,0,1
0.7535871,3,rgb_pca,0,1
0.75893736,3,rgb_pca,0,1
0.7896887,3,rgb_pca,0,1
0.8130064,3,rgb_pca,0,1
0.61859965,7,rgb_pca,0,1
0.6880156,7,rgb_pca,0,1
0.7502804,3,rgb_pca,0,1
0.73269176,3,rgb_pca,0,1
0.7210802,3,rgb_pca,0,1
0.69235265,3,rgb_pca,0,1
0.7578223,3,rgb_pca,0,1
0.7681122,3,rgb_pca,0,1
0.75097996,3,rgb_pca,0,1
0.7652241,3,rgb_pca,0,1
0.8113744,3,rgb_pca,0,1
0.79266894,3,rgb_pca,0,1
0.77951646,3,rgb_pca,0,1
0.78499365,3,rgb_pca,0,1
0.75724196,3,rgb_pca,0,1
0.7590609,3,rgb_pca,0,1
0.77142394,3,rgb_pca,0,1
0.7665154,3,rgb_pca,0,1
0.7681281,3,rgb_pca,0,1
0.8150508,3,rgb_pca,0,1
0.82260716,3,rgb_pca,0,1
0.7604634,3,rgb_pca,0,1
0.7733097,3,rgb_pca,0,1
0.772455,3,rgb_pca,0,1
0.76997894,3,rgb_pca,0,1
0.7275835,3,rgb_pca,0,1
0.73018885,3,rgb_pca,0,1
0.7464417,3,rgb_pca,0,1
0.75863004,3,rgb_pca,0,1
0.7416495,3,rgb_pca,0,1
0.76460177,3,rgb_pca,0,1
0.76712143,3,rgb_pca,0,1
0.75255,3,rgb_pca,0,1
0.7814256,3,rgb_pca,0,1
0.7555111,3,rgb_pca,0,1
0.7501595,3,rgb_pca,0,1
0.7509805,3,rgb_pca,0,1
0.6976887,3,rgb_pca,0,1
0.7018034,3,rgb_pca,0,1
0.69583416,3,rgb_pca,0,1
0.6875406,3,rgb_pca,0,1
0.6846336,3,rgb_pca,0,1
0.7413648,3,rgb_pca,0,1
0.7804034,3,rgb_pca,0,1
0.77297425,3,rgb_pca,0,1
0.7600261,3,rgb_pca,0,1
0.7320238,3,rgb_pca,0,1
0.7340549,3,rgb_pca,0,1
0.75104254,3,rgb_pca,0,1
0.7075405,3,rgb_pca,0,1
0.7278038,3,rgb_pca,0,1
0.72031015,3,rgb_pca,0,1
0.7083497,3,rgb_pca,0,1
0.70206785,3,rgb_pca,0,1
0.74085224,3,rgb_pca,0,1
0.7763903,3,rgb_pca,0,1
0.74956787,3,rgb_pca,0,1
0.764017,3,rgb_pca,0,1
0.75417745,3,rgb_pca,0,1
0.73525536,3,rgb_pca,0,1
0.72805,3,rgb_pca,0,1
0.73709923,3,rgb_pca,0,1
0.7360302,3,rgb_pca,0,1
0.77335703,3,rgb_pca,0,1
0.764955,3,rgb_pca,0,1
0.7578089,3,rgb_pca,0,1
0.72262824,3,rgb_pca,0,1
0.7493089,3,rgb_pca,0,1
0.78279567,3,rgb_pca,0,1
0.7641468,3,rgb_pca,0,1
0.73744905,3,rgb_pca,0,1
0.7332709,3,rgb_pca,0,1
0.72930783,3,rgb_pca,0,1
0.7114618,3,rgb_pca,0,1
0.72100323,3,rgb_pca,0,1
0.7302693,3,rgb_pca,0,1
0.7639179,3,rgb_pca,0,1
0.76694155,3,rgb_pca,0,1
0.75769186,3,rgb_pca,0,1
0.72356176,3,rgb_pca,0,1
0.736399,3,rgb_pca,0,1
0.7212951,3,rgb_pca,0,1
0.721127,3,rgb_pca,0,1
0.72563183,3,rgb_pca,0,1
0.7259015,3,rgb_pca,0,1
0.72834545,3,rgb_pca,0,1
0.7241672,3,rgb_pca,0,1
0.7433907,3,rgb_pca,0,1
0.7581143,3,rgb_pca,0,1
0.7569694,3,rgb_pca,0,1
0.73195946,3,rgb_pca,0,1
0.7929081,3,rgb_pca,0,1
0.75056636,3,rgb_pca,0,1
0.740752,3,rgb_pca,0,1
0.74032974,3,rgb_pca,0,1
0.7510102,3,rgb_pca,0,1
0.7571293,3,rgb_pca,0,1
0.75641286,3,rgb_pca,0,1
0.73859954,3,rgb_pca,0,1
0.7239166,3,rgb_pca,0,1
0.77778184,3,rgb_pca,0,1
0.7268958,3,rgb_pca,0,1
0.70417094,3,rgb_pca,0,1
0.7247957,3,rgb_pca,0,1
0.7342243,3,rgb_pca,0,1
0.7126947,3,rgb_pca,0,1
0.69819283,3,rgb_pca,0,1
0.73188406,3,rgb_pca,0,1
0.72803813,3,rgb_pca,0,1
0.70896804,3,rgb_pca,0,1
0.7173109,3,rgb_pca,0,1
0.7275028,3,rgb_pca,0,1
0.7056545,3,rgb_pca,0,1
0.71185875,3,rgb_pca,0,1
0.80108225,3,rgb_pca,0,1
0.7697529,3,rgb_pca,0,1
0.7375262,3,rgb_pca,0,1
0.7485287,3,rgb_pca,0,1
0.76505315,3,rgb_pca,0,1
0.7816336,3,rgb_pca,0,1
0.75813174,3,rgb_pca,0,1
0.7735717,3,rgb_pca,0,1
0.7711785,3,rgb_pca,0,1
0.71809506,3,rgb_pca,0,1
0.73877853,3,rgb_pca,0,1
0.74197376,3,rgb_pca,0,1
0.79389447,7,rgb_pca,0,1
0.7179522,7,rgb_pca,0,1
0.7900309,7,rgb_pca,0,1
0.7399541,7,rgb_pca,0,1
0.7743906,7,rgb_pca,0,1
0.71401775,7,rgb_pca,0,1
0.7382823,7,rgb_pca,0,1
0.72015244,7,rgb_pca,0,1
0.7242017,7,rgb_pca,0,1
0.7133672,7,rgb_pca,0,1
0.723493,7,rgb_pca,0,1
0.70106363,7,rgb_pca,0,1
0.71257573,7,rgb_pca,0,1
0.7309312,7,rgb_pca,0,1
0.7647811,7,rgb_pca,0,1
0.75087535,7,rgb_pca,0,1
0.71384656,7,rgb_pca,0,1
0.71744007,7,rgb_pca,0,1
0.7217698,7,rgb_pca,0,1
0.68828714,7,rgb_pca,0,1
0.6909143,7,rgb_pca,0,1
0.6875237,7,rgb_pca,0,1
0.706901,7,rgb_pca,0,1
0.7284344,7,rgb_pca,0,1
0.7343104,7,rgb_pca,0,1
0.69342875,7,rgb_pca,0,1
0.70095587,7,rgb_pca,0,1
0.7138565,7,rgb_pca,0,1
0.7228304,7,rgb_pca,0,1
0.7682013,7,rgb_pca,0,1
0.7616458,7,rgb_pca,0,1
0.6942872,7,rgb_pca,0,1
0.6865581,7,rgb_pca,0,1
0.7140527,7,rgb_pca,0,1
0.7420639,7,rgb_pca,0,1
0.74952567,7,rgb_pca,0,1
0.7165656,7,rgb_pca,0,1
0.72704166,7,rgb_pca,0,1
0.7683966,7,rgb_pca,0,1
0.7225535,7,rgb_pca,0,1
0.69417846,7,rgb_pca,0,1
0.7259296,7,rgb_pca,0,1
0.68697405,7,rgb_pca,0,1
0.71311873,7,rgb_pca,0,1
0.72403103,7,rgb_pca,0,1
0.699304,7,rgb_pca,0,1
0.7040441,7,rgb_pca,0,1
0.73974836,7,rgb_pca,0,1
0.6802086,7,rgb_pca,0,1
0.7071223,7,rgb_pca,0,1
0.72717583,7,rgb_pca,0,1
0.6953255,7,rgb_pca,0,1
0.69156826,7,rgb_pca,0,1
0.780167,7,rgb_pca,0,1
0.7270887,7,rgb_pca,0,1
0.73252684,7,rgb_pca,0,1
0.761737,5,rgb_pca,0,1
0.73179555,5,rgb_pca,0,1
0.7210454,5,rgb_pca,0,1
0.73719835,5,rgb_pca,0,1
0.7187738,5,rgb_pca,0,1
0.7499989,5,rgb_pca,0,1
0.73740536,5,rgb_pca,0,1
0.776631,5,rgb_pca,0,1
0.7445611,5,rgb_pca,0,1
0.7736565,5,rgb_pca,0,1
0.80512285,5,rgb_pca,0,1
0.80819976,5,rgb_pca,0,1
0.74354875,5,rgb_pca,0,1
0.77249646,5,rgb_pca,0,1
0.79108757,5,rgb_pca,0,1
0.79485667,5,rgb_pca,0,1
0.8105764,5,rgb_pca,0,1
0.7507335,5,rgb_pca,0,1
0.8006078,5,rgb_pca,0,1
0.8092439,5,rgb_pca,0,1
0.8205945,5,rgb_pca,0,1
0.82467645,5,rgb_pca,0,1
0.8328761,5,rgb_pca,0,1
0.7495911,5,rgb_pca,0,1
0.81296146,5,rgb_pca,0,1
0.82603765,5,rgb_pca,0,1
0.82552457,5,rgb_pca,0,1
0.818886,5,rgb_pca,0,1
0.817296,5,rgb_pca,0,1
0.7553118,5,rgb_pca,0,1
0.7986208,5,rgb_pca,0,1
0.81880367,5,rgb_pca,0,1
0.8248172,5,rgb_pca,0,1
0.8265697,5,rgb_pca,0,1
0.8246672,5,rgb_pca,0,1
0.7495657,5,rgb_pca,0,1
0.7826902,5,rgb_pca,0,1
0.80188227,5,rgb_pca,0,1
0.8063488,5,rgb_pca,0,1
0.80206245,5,rgb_pca,0,1
0.768532,5,rgb_pca,0,1
0.79141736,5,rgb_pca,0,1
0.78792334,5,rgb_pca,0,1
0.7959176,5,rgb_pca,0,1
0.8119532,5,rgb_pca,0,1
0.7392862,5,rgb_pca,0,1
0.7749537,5,rgb_pca,0,1
0.79055285,5,rgb_pca,0,1
0.79106903,5,rgb_pca,0,1
0.70286524,5,rgb_pca,0,1
0.7370815,5,rgb_pca,0,1
0.7650828,5,rgb_pca,0,1
0.7617199,5,rgb_pca,0,1
0.7027247,5,rgb_pca,0,1
0.74531794,5,rgb_pca,0,1
0.7777446,5,rgb_pca,0,1
0.78725624,5,rgb_pca,0,1
0.7958871,5,rgb_pca,0,1
0.74722314,5,rgb_pca,0,1
0.7833538,5,rgb_pca,0,1
0.7705504,5,rgb_pca,0,1
0.76789916,5,rgb_pca,0,1
0.7877878,5,rgb_pca,0,1
0.77079785,5,rgb_pca,0,1
0.8011891,5,rgb_pca,0,1
0.7975599,5,rgb_pca,0,1
0.7684534,5,rgb_pca,0,1
0.7819446,5,rgb_pca,0,1
0.7936444,5,rgb_pca,0,1
0.8025712,5,rgb_pca,0,1
0.74235415,5,rgb_pca,0,1
0.7694161,5,rgb_pca,0,1
0.7898319,5,rgb_pca,0,1
0.8068271,5,rgb_pca,0,1
0.78800595,5,rgb_pca,0,1
0.7160418,5,rgb_pca,0,1
0.74964035,5,rgb_pca,0,1
0.8274232,5,rgb_pca,0,1
0.82679015,5,rgb_pca,0,1
0.73418427,5,rgb_pca,0,1
0.7475473,5,rgb_pca,0,1
0.70534253,5,rgb_pca,0,1
0.74971914,5,rgb_pca,0,1
0.83185506,5,rgb_pca,0,1
0.8353823,5,rgb_pca,0,1
0.7519048,5,rgb_pca,0,1
0.7651775,5,rgb_pca,0,1
0.7380471,5,rgb_pca,0,1
0.770653,5,rgb_pca,0,1
0.778147,5,rgb_pca,0,1
0.7791065,5,rgb_pca,0,1
0.8029418,5,rgb_pca,0,1
0.8088218,5,rgb_pca,0,1
0.7691671,5,rgb_pca,0,1
0.80515563,5,rgb_pca,0,1
0.7893679,5,rgb_pca,0,1
0.7768762,5,rgb_pca,0,1
0.80034125,5,rgb_pca,0,1
0.733915,5,rgb_pca,0,1
0.75144374,5,rgb_pca,0,1
0.7734363,5,rgb_pca,0,1
0.79734194,5,rgb_pca,0,1
0.822417,5,rgb_pca,0,1
0.66853505,5,rgb_pca,0,1
0.7366,5,rgb_pca,0,1
0.7485803,5,rgb_pca,0,1
0.7677624,5,rgb_pca,0,1
0.71839523,5,rgb_pca,0,1
0.71247256,5,rgb_pca,0,1
0.7416772,5,rgb_pca,0,1
0.8003683,5,rgb_pca,0,1
0.7210674,5,rgb_pca,0,1
0.7054422,5,rgb_pca,0,1
0.7398396,5,rgb_pca,0,1
0.73270935,5,rgb_pca,0,1
0.75670195,5,rgb_pca,0,1
0.47098428,3,rgb_pca,0,1
0.6124093,3,rgb_pca,0,1
0.59263134,3,rgb_pca,0,1
0.6584983,3,rgb_pca,0,1
0.68887764,3,rgb_pca,0,1
0.7053009,3,rgb_pca,0,1
0.6786437,3,rgb_pca,0,1
0.65597165,3,rgb_pca,0,1
0.6663539,3,rgb_pca,0,1
0.6867777,3,rgb_pca,0,1
0.712842,3,rgb_pca,0,1
0.6809339,3,rgb_pca,0,1
0.6232391,3,rgb_pca,0,1
0.6748605,3,rgb_pca,0,1
0.69333506,3,rgb_pca,0,1
0.7242526,3,rgb_pca,0,1
0.7117647,3,rgb_pca,0,1
0.72351503,3,rgb_pca,0,1
0.70381165,3,rgb_pca,0,1
0.6710931,3,rgb_pca,0,1
0.70269954,3,rgb_pca,0,1
0.7170482,3,rgb_pca,0,1
0.7455967,3,rgb_pca,0,1
0.7470722,3,rgb_pca,0,1
0.75042117,3,rgb_pca,0,1
0.7468647,3,rgb_pca,0,1
0.7153803,3,rgb_pca,0,1
0.7762896,3,rgb_pca,0,1
0.7419836,3,rgb_pca,0,1
0.7460537,3,rgb_pca,0,1
0.78524053,3,rgb_pca,0,1
0.78959745,3,rgb_pca,0,1
0.80270696,3,rgb_pca,0,1
0.8061198,3,rgb_pca,0,1
0.755562,3,rgb_pca,0,1
0.78174317,3,rgb_pca,0,1
0.67600346,3,rgb_pca,0,1
0.7099476,3,rgb_pca,0,1
0.7390177,3,rgb_pca,0,1
0.7340003,3,rgb_pca,0,1
0.762495,3,rgb_pca,0,1
0.76509905,3,rgb_pca,0,1
0.7759758,3,rgb_pca,0,1
0.77303135,3,rgb_pca,0,1
0.7024911,3,rgb_pca,0,1
0.7458124,3,rgb_pca,0,1
0.6624004,3,rgb_pca,0,1
0.7117161,3,rgb_pca,0,1
0.6917941,3,rgb_pca,0,1
0.6550226,3,rgb_pca,0,1
0.71059537,3,rgb_pca,0,1
0.6950797,3,rgb_pca,0,1
0.7066157,3,rgb_pca,0,1
0.71811354,3,rgb_pca,0,1
0.72717774,3,rgb_pca,0,1
0.78274435,3,rgb_pca,0,1
0.66676223,3,rgb_pca,0,1
0.7151376,3,rgb_pca,0,1
0.6718246,3,rgb_pca,0,1
0.62234545,3,rgb_pca,0,1
0.68642104,3,rgb_pca,0,1
0.6486969,3,rgb_pca,0,1
0.6752994,3,rgb_pca,0,1
0.7107026,3,rgb_pca,0,1
0.7236751,3,rgb_pca,0,1
0.7874223,3,rgb_pca,0,1
0.6148093,3,rgb_pca,0,1
0.6593604,3,rgb_pca,0,1
0.6703509,3,rgb_pca,0,1
0.6745404,3,rgb_pca,0,1
0.7051718,3,rgb_pca,0,1
0.66246736,3,rgb_pca,0,1
0.6855278,3,rgb_pca,0,1
0.7198807,3,rgb_pca,0,1
0.73379165,3,rgb_pca,0,1
0.77311873,3,rgb_pca,0,1
0.55616367,3,rgb_pca,0,1
0.5889436,3,rgb_pca,0,1
0.62641156,3,rgb_pca,0,1
0.64485765,3,rgb_pca,0,1
0.6915584,3,rgb_pca,0,1
0.6488491,3,rgb_pca,0,1
0.6639509,3,rgb_pca,0,1
0.6839067,3,rgb_pca,0,1
0.6805047,3,rgb_pca,0,1
0.7519731,3,rgb_pca,0,1
0.6284815,3,rgb_pca,0,1
0.63757014,3,rgb_pca,0,1
0.6629962,3,rgb_pca,0,1
0.6750235,3,rgb_pca,0,1
0.7091297,3,rgb_pca,0,1
0.6755835,3,rgb_pca,0,1
0.68536294,3,rgb_pca,0,1
0.7055262,3,rgb_pca,0,1
0.6924431,3,rgb_pca,0,1
0.7532575,3,rgb_pca,0,1
0.72662115,3,rgb_pca,0,1
0.7516659,3,rgb_pca,0,1
0.75883865,3,rgb_pca,0,1
0.68851316,3,rgb_pca,0,1
0.68895733,3,rgb_pca,0,1
0.7250172,3,rgb_pca,0,1
0.71231675,3,rgb_pca,0,1
0.7608266,3,rgb_pca,0,1
0.71600354,3,rgb_pca,0,1
0.735148,3,rgb_pca,0,1
0.76162606,3,rgb_pca,0,1
0.6809374,3,rgb_pca,0,1
0.6731214,3,rgb_pca,0,1
0.71817124,3,rgb_pca,0,1
0.71170276,3,rgb_pca,0,1
0.74819934,3,rgb_pca,0,1
0.6998516,3,rgb_pca,0,1
0.74617887,3,rgb_pca,0,1
0.7170061,3,rgb_pca,0,1
0.71938336,3,rgb_pca,0,1
0.7436304,3,rgb_pca,0,1
0.74808913,3,rgb_pca,0,1
0.7888674,3,rgb_pca,0,1
0.71148694,3,rgb_pca,0,1
0.6934833,3,rgb_pca,0,1
0.71110547,3,rgb_pca,0,1
0.6763899,3,rgb_pca,0,1
0.7331711,3,rgb_pca,0,1
0.6537148,3,rgb_pca,0,1
0.66068065,3,rgb_pca,0,1
0.6780697,3,rgb_pca,0,1
0.6501102,3,rgb_pca,0,1
0.7032947,3,rgb_pca,0,1
0.6557795,3,rgb_pca,0,1
0.6657076,3,rgb_pca,0,1
0.6877962,3,rgb_pca,0,1
0.75415343,3,rgb_pca,0,1
0.6684861,3,rgb_pca,0,1
0.71109444,3,rgb_pca,0,1
0.66517615,3,rgb_pca,0,1
0.6951877,3,rgb_pca,0,1
0.71377945,3,rgb_pca,0,1
0.7301383,3,rgb_pca,0,1
0.72562826,3,rgb_pca,0,1
0.72394913,3,rgb_pca,0,1
0.71283937,3,rgb_pca,0,1
0.71227366,3,rgb_pca,0,1
0.70026684,3,rgb_pca,0,1
0.70711297,3,rgb_pca,0,1
0.7191529,3,rgb_pca,0,1
0.72897613,3,rgb_pca,0,1
0.73207486,3,rgb_pca,0,1
0.71716505,3,rgb_pca,0,1
0.7026847,3,rgb_pca,0,1
0.6768831,3,rgb_pca,0,1
0.6940893,3,rgb_pca,0,1
0.6869863,3,rgb_pca,0,1
0.708409,3,rgb_pca,0,1
0.71937174,3,rgb_pca,0,1
0.7125626,3,rgb_pca,0,1
0.68971497,3,rgb_pca,0,1
0.6367563,3,rgb_pca,0,1
0.6861529,3,rgb_pca,0,1
0.6602107,3,rgb_pca,0,1
0.6828919,3,rgb_pca,0,1
0.66229755,3,rgb_pca,0,1
0.67527455,3,rgb_pca,0,1
0.68164057,3,rgb_pca,0,1
0.6917132,3,rgb_pca,0,1
0.7090077,3,rgb_pca,0,1
0.72931445,3,rgb_pca,0,1
0.6944642,3,rgb_pca,0,1
0.6962849,3,rgb_pca,0,1
0.6631025,3,rgb_pca,0,1
0.66817975,3,rgb_pca,0,1
0.7057495,3,rgb_pca,0,1
0.6847684,3,rgb_pca,0,1
0.6845621,3,rgb_pca,0,1
0.67581403,3,rgb_pca,0,1
0.711764,3,rgb_pca,0,1
0.72881925,3,rgb_pca,0,1
0.7073544,3,rgb_pca,0,1
0.7058511,3,rgb_pca,0,1
0.68398654,3,rgb_pca,0,1
0.6587734,3,rgb_pca,0,1
0.675246,3,rgb_pca,0,1
0.66108465,3,rgb_pca,0,1
0.66615057,3,rgb_pca,0,1
0.6464742,3,rgb_pca,0,1
0.641092,3,rgb_pca,0,1
0.6546893,3,rgb_pca,0,1
0.6926409,3,rgb_pca,0,1
0.69334054,3,rgb_pca,0,1
0.6724216,3,rgb_pca,0,1
0.6581792,3,rgb_pca,0,1
0.7030195,3,rgb_pca,0,1
0.68511665,3,rgb_pca,0,1
0.6938592,3,rgb_pca,0,1
0.66978025,3,rgb_pca,0,1
0.661959,3,rgb_pca,0,1
0.65747356,3,rgb_pca,0,1
0.6467969,3,rgb_pca,0,1
0.66990876,3,rgb_pca,0,1
0.6806798,3,rgb_pca,0,1
0.67293,3,rgb_pca,0,1
0.6763975,3,rgb_pca,0,1
0.64076304,3,rgb_pca,0,1
0.64795494,3,rgb_pca,0,1
0.74399614,3,rgb_pca,0,1
0.69058305,3,rgb_pca,0,1
0.68027407,3,rgb_pca,0,1
0.64628494,3,rgb_pca,0,1
0.63167924,3,rgb_pca,0,1
0.6422624,3,rgb_pca,0,1
0.6293272,3,rgb_pca,0,1
0.64750314,3,rgb_pca,0,1
0.662122,3,rgb_pca,0,1
0.6602001,3,rgb_pca,0,1
0.6671234,3,rgb_pca,0,1
0.62644684,3,rgb_pca,0,1
0.6535731,3,rgb_pca,0,1
0.713001,3,rgb_pca,0,1
0.6641662,3,rgb_pca,0,1
0.6732702,3,rgb_pca,0,1
0.6292691,3,rgb_pca,0,1
0.6329321,3,rgb_pca,0,1
0.66945684,3,rgb_pca,0,1
0.6584663,3,rgb_pca,0,1
0.6698245,3,rgb_pca,0,1
0.68544066,3,rgb_pca,0,1
0.6830579,3,rgb_pca,0,1
0.67532724,3,rgb_pca,0,1
0.6484129,3,rgb_pca,0,1
0.6963358,3,rgb_pca,0,1
0.7119863,3,rgb_pca,0,1
0.6748758,3,rgb_pca,0,1
0.6837914,3,rgb_pca,0,1
0.6496395,3,rgb_pca,0,1
0.6870818,3,rgb_pca,0,1
0.7099048,3,rgb_pca,0,1
0.6537968,3,rgb_pca,0,1
0.65504825,3,rgb_pca,0,1
0.6826931,3,rgb_pca,0,1
0.6785618,3,rgb_pca,0,1
0.6583772,3,rgb_pca,0,1
0.6229941,3,rgb_pca,0,1
0.6917967,3,rgb_pca,0,1
0.6893681,3,rgb_pca,0,1
0.6698849,3,rgb_pca,0,1
0.7080347,3,rgb_pca,0,1
0.71899104,3,rgb_pca,0,1
0.6693344,3,rgb_pca,0,1
0.6798804,3,rgb_pca,0,1
0.71963096,3,rgb_pca,0,1
0.7406434,3,rgb_pca,0,1
0.6936449,3,rgb_pca,0,1
0.6326595,3,rgb_pca,0,1
0.67849547,3,rgb_pca,0,1
0.68706274,3,rgb_pca,0,1
0.6662085,3,rgb_pca,0,1
0.68763566,3,rgb_pca,0,1
0.70347714,3,rgb_pca,0,1
0.675451,3,rgb_pca,0,1
0.6978613,3,rgb_pca,0,1
0.74487776,3,rgb_pca,0,1
0.76411057,3,rgb_pca,0,1
0.72389436,3,rgb_pca,0,1
0.66015947,3,rgb_pca,0,1
0.66121304,3,rgb_pca,0,1
0.64970934,3,rgb_pca,0,1
0.6662842,3,rgb_pca,0,1
0.65545374,3,rgb_pca,0,1
0.6746762,3,rgb_pca,0,1
0.6930711,3,rgb_pca,0,1
0.71920764,3,rgb_pca,0,1
0.70663655,3,rgb_pca,0,1
0.67534214,3,rgb_pca,0,1
0.70426464,3,rgb_pca,0,1
0.7183833,3,rgb_pca,0,1
0.70187896,3,rgb_pca,0,1
0.7160537,3,rgb_pca,0,1
0.66550195,3,rgb_pca,0,1
0.6917402,3,rgb_pca,0,1
0.6814228,3,rgb_pca,0,1
0.6430014,3,rgb_pca,0,1
0.6610099,3,rgb_pca,0,1
0.6723094,3,rgb_pca,0,1
0.76197755,3,rgb_pca,0,1
0.79353154,3,rgb_pca,0,1
0.7553535,3,rgb_pca,0,1
0.8026937,3,rgb_pca,0,1
0.77869666,3,rgb_pca,0,1
0.7970526,3,rgb_pca,0,1
0.75119865,3,rgb_pca,0,1
0.731166,3,rgb_pca,0,1
0.76491416,3,rgb_pca,0,1
0.7273398,3,rgb_pca,0,1
0.732174,3,rgb_pca,0,1
0.73611623,3,rgb_pca,0,1
0.7089741,3,rgb_pca,0,1
0.7215629,3,rgb_pca,0,1
0.7152138,3,rgb_pca,0,1
0.6771523,3,rgb_pca,0,1
0.72944546,3,rgb_pca,0,1
0.7269833,3,rgb_pca,0,1
0.686321,3,rgb_pca,0,1
0.7232474,3,rgb_pca,0,1
0.72760713,3,rgb_pca,0,1
0.6756557,3,rgb_pca,0,1
0.7368649,3,rgb_pca,0,1
0.76026344,3,rgb_pca,0,1
0.7657531,3,rgb_pca,0,1
0.7465519,3,rgb_pca,0,1
0.75307924,3,rgb_pca,0,1
0.77608407,3,rgb_pca,0,1
0.77897495,3,rgb_pca,0,1
0.7683964,3,rgb_pca,0,1
0.78519136,3,rgb_pca,0,1
0.87362444,7,rgb_pca,0,1
0.8728801,7,rgb_pca,0,1
0.8660208,7,rgb_pca,0,1
0.87449205,7,rgb_pca,0,1
0.87506807,7,rgb_pca,0,1
0.8837382,7,rgb_pca,0,1
0.8749695,7,rgb_pca,0,1
0.8472318,7,rgb_pca,0,1
0.82195354,7,rgb_pca,0,1
0.87647325,7,rgb_pca,0,1
0.8714491,7,rgb_pca,0,1
0.8625083,7,rgb_pca,0,1
0.8729339,7,rgb_pca,0,1
0.87221766,7,rgb_pca,0,1
0.87164664,7,rgb_pca,0,1
0.84754306,7,rgb_pca,0,1
0.8111259,7,rgb_pca,0,1
0.77320963,7,rgb_pca,0,1
0.85374016,7,rgb_pca,0,1
0.84892106,7,rgb_pca,0,1
0.8330966,7,rgb_pca,0,1
0.83201635,7,rgb_pca,0,1
0.8336609,7,rgb_pca,0,1
0.839932,7,rgb_pca,0,1
0.8044144,7,rgb_pca,0,1
0.7622497,7,rgb_pca,0,1
0.7155918,7,rgb_pca,0,1
0.842178,7,rgb_pca,0,1
0.8431245,7,rgb_pca,0,1
0.8315498,7,rgb_pca,0,1
0.8147925,7,rgb_pca,0,1
0.81756914,7,rgb_pca,0,1
0.8365382,7,rgb_pca,0,1
0.81339717,7,rgb_pca,0,1
0.74223006,7,rgb_pca,0,1
0.6890837,7,rgb_pca,0,1
0.80281496,7,rgb_pca,0,1
0.8334237,7,rgb_pca,0,1
0.81018007,7,rgb_pca,0,1
0.79035056,7,rgb_pca,0,1
0.79130924,7,rgb_pca,0,1
0.80025023,7,rgb_pca,0,1
0.77619773,7,rgb_pca,0,1
0.67579365,7,rgb_pca,0,1
0.6757145,7,rgb_pca,0,1
0.76751834,3,rgb_pca,0,1
0.75570154,3,rgb_pca,0,1
0.7416115,3,rgb_pca,0,1
0.7429817,3,rgb_pca,0,1
0.75030124,3,rgb_pca,0,1
0.76001,3,rgb_pca,0,1
0.7133406,3,rgb_pca,0,1
0.65384114,3,rgb_pca,0,1
0.6904877,3,rgb_pca,0,1
0.7262963,3,rgb_pca,0,1
0.71283615,3,rgb_pca,0,1
0.7224722,3,rgb_pca,0,1
0.7258855,3,rgb_pca,0,1
0.70649123,3,rgb_pca,0,1
0.69219446,3,rgb_pca,0,1
0.6781732,3,rgb_pca,0,1
0.61668086,3,rgb_pca,0,1
0.65899837,3,rgb_pca,0,1
0.75319076,3,rgb_pca,0,1
0.74159604,3,rgb_pca,0,1
0.7364311,3,rgb_pca,0,1
0.71109307,3,rgb_pca,0,1
0.73930585,3,rgb_pca,0,1
0.75325775,3,rgb_pca,0,1
0.7641985,3,rgb_pca,0,1
0.70818937,3,rgb_pca,0,1
0.72777236,3,rgb_pca,0,1
0.70068765,3,rgb_pca,0,1
0.7148669,3,rgb_pca,0,1
0.73200774,3,rgb_pca,0,1
0.73375297,3,rgb_pca,0,1
0.72502816,3,rgb_pca,0,1
0.6871877,3,rgb_pca,0,1
0.7196352,3,rgb_pca,0,1
0.7420322,3,rgb_pca,0,1
0.7522813,3,rgb_pca,0,1
0.6746954,3,rgb_pca,0,1
0.71095127,3,rgb_pca,0,1
0.7016956,3,rgb_pca,0,1
0.7407873,3,rgb_pca,0,1
0.76269627,3,rgb_pca,0,1
0.7503441,3,rgb_pca,0,1
0.729923,3,rgb_pca,0,1
0.7205224,3,rgb_pca,0,1
0.71306664,3,rgb_pca,0,1
0.7386213,3,rgb_pca,0,1
0.72624505,3,rgb_pca,0,1
0.7319499,3,rgb_pca,0,1
0.70317835,3,rgb_pca,0,1
0.7380023,3,rgb_pca,0,1
0.7058253,3,rgb_pca,0,1
0.719309,3,rgb_pca,0,1
0.783732,3,rgb_pca,0,1
0.7694442,3,rgb_pca,0,1
0.7357351,3,rgb_pca,0,1
0.71954626,3,rgb_pca,0,1
0.7087825,3,rgb_pca,0,1
0.7227237,3,rgb_pca,0,1
0.73444325,3,rgb_pca,0,1
0.7454122,3,rgb_pca,0,1
0.7280252,3,rgb_pca,0,1
0.7793525,3,rgb_pca,0,1
0.75978875,3,rgb_pca,0,1
0.71736693,3,rgb_pca,0,1
0.81474215,3,rgb_pca,0,1
0.76535165,3,rgb_pca,0,1
0.75135016,3,rgb_pca,0,1
0.7314714,3,rgb_pca,0,1
0.73011255,3,rgb_pca,0,1
0.72488654,3,rgb_pca,0,1
0.7319399,3,rgb_pca,0,1
0.7086685,3,rgb_pca,0,1
0.69808793,3,rgb_pca,0,1
0.7384845,3,rgb_pca,0,1
0.7755155,3,rgb_pca,0,1
0.7612574,3,rgb_pca,0,1
0.74953353,3,rgb_pca,0,1
0.7934872,3,rgb_pca,0,1
0.7413869,3,rgb_pca,0,1
0.71101654,3,rgb_pca,0,1
0.70788735,3,rgb_pca,0,1
0.726918,3,rgb_pca,0,1
0.76203954,3,rgb_pca,0,1
0.76749325,3,rgb_pca,0,1
0.75219584,3,rgb_pca,0,1
0.71243155,3,rgb_pca,0,1
0.7362255,3,rgb_pca,0,1
0.77201414,3,rgb_pca,0,1
0.77084094,3,rgb_pca,0,1
0.7391461,3,rgb_pca,0,1
0.72379285,3,rgb_pca,0,1
0.720764,3,rgb_pca,0,1
0.7283391,3,rgb_pca,0,1
0.7417012,3,rgb_pca,0,1
0.74153876,3,rgb_pca,0,1
0.7260928,3,rgb_pca,0,1
0.7124697,3,rgb_pca,0,1
0.7269143,3,rgb_pca,0,1
0.76852834,3,rgb_pca,0,1
0.73870504,3,rgb_pca,0,1
0.73326355,3,rgb_pca,0,1
0.7277857,3,rgb_pca,0,1
0.7232723,3,rgb_pca,0,1
0.7212245,3,rgb_pca,0,1
0.75759435,3,rgb_pca,0,1
0.7410424,3,rgb_pca,0,1
0.7024958,3,rgb_pca,0,1
0.75964,3,rgb_pca,0,1
0.7436607,3,rgb_pca,0,1
0.7260207,3,rgb_pca,0,1
0.74437153,3,rgb_pca,0,1
0.73819196,3,rgb_pca,0,1
0.7379496,3,rgb_pca,0,1
0.74454015,3,rgb_pca,0,1
0.7796202,3,rgb_pca,0,1
0.7584087,3,rgb_pca,0,1
0.7417816,3,rgb_pca,0,1
0.74439275,3,rgb_pca,0,1
0.7820928,3,rgb_pca,0,1
0.7436465,3,rgb_pca,0,1
0.75015974,3,rgb_pca,0,1
0.7748763,3,rgb_pca,0,1
0.75013685,3,rgb_pca,0,1
0.7498042,3,rgb_pca,0,1
0.7599049,3,rgb_pca,0,1
0.72252893,3,rgb_pca,0,1
0.7226068,3,rgb_pca,0,1
0.7280842,3,rgb_pca,0,1
0.72288406,3,rgb_pca,0,1
0.7450274,3,rgb_pca,0,1
0.74193835,3,rgb_pca,0,1
0.74713725,3,rgb_pca,0,1
0.75688386,3,rgb_pca,0,1
0.7452295,3,rgb_pca,0,1
0.73099065,3,rgb_pca,0,1
0.7239027,3,rgb_pca,0,1
0.7265255,3,rgb_pca,0,1
0.7518947,3,rgb_pca,0,1
0.750392,3,rgb_pca,0,1
0.8029398,3,rgb_pca,0,1
0.73347515,3,rgb_pca,0,1
0.75904524,3,rgb_pca,0,1
0.73188066,3,rgb_pca,0,1
0.7466314,3,rgb_pca,0,1
0.72632027,3,rgb_pca,0,1
0.7299969,3,rgb_pca,0,1
0.68724406,3,rgb_pca,0,1
0.7284385,3,rgb_pca,0,1
0.7250471,3,rgb_pca,0,1
0.71176773,3,rgb_pca,0,1
0.7143746,3,rgb_pca,0,1
0.7557882,3,rgb_pca,0,1
0.69050664,3,rgb_pca,0,1
0.6664698,3,rgb_pca,0,1
0.7137517,3,rgb_pca,0,1
0.7476132,3,rgb_pca,0,1
0.78190017,3,rgb_pca,0,1
0.7540406,3,rgb_pca,0,1
0.73615885,3,rgb_pca,0,1
0.7648375,3,rgb_pca,0,1
0.7079685,3,rgb_pca,0,1
0.7237556,3,rgb_pca,0,1
0.6690227,3,rgb_pca,0,1
0.7129668,3,rgb_pca,0,1
0.731331,3,rgb_pca,0,1
0.7558859,3,rgb_pca,0,1
0.7653507,3,rgb_pca,0,1
0.7277641,3,rgb_pca,0,1
0.7547441,3,rgb_pca,0,1
0.6993507,3,rgb_pca,0,1
0.7576393,3,rgb_pca,0,1
0.7264054,3,rgb_pca,0,1
0.75019825,3,rgb_pca,0,1
0.7590095,3,rgb_pca,0,1
0.76272655,3,rgb_pca,0,1
0.75137514,3,rgb_pca,0,1
0.7519233,3,rgb_pca,0,1
0.76312345,3,rgb_pca,0,1
0.72508115,3,rgb_pca,0,1
0.7615705,3,rgb_pca,0,1
0.75674844,3,rgb_pca,0,1
0.76282966,3,rgb_pca,0,1
0.7967136,3,rgb_pca,0,1
0.80280256,3,rgb_pca,0,1
0.7889891,3,rgb_pca,0,1
0.75347567,3,rgb_pca,0,1
0.7548412,3,rgb_pca,0,1
0.73744464,3,rgb_pca,0,1
0.77429247,3,rgb_pca,0,1
0.75391114,3,rgb_pca,0,1
0.74051535,3,rgb_pca,0,1
0.7939723,3,rgb_pca,0,1
0.7733336,3,rgb_pca,0,1
0.8354256,7,rgb_pca,0,1
0.8505037,7,rgb_pca,0,1
0.85409933,7,rgb_pca,0,1
0.8701018,7,rgb_pca,0,1
0.8603171,7,rgb_pca,0,1
0.84146726,7,rgb_pca,0,1
0.834295,7,rgb_pca,0,1
0.81714624,7,rgb_pca,0,1
0.78456044,7,rgb_pca,0,1
0.8015562,7,rgb_pca,0,1
0.7957765,7,rgb_pca,0,1
0.8344153,7,rgb_pca,0,1
0.84474516,7,rgb_pca,0,1
0.8422908,7,rgb_pca,0,1
0.8649429,7,rgb_pca,0,1
0.8540944,7,rgb_pca,0,1
0.84124076,7,rgb_pca,0,1
0.83058333,7,rgb_pca,0,1
0.7833578,7,rgb_pca,0,1
0.7355356,7,rgb_pca,0,1
0.7726192,7,rgb_pca,0,1
0.740515,7,rgb_pca,0,1
0.8193842,7,rgb_pca,0,1
0.8340601,7,rgb_pca,0,1
0.8338972,7,rgb_pca,0,1
0.8414361,7,rgb_pca,0,1
0.83933794,7,rgb_pca,0,1
0.8493322,7,rgb_pca,0,1
0.82438993,7,rgb_pca,0,1
0.7602843,7,rgb_pca,0,1
0.71887285,7,rgb_pca,0,1
0.758231,7,rgb_pca,0,1
0.7338022,7,rgb_pca,0,1
0.78190845,7,rgb_pca,0,1
0.79823565,7,rgb_pca,0,1
0.80772173,7,rgb_pca,0,1
0.8186598,7,rgb_pca,0,1
0.8160163,7,rgb_pca,0,1
0.8341621,7,rgb_pca,0,1
0.8110055,7,rgb_pca,0,1
0.7333908,7,rgb_pca,0,1
0.7118785,7,rgb_pca,0,1
0.7407427,7,rgb_pca,0,1
0.7509296,7,rgb_pca,0,1
0.7367786,7,rgb_pca,0,1
0.71132594,7,rgb_pca,0,1
0.73507327,7,rgb_pca,0,1
0.72869974,7,rgb_pca,0,1
0.698679,7,rgb_pca,0,1
0.7704607,7,rgb_pca,0,1
0.75948024,7,rgb_pca,0,1
0.78470135,7,rgb_pca,0,1
0.7837149,7,rgb_pca,0,1
0.7936237,7,rgb_pca,0,1
0.78204983,7,rgb_pca,0,1
0.7923398,7,rgb_pca,0,1
0.77866936,7,rgb_pca,0,1
0.7081799,7,rgb_pca,0,1
0.74322367,7,rgb_pca,0,1
0.72583634,7,rgb_pca,0,1
0.7186867,7,rgb_pca,0,1
0.7020591,7,rgb_pca,0,1
0.6911279,7,rgb_pca,0,1
0.71309626,7,rgb_pca,0,1
0.683393,7,rgb_pca,0,1
0.6979855,7,rgb_pca,0,1
0.78536755,7,rgb_pca,0,1
0.6761312,7,rgb_pca,0,1
0.67895526,7,rgb_pca,0,1
0.69133556,7,rgb_pca,0,1
0.69746995,7,rgb_pca,0,1
0.67605054,7,rgb_pca,0,1
0.74474853,7,rgb_pca,0,1
0.68619883,7,rgb_pca,0,1
0.68998337,7,rgb_pca,0,1
0.7158388,7,rgb_pca,0,1
0.7395578,7,rgb_pca,0,1
0.65689933,7,rgb_pca,0,1
0.67809165,7,rgb_pca,0,1
0.7168551,7,rgb_pca,0,1
0.7335753,7,rgb_pca,0,1
0.7239371,7,rgb_pca,0,1
0.69110894,7,rgb_pca,0,1
0.72552824,7,rgb_pca,0,1
0.75819755,7,rgb_pca,0,1
0.7100314,7,rgb_pca,0,1
0.71872693,7,rgb_pca,0,1
0.7265934,7,rgb_pca,0,1
0.73872256,7,rgb_pca,0,1
0.7445446,7,rgb_pca,0,1
0.78044665,7,rgb_pca,0,1
0.74626935,7,rgb_pca,0,1
0.7338066,7,rgb_pca,0,1
0.7306935,7,rgb_pca,0,1
0.7582741,7,rgb_pca,0,1
0.7286825,7,rgb_pca,0,1
0.77683884,7,rgb_pca,0,1
0.68643004,3,rgb_pca,0,1
0.68848884,3,rgb_pca,0,1
0.67464983,3,rgb_pca,0,1
0.6755557,3,rgb_pca,0,1
0.67692316,3,rgb_pca,0,1
0.710429,3,rgb_pca,0,1
0.74149173,3,rgb_pca,0,1
0.73928404,3,rgb_pca,0,1
0.7473813,3,rgb_pca,0,1
0.7452082,7,rgb_pca,0,1
0.78061444,7,rgb_pca,0,1
0.7222831,3,rgb_pca,0,1
0.67374355,3,rgb_pca,0,1
0.6774467,3,rgb_pca,0,1
0.66717124,3,rgb_pca,0,1
0.6809033,3,rgb_pca,0,1
0.68397534,3,rgb_pca,0,1
0.7085017,3,rgb_pca,0,1
0.7094517,3,rgb_pca,0,1
0.7236386,3,rgb_pca,0,1
0.7726399,3,rgb_pca,0,1
0.75791335,3,rgb_pca,0,1
0.7488494,3,rgb_pca,0,1
0.7286042,3,rgb_pca,0,1
0.7164669,3,rgb_pca,0,1
0.74333906,3,rgb_pca,0,1
0.785588,3,rgb_pca,0,1
0.73814684,3,rgb_pca,0,1
0.7378187,3,rgb_pca,0,1
0.7411745,3,rgb_pca,0,1
0.7422154,3,rgb_pca,0,1
0.7555852,3,rgb_pca,0,1
0.7153652,3,rgb_pca,0,1
0.7012644,3,rgb_pca,0,1
0.6996507,3,rgb_pca,0,1
0.70086676,3,rgb_pca,0,1
0.7246667,3,rgb_pca,0,1
0.76589155,3,rgb_pca,0,1
0.741354,3,rgb_pca,0,1
0.75594306,3,rgb_pca,0,1
0.71234286,3,rgb_pca,0,1
0.7302478,3,rgb_pca,0,1
0.7420126,3,rgb_pca,0,1
0.72185373,3,rgb_pca,0,1
0.7044815,3,rgb_pca,0,1
0.7153432,3,rgb_pca,0,1
0.70842147,3,rgb_pca,0,1
0.70353305,3,rgb_pca,0,1
0.73127246,3,rgb_pca,0,1
0.7461161,3,rgb_pca,0,1
0.7361667,3,rgb_pca,0,1
0.73007154,3,rgb_pca,0,1
0.69105905,3,rgb_pca,0,1
0.6934017,3,rgb_pca,0,1
0.71619993,3,rgb_pca,0,1
0.71686196,3,rgb_pca,0,1
0.7339097,3,rgb_pca,0,1
0.7332562,3,rgb_pca,0,1
0.70949703,3,rgb_pca,0,1
0.70513976,3,rgb_pca,0,1
0.7464666,3,rgb_pca,0,1
0.756337,3,rgb_pca,0,1
0.7244144,3,rgb_pca,0,1
0.7399669,3,rgb_pca,0,1
0.71122664,3,rgb_pca,0,1
0.726259,3,rgb_pca,0,1
0.79750985,3,rgb_pca,0,1
0.7522609,3,rgb_pca,0,1
0.750767,3,rgb_pca,0,1
0.7528293,3,rgb_pca,0,1
0.73728454,3,rgb_pca,0,1
0.71747184,3,rgb_pca,0,1
0.7227286,3,rgb_pca,0,1
0.764047,3,rgb_pca,0,1
0.77641916,3,rgb_pca,0,1
0.7544739,3,rgb_pca,0,1
0.793362,3,rgb_pca,0,1
0.71963644,3,rgb_pca,0,1
0.7039203,3,rgb_pca,0,1
0.798796,3,rgb_pca,0,1
0.7628977,3,rgb_pca,0,1
0.7477958,3,rgb_pca,0,1
0.7410326,3,rgb_pca,0,1
0.7299103,3,rgb_pca,0,1
0.7157675,3,rgb_pca,0,1
0.7076951,3,rgb_pca,0,1
0.7426748,3,rgb_pca,0,1
0.7480501,3,rgb_pca,0,1
0.7682379,3,rgb_pca,0,1
0.82491136,3,rgb_pca,0,1
0.73305786,3,rgb_pca,0,1
0.7334293,3,rgb_pca,0,1
0.7175545,3,rgb_pca,0,1
0.71484184,3,rgb_pca,0,1
0.7292135,3,rgb_pca,0,1
0.72254133,3,rgb_pca,0,1
0.7105244,3,rgb_pca,0,1
0.7405103,3,rgb_pca,0,1
0.7499755,3,rgb_pca,0,1
0.7581636,3,rgb_pca,0,1
0.7425215,3,rgb_pca,0,1
0.73538303,3,rgb_pca,0,1
0.7134578,3,rgb_pca,0,1
0.6998224,3,rgb_pca,0,1
0.7350805,3,rgb_pca,0,1
0.7298224,3,rgb_pca,0,1
0.712172,3,rgb_pca,0,1
0.7333771,3,rgb_pca,0,1
0.75920975,3,rgb_pca,0,1
0.74462515,3,rgb_pca,0,1
0.7524732,3,rgb_pca,0,1
0.7310216,3,rgb_pca,0,1
0.7084356,3,rgb_pca,0,1
0.7298805,3,rgb_pca,0,1
0.7292588,3,rgb_pca,0,1
0.70479995,3,rgb_pca,0,1
0.7553011,3,rgb_pca,0,1
0.7592059,3,rgb_pca,0,1
0.73231304,3,rgb_pca,0,1
0.70745826,3,rgb_pca,0,1
0.72951466,3,rgb_pca,0,1
0.723961,3,rgb_pca,0,1
0.72925603,3,rgb_pca,0,1
0.7746597,3,rgb_pca,0,1
0.7566947,3,rgb_pca,0,1
0.73918086,3,rgb_pca,0,1
0.7478816,3,rgb_pca,0,1
0.77134776,3,rgb_pca,0,1
0.777353,3,rgb_pca,0,1
0.7617504,3,rgb_pca,0,1
0.7770401,3,rgb_pca,0,1
0.77119863,3,rgb_pca,0,1
0.7274815,3,rgb_pca,0,1
0.77749074,3,rgb_pca,0,1
0.81090474,3,rgb_pca,0,1
0.79337007,3,rgb_pca,0,1
0.74355805,3,rgb_pca,0,1
0.68098396,3,rgb_pca,0,1
0.8051026,3,rgb_pca,0,1
0.7856328,3,rgb_pca,0,1
0.7382437,3,rgb_pca,0,1
0.75823766,3,rgb_pca,0,1
0.76880276,3,rgb_pca,0,1
0.7404398,3,rgb_pca,0,1
0.7097864,3,rgb_pca,0,1
0.75671554,3,rgb_pca,0,1
0.72207594,3,rgb_pca,0,1
0.7124865,3,rgb_pca,0,1
0.73590827,3,rgb_pca,0,1
0.6567384,3,rgb_pca,0,1
0.660207,3,rgb_pca,0,1
0.7091983,3,rgb_pca,0,1
0.7382325,3,rgb_pca,0,1
0.7510127,3,rgb_pca,0,1
0.6983541,3,rgb_pca,0,1
0.6314074,3,rgb_pca,0,1
0.6368009,3,rgb_pca,0,1
0.67770946,3,rgb_pca,0,1
0.6528715,3,rgb_pca,0,1
0.71876913,3,rgb_pca,0,1
0.72980237,3,rgb_pca,0,1
0.67741615,3,rgb_pca,0,1
0.60721606,3,rgb_pca,0,1
0.63913834,3,rgb_pca,0,1
0.6732813,3,rgb_pca,0,1
0.6386752,3,rgb_pca,0,1
0.71018195,3,rgb_pca,0,1
0.7328923,3,rgb_pca,0,1
0.67846906,3,rgb_pca,0,1
0.5875255,3,rgb_pca,0,1
0.67585534,3,rgb_pca,0,1
0.6967642,3,rgb_pca,0,1
0.6540607,3,rgb_pca,0,1
0.72128683,3,rgb_pca,0,1
0.6810262,3,rgb_pca,0,1
0.6759147,3,rgb_pca,0,1
0.70924115,3,rgb_pca,0,1
0.639173,3,rgb_pca,0,1
0.680471,3,rgb_pca,0,1
0.7018353,3,rgb_pca,0,1
0.6936165,3,rgb_pca,0,1
0.670846,3,rgb_pca,0,1
0.6583929,3,rgb_pca,0,1
0.7267981,3,rgb_pca,0,1
0.66603225,3,rgb_pca,0,1
0.7530211,3,rgb_pca,0,1
0.71763206,3,rgb_pca,0,1
0.7165313,7,rgb_pca,0,1
0.7526056,7,rgb_pca,0,1
0.7078186,7,rgb_pca,0,1
0.7209852,7,rgb_pca,0,1
0.6831082,7,rgb_pca,0,1
0.63216925,7,rgb_pca,0,1
0.6412075,7,rgb_pca,0,1
0.6562314,7,rgb_pca,0,1
0.63982296,7,rgb_pca,0,1
0.61025506,7,rgb_pca,0,1
0.62900597,7,rgb_pca,0,1
0.66437066,7,rgb_pca,0,1
0.6876697,7,rgb_pca,0,1
0.7713936,7,rgb_pca,0,1
0.6484192,7,rgb_pca,0,1
0.6838,7,rgb_pca,0,1
0.68643826,7,rgb_pca,0,1
0.6735978,7,rgb_pca,0,1
0.68211937,7,rgb_pca,0,1
0.6813942,7,rgb_pca,0,1
0.7281037,7,rgb_pca,0,1
0.7955966,7,rgb_pca,0,1
0.66237146,7,rgb_pca,0,1
0.6542821,7,rgb_pca,0,1
0.6626292,7,rgb_pca,0,1
0.6819906,7,rgb_pca,0,1
0.7074018,7,rgb_pca,0,1
0.747112,7,rgb_pca,0,1
0.68281746,7,rgb_pca,0,1
0.72419083,7,rgb_pca,0,1
0.7194077,7,rgb_pca,0,1
0.75877047,7,rgb_pca,0,1
0.74950397,7,rgb_pca,0,1
0.74000436,7,rgb_pca,0,1
0.6715031,7,rgb_pca,0,1
0.62896574,7,rgb_pca,0,1
0.6386635,7,rgb_pca,0,1
0.70886594,7,rgb_pca,0,1
0.72610414,7,rgb_pca,0,1
0.7817282,7,rgb_pca,0,1
0.6260382,7,rgb_pca,0,1
0.63890934,7,rgb_pca,0,1
0.65264094,7,rgb_pca,0,1
0.7007302,7,rgb_pca,0,1
0.7219672,7,rgb_pca,0,1
0.7193134,7,rgb_pca,0,1
0.6369896,7,rgb_pca,0,1
0.66944796,7,rgb_pca,0,1
0.66807514,7,rgb_pca,0,1
0.7002435,7,rgb_pca,0,1
0.7123593,7,rgb_pca,0,1
0.708129,7,rgb_pca,0,1
0.67166656,7,rgb_pca,0,1
0.74848187,7,rgb_pca,0,1
0.67481536,5,rgb_pca,0,1
0.6926339,5,rgb_pca,0,1
0.6864785,5,rgb_pca,0,1
0.71921486,5,rgb_pca,0,1
0.68669534,5,rgb_pca,0,1
0.72195923,5,rgb_pca,0,1
0.681312,5,rgb_pca,0,1
0.732442,5,rgb_pca,0,1
0.70547116,5,rgb_pca,0,1
0.7114528,5,rgb_pca,0,1
0.7654802,5,rgb_pca,0,1
0.78872126,5,rgb_pca,0,1
0.6826124,5,rgb_pca,0,1
0.66211283,5,rgb_pca,0,1
0.7318571,5,rgb_pca,0,1
0.7862314,5,rgb_pca,0,1
0.7972102,5,rgb_pca,0,1
0.70176655,5,rgb_pca,0,1
0.72157323,5,rgb_pca,0,1
0.73530465,5,rgb_pca,0,1
0.7945267,5,rgb_pca,0,1
0.82100105,5,rgb_pca,0,1
0.8229081,5,rgb_pca,0,1
0.7118927,5,rgb_pca,0,1
0.74320865,5,rgb_pca,0,1
0.74868214,5,rgb_pca,0,1
0.77365917,5,rgb_pca,0,1
0.8036628,5,rgb_pca,0,1
0.82441175,5,rgb_pca,0,1
0.71466774,5,rgb_pca,0,1
0.7687563,5,rgb_pca,0,1
0.7572911,5,rgb_pca,0,1
0.76792717,5,rgb_pca,0,1
0.76079667,5,rgb_pca,0,1
0.7626936,5,rgb_pca,0,1
0.72795177,5,rgb_pca,0,1
0.7507745,5,rgb_pca,0,1
0.7356641,5,rgb_pca,0,1
0.75646067,5,rgb_pca,0,1
0.7607088,5,rgb_pca,0,1
0.7428533,5,rgb_pca,0,1
0.7735797,5,rgb_pca,0,1
0.7625117,5,rgb_pca,0,1
0.78567016,5,rgb_pca,0,1
0.7845784,5,rgb_pca,0,1
0.7054409,5,rgb_pca,0,1
0.7313148,5,rgb_pca,0,1
0.79167247,5,rgb_pca,0,1
0.77894413,5,rgb_pca,0,1
0.6968411,5,rgb_pca,0,1
0.6928643,5,rgb_pca,0,1
0.7485823,5,rgb_pca,0,1
0.78428984,5,rgb_pca,0,1
0.689992,5,rgb_pca,0,1
0.7086755,5,rgb_pca,0,1
0.7379606,5,rgb_pca,0,1
0.7072086,5,rgb_pca,0,1
0.72175413,5,rgb_pca,0,1
0.6991278,5,rgb_pca,0,1
0.7375021,5,rgb_pca,0,1
0.72647357,5,rgb_pca,0,1
0.76526904,5,rgb_pca,0,1
0.7434027,5,rgb_pca,0,1
0.76038915,5,rgb_pca,0,1
0.7267603,5,rgb_pca,0,1
0.7332407,5,rgb_pca,0,1
0.7435322,5,rgb_pca,0,1
0.762028,5,rgb_pca,0,1
0.75665677,5,rgb_pca,0,1
0.79068816,5,rgb_pca,0,1
0.7273267,5,rgb_pca,0,1
0.74804914,5,rgb_pca,0,1
0.74939346,5,rgb_pca,0,1
0.76894987,5,rgb_pca,0,1
0.7804826,5,rgb_pca,0,1
0.71709263,5,rgb_pca,0,1
0.74584067,5,rgb_pca,0,1
0.7629943,5,rgb_pca,0,1
0.77518594,5,rgb_pca,0,1
0.7989448,5,rgb_pca,0,1
0.81946635,5,rgb_pca,0,1
0.73501366,5,rgb_pca,0,1
0.772709,5,rgb_pca,0,1
0.7926018,5,rgb_pca,0,1
0.8042635,5,rgb_pca,0,1
0.81470096,5,rgb_pca,0,1
0.8153823,5,rgb_pca,0,1
0.73274934,5,rgb_pca,0,1
0.7589569,5,rgb_pca,0,1
0.74826765,5,rgb_pca,0,1
0.78500843,5,rgb_pca,0,1
0.80562544,5,rgb_pca,0,1
0.7976712,5,rgb_pca,0,1
0.7320025,5,rgb_pca,0,1
0.7455076,5,rgb_pca,0,1
0.7448876,5,rgb_pca,0,1
0.78055847,5,rgb_pca,0,1
0.80238944,5,rgb_pca,0,1
0.7642666,5,rgb_pca,0,1
0.75930107,5,rgb_pca,0,1
0.78606415,5,rgb_pca,0,1
0.8009416,5,rgb_pca,0,1
0.7987664,5,rgb_pca,0,1
0.72028786,5,rgb_pca,0,1
0.74190307,5,rgb_pca,0,1
0.7631165,5,rgb_pca,0,1
0.78933513,5,rgb_pca,0,1
0.6960218,5,rgb_pca,0,1
0.7342738,5,rgb_pca,0,1
0.75580406,5,rgb_pca,0,1
0.78596395,5,rgb_pca,0,1
0.7145746,5,rgb_pca,0,1
0.7485225,5,rgb_pca,0,1
0.7771603,5,rgb_pca,0,1
0.7624021,5,rgb_pca,0,1
0.8134896,5,rgb_pca,0,1
0.7584072,5,rgb_pca,0,1
0.80126405,5,rgb_pca,0,1
0.7885438,5,rgb_pca,0,1
0.76706594,5,rgb_pca,0,1
0.7578263,5,rgb_pca,0,1
0.792777,5,rgb_pca,0,1
0.8115859,5,rgb_pca,0,1
0.7700021,5,rgb_pca,0,1
0.79783,5,rgb_pca,0,1
0.7442784,5,rgb_pca,0,1
0.76176333,5,rgb_pca,0,1
0.7529974,5,rgb_pca,0,1
0.7609784,5,rgb_pca,0,1
0.7885355,5,rgb_pca,0,1
0.80958533,5,rgb_pca,0,1
0.7839055,5,rgb_pca,0,1
0.7720687,5,rgb_pca,0,1
0.76557225,5,rgb_pca,0,1
0.754122,5,rgb_pca,0,1
0.7548182,5,rgb_pca,0,1
0.7586858,5,rgb_pca,0,1
0.7711675,5,rgb_pca,0,1
0.7578239,5,rgb_pca,0,1
0.75269413,5,rgb_pca,0,1
0.7546885,5,rgb_pca,0,1
0.79382324,5,rgb_pca,0,1
0.80997217,5,rgb_pca,0,1
0.799128,5,rgb_pca,0,1
0.76314473,5,rgb_pca,0,1
0.77881926,5,rgb_pca,0,1
0.766221,5,rgb_pca,0,1
0.7734467,5,rgb_pca,0,1
0.74521244,5,rgb_pca,0,1
0.7380814,5,rgb_pca,0,1
0.77637154,5,rgb_pca,0,1
0.75800705,5,rgb_pca,0,1
0.75806284,5,rgb_pca,0,1
0.77315617,5,rgb_pca,0,1
0.8064375,5,rgb_pca,0,1
0.7971343,5,rgb_pca,0,1
0.7813599,5,rgb_pca,0,1
0.7426386,5,rgb_pca,0,1
0.76143265,5,rgb_pca,0,1
0.7680876,5,rgb_pca,0,1
0.7595545,5,rgb_pca,0,1
0.7519376,5,rgb_pca,0,1
0.7415628,5,rgb_pca,0,1
0.76613075,5,rgb_pca,0,1
0.74068534,5,rgb_pca,0,1
0.75067115,5,rgb_pca,0,1
0.7611798,5,rgb_pca,0,1
0.7824919,5,rgb_pca,0,1
0.7615522,5,rgb_pca,0,1
0.7766247,5,rgb_pca,0,1
0.7346852,5,rgb_pca,0,1
0.7343399,5,rgb_pca,0,1
0.7519548,5,rgb_pca,0,1
0.72621477,5,rgb_pca,0,1
0.7801657,5,rgb_pca,0,1
0.781412,5,rgb_pca,0,1
0.77960134,5,rgb_pca,0,1
0.7512692,5,rgb_pca,0,1
0.76116824,5,rgb_pca,0,1
0.7635932,5,rgb_pca,0,1
0.7839712,5,rgb_pca,0,1
0.74730444,5,rgb_pca,0,1
0.7810682,5,rgb_pca,0,1
0.7349323,5,rgb_pca,0,1
0.7175421,5,rgb_pca,0,1
0.7734954,5,rgb_pca,0,1
0.7703176,5,rgb_pca,0,1
0.7422878,5,rgb_pca,0,1
0.7548046,5,rgb_pca,0,1
0.7580467,5,rgb_pca,0,1
0.7723558,5,rgb_pca,0,1
0.73127484,5,rgb_pca,0,1
0.7507026,5,rgb_pca,0,1
0.72355187,5,rgb_pca,0,1
0.7078545,5,rgb_pca,0,1
0.7502326,5,rgb_pca,0,1
0.7602291,5,rgb_pca,0,1
0.7458175,5,rgb_pca,0,1
0.7618684,5,rgb_pca,0,1
0.7817212,5,rgb_pca,0,1
0.78424096,5,rgb_pca,0,1
0.7291955,5,rgb_pca,0,1
0.7288972,5,rgb_pca,0,1
0.7100409,5,rgb_pca,0,1
0.6835133,5,rgb_pca,0,1
0.8231782,5,rgb_pca,0,1
0.812941,5,rgb_pca,0,1
0.73467827,5,rgb_pca,0,1
0.693351,5,rgb_pca,0,1
0.6588411,5,rgb_pca,0,1
0.68486553,5,rgb_pca,0,1
0.72674894,5,rgb_pca,0,1
0.6543995,5,rgb_pca,0,1
0.62442124,5,rgb_pca,0,1
0.6433096,5,rgb_pca,0,1
0.7647773,5,rgb_pca,0,1
0.72971004,5,rgb_pca,0,1
0.7215165,5,rgb_pca,0,1
0.7454829,5,rgb_pca,0,1
0.7504107,5,rgb_pca,0,1
0.7648903,5,rgb_pca,0,1
0.77713025,5,rgb_pca,0,1
0.76927227,5,rgb_pca,0,1
0.7297342,5,rgb_pca,0,1
0.7135067,5,rgb_pca,0,1
0.7426544,5,rgb_pca,0,1
0.7651211,5,rgb_pca,0,1
0.7637118,5,rgb_pca,0,1
0.7763163,5,rgb_pca,0,1
0.78518695,5,rgb_pca,0,1
0.7682419,5,rgb_pca,0,1
0.7809075,5,rgb_pca,0,1
0.7934404,5,rgb_pca,0,1
0.78381824,5,rgb_pca,0,1
0.7597209,5,rgb_pca,0,1
0.7239573,5,rgb_pca,0,1
0.71336097,5,rgb_pca,0,1
0.7176335,5,rgb_pca,0,1
0.7386695,5,rgb_pca,0,1
0.72392344,5,rgb_pca,0,1
0.72991586,5,rgb_pca,0,1
0.75567156,5,rgb_pca,0,1
0.76871014,5,rgb_pca,0,1
0.78748363,5,rgb_pca,0,1
0.8131492,5,rgb_pca,0,1
0.78910744,5,rgb_pca,0,1
0.7972318,5,rgb_pca,0,1
0.76713324,5,rgb_pca,0,1
0.7504384,5,rgb_pca,0,1
0.76099586,5,rgb_pca,0,1
0.75852853,5,rgb_pca,0,1
0.76311433,5,rgb_pca,0,1
0.7489555,5,rgb_pca,0,1
0.7549732,5,rgb_pca,0,1
0.76118714,5,rgb_pca,0,1
0.7829886,5,rgb_pca,0,1
0.8076138,5,rgb_pca,0,1
0.8131012,5,rgb_pca,0,1
0.7915226,5,rgb_pca,0,1
0.77138746,5,rgb_pca,0,1
0.7645312,5,rgb_pca,0,1
0.7689916,5,rgb_pca,0,1
0.77715755,5,rgb_pca,0,1
0.7781709,5,rgb_pca,0,1
0.8014618,5,rgb_pca,0,1
0.80507064,5,rgb_pca,0,1
0.8091407,5,rgb_pca,0,1
0.7829845,5,rgb_pca,0,1
0.77678454,5,rgb_pca,0,1
0.78553265,5,rgb_pca,0,1
0.75602245,5,rgb_pca,0,1
0.7488661,5,rgb_pca,0,1
0.7509196,5,rgb_pca,0,1
0.77515817,5,rgb_pca,0,1
0.78395104,5,rgb_pca,0,1
0.78313535,5,rgb_pca,0,1
0.7855295,5,rgb_pca,0,1
0.7978519,5,rgb_pca,0,1
0.7894029,5,rgb_pca,0,1
0.8016717,5,rgb_pca,0,1
0.7791888,5,rgb_pca,0,1
0.78768736,5,rgb_pca,0,1
0.77103496,5,rgb_pca,0,1
0.74279547,5,rgb_pca,0,1
0.7327351,5,rgb_pca,0,1
0.7267623,5,rgb_pca,0,1
0.73571,5,rgb_pca,0,1
0.7627785,5,rgb_pca,0,1
0.7671813,5,rgb_pca,0,1
0.78355557,5,rgb_pca,0,1
0.7720313,5,rgb_pca,0,1
0.79387033,5,rgb_pca,0,1
0.7701721,5,rgb_pca,0,1
0.72574735,5,rgb_pca,0,1
0.7386918,5,rgb_pca,0,1
0.73379964,5,rgb_pca,0,1
0.74859226,5,rgb_pca,0,1
0.76443,5,rgb_pca,0,1
0.77444184,5,rgb_pca,0,1
0.78080297,5,rgb_pca,0,1
0.7710044,5,rgb_pca,0,1
0.79153347,5,rgb_pca,0,1
0.7709544,5,rgb_pca,0,1
0.737706,5,rgb_pca,0,1
0.7868953,5,rgb_pca,0,1
0.8025229,5,rgb_pca,0,1
0.77010155,5,rgb_pca,0,1
0.78062904,5,rgb_pca,0,1
0.76406837,5,rgb_pca,0,1
0.76271045,5,rgb_pca,0,1
0.7837096,5,rgb_pca,0,1
0.7842748,5,rgb_pca,0,1
0.75670534,5,rgb_pca,0,1
0.7588211,5,rgb_pca,0,1
0.7251219,3,rgb_pca,0,1
0.693167,3,rgb_pca,0,1
0.69829595,3,rgb_pca,0,1
0.67910945,3,rgb_pca,0,1
0.6879823,3,rgb_pca,0,1
0.6593932,3,rgb_pca,0,1
0.6418886,3,rgb_pca,0,1
0.6324731,3,rgb_pca,0,1
0.6979814,3,rgb_pca,0,1
0.78114927,3,rgb_pca,0,1
0.6480642,3,rgb_pca,0,1
0.57961833,3,rgb_pca,0,1
0.618958,3,rgb_pca,0,1
0.62309337,3,rgb_pca,0,1
0.62056696,3,rgb_pca,0,1
0.606786,3,rgb_pca,0,1
0.6662773,3,rgb_pca,0,1
0.7612541,3,rgb_pca,0,1
0.6481837,3,rgb_pca,0,1
0.5637446,3,rgb_pca,0,1
0.6255236,3,rgb_pca,0,1
0.65680844,3,rgb_pca,0,1
0.6519251,3,rgb_pca,0,1
0.62426054,3,rgb_pca,0,1
0.64017034,3,rgb_pca,0,1
0.7214364,3,rgb_pca,0,1
0.5787991,3,rgb_pca,0,1
0.6410411,3,rgb_pca,0,1
0.6452182,3,rgb_pca,0,1
0.6262159,3,rgb_pca,0,1
0.5984754,3,rgb_pca,0,1
0.62427187,3,rgb_pca,0,1
0.71147954,3,rgb_pca,0,1
0.64020777,3,rgb_pca,0,1
0.63448286,3,rgb_pca,0,1
0.6045904,3,rgb_pca,0,1
0.6552963,3,rgb_pca,0,1
0.7403886,3,rgb_pca,0,1
0.64179695,3,rgb_pca,0,1
0.63565886,3,rgb_pca,0,1
0.62320757,3,rgb_pca,0,1
0.6604444,3,rgb_pca,0,1
0.7314959,3,rgb_pca,0,1
0.7364548,3,rgb_pca,0,1
0.70644516,3,rgb_pca,0,1
0.69728565,3,rgb_pca,0,1
0.67843235,3,rgb_pca,0,1
0.73422307,3,rgb_pca,0,1
0.7337152,3,rgb_pca,0,1
0.72101307,3,rgb_pca,0,1
0.721169,3,rgb_pca,0,1
0.74350756,3,rgb_pca,0,1
0.7686906,3,rgb_pca,0,1
0.7774191,3,rgb_pca,0,1
0.7832633,3,rgb_pca,0,1
0.7443522,3,rgb_pca,0,1
0.69585615,3,rgb_pca,0,1
0.6661742,3,rgb_pca,0,1
0.7229655,3,rgb_pca,0,1
0.7128418,3,rgb_pca,0,1
0.6885489,3,rgb_pca,0,1
0.7002163,3,rgb_pca,0,1
0.7043997,3,rgb_pca,0,1
0.74933314,3,rgb_pca,0,1
0.7646313,3,rgb_pca,0,1
0.7879791,3,rgb_pca,0,1
0.7541381,3,rgb_pca,0,1
0.67510295,3,rgb_pca,0,1
0.6427819,3,rgb_pca,0,1
0.6901052,3,rgb_pca,0,1
0.67864704,3,rgb_pca,0,1
0.68764585,3,rgb_pca,0,1
0.70744205,3,rgb_pca,0,1
0.6627938,3,rgb_pca,0,1
0.6850774,3,rgb_pca,0,1
0.6983725,3,rgb_pca,0,1
0.72525895,3,rgb_pca,0,1
0.67005837,3,rgb_pca,0,1
0.70864123,3,rgb_pca,0,1
0.68769556,3,rgb_pca,0,1
0.6872027,3,rgb_pca,0,1
0.71155953,3,rgb_pca,0,1
0.6759318,3,rgb_pca,0,1
0.6885149,3,rgb_pca,0,1
0.69280094,3,rgb_pca,0,1
0.6649395,3,rgb_pca,0,1
0.69290936,3,rgb_pca,0,1
0.7195151,3,rgb_pca,0,1
0.70978403,3,rgb_pca,0,1
0.7137649,3,rgb_pca,0,1
0.6547197,3,rgb_pca,0,1
0.68501544,3,rgb_pca,0,1
0.71206784,3,rgb_pca,0,1
0.714587,3,rgb_pca,0,1
0.7109598,3,rgb_pca,0,1
0.7274579,3,rgb_pca,0,1
0.7000301,3,rgb_pca,0,1
0.673082,3,rgb_pca,0,1
0.7040199,3,rgb_pca,0,1
0.67205966,3,rgb_pca,0,1
0.6598593,3,rgb_pca,0,1
0.6898255,3,rgb_pca,0,1
0.67378056,3,rgb_pca,0,1
0.67812127,3,rgb_pca,0,1
0.6855027,3,rgb_pca,0,1
0.73238003,3,rgb_pca,0,1
0.6786376,3,rgb_pca,0,1
0.73653257,3,rgb_pca,0,1
0.6418139,3,rgb_pca,0,1
0.72803473,3,rgb_pca,0,1
0.67635936,3,rgb_pca,0,1
0.7031379,3,rgb_pca,0,1
0.6917848,3,rgb_pca,0,1
0.71866596,3,rgb_pca,0,1
0.73870623,3,rgb_pca,0,1
0.6758549,3,rgb_pca,0,1
0.67615795,3,rgb_pca,0,1
0.69930804,3,rgb_pca,0,1
0.7453117,3,rgb_pca,0,1
0.6502664,3,rgb_pca,0,1
0.67611825,3,rgb_pca,0,1
0.7412505,3,rgb_pca,0,1
0.7871844,3,rgb_pca,0,1
0.7194283,3,rgb_pca,0,1
0.71637005,3,rgb_pca,0,1
0.642195,3,rgb_pca,0,1
0.667068,3,rgb_pca,0,1
0.75022924,3,rgb_pca,0,1
0.77907395,3,rgb_pca,0,1
0.71064377,3,rgb_pca,0,1
0.7199905,3,rgb_pca,0,1
0.6923901,3,rgb_pca,0,1
0.70440775,3,rgb_pca,0,1
0.7198853,3,rgb_pca,0,1
0.7148279,3,rgb_pca,0,1
0.75851464,3,rgb_pca,0,1
0.74385214,3,rgb_pca,0,1
0.6693118,3,rgb_pca,0,1
0.70207864,3,rgb_pca,0,1
0.64902925,3,rgb_pca,0,1
0.69081956,3,rgb_pca,0,1
0.6970218,3,rgb_pca,0,1
0.7322563,3,rgb_pca,0,1
0.7241398,3,rgb_pca,0,1
0.73228884,3,rgb_pca,0,1
0.69692886,3,rgb_pca,0,1
0.67250997,3,rgb_pca,0,1
0.67784196,3,rgb_pca,0,1
0.6369549,3,rgb_pca,0,1
0.7212788,3,rgb_pca,0,1
0.71082056,3,rgb_pca,0,1
0.7385156,3,rgb_pca,0,1
0.7207612,3,rgb_pca,0,1
0.6630966,3,rgb_pca,0,1
0.6612172,3,rgb_pca,0,1
0.61049056,3,rgb_pca,0,1
0.63458097,3,rgb_pca,0,1
0.65162873,3,rgb_pca,0,1
0.70719784,3,rgb_pca,0,1
0.68618983,3,rgb_pca,0,1
0.7116015,3,rgb_pca,0,1
0.75173205,3,rgb_pca,0,1
0.7448434,3,rgb_pca,0,1
0.68659306,3,rgb_pca,0,1
0.6493895,3,rgb_pca,0,1
0.6190562,3,rgb_pca,0,1
0.63471437,3,rgb_pca,0,1
0.69013745,3,rgb_pca,0,1
0.72061145,3,rgb_pca,0,1
0.69779205,3,rgb_pca,0,1
0.7766129,3,rgb_pca,0,1
0.7510382,3,rgb_pca,0,1
0.66171294,4,rgb_pca,0,1
0.65740633,4,rgb_pca,0,1
0.6995387,4,rgb_pca,0,1
0.72928905,4,rgb_pca,0,1
0.74132526,4,rgb_pca,0,1
0.6757691,4,rgb_pca,0,1
0.68855095,4,rgb_pca,0,1
0.73208237,4,rgb_pca,0,1
0.7262693,4,rgb_pca,0,1
0.75509036,4,rgb_pca,0,1
0.7220528,4,rgb_pca,0,1
0.7033739,4,rgb_pca,0,1
0.7314449,4,rgb_pca,0,1
0.73790944,4,rgb_pca,0,1
0.75026256,4,rgb_pca,0,1
0.72802144,4,rgb_pca,0,1
0.71990776,4,rgb_pca,0,1
0.7686301,4,rgb_pca,0,1
0.76739687,3,rgb_pca,0,1
0.7367326,3,rgb_pca,0,1
0.7241935,3,rgb_pca,0,1
0.73728526,3,rgb_pca,0,1
0.69361115,3,rgb_pca,0,1
0.72252536,3,rgb_pca,0,1
0.7826607,3,rgb_pca,0,1
0.7320694,3,rgb_pca,0,1
0.69320744,3,rgb_pca,0,1
0.71328086,3,rgb_pca,0,1
0.75190544,3,rgb_pca,0,1
0.69300497,3,rgb_pca,0,1
0.67027676,3,rgb_pca,0,1
0.7448997,3,rgb_pca,0,1
0.6767531,3,rgb_pca,0,1
0.6364233,3,rgb_pca,0,1
0.65509516,3,rgb_pca,0,1
0.6675757,3,rgb_pca,0,1
0.7180592,3,rgb_pca,0,1
0.76248306,3,rgb_pca,0,1
0.6783711,3,rgb_pca,0,1
0.6107194,3,rgb_pca,0,1
0.64044386,3,rgb_pca,0,1
0.69225645,3,rgb_pca,0,1
0.7222633,3,rgb_pca,0,1
0.73556614,3,rgb_pca,0,1
0.7796965,3,rgb_pca,0,1
0.6760143,3,rgb_pca,0,1
0.6218504,3,rgb_pca,0,1
0.6641675,3,rgb_pca,0,1
0.6781355,3,rgb_pca,0,1
0.6831599,3,rgb_pca,0,1
0.6819184,3,rgb_pca,0,1
0.75713456,3,rgb_pca,0,1
0.64384484,3,rgb_pca,0,1
0.6524743,3,rgb_pca,0,1
0.66337794,3,rgb_pca,0,1
0.68256867,3,rgb_pca,0,1
0.6855297,3,rgb_pca,0,1
0.696227,3,rgb_pca,0,1
0.73091274,3,rgb_pca,0,1
0.7438036,3,rgb_pca,0,1
0.66896695,3,rgb_pca,0,1
0.6475432,3,rgb_pca,0,1
0.6564841,3,rgb_pca,0,1
0.7125101,3,rgb_pca,0,1
0.7244589,3,rgb_pca,0,1
0.7383419,3,rgb_pca,0,1
0.8068156,3,rgb_pca,0,1
0.73870605,3,rgb_pca,0,1
0.8122703,3,rgb_pca,0,1
0.7928556,3,rgb_pca,0,1
0.69417846,4,rgb_pca,0,1
0.67268914,4,rgb_pca,0,1
0.64150435,4,rgb_pca,0,1
0.72099537,4,rgb_pca,0,1
0.70595884,4,rgb_pca,0,1
0.67759806,4,rgb_pca,0,1
0.686808,4,rgb_pca,0,1
0.6996341,4,rgb_pca,0,1
0.72288555,4,rgb_pca,0,1
0.62996054,4,rgb_pca,0,1
0.5450543,4,rgb_pca,0,1
0.5455074,4,rgb_pca,0,1
0.5681426,4,rgb_pca,0,1
0.5837858,4,rgb_pca,0,1
0.6456056,4,rgb_pca,0,1
0.7355362,4,rgb_pca,0,1
0.71707547,4,rgb_pca,0,1
0.7245457,4,rgb_pca,0,1
0.62883145,4,rgb_pca,0,1
0.5734633,4,rgb_pca,0,1
0.588593,4,rgb_pca,0,1
0.5641135,4,rgb_pca,0,1
0.53432024,4,rgb_pca,0,1
0.5700713,4,rgb_pca,0,1
0.7363961,4,rgb_pca,0,1
0.73313797,4,rgb_pca,0,1
0.73945045,4,rgb_pca,0,1
0.6756768,4,rgb_pca,0,1
0.6154603,4,rgb_pca,0,1
0.588189,4,rgb_pca,0,1
0.5718167,4,rgb_pca,0,1
0.5205619,4,rgb_pca,0,1
0.5077256,4,rgb_pca,0,1
0.5390378,4,rgb_pca,0,1
0.7399806,4,rgb_pca,0,1
0.73792976,4,rgb_pca,0,1
0.7356024,4,rgb_pca,0,1
0.63781464,4,rgb_pca,0,1
0.6260423,4,rgb_pca,0,1
0.6166686,4,rgb_pca,0,1
0.59839505,4,rgb_pca,0,1
0.59176105,4,rgb_pca,0,1
0.58976066,4,rgb_pca,0,1
0.6049768,4,rgb_pca,0,1
0.6847687,4,rgb_pca,0,1
0.6650238,4,rgb_pca,0,1
0.59649134,4,rgb_pca,0,1
0.69776267,4,rgb_pca,0,1
0.6842951,4,rgb_pca,0,1
0.6245676,4,rgb_pca,0,1
0.65432143,4,rgb_pca,0,1
0.63499635,4,rgb_pca,0,1
0.6349883,4,rgb_pca,0,1
0.6493635,4,rgb_pca,0,1
0.6661805,4,rgb_pca,0,1
0.68496263,4,rgb_pca,0,1
0.653017,4,rgb_pca,0,1
0.6362151,4,rgb_pca,0,1
0.6446047,4,rgb_pca,0,1
0.6510573,4,rgb_pca,0,1
0.728639,4,rgb_pca,0,1
0.67159575,4,rgb_pca,0,1
0.6512403,4,rgb_pca,0,1
0.64834356,4,rgb_pca,0,1
0.67743886,4,rgb_pca,0,1
0.77085286,4,rgb_pca,0,1
0.749783,4,rgb_pca,0,1
0.7219852,4,rgb_pca,0,1
0.70555264,4,rgb_pca,0,1
0.6957539,4,rgb_pca,0,1
0.7849092,5,rgb_pca,0,1
0.8184687,5,rgb_pca,0,1
0.7857431,5,rgb_pca,0,1
0.78922474,5,rgb_pca,0,1
0.79872644,5,rgb_pca,0,1
0.8192582,5,rgb_pca,0,1
0.805892,5,rgb_pca,0,1
0.77793676,5,rgb_pca,0,1
0.78228176,5,rgb_pca,0,1
0.78943443,5,rgb_pca,0,1
0.811175,5,rgb_pca,0,1
0.820117,5,rgb_pca,0,1
0.81445956,5,rgb_pca,0,1
0.8089039,5,rgb_pca,0,1
0.8043533,5,rgb_pca,0,1
0.80473936,5,rgb_pca,0,1
0.7980265,5,rgb_pca,0,1
0.73655885,5,rgb_pca,0,1
0.71851325,5,rgb_pca,0,1
0.75372404,5,rgb_pca,0,1
0.78180325,5,rgb_pca,0,1
0.8016583,5,rgb_pca,0,1
0.8200068,5,rgb_pca,0,1
0.82580364,5,rgb_pca,0,1
0.8329115,5,rgb_pca,0,1
0.82598686,5,rgb_pca,0,1
0.80524784,5,rgb_pca,0,1
0.79225385,5,rgb_pca,0,1
0.79131734,5,rgb_pca,0,1
0.78962773,5,rgb_pca,0,1
0.7555064,5,rgb_pca,0,1
0.7315836,5,rgb_pca,0,1
0.7498071,5,rgb_pca,0,1
0.76296693,5,rgb_pca,0,1
0.7827922,5,rgb_pca,0,1
0.78069234,5,rgb_pca,0,1
0.7795247,5,rgb_pca,0,1
0.7939325,5,rgb_pca,0,1
0.80519044,5,rgb_pca,0,1
0.80108726,5,rgb_pca,0,1
0.79932916,5,rgb_pca,0,1
0.78203845,5,rgb_pca,0,1
0.78678715,5,rgb_pca,0,1
0.76371276,5,rgb_pca,0,1
0.7512317,5,rgb_pca,0,1
0.78817433,5,rgb_pca,0,1
0.7440379,5,rgb_pca,0,1
0.7632617,5,rgb_pca,0,1
0.7673847,5,rgb_pca,0,1
0.7755568,5,rgb_pca,0,1
0.77997935,5,rgb_pca,0,1
0.7664058,5,rgb_pca,0,1
0.7728902,5,rgb_pca,0,1
0.785848,5,rgb_pca,0,1
0.79421353,5,rgb_pca,0,1
0.816331,5,rgb_pca,0,1
0.7796074,5,rgb_pca,0,1
0.75964814,5,rgb_pca,0,1
0.80731237,5,rgb_pca,0,1
0.7560321,5,rgb_pca,0,1
0.76424253,5,rgb_pca,0,1
0.7842506,5,rgb_pca,0,1
0.8325268,5,rgb_pca,0,1
0.82054824,5,rgb_pca,0,1
0.7967556,5,rgb_pca,0,1
0.79312897,5,rgb_pca,0,1
0.7878752,5,rgb_pca,0,1
0.76188207,5,rgb_pca,0,1
0.77644676,5,rgb_pca,0,1
0.7696359,5,rgb_pca,0,1
0.7667649,5,rgb_pca,0,1
0.7895485,5,rgb_pca,0,1
0.8274622,5,rgb_pca,0,1
0.8019724,5,rgb_pca,0,1
0.78722936,5,rgb_pca,0,1
0.81986415,5,rgb_pca,0,1
0.816015,5,rgb_pca,0,1
0.7741765,5,rgb_pca,0,1
0.74144864,5,rgb_pca,0,1
0.7575021,5,rgb_pca,0,1
0.76508975,5,rgb_pca,0,1
0.78792614,5,rgb_pca,0,1
0.80920684,5,rgb_pca,0,1
0.7846582,5,rgb_pca,0,1
0.7934191,5,rgb_pca,0,1
0.8286753,5,rgb_pca,0,1
0.81985223,5,rgb_pca,0,1
0.7586557,5,rgb_pca,0,1
0.70110923,5,rgb_pca,0,1
0.7519532,5,rgb_pca,0,1
0.7820932,5,rgb_pca,0,1
0.81500846,5,rgb_pca,0,1
0.80171466,5,rgb_pca,0,1
0.7521198,5,rgb_pca,0,1
0.74559414,5,rgb_pca,0,1
0.8061589,5,rgb_pca,0,1
0.76990753,5,rgb_pca,0,1
0.72340745,5,rgb_pca,0,1
0.7371011,5,rgb_pca,0,1
0.7838384,5,rgb_pca,0,1
0.8078935,5,rgb_pca,0,1
0.80409515,5,rgb_pca,0,1
0.81856346,5,rgb_pca,0,1
0.81081814,5,rgb_pca,0,1
0.81525075,5,rgb_pca,0,1
0.80774105,5,rgb_pca,0,1
0.77942824,5,rgb_pca,0,1
0.78198487,5,rgb_pca,0,1
0.7838981,5,rgb_pca,0,1
0.7934603,5,rgb_pca,0,1
0.814376,5,rgb_pca,0,1
0.8160813,5,rgb_pca,0,1
0.8008086,5,rgb_pca,0,1
0.78965175,5,rgb_pca,0,1
0.7774545,5,rgb_pca,0,1
0.8008591,5,rgb_pca,0,1
0.8048148,5,rgb_pca,0,1
0.82211804,5,rgb_pca,0,1
0.7901273,5,rgb_pca,0,1
0.7630111,5,rgb_pca,0,1
0.7718836,5,rgb_pca,0,1
0.7953981,5,rgb_pca,0,1
0.80299187,5,rgb_pca,0,1
0.80353224,5,rgb_pca,0,1
0.78941923,5,rgb_pca,0,1
0.7928514,5,rgb_pca,0,1
0.80237687,5,rgb_pca,0,1
0.7949117,5,rgb_pca,0,1
0.79730856,5,rgb_pca,0,1
0.75493646,5,rgb_pca,0,1
0.77033305,5,rgb_pca,0,1
0.7795139,5,rgb_pca,0,1
0.7621189,5,rgb_pca,0,1
0.78336257,5,rgb_pca,0,1
0.79625773,5,rgb_pca,0,1
0.8138596,5,rgb_pca,0,1
0.8035792,5,rgb_pca,0,1
0.799321,5,rgb_pca,0,1
0.8004621,5,rgb_pca,0,1
0.81732017,5,rgb_pca,0,1
0.8170679,5,rgb_pca,0,1
0.82639706,5,rgb_pca,0,1
0.78388345,5,rgb_pca,0,1
0.7514128,5,rgb_pca,0,1
0.7826805,5,rgb_pca,0,1
0.7665003,5,rgb_pca,0,1
0.7824992,5,rgb_pca,0,1
0.7919743,5,rgb_pca,0,1
0.81689936,5,rgb_pca,0,1
0.82403135,5,rgb_pca,0,1
0.8173907,5,rgb_pca,0,1
0.80555874,5,rgb_pca,0,1
0.81879467,5,rgb_pca,0,1
0.825598,5,rgb_pca,0,1
0.827033,5,rgb_pca,0,1
0.81313545,5,rgb_pca,0,1
0.77786756,5,rgb_pca,0,1
0.78498876,5,rgb_pca,0,1
0.76078165,5,rgb_pca,0,1
0.76711804,5,rgb_pca,0,1
0.78432053,5,rgb_pca,0,1
0.81261235,5,rgb_pca,0,1
0.8253099,5,rgb_pca,0,1
0.8306855,5,rgb_pca,0,1
0.8086683,5,rgb_pca,0,1
0.8140956,5,rgb_pca,0,1
0.81829375,5,rgb_pca,0,1
0.8143642,5,rgb_pca,0,1
0.7829946,5,rgb_pca,0,1
0.7754917,5,rgb_pca,0,1
0.7605051,5,rgb_pca,0,1
0.7908255,5,rgb_pca,0,1
0.8010337,5,rgb_pca,0,1
0.8063891,5,rgb_pca,0,1
0.78263307,5,rgb_pca,0,1
0.78601825,5,rgb_pca,0,1
0.7942798,5,rgb_pca,0,1
0.76954967,5,rgb_pca,0,1
0.7968947,5,rgb_pca,0,1
0.7887422,5,rgb_pca,0,1
0.7500851,5,rgb_pca,0,1
0.77111685,5,rgb_pca,0,1
0.7931671,5,rgb_pca,0,1
0.81135833,5,rgb_pca,0,1
0.8077725,5,rgb_pca,0,1
0.7896067,5,rgb_pca,0,1
0.8107448,5,rgb_pca,0,1
0.7931268,5,rgb_pca,0,1
0.76512194,5,rgb_pca,0,1
0.7936137,5,rgb_pca,0,1
0.7985618,5,rgb_pca,0,1
0.7629062,5,rgb_pca,0,1
0.7846781,5,rgb_pca,0,1
0.76053715,5,rgb_pca,0,1
0.7861739,5,rgb_pca,0,1
0.74303424,5,rgb_pca,0,1
0.7730619,5,rgb_pca,0,1
0.75090957,5,rgb_pca,0,1
0.61618114,4,rgb_pca,0,1
0.5993986,4,rgb_pca,0,1
0.6190263,4,rgb_pca,0,1
0.63809645,4,rgb_pca,0,1
0.55040336,4,rgb_pca,0,1
0.52245384,4,rgb_pca,0,1
0.5439627,4,rgb_pca,0,1
0.599275,4,rgb_pca,0,1
0.57366574,4,rgb_pca,0,1
0.5537611,4,rgb_pca,0,1
0.541811,4,rgb_pca,0,1
0.5547001,4,rgb_pca,0,1
0.5923913,4,rgb_pca,0,1
0.5277065,4,rgb_pca,0,1
0.5519607,4,rgb_pca,0,1
0.5389356,4,rgb_pca,0,1
0.5431342,4,rgb_pca,0,1
0.57929814,4,rgb_pca,0,1
0.59491754,4,rgb_pca,0,1
0.5667485,4,rgb_pca,0,1
0.592023,4,rgb_pca,0,1
0.5760064,4,rgb_pca,0,1
0.5713342,4,rgb_pca,0,1
0.5991185,4,rgb_pca,0,1
0.62641984,4,rgb_pca,0,1
0.57321656,4,rgb_pca,0,1
0.58807075,4,rgb_pca,0,1
0.56099373,4,rgb_pca,0,1
0.544997,4,rgb_pca,0,1
0.58462745,4,rgb_pca,0,1
0.638307,4,rgb_pca,0,1
0.5805788,4,rgb_pca,0,1
0.5555614,4,rgb_pca,0,1
0.56435657,4,rgb_pca,0,1
0.5684252,4,rgb_pca,0,1
0.6007008,4,rgb_pca,0,1
0.5917187,4,rgb_pca,0,1
0.6072909,4,rgb_pca,0,1
0.62244207,4,rgb_pca,0,1
0.61866426,4,rgb_pca,0,1
0.5940832,4,rgb_pca,0,1
0.5741563,4,rgb_pca,0,1
0.57806,4,rgb_pca,0,1
0.58538675,4,rgb_pca,0,1
0.5639116,4,rgb_pca,0,1
0.5643487,4,rgb_pca,0,1
0.5319134,4,rgb_pca,0,1
0.56531256,4,rgb_pca,0,1
0.6779457,4,rgb_pca,0,1
0.6963533,4,rgb_pca,0,1
0.6139963,4,rgb_pca,0,1
0.59919196,4,rgb_pca,0,1
0.6181335,4,rgb_pca,0,1
0.6373087,4,rgb_pca,0,1
0.6779778,4,rgb_pca,0,1
0.6776453,4,rgb_pca,0,1
0.6430088,4,rgb_pca,0,1
0.64447975,4,rgb_pca,0,1
0.67546916,4,rgb_pca,0,1
0.68034774,4,rgb_pca,0,1
0.68775517,4,rgb_pca,0,1
0.6578823,4,rgb_pca,0,1
0.6239672,4,rgb_pca,0,1
0.7213638,4,rgb_pca,0,1
0.69399476,4,rgb_pca,0,1
0.62779355,4,rgb_pca,0,1
0.61646056,4,rgb_pca,0,1
0.62818146,4,rgb_pca,0,1
0.6455404,4,rgb_pca,0,1
0.6881492,4,rgb_pca,0,1
0.66656655,4,rgb_pca,0,1
0.66424274,4,rgb_pca,0,1
0.7132025,4,rgb_pca,0,1
0.71310115,4,rgb_pca,0,1
0.6749325,4,rgb_pca,0,1
0.61283076,4,rgb_pca,0,1
0.5969532,4,rgb_pca,0,1
0.5985246,4,rgb_pca,0,1
0.6130782,4,rgb_pca,0,1
0.61383,4,rgb_pca,0,1
0.6561057,4,rgb_pca,0,1
0.67059076,4,rgb_pca,0,1
0.6632821,4,rgb_pca,0,1
0.6493443,4,rgb_pca,0,1
0.65126157,4,rgb_pca,0,1
0.6308644,4,rgb_pca,0,1
0.6276525,4,rgb_pca,0,1
0.6202922,4,rgb_pca,0,1
0.6634269,4,rgb_pca,0,1
0.6638635,4,rgb_pca,0,1
0.69213796,4,rgb_pca,0,1
0.6831995,4,rgb_pca,0,1
0.6557821,4,rgb_pca,0,1
0.64847887,4,rgb_pca,0,1
0.6172188,4,rgb_pca,0,1
0.6036543,4,rgb_pca,0,1
0.59817934,4,rgb_pca,0,1
0.61574244,4,rgb_pca,0,1
0.6148542,4,rgb_pca,0,1
0.67289567,4,rgb_pca,0,1
0.7016895,4,rgb_pca,0,1
0.730109,4,rgb_pca,0,1
0.6949843,4,rgb_pca,0,1
0.66588986,4,rgb_pca,0,1
0.67181706,4,rgb_pca,0,1
0.6548854,4,rgb_pca,0,1
0.6410486,4,rgb_pca,0,1
0.6139537,4,rgb_pca,0,1
0.64388067,4,rgb_pca,0,1
0.6556591,4,rgb_pca,0,1
0.70020086,4,rgb_pca,0,1
0.70091325,4,rgb_pca,0,1
0.72241235,4,rgb_pca,0,1
0.72722197,4,rgb_pca,0,1
0.6190351,4,rgb_pca,0,1
0.6358422,4,rgb_pca,0,1
0.6253552,4,rgb_pca,0,1
0.6564381,4,rgb_pca,0,1
0.65075636,4,rgb_pca,0,1
0.67767364,4,rgb_pca,0,1
0.69007707,4,rgb_pca,0,1
0.6986166,4,rgb_pca,0,1
0.7070846,4,rgb_pca,0,1
0.75673854,4,rgb_pca,0,1
0.6347459,4,rgb_pca,0,1
0.65273285,4,rgb_pca,0,1
0.6789105,4,rgb_pca,0,1
0.6739635,4,rgb_pca,0,1
0.67299116,4,rgb_pca,0,1
0.6839501,4,rgb_pca,0,1
0.7058592,4,rgb_pca,0,1
0.7088119,4,rgb_pca,0,1
0.7378504,4,rgb_pca,0,1
0.668442,4,rgb_pca,0,1
0.70747304,4,rgb_pca,0,1
0.7154622,4,rgb_pca,0,1
0.70748883,4,rgb_pca,0,1
0.6870859,4,rgb_pca,0,1
0.7242878,4,rgb_pca,0,1
0.69898766,4,rgb_pca,0,1
0.6791049,4,rgb_pca,0,1
0.681754,4,rgb_pca,0,1
0.61165607,4,rgb_pca,0,1
0.6329502,4,rgb_pca,0,1
0.54391867,4,rgb_pca,0,1
0.61270386,4,rgb_pca,0,1
0.62552273,4,rgb_pca,0,1
0.61282045,4,rgb_pca,0,1
0.64261115,4,rgb_pca,0,1
0.555861,4,rgb_pca,0,1
0.5495478,4,rgb_pca,0,1
0.5612896,4,rgb_pca,0,1
0.637696,4,rgb_pca,0,1
0.61483705,4,rgb_pca,0,1
0.5722193,4,rgb_pca,0,1
0.5665705,4,rgb_pca,0,1
0.5682193,4,rgb_pca,0,1
0.64631,4,rgb_pca,0,1
0.6232336,4,rgb_pca,0,1
0.6182953,4,rgb_pca,0,1
0.6420642,4,rgb_pca,0,1
0.6107652,4,rgb_pca,0,1
0.65697825,4,rgb_pca,0,1
0.612411,4,rgb_pca,0,1
0.61928487,4,rgb_pca,0,1
0.63022745,4,rgb_pca,0,1
0.61184114,4,rgb_pca,0,1
0.66416717,4,rgb_pca,0,1
0.6353224,4,rgb_pca,0,1
0.5982293,4,rgb_pca,0,1
0.6219766,4,rgb_pca,0,1
0.6258665,4,rgb_pca,0,1
0.6714961,4,rgb_pca,0,1
0.6738597,4,rgb_pca,0,1
0.63722724,4,rgb_pca,0,1
0.6240371,4,rgb_pca,0,1
0.6425758,4,rgb_pca,0,1
0.6817131,4,rgb_pca,0,1
0.70677006,4,rgb_pca,0,1
0.6845583,4,rgb_pca,0,1
0.65728724,4,rgb_pca,0,1
0.6743324,4,rgb_pca,0,1
0.6703416,4,rgb_pca,0,1
0.69847536,4,rgb_pca,0,1
0.68185186,4,rgb_pca,0,1
0.6676834,4,rgb_pca,0,1
0.68476534,4,rgb_pca,0,1
0.69139504,4,rgb_pca,0,1
0.7536758,4,rgb_pca,0,1
0.8089296,4,rgb_pca,0,1
0.71998537,4,rgb_pca,0,1
0.6786438,4,rgb_pca,0,1
0.6227132,4,rgb_pca,0,1
0.61851037,4,rgb_pca,0,1
0.72964245,4,rgb_pca,0,1
0.7633357,4,rgb_pca,0,1
0.7061352,4,rgb_pca,0,1
0.6717281,4,rgb_pca,0,1
0.63567513,4,rgb_pca,0,1
0.59313256,4,rgb_pca,0,1
0.7449542,4,rgb_pca,0,1
0.7227038,4,rgb_pca,0,1
0.7124512,4,rgb_pca,0,1
0.66342664,4,rgb_pca,0,1
0.61723685,4,rgb_pca,0,1
0.5949559,4,rgb_pca,0,1
0.63091624,4,rgb_pca,0,1
0.6483263,4,rgb_pca,0,1
0.66354674,4,rgb_pca,0,1
0.736601,4,rgb_pca,0,1
0.7016731,4,rgb_pca,0,1
0.72789586,4,rgb_pca,0,1
0.7043623,4,rgb_pca,0,1
0.6673729,4,rgb_pca,0,1
0.61326814,4,rgb_pca,0,1
0.6362655,4,rgb_pca,0,1
0.60929644,4,rgb_pca,0,1
0.63811255,4,rgb_pca,0,1
0.67687774,4,rgb_pca,0,1
0.6761298,4,rgb_pca,0,1
0.62397194,4,rgb_pca,0,1
0.60351664,4,rgb_pca,0,1
0.64902294,4,rgb_pca,0,1
0.63914263,4,rgb_pca,0,1
0.61514604,4,rgb_pca,0,1
0.6102888,4,rgb_pca,0,1
0.70567226,4,rgb_pca,0,1
0.6896344,4,rgb_pca,0,1
0.56673664,4,rgb_pca,0,1
0.5063474,4,rgb_pca,0,1
0.5051616,4,rgb_pca,0,1
0.5899315,4,rgb_pca,0,1
0.69633436,4,rgb_pca,0,1
0.71147346,4,rgb_pca,0,1
0.70261943,4,rgb_pca,0,1
0.72268754,4,rgb_pca,0,1
0.6859014,4,rgb_pca,0,1
0.6535877,4,rgb_pca,0,1
0.6830771,4,rgb_pca,0,1
0.68329144,4,rgb_pca,0,1
0.6613277,4,rgb_pca,0,1
0.6938367,4,rgb_pca,0,1
0.66711426,4,rgb_pca,0,1
0.64277446,4,rgb_pca,0,1
0.6793962,4,rgb_pca,0,1
0.6928991,4,rgb_pca,0,1
0.7115214,4,rgb_pca,0,1
0.6830524,4,rgb_pca,0,1
0.64629394,4,rgb_pca,0,1
0.61690146,4,rgb_pca,0,1
0.64519036,4,rgb_pca,0,1
0.62186056,4,rgb_pca,0,1
0.6642558,4,rgb_pca,0,1
0.6723778,4,rgb_pca,0,1
0.6634681,4,rgb_pca,0,1
0.64338994,4,rgb_pca,0,1
0.60372275,4,rgb_pca,0,1
0.6070708,4,rgb_pca,0,1
0.59648585,4,rgb_pca,0,1
0.6169494,4,rgb_pca,0,1
0.56647074,4,rgb_pca,0,1
0.6164481,4,rgb_pca,0,1
0.59887743,4,rgb_pca,0,1
0.5792509,4,rgb_pca,0,1
0.57518303,4,rgb_pca,0,1
0.59264135,4,rgb_pca,0,1
0.590365,4,rgb_pca,0,1
0.60210645,4,rgb_pca,0,1
0.6108159,4,rgb_pca,0,1
0.6425079,4,rgb_pca,0,1
0.7461002,4,rgb_pca,0,1
0.6983423,4,rgb_pca,0,1
0.6887672,4,rgb_pca,0,1
0.68214023,4,rgb_pca,0,1
0.73297024,4,rgb_pca,0,1
0.7052928,4,rgb_pca,0,1
0.6813929,4,rgb_pca,0,1
0.6681073,4,rgb_pca,0,1
0.69900376,4,rgb_pca,0,1
0.79375017,4,rgb_pca,0,1
0.75320625,4,rgb_pca,0,1
0.67343456,4,rgb_pca,0,1
0.6848786,4,rgb_pca,0,1
0.6766209,4,rgb_pca,0,1
0.6539222,4,rgb_pca,0,1
0.6819544,4,rgb_pca,0,1
0.7110674,4,rgb_pca,0,1
0.67032677,4,rgb_pca,0,1
0.652067,4,rgb_pca,0,1
0.6693851,4,rgb_pca,0,1
0.6323354,4,rgb_pca,0,1
0.63695097,4,rgb_pca,0,1
0.66719484,4,rgb_pca,0,1
0.69452024,4,rgb_pca,0,1
0.6510057,4,rgb_pca,0,1
0.6935599,4,rgb_pca,0,1
0.6917858,4,rgb_pca,0,1
0.66280043,4,rgb_pca,0,1
0.6847869,4,rgb_pca,0,1
0.69734645,4,rgb_pca,0,1
0.68214524,4,rgb_pca,0,1
0.6399974,4,rgb_pca,0,1
0.62496865,4,rgb_pca,0,1
0.6149494,4,rgb_pca,0,1
0.64831406,4,rgb_pca,0,1
0.6656301,4,rgb_pca,0,1
0.7139598,4,rgb_pca,0,1
0.6493187,4,rgb_pca,0,1
0.62445635,4,rgb_pca,0,1
0.6226716,4,rgb_pca,0,1
0.6364325,4,rgb_pca,0,1
0.6767924,4,rgb_pca,0,1
0.7160069,4,rgb_pca,0,1
0.72900903,4,rgb_pca,0,1
0.6155988,4,rgb_pca,0,1
0.5569923,4,rgb_pca,0,1
0.61848235,4,rgb_pca,0,1
0.6333732,4,rgb_pca,0,1
0.702124,4,rgb_pca,0,1
0.67358464,4,rgb_pca,0,1
0.66839486,4,rgb_pca,0,1
0.69306433,4,rgb_pca,0,1
0.7196075,4,rgb_pca,0,1
0.7617739,4,rgb_pca,0,1
0.76781774,4,rgb_pca,0,1
0.6752137,4,rgb_pca,0,1
0.65971446,4,rgb_pca,0,1
0.70872694,4,rgb_pca,0,1
0.69896775,4,rgb_pca,0,1
0.6644323,4,rgb_pca,0,1
0.6467171,4,rgb_pca,0,1
0.70019746,4,rgb_pca,0,1
0.6634469,4,rgb_pca,0,1
0.635382,4,rgb_pca,0,1
0.65422314,4,rgb_pca,0,1
0.64899844,4,rgb_pca,0,1
0.6626364,4,rgb_pca,0,1
0.65393543,4,rgb_pca,0,1
0.6181117,4,rgb_pca,0,1
0.6119734,4,rgb_pca,0,1
0.5737723,4,rgb_pca,0,1
0.6126075,4,rgb_pca,0,1
0.62124544,4,rgb_pca,0,1
0.57199967,4,rgb_pca,0,1
0.5713056,4,rgb_pca,0,1
0.57154614,4,rgb_pca,0,1
0.59923834,4,rgb_pca,0,1
0.6476462,4,rgb_pca,0,1
0.6483327,4,rgb_pca,0,1
0.67906606,4,rgb_pca,0,1
0.63733155,4,rgb_pca,0,1
0.6169602,4,rgb_pca,0,1
0.5969081,4,rgb_pca,0,1
0.6251745,4,rgb_pca,0,1
0.6253652,4,rgb_pca,0,1
0.5959119,4,rgb_pca,0,1
0.55318904,4,rgb_pca,0,1
0.5494573,4,rgb_pca,0,1
0.5883039,4,rgb_pca,0,1
0.62832975,4,rgb_pca,0,1
0.69006455,4,rgb_pca,0,1
0.70908463,4,rgb_pca,0,1
0.6200833,4,rgb_pca,0,1
0.6070583,4,rgb_pca,0,1
0.5521188,4,rgb_pca,0,1
0.58601284,4,rgb_pca,0,1
0.59800375,4,rgb_pca,0,1
0.5770744,4,rgb_pca,0,1
0.53086126,4,rgb_pca,0,1
0.5697366,4,rgb_pca,0,1
0.5857487,4,rgb_pca,0,1
0.6262151,4,rgb_pca,0,1
0.68610543,4,rgb_pca,0,1
0.7111559,4,rgb_pca,0,1
0.6637718,4,rgb_pca,0,1
0.64653796,4,rgb_pca,0,1
0.65615773,4,rgb_pca,0,1
0.6312237,4,rgb_pca,0,1
0.6133255,4,rgb_pca,0,1
0.63947296,4,rgb_pca,0,1
0.6380645,4,rgb_pca,0,1
0.64596784,4,rgb_pca,0,1
0.5687616,4,rgb_pca,0,1
0.55353,4,rgb_pca,0,1
0.5100751,4,rgb_pca,0,1
0.51981676,4,rgb_pca,0,1
0.57957745,4,rgb_pca,0,1
0.64045715,4,rgb_pca,0,1
0.4773385,4,rgb_pca,0,1
0.4963505,4,rgb_pca,0,1
0.46565333,4,rgb_pca,0,1
0.47389892,4,rgb_pca,0,1
0.49680617,4,rgb_pca,0,1
0.5851599,4,rgb_pca,0,1
0.5181054,4,rgb_pca,0,1
0.49431327,4,rgb_pca,0,1
0.49179065,4,rgb_pca,0,1
0.4686125,4,rgb_pca,0,1
0.495962,4,rgb_pca,0,1
0.5519539,4,rgb_pca,0,1
0.5108685,4,rgb_pca,0,1
0.45145467,4,rgb_pca,0,1
0.5503147,4,rgb_pca,0,1
0.61256945,4,rgb_pca,0,1
0.5634237,4,rgb_pca,0,1
0.45494384,4,rgb_pca,0,1
0.5371895,4,rgb_pca,0,1
0.56670934,4,rgb_pca,0,1
0.46119073,4,rgb_pca,0,1
0.5035194,4,rgb_pca,0,1
0.48672038,4,rgb_pca,0,1
0.5283611,4,rgb_pca,0,1
0.69303226,4,rgb_pca,0,1
0.6858019,4,rgb_pca,0,1
0.61150336,4,rgb_pca,0,1
0.61769783,4,rgb_pca,0,1
0.6480638,4,rgb_pca,0,1
0.65445274,4,rgb_pca,0,1
0.65562963,4,rgb_pca,0,1
0.6614218,4,rgb_pca,0,1
0.6517943,4,rgb_pca,0,1
0.6329855,4,rgb_pca,0,1
0.65789384,4,rgb_pca,0,1
0.67326045,4,rgb_pca,0,1
0.682536,4,rgb_pca,0,1
0.6071234,4,rgb_pca,0,1
0.62273645,4,rgb_pca,0,1
0.6036277,4,rgb_pca,0,1
0.6005637,4,rgb_pca,0,1
0.6037093,4,rgb_pca,0,1
0.64024746,4,rgb_pca,0,1
0.62063885,4,rgb_pca,0,1
0.6124425,4,rgb_pca,0,1
0.67039037,4,rgb_pca,0,1
0.6105261,4,rgb_pca,0,1
0.6121905,4,rgb_pca,0,1
0.60873044,4,rgb_pca,0,1
0.6794558,4,rgb_pca,0,1
0.72097135,4,rgb_pca,0,1
0.6606616,4,rgb_pca,0,1
0.66717803,4,rgb_pca,0,1
0.6793269,4,rgb_pca,0,1
0.731085,4,rgb_pca,0,1
0.70436853,4,rgb_pca,0,1
0.5923681,4,rgb_pca,0,1
0.5894973,4,rgb_pca,0,1
0.67304945,4,rgb_pca,0,1
0.72421825,4,rgb_pca,0,1
0.70867944,4,rgb_pca,0,1
0.6894611,4,rgb_pca,0,1
0.68725455,4,rgb_pca,0,1
0.6576043,4,rgb_pca,0,1
0.6384357,4,rgb_pca,0,1
0.55501175,4,rgb_pca,0,1
0.56472373,4,rgb_pca,0,1
0.6654974,4,rgb_pca,0,1
0.7021179,4,rgb_pca,0,1
0.57021224,4,rgb_pca,0,1
0.65952444,4,rgb_pca,0,1
0.6706083,4,rgb_pca,0,1
0.63955355,4,rgb_pca,0,1
0.65658045,4,rgb_pca,0,1
0.73468506,4,rgb_pca,0,1
0.73910266,4,rgb_pca,0,1
0.70053226,4,rgb_pca,0,1
0.6864096,4,rgb_pca,0,1
0.66678184,4,rgb_pca,0,1
0.7013252,4,rgb_pca,0,1
0.6612967,4,rgb_pca,0,1
0.6187314,4,rgb_pca,0,1
0.59240746,4,rgb_pca,0,1
0.5774136,4,rgb_pca,0,1
0.6873161,4,rgb_pca,0,1
0.63905436,4,rgb_pca,0,1
0.59080553,4,rgb_pca,0,1
0.54802585,4,rgb_pca,0,1
0.5444875,4,rgb_pca,0,1
0.6773587,4,rgb_pca,0,1
0.60867244,4,rgb_pca,0,1
0.5593405,4,rgb_pca,0,1
0.5514426,4,rgb_pca,0,1
0.5302142,4,rgb_pca,0,1
0.7680355,4,rgb_pca,0,1
0.74886096,4,rgb_pca,0,1
0.69885695,4,rgb_pca,0,1
0.69700515,4,rgb_pca,0,1
0.61760664,4,rgb_pca,0,1
0.61619866,4,rgb_pca,0,1
0.75924414,4,rgb_pca,0,1
0.7350619,4,rgb_pca,0,1
0.6718898,4,rgb_pca,0,1
0.69935143,4,rgb_pca,0,1
0.60765195,4,rgb_pca,0,1
0.5760945,4,rgb_pca,0,1
0.7640321,4,rgb_pca,0,1
0.7063552,4,rgb_pca,0,1
0.67154175,4,rgb_pca,0,1
0.63885653,4,rgb_pca,0,1
0.6225287,4,rgb_pca,0,1
0.61878556,4,rgb_pca,0,1
0.66396517,4,rgb_pca,0,1
0.6394996,4,rgb_pca,0,1
0.6283982,4,rgb_pca,0,1
0.742713,4,rgb_pca,0,1
0.7237617,4,rgb_pca,0,1
0.713341,4,rgb_pca,0,1
0.7061398,4,rgb_pca,0,1
0.697923,4,rgb_pca,0,1
0.6333655,4,rgb_pca,0,1
0.6294295,4,rgb_pca,0,1
0.5988883,4,rgb_pca,0,1
0.6296495,4,rgb_pca,0,1
0.69977814,4,rgb_pca,0,1
0.7100814,4,rgb_pca,0,1
0.6551131,4,rgb_pca,0,1
0.60263157,4,rgb_pca,0,1
0.7424369,4,rgb_pca,0,1
0.70634365,4,rgb_pca,0,1
0.64144015,4,rgb_pca,0,1
0.6386,4,rgb_pca,0,1
0.6583439,4,rgb_pca,0,1
0.6328467,4,rgb_pca,0,1
0.63517046,4,rgb_pca,0,1
0.64366317,4,rgb_pca,0,1
0.6722611,4,rgb_pca,0,1
0.6820284,4,rgb_pca,0,1
0.6940883,4,rgb_pca,0,1
0.68912804,4,rgb_pca,0,1
0.7013333,4,rgb_pca,0,1
0.7369241,4,rgb_pca,0,1
0.7034873,4,rgb_pca,0,1
0.6360903,4,rgb_pca,0,1
0.617555,4,rgb_pca,0,1
0.58982915,4,rgb_pca,0,1
0.5978678,4,rgb_pca,0,1
0.6656511,4,rgb_pca,0,1
0.70676005,4,rgb_pca,0,1
0.6416508,4,rgb_pca,0,1
0.63788766,4,rgb_pca,0,1
0.5974654,4,rgb_pca,0,1
0.60724974,4,rgb_pca,0,1
0.66445935,4,rgb_pca,0,1
0.68263257,4,rgb_pca,0,1
0.6556126,4,rgb_pca,0,1
0.691165,4,rgb_pca,0,1
0.68953556,4,rgb_pca,0,1
0.6766573,4,rgb_pca,0,1
0.6876332,4,rgb_pca,0,1
0.7281893,4,rgb_pca,0,1
0.6928882,4,rgb_pca,0,1
0.66770446,4,rgb_pca,0,1
0.663543,4,rgb_pca,0,1
0.6310419,4,rgb_pca,0,1
0.6237847,4,rgb_pca,0,1
0.61223555,4,rgb_pca,0,1
0.6255994,4,rgb_pca,0,1
0.64796245,4,rgb_pca,0,1
0.6331099,4,rgb_pca,0,1
0.63834804,4,rgb_pca,0,1
0.647956,4,rgb_pca,0,1
0.6621238,4,rgb_pca,0,1
0.61698806,4,rgb_pca,0,1
0.59320915,4,rgb_pca,0,1
0.67014474,4,rgb_pca,0,1
0.6601872,4,rgb_pca,0,1
0.6836316,4,rgb_pca,0,1
0.66023934,4,rgb_pca,0,1
0.6463047,4,rgb_pca,0,1
0.6469774,4,rgb_pca,0,1
0.7098673,4,rgb_pca,0,1
0.70982575,4,rgb_pca,0,1
0.7059224,4,rgb_pca,0,1
0.6981363,4,rgb_pca,0,1
0.68908656,4,rgb_pca,0,1
0.67948616,4,rgb_pca,0,1
0.701759,4,rgb_pca,0,1
0.69920814,4,rgb_pca,0,1
0.6985974,4,rgb_pca,0,1
0.64881384,4,rgb_pca,0,1
0.6657582,4,rgb_pca,0,1
0.68733567,4,rgb_pca,0,1
0.749014,4,rgb_pca,0,1
0.76146865,4,rgb_pca,0,1
0.72132635,4,rgb_pca,0,1
0.6962391,4,rgb_pca,0,1
0.6418263,4,rgb_pca,0,1
0.67911345,4,rgb_pca,0,1
0.7488915,4,rgb_pca,0,1
0.7136426,4,rgb_pca,0,1
0.7539215,4,rgb_pca,0,1
0.771205,4,rgb_pca,0,1
0.7322755,4,rgb_pca,0,1
0.76002204,4,rgb_pca,0,1
0.694343,4,rgb_pca,0,1
0.7245703,4,rgb_pca,0,1
0.7166336,4,rgb_pca,0,1
0.6816056,4,rgb_pca,0,1
0.66414696,4,rgb_pca,0,1
0.60412884,4,rgb_pca,0,1
0.6710592,4,rgb_pca,0,1
0.7263471,4,rgb_pca,0,1
0.69035256,4,rgb_pca,0,1
0.71681297,4,rgb_pca,0,1
0.7217963,4,rgb_pca,0,1
0.6934072,4,rgb_pca,0,1
0.7726687,4,rgb_pca,0,1
0.6747192,4,rgb_pca,0,1
0.66248274,4,rgb_pca,0,1
0.6300634,4,rgb_pca,0,1
0.62904894,4,rgb_pca,0,1
0.68509966,4,rgb_pca,0,1
0.66491365,4,rgb_pca,0,1
0.6383014,4,rgb_pca,0,1
0.65853435,4,rgb_pca,0,1
0.6641247,4,rgb_pca,0,1
0.7003847,4,rgb_pca,0,1
0.69302255,4,rgb_pca,0,1
0.6951566,4,rgb_pca,0,1
0.6771095,4,rgb_pca,0,1
0.6386672,4,rgb_pca,0,1
0.62247205,4,rgb_pca,0,1
0.69474226,4,rgb_pca,0,1
0.6570629,4,rgb_pca,0,1
0.6171378,4,rgb_pca,0,1
0.6413679,4,rgb_pca,0,1
0.67352533,4,rgb_pca,0,1
0.6972506,4,rgb_pca,0,1
0.7101966,4,rgb_pca,0,1
0.68103534,4,rgb_pca,0,1
0.6874558,4,rgb_pca,0,1
0.62063885,4,rgb_pca,0,1
0.5999903,4,rgb_pca,0,1
0.67105865,4,rgb_pca,0,1
0.629473,4,rgb_pca,0,1
0.64544755,4,rgb_pca,0,1
0.65972465,4,rgb_pca,0,1
0.6768737,4,rgb_pca,0,1
0.7032637,4,rgb_pca,0,1
0.6729129,4,rgb_pca,0,1
0.69453144,4,rgb_pca,0,1
0.6990497,4,rgb_pca,0,1
0.67382556,4,rgb_pca,0,1
0.6378794,4,rgb_pca,0,1
0.68482244,4,rgb_pca,0,1
0.66319,4,rgb_pca,0,1
0.69860685,4,rgb_pca,0,1
0.6551831,4,rgb_pca,0,1
0.68469703,4,rgb_pca,0,1
0.71125853,4,rgb_pca,0,1
0.6936737,4,rgb_pca,0,1
0.72276837,4,rgb_pca,0,1
0.711081,4,rgb_pca,0,1
0.6965778,4,rgb_pca,0,1
0.68253535,4,rgb_pca,0,1
0.70192254,4,rgb_pca,0,1
0.68401885,4,rgb_pca,0,1
0.7287359,4,rgb_pca,0,1
0.7067237,4,rgb_pca,0,1
0.7107886,4,rgb_pca,0,1
0.6988822,4,rgb_pca,0,1
0.71531636,4,rgb_pca,0,1
0.6792984,4,rgb_pca,0,1
0.7006596,4,rgb_pca,0,1
0.6995043,4,rgb_pca,0,1
0.66587293,4,rgb_pca,0,1
0.70763093,4,rgb_pca,0,1
0.67177373,4,rgb_pca,0,1
0.66336024,4,rgb_pca,0,1
0.70020413,4,rgb_pca,0,1
0.6829351,4,rgb_pca,0,1
0.6480548,4,rgb_pca,0,1
0.6546805,4,rgb_pca,0,1
0.7005501,4,rgb_pca,0,1
0.6733045,4,rgb_pca,0,1
0.67419076,4,rgb_pca,0,1
0.68638563,4,rgb_pca,0,1
0.65610826,4,rgb_pca,0,1
0.6549473,4,rgb_pca,0,1
0.671762,4,rgb_pca,0,1
0.6469752,4,rgb_pca,0,1
0.6503273,4,rgb_pca,0,1
0.6243788,4,rgb_pca,0,1
0.57257307,4,rgb_pca,0,1
0.5906695,4,rgb_pca,0,1
0.619372,4,rgb_pca,0,1
0.6834013,4,rgb_pca,0,1
0.6550809,4,rgb_pca,0,1
0.65412754,4,rgb_pca,0,1
0.60995334,4,rgb_pca,0,1
0.61829364,4,rgb_pca,0,1
0.6296027,4,rgb_pca,0,1
0.64488983,4,rgb_pca,0,1
0.6629626,4,rgb_pca,0,1
0.6100812,4,rgb_pca,0,1
0.51471853,4,rgb_pca,0,1
0.5212048,4,rgb_pca,0,1
0.5718534,4,rgb_pca,0,1
0.6795261,4,rgb_pca,0,1
0.67849755,4,rgb_pca,0,1
0.6995754,4,rgb_pca,0,1
0.67654204,4,rgb_pca,0,1
0.6499765,4,rgb_pca,0,1
0.62797225,4,rgb_pca,0,1
0.62845784,4,rgb_pca,0,1
0.63391614,4,rgb_pca,0,1
0.5815517,4,rgb_pca,0,1
0.53708744,4,rgb_pca,0,1
0.5589536,4,rgb_pca,0,1
0.6802597,4,rgb_pca,0,1
0.70495,4,rgb_pca,0,1
0.66802675,4,rgb_pca,0,1
0.6219248,4,rgb_pca,0,1
0.61530113,4,rgb_pca,0,1
0.5945232,4,rgb_pca,0,1
0.5953516,4,rgb_pca,0,1
0.555282,4,rgb_pca,0,1
0.49402156,4,rgb_pca,0,1
0.5489423,4,rgb_pca,0,1
0.6811397,4,rgb_pca,0,1
0.6847514,4,rgb_pca,0,1
0.6686632,4,rgb_pca,0,1
0.63045204,4,rgb_pca,0,1
0.6149548,4,rgb_pca,0,1
0.61356163,4,rgb_pca,0,1
0.62562585,4,rgb_pca,0,1
0.6187464,4,rgb_pca,0,1
0.5701194,4,rgb_pca,0,1
0.58339673,4,rgb_pca,0,1
0.6926076,4,rgb_pca,0,1
0.672516,4,rgb_pca,0,1
0.65682286,4,rgb_pca,0,1
0.67273206,4,rgb_pca,0,1
0.6342505,4,rgb_pca,0,1
0.64673686,4,rgb_pca,0,1
0.6439582,4,rgb_pca,0,1
0.6369567,4,rgb_pca,0,1
0.63093805,4,rgb_pca,0,1
0.62358975,4,rgb_pca,0,1
0.68171847,4,rgb_pca,0,1
0.67131495,4,rgb_pca,0,1
0.60982645,4,rgb_pca,0,1
0.60641277,4,rgb_pca,0,1
0.61602306,4,rgb_pca,0,1
0.630198,4,rgb_pca,0,1
0.65452063,4,rgb_pca,0,1
0.6568537,4,rgb_pca,0,1
0.65920126,4,rgb_pca,0,1
0.6519948,4,rgb_pca,0,1
0.6834239,4,rgb_pca,0,1
0.72023636,4,rgb_pca,0,1
0.7904724,5,rgb_pca,0,1
0.76913434,5,rgb_pca,0,1
0.7780447,5,rgb_pca,0,1
0.78807116,5,rgb_pca,0,1
0.79289985,5,rgb_pca,0,1
0.7610989,5,rgb_pca,0,1
0.77240515,5,rgb_pca,0,1
0.7814368,5,rgb_pca,0,1
0.7813003,5,rgb_pca,0,1
0.7828647,5,rgb_pca,0,1
0.7949927,5,rgb_pca,0,1
0.7699158,5,rgb_pca,0,1
0.8123392,5,rgb_pca,0,1
0.8142381,5,rgb_pca,0,1
0.8211788,5,rgb_pca,0,1
0.8222072,5,rgb_pca,0,1
0.8200982,5,rgb_pca,0,1
0.83706546,5,rgb_pca,0,1
0.8027562,5,rgb_pca,0,1
0.7948786,5,rgb_pca,0,1
0.80992717,5,rgb_pca,0,1
0.8145635,5,rgb_pca,0,1
0.8390595,5,rgb_pca,0,1
0.8077355,5,rgb_pca,0,1
0.816138,5,rgb_pca,0,1
0.8534798,5,rgb_pca,0,1
0.82467157,5,rgb_pca,0,1
0.8155745,5,rgb_pca,0,1
0.8298444,5,rgb_pca,0,1
0.8136913,5,rgb_pca,0,1
0.8370745,5,rgb_pca,0,1
0.82928735,5,rgb_pca,0,1
0.8199612,5,rgb_pca,0,1
0.84494466,5,rgb_pca,0,1
0.77438116,5,rgb_pca,0,1
0.8046771,5,rgb_pca,0,1
0.8291545,5,rgb_pca,0,1
0.8561257,5,rgb_pca,0,1
0.83275557,5,rgb_pca,0,1
0.82008946,5,rgb_pca,0,1
0.81647366,5,rgb_pca,0,1
0.8286215,5,rgb_pca,0,1
0.8355019,5,rgb_pca,0,1
0.835148,5,rgb_pca,0,1
0.8247794,5,rgb_pca,0,1
0.81789565,5,rgb_pca,0,1
0.8332036,5,rgb_pca,0,1
0.7858694,5,rgb_pca,0,1
0.7918277,5,rgb_pca,0,1
0.82574743,5,rgb_pca,0,1
0.80386007,5,rgb_pca,0,1
0.79578847,5,rgb_pca,0,1
0.817009,5,rgb_pca,0,1
0.8169816,5,rgb_pca,0,1
0.8115123,5,rgb_pca,0,1
0.8316669,5,rgb_pca,0,1
0.8447236,5,rgb_pca,0,1
0.8285599,5,rgb_pca,0,1
0.83181083,5,rgb_pca,0,1
0.8102641,5,rgb_pca,0,1
0.7938911,5,rgb_pca,0,1
0.80409265,5,rgb_pca,0,1
0.82453895,5,rgb_pca,0,1
0.81077415,5,rgb_pca,0,1
0.80940175,5,rgb_pca,0,1
0.81046283,5,rgb_pca,0,1
0.8144958,5,rgb_pca,0,1
0.8015252,5,rgb_pca,0,1
0.8510581,5,rgb_pca,0,1
0.8193099,5,rgb_pca,0,1
0.8061254,5,rgb_pca,0,1
0.83404326,5,rgb_pca,0,1
0.77329516,5,rgb_pca,0,1
0.7883327,5,rgb_pca,0,1
0.7961925,5,rgb_pca,0,1
0.80434716,5,rgb_pca,0,1
0.77461654,5,rgb_pca,0,1
0.7844949,5,rgb_pca,0,1
0.8028476,5,rgb_pca,0,1
0.7813909,5,rgb_pca,0,1
0.77939564,5,rgb_pca,0,1
0.76543474,5,rgb_pca,0,1
0.8061379,5,rgb_pca,0,1
0.83802533,5,rgb_pca,0,1
0.78387105,5,rgb_pca,0,1
0.7954848,5,rgb_pca,0,1
0.82573414,5,rgb_pca,0,1
0.8149746,5,rgb_pca,0,1
0.79217064,5,rgb_pca,0,1
0.7849827,5,rgb_pca,0,1
0.8045125,5,rgb_pca,0,1
0.7493446,5,rgb_pca,0,1
0.7707441,5,rgb_pca,0,1
0.8147837,5,rgb_pca,0,1
0.8353733,5,rgb_pca,0,1
0.83446217,5,rgb_pca,0,1
0.8470316,5,rgb_pca,0,1
0.83752006,5,rgb_pca,0,1
0.844038,5,rgb_pca,0,1
0.8356177,5,rgb_pca,0,1
0.8602248,5,rgb_pca,0,1
0.8344679,5,rgb_pca,0,1
0.82120514,5,rgb_pca,0,1
0.85806143,5,rgb_pca,0,1
0.8226334,5,rgb_pca,0,1
0.8734492,5,rgb_pca,0,1
0.88069177,5,rgb_pca,0,1
0.7894005,5,rgb_pca,0,1
0.8092469,5,rgb_pca,0,1
0.80333006,5,rgb_pca,0,1
0.7505217,5,rgb_pca,0,1
0.7688111,5,rgb_pca,0,1
0.8007363,5,rgb_pca,0,1
0.8031894,5,rgb_pca,0,1
0.74236965,5,rgb_pca,0,1
0.75747365,5,rgb_pca,0,1
0.79293823,5,rgb_pca,0,1
0.8257712,5,rgb_pca,0,1
0.8139747,5,rgb_pca,0,1
0.7702507,5,rgb_pca,0,1
0.79117656,5,rgb_pca,0,1
0.8087288,5,rgb_pca,0,1
0.81426495,5,rgb_pca,0,1
0.7723801,5,rgb_pca,0,1
0.7838012,5,rgb_pca,0,1
0.83818483,5,rgb_pca,0,1
0.82106036,5,rgb_pca,0,1
0.7725945,5,rgb_pca,0,1
0.786178,5,rgb_pca,0,1
0.80490756,5,rgb_pca,0,1
0.81113577,5,rgb_pca,0,1
0.778469,5,rgb_pca,0,1
0.7835138,5,rgb_pca,0,1
0.8179312,5,rgb_pca,0,1
0.8083868,5,rgb_pca,0,1
0.76851255,5,rgb_pca,0,1
0.77807534,5,rgb_pca,0,1
0.795585,5,rgb_pca,0,1
0.8106816,5,rgb_pca,0,1
0.7965276,5,rgb_pca,0,1
0.8067143,5,rgb_pca,0,1
0.75461304,5,rgb_pca,0,1
0.78245395,5,rgb_pca,0,1
0.7928172,5,rgb_pca,0,1
0.77207637,5,rgb_pca,0,1
0.8007834,5,rgb_pca,0,1
0.7989781,5,rgb_pca,0,1
0.81014156,5,rgb_pca,0,1
0.7881684,5,rgb_pca,0,1
0.7889362,5,rgb_pca,0,1
0.8487837,5,rgb_pca,0,1
0.8248725,5,rgb_pca,0,1
0.77859,5,rgb_pca,0,1
0.75357187,5,rgb_pca,0,1
0.7411151,5,rgb_pca,0,1
0.762759,5,rgb_pca,0,1
0.7879072,5,rgb_pca,0,1
0.7904153,5,rgb_pca,0,1
0.7946919,5,rgb_pca,0,1
0.7622634,5,rgb_pca,0,1
0.78638417,5,rgb_pca,0,1
0.80816585,5,rgb_pca,0,1
0.78777295,5,rgb_pca,0,1
0.7633712,5,rgb_pca,0,1
0.75755316,5,rgb_pca,0,1
0.75344014,5,rgb_pca,0,1
0.74118286,5,rgb_pca,0,1
0.7282344,5,rgb_pca,0,1
0.71957564,5,rgb_pca,0,1
0.77661234,5,rgb_pca,0,1
0.7627521,5,rgb_pca,0,1
0.78426224,5,rgb_pca,0,1
0.79116535,5,rgb_pca,0,1
0.78851074,5,rgb_pca,0,1
0.7777296,5,rgb_pca,0,1
0.8012929,5,rgb_pca,0,1
0.81279755,5,rgb_pca,0,1
0.7841563,5,rgb_pca,0,1
0.744673,5,rgb_pca,0,1
0.769426,5,rgb_pca,0,1
0.7838385,5,rgb_pca,0,1
0.7725633,5,rgb_pca,0,1
0.72099125,5,rgb_pca,0,1
0.73697937,5,rgb_pca,0,1
0.79319763,5,rgb_pca,0,1
0.80100924,5,rgb_pca,0,1
0.81010205,5,rgb_pca,0,1
0.80454445,5,rgb_pca,0,1
0.7958628,5,rgb_pca,0,1
0.7909702,5,rgb_pca,0,1
0.81091166,5,rgb_pca,0,1
0.8095751,5,rgb_pca,0,1
0.8329758,5,rgb_pca,0,1
0.8352326,5,rgb_pca,0,1
0.7977015,5,rgb_pca,0,1
0.7951565,5,rgb_pca,0,1
0.7773485,5,rgb_pca,0,1
0.7759724,5,rgb_pca,0,1
0.8070063,5,rgb_pca,0,1
0.81419754,5,rgb_pca,0,1
0.79500836,5,rgb_pca,0,1
0.8117757,5,rgb_pca,0,1
0.81437314,5,rgb_pca,0,1
0.8033189,5,rgb_pca,0,1
0.794219,5,rgb_pca,0,1
0.80703574,5,rgb_pca,0,1
0.83083206,5,rgb_pca,0,1
0.8399302,5,rgb_pca,0,1
0.8051633,5,rgb_pca,0,1
0.7976178,5,rgb_pca,0,1
0.76489186,5,rgb_pca,0,1
0.75811565,5,rgb_pca,0,1
0.7910596,5,rgb_pca,0,1
0.78957224,5,rgb_pca,0,1
0.7552769,5,rgb_pca,0,1
0.7815247,5,rgb_pca,0,1
0.80845916,5,rgb_pca,0,1
0.8306735,5,rgb_pca,0,1
0.8024458,5,rgb_pca,0,1
0.80953103,5,rgb_pca,0,1
0.77954835,5,rgb_pca,0,1
0.7731007,5,rgb_pca,0,1
0.7891656,5,rgb_pca,0,1
0.7961978,5,rgb_pca,0,1
0.8007872,5,rgb_pca,0,1
0.77464,5,rgb_pca,0,1
0.8086014,5,rgb_pca,0,1
0.8056037,5,rgb_pca,0,1
0.81397927,5,rgb_pca,0,1
0.82271063,5,rgb_pca,0,1
0.7996727,5,rgb_pca,0,1
0.7773805,5,rgb_pca,0,1
0.81195676,5,rgb_pca,0,1
0.8138266,5,rgb_pca,0,1
0.7845366,5,rgb_pca,0,1
0.77622795,5,rgb_pca,0,1
0.7817703,5,rgb_pca,0,1
0.7942796,5,rgb_pca,0,1
0.7637581,5,rgb_pca,0,1
0.77459216,5,rgb_pca,0,1
0.7894499,5,rgb_pca,0,1
0.78102887,5,rgb_pca,0,1
0.80808955,5,rgb_pca,0,1
0.7794463,5,rgb_pca,0,1
0.7880835,5,rgb_pca,0,1
0.8077544,5,rgb_pca,0,1
0.78084993,5,rgb_pca,0,1
0.8152084,5,rgb_pca,0,1
0.76327884,5,rgb_pca,0,1
0.83881444,5,rgb_pca,0,1
0.77800065,5,rgb_pca,0,1
0.79990596,5,rgb_pca,0,1
0.83127487,5,rgb_pca,0,1
0.8072423,5,rgb_pca,0,1
0.8257391,5,rgb_pca,0,1
0.8247176,5,rgb_pca,0,1
0.8213743,5,rgb_pca,0,1
0.807106,5,rgb_pca,0,1
0.8250855,5,rgb_pca,0,1
0.82727283,5,rgb_pca,0,1
0.81627893,5,rgb_pca,0,1
0.7748635,5,rgb_pca,0,1
0.81137305,5,rgb_pca,0,1
0.8256975,5,rgb_pca,0,1
0.8095623,5,rgb_pca,0,1
0.7850274,5,rgb_pca,0,1
0.7823434,5,rgb_pca,0,1
0.82491577,5,rgb_pca,0,1
0.7933138,5,rgb_pca,0,1
0.7819134,5,rgb_pca,0,1
0.7963844,5,rgb_pca,0,1
0.75908756,5,rgb_pca,0,1
0.78398156,5,rgb_pca,0,1
0.74455106,5,rgb_pca,0,1
0.63517535,1,rgb_pca,0,1
0.66901547,1,rgb_pca,0,1
0.66382504,1,rgb_pca,0,1
0.6758535,1,rgb_pca,0,1
0.6897918,1,rgb_pca,0,1
0.62421894,1,rgb_pca,0,1
0.69340634,1,rgb_pca,0,1
0.68081975,1,rgb_pca,0,1
0.67000043,1,rgb_pca,0,1
0.633105,1,rgb_pca,0,1
0.6578731,1,rgb_pca,0,1
0.6939718,1,rgb_pca,0,1
0.66946983,1,rgb_pca,0,1
0.7235714,1,rgb_pca,0,1
0.7066584,1,rgb_pca,0,1
0.6776196,1,rgb_pca,0,1
0.65344816,1,rgb_pca,0,1
0.7086076,1,rgb_pca,0,1
0.71439815,1,rgb_pca,0,1
0.6780549,1,rgb_pca,0,1
0.6235559,1,rgb_pca,0,1
0.6208964,1,rgb_pca,0,1
0.694054,1,rgb_pca,0,1
0.6891955,1,rgb_pca,0,1
0.6876255,1,rgb_pca,0,1
0.6570444,1,rgb_pca,0,1
0.6906949,1,rgb_pca,0,1
0.7160084,1,rgb_pca,0,1
0.7466731,1,rgb_pca,0,1
0.6873096,1,rgb_pca,0,1
0.6646241,1,rgb_pca,0,1
0.6568895,1,rgb_pca,0,1
0.67526776,1,rgb_pca,0,1
0.68261147,1,rgb_pca,0,1
0.71814543,1,rgb_pca,0,1
0.68096226,1,rgb_pca,0,1
0.6144022,1,rgb_pca,0,1
0.7437238,1,rgb_pca,0,1
0.6822648,1,rgb_pca,0,1
0.6521883,1,rgb_pca,0,1
0.6566696,1,rgb_pca,0,1
0.66897404,1,rgb_pca,0,1
0.67668486,1,rgb_pca,0,1
0.7105526,1,rgb_pca,0,1
0.6500939,1,rgb_pca,0,1
0.5992043,1,rgb_pca,0,1
0.7498556,1,rgb_pca,0,1
0.7038065,1,rgb_pca,0,1
0.6931003,1,rgb_pca,0,1
0.6726176,1,rgb_pca,0,1
0.6825873,1,rgb_pca,0,1
0.6713745,1,rgb_pca,0,1
0.67818546,1,rgb_pca,0,1
0.69225806,1,rgb_pca,0,1
0.6716924,1,rgb_pca,0,1
0.67701566,1,rgb_pca,0,1
0.7005416,1,rgb_pca,0,1
0.6997034,1,rgb_pca,0,1
0.65851414,1,rgb_pca,0,1
0.6729375,1,rgb_pca,0,1
0.7469709,1,rgb_pca,0,1
0.80995613,1,rgb_pca,0,1
0.7657399,1,rgb_pca,0,1
0.7147015,1,rgb_pca,0,1
0.6683073,1,rgb_pca,0,1
0.65180427,1,rgb_pca,0,1
0.7075691,1,rgb_pca,0,1
0.70215905,1,rgb_pca,0,1
0.687936,1,rgb_pca,0,1
0.7401487,1,rgb_pca,0,1
0.7200364,1,rgb_pca,0,1
0.6988564,1,rgb_pca,0,1
0.61235464,1,rgb_pca,0,1
0.63378465,1,rgb_pca,0,1
0.7363405,1,rgb_pca,0,1
0.71877265,1,rgb_pca,0,1
0.66863763,1,rgb_pca,0,1
0.72029114,1,rgb_pca,0,1
0.71469706,1,rgb_pca,0,1
0.6823951,1,rgb_pca,0,1
0.58920825,1,rgb_pca,0,1
0.65821826,1,rgb_pca,0,1
0.7695463,1,rgb_pca,0,1
0.6281036,1,rgb_pca,0,1
0.72425455,1,rgb_pca,0,1
0.68905455,1,rgb_pca,0,1
0.7062931,1,rgb_pca,0,1
0.68236196,1,rgb_pca,0,1
0.7693405,1,rgb_pca,0,1
0.77074206,1,rgb_pca,0,1
0.7006331,1,rgb_pca,0,1
0.6774517,1,rgb_pca,0,1
0.72535086,1,rgb_pca,0,1
0.71235144,1,rgb_pca,0,1
0.6314107,1,rgb_pca,0,1
0.75448453,1,rgb_pca,0,1
0.7879666,1,rgb_pca,0,1
0.6918242,1,rgb_pca,0,1
0.6761949,1,rgb_pca,0,1
0.6808057,1,rgb_pca,0,1
0.64974976,1,rgb_pca,0,1
0.6204436,1,rgb_pca,0,1
0.686623,1,rgb_pca,0,1
0.66847616,1,rgb_pca,0,1
0.6402564,1,rgb_pca,0,1
0.6279088,1,rgb_pca,0,1
0.6400167,1,rgb_pca,0,1
0.6935003,1,rgb_pca,0,1
0.7051877,1,rgb_pca,0,1
0.6666167,1,rgb_pca,0,1
0.66397774,1,rgb_pca,0,1
0.66200197,1,rgb_pca,0,1
0.6717141,1,rgb_pca,0,1
0.7005564,1,rgb_pca,0,1
0.71971333,1,rgb_pca,0,1
0.7122746,1,rgb_pca,0,1
0.673638,1,rgb_pca,0,1
0.65141416,1,rgb_pca,0,1
0.66828793,1,rgb_pca,0,1
0.6566442,1,rgb_pca,0,1
0.60694927,1,rgb_pca,0,1
0.6937789,1,rgb_pca,0,1
0.7347053,1,rgb_pca,0,1
0.71543264,1,rgb_pca,0,1
0.69923556,1,rgb_pca,0,1
0.69287497,1,rgb_pca,0,1
0.6635289,1,rgb_pca,0,1
0.6577761,1,rgb_pca,0,1
0.6034881,1,rgb_pca,0,1
0.56138265,1,rgb_pca,0,1
0.70781255,1,rgb_pca,0,1
0.7559023,1,rgb_pca,0,1
0.7131964,1,rgb_pca,0,1
0.6963285,1,rgb_pca,0,1
0.67743564,1,rgb_pca,0,1
0.64196074,1,rgb_pca,0,1
0.63501024,1,rgb_pca,0,1
0.69896203,1,rgb_pca,0,1
0.74623406,1,rgb_pca,0,1
0.69853127,1,rgb_pca,0,1
0.6699974,1,rgb_pca,0,1
0.6384392,1,rgb_pca,0,1
0.63971436,1,rgb_pca,0,1
0.6621511,1,rgb_pca,0,1
0.6869247,1,rgb_pca,0,1
0.6731347,1,rgb_pca,0,1
0.66842973,1,rgb_pca,0,1
0.7000413,1,rgb_pca,0,1
0.62713456,1,rgb_pca,0,1
0.59071743,1,rgb_pca,0,1
0.63125825,1,rgb_pca,0,1
0.6116045,1,rgb_pca,0,1
0.68364406,1,rgb_pca,0,1
0.6890578,1,rgb_pca,0,1
0.67989415,1,rgb_pca,0,1
0.70184785,1,rgb_pca,0,1
0.6357268,1,rgb_pca,0,1
0.5948568,1,rgb_pca,0,1
0.55937254,1,rgb_pca,0,1
0.6197205,1,rgb_pca,0,1
0.6808187,1,rgb_pca,0,1
0.69397944,1,rgb_pca,0,1
0.70920926,1,rgb_pca,0,1
0.7186922,1,rgb_pca,0,1
0.65153563,1,rgb_pca,0,1
0.5956572,1,rgb_pca,0,1
0.6346091,1,rgb_pca,0,1
0.5956514,1,rgb_pca,0,1
0.7591425,4,rgb_pca,0,1
0.7087729,4,rgb_pca,0,1
0.7243418,4,rgb_pca,0,1
0.70571834,4,rgb_pca,0,1
0.6995636,4,rgb_pca,0,1
0.6203486,4,rgb_pca,0,1
0.6813562,4,rgb_pca,0,1
0.7219486,4,rgb_pca,0,1
0.7342097,4,rgb_pca,0,1
0.6987535,4,rgb_pca,0,1
0.7215534,4,rgb_pca,0,1
0.72508883,4,rgb_pca,0,1
0.71176785,4,rgb_pca,0,1
0.6842376,4,rgb_pca,0,1
0.64325887,4,rgb_pca,0,1
0.6563304,4,rgb_pca,0,1
0.5518239,4,rgb_pca,0,1
0.6367363,4,rgb_pca,0,1
0.7234393,4,rgb_pca,0,1
0.72334546,4,rgb_pca,0,1
0.6642607,4,rgb_pca,0,1
0.72084904,4,rgb_pca,0,1
0.6859157,4,rgb_pca,0,1
0.6508249,4,rgb_pca,0,1
0.61801744,4,rgb_pca,0,1
0.5989877,4,rgb_pca,0,1
0.6169128,4,rgb_pca,0,1
0.60209596,4,rgb_pca,0,1
0.67682284,4,rgb_pca,0,1
0.71557665,4,rgb_pca,0,1
0.7358272,4,rgb_pca,0,1
0.74611306,4,rgb_pca,0,1
0.742754,4,rgb_pca,0,1
0.69368184,4,rgb_pca,0,1
0.6641686,4,rgb_pca,0,1
0.642776,4,rgb_pca,0,1
0.6286943,4,rgb_pca,0,1
0.6467911,4,rgb_pca,0,1
0.6684195,4,rgb_pca,0,1
0.73078275,4,rgb_pca,0,1
0.6706753,4,rgb_pca,0,1
0.7417984,4,rgb_pca,0,1
0.72977066,4,rgb_pca,0,1
0.6526959,4,rgb_pca,0,1
0.6304375,4,rgb_pca,0,1
0.6379824,4,rgb_pca,0,1
0.6431697,4,rgb_pca,0,1
0.6408707,4,rgb_pca,0,1
0.62724257,4,rgb_pca,0,1
0.62993026,4,rgb_pca,0,1
0.64815307,4,rgb_pca,0,1
0.6585697,4,rgb_pca,0,1
0.6860379,4,rgb_pca,0,1
0.6676065,4,rgb_pca,0,1
0.65255845,4,rgb_pca,0,1
0.65263474,4,rgb_pca,0,1
0.6601683,4,rgb_pca,0,1
0.6537226,4,rgb_pca,0,1
0.63105476,4,rgb_pca,0,1
0.62554383,4,rgb_pca,0,1
0.64723265,4,rgb_pca,0,1
0.68026435,4,rgb_pca,0,1
0.7100184,4,rgb_pca,0,1
0.7237598,4,rgb_pca,0,1
0.730668,4,rgb_pca,0,1
0.7090742,4,rgb_pca,0,1
0.70325005,4,rgb_pca,0,1
0.703213,4,rgb_pca,0,1
0.68265533,4,rgb_pca,0,1
0.6764345,4,rgb_pca,0,1
0.6626856,4,rgb_pca,0,1
0.671234,4,rgb_pca,0,1
0.72895527,4,rgb_pca,0,1
0.7484101,4,rgb_pca,0,1
0.7700276,5,rgb_pca,0,1
0.7970517,5,rgb_pca,0,1
0.8069576,5,rgb_pca,0,1
0.82866037,5,rgb_pca,0,1
0.7962057,5,rgb_pca,0,1
0.80234575,5,rgb_pca,0,1
0.8152183,5,rgb_pca,0,1
0.8055014,5,rgb_pca,0,1
0.78433937,5,rgb_pca,0,1
0.8074626,5,rgb_pca,0,1
0.8366906,5,rgb_pca,0,1
0.86304235,5,rgb_pca,0,1
0.84698164,5,rgb_pca,0,1
0.82095635,5,rgb_pca,0,1
0.8153198,5,rgb_pca,0,1
0.8112464,5,rgb_pca,0,1
0.8141227,5,rgb_pca,0,1
0.8153132,5,rgb_pca,0,1
0.85200953,5,rgb_pca,0,1
0.8774456,5,rgb_pca,0,1
0.86471534,5,rgb_pca,0,1
0.84912187,5,rgb_pca,0,1
0.8349577,5,rgb_pca,0,1
0.80839354,5,rgb_pca,0,1
0.82084,5,rgb_pca,0,1
0.837759,5,rgb_pca,0,1
0.85520285,5,rgb_pca,0,1
0.87579346,5,rgb_pca,0,1
0.8779892,5,rgb_pca,0,1
0.8571368,5,rgb_pca,0,1
0.8412049,5,rgb_pca,0,1
0.81049055,5,rgb_pca,0,1
0.82507974,5,rgb_pca,0,1
0.8462187,5,rgb_pca,0,1
0.7982933,5,rgb_pca,0,1
0.838702,5,rgb_pca,0,1
0.85870636,5,rgb_pca,0,1
0.8619379,5,rgb_pca,0,1
0.8439572,5,rgb_pca,0,1
0.82852936,5,rgb_pca,0,1
0.81347126,5,rgb_pca,0,1
0.83247685,5,rgb_pca,0,1
0.83299965,5,rgb_pca,0,1
0.7998222,5,rgb_pca,0,1
0.7786281,5,rgb_pca,0,1
0.79896796,5,rgb_pca,0,1
0.8425013,5,rgb_pca,0,1
0.84100306,5,rgb_pca,0,1
0.8573216,5,rgb_pca,0,1
0.8547047,5,rgb_pca,0,1
0.8431491,5,rgb_pca,0,1
0.8459488,5,rgb_pca,0,1
0.83475995,5,rgb_pca,0,1
0.846495,5,rgb_pca,0,1
0.84063804,5,rgb_pca,0,1
0.8375158,5,rgb_pca,0,1
0.8302454,5,rgb_pca,0,1
0.81831527,5,rgb_pca,0,1
0.8524053,5,rgb_pca,0,1
0.81654286,5,rgb_pca,0,1
0.83888876,5,rgb_pca,0,1
0.84632885,5,rgb_pca,0,1
0.8433212,5,rgb_pca,0,1
0.8313617,5,rgb_pca,0,1
0.83730596,5,rgb_pca,0,1
0.83578765,5,rgb_pca,0,1
0.83323395,5,rgb_pca,0,1
0.8319385,5,rgb_pca,0,1
0.83263505,5,rgb_pca,0,1
0.8206358,5,rgb_pca,0,1
0.82041407,5,rgb_pca,0,1
0.8564011,5,rgb_pca,0,1
0.81337506,5,rgb_pca,0,1
0.8098155,5,rgb_pca,0,1
0.81927025,5,rgb_pca,0,1
0.83781886,5,rgb_pca,0,1
0.8392023,5,rgb_pca,0,1
0.85006684,5,rgb_pca,0,1
0.8391093,5,rgb_pca,0,1
0.8364587,5,rgb_pca,0,1
0.8218001,5,rgb_pca,0,1
0.811709,5,rgb_pca,0,1
0.81004155,5,rgb_pca,0,1
0.8592763,5,rgb_pca,0,1
0.82170445,5,rgb_pca,0,1
0.8261361,5,rgb_pca,0,1
0.83869123,5,rgb_pca,0,1
0.84423375,5,rgb_pca,0,1
0.8477032,5,rgb_pca,0,1
0.85305935,5,rgb_pca,0,1
0.8387698,5,rgb_pca,0,1
0.8370062,5,rgb_pca,0,1
0.8271263,5,rgb_pca,0,1
0.8343624,5,rgb_pca,0,1
0.86624163,5,rgb_pca,0,1
0.85611457,5,rgb_pca,0,1
0.86737746,5,rgb_pca,0,1
0.86451465,5,rgb_pca,0,1
0.8570271,5,rgb_pca,0,1
0.84403914,5,rgb_pca,0,1
0.8549308,5,rgb_pca,0,1
0.8741556,5,rgb_pca,0,1
0.8620342,5,rgb_pca,0,1
0.85634255,5,rgb_pca,0,1
0.8658295,5,rgb_pca,0,1
0.87343556,5,rgb_pca,0,1
0.8765492,5,rgb_pca,0,1
0.82216287,5,rgb_pca,0,1
0.79279447,5,rgb_pca,0,1
0.79265726,5,rgb_pca,0,1
0.7684741,5,rgb_pca,0,1
0.77182186,5,rgb_pca,0,1
0.7954693,5,rgb_pca,0,1
0.81108433,5,rgb_pca,0,1
0.8064091,5,rgb_pca,0,1
0.80567646,5,rgb_pca,0,1
0.8195055,5,rgb_pca,0,1
0.81932366,5,rgb_pca,0,1
0.8149954,5,rgb_pca,0,1
0.80401385,5,rgb_pca,0,1
0.8100368,5,rgb_pca,0,1
0.803005,5,rgb_pca,0,1
0.7997964,5,rgb_pca,0,1
0.80810606,5,rgb_pca,0,1
0.81613743,5,rgb_pca,0,1
0.82178706,5,rgb_pca,0,1
0.83382356,5,rgb_pca,0,1
0.81977916,5,rgb_pca,0,1
0.81208885,5,rgb_pca,0,1
0.7908981,5,rgb_pca,0,1
0.7862927,5,rgb_pca,0,1
0.7956851,5,rgb_pca,0,1
0.8171972,5,rgb_pca,0,1
0.80656147,5,rgb_pca,0,1
0.82874703,5,rgb_pca,0,1
0.83334345,5,rgb_pca,0,1
0.8215655,5,rgb_pca,0,1
0.8063972,5,rgb_pca,0,1
0.8002963,5,rgb_pca,0,1
0.80525607,5,rgb_pca,0,1
0.82092893,5,rgb_pca,0,1
0.79883486,5,rgb_pca,0,1
0.80904716,5,rgb_pca,0,1
0.82990205,5,rgb_pca,0,1
0.8246596,5,rgb_pca,0,1
0.81538236,5,rgb_pca,0,1
0.8102858,5,rgb_pca,0,1
0.8057318,5,rgb_pca,0,1
0.7941961,5,rgb_pca,0,1
0.8048933,5,rgb_pca,0,1
0.8152542,5,rgb_pca,0,1
0.8242435,5,rgb_pca,0,1
0.8146951,5,rgb_pca,0,1
0.81295174,5,rgb_pca,0,1
0.823753,5,rgb_pca,0,1
0.82468307,5,rgb_pca,0,1
0.82594883,5,rgb_pca,0,1
0.81011486,5,rgb_pca,0,1
0.8052343,5,rgb_pca,0,1
0.8250738,5,rgb_pca,0,1
0.8240442,5,rgb_pca,0,1
0.81167126,5,rgb_pca,0,1
0.8239588,5,rgb_pca,0,1
0.82156175,5,rgb_pca,0,1
0.81053185,5,rgb_pca,0,1
0.80410224,5,rgb_pca,0,1
0.7988056,5,rgb_pca,0,1
0.8149898,5,rgb_pca,0,1
0.8285021,5,rgb_pca,0,1
0.84076667,5,rgb_pca,0,1
0.82908535,5,rgb_pca,0,1
0.8256773,5,rgb_pca,0,1
0.8215947,5,rgb_pca,0,1
0.8111529,5,rgb_pca,0,1
0.83557117,5,rgb_pca,0,1
0.83366704,5,rgb_pca,0,1
0.8208883,5,rgb_pca,0,1
0.8261986,5,rgb_pca,0,1
0.8275068,5,rgb_pca,0,1
0.8142449,5,rgb_pca,0,1
0.79961383,5,rgb_pca,0,1
0.79665077,5,rgb_pca,0,1
0.80086344,5,rgb_pca,0,1
0.80664974,5,rgb_pca,0,1
0.8143339,5,rgb_pca,0,1
0.7939042,5,rgb_pca,0,1
0.7884034,5,rgb_pca,0,1
0.8280031,5,rgb_pca,0,1
0.81496024,5,rgb_pca,0,1
0.8332223,5,rgb_pca,0,1
0.828809,5,rgb_pca,0,1
0.8276117,5,rgb_pca,0,1
0.8456886,5,rgb_pca,0,1
0.8372331,5,rgb_pca,0,1
0.8252592,5,rgb_pca,0,1
0.8069268,5,rgb_pca,0,1
0.8062539,5,rgb_pca,0,1
0.8201798,5,rgb_pca,0,1
0.8038953,5,rgb_pca,0,1
0.7809082,5,rgb_pca,0,1
0.7771764,5,rgb_pca,0,1
0.789034,5,rgb_pca,0,1
0.81130654,5,rgb_pca,0,1
0.79322,5,rgb_pca,0,1
0.8069048,5,rgb_pca,0,1
0.8110527,5,rgb_pca,0,1
0.8531647,5,rgb_pca,0,1
0.82181,5,rgb_pca,0,1
0.8256786,5,rgb_pca,0,1
0.8262088,5,rgb_pca,0,1
0.8278998,5,rgb_pca,0,1
0.836284,5,rgb_pca,0,1
0.8171208,5,rgb_pca,0,1
0.78588325,5,rgb_pca,0,1
0.7819195,5,rgb_pca,0,1
0.80584013,5,rgb_pca,0,1
0.8196075,5,rgb_pca,0,1
0.81913316,5,rgb_pca,0,1
0.8367716,5,rgb_pca,0,1
0.82425976,5,rgb_pca,0,1
0.8295136,5,rgb_pca,0,1
0.8329384,5,rgb_pca,0,1
0.80038404,5,rgb_pca,0,1
0.78660536,5,rgb_pca,0,1
0.77377117,5,rgb_pca,0,1
0.8300258,5,rgb_pca,0,1
0.813163,5,rgb_pca,0,1
0.8230182,5,rgb_pca,0,1
0.83330184,5,rgb_pca,0,1
0.80794156,5,rgb_pca,0,1
0.8063436,5,rgb_pca,0,1
0.8357173,5,rgb_pca,0,1
0.8087651,5,rgb_pca,0,1
0.82097197,5,rgb_pca,0,1
0.822867,5,rgb_pca,0,1
0.82181394,5,rgb_pca,0,1
0.7991692,5,rgb_pca,0,1
0.80962515,5,rgb_pca,0,1
0.8241841,5,rgb_pca,0,1
0.8337102,5,rgb_pca,0,1
0.76567256,5,rgb_pca,0,1
0.8236991,5,rgb_pca,0,1
0.7510778,5,rgb_pca,0,1
0.7965349,5,rgb_pca,0,1
0.8372039,5,rgb_pca,0,1
0.86444294,5,rgb_pca,0,1
0.84650743,5,rgb_pca,0,1
0.85848266,5,rgb_pca,0,1
0.8442693,5,rgb_pca,0,1
0.8852006,5,rgb_pca,0,1
0.8635413,5,rgb_pca,0,1
0.8210094,5,rgb_pca,0,1
0.88321084,5,rgb_pca,0,1
0.85087687,5,rgb_pca,0,1
0.82863915,5,rgb_pca,0,1
0.8631077,5,rgb_pca,0,1
0.85191804,5,rgb_pca,0,1
0.82035726,5,rgb_pca,0,1
0.8137385,5,rgb_pca,0,1
0.8426489,5,rgb_pca,0,1
0.8482584,5,rgb_pca,0,1
0.8239735,5,rgb_pca,0,1
0.8126473,5,rgb_pca,0,1
0.8277917,5,rgb_pca,0,1
0.8411612,5,rgb_pca,0,1
0.8157098,5,rgb_pca,0,1
0.81495833,5,rgb_pca,0,1
0.8496556,5,rgb_pca,0,1
0.81704354,5,rgb_pca,0,1
0.8023295,5,rgb_pca,0,1
0.82056785,5,rgb_pca,0,1
0.7988751,5,rgb_pca,0,1
0.79560804,5,rgb_pca,0,1
0.80255604,5,rgb_pca,0,1
0.6663957,1,rgb_pca,0,1
0.6928648,1,rgb_pca,0,1
0.70556086,1,rgb_pca,0,1
0.7516986,1,rgb_pca,0,1
0.678159,1,rgb_pca,0,1
0.66739523,1,rgb_pca,0,1
0.74068385,1,rgb_pca,0,1
0.7498136,1,rgb_pca,0,1
0.7122694,1,rgb_pca,0,1
0.6624098,1,rgb_pca,0,1
0.743619,1,rgb_pca,0,1
0.6953793,1,rgb_pca,0,1
0.6565688,1,rgb_pca,0,1
0.68534774,1,rgb_pca,0,1
0.69204545,1,rgb_pca,0,1
0.70537543,1,rgb_pca,0,1
0.6844193,1,rgb_pca,0,1
0.7693224,1,rgb_pca,0,1
0.66963154,1,rgb_pca,0,1
0.67208207,1,rgb_pca,0,1
0.7026738,1,rgb_pca,0,1
0.71340483,1,rgb_pca,0,1
0.79297876,1,rgb_pca,0,1
0.749133,1,rgb_pca,0,1
0.7264763,1,rgb_pca,0,1
0.74690145,1,rgb_pca,0,1
0.7558487,1,rgb_pca,0,1
0.81619996,1,rgb_pca,0,1
0.7446619,1,rgb_pca,0,1
0.70865476,1,rgb_pca,0,1
0.7355294,1,rgb_pca,0,1
0.71515477,1,rgb_pca,0,1
0.73238504,1,rgb_pca,0,1
0.75333536,1,rgb_pca,0,1
0.80491716,1,rgb_pca,0,1
0.80976117,1,rgb_pca,0,1
0.75095385,1,rgb_pca,0,1
0.74024475,1,rgb_pca,0,1
0.71504796,1,rgb_pca,0,1
0.7009192,1,rgb_pca,0,1
0.70247626,1,rgb_pca,0,1
0.74633884,1,rgb_pca,0,1
0.72904575,1,rgb_pca,0,1
0.80189246,1,rgb_pca,0,1
0.80098957,1,rgb_pca,0,1
0.75159085,1,rgb_pca,0,1
0.74940586,1,rgb_pca,0,1
0.7248068,1,rgb_pca,0,1
0.7359868,1,rgb_pca,0,1
0.7352889,1,rgb_pca,0,1
0.7742984,1,rgb_pca,0,1
0.7429259,1,rgb_pca,0,1
0.8095411,1,rgb_pca,0,1
0.693391,1,rgb_pca,0,1
0.700365,1,rgb_pca,0,1
0.7025076,1,rgb_pca,0,1
0.72674245,1,rgb_pca,0,1
0.75393975,1,rgb_pca,0,1
0.6970634,1,rgb_pca,0,1
0.79785204,1,rgb_pca,0,1
0.7098287,1,rgb_pca,0,1
0.7261724,1,rgb_pca,0,1
0.72715664,1,rgb_pca,0,1
0.74675477,1,rgb_pca,0,1
0.7530597,1,rgb_pca,0,1
0.713761,1,rgb_pca,0,1
0.7663451,1,rgb_pca,0,1
0.77128196,1,rgb_pca,0,1
0.71359456,1,rgb_pca,0,1
0.7159209,1,rgb_pca,0,1
0.7003823,1,rgb_pca,0,1
0.72715855,1,rgb_pca,0,1
0.7171478,1,rgb_pca,0,1
0.6916356,1,rgb_pca,0,1
0.7562832,1,rgb_pca,0,1
0.76828,1,rgb_pca,0,1
0.8038238,1,rgb_pca,0,1
0.7915508,1,rgb_pca,0,1
0.77498686,1,rgb_pca,0,1
0.74820936,1,rgb_pca,0,1
0.7398195,1,rgb_pca,0,1
0.71300435,1,rgb_pca,0,1
0.80054367,1,rgb_pca,0,1
0.7341906,1,rgb_pca,0,1
0.73154724,1,rgb_pca,0,1
0.72228146,1,rgb_pca,0,1
0.7217921,1,rgb_pca,0,1
0.7238518,1,rgb_pca,0,1
0.6730752,1,rgb_pca,0,1
0.6839769,1,rgb_pca,0,1
0.7154767,1,rgb_pca,0,1
0.72549504,1,rgb_pca,0,1
0.7490125,1,rgb_pca,0,1
0.7093289,1,rgb_pca,0,1
0.72680384,1,rgb_pca,0,1
0.61236554,1,rgb_pca,0,1
0.625738,1,rgb_pca,0,1
0.6764914,1,rgb_pca,0,1
0.7116076,1,rgb_pca,0,1
0.7470416,1,rgb_pca,0,1
0.7235914,1,rgb_pca,0,1
0.7241223,1,rgb_pca,0,1
0.6606938,1,rgb_pca,0,1
0.69622076,1,rgb_pca,0,1
0.74372673,1,rgb_pca,0,1
0.7364071,1,rgb_pca,0,1
0.71652,1,rgb_pca,0,1
0.6848705,1,rgb_pca,0,1
0.7160044,1,rgb_pca,0,1
0.7555311,1,rgb_pca,0,1
0.7506619,1,rgb_pca,0,1
0.727175,1,rgb_pca,0,1
0.671509,1,rgb_pca,0,1
0.6785674,1,rgb_pca,0,1
0.72653955,1,rgb_pca,0,1
0.7403221,1,rgb_pca,0,1
0.74636424,1,rgb_pca,0,1
0.7339226,1,rgb_pca,0,1
0.77518797,1,rgb_pca,0,1
0.7650936,1,rgb_pca,0,1
0.72208035,1,rgb_pca,0,1
0.6480424,1,rgb_pca,0,1
0.7055133,1,rgb_pca,0,1
0.71266073,1,rgb_pca,0,1
0.73074263,1,rgb_pca,0,1
0.7448685,1,rgb_pca,0,1
0.7341528,1,rgb_pca,0,1
0.7872311,1,rgb_pca,0,1
0.7828213,1,rgb_pca,0,1
0.7530589,1,rgb_pca,0,1
0.7138977,1,rgb_pca,0,1
0.740291,1,rgb_pca,0,1
0.74199164,1,rgb_pca,0,1
0.7512258,1,rgb_pca,0,1
0.7523415,1,rgb_pca,0,1
0.71176565,1,rgb_pca,0,1
0.73018026,1,rgb_pca,0,1
0.67780125,1,rgb_pca,0,1
0.70993507,1,rgb_pca,0,1
0.76536274,1,rgb_pca,0,1
0.7933438,1,rgb_pca,0,1
0.78000987,1,rgb_pca,0,1
0.72381866,1,rgb_pca,0,1
0.72714245,1,rgb_pca,0,1
0.6033878,1,rgb_pca,0,1
0.68079466,1,rgb_pca,0,1
0.7131828,1,rgb_pca,0,1
0.71977067,1,rgb_pca,0,1
0.7605027,1,rgb_pca,0,1
0.73408556,1,rgb_pca,0,1
0.74719125,1,rgb_pca,0,1
0.7071179,1,rgb_pca,0,1
0.6721827,1,rgb_pca,0,1
0.7282772,1,rgb_pca,0,1
0.7356529,1,rgb_pca,0,1
0.7239649,1,rgb_pca,0,1
0.7547823,1,rgb_pca,0,1
0.7309314,1,rgb_pca,0,1
0.7558379,1,rgb_pca,0,1
0.7293327,1,rgb_pca,0,1
0.6621524,1,rgb_pca,0,1
0.74886256,1,rgb_pca,0,1
0.7952403,1,rgb_pca,0,1
0.79230547,1,rgb_pca,0,1
0.7831969,1,rgb_pca,0,1
0.7436334,1,rgb_pca,0,1
0.7722013,1,rgb_pca,0,1
0.74857616,1,rgb_pca,0,1
0.76162565,1,rgb_pca,0,1
0.7882186,1,rgb_pca,0,1
0.7672026,1,rgb_pca,0,1
0.7641306,1,rgb_pca,0,1
0.7876276,1,rgb_pca,0,1
0.7496088,1,rgb_pca,0,1
0.76396394,1,rgb_pca,0,1
0.74082655,1,rgb_pca,0,1
0.74085915,1,rgb_pca,0,1
0.7744235,1,rgb_pca,0,1
0.72840333,1,rgb_pca,0,1
0.727214,1,rgb_pca,0,1
0.72378755,1,rgb_pca,0,1
0.7534777,1,rgb_pca,0,1
0.7608701,1,rgb_pca,0,1
0.77512467,1,rgb_pca,0,1
0.79826856,1,rgb_pca,0,1
0.8343681,1,rgb_pca,0,1
0.7238003,1,rgb_pca,0,1
0.71777403,1,rgb_pca,0,1
0.72480905,1,rgb_pca,0,1
0.7672821,1,rgb_pca,0,1
0.7734952,1,rgb_pca,0,1
0.77685004,1,rgb_pca,0,1
0.7956704,1,rgb_pca,0,1
0.8423544,1,rgb_pca,0,1
0.735481,1,rgb_pca,0,1
0.7354373,1,rgb_pca,0,1
0.7366344,1,rgb_pca,0,1
0.72491336,1,rgb_pca,0,1
0.7506499,1,rgb_pca,0,1
0.7659329,1,rgb_pca,0,1
0.77526915,1,rgb_pca,0,1
0.780498,1,rgb_pca,0,1
0.79166526,1,rgb_pca,0,1
0.83944714,1,rgb_pca,0,1
0.7343755,1,rgb_pca,0,1
0.7229747,1,rgb_pca,0,1
0.74333507,1,rgb_pca,0,1
0.74926287,1,rgb_pca,0,1
0.7730117,1,rgb_pca,0,1
0.77150184,1,rgb_pca,0,1
0.79139423,1,rgb_pca,0,1
0.79106003,1,rgb_pca,0,1
0.78543603,1,rgb_pca,0,1
0.8426815,1,rgb_pca,0,1
0.73977244,1,rgb_pca,0,1
0.7575424,1,rgb_pca,0,1
0.78054804,1,rgb_pca,0,1
0.78636897,1,rgb_pca,0,1
0.7999397,1,rgb_pca,0,1
0.7819964,1,rgb_pca,0,1
0.7936551,1,rgb_pca,0,1
0.8304361,1,rgb_pca,0,1
0.78778976,1,rgb_pca,0,1
0.80309236,1,rgb_pca,0,1
0.8115047,1,rgb_pca,0,1
0.8300854,1,rgb_pca,0,1
0.8143663,1,rgb_pca,0,1
0.8060607,1,rgb_pca,0,1
0.84011734,1,rgb_pca,0,1
0.7970113,1,rgb_pca,0,1
0.8005615,1,rgb_pca,0,1
0.802559,1,rgb_pca,0,1
0.7942736,1,rgb_pca,0,1
0.776366,1,rgb_pca,0,1
0.81435883,1,rgb_pca,0,1
0.8032105,1,rgb_pca,0,1
0.8074047,1,rgb_pca,0,1
0.7913264,1,rgb_pca,0,1
0.77167904,1,rgb_pca,0,1
0.8148253,1,rgb_pca,0,1
0.7946344,1,rgb_pca,0,1
0.79099303,1,rgb_pca,0,1
0.7998158,1,rgb_pca,0,1
0.82766294,1,rgb_pca,0,1
0.7722269,1,rgb_pca,0,1
0.7862663,1,rgb_pca,0,1
0.8166592,1,rgb_pca,0,1
0.7827897,1,rgb_pca,0,1
0.8104472,1,rgb_pca,0,1
0.74764186,1,rgb_pca,0,1
0.7388426,1,rgb_pca,0,1
0.73346716,1,rgb_pca,0,1
0.7896079,1,rgb_pca,0,1
0.7780701,1,rgb_pca,0,1
0.75231355,1,rgb_pca,0,1
0.81933546,1,rgb_pca,0,1
0.77111536,1,rgb_pca,0,1
0.74548995,1,rgb_pca,0,1
0.7414164,1,rgb_pca,0,1
0.77153295,1,rgb_pca,0,1
0.708826,1,rgb_pca,0,1
0.7519541,1,rgb_pca,0,1
0.7735349,1,rgb_pca,0,1
0.7796413,1,rgb_pca,0,1
0.79366684,1,rgb_pca,0,1
0.76165134,1,rgb_pca,0,1
0.7611375,1,rgb_pca,0,1
0.76608014,1,rgb_pca,0,1
0.79256946,1,rgb_pca,0,1
0.7428418,1,rgb_pca,0,1
0.7258632,1,rgb_pca,0,1
0.7519757,1,rgb_pca,0,1
0.78276753,1,rgb_pca,0,1
0.7746494,1,rgb_pca,0,1
0.7540931,1,rgb_pca,0,1
0.76700056,1,rgb_pca,0,1
0.758204,1,rgb_pca,0,1
0.7480822,1,rgb_pca,0,1
0.75855553,1,rgb_pca,0,1
0.7506145,1,rgb_pca,0,1
0.77981514,1,rgb_pca,0,1
0.76141936,1,rgb_pca,0,1
0.7583259,1,rgb_pca,0,1
0.76491845,1,rgb_pca,0,1
0.76261246,1,rgb_pca,0,1
0.77351534,1,rgb_pca,0,1
0.75565124,1,rgb_pca,0,1
0.76064616,1,rgb_pca,0,1
0.749824,1,rgb_pca,0,1
0.7382928,1,rgb_pca,0,1
0.73934054,1,rgb_pca,0,1
0.7712033,1,rgb_pca,0,1
0.76737684,1,rgb_pca,0,1
0.75259995,1,rgb_pca,0,1
0.74726,1,rgb_pca,0,1
0.77096653,1,rgb_pca,0,1
0.75431097,1,rgb_pca,0,1
0.7649866,1,rgb_pca,0,1
0.7537389,1,rgb_pca,0,1
0.7831507,1,rgb_pca,0,1
0.78911424,1,rgb_pca,0,1
0.76698434,1,rgb_pca,0,1
0.75085205,1,rgb_pca,0,1
0.7307258,1,rgb_pca,0,1
0.7478064,1,rgb_pca,0,1
0.72586155,1,rgb_pca,0,1
0.7293855,1,rgb_pca,0,1
0.73717415,1,rgb_pca,0,1
0.74188596,1,rgb_pca,0,1
0.76404965,1,rgb_pca,0,1
0.77756745,1,rgb_pca,0,1
0.7891507,1,rgb_pca,0,1
0.7932174,1,rgb_pca,0,1
0.8033762,1,rgb_pca,0,1
0.78092086,1,rgb_pca,0,1
0.7845553,1,rgb_pca,0,1
0.7823275,1,rgb_pca,0,1
0.78825057,1,rgb_pca,0,1
0.78213656,1,rgb_pca,0,1
0.7909082,1,rgb_pca,0,1
0.77270395,1,rgb_pca,0,1
0.72422934,1,rgb_pca,0,1
0.70291,1,rgb_pca,0,1
0.6663963,1,rgb_pca,0,1
0.70670587,1,rgb_pca,0,1
0.7438417,1,rgb_pca,0,1
0.7502819,1,rgb_pca,0,1
0.7747259,1,rgb_pca,0,1
0.79914224,1,rgb_pca,0,1
0.8019789,1,rgb_pca,0,1
0.8084395,1,rgb_pca,0,1
0.82173574,1,rgb_pca,0,1
0.8003659,1,rgb_pca,0,1
0.7912855,1,rgb_pca,0,1
0.7875545,1,rgb_pca,0,1
0.8015138,1,rgb_pca,0,1
0.78807545,1,rgb_pca,0,1
0.7835157,1,rgb_pca,0,1
0.7611227,1,rgb_pca,0,1
0.74693274,1,rgb_pca,0,1
0.7490964,1,rgb_pca,0,1
0.695137,1,rgb_pca,0,1
0.69694054,1,rgb_pca,0,1
0.7526933,1,rgb_pca,0,1
0.75493896,1,rgb_pca,0,1
0.7390113,1,rgb_pca,0,1
0.7640096,1,rgb_pca,0,1
0.7743828,1,rgb_pca,0,1
0.81768394,1,rgb_pca,0,1
0.8076817,1,rgb_pca,0,1
0.8040845,1,rgb_pca,0,1
0.78160334,1,rgb_pca,0,1
0.79160273,1,rgb_pca,0,1
0.7856823,1,rgb_pca,0,1
0.7802429,1,rgb_pca,0,1
0.7684707,1,rgb_pca,0,1
0.7607803,1,rgb_pca,0,1
0.7649914,1,rgb_pca,0,1
0.7099409,1,rgb_pca,0,1
0.7725387,1,rgb_pca,0,1
0.8090352,1,rgb_pca,0,1
0.7997697,1,rgb_pca,0,1
0.79122007,1,rgb_pca,0,1
0.76759195,1,rgb_pca,0,1
0.77802783,1,rgb_pca,0,1
0.7777777,1,rgb_pca,0,1
0.7691364,1,rgb_pca,0,1
0.7709363,1,rgb_pca,0,1
0.758923,1,rgb_pca,0,1
0.7613094,1,rgb_pca,0,1
0.73775613,1,rgb_pca,0,1
0.81535304,1,rgb_pca,0,1
0.8116761,1,rgb_pca,0,1
0.8161591,1,rgb_pca,0,1
0.79893434,1,rgb_pca,0,1
0.79599816,1,rgb_pca,0,1
0.7923112,1,rgb_pca,0,1
0.79971194,1,rgb_pca,0,1
0.7760762,1,rgb_pca,0,1
0.7672561,1,rgb_pca,0,1
0.76547694,1,rgb_pca,0,1
0.75093615,1,rgb_pca,0,1
0.76956683,1,rgb_pca,0,1
0.7729113,1,rgb_pca,0,1
0.7856016,1,rgb_pca,0,1
0.7821648,1,rgb_pca,0,1
0.7673788,1,rgb_pca,0,1
0.76957166,1,rgb_pca,0,1
0.76046735,1,rgb_pca,0,1
0.77596736,1,rgb_pca,0,1
0.7544845,1,rgb_pca,0,1
0.75831807,1,rgb_pca,0,1
0.76417154,1,rgb_pca,0,1
0.7585021,1,rgb_pca,0,1
0.78232306,1,rgb_pca,0,1
0.7474921,1,rgb_pca,0,1
0.74113065,1,rgb_pca,0,1
0.7372158,1,rgb_pca,0,1
0.7896606,1,rgb_pca,0,1
0.7587016,1,rgb_pca,0,1
0.7659172,1,rgb_pca,0,1
0.7606089,1,rgb_pca,0,1
0.7666532,1,rgb_pca,0,1
0.77397835,1,rgb_pca,0,1
0.7593072,1,rgb_pca,0,1
0.7791722,1,rgb_pca,0,1
0.74379563,1,rgb_pca,0,1
0.69565415,1,rgb_pca,0,1
0.7615242,1,rgb_pca,0,1
0.74607694,1,rgb_pca,0,1
0.7608286,1,rgb_pca,0,1
0.78176016,1,rgb_pca,0,1
0.7905894,1,rgb_pca,0,1
0.7832954,1,rgb_pca,0,1
0.75805366,1,rgb_pca,0,1
0.77195364,1,rgb_pca,0,1
0.73921734,1,rgb_pca,0,1
0.7448713,1,rgb_pca,0,1
0.72031355,1,rgb_pca,0,1
0.74184674,1,rgb_pca,0,1
0.7245966,1,rgb_pca,0,1
0.7565541,1,rgb_pca,0,1
0.7623637,1,rgb_pca,0,1
0.7287966,1,rgb_pca,0,1
0.7565638,1,rgb_pca,0,1
0.7524561,1,rgb_pca,0,1
0.75525486,1,rgb_pca,0,1
0.7858507,1,rgb_pca,0,1
0.77355623,1,rgb_pca,0,1
0.7577372,1,rgb_pca,0,1
0.7627945,1,rgb_pca,0,1
0.79966736,1,rgb_pca,0,1
0.78090674,1,rgb_pca,0,1
0.7770302,1,rgb_pca,0,1
0.7730221,1,rgb_pca,0,1
0.7600691,1,rgb_pca,0,1
0.7260912,1,rgb_pca,0,1
0.72261477,1,rgb_pca,0,1
0.7623726,1,rgb_pca,0,1
0.7493731,1,rgb_pca,0,1
0.74005353,1,rgb_pca,0,1
0.75670123,1,rgb_pca,0,1
0.75718087,1,rgb_pca,0,1
0.7617569,1,rgb_pca,0,1
0.74901783,1,rgb_pca,0,1
0.73717785,1,rgb_pca,0,1
0.72967875,1,rgb_pca,0,1
0.7403474,1,rgb_pca,0,1
0.7343185,1,rgb_pca,0,1
0.72786474,1,rgb_pca,0,1
0.7403259,1,rgb_pca,0,1
0.7524283,1,rgb_pca,0,1
0.7551075,1,rgb_pca,0,1
0.735284,1,rgb_pca,0,1
0.75561374,1,rgb_pca,0,1
0.74125797,1,rgb_pca,0,1
0.7351912,1,rgb_pca,0,1
0.75217885,1,rgb_pca,0,1
0.7449101,1,rgb_pca,0,1
0.73472214,1,rgb_pca,0,1
0.7379054,1,rgb_pca,0,1
0.75637907,1,rgb_pca,0,1
0.7540728,1,rgb_pca,0,1
0.7486295,1,rgb_pca,0,1
0.73633534,1,rgb_pca,0,1
0.75088525,1,rgb_pca,0,1
0.73274815,1,rgb_pca,0,1
0.72094786,1,rgb_pca,0,1
0.7120066,1,rgb_pca,0,1
0.7229519,1,rgb_pca,0,1
0.7409623,1,rgb_pca,0,1
0.7742393,1,rgb_pca,0,1
0.765923,1,rgb_pca,0,1
0.7346045,1,rgb_pca,0,1
0.7250381,1,rgb_pca,0,1
0.7042084,1,rgb_pca,0,1
0.7747721,1,rgb_pca,0,1
0.75304735,1,rgb_pca,0,1
0.742814,1,rgb_pca,0,1
0.74575275,1,rgb_pca,0,1
0.71947956,1,rgb_pca,0,1
0.78372276,1,rgb_pca,0,1
0.76537657,1,rgb_pca,0,1
0.75353193,1,rgb_pca,0,1
0.7868696,1,rgb_pca,0,1
0.7458371,1,rgb_pca,0,1
0.725078,1,rgb_pca,0,1
0.7040373,1,rgb_pca,0,1
0.77406925,1,rgb_pca,0,1
0.744712,1,rgb_pca,0,1
0.7330223,1,rgb_pca,0,1
0.7672038,1,rgb_pca,0,1
0.7250445,1,rgb_pca,0,1
0.72692025,1,rgb_pca,0,1
0.69788474,1,rgb_pca,0,1
0.7776117,1,rgb_pca,0,1
0.7579107,1,rgb_pca,0,1
0.7181501,1,rgb_pca,0,1
0.73746073,1,rgb_pca,0,1
0.71600294,1,rgb_pca,0,1
0.7283051,1,rgb_pca,0,1
0.7140803,1,rgb_pca,0,1
0.78659415,1,rgb_pca,0,1
0.7815788,1,rgb_pca,0,1
0.76178026,1,rgb_pca,0,1
0.7708167,1,rgb_pca,0,1
0.7390874,1,rgb_pca,0,1
0.74228835,1,rgb_pca,0,1
0.7406867,1,rgb_pca,0,1
0.7610462,1,rgb_pca,0,1
0.61936104,4,rgb_pca,0,1
0.62634027,4,rgb_pca,0,1
0.6431176,4,rgb_pca,0,1
0.6433358,4,rgb_pca,0,1
0.6124852,4,rgb_pca,0,1
0.6369508,4,rgb_pca,0,1
0.6643012,4,rgb_pca,0,1
0.6563801,4,rgb_pca,0,1
0.645756,4,rgb_pca,0,1
0.65174174,4,rgb_pca,0,1
0.6372983,4,rgb_pca,0,1
0.6348026,4,rgb_pca,0,1
0.6453757,4,rgb_pca,0,1
0.60839885,4,rgb_pca,0,1
0.6832481,4,rgb_pca,0,1
0.66976,4,rgb_pca,0,1
0.6346781,4,rgb_pca,0,1
0.62236816,4,rgb_pca,0,1
0.64013386,4,rgb_pca,0,1
0.6103581,4,rgb_pca,0,1
0.69722676,4,rgb_pca,0,1
0.6799342,4,rgb_pca,0,1
0.65311253,4,rgb_pca,0,1
0.64257383,4,rgb_pca,0,1
0.63089556,4,rgb_pca,0,1
0.60117805,4,rgb_pca,0,1
0.5957506,4,rgb_pca,0,1
0.6019276,4,rgb_pca,0,1
0.6441866,4,rgb_pca,0,1
0.68604594,4,rgb_pca,0,1
0.66985416,4,rgb_pca,0,1
0.6413706,4,rgb_pca,0,1
0.6156523,4,rgb_pca,0,1
0.6057456,4,rgb_pca,0,1
0.6138898,4,rgb_pca,0,1
0.6273697,4,rgb_pca,0,1
0.6249103,4,rgb_pca,0,1
0.65142184,4,rgb_pca,0,1
0.6833583,4,rgb_pca,0,1
0.6749681,4,rgb_pca,0,1
0.56744903,4,rgb_pca,0,1
0.549668,4,rgb_pca,0,1
0.5494114,4,rgb_pca,0,1
0.5401988,4,rgb_pca,0,1
0.57818514,4,rgb_pca,0,1
0.59103936,4,rgb_pca,0,1
0.6283337,4,rgb_pca,0,1
0.6885575,4,rgb_pca,0,1
0.6618515,4,rgb_pca,0,1
0.5645453,4,rgb_pca,0,1
0.5655105,4,rgb_pca,0,1
0.58713895,4,rgb_pca,0,1
0.5591631,4,rgb_pca,0,1
0.5607707,4,rgb_pca,0,1
0.57858574,4,rgb_pca,0,1
0.6335774,4,rgb_pca,0,1
0.627825,4,rgb_pca,0,1
0.60521066,4,rgb_pca,0,1
0.62366223,4,rgb_pca,0,1
0.60590875,4,rgb_pca,0,1
0.5920012,4,rgb_pca,0,1
0.5825671,4,rgb_pca,0,1
0.59341997,4,rgb_pca,0,1
0.6194539,4,rgb_pca,0,1
0.63229364,4,rgb_pca,0,1
0.65416074,4,rgb_pca,0,1
0.65055656,4,rgb_pca,0,1
0.6023054,4,rgb_pca,0,1
0.5930033,4,rgb_pca,0,1
0.581726,4,rgb_pca,0,1
0.60938823,4,rgb_pca,0,1
0.62801707,4,rgb_pca,0,1
0.6189393,4,rgb_pca,0,1
0.57791185,4,rgb_pca,0,1
0.5842926,4,rgb_pca,0,1
0.5741707,4,rgb_pca,0,1
0.6486331,4,rgb_pca,0,1
0.67377603,4,rgb_pca,0,1
0.6274507,4,rgb_pca,0,1
0.6137798,4,rgb_pca,0,1
0.5934229,4,rgb_pca,0,1
0.6184695,4,rgb_pca,0,1
0.66019696,4,rgb_pca,0,1
0.66868925,4,rgb_pca,0,1
0.6569224,4,rgb_pca,0,1
0.6509127,4,rgb_pca,0,1
0.64183676,4,rgb_pca,0,1
0.66914606,4,rgb_pca,0,1
0.6482731,4,rgb_pca,0,1
0.6499248,4,rgb_pca,0,1
0.664973,4,rgb_pca,0,1
0.6510345,4,rgb_pca,0,1
0.65891284,4,rgb_pca,0,1
0.70192736,4,rgb_pca,0,1
0.6708902,4,rgb_pca,0,1
0.6532502,4,rgb_pca,0,1
0.6456549,4,rgb_pca,0,1
0.64409745,4,rgb_pca,0,1
0.6449239,4,rgb_pca,0,1
0.6447288,4,rgb_pca,0,1
0.6184093,4,rgb_pca,0,1
0.6394998,4,rgb_pca,0,1
0.68667054,4,rgb_pca,0,1
0.65701306,4,rgb_pca,0,1
0.6458359,4,rgb_pca,0,1
0.65794754,4,rgb_pca,0,1
0.67938626,4,rgb_pca,0,1
0.66349113,4,rgb_pca,0,1
0.64197636,4,rgb_pca,0,1
0.6062522,4,rgb_pca,0,1
0.6445774,4,rgb_pca,0,1
0.7044921,4,rgb_pca,0,1
0.6977907,4,rgb_pca,0,1
0.62943494,4,rgb_pca,0,1
0.6840984,4,rgb_pca,0,1
0.7275543,4,rgb_pca,0,1
0.6861736,4,rgb_pca,0,1
0.6434486,4,rgb_pca,0,1
0.64055,4,rgb_pca,0,1
0.67327285,4,rgb_pca,0,1
0.71064,4,rgb_pca,0,1
0.68596613,4,rgb_pca,0,1
0.64871144,4,rgb_pca,0,1
0.6805608,4,rgb_pca,0,1
0.7148101,4,rgb_pca,0,1
0.6796577,4,rgb_pca,0,1
0.63927394,4,rgb_pca,0,1
0.6417427,4,rgb_pca,0,1
0.6883894,4,rgb_pca,0,1
0.7330626,4,rgb_pca,0,1
0.6967698,4,rgb_pca,0,1
0.6606292,4,rgb_pca,0,1
0.6483578,4,rgb_pca,0,1
0.65699863,4,rgb_pca,0,1
0.6706971,4,rgb_pca,0,1
0.6479918,4,rgb_pca,0,1
0.597653,4,rgb_pca,0,1
0.632987,4,rgb_pca,0,1
0.69100416,4,rgb_pca,0,1
0.66420555,4,rgb_pca,0,1
0.6235566,4,rgb_pca,0,1
0.6441572,4,rgb_pca,0,1
0.6715349,4,rgb_pca,0,1
0.70256966,4,rgb_pca,0,1
0.688581,4,rgb_pca,0,1
0.6099081,4,rgb_pca,0,1
0.6320644,4,rgb_pca,0,1
0.6455498,4,rgb_pca,0,1
0.6200335,4,rgb_pca,0,1
0.6241571,4,rgb_pca,0,1
0.5862815,4,rgb_pca,0,1
0.59089565,4,rgb_pca,0,1
0.75961983,1,rgb_pca,0,1
0.75277346,1,rgb_pca,0,1
0.75735265,1,rgb_pca,0,1
0.7838338,1,rgb_pca,0,1
0.7643621,1,rgb_pca,0,1
0.73825884,1,rgb_pca,0,1
0.7419105,1,rgb_pca,0,1
0.7365186,1,rgb_pca,0,1
0.76988316,1,rgb_pca,0,1
0.7332438,1,rgb_pca,0,1
0.73849785,1,rgb_pca,0,1
0.73144495,1,rgb_pca,0,1
0.73569524,1,rgb_pca,0,1
0.72333896,1,rgb_pca,0,1
0.69994634,1,rgb_pca,0,1
0.7299503,1,rgb_pca,0,1
0.70708925,1,rgb_pca,0,1
0.73938954,1,rgb_pca,0,1
0.73025656,1,rgb_pca,0,1
0.7707919,1,rgb_pca,0,1
0.78717816,1,rgb_pca,0,1
0.73398364,1,rgb_pca,0,1
0.693918,1,rgb_pca,0,1
0.71770763,1,rgb_pca,0,1
0.69335,1,rgb_pca,0,1
0.7382465,1,rgb_pca,0,1
0.6784657,1,rgb_pca,0,1
0.69520843,1,rgb_pca,0,1
0.74476796,1,rgb_pca,0,1
0.74114096,1,rgb_pca,0,1
0.77995527,1,rgb_pca,0,1
0.72699827,1,rgb_pca,0,1
0.71795017,1,rgb_pca,0,1
0.73370004,1,rgb_pca,0,1
0.7238929,1,rgb_pca,0,1
0.77374053,1,rgb_pca,0,1
0.72666156,1,rgb_pca,0,1
0.7132025,1,rgb_pca,0,1
0.7701635,1,rgb_pca,0,1
0.7485144,1,rgb_pca,0,1
0.74219066,1,rgb_pca,0,1
0.74102306,1,rgb_pca,0,1
0.7491624,1,rgb_pca,0,1
0.77231807,1,rgb_pca,0,1
0.79411066,1,rgb_pca,0,1
0.81088614,1,rgb_pca,0,1
0.77779734,1,rgb_pca,0,1
0.76008886,1,rgb_pca,0,1
0.76549244,1,rgb_pca,0,1
0.7653995,1,rgb_pca,0,1
0.75407076,1,rgb_pca,0,1
0.7759305,1,rgb_pca,0,1
0.7824558,1,rgb_pca,0,1
0.807539,1,rgb_pca,0,1
0.77599704,1,rgb_pca,0,1
0.79127586,1,rgb_pca,0,1
0.78650427,1,rgb_pca,0,1
0.7530936,1,rgb_pca,0,1
0.7493378,1,rgb_pca,0,1
0.75825274,1,rgb_pca,0,1
0.79762775,1,rgb_pca,0,1
0.77613497,1,rgb_pca,0,1
0.7731856,1,rgb_pca,0,1
0.7953626,1,rgb_pca,0,1
0.77986073,1,rgb_pca,0,1
0.7513609,1,rgb_pca,0,1
0.7885134,1,rgb_pca,0,1
0.77406406,1,rgb_pca,0,1
0.79973656,1,rgb_pca,0,1
0.7983204,1,rgb_pca,0,1
0.7731526,1,rgb_pca,0,1
0.7942071,1,rgb_pca,0,1
0.77347714,1,rgb_pca,0,1
0.758211,1,rgb_pca,0,1
0.767221,1,rgb_pca,0,1
0.78961957,1,rgb_pca,0,1
0.7533236,1,rgb_pca,0,1
0.76526815,1,rgb_pca,0,1
0.7920782,1,rgb_pca,0,1
0.7776958,1,rgb_pca,0,1
0.8029111,1,rgb_pca,0,1
0.6232511,1,rgb_pca,0,1
0.68408304,1,rgb_pca,0,1
0.69161236,1,rgb_pca,0,1
0.6351633,1,rgb_pca,0,1
0.6957466,1,rgb_pca,0,1
0.71359634,1,rgb_pca,0,1
0.70540583,1,rgb_pca,0,1
0.71178806,1,rgb_pca,0,1
0.6878423,1,rgb_pca,0,1
0.6911268,1,rgb_pca,0,1
0.7024328,1,rgb_pca,0,1
0.6996566,1,rgb_pca,0,1
0.678682,1,rgb_pca,0,1
0.75057423,1,rgb_pca,0,1
0.7244053,1,rgb_pca,0,1
0.7207459,1,rgb_pca,0,1
0.7183421,1,rgb_pca,0,1
0.7089864,1,rgb_pca,0,1
0.69827914,1,rgb_pca,0,1
0.704118,1,rgb_pca,0,1
0.7228033,1,rgb_pca,0,1
0.7420763,1,rgb_pca,0,1
0.7240264,1,rgb_pca,0,1
0.7759472,1,rgb_pca,0,1
0.75247955,1,rgb_pca,0,1
0.7413521,1,rgb_pca,0,1
0.7192377,1,rgb_pca,0,1
0.729639,1,rgb_pca,0,1
0.7588998,1,rgb_pca,0,1
0.753146,1,rgb_pca,0,1
0.73845154,1,rgb_pca,0,1
0.71526444,1,rgb_pca,0,1
0.67163193,1,rgb_pca,0,1
0.6265882,1,rgb_pca,0,1
0.64960694,1,rgb_pca,0,1
0.70771164,1,rgb_pca,0,1
0.7396333,1,rgb_pca,0,1
0.7035649,1,rgb_pca,0,1
0.69442165,1,rgb_pca,0,1
0.7412002,1,rgb_pca,0,1
0.7265266,1,rgb_pca,0,1
0.73000604,1,rgb_pca,0,1
0.74783564,1,rgb_pca,0,1
0.7228395,1,rgb_pca,0,1
0.7410099,1,rgb_pca,0,1
0.76627326,1,rgb_pca,0,1
0.72360504,1,rgb_pca,0,1
0.7136038,1,rgb_pca,0,1
0.73460084,1,rgb_pca,0,1
0.70637345,1,rgb_pca,0,1
0.65941775,1,rgb_pca,0,1
0.6511024,1,rgb_pca,0,1
0.6915554,1,rgb_pca,0,1
0.69734,1,rgb_pca,0,1
0.6820075,1,rgb_pca,0,1
0.6963053,1,rgb_pca,0,1
0.7472424,1,rgb_pca,0,1
0.7251873,1,rgb_pca,0,1
0.71734303,1,rgb_pca,0,1
0.74361235,1,rgb_pca,0,1
0.7497535,1,rgb_pca,0,1
0.7809466,1,rgb_pca,0,1
0.74739057,1,rgb_pca,0,1
0.7368697,1,rgb_pca,0,1
0.7088404,1,rgb_pca,0,1
0.7044699,1,rgb_pca,0,1
0.68142587,1,rgb_pca,0,1
0.70205986,1,rgb_pca,0,1
0.73232734,1,rgb_pca,0,1
0.7180687,1,rgb_pca,0,1
0.6907023,1,rgb_pca,0,1
0.684083,1,rgb_pca,0,1
0.6824482,1,rgb_pca,0,1
0.6948595,1,rgb_pca,0,1
0.7265171,1,rgb_pca,0,1
0.7815536,1,rgb_pca,0,1
0.80790496,1,rgb_pca,0,1
0.75961614,1,rgb_pca,0,1
0.7166058,1,rgb_pca,0,1
0.72310996,1,rgb_pca,0,1
0.7278347,1,rgb_pca,0,1
0.743506,1,rgb_pca,0,1
0.7107347,1,rgb_pca,0,1
0.69805974,1,rgb_pca,0,1
0.70100915,1,rgb_pca,0,1
0.6905911,1,rgb_pca,0,1
0.72537416,1,rgb_pca,0,1
0.72356987,1,rgb_pca,0,1
0.712311,1,rgb_pca,0,1
0.7072833,1,rgb_pca,0,1
0.6890005,1,rgb_pca,0,1
0.703219,1,rgb_pca,0,1
0.73904324,1,rgb_pca,0,1
0.7582235,1,rgb_pca,0,1
0.77420986,1,rgb_pca,0,1
0.7345027,1,rgb_pca,0,1
0.69086236,1,rgb_pca,0,1
0.72274345,1,rgb_pca,0,1
0.742051,1,rgb_pca,0,1
0.7116748,1,rgb_pca,0,1
0.71502656,1,rgb_pca,0,1
0.7184517,1,rgb_pca,0,1
0.72240055,1,rgb_pca,0,1
0.71828425,1,rgb_pca,0,1
0.66963243,1,rgb_pca,0,1
0.6775575,1,rgb_pca,0,1
0.68298626,1,rgb_pca,0,1
0.68438125,1,rgb_pca,0,1
0.7144179,1,rgb_pca,0,1
0.71366715,1,rgb_pca,0,1
0.7122429,1,rgb_pca,0,1
0.6812746,1,rgb_pca,0,1
0.6877595,1,rgb_pca,0,1
0.7156662,1,rgb_pca,0,1
0.7311135,1,rgb_pca,0,1
0.7350931,1,rgb_pca,0,1
0.68718094,1,rgb_pca,0,1
0.6927133,1,rgb_pca,0,1
0.6975071,1,rgb_pca,0,1
0.71637475,1,rgb_pca,0,1
0.71645856,1,rgb_pca,0,1
0.70652914,1,rgb_pca,0,1
0.6797613,1,rgb_pca,0,1
0.67833114,1,rgb_pca,0,1
0.71269023,1,rgb_pca,0,1
0.7315911,1,rgb_pca,0,1
0.7506025,1,rgb_pca,0,1
0.74326015,1,rgb_pca,0,1
0.68417,1,rgb_pca,0,1
0.66808677,1,rgb_pca,0,1
0.67347634,1,rgb_pca,0,1
0.6697135,1,rgb_pca,0,1
0.6905844,1,rgb_pca,0,1
0.68498635,1,rgb_pca,0,1
0.7286649,1,rgb_pca,0,1
0.7312682,1,rgb_pca,0,1
0.7570255,1,rgb_pca,0,1
0.74986506,1,rgb_pca,0,1
0.74197793,1,rgb_pca,0,1
0.75999266,1,rgb_pca,0,1
0.7122521,1,rgb_pca,0,1
0.6706401,1,rgb_pca,0,1
0.6488112,1,rgb_pca,0,1
0.637738,1,rgb_pca,0,1
0.6694343,1,rgb_pca,0,1
0.6727817,1,rgb_pca,0,1
0.7301115,1,rgb_pca,0,1
0.71326745,1,rgb_pca,0,1
0.7216549,1,rgb_pca,0,1
0.7411985,1,rgb_pca,0,1
0.7606772,1,rgb_pca,0,1
0.7363379,1,rgb_pca,0,1
0.7321129,1,rgb_pca,0,1
0.73156965,1,rgb_pca,0,1
0.73628634,1,rgb_pca,0,1
0.7397567,1,rgb_pca,0,1
0.73300314,1,rgb_pca,0,1
0.7762045,1,rgb_pca,0,1
0.67271304,1,rgb_pca,0,1
0.72986066,1,rgb_pca,0,1
0.7319871,1,rgb_pca,0,1
0.7023523,1,rgb_pca,0,1
0.7143754,1,rgb_pca,0,1
0.7384696,1,rgb_pca,0,1
0.74592674,1,rgb_pca,0,1
0.7699619,1,rgb_pca,0,1
0.7613857,1,rgb_pca,0,1
0.76390827,1,rgb_pca,0,1
0.7370292,1,rgb_pca,0,1
0.7471484,1,rgb_pca,0,1
0.7324914,1,rgb_pca,0,1
0.7153939,1,rgb_pca,0,1
0.7653607,1,rgb_pca,0,1
0.78151375,1,rgb_pca,0,1
0.73932207,1,rgb_pca,0,1
0.7833892,1,rgb_pca,0,1
0.784042,1,rgb_pca,0,1
0.77998817,1,rgb_pca,0,1
0.7878057,1,rgb_pca,0,1
0.7800024,1,rgb_pca,0,1
0.7735803,1,rgb_pca,0,1
0.71964735,1,rgb_pca,0,1
0.7675003,1,rgb_pca,0,1
0.79436725,1,rgb_pca,0,1
0.78508306,1,rgb_pca,0,1
0.76087964,1,rgb_pca,0,1
0.7633617,1,rgb_pca,0,1
0.716848,1,rgb_pca,0,1
0.7080417,1,rgb_pca,0,1
0.7300874,1,rgb_pca,0,1
0.77417016,1,rgb_pca,0,1
0.7925334,1,rgb_pca,0,1
0.7740427,1,rgb_pca,0,1
0.74788976,1,rgb_pca,0,1
0.73240185,1,rgb_pca,0,1
0.776798,1,rgb_pca,0,1
0.7383902,1,rgb_pca,0,1
0.7478342,1,rgb_pca,0,1
0.75034094,1,rgb_pca,0,1
0.7779646,1,rgb_pca,0,1
0.8129004,1,rgb_pca,0,1
0.80460936,1,rgb_pca,0,1
0.7694721,1,rgb_pca,0,1
0.7380067,1,rgb_pca,0,1
0.73029673,1,rgb_pca,0,1
0.8067148,1,rgb_pca,0,1
0.7673328,1,rgb_pca,0,1
0.7536744,1,rgb_pca,0,1
0.74538213,1,rgb_pca,0,1
0.7404587,1,rgb_pca,0,1
0.7846509,1,rgb_pca,0,1
0.80618185,1,rgb_pca,0,1
0.7718383,1,rgb_pca,0,1
0.801029,1,rgb_pca,0,1
0.7918266,1,rgb_pca,0,1
0.77155054,1,rgb_pca,0,1
0.7509121,1,rgb_pca,0,1
0.7488096,1,rgb_pca,0,1
0.77849776,1,rgb_pca,0,1
0.78241813,1,rgb_pca,0,1
0.76720923,1,rgb_pca,0,1
0.7718524,1,rgb_pca,0,1
0.781909,1,rgb_pca,0,1
0.7481241,1,rgb_pca,0,1
0.74848485,1,rgb_pca,0,1
0.7443379,1,rgb_pca,0,1
0.747157,1,rgb_pca,0,1
0.7936308,1,rgb_pca,0,1
0.75663793,1,rgb_pca,0,1
0.74677634,1,rgb_pca,0,1
0.79361355,1,rgb_pca,0,1
0.7611153,1,rgb_pca,0,1
0.79454243,1,rgb_pca,0,1
0.771559,1,rgb_pca,0,1
0.7602358,1,rgb_pca,0,1
0.79466033,1,rgb_pca,0,1
0.76647913,1,rgb_pca,0,1
0.7704078,1,rgb_pca,0,1
0.73192537,1,rgb_pca,0,1
0.7873788,1,rgb_pca,0,1
0.7797211,1,rgb_pca,0,1
0.7700393,1,rgb_pca,0,1
0.7654892,1,rgb_pca,0,1
0.7516099,1,rgb_pca,0,1
0.7782756,1,rgb_pca,0,1
0.7672276,1,rgb_pca,0,1
0.7777204,1,rgb_pca,0,1
0.7632201,1,rgb_pca,0,1
0.77469754,1,rgb_pca,0,1
0.7757657,1,rgb_pca,0,1
0.76660705,1,rgb_pca,0,1
0.7794789,1,rgb_pca,0,1
0.7705084,1,rgb_pca,0,1
0.7939951,1,rgb_pca,0,1
0.7622267,1,rgb_pca,0,1
0.7855843,1,rgb_pca,0,1
0.79195523,1,rgb_pca,0,1
0.78222334,1,rgb_pca,0,1
0.7968007,1,rgb_pca,0,1
0.7662822,1,rgb_pca,0,1
0.7894354,1,rgb_pca,0,1
0.5099827,4,rgb_pca,0,1
0.5489726,4,rgb_pca,0,1
0.6217628,4,rgb_pca,0,1
0.58984184,4,rgb_pca,0,1
0.49410728,4,rgb_pca,0,1
0.52534395,4,rgb_pca,0,1
0.5251341,4,rgb_pca,0,1
0.56752133,4,rgb_pca,0,1
0.6566182,4,rgb_pca,0,1
0.6239221,4,rgb_pca,0,1
0.5248536,4,rgb_pca,0,1
0.5584893,4,rgb_pca,0,1
0.56943697,4,rgb_pca,0,1
0.5737252,4,rgb_pca,0,1
0.6492331,4,rgb_pca,0,1
0.6100024,4,rgb_pca,0,1
0.497746,4,rgb_pca,0,1
0.49926105,4,rgb_pca,0,1
0.49148098,4,rgb_pca,0,1
0.52423865,4,rgb_pca,0,1
0.6200969,4,rgb_pca,0,1
0.58224523,4,rgb_pca,0,1
0.49207598,4,rgb_pca,0,1
0.48382914,4,rgb_pca,0,1
0.47803798,4,rgb_pca,0,1
0.52119493,4,rgb_pca,0,1
0.5452465,4,rgb_pca,0,1
0.59698415,4,rgb_pca,0,1
0.6954874,4,rgb_pca,0,1
0.6259457,4,rgb_pca,0,1
0.5963042,4,rgb_pca,0,1
0.5194627,4,rgb_pca,0,1
0.54656374,4,rgb_pca,0,1
0.54777956,4,rgb_pca,0,1
0.5176269,4,rgb_pca,0,1
0.53250134,4,rgb_pca,0,1
0.62052035,4,rgb_pca,0,1
0.70649195,4,rgb_pca,0,1
0.65342146,4,rgb_pca,0,1
0.60221,4,rgb_pca,0,1
0.43154022,4,rgb_pca,0,1
0.42001987,4,rgb_pca,0,1
0.5141667,4,rgb_pca,0,1
0.5185962,4,rgb_pca,0,1
0.54814315,4,rgb_pca,0,1
0.6297957,4,rgb_pca,0,1
0.6344793,4,rgb_pca,0,1
0.62245727,4,rgb_pca,0,1
0.57804275,4,rgb_pca,0,1
0.4485251,4,rgb_pca,0,1
0.39977235,4,rgb_pca,0,1
0.46067742,4,rgb_pca,0,1
0.46026465,4,rgb_pca,0,1
0.5029319,4,rgb_pca,0,1
0.5493168,4,rgb_pca,0,1
0.57351816,4,rgb_pca,0,1
0.5245531,4,rgb_pca,0,1
0.5299819,4,rgb_pca,0,1
0.50960934,4,rgb_pca,0,1
0.48566794,4,rgb_pca,0,1
0.45595136,4,rgb_pca,0,1
0.47608662,4,rgb_pca,0,1
0.48481646,4,rgb_pca,0,1
0.5160711,4,rgb_pca,0,1
0.54488575,4,rgb_pca,0,1
0.5371752,4,rgb_pca,0,1
0.54280007,4,rgb_pca,0,1
0.5252131,4,rgb_pca,0,1
0.5006542,4,rgb_pca,0,1
0.49441153,4,rgb_pca,0,1
0.52334225,4,rgb_pca,0,1
0.5120173,4,rgb_pca,0,1
0.6126631,4,rgb_pca,0,1
0.6415343,4,rgb_pca,0,1
0.6305474,4,rgb_pca,0,1
0.6157464,4,rgb_pca,0,1
0.63417804,4,rgb_pca,0,1
0.62109303,4,rgb_pca,0,1
0.55232066,4,rgb_pca,0,1
0.5796832,4,rgb_pca,0,1
0.57659703,4,rgb_pca,0,1
0.6268561,4,rgb_pca,0,1
0.62772137,4,rgb_pca,0,1
0.6218739,4,rgb_pca,0,1
0.54756916,4,rgb_pca,0,1
0.5553707,4,rgb_pca,0,1
0.56561655,4,rgb_pca,0,1
0.5938226,4,rgb_pca,0,1
0.59785706,4,rgb_pca,0,1
0.63385355,4,rgb_pca,0,1
0.56136954,4,rgb_pca,0,1
0.5401989,4,rgb_pca,0,1
0.5547868,4,rgb_pca,0,1
0.59960663,4,rgb_pca,0,1
0.6125611,4,rgb_pca,0,1
0.6137113,4,rgb_pca,0,1
0.5541211,4,rgb_pca,0,1
0.51968074,4,rgb_pca,0,1
0.5462383,4,rgb_pca,0,1
0.6000613,4,rgb_pca,0,1
0.69601077,4,rgb_pca,0,1
0.6791284,4,rgb_pca,0,1
0.6089337,4,rgb_pca,0,1
0.65771455,4,rgb_pca,0,1
0.69953144,4,rgb_pca,0,1
0.59067297,4,rgb_pca,0,1
0.54063416,4,rgb_pca,0,1
0.5366726,4,rgb_pca,0,1
0.5601177,4,rgb_pca,0,1
0.65025836,4,rgb_pca,0,1
0.64098585,4,rgb_pca,0,1
0.63009554,4,rgb_pca,0,1
0.6603756,4,rgb_pca,0,1
0.6762185,4,rgb_pca,0,1
0.6064739,4,rgb_pca,0,1
0.5628518,4,rgb_pca,0,1
0.5006443,4,rgb_pca,0,1
0.47839183,4,rgb_pca,0,1
0.5620539,4,rgb_pca,0,1
0.5925228,4,rgb_pca,0,1
0.63014555,4,rgb_pca,0,1
0.6745537,4,rgb_pca,0,1
0.6898377,4,rgb_pca,0,1
0.5745188,4,rgb_pca,0,1
0.53515023,4,rgb_pca,0,1
0.49197793,4,rgb_pca,0,1
0.46735525,4,rgb_pca,0,1
0.5222473,4,rgb_pca,0,1
0.595834,4,rgb_pca,0,1
0.6621184,4,rgb_pca,0,1
0.6782627,4,rgb_pca,0,1
0.67143404,4,rgb_pca,0,1
0.60547906,4,rgb_pca,0,1
0.58315617,4,rgb_pca,0,1
0.5800105,4,rgb_pca,0,1
0.62299776,4,rgb_pca,0,1
0.60359347,4,rgb_pca,0,1
0.612412,4,rgb_pca,0,1
0.646356,4,rgb_pca,0,1
0.65239394,4,rgb_pca,0,1
0.6337946,4,rgb_pca,0,1
0.6162903,4,rgb_pca,0,1
0.58350825,4,rgb_pca,0,1
0.568474,4,rgb_pca,0,1
0.5977621,4,rgb_pca,0,1
0.5982719,4,rgb_pca,0,1
0.6381829,4,rgb_pca,0,1
0.65530777,4,rgb_pca,0,1
0.5379187,4,rgb_pca,0,1
0.5379338,4,rgb_pca,0,1
0.5867492,4,rgb_pca,0,1
0.6440618,4,rgb_pca,0,1
0.7497322,1,rgb_pca,0,1
0.7218424,1,rgb_pca,0,1
0.6670111,1,rgb_pca,0,1
0.63141865,1,rgb_pca,0,1
0.6164689,1,rgb_pca,0,1
0.73756814,1,rgb_pca,0,1
0.7285862,1,rgb_pca,0,1
0.73389524,1,rgb_pca,0,1
0.7152729,1,rgb_pca,0,1
0.6507286,1,rgb_pca,0,1
0.5764879,1,rgb_pca,0,1
0.76309586,1,rgb_pca,0,1
0.75695336,1,rgb_pca,0,1
0.7736404,1,rgb_pca,0,1
0.756214,1,rgb_pca,0,1
0.6963583,1,rgb_pca,0,1
0.63715935,1,rgb_pca,0,1
0.6965245,1,rgb_pca,0,1
0.6876538,1,rgb_pca,0,1
0.6655508,1,rgb_pca,0,1
0.64166677,1,rgb_pca,0,1
0.6342358,1,rgb_pca,0,1
0.67092896,1,rgb_pca,0,1
0.67313576,1,rgb_pca,0,1
0.6635572,1,rgb_pca,0,1
0.6654203,1,rgb_pca,0,1
0.6329887,1,rgb_pca,0,1
0.5886395,1,rgb_pca,0,1
0.7287959,1,rgb_pca,0,1
0.7196826,1,rgb_pca,0,1
0.70481,1,rgb_pca,0,1
0.70471084,1,rgb_pca,0,1
0.71253073,1,rgb_pca,0,1
0.65487504,1,rgb_pca,0,1
0.7284647,3,rgb_pca,0,1
0.75366366,3,rgb_pca,0,1
0.755763,3,rgb_pca,0,1
0.7694092,3,rgb_pca,0,1
0.7765243,3,rgb_pca,0,1
0.74021465,3,rgb_pca,0,1
0.7284789,3,rgb_pca,0,1
0.75832546,3,rgb_pca,0,1
0.7651501,3,rgb_pca,0,1
0.78094435,3,rgb_pca,0,1
0.811152,3,rgb_pca,0,1
0.808228,3,rgb_pca,0,1
0.7809768,3,rgb_pca,0,1
0.74922216,3,rgb_pca,0,1
0.73684365,3,rgb_pca,0,1
0.7498212,3,rgb_pca,0,1
0.7616409,3,rgb_pca,0,1
0.78364146,3,rgb_pca,0,1
0.7999815,3,rgb_pca,0,1
0.8085728,3,rgb_pca,0,1
0.79292405,3,rgb_pca,0,1
0.7659166,3,rgb_pca,0,1
0.7365965,3,rgb_pca,0,1
0.7413339,3,rgb_pca,0,1
0.7462369,3,rgb_pca,0,1
0.7610157,3,rgb_pca,0,1
0.762096,3,rgb_pca,0,1
0.7703421,3,rgb_pca,0,1
0.769363,3,rgb_pca,0,1
0.77327234,3,rgb_pca,0,1
0.76956874,3,rgb_pca,0,1
0.8018489,3,rgb_pca,0,1
0.75863343,3,rgb_pca,0,1
0.7219024,3,rgb_pca,0,1
0.72920966,3,rgb_pca,0,1
0.7403351,3,rgb_pca,0,1
0.72851515,3,rgb_pca,0,1
0.7299942,3,rgb_pca,0,1
0.7752309,3,rgb_pca,0,1
0.78548217,3,rgb_pca,0,1
0.7743442,3,rgb_pca,0,1
0.7797011,3,rgb_pca,0,1
0.8102335,3,rgb_pca,0,1
0.78696424,3,rgb_pca,0,1
0.76124597,3,rgb_pca,0,1
0.6954795,3,rgb_pca,0,1
0.6893363,3,rgb_pca,0,1
0.7351696,3,rgb_pca,0,1
0.73832643,3,rgb_pca,0,1
0.7854501,3,rgb_pca,0,1
0.8038503,3,rgb_pca,0,1
0.7947501,3,rgb_pca,0,1
0.785919,3,rgb_pca,0,1
0.8231551,3,rgb_pca,0,1
0.8093761,3,rgb_pca,0,1
0.7678879,3,rgb_pca,0,1
0.68091327,3,rgb_pca,0,1
0.69249773,3,rgb_pca,0,1
0.7329047,3,rgb_pca,0,1
0.752215,3,rgb_pca,0,1
0.792367,3,rgb_pca,0,1
0.8170613,3,rgb_pca,0,1
0.80010194,3,rgb_pca,0,1
0.77838176,3,rgb_pca,0,1
0.8158461,3,rgb_pca,0,1
0.80775595,3,rgb_pca,0,1
0.76202184,3,rgb_pca,0,1
0.69158494,3,rgb_pca,0,1
0.69499516,3,rgb_pca,0,1
0.74333304,3,rgb_pca,0,1
0.75924903,3,rgb_pca,0,1
0.78537136,3,rgb_pca,0,1
0.78500235,3,rgb_pca,0,1
0.77984715,3,rgb_pca,0,1
0.7600667,3,rgb_pca,0,1
0.78267205,3,rgb_pca,0,1
0.73826164,3,rgb_pca,0,1
0.73172385,3,rgb_pca,0,1
0.7697091,3,rgb_pca,0,1
0.7898954,3,rgb_pca,0,1
0.79846597,3,rgb_pca,0,1
0.79338866,3,rgb_pca,0,1
0.8020556,3,rgb_pca,0,1
0.793502,3,rgb_pca,0,1
0.79825974,3,rgb_pca,0,1
0.7414112,3,rgb_pca,0,1
0.75538003,3,rgb_pca,0,1
0.75884587,3,rgb_pca,0,1
0.74814254,3,rgb_pca,0,1
0.75794923,3,rgb_pca,0,1
0.7525926,3,rgb_pca,0,1
0.7577324,3,rgb_pca,0,1
0.7483729,3,rgb_pca,0,1
0.717934,3,rgb_pca,0,1
0.73513097,3,rgb_pca,0,1
0.74556005,3,rgb_pca,0,1
0.772217,3,rgb_pca,0,1
0.7822325,3,rgb_pca,0,1
0.7749385,3,rgb_pca,0,1
0.8206836,3,rgb_pca,0,1
0.74973106,3,rgb_pca,0,1
0.7647589,3,rgb_pca,0,1
0.74716365,3,rgb_pca,0,1
0.7771111,3,rgb_pca,0,1
0.80060273,3,rgb_pca,0,1
0.80186695,3,rgb_pca,0,1
0.8302331,3,rgb_pca,0,1
0.76635754,3,rgb_pca,0,1
0.72414577,3,rgb_pca,0,1
0.73277706,3,rgb_pca,0,1
0.7211831,3,rgb_pca,0,1
0.7591537,3,rgb_pca,0,1
0.79810435,3,rgb_pca,0,1
0.797361,3,rgb_pca,0,1
0.77603006,3,rgb_pca,0,1
0.70100754,3,rgb_pca,0,1
0.6871917,3,rgb_pca,0,1
0.747906,3,rgb_pca,0,1
0.720688,3,rgb_pca,0,1
0.776324,3,rgb_pca,0,1
0.8127804,3,rgb_pca,0,1
0.808388,3,rgb_pca,0,1
0.76924986,3,rgb_pca,0,1
0.7916769,3,rgb_pca,0,1
0.751744,3,rgb_pca,0,1
0.7284677,3,rgb_pca,0,1
0.7508471,3,rgb_pca,0,1
0.7302285,3,rgb_pca,0,1
0.76337326,3,rgb_pca,0,1
0.7972723,3,rgb_pca,0,1
0.81261915,3,rgb_pca,0,1
0.79934865,3,rgb_pca,0,1
0.7927897,3,rgb_pca,0,1
0.77489626,3,rgb_pca,0,1
0.7262198,3,rgb_pca,0,1
0.7775862,3,rgb_pca,0,1
0.7492047,3,rgb_pca,0,1
0.76106095,3,rgb_pca,0,1
0.7830219,3,rgb_pca,0,1
0.81646097,3,rgb_pca,0,1
0.79808366,3,rgb_pca,0,1
0.7681851,3,rgb_pca,0,1
0.7871898,3,rgb_pca,0,1
0.73888296,3,rgb_pca,0,1
0.78639024,3,rgb_pca,0,1
0.7626461,3,rgb_pca,0,1
0.7812685,3,rgb_pca,0,1
0.78965163,3,rgb_pca,0,1
0.8011898,3,rgb_pca,0,1
0.8109207,3,rgb_pca,0,1
0.76510143,3,rgb_pca,0,1
0.8351064,3,rgb_pca,0,1
0.79813945,3,rgb_pca,0,1
0.7766115,3,rgb_pca,0,1
0.75680065,3,rgb_pca,0,1
0.7596173,3,rgb_pca,0,1
0.75169575,3,rgb_pca,0,1
0.73454714,3,rgb_pca,0,1
0.8647839,3,rgb_pca,0,1
0.8174611,3,rgb_pca,0,1
0.78983927,3,rgb_pca,0,1
0.78270406,3,rgb_pca,0,1
0.776469,3,rgb_pca,0,1
0.7524793,3,rgb_pca,0,1
0.7407799,3,rgb_pca,0,1
0.86136067,3,rgb_pca,0,1
0.80215263,3,rgb_pca,0,1
0.74915934,3,rgb_pca,0,1
0.7471093,3,rgb_pca,0,1
0.88501173,3,rgb_pca,0,1
0.85199857,3,rgb_pca,0,1
0.79682183,3,rgb_pca,0,1
0.78300107,3,rgb_pca,0,1
0.85914385,1,rgb_pca,0,1
0.8637309,1,rgb_pca,0,1
0.7954353,1,rgb_pca,0,1
0.8367391,1,rgb_pca,0,1
0.79846114,1,rgb_pca,0,1
0.8328797,1,rgb_pca,0,1
0.8195118,1,rgb_pca,0,1
0.82028717,1,rgb_pca,0,1
0.8446878,1,rgb_pca,0,1
0.80257165,1,rgb_pca,0,1
0.7965264,1,rgb_pca,0,1
0.80204517,1,rgb_pca,0,1
0.8393165,1,rgb_pca,0,1
0.79294443,1,rgb_pca,0,1
0.80040926,1,rgb_pca,0,1
0.8017974,1,rgb_pca,0,1
0.8408758,1,rgb_pca,0,1
0.81702006,1,rgb_pca,0,1
0.81614685,1,rgb_pca,0,1
0.8170326,1,rgb_pca,0,1
0.8452108,1,rgb_pca,0,1
0.80440736,1,rgb_pca,0,1
0.82488585,1,rgb_pca,0,1
0.8361837,1,rgb_pca,0,1
0.83890647,1,rgb_pca,0,1
0.8366193,1,rgb_pca,0,1
0.8132059,1,rgb_pca,0,1
0.81879884,1,rgb_pca,0,1
0.82544756,1,rgb_pca,0,1
0.8269892,1,rgb_pca,0,1
0.8443935,1,rgb_pca,0,1
0.8552831,1,rgb_pca,0,1
0.8630065,1,rgb_pca,0,1
0.79179317,1,rgb_pca,0,1
0.7748507,1,rgb_pca,0,1
0.77013445,1,rgb_pca,0,1
0.7682279,1,rgb_pca,0,1
0.7882599,1,rgb_pca,0,1
0.7735727,1,rgb_pca,0,1
0.7711476,1,rgb_pca,0,1
0.7720989,1,rgb_pca,0,1
0.77316546,1,rgb_pca,0,1
0.7713267,1,rgb_pca,0,1
0.7743912,1,rgb_pca,0,1
0.7746302,1,rgb_pca,0,1
0.78188837,1,rgb_pca,0,1
0.7750393,1,rgb_pca,0,1
0.7580144,1,rgb_pca,0,1
0.7749096,1,rgb_pca,0,1
0.7730593,1,rgb_pca,0,1
0.770909,1,rgb_pca,0,1
0.77275515,1,rgb_pca,0,1
0.7864228,1,rgb_pca,0,1
0.77630126,1,rgb_pca,0,1
0.7955747,1,rgb_pca,0,1
0.76674646,1,rgb_pca,0,1
0.77506673,1,rgb_pca,0,1
0.7711128,1,rgb_pca,0,1
0.7766366,1,rgb_pca,0,1
0.7778851,1,rgb_pca,0,1
0.79104364,1,rgb_pca,0,1
0.81330186,1,rgb_pca,0,1
0.76334774,1,rgb_pca,0,1
0.7598337,1,rgb_pca,0,1
0.77544963,1,rgb_pca,0,1
0.77377534,1,rgb_pca,0,1
0.77540255,1,rgb_pca,0,1
0.7759855,1,rgb_pca,0,1
0.7902003,1,rgb_pca,0,1
0.7772948,1,rgb_pca,0,1
0.790534,1,rgb_pca,0,1
0.8036636,1,rgb_pca,0,1
0.8060427,1,rgb_pca,0,1
0.7671381,1,rgb_pca,0,1
0.75641453,1,rgb_pca,0,1
0.7690059,1,rgb_pca,0,1
0.76485926,1,rgb_pca,0,1
0.7702096,1,rgb_pca,0,1
0.76615214,1,rgb_pca,0,1
0.7774805,1,rgb_pca,0,1
0.7697805,1,rgb_pca,0,1
0.7838358,1,rgb_pca,0,1
0.7962113,1,rgb_pca,0,1
0.79861397,1,rgb_pca,0,1
0.77650213,1,rgb_pca,0,1
0.7810948,1,rgb_pca,0,1
0.7752372,1,rgb_pca,0,1
0.7759917,1,rgb_pca,0,1
0.76184464,1,rgb_pca,0,1
0.7656473,1,rgb_pca,0,1
0.77740586,1,rgb_pca,0,1
0.77176225,1,rgb_pca,0,1
0.7957399,1,rgb_pca,0,1
0.800127,1,rgb_pca,0,1
0.75530404,1,rgb_pca,0,1
0.79721236,1,rgb_pca,0,1
0.8043237,1,rgb_pca,0,1
0.8129072,1,rgb_pca,0,1
0.80560416,1,rgb_pca,0,1
0.7690747,1,rgb_pca,0,1
0.76398546,1,rgb_pca,0,1
0.78951335,1,rgb_pca,0,1
0.77463317,1,rgb_pca,0,1
0.8054712,1,rgb_pca,0,1
0.805076,1,rgb_pca,0,1
0.76200616,1,rgb_pca,0,1
0.7798807,1,rgb_pca,0,1
0.80423737,1,rgb_pca,0,1
0.8134268,1,rgb_pca,0,1
0.7865106,1,rgb_pca,0,1
0.7430145,1,rgb_pca,0,1
0.739346,1,rgb_pca,0,1
0.7667843,1,rgb_pca,0,1
0.76802504,1,rgb_pca,0,1
0.8121631,1,rgb_pca,0,1
0.7719836,1,rgb_pca,0,1
0.7293702,1,rgb_pca,0,1
0.7533449,1,rgb_pca,0,1
0.7562537,1,rgb_pca,0,1
0.7626863,1,rgb_pca,0,1
0.79035914,1,rgb_pca,0,1
0.77213395,1,rgb_pca,0,1
0.7776618,1,rgb_pca,0,1
0.78084576,1,rgb_pca,0,1
0.7713436,1,rgb_pca,0,1
0.82982755,1,rgb_pca,0,1
0.80406654,1,rgb_pca,0,1
0.7907957,1,rgb_pca,0,1
0.80173635,1,rgb_pca,0,1
0.82907856,1,rgb_pca,0,1
0.8016863,1,rgb_pca,0,1
0.8089175,1,rgb_pca,0,1
0.839609,1,rgb_pca,0,1
0.811507,1,rgb_pca,0,1
0.82438385,1,rgb_pca,0,1
0.79894924,1,rgb_pca,0,1
0.8112565,1,rgb_pca,0,1
0.8360669,1,rgb_pca,0,1
0.8056959,1,rgb_pca,0,1
0.8367909,1,rgb_pca,0,1
0.810153,1,rgb_pca,0,1
0.809044,1,rgb_pca,0,1
0.8148602,1,rgb_pca,0,1
0.79835045,1,rgb_pca,0,1
0.8016814,1,rgb_pca,0,1
0.8368514,1,rgb_pca,0,1
0.8168049,1,rgb_pca,0,1
0.82611704,1,rgb_pca,0,1
0.83091515,1,rgb_pca,0,1
0.80922496,1,rgb_pca,0,1
0.8067306,1,rgb_pca,0,1
0.8040099,1,rgb_pca,0,1
0.8160366,1,rgb_pca,0,1
0.7956606,1,rgb_pca,0,1
0.79521906,1,rgb_pca,0,1
0.8067858,1,rgb_pca,0,1
0.8131679,1,rgb_pca,0,1
0.8099941,1,rgb_pca,0,1
0.81312597,1,rgb_pca,0,1
0.81686264,1,rgb_pca,0,1
0.80234975,1,rgb_pca,0,1
0.7988944,1,rgb_pca,0,1
0.8052013,1,rgb_pca,0,1
0.8329567,1,rgb_pca,0,1
0.82399535,1,rgb_pca,0,1
0.80119604,1,rgb_pca,0,1
0.7767054,1,rgb_pca,0,1
0.7973397,1,rgb_pca,0,1
0.8090806,1,rgb_pca,0,1
0.8591882,1,rgb_pca,0,1
0.84319603,1,rgb_pca,0,1
0.8131826,1,rgb_pca,0,1
0.78480804,1,rgb_pca,0,1
0.7835322,1,rgb_pca,0,1
0.8093146,1,rgb_pca,0,1
0.86346,1,rgb_pca,0,1
0.8116577,1,rgb_pca,0,1
0.78699195,1,rgb_pca,0,1
0.7847105,1,rgb_pca,0,1
0.7927927,1,rgb_pca,0,1
0.8262508,1,rgb_pca,0,1
0.8000329,1,rgb_pca,0,1
0.7895194,1,rgb_pca,0,1
0.78524244,1,rgb_pca,0,1
0.7401154,1,rgb_pca,0,1
0.7142809,1,rgb_pca,0,1
0.69121873,1,rgb_pca,0,1
0.65992844,1,rgb_pca,0,1
0.71113366,1,rgb_pca,0,1
0.742201,1,rgb_pca,0,1
0.72216254,1,rgb_pca,0,1
0.73509073,1,rgb_pca,0,1
0.7406681,1,rgb_pca,0,1
0.6874614,1,rgb_pca,0,1
0.63118243,1,rgb_pca,0,1
0.73371553,1,rgb_pca,0,1
0.7183987,1,rgb_pca,0,1
0.7369295,1,rgb_pca,0,1
0.73772705,1,rgb_pca,0,1
0.7262697,1,rgb_pca,0,1
0.6710024,1,rgb_pca,0,1
0.72578096,1,rgb_pca,0,1
0.7047454,1,rgb_pca,0,1
0.7128097,1,rgb_pca,0,1
0.7144072,1,rgb_pca,0,1
0.73211294,1,rgb_pca,0,1
0.7402679,1,rgb_pca,0,1
0.7017927,1,rgb_pca,0,1
0.67224574,1,rgb_pca,0,1
0.6467528,1,rgb_pca,0,1
0.74967736,1,rgb_pca,0,1
0.72674537,1,rgb_pca,0,1
0.7185682,1,rgb_pca,0,1
0.71021247,1,rgb_pca,0,1
0.7204719,1,rgb_pca,0,1
0.74272996,1,rgb_pca,0,1
0.7308246,1,rgb_pca,0,1
0.73721516,1,rgb_pca,0,1
0.7306455,1,rgb_pca,0,1
0.7215495,1,rgb_pca,0,1
0.699211,1,rgb_pca,0,1
0.7150326,1,rgb_pca,0,1
0.7220708,1,rgb_pca,0,1
0.7167125,1,rgb_pca,0,1
0.71048313,1,rgb_pca,0,1
0.72171843,1,rgb_pca,0,1
0.7317544,1,rgb_pca,0,1
0.713938,1,rgb_pca,0,1
0.7153079,1,rgb_pca,0,1
0.6781498,1,rgb_pca,0,1
0.67865765,1,rgb_pca,0,1
0.68359184,1,rgb_pca,0,1
0.72816116,1,rgb_pca,0,1
0.69317675,1,rgb_pca,0,1
0.7200409,1,rgb_pca,0,1
0.7274309,1,rgb_pca,0,1
0.70160437,1,rgb_pca,0,1
0.7087751,1,rgb_pca,0,1
0.7307132,1,rgb_pca,0,1
0.7501819,1,rgb_pca,0,1
0.72659016,1,rgb_pca,0,1
0.7093711,1,rgb_pca,0,1
0.6834625,1,rgb_pca,0,1
0.6997764,1,rgb_pca,0,1
0.7334243,1,rgb_pca,0,1
0.7389215,1,rgb_pca,0,1
0.6825247,1,rgb_pca,0,1
0.6736427,1,rgb_pca,0,1
0.6892456,1,rgb_pca,0,1
0.72621,1,rgb_pca,0,1
0.73230803,1,rgb_pca,0,1
0.6910895,1,rgb_pca,0,1
0.71336716,1,rgb_pca,0,1
0.71573406,1,rgb_pca,0,1
0.7076969,1,rgb_pca,0,1
0.7266649,1,rgb_pca,0,1
0.6488525,1,rgb_pca,0,1
0.6839908,1,rgb_pca,0,1
0.74921143,1,rgb_pca,0,1
0.7369649,1,rgb_pca,0,1
0.7364253,1,rgb_pca,0,1
0.73561907,1,rgb_pca,0,1
0.70215464,1,rgb_pca,0,1
0.71565664,1,rgb_pca,0,1
0.73233724,1,rgb_pca,0,1
0.7376551,1,rgb_pca,0,1
0.74268425,1,rgb_pca,0,1
0.7345924,1,rgb_pca,0,1
0.7426062,1,rgb_pca,0,1
0.7555299,1,rgb_pca,0,1
0.69585043,1,rgb_pca,0,1
0.71039504,1,rgb_pca,0,1
0.69588065,1,rgb_pca,0,1
0.6722485,1,rgb_pca,0,1
0.6919638,1,rgb_pca,0,1
0.690728,1,rgb_pca,0,1
0.6667188,1,rgb_pca,0,1
0.6791984,1,rgb_pca,0,1
0.68976367,1,rgb_pca,0,1
0.69185877,1,rgb_pca,0,1
0.7060758,1,rgb_pca,0,1
0.70523345,1,rgb_pca,0,1
0.69361115,1,rgb_pca,0,1
0.69112015,1,rgb_pca,0,1
0.6863803,1,rgb_pca,0,1
0.6809695,1,rgb_pca,0,1
0.6981983,1,rgb_pca,0,1
0.7164184,1,rgb_pca,0,1
0.68720603,1,rgb_pca,0,1
0.6957916,1,rgb_pca,0,1
0.7309472,1,rgb_pca,0,1
0.73911136,1,rgb_pca,0,1
0.7267522,1,rgb_pca,0,1
0.69989336,1,rgb_pca,0,1
0.6855934,1,rgb_pca,0,1
0.7176256,1,rgb_pca,0,1
0.7585418,1,rgb_pca,0,1
0.75707984,1,rgb_pca,0,1
0.7528605,1,rgb_pca,0,1
0.712049,1,rgb_pca,0,1
0.6691109,1,rgb_pca,0,1
0.71613234,1,rgb_pca,0,1
0.68432426,1,rgb_pca,0,1
0.70370674,1,rgb_pca,0,1
0.72285664,1,rgb_pca,0,1
0.731987,1,rgb_pca,0,1
0.7179039,1,rgb_pca,0,1
0.68660617,1,rgb_pca,0,1
0.7134611,1,rgb_pca,0,1
0.7543055,1,rgb_pca,0,1
0.72181535,1,rgb_pca,0,1
0.70870304,1,rgb_pca,0,1
0.69756126,1,rgb_pca,0,1
0.69085145,1,rgb_pca,0,1
0.67991006,1,rgb_pca,0,1
0.7167772,1,rgb_pca,0,1
0.723523,1,rgb_pca,0,1
0.71655464,1,rgb_pca,0,1
0.72909534,1,rgb_pca,0,1
0.73150826,1,rgb_pca,0,1
0.7004595,1,rgb_pca,0,1
0.70632946,1,rgb_pca,0,1
0.71552587,3,rgb_pca,0,1
0.71635145,3,rgb_pca,0,1
0.69773847,3,rgb_pca,0,1
0.6922576,3,rgb_pca,0,1
0.6796657,3,rgb_pca,0,1
0.6932869,3,rgb_pca,0,1
0.69112945,3,rgb_pca,0,1
0.7085,3,rgb_pca,0,1
0.7002866,3,rgb_pca,0,1
0.70110047,3,rgb_pca,0,1
0.6956512,3,rgb_pca,0,1
0.71737486,3,rgb_pca,0,1
0.7166963,3,rgb_pca,0,1
0.7405411,3,rgb_pca,0,1
0.71696615,3,rgb_pca,0,1
0.68977284,3,rgb_pca,0,1
0.6664994,3,rgb_pca,0,1
0.675972,3,rgb_pca,0,1
0.66660875,3,rgb_pca,0,1
0.73248076,3,rgb_pca,0,1
0.75218695,3,rgb_pca,0,1
0.7758558,3,rgb_pca,0,1
0.74595463,3,rgb_pca,0,1
0.6850542,3,rgb_pca,0,1
0.67364347,3,rgb_pca,0,1
0.6744158,3,rgb_pca,0,1
0.65240574,3,rgb_pca,0,1
0.6864939,3,rgb_pca,0,1
0.6807114,3,rgb_pca,0,1
0.7335616,3,rgb_pca,0,1
0.7494719,3,rgb_pca,0,1
0.7834611,3,rgb_pca,0,1
0.77260697,3,rgb_pca,0,1
0.7298267,3,rgb_pca,0,1
0.7436302,3,rgb_pca,0,1
0.7047272,3,rgb_pca,0,1
0.67762864,3,rgb_pca,0,1
0.64706004,3,rgb_pca,0,1
0.6875692,3,rgb_pca,0,1
0.6771301,3,rgb_pca,0,1
0.7273109,3,rgb_pca,0,1
0.7382555,3,rgb_pca,0,1
0.7726873,3,rgb_pca,0,1
0.7676941,3,rgb_pca,0,1
0.7506671,3,rgb_pca,0,1
0.7146884,3,rgb_pca,0,1
0.6953436,3,rgb_pca,0,1
0.71081567,3,rgb_pca,0,1
0.70142746,3,rgb_pca,0,1
0.730847,3,rgb_pca,0,1
0.745652,3,rgb_pca,0,1
0.7753771,3,rgb_pca,0,1
0.7809007,3,rgb_pca,0,1
0.78896105,3,rgb_pca,0,1
0.78041077,3,rgb_pca,0,1
0.7955433,3,rgb_pca,0,1
0.70842266,3,rgb_pca,0,1
0.68598026,3,rgb_pca,0,1
0.70962155,3,rgb_pca,0,1
0.700187,3,rgb_pca,0,1
0.76319563,3,rgb_pca,0,1
0.7737584,3,rgb_pca,0,1
0.7811195,3,rgb_pca,0,1
0.7869743,3,rgb_pca,0,1
0.7872119,3,rgb_pca,0,1
0.77969325,3,rgb_pca,0,1
0.77802444,3,rgb_pca,0,1
0.71366185,3,rgb_pca,0,1
0.7035046,3,rgb_pca,0,1
0.74208355,3,rgb_pca,0,1
0.7680972,3,rgb_pca,0,1
0.8080447,3,rgb_pca,0,1
0.80774283,3,rgb_pca,0,1
0.82003915,3,rgb_pca,0,1
0.81327045,3,rgb_pca,0,1
0.7515481,3,rgb_pca,0,1
0.7334509,3,rgb_pca,0,1
0.7061057,3,rgb_pca,0,1
0.7649168,3,rgb_pca,0,1
0.7860999,3,rgb_pca,0,1
0.8047006,3,rgb_pca,0,1
0.8017447,3,rgb_pca,0,1
0.82360137,3,rgb_pca,0,1
0.81993145,3,rgb_pca,0,1
0.76161456,3,rgb_pca,0,1
0.7540064,3,rgb_pca,0,1
0.76936954,3,rgb_pca,0,1
0.7853415,3,rgb_pca,0,1
0.7707787,3,rgb_pca,0,1
0.77043235,3,rgb_pca,0,1
0.78753203,3,rgb_pca,0,1
0.8096377,3,rgb_pca,0,1
0.78862643,3,rgb_pca,0,1
0.7376981,3,rgb_pca,0,1
0.73782945,3,rgb_pca,0,1
0.7898176,3,rgb_pca,0,1
0.7444298,3,rgb_pca,0,1
0.7789515,3,rgb_pca,0,1
0.77647376,3,rgb_pca,0,1
0.7481291,3,rgb_pca,0,1
0.7803377,3,rgb_pca,0,1
0.7844926,3,rgb_pca,0,1
0.78426534,3,rgb_pca,0,1
0.77231133,3,rgb_pca,0,1
0.7921119,3,rgb_pca,0,1
0.77424324,3,rgb_pca,0,1
0.7586025,3,rgb_pca,0,1
0.75729537,3,rgb_pca,0,1
0.74035925,3,rgb_pca,0,1
0.7420155,3,rgb_pca,0,1
0.7254636,3,rgb_pca,0,1
0.7729894,3,rgb_pca,0,1
0.79199064,3,rgb_pca,0,1
0.8114564,3,rgb_pca,0,1
0.7963314,3,rgb_pca,0,1
0.7440638,3,rgb_pca,0,1
0.7108083,3,rgb_pca,0,1
0.71130276,3,rgb_pca,0,1
0.7133821,3,rgb_pca,0,1
0.7654377,3,rgb_pca,0,1
0.784503,3,rgb_pca,0,1
0.8045232,3,rgb_pca,0,1
0.8064897,3,rgb_pca,0,1
0.8164607,3,rgb_pca,0,1
0.769853,3,rgb_pca,0,1
0.7446441,3,rgb_pca,0,1
0.71875775,3,rgb_pca,0,1
0.7128162,3,rgb_pca,0,1
0.75039923,3,rgb_pca,0,1
0.7521753,3,rgb_pca,0,1
0.7958145,3,rgb_pca,0,1
0.81657565,3,rgb_pca,0,1
0.82561654,3,rgb_pca,0,1
0.8298312,3,rgb_pca,0,1
0.7811285,3,rgb_pca,0,1
0.75635666,3,rgb_pca,0,1
0.75185823,3,rgb_pca,0,1
0.76262414,3,rgb_pca,0,1
0.7719172,3,rgb_pca,0,1
0.7959591,3,rgb_pca,0,1
0.82015604,3,rgb_pca,0,1
0.81911457,3,rgb_pca,0,1
0.83668315,3,rgb_pca,0,1
0.8061193,3,rgb_pca,0,1
0.7943112,3,rgb_pca,0,1
0.7850145,3,rgb_pca,0,1
0.7926799,3,rgb_pca,0,1
0.7967383,3,rgb_pca,0,1
0.8203665,3,rgb_pca,0,1
0.8283735,3,rgb_pca,0,1
0.8121143,3,rgb_pca,0,1
0.85328484,3,rgb_pca,0,1
0.81190217,3,rgb_pca,0,1
0.7924377,3,rgb_pca,0,1
0.7707056,3,rgb_pca,0,1
0.78881234,3,rgb_pca,0,1
0.8068725,3,rgb_pca,0,1
0.8061027,3,rgb_pca,0,1
0.850058,3,rgb_pca,0,1
0.82829,3,rgb_pca,0,1
0.8050902,3,rgb_pca,0,1
0.7985872,3,rgb_pca,0,1
0.8245193,3,rgb_pca,0,1
0.8361181,3,rgb_pca,0,1
0.81958026,3,rgb_pca,0,1
0.8194094,3,rgb_pca,0,1
0.8180743,3,rgb_pca,0,1
0.8012941,3,rgb_pca,0,1
0.7758024,3,rgb_pca,0,1
0.8089506,3,rgb_pca,0,1
0.81518525,3,rgb_pca,0,1
0.8204708,3,rgb_pca,0,1
0.784569,3,rgb_pca,0,1
0.84031105,1,rgb_pca,0,1
0.82862675,1,rgb_pca,0,1
0.78782856,1,rgb_pca,0,1
0.8067564,1,rgb_pca,0,1
0.79635495,1,rgb_pca,0,1
0.80093217,1,rgb_pca,0,1
0.7911974,1,rgb_pca,0,1
0.78647053,1,rgb_pca,0,1
0.79615736,1,rgb_pca,0,1
0.7738414,1,rgb_pca,0,1
0.7744516,1,rgb_pca,0,1
0.78289837,1,rgb_pca,0,1
0.8053641,1,rgb_pca,0,1
0.7576049,1,rgb_pca,0,1
0.767876,1,rgb_pca,0,1
0.7886622,1,rgb_pca,0,1
0.8078704,1,rgb_pca,0,1
0.7920619,1,rgb_pca,0,1
0.79439306,1,rgb_pca,0,1
0.7825613,1,rgb_pca,0,1
0.7970688,1,rgb_pca,0,1
0.81727266,1,rgb_pca,0,1
0.82308424,1,rgb_pca,0,1
0.82703453,1,rgb_pca,0,1
0.77976227,1,rgb_pca,0,1
0.7853886,1,rgb_pca,0,1
0.8282665,1,rgb_pca,0,1
0.8206573,1,rgb_pca,0,1
0.8203856,1,rgb_pca,0,1
0.7715657,1,rgb_pca,0,1
0.7933564,1,rgb_pca,0,1
0.8232471,1,rgb_pca,0,1
0.8194436,1,rgb_pca,0,1
0.78693414,1,rgb_pca,0,1
0.796172,1,rgb_pca,0,1
0.80507994,1,rgb_pca,0,1
0.7952855,1,rgb_pca,0,1
0.7830895,1,rgb_pca,0,1
0.78680295,1,rgb_pca,0,1
0.7991576,1,rgb_pca,0,1
0.80075884,1,rgb_pca,0,1
0.7856848,1,rgb_pca,0,1
0.7697871,1,rgb_pca,0,1
0.78614265,1,rgb_pca,0,1
0.79114556,1,rgb_pca,0,1
0.78102297,1,rgb_pca,0,1
0.7969688,1,rgb_pca,0,1
0.8015336,1,rgb_pca,0,1
0.7848766,1,rgb_pca,0,1
0.76517034,1,rgb_pca,0,1
0.786344,1,rgb_pca,0,1
0.78831935,1,rgb_pca,0,1
0.7861997,1,rgb_pca,0,1
0.7820362,1,rgb_pca,0,1
0.78380466,1,rgb_pca,0,1
0.78502905,1,rgb_pca,0,1
0.7870151,1,rgb_pca,0,1
0.79769844,1,rgb_pca,0,1
0.8264343,1,rgb_pca,0,1
0.8237128,1,rgb_pca,0,1
0.8302933,1,rgb_pca,0,1
0.8281684,1,rgb_pca,0,1
0.7280866,1,rgb_pca,0,1
0.73598254,1,rgb_pca,0,1
0.77106035,1,rgb_pca,0,1
0.7659146,1,rgb_pca,0,1
0.75667447,1,rgb_pca,0,1
0.7634244,1,rgb_pca,0,1
0.8002105,1,rgb_pca,0,1
0.8079861,1,rgb_pca,0,1
0.8316822,1,rgb_pca,0,1
0.8380177,1,rgb_pca,0,1
0.8411812,1,rgb_pca,0,1
0.72300947,1,rgb_pca,0,1
0.7328356,1,rgb_pca,0,1
0.7641815,1,rgb_pca,0,1
0.7670469,1,rgb_pca,0,1
0.7583913,1,rgb_pca,0,1
0.76002145,1,rgb_pca,0,1
0.7647009,1,rgb_pca,0,1
0.78548795,1,rgb_pca,0,1
0.76452696,1,rgb_pca,0,1
0.7691796,1,rgb_pca,0,1
0.78618526,1,rgb_pca,0,1
0.75039333,1,rgb_pca,0,1
0.7280813,1,rgb_pca,0,1
0.76021194,1,rgb_pca,0,1
0.7729913,1,rgb_pca,0,1
0.7701912,1,rgb_pca,0,1
0.7705198,1,rgb_pca,0,1
0.77380085,1,rgb_pca,0,1
0.7898241,1,rgb_pca,0,1
0.77167,1,rgb_pca,0,1
0.7730694,1,rgb_pca,0,1
0.74128616,1,rgb_pca,0,1
0.7786715,1,rgb_pca,0,1
0.7701273,1,rgb_pca,0,1
0.76359403,1,rgb_pca,0,1
0.7754972,1,rgb_pca,0,1
0.7754346,1,rgb_pca,0,1
0.7730577,1,rgb_pca,0,1
0.79517853,1,rgb_pca,0,1
0.8045286,1,rgb_pca,0,1
0.7738329,1,rgb_pca,0,1
0.790725,1,rgb_pca,0,1
0.7743268,1,rgb_pca,0,1
0.7813816,1,rgb_pca,0,1
0.7833768,1,rgb_pca,0,1
0.78443134,1,rgb_pca,0,1
0.7914613,1,rgb_pca,0,1
0.7962154,1,rgb_pca,0,1
0.79319924,1,rgb_pca,0,1
0.81557465,1,rgb_pca,0,1
0.80167437,1,rgb_pca,0,1
0.7813271,1,rgb_pca,0,1
0.8222318,1,rgb_pca,0,1
0.8437766,1,rgb_pca,0,1
0.85035455,1,rgb_pca,0,1
0.84740525,1,rgb_pca,0,1
0.8249409,1,rgb_pca,0,1
0.80868113,1,rgb_pca,0,1
0.8164738,1,rgb_pca,0,1
0.82086337,1,rgb_pca,0,1
0.84210896,1,rgb_pca,0,1
0.8279271,1,rgb_pca,0,1
0.8128854,1,rgb_pca,0,1
0.7519614,1,rgb_pca,0,1
0.73136115,1,rgb_pca,0,1
0.7784999,1,rgb_pca,0,1
0.79592735,1,rgb_pca,0,1
0.7552432,1,rgb_pca,0,1
0.73180395,1,rgb_pca,0,1
0.77745664,1,rgb_pca,0,1
0.77371943,1,rgb_pca,0,1
0.7798474,1,rgb_pca,0,1
0.7515254,1,rgb_pca,0,1
0.7362821,1,rgb_pca,0,1
0.7357186,1,rgb_pca,0,1
0.7559265,1,rgb_pca,0,1
0.77190316,1,rgb_pca,0,1
0.7390536,1,rgb_pca,0,1
0.7400415,1,rgb_pca,0,1
0.75018543,1,rgb_pca,0,1
0.7644509,1,rgb_pca,0,1
0.7753785,1,rgb_pca,0,1
0.7866194,1,rgb_pca,0,1
0.7453654,1,rgb_pca,0,1
0.7499473,1,rgb_pca,0,1
0.7550658,1,rgb_pca,0,1
0.7639222,1,rgb_pca,0,1
0.7846995,1,rgb_pca,0,1
0.75781775,1,rgb_pca,0,1
0.79329634,1,rgb_pca,0,1
0.77741456,1,rgb_pca,0,1
0.75693977,1,rgb_pca,0,1
0.75814295,1,rgb_pca,0,1
0.7772868,1,rgb_pca,0,1
0.76308507,1,rgb_pca,0,1
0.7864788,1,rgb_pca,0,1
0.807665,1,rgb_pca,0,1
0.797083,1,rgb_pca,0,1
0.7716694,1,rgb_pca,0,1
0.75821304,1,rgb_pca,0,1
0.77915514,1,rgb_pca,0,1
0.76381046,1,rgb_pca,0,1
0.78886473,1,rgb_pca,0,1
0.77433586,1,rgb_pca,0,1
0.7814643,1,rgb_pca,0,1
0.7515805,1,rgb_pca,0,1
0.76093876,1,rgb_pca,0,1
0.7727394,1,rgb_pca,0,1
0.79118204,1,rgb_pca,0,1
0.7727852,1,rgb_pca,0,1
0.7538781,1,rgb_pca,0,1
0.7527567,1,rgb_pca,0,1
0.77203447,1,rgb_pca,0,1
0.8025037,1,rgb_pca,0,1
0.7837992,1,rgb_pca,0,1
0.7607652,1,rgb_pca,0,1
0.7549437,1,rgb_pca,0,1
0.8098485,1,rgb_pca,0,1
0.79293936,1,rgb_pca,0,1
0.765664,1,rgb_pca,0,1
0.7642141,1,rgb_pca,0,1
0.7351228,1,rgb_pca,0,1
0.7315494,1,rgb_pca,0,1
0.73464715,1,rgb_pca,0,1
0.78209186,1,rgb_pca,0,1
0.7942927,1,rgb_pca,0,1
0.77259624,1,rgb_pca,0,1
0.74295545,1,rgb_pca,0,1
0.6251557,1,rgb_pca,0,1
0.52414465,1,rgb_pca,0,1
0.67980725,1,rgb_pca,0,1
0.6582904,1,rgb_pca,0,1
0.68193865,1,rgb_pca,0,1
0.72582805,1,rgb_pca,0,1
0.7461593,1,rgb_pca,0,1
0.7488868,1,rgb_pca,0,1
0.7439783,1,rgb_pca,0,1
0.7036211,1,rgb_pca,0,1
0.6084088,1,rgb_pca,0,1
0.69140255,1,rgb_pca,0,1
0.70041335,1,rgb_pca,0,1
0.7232458,1,rgb_pca,0,1
0.7255029,1,rgb_pca,0,1
0.7425872,1,rgb_pca,0,1
0.7329396,1,rgb_pca,0,1
0.72305137,1,rgb_pca,0,1
0.7288188,1,rgb_pca,0,1
0.68518347,1,rgb_pca,0,1
0.6706022,1,rgb_pca,0,1
0.64320016,1,rgb_pca,0,1
0.627128,1,rgb_pca,0,1
0.6404884,1,rgb_pca,0,1
0.7096065,1,rgb_pca,0,1
0.7234628,1,rgb_pca,0,1
0.7720051,1,rgb_pca,0,1
0.7651248,1,rgb_pca,0,1
0.7716743,1,rgb_pca,0,1
0.74866116,1,rgb_pca,0,1
0.7466619,1,rgb_pca,0,1
0.73614025,1,rgb_pca,0,1
0.73303545,1,rgb_pca,0,1
0.7002884,1,rgb_pca,0,1
0.6933633,1,rgb_pca,0,1
0.7287569,1,rgb_pca,0,1
0.77533716,1,rgb_pca,0,1
0.78787607,1,rgb_pca,0,1
0.6981827,1,rgb_pca,0,1
0.69974244,1,rgb_pca,0,1
0.71401817,1,rgb_pca,0,1
0.7538166,1,rgb_pca,0,1
0.7574167,1,rgb_pca,0,1
0.7373109,1,rgb_pca,0,1
0.7369107,1,rgb_pca,0,1
0.7367677,1,rgb_pca,0,1
0.77159894,1,rgb_pca,0,1
0.7640682,1,rgb_pca,0,1
0.795881,1,rgb_pca,0,1
0.7841519,1,rgb_pca,0,1
0.71170247,1,rgb_pca,0,1
0.6395366,1,rgb_pca,0,1
0.502971,1,rgb_pca,0,1
0.48580015,1,rgb_pca,0,1
0.7290857,1,rgb_pca,0,1
0.7576953,1,rgb_pca,0,1
0.75189346,1,rgb_pca,0,1
0.75782675,1,rgb_pca,0,1
0.745312,1,rgb_pca,0,1
0.7107788,1,rgb_pca,0,1
0.6524962,1,rgb_pca,0,1
0.5593579,1,rgb_pca,0,1
0.51345,1,rgb_pca,0,1
0.6893881,1,rgb_pca,0,1
0.68970114,1,rgb_pca,0,1
0.67088073,1,rgb_pca,0,1
0.6964858,1,rgb_pca,0,1
0.68304646,1,rgb_pca,0,1
0.6928792,1,rgb_pca,0,1
0.69188786,1,rgb_pca,0,1
0.70731246,1,rgb_pca,0,1
0.69021785,1,rgb_pca,0,1
0.6482785,1,rgb_pca,0,1
0.61753684,1,rgb_pca,0,1
0.57741785,1,rgb_pca,0,1
0.59970766,1,rgb_pca,0,1
0.6964811,1,rgb_pca,0,1
0.6924618,1,rgb_pca,0,1
0.68899655,1,rgb_pca,0,1
0.6996325,1,rgb_pca,0,1
0.6981929,1,rgb_pca,0,1
0.72308576,1,rgb_pca,0,1
0.7039404,1,rgb_pca,0,1
0.73338693,1,rgb_pca,0,1
0.7302586,1,rgb_pca,0,1
0.6707834,1,rgb_pca,0,1
0.6390394,1,rgb_pca,0,1
0.67527616,1,rgb_pca,0,1
0.68469334,1,rgb_pca,0,1
0.66180336,1,rgb_pca,0,1
0.6723598,1,rgb_pca,0,1
0.6264489,1,rgb_pca,0,1
0.6332371,1,rgb_pca,0,1
0.641953,1,rgb_pca,0,1
0.6602284,1,rgb_pca,0,1
0.69407785,1,rgb_pca,0,1
0.6955492,1,rgb_pca,0,1
0.7862742,1,rgb_pca,0,1
0.78788614,1,rgb_pca,0,1
0.7932619,1,rgb_pca,0,1
0.7777715,1,rgb_pca,0,1
0.8003814,1,rgb_pca,0,1
0.81246233,1,rgb_pca,0,1
0.7743328,1,rgb_pca,0,1
0.7917837,1,rgb_pca,0,1
0.77110815,1,rgb_pca,0,1
0.7735529,1,rgb_pca,0,1
0.75283295,1,rgb_pca,0,1
0.749398,1,rgb_pca,0,1
0.7313834,1,rgb_pca,0,1
0.6996037,1,rgb_pca,0,1
0.730608,1,rgb_pca,0,1
0.70748895,1,rgb_pca,0,1
0.7104725,1,rgb_pca,0,1
0.72368574,1,rgb_pca,0,1
0.70085007,1,rgb_pca,0,1
0.7058052,1,rgb_pca,0,1
0.76263434,1,rgb_pca,0,1
0.7529511,1,rgb_pca,0,1
0.77907526,1,rgb_pca,0,1
0.7745267,1,rgb_pca,0,1
0.7661102,1,rgb_pca,0,1
0.75857866,1,rgb_pca,0,1
0.7442124,1,rgb_pca,0,1
0.70039326,1,rgb_pca,0,1
0.72065175,1,rgb_pca,0,1
0.6442164,1,rgb_pca,0,1
0.6959889,1,rgb_pca,0,1
0.7173345,1,rgb_pca,0,1
0.6382307,1,rgb_pca,0,1
0.68493074,1,rgb_pca,0,1
0.71997607,1,rgb_pca,0,1
0.65188634,1,rgb_pca,0,1
0.69877553,1,rgb_pca,0,1
0.723603,1,rgb_pca,0,1
0.6907728,1,rgb_pca,0,1
0.68386185,1,rgb_pca,0,1
0.68008083,1,rgb_pca,0,1
0.6632515,1,rgb_pca,0,1
0.6803602,1,rgb_pca,0,1
0.65102565,1,rgb_pca,0,1
0.661767,1,rgb_pca,0,1
0.6058545,1,rgb_pca,0,1
0.6983131,1,rgb_pca,0,1
0.6857578,1,rgb_pca,0,1
0.60650814,1,rgb_pca,0,1
0.7051954,1,rgb_pca,0,1
0.73764527,1,rgb_pca,0,1
0.6424042,1,rgb_pca,0,1
0.6677543,1,rgb_pca,0,1
0.6961534,1,rgb_pca,0,1
0.7160331,1,rgb_pca,0,1
0.75339514,1,rgb_pca,0,1
0.7477691,1,rgb_pca,0,1
0.6976472,1,rgb_pca,0,1
0.7337638,1,rgb_pca,0,1
0.74581575,1,rgb_pca,0,1
0.71923894,1,rgb_pca,0,1
0.73708004,1,rgb_pca,0,1
0.7576869,1,rgb_pca,0,1
0.77403486,1,rgb_pca,0,1
0.77189875,1,rgb_pca,0,1
0.77027166,1,rgb_pca,0,1
0.74360764,1,rgb_pca,0,1
0.7332844,1,rgb_pca,0,1
0.770943,1,rgb_pca,0,1
0.72830296,1,rgb_pca,0,1
0.7200211,1,rgb_pca,0,1
0.7565573,1,rgb_pca,0,1
0.75642514,1,rgb_pca,0,1
0.74456745,1,rgb_pca,0,1
0.78537244,1,rgb_pca,0,1
0.7362393,1,rgb_pca,0,1
0.73069286,1,rgb_pca,0,1
0.73695004,1,rgb_pca,0,1
0.7100103,1,rgb_pca,0,1
0.6914365,1,rgb_pca,0,1
0.6942804,1,rgb_pca,0,1
0.6979494,1,rgb_pca,0,1
0.7414341,1,rgb_pca,0,1
0.7519491,1,rgb_pca,0,1
0.7221799,1,rgb_pca,0,1
0.73703396,1,rgb_pca,0,1
0.69555986,1,rgb_pca,0,1
0.73790425,1,rgb_pca,0,1
0.74227035,1,rgb_pca,0,1
0.7014924,1,rgb_pca,0,1
0.7388456,1,rgb_pca,0,1
0.7756558,1,rgb_pca,0,1
0.75641865,1,rgb_pca,0,1
0.7389232,1,rgb_pca,0,1
0.7200841,1,rgb_pca,0,1
0.7069987,1,rgb_pca,0,1
0.7324566,1,rgb_pca,0,1
0.6936989,1,rgb_pca,0,1
0.71940506,1,rgb_pca,0,1
0.7205734,1,rgb_pca,0,1
0.6908983,1,rgb_pca,0,1
0.72220254,1,rgb_pca,0,1
0.71630406,1,rgb_pca,0,1
0.7139101,1,rgb_pca,0,1
0.7193199,1,rgb_pca,0,1
0.71307755,1,rgb_pca,0,1
0.7073439,1,rgb_pca,0,1
0.7209383,1,rgb_pca,0,1
0.6875448,6,rgb_sar,0,2
0.66931427,6,rgb_sar,0,2
0.7014766,6,rgb_sar,0,2
0.71984696,6,rgb_sar,0,2
0.7634182,6,rgb_sar,0,2
0.30238587,6,rgb_sar,0,2
0.2979037,6,rgb_sar,0,2
0.35221612,6,rgb_sar,0,2
0.35141462,6,rgb_sar,0,2
0.49232996,6,rgb_sar,0,2
0.29757646,6,rgb_sar,0,2
0.22911927,6,rgb_sar,0,2
0.16880931,6,rgb_sar,0,2
0.1956978,6,rgb_sar,0,2
0.1927684,6,rgb_sar,0,2
0.3636537,6,rgb_sar,0,2
0.295046,6,rgb_sar,0,2
0.2258753,6,rgb_sar,0,2
0.22961007,6,rgb_sar,0,2
0.21656038,6,rgb_sar,0,2
0.1713582,6,rgb_sar,0,2
0.33046722,6,rgb_sar,0,2
0.28705305,6,rgb_sar,0,2
0.25465304,6,rgb_sar,0,2
0.26535285,6,rgb_sar,0,2
0.30034336,6,rgb_sar,0,2
0.22325069,6,rgb_sar,0,2
0.37467882,6,rgb_sar,0,2
0.16347383,6,rgb_sar,0,2
0.19315934,6,rgb_sar,0,2
0.20152286,6,rgb_sar,0,2
0.21838006,6,rgb_sar,0,2
0.28093547,6,rgb_sar,0,2
0.2924567,6,rgb_sar,0,2
0.43377882,6,rgb_sar,0,2
0.22805785,6,rgb_sar,0,2
0.2953148,6,rgb_sar,0,2
0.26624316,6,rgb_sar,0,2
0.29563323,6,rgb_sar,0,2
0.28645134,6,rgb_sar,0,2
0.4071752,6,rgb_sar,0,2
0.23497322,6,rgb_sar,0,2
0.2795049,6,rgb_sar,0,2
0.26763391,6,rgb_sar,0,2
0.30768868,6,rgb_sar,0,2
0.27796805,6,rgb_sar,0,2
0.42524672,6,rgb_sar,0,2
0.23226905,6,rgb_sar,0,2
0.2595719,6,rgb_sar,0,2
0.21952236,6,rgb_sar,0,2
0.27072844,6,rgb_sar,0,2
0.27233547,6,rgb_sar,0,2
0.35773766,6,rgb_sar,0,2
0.31044757,6,rgb_sar,0,2
0.2793602,6,rgb_sar,0,2
0.2831022,6,rgb_sar,0,2
0.2934862,6,rgb_sar,0,2
0.38380563,6,rgb_sar,0,2
0.20736969,6,rgb_sar,0,2
0.34595442,6,rgb_sar,0,2
0.28475675,6,rgb_sar,0,2
0.29361472,6,rgb_sar,0,2
0.32593906,6,rgb_sar,0,2
0.41948014,6,rgb_sar,0,2
0.3235665,6,rgb_sar,0,2
0.26566994,6,rgb_sar,0,2
0.2760198,6,rgb_sar,0,2
0.27440888,6,rgb_sar,0,2
0.40005246,6,rgb_sar,0,2
0.3264897,6,rgb_sar,0,2
0.27121645,6,rgb_sar,0,2
0.28430313,6,rgb_sar,0,2
0.26166248,6,rgb_sar,0,2
0.4203558,6,rgb_sar,0,2
0.24917938,2,rgb_sar,0,2
0.19909295,2,rgb_sar,0,2
0.26344776,2,rgb_sar,0,2
0.20526282,2,rgb_sar,0,2
0.16858771,2,rgb_sar,0,2
0.15605208,2,rgb_sar,0,2
0.20144501,2,rgb_sar,0,2
0.14044046,2,rgb_sar,0,2
0.2120204,2,rgb_sar,0,2
0.15955289,2,rgb_sar,0,2
0.09370135,2,rgb_sar,0,2
0.15563771,2,rgb_sar,0,2
0.16658655,2,rgb_sar,0,2
0.117337085,2,rgb_sar,0,2
0.00014771242,2,rgb_sar,0,2
0.083620206,2,rgb_sar,0,2
0.17879626,2,rgb_sar,0,2
0.1464066,2,rgb_sar,0,2
0.06393522,2,rgb_sar,0,2
0.06641734,2,rgb_sar,0,2
0.19327033,2,rgb_sar,0,2
0.20277119,2,rgb_sar,0,2
0.13802885,2,rgb_sar,0,2
0.04696449,2,rgb_sar,0,2
0.021682043,2,rgb_sar,0,2
0.09062211,2,rgb_sar,0,2
0.15606464,2,rgb_sar,0,2
0.6497765,6,rgb_sar,0,2
0.6679731,6,rgb_sar,0,2
0.6643934,6,rgb_sar,0,2
0.6650015,6,rgb_sar,0,2
0.67655146,6,rgb_sar,0,2
0.6508525,6,rgb_sar,0,2
0.6388955,6,rgb_sar,0,2
0.2851597,6,rgb_sar,0,2
0.24026819,6,rgb_sar,0,2
0.23100498,6,rgb_sar,0,2
0.25294888,6,rgb_sar,0,2
0.27521637,6,rgb_sar,0,2
0.3330726,6,rgb_sar,0,2
0.33750778,6,rgb_sar,0,2
0.24270968,6,rgb_sar,0,2
0.26422858,6,rgb_sar,0,2
0.21069333,6,rgb_sar,0,2
0.16913208,6,rgb_sar,0,2
0.17715283,6,rgb_sar,0,2
0.2208279,6,rgb_sar,0,2
0.22879696,6,rgb_sar,0,2
0.26868093,6,rgb_sar,0,2
0.29166365,6,rgb_sar,0,2
0.2559532,6,rgb_sar,0,2
0.23800534,6,rgb_sar,0,2
0.23005572,6,rgb_sar,0,2
0.26032782,6,rgb_sar,0,2
0.29161775,6,rgb_sar,0,2
0.33016005,6,rgb_sar,0,2
0.35029286,6,rgb_sar,0,2
0.3097605,6,rgb_sar,0,2
0.26958773,6,rgb_sar,0,2
0.23428811,6,rgb_sar,0,2
0.28962564,6,rgb_sar,0,2
0.3316049,6,rgb_sar,0,2
0.33950964,6,rgb_sar,0,2
0.1718577,6,rgb_sar,0,2
0.20583233,6,rgb_sar,0,2
0.20844838,6,rgb_sar,0,2
0.19160579,6,rgb_sar,0,2
0.21278453,6,rgb_sar,0,2
0.19148959,6,rgb_sar,0,2
0.21720728,6,rgb_sar,0,2
0.28764343,6,rgb_sar,0,2
0.2761271,6,rgb_sar,0,2
0.2774446,6,rgb_sar,0,2
0.30184662,6,rgb_sar,0,2
0.23548624,6,rgb_sar,0,2
0.25801674,6,rgb_sar,0,2
0.24379052,6,rgb_sar,0,2
0.25252253,6,rgb_sar,0,2
0.31617737,6,rgb_sar,0,2
0.32239896,6,rgb_sar,0,2
0.30359626,6,rgb_sar,0,2
0.25231436,6,rgb_sar,0,2
0.255925,6,rgb_sar,0,2
0.24497607,6,rgb_sar,0,2
0.26812923,6,rgb_sar,0,2
0.28113097,6,rgb_sar,0,2
0.28913018,6,rgb_sar,0,2
0.34663522,6,rgb_sar,0,2
0.33680725,6,rgb_sar,0,2
0.26968595,6,rgb_sar,0,2
0.27889332,6,rgb_sar,0,2
0.28370953,6,rgb_sar,0,2
0.274037,6,rgb_sar,0,2
0.29726592,6,rgb_sar,0,2
0.31249216,6,rgb_sar,0,2
0.30320314,6,rgb_sar,0,2
0.31426466,6,rgb_sar,0,2
0.32702127,6,rgb_sar,0,2
0.2872128,6,rgb_sar,0,2
0.340419,6,rgb_sar,0,2
0.35635388,6,rgb_sar,0,2
0.37920928,6,rgb_sar,0,2
0.35818446,6,rgb_sar,0,2
0.33584616,6,rgb_sar,0,2
0.35232112,6,rgb_sar,0,2
0.34124476,6,rgb_sar,0,2
0.32425123,6,rgb_sar,0,2
0.3381228,6,rgb_sar,0,2
0.28323102,6,rgb_sar,0,2
0.33819222,6,rgb_sar,0,2
0.32214206,6,rgb_sar,0,2
0.35301226,6,rgb_sar,0,2
0.4253379,6,rgb_sar,0,2
0.3758152,6,rgb_sar,0,2
0.35839754,6,rgb_sar,0,2
0.32247302,6,rgb_sar,0,2
0.2659279,6,rgb_sar,0,2
0.24173689,6,rgb_sar,0,2
0.32188392,6,rgb_sar,0,2
0.33167163,6,rgb_sar,0,2
0.37203473,6,rgb_sar,0,2
0.34516168,6,rgb_sar,0,2
0.28969866,6,rgb_sar,0,2
0.24827611,6,rgb_sar,0,2
0.23242219,6,rgb_sar,0,2
0.25644168,6,rgb_sar,0,2
0.21283394,6,rgb_sar,0,2
0.29958808,6,rgb_sar,0,2
0.3521452,6,rgb_sar,0,2
0.3728974,6,rgb_sar,0,2
0.32649836,6,rgb_sar,0,2
0.30930996,6,rgb_sar,0,2
0.27865335,6,rgb_sar,0,2
0.26013854,6,rgb_sar,0,2
0.2574835,6,rgb_sar,0,2
0.23070155,6,rgb_sar,0,2
0.23567814,2,rgb_sar,0,2
0.23955058,2,rgb_sar,0,2
0.17745847,2,rgb_sar,0,2
0.15736757,2,rgb_sar,0,2
0.1067022,2,rgb_sar,0,2
0.114908904,2,rgb_sar,0,2
0.17774498,2,rgb_sar,0,2
0.05601819,2,rgb_sar,0,2
0.109859146,2,rgb_sar,0,2
0.113549575,2,rgb_sar,0,2
0.09128003,2,rgb_sar,0,2
-0.043286,2,rgb_sar,0,2
0.1740816,2,rgb_sar,0,2
0.106085464,2,rgb_sar,0,2
0.055096995,2,rgb_sar,0,2
-0.02550416,2,rgb_sar,0,2
0.20216274,2,rgb_sar,0,2
0.1317253,2,rgb_sar,0,2
-0.0077869194,2,rgb_sar,0,2
0.024089571,2,rgb_sar,0,2
0.079886824,2,rgb_sar,0,2
0.060824763,2,rgb_sar,0,2
0.105293974,2,rgb_sar,0,2
-0.0008672923,2,rgb_sar,0,2
0.0608482,2,rgb_sar,0,2
0.06190868,2,rgb_sar,0,2
0.05061884,2,rgb_sar,0,2
0.6508991,6,rgb_sar,0,2
0.6337596,6,rgb_sar,0,2
0.4309952,6,rgb_sar,0,2
0.3306496,6,rgb_sar,0,2
0.3635611,6,rgb_sar,0,2
0.4106689,6,rgb_sar,0,2
0.44491324,6,rgb_sar,0,2
0.28487974,6,rgb_sar,0,2
0.40215552,6,rgb_sar,0,2
0.23884416,6,rgb_sar,0,2
0.39240554,6,rgb_sar,0,2
0.2591747,6,rgb_sar,0,2
0.2867093,6,rgb_sar,0,2
0.4218195,6,rgb_sar,0,2
0.29071218,6,rgb_sar,0,2
0.29136565,6,rgb_sar,0,2
0.42609343,6,rgb_sar,0,2
0.27789775,6,rgb_sar,0,2
0.24024022,6,rgb_sar,0,2
0.43393686,6,rgb_sar,0,2
0.31302696,6,rgb_sar,0,2
0.30373466,6,rgb_sar,0,2
0.29027104,6,rgb_sar,0,2
0.3980834,6,rgb_sar,0,2
0.27121046,6,rgb_sar,0,2
0.32790065,6,rgb_sar,0,2
0.28120643,6,rgb_sar,0,2
0.39672738,6,rgb_sar,0,2
0.2729718,6,rgb_sar,0,2
0.3055631,6,rgb_sar,0,2
0.2428895,6,rgb_sar,0,2
0.39372396,6,rgb_sar,0,2
0.31779897,6,rgb_sar,0,2
0.31748658,6,rgb_sar,0,2
0.26312461,6,rgb_sar,0,2
0.18895552,2,rgb_sar,0,2
0.09981119,2,rgb_sar,0,2
0.30392623,2,rgb_sar,0,2
0.16918147,2,rgb_sar,0,2
0.21921688,2,rgb_sar,0,2
0.0947021,2,rgb_sar,0,2
0.0857184,2,rgb_sar,0,2
0.12850171,2,rgb_sar,0,2
0.13371342,2,rgb_sar,0,2
0.056853864,2,rgb_sar,0,2
0.05791208,2,rgb_sar,0,2
0.14326245,2,rgb_sar,0,2
0.11767993,2,rgb_sar,0,2
0.062115848,2,rgb_sar,0,2
-0.013050757,2,rgb_sar,0,2
0.018503089,2,rgb_sar,0,2
0.13531293,2,rgb_sar,0,2
0.080245845,2,rgb_sar,0,2
0.029008029,2,rgb_sar,0,2
0.09514112,2,rgb_sar,0,2
0.108193256,2,rgb_sar,0,2
0.025651783,2,rgb_sar,0,2
0.092834026,2,rgb_sar,0,2
-0.019796694,2,rgb_sar,0,2
0.036490913,2,rgb_sar,0,2
0.021199051,2,rgb_sar,0,2
-0.001374051,2,rgb_sar,0,2
0.21309808,2,rgb_sar,0,2
0.20207962,2,rgb_sar,0,2
0.13461849,2,rgb_sar,0,2
0.106088415,2,rgb_sar,0,2
0.12345578,2,rgb_sar,0,2
0.04600139,2,rgb_sar,0,2
0.12248092,2,rgb_sar,0,2
0.09119816,2,rgb_sar,0,2
0.109251365,2,rgb_sar,0,2
0.043978438,2,rgb_sar,0,2
0.12202419,2,rgb_sar,0,2
0.2310873,2,rgb_sar,0,2
0.06495706,2,rgb_sar,0,2
-0.040942796,2,rgb_sar,0,2
0.0076688295,2,rgb_sar,0,2
0.10651321,2,rgb_sar,0,2
0.12755066,2,rgb_sar,0,2
0.083253205,2,rgb_sar,0,2
0.08301632,2,rgb_sar,0,2
0.14479545,2,rgb_sar,0,2
0.1890716,2,rgb_sar,0,2
0.19050899,2,rgb_sar,0,2
0.07040838,2,rgb_sar,0,2
0.05448515,2,rgb_sar,0,2
0.09713162,2,rgb_sar,0,2
0.060159706,2,rgb_sar,0,2
0.053369585,2,rgb_sar,0,2
0.3192138,2,rgb_sar,0,2
0.14274192,2,rgb_sar,0,2
0.32985038,2,rgb_sar,0,2
-0.028319556,2,rgb_sar,0,2
0.045980882,2,rgb_sar,0,2
0.042932514,2,rgb_sar,0,2
0.06375284,2,rgb_sar,0,2
0.1465894,2,rgb_sar,0,2
0.19966468,2,rgb_sar,0,2
0.18604925,2,rgb_sar,0,2
0.20343816,2,rgb_sar,0,2
0.14805833,2,rgb_sar,0,2
0.1327914,2,rgb_sar,0,2
0.13635387,2,rgb_sar,0,2
0.13862787,2,rgb_sar,0,2
0.16533342,2,rgb_sar,0,2
0.14798215,2,rgb_sar,0,2
0.20990935,2,rgb_sar,0,2
0.16959816,2,rgb_sar,0,2
0.17145304,2,rgb_sar,0,2
0.12350191,2,rgb_sar,0,2
0.1363403,2,rgb_sar,0,2
0.14733243,2,rgb_sar,0,2
0.13941264,2,rgb_sar,0,2
0.23136789,2,rgb_sar,0,2
0.21379787,2,rgb_sar,0,2
0.15884951,2,rgb_sar,0,2
0.12889662,2,rgb_sar,0,2
0.18026386,2,rgb_sar,0,2
0.29906738,2,rgb_sar,0,2
0.2725772,2,rgb_sar,0,2
0.22189152,2,rgb_sar,0,2
0.14260732,2,rgb_sar,0,2
0.18290822,2,rgb_sar,0,2
0.1744706,2,rgb_sar,0,2
0.12089176,2,rgb_sar,0,2
0.14717394,2,rgb_sar,0,2
0.31812304,2,rgb_sar,0,2
0.26233813,2,rgb_sar,0,2
0.15884928,2,rgb_sar,0,2
0.08888008,2,rgb_sar,0,2
0.26913336,2,rgb_sar,0,2
0.25232682,2,rgb_sar,0,2
0.20429091,2,rgb_sar,0,2
0.15503767,2,rgb_sar,0,2
0.1079831,2,rgb_sar,0,2
0.16212848,2,rgb_sar,0,2
0.23565258,2,rgb_sar,0,2
0.20558994,2,rgb_sar,0,2
0.24083593,2,rgb_sar,0,2
0.2441842,2,rgb_sar,0,2
0.2070587,2,rgb_sar,0,2
0.2044731,2,rgb_sar,0,2
0.14169222,2,rgb_sar,0,2
0.16086717,2,rgb_sar,0,2
0.18496421,2,rgb_sar,0,2
0.17812216,2,rgb_sar,0,2
0.19462489,2,rgb_sar,0,2
0.09975545,2,rgb_sar,0,2
0.21011347,2,rgb_sar,0,2
0.21329816,2,rgb_sar,0,2
0.18319586,2,rgb_sar,0,2
0.1376875,2,rgb_sar,0,2
0.17519616,2,rgb_sar,0,2
0.13027526,2,rgb_sar,0,2
0.072943434,2,rgb_sar,0,2
0.08763474,2,rgb_sar,0,2
0.13006003,2,rgb_sar,0,2
0.14452961,2,rgb_sar,0,2
0.22189695,2,rgb_sar,0,2
0.23574623,2,rgb_sar,0,2
0.21640593,2,rgb_sar,0,2
0.13216302,2,rgb_sar,0,2
0.071827665,2,rgb_sar,0,2
0.13293031,2,rgb_sar,0,2
0.0650142,2,rgb_sar,0,2
-0.018512161,2,rgb_sar,0,2
0.00613896,2,rgb_sar,0,2
0.07542693,2,rgb_sar,0,2
0.1594675,2,rgb_sar,0,2
0.28398308,2,rgb_sar,0,2
0.30389196,2,rgb_sar,0,2
0.22135746,2,rgb_sar,0,2
0.18990098,2,rgb_sar,0,2
0.17324086,2,rgb_sar,0,2
0.14468643,2,rgb_sar,0,2
0.14866222,2,rgb_sar,0,2
0.2059711,2,rgb_sar,0,2
0.1178588,2,rgb_sar,0,2
0.09189239,2,rgb_sar,0,2
0.07133415,2,rgb_sar,0,2
0.1274916,2,rgb_sar,0,2
0.14331302,2,rgb_sar,0,2
0.3556108,2,rgb_sar,0,2
0.39809805,2,rgb_sar,0,2
0.31123,2,rgb_sar,0,2
0.22803706,2,rgb_sar,0,2
0.14517203,2,rgb_sar,0,2
0.14927882,2,rgb_sar,0,2
0.20082682,2,rgb_sar,0,2
0.29205906,2,rgb_sar,0,2
0.1832686,2,rgb_sar,0,2
0.15290093,2,rgb_sar,0,2
0.15512359,2,rgb_sar,0,2
0.10399702,2,rgb_sar,0,2
0.13392454,2,rgb_sar,0,2
0.2582096,2,rgb_sar,0,2
0.27871782,2,rgb_sar,0,2
0.25259906,2,rgb_sar,0,2
0.22700375,2,rgb_sar,0,2
0.20424083,2,rgb_sar,0,2
0.1845217,2,rgb_sar,0,2
0.14215755,2,rgb_sar,0,2
0.21539499,2,rgb_sar,0,2
0.19288656,2,rgb_sar,0,2
0.21011546,2,rgb_sar,0,2
0.20986721,2,rgb_sar,0,2
0.13863961,2,rgb_sar,0,2
0.22611216,2,rgb_sar,0,2
0.112679765,2,rgb_sar,0,2
0.12833573,2,rgb_sar,0,2
0.3554049,2,rgb_sar,0,2
0.34500962,2,rgb_sar,0,2
0.3392731,2,rgb_sar,0,2
0.35686064,2,rgb_sar,0,2
0.35863075,2,rgb_sar,0,2
0.36202818,2,rgb_sar,0,2
0.22979523,2,rgb_sar,0,2
0.22212608,2,rgb_sar,0,2
0.22641747,2,rgb_sar,0,2
0.23935132,2,rgb_sar,0,2
0.2862045,2,rgb_sar,0,2
0.2461033,2,rgb_sar,0,2
0.3544644,2,rgb_sar,0,2
0.27113664,2,rgb_sar,0,2
0.17466909,2,rgb_sar,0,2
0.008497875,2,rgb_sar,0,2
0.03183514,2,rgb_sar,0,2
0.03665884,2,rgb_sar,0,2
0.06997545,2,rgb_sar,0,2
0.25066334,2,rgb_sar,0,2
0.10659401,2,rgb_sar,0,2
0.09702067,2,rgb_sar,0,2
0.12072272,2,rgb_sar,0,2
0.15163018,2,rgb_sar,0,2
0.102056146,2,rgb_sar,0,2
0.123333365,2,rgb_sar,0,2
0.28474376,2,rgb_sar,0,2
0.12618811,2,rgb_sar,0,2
0.08240782,2,rgb_sar,0,2
0.102623425,2,rgb_sar,0,2
0.19598472,2,rgb_sar,0,2
0.1013452,2,rgb_sar,0,2
0.12517211,2,rgb_sar,0,2
0.14816919,2,rgb_sar,0,2
0.2085577,2,rgb_sar,0,2
0.18664567,2,rgb_sar,0,2
0.08738272,2,rgb_sar,0,2
0.13425383,2,rgb_sar,0,2
0.16207588,2,rgb_sar,0,2
0.16008973,2,rgb_sar,0,2
0.2090944,2,rgb_sar,0,2
0.24360044,2,rgb_sar,0,2
0.12884805,2,rgb_sar,0,2
0.16667224,2,rgb_sar,0,2
0.1498725,2,rgb_sar,0,2
0.16962361,2,rgb_sar,0,2
0.17786726,2,rgb_sar,0,2
0.18311363,2,rgb_sar,0,2
0.17956893,2,rgb_sar,0,2
0.15789312,2,rgb_sar,0,2
0.16056934,2,rgb_sar,0,2
0.080151975,2,rgb_sar,0,2
0.1052034,2,rgb_sar,0,2
0.19688165,2,rgb_sar,0,2
0.24572885,2,rgb_sar,0,2
0.24943563,2,rgb_sar,0,2
0.18889129,2,rgb_sar,0,2
0.20957083,2,rgb_sar,0,2
0.21798754,2,rgb_sar,0,2
0.14279047,2,rgb_sar,0,2
0.11924267,2,rgb_sar,0,2
0.17578222,2,rgb_sar,0,2
0.24248415,2,rgb_sar,0,2
0.30344784,2,rgb_sar,0,2
0.22279681,2,rgb_sar,0,2
0.16399255,2,rgb_sar,0,2
0.13646477,2,rgb_sar,0,2
0.10136221,2,rgb_sar,0,2
0.21894817,2,rgb_sar,0,2
0.23903508,2,rgb_sar,0,2
0.267635,2,rgb_sar,0,2
0.2739871,2,rgb_sar,0,2
0.2281464,2,rgb_sar,0,2
0.15125377,2,rgb_sar,0,2
0.061729442,2,rgb_sar,0,2
0.053771928,2,rgb_sar,0,2
0.1272462,2,rgb_sar,0,2
0.13933404,2,rgb_sar,0,2
0.170317,2,rgb_sar,0,2
0.2062256,2,rgb_sar,0,2
0.2021605,2,rgb_sar,0,2
0.12889344,2,rgb_sar,0,2
0.14626256,2,rgb_sar,0,2
0.1464527,2,rgb_sar,0,2
0.075766936,2,rgb_sar,0,2
0.027178653,2,rgb_sar,0,2
0.056001663,2,rgb_sar,0,2
0.14641666,2,rgb_sar,0,2
0.1522899,2,rgb_sar,0,2
0.2977841,2,rgb_sar,0,2
0.18991414,2,rgb_sar,0,2
0.1908809,2,rgb_sar,0,2
0.22764912,2,rgb_sar,0,2
0.15655944,2,rgb_sar,0,2
0.045388833,2,rgb_sar,0,2
0.14182863,2,rgb_sar,0,2
0.15344581,2,rgb_sar,0,2
0.051414452,2,rgb_sar,0,2
0.13541561,2,rgb_sar,0,2
0.14651364,2,rgb_sar,0,2
0.15537298,2,rgb_sar,0,2
0.16332449,2,rgb_sar,0,2
0.36348584,2,rgb_sar,0,2
0.2485498,2,rgb_sar,0,2
0.21389678,2,rgb_sar,0,2
0.2201786,2,rgb_sar,0,2
0.14677054,2,rgb_sar,0,2
0.071322516,2,rgb_sar,0,2
0.14559205,2,rgb_sar,0,2
0.16932145,2,rgb_sar,0,2
0.10270088,2,rgb_sar,0,2
0.16681994,2,rgb_sar,0,2
0.21570879,2,rgb_sar,0,2
0.106487684,2,rgb_sar,0,2
0.15159169,2,rgb_sar,0,2
0.4751044,2,rgb_sar,0,2
0.39963117,2,rgb_sar,0,2
0.31154057,2,rgb_sar,0,2
0.26340628,2,rgb_sar,0,2
0.24344923,2,rgb_sar,0,2
0.20690179,2,rgb_sar,0,2
0.1920797,2,rgb_sar,0,2
0.21279499,2,rgb_sar,0,2
0.16315565,2,rgb_sar,0,2
0.22184953,2,rgb_sar,0,2
0.22739983,2,rgb_sar,0,2
0.16956006,2,rgb_sar,0,2
0.16457273,2,rgb_sar,0,2
0.2331622,2,rgb_sar,0,2
0.25345808,2,rgb_sar,0,2
0.5969653,2,rgb_sar,0,2
0.5226612,2,rgb_sar,0,2
0.45858002,2,rgb_sar,0,2
0.41651332,2,rgb_sar,0,2
0.381259,2,rgb_sar,0,2
0.3600423,2,rgb_sar,0,2
0.34089,2,rgb_sar,0,2
0.36311853,2,rgb_sar,0,2
0.31222582,2,rgb_sar,0,2
0.32855564,2,rgb_sar,0,2
0.33625805,2,rgb_sar,0,2
0.31990892,2,rgb_sar,0,2
0.32806605,2,rgb_sar,0,2
0.33148527,2,rgb_sar,0,2
0.29630864,2,rgb_sar,0,2
-0.0038056802,7,rgb_sar,0,2
-0.059865225,7,rgb_sar,0,2
-0.0051835347,7,rgb_sar,0,2
0.006027341,7,rgb_sar,0,2
0.06292644,7,rgb_sar,0,2
0.21111873,7,rgb_sar,0,2
0.060959503,7,rgb_sar,0,2
0.064275354,7,rgb_sar,0,2
0.10277458,7,rgb_sar,0,2
0.12426171,7,rgb_sar,0,2
0.12799436,7,rgb_sar,0,2
0.07731842,7,rgb_sar,0,2
0.04122545,7,rgb_sar,0,2
0.070830286,7,rgb_sar,0,2
0.23395318,7,rgb_sar,0,2
0.23506,7,rgb_sar,0,2
0.1943008,7,rgb_sar,0,2
0.14979899,7,rgb_sar,0,2
0.04497665,7,rgb_sar,0,2
0.039152876,7,rgb_sar,0,2
0.17317683,7,rgb_sar,0,2
0.16921157,7,rgb_sar,0,2
0.1471251,7,rgb_sar,0,2
0.03570468,7,rgb_sar,0,2
0.031613283,7,rgb_sar,0,2
0.099589854,7,rgb_sar,0,2
0.07790389,7,rgb_sar,0,2
0.03327953,7,rgb_sar,0,2
0.03541533,7,rgb_sar,0,2
0.05090704,7,rgb_sar,0,2
0.047360905,7,rgb_sar,0,2
0.019178508,7,rgb_sar,0,2
0.0011481866,7,rgb_sar,0,2
0.06766335,7,rgb_sar,0,2
0.09401327,7,rgb_sar,0,2
0.058190998,7,rgb_sar,0,2
0.029214976,7,rgb_sar,0,2
0.11848958,7,rgb_sar,0,2
0.057833206,7,rgb_sar,0,2
0.15191284,7,rgb_sar,0,2
0.1578893,7,rgb_sar,0,2
0.08331886,7,rgb_sar,0,2
0.13152945,7,rgb_sar,0,2
0.1011789,7,rgb_sar,0,2
0.11021118,7,rgb_sar,0,2
0.121432774,7,rgb_sar,0,2
0.09861945,7,rgb_sar,0,2
0.086231396,7,rgb_sar,0,2
0.14577979,7,rgb_sar,0,2
0.12954906,7,rgb_sar,0,2
0.10874427,7,rgb_sar,0,2
0.106352665,7,rgb_sar,0,2
0.13040839,7,rgb_sar,0,2
0.14078477,7,rgb_sar,0,2
0.115192026,7,rgb_sar,0,2
0.21840522,7,rgb_sar,0,2
0.20401798,7,rgb_sar,0,2
0.20462728,7,rgb_sar,0,2
0.24994174,7,rgb_sar,0,2
0.24931535,7,rgb_sar,0,2
0.23637745,7,rgb_sar,0,2
0.062629774,7,rgb_sar,0,2
0.05266904,7,rgb_sar,0,2
-0.0010263659,7,rgb_sar,0,2
0.010122327,7,rgb_sar,0,2
0.04190117,7,rgb_sar,0,2
0.13238433,7,rgb_sar,0,2
0.025532553,7,rgb_sar,0,2
-0.08915513,7,rgb_sar,0,2
-0.050978266,7,rgb_sar,0,2
0.033031285,7,rgb_sar,0,2
0.014114985,7,rgb_sar,0,2
-0.014603175,7,rgb_sar,0,2
0.092772976,7,rgb_sar,0,2
0.112773046,7,rgb_sar,0,2
0.25409108,7,rgb_sar,0,2
0.2543295,7,rgb_sar,0,2
0.19898462,7,rgb_sar,0,2
0.17123443,7,rgb_sar,0,2
0.009520462,7,rgb_sar,0,2
0.025450978,7,rgb_sar,0,2
0.14247239,7,rgb_sar,0,2
0.022891173,7,rgb_sar,0,2
0.011929095,7,rgb_sar,0,2
0.028138561,7,rgb_sar,0,2
0.073329754,7,rgb_sar,0,2
0.080516055,7,rgb_sar,0,2
0.07055864,7,rgb_sar,0,2
0.09687379,7,rgb_sar,0,2
0.15323782,7,rgb_sar,0,2
0.13180809,7,rgb_sar,0,2
0.11897058,7,rgb_sar,0,2
-0.024726449,7,rgb_sar,0,2
-0.03648694,7,rgb_sar,0,2
0.08598182,7,rgb_sar,0,2
-0.003151903,7,rgb_sar,0,2
0.077003166,7,rgb_sar,0,2
0.108027175,7,rgb_sar,0,2
0.1356802,7,rgb_sar,0,2
0.056575384,7,rgb_sar,0,2
0.14967497,7,rgb_sar,0,2
0.12898783,7,rgb_sar,0,2
0.09402925,7,rgb_sar,0,2
0.07690838,7,rgb_sar,0,2
0.0648073,7,rgb_sar,0,2
0.09975951,7,rgb_sar,0,2
0.11925416,7,rgb_sar,0,2
0.10031195,7,rgb_sar,0,2
0.11114428,7,rgb_sar,0,2
0.12725376,7,rgb_sar,0,2
0.13263468,7,rgb_sar,0,2
0.071118854,7,rgb_sar,0,2
0.11391587,7,rgb_sar,0,2
0.12817447,7,rgb_sar,0,2
0.058609135,7,rgb_sar,0,2
0.10256847,7,rgb_sar,0,2
0.18968381,7,rgb_sar,0,2
0.13022968,7,rgb_sar,0,2
0.20519659,7,rgb_sar,0,2
0.22275102,7,rgb_sar,0,2
0.15840489,7,rgb_sar,0,2
0.25544107,7,rgb_sar,0,2
0.33132023,2,rgb_sar,0,2
0.24853101,2,rgb_sar,0,2
0.35877198,2,rgb_sar,0,2
0.014102323,2,rgb_sar,0,2
0.068302855,2,rgb_sar,0,2
-0.0035908222,2,rgb_sar,0,2
0.030938227,2,rgb_sar,0,2
0.14411128,2,rgb_sar,0,2
0.17511824,2,rgb_sar,0,2
0.15568663,2,rgb_sar,0,2
0.21464896,2,rgb_sar,0,2
0.1492405,2,rgb_sar,0,2
0.121482074,2,rgb_sar,0,2
0.18861163,2,rgb_sar,0,2
0.28144407,2,rgb_sar,0,2
0.17430781,2,rgb_sar,0,2
0.16332126,2,rgb_sar,0,2
0.16081104,2,rgb_sar,0,2
0.10578342,2,rgb_sar,0,2
0.18188457,2,rgb_sar,0,2
0.16934323,2,rgb_sar,0,2
0.17457025,2,rgb_sar,0,2
0.20119047,2,rgb_sar,0,2
0.24438211,2,rgb_sar,0,2
0.19811104,2,rgb_sar,0,2
0.25248045,2,rgb_sar,0,2
0.18764445,2,rgb_sar,0,2
0.18922092,2,rgb_sar,0,2
0.22447658,2,rgb_sar,0,2
0.17675208,2,rgb_sar,0,2
0.16419064,2,rgb_sar,0,2
0.18426971,2,rgb_sar,0,2
0.11576632,2,rgb_sar,0,2
0.11488987,2,rgb_sar,0,2
0.120079264,2,rgb_sar,0,2
0.18145047,2,rgb_sar,0,2
0.19584596,2,rgb_sar,0,2
0.14215115,2,rgb_sar,0,2
0.17637627,2,rgb_sar,0,2
0.22503895,2,rgb_sar,0,2
0.18803172,2,rgb_sar,0,2
0.16534612,2,rgb_sar,0,2
0.18893728,2,rgb_sar,0,2
0.20020764,2,rgb_sar,0,2
0.13963377,2,rgb_sar,0,2
0.19387706,2,rgb_sar,0,2
0.2586912,2,rgb_sar,0,2
0.25934702,2,rgb_sar,0,2
0.15073456,2,rgb_sar,0,2
0.16900916,2,rgb_sar,0,2
0.14863288,2,rgb_sar,0,2
0.17430411,2,rgb_sar,0,2
0.11415878,2,rgb_sar,0,2
0.104419,2,rgb_sar,0,2
0.18537739,2,rgb_sar,0,2
0.21436946,2,rgb_sar,0,2
0.10894969,2,rgb_sar,0,2
0.06474888,2,rgb_sar,0,2
0.09240559,2,rgb_sar,0,2
0.18615794,2,rgb_sar,0,2
0.10269213,2,rgb_sar,0,2
0.07828663,2,rgb_sar,0,2
0.10433776,2,rgb_sar,0,2
0.1046582,2,rgb_sar,0,2
0.05005037,2,rgb_sar,0,2
0.084874086,2,rgb_sar,0,2
0.12890509,2,rgb_sar,0,2
0.17659849,2,rgb_sar,0,2
0.14514196,2,rgb_sar,0,2
0.19005385,2,rgb_sar,0,2
0.18660866,2,rgb_sar,0,2
0.09072494,2,rgb_sar,0,2
-0.004497299,2,rgb_sar,0,2
0.051253047,2,rgb_sar,0,2
0.070566624,2,rgb_sar,0,2
0.054001544,2,rgb_sar,0,2
0.13159248,2,rgb_sar,0,2
0.14964196,2,rgb_sar,0,2
0.16283974,2,rgb_sar,0,2
0.11953816,2,rgb_sar,0,2
0.2119589,2,rgb_sar,0,2
0.1927495,2,rgb_sar,0,2
0.18341407,2,rgb_sar,0,2
0.12062116,2,rgb_sar,0,2
0.09553437,2,rgb_sar,0,2
-0.00020797923,2,rgb_sar,0,2
0.061523102,2,rgb_sar,0,2
0.10325877,2,rgb_sar,0,2
0.12611476,2,rgb_sar,0,2
0.17237225,2,rgb_sar,0,2
0.13445446,2,rgb_sar,0,2
0.13599394,2,rgb_sar,0,2
0.14479879,2,rgb_sar,0,2
0.20827517,2,rgb_sar,0,2
0.17953296,2,rgb_sar,0,2
0.20026074,2,rgb_sar,0,2
0.17884491,2,rgb_sar,0,2
0.2615425,2,rgb_sar,0,2
0.13423152,2,rgb_sar,0,2
0.097378984,2,rgb_sar,0,2
0.1452235,2,rgb_sar,0,2
0.11055892,2,rgb_sar,0,2
0.1492045,2,rgb_sar,0,2
0.13701716,2,rgb_sar,0,2
0.09872201,2,rgb_sar,0,2
0.1463112,2,rgb_sar,0,2
0.1614879,2,rgb_sar,0,2
0.13282368,2,rgb_sar,0,2
0.20122603,2,rgb_sar,0,2
0.19713806,2,rgb_sar,0,2
0.30655524,2,rgb_sar,0,2
0.21652871,2,rgb_sar,0,2
0.06658481,2,rgb_sar,0,2
0.14566389,2,rgb_sar,0,2
0.06146995,2,rgb_sar,0,2
0.108113244,2,rgb_sar,0,2
0.13981049,2,rgb_sar,0,2
0.051715463,2,rgb_sar,0,2
0.16495845,2,rgb_sar,0,2
0.09042799,2,rgb_sar,0,2
0.0324506,2,rgb_sar,0,2
0.123420835,2,rgb_sar,0,2
0.14244446,2,rgb_sar,0,2
0.24599251,2,rgb_sar,0,2
0.2152394,2,rgb_sar,0,2
0.2627876,2,rgb_sar,0,2
0.21132237,2,rgb_sar,0,2
0.1470798,2,rgb_sar,0,2
0.2021372,2,rgb_sar,0,2
0.1478407,2,rgb_sar,0,2
0.21129015,2,rgb_sar,0,2
0.25629315,2,rgb_sar,0,2
0.17741328,2,rgb_sar,0,2
0.16518223,2,rgb_sar,0,2
0.13318476,2,rgb_sar,0,2
0.09843974,2,rgb_sar,0,2
0.09975171,2,rgb_sar,0,2
0.025943173,2,rgb_sar,0,2
0.26349774,2,rgb_sar,0,2
0.28396094,2,rgb_sar,0,2
0.22175196,2,rgb_sar,0,2
0.20244905,2,rgb_sar,0,2
0.18943316,2,rgb_sar,0,2
0.18256813,2,rgb_sar,0,2
0.13548753,2,rgb_sar,0,2
0.1467039,2,rgb_sar,0,2
0.19590217,2,rgb_sar,0,2
0.06602933,2,rgb_sar,0,2
0.14324982,2,rgb_sar,0,2
0.13429748,2,rgb_sar,0,2
0.1867868,2,rgb_sar,0,2
0.08457708,2,rgb_sar,0,2
0.16049328,2,rgb_sar,0,2
0.18251643,2,rgb_sar,0,2
0.079274446,2,rgb_sar,0,2
0.17422271,2,rgb_sar,0,2
0.17573409,2,rgb_sar,0,2
0.09906374,2,rgb_sar,0,2
0.113480896,2,rgb_sar,0,2
0.12940264,2,rgb_sar,0,2
0.081489764,2,rgb_sar,0,2
0.15069348,2,rgb_sar,0,2
0.13194035,2,rgb_sar,0,2
0.047126472,2,rgb_sar,0,2
0.10253118,2,rgb_sar,0,2
0.12973848,2,rgb_sar,0,2
0.11894989,2,rgb_sar,0,2
0.30196434,2,rgb_sar,0,2
0.12122071,2,rgb_sar,0,2
0.15813133,2,rgb_sar,0,2
0.20389971,2,rgb_sar,0,2
0.22459298,2,rgb_sar,0,2
0.15820722,2,rgb_sar,0,2
0.17517534,2,rgb_sar,0,2
0.31131765,2,rgb_sar,0,2
0.15659624,2,rgb_sar,0,2
0.2027577,2,rgb_sar,0,2
0.16347149,2,rgb_sar,0,2
0.176478,2,rgb_sar,0,2
0.15998115,2,rgb_sar,0,2
0.21059832,2,rgb_sar,0,2
0.24714059,2,rgb_sar,0,2
0.124137014,2,rgb_sar,0,2
0.13439034,2,rgb_sar,0,2
0.07666779,2,rgb_sar,0,2
0.1787014,2,rgb_sar,0,2
0.23181453,2,rgb_sar,0,2
0.20401384,2,rgb_sar,0,2
0.18275666,2,rgb_sar,0,2
0.14589128,2,rgb_sar,0,2
0.18417653,2,rgb_sar,0,2
0.10707848,2,rgb_sar,0,2
0.063643105,2,rgb_sar,0,2
0.17643626,2,rgb_sar,0,2
0.18399535,2,rgb_sar,0,2
0.19869296,2,rgb_sar,0,2
0.16922349,2,rgb_sar,0,2
0.11352841,2,rgb_sar,0,2
0.14357758,2,rgb_sar,0,2
0.20435362,2,rgb_sar,0,2
0.20736519,2,rgb_sar,0,2
0.18507744,2,rgb_sar,0,2
0.08023503,2,rgb_sar,0,2
0.1334956,2,rgb_sar,0,2
0.1854235,2,rgb_sar,0,2
0.1992171,2,rgb_sar,0,2
0.15328301,2,rgb_sar,0,2
0.1694749,2,rgb_sar,0,2
0.19055751,2,rgb_sar,0,2
0.23830876,2,rgb_sar,0,2
0.0708256,2,rgb_sar,0,2
0.13094524,2,rgb_sar,0,2
0.14339024,2,rgb_sar,0,2
0.13127664,2,rgb_sar,0,2
0.11619049,2,rgb_sar,0,2
0.16432753,2,rgb_sar,0,2
0.18889007,2,rgb_sar,0,2
0.19453026,2,rgb_sar,0,2
0.09806624,2,rgb_sar,0,2
0.13453187,2,rgb_sar,0,2
0.093586974,2,rgb_sar,0,2
0.0155168595,2,rgb_sar,0,2
0.02873431,2,rgb_sar,0,2
0.071964055,2,rgb_sar,0,2
0.15597174,2,rgb_sar,0,2
0.13290167,2,rgb_sar,0,2
0.19993278,2,rgb_sar,0,2
0.18904442,2,rgb_sar,0,2
0.18470585,2,rgb_sar,0,2
0.08739115,2,rgb_sar,0,2
0.063186616,2,rgb_sar,0,2
0.015570011,2,rgb_sar,0,2
-0.03233126,2,rgb_sar,0,2
0.02922227,2,rgb_sar,0,2
0.075855345,2,rgb_sar,0,2
0.14847042,2,rgb_sar,0,2
0.13537863,2,rgb_sar,0,2
0.26613325,2,rgb_sar,0,2
0.16545133,2,rgb_sar,0,2
0.20939812,2,rgb_sar,0,2
0.2235378,2,rgb_sar,0,2
0.21093167,2,rgb_sar,0,2
0.12557451,2,rgb_sar,0,2
0.05164209,2,rgb_sar,0,2
-0.009807777,2,rgb_sar,0,2
0.07024835,2,rgb_sar,0,2
0.18576945,2,rgb_sar,0,2
0.16315775,2,rgb_sar,0,2
0.16206257,2,rgb_sar,0,2
0.15491712,2,rgb_sar,0,2
0.26199085,2,rgb_sar,0,2
0.19175184,2,rgb_sar,0,2
0.16013038,2,rgb_sar,0,2
0.15656851,2,rgb_sar,0,2
0.21604323,2,rgb_sar,0,2
0.18211964,2,rgb_sar,0,2
0.10239223,2,rgb_sar,0,2
-0.0027062856,2,rgb_sar,0,2
0.09050469,2,rgb_sar,0,2
0.18551823,2,rgb_sar,0,2
0.119032085,2,rgb_sar,0,2
0.10065618,2,rgb_sar,0,2
0.15921588,2,rgb_sar,0,2
0.24952655,2,rgb_sar,0,2
0.179847,2,rgb_sar,0,2
0.16081592,2,rgb_sar,0,2
0.14533338,2,rgb_sar,0,2
0.24175541,2,rgb_sar,0,2
0.18304265,2,rgb_sar,0,2
0.09571916,2,rgb_sar,0,2
0.046241153,2,rgb_sar,0,2
0.12657018,2,rgb_sar,0,2
0.29132026,2,rgb_sar,0,2
0.1973513,2,rgb_sar,0,2
0.18466848,2,rgb_sar,0,2
0.19584173,2,rgb_sar,0,2
0.07075119,2,rgb_sar,0,2
0.102546856,2,rgb_sar,0,2
0.26452821,2,rgb_sar,0,2
0.22600812,2,rgb_sar,0,2
0.19266057,2,rgb_sar,0,2
0.1619936,2,rgb_sar,0,2
0.26129895,2,rgb_sar,0,2
0.22758195,2,rgb_sar,0,2
0.11692626,2,rgb_sar,0,2
0.061752453,2,rgb_sar,0,2
0.11630116,2,rgb_sar,0,2
0.32918867,2,rgb_sar,0,2
0.24952786,2,rgb_sar,0,2
0.25866082,2,rgb_sar,0,2
0.24343415,2,rgb_sar,0,2
0.1203755,2,rgb_sar,0,2
0.13023129,2,rgb_sar,0,2
0.21065935,2,rgb_sar,0,2
0.15389231,2,rgb_sar,0,2
0.16276613,2,rgb_sar,0,2
0.14515287,2,rgb_sar,0,2
0.21355431,2,rgb_sar,0,2
0.19091281,2,rgb_sar,0,2
0.16334453,2,rgb_sar,0,2
0.12073949,2,rgb_sar,0,2
0.108909145,2,rgb_sar,0,2
0.20161246,2,rgb_sar,0,2
0.12588343,2,rgb_sar,0,2
0.17016253,2,rgb_sar,0,2
0.23350324,2,rgb_sar,0,2
0.14883974,2,rgb_sar,0,2
0.22453627,2,rgb_sar,0,2
0.11372152,2,rgb_sar,0,2
0.20550983,2,rgb_sar,0,2
0.23148802,2,rgb_sar,0,2
0.08530029,2,rgb_sar,0,2
0.1658676,2,rgb_sar,0,2
0.23244596,2,rgb_sar,0,2
0.06819653,2,rgb_sar,0,2
0.19918571,2,rgb_sar,0,2
0.28324413,2,rgb_sar,0,2
0.14736989,2,rgb_sar,0,2
0.18230817,2,rgb_sar,0,2
0.25238517,2,rgb_sar,0,2
0.0773412,7,rgb_sar,0,2
0.07953914,7,rgb_sar,0,2
0.02708868,7,rgb_sar,0,2
-0.011835361,7,rgb_sar,0,2
0.09525502,7,rgb_sar,0,2
0.2223081,7,rgb_sar,0,2
0.15774858,7,rgb_sar,0,2
0.051918823,7,rgb_sar,0,2
0.05766052,7,rgb_sar,0,2
0.08295728,7,rgb_sar,0,2
0.08981406,7,rgb_sar,0,2
0.0146666765,7,rgb_sar,0,2
0.08945193,7,rgb_sar,0,2
0.11509584,7,rgb_sar,0,2
0.18228982,7,rgb_sar,0,2
0.18894698,7,rgb_sar,0,2
0.18590721,7,rgb_sar,0,2
0.24225946,7,rgb_sar,0,2
0.11256617,7,rgb_sar,0,2
0.07700598,7,rgb_sar,0,2
0.15573266,7,rgb_sar,0,2
0.11011715,7,rgb_sar,0,2
0.03741781,7,rgb_sar,0,2
-0.03597684,7,rgb_sar,0,2
0.025886038,7,rgb_sar,0,2
0.11877239,7,rgb_sar,0,2
0.13882318,7,rgb_sar,0,2
0.17201778,7,rgb_sar,0,2
0.15323675,7,rgb_sar,0,2
0.17517577,7,rgb_sar,0,2
0.15094127,7,rgb_sar,0,2
0.061866887,7,rgb_sar,0,2
0.035194412,7,rgb_sar,0,2
0.047914144,7,rgb_sar,0,2
0.020932471,7,rgb_sar,0,2
-0.07499904,7,rgb_sar,0,2
-0.09277058,7,rgb_sar,0,2
0.07903463,7,rgb_sar,0,2
0.0890792,7,rgb_sar,0,2
0.152226,7,rgb_sar,0,2
0.18981898,7,rgb_sar,0,2
0.16128576,7,rgb_sar,0,2
0.09037141,7,rgb_sar,0,2
0.08968833,7,rgb_sar,0,2
0.13599053,7,rgb_sar,0,2
0.1375318,7,rgb_sar,0,2
0.14308389,7,rgb_sar,0,2
0.040468954,7,rgb_sar,0,2
0.05378812,7,rgb_sar,0,2
0.020481355,7,rgb_sar,0,2
0.05949765,7,rgb_sar,0,2
0.080304906,7,rgb_sar,0,2
0.055581164,7,rgb_sar,0,2
0.04419472,7,rgb_sar,0,2
0.10578104,7,rgb_sar,0,2
0.018422663,7,rgb_sar,0,2
0.057717897,7,rgb_sar,0,2
0.079730466,7,rgb_sar,0,2
0.056304183,7,rgb_sar,0,2
0.12676443,7,rgb_sar,0,2
0.13800107,7,rgb_sar,0,2
0.052116662,7,rgb_sar,0,2
0.019425273,7,rgb_sar,0,2
0.020198245,7,rgb_sar,0,2
0.031427745,7,rgb_sar,0,2
0.080464415,7,rgb_sar,0,2
0.045803983,7,rgb_sar,0,2
0.03446205,7,rgb_sar,0,2
0.07014705,7,rgb_sar,0,2
0.07004672,7,rgb_sar,0,2
0.15208715,7,rgb_sar,0,2
0.031983666,7,rgb_sar,0,2
-0.0046091806,7,rgb_sar,0,2
-0.038130086,7,rgb_sar,0,2
0.048630897,7,rgb_sar,0,2
0.17313272,7,rgb_sar,0,2
0.008646946,7,rgb_sar,0,2
-0.042452443,7,rgb_sar,0,2
0.034412924,7,rgb_sar,0,2
0.04622969,7,rgb_sar,0,2
0.046628997,7,rgb_sar,0,2
0.08529875,7,rgb_sar,0,2
0.034742624,7,rgb_sar,0,2
0.07316053,7,rgb_sar,0,2
0.024988018,7,rgb_sar,0,2
-0.014094396,7,rgb_sar,0,2
0.034404155,7,rgb_sar,0,2
0.052774724,7,rgb_sar,0,2
0.004509704,7,rgb_sar,0,2
0.009106198,7,rgb_sar,0,2
0.09840718,7,rgb_sar,0,2
0.22792152,7,rgb_sar,0,2
0.19348049,7,rgb_sar,0,2
0.11507776,7,rgb_sar,0,2
0.1565727,7,rgb_sar,0,2
0.058756486,7,rgb_sar,0,2
0.06693646,7,rgb_sar,0,2
0.09876904,7,rgb_sar,0,2
0.007105183,7,rgb_sar,0,2
0.0023190305,7,rgb_sar,0,2
0.041350055,7,rgb_sar,0,2
0.054640308,7,rgb_sar,0,2
-0.012976289,7,rgb_sar,0,2
-0.044878155,7,rgb_sar,0,2
0.14348881,7,rgb_sar,0,2
0.14706756,7,rgb_sar,0,2
0.020892397,7,rgb_sar,0,2
0.082350016,7,rgb_sar,0,2
0.06698735,7,rgb_sar,0,2
0.04176909,7,rgb_sar,0,2
0.043560732,7,rgb_sar,0,2
-0.021354849,7,rgb_sar,0,2
-0.03811823,7,rgb_sar,0,2
-0.08382221,7,rgb_sar,0,2
0.028448002,7,rgb_sar,0,2
0.13913503,7,rgb_sar,0,2
0.19356883,7,rgb_sar,0,2
0.07741083,7,rgb_sar,0,2
0.06371534,7,rgb_sar,0,2
0.11804464,7,rgb_sar,0,2
0.14940786,7,rgb_sar,0,2
0.19905087,7,rgb_sar,0,2
0.056084193,7,rgb_sar,0,2
-0.0024177153,7,rgb_sar,0,2
0.057867073,7,rgb_sar,0,2
0.04692991,7,rgb_sar,0,2
0.09619029,7,rgb_sar,0,2
0.10144294,7,rgb_sar,0,2
0.05789286,7,rgb_sar,0,2
-0.026342826,7,rgb_sar,0,2
0.022847334,7,rgb_sar,0,2
0.0579844,7,rgb_sar,0,2
0.08760308,7,rgb_sar,0,2
0.08882723,7,rgb_sar,0,2
0.010518035,7,rgb_sar,0,2
-0.012337103,7,rgb_sar,0,2
0.07444728,7,rgb_sar,0,2
0.05798568,7,rgb_sar,0,2
0.0606258,7,rgb_sar,0,2
0.012234427,7,rgb_sar,0,2
-0.055099443,7,rgb_sar,0,2
0.1021636,7,rgb_sar,0,2
0.03627313,7,rgb_sar,0,2
0.0373205,7,rgb_sar,0,2
0.02828531,7,rgb_sar,0,2
0.01978273,7,rgb_sar,0,2
0.16510478,7,rgb_sar,0,2
0.021361874,7,rgb_sar,0,2
0.02966303,7,rgb_sar,0,2
0.04169794,7,rgb_sar,0,2
0.018137123,7,rgb_sar,0,2
0.110513605,7,rgb_sar,0,2
0.33132523,2,rgb_sar,0,2
0.3029514,2,rgb_sar,0,2
0.2944306,2,rgb_sar,0,2
0.26637933,2,rgb_sar,0,2
0.27286062,2,rgb_sar,0,2
0.27236202,2,rgb_sar,0,2
0.2730003,2,rgb_sar,0,2
0.2780799,2,rgb_sar,0,2
0.20344853,2,rgb_sar,0,2
0.23325554,2,rgb_sar,0,2
0.24056743,2,rgb_sar,0,2
0.20208915,2,rgb_sar,0,2
0.27347097,2,rgb_sar,0,2
0.30655915,2,rgb_sar,0,2
0.30539706,2,rgb_sar,0,2
0.07522747,2,rgb_sar,0,2
0.1605146,2,rgb_sar,0,2
0.22111662,2,rgb_sar,0,2
0.2397214,2,rgb_sar,0,2
0.24299568,2,rgb_sar,0,2
0.284447,2,rgb_sar,0,2
0.09386346,2,rgb_sar,0,2
0.14495952,2,rgb_sar,0,2
0.21429557,2,rgb_sar,0,2
0.173293,2,rgb_sar,0,2
0.26629245,2,rgb_sar,0,2
0.25270864,2,rgb_sar,0,2
0.4819098,2,rgb_sar,0,2
0.34370732,2,rgb_sar,0,2
0.35794654,2,rgb_sar,0,2
0.32149738,2,rgb_sar,0,2
0.2961765,2,rgb_sar,0,2
0.27963498,2,rgb_sar,0,2
0.2930833,2,rgb_sar,0,2
0.28268713,2,rgb_sar,0,2
0.25012845,2,rgb_sar,0,2
0.2651947,2,rgb_sar,0,2
0.2866859,2,rgb_sar,0,2
0.2977757,2,rgb_sar,0,2
0.29010355,2,rgb_sar,0,2
0.2800127,2,rgb_sar,0,2
0.3288833,2,rgb_sar,0,2
0.22662267,2,rgb_sar,0,2
0.17505084,2,rgb_sar,0,2
0.12965825,2,rgb_sar,0,2
0.07932186,2,rgb_sar,0,2
0.124158,2,rgb_sar,0,2
0.22640905,2,rgb_sar,0,2
0.13963044,2,rgb_sar,0,2
0.12942149,2,rgb_sar,0,2
0.1256744,2,rgb_sar,0,2
0.057619262,2,rgb_sar,0,2
0.16495982,2,rgb_sar,0,2
0.2658654,2,rgb_sar,0,2
0.19506243,7,rgb_sar,0,2
0.17171048,7,rgb_sar,0,2
0.11675238,7,rgb_sar,0,2
0.13397968,7,rgb_sar,0,2
0.23777345,7,rgb_sar,0,2
0.13521679,7,rgb_sar,0,2
0.12895858,7,rgb_sar,0,2
0.094047524,7,rgb_sar,0,2
0.06692726,7,rgb_sar,0,2
0.1977602,7,rgb_sar,0,2
0.075209215,7,rgb_sar,0,2
0.08603304,7,rgb_sar,0,2
0.04000828,7,rgb_sar,0,2
0.10102856,7,rgb_sar,0,2
0.11654186,7,rgb_sar,0,2
0.16378486,7,rgb_sar,0,2
0.15080732,7,rgb_sar,0,2
0.13377371,7,rgb_sar,0,2
0.16429904,7,rgb_sar,0,2
0.19851562,7,rgb_sar,0,2
-0.039722383,7,rgb_sar,0,2
0.009955909,7,rgb_sar,0,2
0.0923658,7,rgb_sar,0,2
0.0026800241,7,rgb_sar,0,2
0.08236065,7,rgb_sar,0,2
-0.011897665,7,rgb_sar,0,2
0.02397131,7,rgb_sar,0,2
0.017674029,7,rgb_sar,0,2
0.08315438,7,rgb_sar,0,2
0.14091277,7,rgb_sar,0,2
0.28778392,7,rgb_sar,0,2
0.22333047,7,rgb_sar,0,2
0.24066761,7,rgb_sar,0,2
0.21052781,7,rgb_sar,0,2
0.11184695,7,rgb_sar,0,2
0.15431213,7,rgb_sar,0,2
0.2428076,7,rgb_sar,0,2
0.13964379,7,rgb_sar,0,2
0.067881316,7,rgb_sar,0,2
0.11949493,7,rgb_sar,0,2
0.18202701,7,rgb_sar,0,2
0.06722689,7,rgb_sar,0,2
0.26951647,7,rgb_sar,0,2
0.17431635,7,rgb_sar,0,2
0.18119694,7,rgb_sar,0,2
-0.0013631452,7,rgb_sar,0,2
-0.021066355,7,rgb_sar,0,2
0.047973245,7,rgb_sar,0,2
-0.040536057,7,rgb_sar,0,2
0.08281623,7,rgb_sar,0,2
0.109307855,7,rgb_sar,0,2
0.08782818,7,rgb_sar,0,2
0.014398783,7,rgb_sar,0,2
0.02337546,7,rgb_sar,0,2
0.06797628,7,rgb_sar,0,2
-0.04070828,7,rgb_sar,0,2
0.14513083,7,rgb_sar,0,2
0.20236811,7,rgb_sar,0,2
0.16110578,7,rgb_sar,0,2
0.10745579,7,rgb_sar,0,2
0.14014903,7,rgb_sar,0,2
0.17405026,7,rgb_sar,0,2
0.13970672,7,rgb_sar,0,2
0.31859234,7,rgb_sar,0,2
0.40274358,7,rgb_sar,0,2
0.35288417,7,rgb_sar,0,2
0.23301376,7,rgb_sar,0,2
0.33606526,7,rgb_sar,0,2
0.32332456,7,rgb_sar,0,2
0.25324225,7,rgb_sar,0,2
0.23193774,7,rgb_sar,0,2
0.26656085,7,rgb_sar,0,2
0.28924102,7,rgb_sar,0,2
0.13019747,7,rgb_sar,0,2
0.2391296,7,rgb_sar,0,2
0.20852041,7,rgb_sar,0,2
0.18712234,7,rgb_sar,0,2
0.08333724,7,rgb_sar,0,2
0.013678229,7,rgb_sar,0,2
0.11275019,7,rgb_sar,0,2
0.08544214,7,rgb_sar,0,2
0.26265872,7,rgb_sar,0,2
0.22858253,7,rgb_sar,0,2
0.21453021,7,rgb_sar,0,2
-0.03734821,7,rgb_sar,0,2
-0.10810542,7,rgb_sar,0,2
-0.024185631,7,rgb_sar,0,2
-0.049217306,7,rgb_sar,0,2
0.14272995,7,rgb_sar,0,2
0.08963288,7,rgb_sar,0,2
0.04807046,7,rgb_sar,0,2
-0.050320596,7,rgb_sar,0,2
-0.0014945045,7,rgb_sar,0,2
0.019485695,7,rgb_sar,0,2
-0.018331949,7,rgb_sar,0,2
0.15231062,7,rgb_sar,0,2
0.17812632,7,rgb_sar,0,2
0.11165102,7,rgb_sar,0,2
0.045980535,7,rgb_sar,0,2
0.08319662,7,rgb_sar,0,2
0.12555173,7,rgb_sar,0,2
0.10745419,7,rgb_sar,0,2
0.33793402,7,rgb_sar,0,2
0.35919273,7,rgb_sar,0,2
0.20393448,7,rgb_sar,0,2
0.07721772,7,rgb_sar,0,2
0.186247,7,rgb_sar,0,2
0.22274917,7,rgb_sar,0,2
0.30471534,8,rgb_sar,0,2
0.29952148,8,rgb_sar,0,2
0.32918614,8,rgb_sar,0,2
0.36726636,8,rgb_sar,0,2
0.10206072,8,rgb_sar,0,2
0.06919581,8,rgb_sar,0,2
-0.091637164,8,rgb_sar,0,2
0.027346037,8,rgb_sar,0,2
0.040105823,8,rgb_sar,0,2
0.06472041,8,rgb_sar,0,2
0.13957761,8,rgb_sar,0,2
0.15178113,8,rgb_sar,0,2
0.06733583,8,rgb_sar,0,2
0.04682124,8,rgb_sar,0,2
0.09479513,8,rgb_sar,0,2
0.05050233,8,rgb_sar,0,2
0.16965349,8,rgb_sar,0,2
0.11088157,8,rgb_sar,0,2
0.14184341,8,rgb_sar,0,2
0.172452,8,rgb_sar,0,2
0.19831291,8,rgb_sar,0,2
0.18661004,8,rgb_sar,0,2
0.21519087,8,rgb_sar,0,2
0.21104576,8,rgb_sar,0,2
0.21467851,8,rgb_sar,0,2
0.302191,8,rgb_sar,0,2
0.34232473,8,rgb_sar,0,2
0.21838655,8,rgb_sar,0,2
0.21313979,8,rgb_sar,0,2
0.22436826,8,rgb_sar,0,2
0.21973392,8,rgb_sar,0,2
0.2536239,8,rgb_sar,0,2
0.2433888,8,rgb_sar,0,2
0.27193475,8,rgb_sar,0,2
0.22407359,8,rgb_sar,0,2
0.22025761,8,rgb_sar,0,2
0.23063534,8,rgb_sar,0,2
0.3864296,8,rgb_sar,0,2
0.42122078,8,rgb_sar,0,2
0.33504936,8,rgb_sar,0,2
0.29464793,8,rgb_sar,0,2
0.32238504,8,rgb_sar,0,2
0.28339309,8,rgb_sar,0,2
0.3407678,8,rgb_sar,0,2
0.33126056,8,rgb_sar,0,2
0.332035,8,rgb_sar,0,2
0.28118536,8,rgb_sar,0,2
0.26448917,8,rgb_sar,0,2
0.3801734,8,rgb_sar,0,2
0.40882826,8,rgb_sar,0,2
0.36762872,8,rgb_sar,0,2
0.32032305,8,rgb_sar,0,2
0.29084843,8,rgb_sar,0,2
0.22085688,8,rgb_sar,0,2
0.25553897,8,rgb_sar,0,2
0.26312074,8,rgb_sar,0,2
0.27682143,8,rgb_sar,0,2
0.27150658,8,rgb_sar,0,2
0.31376913,8,rgb_sar,0,2
0.36938024,8,rgb_sar,0,2
0.37623113,8,rgb_sar,0,2
0.3285948,8,rgb_sar,0,2
0.2882607,8,rgb_sar,0,2
0.25689498,8,rgb_sar,0,2
0.2352846,8,rgb_sar,0,2
0.2892569,8,rgb_sar,0,2
0.28936252,8,rgb_sar,0,2
0.26046732,8,rgb_sar,0,2
0.27586907,8,rgb_sar,0,2
0.23731422,8,rgb_sar,0,2
0.22705188,8,rgb_sar,0,2
0.23106779,8,rgb_sar,0,2
0.1752941,8,rgb_sar,0,2
-0.0022095144,8,rgb_sar,0,2
-0.058803294,8,rgb_sar,0,2
0.068197496,8,rgb_sar,0,2
0.25081098,8,rgb_sar,0,2
0.30989593,8,rgb_sar,0,2
0.17523238,8,rgb_sar,0,2
0.0896525,8,rgb_sar,0,2
0.042211488,8,rgb_sar,0,2
0.14094612,8,rgb_sar,0,2
0.25769877,8,rgb_sar,0,2
0.22038776,8,rgb_sar,0,2
0.10783163,8,rgb_sar,0,2
0.11887463,8,rgb_sar,0,2
0.1633614,8,rgb_sar,0,2
0.16780043,8,rgb_sar,0,2
0.23223093,8,rgb_sar,0,2
0.26014036,8,rgb_sar,0,2
0.2626029,8,rgb_sar,0,2
0.24169874,8,rgb_sar,0,2
0.25993723,8,rgb_sar,0,2
0.2693227,8,rgb_sar,0,2
0.10631661,8,rgb_sar,0,2
0.1584756,8,rgb_sar,0,2
0.25264275,8,rgb_sar,0,2
0.26990396,8,rgb_sar,0,2
0.25789207,8,rgb_sar,0,2
0.29858798,8,rgb_sar,0,2
0.28437126,8,rgb_sar,0,2
0.32054603,8,rgb_sar,0,2
0.24810673,8,rgb_sar,0,2
0.21826442,8,rgb_sar,0,2
0.2548863,8,rgb_sar,0,2
0.16127709,8,rgb_sar,0,2
0.21627973,8,rgb_sar,0,2
0.33888268,8,rgb_sar,0,2
0.3214723,8,rgb_sar,0,2
0.26325673,8,rgb_sar,0,2
0.29305822,8,rgb_sar,0,2
0.28831023,8,rgb_sar,0,2
0.32151443,8,rgb_sar,0,2
0.2547237,8,rgb_sar,0,2
0.3192852,8,rgb_sar,0,2
0.22288011,8,rgb_sar,0,2
0.21591635,8,rgb_sar,0,2
0.3004895,8,rgb_sar,0,2
0.32968986,8,rgb_sar,0,2
0.2666653,8,rgb_sar,0,2
0.29137698,8,rgb_sar,0,2
0.3271892,8,rgb_sar,0,2
0.2955281,8,rgb_sar,0,2
0.25392294,8,rgb_sar,0,2
0.33940467,8,rgb_sar,0,2
0.30069375,8,rgb_sar,0,2
0.30771136,8,rgb_sar,0,2
0.33933523,8,rgb_sar,0,2
0.37403697,8,rgb_sar,0,2
0.30193847,8,rgb_sar,0,2
0.34259123,8,rgb_sar,0,2
0.31852594,8,rgb_sar,0,2
0.29378274,8,rgb_sar,0,2
0.26557058,8,rgb_sar,0,2
0.29565623,8,rgb_sar,0,2
0.25803894,8,rgb_sar,0,2
0.2716243,7,rgb_sar,0,2
0.30299994,7,rgb_sar,0,2
0.1975994,7,rgb_sar,0,2
0.25557294,7,rgb_sar,0,2
0.05915924,7,rgb_sar,0,2
0.12224661,7,rgb_sar,0,2
0.1850267,7,rgb_sar,0,2
0.23748466,7,rgb_sar,0,2
0.03414006,7,rgb_sar,0,2
-0.022062832,7,rgb_sar,0,2
0.09648527,7,rgb_sar,0,2
0.073656484,7,rgb_sar,0,2
0.21589671,7,rgb_sar,0,2
0.1748663,7,rgb_sar,0,2
0.19764633,7,rgb_sar,0,2
0.040271524,7,rgb_sar,0,2
-0.046859473,7,rgb_sar,0,2
0.00045726262,7,rgb_sar,0,2
-0.07748781,7,rgb_sar,0,2
0.18248574,7,rgb_sar,0,2
0.14708062,7,rgb_sar,0,2
0.10202602,7,rgb_sar,0,2
0.004914988,7,rgb_sar,0,2
0.0012009256,7,rgb_sar,0,2
0.048238944,7,rgb_sar,0,2
0.029227514,7,rgb_sar,0,2
0.1330626,7,rgb_sar,0,2
0.17093186,7,rgb_sar,0,2
0.1617344,7,rgb_sar,0,2
0.08181313,7,rgb_sar,0,2
0.05127184,7,rgb_sar,0,2
0.17724779,7,rgb_sar,0,2
0.15511048,7,rgb_sar,0,2
0.09768392,7,rgb_sar,0,2
0.14031658,7,rgb_sar,0,2
0.11834766,7,rgb_sar,0,2
0.012842447,7,rgb_sar,0,2
0.12656045,7,rgb_sar,0,2
0.086576164,7,rgb_sar,0,2
0.11124515,7,rgb_sar,0,2
0.07336247,7,rgb_sar,0,2
0.12885934,7,rgb_sar,0,2
0.06797361,7,rgb_sar,0,2
0.09502526,7,rgb_sar,0,2
0.03761992,7,rgb_sar,0,2
0.07387485,7,rgb_sar,0,2
0.099015534,7,rgb_sar,0,2
0.102969415,7,rgb_sar,0,2
0.07681599,7,rgb_sar,0,2
0.04770275,7,rgb_sar,0,2
0.11564343,7,rgb_sar,0,2
0.13898543,7,rgb_sar,0,2
0.17169265,7,rgb_sar,0,2
0.070967175,7,rgb_sar,0,2
0.135663,7,rgb_sar,0,2
0.084584296,7,rgb_sar,0,2
0.16692409,7,rgb_sar,0,2
0.15110248,7,rgb_sar,0,2
0.08045377,7,rgb_sar,0,2
0.17211336,7,rgb_sar,0,2
0.1142452,7,rgb_sar,0,2
0.34876513,7,rgb_sar,0,2
0.33832198,7,rgb_sar,0,2
0.26270568,7,rgb_sar,0,2
0.23630236,7,rgb_sar,0,2
0.18576656,7,rgb_sar,0,2
0.13232827,7,rgb_sar,0,2
0.25597513,7,rgb_sar,0,2
0.15044537,7,rgb_sar,0,2
0.063012466,7,rgb_sar,0,2
-0.019528337,7,rgb_sar,0,2
0.123194546,7,rgb_sar,0,2
0.09750061,7,rgb_sar,0,2
0.15546764,7,rgb_sar,0,2
0.20602003,7,rgb_sar,0,2
0.20670706,7,rgb_sar,0,2
0.033984512,7,rgb_sar,0,2
-0.07578235,7,rgb_sar,0,2
0.059353508,7,rgb_sar,0,2
0.0033890456,7,rgb_sar,0,2
0.12699783,7,rgb_sar,0,2
0.15073504,7,rgb_sar,0,2
0.106162585,7,rgb_sar,0,2
0.104913466,7,rgb_sar,0,2
0.026594417,7,rgb_sar,0,2
0.05933632,7,rgb_sar,0,2
-0.00027917698,7,rgb_sar,0,2
0.14124694,7,rgb_sar,0,2
0.14517273,7,rgb_sar,0,2
0.07341848,7,rgb_sar,0,2
0.09049728,7,rgb_sar,0,2
0.053239092,7,rgb_sar,0,2
0.11908982,7,rgb_sar,0,2
0.09525965,7,rgb_sar,0,2
0.037447393,7,rgb_sar,0,2
0.018530453,7,rgb_sar,0,2
0.11316815,7,rgb_sar,0,2
0.045861065,7,rgb_sar,0,2
0.12532383,7,rgb_sar,0,2
-0.0054678265,7,rgb_sar,0,2
0.07595262,7,rgb_sar,0,2
0.097904444,7,rgb_sar,0,2
0.19952257,7,rgb_sar,0,2
0.08783442,7,rgb_sar,0,2
0.08628303,7,rgb_sar,0,2
0.007890763,7,rgb_sar,0,2
0.0676545,7,rgb_sar,0,2
0.17902845,7,rgb_sar,0,2
0.09845795,7,rgb_sar,0,2
0.0011477824,7,rgb_sar,0,2
0.0011500064,7,rgb_sar,0,2
0.24628896,7,rgb_sar,0,2
0.17497304,7,rgb_sar,0,2
0.0954369,7,rgb_sar,0,2
0.023940438,7,rgb_sar,0,2
0.15330677,7,rgb_sar,0,2
0.062703766,7,rgb_sar,0,2
0.08594395,7,rgb_sar,0,2
-0.01326292,7,rgb_sar,0,2
0.08896296,7,rgb_sar,0,2
0.10226164,7,rgb_sar,0,2
0.05241017,7,rgb_sar,0,2
0.29081595,8,rgb_sar,0,2
0.28833368,8,rgb_sar,0,2
0.31514993,8,rgb_sar,0,2
0.38515437,8,rgb_sar,0,2
0.08591238,8,rgb_sar,0,2
0.009456314,8,rgb_sar,0,2
-0.029406775,8,rgb_sar,0,2
0.07017636,8,rgb_sar,0,2
0.20219262,8,rgb_sar,0,2
0.23731446,8,rgb_sar,0,2
0.029264774,8,rgb_sar,0,2
0.009238412,8,rgb_sar,0,2
0.07575772,8,rgb_sar,0,2
0.13044786,8,rgb_sar,0,2
0.26690653,8,rgb_sar,0,2
0.23360188,8,rgb_sar,0,2
0.22849274,8,rgb_sar,0,2
0.26469374,8,rgb_sar,0,2
0.27338797,8,rgb_sar,0,2
0.17094909,8,rgb_sar,0,2
0.11411733,8,rgb_sar,0,2
0.0653036,8,rgb_sar,0,2
0.054807108,8,rgb_sar,0,2
0.15654631,8,rgb_sar,0,2
0.19224814,8,rgb_sar,0,2
0.23849553,8,rgb_sar,0,2
0.21096376,8,rgb_sar,0,2
0.17819378,8,rgb_sar,0,2
0.22780363,8,rgb_sar,0,2
0.2376409,8,rgb_sar,0,2
0.23082377,8,rgb_sar,0,2
0.21659759,8,rgb_sar,0,2
0.1351597,8,rgb_sar,0,2
0.17494562,8,rgb_sar,0,2
0.1636341,8,rgb_sar,0,2
0.170173,8,rgb_sar,0,2
0.27682805,8,rgb_sar,0,2
0.26583248,8,rgb_sar,0,2
0.34304878,8,rgb_sar,0,2
0.23833108,8,rgb_sar,0,2
0.24248175,8,rgb_sar,0,2
0.24589708,8,rgb_sar,0,2
0.2503469,8,rgb_sar,0,2
0.33540058,8,rgb_sar,0,2
0.27550378,8,rgb_sar,0,2
0.2801718,8,rgb_sar,0,2
0.26457858,8,rgb_sar,0,2
0.2204677,8,rgb_sar,0,2
0.21042848,8,rgb_sar,0,2
0.27238277,8,rgb_sar,0,2
0.26548392,8,rgb_sar,0,2
0.22861028,8,rgb_sar,0,2
0.18625773,8,rgb_sar,0,2
0.24002369,8,rgb_sar,0,2
0.34327388,8,rgb_sar,0,2
0.2892977,8,rgb_sar,0,2
0.26070613,8,rgb_sar,0,2
0.21360613,8,rgb_sar,0,2
0.27544343,8,rgb_sar,0,2
0.22607303,8,rgb_sar,0,2
0.24434787,8,rgb_sar,0,2
0.226296,8,rgb_sar,0,2
0.17369172,8,rgb_sar,0,2
0.18731725,8,rgb_sar,0,2
0.24212739,8,rgb_sar,0,2
0.25581098,8,rgb_sar,0,2
0.22335716,8,rgb_sar,0,2
0.2494843,8,rgb_sar,0,2
0.22378874,8,rgb_sar,0,2
0.15380226,8,rgb_sar,0,2
0.215162,8,rgb_sar,0,2
0.20030528,8,rgb_sar,0,2
0.07051441,2,rgb_sar,0,2
0.061543886,2,rgb_sar,0,2
0.11850116,2,rgb_sar,0,2
-0.09127248,2,rgb_sar,0,2
0.17448135,2,rgb_sar,0,2
0.19292463,2,rgb_sar,0,2
0.23834223,2,rgb_sar,0,2
0.24650434,2,rgb_sar,0,2
0.2069807,2,rgb_sar,0,2
0.16947734,2,rgb_sar,0,2
0.04792716,2,rgb_sar,0,2
0.12425211,2,rgb_sar,0,2
0.12774631,2,rgb_sar,0,2
0.1836207,2,rgb_sar,0,2
0.19386652,2,rgb_sar,0,2
0.113060445,2,rgb_sar,0,2
0.2320763,2,rgb_sar,0,2
0.24628744,2,rgb_sar,0,2
0.20611936,2,rgb_sar,0,2
0.20252761,2,rgb_sar,0,2
0.28136343,2,rgb_sar,0,2
0.27272677,2,rgb_sar,0,2
0.112335324,2,rgb_sar,0,2
0.13793364,2,rgb_sar,0,2
0.23396777,2,rgb_sar,0,2
0.22792551,2,rgb_sar,0,2
0.3224041,2,rgb_sar,0,2
0.34371874,2,rgb_sar,0,2
0.36933792,2,rgb_sar,0,2
0.39482248,2,rgb_sar,0,2
0.37769386,2,rgb_sar,0,2
0.40872568,2,rgb_sar,0,2
0.41506937,2,rgb_sar,0,2
0.32665226,2,rgb_sar,0,2
0.34120432,2,rgb_sar,0,2
0.3892178,2,rgb_sar,0,2
0.37885714,2,rgb_sar,0,2
0.113713175,8,rgb_sar,0,2
0.049326938,8,rgb_sar,0,2
-0.07205373,8,rgb_sar,0,2
0.07354485,8,rgb_sar,0,2
0.20788746,8,rgb_sar,0,2
0.21311735,8,rgb_sar,0,2
0.10792732,8,rgb_sar,0,2
0.1427067,8,rgb_sar,0,2
0.102999166,8,rgb_sar,0,2
0.1765674,8,rgb_sar,0,2
0.31953973,8,rgb_sar,0,2
0.28259566,8,rgb_sar,0,2
0.18395486,8,rgb_sar,0,2
0.23198229,8,rgb_sar,0,2
0.25768283,8,rgb_sar,0,2
0.26228267,8,rgb_sar,0,2
0.26401243,8,rgb_sar,0,2
0.29215974,8,rgb_sar,0,2
0.3137529,8,rgb_sar,0,2
0.3039751,8,rgb_sar,0,2
0.32650906,8,rgb_sar,0,2
0.3539649,8,rgb_sar,0,2
0.14177525,8,rgb_sar,0,2
0.09559134,8,rgb_sar,0,2
0.15097642,8,rgb_sar,0,2
0.20004164,8,rgb_sar,0,2
0.3016011,8,rgb_sar,0,2
0.38834,8,rgb_sar,0,2
0.35169056,8,rgb_sar,0,2
0.3498744,8,rgb_sar,0,2
0.3058048,8,rgb_sar,0,2
0.38485533,8,rgb_sar,0,2
0.3429335,8,rgb_sar,0,2
0.30231586,8,rgb_sar,0,2
0.3173445,8,rgb_sar,0,2
0.3133955,8,rgb_sar,0,2
0.32277548,8,rgb_sar,0,2
0.36490816,8,rgb_sar,0,2
0.407404,8,rgb_sar,0,2
0.36072022,8,rgb_sar,0,2
0.31747115,8,rgb_sar,0,2
0.2641778,8,rgb_sar,0,2
0.37112546,8,rgb_sar,0,2
0.32940638,8,rgb_sar,0,2
0.33558032,8,rgb_sar,0,2
0.3054011,8,rgb_sar,0,2
0.27598694,8,rgb_sar,0,2
0.28011984,8,rgb_sar,0,2
0.3425687,8,rgb_sar,0,2
0.29643053,8,rgb_sar,0,2
0.26928493,8,rgb_sar,0,2
0.22598663,8,rgb_sar,0,2
0.3437061,8,rgb_sar,0,2
0.32900825,8,rgb_sar,0,2
0.288692,8,rgb_sar,0,2
0.2292479,8,rgb_sar,0,2
0.19377314,8,rgb_sar,0,2
0.21555465,8,rgb_sar,0,2
0.38220066,8,rgb_sar,0,2
0.28533107,8,rgb_sar,0,2
0.23813923,8,rgb_sar,0,2
0.17655802,8,rgb_sar,0,2
0.26541632,8,rgb_sar,0,2
0.2924405,8,rgb_sar,0,2
0.20177735,2,rgb_sar,0,2
0.18771887,2,rgb_sar,0,2
0.1797865,2,rgb_sar,0,2
-0.007868102,2,rgb_sar,0,2
0.1950984,2,rgb_sar,0,2
0.31048322,2,rgb_sar,0,2
0.3038826,2,rgb_sar,0,2
0.3384992,2,rgb_sar,0,2
0.2977193,2,rgb_sar,0,2
0.24699658,2,rgb_sar,0,2
0.111402586,2,rgb_sar,0,2
0.2401472,2,rgb_sar,0,2
0.27768707,2,rgb_sar,0,2
0.26235843,2,rgb_sar,0,2
0.2632656,2,rgb_sar,0,2
0.17389366,2,rgb_sar,0,2
0.20613797,2,rgb_sar,0,2
0.24231745,2,rgb_sar,0,2
0.2201544,2,rgb_sar,0,2
0.26019382,2,rgb_sar,0,2
0.2610344,2,rgb_sar,0,2
0.20661792,2,rgb_sar,0,2
0.10982122,2,rgb_sar,0,2
0.19141117,2,rgb_sar,0,2
0.21722451,2,rgb_sar,0,2
0.24490954,2,rgb_sar,0,2
0.34217733,2,rgb_sar,0,2
0.35409498,2,rgb_sar,0,2
0.40309525,2,rgb_sar,0,2
0.39925689,2,rgb_sar,0,2
0.3971907,2,rgb_sar,0,2
0.4184949,2,rgb_sar,0,2
0.3736713,2,rgb_sar,0,2
0.23935099,2,rgb_sar,0,2
0.32604396,2,rgb_sar,0,2
0.35848397,2,rgb_sar,0,2
0.36624873,2,rgb_sar,0,2
0.14923093,7,rgb_sar,0,2
0.08453716,7,rgb_sar,0,2
0.23741853,7,rgb_sar,0,2
0.20756897,7,rgb_sar,0,2
0.18666954,7,rgb_sar,0,2
0.122806095,7,rgb_sar,0,2
0.102192186,7,rgb_sar,0,2
0.055466183,7,rgb_sar,0,2
-0.002374649,7,rgb_sar,0,2
0.0065557603,7,rgb_sar,0,2
-0.039343044,7,rgb_sar,0,2
0.045776173,7,rgb_sar,0,2
0.038060598,7,rgb_sar,0,2
-0.0077711083,7,rgb_sar,0,2
-0.03224341,7,rgb_sar,0,2
0.03699885,7,rgb_sar,0,2
-0.003423825,7,rgb_sar,0,2
-0.068877295,7,rgb_sar,0,2
-0.03410162,7,rgb_sar,0,2
0.070785925,7,rgb_sar,0,2
-0.02462937,7,rgb_sar,0,2
0.01666351,7,rgb_sar,0,2
0.11396809,7,rgb_sar,0,2
0.1549735,7,rgb_sar,0,2
0.24013889,7,rgb_sar,0,2
0.20001718,7,rgb_sar,0,2
0.19834909,7,rgb_sar,0,2
0.219239,7,rgb_sar,0,2
0.233409,7,rgb_sar,0,2
0.16742247,7,rgb_sar,0,2
0.061859455,7,rgb_sar,0,2
0.023248274,7,rgb_sar,0,2
0.021658678,7,rgb_sar,0,2
0.09469073,7,rgb_sar,0,2
0.17344779,7,rgb_sar,0,2
0.10733322,7,rgb_sar,0,2
0.075811945,7,rgb_sar,0,2
0.02601076,7,rgb_sar,0,2
0.12821373,7,rgb_sar,0,2
0.12349449,7,rgb_sar,0,2
0.05403477,7,rgb_sar,0,2
0.030868521,7,rgb_sar,0,2
0.13641557,7,rgb_sar,0,2
0.122929335,7,rgb_sar,0,2
0.0905461,2,rgb_sar,0,2
0.16655447,2,rgb_sar,0,2
0.10023754,2,rgb_sar,0,2
0.06305882,2,rgb_sar,0,2
0.22076792,2,rgb_sar,0,2
0.18784222,2,rgb_sar,0,2
0.2231633,2,rgb_sar,0,2
0.18657756,2,rgb_sar,0,2
0.11855297,2,rgb_sar,0,2
0.06830558,2,rgb_sar,0,2
0.09384599,2,rgb_sar,0,2
0.1479545,2,rgb_sar,0,2
0.1399334,2,rgb_sar,0,2
0.22090617,2,rgb_sar,0,2
0.15178195,2,rgb_sar,0,2
0.23169777,2,rgb_sar,0,2
0.23951875,2,rgb_sar,0,2
0.19829315,2,rgb_sar,0,2
0.17814326,2,rgb_sar,0,2
0.18702766,2,rgb_sar,0,2
0.19041699,2,rgb_sar,0,2
0.17400156,2,rgb_sar,0,2
0.1223212,2,rgb_sar,0,2
0.059791073,2,rgb_sar,0,2
0.09526149,2,rgb_sar,0,2
0.18631738,2,rgb_sar,0,2
0.1423274,2,rgb_sar,0,2
0.12420651,2,rgb_sar,0,2
0.1519579,2,rgb_sar,0,2
0.16573915,2,rgb_sar,0,2
0.16231152,2,rgb_sar,0,2
0.17087096,2,rgb_sar,0,2
0.19040918,2,rgb_sar,0,2
0.10068545,2,rgb_sar,0,2
0.08008583,2,rgb_sar,0,2
0.08311959,2,rgb_sar,0,2
0.11886765,2,rgb_sar,0,2
0.16686563,2,rgb_sar,0,2
0.22642994,2,rgb_sar,0,2
0.1642333,2,rgb_sar,0,2
0.13439788,2,rgb_sar,0,2
0.12722085,2,rgb_sar,0,2
0.18420094,2,rgb_sar,0,2
0.15117851,2,rgb_sar,0,2
0.15713878,2,rgb_sar,0,2
0.09997655,2,rgb_sar,0,2
0.12950425,2,rgb_sar,0,2
0.14711401,2,rgb_sar,0,2
0.1397393,2,rgb_sar,0,2
0.18643788,2,rgb_sar,0,2
0.14429156,2,rgb_sar,0,2
0.17443198,2,rgb_sar,0,2
0.17088224,2,rgb_sar,0,2
0.17272484,2,rgb_sar,0,2
0.216164,2,rgb_sar,0,2
0.17166813,2,rgb_sar,0,2
0.16100481,2,rgb_sar,0,2
0.19868001,2,rgb_sar,0,2
0.16934931,2,rgb_sar,0,2
0.22109726,2,rgb_sar,0,2
0.25661266,2,rgb_sar,0,2
0.2046281,2,rgb_sar,0,2
0.04077384,2,rgb_sar,0,2
0.103269055,2,rgb_sar,0,2
0.13830282,2,rgb_sar,0,2
0.17964885,2,rgb_sar,0,2
0.25304803,2,rgb_sar,0,2
0.21868041,2,rgb_sar,0,2
0.23427792,2,rgb_sar,0,2
0.109787226,2,rgb_sar,0,2
0.05698185,2,rgb_sar,0,2
0.076505795,2,rgb_sar,0,2
0.13924837,2,rgb_sar,0,2
0.17837176,2,rgb_sar,0,2
0.15220281,2,rgb_sar,0,2
0.15629792,2,rgb_sar,0,2
0.28934997,2,rgb_sar,0,2
0.18888663,2,rgb_sar,0,2
0.15832038,2,rgb_sar,0,2
0.13535362,2,rgb_sar,0,2
0.18450111,2,rgb_sar,0,2
0.15667401,2,rgb_sar,0,2
0.19411197,2,rgb_sar,0,2
0.20629326,2,rgb_sar,0,2
0.22144711,2,rgb_sar,0,2
0.14350188,2,rgb_sar,0,2
0.16576254,2,rgb_sar,0,2
0.19123316,2,rgb_sar,0,2
0.15577433,2,rgb_sar,0,2
0.15380353,2,rgb_sar,0,2
0.13161036,2,rgb_sar,0,2
0.20178142,2,rgb_sar,0,2
0.20687371,2,rgb_sar,0,2
0.23496194,2,rgb_sar,0,2
0.23484515,2,rgb_sar,0,2
0.23779158,2,rgb_sar,0,2
0.17023489,2,rgb_sar,0,2
0.22282581,2,rgb_sar,0,2
0.17996615,2,rgb_sar,0,2
0.17578764,2,rgb_sar,0,2
0.18732266,2,rgb_sar,0,2
0.27657002,2,rgb_sar,0,2
0.3106355,2,rgb_sar,0,2
0.32278597,2,rgb_sar,0,2
0.23033509,2,rgb_sar,0,2
0.20999643,2,rgb_sar,0,2
0.23974198,2,rgb_sar,0,2
0.19404753,2,rgb_sar,0,2
0.24954484,2,rgb_sar,0,2
0.15755977,2,rgb_sar,0,2
0.2559508,2,rgb_sar,0,2
0.19835728,2,rgb_sar,0,2
0.22529417,2,rgb_sar,0,2
0.30196732,2,rgb_sar,0,2
0.26369616,2,rgb_sar,0,2
0.23907275,2,rgb_sar,0,2
0.24826953,2,rgb_sar,0,2
0.23070067,2,rgb_sar,0,2
0.37072867,2,rgb_sar,0,2
0.3631262,2,rgb_sar,0,2
0.32134652,2,rgb_sar,0,2
0.3670927,2,rgb_sar,0,2
0.4254545,2,rgb_sar,0,2
0.41547394,2,rgb_sar,0,2
0.4085524,2,rgb_sar,0,2
0.43763313,2,rgb_sar,0,2
0.3803978,2,rgb_sar,0,2
0.36392003,2,rgb_sar,0,2
0.21200386,2,rgb_sar,0,2
0.28284433,2,rgb_sar,0,2
0.28795165,2,rgb_sar,0,2
0.16156037,2,rgb_sar,0,2
0.15666783,2,rgb_sar,0,2
0.17922556,2,rgb_sar,0,2
0.22973233,2,rgb_sar,0,2
0.2865424,2,rgb_sar,0,2
0.26104686,2,rgb_sar,0,2
0.20162198,2,rgb_sar,0,2
0.2427279,2,rgb_sar,0,2
0.2642363,2,rgb_sar,0,2
0.30792463,2,rgb_sar,0,2
0.35408527,2,rgb_sar,0,2
0.33133343,2,rgb_sar,0,2
0.32599986,2,rgb_sar,0,2
0.33234626,2,rgb_sar,0,2
0.35204047,2,rgb_sar,0,2
0.3416236,2,rgb_sar,0,2
0.37504077,2,rgb_sar,0,2
0.39039713,2,rgb_sar,0,2
0.39746678,2,rgb_sar,0,2
0.2086404,2,rgb_sar,0,2
0.20252135,2,rgb_sar,0,2
0.22481892,2,rgb_sar,0,2
0.16009443,2,rgb_sar,0,2
0.14536029,2,rgb_sar,0,2
0.19566149,2,rgb_sar,0,2
0.17552856,2,rgb_sar,0,2
0.22141837,2,rgb_sar,0,2
0.17874458,2,rgb_sar,0,2
0.17382754,2,rgb_sar,0,2
0.2103099,2,rgb_sar,0,2
0.17042863,2,rgb_sar,0,2
0.25587267,8,rgb_sar,0,2
0.24963348,8,rgb_sar,0,2
0.29739365,8,rgb_sar,0,2
0.33733898,8,rgb_sar,0,2
0.21846074,8,rgb_sar,0,2
0.28689003,8,rgb_sar,0,2
0.324197,8,rgb_sar,0,2
0.37116292,8,rgb_sar,0,2
0.5014689,8,rgb_sar,0,2
0.10273134,8,rgb_sar,0,2
0.20981324,8,rgb_sar,0,2
0.27412713,8,rgb_sar,0,2
0.2966144,8,rgb_sar,0,2
0.30868444,8,rgb_sar,0,2
0.3773873,8,rgb_sar,0,2
0.45462334,8,rgb_sar,0,2
0.53101516,8,rgb_sar,0,2
0.12263592,8,rgb_sar,0,2
0.17968345,8,rgb_sar,0,2
0.2813099,8,rgb_sar,0,2
0.3107067,8,rgb_sar,0,2
0.3164605,8,rgb_sar,0,2
0.34444284,8,rgb_sar,0,2
0.4157925,8,rgb_sar,0,2
0.51727563,8,rgb_sar,0,2
0.12695864,8,rgb_sar,0,2
0.29162684,8,rgb_sar,0,2
0.34450006,8,rgb_sar,0,2
0.34725505,8,rgb_sar,0,2
0.3037522,8,rgb_sar,0,2
0.33526495,8,rgb_sar,0,2
0.47924697,8,rgb_sar,0,2
0.20158403,8,rgb_sar,0,2
0.3342622,8,rgb_sar,0,2
0.392025,8,rgb_sar,0,2
0.38090652,8,rgb_sar,0,2
0.3400547,8,rgb_sar,0,2
0.35531592,8,rgb_sar,0,2
0.5172266,8,rgb_sar,0,2
0.3395672,8,rgb_sar,0,2
0.39934942,8,rgb_sar,0,2
0.3615746,8,rgb_sar,0,2
0.29835218,8,rgb_sar,0,2
0.38166535,8,rgb_sar,0,2
0.53542376,8,rgb_sar,0,2
0.36944354,8,rgb_sar,0,2
0.28775433,8,rgb_sar,0,2
0.32496446,8,rgb_sar,0,2
0.47026813,8,rgb_sar,0,2
0.20340526,8,rgb_sar,0,2
0.24430509,8,rgb_sar,0,2
0.3898211,8,rgb_sar,0,2
0.4278034,8,rgb_sar,0,2
0.2902289,8,rgb_sar,0,2
0.387413,8,rgb_sar,0,2
0.42217594,8,rgb_sar,0,2
0.45908582,8,rgb_sar,0,2
0.4486909,8,rgb_sar,0,2
0.13164839,8,rgb_sar,0,2
0.1738872,8,rgb_sar,0,2
0.2871555,8,rgb_sar,0,2
0.3530857,8,rgb_sar,0,2
0.44726545,8,rgb_sar,0,2
0.47803503,8,rgb_sar,0,2
0.5063499,8,rgb_sar,0,2
0.48835018,8,rgb_sar,0,2
0.40690845,8,rgb_sar,0,2
0.12255728,8,rgb_sar,0,2
0.21172293,8,rgb_sar,0,2
0.33795592,8,rgb_sar,0,2
0.3840764,8,rgb_sar,0,2
0.48836124,8,rgb_sar,0,2
0.5212109,8,rgb_sar,0,2
0.50550085,8,rgb_sar,0,2
0.49120662,8,rgb_sar,0,2
0.4121607,8,rgb_sar,0,2
0.40576532,8,rgb_sar,0,2
0.3935241,8,rgb_sar,0,2
0.30384487,8,rgb_sar,0,2
0.41405284,8,rgb_sar,0,2
0.41045308,8,rgb_sar,0,2
0.44206145,8,rgb_sar,0,2
0.45275703,8,rgb_sar,0,2
0.43741605,8,rgb_sar,0,2
0.45642698,8,rgb_sar,0,2
0.41878992,8,rgb_sar,0,2
0.3905902,8,rgb_sar,0,2
0.2879308,8,rgb_sar,0,2
0.32262757,8,rgb_sar,0,2
0.44971013,8,rgb_sar,0,2
0.4290854,8,rgb_sar,0,2
0.41401613,8,rgb_sar,0,2
0.41098654,8,rgb_sar,0,2
0.40274125,8,rgb_sar,0,2
0.44853216,8,rgb_sar,0,2
0.4121492,8,rgb_sar,0,2
0.39088076,8,rgb_sar,0,2
0.23309197,8,rgb_sar,0,2
0.49449897,8,rgb_sar,0,2
0.4593723,8,rgb_sar,0,2
0.4010564,8,rgb_sar,0,2
0.3879146,8,rgb_sar,0,2
0.42776668,8,rgb_sar,0,2
0.48165968,8,rgb_sar,0,2
0.44974893,8,rgb_sar,0,2
0.40714547,8,rgb_sar,0,2
0.40980947,8,rgb_sar,0,2
0.45988172,8,rgb_sar,0,2
0.51257366,8,rgb_sar,0,2
0.45441562,8,rgb_sar,0,2
0.57884383,8,rgb_sar,0,2
0.5625996,8,rgb_sar,0,2
0.44104135,8,rgb_sar,0,2
0.3435158,8,rgb_sar,0,2
0.48496348,8,rgb_sar,0,2
0.39132082,8,rgb_sar,0,2
0.25970402,8,rgb_sar,0,2
0.46725735,8,rgb_sar,0,2
0.3589037,8,rgb_sar,0,2
0.1511395,8,rgb_sar,0,2
0.44706514,8,rgb_sar,0,2
0.43489024,8,rgb_sar,0,2
0.30405873,8,rgb_sar,0,2
0.22379303,8,rgb_sar,0,2
0.30993855,8,rgb_sar,0,2
0.35346553,8,rgb_sar,0,2
0.30986503,8,rgb_sar,0,2
0.38747478,8,rgb_sar,0,2
0.39344054,8,rgb_sar,0,2
0.47769207,8,rgb_sar,0,2
0.60513663,8,rgb_sar,0,2
0.10494175,8,rgb_sar,0,2
0.11954156,8,rgb_sar,0,2
0.30374715,8,rgb_sar,0,2
0.35145158,8,rgb_sar,0,2
0.4386869,8,rgb_sar,0,2
0.4275633,8,rgb_sar,0,2
0.49242997,8,rgb_sar,0,2
0.6256888,8,rgb_sar,0,2
0.038356677,8,rgb_sar,0,2
0.07397744,8,rgb_sar,0,2
0.28910848,8,rgb_sar,0,2
0.35044426,8,rgb_sar,0,2
0.4353071,8,rgb_sar,0,2
0.43820736,8,rgb_sar,0,2
0.5046618,8,rgb_sar,0,2
0.6247338,8,rgb_sar,0,2
0.21719882,8,rgb_sar,0,2
0.36162156,8,rgb_sar,0,2
0.36528873,8,rgb_sar,0,2
0.37895977,8,rgb_sar,0,2
0.3701846,8,rgb_sar,0,2
0.41297203,8,rgb_sar,0,2
0.5721959,8,rgb_sar,0,2
0.2606169,8,rgb_sar,0,2
0.4064972,8,rgb_sar,0,2
0.39149284,8,rgb_sar,0,2
0.3728231,8,rgb_sar,0,2
0.38262284,8,rgb_sar,0,2
0.39693233,8,rgb_sar,0,2
0.56621736,8,rgb_sar,0,2
0.40010464,8,rgb_sar,0,2
0.40389737,8,rgb_sar,0,2
0.37735832,8,rgb_sar,0,2
0.39186102,8,rgb_sar,0,2
0.4180426,8,rgb_sar,0,2
0.5713389,8,rgb_sar,0,2
0.36468217,8,rgb_sar,0,2
0.3788695,8,rgb_sar,0,2
0.38628498,8,rgb_sar,0,2
0.51030993,8,rgb_sar,0,2
0.40522236,8,rgb_sar,0,2
0.40777546,8,rgb_sar,0,2
0.3778031,8,rgb_sar,0,2
0.36518162,8,rgb_sar,0,2
0.38411725,8,rgb_sar,0,2
0.37784475,8,rgb_sar,0,2
0.32179,8,rgb_sar,0,2
0.33872318,8,rgb_sar,0,2
0.36656624,8,rgb_sar,0,2
0.3813306,8,rgb_sar,0,2
0.38869002,8,rgb_sar,0,2
0.34534985,8,rgb_sar,0,2
0.30970418,8,rgb_sar,0,2
0.27476352,8,rgb_sar,0,2
0.27294078,8,rgb_sar,0,2
0.26632023,8,rgb_sar,0,2
0.31407902,8,rgb_sar,0,2
0.31694064,8,rgb_sar,0,2
0.35166547,8,rgb_sar,0,2
0.33540753,8,rgb_sar,0,2
0.31213412,8,rgb_sar,0,2
0.273195,8,rgb_sar,0,2
0.2584558,8,rgb_sar,0,2
0.30361408,8,rgb_sar,0,2
0.22303885,8,rgb_sar,0,2
0.33656693,8,rgb_sar,0,2
0.3291112,8,rgb_sar,0,2
0.2750124,8,rgb_sar,0,2
0.20732522,8,rgb_sar,0,2
0.25668997,8,rgb_sar,0,2
0.26080608,8,rgb_sar,0,2
0.10152927,8,rgb_sar,0,2
0.3165032,8,rgb_sar,0,2
0.30901915,8,rgb_sar,0,2
0.2484004,8,rgb_sar,0,2
0.2954688,8,rgb_sar,0,2
0.28399247,8,rgb_sar,0,2
0.17058524,8,rgb_sar,0,2
0.30228516,8,rgb_sar,0,2
0.21803838,8,rgb_sar,0,2
0.100294486,8,rgb_sar,0,2
0.1979265,8,rgb_sar,0,2
0.38609517,8,rgb_sar,0,2
0.4477783,8,rgb_sar,0,2
0.43014473,8,rgb_sar,0,2
0.50784534,8,rgb_sar,0,2
0.48959273,8,rgb_sar,0,2
0.41709352,8,rgb_sar,0,2
0.44611567,8,rgb_sar,0,2
0.4650064,8,rgb_sar,0,2
0.14889656,8,rgb_sar,0,2
0.2105279,8,rgb_sar,0,2
0.4482358,8,rgb_sar,0,2
0.4528555,8,rgb_sar,0,2
0.39709347,8,rgb_sar,0,2
0.37958196,8,rgb_sar,0,2
0.4067569,8,rgb_sar,0,2
0.40897572,8,rgb_sar,0,2
0.40729314,8,rgb_sar,0,2
0.16297722,8,rgb_sar,0,2
0.21960394,8,rgb_sar,0,2
0.3924396,8,rgb_sar,0,2
0.3900636,8,rgb_sar,0,2
0.41061866,8,rgb_sar,0,2
0.39106455,8,rgb_sar,0,2
0.41588843,8,rgb_sar,0,2
0.42883185,8,rgb_sar,0,2
0.41479903,8,rgb_sar,0,2
0.44352794,8,rgb_sar,0,2
0.34045148,8,rgb_sar,0,2
0.23412257,8,rgb_sar,0,2
0.4005771,8,rgb_sar,0,2
0.39430746,8,rgb_sar,0,2
0.40477467,8,rgb_sar,0,2
0.39978936,8,rgb_sar,0,2
0.4213481,8,rgb_sar,0,2
0.41875264,8,rgb_sar,0,2
0.39573017,8,rgb_sar,0,2
0.4067099,8,rgb_sar,0,2
0.30421937,8,rgb_sar,0,2
0.2980673,8,rgb_sar,0,2
0.43780363,8,rgb_sar,0,2
0.43057364,8,rgb_sar,0,2
0.3904555,8,rgb_sar,0,2
0.3934145,8,rgb_sar,0,2
0.41566417,8,rgb_sar,0,2
0.4050556,8,rgb_sar,0,2
0.39269876,8,rgb_sar,0,2
0.40814686,8,rgb_sar,0,2
0.2979805,8,rgb_sar,0,2
0.422435,8,rgb_sar,0,2
0.43356133,8,rgb_sar,0,2
0.4208006,8,rgb_sar,0,2
0.40378678,8,rgb_sar,0,2
0.3965745,8,rgb_sar,0,2
0.38821042,8,rgb_sar,0,2
0.37181258,8,rgb_sar,0,2
0.4419123,8,rgb_sar,0,2
0.43339604,8,rgb_sar,0,2
0.4272125,8,rgb_sar,0,2
0.407583,8,rgb_sar,0,2
0.36174545,8,rgb_sar,0,2
0.47531265,8,rgb_sar,0,2
0.47156304,8,rgb_sar,0,2
0.4438568,8,rgb_sar,0,2
0.4064287,8,rgb_sar,0,2
0.4156204,8,rgb_sar,0,2
0.46048197,8,rgb_sar,0,2
0.37552774,8,rgb_sar,0,2
0.31159645,8,rgb_sar,0,2
0.28841776,8,rgb_sar,0,2
0.41373345,8,rgb_sar,0,2
0.40558553,8,rgb_sar,0,2
0.34769773,8,rgb_sar,0,2
0.32724965,8,rgb_sar,0,2
0.27194816,8,rgb_sar,0,2
0.2632527,8,rgb_sar,0,2
0.2647824,8,rgb_sar,0,2
0.27733433,8,rgb_sar,0,2
0.25780767,8,rgb_sar,0,2
0.35687697,8,rgb_sar,0,2
0.36851466,8,rgb_sar,0,2
0.31847006,8,rgb_sar,0,2
0.29372603,8,rgb_sar,0,2
0.2149906,8,rgb_sar,0,2
0.1700751,8,rgb_sar,0,2
0.22090733,8,rgb_sar,0,2
0.39019057,8,rgb_sar,0,2
0.43209404,8,rgb_sar,0,2
0.34439838,8,rgb_sar,0,2
0.2588461,8,rgb_sar,0,2
0.2263219,8,rgb_sar,0,2
0.18739751,8,rgb_sar,0,2
0.13211723,8,rgb_sar,0,2
0.4077451,8,rgb_sar,0,2
0.4221475,8,rgb_sar,0,2
0.30596295,8,rgb_sar,0,2
0.27808017,8,rgb_sar,0,2
0.19715561,8,rgb_sar,0,2
0.1546067,8,rgb_sar,0,2
0.30868137,8,rgb_sar,0,2
0.18371579,8,rgb_sar,0,2
0.12311186,8,rgb_sar,0,2
0.48498684,8,rgb_sar,0,2
0.48631668,8,rgb_sar,0,2
0.40284476,8,rgb_sar,0,2
0.3381872,8,rgb_sar,0,2
0.47683853,8,rgb_sar,0,2
0.39169127,8,rgb_sar,0,2
0.26563257,8,rgb_sar,0,2
0.48771772,8,rgb_sar,0,2
0.3646347,8,rgb_sar,0,2
0.19175765,8,rgb_sar,0,2
0.49436867,8,rgb_sar,0,2
0.48141003,8,rgb_sar,0,2
0.50855297,2,rgb_sar,0,2
0.6186662,2,rgb_sar,0,2
0.31582826,2,rgb_sar,0,2
0.27363735,2,rgb_sar,0,2
0.3078255,2,rgb_sar,0,2
0.2257133,2,rgb_sar,0,2
0.4322756,2,rgb_sar,0,2
0.39479303,2,rgb_sar,0,2
0.40924743,2,rgb_sar,0,2
0.33604997,2,rgb_sar,0,2
0.55555177,2,rgb_sar,0,2
0.42092147,2,rgb_sar,0,2
0.27449372,2,rgb_sar,0,2
0.6631662,2,rgb_sar,0,2
0.55698746,2,rgb_sar,0,2
0.4376256,2,rgb_sar,0,2
0.37173328,8,rgb_sar,0,2
0.3931356,8,rgb_sar,0,2
0.45196688,8,rgb_sar,0,2
0.52664506,8,rgb_sar,0,2
0.5690031,8,rgb_sar,0,2
0.49120292,8,rgb_sar,0,2
0.34063303,8,rgb_sar,0,2
0.33280933,8,rgb_sar,0,2
0.35043103,8,rgb_sar,0,2
0.35004407,8,rgb_sar,0,2
0.38447723,8,rgb_sar,0,2
0.38076454,8,rgb_sar,0,2
0.37984562,8,rgb_sar,0,2
0.3418633,8,rgb_sar,0,2
0.32034183,8,rgb_sar,0,2
0.31268877,8,rgb_sar,0,2
0.36860555,8,rgb_sar,0,2
0.32400513,8,rgb_sar,0,2
0.3610836,8,rgb_sar,0,2
0.36744952,8,rgb_sar,0,2
0.3460574,8,rgb_sar,0,2
0.32641017,8,rgb_sar,0,2
0.31483746,8,rgb_sar,0,2
0.27257735,8,rgb_sar,0,2
0.26631796,8,rgb_sar,0,2
0.38939664,8,rgb_sar,0,2
0.36656672,8,rgb_sar,0,2
0.34865963,8,rgb_sar,0,2
0.33311468,8,rgb_sar,0,2
0.37294617,8,rgb_sar,0,2
0.3566107,8,rgb_sar,0,2
0.2940731,8,rgb_sar,0,2
0.38111734,8,rgb_sar,0,2
0.37606585,8,rgb_sar,0,2
0.33302352,8,rgb_sar,0,2
0.40628457,8,rgb_sar,0,2
0.37014043,8,rgb_sar,0,2
0.2656237,8,rgb_sar,0,2
0.34223688,8,rgb_sar,0,2
0.22689822,8,rgb_sar,0,2
0.109521896,8,rgb_sar,0,2
0.38865143,8,rgb_sar,0,2
0.36687702,8,rgb_sar,0,2
0.38229644,8,rgb_sar,0,2
0.41481167,8,rgb_sar,0,2
0.41701913,8,rgb_sar,0,2
0.40115127,8,rgb_sar,0,2
0.40731537,8,rgb_sar,0,2
0.4036952,8,rgb_sar,0,2
0.3556065,8,rgb_sar,0,2
0.37483603,8,rgb_sar,0,2
0.38256544,8,rgb_sar,0,2
0.38197365,8,rgb_sar,0,2
0.40728453,8,rgb_sar,0,2
0.34130552,8,rgb_sar,0,2
0.33240715,8,rgb_sar,0,2
0.3595914,8,rgb_sar,0,2
0.31778407,8,rgb_sar,0,2
0.2681197,8,rgb_sar,0,2
0.40489283,8,rgb_sar,0,2
0.44498825,8,rgb_sar,0,2
0.4140487,8,rgb_sar,0,2
0.39341956,8,rgb_sar,0,2
0.28866112,8,rgb_sar,0,2
0.23665476,8,rgb_sar,0,2
0.21050993,8,rgb_sar,0,2
0.37263867,8,rgb_sar,0,2
0.42835018,8,rgb_sar,0,2
0.38734835,8,rgb_sar,0,2
0.30247343,8,rgb_sar,0,2
0.26531282,8,rgb_sar,0,2
0.2546525,8,rgb_sar,0,2
0.10976645,8,rgb_sar,0,2
0.37348258,8,rgb_sar,0,2
0.36876646,8,rgb_sar,0,2
0.30660918,8,rgb_sar,0,2
0.2736169,8,rgb_sar,0,2
0.22149286,8,rgb_sar,0,2
0.19306046,8,rgb_sar,0,2
0.257324,8,rgb_sar,0,2
0.17462169,8,rgb_sar,0,2
0.18234819,8,rgb_sar,0,2
0.4524547,2,rgb_sar,0,2
0.43573564,2,rgb_sar,0,2
0.2539559,2,rgb_sar,0,2
0.15936017,2,rgb_sar,0,2
0.1580562,2,rgb_sar,0,2
0.19507217,2,rgb_sar,0,2
0.222455,2,rgb_sar,0,2
0.11795479,2,rgb_sar,0,2
0.14380899,2,rgb_sar,0,2
0.20884463,2,rgb_sar,0,2
0.12237207,2,rgb_sar,0,2
0.2811433,2,rgb_sar,0,2
0.31928933,2,rgb_sar,0,2
0.21433133,2,rgb_sar,0,2
0.11979825,2,rgb_sar,0,2
0.18883705,2,rgb_sar,0,2
0.26962346,2,rgb_sar,0,2
0.17862707,2,rgb_sar,0,2
0.22017795,2,rgb_sar,0,2
0.20503302,2,rgb_sar,0,2
0.15677595,2,rgb_sar,0,2
0.33405942,2,rgb_sar,0,2
0.24006581,2,rgb_sar,0,2
0.2118403,2,rgb_sar,0,2
0.1857208,2,rgb_sar,0,2
0.3057108,2,rgb_sar,0,2
0.2647409,2,rgb_sar,0,2
0.20075615,2,rgb_sar,0,2
0.21916175,2,rgb_sar,0,2
0.24407369,2,rgb_sar,0,2
0.2782361,2,rgb_sar,0,2
0.25651315,2,rgb_sar,0,2
0.27100614,2,rgb_sar,0,2
0.1853043,2,rgb_sar,0,2
0.3308051,2,rgb_sar,0,2
0.21132758,2,rgb_sar,0,2
0.1673461,2,rgb_sar,0,2
0.29423314,2,rgb_sar,0,2
0.18699133,2,rgb_sar,0,2
0.07642865,2,rgb_sar,0,2
0.11059627,2,rgb_sar,0,2
0.010493908,2,rgb_sar,0,2
0.16596021,2,rgb_sar,0,2
0.14011928,2,rgb_sar,0,2
0.112223625,2,rgb_sar,0,2
0.00085204095,2,rgb_sar,0,2
0.106639236,2,rgb_sar,0,2
0.12859818,2,rgb_sar,0,2
0.19887796,2,rgb_sar,0,2
0.20089142,2,rgb_sar,0,2
0.20988326,2,rgb_sar,0,2
0.22638497,2,rgb_sar,0,2
0.29516035,2,rgb_sar,0,2
0.28604323,2,rgb_sar,0,2
0.2663282,2,rgb_sar,0,2
0.23483025,2,rgb_sar,0,2
0.25736773,2,rgb_sar,0,2
0.26637548,2,rgb_sar,0,2
0.2768139,2,rgb_sar,0,2
0.21757911,2,rgb_sar,0,2
0.25371194,2,rgb_sar,0,2
0.22378762,2,rgb_sar,0,2
0.23776278,2,rgb_sar,0,2
0.22087899,2,rgb_sar,0,2
0.3289652,2,rgb_sar,0,2
0.2501583,2,rgb_sar,0,2
0.30490106,2,rgb_sar,0,2
0.3278692,2,rgb_sar,0,2
0.24915576,2,rgb_sar,0,2
0.11775456,2,rgb_sar,0,2
0.13752754,2,rgb_sar,0,2
0.21912515,2,rgb_sar,0,2
0.17130932,2,rgb_sar,0,2
0.26603723,2,rgb_sar,0,2
0.22739092,2,rgb_sar,0,2
0.24502397,2,rgb_sar,0,2
0.1989324,2,rgb_sar,0,2
0.24593952,2,rgb_sar,0,2
0.26540715,2,rgb_sar,0,2
0.327882,2,rgb_sar,0,2
0.20371191,2,rgb_sar,0,2
0.24624217,2,rgb_sar,0,2
0.31856757,2,rgb_sar,0,2
0.33686095,2,rgb_sar,0,2
0.26067156,2,rgb_sar,0,2
0.28364807,2,rgb_sar,0,2
0.22366388,2,rgb_sar,0,2
0.23822908,2,rgb_sar,0,2
0.3656417,2,rgb_sar,0,2
0.21559139,2,rgb_sar,0,2
0.34085745,2,rgb_sar,0,2
0.3471763,2,rgb_sar,0,2
0.23875338,2,rgb_sar,0,2
0.02078757,2,rgb_sar,0,2
0.17176238,2,rgb_sar,0,2
0.20151705,2,rgb_sar,0,2
0.124373764,2,rgb_sar,0,2
0.1994805,2,rgb_sar,0,2
0.19515488,2,rgb_sar,0,2
0.21834566,2,rgb_sar,0,2
0.17432457,2,rgb_sar,0,2
0.22041056,2,rgb_sar,0,2
0.21990527,2,rgb_sar,0,2
0.24334568,2,rgb_sar,0,2
0.2505253,2,rgb_sar,0,2
0.25122172,2,rgb_sar,0,2
0.27098417,2,rgb_sar,0,2
0.2789978,2,rgb_sar,0,2
0.28633666,2,rgb_sar,0,2
0.29912424,2,rgb_sar,0,2
0.2639202,2,rgb_sar,0,2
0.29901916,2,rgb_sar,0,2
0.29526472,7,rgb_sar,0,2
0.2551689,7,rgb_sar,0,2
0.28556994,7,rgb_sar,0,2
0.13562787,7,rgb_sar,0,2
0.13488516,7,rgb_sar,0,2
0.23551708,7,rgb_sar,0,2
0.0806489,7,rgb_sar,0,2
-0.043933816,7,rgb_sar,0,2
0.07559361,7,rgb_sar,0,2
0.3378155,7,rgb_sar,0,2
0.011183981,7,rgb_sar,0,2
-0.063314244,7,rgb_sar,0,2
0.003189059,7,rgb_sar,0,2
0.24782932,7,rgb_sar,0,2
0.026722195,7,rgb_sar,0,2
0.09388475,7,rgb_sar,0,2
0.087711185,7,rgb_sar,0,2
0.24184668,7,rgb_sar,0,2
0.08627753,7,rgb_sar,0,2
0.088651985,7,rgb_sar,0,2
0.04972766,7,rgb_sar,0,2
0.20125012,7,rgb_sar,0,2
0.2934351,7,rgb_sar,0,2
0.31980225,7,rgb_sar,0,2
0.2136778,7,rgb_sar,0,2
0.3181526,7,rgb_sar,0,2
0.26828432,7,rgb_sar,0,2
0.2200088,7,rgb_sar,0,2
0.2161161,7,rgb_sar,0,2
0.1265149,7,rgb_sar,0,2
0.13521253,7,rgb_sar,0,2
0.060751367,7,rgb_sar,0,2
0.035815194,7,rgb_sar,0,2
0.10833192,7,rgb_sar,0,2
0.105736256,7,rgb_sar,0,2
0.021169927,7,rgb_sar,0,2
0.10389965,7,rgb_sar,0,2
0.13139738,7,rgb_sar,0,2
0.04872989,7,rgb_sar,0,2
0.005340997,7,rgb_sar,0,2
-0.010028325,7,rgb_sar,0,2
0.20471314,7,rgb_sar,0,2
0.24159187,7,rgb_sar,0,2
0.14531071,7,rgb_sar,0,2
0.10772807,7,rgb_sar,0,2
0.034237668,7,rgb_sar,0,2
0.004193146,7,rgb_sar,0,2
0.003399169,7,rgb_sar,0,2
-0.0022713076,7,rgb_sar,0,2
0.026747433,7,rgb_sar,0,2
0.0002211146,7,rgb_sar,0,2
0.064147465,7,rgb_sar,0,2
0.08246553,7,rgb_sar,0,2
0.01796744,7,rgb_sar,0,2
-0.026930876,7,rgb_sar,0,2
0.009288294,7,rgb_sar,0,2
0.049849197,7,rgb_sar,0,2
0.07359403,7,rgb_sar,0,2
0.076573744,7,rgb_sar,0,2
0.05587318,7,rgb_sar,0,2
0.108911194,7,rgb_sar,0,2
0.09076724,7,rgb_sar,0,2
0.13531838,7,rgb_sar,0,2
0.20303038,7,rgb_sar,0,2
0.1308455,7,rgb_sar,0,2
0.09170502,7,rgb_sar,0,2
0.055338033,7,rgb_sar,0,2
0.10202508,7,rgb_sar,0,2
0.09413635,7,rgb_sar,0,2
0.1618487,7,rgb_sar,0,2
0.035920836,7,rgb_sar,0,2
0.17138702,7,rgb_sar,0,2
0.16850129,7,rgb_sar,0,2
0.16453236,7,rgb_sar,0,2
0.19993456,7,rgb_sar,0,2
0.052492253,7,rgb_sar,0,2
0.027946845,7,rgb_sar,0,2
-0.02173888,7,rgb_sar,0,2
0.074061856,7,rgb_sar,0,2
0.0007772716,7,rgb_sar,0,2
0.014706718,7,rgb_sar,0,2
0.15757643,7,rgb_sar,0,2
-0.0031936597,7,rgb_sar,0,2
-0.011732544,7,rgb_sar,0,2
-0.0035343058,7,rgb_sar,0,2
0.1529497,7,rgb_sar,0,2
-0.0016115718,7,rgb_sar,0,2
0.07350547,7,rgb_sar,0,2
0.019571586,7,rgb_sar,0,2
0.21996373,7,rgb_sar,0,2
-0.082172275,7,rgb_sar,0,2
-0.023303295,7,rgb_sar,0,2
0.01757526,7,rgb_sar,0,2
0.20579676,7,rgb_sar,0,2
0.21897365,7,rgb_sar,0,2
0.27646476,7,rgb_sar,0,2
0.19141752,7,rgb_sar,0,2
0.20963934,7,rgb_sar,0,2
0.2901553,7,rgb_sar,0,2
0.26024848,7,rgb_sar,0,2
-0.033027112,7,rgb_sar,0,2
-0.059260603,7,rgb_sar,0,2
0.01478682,7,rgb_sar,0,2
-0.003131833,7,rgb_sar,0,2
-0.087789506,7,rgb_sar,0,2
-0.03662364,7,rgb_sar,0,2
0.018662782,7,rgb_sar,0,2
-0.01337051,7,rgb_sar,0,2
-0.02228716,7,rgb_sar,0,2
-0.0015058853,7,rgb_sar,0,2
0.03178734,7,rgb_sar,0,2
0.043449998,7,rgb_sar,0,2
0.07192323,7,rgb_sar,0,2
0.04620764,7,rgb_sar,0,2
0.028137056,7,rgb_sar,0,2
0.010670212,7,rgb_sar,0,2
0.055296328,7,rgb_sar,0,2
0.096923456,7,rgb_sar,0,2
-0.038530096,7,rgb_sar,0,2
-0.08428615,7,rgb_sar,0,2
-0.08297196,7,rgb_sar,0,2
-0.04300126,7,rgb_sar,0,2
0.0025056787,7,rgb_sar,0,2
-0.04444094,7,rgb_sar,0,2
0.033310268,7,rgb_sar,0,2
0.095727086,7,rgb_sar,0,2
0.19024992,7,rgb_sar,0,2
0.16075218,7,rgb_sar,0,2
-0.05526971,7,rgb_sar,0,2
0.031939335,7,rgb_sar,0,2
0.093730316,7,rgb_sar,0,2
-0.14378923,7,rgb_sar,0,2
0.017613625,7,rgb_sar,0,2
0.13271101,7,rgb_sar,0,2
0.19275734,7,rgb_sar,0,2
0.2304686,7,rgb_sar,0,2
0.19718865,7,rgb_sar,0,2
0.15954438,7,rgb_sar,0,2
0.081174344,7,rgb_sar,0,2
0.23477423,7,rgb_sar,0,2
0.1764772,7,rgb_sar,0,2
0.14674638,7,rgb_sar,0,2
0.11316876,7,rgb_sar,0,2
0.2238287,7,rgb_sar,0,2
0.29413304,6,rgb_sar,0,2
0.23009296,6,rgb_sar,0,2
0.2180131,6,rgb_sar,0,2
0.25716108,6,rgb_sar,0,2
0.24358499,6,rgb_sar,0,2
0.29178253,6,rgb_sar,0,2
0.27911365,6,rgb_sar,0,2
0.2463256,6,rgb_sar,0,2
0.2533738,6,rgb_sar,0,2
0.28449702,6,rgb_sar,0,2
0.30174476,6,rgb_sar,0,2
0.28007865,6,rgb_sar,0,2
0.2849,6,rgb_sar,0,2
0.3435931,6,rgb_sar,0,2
0.37520373,6,rgb_sar,0,2
0.32493502,6,rgb_sar,0,2
0.30798462,6,rgb_sar,0,2
0.31464827,6,rgb_sar,0,2
0.33282545,6,rgb_sar,0,2
0.30933726,6,rgb_sar,0,2
0.3448769,6,rgb_sar,0,2
0.34618813,6,rgb_sar,0,2
0.27324986,6,rgb_sar,0,2
0.26936728,6,rgb_sar,0,2
0.2971698,6,rgb_sar,0,2
0.31905437,6,rgb_sar,0,2
0.3230245,6,rgb_sar,0,2
0.13067132,6,rgb_sar,0,2
0.1396909,6,rgb_sar,0,2
0.19619381,6,rgb_sar,0,2
0.25530452,6,rgb_sar,0,2
0.31685692,6,rgb_sar,0,2
0.27052584,6,rgb_sar,0,2
0.25279838,6,rgb_sar,0,2
0.22232656,6,rgb_sar,0,2
0.23963411,6,rgb_sar,0,2
0.27237418,6,rgb_sar,0,2
0.3106149,6,rgb_sar,0,2
0.2381807,6,rgb_sar,0,2
0.20429364,6,rgb_sar,0,2
0.1830776,6,rgb_sar,0,2
0.21783298,6,rgb_sar,0,2
0.29149547,6,rgb_sar,0,2
0.21884546,6,rgb_sar,0,2
0.20394057,6,rgb_sar,0,2
0.19801632,6,rgb_sar,0,2
0.23882839,6,rgb_sar,0,2
0.31105414,6,rgb_sar,0,2
0.24320632,6,rgb_sar,0,2
0.21498811,6,rgb_sar,0,2
0.221943,6,rgb_sar,0,2
0.2054157,6,rgb_sar,0,2
0.17498362,6,rgb_sar,0,2
0.24071382,6,rgb_sar,0,2
0.15759656,6,rgb_sar,0,2
0.14302692,6,rgb_sar,0,2
0.24425931,6,rgb_sar,0,2
0.33425793,6,rgb_sar,0,2
0.33746237,6,rgb_sar,0,2
0.11547653,6,rgb_sar,0,2
0.13259155,6,rgb_sar,0,2
0.27633488,6,rgb_sar,0,2
0.37566245,6,rgb_sar,0,2
0.30547416,6,rgb_sar,0,2
0.21267706,3,rgb_sar,0,2
0.18184733,3,rgb_sar,0,2
0.040510144,3,rgb_sar,0,2
-0.04779479,3,rgb_sar,0,2
-0.053283017,3,rgb_sar,0,2
0.029671516,3,rgb_sar,0,2
-0.009893609,3,rgb_sar,0,2
-0.07802701,3,rgb_sar,0,2
0.01637632,3,rgb_sar,0,2
0.008027002,3,rgb_sar,0,2
0.037071146,3,rgb_sar,0,2
0.102660924,3,rgb_sar,0,2
0.09323751,3,rgb_sar,0,2
0.063060485,3,rgb_sar,0,2
0.005128721,3,rgb_sar,0,2
-0.01887016,3,rgb_sar,0,2
-0.020689871,3,rgb_sar,0,2
-0.09140922,3,rgb_sar,0,2
-0.050165847,3,rgb_sar,0,2
-0.0020538522,3,rgb_sar,0,2
0.020426087,3,rgb_sar,0,2
0.0008783834,3,rgb_sar,0,2
-0.040020697,3,rgb_sar,0,2
-0.035248347,3,rgb_sar,0,2
0.08646708,3,rgb_sar,0,2
0.03078829,3,rgb_sar,0,2
-0.11105347,3,rgb_sar,0,2
-0.07441409,3,rgb_sar,0,2
-0.03943966,3,rgb_sar,0,2
-0.09600219,3,rgb_sar,0,2
-0.052893884,3,rgb_sar,0,2
0.011675448,3,rgb_sar,0,2
-0.03224071,3,rgb_sar,0,2
-0.06998785,3,rgb_sar,0,2
0.16655752,3,rgb_sar,0,2
0.17997438,3,rgb_sar,0,2
-0.00718184,3,rgb_sar,0,2
0.019951956,3,rgb_sar,0,2
0.016631488,3,rgb_sar,0,2
0.007544769,3,rgb_sar,0,2
-0.062446468,3,rgb_sar,0,2
-0.07751609,3,rgb_sar,0,2
-0.016336609,3,rgb_sar,0,2
0.088677675,3,rgb_sar,0,2
0.09036189,3,rgb_sar,0,2
0.074894734,3,rgb_sar,0,2
0.08794871,3,rgb_sar,0,2
0.056033503,3,rgb_sar,0,2
0.07283878,3,rgb_sar,0,2
0.04514833,3,rgb_sar,0,2
-0.017846541,3,rgb_sar,0,2
0.25403744,3,rgb_sar,0,2
0.38640782,3,rgb_sar,0,2
0.088065326,3,rgb_sar,0,2
-0.038976073,3,rgb_sar,0,2
0.11561437,3,rgb_sar,0,2
0.20562953,3,rgb_sar,0,2
0.32039344,3,rgb_sar,0,2
0.0857566,3,rgb_sar,0,2
0.018841255,3,rgb_sar,0,2
0.23455447,3,rgb_sar,0,2
0.22504525,3,rgb_sar,0,2
0.17253807,3,rgb_sar,0,2
0.020124242,3,rgb_sar,0,2
0.028229252,3,rgb_sar,0,2
0.06578587,3,rgb_sar,0,2
0.015185794,3,rgb_sar,0,2
-0.061107352,3,rgb_sar,0,2
0.19855237,3,rgb_sar,0,2
0.094227925,3,rgb_sar,0,2
0.023232514,3,rgb_sar,0,2
0.07108422,3,rgb_sar,0,2
0.12939309,3,rgb_sar,0,2
0.11250672,3,rgb_sar,0,2
0.09101464,3,rgb_sar,0,2
0.04705134,3,rgb_sar,0,2
0.026371319,3,rgb_sar,0,2
-0.028933153,3,rgb_sar,0,2
-0.005091492,3,rgb_sar,0,2
0.045040898,3,rgb_sar,0,2
0.061694186,3,rgb_sar,0,2
0.055301577,3,rgb_sar,0,2
-0.005073447,3,rgb_sar,0,2
0.0012877537,3,rgb_sar,0,2
0.016493704,3,rgb_sar,0,2
-0.033814456,3,rgb_sar,0,2
-0.028353073,3,rgb_sar,0,2
0.026233481,3,rgb_sar,0,2
0.11753336,3,rgb_sar,0,2
-0.0020659603,3,rgb_sar,0,2
-0.06481603,3,rgb_sar,0,2
0.096675985,3,rgb_sar,0,2
0.11540716,3,rgb_sar,0,2
0.07845034,3,rgb_sar,0,2
0.08276962,3,rgb_sar,0,2
0.07478853,3,rgb_sar,0,2
-0.007679349,3,rgb_sar,0,2
0.027646123,3,rgb_sar,0,2
0.054656766,3,rgb_sar,0,2
0.08437522,3,rgb_sar,0,2
-0.04108847,3,rgb_sar,0,2
-0.02292822,3,rgb_sar,0,2
0.13050489,3,rgb_sar,0,2
-0.044087663,3,rgb_sar,0,2
-0.00606269,3,rgb_sar,0,2
0.008571021,3,rgb_sar,0,2
-0.01317678,3,rgb_sar,0,2
0.005146007,3,rgb_sar,0,2
-0.01544621,3,rgb_sar,0,2
-0.077007085,3,rgb_sar,0,2
-0.018562578,3,rgb_sar,0,2
0.26322418,3,rgb_sar,0,2
0.248797,3,rgb_sar,0,2
-0.014697229,3,rgb_sar,0,2
-0.039035507,3,rgb_sar,0,2
0.11756338,3,rgb_sar,0,2
0.22627132,3,rgb_sar,0,2
0.1469652,3,rgb_sar,0,2
0.024031028,3,rgb_sar,0,2
0.02305051,3,rgb_sar,0,2
0.40929258,6,rgb_sar,0,2
0.31601942,6,rgb_sar,0,2
0.21612443,6,rgb_sar,0,2
0.22131234,6,rgb_sar,0,2
0.32956752,6,rgb_sar,0,2
0.43016472,6,rgb_sar,0,2
0.41917878,6,rgb_sar,0,2
0.37758812,6,rgb_sar,0,2
0.29297382,6,rgb_sar,0,2
0.2575808,6,rgb_sar,0,2
0.31014746,6,rgb_sar,0,2
0.37137955,6,rgb_sar,0,2
0.3683385,6,rgb_sar,0,2
0.35973024,6,rgb_sar,0,2
0.32129622,6,rgb_sar,0,2
0.35239965,6,rgb_sar,0,2
0.3348048,6,rgb_sar,0,2
0.38024703,6,rgb_sar,0,2
0.35038483,6,rgb_sar,0,2
0.3120191,6,rgb_sar,0,2
0.36413473,6,rgb_sar,0,2
0.3400138,6,rgb_sar,0,2
0.26942605,6,rgb_sar,0,2
0.30397946,6,rgb_sar,0,2
0.30760315,6,rgb_sar,0,2
0.33410096,6,rgb_sar,0,2
0.33786505,6,rgb_sar,0,2
0.1745579,6,rgb_sar,0,2
0.23493211,6,rgb_sar,0,2
0.2564624,6,rgb_sar,0,2
0.284216,6,rgb_sar,0,2
0.33458775,6,rgb_sar,0,2
0.19239885,6,rgb_sar,0,2
0.19760472,6,rgb_sar,0,2
0.2109645,6,rgb_sar,0,2
0.21628775,6,rgb_sar,0,2
0.22357816,6,rgb_sar,0,2
0.3009834,6,rgb_sar,0,2
0.2962427,6,rgb_sar,0,2
0.25969008,6,rgb_sar,0,2
0.2798373,6,rgb_sar,0,2
0.2886497,6,rgb_sar,0,2
0.29515553,6,rgb_sar,0,2
0.2835914,6,rgb_sar,0,2
0.28007436,6,rgb_sar,0,2
0.4295103,6,rgb_sar,0,2
0.48207688,6,rgb_sar,0,2
0.46167406,6,rgb_sar,0,2
0.311515,6,rgb_sar,0,2
0.31475285,6,rgb_sar,0,2
0.38554746,6,rgb_sar,0,2
0.3548464,6,rgb_sar,0,2
0.39608058,6,rgb_sar,0,2
0.4379477,6,rgb_sar,0,2
0.25017303,6,rgb_sar,0,2
0.30914366,6,rgb_sar,0,2
0.38231587,6,rgb_sar,0,2
0.3804656,6,rgb_sar,0,2
0.36228707,6,rgb_sar,0,2
0.19802646,6,rgb_sar,0,2
0.2473982,6,rgb_sar,0,2
0.30727455,6,rgb_sar,0,2
0.30978686,6,rgb_sar,0,2
0.371926,6,rgb_sar,0,2
0.07793624,3,rgb_sar,0,2
0.064456515,3,rgb_sar,0,2
0.07321468,3,rgb_sar,0,2
0.036753595,3,rgb_sar,0,2
-0.005850982,3,rgb_sar,0,2
0.048186645,3,rgb_sar,0,2
-0.01225961,3,rgb_sar,0,2
-0.09777419,3,rgb_sar,0,2
0.054233678,3,rgb_sar,0,2
0.073776625,3,rgb_sar,0,2
0.068509966,3,rgb_sar,0,2
0.11007885,3,rgb_sar,0,2
0.034785777,3,rgb_sar,0,2
0.07703363,3,rgb_sar,0,2
0.053030618,3,rgb_sar,0,2
0.018663427,3,rgb_sar,0,2
0.025684861,3,rgb_sar,0,2
0.01094372,3,rgb_sar,0,2
0.03444168,3,rgb_sar,0,2
0.04736831,3,rgb_sar,0,2
-0.07448362,3,rgb_sar,0,2
0.03801842,3,rgb_sar,0,2
0.024644522,3,rgb_sar,0,2
-0.0029234728,3,rgb_sar,0,2
0.01579525,3,rgb_sar,0,2
0.014966609,3,rgb_sar,0,2
-0.030381635,3,rgb_sar,0,2
-0.016873881,3,rgb_sar,0,2
-0.047409687,3,rgb_sar,0,2
0.06678453,3,rgb_sar,0,2
0.0070655346,3,rgb_sar,0,2
-0.017240087,3,rgb_sar,0,2
0.016719876,3,rgb_sar,0,2
0.04107856,3,rgb_sar,0,2
0.15112734,3,rgb_sar,0,2
0.11082947,3,rgb_sar,0,2
0.027040219,3,rgb_sar,0,2
0.096504204,3,rgb_sar,0,2
0.035568602,3,rgb_sar,0,2
0.039115205,3,rgb_sar,0,2
-0.035434395,3,rgb_sar,0,2
-0.09219116,3,rgb_sar,0,2
-0.026249334,3,rgb_sar,0,2
0.041834146,3,rgb_sar,0,2
0.045290604,3,rgb_sar,0,2
-0.026206218,3,rgb_sar,0,2
-0.0047172923,3,rgb_sar,0,2
-0.0009016767,3,rgb_sar,0,2
-0.0020075869,3,rgb_sar,0,2
-0.0925381,3,rgb_sar,0,2
-0.0791037,3,rgb_sar,0,2
0.21112488,3,rgb_sar,0,2
0.22720204,3,rgb_sar,0,2
0.1283942,3,rgb_sar,0,2
0.16303355,3,rgb_sar,0,2
0.1364395,3,rgb_sar,0,2
0.18523939,3,rgb_sar,0,2
0.16175592,3,rgb_sar,0,2
0.06879334,3,rgb_sar,0,2
0.08406365,3,rgb_sar,0,2
0.1221089,3,rgb_sar,0,2
0.16405696,3,rgb_sar,0,2
0.12945904,3,rgb_sar,0,2
0.11480567,3,rgb_sar,0,2
-0.009784643,3,rgb_sar,0,2
0.06734663,3,rgb_sar,0,2
0.08679512,3,rgb_sar,0,2
0.06157184,3,rgb_sar,0,2
0.075800486,3,rgb_sar,0,2
0.11379564,3,rgb_sar,0,2
0.09669924,3,rgb_sar,0,2
0.16360229,3,rgb_sar,0,2
0.11372906,3,rgb_sar,0,2
0.0779634,3,rgb_sar,0,2
0.09028633,3,rgb_sar,0,2
0.07073408,3,rgb_sar,0,2
0.02224124,3,rgb_sar,0,2
0.05525723,3,rgb_sar,0,2
0.0065556094,3,rgb_sar,0,2
0.050758854,3,rgb_sar,0,2
-0.020393891,3,rgb_sar,0,2
-0.03043142,3,rgb_sar,0,2
-0.06555132,3,rgb_sar,0,2
-0.06922602,3,rgb_sar,0,2
0.074725285,3,rgb_sar,0,2
0.066193,3,rgb_sar,0,2
-0.011037782,3,rgb_sar,0,2
-0.0108108595,3,rgb_sar,0,2
0.01298188,3,rgb_sar,0,2
0.018341187,3,rgb_sar,0,2
-0.08061451,3,rgb_sar,0,2
0.022043206,3,rgb_sar,0,2
0.13186486,3,rgb_sar,0,2
0.108266465,3,rgb_sar,0,2
0.16733678,3,rgb_sar,0,2
0.16721398,3,rgb_sar,0,2
-0.00082223583,3,rgb_sar,0,2
-0.0044693556,3,rgb_sar,0,2
0.07886668,3,rgb_sar,0,2
0.102354586,3,rgb_sar,0,2
-0.073534414,3,rgb_sar,0,2
-0.10147598,3,rgb_sar,0,2
0.064957306,3,rgb_sar,0,2
0.24002329,3,rgb_sar,0,2
0.14849995,3,rgb_sar,0,2
0.0116429515,3,rgb_sar,0,2
-0.0012768526,3,rgb_sar,0,2
0.047826566,3,rgb_sar,0,2
0.008939011,3,rgb_sar,0,2
-0.041185454,3,rgb_sar,0,2
-0.027390972,3,rgb_sar,0,2
0.18595421,3,rgb_sar,0,2
0.19547482,3,rgb_sar,0,2
0.01791886,3,rgb_sar,0,2
-0.04330366,3,rgb_sar,0,2
0.22322418,3,rgb_sar,0,2
0.23399682,3,rgb_sar,0,2
0.16497973,3,rgb_sar,0,2
0.015315063,3,rgb_sar,0,2
0.013343435,3,rgb_sar,0,2
0.14386743,2,rgb_sar,0,2
0.11607542,2,rgb_sar,0,2
0.1820162,2,rgb_sar,0,2
0.19228686,2,rgb_sar,0,2
0.23365125,2,rgb_sar,0,2
0.14746976,2,rgb_sar,0,2
0.1334798,2,rgb_sar,0,2
0.19161972,2,rgb_sar,0,2
0.15353309,2,rgb_sar,0,2
0.24634282,2,rgb_sar,0,2
0.15042058,2,rgb_sar,0,2
0.10840284,2,rgb_sar,0,2
0.15773323,2,rgb_sar,0,2
0.13044438,2,rgb_sar,0,2
0.15825498,2,rgb_sar,0,2
0.17887838,2,rgb_sar,0,2
0.265786,2,rgb_sar,0,2
0.09407076,2,rgb_sar,0,2
0.118060835,2,rgb_sar,0,2
0.13572383,2,rgb_sar,0,2
0.1370292,2,rgb_sar,0,2
0.16171141,2,rgb_sar,0,2
0.13319725,2,rgb_sar,0,2
0.23684515,2,rgb_sar,0,2
0.08386841,2,rgb_sar,0,2
0.13828711,2,rgb_sar,0,2
0.15003148,2,rgb_sar,0,2
0.15498605,2,rgb_sar,0,2
0.20607188,2,rgb_sar,0,2
0.21126704,2,rgb_sar,0,2
0.1870777,2,rgb_sar,0,2
0.35196143,2,rgb_sar,0,2
0.13738264,2,rgb_sar,0,2
0.13564707,2,rgb_sar,0,2
0.15523386,2,rgb_sar,0,2
0.1601562,2,rgb_sar,0,2
0.20289907,2,rgb_sar,0,2
0.23269683,2,rgb_sar,0,2
0.21948735,2,rgb_sar,0,2
0.31983882,2,rgb_sar,0,2
0.11952215,2,rgb_sar,0,2
0.16102947,2,rgb_sar,0,2
0.23376623,2,rgb_sar,0,2
0.26703417,2,rgb_sar,0,2
0.32331663,2,rgb_sar,0,2
0.2718143,2,rgb_sar,0,2
0.2745872,2,rgb_sar,0,2
0.36283886,2,rgb_sar,0,2
0.059707887,2,rgb_sar,0,2
0.19047372,2,rgb_sar,0,2
0.334462,2,rgb_sar,0,2
0.35614493,2,rgb_sar,0,2
0.37013155,2,rgb_sar,0,2
0.352224,2,rgb_sar,0,2
0.29763657,2,rgb_sar,0,2
0.41803592,2,rgb_sar,0,2
0.10791437,2,rgb_sar,0,2
0.20645148,2,rgb_sar,0,2
0.25307274,2,rgb_sar,0,2
0.26944235,2,rgb_sar,0,2
0.2596278,2,rgb_sar,0,2
0.25753146,2,rgb_sar,0,2
0.31415075,2,rgb_sar,0,2
0.44508025,2,rgb_sar,0,2
0.18104985,2,rgb_sar,0,2
0.22588842,2,rgb_sar,0,2
0.20365924,2,rgb_sar,0,2
0.25739133,2,rgb_sar,0,2
0.27197117,2,rgb_sar,0,2
0.2586213,2,rgb_sar,0,2
0.28053764,2,rgb_sar,0,2
0.26021445,2,rgb_sar,0,2
0.2923202,2,rgb_sar,0,2
0.42173588,2,rgb_sar,0,2
0.26131105,2,rgb_sar,0,2
0.23908198,2,rgb_sar,0,2
0.17318478,2,rgb_sar,0,2
0.21259095,2,rgb_sar,0,2
0.21713835,2,rgb_sar,0,2
0.2105471,2,rgb_sar,0,2
0.2767409,2,rgb_sar,0,2
0.2972958,2,rgb_sar,0,2
0.2722643,2,rgb_sar,0,2
0.38077763,2,rgb_sar,0,2
0.3154179,2,rgb_sar,0,2
0.32601076,2,rgb_sar,0,2
0.24926443,2,rgb_sar,0,2
0.2190538,2,rgb_sar,0,2
0.20289707,2,rgb_sar,0,2
0.21079397,2,rgb_sar,0,2
0.30370018,2,rgb_sar,0,2
0.32318118,2,rgb_sar,0,2
0.30941355,2,rgb_sar,0,2
0.38851723,2,rgb_sar,0,2
0.3419805,2,rgb_sar,0,2
0.3395968,2,rgb_sar,0,2
0.22645532,2,rgb_sar,0,2
0.06190376,2,rgb_sar,0,2
0.17008622,2,rgb_sar,0,2
0.2853155,2,rgb_sar,0,2
0.29651645,2,rgb_sar,0,2
0.27280453,2,rgb_sar,0,2
0.35328668,2,rgb_sar,0,2
0.060829014,2,rgb_sar,0,2
0.17304452,2,rgb_sar,0,2
0.31766582,2,rgb_sar,0,2
0.20582607,2,rgb_sar,0,2
0.21526477,2,rgb_sar,0,2
0.1609008,2,rgb_sar,0,2
0.17264277,2,rgb_sar,0,2
0.19103287,2,rgb_sar,0,2
0.17556679,2,rgb_sar,0,2
0.21895897,2,rgb_sar,0,2
0.12825048,2,rgb_sar,0,2
0.15447955,2,rgb_sar,0,2
0.27233097,2,rgb_sar,0,2
0.23772974,2,rgb_sar,0,2
0.21332498,2,rgb_sar,0,2
0.16468982,2,rgb_sar,0,2
0.17633997,2,rgb_sar,0,2
0.17715806,2,rgb_sar,0,2
0.081789136,2,rgb_sar,0,2
0.21205124,2,rgb_sar,0,2
0.20946208,2,rgb_sar,0,2
0.2040458,2,rgb_sar,0,2
0.115451895,2,rgb_sar,0,2
0.114482954,2,rgb_sar,0,2
0.18356675,2,rgb_sar,0,2
0.09055631,2,rgb_sar,0,2
0.18366207,2,rgb_sar,0,2
0.17510702,2,rgb_sar,0,2
0.1229973,2,rgb_sar,0,2
0.068076536,2,rgb_sar,0,2
0.13073221,2,rgb_sar,0,2
0.18082187,2,rgb_sar,0,2
0.15163274,2,rgb_sar,0,2
0.312835,2,rgb_sar,0,2
0.30258042,2,rgb_sar,0,2
0.15882738,2,rgb_sar,0,2
0.16995461,2,rgb_sar,0,2
0.19128144,2,rgb_sar,0,2
0.2078919,2,rgb_sar,0,2
0.30770922,2,rgb_sar,0,2
0.011262754,2,rgb_sar,0,2
0.10307178,2,rgb_sar,0,2
0.12633885,2,rgb_sar,0,2
0.10584366,2,rgb_sar,0,2
0.3470624,2,rgb_sar,0,2
0.36592203,2,rgb_sar,0,2
0.228134,2,rgb_sar,0,2
0.11342987,2,rgb_sar,0,2
0.2115097,2,rgb_sar,0,2
0.22691154,2,rgb_sar,0,2
0.3176011,2,rgb_sar,0,2
0.034424912,2,rgb_sar,0,2
0.097895786,2,rgb_sar,0,2
0.25289136,2,rgb_sar,0,2
0.20313044,2,rgb_sar,0,2
0.28829566,2,rgb_sar,0,2
0.2520585,2,rgb_sar,0,2
0.187873,2,rgb_sar,0,2
0.11666824,2,rgb_sar,0,2
0.22936906,2,rgb_sar,0,2
0.22117794,2,rgb_sar,0,2
0.23367105,2,rgb_sar,0,2
0.21228942,2,rgb_sar,0,2
0.27948493,2,rgb_sar,0,2
0.14128414,2,rgb_sar,0,2
0.14473754,2,rgb_sar,0,2
0.25883633,2,rgb_sar,0,2
0.18591343,2,rgb_sar,0,2
0.23502083,2,rgb_sar,0,2
0.20476258,2,rgb_sar,0,2
0.16844162,2,rgb_sar,0,2
0.17143036,2,rgb_sar,0,2
0.2442193,2,rgb_sar,0,2
0.28926012,2,rgb_sar,0,2
0.31828794,2,rgb_sar,0,2
0.23590647,2,rgb_sar,0,2
0.24497011,2,rgb_sar,0,2
0.21087605,2,rgb_sar,0,2
0.2048479,2,rgb_sar,0,2
0.22765073,2,rgb_sar,0,2
0.17273918,2,rgb_sar,0,2
0.23311083,2,rgb_sar,0,2
0.17803796,2,rgb_sar,0,2
0.17039138,2,rgb_sar,0,2
0.19284393,2,rgb_sar,0,2
0.2635313,2,rgb_sar,0,2
0.26681837,2,rgb_sar,0,2
0.20241228,2,rgb_sar,0,2
0.22861388,2,rgb_sar,0,2
0.30195418,2,rgb_sar,0,2
0.2284464,2,rgb_sar,0,2
0.25009516,2,rgb_sar,0,2
0.24150872,2,rgb_sar,0,2
0.22220713,2,rgb_sar,0,2
0.25491244,2,rgb_sar,0,2
0.21118167,2,rgb_sar,0,2
0.26345438,2,rgb_sar,0,2
0.20790048,2,rgb_sar,0,2
0.22374088,2,rgb_sar,0,2
0.2217084,2,rgb_sar,0,2
0.25417095,2,rgb_sar,0,2
0.2731674,2,rgb_sar,0,2
0.19894052,2,rgb_sar,0,2
0.23956342,2,rgb_sar,0,2
0.30597812,2,rgb_sar,0,2
0.25391802,2,rgb_sar,0,2
0.22160468,2,rgb_sar,0,2
0.21281525,2,rgb_sar,0,2
0.22610337,2,rgb_sar,0,2
0.21900886,2,rgb_sar,0,2
0.1837124,2,rgb_sar,0,2
0.23874392,2,rgb_sar,0,2
0.18587449,2,rgb_sar,0,2
0.21890676,2,rgb_sar,0,2
0.22058359,2,rgb_sar,0,2
0.26031598,2,rgb_sar,0,2
0.2688046,2,rgb_sar,0,2
0.19251205,2,rgb_sar,0,2
0.21452938,2,rgb_sar,0,2
0.20454767,2,rgb_sar,0,2
0.26269725,2,rgb_sar,0,2
0.27723858,2,rgb_sar,0,2
0.21949612,2,rgb_sar,0,2
0.18298331,2,rgb_sar,0,2
0.18506703,2,rgb_sar,0,2
0.13979813,2,rgb_sar,0,2
0.23472328,2,rgb_sar,0,2
0.21137348,2,rgb_sar,0,2
0.19337834,2,rgb_sar,0,2
0.25106,2,rgb_sar,0,2
0.34399134,2,rgb_sar,0,2
0.33236665,2,rgb_sar,0,2
0.19449756,2,rgb_sar,0,2
0.24447276,2,rgb_sar,0,2
0.2866765,2,rgb_sar,0,2
0.17170268,2,rgb_sar,0,2
0.08473658,2,rgb_sar,0,2
0.15065461,2,rgb_sar,0,2
0.23807275,2,rgb_sar,0,2
0.19412789,2,rgb_sar,0,2
0.25195116,2,rgb_sar,0,2
0.3118266,2,rgb_sar,0,2
0.37798315,2,rgb_sar,0,2
0.32491106,2,rgb_sar,0,2
0.17269978,2,rgb_sar,0,2
0.054192685,2,rgb_sar,0,2
0.16317917,2,rgb_sar,0,2
0.24406004,2,rgb_sar,0,2
0.14296632,2,rgb_sar,0,2
0.14952153,2,rgb_sar,0,2
0.43579766,2,rgb_sar,0,2
0.35775003,2,rgb_sar,0,2
0.23294985,2,rgb_sar,0,2
0.4344746,2,rgb_sar,0,2
0.327511,2,rgb_sar,0,2
0.2473684,2,rgb_sar,0,2
0.41003585,2,rgb_sar,0,2
0.29002923,2,rgb_sar,0,2
0.22752152,2,rgb_sar,0,2
0.25200564,2,rgb_sar,0,2
0.25632876,2,rgb_sar,0,2
0.37091023,2,rgb_sar,0,2
0.22458932,2,rgb_sar,0,2
0.20430492,2,rgb_sar,0,2
0.24982181,2,rgb_sar,0,2
0.21623106,2,rgb_sar,0,2
0.3598762,2,rgb_sar,0,2
0.22468922,2,rgb_sar,0,2
0.17984307,2,rgb_sar,0,2
0.22742933,2,rgb_sar,0,2
0.16956893,2,rgb_sar,0,2
0.36484343,2,rgb_sar,0,2
0.21407083,2,rgb_sar,0,2
0.20747532,2,rgb_sar,0,2
0.23775892,2,rgb_sar,0,2
0.22692709,2,rgb_sar,0,2
0.38071772,2,rgb_sar,0,2
0.2357347,2,rgb_sar,0,2
0.21474892,2,rgb_sar,0,2
0.25335324,2,rgb_sar,0,2
0.23331599,2,rgb_sar,0,2
0.40186954,2,rgb_sar,0,2
0.27363887,2,rgb_sar,0,2
0.26179624,2,rgb_sar,0,2
0.41571817,2,rgb_sar,0,2
0.27434504,2,rgb_sar,0,2
0.22867146,2,rgb_sar,0,2
0.3091889,6,rgb_sar,0,2
0.27896112,6,rgb_sar,0,2
0.32555375,6,rgb_sar,0,2
0.31901637,6,rgb_sar,0,2
0.24280362,6,rgb_sar,0,2
0.2978851,6,rgb_sar,0,2
0.26359388,6,rgb_sar,0,2
0.30006102,6,rgb_sar,0,2
0.2879916,6,rgb_sar,0,2
0.22769167,6,rgb_sar,0,2
0.31673098,6,rgb_sar,0,2
0.32660952,6,rgb_sar,0,2
0.32022113,6,rgb_sar,0,2
0.32546365,6,rgb_sar,0,2
0.35369456,6,rgb_sar,0,2
0.32869756,6,rgb_sar,0,2
0.3115842,6,rgb_sar,0,2
0.29319367,6,rgb_sar,0,2
0.26947552,6,rgb_sar,0,2
0.30698746,6,rgb_sar,0,2
0.33143306,6,rgb_sar,0,2
0.32218182,6,rgb_sar,0,2
0.31788775,6,rgb_sar,0,2
0.35692847,6,rgb_sar,0,2
0.36666393,6,rgb_sar,0,2
0.34326005,6,rgb_sar,0,2
0.2789184,6,rgb_sar,0,2
0.28777128,6,rgb_sar,0,2
0.32425997,6,rgb_sar,0,2
0.30142865,6,rgb_sar,0,2
0.33133572,6,rgb_sar,0,2
0.30147028,6,rgb_sar,0,2
0.37061787,6,rgb_sar,0,2
0.2711811,6,rgb_sar,0,2
0.2295847,6,rgb_sar,0,2
0.3292997,6,rgb_sar,0,2
0.35221,6,rgb_sar,0,2
0.3669812,6,rgb_sar,0,2
0.26743114,6,rgb_sar,0,2
0.16326346,6,rgb_sar,0,2
0.1747427,6,rgb_sar,0,2
0.33608603,6,rgb_sar,0,2
0.37129933,6,rgb_sar,0,2
0.3337589,6,rgb_sar,0,2
0.33428627,6,rgb_sar,0,2
0.34550515,6,rgb_sar,0,2
0.3148187,6,rgb_sar,0,2
0.28151667,6,rgb_sar,0,2
0.31165254,6,rgb_sar,0,2
0.34543628,6,rgb_sar,0,2
0.26867265,6,rgb_sar,0,2
0.2526077,6,rgb_sar,0,2
0.23680136,6,rgb_sar,0,2
0.264282,6,rgb_sar,0,2
0.3264742,6,rgb_sar,0,2
0.2869962,6,rgb_sar,0,2
0.28195503,6,rgb_sar,0,2
0.25183344,6,rgb_sar,0,2
0.2880511,6,rgb_sar,0,2
0.26397967,6,rgb_sar,0,2
0.2823252,6,rgb_sar,0,2
0.3222301,6,rgb_sar,0,2
0.28092152,6,rgb_sar,0,2
0.25796816,6,rgb_sar,0,2
0.26966944,6,rgb_sar,0,2
0.2696487,6,rgb_sar,0,2
0.2257755,6,rgb_sar,0,2
0.2875036,6,rgb_sar,0,2
0.2372779,6,rgb_sar,0,2
0.2686114,6,rgb_sar,0,2
0.3188529,6,rgb_sar,0,2
0.32981282,6,rgb_sar,0,2
0.25286654,6,rgb_sar,0,2
0.28313667,6,rgb_sar,0,2
0.31318605,6,rgb_sar,0,2
0.32548994,6,rgb_sar,0,2
0.32437205,6,rgb_sar,0,2
0.3045534,6,rgb_sar,0,2
0.31013763,6,rgb_sar,0,2
0.23170185,6,rgb_sar,0,2
0.2952063,6,rgb_sar,0,2
0.35711822,6,rgb_sar,0,2
0.35161743,6,rgb_sar,0,2
0.31951407,6,rgb_sar,0,2
0.29667407,6,rgb_sar,0,2
0.27193296,6,rgb_sar,0,2
0.25375298,6,rgb_sar,0,2
0.3107463,6,rgb_sar,0,2
0.32612598,6,rgb_sar,0,2
0.31826448,6,rgb_sar,0,2
0.30880326,6,rgb_sar,0,2
0.28896192,6,rgb_sar,0,2
0.31471425,6,rgb_sar,0,2
0.2904805,6,rgb_sar,0,2
0.29724556,6,rgb_sar,0,2
0.29733238,6,rgb_sar,0,2
0.28820425,6,rgb_sar,0,2
0.31399518,6,rgb_sar,0,2
0.2057994,2,rgb_sar,0,2
0.19828257,2,rgb_sar,0,2
0.2106941,2,rgb_sar,0,2
0.2016595,2,rgb_sar,0,2
0.19778754,2,rgb_sar,0,2
0.1838716,2,rgb_sar,0,2
0.21752384,2,rgb_sar,0,2
0.22379805,2,rgb_sar,0,2
0.21134621,2,rgb_sar,0,2
0.15400586,2,rgb_sar,0,2
0.15534277,2,rgb_sar,0,2
0.10376948,2,rgb_sar,0,2
0.107762344,2,rgb_sar,0,2
0.097455814,2,rgb_sar,0,2
0.16650346,2,rgb_sar,0,2
0.18701419,2,rgb_sar,0,2
0.17723721,2,rgb_sar,0,2
0.051667757,2,rgb_sar,0,2
0.078498214,2,rgb_sar,0,2
0.18909582,2,rgb_sar,0,2
0.104733534,2,rgb_sar,0,2
0.1272074,2,rgb_sar,0,2
0.13460334,2,rgb_sar,0,2
0.19283769,2,rgb_sar,0,2
0.05075711,2,rgb_sar,0,2
0.20024094,2,rgb_sar,0,2
0.24574035,2,rgb_sar,0,2
0.18815055,2,rgb_sar,0,2
0.21006514,2,rgb_sar,0,2
0.17908704,2,rgb_sar,0,2
0.12588483,2,rgb_sar,0,2
0.31869504,2,rgb_sar,0,2
0.11837613,2,rgb_sar,0,2
0.16640438,2,rgb_sar,0,2
0.19721043,2,rgb_sar,0,2
0.18993378,2,rgb_sar,0,2
0.23238377,2,rgb_sar,0,2
0.21119362,2,rgb_sar,0,2
0.16329269,2,rgb_sar,0,2
0.3058945,2,rgb_sar,0,2
0.062640086,2,rgb_sar,0,2
0.10986473,2,rgb_sar,0,2
0.20883098,2,rgb_sar,0,2
0.17295234,2,rgb_sar,0,2
0.20655414,2,rgb_sar,0,2
0.20029865,2,rgb_sar,0,2
0.20329812,2,rgb_sar,0,2
0.2969139,2,rgb_sar,0,2
0.13371827,2,rgb_sar,0,2
0.18782444,2,rgb_sar,0,2
0.24194157,2,rgb_sar,0,2
0.21425545,2,rgb_sar,0,2
0.20489563,2,rgb_sar,0,2
0.1922361,2,rgb_sar,0,2
0.14756803,2,rgb_sar,0,2
0.27293807,2,rgb_sar,0,2
0.15829203,2,rgb_sar,0,2
0.19781011,2,rgb_sar,0,2
0.22213235,2,rgb_sar,0,2
0.21610309,2,rgb_sar,0,2
0.21237811,2,rgb_sar,0,2
0.18639931,2,rgb_sar,0,2
0.17075618,2,rgb_sar,0,2
0.33611763,2,rgb_sar,0,2
0.19280994,2,rgb_sar,0,2
0.2536446,2,rgb_sar,0,2
0.20350024,2,rgb_sar,0,2
0.21908891,2,rgb_sar,0,2
0.2697536,2,rgb_sar,0,2
0.23001143,2,rgb_sar,0,2
0.19600534,2,rgb_sar,0,2
0.1721431,2,rgb_sar,0,2
0.18101634,2,rgb_sar,0,2
0.33821332,2,rgb_sar,0,2
0.17396182,2,rgb_sar,0,2
0.1582959,2,rgb_sar,0,2
0.13953869,2,rgb_sar,0,2
0.13343748,2,rgb_sar,0,2
0.29821348,2,rgb_sar,0,2
0.22162,2,rgb_sar,0,2
0.15681724,2,rgb_sar,0,2
0.15340558,2,rgb_sar,0,2
0.23947677,2,rgb_sar,0,2
0.34654206,2,rgb_sar,0,2
0.2024642,2,rgb_sar,0,2
0.19405913,2,rgb_sar,0,2
0.21440992,2,rgb_sar,0,2
0.13218623,2,rgb_sar,0,2
0.23815838,2,rgb_sar,0,2
0.15412688,2,rgb_sar,0,2
0.1439057,2,rgb_sar,0,2
0.15568763,2,rgb_sar,0,2
0.22742894,2,rgb_sar,0,2
0.3478382,2,rgb_sar,0,2
0.1942809,2,rgb_sar,0,2
0.18012553,2,rgb_sar,0,2
0.19698735,2,rgb_sar,0,2
0.14019826,2,rgb_sar,0,2
0.17818707,2,rgb_sar,0,2
0.23907728,2,rgb_sar,0,2
0.20967802,2,rgb_sar,0,2
0.17975858,2,rgb_sar,0,2
0.35914218,2,rgb_sar,0,2
0.04987951,2,rgb_sar,0,2
0.15717581,2,rgb_sar,0,2
0.20526433,2,rgb_sar,0,2
0.15248105,2,rgb_sar,0,2
0.11794013,2,rgb_sar,0,2
0.17745939,2,rgb_sar,0,2
0.1006629,2,rgb_sar,0,2
0.18866023,2,rgb_sar,0,2
0.2046879,2,rgb_sar,0,2
0.24973306,2,rgb_sar,0,2
0.19672036,2,rgb_sar,0,2
0.14677863,2,rgb_sar,0,2
0.20174874,2,rgb_sar,0,2
0.21524444,2,rgb_sar,0,2
0.22670126,2,rgb_sar,0,2
0.22806294,2,rgb_sar,0,2
0.15699556,2,rgb_sar,0,2
0.19386782,2,rgb_sar,0,2
0.12831096,2,rgb_sar,0,2
0.21272363,2,rgb_sar,0,2
0.206002,2,rgb_sar,0,2
0.15615825,2,rgb_sar,0,2
0.13932842,2,rgb_sar,0,2
0.11113058,2,rgb_sar,0,2
0.20624703,2,rgb_sar,0,2
0.16104698,2,rgb_sar,0,2
0.26211149,2,rgb_sar,0,2
0.21572664,2,rgb_sar,0,2
0.18904608,2,rgb_sar,0,2
0.07487628,2,rgb_sar,0,2
0.09837686,2,rgb_sar,0,2
0.22602946,2,rgb_sar,0,2
0.16481358,2,rgb_sar,0,2
0.2625535,2,rgb_sar,0,2
0.214651,2,rgb_sar,0,2
0.14992747,2,rgb_sar,0,2
0.14879702,2,rgb_sar,0,2
0.18536514,2,rgb_sar,0,2
0.26175195,2,rgb_sar,0,2
0.21092558,2,rgb_sar,0,2
0.036522865,2,rgb_sar,0,2
0.113029726,2,rgb_sar,0,2
0.2255764,2,rgb_sar,0,2
0.16439652,2,rgb_sar,0,2
0.28627056,2,rgb_sar,0,2
0.2358278,2,rgb_sar,0,2
0.16821733,2,rgb_sar,0,2
0.18926042,2,rgb_sar,0,2
0.21943955,2,rgb_sar,0,2
0.2844227,2,rgb_sar,0,2
0.24759334,2,rgb_sar,0,2
-0.01603845,2,rgb_sar,0,2
0.04140947,2,rgb_sar,0,2
0.21340787,2,rgb_sar,0,2
0.1652845,2,rgb_sar,0,2
0.27022892,2,rgb_sar,0,2
0.25064617,2,rgb_sar,0,2
0.16344027,2,rgb_sar,0,2
0.163564,2,rgb_sar,0,2
0.17886825,2,rgb_sar,0,2
0.20267156,2,rgb_sar,0,2
0.19282821,2,rgb_sar,0,2
0.2389642,2,rgb_sar,0,2
0.20640075,2,rgb_sar,0,2
0.042635396,2,rgb_sar,0,2
0.08045833,2,rgb_sar,0,2
0.25831777,2,rgb_sar,0,2
0.18694928,2,rgb_sar,0,2
0.2639948,2,rgb_sar,0,2
0.2539776,2,rgb_sar,0,2
0.16484483,2,rgb_sar,0,2
0.15829383,2,rgb_sar,0,2
0.19184852,2,rgb_sar,0,2
0.23311976,2,rgb_sar,0,2
0.21438198,2,rgb_sar,0,2
0.24885368,2,rgb_sar,0,2
0.1865241,2,rgb_sar,0,2
0.19819897,2,rgb_sar,0,2
0.16789989,2,rgb_sar,0,2
0.2304042,2,rgb_sar,0,2
0.17730933,2,rgb_sar,0,2
0.23109984,2,rgb_sar,0,2
0.21116193,2,rgb_sar,0,2
0.2091417,2,rgb_sar,0,2
0.22778742,2,rgb_sar,0,2
0.24896291,2,rgb_sar,0,2
0.3021685,2,rgb_sar,0,2
0.22270162,2,rgb_sar,0,2
0.24602276,2,rgb_sar,0,2
0.19358817,2,rgb_sar,0,2
0.182378,2,rgb_sar,0,2
0.16934253,2,rgb_sar,0,2
0.24433963,2,rgb_sar,0,2
0.24032694,2,rgb_sar,0,2
0.27570668,2,rgb_sar,0,2
0.20246758,2,rgb_sar,0,2
0.20898864,2,rgb_sar,0,2
0.15969159,2,rgb_sar,0,2
0.21765564,2,rgb_sar,0,2
0.24219027,2,rgb_sar,0,2
0.19377337,2,rgb_sar,0,2
0.26157832,2,rgb_sar,0,2
0.22030486,2,rgb_sar,0,2
0.25168338,2,rgb_sar,0,2
0.21259746,2,rgb_sar,0,2
0.22168171,2,rgb_sar,0,2
0.17645836,2,rgb_sar,0,2
0.2366733,2,rgb_sar,0,2
0.20785747,2,rgb_sar,0,2
0.2546736,2,rgb_sar,0,2
0.19550696,2,rgb_sar,0,2
0.22930546,2,rgb_sar,0,2
0.2198366,2,rgb_sar,0,2
0.28507447,2,rgb_sar,0,2
0.2837916,2,rgb_sar,0,2
0.24255642,2,rgb_sar,0,2
0.26991656,2,rgb_sar,0,2
0.257514,2,rgb_sar,0,2
0.32914314,2,rgb_sar,0,2
0.28333837,2,rgb_sar,0,2
0.217562,2,rgb_sar,0,2
0.24593978,2,rgb_sar,0,2
0.27318752,2,rgb_sar,0,2
0.19697681,2,rgb_sar,0,2
0.18910453,2,rgb_sar,0,2
0.16151221,2,rgb_sar,0,2
0.24628371,2,rgb_sar,0,2
0.25899515,2,rgb_sar,0,2
0.35014334,2,rgb_sar,0,2
0.32066447,2,rgb_sar,0,2
0.26527554,2,rgb_sar,0,2
0.2606308,2,rgb_sar,0,2
0.2021775,2,rgb_sar,0,2
0.21443151,2,rgb_sar,0,2
0.26414403,2,rgb_sar,0,2
0.26138452,2,rgb_sar,0,2
0.061327543,2,rgb_sar,0,2
0.1366922,2,rgb_sar,0,2
0.2633288,2,rgb_sar,0,2
0.25513318,2,rgb_sar,0,2
0.24357101,2,rgb_sar,0,2
0.21450011,2,rgb_sar,0,2
0.19093728,2,rgb_sar,0,2
0.21742395,2,rgb_sar,0,2
0.2279432,2,rgb_sar,0,2
0.0916756,2,rgb_sar,0,2
0.14998269,2,rgb_sar,0,2
0.32345536,2,rgb_sar,0,2
0.20094149,2,rgb_sar,0,2
0.16808654,2,rgb_sar,0,2
0.41242704,2,rgb_sar,0,2
0.23585047,2,rgb_sar,0,2
0.21715274,2,rgb_sar,0,2
0.42910212,2,rgb_sar,0,2
0.25286388,2,rgb_sar,0,2
0.23331398,2,rgb_sar,0,2
0.39225572,2,rgb_sar,0,2
0.20043972,2,rgb_sar,0,2
0.21200179,2,rgb_sar,0,2
0.25778925,2,rgb_sar,0,2
0.28563178,2,rgb_sar,0,2
0.39182252,2,rgb_sar,0,2
0.2379555,2,rgb_sar,0,2
0.22672805,2,rgb_sar,0,2
0.23000045,2,rgb_sar,0,2
0.24653582,2,rgb_sar,0,2
0.38916987,2,rgb_sar,0,2
0.24423057,2,rgb_sar,0,2
0.21507537,2,rgb_sar,0,2
0.22700538,2,rgb_sar,0,2
0.18849269,2,rgb_sar,0,2
0.41253296,2,rgb_sar,0,2
0.22070433,2,rgb_sar,0,2
0.19940059,2,rgb_sar,0,2
0.2408073,2,rgb_sar,0,2
0.20329687,2,rgb_sar,0,2
0.4150983,2,rgb_sar,0,2
0.2448719,2,rgb_sar,0,2
0.22704393,2,rgb_sar,0,2
0.2803067,2,rgb_sar,0,2
0.21391138,2,rgb_sar,0,2
0.39379376,2,rgb_sar,0,2
0.19685766,2,rgb_sar,0,2
0.27644324,2,rgb_sar,0,2
0.42757875,2,rgb_sar,0,2
0.23115253,2,rgb_sar,0,2
0.2667868,2,rgb_sar,0,2
0.27021986,6,rgb_sar,0,2
0.24244472,6,rgb_sar,0,2
0.28701836,6,rgb_sar,0,2
0.30171835,6,rgb_sar,0,2
0.2963394,6,rgb_sar,0,2
0.2590289,6,rgb_sar,0,2
0.22661218,6,rgb_sar,0,2
0.29964644,6,rgb_sar,0,2
0.29066133,6,rgb_sar,0,2
0.3006764,6,rgb_sar,0,2
0.3107188,6,rgb_sar,0,2
0.32373145,6,rgb_sar,0,2
0.3470866,6,rgb_sar,0,2
0.30588958,6,rgb_sar,0,2
0.33037248,6,rgb_sar,0,2
0.32202357,6,rgb_sar,0,2
0.36200595,6,rgb_sar,0,2
0.40644827,6,rgb_sar,0,2
0.28752393,6,rgb_sar,0,2
0.33502898,6,rgb_sar,0,2
0.33227938,6,rgb_sar,0,2
0.36220503,6,rgb_sar,0,2
0.36134306,6,rgb_sar,0,2
0.3602345,6,rgb_sar,0,2
0.33119428,6,rgb_sar,0,2
0.29142746,6,rgb_sar,0,2
0.35679653,6,rgb_sar,0,2
0.3711714,6,rgb_sar,0,2
0.32879418,6,rgb_sar,0,2
0.3130957,6,rgb_sar,0,2
0.38910428,6,rgb_sar,0,2
0.3605494,6,rgb_sar,0,2
0.26038653,6,rgb_sar,0,2
0.36181515,6,rgb_sar,0,2
0.4016959,6,rgb_sar,0,2
0.32015127,6,rgb_sar,0,2
0.29179507,6,rgb_sar,0,2
0.3997135,6,rgb_sar,0,2
0.24770746,6,rgb_sar,0,2
0.24476157,6,rgb_sar,0,2
0.28664863,6,rgb_sar,0,2
0.27966565,6,rgb_sar,0,2
0.2535872,6,rgb_sar,0,2
0.3120404,6,rgb_sar,0,2
0.25054133,6,rgb_sar,0,2
0.2480087,6,rgb_sar,0,2
0.28434563,6,rgb_sar,0,2
0.2299016,6,rgb_sar,0,2
0.22711468,6,rgb_sar,0,2
0.27846396,6,rgb_sar,0,2
0.28440472,6,rgb_sar,0,2
0.30338115,6,rgb_sar,0,2
0.3057263,6,rgb_sar,0,2
0.29683727,6,rgb_sar,0,2
0.29266873,6,rgb_sar,0,2
0.29526225,6,rgb_sar,0,2
0.3204645,6,rgb_sar,0,2
0.34119046,6,rgb_sar,0,2
0.33518037,6,rgb_sar,0,2
0.3355915,6,rgb_sar,0,2
0.3343951,6,rgb_sar,0,2
0.32341418,6,rgb_sar,0,2
0.34784275,6,rgb_sar,0,2
0.3186195,6,rgb_sar,0,2
0.31405818,6,rgb_sar,0,2
0.30386996,6,rgb_sar,0,2
0.29520917,6,rgb_sar,0,2
0.31100458,6,rgb_sar,0,2
0.3056145,6,rgb_sar,0,2
0.29572293,6,rgb_sar,0,2
0.32721525,6,rgb_sar,0,2
0.29915062,6,rgb_sar,0,2
0.2867194,6,rgb_sar,0,2
0.3276146,6,rgb_sar,0,2
0.32060218,6,rgb_sar,0,2
0.31062955,6,rgb_sar,0,2
0.31912273,6,rgb_sar,0,2
0.36754555,6,rgb_sar,0,2
0.32611084,6,rgb_sar,0,2
0.3182728,6,rgb_sar,0,2
0.34150016,6,rgb_sar,0,2
0.27949584,6,rgb_sar,0,2
0.3002241,6,rgb_sar,0,2
0.3493511,6,rgb_sar,0,2
0.29906738,6,rgb_sar,0,2
0.31253487,6,rgb_sar,0,2
0.35409436,6,rgb_sar,0,2
0.24833855,6,rgb_sar,0,2
0.33386862,6,rgb_sar,0,2
0.42012042,6,rgb_sar,0,2
0.33974347,6,rgb_sar,0,2
0.3324713,6,rgb_sar,0,2
0.33914596,6,rgb_sar,0,2
0.32356954,6,rgb_sar,0,2
0.2974607,6,rgb_sar,0,2
0.30508178,6,rgb_sar,0,2
0.3322527,6,rgb_sar,0,2
0.31413585,6,rgb_sar,0,2
0.1864959,4,rgb_sar,0,2
0.2250496,4,rgb_sar,0,2
0.25401342,4,rgb_sar,0,2
0.27446985,4,rgb_sar,0,2
0.27414817,4,rgb_sar,0,2
0.2684687,4,rgb_sar,0,2
0.24338649,4,rgb_sar,0,2
0.37757462,4,rgb_sar,0,2
0.24350119,4,rgb_sar,0,2
0.22195522,4,rgb_sar,0,2
0.20341325,4,rgb_sar,0,2
0.38840497,4,rgb_sar,0,2
0.25382,4,rgb_sar,0,2
0.24145171,4,rgb_sar,0,2
0.24672407,4,rgb_sar,0,2
0.3954314,4,rgb_sar,0,2
0.21663362,4,rgb_sar,0,2
0.2185924,4,rgb_sar,0,2
0.26183957,4,rgb_sar,0,2
0.43251598,4,rgb_sar,0,2
0.1939444,4,rgb_sar,0,2
0.21753713,4,rgb_sar,0,2
0.26920006,4,rgb_sar,0,2
0.46139067,4,rgb_sar,0,2
0.2302827,4,rgb_sar,0,2
0.21592163,4,rgb_sar,0,2
0.2838142,4,rgb_sar,0,2
0.5060256,4,rgb_sar,0,2
0.31413114,4,rgb_sar,0,2
0.3732349,4,rgb_sar,0,2
0.33787405,4,rgb_sar,0,2
0.46516106,4,rgb_sar,0,2
0.22538106,4,rgb_sar,0,2
0.24165806,4,rgb_sar,0,2
0.2532584,4,rgb_sar,0,2
0.2633087,4,rgb_sar,0,2
0.23886825,4,rgb_sar,0,2
0.29348215,4,rgb_sar,0,2
0.27388373,4,rgb_sar,0,2
0.24227302,4,rgb_sar,0,2
0.25223285,4,rgb_sar,0,2
0.27309385,4,rgb_sar,0,2
0.29415894,4,rgb_sar,0,2
0.30582047,4,rgb_sar,0,2
0.2256092,4,rgb_sar,0,2
0.16356757,4,rgb_sar,0,2
0.21088302,4,rgb_sar,0,2
0.22168201,4,rgb_sar,0,2
0.27436286,4,rgb_sar,0,2
0.2694451,4,rgb_sar,0,2
0.21988392,4,rgb_sar,0,2
0.15745175,4,rgb_sar,0,2
0.24387069,4,rgb_sar,0,2
0.25756,4,rgb_sar,0,2
0.27508503,4,rgb_sar,0,2
0.28225338,4,rgb_sar,0,2
0.28563517,4,rgb_sar,0,2
0.21180743,4,rgb_sar,0,2
0.22676483,4,rgb_sar,0,2
0.23447242,4,rgb_sar,0,2
0.23567191,4,rgb_sar,0,2
0.2539206,4,rgb_sar,0,2
0.27553818,4,rgb_sar,0,2
0.28327525,4,rgb_sar,0,2
0.3070742,4,rgb_sar,0,2
0.3540969,4,rgb_sar,0,2
0.26365137,4,rgb_sar,0,2
0.30462438,4,rgb_sar,0,2
0.2673629,4,rgb_sar,0,2
0.30162036,4,rgb_sar,0,2
0.321922,4,rgb_sar,0,2
0.32232258,4,rgb_sar,0,2
0.31189853,4,rgb_sar,0,2
0.32591906,4,rgb_sar,0,2
0.28672016,4,rgb_sar,0,2
0.33365256,4,rgb_sar,0,2
0.25373584,4,rgb_sar,0,2
0.26652852,4,rgb_sar,0,2
0.26792336,4,rgb_sar,0,2
0.27321905,4,rgb_sar,0,2
0.32912922,4,rgb_sar,0,2
0.32430497,4,rgb_sar,0,2
0.32865006,4,rgb_sar,0,2
0.2903918,4,rgb_sar,0,2
0.27666476,4,rgb_sar,0,2
0.29379675,4,rgb_sar,0,2
0.33767265,4,rgb_sar,0,2
0.36848357,4,rgb_sar,0,2
0.32885945,4,rgb_sar,0,2
0.32976097,4,rgb_sar,0,2
0.28530645,4,rgb_sar,0,2
0.3341155,4,rgb_sar,0,2
0.3599517,4,rgb_sar,0,2
0.35842142,4,rgb_sar,0,2
0.372693,4,rgb_sar,0,2
0.31976146,4,rgb_sar,0,2
0.2557783,4,rgb_sar,0,2
0.21870402,4,rgb_sar,0,2
0.2580136,4,rgb_sar,0,2
0.39147997,4,rgb_sar,0,2
0.34693265,4,rgb_sar,0,2
0.35179776,4,rgb_sar,0,2
0.2707867,4,rgb_sar,0,2
0.23928371,4,rgb_sar,0,2
0.2719338,4,rgb_sar,0,2
0.1883252,4,rgb_sar,0,2
0.23551776,4,rgb_sar,0,2
0.20149659,4,rgb_sar,0,2
0.20168169,4,rgb_sar,0,2
0.2089158,4,rgb_sar,0,2
0.25159663,4,rgb_sar,0,2
0.26006743,4,rgb_sar,0,2
0.22502044,4,rgb_sar,0,2
0.23547512,4,rgb_sar,0,2
0.26333463,4,rgb_sar,0,2
0.25974452,4,rgb_sar,0,2
0.16649446,4,rgb_sar,0,2
0.17987531,4,rgb_sar,0,2
0.24077557,4,rgb_sar,0,2
0.24460526,4,rgb_sar,0,2
0.19670342,4,rgb_sar,0,2
0.21080126,4,rgb_sar,0,2
0.2466807,4,rgb_sar,0,2
0.26078388,4,rgb_sar,0,2
0.3344648,4,rgb_sar,0,2
0.20483805,4,rgb_sar,0,2
0.22703514,4,rgb_sar,0,2
0.30714023,4,rgb_sar,0,2
0.3005709,4,rgb_sar,0,2
0.38894373,4,rgb_sar,0,2
0.23300558,4,rgb_sar,0,2
0.22090206,4,rgb_sar,0,2
0.28034124,4,rgb_sar,0,2
0.41493553,4,rgb_sar,0,2
0.23792605,4,rgb_sar,0,2
0.1967271,4,rgb_sar,0,2
0.4210805,4,rgb_sar,0,2
0.2471976,4,rgb_sar,0,2
0.25825638,4,rgb_sar,0,2
0.47081515,4,rgb_sar,0,2
0.30098253,4,rgb_sar,0,2
0.24395159,4,rgb_sar,0,2
0.45520598,4,rgb_sar,0,2
0.4478362,4,rgb_sar,0,2
0.10200393,4,rgb_sar,0,2
0.20102827,4,rgb_sar,0,2
0.14514332,4,rgb_sar,0,2
0.21839221,4,rgb_sar,0,2
0.21858148,4,rgb_sar,0,2
0.22682491,4,rgb_sar,0,2
0.30444062,4,rgb_sar,0,2
0.41171348,4,rgb_sar,0,2
0.25538123,4,rgb_sar,0,2
0.26405925,4,rgb_sar,0,2
0.32866278,4,rgb_sar,0,2
0.40743986,4,rgb_sar,0,2
0.34584773,4,rgb_sar,0,2
0.3132795,4,rgb_sar,0,2
0.21613204,4,rgb_sar,0,2
0.33973172,4,rgb_sar,0,2
0.31712234,4,rgb_sar,0,2
0.26436055,4,rgb_sar,0,2
0.22532913,4,rgb_sar,0,2
0.36994284,4,rgb_sar,0,2
0.2902317,4,rgb_sar,0,2
0.32866985,4,rgb_sar,0,2
0.37574095,4,rgb_sar,0,2
0.46874216,4,rgb_sar,0,2
0.2890284,4,rgb_sar,0,2
0.3462472,4,rgb_sar,0,2
0.3875481,4,rgb_sar,0,2
0.44446242,4,rgb_sar,0,2
0.28855988,4,rgb_sar,0,2
0.30123144,4,rgb_sar,0,2
0.29262435,4,rgb_sar,0,2
0.34715533,4,rgb_sar,0,2
0.27268517,4,rgb_sar,0,2
0.24954015,4,rgb_sar,0,2
0.2569307,4,rgb_sar,0,2
0.28801304,4,rgb_sar,0,2
0.22091699,4,rgb_sar,0,2
0.1772176,4,rgb_sar,0,2
0.29885715,4,rgb_sar,0,2
0.38295752,4,rgb_sar,0,2
0.24010289,4,rgb_sar,0,2
0.19352502,4,rgb_sar,0,2
0.26842523,4,rgb_sar,0,2
0.34661323,4,rgb_sar,0,2
0.1616194,4,rgb_sar,0,2
0.19453517,4,rgb_sar,0,2
0.2564173,4,rgb_sar,0,2
0.22873485,4,rgb_sar,0,2
0.27200103,4,rgb_sar,0,2
0.23266053,4,rgb_sar,0,2
0.22877623,4,rgb_sar,0,2
0.21799093,4,rgb_sar,0,2
0.3145576,4,rgb_sar,0,2
0.255338,4,rgb_sar,0,2
0.2632494,4,rgb_sar,0,2
0.16052423,4,rgb_sar,0,2
0.29315096,4,rgb_sar,0,2
0.2668771,4,rgb_sar,0,2
0.30500668,4,rgb_sar,0,2
0.2990232,4,rgb_sar,0,2
0.275467,4,rgb_sar,0,2
0.26877555,4,rgb_sar,0,2
0.2937404,4,rgb_sar,0,2
0.2896903,4,rgb_sar,0,2
0.2434152,4,rgb_sar,0,2
0.38775018,4,rgb_sar,0,2
0.3378805,4,rgb_sar,0,2
0.3432463,4,rgb_sar,0,2
0.31696695,4,rgb_sar,0,2
0.2767679,4,rgb_sar,0,2
0.2276735,4,rgb_sar,0,2
0.24831875,4,rgb_sar,0,2
0.2835793,4,rgb_sar,0,2
0.37252367,4,rgb_sar,0,2
0.3277215,4,rgb_sar,0,2
0.3009522,4,rgb_sar,0,2
0.28740096,4,rgb_sar,0,2
0.29502362,4,rgb_sar,0,2
0.2777359,4,rgb_sar,0,2
0.2548934,4,rgb_sar,0,2
0.39289117,4,rgb_sar,0,2
0.34171933,4,rgb_sar,0,2
0.3559265,4,rgb_sar,0,2
0.29274935,4,rgb_sar,0,2
0.2972463,4,rgb_sar,0,2
0.29948616,4,rgb_sar,0,2
0.28154567,4,rgb_sar,0,2
0.43878552,4,rgb_sar,0,2
0.40407604,4,rgb_sar,0,2
0.34871387,4,rgb_sar,0,2
0.29261893,4,rgb_sar,0,2
0.2793045,4,rgb_sar,0,2
0.28505462,4,rgb_sar,0,2
0.30635825,4,rgb_sar,0,2
0.46917439,4,rgb_sar,0,2
0.3989672,4,rgb_sar,0,2
0.35984913,4,rgb_sar,0,2
0.31524268,4,rgb_sar,0,2
0.28277868,4,rgb_sar,0,2
0.36689866,4,rgb_sar,0,2
0.32345074,4,rgb_sar,0,2
0.29735646,4,rgb_sar,0,2
0.26651156,4,rgb_sar,0,2
0.30666378,4,rgb_sar,0,2
0.22871831,4,rgb_sar,0,2
0.26478335,4,rgb_sar,0,2
0.24154615,4,rgb_sar,0,2
0.2767493,4,rgb_sar,0,2
0.19710928,4,rgb_sar,0,2
0.16303392,4,rgb_sar,0,2
0.2439662,4,rgb_sar,0,2
0.27871314,4,rgb_sar,0,2
0.2200385,4,rgb_sar,0,2
0.18276794,4,rgb_sar,0,2
0.22788084,4,rgb_sar,0,2
0.25432628,4,rgb_sar,0,2
0.17784858,4,rgb_sar,0,2
0.18100098,4,rgb_sar,0,2
0.22595876,4,rgb_sar,0,2
0.22113617,4,rgb_sar,0,2
0.2571493,4,rgb_sar,0,2
0.25292468,4,rgb_sar,0,2
0.36065242,4,rgb_sar,0,2
0.26088423,4,rgb_sar,0,2
0.35506892,4,rgb_sar,0,2
0.24597803,4,rgb_sar,0,2
0.24369478,4,rgb_sar,0,2
0.3676671,4,rgb_sar,0,2
0.32110536,4,rgb_sar,0,2
0.36579636,4,rgb_sar,0,2
0.25958788,4,rgb_sar,0,2
0.26293227,4,rgb_sar,0,2
0.30161226,4,rgb_sar,0,2
0.35494658,4,rgb_sar,0,2
0.23485407,4,rgb_sar,0,2
0.2584961,4,rgb_sar,0,2
0.38277736,4,rgb_sar,0,2
0.2166129,4,rgb_sar,0,2
0.22563687,4,rgb_sar,0,2
0.40077803,4,rgb_sar,0,2
0.22971025,4,rgb_sar,0,2
0.21622145,4,rgb_sar,0,2
0.36724976,4,rgb_sar,0,2
0.31356508,4,rgb_sar,0,2
0.32107902,6,rgb_sar,0,2
0.32583085,6,rgb_sar,0,2
0.45499256,6,rgb_sar,0,2
0.32725263,6,rgb_sar,0,2
0.33500028,6,rgb_sar,0,2
0.4717971,6,rgb_sar,0,2
0.48092848,6,rgb_sar,0,2
0.48187864,6,rgb_sar,0,2
0.35422736,6,rgb_sar,0,2
0.22179303,6,rgb_sar,0,2
0.0868745,6,rgb_sar,0,2
-0.024566581,6,rgb_sar,0,2
0.07391301,6,rgb_sar,0,2
0.3752572,6,rgb_sar,0,2
0.30883628,6,rgb_sar,0,2
0.23975217,6,rgb_sar,0,2
0.19601345,6,rgb_sar,0,2
0.23705862,6,rgb_sar,0,2
0.25350708,6,rgb_sar,0,2
0.24101257,6,rgb_sar,0,2
0.2632596,6,rgb_sar,0,2
0.32620543,6,rgb_sar,0,2
0.29321444,6,rgb_sar,0,2
0.287229,6,rgb_sar,0,2
0.3523636,6,rgb_sar,0,2
0.3163959,6,rgb_sar,0,2
0.3320526,6,rgb_sar,0,2
0.34724262,6,rgb_sar,0,2
0.31067777,6,rgb_sar,0,2
0.36447066,6,rgb_sar,0,2
0.20627199,6,rgb_sar,0,2
0.13177003,6,rgb_sar,0,2
0.40456676,6,rgb_sar,0,2
0.2307373,6,rgb_sar,0,2
0.40049225,6,rgb_sar,0,2
0.2720672,6,rgb_sar,0,2
0.22331461,6,rgb_sar,0,2
0.1836772,6,rgb_sar,0,2
0.113964275,6,rgb_sar,0,2
0.45111603,6,rgb_sar,0,2
0.3110345,6,rgb_sar,0,2
0.24430093,6,rgb_sar,0,2
0.19967128,6,rgb_sar,0,2
0.21964017,6,rgb_sar,0,2
0.36718848,6,rgb_sar,0,2
0.30592924,6,rgb_sar,0,2
0.46704233,6,rgb_sar,0,2
0.3469844,6,rgb_sar,0,2
0.3732247,6,rgb_sar,0,2
0.4930337,6,rgb_sar,0,2
0.5013155,6,rgb_sar,0,2
0.47753572,6,rgb_sar,0,2
0.41553694,6,rgb_sar,0,2
0.2800231,6,rgb_sar,0,2
0.16983417,6,rgb_sar,0,2
0.008594552,6,rgb_sar,0,2
0.06413613,6,rgb_sar,0,2
0.44324315,6,rgb_sar,0,2
0.34059978,6,rgb_sar,0,2
0.30374247,6,rgb_sar,0,2
0.11936468,6,rgb_sar,0,2
0.1421093,6,rgb_sar,0,2
0.3669048,6,rgb_sar,0,2
0.22061831,6,rgb_sar,0,2
0.1758061,6,rgb_sar,0,2
0.22577937,6,rgb_sar,0,2
0.24699014,6,rgb_sar,0,2
0.170552,6,rgb_sar,0,2
0.35163838,6,rgb_sar,0,2
0.3334878,6,rgb_sar,0,2
0.2978266,6,rgb_sar,0,2
0.2325995,6,rgb_sar,0,2
0.13729733,6,rgb_sar,0,2
0.22223812,6,rgb_sar,0,2
0.1541687,6,rgb_sar,0,2
0.06790841,6,rgb_sar,0,2
0.3247317,6,rgb_sar,0,2
0.16684999,6,rgb_sar,0,2
0.3399886,6,rgb_sar,0,2
0.22019607,6,rgb_sar,0,2
0.29057187,6,rgb_sar,0,2
0.3305294,6,rgb_sar,0,2
0.40700227,6,rgb_sar,0,2
0.40783697,6,rgb_sar,0,2
0.26748723,6,rgb_sar,0,2
0.30205107,6,rgb_sar,0,2
0.252769,6,rgb_sar,0,2
0.33115917,6,rgb_sar,0,2
0.24994273,6,rgb_sar,0,2
0.14278913,6,rgb_sar,0,2
0.18503824,6,rgb_sar,0,2
0.26689428,6,rgb_sar,0,2
0.2364296,6,rgb_sar,0,2
0.17126355,6,rgb_sar,0,2
0.23739634,6,rgb_sar,0,2
0.19249511,6,rgb_sar,0,2
0.29300582,6,rgb_sar,0,2
0.23220241,6,rgb_sar,0,2
0.27791396,6,rgb_sar,0,2
0.24719119,6,rgb_sar,0,2
0.2967862,6,rgb_sar,0,2
0.2549563,6,rgb_sar,0,2
0.2883728,6,rgb_sar,0,2
0.21012342,6,rgb_sar,0,2
0.18474422,6,rgb_sar,0,2
0.16702634,6,rgb_sar,0,2
0.20308825,6,rgb_sar,0,2
0.12099168,6,rgb_sar,0,2
0.24320081,6,rgb_sar,0,2
0.25899422,6,rgb_sar,0,2
0.2463113,6,rgb_sar,0,2
0.20675711,6,rgb_sar,0,2
0.23576201,6,rgb_sar,0,2
0.19128366,6,rgb_sar,0,2
0.15099637,6,rgb_sar,0,2
0.10696235,6,rgb_sar,0,2
0.27116776,6,rgb_sar,0,2
0.32197505,6,rgb_sar,0,2
0.24514332,6,rgb_sar,0,2
0.18623763,6,rgb_sar,0,2
0.16440096,6,rgb_sar,0,2
0.17894463,6,rgb_sar,0,2
0.17334178,6,rgb_sar,0,2
0.16425776,6,rgb_sar,0,2
0.282619,6,rgb_sar,0,2
0.25087157,6,rgb_sar,0,2
0.24605934,6,rgb_sar,0,2
0.19930741,6,rgb_sar,0,2
0.18325713,6,rgb_sar,0,2
0.18503006,6,rgb_sar,0,2
0.15855782,6,rgb_sar,0,2
0.19111086,6,rgb_sar,0,2
0.19634247,6,rgb_sar,0,2
0.17066604,6,rgb_sar,0,2
0.20021278,6,rgb_sar,0,2
0.1832862,6,rgb_sar,0,2
0.14720649,6,rgb_sar,0,2
0.19660082,6,rgb_sar,0,2
0.20306998,6,rgb_sar,0,2
0.24049589,6,rgb_sar,0,2
0.19155672,6,rgb_sar,0,2
0.23513332,6,rgb_sar,0,2
0.27431068,6,rgb_sar,0,2
0.18820904,6,rgb_sar,0,2
0.14152794,6,rgb_sar,0,2
0.20565629,6,rgb_sar,0,2
0.18047744,6,rgb_sar,0,2
0.22536172,6,rgb_sar,0,2
0.14482352,6,rgb_sar,0,2
0.19275883,6,rgb_sar,0,2
0.17005855,6,rgb_sar,0,2
0.2792916,6,rgb_sar,0,2
0.14681672,6,rgb_sar,0,2
0.19103257,6,rgb_sar,0,2
0.15703008,6,rgb_sar,0,2
0.19511703,6,rgb_sar,0,2
0.22539136,6,rgb_sar,0,2
0.14681748,6,rgb_sar,0,2
0.20391715,6,rgb_sar,0,2
0.13027634,6,rgb_sar,0,2
0.2787299,6,rgb_sar,0,2
0.20069683,6,rgb_sar,0,2
0.21534479,6,rgb_sar,0,2
0.16985954,6,rgb_sar,0,2
0.25815254,6,rgb_sar,0,2
0.2411547,6,rgb_sar,0,2
0.23043145,6,rgb_sar,0,2
0.20887998,6,rgb_sar,0,2
0.2827451,6,rgb_sar,0,2
0.27600738,6,rgb_sar,0,2
0.27603447,6,rgb_sar,0,2
0.20228282,6,rgb_sar,0,2
0.118526414,6,rgb_sar,0,2
0.14275943,6,rgb_sar,0,2
0.14460255,6,rgb_sar,0,2
0.01810175,6,rgb_sar,0,2
0.28891605,6,rgb_sar,0,2
0.2345813,6,rgb_sar,0,2
0.22136387,6,rgb_sar,0,2
0.19174609,6,rgb_sar,0,2
0.16284555,6,rgb_sar,0,2
0.20556924,6,rgb_sar,0,2
0.21256496,6,rgb_sar,0,2
0.14295302,6,rgb_sar,0,2
0.22812481,6,rgb_sar,0,2
0.20710243,6,rgb_sar,0,2
0.2115715,6,rgb_sar,0,2
0.21906507,6,rgb_sar,0,2
0.1868095,6,rgb_sar,0,2
0.18584666,6,rgb_sar,0,2
0.19938192,6,rgb_sar,0,2
0.20571473,6,rgb_sar,0,2
0.24281815,6,rgb_sar,0,2
0.20772508,6,rgb_sar,0,2
0.2126384,6,rgb_sar,0,2
0.2366862,6,rgb_sar,0,2
0.20991012,6,rgb_sar,0,2
0.191222,6,rgb_sar,0,2
0.19385217,6,rgb_sar,0,2
0.21769795,6,rgb_sar,0,2
0.2789543,6,rgb_sar,0,2
0.28384858,6,rgb_sar,0,2
0.3020044,6,rgb_sar,0,2
0.29886976,6,rgb_sar,0,2
0.25250039,6,rgb_sar,0,2
0.19402444,6,rgb_sar,0,2
0.19509931,6,rgb_sar,0,2
0.2834302,6,rgb_sar,0,2
0.23139465,6,rgb_sar,0,2
0.25026435,6,rgb_sar,0,2
0.27719826,6,rgb_sar,0,2
0.29329556,6,rgb_sar,0,2
0.25367877,6,rgb_sar,0,2
0.20898739,6,rgb_sar,0,2
0.15146384,6,rgb_sar,0,2
0.2681203,6,rgb_sar,0,2
0.24904853,6,rgb_sar,0,2
0.24484178,6,rgb_sar,0,2
0.20067896,6,rgb_sar,0,2
0.28627354,6,rgb_sar,0,2
0.24901849,6,rgb_sar,0,2
0.23873839,6,rgb_sar,0,2
0.20544975,6,rgb_sar,0,2
0.2006698,6,rgb_sar,0,2
0.14977866,5,rgb_sar,0,2
0.14899611,5,rgb_sar,0,2
0.13949212,5,rgb_sar,0,2
0.17149141,5,rgb_sar,0,2
0.25401264,5,rgb_sar,0,2
0.23327535,5,rgb_sar,0,2
0.14175117,5,rgb_sar,0,2
0.15877616,5,rgb_sar,0,2
0.2977193,5,rgb_sar,0,2
0.2703067,5,rgb_sar,0,2
0.16294116,5,rgb_sar,0,2
0.1528457,5,rgb_sar,0,2
0.1690632,5,rgb_sar,0,2
0.17326927,5,rgb_sar,0,2
0.16386679,5,rgb_sar,0,2
0.15006335,5,rgb_sar,0,2
0.19077262,5,rgb_sar,0,2
0.20808336,5,rgb_sar,0,2
0.23531964,5,rgb_sar,0,2
0.19070944,5,rgb_sar,0,2
0.21878374,5,rgb_sar,0,2
0.17843571,5,rgb_sar,0,2
0.10247555,5,rgb_sar,0,2
0.10826884,5,rgb_sar,0,2
0.24014026,5,rgb_sar,0,2
0.20284739,5,rgb_sar,0,2
0.10739748,5,rgb_sar,0,2
0.09114005,5,rgb_sar,0,2
0.1635683,5,rgb_sar,0,2
0.1415368,5,rgb_sar,0,2
0.12768346,5,rgb_sar,0,2
0.11992991,5,rgb_sar,0,2
0.117424324,5,rgb_sar,0,2
0.11089667,5,rgb_sar,0,2
0.12513606,5,rgb_sar,0,2
0.107384786,5,rgb_sar,0,2
0.13346633,5,rgb_sar,0,2
0.20477802,6,rgb_sar,0,2
0.1923162,6,rgb_sar,0,2
0.19439325,6,rgb_sar,0,2
0.1686132,6,rgb_sar,0,2
0.13962625,6,rgb_sar,0,2
0.043000855,6,rgb_sar,0,2
0.12069987,6,rgb_sar,0,2
0.09462541,6,rgb_sar,0,2
0.16709524,6,rgb_sar,0,2
0.057542488,6,rgb_sar,0,2
0.16931939,6,rgb_sar,0,2
0.16059853,6,rgb_sar,0,2
0.17990059,6,rgb_sar,0,2
0.119004875,6,rgb_sar,0,2
0.19509034,6,rgb_sar,0,2
0.19875243,6,rgb_sar,0,2
0.15846483,6,rgb_sar,0,2
0.273611,6,rgb_sar,0,2
0.29840317,6,rgb_sar,0,2
0.21233654,6,rgb_sar,0,2
0.1717103,6,rgb_sar,0,2
0.13347673,6,rgb_sar,0,2
0.16768764,6,rgb_sar,0,2
0.1662103,6,rgb_sar,0,2
0.16065547,6,rgb_sar,0,2
0.2269775,6,rgb_sar,0,2
0.23342532,6,rgb_sar,0,2
0.1459383,6,rgb_sar,0,2
0.24708977,6,rgb_sar,0,2
0.24208081,6,rgb_sar,0,2
0.28242475,6,rgb_sar,0,2
0.21577218,6,rgb_sar,0,2
0.23507193,6,rgb_sar,0,2
0.18006092,6,rgb_sar,0,2
0.21053742,6,rgb_sar,0,2
0.18450606,6,rgb_sar,0,2
0.2737565,6,rgb_sar,0,2
0.21178687,6,rgb_sar,0,2
0.27529988,6,rgb_sar,0,2
0.27782375,6,rgb_sar,0,2
0.27886435,6,rgb_sar,0,2
0.18016791,6,rgb_sar,0,2
0.21305549,6,rgb_sar,0,2
0.228309,6,rgb_sar,0,2
0.17451933,6,rgb_sar,0,2
0.18325295,6,rgb_sar,0,2
0.2695692,6,rgb_sar,0,2
0.3040896,6,rgb_sar,0,2
0.3042402,6,rgb_sar,0,2
0.23400818,6,rgb_sar,0,2
0.20641696,6,rgb_sar,0,2
0.2916785,6,rgb_sar,0,2
0.11951466,6,rgb_sar,0,2
0.20011649,6,rgb_sar,0,2
0.28538448,6,rgb_sar,0,2
0.27395815,6,rgb_sar,0,2
0.26625025,6,rgb_sar,0,2
0.22200128,6,rgb_sar,0,2
0.22187808,6,rgb_sar,0,2
0.28242594,6,rgb_sar,0,2
0.2492435,6,rgb_sar,0,2
0.27964562,6,rgb_sar,0,2
0.26017815,6,rgb_sar,0,2
0.2295568,6,rgb_sar,0,2
0.2825771,6,rgb_sar,0,2
0.2562845,6,rgb_sar,0,2
0.29257292,6,rgb_sar,0,2
0.20034249,6,rgb_sar,0,2
0.20752457,5,rgb_sar,0,2
0.15945943,5,rgb_sar,0,2
0.09399502,5,rgb_sar,0,2
0.042891193,5,rgb_sar,0,2
0.2034864,5,rgb_sar,0,2
0.2057954,5,rgb_sar,0,2
0.19664755,5,rgb_sar,0,2
0.1381033,5,rgb_sar,0,2
0.25671887,5,rgb_sar,0,2
0.23326088,5,rgb_sar,0,2
0.15934616,5,rgb_sar,0,2
0.06763792,5,rgb_sar,0,2
0.13959937,5,rgb_sar,0,2
0.17671089,5,rgb_sar,0,2
0.11476846,5,rgb_sar,0,2
0.073155284,5,rgb_sar,0,2
0.08715371,5,rgb_sar,0,2
0.16722363,5,rgb_sar,0,2
0.14159763,5,rgb_sar,0,2
0.09049122,5,rgb_sar,0,2
0.092560984,5,rgb_sar,0,2
0.13283962,5,rgb_sar,0,2
0.091307014,5,rgb_sar,0,2
0.12755802,5,rgb_sar,0,2
0.11208677,5,rgb_sar,0,2
0.1756864,5,rgb_sar,0,2
0.14295833,5,rgb_sar,0,2
0.13107932,5,rgb_sar,0,2
0.02269166,5,rgb_sar,0,2
0.07569504,5,rgb_sar,0,2
0.062538914,5,rgb_sar,0,2
0.1062853,5,rgb_sar,0,2
0.1871933,5,rgb_sar,0,2
0.09385219,5,rgb_sar,0,2
0.14568862,5,rgb_sar,0,2
0.049584784,5,rgb_sar,0,2
0.0946369,5,rgb_sar,0,2
0.22929788,6,rgb_sar,0,2
0.13802654,6,rgb_sar,0,2
0.20550933,6,rgb_sar,0,2
0.1674039,6,rgb_sar,0,2
0.19410738,6,rgb_sar,0,2
0.098719165,6,rgb_sar,0,2
0.13930148,6,rgb_sar,0,2
0.13786322,6,rgb_sar,0,2
0.20911379,6,rgb_sar,0,2
0.11563133,6,rgb_sar,0,2
0.14518516,6,rgb_sar,0,2
0.13340348,6,rgb_sar,0,2
0.21350485,6,rgb_sar,0,2
0.109043725,6,rgb_sar,0,2
0.16800934,6,rgb_sar,0,2
0.17127831,6,rgb_sar,0,2
0.1649571,6,rgb_sar,0,2
0.23778847,6,rgb_sar,0,2
0.24096671,6,rgb_sar,0,2
0.10324755,6,rgb_sar,0,2
0.19704589,6,rgb_sar,0,2
0.11015344,6,rgb_sar,0,2
0.1490632,6,rgb_sar,0,2
0.15981065,6,rgb_sar,0,2
0.19860442,6,rgb_sar,0,2
0.2746352,6,rgb_sar,0,2
0.32739764,6,rgb_sar,0,2
0.21549016,6,rgb_sar,0,2
0.18795986,6,rgb_sar,0,2
0.15856636,6,rgb_sar,0,2
0.17223552,6,rgb_sar,0,2
0.18394947,6,rgb_sar,0,2
0.19666961,6,rgb_sar,0,2
0.2784034,6,rgb_sar,0,2
0.29192004,6,rgb_sar,0,2
0.20015289,6,rgb_sar,0,2
0.17606117,6,rgb_sar,0,2
0.19995093,6,rgb_sar,0,2
0.2196381,6,rgb_sar,0,2
0.21844414,6,rgb_sar,0,2
0.17364527,6,rgb_sar,0,2
0.1885247,6,rgb_sar,0,2
0.21510081,6,rgb_sar,0,2
0.20526591,6,rgb_sar,0,2
0.21922274,6,rgb_sar,0,2
0.31767243,6,rgb_sar,0,2
0.292984,6,rgb_sar,0,2
0.2624058,6,rgb_sar,0,2
0.2425499,6,rgb_sar,0,2
0.20493725,6,rgb_sar,0,2
0.23221695,6,rgb_sar,0,2
0.28683877,6,rgb_sar,0,2
0.21380913,6,rgb_sar,0,2
0.25352412,6,rgb_sar,0,2
0.24750619,6,rgb_sar,0,2
0.25714642,6,rgb_sar,0,2
0.26559663,6,rgb_sar,0,2
0.21675767,6,rgb_sar,0,2
0.21771616,6,rgb_sar,0,2
0.27227527,6,rgb_sar,0,2
0.23414442,6,rgb_sar,0,2
0.30977327,6,rgb_sar,0,2
0.27013555,6,rgb_sar,0,2
0.22555074,6,rgb_sar,0,2
0.296682,6,rgb_sar,0,2
0.3524624,6,rgb_sar,0,2
0.27082756,6,rgb_sar,0,2
0.19074231,6,rgb_sar,0,2
0.13132508,7,rgb_sar,0,2
0.15214112,7,rgb_sar,0,2
0.15758759,7,rgb_sar,0,2
0.11464984,7,rgb_sar,0,2
0.12339829,7,rgb_sar,0,2
0.04519663,7,rgb_sar,0,2
0.043366734,7,rgb_sar,0,2
0.2273668,7,rgb_sar,0,2
0.26699215,7,rgb_sar,0,2
0.18082088,7,rgb_sar,0,2
0.15669869,7,rgb_sar,0,2
0.13366458,7,rgb_sar,0,2
0.1126058,7,rgb_sar,0,2
0.07905714,7,rgb_sar,0,2
0.051248163,7,rgb_sar,0,2
0.2927369,7,rgb_sar,0,2
0.353884,7,rgb_sar,0,2
0.37035084,7,rgb_sar,0,2
0.2942325,7,rgb_sar,0,2
0.28175387,7,rgb_sar,0,2
0.24070062,7,rgb_sar,0,2
0.2262087,7,rgb_sar,0,2
0.20478463,7,rgb_sar,0,2
0.23704076,7,rgb_sar,0,2
0.20295276,7,rgb_sar,0,2
0.18220949,7,rgb_sar,0,2
0.13954893,7,rgb_sar,0,2
0.16245914,7,rgb_sar,0,2
0.17914288,7,rgb_sar,0,2
0.12866384,7,rgb_sar,0,2
0.09761637,7,rgb_sar,0,2
0.1933531,7,rgb_sar,0,2
0.21300495,7,rgb_sar,0,2
0.19607553,7,rgb_sar,0,2
0.1467214,7,rgb_sar,0,2
0.12944706,7,rgb_sar,0,2
0.101378,7,rgb_sar,0,2
0.10256371,7,rgb_sar,0,2
0.052878156,7,rgb_sar,0,2
0.2814269,7,rgb_sar,0,2
0.2541117,7,rgb_sar,0,2
0.27996385,7,rgb_sar,0,2
0.27223003,7,rgb_sar,0,2
0.2456576,7,rgb_sar,0,2
0.21984065,7,rgb_sar,0,2
0.1934803,7,rgb_sar,0,2
0.198539,7,rgb_sar,0,2
0.22472471,7,rgb_sar,0,2
0.17355616,7,rgb_sar,0,2
0.13076125,7,rgb_sar,0,2
0.3281799,7,rgb_sar,0,2
0.26865628,7,rgb_sar,0,2
0.14317866,5,rgb_sar,0,2
0.16973782,5,rgb_sar,0,2
0.21119815,5,rgb_sar,0,2
0.16313878,5,rgb_sar,0,2
0.16058448,5,rgb_sar,0,2
0.19756068,5,rgb_sar,0,2
0.26535553,5,rgb_sar,0,2
0.1841836,5,rgb_sar,0,2
0.1894618,5,rgb_sar,0,2
0.20094293,5,rgb_sar,0,2
0.26786393,5,rgb_sar,0,2
0.19297685,5,rgb_sar,0,2
0.25086337,5,rgb_sar,0,2
0.22572488,5,rgb_sar,0,2
0.15514,5,rgb_sar,0,2
0.11878917,5,rgb_sar,0,2
0.21354547,5,rgb_sar,0,2
0.19036856,5,rgb_sar,0,2
0.14334804,5,rgb_sar,0,2
0.12361544,5,rgb_sar,0,2
0.20202115,5,rgb_sar,0,2
0.2277208,5,rgb_sar,0,2
0.22749023,5,rgb_sar,0,2
0.15827718,5,rgb_sar,0,2
0.19486213,5,rgb_sar,0,2
0.17814437,5,rgb_sar,0,2
0.12954889,5,rgb_sar,0,2
0.12789348,5,rgb_sar,0,2
0.21849522,5,rgb_sar,0,2
0.19472891,5,rgb_sar,0,2
0.07171961,5,rgb_sar,0,2
0.09330349,5,rgb_sar,0,2
0.10583827,5,rgb_sar,0,2
0.09808281,5,rgb_sar,0,2
0.15637788,5,rgb_sar,0,2
0.18830284,5,rgb_sar,0,2
0.21399423,5,rgb_sar,0,2
0.27870873,5,rgb_sar,0,2
0.23964003,5,rgb_sar,0,2
0.184614,5,rgb_sar,0,2
0.19992764,5,rgb_sar,0,2
0.25175506,5,rgb_sar,0,2
0.22141409,5,rgb_sar,0,2
0.22581944,5,rgb_sar,0,2
0.23582074,5,rgb_sar,0,2
0.2251123,5,rgb_sar,0,2
0.2305795,5,rgb_sar,0,2
0.25442266,5,rgb_sar,0,2
0.26280993,5,rgb_sar,0,2
0.25454065,5,rgb_sar,0,2
0.2641244,5,rgb_sar,0,2
0.2643803,5,rgb_sar,0,2
0.27146035,5,rgb_sar,0,2
0.2123931,5,rgb_sar,0,2
0.24317527,5,rgb_sar,0,2
0.22087917,5,rgb_sar,0,2
0.18316177,5,rgb_sar,0,2
0.18498561,5,rgb_sar,0,2
0.21714772,5,rgb_sar,0,2
0.18442878,5,rgb_sar,0,2
0.09828148,5,rgb_sar,0,2
0.20382977,5,rgb_sar,0,2
0.21289362,5,rgb_sar,0,2
0.119851515,5,rgb_sar,0,2
0.070703834,5,rgb_sar,0,2
0.18010987,5,rgb_sar,0,2
0.18781304,5,rgb_sar,0,2
0.07646048,5,rgb_sar,0,2
0.1860494,5,rgb_sar,0,2
0.16159366,5,rgb_sar,0,2
0.17691487,5,rgb_sar,0,2
0.14637361,5,rgb_sar,0,2
0.12640274,5,rgb_sar,0,2
0.20683232,5,rgb_sar,0,2
-0.006760353,3,rgb_sar,0,2
0.16512947,3,rgb_sar,0,2
0.017243769,3,rgb_sar,0,2
0.11467653,3,rgb_sar,0,2
0.03185945,3,rgb_sar,0,2
0.07409063,3,rgb_sar,0,2
0.33137423,3,rgb_sar,0,2
0.13008319,3,rgb_sar,0,2
-0.009559702,3,rgb_sar,0,2
0.029805653,3,rgb_sar,0,2
0.07455721,3,rgb_sar,0,2
0.07310936,3,rgb_sar,0,2
0.09931673,3,rgb_sar,0,2
0.2701684,3,rgb_sar,0,2
0.1823362,3,rgb_sar,0,2
0.05674018,3,rgb_sar,0,2
0.08907223,3,rgb_sar,0,2
0.08714855,3,rgb_sar,0,2
0.07588051,3,rgb_sar,0,2
0.042925008,3,rgb_sar,0,2
0.11567596,3,rgb_sar,0,2
0.060464904,3,rgb_sar,0,2
0.030955182,3,rgb_sar,0,2
0.0715793,3,rgb_sar,0,2
0.045153078,3,rgb_sar,0,2
0.052929506,3,rgb_sar,0,2
0.041405745,3,rgb_sar,0,2
0.20938633,3,rgb_sar,0,2
0.07126686,3,rgb_sar,0,2
0.015441854,3,rgb_sar,0,2
-0.027766898,3,rgb_sar,0,2
-0.00038498268,3,rgb_sar,0,2
0.048743214,3,rgb_sar,0,2
0.08959304,3,rgb_sar,0,2
0.07193328,3,rgb_sar,0,2
0.2012771,3,rgb_sar,0,2
0.07674173,3,rgb_sar,0,2
0.10704617,3,rgb_sar,0,2
0.069557525,3,rgb_sar,0,2
0.051598877,3,rgb_sar,0,2
0.0007126443,3,rgb_sar,0,2
-0.043132216,3,rgb_sar,0,2
-0.0031937938,3,rgb_sar,0,2
0.023766406,3,rgb_sar,0,2
0.051067345,3,rgb_sar,0,2
0.16849321,3,rgb_sar,0,2
-0.0077694915,3,rgb_sar,0,2
0.010488906,3,rgb_sar,0,2
0.059175875,3,rgb_sar,0,2
0.087432824,3,rgb_sar,0,2
0.058041014,3,rgb_sar,0,2
-0.0004304964,3,rgb_sar,0,2
0.03545562,3,rgb_sar,0,2
0.048120607,3,rgb_sar,0,2
0.17199522,3,rgb_sar,0,2
0.32378635,3,rgb_sar,0,2
0.06393477,3,rgb_sar,0,2
-0.022892505,3,rgb_sar,0,2
0.05576513,3,rgb_sar,0,2
0.07949069,3,rgb_sar,0,2
0.03134618,3,rgb_sar,0,2
0.026345842,3,rgb_sar,0,2
0.09208992,3,rgb_sar,0,2
0.121715404,3,rgb_sar,0,2
0.24642333,3,rgb_sar,0,2
0.37344235,3,rgb_sar,0,2
-0.035561148,3,rgb_sar,0,2
-0.013818523,3,rgb_sar,0,2
0.079088055,3,rgb_sar,0,2
0.068530634,3,rgb_sar,0,2
-0.011831952,3,rgb_sar,0,2
0.031543106,3,rgb_sar,0,2
0.07883074,3,rgb_sar,0,2
0.04307825,3,rgb_sar,0,2
0.10567016,3,rgb_sar,0,2
0.23156327,3,rgb_sar,0,2
0.13338,3,rgb_sar,0,2
0.13830717,3,rgb_sar,0,2
0.18012121,3,rgb_sar,0,2
0.15557027,3,rgb_sar,0,2
0.09561232,3,rgb_sar,0,2
0.12876073,3,rgb_sar,0,2
0.15229027,3,rgb_sar,0,2
0.13573962,3,rgb_sar,0,2
0.21527785,3,rgb_sar,0,2
0.36124197,3,rgb_sar,0,2
0.009909829,3,rgb_sar,0,2
0.014347037,3,rgb_sar,0,2
0.13679537,3,rgb_sar,0,2
0.11956312,3,rgb_sar,0,2
0.09653813,3,rgb_sar,0,2
0.063472465,3,rgb_sar,0,2
0.19730774,3,rgb_sar,0,2
0.03211847,3,rgb_sar,0,2
0.06355675,3,rgb_sar,0,2
0.054956216,3,rgb_sar,0,2
0.0031184107,3,rgb_sar,0,2
0.032397404,3,rgb_sar,0,2
0.044875152,3,rgb_sar,0,2
0.1844283,3,rgb_sar,0,2
0.07868806,3,rgb_sar,0,2
0.020066619,3,rgb_sar,0,2
0.018243786,3,rgb_sar,0,2
0.059174526,3,rgb_sar,0,2
0.10134872,3,rgb_sar,0,2
0.06684044,3,rgb_sar,0,2
0.07396883,3,rgb_sar,0,2
0.012094393,3,rgb_sar,0,2
-0.016957711,3,rgb_sar,0,2
-0.0048351213,3,rgb_sar,0,2
0.013699124,3,rgb_sar,0,2
-0.02916671,3,rgb_sar,0,2
-0.09683082,3,rgb_sar,0,2
-0.07251571,3,rgb_sar,0,2
0.012044916,3,rgb_sar,0,2
-0.0636572,3,rgb_sar,0,2
-0.05686249,3,rgb_sar,0,2
-0.030108884,3,rgb_sar,0,2
-0.022581026,3,rgb_sar,0,2
-0.015819263,3,rgb_sar,0,2
0.022605669,3,rgb_sar,0,2
0.03977622,3,rgb_sar,0,2
0.036323994,3,rgb_sar,0,2
-0.011299109,3,rgb_sar,0,2
-0.030840067,3,rgb_sar,0,2
-0.0042559514,3,rgb_sar,0,2
-0.006970077,3,rgb_sar,0,2
0.038607907,3,rgb_sar,0,2
0.037138786,3,rgb_sar,0,2
0.025470167,3,rgb_sar,0,2
0.006304495,3,rgb_sar,0,2
-0.0189852,3,rgb_sar,0,2
0.025943823,3,rgb_sar,0,2
-0.055303417,3,rgb_sar,0,2
-0.114563726,3,rgb_sar,0,2
-0.105566874,3,rgb_sar,0,2
-0.0035135914,3,rgb_sar,0,2
0.0010634717,3,rgb_sar,0,2
-0.00026751868,3,rgb_sar,0,2
0.050615977,3,rgb_sar,0,2
0.09494152,3,rgb_sar,0,2
0.04171013,3,rgb_sar,0,2
-0.021171462,3,rgb_sar,0,2
0.028337643,3,rgb_sar,0,2
0.20902541,3,rgb_sar,0,2
0.11888347,3,rgb_sar,0,2
0.04814009,3,rgb_sar,0,2
0.066896066,3,rgb_sar,0,2
0.061936174,3,rgb_sar,0,2
0.027044466,3,rgb_sar,0,2
0.019455828,3,rgb_sar,0,2
0.052122936,3,rgb_sar,0,2
0.09533555,3,rgb_sar,0,2
0.04086736,3,rgb_sar,0,2
0.0054387767,3,rgb_sar,0,2
0.11399932,3,rgb_sar,0,2
0.31084764,3,rgb_sar,0,2
0.21054098,3,rgb_sar,0,2
0.09788822,3,rgb_sar,0,2
0.1454903,3,rgb_sar,0,2
0.34643504,3,rgb_sar,0,2
-0.072292,3,rgb_sar,0,2
-0.012821741,3,rgb_sar,0,2
0.012194629,3,rgb_sar,0,2
0.015350977,3,rgb_sar,0,2
0.047192216,3,rgb_sar,0,2
0.045723397,3,rgb_sar,0,2
0.03012814,3,rgb_sar,0,2
0.055425696,3,rgb_sar,0,2
0.2356014,3,rgb_sar,0,2
0.15841147,3,rgb_sar,0,2
0.10852304,3,rgb_sar,0,2
0.2490304,3,rgb_sar,0,2
0.41648555,3,rgb_sar,0,2
0.11440333,3,rgb_sar,0,2
0.12948537,3,rgb_sar,0,2
0.1547944,3,rgb_sar,0,2
0.15038553,3,rgb_sar,0,2
0.1220313,3,rgb_sar,0,2
0.1375329,3,rgb_sar,0,2
0.13836747,3,rgb_sar,0,2
0.1851748,3,rgb_sar,0,2
0.29128015,3,rgb_sar,0,2
0.21852712,3,rgb_sar,0,2
0.24656206,3,rgb_sar,0,2
0.33238128,3,rgb_sar,0,2
0.36162114,3,rgb_sar,0,2
0.07688719,3,rgb_sar,0,2
-0.0053652236,3,rgb_sar,0,2
-0.070396766,3,rgb_sar,0,2
-0.08782369,3,rgb_sar,0,2
0.042369507,3,rgb_sar,0,2
-0.0113969315,3,rgb_sar,0,2
0.030591577,3,rgb_sar,0,2
0.10822038,3,rgb_sar,0,2
0.3319385,3,rgb_sar,0,2
0.297555,3,rgb_sar,0,2
0.3673857,3,rgb_sar,0,2
0.4376635,3,rgb_sar,0,2
0.48889863,3,rgb_sar,0,2
0.4850424,3,rgb_sar,0,2
0.40113807,3,rgb_sar,0,2
0.22130111,7,rgb_sar,0,2
0.21585482,7,rgb_sar,0,2
0.22882664,7,rgb_sar,0,2
0.21924168,7,rgb_sar,0,2
0.13912639,7,rgb_sar,0,2
0.08637431,7,rgb_sar,0,2
0.0854478,7,rgb_sar,0,2
0.121866725,7,rgb_sar,0,2
0.14422725,7,rgb_sar,0,2
0.12926103,7,rgb_sar,0,2
0.12744416,7,rgb_sar,0,2
0.16436486,7,rgb_sar,0,2
0.115836784,7,rgb_sar,0,2
0.055451877,7,rgb_sar,0,2
0.033569302,7,rgb_sar,0,2
0.15044868,7,rgb_sar,0,2
0.13822526,7,rgb_sar,0,2
0.12445521,7,rgb_sar,0,2
0.13733937,7,rgb_sar,0,2
0.16093895,7,rgb_sar,0,2
0.18751256,7,rgb_sar,0,2
0.12549947,7,rgb_sar,0,2
0.071133405,7,rgb_sar,0,2
0.11254159,7,rgb_sar,0,2
0.12205238,7,rgb_sar,0,2
0.141277,7,rgb_sar,0,2
0.108122975,7,rgb_sar,0,2
0.16201985,7,rgb_sar,0,2
0.21304691,7,rgb_sar,0,2
0.17299038,7,rgb_sar,0,2
0.095078565,7,rgb_sar,0,2
0.04305769,7,rgb_sar,0,2
0.056830637,7,rgb_sar,0,2
0.11055018,7,rgb_sar,0,2
0.13199934,7,rgb_sar,0,2
0.121492304,7,rgb_sar,0,2
0.16705386,7,rgb_sar,0,2
0.16145846,7,rgb_sar,0,2
0.089401476,7,rgb_sar,0,2
0.054106474,7,rgb_sar,0,2
0.016505964,7,rgb_sar,0,2
-0.033360355,7,rgb_sar,0,2
0.11258425,7,rgb_sar,0,2
0.13065398,7,rgb_sar,0,2
0.14119121,7,rgb_sar,0,2
0.14977899,7,rgb_sar,0,2
0.11418232,7,rgb_sar,0,2
0.060498238,7,rgb_sar,0,2
0.058816828,7,rgb_sar,0,2
-0.0031711534,7,rgb_sar,0,2
-0.053112656,7,rgb_sar,0,2
0.08485259,7,rgb_sar,0,2
0.10270479,7,rgb_sar,0,2
0.13481072,7,rgb_sar,0,2
0.14407136,7,rgb_sar,0,2
0.11215564,7,rgb_sar,0,2
0.0609591,7,rgb_sar,0,2
0.07016237,7,rgb_sar,0,2
0.01826213,7,rgb_sar,0,2
0.004547879,7,rgb_sar,0,2
0.06646922,7,rgb_sar,0,2
0.09299036,7,rgb_sar,0,2
0.06606293,7,rgb_sar,0,2
0.07263593,7,rgb_sar,0,2
0.058845703,7,rgb_sar,0,2
0.019567236,7,rgb_sar,0,2
0.009280127,7,rgb_sar,0,2
0.007020654,7,rgb_sar,0,2
0.04035396,7,rgb_sar,0,2
0.17520326,3,rgb_sar,0,2
0.15266217,3,rgb_sar,0,2
0.035824068,3,rgb_sar,0,2
-0.07539949,3,rgb_sar,0,2
0.018941537,3,rgb_sar,0,2
0.059303075,3,rgb_sar,0,2
-0.05396696,3,rgb_sar,0,2
-0.06263005,3,rgb_sar,0,2
-0.012121817,3,rgb_sar,0,2
0.13558918,3,rgb_sar,0,2
0.16230208,3,rgb_sar,0,2
0.10967012,3,rgb_sar,0,2
0.05803422,3,rgb_sar,0,2
0.035839815,3,rgb_sar,0,2
0.037729707,3,rgb_sar,0,2
-0.031450268,3,rgb_sar,0,2
-0.109032534,3,rgb_sar,0,2
-0.13856915,3,rgb_sar,0,2
0.17401387,3,rgb_sar,0,2
0.18734616,3,rgb_sar,0,2
0.13254376,3,rgb_sar,0,2
0.10079038,3,rgb_sar,0,2
0.036550328,3,rgb_sar,0,2
-0.023860596,3,rgb_sar,0,2
-0.035671726,3,rgb_sar,0,2
0.014861733,3,rgb_sar,0,2
-0.06815601,3,rgb_sar,0,2
-0.021936344,3,rgb_sar,0,2
0.09779576,3,rgb_sar,0,2
0.19310483,3,rgb_sar,0,2
0.15222943,3,rgb_sar,0,2
0.095514126,3,rgb_sar,0,2
0.11610721,3,rgb_sar,0,2
0.06853628,3,rgb_sar,0,2
-0.041236512,3,rgb_sar,0,2
-0.027224716,3,rgb_sar,0,2
0.10417825,3,rgb_sar,0,2
0.015499212,3,rgb_sar,0,2
-0.020407354,3,rgb_sar,0,2
0.037456,3,rgb_sar,0,2
0.1709952,3,rgb_sar,0,2
0.17003027,3,rgb_sar,0,2
0.12638156,3,rgb_sar,0,2
0.12148357,3,rgb_sar,0,2
0.13079984,3,rgb_sar,0,2
0.12026431,3,rgb_sar,0,2
0.045326017,3,rgb_sar,0,2
0.03472526,3,rgb_sar,0,2
0.030717004,3,rgb_sar,0,2
-0.09618037,3,rgb_sar,0,2
0.024306245,3,rgb_sar,0,2
0.015987772,3,rgb_sar,0,2
0.16969882,3,rgb_sar,0,2
0.15410382,3,rgb_sar,0,2
0.08408481,3,rgb_sar,0,2
0.14340918,3,rgb_sar,0,2
0.1664089,3,rgb_sar,0,2
0.0883028,3,rgb_sar,0,2
0.059629656,3,rgb_sar,0,2
0.1300315,3,rgb_sar,0,2
0.04395602,3,rgb_sar,0,2
-0.06464309,3,rgb_sar,0,2
0.050099157,3,rgb_sar,0,2
0.026948422,3,rgb_sar,0,2
0.11739236,3,rgb_sar,0,2
0.2387535,3,rgb_sar,0,2
0.20512068,3,rgb_sar,0,2
0.13289134,3,rgb_sar,0,2
0.16821012,3,rgb_sar,0,2
0.14074965,3,rgb_sar,0,2
0.044278692,3,rgb_sar,0,2
0.11091086,3,rgb_sar,0,2
0.106024064,3,rgb_sar,0,2
0.040234406,3,rgb_sar,0,2
0.08226468,3,rgb_sar,0,2
0.08518166,3,rgb_sar,0,2
0.02812031,3,rgb_sar,0,2
0.111706465,3,rgb_sar,0,2
0.23546332,3,rgb_sar,0,2
0.2233084,3,rgb_sar,0,2
0.19163063,3,rgb_sar,0,2
0.17663708,3,rgb_sar,0,2
0.12651949,3,rgb_sar,0,2
0.033637296,3,rgb_sar,0,2
0.010454712,3,rgb_sar,0,2
0.013469127,3,rgb_sar,0,2
0.016727123,3,rgb_sar,0,2
0.044215474,3,rgb_sar,0,2
0.24005885,3,rgb_sar,0,2
0.24980244,3,rgb_sar,0,2
0.2241467,3,rgb_sar,0,2
0.112386994,3,rgb_sar,0,2
0.039949104,3,rgb_sar,0,2
0.012087602,3,rgb_sar,0,2
0.054580007,3,rgb_sar,0,2
-0.08137651,3,rgb_sar,0,2
-0.06269075,3,rgb_sar,0,2
0.046442594,3,rgb_sar,0,2
0.2392556,3,rgb_sar,0,2
0.24707338,3,rgb_sar,0,2
0.23856133,3,rgb_sar,0,2
0.1077036,3,rgb_sar,0,2
0.0005079387,3,rgb_sar,0,2
-0.021764945,3,rgb_sar,0,2
0.08849765,3,rgb_sar,0,2
0.002586022,3,rgb_sar,0,2
0.014981033,3,rgb_sar,0,2
0.22477755,3,rgb_sar,0,2
0.22012289,3,rgb_sar,0,2
0.25082806,3,rgb_sar,0,2
0.122476846,3,rgb_sar,0,2
0.108386934,3,rgb_sar,0,2
0.105590425,3,rgb_sar,0,2
0.04466793,3,rgb_sar,0,2
0.21896115,3,rgb_sar,0,2
0.20513602,3,rgb_sar,0,2
0.26220137,3,rgb_sar,0,2
0.12461412,3,rgb_sar,0,2
0.08856897,3,rgb_sar,0,2
0.008909811,3,rgb_sar,0,2
0.0023668483,3,rgb_sar,0,2
0.19876651,3,rgb_sar,0,2
0.14849536,3,rgb_sar,0,2
0.047607332,3,rgb_sar,0,2
0.12086862,3,rgb_sar,0,2
-0.027883418,3,rgb_sar,0,2
0.062208027,3,rgb_sar,0,2
0.11008732,3,rgb_sar,0,2
0.059336495,3,rgb_sar,0,2
0.1606622,3,rgb_sar,0,2
0.04403937,3,rgb_sar,0,2
0.04926101,3,rgb_sar,0,2
0.024552925,3,rgb_sar,0,2
0.2029025,7,rgb_sar,0,2
0.1911145,7,rgb_sar,0,2
0.16951977,7,rgb_sar,0,2
0.15673165,7,rgb_sar,0,2
0.11357679,7,rgb_sar,0,2
0.11138389,7,rgb_sar,0,2
0.10826084,7,rgb_sar,0,2
0.21440083,7,rgb_sar,0,2
0.21998116,7,rgb_sar,0,2
0.22304472,7,rgb_sar,0,2
0.18694529,7,rgb_sar,0,2
0.10455701,7,rgb_sar,0,2
0.055105254,7,rgb_sar,0,2
0.07599225,7,rgb_sar,0,2
0.0677674,7,rgb_sar,0,2
0.22644186,7,rgb_sar,0,2
0.20550382,7,rgb_sar,0,2
0.20037809,7,rgb_sar,0,2
0.19317427,7,rgb_sar,0,2
0.17260167,7,rgb_sar,0,2
0.112138584,7,rgb_sar,0,2
0.06959787,7,rgb_sar,0,2
0.08165586,7,rgb_sar,0,2
0.12505035,7,rgb_sar,0,2
0.024036814,7,rgb_sar,0,2
-0.09444663,7,rgb_sar,0,2
0.2385911,7,rgb_sar,0,2
0.19780949,7,rgb_sar,0,2
0.17742512,7,rgb_sar,0,2
0.17388451,7,rgb_sar,0,2
0.17367308,7,rgb_sar,0,2
0.1341702,7,rgb_sar,0,2
0.07681569,7,rgb_sar,0,2
0.08882392,7,rgb_sar,0,2
0.14097637,7,rgb_sar,0,2
0.009175684,7,rgb_sar,0,2
0.00013205828,7,rgb_sar,0,2
0.26735383,7,rgb_sar,0,2
0.19114804,7,rgb_sar,0,2
0.15263861,7,rgb_sar,0,2
0.16279119,7,rgb_sar,0,2
0.16891813,7,rgb_sar,0,2
0.12367279,7,rgb_sar,0,2
0.0463183,7,rgb_sar,0,2
0.08671598,7,rgb_sar,0,2
0.050597087,7,rgb_sar,0,2
0.0039021354,7,rgb_sar,0,2
0.026264532,7,rgb_sar,0,2
0.30016,7,rgb_sar,0,2
0.18129309,7,rgb_sar,0,2
0.17810914,7,rgb_sar,0,2
0.21930948,7,rgb_sar,0,2
0.22636738,7,rgb_sar,0,2
0.12103626,7,rgb_sar,0,2
0.04113199,7,rgb_sar,0,2
0.10949741,7,rgb_sar,0,2
0.0672258,7,rgb_sar,0,2
-0.024336167,7,rgb_sar,0,2
0.0048345276,7,rgb_sar,0,2
0.26971895,7,rgb_sar,0,2
0.21530588,7,rgb_sar,0,2
0.19576928,7,rgb_sar,0,2
0.23149022,7,rgb_sar,0,2
0.24370806,7,rgb_sar,0,2
0.13753693,7,rgb_sar,0,2
0.052268375,7,rgb_sar,0,2
0.1474321,7,rgb_sar,0,2
0.113151304,7,rgb_sar,0,2
0.04038979,7,rgb_sar,0,2
0.029757982,7,rgb_sar,0,2
0.06492023,7,rgb_sar,0,2
0.04350525,7,rgb_sar,0,2
0.012849096,7,rgb_sar,0,2
0.0045236778,7,rgb_sar,0,2
-0.008225566,7,rgb_sar,0,2
0.18943751,7,rgb_sar,0,2
0.1606914,7,rgb_sar,0,2
0.14175339,7,rgb_sar,0,2
0.14370024,7,rgb_sar,0,2
0.17881726,7,rgb_sar,0,2
0.16588132,7,rgb_sar,0,2
0.1028412,7,rgb_sar,0,2
0.06831814,7,rgb_sar,0,2
0.19927391,7,rgb_sar,0,2
0.15466422,7,rgb_sar,0,2
0.0018127449,7,rgb_sar,0,2
0.089339316,7,rgb_sar,0,2
0.09173647,7,rgb_sar,0,2
0.023201147,7,rgb_sar,0,2
-0.03495071,7,rgb_sar,0,2
-0.04137046,7,rgb_sar,0,2
-0.0077436343,7,rgb_sar,0,2
0.013699239,7,rgb_sar,0,2
0.028229833,7,rgb_sar,0,2
-0.03548292,7,rgb_sar,0,2
-0.031033345,7,rgb_sar,0,2
-0.021454727,7,rgb_sar,0,2
-0.03765444,7,rgb_sar,0,2
-0.030768547,7,rgb_sar,0,2
0.24620588,7,rgb_sar,0,2
0.037077405,7,rgb_sar,0,2
-0.023832802,7,rgb_sar,0,2
-0.09073709,7,rgb_sar,0,2
-0.083224386,7,rgb_sar,0,2
-0.07224985,7,rgb_sar,0,2
0.08504107,7,rgb_sar,0,2
0.32589665,7,rgb_sar,0,2
0.25945586,7,rgb_sar,0,2
0.081346855,7,rgb_sar,0,2
0.018850751,7,rgb_sar,0,2
-0.053953234,7,rgb_sar,0,2
0.015851753,7,rgb_sar,0,2
0.20865208,7,rgb_sar,0,2
0.16124251,7,rgb_sar,0,2
0.110299565,7,rgb_sar,0,2
0.016197857,7,rgb_sar,0,2
-0.050770696,7,rgb_sar,0,2
0.022619398,7,rgb_sar,0,2
0.125725,7,rgb_sar,0,2
0.06801522,7,rgb_sar,0,2
0.07219896,7,rgb_sar,0,2
-0.04355119,7,rgb_sar,0,2
-0.107719705,7,rgb_sar,0,2
0.16960056,3,rgb_sar,0,2
0.15561473,3,rgb_sar,0,2
0.13737684,3,rgb_sar,0,2
-0.055985175,3,rgb_sar,0,2
0.015104058,3,rgb_sar,0,2
0.025352016,3,rgb_sar,0,2
-0.019622106,3,rgb_sar,0,2
-0.064791545,3,rgb_sar,0,2
-0.01933175,3,rgb_sar,0,2
-0.014879299,7,rgb_sar,0,2
0.018409327,7,rgb_sar,0,2
0.14064543,3,rgb_sar,0,2
0.090831816,3,rgb_sar,0,2
0.000627242,3,rgb_sar,0,2
-0.05990246,3,rgb_sar,0,2
-0.0051579066,3,rgb_sar,0,2
0.02862252,3,rgb_sar,0,2
0.006302096,3,rgb_sar,0,2
-0.0745204,3,rgb_sar,0,2
-0.104164444,3,rgb_sar,0,2
0.17374335,3,rgb_sar,0,2
0.08047041,3,rgb_sar,0,2
0.0040471926,3,rgb_sar,0,2
-0.002220342,3,rgb_sar,0,2
-0.016687755,3,rgb_sar,0,2
-0.04390544,3,rgb_sar,0,2
-0.0046107024,3,rgb_sar,0,2
0.08980693,3,rgb_sar,0,2
-0.021237228,3,rgb_sar,0,2
-0.01365589,3,rgb_sar,0,2
0.084301874,3,rgb_sar,0,2
0.18163007,3,rgb_sar,0,2
0.029856153,3,rgb_sar,0,2
-0.013321603,3,rgb_sar,0,2
0.066815235,3,rgb_sar,0,2
0.024996078,3,rgb_sar,0,2
-0.008567119,3,rgb_sar,0,2
0.0039530993,3,rgb_sar,0,2
0.14980826,3,rgb_sar,0,2
-0.036405094,3,rgb_sar,0,2
-0.07549099,3,rgb_sar,0,2
0.10667439,3,rgb_sar,0,2
0.1310976,3,rgb_sar,0,2
0.1600031,3,rgb_sar,0,2
0.01909326,3,rgb_sar,0,2
-0.011836885,3,rgb_sar,0,2
0.002992576,3,rgb_sar,0,2
0.0010855217,3,rgb_sar,0,2
-0.008380003,3,rgb_sar,0,2
0.045524966,3,rgb_sar,0,2
0.053550646,3,rgb_sar,0,2
-0.06406769,3,rgb_sar,0,2
-0.01091768,3,rgb_sar,0,2
0.10844102,3,rgb_sar,0,2
0.1262413,3,rgb_sar,0,2
0.17761412,3,rgb_sar,0,2
0.115236215,3,rgb_sar,0,2
0.09556745,3,rgb_sar,0,2
0.012223174,3,rgb_sar,0,2
-0.022692103,3,rgb_sar,0,2
0.04795215,3,rgb_sar,0,2
0.11740236,3,rgb_sar,0,2
0.036137074,3,rgb_sar,0,2
-0.083648875,3,rgb_sar,0,2
-0.0029585287,3,rgb_sar,0,2
0.029652962,3,rgb_sar,0,2
0.14470524,3,rgb_sar,0,2
0.23894706,3,rgb_sar,0,2
0.24818838,3,rgb_sar,0,2
0.18923323,3,rgb_sar,0,2
0.17917077,3,rgb_sar,0,2
0.0420762,3,rgb_sar,0,2
-0.0404438,3,rgb_sar,0,2
0.09924585,3,rgb_sar,0,2
0.13686976,3,rgb_sar,0,2
0.00092132296,3,rgb_sar,0,2
0.043397896,3,rgb_sar,0,2
0.072833136,3,rgb_sar,0,2
0.011394143,3,rgb_sar,0,2
0.1906884,3,rgb_sar,0,2
0.2553925,3,rgb_sar,0,2
0.26035017,3,rgb_sar,0,2
0.19910823,3,rgb_sar,0,2
0.1912067,3,rgb_sar,0,2
0.07976003,3,rgb_sar,0,2
-0.025166236,3,rgb_sar,0,2
0.07077507,3,rgb_sar,0,2
0.094985984,3,rgb_sar,0,2
0.013579294,3,rgb_sar,0,2
0.02491184,3,rgb_sar,0,2
0.1982436,3,rgb_sar,0,2
0.22189571,3,rgb_sar,0,2
0.24922083,3,rgb_sar,0,2
0.07340205,3,rgb_sar,0,2
0.015568987,3,rgb_sar,0,2
-0.045033272,3,rgb_sar,0,2
-0.06354072,3,rgb_sar,0,2
-0.14617382,3,rgb_sar,0,2
-0.1485193,3,rgb_sar,0,2
-0.08905108,3,rgb_sar,0,2
0.21430257,3,rgb_sar,0,2
0.20196429,3,rgb_sar,0,2
0.20103352,3,rgb_sar,0,2
-0.006216988,3,rgb_sar,0,2
-0.05615385,3,rgb_sar,0,2
-0.08580297,3,rgb_sar,0,2
-0.0045181205,3,rgb_sar,0,2
-0.012258636,3,rgb_sar,0,2
-0.05159981,3,rgb_sar,0,2
0.19920394,3,rgb_sar,0,2
0.12564495,3,rgb_sar,0,2
0.17521009,3,rgb_sar,0,2
-0.017647754,3,rgb_sar,0,2
0.0020121485,3,rgb_sar,0,2
0.02137575,3,rgb_sar,0,2
0.01404622,3,rgb_sar,0,2
0.16053843,3,rgb_sar,0,2
0.12123377,3,rgb_sar,0,2
0.15727276,3,rgb_sar,0,2
-0.03757609,3,rgb_sar,0,2
-0.020838762,3,rgb_sar,0,2
-0.04341744,3,rgb_sar,0,2
-0.057969242,3,rgb_sar,0,2
0.15184814,3,rgb_sar,0,2
0.098471075,3,rgb_sar,0,2
-0.031244567,3,rgb_sar,0,2
0.06186534,3,rgb_sar,0,2
-0.044830225,3,rgb_sar,0,2
0.018624188,3,rgb_sar,0,2
-0.0032778569,3,rgb_sar,0,2
-0.01555172,3,rgb_sar,0,2
0.08833552,3,rgb_sar,0,2
-0.054640636,3,rgb_sar,0,2
0.029577414,3,rgb_sar,0,2
0.038940273,3,rgb_sar,0,2
-0.03286382,7,rgb_sar,0,2
-0.15873057,7,rgb_sar,0,2
-0.013485504,7,rgb_sar,0,2
-0.008617415,7,rgb_sar,0,2
-0.03198608,7,rgb_sar,0,2
0.0015025511,7,rgb_sar,0,2
-0.056614712,7,rgb_sar,0,2
-0.049467485,7,rgb_sar,0,2
0.033376716,7,rgb_sar,0,2
-0.0029025674,7,rgb_sar,0,2
0.005139567,7,rgb_sar,0,2
-0.03610321,7,rgb_sar,0,2
-0.057908494,7,rgb_sar,0,2
0.018289214,7,rgb_sar,0,2
0.028850878,7,rgb_sar,0,2
0.108439386,7,rgb_sar,0,2
0.0070064403,7,rgb_sar,0,2
0.020711102,7,rgb_sar,0,2
0.029492762,7,rgb_sar,0,2
-0.041001793,7,rgb_sar,0,2
-0.066569746,7,rgb_sar,0,2
-0.020536095,7,rgb_sar,0,2
-0.019277696,7,rgb_sar,0,2
0.0034409007,7,rgb_sar,0,2
0.2060358,7,rgb_sar,0,2
0.022495206,7,rgb_sar,0,2
-0.05717679,7,rgb_sar,0,2
-0.03758316,7,rgb_sar,0,2
-0.04515955,7,rgb_sar,0,2
-0.041299626,7,rgb_sar,0,2
0.27687946,7,rgb_sar,0,2
0.017922424,7,rgb_sar,0,2
-0.036216937,7,rgb_sar,0,2
-0.11297462,7,rgb_sar,0,2
-0.07544937,7,rgb_sar,0,2
0.033849,7,rgb_sar,0,2
0.16511625,7,rgb_sar,0,2
0.30593947,7,rgb_sar,0,2
0.1400533,7,rgb_sar,0,2
-0.031547494,7,rgb_sar,0,2
-0.051877946,7,rgb_sar,0,2
-0.16166851,7,rgb_sar,0,2
0.104324795,7,rgb_sar,0,2
0.1539036,7,rgb_sar,0,2
-0.06322889,7,rgb_sar,0,2
0.0031108912,7,rgb_sar,0,2
-0.051915057,7,rgb_sar,0,2
-0.16074625,7,rgb_sar,0,2
0.025305742,7,rgb_sar,0,2
0.034876313,7,rgb_sar,0,2
-0.09840187,7,rgb_sar,0,2
0.024866773,7,rgb_sar,0,2
-0.07195843,7,rgb_sar,0,2
-0.08435206,7,rgb_sar,0,2
-0.008085856,7,rgb_sar,0,2
0.06903404,7,rgb_sar,0,2
0.23814556,5,rgb_sar,0,2
0.20357192,5,rgb_sar,0,2
0.18454343,5,rgb_sar,0,2
0.18682715,5,rgb_sar,0,2
0.16114694,5,rgb_sar,0,2
0.19030328,5,rgb_sar,0,2
0.15844336,5,rgb_sar,0,2
0.22589621,5,rgb_sar,0,2
0.20475502,5,rgb_sar,0,2
0.28563857,5,rgb_sar,0,2
0.32514688,5,rgb_sar,0,2
0.28140277,5,rgb_sar,0,2
0.25466824,5,rgb_sar,0,2
0.27473927,5,rgb_sar,0,2
0.29167968,5,rgb_sar,0,2
0.25812885,5,rgb_sar,0,2
0.31632066,5,rgb_sar,0,2
0.2259635,5,rgb_sar,0,2
0.26002842,5,rgb_sar,0,2
0.30576187,5,rgb_sar,0,2
0.29766154,5,rgb_sar,0,2
0.35662416,5,rgb_sar,0,2
0.39798504,5,rgb_sar,0,2
0.22127059,5,rgb_sar,0,2
0.29491532,5,rgb_sar,0,2
0.35402405,5,rgb_sar,0,2
0.31395194,5,rgb_sar,0,2
0.34247115,5,rgb_sar,0,2
0.35418373,5,rgb_sar,0,2
0.21125579,5,rgb_sar,0,2
0.2691332,5,rgb_sar,0,2
0.31344616,5,rgb_sar,0,2
0.2808951,5,rgb_sar,0,2
0.3363169,5,rgb_sar,0,2
0.3435709,5,rgb_sar,0,2
0.20822597,5,rgb_sar,0,2
0.2546546,5,rgb_sar,0,2
0.31377834,5,rgb_sar,0,2
0.2856679,5,rgb_sar,0,2
0.3245965,5,rgb_sar,0,2
0.18807882,5,rgb_sar,0,2
0.2131812,5,rgb_sar,0,2
0.25079814,5,rgb_sar,0,2
0.2301313,5,rgb_sar,0,2
0.23567975,5,rgb_sar,0,2
0.16822165,5,rgb_sar,0,2
0.18218732,5,rgb_sar,0,2
0.18664846,5,rgb_sar,0,2
0.21230595,5,rgb_sar,0,2
0.12886852,5,rgb_sar,0,2
0.104720294,5,rgb_sar,0,2
0.12475529,5,rgb_sar,0,2
0.18618667,5,rgb_sar,0,2
0.093710095,5,rgb_sar,0,2
0.089334786,5,rgb_sar,0,2
0.12458218,5,rgb_sar,0,2
0.18261719,5,rgb_sar,0,2
0.17541659,5,rgb_sar,0,2
0.25788373,5,rgb_sar,0,2
0.24871984,5,rgb_sar,0,2
0.22839615,5,rgb_sar,0,2
0.24027781,5,rgb_sar,0,2
0.24550065,5,rgb_sar,0,2
0.25019473,5,rgb_sar,0,2
0.255778,5,rgb_sar,0,2
0.27817905,5,rgb_sar,0,2
0.24451402,5,rgb_sar,0,2
0.2565451,5,rgb_sar,0,2
0.17108417,5,rgb_sar,0,2
0.18777928,5,rgb_sar,0,2
0.18987057,5,rgb_sar,0,2
0.23533441,5,rgb_sar,0,2
0.18888235,5,rgb_sar,0,2
0.20590678,5,rgb_sar,0,2
0.23693797,5,rgb_sar,0,2
0.09802785,5,rgb_sar,0,2
0.18388195,5,rgb_sar,0,2
0.2347163,5,rgb_sar,0,2
0.23339349,5,rgb_sar,0,2
0.18423302,5,rgb_sar,0,2
0.22799094,5,rgb_sar,0,2
0.10064207,5,rgb_sar,0,2
0.19601443,5,rgb_sar,0,2
0.26733068,5,rgb_sar,0,2
0.2592842,5,rgb_sar,0,2
0.23780595,5,rgb_sar,0,2
0.29841116,5,rgb_sar,0,2
0.1604661,5,rgb_sar,0,2
0.2681147,5,rgb_sar,0,2
0.23846981,5,rgb_sar,0,2
0.2064344,5,rgb_sar,0,2
0.3045975,5,rgb_sar,0,2
0.35338336,5,rgb_sar,0,2
0.21811157,5,rgb_sar,0,2
0.32507265,5,rgb_sar,0,2
0.25301018,5,rgb_sar,0,2
0.22912982,5,rgb_sar,0,2
0.3265509,5,rgb_sar,0,2
0.19249737,5,rgb_sar,0,2
0.26442763,5,rgb_sar,0,2
0.29606366,5,rgb_sar,0,2
0.30614296,5,rgb_sar,0,2
0.34279132,5,rgb_sar,0,2
0.30646428,5,rgb_sar,0,2
0.24066782,5,rgb_sar,0,2
0.25791675,5,rgb_sar,0,2
0.284513,5,rgb_sar,0,2
0.3633142,5,rgb_sar,0,2
0.21935388,5,rgb_sar,0,2
0.24155927,5,rgb_sar,0,2
0.2808928,5,rgb_sar,0,2
0.32111853,5,rgb_sar,0,2
0.17658833,5,rgb_sar,0,2
0.23352852,5,rgb_sar,0,2
0.18290728,5,rgb_sar,0,2
0.23590851,5,rgb_sar,0,2
-0.10803956,3,rgb_sar,0,2
0.067066506,3,rgb_sar,0,2
-0.024499591,3,rgb_sar,0,2
0.07068539,3,rgb_sar,0,2
0.16067582,3,rgb_sar,0,2
0.1873261,3,rgb_sar,0,2
0.26669058,3,rgb_sar,0,2
0.17515105,3,rgb_sar,0,2
0.05881474,3,rgb_sar,0,2
0.110367425,3,rgb_sar,0,2
0.13346572,3,rgb_sar,0,2
0.13410874,3,rgb_sar,0,2
0.06298257,3,rgb_sar,0,2
0.088848814,3,rgb_sar,0,2
0.14853811,3,rgb_sar,0,2
0.04977498,3,rgb_sar,0,2
0.0056642042,3,rgb_sar,0,2
0.039132815,3,rgb_sar,0,2
0.081679,3,rgb_sar,0,2
0.045211073,3,rgb_sar,0,2
0.039688677,3,rgb_sar,0,2
0.06056922,3,rgb_sar,0,2
0.045965727,3,rgb_sar,0,2
0.04645964,3,rgb_sar,0,2
0.059260856,3,rgb_sar,0,2
0.09567196,3,rgb_sar,0,2
0.071169704,3,rgb_sar,0,2
0.19901693,3,rgb_sar,0,2
0.008444278,3,rgb_sar,0,2
0.0046691597,3,rgb_sar,0,2
0.058756292,3,rgb_sar,0,2
0.022199735,3,rgb_sar,0,2
0.09371114,3,rgb_sar,0,2
0.12668997,3,rgb_sar,0,2
0.09287871,3,rgb_sar,0,2
0.18196008,3,rgb_sar,0,2
0.028150588,3,rgb_sar,0,2
-0.02577496,3,rgb_sar,0,2
0.006414531,3,rgb_sar,0,2
0.095737755,3,rgb_sar,0,2
0.07046771,3,rgb_sar,0,2
-0.010196269,3,rgb_sar,0,2
0.019831106,3,rgb_sar,0,2
0.03889569,3,rgb_sar,0,2
0.038760073,3,rgb_sar,0,2
0.1502505,3,rgb_sar,0,2
0.047487408,3,rgb_sar,0,2
-0.0016860105,3,rgb_sar,0,2
0.050062098,3,rgb_sar,0,2
0.16877067,3,rgb_sar,0,2
0.08341561,3,rgb_sar,0,2
-0.019107167,3,rgb_sar,0,2
0.06199947,3,rgb_sar,0,2
0.114917874,3,rgb_sar,0,2
0.20558786,3,rgb_sar,0,2
0.31955564,3,rgb_sar,0,2
0.02057882,3,rgb_sar,0,2
-0.010203451,3,rgb_sar,0,2
0.07125585,3,rgb_sar,0,2
0.16705345,3,rgb_sar,0,2
0.03736364,3,rgb_sar,0,2
-0.023438245,3,rgb_sar,0,2
0.094622105,3,rgb_sar,0,2
0.17490496,3,rgb_sar,0,2
0.3145649,3,rgb_sar,0,2
0.34545088,3,rgb_sar,0,2
-0.03058758,3,rgb_sar,0,2
-0.026421448,3,rgb_sar,0,2
0.014368817,3,rgb_sar,0,2
0.09233938,3,rgb_sar,0,2
0.0006450545,3,rgb_sar,0,2
-0.013943819,3,rgb_sar,0,2
0.01579428,3,rgb_sar,0,2
0.017489081,3,rgb_sar,0,2
0.12800822,3,rgb_sar,0,2
0.24437824,3,rgb_sar,0,2
0.064098634,3,rgb_sar,0,2
-0.00026090257,3,rgb_sar,0,2
0.06325959,3,rgb_sar,0,2
0.06693179,3,rgb_sar,0,2
-0.019933375,3,rgb_sar,0,2
-0.026470238,3,rgb_sar,0,2
0.02952969,3,rgb_sar,0,2
0.015358716,3,rgb_sar,0,2
0.11196634,3,rgb_sar,0,2
0.19080105,3,rgb_sar,0,2
0.06981628,3,rgb_sar,0,2
0.03313867,3,rgb_sar,0,2
0.00947476,3,rgb_sar,0,2
0.010257181,3,rgb_sar,0,2
-0.0069367066,3,rgb_sar,0,2
-0.012908779,3,rgb_sar,0,2
0.0135434335,3,rgb_sar,0,2
0.018542528,3,rgb_sar,0,2
0.03056346,3,rgb_sar,0,2
0.18652633,3,rgb_sar,0,2
0.034305774,3,rgb_sar,0,2
-0.025087433,3,rgb_sar,0,2
-0.014516598,3,rgb_sar,0,2
0.004172964,3,rgb_sar,0,2
0.019368472,3,rgb_sar,0,2
-0.025853548,3,rgb_sar,0,2
-0.001194383,3,rgb_sar,0,2
0.18025762,3,rgb_sar,0,2
0.19794154,3,rgb_sar,0,2
0.12762259,3,rgb_sar,0,2
-0.062929384,3,rgb_sar,0,2
0.0049346536,3,rgb_sar,0,2
0.050384283,3,rgb_sar,0,2
0.0062952023,3,rgb_sar,0,2
0.0023099668,3,rgb_sar,0,2
0.16704315,3,rgb_sar,0,2
0.1945096,3,rgb_sar,0,2
-0.033621192,3,rgb_sar,0,2
0.019556122,3,rgb_sar,0,2
0.079260066,3,rgb_sar,0,2
0.055777077,3,rgb_sar,0,2
0.0795741,3,rgb_sar,0,2
0.24613905,3,rgb_sar,0,2
0.04384622,3,rgb_sar,0,2
0.04272729,3,rgb_sar,0,2
0.02252313,3,rgb_sar,0,2
0.05337066,3,rgb_sar,0,2
0.20265652,3,rgb_sar,0,2
0.017486494,3,rgb_sar,0,2
0.028027767,3,rgb_sar,0,2
0.010298949,3,rgb_sar,0,2
0.07430396,3,rgb_sar,0,2
0.24028218,3,rgb_sar,0,2
0.0045678318,3,rgb_sar,0,2
0.099118955,3,rgb_sar,0,2
0.01945587,3,rgb_sar,0,2
0.108688265,3,rgb_sar,0,2
0.06505425,3,rgb_sar,0,2
0.089680254,3,rgb_sar,0,2
0.21916118,3,rgb_sar,0,2
0.03803521,3,rgb_sar,0,2
0.029019214,3,rgb_sar,0,2
0.10017685,3,rgb_sar,0,2
0.10332577,3,rgb_sar,0,2
0.083745405,3,rgb_sar,0,2
0.058019914,3,rgb_sar,0,2
0.08098452,3,rgb_sar,0,2
0.020786699,3,rgb_sar,0,2
0.029354056,3,rgb_sar,0,2
0.10855521,3,rgb_sar,0,2
0.13896108,3,rgb_sar,0,2
0.10706366,3,rgb_sar,0,2
0.001490213,3,rgb_sar,0,2
-0.000106686726,3,rgb_sar,0,2
0.07598025,3,rgb_sar,0,2
0.032733705,3,rgb_sar,0,2
0.0480646,3,rgb_sar,0,2
0.10960533,3,rgb_sar,0,2
0.05270811,3,rgb_sar,0,2
0.019236045,3,rgb_sar,0,2
-0.016890299,3,rgb_sar,0,2
-0.08073887,3,rgb_sar,0,2
-0.06272141,3,rgb_sar,0,2
0.002916921,3,rgb_sar,0,2
-0.0073615536,3,rgb_sar,0,2
-0.025753858,3,rgb_sar,0,2
0.095431246,3,rgb_sar,0,2
0.06416144,3,rgb_sar,0,2
-0.0008363724,3,rgb_sar,0,2
-0.010976605,3,rgb_sar,0,2
-0.049517613,3,rgb_sar,0,2
-0.08152926,3,rgb_sar,0,2
-0.066750854,3,rgb_sar,0,2
-0.06301717,3,rgb_sar,0,2
0.016536593,3,rgb_sar,0,2
0.02310725,3,rgb_sar,0,2
-0.008706737,3,rgb_sar,0,2
0.019491088,3,rgb_sar,0,2
-0.018101271,3,rgb_sar,0,2
-0.027998038,3,rgb_sar,0,2
-0.06922391,3,rgb_sar,0,2
-0.08643698,3,rgb_sar,0,2
-0.106049545,3,rgb_sar,0,2
-0.031295814,3,rgb_sar,0,2
-0.0015648864,3,rgb_sar,0,2
0.0112185925,3,rgb_sar,0,2
0.031224022,3,rgb_sar,0,2
-0.026340194,3,rgb_sar,0,2
-0.04925156,3,rgb_sar,0,2
0.008253753,3,rgb_sar,0,2
0.03528986,3,rgb_sar,0,2
0.11745654,3,rgb_sar,0,2
0.04636755,3,rgb_sar,0,2
-0.030110449,3,rgb_sar,0,2
-0.055712417,3,rgb_sar,0,2
-0.0100451335,3,rgb_sar,0,2
-0.017017225,3,rgb_sar,0,2
-0.0029481398,3,rgb_sar,0,2
0.030929752,3,rgb_sar,0,2
-0.0041501224,3,rgb_sar,0,2
0.0030541029,3,rgb_sar,0,2
0.07791519,3,rgb_sar,0,2
0.14643916,3,rgb_sar,0,2
0.26347703,3,rgb_sar,0,2
0.13600183,3,rgb_sar,0,2
0.01266055,3,rgb_sar,0,2
0.02495802,3,rgb_sar,0,2
0.29118896,3,rgb_sar,0,2
-0.044875357,3,rgb_sar,0,2
-0.044424504,3,rgb_sar,0,2
-0.018120363,3,rgb_sar,0,2
0.016077928,3,rgb_sar,0,2
-0.006769565,3,rgb_sar,0,2
0.020854782,3,rgb_sar,0,2
0.0031404991,3,rgb_sar,0,2
0.0129644275,3,rgb_sar,0,2
0.09302134,3,rgb_sar,0,2
-0.02066493,3,rgb_sar,0,2
0.016720675,3,rgb_sar,0,2
0.17099659,3,rgb_sar,0,2
0.32599548,3,rgb_sar,0,2
-0.01920527,3,rgb_sar,0,2
-0.044085845,3,rgb_sar,0,2
0.013143625,3,rgb_sar,0,2
0.02587173,3,rgb_sar,0,2
-0.0053094905,3,rgb_sar,0,2
0.023354013,3,rgb_sar,0,2
0.015787903,3,rgb_sar,0,2
0.0049103247,3,rgb_sar,0,2
0.0010276865,3,rgb_sar,0,2
-0.045149073,3,rgb_sar,0,2
0.040804774,3,rgb_sar,0,2
0.12285845,3,rgb_sar,0,2
0.088536434,3,rgb_sar,0,2
-0.009698138,3,rgb_sar,0,2
-0.01596643,3,rgb_sar,0,2
-0.016050186,3,rgb_sar,0,2
-0.014337078,3,rgb_sar,0,2
0.01925088,3,rgb_sar,0,2
0.074439004,3,rgb_sar,0,2
0.013934752,3,rgb_sar,0,2
-0.01876199,3,rgb_sar,0,2
-0.032057237,3,rgb_sar,0,2
-0.042811245,3,rgb_sar,0,2
-0.013868869,3,rgb_sar,0,2
0.020390814,3,rgb_sar,0,2
0.028062057,3,rgb_sar,0,2
0.0057411436,3,rgb_sar,0,2
0.0129231475,3,rgb_sar,0,2
0.06786915,3,rgb_sar,0,2
0.110294566,3,rgb_sar,0,2
0.043686982,3,rgb_sar,0,2
0.010910045,3,rgb_sar,0,2
0.013586288,3,rgb_sar,0,2
0.01730898,3,rgb_sar,0,2
0.005798489,3,rgb_sar,0,2
0.005726224,3,rgb_sar,0,2
0.015238978,3,rgb_sar,0,2
0.2048423,3,rgb_sar,0,2
0.22114286,3,rgb_sar,0,2
0.0774905,3,rgb_sar,0,2
0.10980251,3,rgb_sar,0,2
0.050932474,3,rgb_sar,0,2
0.025317956,3,rgb_sar,0,2
0.07278116,3,rgb_sar,0,2
0.10153165,3,rgb_sar,0,2
0.029425781,3,rgb_sar,0,2
-0.0051255897,3,rgb_sar,0,2
0.20554286,3,rgb_sar,0,2
0.08939485,3,rgb_sar,0,2
0.109914005,3,rgb_sar,0,2
0.050001882,3,rgb_sar,0,2
0.045170173,3,rgb_sar,0,2
0.0695041,3,rgb_sar,0,2
0.0963729,3,rgb_sar,0,2
0.062760584,3,rgb_sar,0,2
0.12631552,3,rgb_sar,0,2
0.1217289,3,rgb_sar,0,2
0.09580572,3,rgb_sar,0,2
0.058119483,3,rgb_sar,0,2
0.049810525,3,rgb_sar,0,2
0.13633695,3,rgb_sar,0,2
0.18458778,3,rgb_sar,0,2
0.1334722,3,rgb_sar,0,2
0.074561216,3,rgb_sar,0,2
0.06742914,3,rgb_sar,0,2
0.036536083,3,rgb_sar,0,2
0.041597866,3,rgb_sar,0,2
0.012078388,3,rgb_sar,0,2
-0.069509655,3,rgb_sar,0,2
0.016703155,3,rgb_sar,0,2
-0.09567353,3,rgb_sar,0,2
-0.019055905,3,rgb_sar,0,2
-0.052357167,3,rgb_sar,0,2
0.31143034,3,rgb_sar,0,2
0.029871106,3,rgb_sar,0,2
0.09741051,3,rgb_sar,0,2
0.3638839,3,rgb_sar,0,2
0.10001908,3,rgb_sar,0,2
0.11943942,3,rgb_sar,0,2
0.19320795,3,rgb_sar,0,2
0.055378042,3,rgb_sar,0,2
0.025263935,3,rgb_sar,0,2
-0.027493656,3,rgb_sar,0,2
0.0678669,3,rgb_sar,0,2
0.039777182,3,rgb_sar,0,2
0.0066784453,3,rgb_sar,0,2
0.091113016,3,rgb_sar,0,2
0.052079216,3,rgb_sar,0,2
0.10192177,3,rgb_sar,0,2
0.04446575,3,rgb_sar,0,2
0.1597652,3,rgb_sar,0,2
0.07207875,3,rgb_sar,0,2
0.19173568,3,rgb_sar,0,2
0.051131815,3,rgb_sar,0,2
0.17906767,3,rgb_sar,0,2
0.06919425,3,rgb_sar,0,2
0.18917824,3,rgb_sar,0,2
0.19697654,7,rgb_sar,0,2
0.22774525,7,rgb_sar,0,2
0.24699043,7,rgb_sar,0,2
0.27812278,7,rgb_sar,0,2
0.34323967,7,rgb_sar,0,2
0.36614847,7,rgb_sar,0,2
0.32482496,7,rgb_sar,0,2
0.24075453,7,rgb_sar,0,2
0.21472204,7,rgb_sar,0,2
0.09908946,7,rgb_sar,0,2
0.11927481,7,rgb_sar,0,2
0.10329493,7,rgb_sar,0,2
0.18199766,7,rgb_sar,0,2
0.24049641,7,rgb_sar,0,2
0.21524632,7,rgb_sar,0,2
0.11942248,7,rgb_sar,0,2
0.08586655,7,rgb_sar,0,2
0.1213588,7,rgb_sar,0,2
0.14979866,7,rgb_sar,0,2
0.09293397,7,rgb_sar,0,2
0.07121311,7,rgb_sar,0,2
0.09943192,7,rgb_sar,0,2
0.11361855,7,rgb_sar,0,2
0.06306486,7,rgb_sar,0,2
-0.0005542459,7,rgb_sar,0,2
0.0024230722,7,rgb_sar,0,2
0.036671348,7,rgb_sar,0,2
0.18867919,7,rgb_sar,0,2
0.11140782,7,rgb_sar,0,2
0.082699925,7,rgb_sar,0,2
0.09193917,7,rgb_sar,0,2
0.07869579,7,rgb_sar,0,2
0.041478988,7,rgb_sar,0,2
0.02326174,7,rgb_sar,0,2
0.034301154,7,rgb_sar,0,2
0.003658304,7,rgb_sar,0,2
0.17443301,7,rgb_sar,0,2
0.14100821,7,rgb_sar,0,2
0.09684667,7,rgb_sar,0,2
0.044436775,7,rgb_sar,0,2
0.031634323,7,rgb_sar,0,2
0.029982015,7,rgb_sar,0,2
0.014156453,7,rgb_sar,0,2
0.009597547,7,rgb_sar,0,2
-8.66605e-05,7,rgb_sar,0,2
0.21574251,3,rgb_sar,0,2
0.14717472,3,rgb_sar,0,2
0.06283206,3,rgb_sar,0,2
-0.016160276,3,rgb_sar,0,2
0.011588959,3,rgb_sar,0,2
0.032326207,3,rgb_sar,0,2
0.016787935,3,rgb_sar,0,2
-0.026837759,3,rgb_sar,0,2
-0.06023099,3,rgb_sar,0,2
0.28248253,3,rgb_sar,0,2
0.15526259,3,rgb_sar,0,2
0.027510293,3,rgb_sar,0,2
-0.040186834,3,rgb_sar,0,2
-0.040942363,3,rgb_sar,0,2
0.03973151,3,rgb_sar,0,2
0.025621999,3,rgb_sar,0,2
-0.100568786,3,rgb_sar,0,2
-0.16450305,3,rgb_sar,0,2
0.21175951,3,rgb_sar,0,2
0.11475831,3,rgb_sar,0,2
-0.013361163,3,rgb_sar,0,2
2.082996e-05,3,rgb_sar,0,2
0.0019584931,3,rgb_sar,0,2
-0.0018856134,3,rgb_sar,0,2
0.02044648,3,rgb_sar,0,2
0.047177337,3,rgb_sar,0,2
-0.04447206,3,rgb_sar,0,2
0.018113941,3,rgb_sar,0,2
0.09782331,3,rgb_sar,0,2
0.18234003,3,rgb_sar,0,2
0.048859052,3,rgb_sar,0,2
-0.02855178,3,rgb_sar,0,2
0.042101864,3,rgb_sar,0,2
0.07509581,3,rgb_sar,0,2
0.016557094,3,rgb_sar,0,2
-0.03847083,3,rgb_sar,0,2
0.02434339,3,rgb_sar,0,2
-0.0919521,3,rgb_sar,0,2
0.0511102,3,rgb_sar,0,2
0.18828899,3,rgb_sar,0,2
0.15694663,3,rgb_sar,0,2
0.16074532,3,rgb_sar,0,2
0.02839078,3,rgb_sar,0,2
-0.06127294,3,rgb_sar,0,2
0.052287273,3,rgb_sar,0,2
0.104044914,3,rgb_sar,0,2
0.029492883,3,rgb_sar,0,2
0.022189777,3,rgb_sar,0,2
-0.018517982,3,rgb_sar,0,2
-0.11604978,3,rgb_sar,0,2
0.1391695,3,rgb_sar,0,2
0.20410636,3,rgb_sar,0,2
0.16953155,3,rgb_sar,0,2
0.15749729,3,rgb_sar,0,2
0.047236755,3,rgb_sar,0,2
-0.03297586,3,rgb_sar,0,2
0.07373692,3,rgb_sar,0,2
0.03052071,3,rgb_sar,0,2
0.032462344,3,rgb_sar,0,2
0.1085399,3,rgb_sar,0,2
-0.0656712,3,rgb_sar,0,2
-0.068110146,3,rgb_sar,0,2
0.1598175,3,rgb_sar,0,2
0.10263373,3,rgb_sar,0,2
0.16989629,3,rgb_sar,0,2
0.20170987,3,rgb_sar,0,2
0.1715991,3,rgb_sar,0,2
0.1624683,3,rgb_sar,0,2
0.15194449,3,rgb_sar,0,2
0.0664731,3,rgb_sar,0,2
-0.051787667,3,rgb_sar,0,2
0.025166342,3,rgb_sar,0,2
0.04801029,3,rgb_sar,0,2
-0.015471952,3,rgb_sar,0,2
0.020489644,3,rgb_sar,0,2
0.12933062,3,rgb_sar,0,2
0.05804425,3,rgb_sar,0,2
0.18808256,3,rgb_sar,0,2
0.20324136,3,rgb_sar,0,2
0.22159919,3,rgb_sar,0,2
0.23551515,3,rgb_sar,0,2
0.22073883,3,rgb_sar,0,2
0.08737622,3,rgb_sar,0,2
-0.0526236,3,rgb_sar,0,2
-0.037864186,3,rgb_sar,0,2
0.00046636444,3,rgb_sar,0,2
-0.014832905,3,rgb_sar,0,2
0.05170031,3,rgb_sar,0,2
0.16900308,3,rgb_sar,0,2
0.1400874,3,rgb_sar,0,2
0.16020413,3,rgb_sar,0,2
0.09930542,3,rgb_sar,0,2
0.019754881,3,rgb_sar,0,2
-0.004722653,3,rgb_sar,0,2
-0.037872396,3,rgb_sar,0,2
-0.13877818,3,rgb_sar,0,2
-0.15153027,3,rgb_sar,0,2
0.014710702,3,rgb_sar,0,2
0.21134588,3,rgb_sar,0,2
0.17114602,3,rgb_sar,0,2
0.1362249,3,rgb_sar,0,2
0.03525218,3,rgb_sar,0,2
-0.00037297513,3,rgb_sar,0,2
-0.016641684,3,rgb_sar,0,2
0.0269119,3,rgb_sar,0,2
0.043060057,3,rgb_sar,0,2
3.2896176e-05,3,rgb_sar,0,2
0.21309489,3,rgb_sar,0,2
0.20105821,3,rgb_sar,0,2
0.2016896,3,rgb_sar,0,2
0.09528308,3,rgb_sar,0,2
0.11206237,3,rgb_sar,0,2
0.08791753,3,rgb_sar,0,2
0.018907648,3,rgb_sar,0,2
0.18157782,3,rgb_sar,0,2
0.16368034,3,rgb_sar,0,2
0.21902034,3,rgb_sar,0,2
0.09194179,3,rgb_sar,0,2
0.063418835,3,rgb_sar,0,2
-0.030304626,3,rgb_sar,0,2
0.01527584,3,rgb_sar,0,2
0.18533936,3,rgb_sar,0,2
0.19459462,3,rgb_sar,0,2
-0.0051909722,3,rgb_sar,0,2
0.08086181,3,rgb_sar,0,2
-0.056722417,3,rgb_sar,0,2
-0.038585015,3,rgb_sar,0,2
0.027082894,3,rgb_sar,0,2
-0.03256325,3,rgb_sar,0,2
0.04985499,3,rgb_sar,0,2
-0.019091394,3,rgb_sar,0,2
0.05306721,3,rgb_sar,0,2
0.015178555,3,rgb_sar,0,2
0.26085022,3,rgb_sar,0,2
0.25208312,3,rgb_sar,0,2
0.051954206,3,rgb_sar,0,2
0.14438199,3,rgb_sar,0,2
0.1926879,3,rgb_sar,0,2
0.10665594,3,rgb_sar,0,2
0.1962229,3,rgb_sar,0,2
0.03712286,3,rgb_sar,0,2
0.012987779,3,rgb_sar,0,2
-0.018788628,3,rgb_sar,0,2
0.1669493,3,rgb_sar,0,2
0.35895294,3,rgb_sar,0,2
0.046877578,3,rgb_sar,0,2
0.008993919,3,rgb_sar,0,2
-0.024113957,3,rgb_sar,0,2
-0.023475178,3,rgb_sar,0,2
0.12853116,3,rgb_sar,0,2
0.24282245,3,rgb_sar,0,2
0.04668185,3,rgb_sar,0,2
0.012754142,3,rgb_sar,0,2
-0.030273974,3,rgb_sar,0,2
0.19179925,3,rgb_sar,0,2
0.14691687,3,rgb_sar,0,2
-0.0028649848,3,rgb_sar,0,2
0.063342586,3,rgb_sar,0,2
0.08551812,3,rgb_sar,0,2
-0.032641638,3,rgb_sar,0,2
-0.029697232,3,rgb_sar,0,2
0.02837751,3,rgb_sar,0,2
0.017865,3,rgb_sar,0,2
0.29649317,3,rgb_sar,0,2
0.15193917,3,rgb_sar,0,2
-0.00068962947,3,rgb_sar,0,2
0.08550723,3,rgb_sar,0,2
0.05367649,3,rgb_sar,0,2
-0.03359814,3,rgb_sar,0,2
-0.015470302,3,rgb_sar,0,2
-0.026031751,3,rgb_sar,0,2
0.018677767,3,rgb_sar,0,2
0.1357657,3,rgb_sar,0,2
0.016747244,3,rgb_sar,0,2
0.061301097,3,rgb_sar,0,2
0.1867871,3,rgb_sar,0,2
0.112711534,3,rgb_sar,0,2
-0.010510133,3,rgb_sar,0,2
-0.029014759,3,rgb_sar,0,2
0.016325057,3,rgb_sar,0,2
-0.012090579,3,rgb_sar,0,2
-0.03284594,3,rgb_sar,0,2
0.025214285,3,rgb_sar,0,2
-0.10823271,3,rgb_sar,0,2
0.06532547,3,rgb_sar,0,2
0.16481166,3,rgb_sar,0,2
-0.015008597,3,rgb_sar,0,2
-0.00012917444,3,rgb_sar,0,2
-0.012148891,3,rgb_sar,0,2
0.0857073,3,rgb_sar,0,2
0.069790736,3,rgb_sar,0,2
-0.01862223,3,rgb_sar,0,2
0.17130595,3,rgb_sar,0,2
0.23974301,7,rgb_sar,0,2
0.25858858,7,rgb_sar,0,2
0.29507577,7,rgb_sar,0,2
0.3678041,7,rgb_sar,0,2
0.38673323,7,rgb_sar,0,2
0.29961532,7,rgb_sar,0,2
0.26231384,7,rgb_sar,0,2
0.19507685,7,rgb_sar,0,2
0.15585256,7,rgb_sar,0,2
0.1660994,7,rgb_sar,0,2
0.14149384,7,rgb_sar,0,2
0.110880226,7,rgb_sar,0,2
0.10127592,7,rgb_sar,0,2
0.12127063,7,rgb_sar,0,2
0.19605052,7,rgb_sar,0,2
0.22306456,7,rgb_sar,0,2
0.1579274,7,rgb_sar,0,2
0.11950353,7,rgb_sar,0,2
0.060405232,7,rgb_sar,0,2
0.01974112,7,rgb_sar,0,2
0.04961583,7,rgb_sar,0,2
0.030235056,7,rgb_sar,0,2
0.07092476,7,rgb_sar,0,2
0.04225648,7,rgb_sar,0,2
0.06620766,7,rgb_sar,0,2
0.09946756,7,rgb_sar,0,2
0.08821299,7,rgb_sar,0,2
0.1143803,7,rgb_sar,0,2
0.08427351,7,rgb_sar,0,2
0.02698458,7,rgb_sar,0,2
-0.002304893,7,rgb_sar,0,2
0.038925357,7,rgb_sar,0,2
-0.0030966643,7,rgb_sar,0,2
0.09855713,7,rgb_sar,0,2
0.075478666,7,rgb_sar,0,2
0.08733863,7,rgb_sar,0,2
0.107368685,7,rgb_sar,0,2
0.115534365,7,rgb_sar,0,2
0.1440657,7,rgb_sar,0,2
0.099906996,7,rgb_sar,0,2
0.04429589,7,rgb_sar,0,2
0.020553438,7,rgb_sar,0,2
0.0134011805,7,rgb_sar,0,2
0.045589123,7,rgb_sar,0,2
0.10436337,7,rgb_sar,0,2
0.045947276,7,rgb_sar,0,2
-0.029301425,7,rgb_sar,0,2
-0.010504183,7,rgb_sar,0,2
-0.0019056648,7,rgb_sar,0,2
0.096150875,7,rgb_sar,0,2
0.0611168,7,rgb_sar,0,2
0.06867738,7,rgb_sar,0,2
0.08342162,7,rgb_sar,0,2
0.09513262,7,rgb_sar,0,2
0.094014704,7,rgb_sar,0,2
0.105579615,7,rgb_sar,0,2
0.078021504,7,rgb_sar,0,2
0.034396924,7,rgb_sar,0,2
0.025032064,7,rgb_sar,0,2
-0.043746486,7,rgb_sar,0,2
0.13021837,7,rgb_sar,0,2
0.14754917,7,rgb_sar,0,2
0.0466619,7,rgb_sar,0,2
0.007653758,7,rgb_sar,0,2
-0.050682478,7,rgb_sar,0,2
0.005912531,7,rgb_sar,0,2
0.12109244,7,rgb_sar,0,2
0.21863997,7,rgb_sar,0,2
0.052115656,7,rgb_sar,0,2
0.010236094,7,rgb_sar,0,2
-0.06392388,7,rgb_sar,0,2
-0.04641684,7,rgb_sar,0,2
0.071907006,7,rgb_sar,0,2
0.33629143,7,rgb_sar,0,2
0.0817076,7,rgb_sar,0,2
-0.028490875,7,rgb_sar,0,2
-0.08920637,7,rgb_sar,0,2
-0.07198272,7,rgb_sar,0,2
0.030811429,7,rgb_sar,0,2
0.2725653,7,rgb_sar,0,2
0.35033274,7,rgb_sar,0,2
0.3091284,7,rgb_sar,0,2
0.04750533,7,rgb_sar,0,2
-0.0595443,7,rgb_sar,0,2
-0.15236053,7,rgb_sar,0,2
-0.0017071031,7,rgb_sar,0,2
0.06354366,7,rgb_sar,0,2
0.112056546,7,rgb_sar,0,2
0.009362228,7,rgb_sar,0,2
-0.12636903,7,rgb_sar,0,2
-0.16686262,7,rgb_sar,0,2
-0.05088376,7,rgb_sar,0,2
-0.007388819,7,rgb_sar,0,2
0.026379302,7,rgb_sar,0,2
-0.010529313,7,rgb_sar,0,2
-0.1335743,7,rgb_sar,0,2
-0.19374974,7,rgb_sar,0,2
0.17648347,3,rgb_sar,0,2
0.13948919,3,rgb_sar,0,2
0.029602677,3,rgb_sar,0,2
-0.060221557,3,rgb_sar,0,2
0.09050873,3,rgb_sar,0,2
0.07819787,3,rgb_sar,0,2
-0.04756084,3,rgb_sar,0,2
-0.08979898,3,rgb_sar,0,2
-0.019543601,3,rgb_sar,0,2
0.009321265,7,rgb_sar,0,2
0.15170209,7,rgb_sar,0,2
0.22180216,3,rgb_sar,0,2
0.037336793,3,rgb_sar,0,2
-0.041681733,3,rgb_sar,0,2
-0.078793615,3,rgb_sar,0,2
0.03627252,3,rgb_sar,0,2
0.03711582,3,rgb_sar,0,2
-0.0008566878,3,rgb_sar,0,2
-0.103576586,3,rgb_sar,0,2
-0.09443876,3,rgb_sar,0,2
0.36857137,3,rgb_sar,0,2
0.18766525,3,rgb_sar,0,2
0.03432899,3,rgb_sar,0,2
0.024326365,3,rgb_sar,0,2
0.02422969,3,rgb_sar,0,2
-0.010181537,3,rgb_sar,0,2
0.047982328,3,rgb_sar,0,2
0.14307885,3,rgb_sar,0,2
0.029224878,3,rgb_sar,0,2
-0.013665663,3,rgb_sar,0,2
0.049719755,3,rgb_sar,0,2
0.3614818,3,rgb_sar,0,2
0.12684269,3,rgb_sar,0,2
0.03477407,3,rgb_sar,0,2
0.08920674,3,rgb_sar,0,2
0.021322656,3,rgb_sar,0,2
-0.0026710853,3,rgb_sar,0,2
0.015842607,3,rgb_sar,0,2
0.14178525,3,rgb_sar,0,2
-0.004985731,3,rgb_sar,0,2
-0.021352243,3,rgb_sar,0,2
0.10980365,3,rgb_sar,0,2
0.24404253,3,rgb_sar,0,2
0.26203957,3,rgb_sar,0,2
0.1257901,3,rgb_sar,0,2
0.114119336,3,rgb_sar,0,2
0.18272635,3,rgb_sar,0,2
0.13179399,3,rgb_sar,0,2
0.050891586,3,rgb_sar,0,2
0.08716359,3,rgb_sar,0,2
0.101653546,3,rgb_sar,0,2
-0.0646344,3,rgb_sar,0,2
0.021043472,3,rgb_sar,0,2
0.12137617,3,rgb_sar,0,2
0.21461527,3,rgb_sar,0,2
0.23167017,3,rgb_sar,0,2
0.19322222,3,rgb_sar,0,2
0.13038728,3,rgb_sar,0,2
0.116609775,3,rgb_sar,0,2
0.07432296,3,rgb_sar,0,2
0.062461883,3,rgb_sar,0,2
0.119040065,3,rgb_sar,0,2
0.040430192,3,rgb_sar,0,2
0.0043530557,3,rgb_sar,0,2
0.053061545,3,rgb_sar,0,2
0.054799486,3,rgb_sar,0,2
0.1997506,3,rgb_sar,0,2
0.18166211,3,rgb_sar,0,2
0.21922602,3,rgb_sar,0,2
0.2693081,3,rgb_sar,0,2
0.17743519,3,rgb_sar,0,2
0.08207484,3,rgb_sar,0,2
0.00890311,3,rgb_sar,0,2
0.08358367,3,rgb_sar,0,2
0.0712914,3,rgb_sar,0,2
0.045761004,3,rgb_sar,0,2
0.115015544,3,rgb_sar,0,2
-0.008015013,3,rgb_sar,0,2
-0.03071915,3,rgb_sar,0,2
0.1824824,3,rgb_sar,0,2
0.17063451,3,rgb_sar,0,2
0.18334493,3,rgb_sar,0,2
0.26201725,3,rgb_sar,0,2
0.18589771,3,rgb_sar,0,2
0.10857178,3,rgb_sar,0,2
0.066542536,3,rgb_sar,0,2
0.09136841,3,rgb_sar,0,2
0.033212416,3,rgb_sar,0,2
0.0006704633,3,rgb_sar,0,2
0.1529685,3,rgb_sar,0,2
0.12685814,3,rgb_sar,0,2
0.1360598,3,rgb_sar,0,2
0.16148922,3,rgb_sar,0,2
0.11669275,3,rgb_sar,0,2
0.0561833,3,rgb_sar,0,2
0.04499376,3,rgb_sar,0,2
0.05045799,3,rgb_sar,0,2
0.010794718,3,rgb_sar,0,2
-0.06708885,3,rgb_sar,0,2
-0.010346744,3,rgb_sar,0,2
0.13845123,3,rgb_sar,0,2
0.117314264,3,rgb_sar,0,2
0.11651917,3,rgb_sar,0,2
0.03434383,3,rgb_sar,0,2
-0.0046395063,3,rgb_sar,0,2
-0.019186769,3,rgb_sar,0,2
0.04215312,3,rgb_sar,0,2
0.094202995,3,rgb_sar,0,2
0.1083912,3,rgb_sar,0,2
0.14045534,3,rgb_sar,0,2
0.18135478,3,rgb_sar,0,2
0.20814864,3,rgb_sar,0,2
0.033705384,3,rgb_sar,0,2
0.06971847,3,rgb_sar,0,2
0.0614359,3,rgb_sar,0,2
-0.022004725,3,rgb_sar,0,2
0.1830267,3,rgb_sar,0,2
0.23033866,3,rgb_sar,0,2
0.2531742,3,rgb_sar,0,2
0.07549737,3,rgb_sar,0,2
0.091884196,3,rgb_sar,0,2
0.046860836,3,rgb_sar,0,2
-0.07135177,3,rgb_sar,0,2
0.15269518,3,rgb_sar,0,2
0.10933521,3,rgb_sar,0,2
0.009652425,3,rgb_sar,0,2
0.10743119,3,rgb_sar,0,2
0.019927215,3,rgb_sar,0,2
-0.008485602,3,rgb_sar,0,2
0.0044630077,3,rgb_sar,0,2
-0.010496693,3,rgb_sar,0,2
0.051181115,3,rgb_sar,0,2
0.017505743,3,rgb_sar,0,2
0.007814003,3,rgb_sar,0,2
0.051509574,3,rgb_sar,0,2
0.25684753,3,rgb_sar,0,2
0.20885181,3,rgb_sar,0,2
0.11066434,3,rgb_sar,0,2
0.12934546,3,rgb_sar,0,2
0.049211692,3,rgb_sar,0,2
0.035452485,3,rgb_sar,0,2
0.110239476,3,rgb_sar,0,2
0.03613402,3,rgb_sar,0,2
-0.087441996,3,rgb_sar,0,2
-0.03247291,3,rgb_sar,0,2
0.047402233,3,rgb_sar,0,2
-0.005256485,3,rgb_sar,0,2
-0.12929545,3,rgb_sar,0,2
0.059163865,3,rgb_sar,0,2
-0.04978448,3,rgb_sar,0,2
-0.05413653,3,rgb_sar,0,2
-0.035156764,3,rgb_sar,0,2
-0.04814732,3,rgb_sar,0,2
-0.072838224,3,rgb_sar,0,2
0.3748147,3,rgb_sar,0,2
0.2910114,3,rgb_sar,0,2
-0.012201151,3,rgb_sar,0,2
-0.030096095,3,rgb_sar,0,2
-0.0145084355,3,rgb_sar,0,2
-0.09407954,3,rgb_sar,0,2
-0.09012246,3,rgb_sar,0,2
0.44111893,3,rgb_sar,0,2
0.29021144,3,rgb_sar,0,2
0.0052476544,3,rgb_sar,0,2
0.05218435,3,rgb_sar,0,2
0.06931215,3,rgb_sar,0,2
-0.0061722137,3,rgb_sar,0,2
-0.011804447,3,rgb_sar,0,2
0.23716813,3,rgb_sar,0,2
0.049826175,3,rgb_sar,0,2
0.06843736,3,rgb_sar,0,2
0.09613025,3,rgb_sar,0,2
0.056012742,3,rgb_sar,0,2
-0.043055363,3,rgb_sar,0,2
-0.031931784,3,rgb_sar,0,2
0.03895657,3,rgb_sar,0,2
0.11899495,3,rgb_sar,0,2
-0.0046503246,3,rgb_sar,0,2
0.058773797,3,rgb_sar,0,2
0.0601857,3,rgb_sar,0,2
-0.06675076,3,rgb_sar,0,2
-0.03471244,3,rgb_sar,0,2
-0.024235595,3,rgb_sar,0,2
0.10070917,3,rgb_sar,0,2
0.05087351,3,rgb_sar,0,2
0.1296015,3,rgb_sar,0,2
0.2505005,3,rgb_sar,0,2
0.13745506,7,rgb_sar,0,2
0.18618302,7,rgb_sar,0,2
0.034762844,7,rgb_sar,0,2
0.02284417,7,rgb_sar,0,2
-0.010475257,7,rgb_sar,0,2
-0.013063189,7,rgb_sar,0,2
0.015412265,7,rgb_sar,0,2
0.024460211,7,rgb_sar,0,2
0.012930458,7,rgb_sar,0,2
-0.032314017,7,rgb_sar,0,2
-0.043687258,7,rgb_sar,0,2
-0.04652029,7,rgb_sar,0,2
-0.1352866,7,rgb_sar,0,2
0.02943568,7,rgb_sar,0,2
0.020628346,7,rgb_sar,0,2
0.07335765,7,rgb_sar,0,2
0.052287027,7,rgb_sar,0,2
-0.03036532,7,rgb_sar,0,2
-0.05250592,7,rgb_sar,0,2
-0.10885164,7,rgb_sar,0,2
-0.11242652,7,rgb_sar,0,2
-0.072881386,7,rgb_sar,0,2
0.2253906,7,rgb_sar,0,2
0.0749701,7,rgb_sar,0,2
-0.0144238155,7,rgb_sar,0,2
-0.09464121,7,rgb_sar,0,2
-0.087686956,7,rgb_sar,0,2
-0.06675325,7,rgb_sar,0,2
0.27036613,7,rgb_sar,0,2
0.008796959,7,rgb_sar,0,2
-0.03053135,7,rgb_sar,0,2
-0.02439643,7,rgb_sar,0,2
0.045072116,7,rgb_sar,0,2
0.069550365,7,rgb_sar,0,2
0.11665708,7,rgb_sar,0,2
0.30739278,7,rgb_sar,0,2
0.18924174,7,rgb_sar,0,2
0.030754412,7,rgb_sar,0,2
-0.009355215,7,rgb_sar,0,2
-0.03564588,7,rgb_sar,0,2
0.021317782,7,rgb_sar,0,2
0.18505019,7,rgb_sar,0,2
0.15374766,7,rgb_sar,0,2
0.073140696,7,rgb_sar,0,2
0.05013233,7,rgb_sar,0,2
0.059098706,7,rgb_sar,0,2
-0.00760895,7,rgb_sar,0,2
0.085615814,7,rgb_sar,0,2
0.095284015,7,rgb_sar,0,2
-0.025421498,7,rgb_sar,0,2
-0.036766667,7,rgb_sar,0,2
-0.028695451,7,rgb_sar,0,2
0.05518544,7,rgb_sar,0,2
0.10931334,7,rgb_sar,0,2
0.37724552,5,rgb_sar,0,2
0.27811837,5,rgb_sar,0,2
0.3335887,5,rgb_sar,0,2
0.2940035,5,rgb_sar,0,2
0.2760154,5,rgb_sar,0,2
0.30649015,5,rgb_sar,0,2
0.24470432,5,rgb_sar,0,2
0.30898327,5,rgb_sar,0,2
0.2690084,5,rgb_sar,0,2
0.3124268,5,rgb_sar,0,2
0.26053208,5,rgb_sar,0,2
0.2742656,5,rgb_sar,0,2
0.270337,5,rgb_sar,0,2
0.27623326,5,rgb_sar,0,2
0.24595076,5,rgb_sar,0,2
0.23789763,5,rgb_sar,0,2
0.28715545,5,rgb_sar,0,2
0.21833444,5,rgb_sar,0,2
0.2400742,5,rgb_sar,0,2
0.17227224,5,rgb_sar,0,2
0.15727648,5,rgb_sar,0,2
0.2846964,5,rgb_sar,0,2
0.3164171,5,rgb_sar,0,2
0.23130494,5,rgb_sar,0,2
0.3003531,5,rgb_sar,0,2
0.21637954,5,rgb_sar,0,2
0.21413146,5,rgb_sar,0,2
0.30119413,5,rgb_sar,0,2
0.3285818,5,rgb_sar,0,2
0.25749868,5,rgb_sar,0,2
0.36069956,5,rgb_sar,0,2
0.30207127,5,rgb_sar,0,2
0.30940348,5,rgb_sar,0,2
0.34040195,5,rgb_sar,0,2
0.31728244,5,rgb_sar,0,2
0.24333271,5,rgb_sar,0,2
0.30668586,5,rgb_sar,0,2
0.25761664,5,rgb_sar,0,2
0.2758432,5,rgb_sar,0,2
0.32560053,5,rgb_sar,0,2
0.2234875,5,rgb_sar,0,2
0.2430521,5,rgb_sar,0,2
0.2638114,5,rgb_sar,0,2
0.30140525,5,rgb_sar,0,2
0.32684353,5,rgb_sar,0,2
0.2602547,5,rgb_sar,0,2
0.24123171,5,rgb_sar,0,2
0.2993183,5,rgb_sar,0,2
0.31509042,5,rgb_sar,0,2
0.26337308,5,rgb_sar,0,2
0.15446454,5,rgb_sar,0,2
0.162385,5,rgb_sar,0,2
0.27716225,5,rgb_sar,0,2
0.20014599,5,rgb_sar,0,2
0.11918369,5,rgb_sar,0,2
0.09501715,5,rgb_sar,0,2
0.14349318,5,rgb_sar,0,2
0.14022873,5,rgb_sar,0,2
0.21205181,5,rgb_sar,0,2
0.21712701,5,rgb_sar,0,2
0.20765795,5,rgb_sar,0,2
0.2033034,5,rgb_sar,0,2
0.19586915,5,rgb_sar,0,2
0.20356815,5,rgb_sar,0,2
0.19309253,5,rgb_sar,0,2
0.21318045,5,rgb_sar,0,2
0.23721744,5,rgb_sar,0,2
0.26800272,5,rgb_sar,0,2
0.28064424,5,rgb_sar,0,2
0.30973774,5,rgb_sar,0,2
0.2101172,5,rgb_sar,0,2
0.2453739,5,rgb_sar,0,2
0.27296686,5,rgb_sar,0,2
0.27415597,5,rgb_sar,0,2
0.33600792,5,rgb_sar,0,2
0.14858411,5,rgb_sar,0,2
0.18802814,5,rgb_sar,0,2
0.25505435,5,rgb_sar,0,2
0.2623683,5,rgb_sar,0,2
0.3578984,5,rgb_sar,0,2
0.3598575,5,rgb_sar,0,2
0.17777841,5,rgb_sar,0,2
0.24766035,5,rgb_sar,0,2
0.32045674,5,rgb_sar,0,2
0.293617,5,rgb_sar,0,2
0.38831314,5,rgb_sar,0,2
0.35204953,5,rgb_sar,0,2
0.21811792,5,rgb_sar,0,2
0.2942102,5,rgb_sar,0,2
0.30132654,5,rgb_sar,0,2
0.31576028,5,rgb_sar,0,2
0.37862375,5,rgb_sar,0,2
0.32742164,5,rgb_sar,0,2
0.23944348,5,rgb_sar,0,2
0.32562447,5,rgb_sar,0,2
0.33248037,5,rgb_sar,0,2
0.30554456,5,rgb_sar,0,2
0.3455724,5,rgb_sar,0,2
0.23603716,5,rgb_sar,0,2
0.2946633,5,rgb_sar,0,2
0.41757432,5,rgb_sar,0,2
0.34732068,5,rgb_sar,0,2
0.29126108,5,rgb_sar,0,2
0.27369976,5,rgb_sar,0,2
0.18426502,5,rgb_sar,0,2
0.26040104,5,rgb_sar,0,2
0.3684462,5,rgb_sar,0,2
0.2619714,5,rgb_sar,0,2
0.18565424,5,rgb_sar,0,2
0.22647056,5,rgb_sar,0,2
0.27340472,5,rgb_sar,0,2
0.2325607,5,rgb_sar,0,2
0.20639923,5,rgb_sar,0,2
0.24120854,5,rgb_sar,0,2
0.2684634,5,rgb_sar,0,2
0.3282027,5,rgb_sar,0,2
0.35667318,5,rgb_sar,0,2
0.33308256,5,rgb_sar,0,2
0.45151156,5,rgb_sar,0,2
0.40113938,5,rgb_sar,0,2
0.35328913,5,rgb_sar,0,2
0.33100688,5,rgb_sar,0,2
0.32135788,5,rgb_sar,0,2
0.23403296,5,rgb_sar,0,2
0.41540766,5,rgb_sar,0,2
0.40938514,5,rgb_sar,0,2
0.40242994,5,rgb_sar,0,2
0.35695618,5,rgb_sar,0,2
0.35322708,5,rgb_sar,0,2
0.3217556,5,rgb_sar,0,2
0.30181375,5,rgb_sar,0,2
0.2438587,5,rgb_sar,0,2
0.23979217,5,rgb_sar,0,2
0.28026098,5,rgb_sar,0,2
0.23761678,5,rgb_sar,0,2
0.373357,5,rgb_sar,0,2
0.34960234,5,rgb_sar,0,2
0.33815587,5,rgb_sar,0,2
0.31958097,5,rgb_sar,0,2
0.34047133,5,rgb_sar,0,2
0.27978867,5,rgb_sar,0,2
0.32464948,5,rgb_sar,0,2
0.37405106,5,rgb_sar,0,2
0.33837074,5,rgb_sar,0,2
0.24685052,5,rgb_sar,0,2
0.23971087,5,rgb_sar,0,2
0.24095148,5,rgb_sar,0,2
0.1826903,5,rgb_sar,0,2
0.35774434,5,rgb_sar,0,2
0.33890507,5,rgb_sar,0,2
0.35876614,5,rgb_sar,0,2
0.32437992,5,rgb_sar,0,2
0.32478696,5,rgb_sar,0,2
0.27214816,5,rgb_sar,0,2
0.30504104,5,rgb_sar,0,2
0.3373438,5,rgb_sar,0,2
0.33809245,5,rgb_sar,0,2
0.26844898,5,rgb_sar,0,2
0.21391086,5,rgb_sar,0,2
0.17221011,5,rgb_sar,0,2
0.12467158,5,rgb_sar,0,2
0.3476401,5,rgb_sar,0,2
0.34618366,5,rgb_sar,0,2
0.40062016,5,rgb_sar,0,2
0.37073785,5,rgb_sar,0,2
0.37608695,5,rgb_sar,0,2
0.29030472,5,rgb_sar,0,2
0.2952084,5,rgb_sar,0,2
0.26805273,5,rgb_sar,0,2
0.26355493,5,rgb_sar,0,2
0.2513481,5,rgb_sar,0,2
0.20424072,5,rgb_sar,0,2
0.16212033,5,rgb_sar,0,2
0.14470014,5,rgb_sar,0,2
0.35791337,5,rgb_sar,0,2
0.3352407,5,rgb_sar,0,2
0.3494696,5,rgb_sar,0,2
0.37262118,5,rgb_sar,0,2
0.3872385,5,rgb_sar,0,2
0.27449477,5,rgb_sar,0,2
0.26556242,5,rgb_sar,0,2
0.19859521,5,rgb_sar,0,2
0.21049468,5,rgb_sar,0,2
0.21674982,5,rgb_sar,0,2
0.15237468,5,rgb_sar,0,2
0.33035594,5,rgb_sar,0,2
0.33709168,5,rgb_sar,0,2
0.34437937,5,rgb_sar,0,2
0.3408255,5,rgb_sar,0,2
0.257033,5,rgb_sar,0,2
0.24702641,5,rgb_sar,0,2
0.1900304,5,rgb_sar,0,2
0.20042458,5,rgb_sar,0,2
0.19734693,5,rgb_sar,0,2
0.13242355,5,rgb_sar,0,2
0.28900248,5,rgb_sar,0,2
0.31241494,5,rgb_sar,0,2
0.34770525,5,rgb_sar,0,2
0.32857007,5,rgb_sar,0,2
0.28945732,5,rgb_sar,0,2
0.26316795,5,rgb_sar,0,2
0.22209856,5,rgb_sar,0,2
0.18739477,5,rgb_sar,0,2
0.16810894,5,rgb_sar,0,2
0.15140171,5,rgb_sar,0,2
0.35627478,5,rgb_sar,0,2
0.33429646,5,rgb_sar,0,2
0.25240898,5,rgb_sar,0,2
0.21238637,5,rgb_sar,0,2
0.18288219,5,rgb_sar,0,2
0.1763479,5,rgb_sar,0,2
0.28303277,5,rgb_sar,0,2
0.21791215,5,rgb_sar,0,2
0.2152893,5,rgb_sar,0,2
0.24086729,5,rgb_sar,0,2
0.32965434,5,rgb_sar,0,2
0.30563638,5,rgb_sar,0,2
0.2817985,5,rgb_sar,0,2
0.24465054,5,rgb_sar,0,2
0.22787333,5,rgb_sar,0,2
0.20259812,5,rgb_sar,0,2
0.1951375,5,rgb_sar,0,2
0.2230452,5,rgb_sar,0,2
0.28914493,5,rgb_sar,0,2
0.27457628,5,rgb_sar,0,2
0.31121215,5,rgb_sar,0,2
0.2618183,5,rgb_sar,0,2
0.24612075,5,rgb_sar,0,2
0.2374769,5,rgb_sar,0,2
0.20397969,5,rgb_sar,0,2
0.21718797,5,rgb_sar,0,2
0.19678625,5,rgb_sar,0,2
0.22892648,5,rgb_sar,0,2
0.20161748,5,rgb_sar,0,2
0.26263744,5,rgb_sar,0,2
0.2970206,5,rgb_sar,0,2
0.30084947,5,rgb_sar,0,2
0.2635294,5,rgb_sar,0,2
0.28423876,5,rgb_sar,0,2
0.24251203,5,rgb_sar,0,2
0.2518871,5,rgb_sar,0,2
0.23563197,5,rgb_sar,0,2
0.23837721,5,rgb_sar,0,2
0.23718888,5,rgb_sar,0,2
0.20801926,5,rgb_sar,0,2
0.29484725,5,rgb_sar,0,2
0.25035322,5,rgb_sar,0,2
0.28733325,5,rgb_sar,0,2
0.33615214,5,rgb_sar,0,2
0.34948856,5,rgb_sar,0,2
0.31831837,5,rgb_sar,0,2
0.31439564,5,rgb_sar,0,2
0.2665136,5,rgb_sar,0,2
0.27414787,5,rgb_sar,0,2
0.2528686,5,rgb_sar,0,2
0.27295265,5,rgb_sar,0,2
0.3108529,5,rgb_sar,0,2
0.29448974,5,rgb_sar,0,2
0.3515079,5,rgb_sar,0,2
0.25561965,5,rgb_sar,0,2
0.30281168,5,rgb_sar,0,2
0.29729903,5,rgb_sar,0,2
0.31100228,5,rgb_sar,0,2
0.28913268,5,rgb_sar,0,2
0.32865286,5,rgb_sar,0,2
0.27863622,5,rgb_sar,0,2
0.26751065,5,rgb_sar,0,2
0.2380823,5,rgb_sar,0,2
0.23899229,5,rgb_sar,0,2
0.34502876,5,rgb_sar,0,2
0.2790814,5,rgb_sar,0,2
0.27307826,5,rgb_sar,0,2
0.2345857,5,rgb_sar,0,2
0.259672,5,rgb_sar,0,2
0.264548,5,rgb_sar,0,2
0.281191,5,rgb_sar,0,2
0.28127614,5,rgb_sar,0,2
0.30882028,5,rgb_sar,0,2
0.23541981,5,rgb_sar,0,2
0.24390352,5,rgb_sar,0,2
0.22083569,5,rgb_sar,0,2
0.24233428,5,rgb_sar,0,2
0.31421533,5,rgb_sar,0,2
0.25994593,5,rgb_sar,0,2
0.27877912,5,rgb_sar,0,2
0.31789833,5,rgb_sar,0,2
0.29524648,5,rgb_sar,0,2
0.33433717,5,rgb_sar,0,2
0.23122182,5,rgb_sar,0,2
0.2803445,5,rgb_sar,0,2
0.23948957,5,rgb_sar,0,2
0.2312704,5,rgb_sar,0,2
0.27646282,5,rgb_sar,0,2
0.22595312,5,rgb_sar,0,2
0.3008113,5,rgb_sar,0,2
0.31662083,5,rgb_sar,0,2
0.2812863,5,rgb_sar,0,2
0.31526092,5,rgb_sar,0,2
0.20496912,5,rgb_sar,0,2
0.23542722,5,rgb_sar,0,2
0.20874006,5,rgb_sar,0,2
0.23127383,5,rgb_sar,0,2
0.25380933,5,rgb_sar,0,2
0.19789681,5,rgb_sar,0,2
0.25610155,5,rgb_sar,0,2
0.30694473,5,rgb_sar,0,2
0.24702182,5,rgb_sar,0,2
0.2259444,5,rgb_sar,0,2
0.24374236,5,rgb_sar,0,2
0.21900955,5,rgb_sar,0,2
0.29234654,5,rgb_sar,0,2
0.2672494,5,rgb_sar,0,2
0.27027684,5,rgb_sar,0,2
0.25085568,5,rgb_sar,0,2
0.15683344,3,rgb_sar,0,2
0.18818606,3,rgb_sar,0,2
0.2176514,3,rgb_sar,0,2
0.21376,3,rgb_sar,0,2
0.19911674,3,rgb_sar,0,2
0.22558643,3,rgb_sar,0,2
0.15165907,3,rgb_sar,0,2
0.06396043,3,rgb_sar,0,2
0.027009968,3,rgb_sar,0,2
0.260267,3,rgb_sar,0,2
0.10414636,3,rgb_sar,0,2
0.04415005,3,rgb_sar,0,2
0.052041188,3,rgb_sar,0,2
0.1058548,3,rgb_sar,0,2
0.09518383,3,rgb_sar,0,2
0.038856246,3,rgb_sar,0,2
-0.011240729,3,rgb_sar,0,2
0.22122929,3,rgb_sar,0,2
0.18699048,3,rgb_sar,0,2
0.18722318,3,rgb_sar,0,2
0.05003745,3,rgb_sar,0,2
0.09053958,3,rgb_sar,0,2
0.10092388,3,rgb_sar,0,2
0.07772452,3,rgb_sar,0,2
0.04310126,3,rgb_sar,0,2
0.2175663,3,rgb_sar,0,2
0.20069021,3,rgb_sar,0,2
0.05858034,3,rgb_sar,0,2
0.095997244,3,rgb_sar,0,2
0.07428528,3,rgb_sar,0,2
0.07576495,3,rgb_sar,0,2
0.04081751,3,rgb_sar,0,2
0.22368515,3,rgb_sar,0,2
0.074645,3,rgb_sar,0,2
0.096914224,3,rgb_sar,0,2
0.09883873,3,rgb_sar,0,2
0.089898124,3,rgb_sar,0,2
0.25089872,3,rgb_sar,0,2
0.04428294,3,rgb_sar,0,2
0.060795598,3,rgb_sar,0,2
0.058516268,3,rgb_sar,0,2
0.059281945,3,rgb_sar,0,2
0.24859172,3,rgb_sar,0,2
0.148277,3,rgb_sar,0,2
0.11481415,3,rgb_sar,0,2
0.07152762,3,rgb_sar,0,2
0.059251532,3,rgb_sar,0,2
0.12336521,3,rgb_sar,0,2
0.14001936,3,rgb_sar,0,2
0.1686148,3,rgb_sar,0,2
0.1737236,3,rgb_sar,0,2
0.14871453,3,rgb_sar,0,2
0.14657792,3,rgb_sar,0,2
0.12826288,3,rgb_sar,0,2
0.14811139,3,rgb_sar,0,2
0.20304286,3,rgb_sar,0,2
0.016164767,3,rgb_sar,0,2
-0.035030507,3,rgb_sar,0,2
0.04423156,3,rgb_sar,0,2
0.08452855,3,rgb_sar,0,2
0.08555961,3,rgb_sar,0,2
0.10190634,3,rgb_sar,0,2
0.050540797,3,rgb_sar,0,2
0.04260429,3,rgb_sar,0,2
0.03207808,3,rgb_sar,0,2
0.037818916,3,rgb_sar,0,2
0.061636996,3,rgb_sar,0,2
0.12518135,3,rgb_sar,0,2
0.082815684,3,rgb_sar,0,2
0.021368187,3,rgb_sar,0,2
0.074291036,3,rgb_sar,0,2
0.08791853,3,rgb_sar,0,2
0.09604983,3,rgb_sar,0,2
0.04100809,3,rgb_sar,0,2
0.01974996,3,rgb_sar,0,2
0.05794831,3,rgb_sar,0,2
0.036788557,3,rgb_sar,0,2
0.0602773,3,rgb_sar,0,2
0.0026613055,3,rgb_sar,0,2
0.06604567,3,rgb_sar,0,2
0.068532705,3,rgb_sar,0,2
0.106968075,3,rgb_sar,0,2
0.071442574,3,rgb_sar,0,2
0.07938461,3,rgb_sar,0,2
0.11849733,3,rgb_sar,0,2
0.09553601,3,rgb_sar,0,2
0.07656804,3,rgb_sar,0,2
0.08901251,3,rgb_sar,0,2
0.10235232,3,rgb_sar,0,2
0.121841535,3,rgb_sar,0,2
0.12761602,3,rgb_sar,0,2
0.092506245,3,rgb_sar,0,2
0.09190187,3,rgb_sar,0,2
0.116075695,3,rgb_sar,0,2
0.1345947,3,rgb_sar,0,2
0.39425582,3,rgb_sar,0,2
0.29548293,3,rgb_sar,0,2
0.24385686,3,rgb_sar,0,2
0.25481558,3,rgb_sar,0,2
0.16359389,3,rgb_sar,0,2
0.10882101,3,rgb_sar,0,2
0.20345128,3,rgb_sar,0,2
0.16162601,3,rgb_sar,0,2
0.2116187,3,rgb_sar,0,2
0.057778683,3,rgb_sar,0,2
0.19229555,3,rgb_sar,0,2
0.06707756,3,rgb_sar,0,2
0.20161094,3,rgb_sar,0,2
0.094216995,3,rgb_sar,0,2
0.2246092,3,rgb_sar,0,2
0.096941814,3,rgb_sar,0,2
0.18266201,3,rgb_sar,0,2
0.33759323,3,rgb_sar,0,2
0.45856208,3,rgb_sar,0,2
0.1355692,3,rgb_sar,0,2
0.17660582,3,rgb_sar,0,2
0.3184887,3,rgb_sar,0,2
0.13584986,3,rgb_sar,0,2
0.11981702,3,rgb_sar,0,2
-0.021336637,3,rgb_sar,0,2
0.013872415,3,rgb_sar,0,2
0.043090645,3,rgb_sar,0,2
0.08318045,3,rgb_sar,0,2
0.17423576,3,rgb_sar,0,2
0.114432566,3,rgb_sar,0,2
0.0024208399,3,rgb_sar,0,2
-0.0032436028,3,rgb_sar,0,2
0.023544153,3,rgb_sar,0,2
0.018819835,3,rgb_sar,0,2
0.07961265,3,rgb_sar,0,2
0.093112275,3,rgb_sar,0,2
0.009512309,3,rgb_sar,0,2
0.016433015,3,rgb_sar,0,2
0.29532444,3,rgb_sar,0,2
0.29573143,3,rgb_sar,0,2
-0.04873099,3,rgb_sar,0,2
-0.077277325,3,rgb_sar,0,2
0.01322921,3,rgb_sar,0,2
-0.022826929,3,rgb_sar,0,2
0.06581117,3,rgb_sar,0,2
-0.016737819,3,rgb_sar,0,2
0.09459483,3,rgb_sar,0,2
0.38769704,3,rgb_sar,0,2
0.2907483,3,rgb_sar,0,2
-0.038312986,3,rgb_sar,0,2
-0.0025790753,3,rgb_sar,0,2
0.06156472,3,rgb_sar,0,2
0.008760729,3,rgb_sar,0,2
0.052338198,3,rgb_sar,0,2
-0.008633006,3,rgb_sar,0,2
0.08497109,3,rgb_sar,0,2
0.19052498,3,rgb_sar,0,2
0.030486127,3,rgb_sar,0,2
0.038527686,3,rgb_sar,0,2
0.16655922,3,rgb_sar,0,2
0.07783829,3,rgb_sar,0,2
-0.019169783,3,rgb_sar,0,2
-0.03397033,3,rgb_sar,0,2
-0.04949794,3,rgb_sar,0,2
0.080584936,3,rgb_sar,0,2
0.012446504,3,rgb_sar,0,2
0.06430505,3,rgb_sar,0,2
-0.020625466,3,rgb_sar,0,2
0.026933013,3,rgb_sar,0,2
0.17044714,3,rgb_sar,0,2
0.0002794303,3,rgb_sar,0,2
-0.040559836,3,rgb_sar,0,2
-0.024919063,3,rgb_sar,0,2
0.053448055,3,rgb_sar,0,2
0.020844068,3,rgb_sar,0,2
-0.07984555,3,rgb_sar,0,2
0.054236308,3,rgb_sar,0,2
0.35762432,4,rgb_sar,0,2
0.30425745,4,rgb_sar,0,2
0.31270817,4,rgb_sar,0,2
0.4909402,4,rgb_sar,0,2
0.40521023,4,rgb_sar,0,2
0.30492207,4,rgb_sar,0,2
0.30178708,4,rgb_sar,0,2
0.48368853,4,rgb_sar,0,2
0.34928888,4,rgb_sar,0,2
0.39462805,4,rgb_sar,0,2
0.36499768,4,rgb_sar,0,2
0.36015195,4,rgb_sar,0,2
0.52404976,4,rgb_sar,0,2
0.50830495,4,rgb_sar,0,2
0.52286375,4,rgb_sar,0,2
0.524035,4,rgb_sar,0,2
0.5332289,4,rgb_sar,0,2
0.65447325,4,rgb_sar,0,2
0.52751565,3,rgb_sar,0,2
0.52852356,3,rgb_sar,0,2
0.15731016,3,rgb_sar,0,2
0.35282236,3,rgb_sar,0,2
0.35531306,3,rgb_sar,0,2
0.15023552,3,rgb_sar,0,2
0.038232286,3,rgb_sar,0,2
0.12757674,3,rgb_sar,0,2
0.08129932,3,rgb_sar,0,2
0.109919086,3,rgb_sar,0,2
0.15123048,3,rgb_sar,0,2
0.2241388,3,rgb_sar,0,2
0.028552417,3,rgb_sar,0,2
0.08768969,3,rgb_sar,0,2
-0.011651406,3,rgb_sar,0,2
0.06996044,3,rgb_sar,0,2
0.07502323,3,rgb_sar,0,2
0.02620752,3,rgb_sar,0,2
-0.0148202125,3,rgb_sar,0,2
0.06587186,3,rgb_sar,0,2
-0.005730089,3,rgb_sar,0,2
-0.029732455,3,rgb_sar,0,2
-0.040330123,3,rgb_sar,0,2
-0.024066763,3,rgb_sar,0,2
-0.020986497,3,rgb_sar,0,2
-0.00024594367,3,rgb_sar,0,2
0.17396969,3,rgb_sar,0,2
-0.015034735,3,rgb_sar,0,2
-0.07900553,3,rgb_sar,0,2
-0.032038227,3,rgb_sar,0,2
0.038981833,3,rgb_sar,0,2
0.035154767,3,rgb_sar,0,2
-0.004437103,3,rgb_sar,0,2
0.16419056,3,rgb_sar,0,2
-0.07941787,3,rgb_sar,0,2
-0.054900352,3,rgb_sar,0,2
0.04925619,3,rgb_sar,0,2
0.03425197,3,rgb_sar,0,2
-0.045002773,3,rgb_sar,0,2
-0.054128285,3,rgb_sar,0,2
-0.09239509,3,rgb_sar,0,2
0.08943109,3,rgb_sar,0,2
-0.09308827,3,rgb_sar,0,2
0.03939545,3,rgb_sar,0,2
0.07812793,3,rgb_sar,0,2
-0.00583311,3,rgb_sar,0,2
0.0060736835,3,rgb_sar,0,2
-0.044536978,3,rgb_sar,0,2
0.06587106,3,rgb_sar,0,2
0.06987132,3,rgb_sar,0,2
0.08078332,3,rgb_sar,0,2
0.24827832,3,rgb_sar,0,2
0.41927212,4,rgb_sar,0,2
0.35277975,4,rgb_sar,0,2
0.34477082,4,rgb_sar,0,2
0.45124424,4,rgb_sar,0,2
0.436535,4,rgb_sar,0,2
0.34772527,4,rgb_sar,0,2
0.32746065,4,rgb_sar,0,2
0.28398287,4,rgb_sar,0,2
0.36816812,4,rgb_sar,0,2
0.2964745,4,rgb_sar,0,2
0.37860584,4,rgb_sar,0,2
0.44618252,4,rgb_sar,0,2
0.3813189,4,rgb_sar,0,2
0.3588687,4,rgb_sar,0,2
0.35819745,4,rgb_sar,0,2
0.3580196,4,rgb_sar,0,2
0.3010541,4,rgb_sar,0,2
0.3720839,4,rgb_sar,0,2
0.32157463,4,rgb_sar,0,2
0.41949752,4,rgb_sar,0,2
0.4958635,4,rgb_sar,0,2
0.43106598,4,rgb_sar,0,2
0.36469147,4,rgb_sar,0,2
0.3262602,4,rgb_sar,0,2
0.36834747,4,rgb_sar,0,2
0.41189426,4,rgb_sar,0,2
0.41910028,4,rgb_sar,0,2
0.39620745,4,rgb_sar,0,2
0.38557673,4,rgb_sar,0,2
0.37258613,4,rgb_sar,0,2
0.4187786,4,rgb_sar,0,2
0.38046628,4,rgb_sar,0,2
0.35377282,4,rgb_sar,0,2
0.38527825,4,rgb_sar,0,2
0.56686926,4,rgb_sar,0,2
0.6012066,4,rgb_sar,0,2
0.58323133,4,rgb_sar,0,2
0.53692377,4,rgb_sar,0,2
0.52928174,4,rgb_sar,0,2
0.5222825,4,rgb_sar,0,2
0.5424485,4,rgb_sar,0,2
0.5378182,4,rgb_sar,0,2
0.5396971,4,rgb_sar,0,2
0.5510525,4,rgb_sar,0,2
0.46509087,4,rgb_sar,0,2
0.51678467,4,rgb_sar,0,2
0.43142986,4,rgb_sar,0,2
0.48685575,4,rgb_sar,0,2
0.50027424,4,rgb_sar,0,2
0.49254575,4,rgb_sar,0,2
0.49432373,4,rgb_sar,0,2
0.3525349,4,rgb_sar,0,2
0.38621238,4,rgb_sar,0,2
0.43353418,4,rgb_sar,0,2
0.4560718,4,rgb_sar,0,2
0.51109886,4,rgb_sar,0,2
0.38738912,4,rgb_sar,0,2
0.39723366,4,rgb_sar,0,2
0.43340462,4,rgb_sar,0,2
0.41772842,4,rgb_sar,0,2
0.606796,4,rgb_sar,0,2
0.5031663,4,rgb_sar,0,2
0.45719767,4,rgb_sar,0,2
0.46106988,4,rgb_sar,0,2
0.43016082,4,rgb_sar,0,2
0.7118442,4,rgb_sar,0,2
0.6428323,4,rgb_sar,0,2
0.5991128,4,rgb_sar,0,2
0.5839555,4,rgb_sar,0,2
0.5357913,4,rgb_sar,0,2
0.3295107,5,rgb_sar,0,2
0.3113434,5,rgb_sar,0,2
0.32553816,5,rgb_sar,0,2
0.30705774,5,rgb_sar,0,2
0.32813293,5,rgb_sar,0,2
0.3309461,5,rgb_sar,0,2
0.2705327,5,rgb_sar,0,2
0.23427314,5,rgb_sar,0,2
0.33102775,5,rgb_sar,0,2
0.26933086,5,rgb_sar,0,2
0.30817616,5,rgb_sar,0,2
0.3652471,5,rgb_sar,0,2
0.3347077,5,rgb_sar,0,2
0.28699583,5,rgb_sar,0,2
0.24388151,5,rgb_sar,0,2
0.2469726,5,rgb_sar,0,2
0.23272759,5,rgb_sar,0,2
0.19041157,5,rgb_sar,0,2
0.1762182,5,rgb_sar,0,2
0.3428002,5,rgb_sar,0,2
0.37829912,5,rgb_sar,0,2
0.37459448,5,rgb_sar,0,2
0.35270151,5,rgb_sar,0,2
0.35985452,5,rgb_sar,0,2
0.35916704,5,rgb_sar,0,2
0.31433383,5,rgb_sar,0,2
0.22387591,5,rgb_sar,0,2
0.18406808,5,rgb_sar,0,2
0.18470295,5,rgb_sar,0,2
0.17844622,5,rgb_sar,0,2
0.22271393,5,rgb_sar,0,2
0.17140949,5,rgb_sar,0,2
0.34612072,5,rgb_sar,0,2
0.36542037,5,rgb_sar,0,2
0.37943518,5,rgb_sar,0,2
0.3568995,5,rgb_sar,0,2
0.3404201,5,rgb_sar,0,2
0.2757805,5,rgb_sar,0,2
0.28202957,5,rgb_sar,0,2
0.21369424,5,rgb_sar,0,2
0.2020244,5,rgb_sar,0,2
0.19716248,5,rgb_sar,0,2
0.1733091,5,rgb_sar,0,2
0.22313353,5,rgb_sar,0,2
0.20847104,5,rgb_sar,0,2
0.38597018,5,rgb_sar,0,2
0.35581923,5,rgb_sar,0,2
0.3832609,5,rgb_sar,0,2
0.32931617,5,rgb_sar,0,2
0.28918144,5,rgb_sar,0,2
0.24603668,5,rgb_sar,0,2
0.23258892,5,rgb_sar,0,2
0.15990849,5,rgb_sar,0,2
0.17456964,5,rgb_sar,0,2
0.26308754,5,rgb_sar,0,2
0.2723498,5,rgb_sar,0,2
0.24293363,5,rgb_sar,0,2
0.20497796,5,rgb_sar,0,2
0.42435777,5,rgb_sar,0,2
0.34772298,5,rgb_sar,0,2
0.3782407,5,rgb_sar,0,2
0.31338125,5,rgb_sar,0,2
0.3484355,5,rgb_sar,0,2
0.29296786,5,rgb_sar,0,2
0.22809878,5,rgb_sar,0,2
0.15265921,5,rgb_sar,0,2
0.16300981,5,rgb_sar,0,2
0.18558362,5,rgb_sar,0,2
0.1869254,5,rgb_sar,0,2
0.32000887,5,rgb_sar,0,2
0.32303208,5,rgb_sar,0,2
0.3510955,5,rgb_sar,0,2
0.3489263,5,rgb_sar,0,2
0.2430313,5,rgb_sar,0,2
0.18790223,5,rgb_sar,0,2
0.18045428,5,rgb_sar,0,2
0.19009745,5,rgb_sar,0,2
0.18554464,5,rgb_sar,0,2
0.11662431,5,rgb_sar,0,2
0.32769018,5,rgb_sar,0,2
0.33413005,5,rgb_sar,0,2
0.36717784,5,rgb_sar,0,2
0.34326267,5,rgb_sar,0,2
0.2298012,5,rgb_sar,0,2
0.17962867,5,rgb_sar,0,2
0.17911144,5,rgb_sar,0,2
0.1656242,5,rgb_sar,0,2
0.13475895,5,rgb_sar,0,2
0.107014365,5,rgb_sar,0,2
0.16986561,5,rgb_sar,0,2
0.1517444,5,rgb_sar,0,2
0.16043904,5,rgb_sar,0,2
0.11069091,5,rgb_sar,0,2
0.124439254,5,rgb_sar,0,2
0.11935259,5,rgb_sar,0,2
0.18125789,5,rgb_sar,0,2
0.13484895,5,rgb_sar,0,2
0.14696941,5,rgb_sar,0,2
0.17357545,5,rgb_sar,0,2
0.31725115,5,rgb_sar,0,2
0.3809815,5,rgb_sar,0,2
0.42447206,5,rgb_sar,0,2
0.3716376,5,rgb_sar,0,2
0.33329153,5,rgb_sar,0,2
0.37837082,5,rgb_sar,0,2
0.4069839,5,rgb_sar,0,2
0.30210787,5,rgb_sar,0,2
0.35645303,5,rgb_sar,0,2
0.38870126,5,rgb_sar,0,2
0.41347423,5,rgb_sar,0,2
0.36926442,5,rgb_sar,0,2
0.35460347,5,rgb_sar,0,2
0.36134127,5,rgb_sar,0,2
0.31390473,5,rgb_sar,0,2
0.24495545,5,rgb_sar,0,2
0.26337242,5,rgb_sar,0,2
0.25991178,5,rgb_sar,0,2
0.23191415,5,rgb_sar,0,2
0.32104924,5,rgb_sar,0,2
0.34619302,5,rgb_sar,0,2
0.3769529,5,rgb_sar,0,2
0.35064667,5,rgb_sar,0,2
0.3574742,5,rgb_sar,0,2
0.35132664,5,rgb_sar,0,2
0.33258334,5,rgb_sar,0,2
0.34960473,5,rgb_sar,0,2
0.3332976,5,rgb_sar,0,2
0.28446734,5,rgb_sar,0,2
0.25917083,5,rgb_sar,0,2
0.24423653,5,rgb_sar,0,2
0.18989193,5,rgb_sar,0,2
0.35449964,5,rgb_sar,0,2
0.37955004,5,rgb_sar,0,2
0.43569815,5,rgb_sar,0,2
0.39273715,5,rgb_sar,0,2
0.39508516,5,rgb_sar,0,2
0.39409548,5,rgb_sar,0,2
0.36172146,5,rgb_sar,0,2
0.3154251,5,rgb_sar,0,2
0.34566802,5,rgb_sar,0,2
0.32390782,5,rgb_sar,0,2
0.3176243,5,rgb_sar,0,2
0.30208504,5,rgb_sar,0,2
0.20261942,5,rgb_sar,0,2
0.30911493,5,rgb_sar,0,2
0.3963099,5,rgb_sar,0,2
0.43166614,5,rgb_sar,0,2
0.3718592,5,rgb_sar,0,2
0.40094057,5,rgb_sar,0,2
0.43287098,5,rgb_sar,0,2
0.38099122,5,rgb_sar,0,2
0.27325487,5,rgb_sar,0,2
0.30748957,5,rgb_sar,0,2
0.32462123,5,rgb_sar,0,2
0.26318163,5,rgb_sar,0,2
0.29154885,5,rgb_sar,0,2
0.24505503,5,rgb_sar,0,2
0.27445254,5,rgb_sar,0,2
0.32045817,5,rgb_sar,0,2
0.36551479,5,rgb_sar,0,2
0.3338095,5,rgb_sar,0,2
0.337438,5,rgb_sar,0,2
0.36063895,5,rgb_sar,0,2
0.35564542,5,rgb_sar,0,2
0.24358675,5,rgb_sar,0,2
0.27326858,5,rgb_sar,0,2
0.33200794,5,rgb_sar,0,2
0.31457698,5,rgb_sar,0,2
0.3180606,5,rgb_sar,0,2
0.3318656,5,rgb_sar,0,2
0.30832964,5,rgb_sar,0,2
0.31510407,5,rgb_sar,0,2
0.28343397,5,rgb_sar,0,2
0.3022603,5,rgb_sar,0,2
0.25814906,5,rgb_sar,0,2
0.23133945,5,rgb_sar,0,2
0.25609064,5,rgb_sar,0,2
0.2292108,5,rgb_sar,0,2
0.35173053,5,rgb_sar,0,2
0.33436924,5,rgb_sar,0,2
0.29365107,5,rgb_sar,0,2
0.29302645,5,rgb_sar,0,2
0.2866224,5,rgb_sar,0,2
0.29189932,5,rgb_sar,0,2
0.27104753,5,rgb_sar,0,2
0.22049928,5,rgb_sar,0,2
0.20206615,5,rgb_sar,0,2
0.19614582,5,rgb_sar,0,2
0.23168872,5,rgb_sar,0,2
0.25133657,5,rgb_sar,0,2
0.28942204,5,rgb_sar,0,2
0.21942687,5,rgb_sar,0,2
0.19177061,5,rgb_sar,0,2
0.16850896,5,rgb_sar,0,2
0.2412956,5,rgb_sar,0,2
0.21804258,5,rgb_sar,0,2
0.26325008,5,rgb_sar,0,2
0.21579295,5,rgb_sar,0,2
0.3392176,4,rgb_sar,0,2
0.39673334,4,rgb_sar,0,2
0.44849414,4,rgb_sar,0,2
0.57037693,4,rgb_sar,0,2
0.3399868,4,rgb_sar,0,2
0.34670913,4,rgb_sar,0,2
0.42627615,4,rgb_sar,0,2
0.5526106,4,rgb_sar,0,2
0.40499628,4,rgb_sar,0,2
0.40204483,4,rgb_sar,0,2
0.41254064,4,rgb_sar,0,2
0.4530217,4,rgb_sar,0,2
0.58888674,4,rgb_sar,0,2
0.37310886,4,rgb_sar,0,2
0.39033088,4,rgb_sar,0,2
0.40080392,4,rgb_sar,0,2
0.4526609,4,rgb_sar,0,2
0.5908014,4,rgb_sar,0,2
0.47553042,4,rgb_sar,0,2
0.42512572,4,rgb_sar,0,2
0.43102872,4,rgb_sar,0,2
0.43656957,4,rgb_sar,0,2
0.4372152,4,rgb_sar,0,2
0.5924454,4,rgb_sar,0,2
0.52999973,4,rgb_sar,0,2
0.4560721,4,rgb_sar,0,2
0.47220013,4,rgb_sar,0,2
0.44188225,4,rgb_sar,0,2
0.44480342,4,rgb_sar,0,2
0.587185,4,rgb_sar,0,2
0.47429615,4,rgb_sar,0,2
0.4617896,4,rgb_sar,0,2
0.4199707,4,rgb_sar,0,2
0.47744742,4,rgb_sar,0,2
0.49088103,4,rgb_sar,0,2
0.4617203,4,rgb_sar,0,2
0.46989995,4,rgb_sar,0,2
0.54539615,4,rgb_sar,0,2
0.5704266,4,rgb_sar,0,2
0.4527721,4,rgb_sar,0,2
0.4345234,4,rgb_sar,0,2
0.4564683,4,rgb_sar,0,2
0.46870375,4,rgb_sar,0,2
0.45326376,4,rgb_sar,0,2
0.46635854,4,rgb_sar,0,2
0.4350993,4,rgb_sar,0,2
0.4360439,4,rgb_sar,0,2
0.4626905,4,rgb_sar,0,2
0.37061602,4,rgb_sar,0,2
0.382084,4,rgb_sar,0,2
0.41051355,4,rgb_sar,0,2
0.39141715,4,rgb_sar,0,2
0.39963418,4,rgb_sar,0,2
0.410807,4,rgb_sar,0,2
0.42907503,4,rgb_sar,0,2
0.42946985,4,rgb_sar,0,2
0.4750988,4,rgb_sar,0,2
0.49546105,4,rgb_sar,0,2
0.48866075,4,rgb_sar,0,2
0.47762406,4,rgb_sar,0,2
0.417504,4,rgb_sar,0,2
0.40112427,4,rgb_sar,0,2
0.38801685,4,rgb_sar,0,2
0.4823684,4,rgb_sar,0,2
0.47286278,4,rgb_sar,0,2
0.4853669,4,rgb_sar,0,2
0.4861582,4,rgb_sar,0,2
0.44158313,4,rgb_sar,0,2
0.44128054,4,rgb_sar,0,2
0.46286333,4,rgb_sar,0,2
0.48123437,4,rgb_sar,0,2
0.49016,4,rgb_sar,0,2
0.4623323,4,rgb_sar,0,2
0.4896577,4,rgb_sar,0,2
0.4724288,4,rgb_sar,0,2
0.44038963,4,rgb_sar,0,2
0.4545219,4,rgb_sar,0,2
0.39159846,4,rgb_sar,0,2
0.4097349,4,rgb_sar,0,2
0.44167286,4,rgb_sar,0,2
0.53204757,4,rgb_sar,0,2
0.54467285,4,rgb_sar,0,2
0.45748347,4,rgb_sar,0,2
0.44227517,4,rgb_sar,0,2
0.44906992,4,rgb_sar,0,2
0.4546882,4,rgb_sar,0,2
0.4652246,4,rgb_sar,0,2
0.39100912,4,rgb_sar,0,2
0.43881172,4,rgb_sar,0,2
0.44892216,4,rgb_sar,0,2
0.53676426,4,rgb_sar,0,2
0.5144217,4,rgb_sar,0,2
0.49234962,4,rgb_sar,0,2
0.4811337,4,rgb_sar,0,2
0.43023786,4,rgb_sar,0,2
0.41433927,4,rgb_sar,0,2
0.46217123,4,rgb_sar,0,2
0.49671233,4,rgb_sar,0,2
0.40928578,4,rgb_sar,0,2
0.4651377,4,rgb_sar,0,2
0.52312124,4,rgb_sar,0,2
0.5902893,4,rgb_sar,0,2
0.48300385,4,rgb_sar,0,2
0.54339063,4,rgb_sar,0,2
0.51578623,4,rgb_sar,0,2
0.47046492,4,rgb_sar,0,2
0.42415828,4,rgb_sar,0,2
0.5056193,4,rgb_sar,0,2
0.5489478,4,rgb_sar,0,2
0.4551704,4,rgb_sar,0,2
0.51243496,4,rgb_sar,0,2
0.5305624,4,rgb_sar,0,2
0.57072234,4,rgb_sar,0,2
0.5030427,4,rgb_sar,0,2
0.5630286,4,rgb_sar,0,2
0.5316427,4,rgb_sar,0,2
0.48621625,4,rgb_sar,0,2
0.4561233,4,rgb_sar,0,2
0.41400155,4,rgb_sar,0,2
0.47062644,4,rgb_sar,0,2
0.5046224,4,rgb_sar,0,2
0.5288387,4,rgb_sar,0,2
0.534805,4,rgb_sar,0,2
0.5592808,4,rgb_sar,0,2
0.53707325,4,rgb_sar,0,2
0.5124105,4,rgb_sar,0,2
0.47459638,4,rgb_sar,0,2
0.42198938,4,rgb_sar,0,2
0.4585924,4,rgb_sar,0,2
0.47190702,4,rgb_sar,0,2
0.5092844,4,rgb_sar,0,2
0.5188656,4,rgb_sar,0,2
0.53797716,4,rgb_sar,0,2
0.5192126,4,rgb_sar,0,2
0.54058707,4,rgb_sar,0,2
0.5339087,4,rgb_sar,0,2
0.47608033,4,rgb_sar,0,2
0.5331539,4,rgb_sar,0,2
0.5638708,4,rgb_sar,0,2
0.4927588,4,rgb_sar,0,2
0.4945655,4,rgb_sar,0,2
0.46122366,4,rgb_sar,0,2
0.44664383,4,rgb_sar,0,2
0.4884029,4,rgb_sar,0,2
0.3842578,4,rgb_sar,0,2
0.4790983,4,rgb_sar,0,2
0.49704957,4,rgb_sar,0,2
0.5267341,4,rgb_sar,0,2
0.50892365,4,rgb_sar,0,2
0.39929578,4,rgb_sar,0,2
0.43136558,4,rgb_sar,0,2
0.46915954,4,rgb_sar,0,2
0.52636594,4,rgb_sar,0,2
0.5345712,4,rgb_sar,0,2
0.42222723,4,rgb_sar,0,2
0.42376387,4,rgb_sar,0,2
0.44149113,4,rgb_sar,0,2
0.4911335,4,rgb_sar,0,2
0.58925635,4,rgb_sar,0,2
0.4836611,4,rgb_sar,0,2
0.47261629,4,rgb_sar,0,2
0.45449457,4,rgb_sar,0,2
0.4689429,4,rgb_sar,0,2
0.60555166,4,rgb_sar,0,2
0.5097017,4,rgb_sar,0,2
0.46528074,4,rgb_sar,0,2
0.46035993,4,rgb_sar,0,2
0.48240852,4,rgb_sar,0,2
0.6499749,4,rgb_sar,0,2
0.51680404,4,rgb_sar,0,2
0.4412749,4,rgb_sar,0,2
0.46248862,4,rgb_sar,0,2
0.46108514,4,rgb_sar,0,2
0.67212164,4,rgb_sar,0,2
0.55106217,4,rgb_sar,0,2
0.44384181,4,rgb_sar,0,2
0.47295737,4,rgb_sar,0,2
0.45958063,4,rgb_sar,0,2
0.66063094,4,rgb_sar,0,2
0.5610982,4,rgb_sar,0,2
0.48448956,4,rgb_sar,0,2
0.50500643,4,rgb_sar,0,2
0.4648674,4,rgb_sar,0,2
0.63858426,4,rgb_sar,0,2
0.5415519,4,rgb_sar,0,2
0.49869853,4,rgb_sar,0,2
0.5337549,4,rgb_sar,0,2
0.5193711,4,rgb_sar,0,2
0.53022593,4,rgb_sar,0,2
0.60275865,4,rgb_sar,0,2
0.54557997,4,rgb_sar,0,2
0.47928402,4,rgb_sar,0,2
0.43876028,4,rgb_sar,0,2
0.41458657,4,rgb_sar,0,2
0.47955632,4,rgb_sar,0,2
0.5023662,4,rgb_sar,0,2
0.47779492,4,rgb_sar,0,2
0.42887533,4,rgb_sar,0,2
0.39924902,4,rgb_sar,0,2
0.35649547,4,rgb_sar,0,2
0.488126,4,rgb_sar,0,2
0.46373242,4,rgb_sar,0,2
0.40475905,4,rgb_sar,0,2
0.35798943,4,rgb_sar,0,2
0.34293622,4,rgb_sar,0,2
0.27125582,4,rgb_sar,0,2
0.16451162,4,rgb_sar,0,2
0.19314116,4,rgb_sar,0,2
0.15510415,4,rgb_sar,0,2
0.498873,4,rgb_sar,0,2
0.42507333,4,rgb_sar,0,2
0.36252886,4,rgb_sar,0,2
0.30967027,4,rgb_sar,0,2
0.28995335,4,rgb_sar,0,2
0.27589542,4,rgb_sar,0,2
0.21374647,4,rgb_sar,0,2
0.11068918,4,rgb_sar,0,2
0.17633456,4,rgb_sar,0,2
0.30163538,4,rgb_sar,0,2
0.21322459,4,rgb_sar,0,2
0.116913505,4,rgb_sar,0,2
0.09880321,4,rgb_sar,0,2
0.1673506,4,rgb_sar,0,2
0.06210313,4,rgb_sar,0,2
0.06893372,4,rgb_sar,0,2
0.11369807,4,rgb_sar,0,2
0.41078857,4,rgb_sar,0,2
0.414317,4,rgb_sar,0,2
0.4990601,4,rgb_sar,0,2
0.533797,4,rgb_sar,0,2
0.5748771,4,rgb_sar,0,2
0.673067,4,rgb_sar,0,2
0.47389317,4,rgb_sar,0,2
0.46975183,4,rgb_sar,0,2
0.4635726,4,rgb_sar,0,2
0.47468996,4,rgb_sar,0,2
0.4402306,4,rgb_sar,0,2
0.38110173,4,rgb_sar,0,2
0.46879375,4,rgb_sar,0,2
0.43969956,4,rgb_sar,0,2
0.4155929,4,rgb_sar,0,2
0.4330297,4,rgb_sar,0,2
0.41573083,4,rgb_sar,0,2
0.3753019,4,rgb_sar,0,2
0.39354372,4,rgb_sar,0,2
0.38975373,4,rgb_sar,0,2
0.39343232,4,rgb_sar,0,2
0.3986618,4,rgb_sar,0,2
0.32969692,4,rgb_sar,0,2
0.29458648,4,rgb_sar,0,2
0.22208339,4,rgb_sar,0,2
0.093457565,4,rgb_sar,0,2
0.09076445,4,rgb_sar,0,2
0.34067464,4,rgb_sar,0,2
0.28150207,4,rgb_sar,0,2
0.25971466,4,rgb_sar,0,2
0.21462995,4,rgb_sar,0,2
0.17733431,4,rgb_sar,0,2
0.11967847,4,rgb_sar,0,2
0.09649117,4,rgb_sar,0,2
0.048027974,4,rgb_sar,0,2
0.06478636,4,rgb_sar,0,2
0.20226483,4,rgb_sar,0,2
0.15765542,4,rgb_sar,0,2
0.083537795,4,rgb_sar,0,2
0.060866714,4,rgb_sar,0,2
0.094601996,4,rgb_sar,0,2
0.103324026,4,rgb_sar,0,2
0.063857116,4,rgb_sar,0,2
0.10730341,4,rgb_sar,0,2
0.3440472,4,rgb_sar,0,2
0.2885352,4,rgb_sar,0,2
0.33673334,4,rgb_sar,0,2
0.36061615,4,rgb_sar,0,2
0.345549,4,rgb_sar,0,2
0.2743019,4,rgb_sar,0,2
0.3253274,4,rgb_sar,0,2
0.32943618,4,rgb_sar,0,2
0.2668054,4,rgb_sar,0,2
0.32988814,4,rgb_sar,0,2
0.3228172,4,rgb_sar,0,2
0.29991013,4,rgb_sar,0,2
0.3857658,4,rgb_sar,0,2
0.45823547,4,rgb_sar,0,2
0.34011263,4,rgb_sar,0,2
0.2584768,4,rgb_sar,0,2
0.21560141,4,rgb_sar,0,2
0.25233686,4,rgb_sar,0,2
0.2904684,4,rgb_sar,0,2
0.35677862,4,rgb_sar,0,2
0.23254438,4,rgb_sar,0,2
0.18730497,4,rgb_sar,0,2
0.18767962,4,rgb_sar,0,2
0.1282323,4,rgb_sar,0,2
0.3515546,4,rgb_sar,0,2
0.4677893,4,rgb_sar,0,2
0.51492727,4,rgb_sar,0,2
0.38279438,4,rgb_sar,0,2
0.24995777,4,rgb_sar,0,2
0.16728175,4,rgb_sar,0,2
0.20945476,4,rgb_sar,0,2
0.2698912,4,rgb_sar,0,2
0.33804107,4,rgb_sar,0,2
0.21171153,4,rgb_sar,0,2
0.21180998,4,rgb_sar,0,2
0.17521776,4,rgb_sar,0,2
0.12493379,4,rgb_sar,0,2
0.37923312,4,rgb_sar,0,2
0.3712251,4,rgb_sar,0,2
0.39023483,4,rgb_sar,0,2
0.32094803,4,rgb_sar,0,2
0.26207733,4,rgb_sar,0,2
0.22748852,4,rgb_sar,0,2
0.24825613,4,rgb_sar,0,2
0.21053305,4,rgb_sar,0,2
0.2553004,4,rgb_sar,0,2
0.2609374,4,rgb_sar,0,2
0.26064658,4,rgb_sar,0,2
0.4839899,4,rgb_sar,0,2
0.4730953,4,rgb_sar,0,2
0.47365496,4,rgb_sar,0,2
0.4572151,4,rgb_sar,0,2
0.45290312,4,rgb_sar,0,2
0.40177786,4,rgb_sar,0,2
0.42232794,4,rgb_sar,0,2
0.35316443,4,rgb_sar,0,2
0.37069285,4,rgb_sar,0,2
0.37982833,4,rgb_sar,0,2
0.37827045,4,rgb_sar,0,2
0.43124145,4,rgb_sar,0,2
0.28282553,4,rgb_sar,0,2
0.31695402,4,rgb_sar,0,2
0.45940456,4,rgb_sar,0,2
0.3175941,4,rgb_sar,0,2
0.30079722,4,rgb_sar,0,2
0.3230468,4,rgb_sar,0,2
0.3024913,4,rgb_sar,0,2
0.29716384,4,rgb_sar,0,2
0.44476426,4,rgb_sar,0,2
0.2965085,4,rgb_sar,0,2
0.28402323,4,rgb_sar,0,2
0.28527617,4,rgb_sar,0,2
0.22310239,4,rgb_sar,0,2
0.14683126,4,rgb_sar,0,2
0.21907467,4,rgb_sar,0,2
0.22654355,4,rgb_sar,0,2
0.18763256,4,rgb_sar,0,2
0.16059954,4,rgb_sar,0,2
0.14871582,4,rgb_sar,0,2
0.09371347,4,rgb_sar,0,2
0.45097628,4,rgb_sar,0,2
0.27684554,4,rgb_sar,0,2
0.26510495,4,rgb_sar,0,2
0.23761925,4,rgb_sar,0,2
0.20757209,4,rgb_sar,0,2
0.18389651,4,rgb_sar,0,2
0.20021209,4,rgb_sar,0,2
0.21323717,4,rgb_sar,0,2
0.16944575,4,rgb_sar,0,2
0.14677817,4,rgb_sar,0,2
0.16728759,4,rgb_sar,0,2
0.08242817,4,rgb_sar,0,2
0.5823438,4,rgb_sar,0,2
0.48423433,4,rgb_sar,0,2
0.41108024,4,rgb_sar,0,2
0.34440583,4,rgb_sar,0,2
0.32721922,4,rgb_sar,0,2
0.29644653,4,rgb_sar,0,2
0.18155149,4,rgb_sar,0,2
0.21023375,4,rgb_sar,0,2
0.18143108,4,rgb_sar,0,2
0.18161543,4,rgb_sar,0,2
0.71584404,4,rgb_sar,0,2
0.64988726,4,rgb_sar,0,2
0.57826316,4,rgb_sar,0,2
0.51440144,4,rgb_sar,0,2
0.4658396,4,rgb_sar,0,2
0.41873467,4,rgb_sar,0,2
0.31758976,4,rgb_sar,0,2
0.36182025,4,rgb_sar,0,2
0.3242401,4,rgb_sar,0,2
0.33047104,4,rgb_sar,0,2
0.66487217,4,rgb_sar,0,2
0.659498,4,rgb_sar,0,2
0.6273718,4,rgb_sar,0,2
0.59975314,4,rgb_sar,0,2
0.59866005,4,rgb_sar,0,2
0.71373165,4,rgb_sar,0,2
0.4950498,4,rgb_sar,0,2
0.5186124,4,rgb_sar,0,2
0.48696816,4,rgb_sar,0,2
0.46787068,4,rgb_sar,0,2
0.4951518,4,rgb_sar,0,2
0.6492888,4,rgb_sar,0,2
0.46812928,4,rgb_sar,0,2
0.4957825,4,rgb_sar,0,2
0.5029399,4,rgb_sar,0,2
0.4600371,4,rgb_sar,0,2
0.45900422,4,rgb_sar,0,2
0.56557214,4,rgb_sar,0,2
0.5474172,4,rgb_sar,0,2
0.4736889,4,rgb_sar,0,2
0.52880794,4,rgb_sar,0,2
0.5920516,4,rgb_sar,0,2
0.5741561,4,rgb_sar,0,2
0.47958174,4,rgb_sar,0,2
0.5225141,4,rgb_sar,0,2
0.5806209,4,rgb_sar,0,2
0.499383,4,rgb_sar,0,2
0.5177979,4,rgb_sar,0,2
0.45108947,4,rgb_sar,0,2
0.467093,4,rgb_sar,0,2
0.67865276,4,rgb_sar,0,2
0.667061,4,rgb_sar,0,2
0.6154664,4,rgb_sar,0,2
0.6151521,4,rgb_sar,0,2
0.6424402,4,rgb_sar,0,2
0.6335584,4,rgb_sar,0,2
0.6426455,4,rgb_sar,0,2
0.6650137,4,rgb_sar,0,2
0.64171463,4,rgb_sar,0,2
0.5932126,4,rgb_sar,0,2
0.5996865,4,rgb_sar,0,2
0.63809043,4,rgb_sar,0,2
0.6378606,4,rgb_sar,0,2
0.55410546,4,rgb_sar,0,2
0.5490277,4,rgb_sar,0,2
0.5474901,4,rgb_sar,0,2
0.5233094,4,rgb_sar,0,2
0.53191996,4,rgb_sar,0,2
0.5873942,4,rgb_sar,0,2
0.54810107,4,rgb_sar,0,2
0.4751134,4,rgb_sar,0,2
0.5268693,4,rgb_sar,0,2
0.59262747,4,rgb_sar,0,2
0.5633389,4,rgb_sar,0,2
0.541397,4,rgb_sar,0,2
0.5602963,4,rgb_sar,0,2
0.5931867,4,rgb_sar,0,2
0.49303454,4,rgb_sar,0,2
0.48498505,4,rgb_sar,0,2
0.5097821,4,rgb_sar,0,2
0.5654938,4,rgb_sar,0,2
0.5759174,4,rgb_sar,0,2
0.53374183,4,rgb_sar,0,2
0.51459235,4,rgb_sar,0,2
0.53506225,4,rgb_sar,0,2
0.5851759,4,rgb_sar,0,2
0.5761229,4,rgb_sar,0,2
0.52424,4,rgb_sar,0,2
0.5341178,4,rgb_sar,0,2
0.54016507,4,rgb_sar,0,2
0.55193377,4,rgb_sar,0,2
0.50357103,4,rgb_sar,0,2
0.4935026,4,rgb_sar,0,2
0.52075005,4,rgb_sar,0,2
0.5465802,4,rgb_sar,0,2
0.51665294,4,rgb_sar,0,2
0.54848003,4,rgb_sar,0,2
0.5520555,4,rgb_sar,0,2
0.5131037,4,rgb_sar,0,2
0.5059978,4,rgb_sar,0,2
0.76266384,4,rgb_sar,0,2
0.6907087,4,rgb_sar,0,2
0.6449556,4,rgb_sar,0,2
0.63769734,4,rgb_sar,0,2
0.6004489,4,rgb_sar,0,2
0.7175552,4,rgb_sar,0,2
0.58442175,4,rgb_sar,0,2
0.52204347,4,rgb_sar,0,2
0.51274663,4,rgb_sar,0,2
0.46191376,4,rgb_sar,0,2
0.6950725,4,rgb_sar,0,2
0.54267436,4,rgb_sar,0,2
0.47198284,4,rgb_sar,0,2
0.47333485,4,rgb_sar,0,2
0.4643039,4,rgb_sar,0,2
0.68837947,4,rgb_sar,0,2
0.5514049,4,rgb_sar,0,2
0.4699607,4,rgb_sar,0,2
0.49948654,4,rgb_sar,0,2
0.51378655,4,rgb_sar,0,2
0.5812186,4,rgb_sar,0,2
0.5447837,4,rgb_sar,0,2
0.5314564,4,rgb_sar,0,2
0.5966476,4,rgb_sar,0,2
0.5421605,4,rgb_sar,0,2
0.49009046,4,rgb_sar,0,2
0.52851367,4,rgb_sar,0,2
0.5053526,4,rgb_sar,0,2
0.45821154,4,rgb_sar,0,2
0.52444893,4,rgb_sar,0,2
0.4548258,4,rgb_sar,0,2
0.3726615,4,rgb_sar,0,2
0.54798424,4,rgb_sar,0,2
0.40611303,4,rgb_sar,0,2
0.37497538,4,rgb_sar,0,2
0.36770996,4,rgb_sar,0,2
0.32101887,4,rgb_sar,0,2
0.23430337,4,rgb_sar,0,2
0.20669132,4,rgb_sar,0,2
0.18413408,4,rgb_sar,0,2
0.2239092,4,rgb_sar,0,2
0.4582468,4,rgb_sar,0,2
0.3404324,4,rgb_sar,0,2
0.33662122,4,rgb_sar,0,2
0.30112597,4,rgb_sar,0,2
0.21807677,4,rgb_sar,0,2
0.14587836,4,rgb_sar,0,2
0.08361079,4,rgb_sar,0,2
0.06955544,4,rgb_sar,0,2
0.16841075,4,rgb_sar,0,2
0.2831636,4,rgb_sar,0,2
0.28507367,4,rgb_sar,0,2
0.23796053,4,rgb_sar,0,2
0.14601853,4,rgb_sar,0,2
0.10552873,4,rgb_sar,0,2
0.11054348,4,rgb_sar,0,2
0.10443105,4,rgb_sar,0,2
0.13052668,4,rgb_sar,0,2
0.4110974,4,rgb_sar,0,2
0.4149825,4,rgb_sar,0,2
0.4416402,4,rgb_sar,0,2
0.44528207,4,rgb_sar,0,2
0.44468004,4,rgb_sar,0,2
0.4236457,4,rgb_sar,0,2
0.4416508,4,rgb_sar,0,2
0.4275967,4,rgb_sar,0,2
0.42446643,4,rgb_sar,0,2
0.46282172,4,rgb_sar,0,2
0.44354123,4,rgb_sar,0,2
0.44016647,4,rgb_sar,0,2
0.41172782,4,rgb_sar,0,2
0.36593318,4,rgb_sar,0,2
0.38167733,4,rgb_sar,0,2
0.45075488,4,rgb_sar,0,2
0.46415237,4,rgb_sar,0,2
0.51203686,4,rgb_sar,0,2
0.49571034,4,rgb_sar,0,2
0.40795052,4,rgb_sar,0,2
0.36608553,4,rgb_sar,0,2
0.4033892,4,rgb_sar,0,2
0.3861528,4,rgb_sar,0,2
0.480169,4,rgb_sar,0,2
0.45961416,4,rgb_sar,0,2
0.43024355,4,rgb_sar,0,2
0.35982797,4,rgb_sar,0,2
0.31550336,4,rgb_sar,0,2
0.2936879,4,rgb_sar,0,2
0.17446412,4,rgb_sar,0,2
0.015956692,4,rgb_sar,0,2
-0.049715307,4,rgb_sar,0,2
0.36729407,4,rgb_sar,0,2
0.33030796,4,rgb_sar,0,2
0.29391396,4,rgb_sar,0,2
0.20715474,4,rgb_sar,0,2
0.13748604,4,rgb_sar,0,2
0.048306666,4,rgb_sar,0,2
0.029713625,4,rgb_sar,0,2
0.0025683837,4,rgb_sar,0,2
0.0018768678,4,rgb_sar,0,2
0.24047339,4,rgb_sar,0,2
0.17133874,4,rgb_sar,0,2
0.13733906,4,rgb_sar,0,2
0.12189339,4,rgb_sar,0,2
0.16337684,4,rgb_sar,0,2
0.11662968,4,rgb_sar,0,2
0.07806632,4,rgb_sar,0,2
0.16167131,4,rgb_sar,0,2
0.23552847,4,rgb_sar,0,2
0.2865726,4,rgb_sar,0,2
0.2931409,4,rgb_sar,0,2
0.31529844,4,rgb_sar,0,2
0.2502389,4,rgb_sar,0,2
0.2942752,4,rgb_sar,0,2
0.25994202,4,rgb_sar,0,2
0.29450074,4,rgb_sar,0,2
0.32607502,4,rgb_sar,0,2
0.28777373,4,rgb_sar,0,2
0.3050805,4,rgb_sar,0,2
0.40338758,4,rgb_sar,0,2
0.44210374,4,rgb_sar,0,2
0.3996474,4,rgb_sar,0,2
0.32712662,4,rgb_sar,0,2
0.30260083,4,rgb_sar,0,2
0.24356252,4,rgb_sar,0,2
0.29712453,4,rgb_sar,0,2
0.32009327,4,rgb_sar,0,2
0.2615446,4,rgb_sar,0,2
0.29140875,4,rgb_sar,0,2
0.24610054,4,rgb_sar,0,2
0.25145894,4,rgb_sar,0,2
0.18544775,4,rgb_sar,0,2
0.37784916,4,rgb_sar,0,2
0.372033,4,rgb_sar,0,2
0.33020687,4,rgb_sar,0,2
0.32778323,4,rgb_sar,0,2
0.31166637,4,rgb_sar,0,2
0.32119882,4,rgb_sar,0,2
0.36783373,4,rgb_sar,0,2
0.30074024,4,rgb_sar,0,2
0.21360418,4,rgb_sar,0,2
0.2081256,4,rgb_sar,0,2
0.18623301,4,rgb_sar,0,2
0.22976135,4,rgb_sar,0,2
0.15128092,4,rgb_sar,0,2
0.28848433,4,rgb_sar,0,2
0.24198471,4,rgb_sar,0,2
0.258562,4,rgb_sar,0,2
0.26022482,4,rgb_sar,0,2
0.28231496,4,rgb_sar,0,2
0.31411025,4,rgb_sar,0,2
0.30877143,4,rgb_sar,0,2
0.20321156,4,rgb_sar,0,2
0.13965061,4,rgb_sar,0,2
0.1536634,4,rgb_sar,0,2
0.12561959,4,rgb_sar,0,2
0.2751897,4,rgb_sar,0,2
0.22219679,4,rgb_sar,0,2
0.26344106,4,rgb_sar,0,2
0.22883101,4,rgb_sar,0,2
0.25742868,4,rgb_sar,0,2
0.28069532,4,rgb_sar,0,2
0.23268217,4,rgb_sar,0,2
0.1729667,4,rgb_sar,0,2
0.17944905,4,rgb_sar,0,2
0.20236087,4,rgb_sar,0,2
0.20409808,4,rgb_sar,0,2
0.2628324,4,rgb_sar,0,2
0.2307981,4,rgb_sar,0,2
0.26866692,4,rgb_sar,0,2
0.3295384,4,rgb_sar,0,2
0.3320699,4,rgb_sar,0,2
0.25772047,4,rgb_sar,0,2
0.22629458,4,rgb_sar,0,2
0.1827056,4,rgb_sar,0,2
0.20769693,4,rgb_sar,0,2
0.23919939,4,rgb_sar,0,2
0.23426588,4,rgb_sar,0,2
0.24982253,4,rgb_sar,0,2
0.21450104,4,rgb_sar,0,2
0.24457341,4,rgb_sar,0,2
0.27449366,4,rgb_sar,0,2
0.2961833,4,rgb_sar,0,2
0.2505818,4,rgb_sar,0,2
0.2695209,4,rgb_sar,0,2
0.14979418,4,rgb_sar,0,2
0.19230911,4,rgb_sar,0,2
0.20159964,4,rgb_sar,0,2
0.24389303,4,rgb_sar,0,2
0.28984016,4,rgb_sar,0,2
0.21677527,4,rgb_sar,0,2
0.23966593,4,rgb_sar,0,2
0.24419147,4,rgb_sar,0,2
0.25207323,4,rgb_sar,0,2
0.27283353,4,rgb_sar,0,2
0.31062448,4,rgb_sar,0,2
0.22810896,4,rgb_sar,0,2
0.16998957,4,rgb_sar,0,2
0.17457668,4,rgb_sar,0,2
0.19388777,4,rgb_sar,0,2
0.27863705,4,rgb_sar,0,2
0.20816167,4,rgb_sar,0,2
0.25574887,4,rgb_sar,0,2
0.23416373,4,rgb_sar,0,2
0.37422788,4,rgb_sar,0,2
0.2625598,4,rgb_sar,0,2
0.30628854,4,rgb_sar,0,2
0.3786586,4,rgb_sar,0,2
0.24394186,4,rgb_sar,0,2
0.24712214,4,rgb_sar,0,2
0.24260214,4,rgb_sar,0,2
0.3133309,4,rgb_sar,0,2
0.29377833,4,rgb_sar,0,2
0.384427,4,rgb_sar,0,2
0.25161612,4,rgb_sar,0,2
0.23155385,4,rgb_sar,0,2
0.2546969,4,rgb_sar,0,2
0.30614722,4,rgb_sar,0,2
0.2804601,4,rgb_sar,0,2
0.18645333,4,rgb_sar,0,2
0.17610629,4,rgb_sar,0,2
0.14248283,4,rgb_sar,0,2
0.105915084,4,rgb_sar,0,2
0.19340074,4,rgb_sar,0,2
0.17965917,4,rgb_sar,0,2
0.39311498,4,rgb_sar,0,2
0.2663964,4,rgb_sar,0,2
0.26625156,4,rgb_sar,0,2
0.27257854,4,rgb_sar,0,2
0.3127515,4,rgb_sar,0,2
0.30895263,4,rgb_sar,0,2
0.20939127,4,rgb_sar,0,2
0.1760429,4,rgb_sar,0,2
0.09706794,4,rgb_sar,0,2
0.11622089,4,rgb_sar,0,2
0.14895275,4,rgb_sar,0,2
0.1610454,4,rgb_sar,0,2
0.4032063,4,rgb_sar,0,2
0.29728886,4,rgb_sar,0,2
0.26437837,4,rgb_sar,0,2
0.24107757,4,rgb_sar,0,2
0.28579608,4,rgb_sar,0,2
0.27176207,4,rgb_sar,0,2
0.18660839,4,rgb_sar,0,2
0.18472096,4,rgb_sar,0,2
0.13105142,4,rgb_sar,0,2
0.16583642,4,rgb_sar,0,2
0.42020237,4,rgb_sar,0,2
0.3161201,4,rgb_sar,0,2
0.24749503,4,rgb_sar,0,2
0.22969988,4,rgb_sar,0,2
0.3021651,4,rgb_sar,0,2
0.2984854,4,rgb_sar,0,2
0.19885322,4,rgb_sar,0,2
0.18542904,4,rgb_sar,0,2
0.11988261,4,rgb_sar,0,2
0.11736575,4,rgb_sar,0,2
0.40111148,4,rgb_sar,0,2
0.2725811,4,rgb_sar,0,2
0.193912,4,rgb_sar,0,2
0.21925044,4,rgb_sar,0,2
0.2305961,4,rgb_sar,0,2
0.24233885,4,rgb_sar,0,2
0.23590997,4,rgb_sar,0,2
0.19536294,4,rgb_sar,0,2
0.16453737,4,rgb_sar,0,2
0.13397536,4,rgb_sar,0,2
0.40852663,4,rgb_sar,0,2
0.26076075,4,rgb_sar,0,2
0.16239786,4,rgb_sar,0,2
0.19902216,4,rgb_sar,0,2
0.19833624,4,rgb_sar,0,2
0.21878402,4,rgb_sar,0,2
0.19752833,4,rgb_sar,0,2
0.15602517,4,rgb_sar,0,2
0.1243985,4,rgb_sar,0,2
0.089377314,4,rgb_sar,0,2
0.38308978,4,rgb_sar,0,2
0.243672,4,rgb_sar,0,2
0.20863786,4,rgb_sar,0,2
0.24672395,4,rgb_sar,0,2
0.19330418,4,rgb_sar,0,2
0.21058044,4,rgb_sar,0,2
0.13719279,4,rgb_sar,0,2
0.09945222,4,rgb_sar,0,2
0.11054646,4,rgb_sar,0,2
0.087307975,4,rgb_sar,0,2
0.38551027,4,rgb_sar,0,2
0.3881747,4,rgb_sar,0,2
0.19331703,5,rgb_sar,0,2
0.1301001,5,rgb_sar,0,2
0.07648301,5,rgb_sar,0,2
0.07446813,5,rgb_sar,0,2
0.12488441,5,rgb_sar,0,2
0.064176135,5,rgb_sar,0,2
0.15796497,5,rgb_sar,0,2
0.24977446,5,rgb_sar,0,2
0.24846482,5,rgb_sar,0,2
0.16651407,5,rgb_sar,0,2
0.13801518,5,rgb_sar,0,2
0.062392753,5,rgb_sar,0,2
0.1585868,5,rgb_sar,0,2
0.13737158,5,rgb_sar,0,2
0.020390607,5,rgb_sar,0,2
0.15451759,5,rgb_sar,0,2
0.27980065,5,rgb_sar,0,2
0.30080384,5,rgb_sar,0,2
0.13941008,5,rgb_sar,0,2
0.12317099,5,rgb_sar,0,2
0.103402026,5,rgb_sar,0,2
0.13511026,5,rgb_sar,0,2
0.18564278,5,rgb_sar,0,2
0.20330913,5,rgb_sar,0,2
0.2963696,5,rgb_sar,0,2
0.32700092,5,rgb_sar,0,2
0.12260735,5,rgb_sar,0,2
0.13955215,5,rgb_sar,0,2
0.05299423,5,rgb_sar,0,2
0.056305155,5,rgb_sar,0,2
0.1733571,5,rgb_sar,0,2
0.23494814,5,rgb_sar,0,2
0.28894794,5,rgb_sar,0,2
0.30661827,5,rgb_sar,0,2
0.3047917,5,rgb_sar,0,2
0.18666327,5,rgb_sar,0,2
0.24572049,5,rgb_sar,0,2
0.17782277,5,rgb_sar,0,2
0.21002898,5,rgb_sar,0,2
0.23240153,5,rgb_sar,0,2
0.23657054,5,rgb_sar,0,2
0.3417771,5,rgb_sar,0,2
0.36566222,5,rgb_sar,0,2
0.28417376,5,rgb_sar,0,2
0.25381297,5,rgb_sar,0,2
0.31318444,5,rgb_sar,0,2
0.47337502,5,rgb_sar,0,2
0.13972327,5,rgb_sar,0,2
0.18848605,5,rgb_sar,0,2
0.20670864,5,rgb_sar,0,2
0.19228026,5,rgb_sar,0,2
0.23154487,5,rgb_sar,0,2
0.26320398,5,rgb_sar,0,2
0.36609447,5,rgb_sar,0,2
0.35572088,5,rgb_sar,0,2
0.269481,5,rgb_sar,0,2
0.3078403,5,rgb_sar,0,2
0.34866446,5,rgb_sar,0,2
0.48472342,5,rgb_sar,0,2
0.2312537,5,rgb_sar,0,2
0.14489934,5,rgb_sar,0,2
0.21035606,5,rgb_sar,0,2
0.22665814,5,rgb_sar,0,2
0.263243,5,rgb_sar,0,2
0.29431367,5,rgb_sar,0,2
0.29172423,5,rgb_sar,0,2
0.36634868,5,rgb_sar,0,2
0.35394162,5,rgb_sar,0,2
0.28259003,5,rgb_sar,0,2
0.27868554,5,rgb_sar,0,2
0.32408842,5,rgb_sar,0,2
0.50767523,5,rgb_sar,0,2
0.27911997,5,rgb_sar,0,2
0.2185002,5,rgb_sar,0,2
0.2830103,5,rgb_sar,0,2
0.2777547,5,rgb_sar,0,2
0.28671682,5,rgb_sar,0,2
0.32839197,5,rgb_sar,0,2
0.33464175,5,rgb_sar,0,2
0.3208934,5,rgb_sar,0,2
0.24955931,5,rgb_sar,0,2
0.25922143,5,rgb_sar,0,2
0.3361482,5,rgb_sar,0,2
0.44559282,5,rgb_sar,0,2
0.28180104,5,rgb_sar,0,2
0.272725,5,rgb_sar,0,2
0.37626368,5,rgb_sar,0,2
0.36200052,5,rgb_sar,0,2
0.33227804,5,rgb_sar,0,2
0.33407843,5,rgb_sar,0,2
0.3563363,5,rgb_sar,0,2
0.25249958,5,rgb_sar,0,2
0.28556278,5,rgb_sar,0,2
0.35590065,5,rgb_sar,0,2
0.4677232,5,rgb_sar,0,2
0.31853628,5,rgb_sar,0,2
0.38091072,5,rgb_sar,0,2
0.3809919,5,rgb_sar,0,2
0.46030626,5,rgb_sar,0,2
0.3438538,5,rgb_sar,0,2
0.44824636,5,rgb_sar,0,2
0.35213697,5,rgb_sar,0,2
0.34541404,5,rgb_sar,0,2
0.44465664,5,rgb_sar,0,2
0.37389696,5,rgb_sar,0,2
0.505753,5,rgb_sar,0,2
0.495684,5,rgb_sar,0,2
0.21521169,5,rgb_sar,0,2
0.086774655,5,rgb_sar,0,2
0.011149969,5,rgb_sar,0,2
0.047196284,5,rgb_sar,0,2
0.10812536,5,rgb_sar,0,2
0.044070404,5,rgb_sar,0,2
0.13825308,5,rgb_sar,0,2
0.21189785,5,rgb_sar,0,2
0.21424377,5,rgb_sar,0,2
0.24678975,5,rgb_sar,0,2
0.15044509,5,rgb_sar,0,2
0.08767657,5,rgb_sar,0,2
0.16124788,5,rgb_sar,0,2
0.18367039,5,rgb_sar,0,2
0.10535965,5,rgb_sar,0,2
0.26138222,5,rgb_sar,0,2
0.26620546,5,rgb_sar,0,2
0.24314427,5,rgb_sar,0,2
0.13390033,5,rgb_sar,0,2
0.103547335,5,rgb_sar,0,2
0.13422835,5,rgb_sar,0,2
0.14730218,5,rgb_sar,0,2
0.16424802,5,rgb_sar,0,2
0.28469574,5,rgb_sar,0,2
0.30511364,5,rgb_sar,0,2
0.28208113,5,rgb_sar,0,2
0.10837678,5,rgb_sar,0,2
0.14891466,5,rgb_sar,0,2
0.016721,5,rgb_sar,0,2
0.095338434,5,rgb_sar,0,2
0.29933953,5,rgb_sar,0,2
0.35264724,5,rgb_sar,0,2
0.35182136,5,rgb_sar,0,2
0.3145488,5,rgb_sar,0,2
0.29610056,5,rgb_sar,0,2
0.15669163,5,rgb_sar,0,2
0.20237184,5,rgb_sar,0,2
0.20289713,5,rgb_sar,0,2
0.2917151,5,rgb_sar,0,2
0.39912972,5,rgb_sar,0,2
0.41120592,5,rgb_sar,0,2
0.3707329,5,rgb_sar,0,2
0.3147546,5,rgb_sar,0,2
0.42148536,5,rgb_sar,0,2
0.34678638,5,rgb_sar,0,2
0.32448417,5,rgb_sar,0,2
0.31912857,5,rgb_sar,0,2
0.3460706,5,rgb_sar,0,2
0.24642819,5,rgb_sar,0,2
0.26207536,5,rgb_sar,0,2
0.28639343,5,rgb_sar,0,2
0.3132457,5,rgb_sar,0,2
0.23053858,5,rgb_sar,0,2
0.29401267,5,rgb_sar,0,2
0.38690072,5,rgb_sar,0,2
0.2915048,5,rgb_sar,0,2
0.35009104,5,rgb_sar,0,2
0.31305277,5,rgb_sar,0,2
0.35415044,5,rgb_sar,0,2
0.3486877,5,rgb_sar,0,2
0.40463382,5,rgb_sar,0,2
0.4487675,5,rgb_sar,0,2
0.1651636,5,rgb_sar,0,2
0.17954573,5,rgb_sar,0,2
0.22679645,5,rgb_sar,0,2
0.26670784,5,rgb_sar,0,2
0.25803798,5,rgb_sar,0,2
0.26299143,5,rgb_sar,0,2
0.29967263,5,rgb_sar,0,2
0.38895327,5,rgb_sar,0,2
0.317988,5,rgb_sar,0,2
0.3469664,5,rgb_sar,0,2
0.32466346,5,rgb_sar,0,2
0.39031023,5,rgb_sar,0,2
0.36707717,5,rgb_sar,0,2
0.34392387,5,rgb_sar,0,2
0.39873374,5,rgb_sar,0,2
0.18959913,5,rgb_sar,0,2
0.20063671,5,rgb_sar,0,2
0.2824186,5,rgb_sar,0,2
0.28546086,5,rgb_sar,0,2
0.26006117,5,rgb_sar,0,2
0.28238237,5,rgb_sar,0,2
0.2959479,5,rgb_sar,0,2
0.3509785,5,rgb_sar,0,2
0.41387704,5,rgb_sar,0,2
0.38732016,5,rgb_sar,0,2
0.37225157,5,rgb_sar,0,2
0.35777482,5,rgb_sar,0,2
0.33350882,5,rgb_sar,0,2
0.38311958,5,rgb_sar,0,2
0.42201498,5,rgb_sar,0,2
0.24892382,5,rgb_sar,0,2
0.22777095,5,rgb_sar,0,2
0.2937141,5,rgb_sar,0,2
0.31322554,5,rgb_sar,0,2
0.2988174,5,rgb_sar,0,2
0.27697867,5,rgb_sar,0,2
0.29600316,5,rgb_sar,0,2
0.4533126,5,rgb_sar,0,2
0.46646228,5,rgb_sar,0,2
0.40829885,5,rgb_sar,0,2
0.37564856,5,rgb_sar,0,2
0.33830428,5,rgb_sar,0,2
0.37005138,5,rgb_sar,0,2
0.43885827,5,rgb_sar,0,2
0.44190794,5,rgb_sar,0,2
0.20593923,5,rgb_sar,0,2
0.23929876,5,rgb_sar,0,2
0.32360077,5,rgb_sar,0,2
0.35102385,5,rgb_sar,0,2
0.37495565,5,rgb_sar,0,2
0.36036116,5,rgb_sar,0,2
0.34316835,5,rgb_sar,0,2
0.34080797,5,rgb_sar,0,2
0.39615476,5,rgb_sar,0,2
0.36887532,5,rgb_sar,0,2
0.2783407,5,rgb_sar,0,2
0.34938338,5,rgb_sar,0,2
0.36690155,5,rgb_sar,0,2
0.3550557,5,rgb_sar,0,2
0.41547656,5,rgb_sar,0,2
0.4916901,5,rgb_sar,0,2
0.43138617,5,rgb_sar,0,2
0.3687194,5,rgb_sar,0,2
0.39863223,5,rgb_sar,0,2
0.42718807,5,rgb_sar,0,2
0.40331382,5,rgb_sar,0,2
0.35685438,5,rgb_sar,0,2
0.43681282,5,rgb_sar,0,2
0.4506537,5,rgb_sar,0,2
0.41656452,5,rgb_sar,0,2
0.3470467,5,rgb_sar,0,2
0.44047827,5,rgb_sar,0,2
0.3352511,5,rgb_sar,0,2
0.47520742,5,rgb_sar,0,2
0.33638507,5,rgb_sar,0,2
0.40918344,5,rgb_sar,0,2
0.48769313,5,rgb_sar,0,2
0.34333122,5,rgb_sar,0,2
0.5309317,5,rgb_sar,0,2
0.39313716,5,rgb_sar,0,2
0.55863774,5,rgb_sar,0,2
0.47161964,5,rgb_sar,0,2
0.41188055,5,rgb_sar,0,2
0.55324614,5,rgb_sar,0,2
0.45814598,5,rgb_sar,0,2
0.45280904,5,rgb_sar,0,2
0.44388378,5,rgb_sar,0,2
0.51418126,5,rgb_sar,0,2
0.39942408,5,rgb_sar,0,2
0.43010977,5,rgb_sar,0,2
0.42630297,5,rgb_sar,0,2
0.47438902,5,rgb_sar,0,2
0.34135348,5,rgb_sar,0,2
0.39424887,5,rgb_sar,0,2
0.41040963,5,rgb_sar,0,2
0.45151383,5,rgb_sar,0,2
0.31570002,5,rgb_sar,0,2
0.32301426,5,rgb_sar,0,2
0.44187054,5,rgb_sar,0,2
0.3263934,5,rgb_sar,0,2
0.3709613,5,rgb_sar,0,2
0.30404848,5,rgb_sar,0,2
0.36440948,5,rgb_sar,0,2
0.3341866,5,rgb_sar,0,2
0.38890156,5,rgb_sar,0,2
0.23666714,1,rgb_sar,0,2
0.24400988,1,rgb_sar,0,2
0.21673653,1,rgb_sar,0,2
0.21910045,1,rgb_sar,0,2
0.13033712,1,rgb_sar,0,2
0.10437938,1,rgb_sar,0,2
0.19853163,1,rgb_sar,0,2
0.23501165,1,rgb_sar,0,2
0.2845864,1,rgb_sar,0,2
0.2590927,1,rgb_sar,0,2
0.25225377,1,rgb_sar,0,2
0.12904727,1,rgb_sar,0,2
0.12825567,1,rgb_sar,0,2
0.1669021,1,rgb_sar,0,2
0.20824894,1,rgb_sar,0,2
0.26784956,1,rgb_sar,0,2
0.26691163,1,rgb_sar,0,2
0.2996986,1,rgb_sar,0,2
0.20128614,1,rgb_sar,0,2
0.24972323,1,rgb_sar,0,2
0.29127812,1,rgb_sar,0,2
0.30502346,1,rgb_sar,0,2
0.31813538,1,rgb_sar,0,2
0.18785892,1,rgb_sar,0,2
0.24581435,1,rgb_sar,0,2
0.30751848,1,rgb_sar,0,2
0.32190236,1,rgb_sar,0,2
0.30029523,1,rgb_sar,0,2
0.06747703,1,rgb_sar,0,2
0.12868822,1,rgb_sar,0,2
0.25285065,1,rgb_sar,0,2
0.2457055,1,rgb_sar,0,2
0.24634977,1,rgb_sar,0,2
0.2634362,1,rgb_sar,0,2
0.23877314,1,rgb_sar,0,2
0.31365228,1,rgb_sar,0,2
0.2690208,1,rgb_sar,0,2
0.0676742,1,rgb_sar,0,2
0.13089551,1,rgb_sar,0,2
0.32185322,1,rgb_sar,0,2
0.29792213,1,rgb_sar,0,2
0.27277994,1,rgb_sar,0,2
0.30530405,1,rgb_sar,0,2
0.2485241,1,rgb_sar,0,2
0.29460037,1,rgb_sar,0,2
0.27250814,1,rgb_sar,0,2
0.12957162,1,rgb_sar,0,2
0.13782322,1,rgb_sar,0,2
0.27976048,1,rgb_sar,0,2
0.30200315,1,rgb_sar,0,2
0.341973,1,rgb_sar,0,2
0.34264854,1,rgb_sar,0,2
0.29696733,1,rgb_sar,0,2
0.045458518,1,rgb_sar,0,2
0.13793954,1,rgb_sar,0,2
0.2325216,1,rgb_sar,0,2
0.298115,1,rgb_sar,0,2
0.38210636,1,rgb_sar,0,2
0.3826871,1,rgb_sar,0,2
0.30323428,1,rgb_sar,0,2
0.21537566,1,rgb_sar,0,2
0.21031755,1,rgb_sar,0,2
0.20557198,1,rgb_sar,0,2
0.19754365,1,rgb_sar,0,2
0.3517495,1,rgb_sar,0,2
0.36016023,1,rgb_sar,0,2
0.27243114,1,rgb_sar,0,2
0.29842216,1,rgb_sar,0,2
0.15597379,1,rgb_sar,0,2
0.17939693,1,rgb_sar,0,2
0.24666381,1,rgb_sar,0,2
0.24665235,1,rgb_sar,0,2
0.33410883,1,rgb_sar,0,2
0.28272888,1,rgb_sar,0,2
0.20329547,1,rgb_sar,0,2
0.2885702,1,rgb_sar,0,2
0.2349768,1,rgb_sar,0,2
0.25651777,1,rgb_sar,0,2
0.32893288,1,rgb_sar,0,2
0.3024782,1,rgb_sar,0,2
0.311099,1,rgb_sar,0,2
0.24340604,1,rgb_sar,0,2
0.22733867,1,rgb_sar,0,2
0.30716765,1,rgb_sar,0,2
0.21080482,1,rgb_sar,0,2
0.2657449,1,rgb_sar,0,2
0.1617437,1,rgb_sar,0,2
0.21800838,1,rgb_sar,0,2
0.19554384,1,rgb_sar,0,2
0.17870936,1,rgb_sar,0,2
0.20980108,1,rgb_sar,0,2
0.22703853,1,rgb_sar,0,2
0.1633199,1,rgb_sar,0,2
0.26147556,1,rgb_sar,0,2
0.3213289,1,rgb_sar,0,2
0.19702823,1,rgb_sar,0,2
0.22030625,1,rgb_sar,0,2
0.26035368,1,rgb_sar,0,2
0.29363108,1,rgb_sar,0,2
0.26871514,1,rgb_sar,0,2
0.27318788,1,rgb_sar,0,2
0.31693664,1,rgb_sar,0,2
0.2963652,1,rgb_sar,0,2
0.32185933,1,rgb_sar,0,2
0.3305841,1,rgb_sar,0,2
0.30212224,1,rgb_sar,0,2
0.2957293,1,rgb_sar,0,2
0.29912603,1,rgb_sar,0,2
0.30854478,1,rgb_sar,0,2
0.3384057,1,rgb_sar,0,2
0.30453488,1,rgb_sar,0,2
0.32380626,1,rgb_sar,0,2
0.24200627,1,rgb_sar,0,2
0.25729996,1,rgb_sar,0,2
0.25922376,1,rgb_sar,0,2
0.271814,1,rgb_sar,0,2
0.3289019,1,rgb_sar,0,2
0.3134554,1,rgb_sar,0,2
0.35950166,1,rgb_sar,0,2
0.28645474,1,rgb_sar,0,2
0.2396945,1,rgb_sar,0,2
0.21246582,1,rgb_sar,0,2
0.24322271,1,rgb_sar,0,2
0.2704834,1,rgb_sar,0,2
0.30933917,1,rgb_sar,0,2
0.36175326,1,rgb_sar,0,2
0.34971592,1,rgb_sar,0,2
0.3595659,1,rgb_sar,0,2
0.31657937,1,rgb_sar,0,2
0.2919698,1,rgb_sar,0,2
0.17698121,1,rgb_sar,0,2
0.19150077,1,rgb_sar,0,2
0.24971563,1,rgb_sar,0,2
0.29860952,1,rgb_sar,0,2
0.34546244,1,rgb_sar,0,2
0.35390157,1,rgb_sar,0,2
0.30707544,1,rgb_sar,0,2
0.1640378,1,rgb_sar,0,2
0.20370466,1,rgb_sar,0,2
0.24422795,1,rgb_sar,0,2
0.27560946,1,rgb_sar,0,2
0.3146893,1,rgb_sar,0,2
0.30997223,1,rgb_sar,0,2
0.286514,1,rgb_sar,0,2
0.19480914,1,rgb_sar,0,2
0.1917643,1,rgb_sar,0,2
0.16238508,1,rgb_sar,0,2
0.19494593,1,rgb_sar,0,2
0.29477224,1,rgb_sar,0,2
0.21008609,1,rgb_sar,0,2
0.24805027,1,rgb_sar,0,2
0.3055808,1,rgb_sar,0,2
0.22914001,1,rgb_sar,0,2
0.22907212,1,rgb_sar,0,2
0.17770308,1,rgb_sar,0,2
0.22216633,1,rgb_sar,0,2
0.3425697,1,rgb_sar,0,2
0.27424964,1,rgb_sar,0,2
0.24299167,1,rgb_sar,0,2
0.31611177,1,rgb_sar,0,2
0.21469696,1,rgb_sar,0,2
0.19053319,1,rgb_sar,0,2
0.21359694,1,rgb_sar,0,2
0.2893175,1,rgb_sar,0,2
0.26934493,1,rgb_sar,0,2
0.2569937,1,rgb_sar,0,2
0.25588202,1,rgb_sar,0,2
0.21043894,1,rgb_sar,0,2
0.5932832,4,rgb_sar,0,2
0.5017663,4,rgb_sar,0,2
0.4825435,4,rgb_sar,0,2
0.4586688,4,rgb_sar,0,2
0.42065,4,rgb_sar,0,2
0.38294166,4,rgb_sar,0,2
0.33795834,4,rgb_sar,0,2
0.35464117,4,rgb_sar,0,2
0.37060255,4,rgb_sar,0,2
0.33235052,4,rgb_sar,0,2
0.33630687,4,rgb_sar,0,2
0.3392005,4,rgb_sar,0,2
0.34043044,4,rgb_sar,0,2
0.3580761,4,rgb_sar,0,2
0.3346733,4,rgb_sar,0,2
0.36421418,4,rgb_sar,0,2
0.2678361,4,rgb_sar,0,2
0.18194458,4,rgb_sar,0,2
0.24573967,4,rgb_sar,0,2
0.25742194,4,rgb_sar,0,2
0.17445551,4,rgb_sar,0,2
0.14657539,4,rgb_sar,0,2
0.1430573,4,rgb_sar,0,2
0.14671907,4,rgb_sar,0,2
0.19972526,4,rgb_sar,0,2
0.17585334,4,rgb_sar,0,2
0.1845404,4,rgb_sar,0,2
0.2726103,4,rgb_sar,0,2
0.25550836,4,rgb_sar,0,2
0.24821746,4,rgb_sar,0,2
0.22264582,4,rgb_sar,0,2
0.24775928,4,rgb_sar,0,2
0.18543452,4,rgb_sar,0,2
0.13257992,4,rgb_sar,0,2
0.13182643,4,rgb_sar,0,2
0.17384773,4,rgb_sar,0,2
0.10302865,4,rgb_sar,0,2
0.06287372,4,rgb_sar,0,2
0.32167614,4,rgb_sar,0,2
0.28823268,4,rgb_sar,0,2
0.23929125,4,rgb_sar,0,2
0.21533601,4,rgb_sar,0,2
0.5154097,4,rgb_sar,0,2
0.37119845,4,rgb_sar,0,2
0.30957574,4,rgb_sar,0,2
0.33213723,4,rgb_sar,0,2
0.2789182,4,rgb_sar,0,2
0.29967567,4,rgb_sar,0,2
0.30142677,4,rgb_sar,0,2
0.31118268,4,rgb_sar,0,2
0.34092453,4,rgb_sar,0,2
0.3748258,4,rgb_sar,0,2
0.42521518,4,rgb_sar,0,2
0.2634632,4,rgb_sar,0,2
0.2195586,4,rgb_sar,0,2
0.22424532,4,rgb_sar,0,2
0.15570295,4,rgb_sar,0,2
0.1755667,4,rgb_sar,0,2
0.17002282,4,rgb_sar,0,2
0.16839314,4,rgb_sar,0,2
0.1514012,4,rgb_sar,0,2
0.23135123,4,rgb_sar,0,2
0.37261415,4,rgb_sar,0,2
0.18413693,4,rgb_sar,0,2
0.11121253,4,rgb_sar,0,2
0.11010234,4,rgb_sar,0,2
0.07706433,4,rgb_sar,0,2
0.08807783,4,rgb_sar,0,2
0.063645795,4,rgb_sar,0,2
0.07406452,4,rgb_sar,0,2
0.12161969,4,rgb_sar,0,2
0.14338888,4,rgb_sar,0,2
0.35315734,4,rgb_sar,0,2
0.30767518,4,rgb_sar,0,2
0.24372655,5,rgb_sar,0,2
0.15943113,5,rgb_sar,0,2
0.09708937,5,rgb_sar,0,2
0.10626225,5,rgb_sar,0,2
0.085013874,5,rgb_sar,0,2
0.17093293,5,rgb_sar,0,2
0.30059248,5,rgb_sar,0,2
0.3464945,5,rgb_sar,0,2
0.2944302,5,rgb_sar,0,2
0.16524829,5,rgb_sar,0,2
0.16216214,5,rgb_sar,0,2
0.10408204,5,rgb_sar,0,2
0.12946348,5,rgb_sar,0,2
0.07076476,5,rgb_sar,0,2
0.028483529,5,rgb_sar,0,2
0.20410463,5,rgb_sar,0,2
0.27369085,5,rgb_sar,0,2
0.19901313,5,rgb_sar,0,2
0.20265439,5,rgb_sar,0,2
0.15279526,5,rgb_sar,0,2
0.1003997,5,rgb_sar,0,2
-0.013496647,5,rgb_sar,0,2
0.04089369,5,rgb_sar,0,2
0.20191547,5,rgb_sar,0,2
0.2655908,5,rgb_sar,0,2
0.20720416,5,rgb_sar,0,2
0.28743497,5,rgb_sar,0,2
0.24716893,5,rgb_sar,0,2
0.075539395,5,rgb_sar,0,2
0.05102645,5,rgb_sar,0,2
0.17936736,5,rgb_sar,0,2
0.2505462,5,rgb_sar,0,2
0.29339996,5,rgb_sar,0,2
0.28635532,5,rgb_sar,0,2
0.3392254,5,rgb_sar,0,2
0.2610728,5,rgb_sar,0,2
0.31356138,5,rgb_sar,0,2
0.21594307,5,rgb_sar,0,2
0.20989797,5,rgb_sar,0,2
0.24721332,5,rgb_sar,0,2
0.29022685,5,rgb_sar,0,2
0.3222203,5,rgb_sar,0,2
0.29717445,5,rgb_sar,0,2
0.3268041,5,rgb_sar,0,2
0.33047146,5,rgb_sar,0,2
0.3212744,5,rgb_sar,0,2
0.46337244,5,rgb_sar,0,2
0.26586753,5,rgb_sar,0,2
0.27432764,5,rgb_sar,0,2
0.21851459,5,rgb_sar,0,2
0.2531295,5,rgb_sar,0,2
0.2865154,5,rgb_sar,0,2
0.31449696,5,rgb_sar,0,2
0.34288016,5,rgb_sar,0,2
0.32441747,5,rgb_sar,0,2
0.30656067,5,rgb_sar,0,2
0.31023943,5,rgb_sar,0,2
0.360246,5,rgb_sar,0,2
0.5069887,5,rgb_sar,0,2
0.22634941,5,rgb_sar,0,2
0.26779896,5,rgb_sar,0,2
0.24689877,5,rgb_sar,0,2
0.18737206,5,rgb_sar,0,2
0.24824762,5,rgb_sar,0,2
0.27228612,5,rgb_sar,0,2
0.3209834,5,rgb_sar,0,2
0.30912012,5,rgb_sar,0,2
0.28181785,5,rgb_sar,0,2
0.26958025,5,rgb_sar,0,2
0.27997583,5,rgb_sar,0,2
0.39570475,5,rgb_sar,0,2
0.540938,5,rgb_sar,0,2
0.24997105,5,rgb_sar,0,2
0.32370815,5,rgb_sar,0,2
0.31486458,5,rgb_sar,0,2
0.27371043,5,rgb_sar,0,2
0.3531509,5,rgb_sar,0,2
0.3504856,5,rgb_sar,0,2
0.35953057,5,rgb_sar,0,2
0.37710944,5,rgb_sar,0,2
0.3022963,5,rgb_sar,0,2
0.30072182,5,rgb_sar,0,2
0.39738852,5,rgb_sar,0,2
0.55663127,5,rgb_sar,0,2
0.22336656,5,rgb_sar,0,2
0.30928677,5,rgb_sar,0,2
0.34649086,5,rgb_sar,0,2
0.2951206,5,rgb_sar,0,2
0.3829661,5,rgb_sar,0,2
0.38618553,5,rgb_sar,0,2
0.39055502,5,rgb_sar,0,2
0.33753768,5,rgb_sar,0,2
0.33918583,5,rgb_sar,0,2
0.40648094,5,rgb_sar,0,2
0.5671099,5,rgb_sar,0,2
0.3153814,5,rgb_sar,0,2
0.3717316,5,rgb_sar,0,2
0.3522222,5,rgb_sar,0,2
0.38452494,5,rgb_sar,0,2
0.36748013,5,rgb_sar,0,2
0.5383481,5,rgb_sar,0,2
0.38010484,5,rgb_sar,0,2
0.3879214,5,rgb_sar,0,2
0.53879464,5,rgb_sar,0,2
0.3968563,5,rgb_sar,0,2
0.5569919,5,rgb_sar,0,2
0.526783,5,rgb_sar,0,2
0.3554228,5,rgb_sar,0,2
0.25831342,5,rgb_sar,0,2
0.16515926,5,rgb_sar,0,2
0.05580368,5,rgb_sar,0,2
0.09045911,5,rgb_sar,0,2
0.19530652,5,rgb_sar,0,2
0.28822133,5,rgb_sar,0,2
0.3028448,5,rgb_sar,0,2
0.28054345,5,rgb_sar,0,2
0.21507034,5,rgb_sar,0,2
0.17749923,5,rgb_sar,0,2
0.050344385,5,rgb_sar,0,2
0.053040154,5,rgb_sar,0,2
0.06987384,5,rgb_sar,0,2
0.08140102,5,rgb_sar,0,2
0.196048,5,rgb_sar,0,2
0.3513838,5,rgb_sar,0,2
0.32957953,5,rgb_sar,0,2
0.18750128,5,rgb_sar,0,2
0.12645322,5,rgb_sar,0,2
0.027208075,5,rgb_sar,0,2
0.025889654,5,rgb_sar,0,2
0.12022465,5,rgb_sar,0,2
0.23046434,5,rgb_sar,0,2
0.35616952,5,rgb_sar,0,2
0.34966356,5,rgb_sar,0,2
0.14459881,5,rgb_sar,0,2
0.13756382,5,rgb_sar,0,2
0.034120724,5,rgb_sar,0,2
0.011174392,5,rgb_sar,0,2
0.1830897,5,rgb_sar,0,2
0.29426107,5,rgb_sar,0,2
0.36543107,5,rgb_sar,0,2
0.3609493,5,rgb_sar,0,2
0.33938837,5,rgb_sar,0,2
0.2505181,5,rgb_sar,0,2
0.2575989,5,rgb_sar,0,2
0.19408685,5,rgb_sar,0,2
0.20053081,5,rgb_sar,0,2
0.31185013,5,rgb_sar,0,2
0.3330961,5,rgb_sar,0,2
0.3834175,5,rgb_sar,0,2
0.39295226,5,rgb_sar,0,2
0.33339006,5,rgb_sar,0,2
0.34658402,5,rgb_sar,0,2
0.348063,5,rgb_sar,0,2
0.38379872,5,rgb_sar,0,2
0.35132954,5,rgb_sar,0,2
0.38956764,5,rgb_sar,0,2
0.35667855,5,rgb_sar,0,2
0.29466662,5,rgb_sar,0,2
0.3133456,5,rgb_sar,0,2
0.40244687,5,rgb_sar,0,2
0.3878091,5,rgb_sar,0,2
0.404212,5,rgb_sar,0,2
0.39874658,5,rgb_sar,0,2
0.3267725,5,rgb_sar,0,2
0.3232832,5,rgb_sar,0,2
0.33718485,5,rgb_sar,0,2
0.39270732,5,rgb_sar,0,2
0.38020113,5,rgb_sar,0,2
0.38857794,5,rgb_sar,0,2
0.39392155,5,rgb_sar,0,2
0.44675305,5,rgb_sar,0,2
0.42121887,5,rgb_sar,0,2
0.34066677,5,rgb_sar,0,2
0.37345165,5,rgb_sar,0,2
0.43152243,5,rgb_sar,0,2
0.44186968,5,rgb_sar,0,2
0.45581645,5,rgb_sar,0,2
0.4387576,5,rgb_sar,0,2
0.36911696,5,rgb_sar,0,2
0.34371606,5,rgb_sar,0,2
0.3621347,5,rgb_sar,0,2
0.4346488,5,rgb_sar,0,2
0.38854647,5,rgb_sar,0,2
0.3723302,5,rgb_sar,0,2
0.3507197,5,rgb_sar,0,2
0.42838946,5,rgb_sar,0,2
0.38910174,5,rgb_sar,0,2
0.4316165,5,rgb_sar,0,2
0.42242253,5,rgb_sar,0,2
0.4790753,5,rgb_sar,0,2
0.49560553,5,rgb_sar,0,2
0.49461058,5,rgb_sar,0,2
0.37640646,5,rgb_sar,0,2
0.380864,5,rgb_sar,0,2
0.35130435,5,rgb_sar,0,2
0.37737474,5,rgb_sar,0,2
0.37901717,5,rgb_sar,0,2
0.4325416,5,rgb_sar,0,2
0.39811778,5,rgb_sar,0,2
0.30973518,5,rgb_sar,0,2
0.39234877,5,rgb_sar,0,2
0.3641973,5,rgb_sar,0,2
0.4119466,5,rgb_sar,0,2
0.4114812,5,rgb_sar,0,2
0.45051324,5,rgb_sar,0,2
0.4372298,5,rgb_sar,0,2
0.4308687,5,rgb_sar,0,2
0.38564032,5,rgb_sar,0,2
0.34441233,5,rgb_sar,0,2
0.39754203,5,rgb_sar,0,2
0.39835358,5,rgb_sar,0,2
0.44044387,5,rgb_sar,0,2
0.40053374,5,rgb_sar,0,2
0.4214127,5,rgb_sar,0,2
0.31926784,5,rgb_sar,0,2
0.33140928,5,rgb_sar,0,2
0.38636613,5,rgb_sar,0,2
0.4059375,5,rgb_sar,0,2
0.33690822,5,rgb_sar,0,2
0.38178438,5,rgb_sar,0,2
0.37981272,5,rgb_sar,0,2
0.40062332,5,rgb_sar,0,2
0.37167382,5,rgb_sar,0,2
0.4345324,5,rgb_sar,0,2
0.29990917,5,rgb_sar,0,2
0.3393649,5,rgb_sar,0,2
0.37302446,5,rgb_sar,0,2
0.3765089,5,rgb_sar,0,2
0.4199344,5,rgb_sar,0,2
0.39355832,5,rgb_sar,0,2
0.42487308,5,rgb_sar,0,2
0.36698225,5,rgb_sar,0,2
0.40010256,5,rgb_sar,0,2
0.41296905,5,rgb_sar,0,2
0.42839602,5,rgb_sar,0,2
0.3669524,5,rgb_sar,0,2
0.40966088,5,rgb_sar,0,2
0.4028417,5,rgb_sar,0,2
0.44918993,5,rgb_sar,0,2
0.40829077,5,rgb_sar,0,2
0.45660463,5,rgb_sar,0,2
0.4341876,5,rgb_sar,0,2
0.44531903,5,rgb_sar,0,2
0.39687243,5,rgb_sar,0,2
0.4646551,5,rgb_sar,0,2
0.5323816,5,rgb_sar,0,2
0.38905,5,rgb_sar,0,2
0.5092869,5,rgb_sar,0,2
0.3658516,5,rgb_sar,0,2
0.5168559,5,rgb_sar,0,2
0.37291375,5,rgb_sar,0,2
0.35721818,5,rgb_sar,0,2
0.5108079,5,rgb_sar,0,2
0.360417,5,rgb_sar,0,2
0.3826716,5,rgb_sar,0,2
0.4243612,5,rgb_sar,0,2
0.465355,5,rgb_sar,0,2
0.33110544,5,rgb_sar,0,2
0.38169014,5,rgb_sar,0,2
0.42020822,5,rgb_sar,0,2
0.4582582,5,rgb_sar,0,2
0.3367545,5,rgb_sar,0,2
0.38008338,5,rgb_sar,0,2
0.4044296,5,rgb_sar,0,2
0.45699602,5,rgb_sar,0,2
0.32986605,5,rgb_sar,0,2
0.38400128,5,rgb_sar,0,2
0.47153163,5,rgb_sar,0,2
0.33356714,5,rgb_sar,0,2
0.36359572,5,rgb_sar,0,2
0.32347524,5,rgb_sar,0,2
0.3681598,5,rgb_sar,0,2
0.324314,5,rgb_sar,0,2
0.41992277,5,rgb_sar,0,2
0.20583402,1,rgb_sar,0,2
0.22626054,1,rgb_sar,0,2
0.25906032,1,rgb_sar,0,2
0.2621379,1,rgb_sar,0,2
0.23451807,1,rgb_sar,0,2
0.33969334,1,rgb_sar,0,2
0.3469238,1,rgb_sar,0,2
0.32685065,1,rgb_sar,0,2
0.30815285,1,rgb_sar,0,2
0.30514556,1,rgb_sar,0,2
0.29706126,1,rgb_sar,0,2
0.2366172,1,rgb_sar,0,2
0.27526385,1,rgb_sar,0,2
0.23892945,1,rgb_sar,0,2
0.23113915,1,rgb_sar,0,2
0.23936647,1,rgb_sar,0,2
0.25076145,1,rgb_sar,0,2
0.29718512,1,rgb_sar,0,2
0.22999685,1,rgb_sar,0,2
0.25623468,1,rgb_sar,0,2
0.27291083,1,rgb_sar,0,2
0.2712499,1,rgb_sar,0,2
0.28363645,1,rgb_sar,0,2
0.2113245,1,rgb_sar,0,2
0.20607212,1,rgb_sar,0,2
0.20256378,1,rgb_sar,0,2
0.21509399,1,rgb_sar,0,2
0.24021524,1,rgb_sar,0,2
0.038686402,1,rgb_sar,0,2
0.025748452,1,rgb_sar,0,2
0.2060008,1,rgb_sar,0,2
0.21601474,1,rgb_sar,0,2
0.22454122,1,rgb_sar,0,2
0.20383322,1,rgb_sar,0,2
0.2448829,1,rgb_sar,0,2
0.26889545,1,rgb_sar,0,2
0.15537572,1,rgb_sar,0,2
-0.002030897,1,rgb_sar,0,2
-0.031906046,1,rgb_sar,0,2
0.114895955,1,rgb_sar,0,2
0.16546877,1,rgb_sar,0,2
0.24367145,1,rgb_sar,0,2
0.2020806,1,rgb_sar,0,2
0.21729499,1,rgb_sar,0,2
0.24622202,1,rgb_sar,0,2
0.14292157,1,rgb_sar,0,2
0.13408148,1,rgb_sar,0,2
0.07695677,1,rgb_sar,0,2
0.1227409,1,rgb_sar,0,2
0.19000474,1,rgb_sar,0,2
0.20748773,1,rgb_sar,0,2
0.1891278,1,rgb_sar,0,2
0.20582101,1,rgb_sar,0,2
0.118808575,1,rgb_sar,0,2
0.07551895,1,rgb_sar,0,2
0.11364399,1,rgb_sar,0,2
0.15944134,1,rgb_sar,0,2
0.237394,1,rgb_sar,0,2
0.1988838,1,rgb_sar,0,2
0.13418022,1,rgb_sar,0,2
0.2950196,1,rgb_sar,0,2
0.21033941,1,rgb_sar,0,2
0.18847376,1,rgb_sar,0,2
0.22399135,1,rgb_sar,0,2
0.26467177,1,rgb_sar,0,2
0.22339454,1,rgb_sar,0,2
0.20012124,1,rgb_sar,0,2
0.24235152,1,rgb_sar,0,2
0.14509904,1,rgb_sar,0,2
0.09419155,1,rgb_sar,0,2
0.15722427,1,rgb_sar,0,2
0.23222879,1,rgb_sar,0,2
0.26905316,1,rgb_sar,0,2
0.21577206,1,rgb_sar,0,2
0.2149373,1,rgb_sar,0,2
0.29215795,1,rgb_sar,0,2
0.1132164,1,rgb_sar,0,2
0.14035852,1,rgb_sar,0,2
0.25077823,1,rgb_sar,0,2
0.26763123,1,rgb_sar,0,2
0.30272517,1,rgb_sar,0,2
0.32313964,1,rgb_sar,0,2
0.287328,1,rgb_sar,0,2
0.35600835,1,rgb_sar,0,2
0.24918969,1,rgb_sar,0,2
0.22773516,1,rgb_sar,0,2
0.28798515,1,rgb_sar,0,2
0.22399047,1,rgb_sar,0,2
0.21559218,1,rgb_sar,0,2
0.23284408,1,rgb_sar,0,2
0.30003798,1,rgb_sar,0,2
0.24678656,1,rgb_sar,0,2
0.2461037,1,rgb_sar,0,2
0.20133929,1,rgb_sar,0,2
0.2132478,1,rgb_sar,0,2
0.27693132,1,rgb_sar,0,2
0.30190176,1,rgb_sar,0,2
0.33323932,1,rgb_sar,0,2
0.25470465,1,rgb_sar,0,2
0.2607976,1,rgb_sar,0,2
0.2223694,1,rgb_sar,0,2
0.24605721,1,rgb_sar,0,2
0.43009365,1,rgb_sar,0,2
0.38037854,1,rgb_sar,0,2
0.27855772,1,rgb_sar,0,2
0.22581877,1,rgb_sar,0,2
0.29048127,1,rgb_sar,0,2
0.37511447,1,rgb_sar,0,2
0.35582444,1,rgb_sar,0,2
0.30321315,1,rgb_sar,0,2
0.26570064,1,rgb_sar,0,2
0.30028918,1,rgb_sar,0,2
0.071036056,1,rgb_sar,0,2
0.10973472,1,rgb_sar,0,2
0.26955968,1,rgb_sar,0,2
0.2771822,1,rgb_sar,0,2
0.28447363,1,rgb_sar,0,2
0.24790272,1,rgb_sar,0,2
0.27913475,1,rgb_sar,0,2
0.24281153,1,rgb_sar,0,2
0.19644116,1,rgb_sar,0,2
0.07219361,1,rgb_sar,0,2
0.095303774,1,rgb_sar,0,2
0.2041195,1,rgb_sar,0,2
0.26321945,1,rgb_sar,0,2
0.29229432,1,rgb_sar,0,2
0.24995604,1,rgb_sar,0,2
0.19275585,1,rgb_sar,0,2
0.18304105,1,rgb_sar,0,2
0.21524483,1,rgb_sar,0,2
0.13937004,1,rgb_sar,0,2
0.18058927,1,rgb_sar,0,2
0.2146889,1,rgb_sar,0,2
0.20733145,1,rgb_sar,0,2
0.28058186,1,rgb_sar,0,2
0.2424602,1,rgb_sar,0,2
0.18983436,1,rgb_sar,0,2
0.08644986,1,rgb_sar,0,2
0.123346984,1,rgb_sar,0,2
0.16292891,1,rgb_sar,0,2
0.2391303,1,rgb_sar,0,2
0.31277665,1,rgb_sar,0,2
0.238029,1,rgb_sar,0,2
0.14553119,1,rgb_sar,0,2
0.22021607,1,rgb_sar,0,2
0.16400364,1,rgb_sar,0,2
0.08388695,1,rgb_sar,0,2
0.08372041,1,rgb_sar,0,2
0.26730752,1,rgb_sar,0,2
0.18196058,1,rgb_sar,0,2
0.12871559,1,rgb_sar,0,2
0.23025276,1,rgb_sar,0,2
0.19540295,1,rgb_sar,0,2
0.1708653,1,rgb_sar,0,2
0.09843253,1,rgb_sar,0,2
0.078593075,1,rgb_sar,0,2
0.27732477,1,rgb_sar,0,2
0.20283163,1,rgb_sar,0,2
0.15777832,1,rgb_sar,0,2
0.26145768,1,rgb_sar,0,2
0.15870285,1,rgb_sar,0,2
0.2116765,1,rgb_sar,0,2
0.25804138,1,rgb_sar,0,2
0.21771595,1,rgb_sar,0,2
0.32703084,1,rgb_sar,0,2
0.24179728,1,rgb_sar,0,2
0.21480374,1,rgb_sar,0,2
0.19901314,1,rgb_sar,0,2
0.43403247,1,rgb_sar,0,2
0.47089478,1,rgb_sar,0,2
0.46280542,1,rgb_sar,0,2
0.450041,1,rgb_sar,0,2
0.46455467,1,rgb_sar,0,2
0.43035588,1,rgb_sar,0,2
0.43768147,1,rgb_sar,0,2
0.45720288,1,rgb_sar,0,2
0.44797224,1,rgb_sar,0,2
0.43714234,1,rgb_sar,0,2
0.45979452,1,rgb_sar,0,2
0.46552533,1,rgb_sar,0,2
0.44572696,1,rgb_sar,0,2
0.46836877,1,rgb_sar,0,2
0.47331065,1,rgb_sar,0,2
0.48124453,1,rgb_sar,0,2
0.4542096,1,rgb_sar,0,2
0.573228,1,rgb_sar,0,2
0.48628688,1,rgb_sar,0,2
0.46872652,1,rgb_sar,0,2
0.4864831,1,rgb_sar,0,2
0.50166273,1,rgb_sar,0,2
0.4887777,1,rgb_sar,0,2
0.51235616,1,rgb_sar,0,2
0.49487334,1,rgb_sar,0,2
0.59287995,1,rgb_sar,0,2
0.5531715,1,rgb_sar,0,2
0.5248958,1,rgb_sar,0,2
0.49221522,1,rgb_sar,0,2
0.46189177,1,rgb_sar,0,2
0.44909805,1,rgb_sar,0,2
0.4429684,1,rgb_sar,0,2
0.4687549,1,rgb_sar,0,2
0.49817127,1,rgb_sar,0,2
0.483363,1,rgb_sar,0,2
0.59511805,1,rgb_sar,0,2
0.5785865,1,rgb_sar,0,2
0.5102656,1,rgb_sar,0,2
0.48342323,1,rgb_sar,0,2
0.46915364,1,rgb_sar,0,2
0.42731097,1,rgb_sar,0,2
0.41366172,1,rgb_sar,0,2
0.45375443,1,rgb_sar,0,2
0.48785123,1,rgb_sar,0,2
0.46915373,1,rgb_sar,0,2
0.59083325,1,rgb_sar,0,2
0.4607857,1,rgb_sar,0,2
0.44479617,1,rgb_sar,0,2
0.383,1,rgb_sar,0,2
0.38756573,1,rgb_sar,0,2
0.44561875,1,rgb_sar,0,2
0.46876335,1,rgb_sar,0,2
0.5058224,1,rgb_sar,0,2
0.5890042,1,rgb_sar,0,2
0.45217192,1,rgb_sar,0,2
0.38454908,1,rgb_sar,0,2
0.39004898,1,rgb_sar,0,2
0.49305755,1,rgb_sar,0,2
0.492024,1,rgb_sar,0,2
0.48559698,1,rgb_sar,0,2
0.6001196,1,rgb_sar,0,2
0.47754782,1,rgb_sar,0,2
0.46200424,1,rgb_sar,0,2
0.49585414,1,rgb_sar,0,2
0.49365976,1,rgb_sar,0,2
0.48104557,1,rgb_sar,0,2
0.58348894,1,rgb_sar,0,2
0.46473327,1,rgb_sar,0,2
0.44850963,1,rgb_sar,0,2
0.42131302,1,rgb_sar,0,2
0.4232806,1,rgb_sar,0,2
0.56253064,1,rgb_sar,0,2
0.4057691,1,rgb_sar,0,2
0.38810447,1,rgb_sar,0,2
0.3975209,1,rgb_sar,0,2
0.5475575,1,rgb_sar,0,2
0.41166195,1,rgb_sar,0,2
0.4337765,1,rgb_sar,0,2
0.5521419,1,rgb_sar,0,2
0.4871392,1,rgb_sar,0,2
0.5826566,1,rgb_sar,0,2
0.4895022,1,rgb_sar,0,2
0.46943924,1,rgb_sar,0,2
0.47795707,1,rgb_sar,0,2
0.517136,1,rgb_sar,0,2
0.48456317,1,rgb_sar,0,2
0.47602883,1,rgb_sar,0,2
0.49182382,1,rgb_sar,0,2
0.4566159,1,rgb_sar,0,2
0.42017776,1,rgb_sar,0,2
0.4323144,1,rgb_sar,0,2
0.44577762,1,rgb_sar,0,2
0.51042104,1,rgb_sar,0,2
0.500509,1,rgb_sar,0,2
0.4671507,1,rgb_sar,0,2
0.48716912,1,rgb_sar,0,2
0.4815305,1,rgb_sar,0,2
0.46795732,1,rgb_sar,0,2
0.46047544,1,rgb_sar,0,2
0.48388472,1,rgb_sar,0,2
0.4989531,1,rgb_sar,0,2
0.47750133,1,rgb_sar,0,2
0.5225783,1,rgb_sar,0,2
0.5126755,1,rgb_sar,0,2
0.4994088,1,rgb_sar,0,2
0.49999258,1,rgb_sar,0,2
0.49456313,1,rgb_sar,0,2
0.5013209,1,rgb_sar,0,2
0.46655816,1,rgb_sar,0,2
0.47352135,1,rgb_sar,0,2
0.4648762,1,rgb_sar,0,2
0.4616264,1,rgb_sar,0,2
0.46781686,1,rgb_sar,0,2
0.51067114,1,rgb_sar,0,2
0.5684751,1,rgb_sar,0,2
0.5534127,1,rgb_sar,0,2
0.46233094,1,rgb_sar,0,2
0.45166185,1,rgb_sar,0,2
0.46421105,1,rgb_sar,0,2
0.47429258,1,rgb_sar,0,2
0.48892522,1,rgb_sar,0,2
0.48916212,1,rgb_sar,0,2
0.49436826,1,rgb_sar,0,2
0.56446886,1,rgb_sar,0,2
0.53335065,1,rgb_sar,0,2
0.4605577,1,rgb_sar,0,2
0.45705202,1,rgb_sar,0,2
0.4521832,1,rgb_sar,0,2
0.4494179,1,rgb_sar,0,2
0.43100008,1,rgb_sar,0,2
0.49455184,1,rgb_sar,0,2
0.59073997,1,rgb_sar,0,2
0.58826756,1,rgb_sar,0,2
0.4756536,1,rgb_sar,0,2
0.4592702,1,rgb_sar,0,2
0.48007494,1,rgb_sar,0,2
0.48136434,1,rgb_sar,0,2
0.4929887,1,rgb_sar,0,2
0.48690575,1,rgb_sar,0,2
0.4909832,1,rgb_sar,0,2
0.48215416,1,rgb_sar,0,2
0.5862974,1,rgb_sar,0,2
0.6052643,1,rgb_sar,0,2
0.5717396,1,rgb_sar,0,2
0.5392928,1,rgb_sar,0,2
0.4912334,1,rgb_sar,0,2
0.46134776,1,rgb_sar,0,2
0.44776723,1,rgb_sar,0,2
0.44646084,1,rgb_sar,0,2
0.442511,1,rgb_sar,0,2
0.4781648,1,rgb_sar,0,2
0.56583273,1,rgb_sar,0,2
0.54403996,1,rgb_sar,0,2
0.465184,1,rgb_sar,0,2
0.47118104,1,rgb_sar,0,2
0.49484295,1,rgb_sar,0,2
0.47751796,1,rgb_sar,0,2
0.47740656,1,rgb_sar,0,2
0.4760561,1,rgb_sar,0,2
0.5819534,1,rgb_sar,0,2
0.58901864,1,rgb_sar,0,2
0.535002,1,rgb_sar,0,2
0.502321,1,rgb_sar,0,2
0.47771025,1,rgb_sar,0,2
0.45855564,1,rgb_sar,0,2
0.4232366,1,rgb_sar,0,2
0.414702,1,rgb_sar,0,2
0.4210806,1,rgb_sar,0,2
0.45420182,1,rgb_sar,0,2
0.52322793,1,rgb_sar,0,2
0.51194644,1,rgb_sar,0,2
0.46340704,1,rgb_sar,0,2
0.4896397,1,rgb_sar,0,2
0.49851608,1,rgb_sar,0,2
0.4799251,1,rgb_sar,0,2
0.49889454,1,rgb_sar,0,2
0.46544114,1,rgb_sar,0,2
0.51512456,1,rgb_sar,0,2
0.44923714,1,rgb_sar,0,2
0.41969183,1,rgb_sar,0,2
0.39550617,1,rgb_sar,0,2
0.39863238,1,rgb_sar,0,2
0.38856465,1,rgb_sar,0,2
0.3820653,1,rgb_sar,0,2
0.39839262,1,rgb_sar,0,2
0.41434348,1,rgb_sar,0,2
0.42177987,1,rgb_sar,0,2
0.43290663,1,rgb_sar,0,2
0.42468435,1,rgb_sar,0,2
0.45155397,1,rgb_sar,0,2
0.47507048,1,rgb_sar,0,2
0.41845518,1,rgb_sar,0,2
0.354391,1,rgb_sar,0,2
0.34605592,1,rgb_sar,0,2
0.35657346,1,rgb_sar,0,2
0.37071377,1,rgb_sar,0,2
0.4025234,1,rgb_sar,0,2
0.41961136,1,rgb_sar,0,2
0.4319466,1,rgb_sar,0,2
0.44441,1,rgb_sar,0,2
0.4242496,1,rgb_sar,0,2
0.4336806,1,rgb_sar,0,2
0.46341085,1,rgb_sar,0,2
0.37383127,1,rgb_sar,0,2
0.36294156,1,rgb_sar,0,2
0.3812573,1,rgb_sar,0,2
0.40891868,1,rgb_sar,0,2
0.39767575,1,rgb_sar,0,2
0.41457996,1,rgb_sar,0,2
0.44220102,1,rgb_sar,0,2
0.45727277,1,rgb_sar,0,2
0.42121464,1,rgb_sar,0,2
0.41785073,1,rgb_sar,0,2
0.45085445,1,rgb_sar,0,2
0.46111092,1,rgb_sar,0,2
0.5038719,1,rgb_sar,0,2
0.42474413,1,rgb_sar,0,2
0.4343738,1,rgb_sar,0,2
0.45083463,1,rgb_sar,0,2
0.43671656,1,rgb_sar,0,2
0.43297648,1,rgb_sar,0,2
0.4691174,1,rgb_sar,0,2
0.48137107,1,rgb_sar,0,2
0.4496864,1,rgb_sar,0,2
0.42959452,1,rgb_sar,0,2
0.46809146,1,rgb_sar,0,2
0.49897859,1,rgb_sar,0,2
0.5002713,1,rgb_sar,0,2
0.42860222,1,rgb_sar,0,2
0.44618383,1,rgb_sar,0,2
0.4508312,1,rgb_sar,0,2
0.44257563,1,rgb_sar,0,2
0.45993242,1,rgb_sar,0,2
0.46086377,1,rgb_sar,0,2
0.40477276,1,rgb_sar,0,2
0.40944678,1,rgb_sar,0,2
0.45312664,1,rgb_sar,0,2
0.48659313,1,rgb_sar,0,2
0.52922314,1,rgb_sar,0,2
0.4551281,1,rgb_sar,0,2
0.43762314,1,rgb_sar,0,2
0.4335873,1,rgb_sar,0,2
0.44270277,1,rgb_sar,0,2
0.44862372,1,rgb_sar,0,2
0.430215,1,rgb_sar,0,2
0.44330817,1,rgb_sar,0,2
0.45707077,1,rgb_sar,0,2
0.4537844,1,rgb_sar,0,2
0.53384423,1,rgb_sar,0,2
0.43687904,1,rgb_sar,0,2
0.42596358,1,rgb_sar,0,2
0.48331285,1,rgb_sar,0,2
0.4220276,1,rgb_sar,0,2
0.43726104,1,rgb_sar,0,2
0.41618568,1,rgb_sar,0,2
0.4083554,1,rgb_sar,0,2
0.44767535,1,rgb_sar,0,2
0.42589504,1,rgb_sar,0,2
0.45909914,1,rgb_sar,0,2
0.45784578,1,rgb_sar,0,2
0.46881506,1,rgb_sar,0,2
0.44150782,1,rgb_sar,0,2
0.5223105,1,rgb_sar,0,2
0.55706316,1,rgb_sar,0,2
0.5122328,1,rgb_sar,0,2
0.49881378,1,rgb_sar,0,2
0.4728499,1,rgb_sar,0,2
0.5495,1,rgb_sar,0,2
0.46157002,1,rgb_sar,0,2
0.4722476,1,rgb_sar,0,2
0.5342024,1,rgb_sar,0,2
0.51271796,1,rgb_sar,0,2
0.49586928,1,rgb_sar,0,2
0.49255618,1,rgb_sar,0,2
0.4820783,1,rgb_sar,0,2
0.48880833,1,rgb_sar,0,2
0.5568958,1,rgb_sar,0,2
0.4754164,1,rgb_sar,0,2
0.48010606,1,rgb_sar,0,2
0.50723135,1,rgb_sar,0,2
0.4935735,1,rgb_sar,0,2
0.49112743,1,rgb_sar,0,2
0.49392313,1,rgb_sar,0,2
0.510628,1,rgb_sar,0,2
0.5277857,1,rgb_sar,0,2
0.5139249,1,rgb_sar,0,2
0.5556569,1,rgb_sar,0,2
0.46753272,1,rgb_sar,0,2
0.46658167,1,rgb_sar,0,2
0.49413288,1,rgb_sar,0,2
0.48906925,1,rgb_sar,0,2
0.4738221,1,rgb_sar,0,2
0.48735443,1,rgb_sar,0,2
0.5385525,1,rgb_sar,0,2
0.56833476,1,rgb_sar,0,2
0.48656586,1,rgb_sar,0,2
0.47131664,1,rgb_sar,0,2
0.4914816,1,rgb_sar,0,2
0.49289665,1,rgb_sar,0,2
0.4800046,1,rgb_sar,0,2
0.49122542,1,rgb_sar,0,2
0.5292254,1,rgb_sar,0,2
0.5214754,1,rgb_sar,0,2
0.57313067,1,rgb_sar,0,2
0.49006656,1,rgb_sar,0,2
0.43575263,1,rgb_sar,0,2
0.43923157,1,rgb_sar,0,2
0.44353878,1,rgb_sar,0,2
0.5569784,1,rgb_sar,0,2
0.451655,1,rgb_sar,0,2
0.44036233,1,rgb_sar,0,2
0.45737746,1,rgb_sar,0,2
0.4673978,1,rgb_sar,0,2
0.5257218,1,rgb_sar,0,2
0.41352665,1,rgb_sar,0,2
0.4075108,1,rgb_sar,0,2
0.45769727,1,rgb_sar,0,2
0.47436494,1,rgb_sar,0,2
0.49533868,1,rgb_sar,0,2
0.53536934,1,rgb_sar,0,2
0.54708564,1,rgb_sar,0,2
0.42036924,1,rgb_sar,0,2
0.38263315,1,rgb_sar,0,2
0.38754427,1,rgb_sar,0,2
0.4241957,1,rgb_sar,0,2
0.4973665,1,rgb_sar,0,2
0.5424892,1,rgb_sar,0,2
0.57485515,1,rgb_sar,0,2
0.42239714,1,rgb_sar,0,2
0.36052653,1,rgb_sar,0,2
0.36883342,1,rgb_sar,0,2
0.3887661,1,rgb_sar,0,2
0.45593962,1,rgb_sar,0,2
0.4982434,1,rgb_sar,0,2
0.57653403,1,rgb_sar,0,2
0.42894876,1,rgb_sar,0,2
0.3883946,1,rgb_sar,0,2
0.3903092,1,rgb_sar,0,2
0.38050854,1,rgb_sar,0,2
0.4318481,1,rgb_sar,0,2
0.48202717,1,rgb_sar,0,2
0.57366204,1,rgb_sar,0,2
0.35262707,4,rgb_sar,0,2
0.3787535,4,rgb_sar,0,2
0.33446085,4,rgb_sar,0,2
0.35016042,4,rgb_sar,0,2
0.29533488,4,rgb_sar,0,2
0.29410893,4,rgb_sar,0,2
0.3748774,4,rgb_sar,0,2
0.3830826,4,rgb_sar,0,2
0.33185834,4,rgb_sar,0,2
0.3741339,4,rgb_sar,0,2
0.2870664,4,rgb_sar,0,2
0.29064944,4,rgb_sar,0,2
0.34283468,4,rgb_sar,0,2
0.3392306,4,rgb_sar,0,2
0.39358726,4,rgb_sar,0,2
0.40770167,4,rgb_sar,0,2
0.29822594,4,rgb_sar,0,2
0.29615077,4,rgb_sar,0,2
0.33772117,4,rgb_sar,0,2
0.33918905,4,rgb_sar,0,2
0.35350686,4,rgb_sar,0,2
0.37082392,4,rgb_sar,0,2
0.33551395,4,rgb_sar,0,2
0.31736273,4,rgb_sar,0,2
0.3196407,4,rgb_sar,0,2
0.34312987,4,rgb_sar,0,2
0.34057003,4,rgb_sar,0,2
0.37445316,4,rgb_sar,0,2
0.2980352,4,rgb_sar,0,2
0.3582847,4,rgb_sar,0,2
0.35811406,4,rgb_sar,0,2
0.34161866,4,rgb_sar,0,2
0.30252507,4,rgb_sar,0,2
0.31339315,4,rgb_sar,0,2
0.33776346,4,rgb_sar,0,2
0.35453218,4,rgb_sar,0,2
0.39306852,4,rgb_sar,0,2
0.32426912,4,rgb_sar,0,2
0.32339245,4,rgb_sar,0,2
0.32985067,4,rgb_sar,0,2
0.31344867,4,rgb_sar,0,2
0.32777447,4,rgb_sar,0,2
0.35452348,4,rgb_sar,0,2
0.33949155,4,rgb_sar,0,2
0.3105632,4,rgb_sar,0,2
0.3663976,4,rgb_sar,0,2
0.34538105,4,rgb_sar,0,2
0.3670146,4,rgb_sar,0,2
0.34566423,4,rgb_sar,0,2
0.3280247,4,rgb_sar,0,2
0.36633378,4,rgb_sar,0,2
0.4288348,4,rgb_sar,0,2
0.38088477,4,rgb_sar,0,2
0.3167367,4,rgb_sar,0,2
0.35690165,4,rgb_sar,0,2
0.36615896,4,rgb_sar,0,2
0.41541135,4,rgb_sar,0,2
0.37773854,4,rgb_sar,0,2
0.4358415,4,rgb_sar,0,2
0.40461117,4,rgb_sar,0,2
0.39933586,4,rgb_sar,0,2
0.38821185,4,rgb_sar,0,2
0.3978758,4,rgb_sar,0,2
0.4278381,4,rgb_sar,0,2
0.4106133,4,rgb_sar,0,2
0.40600663,4,rgb_sar,0,2
0.38762248,4,rgb_sar,0,2
0.4199726,4,rgb_sar,0,2
0.42915103,4,rgb_sar,0,2
0.39181852,4,rgb_sar,0,2
0.4045435,4,rgb_sar,0,2
0.42228693,4,rgb_sar,0,2
0.48086798,4,rgb_sar,0,2
0.44199428,4,rgb_sar,0,2
0.43058804,4,rgb_sar,0,2
0.40250283,4,rgb_sar,0,2
0.34157163,4,rgb_sar,0,2
0.38997027,4,rgb_sar,0,2
0.26071784,4,rgb_sar,0,2
0.30793384,4,rgb_sar,0,2
0.23993279,4,rgb_sar,0,2
0.21578068,4,rgb_sar,0,2
0.31927502,4,rgb_sar,0,2
0.35675964,4,rgb_sar,0,2
0.2500412,4,rgb_sar,0,2
0.2943627,4,rgb_sar,0,2
0.27067584,4,rgb_sar,0,2
0.2518019,4,rgb_sar,0,2
0.29059064,4,rgb_sar,0,2
0.3068268,4,rgb_sar,0,2
0.289199,4,rgb_sar,0,2
0.34269637,4,rgb_sar,0,2
0.32426482,4,rgb_sar,0,2
0.32921514,4,rgb_sar,0,2
0.32538074,4,rgb_sar,0,2
0.3356226,4,rgb_sar,0,2
0.34631258,4,rgb_sar,0,2
0.3926188,4,rgb_sar,0,2
0.41125578,4,rgb_sar,0,2
0.3837241,4,rgb_sar,0,2
0.37562004,4,rgb_sar,0,2
0.38174957,4,rgb_sar,0,2
0.34819603,4,rgb_sar,0,2
0.32297826,4,rgb_sar,0,2
0.29382458,4,rgb_sar,0,2
0.3806075,4,rgb_sar,0,2
0.42709088,4,rgb_sar,0,2
0.43955302,4,rgb_sar,0,2
0.39480323,4,rgb_sar,0,2
0.36827165,4,rgb_sar,0,2
0.33746207,4,rgb_sar,0,2
0.34416777,4,rgb_sar,0,2
0.36830485,4,rgb_sar,0,2
0.3497047,4,rgb_sar,0,2
0.43752754,4,rgb_sar,0,2
0.4702356,4,rgb_sar,0,2
0.388618,4,rgb_sar,0,2
0.3395997,4,rgb_sar,0,2
0.30245015,4,rgb_sar,0,2
0.27565092,4,rgb_sar,0,2
0.29693288,4,rgb_sar,0,2
0.32087153,4,rgb_sar,0,2
0.39294225,4,rgb_sar,0,2
0.44874245,4,rgb_sar,0,2
0.4717134,4,rgb_sar,0,2
0.38332832,4,rgb_sar,0,2
0.332802,4,rgb_sar,0,2
0.3189242,4,rgb_sar,0,2
0.33722293,4,rgb_sar,0,2
0.37031034,4,rgb_sar,0,2
0.35519302,4,rgb_sar,0,2
0.41538978,4,rgb_sar,0,2
0.40727213,4,rgb_sar,0,2
0.40649244,4,rgb_sar,0,2
0.40854567,4,rgb_sar,0,2
0.36939755,4,rgb_sar,0,2
0.34687167,4,rgb_sar,0,2
0.3767768,4,rgb_sar,0,2
0.39665174,4,rgb_sar,0,2
0.37863255,4,rgb_sar,0,2
0.34957743,4,rgb_sar,0,2
0.41191575,4,rgb_sar,0,2
0.41420633,4,rgb_sar,0,2
0.46671128,4,rgb_sar,0,2
0.47014517,4,rgb_sar,0,2
0.40352428,4,rgb_sar,0,2
0.39092177,4,rgb_sar,0,2
0.36662114,4,rgb_sar,0,2
0.44360396,4,rgb_sar,0,2
0.4555459,4,rgb_sar,0,2
0.43742418,4,rgb_sar,0,2
0.4085536,4,rgb_sar,0,2
0.4547854,1,rgb_sar,0,2
0.48121405,1,rgb_sar,0,2
0.49550983,1,rgb_sar,0,2
0.51042336,1,rgb_sar,0,2
0.48267817,1,rgb_sar,0,2
0.4728665,1,rgb_sar,0,2
0.5079748,1,rgb_sar,0,2
0.5022375,1,rgb_sar,0,2
0.5115081,1,rgb_sar,0,2
0.48320818,1,rgb_sar,0,2
0.5263197,1,rgb_sar,0,2
0.5532414,1,rgb_sar,0,2
0.58769363,1,rgb_sar,0,2
0.5899317,1,rgb_sar,0,2
0.5307814,1,rgb_sar,0,2
0.53209484,1,rgb_sar,0,2
0.51887614,1,rgb_sar,0,2
0.5887145,1,rgb_sar,0,2
0.53988266,1,rgb_sar,0,2
0.6016705,1,rgb_sar,0,2
0.64131117,1,rgb_sar,0,2
0.59120935,1,rgb_sar,0,2
0.52506006,1,rgb_sar,0,2
0.52140534,1,rgb_sar,0,2
0.51255155,1,rgb_sar,0,2
0.58878446,1,rgb_sar,0,2
0.51138246,1,rgb_sar,0,2
0.48636454,1,rgb_sar,0,2
0.5505488,1,rgb_sar,0,2
0.54621446,1,rgb_sar,0,2
0.5987458,1,rgb_sar,0,2
0.54221237,1,rgb_sar,0,2
0.4844198,1,rgb_sar,0,2
0.48202866,1,rgb_sar,0,2
0.50313973,1,rgb_sar,0,2
0.59923893,1,rgb_sar,0,2
0.5525309,1,rgb_sar,0,2
0.51931685,1,rgb_sar,0,2
0.56109375,1,rgb_sar,0,2
0.5415329,1,rgb_sar,0,2
0.53412014,1,rgb_sar,0,2
0.50855094,1,rgb_sar,0,2
0.46728665,1,rgb_sar,0,2
0.5105805,1,rgb_sar,0,2
0.5785896,1,rgb_sar,0,2
0.635461,1,rgb_sar,0,2
0.552282,1,rgb_sar,0,2
0.52384347,1,rgb_sar,0,2
0.45956478,1,rgb_sar,0,2
0.42370152,1,rgb_sar,0,2
0.4580524,1,rgb_sar,0,2
0.50636345,1,rgb_sar,0,2
0.5717428,1,rgb_sar,0,2
0.6489883,1,rgb_sar,0,2
0.5135224,1,rgb_sar,0,2
0.4608273,1,rgb_sar,0,2
0.42850652,1,rgb_sar,0,2
0.43585086,1,rgb_sar,0,2
0.45250705,1,rgb_sar,0,2
0.5392452,1,rgb_sar,0,2
0.64348805,1,rgb_sar,0,2
0.49374807,1,rgb_sar,0,2
0.47613287,1,rgb_sar,0,2
0.50324386,1,rgb_sar,0,2
0.5058539,1,rgb_sar,0,2
0.5326798,1,rgb_sar,0,2
0.6248548,1,rgb_sar,0,2
0.5092243,1,rgb_sar,0,2
0.55728304,1,rgb_sar,0,2
0.5402484,1,rgb_sar,0,2
0.5328132,1,rgb_sar,0,2
0.60667044,1,rgb_sar,0,2
0.5987063,1,rgb_sar,0,2
0.5707824,1,rgb_sar,0,2
0.48875645,1,rgb_sar,0,2
0.56438214,1,rgb_sar,0,2
0.5054847,1,rgb_sar,0,2
0.4447707,1,rgb_sar,0,2
0.5508474,1,rgb_sar,0,2
0.5186364,1,rgb_sar,0,2
0.61036986,1,rgb_sar,0,2
0.5367702,1,rgb_sar,0,2
0.53888357,1,rgb_sar,0,2
0.5171958,1,rgb_sar,0,2
0.5369336,1,rgb_sar,0,2
0.5409094,1,rgb_sar,0,2
0.51221645,1,rgb_sar,0,2
0.5040506,1,rgb_sar,0,2
0.5040157,1,rgb_sar,0,2
0.5125406,1,rgb_sar,0,2
0.5003694,1,rgb_sar,0,2
0.51429456,1,rgb_sar,0,2
0.5371399,1,rgb_sar,0,2
0.5618118,1,rgb_sar,0,2
0.59538174,1,rgb_sar,0,2
0.55990255,1,rgb_sar,0,2
0.5236698,1,rgb_sar,0,2
0.5110587,1,rgb_sar,0,2
0.5447235,1,rgb_sar,0,2
0.54778624,1,rgb_sar,0,2
0.5573304,1,rgb_sar,0,2
0.581473,1,rgb_sar,0,2
0.54433924,1,rgb_sar,0,2
0.5526783,1,rgb_sar,0,2
0.6032694,1,rgb_sar,0,2
0.5689055,1,rgb_sar,0,2
0.52421856,1,rgb_sar,0,2
0.52444965,1,rgb_sar,0,2
0.57018983,1,rgb_sar,0,2
0.59680164,1,rgb_sar,0,2
0.6091031,1,rgb_sar,0,2
0.5897931,1,rgb_sar,0,2
0.59219784,1,rgb_sar,0,2
0.5834933,1,rgb_sar,0,2
0.58666706,1,rgb_sar,0,2
0.59461397,1,rgb_sar,0,2
0.57732826,1,rgb_sar,0,2
0.60389745,1,rgb_sar,0,2
0.5741495,1,rgb_sar,0,2
0.572243,1,rgb_sar,0,2
0.57722855,1,rgb_sar,0,2
0.5691711,1,rgb_sar,0,2
0.5513794,1,rgb_sar,0,2
0.54602295,1,rgb_sar,0,2
0.5221858,1,rgb_sar,0,2
0.58478534,1,rgb_sar,0,2
0.606285,1,rgb_sar,0,2
0.5721475,1,rgb_sar,0,2
0.5608643,1,rgb_sar,0,2
0.63047206,1,rgb_sar,0,2
0.6135331,1,rgb_sar,0,2
0.5972934,1,rgb_sar,0,2
0.5874301,1,rgb_sar,0,2
0.55285347,1,rgb_sar,0,2
0.56478345,1,rgb_sar,0,2
0.5612246,1,rgb_sar,0,2
0.5889873,1,rgb_sar,0,2
0.61114746,1,rgb_sar,0,2
0.6072367,1,rgb_sar,0,2
0.57821095,1,rgb_sar,0,2
0.5682056,1,rgb_sar,0,2
0.59342396,1,rgb_sar,0,2
0.57459927,1,rgb_sar,0,2
0.5558058,1,rgb_sar,0,2
0.54059607,1,rgb_sar,0,2
0.5273437,1,rgb_sar,0,2
0.52754855,1,rgb_sar,0,2
0.55498636,1,rgb_sar,0,2
0.5748414,1,rgb_sar,0,2
0.5923201,1,rgb_sar,0,2
0.56279814,1,rgb_sar,0,2
0.543557,1,rgb_sar,0,2
0.539157,1,rgb_sar,0,2
0.5491469,1,rgb_sar,0,2
0.5492983,1,rgb_sar,0,2
0.5692557,1,rgb_sar,0,2
0.6553882,1,rgb_sar,0,2
0.6698282,1,rgb_sar,0,2
0.63679194,1,rgb_sar,0,2
0.58124256,1,rgb_sar,0,2
0.53115517,1,rgb_sar,0,2
0.5399271,1,rgb_sar,0,2
0.56648487,1,rgb_sar,0,2
0.51377547,1,rgb_sar,0,2
0.504897,1,rgb_sar,0,2
0.5738087,1,rgb_sar,0,2
0.57951915,1,rgb_sar,0,2
0.56971055,1,rgb_sar,0,2
0.55107826,1,rgb_sar,0,2
0.5352137,1,rgb_sar,0,2
0.5368816,1,rgb_sar,0,2
0.53260875,1,rgb_sar,0,2
0.539495,1,rgb_sar,0,2
0.57362473,1,rgb_sar,0,2
0.6234311,1,rgb_sar,0,2
0.6458936,1,rgb_sar,0,2
0.6325947,1,rgb_sar,0,2
0.59263325,1,rgb_sar,0,2
0.5348021,1,rgb_sar,0,2
0.55638885,1,rgb_sar,0,2
0.47627926,1,rgb_sar,0,2
0.45753178,1,rgb_sar,0,2
0.46840852,1,rgb_sar,0,2
0.49195042,1,rgb_sar,0,2
0.5618827,1,rgb_sar,0,2
0.5538435,1,rgb_sar,0,2
0.5532967,1,rgb_sar,0,2
0.5409188,1,rgb_sar,0,2
0.50740314,1,rgb_sar,0,2
0.5203355,1,rgb_sar,0,2
0.5509124,1,rgb_sar,0,2
0.5165963,1,rgb_sar,0,2
0.46604526,1,rgb_sar,0,2
0.44394583,1,rgb_sar,0,2
0.45124978,1,rgb_sar,0,2
0.4548215,1,rgb_sar,0,2
0.5012887,1,rgb_sar,0,2
0.5400644,1,rgb_sar,0,2
0.5568884,1,rgb_sar,0,2
0.54121816,1,rgb_sar,0,2
0.50563157,1,rgb_sar,0,2
0.5132514,1,rgb_sar,0,2
0.51747984,1,rgb_sar,0,2
0.5432842,1,rgb_sar,0,2
0.47771963,1,rgb_sar,0,2
0.45327002,1,rgb_sar,0,2
0.4769735,1,rgb_sar,0,2
0.52556366,1,rgb_sar,0,2
0.5523305,1,rgb_sar,0,2
0.5233689,1,rgb_sar,0,2
0.5085051,1,rgb_sar,0,2
0.5159656,1,rgb_sar,0,2
0.50361085,1,rgb_sar,0,2
0.5377058,1,rgb_sar,0,2
0.59561574,1,rgb_sar,0,2
0.64414746,1,rgb_sar,0,2
0.58250356,1,rgb_sar,0,2
0.5676297,1,rgb_sar,0,2
0.532537,1,rgb_sar,0,2
0.541625,1,rgb_sar,0,2
0.56570137,1,rgb_sar,0,2
0.52312285,1,rgb_sar,0,2
0.479507,1,rgb_sar,0,2
0.4892956,1,rgb_sar,0,2
0.488154,1,rgb_sar,0,2
0.54636663,1,rgb_sar,0,2
0.5899031,1,rgb_sar,0,2
0.6178198,1,rgb_sar,0,2
0.5659486,1,rgb_sar,0,2
0.54877675,1,rgb_sar,0,2
0.50447077,1,rgb_sar,0,2
0.5429243,1,rgb_sar,0,2
0.51526177,1,rgb_sar,0,2
0.4754579,1,rgb_sar,0,2
0.4452835,1,rgb_sar,0,2
0.4323777,1,rgb_sar,0,2
0.550534,1,rgb_sar,0,2
0.61994827,1,rgb_sar,0,2
0.6173842,1,rgb_sar,0,2
0.52040434,1,rgb_sar,0,2
0.5256369,1,rgb_sar,0,2
0.5284952,1,rgb_sar,0,2
0.491593,1,rgb_sar,0,2
0.45193347,1,rgb_sar,0,2
0.4214062,1,rgb_sar,0,2
0.45377353,1,rgb_sar,0,2
0.5900558,1,rgb_sar,0,2
0.6458188,1,rgb_sar,0,2
0.6037504,1,rgb_sar,0,2
0.55331564,1,rgb_sar,0,2
0.5600405,1,rgb_sar,0,2
0.53002274,1,rgb_sar,0,2
0.5004788,1,rgb_sar,0,2
0.5126699,1,rgb_sar,0,2
0.5341655,1,rgb_sar,0,2
0.53732777,1,rgb_sar,0,2
0.5385153,1,rgb_sar,0,2
0.54921204,1,rgb_sar,0,2
0.5673111,1,rgb_sar,0,2
0.5577764,1,rgb_sar,0,2
0.5459498,1,rgb_sar,0,2
0.56944346,1,rgb_sar,0,2
0.53700995,1,rgb_sar,0,2
0.5444834,1,rgb_sar,0,2
0.5568713,1,rgb_sar,0,2
0.57404757,1,rgb_sar,0,2
0.60534805,1,rgb_sar,0,2
0.58365476,1,rgb_sar,0,2
0.48925066,1,rgb_sar,0,2
0.4827448,1,rgb_sar,0,2
0.5165203,1,rgb_sar,0,2
0.5284849,1,rgb_sar,0,2
0.54050726,1,rgb_sar,0,2
0.56645715,1,rgb_sar,0,2
0.59337175,1,rgb_sar,0,2
0.6128481,1,rgb_sar,0,2
0.57451737,1,rgb_sar,0,2
0.47906828,1,rgb_sar,0,2
0.5144215,1,rgb_sar,0,2
0.51617503,1,rgb_sar,0,2
0.53022957,1,rgb_sar,0,2
0.5485357,1,rgb_sar,0,2
0.5804497,1,rgb_sar,0,2
0.5841101,1,rgb_sar,0,2
0.5786418,1,rgb_sar,0,2
0.60129285,1,rgb_sar,0,2
0.56219715,1,rgb_sar,0,2
0.4656471,1,rgb_sar,0,2
0.4723284,1,rgb_sar,0,2
0.4735058,1,rgb_sar,0,2
0.489122,1,rgb_sar,0,2
0.5047756,1,rgb_sar,0,2
0.55706084,1,rgb_sar,0,2
0.56332546,1,rgb_sar,0,2
0.5661342,1,rgb_sar,0,2
0.47422037,1,rgb_sar,0,2
0.4615931,1,rgb_sar,0,2
0.44506568,1,rgb_sar,0,2
0.47093934,1,rgb_sar,0,2
0.4915669,1,rgb_sar,0,2
0.5212305,1,rgb_sar,0,2
0.53236246,1,rgb_sar,0,2
0.55500305,1,rgb_sar,0,2
0.56347644,1,rgb_sar,0,2
0.4603342,1,rgb_sar,0,2
0.4361115,1,rgb_sar,0,2
0.410783,1,rgb_sar,0,2
0.49835244,1,rgb_sar,0,2
0.57884896,1,rgb_sar,0,2
0.47524518,1,rgb_sar,0,2
0.43619895,1,rgb_sar,0,2
0.47518498,1,rgb_sar,0,2
0.5257768,1,rgb_sar,0,2
0.55271244,1,rgb_sar,0,2
0.44643652,1,rgb_sar,0,2
0.4227408,1,rgb_sar,0,2
0.4549948,1,rgb_sar,0,2
0.5041895,1,rgb_sar,0,2
0.51194364,1,rgb_sar,0,2
0.52338314,1,rgb_sar,0,2
0.56257594,1,rgb_sar,0,2
0.46825087,1,rgb_sar,0,2
0.43444973,1,rgb_sar,0,2
0.41474718,1,rgb_sar,0,2
0.47331944,1,rgb_sar,0,2
0.5033654,1,rgb_sar,0,2
0.55931616,1,rgb_sar,0,2
0.55987966,1,rgb_sar,0,2
0.45590264,1,rgb_sar,0,2
0.44198006,1,rgb_sar,0,2
0.42696503,1,rgb_sar,0,2
0.43414116,1,rgb_sar,0,2
0.4304293,1,rgb_sar,0,2
0.50979394,1,rgb_sar,0,2
0.5655774,1,rgb_sar,0,2
0.42862803,1,rgb_sar,0,2
0.40684646,1,rgb_sar,0,2
0.44786054,1,rgb_sar,0,2
0.44738775,1,rgb_sar,0,2
0.44648504,1,rgb_sar,0,2
0.47661436,1,rgb_sar,0,2
0.59628785,1,rgb_sar,0,2
0.26503968,4,rgb_sar,0,2
0.23503533,4,rgb_sar,0,2
0.32961658,4,rgb_sar,0,2
0.27286142,4,rgb_sar,0,2
0.32017323,4,rgb_sar,0,2
0.37392086,4,rgb_sar,0,2
0.3042383,4,rgb_sar,0,2
0.27819777,4,rgb_sar,0,2
0.4328884,4,rgb_sar,0,2
0.36795932,4,rgb_sar,0,2
0.40269482,4,rgb_sar,0,2
0.4735687,4,rgb_sar,0,2
0.36647236,4,rgb_sar,0,2
0.30407444,4,rgb_sar,0,2
0.44072488,4,rgb_sar,0,2
0.3791703,4,rgb_sar,0,2
0.3606485,4,rgb_sar,0,2
0.43371588,4,rgb_sar,0,2
0.32258758,4,rgb_sar,0,2
0.23298144,4,rgb_sar,0,2
0.40020815,4,rgb_sar,0,2
0.37042007,4,rgb_sar,0,2
0.33411002,4,rgb_sar,0,2
0.3718619,4,rgb_sar,0,2
0.3465158,4,rgb_sar,0,2
0.28648946,4,rgb_sar,0,2
0.20315284,4,rgb_sar,0,2
0.16799209,4,rgb_sar,0,2
0.1876744,4,rgb_sar,0,2
0.4272022,4,rgb_sar,0,2
0.40022576,4,rgb_sar,0,2
0.3553682,4,rgb_sar,0,2
0.3989293,4,rgb_sar,0,2
0.3570265,4,rgb_sar,0,2
0.28091443,4,rgb_sar,0,2
0.19508338,4,rgb_sar,0,2
0.18332028,4,rgb_sar,0,2
0.17391117,4,rgb_sar,0,2
0.47590357,4,rgb_sar,0,2
0.42090783,4,rgb_sar,0,2
0.26621628,4,rgb_sar,0,2
0.28124157,4,rgb_sar,0,2
0.32490337,4,rgb_sar,0,2
0.2843747,4,rgb_sar,0,2
0.23850144,4,rgb_sar,0,2
0.21579915,4,rgb_sar,0,2
0.23844351,4,rgb_sar,0,2
0.42107743,4,rgb_sar,0,2
0.39774877,4,rgb_sar,0,2
0.2900973,4,rgb_sar,0,2
0.29288453,4,rgb_sar,0,2
0.31300092,4,rgb_sar,0,2
0.32242697,4,rgb_sar,0,2
0.31087708,4,rgb_sar,0,2
0.26628143,4,rgb_sar,0,2
0.28342855,4,rgb_sar,0,2
0.36278924,4,rgb_sar,0,2
0.39630964,4,rgb_sar,0,2
0.3777988,4,rgb_sar,0,2
0.4024629,4,rgb_sar,0,2
0.3688251,4,rgb_sar,0,2
0.34549874,4,rgb_sar,0,2
0.32228166,4,rgb_sar,0,2
0.28914732,4,rgb_sar,0,2
0.25650325,4,rgb_sar,0,2
0.41411403,4,rgb_sar,0,2
0.417327,4,rgb_sar,0,2
0.38224345,4,rgb_sar,0,2
0.3951198,4,rgb_sar,0,2
0.37388933,4,rgb_sar,0,2
0.35349643,4,rgb_sar,0,2
0.3394363,4,rgb_sar,0,2
0.4150979,4,rgb_sar,0,2
0.4563662,4,rgb_sar,0,2
0.44041193,4,rgb_sar,0,2
0.42415583,4,rgb_sar,0,2
0.3482164,4,rgb_sar,0,2
0.34676835,4,rgb_sar,0,2
0.30549827,4,rgb_sar,0,2
0.28438312,4,rgb_sar,0,2
0.20136067,4,rgb_sar,0,2
0.3028857,4,rgb_sar,0,2
0.36588556,4,rgb_sar,0,2
0.352589,4,rgb_sar,0,2
0.2957825,4,rgb_sar,0,2
0.30593643,4,rgb_sar,0,2
0.29367834,4,rgb_sar,0,2
0.35662493,4,rgb_sar,0,2
0.34169185,4,rgb_sar,0,2
0.3712625,4,rgb_sar,0,2
0.3067996,4,rgb_sar,0,2
0.326182,4,rgb_sar,0,2
0.36838078,4,rgb_sar,0,2
0.41260773,4,rgb_sar,0,2
0.38726106,4,rgb_sar,0,2
0.3990511,4,rgb_sar,0,2
0.29026002,4,rgb_sar,0,2
0.30907056,4,rgb_sar,0,2
0.3901155,4,rgb_sar,0,2
0.42046693,4,rgb_sar,0,2
0.473818,4,rgb_sar,0,2
0.46832797,4,rgb_sar,0,2
0.38750166,4,rgb_sar,0,2
0.39607057,4,rgb_sar,0,2
0.30678526,4,rgb_sar,0,2
0.30257457,4,rgb_sar,0,2
0.2982719,4,rgb_sar,0,2
0.32863182,4,rgb_sar,0,2
0.37752572,4,rgb_sar,0,2
0.42372322,4,rgb_sar,0,2
0.44676656,4,rgb_sar,0,2
0.37030557,4,rgb_sar,0,2
0.3736279,4,rgb_sar,0,2
0.32459086,4,rgb_sar,0,2
0.31411916,4,rgb_sar,0,2
0.2825405,4,rgb_sar,0,2
0.2974894,4,rgb_sar,0,2
0.29451412,4,rgb_sar,0,2
0.28682345,4,rgb_sar,0,2
0.32735085,4,rgb_sar,0,2
0.39430803,4,rgb_sar,0,2
0.38962036,4,rgb_sar,0,2
0.32434016,4,rgb_sar,0,2
0.28761265,4,rgb_sar,0,2
0.26316833,4,rgb_sar,0,2
0.30617607,4,rgb_sar,0,2
0.3077727,4,rgb_sar,0,2
0.2833681,4,rgb_sar,0,2
0.3210055,4,rgb_sar,0,2
0.40828657,4,rgb_sar,0,2
0.42779383,4,rgb_sar,0,2
0.31964687,4,rgb_sar,0,2
0.35549444,4,rgb_sar,0,2
0.33051902,4,rgb_sar,0,2
0.3756225,4,rgb_sar,0,2
0.41301236,4,rgb_sar,0,2
0.32555494,4,rgb_sar,0,2
0.2829418,4,rgb_sar,0,2
0.34753767,4,rgb_sar,0,2
0.38116676,4,rgb_sar,0,2
0.3613775,4,rgb_sar,0,2
0.3712285,4,rgb_sar,0,2
0.33022675,4,rgb_sar,0,2
0.35581434,4,rgb_sar,0,2
0.35688353,4,rgb_sar,0,2
0.28572285,4,rgb_sar,0,2
0.30128032,4,rgb_sar,0,2
0.35072204,4,rgb_sar,0,2
0.34702325,4,rgb_sar,0,2
0.33204177,4,rgb_sar,0,2
0.34612018,4,rgb_sar,0,2
0.3301365,4,rgb_sar,0,2
0.36967805,1,rgb_sar,0,2
0.28114614,1,rgb_sar,0,2
0.21528469,1,rgb_sar,0,2
0.18303525,1,rgb_sar,0,2
0.16391236,1,rgb_sar,0,2
0.4468177,1,rgb_sar,0,2
0.40918005,1,rgb_sar,0,2
0.41486156,1,rgb_sar,0,2
0.38050085,1,rgb_sar,0,2
0.29314297,1,rgb_sar,0,2
0.2106135,1,rgb_sar,0,2
0.57707834,1,rgb_sar,0,2
0.5258293,1,rgb_sar,0,2
0.53861874,1,rgb_sar,0,2
0.506901,1,rgb_sar,0,2
0.44276804,1,rgb_sar,0,2
0.41344786,1,rgb_sar,0,2
0.23021582,1,rgb_sar,0,2
0.20194781,1,rgb_sar,0,2
0.21458906,1,rgb_sar,0,2
0.17904118,1,rgb_sar,0,2
0.14878489,1,rgb_sar,0,2
0.27458373,1,rgb_sar,0,2
0.27181065,1,rgb_sar,0,2
0.27331427,1,rgb_sar,0,2
0.27069035,1,rgb_sar,0,2
0.25636896,1,rgb_sar,0,2
0.18621199,1,rgb_sar,0,2
0.43317494,1,rgb_sar,0,2
0.40847063,1,rgb_sar,0,2
0.4107297,1,rgb_sar,0,2
0.3978762,1,rgb_sar,0,2
0.41276273,1,rgb_sar,0,2
0.34902167,1,rgb_sar,0,2
-0.012158964,3,rgb_sar,0,2
-0.04908099,3,rgb_sar,0,2
0.08650209,3,rgb_sar,0,2
0.17413622,3,rgb_sar,0,2
0.11423296,3,rgb_sar,0,2
0.016851623,3,rgb_sar,0,2
-0.05631481,3,rgb_sar,0,2
-0.006644096,3,rgb_sar,0,2
-0.12610579,3,rgb_sar,0,2
-0.07565951,3,rgb_sar,0,2
0.08695975,3,rgb_sar,0,2
0.13971311,3,rgb_sar,0,2
0.080262244,3,rgb_sar,0,2
0.040768974,3,rgb_sar,0,2
0.35686097,3,rgb_sar,0,2
0.23323911,3,rgb_sar,0,2
-0.082221374,3,rgb_sar,0,2
-0.072670534,3,rgb_sar,0,2
0.03170398,3,rgb_sar,0,2
0.10983375,3,rgb_sar,0,2
0.14904332,3,rgb_sar,0,2
0.20949064,3,rgb_sar,0,2
0.088033326,3,rgb_sar,0,2
0.20972373,3,rgb_sar,0,2
0.32656166,3,rgb_sar,0,2
0.11109704,3,rgb_sar,0,2
-0.0410327,3,rgb_sar,0,2
0.004718952,3,rgb_sar,0,2
0.023532141,3,rgb_sar,0,2
0.057428084,3,rgb_sar,0,2
0.09766771,3,rgb_sar,0,2
0.17490053,3,rgb_sar,0,2
0.10302171,3,rgb_sar,0,2
-0.06542213,3,rgb_sar,0,2
0.15383446,3,rgb_sar,0,2
0.17032245,3,rgb_sar,0,2
-0.055586472,3,rgb_sar,0,2
-0.06973544,3,rgb_sar,0,2
0.00843348,3,rgb_sar,0,2
0.07318479,3,rgb_sar,0,2
0.061074838,3,rgb_sar,0,2
-0.022743776,3,rgb_sar,0,2
-0.03045817,3,rgb_sar,0,2
0.01535569,3,rgb_sar,0,2
0.039107405,3,rgb_sar,0,2
-0.004611166,3,rgb_sar,0,2
-0.017388094,3,rgb_sar,0,2
-0.06357591,3,rgb_sar,0,2
-0.073730744,3,rgb_sar,0,2
0.00039873878,3,rgb_sar,0,2
0.14399321,3,rgb_sar,0,2
0.08299023,3,rgb_sar,0,2
-0.04184492,3,rgb_sar,0,2
0.061040528,3,rgb_sar,0,2
0.23610124,3,rgb_sar,0,2
0.25834256,3,rgb_sar,0,2
-0.036459208,3,rgb_sar,0,2
-0.045179382,3,rgb_sar,0,2
-0.12598732,3,rgb_sar,0,2
-0.06388809,3,rgb_sar,0,2
0.098063156,3,rgb_sar,0,2
0.25782982,3,rgb_sar,0,2
0.12628964,3,rgb_sar,0,2
0.008624718,3,rgb_sar,0,2
0.21025157,3,rgb_sar,0,2
0.31487793,3,rgb_sar,0,2
0.18313086,3,rgb_sar,0,2
-0.034787316,3,rgb_sar,0,2
-0.07877056,3,rgb_sar,0,2
-0.04462945,3,rgb_sar,0,2
0.09800955,3,rgb_sar,0,2
0.33322382,3,rgb_sar,0,2
0.40136915,3,rgb_sar,0,2
0.1376038,3,rgb_sar,0,2
-0.020713564,3,rgb_sar,0,2
0.08816448,3,rgb_sar,0,2
-0.059963886,3,rgb_sar,0,2
0.066384405,3,rgb_sar,0,2
0.14412296,3,rgb_sar,0,2
0.26092753,3,rgb_sar,0,2
0.38810202,3,rgb_sar,0,2
0.30892962,3,rgb_sar,0,2
0.05399575,3,rgb_sar,0,2
-0.09531527,3,rgb_sar,0,2
-0.0101985745,3,rgb_sar,0,2
0.3966534,3,rgb_sar,0,2
0.45452532,3,rgb_sar,0,2
0.43190837,3,rgb_sar,0,2
0.30485332,3,rgb_sar,0,2
0.4671957,3,rgb_sar,0,2
0.46751043,3,rgb_sar,0,2
0.43906087,3,rgb_sar,0,2
0.36646545,3,rgb_sar,0,2
0.19078906,3,rgb_sar,0,2
0.027654266,3,rgb_sar,0,2
0.16334061,3,rgb_sar,0,2
0.26068354,3,rgb_sar,0,2
0.14750154,3,rgb_sar,0,2
-0.014651515,3,rgb_sar,0,2
-0.05244027,3,rgb_sar,0,2
0.12478851,3,rgb_sar,0,2
-0.031934034,3,rgb_sar,0,2
0.014539178,3,rgb_sar,0,2
0.12278178,3,rgb_sar,0,2
0.16801682,3,rgb_sar,0,2
0.084896475,3,rgb_sar,0,2
0.008241289,3,rgb_sar,0,2
0.14688298,3,rgb_sar,0,2
-0.054092593,3,rgb_sar,0,2
-0.00162334,3,rgb_sar,0,2
0.05555346,3,rgb_sar,0,2
0.22998837,3,rgb_sar,0,2
0.18540943,3,rgb_sar,0,2
0.071047716,3,rgb_sar,0,2
0.002438698,3,rgb_sar,0,2
0.24014495,3,rgb_sar,0,2
0.0116637815,3,rgb_sar,0,2
-0.012392468,3,rgb_sar,0,2
0.040600475,3,rgb_sar,0,2
0.28710225,3,rgb_sar,0,2
0.17407283,3,rgb_sar,0,2
0.039153647,3,rgb_sar,0,2
0.037840173,3,rgb_sar,0,2
-0.04485967,3,rgb_sar,0,2
0.228345,3,rgb_sar,0,2
0.04333473,3,rgb_sar,0,2
-0.04751808,3,rgb_sar,0,2
0.065441206,3,rgb_sar,0,2
0.30719906,3,rgb_sar,0,2
0.17513691,3,rgb_sar,0,2
0.01517882,3,rgb_sar,0,2
0.104350984,3,rgb_sar,0,2
0.09124255,3,rgb_sar,0,2
0.14616738,3,rgb_sar,0,2
-0.004291162,3,rgb_sar,0,2
-0.025310755,3,rgb_sar,0,2
0.05682737,3,rgb_sar,0,2
0.35698217,3,rgb_sar,0,2
0.24648848,3,rgb_sar,0,2
0.121466264,3,rgb_sar,0,2
0.26897204,3,rgb_sar,0,2
0.31155294,3,rgb_sar,0,2
0.10392594,3,rgb_sar,0,2
0.005517207,3,rgb_sar,0,2
0.071978256,3,rgb_sar,0,2
0.24485284,3,rgb_sar,0,2
0.4035165,3,rgb_sar,0,2
0.24216077,3,rgb_sar,0,2
0.18938854,3,rgb_sar,0,2
0.2823288,3,rgb_sar,0,2
0.20275731,3,rgb_sar,0,2
0.21026734,3,rgb_sar,0,2
0.20463389,3,rgb_sar,0,2
0.36936817,3,rgb_sar,0,2
0.42826375,3,rgb_sar,0,2
0.2185106,3,rgb_sar,0,2
0.03162801,3,rgb_sar,0,2
0.06298755,3,rgb_sar,0,2
0.2662809,3,rgb_sar,0,2
0.35770145,3,rgb_sar,0,2
0.41746715,3,rgb_sar,0,2
0.28609818,3,rgb_sar,0,2
-0.007978513,3,rgb_sar,0,2
-0.116616435,3,rgb_sar,0,2
-0.08218503,3,rgb_sar,0,2
0.5502869,3,rgb_sar,0,2
0.5259633,3,rgb_sar,0,2
0.44257513,3,rgb_sar,0,2
0.28337514,3,rgb_sar,0,2
0.6639505,3,rgb_sar,0,2
0.6005688,3,rgb_sar,0,2
0.45893326,3,rgb_sar,0,2
0.33283764,3,rgb_sar,0,2
0.68431175,1,rgb_sar,0,2
0.68372715,1,rgb_sar,0,2
0.5371573,1,rgb_sar,0,2
0.63836396,1,rgb_sar,0,2
0.5037631,1,rgb_sar,0,2
0.6288079,1,rgb_sar,0,2
0.5137418,1,rgb_sar,0,2
0.52248985,1,rgb_sar,0,2
0.6359291,1,rgb_sar,0,2
0.51462966,1,rgb_sar,0,2
0.51716644,1,rgb_sar,0,2
0.53271484,1,rgb_sar,0,2
0.63620865,1,rgb_sar,0,2
0.51012194,1,rgb_sar,0,2
0.5299833,1,rgb_sar,0,2
0.5480928,1,rgb_sar,0,2
0.652421,1,rgb_sar,0,2
0.5416299,1,rgb_sar,0,2
0.53122073,1,rgb_sar,0,2
0.5567126,1,rgb_sar,0,2
0.67516243,1,rgb_sar,0,2
0.5718526,1,rgb_sar,0,2
0.55494,1,rgb_sar,0,2
0.57933867,1,rgb_sar,0,2
0.5883496,1,rgb_sar,0,2
0.6637645,1,rgb_sar,0,2
0.5957713,1,rgb_sar,0,2
0.53741634,1,rgb_sar,0,2
0.5565678,1,rgb_sar,0,2
0.5707134,1,rgb_sar,0,2
0.65258086,1,rgb_sar,0,2
0.6431596,1,rgb_sar,0,2
0.6633657,1,rgb_sar,0,2
0.547786,1,rgb_sar,0,2
0.53396535,1,rgb_sar,0,2
0.5253233,1,rgb_sar,0,2
0.5420938,1,rgb_sar,0,2
0.52998734,1,rgb_sar,0,2
0.52826965,1,rgb_sar,0,2
0.5030783,1,rgb_sar,0,2
0.5077435,1,rgb_sar,0,2
0.54635835,1,rgb_sar,0,2
0.560405,1,rgb_sar,0,2
0.5450703,1,rgb_sar,0,2
0.5328821,1,rgb_sar,0,2
0.53925276,1,rgb_sar,0,2
0.54125,1,rgb_sar,0,2
0.51617384,1,rgb_sar,0,2
0.5640347,1,rgb_sar,0,2
0.56895554,1,rgb_sar,0,2
0.54571974,1,rgb_sar,0,2
0.5280622,1,rgb_sar,0,2
0.5382106,1,rgb_sar,0,2
0.55311596,1,rgb_sar,0,2
0.5713339,1,rgb_sar,0,2
0.5381452,1,rgb_sar,0,2
0.5556155,1,rgb_sar,0,2
0.54778147,1,rgb_sar,0,2
0.54262424,1,rgb_sar,0,2
0.56128454,1,rgb_sar,0,2
0.56876194,1,rgb_sar,0,2
0.59091127,1,rgb_sar,0,2
0.5837905,1,rgb_sar,0,2
0.58302605,1,rgb_sar,0,2
0.5695411,1,rgb_sar,0,2
0.533844,1,rgb_sar,0,2
0.5375698,1,rgb_sar,0,2
0.5435439,1,rgb_sar,0,2
0.5745143,1,rgb_sar,0,2
0.57976437,1,rgb_sar,0,2
0.5730724,1,rgb_sar,0,2
0.56326467,1,rgb_sar,0,2
0.60568357,1,rgb_sar,0,2
0.5918492,1,rgb_sar,0,2
0.58859503,1,rgb_sar,0,2
0.5671505,1,rgb_sar,0,2
0.528547,1,rgb_sar,0,2
0.571813,1,rgb_sar,0,2
0.5839492,1,rgb_sar,0,2
0.59747314,1,rgb_sar,0,2
0.58507633,1,rgb_sar,0,2
0.56023574,1,rgb_sar,0,2
0.5451211,1,rgb_sar,0,2
0.5779076,1,rgb_sar,0,2
0.5763672,1,rgb_sar,0,2
0.57802504,1,rgb_sar,0,2
0.514163,1,rgb_sar,0,2
0.49851507,1,rgb_sar,0,2
0.54444695,1,rgb_sar,0,2
0.5738549,1,rgb_sar,0,2
0.6067066,1,rgb_sar,0,2
0.56980836,1,rgb_sar,0,2
0.55796933,1,rgb_sar,0,2
0.542329,1,rgb_sar,0,2
0.5514593,1,rgb_sar,0,2
0.59879285,1,rgb_sar,0,2
0.61674047,1,rgb_sar,0,2
0.61985964,1,rgb_sar,0,2
0.58828664,1,rgb_sar,0,2
0.5464262,1,rgb_sar,0,2
0.56014335,1,rgb_sar,0,2
0.5720272,1,rgb_sar,0,2
0.542507,1,rgb_sar,0,2
0.5669111,1,rgb_sar,0,2
0.5547735,1,rgb_sar,0,2
0.5883805,1,rgb_sar,0,2
0.57963175,1,rgb_sar,0,2
0.60187054,1,rgb_sar,0,2
0.62212515,1,rgb_sar,0,2
0.5710705,1,rgb_sar,0,2
0.5173961,1,rgb_sar,0,2
0.5344692,1,rgb_sar,0,2
0.5454061,1,rgb_sar,0,2
0.532102,1,rgb_sar,0,2
0.57630765,1,rgb_sar,0,2
0.54244643,1,rgb_sar,0,2
0.57744795,1,rgb_sar,0,2
0.61836135,1,rgb_sar,0,2
0.5694468,1,rgb_sar,0,2
0.5392478,1,rgb_sar,0,2
0.56880796,1,rgb_sar,0,2
0.62777126,1,rgb_sar,0,2
0.65078,1,rgb_sar,0,2
0.5919831,1,rgb_sar,0,2
0.5301957,1,rgb_sar,0,2
0.620861,1,rgb_sar,0,2
0.536711,1,rgb_sar,0,2
0.4948445,1,rgb_sar,0,2
0.48693126,1,rgb_sar,0,2
0.60071695,1,rgb_sar,0,2
0.5123259,1,rgb_sar,0,2
0.50428027,1,rgb_sar,0,2
0.5334799,1,rgb_sar,0,2
0.53116953,1,rgb_sar,0,2
0.6136348,1,rgb_sar,0,2
0.5132612,1,rgb_sar,0,2
0.49978548,1,rgb_sar,0,2
0.5214189,1,rgb_sar,0,2
0.52067834,1,rgb_sar,0,2
0.6473025,1,rgb_sar,0,2
0.52308637,1,rgb_sar,0,2
0.50292414,1,rgb_sar,0,2
0.52450234,1,rgb_sar,0,2
0.5243575,1,rgb_sar,0,2
0.53526056,1,rgb_sar,0,2
0.65588766,1,rgb_sar,0,2
0.5392874,1,rgb_sar,0,2
0.52355576,1,rgb_sar,0,2
0.54454505,1,rgb_sar,0,2
0.5170677,1,rgb_sar,0,2
0.51760036,1,rgb_sar,0,2
0.52794427,1,rgb_sar,0,2
0.63831174,1,rgb_sar,0,2
0.5397955,1,rgb_sar,0,2
0.4917287,1,rgb_sar,0,2
0.5228491,1,rgb_sar,0,2
0.5259646,1,rgb_sar,0,2
0.5205039,1,rgb_sar,0,2
0.54821837,1,rgb_sar,0,2
0.6225526,1,rgb_sar,0,2
0.56428367,1,rgb_sar,0,2
0.51924276,1,rgb_sar,0,2
0.5147667,1,rgb_sar,0,2
0.522715,1,rgb_sar,0,2
0.5370816,1,rgb_sar,0,2
0.60913205,1,rgb_sar,0,2
0.5392575,1,rgb_sar,0,2
0.55302274,1,rgb_sar,0,2
0.5307808,1,rgb_sar,0,2
0.56931144,1,rgb_sar,0,2
0.5788087,1,rgb_sar,0,2
0.61731356,1,rgb_sar,0,2
0.5428741,1,rgb_sar,0,2
0.52329206,1,rgb_sar,0,2
0.5348812,1,rgb_sar,0,2
0.5909796,1,rgb_sar,0,2
0.6035939,1,rgb_sar,0,2
0.52884805,1,rgb_sar,0,2
0.5026122,1,rgb_sar,0,2
0.52858865,1,rgb_sar,0,2
0.6114314,1,rgb_sar,0,2
0.5137664,1,rgb_sar,0,2
0.47450334,1,rgb_sar,0,2
0.49375585,1,rgb_sar,0,2
0.37429076,1,rgb_sar,0,2
0.2672553,1,rgb_sar,0,2
0.21142241,1,rgb_sar,0,2
0.1571356,1,rgb_sar,0,2
0.1654301,1,rgb_sar,0,2
0.44091797,1,rgb_sar,0,2
0.39079487,1,rgb_sar,0,2
0.39009327,1,rgb_sar,0,2
0.36101454,1,rgb_sar,0,2
0.22263177,1,rgb_sar,0,2
0.09072692,1,rgb_sar,0,2
0.48017007,1,rgb_sar,0,2
0.44575387,1,rgb_sar,0,2
0.45544153,1,rgb_sar,0,2
0.3883959,1,rgb_sar,0,2
0.306619,1,rgb_sar,0,2
0.19071287,1,rgb_sar,0,2
0.4963504,1,rgb_sar,0,2
0.47347486,1,rgb_sar,0,2
0.4550345,1,rgb_sar,0,2
0.43102315,1,rgb_sar,0,2
0.4131755,1,rgb_sar,0,2
0.3653167,1,rgb_sar,0,2
0.26079053,1,rgb_sar,0,2
0.2079089,1,rgb_sar,0,2
0.24395184,1,rgb_sar,0,2
0.5192921,1,rgb_sar,0,2
0.5232003,1,rgb_sar,0,2
0.46365023,1,rgb_sar,0,2
0.44863904,1,rgb_sar,0,2
0.46396765,1,rgb_sar,0,2
0.41730332,1,rgb_sar,0,2
0.39036843,1,rgb_sar,0,2
0.34907144,1,rgb_sar,0,2
0.32275897,1,rgb_sar,0,2
0.50780725,1,rgb_sar,0,2
0.49281007,1,rgb_sar,0,2
0.4574577,1,rgb_sar,0,2
0.4878881,1,rgb_sar,0,2
0.46788567,1,rgb_sar,0,2
0.43138415,1,rgb_sar,0,2
0.44274008,1,rgb_sar,0,2
0.4167221,1,rgb_sar,0,2
0.35841143,1,rgb_sar,0,2
0.2929057,1,rgb_sar,0,2
0.21831934,1,rgb_sar,0,2
0.13966042,1,rgb_sar,0,2
0.112566896,1,rgb_sar,0,2
0.4905521,1,rgb_sar,0,2
0.477624,1,rgb_sar,0,2
0.4982166,1,rgb_sar,0,2
0.51641303,1,rgb_sar,0,2
0.47331804,1,rgb_sar,0,2
0.45521918,1,rgb_sar,0,2
0.4995128,1,rgb_sar,0,2
0.4704662,1,rgb_sar,0,2
0.40939572,1,rgb_sar,0,2
0.2347792,1,rgb_sar,0,2
0.14946225,1,rgb_sar,0,2
0.48911732,1,rgb_sar,0,2
0.5091778,1,rgb_sar,0,2
0.52371424,1,rgb_sar,0,2
0.29956332,1,rgb_sar,0,2
0.2272796,1,rgb_sar,0,2
0.50167036,1,rgb_sar,0,2
0.5141106,1,rgb_sar,0,2
0.5295727,1,rgb_sar,0,2
0.4206277,1,rgb_sar,0,2
0.3364526,1,rgb_sar,0,2
0.26459676,1,rgb_sar,0,2
0.20651138,1,rgb_sar,0,2
0.23032546,1,rgb_sar,0,2
0.14517432,1,rgb_sar,0,2
0.10384248,1,rgb_sar,0,2
0.4767185,1,rgb_sar,0,2
0.3460112,1,rgb_sar,0,2
0.31568968,1,rgb_sar,0,2
0.31825292,1,rgb_sar,0,2
0.21815418,1,rgb_sar,0,2
0.15942465,1,rgb_sar,0,2
0.48607314,1,rgb_sar,0,2
0.45258677,1,rgb_sar,0,2
0.4733377,1,rgb_sar,0,2
0.4237797,1,rgb_sar,0,2
0.37441707,1,rgb_sar,0,2
0.2681765,1,rgb_sar,0,2
0.44180483,1,rgb_sar,0,2
0.45030853,1,rgb_sar,0,2
0.4457593,1,rgb_sar,0,2
0.4111136,1,rgb_sar,0,2
0.39286947,1,rgb_sar,0,2
0.30910277,1,rgb_sar,0,2
0.21318829,1,rgb_sar,0,2
0.17348856,1,rgb_sar,0,2
0.15786171,1,rgb_sar,0,2
0.45721382,1,rgb_sar,0,2
0.45377982,1,rgb_sar,0,2
0.4628146,1,rgb_sar,0,2
0.44981474,1,rgb_sar,0,2
0.47247717,1,rgb_sar,0,2
0.38589352,1,rgb_sar,0,2
0.3064411,1,rgb_sar,0,2
0.2740956,1,rgb_sar,0,2
0.23231515,1,rgb_sar,0,2
0.47002926,1,rgb_sar,0,2
0.4840133,1,rgb_sar,0,2
0.51634705,1,rgb_sar,0,2
0.525468,1,rgb_sar,0,2
0.507475,1,rgb_sar,0,2
0.41325548,1,rgb_sar,0,2
0.3634559,1,rgb_sar,0,2
0.39716858,1,rgb_sar,0,2
0.39910406,1,rgb_sar,0,2
0.32931605,1,rgb_sar,0,2
0.2809707,1,rgb_sar,0,2
0.10420032,1,rgb_sar,0,2
0.13957497,1,rgb_sar,0,2
0.51477075,1,rgb_sar,0,2
0.48174468,1,rgb_sar,0,2
0.5173137,1,rgb_sar,0,2
0.5402606,1,rgb_sar,0,2
0.52670014,1,rgb_sar,0,2
0.46639904,1,rgb_sar,0,2
0.4261708,1,rgb_sar,0,2
0.47429106,1,rgb_sar,0,2
0.4551037,1,rgb_sar,0,2
0.179539,1,rgb_sar,0,2
0.19191983,1,rgb_sar,0,2
0.4973754,1,rgb_sar,0,2
0.47775966,1,rgb_sar,0,2
0.4449364,1,rgb_sar,0,2
0.36954767,1,rgb_sar,0,2
0.34781104,1,rgb_sar,0,2
0.5010872,1,rgb_sar,0,2
0.49413878,1,rgb_sar,0,2
0.49236503,1,rgb_sar,0,2
0.37599015,1,rgb_sar,0,2
0.31050587,1,rgb_sar,0,2
0.11305781,3,rgb_sar,0,2
0.010420728,3,rgb_sar,0,2
0.06771395,3,rgb_sar,0,2
0.19034004,3,rgb_sar,0,2
0.113916114,3,rgb_sar,0,2
-0.011415657,3,rgb_sar,0,2
0.02526781,3,rgb_sar,0,2
0.043840338,3,rgb_sar,0,2
-0.008266263,3,rgb_sar,0,2
-0.08020751,3,rgb_sar,0,2
0.042590506,3,rgb_sar,0,2
0.15148422,3,rgb_sar,0,2
0.019330975,3,rgb_sar,0,2
-0.04211737,3,rgb_sar,0,2
0.22612604,3,rgb_sar,0,2
0.19381373,3,rgb_sar,0,2
-0.01963984,3,rgb_sar,0,2
-0.10803198,3,rgb_sar,0,2
0.0015035695,3,rgb_sar,0,2
0.18776143,3,rgb_sar,0,2
0.16921994,3,rgb_sar,0,2
0.09748249,3,rgb_sar,0,2
-0.044531047,3,rgb_sar,0,2
0.1286613,3,rgb_sar,0,2
0.22914717,3,rgb_sar,0,2
0.07539567,3,rgb_sar,0,2
-0.10965364,3,rgb_sar,0,2
-0.048235305,3,rgb_sar,0,2
0.08258491,3,rgb_sar,0,2
0.16019215,3,rgb_sar,0,2
0.0844409,3,rgb_sar,0,2
0.054819476,3,rgb_sar,0,2
-0.018205158,3,rgb_sar,0,2
-0.11439256,3,rgb_sar,0,2
0.13398238,3,rgb_sar,0,2
0.112155676,3,rgb_sar,0,2
-0.06244704,3,rgb_sar,0,2
-0.1453238,3,rgb_sar,0,2
-0.04173441,3,rgb_sar,0,2
0.14829835,3,rgb_sar,0,2
0.16165802,3,rgb_sar,0,2
-0.019788127,3,rgb_sar,0,2
-0.046490513,3,rgb_sar,0,2
0.028176876,3,rgb_sar,0,2
0.0027659712,3,rgb_sar,0,2
-0.07238538,3,rgb_sar,0,2
-0.096351996,3,rgb_sar,0,2
-0.10032489,3,rgb_sar,0,2
-0.13053787,3,rgb_sar,0,2
-0.0140749235,3,rgb_sar,0,2
0.16937542,3,rgb_sar,0,2
0.26519328,3,rgb_sar,0,2
0.09622936,3,rgb_sar,0,2
0.06865209,3,rgb_sar,0,2
0.27097112,3,rgb_sar,0,2
0.36198017,3,rgb_sar,0,2
-0.10045888,3,rgb_sar,0,2
-0.11152425,3,rgb_sar,0,2
-0.08958233,3,rgb_sar,0,2
-0.03139488,3,rgb_sar,0,2
0.13215339,3,rgb_sar,0,2
0.31283358,3,rgb_sar,0,2
0.325803,3,rgb_sar,0,2
0.17718431,3,rgb_sar,0,2
0.19976911,3,rgb_sar,0,2
0.33177382,3,rgb_sar,0,2
0.2800961,3,rgb_sar,0,2
-0.07412187,3,rgb_sar,0,2
-0.06415958,3,rgb_sar,0,2
0.066737056,3,rgb_sar,0,2
0.23604734,3,rgb_sar,0,2
0.41642037,3,rgb_sar,0,2
0.45530158,3,rgb_sar,0,2
0.22423175,3,rgb_sar,0,2
0.04784706,3,rgb_sar,0,2
0.09314659,3,rgb_sar,0,2
-0.07027015,3,rgb_sar,0,2
0.054849267,3,rgb_sar,0,2
0.24520607,3,rgb_sar,0,2
0.33968073,3,rgb_sar,0,2
0.39894897,3,rgb_sar,0,2
0.31846553,3,rgb_sar,0,2
0.049810383,3,rgb_sar,0,2
-0.039683364,3,rgb_sar,0,2
-0.069537,3,rgb_sar,0,2
0.35500383,3,rgb_sar,0,2
0.4294756,3,rgb_sar,0,2
0.3542296,3,rgb_sar,0,2
0.1645292,3,rgb_sar,0,2
0.25652504,3,rgb_sar,0,2
0.33295918,3,rgb_sar,0,2
0.28822592,3,rgb_sar,0,2
0.08300851,3,rgb_sar,0,2
0.14948958,3,rgb_sar,0,2
-0.07720509,3,rgb_sar,0,2
0.10011357,3,rgb_sar,0,2
0.22710466,3,rgb_sar,0,2
0.12982506,3,rgb_sar,0,2
0.027694039,3,rgb_sar,0,2
0.030920168,3,rgb_sar,0,2
0.23915675,3,rgb_sar,0,2
-0.0074696904,3,rgb_sar,0,2
-0.0017551295,3,rgb_sar,0,2
0.13633862,3,rgb_sar,0,2
0.19682284,3,rgb_sar,0,2
0.073670655,3,rgb_sar,0,2
0.053150356,3,rgb_sar,0,2
0.29644138,3,rgb_sar,0,2
-0.006337016,3,rgb_sar,0,2
-0.036224075,3,rgb_sar,0,2
0.0802685,3,rgb_sar,0,2
0.17652085,3,rgb_sar,0,2
0.16845858,3,rgb_sar,0,2
0.10788882,3,rgb_sar,0,2
0.025045004,3,rgb_sar,0,2
0.2384477,3,rgb_sar,0,2
-0.022399966,3,rgb_sar,0,2
-0.030935004,3,rgb_sar,0,2
0.08006153,3,rgb_sar,0,2
0.12877011,3,rgb_sar,0,2
0.13163419,3,rgb_sar,0,2
0.08083166,3,rgb_sar,0,2
-0.006532727,3,rgb_sar,0,2
0.018009994,3,rgb_sar,0,2
0.17311785,3,rgb_sar,0,2
-0.0047788415,3,rgb_sar,0,2
-0.04377156,3,rgb_sar,0,2
0.08892852,3,rgb_sar,0,2
0.09897704,3,rgb_sar,0,2
0.06356071,3,rgb_sar,0,2
0.045389123,3,rgb_sar,0,2
0.078998886,3,rgb_sar,0,2
0.18878233,3,rgb_sar,0,2
0.10536003,3,rgb_sar,0,2
-0.07547243,3,rgb_sar,0,2
0.040843204,3,rgb_sar,0,2
0.17877689,3,rgb_sar,0,2
0.17419463,3,rgb_sar,0,2
0.124436945,3,rgb_sar,0,2
0.14460434,3,rgb_sar,0,2
0.31806636,3,rgb_sar,0,2
0.41723526,3,rgb_sar,0,2
0.093981616,3,rgb_sar,0,2
-0.0051524285,3,rgb_sar,0,2
0.14248244,3,rgb_sar,0,2
0.2338721,3,rgb_sar,0,2
0.17429335,3,rgb_sar,0,2
0.12321736,3,rgb_sar,0,2
0.17937855,3,rgb_sar,0,2
0.3100727,3,rgb_sar,0,2
0.28657073,3,rgb_sar,0,2
0.105831616,3,rgb_sar,0,2
0.11428688,3,rgb_sar,0,2
0.3439278,3,rgb_sar,0,2
0.39847857,3,rgb_sar,0,2
0.19735175,3,rgb_sar,0,2
0.06390667,3,rgb_sar,0,2
0.028225675,3,rgb_sar,0,2
0.1725465,3,rgb_sar,0,2
0.24619347,3,rgb_sar,0,2
0.3891501,3,rgb_sar,0,2
0.36489832,3,rgb_sar,0,2
0.10510716,3,rgb_sar,0,2
0.018402282,3,rgb_sar,0,2
0.011276359,3,rgb_sar,0,2
0.42334002,3,rgb_sar,0,2
0.42002988,3,rgb_sar,0,2
0.43376958,3,rgb_sar,0,2
0.27831504,3,rgb_sar,0,2
0.4307043,3,rgb_sar,0,2
0.34756893,3,rgb_sar,0,2
0.32914454,3,rgb_sar,0,2
0.087315485,3,rgb_sar,0,2
0.67225957,1,rgb_sar,0,2
0.6598301,1,rgb_sar,0,2
0.5533834,1,rgb_sar,0,2
0.6314393,1,rgb_sar,0,2
0.56241465,1,rgb_sar,0,2
0.6215322,1,rgb_sar,0,2
0.57355005,1,rgb_sar,0,2
0.50793785,1,rgb_sar,0,2
0.5943996,1,rgb_sar,0,2
0.57977027,1,rgb_sar,0,2
0.5359938,1,rgb_sar,0,2
0.48894885,1,rgb_sar,0,2
0.60329306,1,rgb_sar,0,2
0.5571325,1,rgb_sar,0,2
0.54551595,1,rgb_sar,0,2
0.56215805,1,rgb_sar,0,2
0.6522019,1,rgb_sar,0,2
0.59268415,1,rgb_sar,0,2
0.597177,1,rgb_sar,0,2
0.5930113,1,rgb_sar,0,2
0.6348374,1,rgb_sar,0,2
0.5566408,1,rgb_sar,0,2
0.60524386,1,rgb_sar,0,2
0.61878216,1,rgb_sar,0,2
0.5876664,1,rgb_sar,0,2
0.60797083,1,rgb_sar,0,2
0.5683385,1,rgb_sar,0,2
0.58054173,1,rgb_sar,0,2
0.57359314,1,rgb_sar,0,2
0.5443588,1,rgb_sar,0,2
0.6147402,1,rgb_sar,0,2
0.63739365,1,rgb_sar,0,2
0.6316271,1,rgb_sar,0,2
0.5735458,1,rgb_sar,0,2
0.5762207,1,rgb_sar,0,2
0.5708914,1,rgb_sar,0,2
0.57119036,1,rgb_sar,0,2
0.52972364,1,rgb_sar,0,2
0.52349657,1,rgb_sar,0,2
0.54292434,1,rgb_sar,0,2
0.55804396,1,rgb_sar,0,2
0.53325754,1,rgb_sar,0,2
0.5446178,1,rgb_sar,0,2
0.5768945,1,rgb_sar,0,2
0.5665623,1,rgb_sar,0,2
0.5572023,1,rgb_sar,0,2
0.5578973,1,rgb_sar,0,2
0.56730354,1,rgb_sar,0,2
0.53045565,1,rgb_sar,0,2
0.51510376,1,rgb_sar,0,2
0.56565595,1,rgb_sar,0,2
0.5813296,1,rgb_sar,0,2
0.5742258,1,rgb_sar,0,2
0.596641,1,rgb_sar,0,2
0.5311962,1,rgb_sar,0,2
0.54972184,1,rgb_sar,0,2
0.5458098,1,rgb_sar,0,2
0.5440192,1,rgb_sar,0,2
0.58814245,1,rgb_sar,0,2
0.61240107,1,rgb_sar,0,2
0.6246084,1,rgb_sar,0,2
0.6173661,1,rgb_sar,0,2
0.5906488,1,rgb_sar,0,2
0.5844647,1,rgb_sar,0,2
0.5656531,1,rgb_sar,0,2
0.55226177,1,rgb_sar,0,2
0.5387183,1,rgb_sar,0,2
0.52860785,1,rgb_sar,0,2
0.5579872,1,rgb_sar,0,2
0.60303867,1,rgb_sar,0,2
0.64034826,1,rgb_sar,0,2
0.66447,1,rgb_sar,0,2
0.64117,1,rgb_sar,0,2
0.62113225,1,rgb_sar,0,2
0.6117803,1,rgb_sar,0,2
0.567061,1,rgb_sar,0,2
0.56455487,1,rgb_sar,0,2
0.5383414,1,rgb_sar,0,2
0.53882146,1,rgb_sar,0,2
0.55289185,1,rgb_sar,0,2
0.59800076,1,rgb_sar,0,2
0.5644332,1,rgb_sar,0,2
0.56222373,1,rgb_sar,0,2
0.5886913,1,rgb_sar,0,2
0.64143527,1,rgb_sar,0,2
0.60670406,1,rgb_sar,0,2
0.5573562,1,rgb_sar,0,2
0.56486547,1,rgb_sar,0,2
0.54021513,1,rgb_sar,0,2
0.5307925,1,rgb_sar,0,2
0.53347754,1,rgb_sar,0,2
0.5735061,1,rgb_sar,0,2
0.5240768,1,rgb_sar,0,2
0.52067184,1,rgb_sar,0,2
0.5778394,1,rgb_sar,0,2
0.5860669,1,rgb_sar,0,2
0.5688312,1,rgb_sar,0,2
0.5594526,1,rgb_sar,0,2
0.5615519,1,rgb_sar,0,2
0.5516616,1,rgb_sar,0,2
0.54212415,1,rgb_sar,0,2
0.5556535,1,rgb_sar,0,2
0.5852562,1,rgb_sar,0,2
0.5430162,1,rgb_sar,0,2
0.5288253,1,rgb_sar,0,2
0.58431756,1,rgb_sar,0,2
0.5372923,1,rgb_sar,0,2
0.5549648,1,rgb_sar,0,2
0.5592164,1,rgb_sar,0,2
0.5618893,1,rgb_sar,0,2
0.55287397,1,rgb_sar,0,2
0.5436714,1,rgb_sar,0,2
0.5506228,1,rgb_sar,0,2
0.5507331,1,rgb_sar,0,2
0.5354749,1,rgb_sar,0,2
0.6265137,1,rgb_sar,0,2
0.62209225,1,rgb_sar,0,2
0.62027365,1,rgb_sar,0,2
0.56040967,1,rgb_sar,0,2
0.5298706,1,rgb_sar,0,2
0.61119294,1,rgb_sar,0,2
0.5828139,1,rgb_sar,0,2
0.57331127,1,rgb_sar,0,2
0.5776353,1,rgb_sar,0,2
0.58380616,1,rgb_sar,0,2
0.6435114,1,rgb_sar,0,2
0.5484456,1,rgb_sar,0,2
0.5137436,1,rgb_sar,0,2
0.5521774,1,rgb_sar,0,2
0.6226749,1,rgb_sar,0,2
0.53161085,1,rgb_sar,0,2
0.50859416,1,rgb_sar,0,2
0.5618626,1,rgb_sar,0,2
0.56991494,1,rgb_sar,0,2
0.6244399,1,rgb_sar,0,2
0.552389,1,rgb_sar,0,2
0.5123802,1,rgb_sar,0,2
0.52069044,1,rgb_sar,0,2
0.5340606,1,rgb_sar,0,2
0.63223696,1,rgb_sar,0,2
0.5504395,1,rgb_sar,0,2
0.54622006,1,rgb_sar,0,2
0.5546071,1,rgb_sar,0,2
0.5387393,1,rgb_sar,0,2
0.5033977,1,rgb_sar,0,2
0.64245546,1,rgb_sar,0,2
0.5305948,1,rgb_sar,0,2
0.5452057,1,rgb_sar,0,2
0.58399796,1,rgb_sar,0,2
0.55319244,1,rgb_sar,0,2
0.54720426,1,rgb_sar,0,2
0.5683007,1,rgb_sar,0,2
0.66131556,1,rgb_sar,0,2
0.5787694,1,rgb_sar,0,2
0.5480505,1,rgb_sar,0,2
0.5737232,1,rgb_sar,0,2
0.5777718,1,rgb_sar,0,2
0.53505766,1,rgb_sar,0,2
0.55477107,1,rgb_sar,0,2
0.66659534,1,rgb_sar,0,2
0.61741245,1,rgb_sar,0,2
0.5457802,1,rgb_sar,0,2
0.56533146,1,rgb_sar,0,2
0.58844185,1,rgb_sar,0,2
0.5348381,1,rgb_sar,0,2
0.6296663,1,rgb_sar,0,2
0.55613923,1,rgb_sar,0,2
0.53127146,1,rgb_sar,0,2
0.54306245,1,rgb_sar,0,2
0.544469,1,rgb_sar,0,2
0.51701814,1,rgb_sar,0,2
0.62599266,1,rgb_sar,0,2
0.5563568,1,rgb_sar,0,2
0.5169716,1,rgb_sar,0,2
0.5261694,1,rgb_sar,0,2
0.5495291,1,rgb_sar,0,2
0.61922944,1,rgb_sar,0,2
0.5479326,1,rgb_sar,0,2
0.5184129,1,rgb_sar,0,2
0.5224254,1,rgb_sar,0,2
0.62403584,1,rgb_sar,0,2
0.5409782,1,rgb_sar,0,2
0.49511105,1,rgb_sar,0,2
0.48114455,1,rgb_sar,0,2
0.59790987,1,rgb_sar,0,2
0.5925882,1,rgb_sar,0,2
0.58096385,1,rgb_sar,0,2
0.56570446,1,rgb_sar,0,2
0.55194783,1,rgb_sar,0,2
0.5439919,1,rgb_sar,0,2
0.49364856,1,rgb_sar,0,2
0.42023608,1,rgb_sar,0,2
0.39651066,1,rgb_sar,0,2
0.48479614,1,rgb_sar,0,2
0.4673924,1,rgb_sar,0,2
0.43301317,1,rgb_sar,0,2
0.40651286,1,rgb_sar,0,2
0.43735605,1,rgb_sar,0,2
0.471949,1,rgb_sar,0,2
0.4363912,1,rgb_sar,0,2
0.42628795,1,rgb_sar,0,2
0.36709005,1,rgb_sar,0,2
0.45411217,1,rgb_sar,0,2
0.44675553,1,rgb_sar,0,2
0.42706996,1,rgb_sar,0,2
0.42583305,1,rgb_sar,0,2
0.47675514,1,rgb_sar,0,2
0.47594732,1,rgb_sar,0,2
0.44356534,1,rgb_sar,0,2
0.40128437,1,rgb_sar,0,2
0.3517407,1,rgb_sar,0,2
0.2739875,1,rgb_sar,0,2
0.14314528,1,rgb_sar,0,2
0.028503818,1,rgb_sar,0,2
0.045399316,1,rgb_sar,0,2
0.47742826,1,rgb_sar,0,2
0.48534858,1,rgb_sar,0,2
0.5116337,1,rgb_sar,0,2
0.49340135,1,rgb_sar,0,2
0.5216556,1,rgb_sar,0,2
0.49765453,1,rgb_sar,0,2
0.46583048,1,rgb_sar,0,2
0.41920793,1,rgb_sar,0,2
0.373754,1,rgb_sar,0,2
0.100011654,1,rgb_sar,0,2
0.041303366,1,rgb_sar,0,2
0.5132628,1,rgb_sar,0,2
0.53344685,1,rgb_sar,0,2
0.5775702,1,rgb_sar,0,2
0.295689,1,rgb_sar,0,2
0.26601312,1,rgb_sar,0,2
0.51836884,1,rgb_sar,0,2
0.51152617,1,rgb_sar,0,2
0.54292357,1,rgb_sar,0,2
0.3580721,1,rgb_sar,0,2
0.3068846,1,rgb_sar,0,2
0.5382433,1,rgb_sar,0,2
0.56275403,1,rgb_sar,0,2
0.5958957,1,rgb_sar,0,2
0.5935532,1,rgb_sar,0,2
0.57114923,1,rgb_sar,0,2
0.5242734,1,rgb_sar,0,2
0.4836569,1,rgb_sar,0,2
0.40981126,1,rgb_sar,0,2
0.35674927,1,rgb_sar,0,2
0.43975788,1,rgb_sar,0,2
0.47164044,1,rgb_sar,0,2
0.51016307,1,rgb_sar,0,2
0.47809047,1,rgb_sar,0,2
0.4453336,1,rgb_sar,0,2
0.40419734,1,rgb_sar,0,2
0.34798968,1,rgb_sar,0,2
0.28466892,1,rgb_sar,0,2
0.2661305,1,rgb_sar,0,2
0.46861106,1,rgb_sar,0,2
0.42479745,1,rgb_sar,0,2
0.433936,1,rgb_sar,0,2
0.43428355,1,rgb_sar,0,2
0.4425774,1,rgb_sar,0,2
0.40809077,1,rgb_sar,0,2
0.36194935,1,rgb_sar,0,2
0.33632356,1,rgb_sar,0,2
0.30567005,1,rgb_sar,0,2
0.26312608,1,rgb_sar,0,2
0.23848748,1,rgb_sar,0,2
0.1276119,1,rgb_sar,0,2
0.09137416,1,rgb_sar,0,2
0.4794922,1,rgb_sar,0,2
0.42310685,1,rgb_sar,0,2
0.4369257,1,rgb_sar,0,2
0.45267022,1,rgb_sar,0,2
0.47905266,1,rgb_sar,0,2
0.4706658,1,rgb_sar,0,2
0.41059506,1,rgb_sar,0,2
0.34853175,1,rgb_sar,0,2
0.36152142,1,rgb_sar,0,2
0.18650344,1,rgb_sar,0,2
0.1346618,1,rgb_sar,0,2
0.44632238,1,rgb_sar,0,2
0.46219522,1,rgb_sar,0,2
0.4690498,1,rgb_sar,0,2
0.3173784,1,rgb_sar,0,2
0.24460688,1,rgb_sar,0,2
0.48045042,1,rgb_sar,0,2
0.49370572,1,rgb_sar,0,2
0.50353163,1,rgb_sar,0,2
0.36204535,1,rgb_sar,0,2
0.32532358,1,rgb_sar,0,2
0.39803267,1,rgb_sar,0,2
0.4412939,1,rgb_sar,0,2
0.49907643,1,rgb_sar,0,2
0.39030045,1,rgb_sar,0,2
0.44588444,1,rgb_sar,0,2
0.51296365,1,rgb_sar,0,2
0.40083182,1,rgb_sar,0,2
0.35754257,1,rgb_sar,0,2
0.4094982,1,rgb_sar,0,2
0.39444262,1,rgb_sar,0,2
0.33297908,1,rgb_sar,0,2
0.34653357,1,rgb_sar,0,2
0.4168048,1,rgb_sar,0,2
0.3304677,1,rgb_sar,0,2
0.32843387,1,rgb_sar,0,2
0.45271754,1,rgb_sar,0,2
0.34340402,1,rgb_sar,0,2
0.31557372,1,rgb_sar,0,2
0.3872286,1,rgb_sar,0,2
0.33719772,1,rgb_sar,0,2
0.38156784,1,rgb_sar,0,2
0.32238808,1,rgb_sar,0,2
0.3278401,1,rgb_sar,0,2
0.3932745,1,rgb_sar,0,2
0.28598017,1,rgb_sar,0,2
0.2647583,1,rgb_sar,0,2
0.29512405,1,rgb_sar,0,2
0.34289163,1,rgb_sar,0,2
0.3885219,1,rgb_sar,0,2
0.38056636,1,rgb_sar,0,2
0.35883182,1,rgb_sar,0,2
0.42498434,1,rgb_sar,0,2
0.35552305,1,rgb_sar,0,2
0.41887,1,rgb_sar,0,2
0.43113124,1,rgb_sar,0,2
0.35322097,1,rgb_sar,0,2
0.43526143,1,rgb_sar,0,2
0.44317514,1,rgb_sar,0,2
0.4121055,1,rgb_sar,0,2
0.42558515,1,rgb_sar,0,2
0.46825972,1,rgb_sar,0,2
0.43120664,1,rgb_sar,0,2
0.41580704,1,rgb_sar,0,2
0.43702948,1,rgb_sar,0,2
0.415342,1,rgb_sar,0,2
0.3760941,1,rgb_sar,0,2
0.4539349,1,rgb_sar,0,2
0.42081934,1,rgb_sar,0,2
0.28238893,1,rgb_sar,0,2
0.41285986,1,rgb_sar,0,2
0.41377676,1,rgb_sar,0,2
0.20886046,1,rgb_sar,0,2
0.3009568,1,rgb_sar,0,2
0.31916618,1,rgb_sar,0,2
0.41866797,1,rgb_sar,0,2
0.4412226,1,rgb_sar,0,2
0.4474473,1,rgb_sar,0,2
0.3582936,1,rgb_sar,0,2
0.33598864,1,rgb_sar,0,2
0.34353328,1,rgb_sar,0,2
0.35228336,1,rgb_sar,0,2
0.31650198,1,rgb_sar,0,2
0.294144,1,rgb_sar,0,2
0.26633668,1,rgb_sar,0,2
0.298366,1,rgb_sar,0,2
0.2855549,1,rgb_sar,0,2
0.3295381,1,rgb_sar,0,2
0.24863589,1,rgb_sar,0,2
0.26960588,1,rgb_sar,0,2
0.33497936,1,rgb_sar,0,2
0.30716777,1,rgb_sar,0,2
0.3286638,1,rgb_sar,0,2
0.30582952,1,rgb_sar,0,2
0.2993291,1,rgb_sar,0,2
0.2995824,1,rgb_sar,0,2
0.3465159,1,rgb_sar,0,2
0.31253397,1,rgb_sar,0,2
0.25662255,1,rgb_sar,0,2
0.24837768,1,rgb_sar,0,2
0.19962077,1,rgb_sar,0,2
0.17854458,1,rgb_sar,0,2
0.29446208,1,rgb_sar,0,2
0.38253838,1,rgb_sar,0,2
0.41936517,1,rgb_sar,0,2
0.3252636,1,rgb_sar,0,2
0.38330582,1,rgb_sar,0,2
0.3315029,1,rgb_sar,0,2
0.3311,1,rgb_sar,0,2
0.356968,1,rgb_sar,0,2
0.32018888,1,rgb_sar,0,2
0.35557094,1,rgb_sar,0,2
0.36550504,1,rgb_sar,0,2
0.33849925,1,rgb_sar,0,2
0.3596779,1,rgb_sar,0,2
0.36839244,1,rgb_sar,0,2
0.28991136,1,rgb_sar,0,2
0.3659677,1,rgb_sar,0,2
0.34269553,1,rgb_sar,0,2
0.24166176,1,rgb_sar,0,2
0.39087403,1,rgb_sar,0,2
0.33145666,1,rgb_sar,0,2
0.2329739,1,rgb_sar,0,2
0.37855443,1,rgb_sar,0,2
0.29918593,1,rgb_sar,0,2
0.22573672,1,rgb_sar,0,2
0.31111568,1,rgb_sar,0,2
0.24197839,1,rgb_sar,0,2
0.20568128,1,rgb_sar,0,2
0.6208271,6,pca_sar,1,2
0.587398,6,pca_sar,1,2
0.627368,6,pca_sar,1,2
0.65722394,6,pca_sar,1,2
0.720858,6,pca_sar,1,2
0.27977124,6,pca_sar,1,2
0.27460283,6,pca_sar,1,2
0.3269649,6,pca_sar,1,2
0.3670779,6,pca_sar,1,2
0.47520095,6,pca_sar,1,2
0.26479352,6,pca_sar,1,2
0.24338377,6,pca_sar,1,2
0.1907174,6,pca_sar,1,2
0.20467572,6,pca_sar,1,2
0.23035848,6,pca_sar,1,2
0.3869684,6,pca_sar,1,2
0.22965282,6,pca_sar,1,2
0.21977587,6,pca_sar,1,2
0.24309412,6,pca_sar,1,2
0.24059153,6,pca_sar,1,2
0.23269266,6,pca_sar,1,2
0.36588228,6,pca_sar,1,2
0.2415221,6,pca_sar,1,2
0.24114053,6,pca_sar,1,2
0.27090365,6,pca_sar,1,2
0.30982825,6,pca_sar,1,2
0.2574635,6,pca_sar,1,2
0.37253302,6,pca_sar,1,2
0.13665213,6,pca_sar,1,2
0.188189,6,pca_sar,1,2
0.21053973,6,pca_sar,1,2
0.22562186,6,pca_sar,1,2
0.27141643,6,pca_sar,1,2
0.25416875,6,pca_sar,1,2
0.3581999,6,pca_sar,1,2
0.2596624,6,pca_sar,1,2
0.2740373,6,pca_sar,1,2
0.24792561,6,pca_sar,1,2
0.26426962,6,pca_sar,1,2
0.23891982,6,pca_sar,1,2
0.35096422,6,pca_sar,1,2
0.22862265,6,pca_sar,1,2
0.24462295,6,pca_sar,1,2
0.23963755,6,pca_sar,1,2
0.27296633,6,pca_sar,1,2
0.2529556,6,pca_sar,1,2
0.40298766,6,pca_sar,1,2
0.18820366,6,pca_sar,1,2
0.20896718,6,pca_sar,1,2
0.19969939,6,pca_sar,1,2
0.2297245,6,pca_sar,1,2
0.23259245,6,pca_sar,1,2
0.3422303,6,pca_sar,1,2
0.25451985,6,pca_sar,1,2
0.2344724,6,pca_sar,1,2
0.23975737,6,pca_sar,1,2
0.25294942,6,pca_sar,1,2
0.34320349,6,pca_sar,1,2
0.13420399,6,pca_sar,1,2
0.254488,6,pca_sar,1,2
0.23622814,6,pca_sar,1,2
0.25440848,6,pca_sar,1,2
0.28390184,6,pca_sar,1,2
0.34477293,6,pca_sar,1,2
0.24134901,6,pca_sar,1,2
0.22679302,6,pca_sar,1,2
0.23787846,6,pca_sar,1,2
0.2310408,6,pca_sar,1,2
0.34584242,6,pca_sar,1,2
0.23525867,6,pca_sar,1,2
0.26166192,6,pca_sar,1,2
0.26895455,6,pca_sar,1,2
0.27317175,6,pca_sar,1,2
0.38169813,6,pca_sar,1,2
0.16991717,2,pca_sar,1,2
0.17333335,2,pca_sar,1,2
0.12238403,2,pca_sar,1,2
0.100544095,2,pca_sar,1,2
0.08138812,2,pca_sar,1,2
0.102319345,2,pca_sar,1,2
0.15247717,2,pca_sar,1,2
0.07891994,2,pca_sar,1,2
0.18720041,2,pca_sar,1,2
0.12693018,2,pca_sar,1,2
0.058978967,2,pca_sar,1,2
0.08998435,2,pca_sar,1,2
0.08885309,2,pca_sar,1,2
0.04618969,2,pca_sar,1,2
-0.025253434,2,pca_sar,1,2
0.008162213,2,pca_sar,1,2
0.123372614,2,pca_sar,1,2
0.09635128,2,pca_sar,1,2
0.03479432,2,pca_sar,1,2
0.035053045,2,pca_sar,1,2
0.05414865,2,pca_sar,1,2
0.0067198277,2,pca_sar,1,2
0.09279642,2,pca_sar,1,2
0.011195518,2,pca_sar,1,2
0.051535197,2,pca_sar,1,2
0.02349002,2,pca_sar,1,2
0.015881995,2,pca_sar,1,2
0.5947433,6,pca_sar,1,2
0.6299335,6,pca_sar,1,2
0.63757473,6,pca_sar,1,2
0.635083,6,pca_sar,1,2
0.65962505,6,pca_sar,1,2
0.64032125,6,pca_sar,1,2
0.6355805,6,pca_sar,1,2
0.330709,6,pca_sar,1,2
0.29226762,6,pca_sar,1,2
0.2905296,6,pca_sar,1,2
0.27800798,6,pca_sar,1,2
0.32290584,6,pca_sar,1,2
0.3491058,6,pca_sar,1,2
0.3551213,6,pca_sar,1,2
0.30661702,6,pca_sar,1,2
0.33724824,6,pca_sar,1,2
0.2918613,6,pca_sar,1,2
0.2480236,6,pca_sar,1,2
0.2521639,6,pca_sar,1,2
0.30848727,6,pca_sar,1,2
0.28818542,6,pca_sar,1,2
0.26468477,6,pca_sar,1,2
0.2707975,6,pca_sar,1,2
0.23800603,6,pca_sar,1,2
0.24886407,6,pca_sar,1,2
0.18444774,6,pca_sar,1,2
0.22375867,6,pca_sar,1,2
0.2386917,6,pca_sar,1,2
0.25585192,6,pca_sar,1,2
0.2954341,6,pca_sar,1,2
0.25573772,6,pca_sar,1,2
0.24566309,6,pca_sar,1,2
0.1825255,6,pca_sar,1,2
0.25946134,6,pca_sar,1,2
0.29367197,6,pca_sar,1,2
0.3050732,6,pca_sar,1,2
0.18321921,6,pca_sar,1,2
0.17100589,6,pca_sar,1,2
0.19983579,6,pca_sar,1,2
0.16366795,6,pca_sar,1,2
0.20097974,6,pca_sar,1,2
0.18048751,6,pca_sar,1,2
0.20535056,6,pca_sar,1,2
0.26355594,6,pca_sar,1,2
0.28109276,6,pca_sar,1,2
0.24907523,6,pca_sar,1,2
0.2959026,6,pca_sar,1,2
0.21851619,6,pca_sar,1,2
0.23939805,6,pca_sar,1,2
0.22717,6,pca_sar,1,2
0.21951151,6,pca_sar,1,2
0.25523657,6,pca_sar,1,2
0.27517766,6,pca_sar,1,2
0.23403078,6,pca_sar,1,2
0.22646996,6,pca_sar,1,2
0.26428503,6,pca_sar,1,2
0.24114087,6,pca_sar,1,2
0.24481034,6,pca_sar,1,2
0.258064,6,pca_sar,1,2
0.25740546,6,pca_sar,1,2
0.27113146,6,pca_sar,1,2
0.2570369,6,pca_sar,1,2
0.23342559,6,pca_sar,1,2
0.19954851,6,pca_sar,1,2
0.24354535,6,pca_sar,1,2
0.2306885,6,pca_sar,1,2
0.24269845,6,pca_sar,1,2
0.26375392,6,pca_sar,1,2
0.22475436,6,pca_sar,1,2
0.19259658,6,pca_sar,1,2
0.20886481,6,pca_sar,1,2
0.23369241,6,pca_sar,1,2
0.32014096,6,pca_sar,1,2
0.33770904,6,pca_sar,1,2
0.31527975,6,pca_sar,1,2
0.23308738,6,pca_sar,1,2
0.18496516,6,pca_sar,1,2
0.14135921,6,pca_sar,1,2
0.14865434,6,pca_sar,1,2
0.25301337,6,pca_sar,1,2
0.30657756,6,pca_sar,1,2
0.2786765,6,pca_sar,1,2
0.34368503,6,pca_sar,1,2
0.3224538,6,pca_sar,1,2
0.29366028,6,pca_sar,1,2
0.34931833,6,pca_sar,1,2
0.29564062,6,pca_sar,1,2
0.2255567,6,pca_sar,1,2
0.18726544,6,pca_sar,1,2
0.20167376,6,pca_sar,1,2
0.19151594,6,pca_sar,1,2
0.25307843,6,pca_sar,1,2
0.24511954,6,pca_sar,1,2
0.29439473,6,pca_sar,1,2
0.30223447,6,pca_sar,1,2
0.24741286,6,pca_sar,1,2
0.21708415,6,pca_sar,1,2
0.182336,6,pca_sar,1,2
0.17390755,6,pca_sar,1,2
0.16176718,6,pca_sar,1,2
0.23244928,6,pca_sar,1,2
0.22548018,6,pca_sar,1,2
0.22312228,6,pca_sar,1,2
0.22055277,6,pca_sar,1,2
0.23565775,6,pca_sar,1,2
0.24186678,6,pca_sar,1,2
0.2143228,6,pca_sar,1,2
0.1855079,6,pca_sar,1,2
0.21027574,6,pca_sar,1,2
0.233535,2,pca_sar,1,2
0.21006359,2,pca_sar,1,2
0.1554637,2,pca_sar,1,2
0.13182059,2,pca_sar,1,2
0.055323455,2,pca_sar,1,2
0.033178132,2,pca_sar,1,2
0.13269661,2,pca_sar,1,2
0.102298334,2,pca_sar,1,2
0.07027976,2,pca_sar,1,2
0.045030892,2,pca_sar,1,2
0.043496523,2,pca_sar,1,2
0.060290866,2,pca_sar,1,2
0.11060977,2,pca_sar,1,2
0.005773332,2,pca_sar,1,2
-0.054162912,2,pca_sar,1,2
0.019228306,2,pca_sar,1,2
0.17850728,2,pca_sar,1,2
0.084552534,2,pca_sar,1,2
-0.01850069,2,pca_sar,1,2
0.08175257,2,pca_sar,1,2
0.12273253,2,pca_sar,1,2
0.10277293,2,pca_sar,1,2
0.13787314,2,pca_sar,1,2
0.06739339,2,pca_sar,1,2
0.10924142,2,pca_sar,1,2
0.046207786,2,pca_sar,1,2
0.087357044,2,pca_sar,1,2
0.69631517,6,pca_sar,1,2
0.6429236,6,pca_sar,1,2
0.43296623,6,pca_sar,1,2
0.37647554,6,pca_sar,1,2
0.30752558,6,pca_sar,1,2
0.28467083,6,pca_sar,1,2
0.33530328,6,pca_sar,1,2
0.21994793,6,pca_sar,1,2
0.33070087,6,pca_sar,1,2
0.19935134,6,pca_sar,1,2
0.34755498,6,pca_sar,1,2
0.2747955,6,pca_sar,1,2
0.2621689,6,pca_sar,1,2
0.35535425,6,pca_sar,1,2
0.31593847,6,pca_sar,1,2
0.30087137,6,pca_sar,1,2
0.36732662,6,pca_sar,1,2
0.26841903,6,pca_sar,1,2
0.24779573,6,pca_sar,1,2
0.39547563,6,pca_sar,1,2
0.28888142,6,pca_sar,1,2
0.27270743,6,pca_sar,1,2
0.2984595,6,pca_sar,1,2
0.37244868,6,pca_sar,1,2
0.30702442,6,pca_sar,1,2
0.31700873,6,pca_sar,1,2
0.29322368,6,pca_sar,1,2
0.36840433,6,pca_sar,1,2
0.32247105,6,pca_sar,1,2
0.32358712,6,pca_sar,1,2
0.26630002,6,pca_sar,1,2
0.3609475,6,pca_sar,1,2
0.3431928,6,pca_sar,1,2
0.31869745,6,pca_sar,1,2
0.3162784,6,pca_sar,1,2
0.21533874,2,pca_sar,1,2
0.16481607,2,pca_sar,1,2
0.25779915,2,pca_sar,1,2
0.18903196,2,pca_sar,1,2
0.1590887,2,pca_sar,1,2
0.09409446,2,pca_sar,1,2
0.1330165,2,pca_sar,1,2
0.19330867,2,pca_sar,1,2
0.11701178,2,pca_sar,1,2
0.08667475,2,pca_sar,1,2
0.03970164,2,pca_sar,1,2
0.157149,2,pca_sar,1,2
0.124050274,2,pca_sar,1,2
0.07509895,2,pca_sar,1,2
-0.055249188,2,pca_sar,1,2
0.06164109,2,pca_sar,1,2
0.12021278,2,pca_sar,1,2
0.051064286,2,pca_sar,1,2
-0.009352684,2,pca_sar,1,2
0.12704583,2,pca_sar,1,2
0.029151093,2,pca_sar,1,2
-0.019771516,2,pca_sar,1,2
0.032055374,2,pca_sar,1,2
-0.0397183,2,pca_sar,1,2
0.07404777,2,pca_sar,1,2
-0.0015892889,2,pca_sar,1,2
-0.002041269,2,pca_sar,1,2
0.16473266,2,pca_sar,1,2
0.16720158,2,pca_sar,1,2
0.14000086,2,pca_sar,1,2
0.15421204,2,pca_sar,1,2
0.09894881,2,pca_sar,1,2
0.08742425,2,pca_sar,1,2
0.15277195,2,pca_sar,1,2
0.11712886,2,pca_sar,1,2
0.07981604,2,pca_sar,1,2
0.059077173,2,pca_sar,1,2
0.14979218,2,pca_sar,1,2
0.18393439,2,pca_sar,1,2
0.023100872,2,pca_sar,1,2
-0.064394854,2,pca_sar,1,2
0.034211617,2,pca_sar,1,2
0.09812074,2,pca_sar,1,2
0.043076217,2,pca_sar,1,2
-0.01756958,2,pca_sar,1,2
0.05115749,2,pca_sar,1,2
0.06536877,2,pca_sar,1,2
0.11529451,2,pca_sar,1,2
0.090573445,2,pca_sar,1,2
0.10910237,2,pca_sar,1,2
0.049141202,2,pca_sar,1,2
0.04392177,2,pca_sar,1,2
0.048030593,2,pca_sar,1,2
0.052537523,2,pca_sar,1,2
0.3445478,2,pca_sar,1,2
0.13233012,2,pca_sar,1,2
0.35119963,2,pca_sar,1,2
0.10932251,2,pca_sar,1,2
0.12472913,2,pca_sar,1,2
0.14324567,2,pca_sar,1,2
0.14027937,2,pca_sar,1,2
0.13982448,2,pca_sar,1,2
0.19191669,2,pca_sar,1,2
0.20425005,2,pca_sar,1,2
0.22509237,2,pca_sar,1,2
0.18127882,2,pca_sar,1,2
0.18109454,2,pca_sar,1,2
0.16381656,2,pca_sar,1,2
0.08197497,2,pca_sar,1,2
0.10515538,2,pca_sar,1,2
0.13889419,2,pca_sar,1,2
0.21464314,2,pca_sar,1,2
0.21856666,2,pca_sar,1,2
0.23199983,2,pca_sar,1,2
0.16229287,2,pca_sar,1,2
0.16519597,2,pca_sar,1,2
0.16365045,2,pca_sar,1,2
0.10114041,2,pca_sar,1,2
0.11035758,2,pca_sar,1,2
0.19440341,2,pca_sar,1,2
0.16157755,2,pca_sar,1,2
0.13615353,2,pca_sar,1,2
0.10445761,2,pca_sar,1,2
0.16296214,2,pca_sar,1,2
0.16907498,2,pca_sar,1,2
0.15064338,2,pca_sar,1,2
0.12988998,2,pca_sar,1,2
0.17664146,2,pca_sar,1,2
0.15686369,2,pca_sar,1,2
0.10641272,2,pca_sar,1,2
0.09234108,2,pca_sar,1,2
0.17796126,2,pca_sar,1,2
0.14985958,2,pca_sar,1,2
0.10873096,2,pca_sar,1,2
0.07341034,2,pca_sar,1,2
0.22432034,2,pca_sar,1,2
0.23722419,2,pca_sar,1,2
0.19614932,2,pca_sar,1,2
0.14885552,2,pca_sar,1,2
0.10004322,2,pca_sar,1,2
0.0680148,2,pca_sar,1,2
0.11316264,2,pca_sar,1,2
0.11924404,2,pca_sar,1,2
0.21982601,2,pca_sar,1,2
0.23776239,2,pca_sar,1,2
0.21788524,2,pca_sar,1,2
0.21910095,2,pca_sar,1,2
0.1576928,2,pca_sar,1,2
0.109784916,2,pca_sar,1,2
0.115687415,2,pca_sar,1,2
0.12565161,2,pca_sar,1,2
0.13336669,2,pca_sar,1,2
0.11131652,2,pca_sar,1,2
0.19367096,2,pca_sar,1,2
0.16504407,2,pca_sar,1,2
0.12316994,2,pca_sar,1,2
0.08086148,2,pca_sar,1,2
0.08524082,2,pca_sar,1,2
0.07250826,2,pca_sar,1,2
0.044132948,2,pca_sar,1,2
0.06555885,2,pca_sar,1,2
0.10131702,2,pca_sar,1,2
0.10131468,2,pca_sar,1,2
0.19303474,2,pca_sar,1,2
0.19732396,2,pca_sar,1,2
0.16671875,2,pca_sar,1,2
0.079330936,2,pca_sar,1,2
0.015699897,2,pca_sar,1,2
0.08659986,2,pca_sar,1,2
0.07128849,2,pca_sar,1,2
0.034692653,2,pca_sar,1,2
0.018707417,2,pca_sar,1,2
0.05694313,2,pca_sar,1,2
0.086001724,2,pca_sar,1,2
0.28692597,2,pca_sar,1,2
0.26617554,2,pca_sar,1,2
0.23580897,2,pca_sar,1,2
0.23532373,2,pca_sar,1,2
0.1914442,2,pca_sar,1,2
0.13821454,2,pca_sar,1,2
0.0301765,2,pca_sar,1,2
0.054052338,2,pca_sar,1,2
0.019366264,2,pca_sar,1,2
0.03189405,2,pca_sar,1,2
0.010088768,2,pca_sar,1,2
0.040610023,2,pca_sar,1,2
0.09011755,2,pca_sar,1,2
0.2850161,2,pca_sar,1,2
0.31519932,2,pca_sar,1,2
0.27114123,2,pca_sar,1,2
0.22206184,2,pca_sar,1,2
0.14496957,2,pca_sar,1,2
0.13871014,2,pca_sar,1,2
0.08650129,2,pca_sar,1,2
0.11993785,2,pca_sar,1,2
0.073649995,2,pca_sar,1,2
0.09434846,2,pca_sar,1,2
0.079721406,2,pca_sar,1,2
0.051441804,2,pca_sar,1,2
0.086065784,2,pca_sar,1,2
0.22270554,2,pca_sar,1,2
0.22660118,2,pca_sar,1,2
0.20833015,2,pca_sar,1,2
0.1753301,2,pca_sar,1,2
0.1765822,2,pca_sar,1,2
0.15033759,2,pca_sar,1,2
0.027253747,2,pca_sar,1,2
0.059753798,2,pca_sar,1,2
0.07388045,2,pca_sar,1,2
0.07189057,2,pca_sar,1,2
0.07788252,2,pca_sar,1,2
0.07659194,2,pca_sar,1,2
0.1508744,2,pca_sar,1,2
-0.019049205,2,pca_sar,1,2
0.01811127,2,pca_sar,1,2
0.30380288,2,pca_sar,1,2
0.30197567,2,pca_sar,1,2
0.29677328,2,pca_sar,1,2
0.24803992,2,pca_sar,1,2
0.32756197,2,pca_sar,1,2
0.32162964,2,pca_sar,1,2
0.15880811,2,pca_sar,1,2
0.12649325,2,pca_sar,1,2
0.12250081,2,pca_sar,1,2
0.11465746,2,pca_sar,1,2
0.15047261,2,pca_sar,1,2
0.19484115,2,pca_sar,1,2
0.2881194,2,pca_sar,1,2
0.14506492,2,pca_sar,1,2
0.048017368,2,pca_sar,1,2
0.13881135,2,pca_sar,1,2
0.1566799,2,pca_sar,1,2
0.13828477,2,pca_sar,1,2
0.18917297,2,pca_sar,1,2
0.22704676,2,pca_sar,1,2
0.16367683,2,pca_sar,1,2
0.14549476,2,pca_sar,1,2
0.15061553,2,pca_sar,1,2
0.23821357,2,pca_sar,1,2
0.22656938,2,pca_sar,1,2
0.1989317,2,pca_sar,1,2
0.24581783,2,pca_sar,1,2
0.14752236,2,pca_sar,1,2
0.12534443,2,pca_sar,1,2
0.15180637,2,pca_sar,1,2
0.24092224,2,pca_sar,1,2
0.16913629,2,pca_sar,1,2
0.17694533,2,pca_sar,1,2
0.20438252,2,pca_sar,1,2
0.23543303,2,pca_sar,1,2
0.18784127,2,pca_sar,1,2
0.110125825,2,pca_sar,1,2
0.19570833,2,pca_sar,1,2
0.22340456,2,pca_sar,1,2
0.25774878,2,pca_sar,1,2
0.2623755,2,pca_sar,1,2
0.23615426,2,pca_sar,1,2
0.19815567,2,pca_sar,1,2
0.13966203,2,pca_sar,1,2
0.10902356,2,pca_sar,1,2
0.19594626,2,pca_sar,1,2
0.22330353,2,pca_sar,1,2
0.27970654,2,pca_sar,1,2
0.24877355,2,pca_sar,1,2
0.15001772,2,pca_sar,1,2
0.19991961,2,pca_sar,1,2
0.158907,2,pca_sar,1,2
0.18381199,2,pca_sar,1,2
0.12568049,2,pca_sar,1,2
0.14802633,2,pca_sar,1,2
0.2069684,2,pca_sar,1,2
0.18957384,2,pca_sar,1,2
0.25077236,2,pca_sar,1,2
0.25186944,2,pca_sar,1,2
0.19301482,2,pca_sar,1,2
0.17150772,2,pca_sar,1,2
0.08296708,2,pca_sar,1,2
0.17275414,2,pca_sar,1,2
0.23903206,2,pca_sar,1,2
0.17801067,2,pca_sar,1,2
0.19798897,2,pca_sar,1,2
0.17642817,2,pca_sar,1,2
0.103333615,2,pca_sar,1,2
0.22310212,2,pca_sar,1,2
0.109177604,2,pca_sar,1,2
0.20452222,2,pca_sar,1,2
0.2228963,2,pca_sar,1,2
0.1567961,2,pca_sar,1,2
0.12322007,2,pca_sar,1,2
0.053418953,2,pca_sar,1,2
0.06726073,2,pca_sar,1,2
0.10161789,2,pca_sar,1,2
0.13782638,2,pca_sar,1,2
0.17357016,2,pca_sar,1,2
0.20544747,2,pca_sar,1,2
0.10131337,2,pca_sar,1,2
0.1201724,2,pca_sar,1,2
0.14674072,2,pca_sar,1,2
0.14096951,2,pca_sar,1,2
0.060723826,2,pca_sar,1,2
0.0037985202,2,pca_sar,1,2
0.08482344,2,pca_sar,1,2
0.13647023,2,pca_sar,1,2
0.157177,2,pca_sar,1,2
0.29647726,2,pca_sar,1,2
0.18666697,2,pca_sar,1,2
0.18693721,2,pca_sar,1,2
0.23892236,2,pca_sar,1,2
0.17510127,2,pca_sar,1,2
0.090033196,2,pca_sar,1,2
0.08222945,2,pca_sar,1,2
0.124747075,2,pca_sar,1,2
0.06600601,2,pca_sar,1,2
0.025393788,2,pca_sar,1,2
0.0984222,2,pca_sar,1,2
0.10873023,2,pca_sar,1,2
0.12750828,2,pca_sar,1,2
0.3422485,2,pca_sar,1,2
0.20249963,2,pca_sar,1,2
0.19198467,2,pca_sar,1,2
0.20325392,2,pca_sar,1,2
0.18168575,2,pca_sar,1,2
0.12924245,2,pca_sar,1,2
0.034922622,2,pca_sar,1,2
0.10405801,2,pca_sar,1,2
0.06395987,2,pca_sar,1,2
0.039800122,2,pca_sar,1,2
0.10390797,2,pca_sar,1,2
0.05465719,2,pca_sar,1,2
0.1015608,2,pca_sar,1,2
0.36867702,2,pca_sar,1,2
0.26019704,2,pca_sar,1,2
0.23258784,2,pca_sar,1,2
0.20485139,2,pca_sar,1,2
0.18792304,2,pca_sar,1,2
0.17103834,2,pca_sar,1,2
0.10770641,2,pca_sar,1,2
0.1426468,2,pca_sar,1,2
0.07422711,2,pca_sar,1,2
0.082368255,2,pca_sar,1,2
0.13604255,2,pca_sar,1,2
0.08825608,2,pca_sar,1,2
0.12808362,2,pca_sar,1,2
0.13100715,2,pca_sar,1,2
0.19092894,2,pca_sar,1,2
0.48438102,2,pca_sar,1,2
0.3948167,2,pca_sar,1,2
0.37540853,2,pca_sar,1,2
0.35013607,2,pca_sar,1,2
0.31584716,2,pca_sar,1,2
0.30929017,2,pca_sar,1,2
0.30106792,2,pca_sar,1,2
0.303235,2,pca_sar,1,2
0.22742026,2,pca_sar,1,2
0.2045891,2,pca_sar,1,2
0.26240832,2,pca_sar,1,2
0.2418213,2,pca_sar,1,2
0.28131276,2,pca_sar,1,2
0.2328831,2,pca_sar,1,2
0.1896166,2,pca_sar,1,2
0.068465516,7,pca_sar,1,2
-0.012213707,7,pca_sar,1,2
0.02865829,7,pca_sar,1,2
0.056934156,7,pca_sar,1,2
0.11266638,7,pca_sar,1,2
0.14168316,7,pca_sar,1,2
0.09642542,7,pca_sar,1,2
0.049425505,7,pca_sar,1,2
0.059581693,7,pca_sar,1,2
0.07153638,7,pca_sar,1,2
0.14762464,7,pca_sar,1,2
0.1728372,7,pca_sar,1,2
0.16028675,7,pca_sar,1,2
0.13611832,7,pca_sar,1,2
0.05938675,7,pca_sar,1,2
0.043352596,7,pca_sar,1,2
0.014484048,7,pca_sar,1,2
0.06407902,7,pca_sar,1,2
0.14199206,7,pca_sar,1,2
0.098522075,7,pca_sar,1,2
0.12356554,7,pca_sar,1,2
0.17679276,7,pca_sar,1,2
0.20248707,7,pca_sar,1,2
0.10190226,7,pca_sar,1,2
0.11707117,7,pca_sar,1,2
0.17811587,7,pca_sar,1,2
0.13799798,7,pca_sar,1,2
0.020946937,7,pca_sar,1,2
0.026952723,7,pca_sar,1,2
0.07499532,7,pca_sar,1,2
0.110888824,7,pca_sar,1,2
0.18483903,7,pca_sar,1,2
0.14022195,7,pca_sar,1,2
0.13207282,7,pca_sar,1,2
0.17147079,7,pca_sar,1,2
0.20797166,7,pca_sar,1,2
0.16639528,7,pca_sar,1,2
0.19734788,7,pca_sar,1,2
0.050268617,7,pca_sar,1,2
0.14417402,7,pca_sar,1,2
0.17199141,7,pca_sar,1,2
0.13800591,7,pca_sar,1,2
0.23910937,7,pca_sar,1,2
0.11693357,7,pca_sar,1,2
0.13731316,7,pca_sar,1,2
0.13861965,7,pca_sar,1,2
0.123811044,7,pca_sar,1,2
0.2064046,7,pca_sar,1,2
0.19289482,7,pca_sar,1,2
0.16929819,7,pca_sar,1,2
0.13621682,7,pca_sar,1,2
0.123665005,7,pca_sar,1,2
0.13484952,7,pca_sar,1,2
0.1612221,7,pca_sar,1,2
0.1511596,7,pca_sar,1,2
0.21547763,7,pca_sar,1,2
0.19538015,7,pca_sar,1,2
0.18410535,7,pca_sar,1,2
0.19566284,7,pca_sar,1,2
0.18040866,7,pca_sar,1,2
0.2441566,7,pca_sar,1,2
0.099513024,7,pca_sar,1,2
0.10983666,7,pca_sar,1,2
0.058147404,7,pca_sar,1,2
0.09376976,7,pca_sar,1,2
0.14847904,7,pca_sar,1,2
0.17835107,7,pca_sar,1,2
0.17383835,7,pca_sar,1,2
0.06115367,7,pca_sar,1,2
0.06494331,7,pca_sar,1,2
0.11865687,7,pca_sar,1,2
0.13040553,7,pca_sar,1,2
0.112880185,7,pca_sar,1,2
0.14584087,7,pca_sar,1,2
0.14403385,7,pca_sar,1,2
0.1400127,7,pca_sar,1,2
0.12360841,7,pca_sar,1,2
0.0670727,7,pca_sar,1,2
0.17342237,7,pca_sar,1,2
0.14808916,7,pca_sar,1,2
0.14041257,7,pca_sar,1,2
0.19849648,7,pca_sar,1,2
0.17933345,7,pca_sar,1,2
0.12111615,7,pca_sar,1,2
0.09182721,7,pca_sar,1,2
0.13081163,7,pca_sar,1,2
0.13732566,7,pca_sar,1,2
0.09486278,7,pca_sar,1,2
0.09864651,7,pca_sar,1,2
0.13331074,7,pca_sar,1,2
0.14105052,7,pca_sar,1,2
0.19644561,7,pca_sar,1,2
0.13333318,7,pca_sar,1,2
0.100805245,7,pca_sar,1,2
0.13235635,7,pca_sar,1,2
0.10550441,7,pca_sar,1,2
0.13735595,7,pca_sar,1,2
0.12467879,7,pca_sar,1,2
0.14255083,7,pca_sar,1,2
0.06460812,7,pca_sar,1,2
0.12542602,7,pca_sar,1,2
0.116714284,7,pca_sar,1,2
0.13678633,7,pca_sar,1,2
0.14066091,7,pca_sar,1,2
0.121715724,7,pca_sar,1,2
0.11511962,7,pca_sar,1,2
0.11620453,7,pca_sar,1,2
0.1321382,7,pca_sar,1,2
0.17803302,7,pca_sar,1,2
0.13159715,7,pca_sar,1,2
0.11463785,7,pca_sar,1,2
0.10440517,7,pca_sar,1,2
0.11791849,7,pca_sar,1,2
0.13943623,7,pca_sar,1,2
0.11779696,7,pca_sar,1,2
0.083572164,7,pca_sar,1,2
0.17992759,7,pca_sar,1,2
0.18403587,7,pca_sar,1,2
0.21629886,7,pca_sar,1,2
0.19667965,7,pca_sar,1,2
0.11567627,7,pca_sar,1,2
0.21019098,7,pca_sar,1,2
0.32975373,2,pca_sar,1,2
0.17235248,2,pca_sar,1,2
0.33939177,2,pca_sar,1,2
0.10316058,2,pca_sar,1,2
0.1446751,2,pca_sar,1,2
0.08613091,2,pca_sar,1,2
0.1196318,2,pca_sar,1,2
0.18574208,2,pca_sar,1,2
0.17022918,2,pca_sar,1,2
0.13140106,2,pca_sar,1,2
0.18000169,2,pca_sar,1,2
0.13092627,2,pca_sar,1,2
0.12958632,2,pca_sar,1,2
0.1293869,2,pca_sar,1,2
0.16098797,2,pca_sar,1,2
0.17468747,2,pca_sar,1,2
0.17256618,2,pca_sar,1,2
0.18244109,2,pca_sar,1,2
0.1409975,2,pca_sar,1,2
0.16670167,2,pca_sar,1,2
0.14101708,2,pca_sar,1,2
0.17836073,2,pca_sar,1,2
0.16773069,2,pca_sar,1,2
0.16130897,2,pca_sar,1,2
0.1450513,2,pca_sar,1,2
0.21518064,2,pca_sar,1,2
0.14583589,2,pca_sar,1,2
0.11114549,2,pca_sar,1,2
0.13619053,2,pca_sar,1,2
0.1610339,2,pca_sar,1,2
0.15448242,2,pca_sar,1,2
0.14788635,2,pca_sar,1,2
0.09000908,2,pca_sar,1,2
0.21497759,2,pca_sar,1,2
0.11447935,2,pca_sar,1,2
0.10436937,2,pca_sar,1,2
0.14644492,2,pca_sar,1,2
0.1276373,2,pca_sar,1,2
0.11851425,2,pca_sar,1,2
0.14386024,2,pca_sar,1,2
0.08102005,2,pca_sar,1,2
0.13036337,2,pca_sar,1,2
0.17759077,2,pca_sar,1,2
0.25986224,2,pca_sar,1,2
0.10905354,2,pca_sar,1,2
0.09291616,2,pca_sar,1,2
0.16327685,2,pca_sar,1,2
0.16296548,2,pca_sar,1,2
0.113637835,2,pca_sar,1,2
0.14220017,2,pca_sar,1,2
0.14102149,2,pca_sar,1,2
0.19049865,2,pca_sar,1,2
0.08089849,2,pca_sar,1,2
0.05340093,2,pca_sar,1,2
0.1548366,2,pca_sar,1,2
0.13544169,2,pca_sar,1,2
0.111428045,2,pca_sar,1,2
0.116413295,2,pca_sar,1,2
0.10703629,2,pca_sar,1,2
0.18851468,2,pca_sar,1,2
0.11215401,2,pca_sar,1,2
0.057641618,2,pca_sar,1,2
0.048315033,2,pca_sar,1,2
-0.0032363925,2,pca_sar,1,2
0.0065330174,2,pca_sar,1,2
0.06286112,2,pca_sar,1,2
0.14152136,2,pca_sar,1,2
0.1912032,2,pca_sar,1,2
0.22584972,2,pca_sar,1,2
0.20522627,2,pca_sar,1,2
0.19876578,2,pca_sar,1,2
0.11802877,2,pca_sar,1,2
0.019127294,2,pca_sar,1,2
0.013820758,2,pca_sar,1,2
0.0055105705,2,pca_sar,1,2
-0.0029618368,2,pca_sar,1,2
0.074393615,2,pca_sar,1,2
0.16103753,2,pca_sar,1,2
0.19513446,2,pca_sar,1,2
0.21279898,2,pca_sar,1,2
0.21804696,2,pca_sar,1,2
0.19754674,2,pca_sar,1,2
0.21624835,2,pca_sar,1,2
0.1709314,2,pca_sar,1,2
0.13294864,2,pca_sar,1,2
0.02654925,2,pca_sar,1,2
0.025311653,2,pca_sar,1,2
0.111903176,2,pca_sar,1,2
0.07536087,2,pca_sar,1,2
0.064180106,2,pca_sar,1,2
0.115805656,2,pca_sar,1,2
0.11028133,2,pca_sar,1,2
0.15466326,2,pca_sar,1,2
0.18214095,2,pca_sar,1,2
0.1580085,2,pca_sar,1,2
0.20809007,2,pca_sar,1,2
0.1719954,2,pca_sar,1,2
0.16360988,2,pca_sar,1,2
0.10164209,2,pca_sar,1,2
0.058749445,2,pca_sar,1,2
0.11214366,2,pca_sar,1,2
0.06609433,2,pca_sar,1,2
0.08612639,2,pca_sar,1,2
0.12132728,2,pca_sar,1,2
0.07722191,2,pca_sar,1,2
0.11254471,2,pca_sar,1,2
0.16342211,2,pca_sar,1,2
0.11970757,2,pca_sar,1,2
0.17283368,2,pca_sar,1,2
0.16292776,2,pca_sar,1,2
0.1892529,2,pca_sar,1,2
0.11717067,2,pca_sar,1,2
0.038260117,2,pca_sar,1,2
0.15255827,2,pca_sar,1,2
0.07501538,2,pca_sar,1,2
0.0806197,2,pca_sar,1,2
0.10690279,2,pca_sar,1,2
0.08356471,2,pca_sar,1,2
0.17245625,2,pca_sar,1,2
0.11090455,2,pca_sar,1,2
0.08976566,2,pca_sar,1,2
0.13933991,2,pca_sar,1,2
0.11808446,2,pca_sar,1,2
0.1889,2,pca_sar,1,2
0.16959482,2,pca_sar,1,2
0.16821522,2,pca_sar,1,2
0.13077216,2,pca_sar,1,2
0.123773925,2,pca_sar,1,2
0.18226197,2,pca_sar,1,2
0.1337177,2,pca_sar,1,2
0.12588406,2,pca_sar,1,2
0.14001906,2,pca_sar,1,2
0.13743801,2,pca_sar,1,2
0.17154406,2,pca_sar,1,2
0.046360128,2,pca_sar,1,2
0.103584394,2,pca_sar,1,2
0.14356644,2,pca_sar,1,2
0.040238142,2,pca_sar,1,2
0.18571684,2,pca_sar,1,2
0.1868924,2,pca_sar,1,2
0.11937718,2,pca_sar,1,2
0.093679994,2,pca_sar,1,2
0.14653012,2,pca_sar,1,2
0.15271524,2,pca_sar,1,2
0.12687668,2,pca_sar,1,2
0.09295253,2,pca_sar,1,2
0.11039245,2,pca_sar,1,2
0.06005587,2,pca_sar,1,2
0.16470839,2,pca_sar,1,2
0.059677884,2,pca_sar,1,2
0.16522692,2,pca_sar,1,2
0.08106363,2,pca_sar,1,2
0.17572442,2,pca_sar,1,2
0.19979066,2,pca_sar,1,2
0.09722334,2,pca_sar,1,2
0.08732635,2,pca_sar,1,2
0.17544982,2,pca_sar,1,2
0.124886334,2,pca_sar,1,2
0.19467688,2,pca_sar,1,2
0.21794698,2,pca_sar,1,2
0.1184303,2,pca_sar,1,2
0.09855776,2,pca_sar,1,2
0.10612899,2,pca_sar,1,2
0.16564456,2,pca_sar,1,2
0.21470435,2,pca_sar,1,2
0.2097,2,pca_sar,1,2
0.19273104,2,pca_sar,1,2
0.3034526,2,pca_sar,1,2
0.21315917,2,pca_sar,1,2
0.21797693,2,pca_sar,1,2
0.21192941,2,pca_sar,1,2
0.24917743,2,pca_sar,1,2
0.21705185,2,pca_sar,1,2
0.23090887,2,pca_sar,1,2
0.30065727,2,pca_sar,1,2
0.22159992,2,pca_sar,1,2
0.26424614,2,pca_sar,1,2
0.24088009,2,pca_sar,1,2
0.23140574,2,pca_sar,1,2
0.20859584,2,pca_sar,1,2
0.26769072,2,pca_sar,1,2
0.28296506,2,pca_sar,1,2
0.17886269,2,pca_sar,1,2
0.1618691,2,pca_sar,1,2
0.09082713,2,pca_sar,1,2
0.20990191,2,pca_sar,1,2
0.2856148,2,pca_sar,1,2
0.29374468,2,pca_sar,1,2
0.23289017,2,pca_sar,1,2
0.17287903,2,pca_sar,1,2
0.23273218,2,pca_sar,1,2
0.14577511,2,pca_sar,1,2
0.095832914,2,pca_sar,1,2
0.19910227,2,pca_sar,1,2
0.22971645,2,pca_sar,1,2
0.2667251,2,pca_sar,1,2
0.21775126,2,pca_sar,1,2
0.16044761,2,pca_sar,1,2
0.18136188,2,pca_sar,1,2
0.21273881,2,pca_sar,1,2
0.21357794,2,pca_sar,1,2
0.20583497,2,pca_sar,1,2
0.14298892,2,pca_sar,1,2
0.18188052,2,pca_sar,1,2
0.19965863,2,pca_sar,1,2
0.21188933,2,pca_sar,1,2
0.20345183,2,pca_sar,1,2
0.21300752,2,pca_sar,1,2
0.20946512,2,pca_sar,1,2
0.2530199,2,pca_sar,1,2
0.1355187,2,pca_sar,1,2
0.17302296,2,pca_sar,1,2
0.16175526,2,pca_sar,1,2
0.15719354,2,pca_sar,1,2
0.15024985,2,pca_sar,1,2
0.15929475,2,pca_sar,1,2
0.23682636,2,pca_sar,1,2
0.20976931,2,pca_sar,1,2
0.18290472,2,pca_sar,1,2
0.17770547,2,pca_sar,1,2
0.11954523,2,pca_sar,1,2
0.07012518,2,pca_sar,1,2
0.03740523,2,pca_sar,1,2
0.0733121,2,pca_sar,1,2
0.1694588,2,pca_sar,1,2
0.18470313,2,pca_sar,1,2
0.24175459,2,pca_sar,1,2
0.23055078,2,pca_sar,1,2
0.23384714,2,pca_sar,1,2
0.18562399,2,pca_sar,1,2
0.12933008,2,pca_sar,1,2
0.06429298,2,pca_sar,1,2
0.02518341,2,pca_sar,1,2
0.0653346,2,pca_sar,1,2
0.102363765,2,pca_sar,1,2
0.15715393,2,pca_sar,1,2
0.18833646,2,pca_sar,1,2
0.2744845,2,pca_sar,1,2
0.2053259,2,pca_sar,1,2
0.25902689,2,pca_sar,1,2
0.27266577,2,pca_sar,1,2
0.24098638,2,pca_sar,1,2
0.16776678,2,pca_sar,1,2
0.1144657,2,pca_sar,1,2
0.05123878,2,pca_sar,1,2
0.052520975,2,pca_sar,1,2
0.12667927,2,pca_sar,1,2
0.12506688,2,pca_sar,1,2
0.124485865,2,pca_sar,1,2
0.13664457,2,pca_sar,1,2
0.2755091,2,pca_sar,1,2
0.23402083,2,pca_sar,1,2
0.21280353,2,pca_sar,1,2
0.20603424,2,pca_sar,1,2
0.20925106,2,pca_sar,1,2
0.1965818,2,pca_sar,1,2
0.13769233,2,pca_sar,1,2
0.087046444,2,pca_sar,1,2
0.114831634,2,pca_sar,1,2
0.20677426,2,pca_sar,1,2
0.184722,2,pca_sar,1,2
0.1323506,2,pca_sar,1,2
0.148164,2,pca_sar,1,2
0.25388962,2,pca_sar,1,2
0.22542667,2,pca_sar,1,2
0.20342052,2,pca_sar,1,2
0.16654775,2,pca_sar,1,2
0.16931547,2,pca_sar,1,2
0.14700803,2,pca_sar,1,2
0.14432107,2,pca_sar,1,2
0.12501794,2,pca_sar,1,2
0.11641562,2,pca_sar,1,2
0.226452,2,pca_sar,1,2
0.22743416,2,pca_sar,1,2
0.15971032,2,pca_sar,1,2
0.20006031,2,pca_sar,1,2
0.031234656,2,pca_sar,1,2
0.07248221,2,pca_sar,1,2
0.2503547,2,pca_sar,1,2
0.23523356,2,pca_sar,1,2
0.24356413,2,pca_sar,1,2
0.20339179,2,pca_sar,1,2
0.20944518,2,pca_sar,1,2
0.18931699,2,pca_sar,1,2
0.1778625,2,pca_sar,1,2
0.14573312,2,pca_sar,1,2
0.15697755,2,pca_sar,1,2
0.23907112,2,pca_sar,1,2
0.24943192,2,pca_sar,1,2
0.20701313,2,pca_sar,1,2
0.21357618,2,pca_sar,1,2
0.05363016,2,pca_sar,1,2
0.0812146,2,pca_sar,1,2
0.18994507,2,pca_sar,1,2
0.1359641,2,pca_sar,1,2
0.21201378,2,pca_sar,1,2
0.17962396,2,pca_sar,1,2
0.20002435,2,pca_sar,1,2
0.19512449,2,pca_sar,1,2
0.22598305,2,pca_sar,1,2
0.16021283,2,pca_sar,1,2
0.120394096,2,pca_sar,1,2
0.15425108,2,pca_sar,1,2
0.15448582,2,pca_sar,1,2
0.10512126,2,pca_sar,1,2
0.17448686,2,pca_sar,1,2
0.10939734,2,pca_sar,1,2
0.19080807,2,pca_sar,1,2
0.045706093,2,pca_sar,1,2
0.1974517,2,pca_sar,1,2
0.1266153,2,pca_sar,1,2
0.02066344,2,pca_sar,1,2
0.08449928,2,pca_sar,1,2
0.21927576,2,pca_sar,1,2
0.15396196,2,pca_sar,1,2
0.22411087,2,pca_sar,1,2
0.16049555,2,pca_sar,1,2
0.1107166,2,pca_sar,1,2
0.10072344,2,pca_sar,1,2
0.16778222,2,pca_sar,1,2
0.040370863,7,pca_sar,1,2
0.04346082,7,pca_sar,1,2
0.063223556,7,pca_sar,1,2
0.065816164,7,pca_sar,1,2
0.1881966,7,pca_sar,1,2
0.13458055,7,pca_sar,1,2
0.11790426,7,pca_sar,1,2
0.09315895,7,pca_sar,1,2
0.093127556,7,pca_sar,1,2
0.09807403,7,pca_sar,1,2
0.17384964,7,pca_sar,1,2
0.14159948,7,pca_sar,1,2
0.20277666,7,pca_sar,1,2
0.14854538,7,pca_sar,1,2
0.08159161,7,pca_sar,1,2
0.13386151,7,pca_sar,1,2
0.16616067,7,pca_sar,1,2
0.19703892,7,pca_sar,1,2
0.19417107,7,pca_sar,1,2
0.18429357,7,pca_sar,1,2
0.19433366,7,pca_sar,1,2
0.15776896,7,pca_sar,1,2
0.08551486,7,pca_sar,1,2
0.050338957,7,pca_sar,1,2
0.14927831,7,pca_sar,1,2
0.20534588,7,pca_sar,1,2
0.13597341,7,pca_sar,1,2
0.0629403,7,pca_sar,1,2
0.097388096,7,pca_sar,1,2
0.17601492,7,pca_sar,1,2
0.15368912,7,pca_sar,1,2
0.19534095,7,pca_sar,1,2
0.19114861,7,pca_sar,1,2
0.15348561,7,pca_sar,1,2
0.11242298,7,pca_sar,1,2
0.037822932,7,pca_sar,1,2
-0.023700977,7,pca_sar,1,2
0.1148828,7,pca_sar,1,2
0.10034464,7,pca_sar,1,2
0.15381481,7,pca_sar,1,2
0.22069141,7,pca_sar,1,2
0.20857453,7,pca_sar,1,2
0.15818337,7,pca_sar,1,2
0.17710087,7,pca_sar,1,2
0.20850576,7,pca_sar,1,2
0.2167365,7,pca_sar,1,2
0.16981749,7,pca_sar,1,2
0.0832614,7,pca_sar,1,2
0.16736849,7,pca_sar,1,2
0.11157224,7,pca_sar,1,2
0.14348489,7,pca_sar,1,2
0.19504562,7,pca_sar,1,2
0.16969246,7,pca_sar,1,2
0.074477725,7,pca_sar,1,2
0.103427745,7,pca_sar,1,2
0.09865513,7,pca_sar,1,2
0.13295929,7,pca_sar,1,2
0.20185016,7,pca_sar,1,2
0.15433659,7,pca_sar,1,2
0.11901268,7,pca_sar,1,2
0.10163404,7,pca_sar,1,2
0.13584912,7,pca_sar,1,2
0.1373576,7,pca_sar,1,2
0.08763112,7,pca_sar,1,2
0.05971408,7,pca_sar,1,2
0.033728383,7,pca_sar,1,2
0.14762841,7,pca_sar,1,2
0.13756828,7,pca_sar,1,2
0.09314299,7,pca_sar,1,2
0.096946925,7,pca_sar,1,2
0.123594426,7,pca_sar,1,2
0.19417274,7,pca_sar,1,2
0.14856778,7,pca_sar,1,2
0.057829987,7,pca_sar,1,2
0.042999834,7,pca_sar,1,2
0.12976259,7,pca_sar,1,2
-0.00043226033,7,pca_sar,1,2
-0.026066184,7,pca_sar,1,2
0.046180878,7,pca_sar,1,2
0.07564247,7,pca_sar,1,2
0.07434653,7,pca_sar,1,2
0.081940785,7,pca_sar,1,2
0.06814749,7,pca_sar,1,2
0.1494646,7,pca_sar,1,2
0.0888531,7,pca_sar,1,2
0.061523855,7,pca_sar,1,2
0.0778571,7,pca_sar,1,2
0.120383576,7,pca_sar,1,2
0.08976101,7,pca_sar,1,2
0.1056719,7,pca_sar,1,2
0.060166538,7,pca_sar,1,2
0.13358948,7,pca_sar,1,2
0.11607255,7,pca_sar,1,2
0.11773864,7,pca_sar,1,2
0.21497488,7,pca_sar,1,2
0.11101545,7,pca_sar,1,2
0.097771525,7,pca_sar,1,2
0.15583491,7,pca_sar,1,2
0.148864,7,pca_sar,1,2
0.10972149,7,pca_sar,1,2
0.08991793,7,pca_sar,1,2
0.13876864,7,pca_sar,1,2
0.06590303,7,pca_sar,1,2
0.032403257,7,pca_sar,1,2
0.15393457,7,pca_sar,1,2
0.1678308,7,pca_sar,1,2
0.09248838,7,pca_sar,1,2
0.13206281,7,pca_sar,1,2
0.13688666,7,pca_sar,1,2
0.09740172,7,pca_sar,1,2
0.15339318,7,pca_sar,1,2
0.15525323,7,pca_sar,1,2
0.12719405,7,pca_sar,1,2
0.07838177,7,pca_sar,1,2
0.066870816,7,pca_sar,1,2
0.13571331,7,pca_sar,1,2
0.15519048,7,pca_sar,1,2
0.073904514,7,pca_sar,1,2
0.034387004,7,pca_sar,1,2
0.14613235,7,pca_sar,1,2
0.15795761,7,pca_sar,1,2
0.17718425,7,pca_sar,1,2
0.0839853,7,pca_sar,1,2
0.007580096,7,pca_sar,1,2
0.11100364,7,pca_sar,1,2
0.056007456,7,pca_sar,1,2
0.1502899,7,pca_sar,1,2
0.16506168,7,pca_sar,1,2
0.09463091,7,pca_sar,1,2
0.03189128,7,pca_sar,1,2
0.037847295,7,pca_sar,1,2
0.073587574,7,pca_sar,1,2
0.16186243,7,pca_sar,1,2
0.16600654,7,pca_sar,1,2
0.05539669,7,pca_sar,1,2
-0.011596888,7,pca_sar,1,2
0.009368153,7,pca_sar,1,2
0.13577254,7,pca_sar,1,2
0.16916008,7,pca_sar,1,2
0.08305276,7,pca_sar,1,2
0.0034600869,7,pca_sar,1,2
0.049478088,7,pca_sar,1,2
0.13146067,7,pca_sar,1,2
0.15564887,7,pca_sar,1,2
0.09873037,7,pca_sar,1,2
0.02911032,7,pca_sar,1,2
0.08134349,7,pca_sar,1,2
0.13801917,7,pca_sar,1,2
0.13700244,7,pca_sar,1,2
0.048956808,7,pca_sar,1,2
-0.0038193539,7,pca_sar,1,2
0.062446952,7,pca_sar,1,2
0.29162103,2,pca_sar,1,2
0.26582244,2,pca_sar,1,2
0.2631101,2,pca_sar,1,2
0.26307184,2,pca_sar,1,2
0.21826775,2,pca_sar,1,2
0.20960265,2,pca_sar,1,2
0.22029012,2,pca_sar,1,2
0.23766261,2,pca_sar,1,2
0.1598105,2,pca_sar,1,2
0.16793299,2,pca_sar,1,2
0.17904502,2,pca_sar,1,2
0.15317214,2,pca_sar,1,2
0.19868085,2,pca_sar,1,2
0.17519495,2,pca_sar,1,2
0.19093883,2,pca_sar,1,2
0.08585891,2,pca_sar,1,2
0.12098797,2,pca_sar,1,2
0.13118261,2,pca_sar,1,2
0.11481668,2,pca_sar,1,2
0.066779755,2,pca_sar,1,2
0.14142501,2,pca_sar,1,2
0.14536577,2,pca_sar,1,2
0.17165002,2,pca_sar,1,2
0.16754974,2,pca_sar,1,2
0.051320106,2,pca_sar,1,2
0.04867114,2,pca_sar,1,2
0.14244089,2,pca_sar,1,2
0.36890632,2,pca_sar,1,2
0.23140517,2,pca_sar,1,2
0.23495114,2,pca_sar,1,2
0.2430765,2,pca_sar,1,2
0.24673873,2,pca_sar,1,2
0.24327832,2,pca_sar,1,2
0.2516602,2,pca_sar,1,2
0.22048125,2,pca_sar,1,2
0.1751945,2,pca_sar,1,2
0.16535443,2,pca_sar,1,2
0.15724245,2,pca_sar,1,2
0.14387786,2,pca_sar,1,2
0.142782,2,pca_sar,1,2
0.17213425,2,pca_sar,1,2
0.23479757,2,pca_sar,1,2
0.15275805,2,pca_sar,1,2
0.09764712,2,pca_sar,1,2
0.065534696,2,pca_sar,1,2
0.014671337,2,pca_sar,1,2
0.026662255,2,pca_sar,1,2
0.10558961,2,pca_sar,1,2
0.16573423,2,pca_sar,1,2
0.16621542,2,pca_sar,1,2
0.13787884,2,pca_sar,1,2
0.042899825,2,pca_sar,1,2
0.062297177,2,pca_sar,1,2
0.12989646,2,pca_sar,1,2
0.21660401,7,pca_sar,1,2
0.2112276,7,pca_sar,1,2
0.10892318,7,pca_sar,1,2
0.046864957,7,pca_sar,1,2
0.13878876,7,pca_sar,1,2
0.19949326,7,pca_sar,1,2
0.1855507,7,pca_sar,1,2
0.06595234,7,pca_sar,1,2
0.04217043,7,pca_sar,1,2
0.11057765,7,pca_sar,1,2
0.1405702,7,pca_sar,1,2
0.14206633,7,pca_sar,1,2
0.08437588,7,pca_sar,1,2
0.02635618,7,pca_sar,1,2
0.058601666,7,pca_sar,1,2
0.21583994,7,pca_sar,1,2
0.1894549,7,pca_sar,1,2
0.15244752,7,pca_sar,1,2
0.14337893,7,pca_sar,1,2
0.13385797,7,pca_sar,1,2
0.06839849,7,pca_sar,1,2
0.12781957,7,pca_sar,1,2
0.09862708,7,pca_sar,1,2
0.013128445,7,pca_sar,1,2
0.037648015,7,pca_sar,1,2
0.11644373,7,pca_sar,1,2
0.15395394,7,pca_sar,1,2
0.06690364,7,pca_sar,1,2
0.011606976,7,pca_sar,1,2
0.04552449,7,pca_sar,1,2
0.23590706,7,pca_sar,1,2
0.16621956,7,pca_sar,1,2
0.19802639,7,pca_sar,1,2
0.17689084,7,pca_sar,1,2
0.09367271,7,pca_sar,1,2
0.12879865,7,pca_sar,1,2
0.15823966,7,pca_sar,1,2
0.14836559,7,pca_sar,1,2
0.04881011,7,pca_sar,1,2
-0.02477538,7,pca_sar,1,2
0.06573049,7,pca_sar,1,2
0.08392059,7,pca_sar,1,2
0.11601934,7,pca_sar,1,2
0.11923123,7,pca_sar,1,2
0.17388873,7,pca_sar,1,2
0.046216406,7,pca_sar,1,2
-0.032732934,7,pca_sar,1,2
0.07770265,7,pca_sar,1,2
0.06970017,7,pca_sar,1,2
0.035984043,7,pca_sar,1,2
0.09522778,7,pca_sar,1,2
0.10065248,7,pca_sar,1,2
0.001606741,7,pca_sar,1,2
-0.014141701,7,pca_sar,1,2
0.09748168,7,pca_sar,1,2
0.031438094,7,pca_sar,1,2
0.12867369,7,pca_sar,1,2
0.1746752,7,pca_sar,1,2
0.18545538,7,pca_sar,1,2
0.12819421,7,pca_sar,1,2
0.10413196,7,pca_sar,1,2
0.0880952,7,pca_sar,1,2
0.08394046,7,pca_sar,1,2
0.31002146,7,pca_sar,1,2
0.39420253,7,pca_sar,1,2
0.34325284,7,pca_sar,1,2
0.21715224,7,pca_sar,1,2
0.2754366,7,pca_sar,1,2
0.2964854,7,pca_sar,1,2
0.18456466,7,pca_sar,1,2
0.19439405,7,pca_sar,1,2
0.19572312,7,pca_sar,1,2
0.23429158,7,pca_sar,1,2
0.1289952,7,pca_sar,1,2
0.1729474,7,pca_sar,1,2
0.14283155,7,pca_sar,1,2
0.1660218,7,pca_sar,1,2
0.0865996,7,pca_sar,1,2
-0.022906076,7,pca_sar,1,2
0.124256715,7,pca_sar,1,2
0.15415497,7,pca_sar,1,2
0.16574775,7,pca_sar,1,2
0.18882158,7,pca_sar,1,2
0.1739728,7,pca_sar,1,2
0.0159874,7,pca_sar,1,2
-0.092819564,7,pca_sar,1,2
0.058635965,7,pca_sar,1,2
0.09183601,7,pca_sar,1,2
0.14088865,7,pca_sar,1,2
0.15281105,7,pca_sar,1,2
0.08862794,7,pca_sar,1,2
-0.013672028,7,pca_sar,1,2
-0.040792547,7,pca_sar,1,2
0.05808988,7,pca_sar,1,2
0.0508885,7,pca_sar,1,2
0.15404063,7,pca_sar,1,2
0.18557751,7,pca_sar,1,2
0.12901154,7,pca_sar,1,2
0.045439646,7,pca_sar,1,2
0.059426755,7,pca_sar,1,2
0.098032534,7,pca_sar,1,2
0.07373644,7,pca_sar,1,2
0.32411993,7,pca_sar,1,2
0.31487897,7,pca_sar,1,2
0.24711922,7,pca_sar,1,2
0.13870019,7,pca_sar,1,2
0.20311928,7,pca_sar,1,2
0.25446975,7,pca_sar,1,2
0.27863893,8,pca_sar,1,2
0.3003541,8,pca_sar,1,2
0.3251807,8,pca_sar,1,2
0.2869131,8,pca_sar,1,2
0.08689374,8,pca_sar,1,2
0.07196919,8,pca_sar,1,2
-0.02460861,8,pca_sar,1,2
0.007239025,8,pca_sar,1,2
0.05926997,8,pca_sar,1,2
0.068319604,8,pca_sar,1,2
0.061015517,8,pca_sar,1,2
0.10429326,8,pca_sar,1,2
0.07136039,8,pca_sar,1,2
0.053245887,8,pca_sar,1,2
0.16497613,8,pca_sar,1,2
0.029683542,8,pca_sar,1,2
0.09048787,8,pca_sar,1,2
0.042170983,8,pca_sar,1,2
0.0878752,8,pca_sar,1,2
0.044674322,8,pca_sar,1,2
0.05143909,8,pca_sar,1,2
0.10754707,8,pca_sar,1,2
0.10796589,8,pca_sar,1,2
0.08285091,8,pca_sar,1,2
0.080743365,8,pca_sar,1,2
0.19921406,8,pca_sar,1,2
0.191899,8,pca_sar,1,2
0.10319573,8,pca_sar,1,2
0.1169962,8,pca_sar,1,2
0.13297838,8,pca_sar,1,2
0.14611259,8,pca_sar,1,2
0.1696071,8,pca_sar,1,2
0.1234681,8,pca_sar,1,2
0.16087368,8,pca_sar,1,2
0.11185713,8,pca_sar,1,2
0.17546928,8,pca_sar,1,2
0.10772033,8,pca_sar,1,2
0.19751385,8,pca_sar,1,2
0.22470051,8,pca_sar,1,2
0.14703082,8,pca_sar,1,2
0.13956614,8,pca_sar,1,2
0.13042295,8,pca_sar,1,2
0.076474845,8,pca_sar,1,2
0.12604271,8,pca_sar,1,2
0.12116082,8,pca_sar,1,2
0.15664057,8,pca_sar,1,2
0.1066224,8,pca_sar,1,2
0.12751037,8,pca_sar,1,2
0.25563943,8,pca_sar,1,2
0.27610326,8,pca_sar,1,2
0.27323154,8,pca_sar,1,2
0.2154201,8,pca_sar,1,2
0.17750601,8,pca_sar,1,2
0.08618053,8,pca_sar,1,2
0.15777767,8,pca_sar,1,2
0.16944721,8,pca_sar,1,2
0.21059643,8,pca_sar,1,2
0.1636495,8,pca_sar,1,2
0.11022062,8,pca_sar,1,2
0.2241899,8,pca_sar,1,2
0.23831487,8,pca_sar,1,2
0.2246592,8,pca_sar,1,2
0.20577021,8,pca_sar,1,2
0.16226591,8,pca_sar,1,2
0.07751829,8,pca_sar,1,2
0.12617758,8,pca_sar,1,2
0.14356282,8,pca_sar,1,2
0.13556132,8,pca_sar,1,2
0.18087918,8,pca_sar,1,2
0.1948286,8,pca_sar,1,2
0.19174835,8,pca_sar,1,2
0.10141346,8,pca_sar,1,2
0.065970145,8,pca_sar,1,2
0.030999877,8,pca_sar,1,2
-0.028511452,8,pca_sar,1,2
0.010193042,8,pca_sar,1,2
0.08700407,8,pca_sar,1,2
0.10207561,8,pca_sar,1,2
0.09573347,8,pca_sar,1,2
0.10115848,8,pca_sar,1,2
0.017972909,8,pca_sar,1,2
0.051801845,8,pca_sar,1,2
0.09152309,8,pca_sar,1,2
0.06651968,8,pca_sar,1,2
0.05804527,8,pca_sar,1,2
0.010340031,8,pca_sar,1,2
0.08219113,8,pca_sar,1,2
0.06342575,8,pca_sar,1,2
0.053193748,8,pca_sar,1,2
0.10463184,8,pca_sar,1,2
0.16398546,8,pca_sar,1,2
0.12728687,8,pca_sar,1,2
0.14385374,8,pca_sar,1,2
0.10400958,8,pca_sar,1,2
0.059330802,8,pca_sar,1,2
0.13330641,8,pca_sar,1,2
0.24008721,8,pca_sar,1,2
0.19215839,8,pca_sar,1,2
0.15338117,8,pca_sar,1,2
0.1767401,8,pca_sar,1,2
0.20284382,8,pca_sar,1,2
0.21037239,8,pca_sar,1,2
0.1218525,8,pca_sar,1,2
0.05950147,8,pca_sar,1,2
0.10261284,8,pca_sar,1,2
0.09891452,8,pca_sar,1,2
0.19122843,8,pca_sar,1,2
0.25886515,8,pca_sar,1,2
0.22760108,8,pca_sar,1,2
0.14775679,8,pca_sar,1,2
0.1253542,8,pca_sar,1,2
0.15384103,8,pca_sar,1,2
0.17359638,8,pca_sar,1,2
0.11278798,8,pca_sar,1,2
0.19638143,8,pca_sar,1,2
0.19811721,8,pca_sar,1,2
0.22975111,8,pca_sar,1,2
0.2804799,8,pca_sar,1,2
0.2584517,8,pca_sar,1,2
0.13578378,8,pca_sar,1,2
0.13913518,8,pca_sar,1,2
0.18479954,8,pca_sar,1,2
0.18849576,8,pca_sar,1,2
0.16926423,8,pca_sar,1,2
0.21731976,8,pca_sar,1,2
0.19220024,8,pca_sar,1,2
0.20276532,8,pca_sar,1,2
0.22880302,8,pca_sar,1,2
0.19685799,8,pca_sar,1,2
0.1156898,8,pca_sar,1,2
0.251897,8,pca_sar,1,2
0.2418412,8,pca_sar,1,2
0.15208982,8,pca_sar,1,2
0.10160756,8,pca_sar,1,2
0.12833545,8,pca_sar,1,2
0.107684046,8,pca_sar,1,2
0.24937756,7,pca_sar,1,2
0.23830333,7,pca_sar,1,2
0.24726838,7,pca_sar,1,2
0.25046563,7,pca_sar,1,2
0.07230558,7,pca_sar,1,2
0.23180285,7,pca_sar,1,2
0.25131094,7,pca_sar,1,2
0.23829228,7,pca_sar,1,2
0.047756072,7,pca_sar,1,2
-0.059034556,7,pca_sar,1,2
0.08853864,7,pca_sar,1,2
0.10022299,7,pca_sar,1,2
0.26291502,7,pca_sar,1,2
0.21605831,7,pca_sar,1,2
0.19992094,7,pca_sar,1,2
0.022174994,7,pca_sar,1,2
-0.07453766,7,pca_sar,1,2
0.09692024,7,pca_sar,1,2
0.041642454,7,pca_sar,1,2
0.20057353,7,pca_sar,1,2
0.19006908,7,pca_sar,1,2
0.14626676,7,pca_sar,1,2
0.03700749,7,pca_sar,1,2
0.0331908,7,pca_sar,1,2
0.14620006,7,pca_sar,1,2
0.10442813,7,pca_sar,1,2
0.11241785,7,pca_sar,1,2
0.1580241,7,pca_sar,1,2
0.13194138,7,pca_sar,1,2
0.08209388,7,pca_sar,1,2
0.023129009,7,pca_sar,1,2
0.1551427,7,pca_sar,1,2
0.11644462,7,pca_sar,1,2
0.06515089,7,pca_sar,1,2
0.16047055,7,pca_sar,1,2
0.1283348,7,pca_sar,1,2
0.01594532,7,pca_sar,1,2
0.12860231,7,pca_sar,1,2
0.07637977,7,pca_sar,1,2
0.06297555,7,pca_sar,1,2
0.12300145,7,pca_sar,1,2
0.15741922,7,pca_sar,1,2
0.069750845,7,pca_sar,1,2
0.08565894,7,pca_sar,1,2
0.045115404,7,pca_sar,1,2
0.1275547,7,pca_sar,1,2
0.14794707,7,pca_sar,1,2
0.13029265,7,pca_sar,1,2
0.09676115,7,pca_sar,1,2
0.04648535,7,pca_sar,1,2
0.14400673,7,pca_sar,1,2
0.14194728,7,pca_sar,1,2
0.20520294,7,pca_sar,1,2
0.0919285,7,pca_sar,1,2
0.106343806,7,pca_sar,1,2
0.06730087,7,pca_sar,1,2
0.18435612,7,pca_sar,1,2
0.17793176,7,pca_sar,1,2
0.06868123,7,pca_sar,1,2
0.13252464,7,pca_sar,1,2
0.12434222,7,pca_sar,1,2
0.25045738,7,pca_sar,1,2
0.25638223,7,pca_sar,1,2
0.21863872,7,pca_sar,1,2
0.17172837,7,pca_sar,1,2
0.11958199,7,pca_sar,1,2
0.15662685,7,pca_sar,1,2
0.18432249,7,pca_sar,1,2
0.15499027,7,pca_sar,1,2
0.07712887,7,pca_sar,1,2
0.009116655,7,pca_sar,1,2
0.17177297,7,pca_sar,1,2
0.16858974,7,pca_sar,1,2
0.18445557,7,pca_sar,1,2
0.1893685,7,pca_sar,1,2
0.19733974,7,pca_sar,1,2
0.047632046,7,pca_sar,1,2
-0.0047457246,7,pca_sar,1,2
0.11580437,7,pca_sar,1,2
0.08301632,7,pca_sar,1,2
0.21307552,7,pca_sar,1,2
0.22185078,7,pca_sar,1,2
0.1433636,7,pca_sar,1,2
0.07640103,7,pca_sar,1,2
0.049137957,7,pca_sar,1,2
0.11360161,7,pca_sar,1,2
0.08993384,7,pca_sar,1,2
0.1995271,7,pca_sar,1,2
0.16845861,7,pca_sar,1,2
0.09697342,7,pca_sar,1,2
0.102310024,7,pca_sar,1,2
0.044524167,7,pca_sar,1,2
0.1481193,7,pca_sar,1,2
0.115495324,7,pca_sar,1,2
0.03780378,7,pca_sar,1,2
0.1004705,7,pca_sar,1,2
0.09544464,7,pca_sar,1,2
0.027927987,7,pca_sar,1,2
0.1306388,7,pca_sar,1,2
0.060044482,7,pca_sar,1,2
0.0660025,7,pca_sar,1,2
0.12444809,7,pca_sar,1,2
0.17653406,7,pca_sar,1,2
0.098561645,7,pca_sar,1,2
0.08311631,7,pca_sar,1,2
0.063558556,7,pca_sar,1,2
0.1213853,7,pca_sar,1,2
0.18956627,7,pca_sar,1,2
0.15387727,7,pca_sar,1,2
0.05311775,7,pca_sar,1,2
0.045360163,7,pca_sar,1,2
0.20560208,7,pca_sar,1,2
0.15130782,7,pca_sar,1,2
0.11987802,7,pca_sar,1,2
0.06189498,7,pca_sar,1,2
0.108133405,7,pca_sar,1,2
0.06607656,7,pca_sar,1,2
0.14193174,7,pca_sar,1,2
0.08791413,7,pca_sar,1,2
0.12147838,7,pca_sar,1,2
0.15948822,7,pca_sar,1,2
0.10512865,7,pca_sar,1,2
0.2684167,8,pca_sar,1,2
0.34379604,8,pca_sar,1,2
0.3362826,8,pca_sar,1,2
0.31814888,8,pca_sar,1,2
0.06833112,8,pca_sar,1,2
0.043327577,8,pca_sar,1,2
0.0023650387,8,pca_sar,1,2
0.07893753,8,pca_sar,1,2
0.06851796,8,pca_sar,1,2
0.04459389,8,pca_sar,1,2
0.029410379,8,pca_sar,1,2
0.055139855,8,pca_sar,1,2
0.07942721,8,pca_sar,1,2
0.14149806,8,pca_sar,1,2
0.16523883,8,pca_sar,1,2
0.05994652,8,pca_sar,1,2
0.13010076,8,pca_sar,1,2
0.06379965,8,pca_sar,1,2
0.061066724,8,pca_sar,1,2
0.022447657,8,pca_sar,1,2
0.03034764,8,pca_sar,1,2
0.055553637,8,pca_sar,1,2
0.027910156,8,pca_sar,1,2
0.0822564,8,pca_sar,1,2
0.10510232,8,pca_sar,1,2
0.12725772,8,pca_sar,1,2
0.12822434,8,pca_sar,1,2
0.02776213,8,pca_sar,1,2
0.045004256,8,pca_sar,1,2
0.11036016,8,pca_sar,1,2
0.12897979,8,pca_sar,1,2
0.17054206,8,pca_sar,1,2
0.07824035,8,pca_sar,1,2
0.08080172,8,pca_sar,1,2
0.03859411,8,pca_sar,1,2
0.07739127,8,pca_sar,1,2
0.09754759,8,pca_sar,1,2
0.112270705,8,pca_sar,1,2
0.18966666,8,pca_sar,1,2
0.055109754,8,pca_sar,1,2
0.059847984,8,pca_sar,1,2
0.10800457,8,pca_sar,1,2
0.119350545,8,pca_sar,1,2
0.22359358,8,pca_sar,1,2
0.15469849,8,pca_sar,1,2
0.14548531,8,pca_sar,1,2
0.14259574,8,pca_sar,1,2
0.13880123,8,pca_sar,1,2
0.11489372,8,pca_sar,1,2
0.12445092,8,pca_sar,1,2
0.120343864,8,pca_sar,1,2
0.11236681,8,pca_sar,1,2
0.1319053,8,pca_sar,1,2
0.14274833,8,pca_sar,1,2
0.27921656,8,pca_sar,1,2
0.19536287,8,pca_sar,1,2
0.18462418,8,pca_sar,1,2
0.16433756,8,pca_sar,1,2
0.091188885,8,pca_sar,1,2
0.070405066,8,pca_sar,1,2
0.10080218,8,pca_sar,1,2
0.12730774,8,pca_sar,1,2
0.11849646,8,pca_sar,1,2
0.14982642,8,pca_sar,1,2
0.15257832,8,pca_sar,1,2
0.11151295,8,pca_sar,1,2
0.08129641,8,pca_sar,1,2
0.104057744,8,pca_sar,1,2
0.09378469,8,pca_sar,1,2
0.09953265,8,pca_sar,1,2
0.18986529,8,pca_sar,1,2
0.15552858,8,pca_sar,1,2
0.13502675,2,pca_sar,1,2
0.16923815,2,pca_sar,1,2
0.1292243,2,pca_sar,1,2
-0.08712287,2,pca_sar,1,2
0.11024135,2,pca_sar,1,2
0.12495682,2,pca_sar,1,2
0.13869213,2,pca_sar,1,2
0.10378595,2,pca_sar,1,2
0.110581845,2,pca_sar,1,2
0.15338483,2,pca_sar,1,2
-0.027008392,2,pca_sar,1,2
0.0369336,2,pca_sar,1,2
0.10677181,2,pca_sar,1,2
0.11092058,2,pca_sar,1,2
0.07805672,2,pca_sar,1,2
0.1644993,2,pca_sar,1,2
0.17843044,2,pca_sar,1,2
0.15577748,2,pca_sar,1,2
0.11553536,2,pca_sar,1,2
0.119199745,2,pca_sar,1,2
0.07197352,2,pca_sar,1,2
0.024134155,2,pca_sar,1,2
0.030162567,2,pca_sar,1,2
0.12315323,2,pca_sar,1,2
0.16835645,2,pca_sar,1,2
0.17126594,2,pca_sar,1,2
0.35893968,2,pca_sar,1,2
0.33181792,2,pca_sar,1,2
0.3598215,2,pca_sar,1,2
0.37259546,2,pca_sar,1,2
0.34194785,2,pca_sar,1,2
0.2421023,2,pca_sar,1,2
0.22492595,2,pca_sar,1,2
0.24233574,2,pca_sar,1,2
0.30555663,2,pca_sar,1,2
0.36515558,2,pca_sar,1,2
0.3671656,2,pca_sar,1,2
0.08061871,8,pca_sar,1,2
0.08823233,8,pca_sar,1,2
-0.015233977,8,pca_sar,1,2
0.030180464,8,pca_sar,1,2
0.05076544,8,pca_sar,1,2
0.02967687,8,pca_sar,1,2
0.06886116,8,pca_sar,1,2
0.12912376,8,pca_sar,1,2
0.07048872,8,pca_sar,1,2
0.090701215,8,pca_sar,1,2
0.17881069,8,pca_sar,1,2
0.11022996,8,pca_sar,1,2
0.15276721,8,pca_sar,1,2
0.17332105,8,pca_sar,1,2
0.22708999,8,pca_sar,1,2
0.2104348,8,pca_sar,1,2
0.1687957,8,pca_sar,1,2
0.17609873,8,pca_sar,1,2
0.21213731,8,pca_sar,1,2
0.18693373,8,pca_sar,1,2
0.23801956,8,pca_sar,1,2
0.1885328,8,pca_sar,1,2
0.040240847,8,pca_sar,1,2
0.07614088,8,pca_sar,1,2
0.11970036,8,pca_sar,1,2
0.19297867,8,pca_sar,1,2
0.25331733,8,pca_sar,1,2
0.288796,8,pca_sar,1,2
0.26151386,8,pca_sar,1,2
0.21042632,8,pca_sar,1,2
0.17340267,8,pca_sar,1,2
0.22356696,8,pca_sar,1,2
0.08240857,8,pca_sar,1,2
0.13231522,8,pca_sar,1,2
0.20973518,8,pca_sar,1,2
0.1620923,8,pca_sar,1,2
0.22510016,8,pca_sar,1,2
0.30724013,8,pca_sar,1,2
0.34089077,8,pca_sar,1,2
0.27431408,8,pca_sar,1,2
0.17387453,8,pca_sar,1,2
0.13914576,8,pca_sar,1,2
0.17130244,8,pca_sar,1,2
0.2113767,8,pca_sar,1,2
0.21426144,8,pca_sar,1,2
0.16425481,8,pca_sar,1,2
0.15903682,8,pca_sar,1,2
0.1943978,8,pca_sar,1,2
0.27931717,8,pca_sar,1,2
0.21589336,8,pca_sar,1,2
0.20336524,8,pca_sar,1,2
0.14702839,8,pca_sar,1,2
0.15710634,8,pca_sar,1,2
0.15374641,8,pca_sar,1,2
0.113426164,8,pca_sar,1,2
0.06816916,8,pca_sar,1,2
0.049781848,8,pca_sar,1,2
0.0644906,8,pca_sar,1,2
0.2063078,8,pca_sar,1,2
0.11888124,8,pca_sar,1,2
0.09457007,8,pca_sar,1,2
0.060756877,8,pca_sar,1,2
0.1011432,8,pca_sar,1,2
0.10778463,8,pca_sar,1,2
0.26007956,2,pca_sar,1,2
0.2645795,2,pca_sar,1,2
0.21645907,2,pca_sar,1,2
0.00080530345,2,pca_sar,1,2
0.07745295,2,pca_sar,1,2
0.12684372,2,pca_sar,1,2
0.16093287,2,pca_sar,1,2
0.16499737,2,pca_sar,1,2
0.18085733,2,pca_sar,1,2
0.20196632,2,pca_sar,1,2
0.04059875,2,pca_sar,1,2
0.031100398,2,pca_sar,1,2
0.12726377,2,pca_sar,1,2
0.1443719,2,pca_sar,1,2
0.15360561,2,pca_sar,1,2
0.14724755,2,pca_sar,1,2
0.1343027,2,pca_sar,1,2
0.1492959,2,pca_sar,1,2
0.19517411,2,pca_sar,1,2
0.23120435,2,pca_sar,1,2
0.20291118,2,pca_sar,1,2
0.15437007,2,pca_sar,1,2
0.12060431,2,pca_sar,1,2
0.1672042,2,pca_sar,1,2
0.14263973,2,pca_sar,1,2
0.17967129,2,pca_sar,1,2
0.36409757,2,pca_sar,1,2
0.3405798,2,pca_sar,1,2
0.40894765,2,pca_sar,1,2
0.42734843,2,pca_sar,1,2
0.4290865,2,pca_sar,1,2
0.44050705,2,pca_sar,1,2
0.36840868,2,pca_sar,1,2
0.24384725,2,pca_sar,1,2
0.33343816,2,pca_sar,1,2
0.3449831,2,pca_sar,1,2
0.3546247,2,pca_sar,1,2
0.1471482,7,pca_sar,1,2
0.14628789,7,pca_sar,1,2
0.2310542,7,pca_sar,1,2
0.16949037,7,pca_sar,1,2
0.12529352,7,pca_sar,1,2
0.10555644,7,pca_sar,1,2
0.14717051,7,pca_sar,1,2
0.08579144,7,pca_sar,1,2
0.03878024,7,pca_sar,1,2
0.002106009,7,pca_sar,1,2
-0.0249773,7,pca_sar,1,2
0.09828952,7,pca_sar,1,2
0.058051027,7,pca_sar,1,2
0.03475444,7,pca_sar,1,2
0.040979177,7,pca_sar,1,2
0.06604446,7,pca_sar,1,2
0.044732526,7,pca_sar,1,2
0.011676583,7,pca_sar,1,2
0.061178844,7,pca_sar,1,2
0.09279793,7,pca_sar,1,2
0.03836883,7,pca_sar,1,2
0.051393714,7,pca_sar,1,2
0.09927449,7,pca_sar,1,2
0.13946901,7,pca_sar,1,2
0.18618083,7,pca_sar,1,2
0.13920364,7,pca_sar,1,2
0.13733897,7,pca_sar,1,2
0.1894971,7,pca_sar,1,2
0.18300846,7,pca_sar,1,2
0.103873104,7,pca_sar,1,2
0.030195199,7,pca_sar,1,2
0.019034013,7,pca_sar,1,2
0.052589893,7,pca_sar,1,2
0.03038541,7,pca_sar,1,2
0.09006953,7,pca_sar,1,2
0.09416904,7,pca_sar,1,2
0.08475641,7,pca_sar,1,2
0.038295507,7,pca_sar,1,2
0.122281566,7,pca_sar,1,2
0.09742774,7,pca_sar,1,2
0.062219635,7,pca_sar,1,2
0.08453453,7,pca_sar,1,2
0.11046973,7,pca_sar,1,2
0.096508175,7,pca_sar,1,2
0.18064514,2,pca_sar,1,2
0.1953115,2,pca_sar,1,2
0.20652142,2,pca_sar,1,2
-0.00033537485,2,pca_sar,1,2
0.12988624,2,pca_sar,1,2
0.08682649,2,pca_sar,1,2
0.15690246,2,pca_sar,1,2
0.071671896,2,pca_sar,1,2
0.081597656,2,pca_sar,1,2
0.14136943,2,pca_sar,1,2
0.03900627,2,pca_sar,1,2
0.051682953,2,pca_sar,1,2
0.0651619,2,pca_sar,1,2
0.17643481,2,pca_sar,1,2
0.050933834,2,pca_sar,1,2
0.11180198,2,pca_sar,1,2
0.13375719,2,pca_sar,1,2
0.10472706,2,pca_sar,1,2
0.124905884,2,pca_sar,1,2
0.117085256,2,pca_sar,1,2
0.12741885,2,pca_sar,1,2
0.120077424,2,pca_sar,1,2
0.13026828,2,pca_sar,1,2
0.114235416,2,pca_sar,1,2
0.1267101,2,pca_sar,1,2
0.18168318,2,pca_sar,1,2
0.095967084,2,pca_sar,1,2
0.05897755,2,pca_sar,1,2
0.06799544,2,pca_sar,1,2
0.07574807,2,pca_sar,1,2
0.0812877,2,pca_sar,1,2
0.10909337,2,pca_sar,1,2
0.099374406,2,pca_sar,1,2
0.08899918,2,pca_sar,1,2
0.130689,2,pca_sar,1,2
0.09057099,2,pca_sar,1,2
0.09332532,2,pca_sar,1,2
0.03216649,2,pca_sar,1,2
0.091113836,2,pca_sar,1,2
0.055531718,2,pca_sar,1,2
0.037767086,2,pca_sar,1,2
0.026835212,2,pca_sar,1,2
0.02146427,2,pca_sar,1,2
0.04928848,2,pca_sar,1,2
0.12126998,2,pca_sar,1,2
0.06602898,2,pca_sar,1,2
0.06040411,2,pca_sar,1,2
0.08303815,2,pca_sar,1,2
0.0815628,2,pca_sar,1,2
0.14296716,2,pca_sar,1,2
0.08460036,2,pca_sar,1,2
0.15912576,2,pca_sar,1,2
0.14738727,2,pca_sar,1,2
0.19988209,2,pca_sar,1,2
0.18951455,2,pca_sar,1,2
0.14538276,2,pca_sar,1,2
0.19876105,2,pca_sar,1,2
0.21598274,2,pca_sar,1,2
0.17422703,2,pca_sar,1,2
0.20288934,2,pca_sar,1,2
0.19169047,2,pca_sar,1,2
0.23392029,2,pca_sar,1,2
-0.019951299,2,pca_sar,1,2
0.10402904,2,pca_sar,1,2
0.121985555,2,pca_sar,1,2
0.16358353,2,pca_sar,1,2
0.2123232,2,pca_sar,1,2
0.21667017,2,pca_sar,1,2
0.26445377,2,pca_sar,1,2
-0.02883935,2,pca_sar,1,2
-0.020499412,2,pca_sar,1,2
0.034801964,2,pca_sar,1,2
0.11234329,2,pca_sar,1,2
0.1300751,2,pca_sar,1,2
0.045713242,2,pca_sar,1,2
0.07352766,2,pca_sar,1,2
0.19247027,2,pca_sar,1,2
0.14697035,2,pca_sar,1,2
0.111165546,2,pca_sar,1,2
0.13831212,2,pca_sar,1,2
0.15675609,2,pca_sar,1,2
0.17839864,2,pca_sar,1,2
0.24238423,2,pca_sar,1,2
0.18673497,2,pca_sar,1,2
0.20391966,2,pca_sar,1,2
0.11919791,2,pca_sar,1,2
0.14237867,2,pca_sar,1,2
0.18824191,2,pca_sar,1,2
0.14825197,2,pca_sar,1,2
0.09949887,2,pca_sar,1,2
0.15165631,2,pca_sar,1,2
0.19000062,2,pca_sar,1,2
0.23191953,2,pca_sar,1,2
0.24661528,2,pca_sar,1,2
0.18222159,2,pca_sar,1,2
0.19246566,2,pca_sar,1,2
0.09602975,2,pca_sar,1,2
0.15529114,2,pca_sar,1,2
0.076644376,2,pca_sar,1,2
0.036062557,2,pca_sar,1,2
0.039562408,2,pca_sar,1,2
0.13731234,2,pca_sar,1,2
0.26820597,2,pca_sar,1,2
0.2995574,2,pca_sar,1,2
0.21945389,2,pca_sar,1,2
0.179939,2,pca_sar,1,2
0.11949309,2,pca_sar,1,2
0.08131629,2,pca_sar,1,2
0.04908058,2,pca_sar,1,2
0.11871414,2,pca_sar,1,2
0.085002296,2,pca_sar,1,2
0.13804618,2,pca_sar,1,2
0.062444843,2,pca_sar,1,2
0.15894379,2,pca_sar,1,2
0.15724668,2,pca_sar,1,2
0.11814536,2,pca_sar,1,2
0.2042104,2,pca_sar,1,2
0.20209652,2,pca_sar,1,2
0.31312,2,pca_sar,1,2
0.32860416,2,pca_sar,1,2
0.21565057,2,pca_sar,1,2
0.21426414,2,pca_sar,1,2
0.23354849,2,pca_sar,1,2
0.20537114,2,pca_sar,1,2
0.21657413,2,pca_sar,1,2
0.28158584,2,pca_sar,1,2
0.3100972,2,pca_sar,1,2
0.31090835,2,pca_sar,1,2
0.10588994,2,pca_sar,1,2
0.0996868,2,pca_sar,1,2
0.058073908,2,pca_sar,1,2
0.08893342,2,pca_sar,1,2
0.016581062,2,pca_sar,1,2
0.09354749,2,pca_sar,1,2
0.044966053,2,pca_sar,1,2
0.048496414,2,pca_sar,1,2
0.022761168,2,pca_sar,1,2
0.12875752,2,pca_sar,1,2
0.1439862,2,pca_sar,1,2
0.12242514,2,pca_sar,1,2
0.26394746,2,pca_sar,1,2
0.3124497,2,pca_sar,1,2
0.3088972,2,pca_sar,1,2
0.26714683,2,pca_sar,1,2
0.2526809,2,pca_sar,1,2
0.26675087,2,pca_sar,1,2
0.2836543,2,pca_sar,1,2
0.35723203,2,pca_sar,1,2
0.33406186,2,pca_sar,1,2
0.3040801,2,pca_sar,1,2
0.17180648,2,pca_sar,1,2
0.14570881,2,pca_sar,1,2
0.15450718,2,pca_sar,1,2
0.11898014,2,pca_sar,1,2
0.14774962,2,pca_sar,1,2
0.15478238,2,pca_sar,1,2
0.15429528,2,pca_sar,1,2
0.15422054,2,pca_sar,1,2
0.1232004,2,pca_sar,1,2
0.14821056,2,pca_sar,1,2
0.17287529,2,pca_sar,1,2
0.11438566,2,pca_sar,1,2
0.107182525,8,pca_sar,1,2
-0.026678327,8,pca_sar,1,2
0.0012446307,8,pca_sar,1,2
0.11983603,8,pca_sar,1,2
-0.021189539,8,pca_sar,1,2
0.017007656,8,pca_sar,1,2
0.11561885,8,pca_sar,1,2
0.1295146,8,pca_sar,1,2
0.3095227,8,pca_sar,1,2
0.010957357,8,pca_sar,1,2
-0.006419331,8,pca_sar,1,2
0.03397794,8,pca_sar,1,2
0.041684948,8,pca_sar,1,2
0.1124255,8,pca_sar,1,2
0.21419427,8,pca_sar,1,2
0.25190142,8,pca_sar,1,2
0.3568446,8,pca_sar,1,2
-0.024938256,8,pca_sar,1,2
-0.019350052,8,pca_sar,1,2
0.07843929,8,pca_sar,1,2
0.10494075,8,pca_sar,1,2
0.15692106,8,pca_sar,1,2
0.20287792,8,pca_sar,1,2
0.2545693,8,pca_sar,1,2
0.38476408,8,pca_sar,1,2
-0.03774095,8,pca_sar,1,2
0.09887066,8,pca_sar,1,2
0.17275724,8,pca_sar,1,2
0.19728489,8,pca_sar,1,2
0.17130363,8,pca_sar,1,2
0.15319413,8,pca_sar,1,2
0.31636178,8,pca_sar,1,2
0.04364786,8,pca_sar,1,2
0.11657477,8,pca_sar,1,2
0.2243782,8,pca_sar,1,2
0.20641068,8,pca_sar,1,2
0.19513878,8,pca_sar,1,2
0.17868856,8,pca_sar,1,2
0.36281377,8,pca_sar,1,2
0.1742461,8,pca_sar,1,2
0.2623676,8,pca_sar,1,2
0.19747257,8,pca_sar,1,2
0.16909395,8,pca_sar,1,2
0.23902397,8,pca_sar,1,2
0.41990006,8,pca_sar,1,2
0.18272367,8,pca_sar,1,2
0.1436766,8,pca_sar,1,2
0.14924796,8,pca_sar,1,2
0.33409947,8,pca_sar,1,2
0.02436596,8,pca_sar,1,2
-0.065652445,8,pca_sar,1,2
0.091474384,8,pca_sar,1,2
0.0999247,8,pca_sar,1,2
0.011526205,8,pca_sar,1,2
0.11240718,8,pca_sar,1,2
0.14496626,8,pca_sar,1,2
0.1982211,8,pca_sar,1,2
0.15728563,8,pca_sar,1,2
0.041230533,8,pca_sar,1,2
-0.060510524,8,pca_sar,1,2
0.020041406,8,pca_sar,1,2
0.05753146,8,pca_sar,1,2
0.2179147,8,pca_sar,1,2
0.24600098,8,pca_sar,1,2
0.24955612,8,pca_sar,1,2
0.20295912,8,pca_sar,1,2
0.11392642,8,pca_sar,1,2
0.055590734,8,pca_sar,1,2
-0.033049926,8,pca_sar,1,2
0.081513196,8,pca_sar,1,2
0.091942795,8,pca_sar,1,2
0.26347166,8,pca_sar,1,2
0.30385828,8,pca_sar,1,2
0.26521903,8,pca_sar,1,2
0.20737487,8,pca_sar,1,2
0.091936484,8,pca_sar,1,2
0.09202755,8,pca_sar,1,2
0.14128354,8,pca_sar,1,2
-0.0017422773,8,pca_sar,1,2
0.16094092,8,pca_sar,1,2
0.12241109,8,pca_sar,1,2
0.21413836,8,pca_sar,1,2
0.22286096,8,pca_sar,1,2
0.20356327,8,pca_sar,1,2
0.20259735,8,pca_sar,1,2
0.16291842,8,pca_sar,1,2
0.09516093,8,pca_sar,1,2
0.08178699,8,pca_sar,1,2
0.04752004,8,pca_sar,1,2
0.19514409,8,pca_sar,1,2
0.15220714,8,pca_sar,1,2
0.1882959,8,pca_sar,1,2
0.19549489,8,pca_sar,1,2
0.14651895,8,pca_sar,1,2
0.1670532,8,pca_sar,1,2
0.1357638,8,pca_sar,1,2
0.13041611,8,pca_sar,1,2
0.064122036,8,pca_sar,1,2
0.28331757,8,pca_sar,1,2
0.18708552,8,pca_sar,1,2
0.15657037,8,pca_sar,1,2
0.16852331,8,pca_sar,1,2
0.19615078,8,pca_sar,1,2
0.25090557,8,pca_sar,1,2
0.2174412,8,pca_sar,1,2
0.1460197,8,pca_sar,1,2
0.16026926,8,pca_sar,1,2
0.26396096,8,pca_sar,1,2
0.35405058,8,pca_sar,1,2
0.2953909,8,pca_sar,1,2
0.37549603,8,pca_sar,1,2
0.32742646,8,pca_sar,1,2
0.24441029,8,pca_sar,1,2
0.16802007,8,pca_sar,1,2
0.21219,8,pca_sar,1,2
0.13299625,8,pca_sar,1,2
0.06972003,8,pca_sar,1,2
0.20575476,8,pca_sar,1,2
0.12466487,8,pca_sar,1,2
-0.019540463,8,pca_sar,1,2
0.19703467,8,pca_sar,1,2
0.20994984,8,pca_sar,1,2
0.24069801,8,pca_sar,1,2
0.11885245,8,pca_sar,1,2
0.12570006,8,pca_sar,1,2
0.11867763,8,pca_sar,1,2
0.14077365,8,pca_sar,1,2
0.16256145,8,pca_sar,1,2
0.1698062,8,pca_sar,1,2
0.30780524,8,pca_sar,1,2
0.47661525,8,pca_sar,1,2
0.020606715,8,pca_sar,1,2
-0.011293376,8,pca_sar,1,2
0.10254165,8,pca_sar,1,2
0.15996966,8,pca_sar,1,2
0.2853529,8,pca_sar,1,2
0.2738548,8,pca_sar,1,2
0.33668795,8,pca_sar,1,2
0.5131906,8,pca_sar,1,2
0.020447984,8,pca_sar,1,2
-0.041200627,8,pca_sar,1,2
0.119066685,8,pca_sar,1,2
0.16756281,8,pca_sar,1,2
0.2586974,8,pca_sar,1,2
0.28105488,8,pca_sar,1,2
0.34462222,8,pca_sar,1,2
0.5021394,8,pca_sar,1,2
0.051678214,8,pca_sar,1,2
0.18654026,8,pca_sar,1,2
0.17314291,8,pca_sar,1,2
0.17858693,8,pca_sar,1,2
0.20200261,8,pca_sar,1,2
0.2426331,8,pca_sar,1,2
0.43454054,8,pca_sar,1,2
0.048124652,8,pca_sar,1,2
0.22710684,8,pca_sar,1,2
0.22373967,8,pca_sar,1,2
0.17835666,8,pca_sar,1,2
0.19524163,8,pca_sar,1,2
0.2065314,8,pca_sar,1,2
0.4488855,8,pca_sar,1,2
0.22805664,8,pca_sar,1,2
0.23619993,8,pca_sar,1,2
0.15739888,8,pca_sar,1,2
0.17347832,8,pca_sar,1,2
0.1734996,8,pca_sar,1,2
0.42292508,8,pca_sar,1,2
0.14010137,8,pca_sar,1,2
0.15814683,8,pca_sar,1,2
0.1322305,8,pca_sar,1,2
0.3389486,8,pca_sar,1,2
0.28395617,8,pca_sar,1,2
0.27983963,8,pca_sar,1,2
0.23209527,8,pca_sar,1,2
0.19952518,8,pca_sar,1,2
0.19655263,8,pca_sar,1,2
0.17437756,8,pca_sar,1,2
0.15032712,8,pca_sar,1,2
0.1359446,8,pca_sar,1,2
0.11119447,8,pca_sar,1,2
0.22901516,8,pca_sar,1,2
0.24732657,8,pca_sar,1,2
0.20894033,8,pca_sar,1,2
0.17306033,8,pca_sar,1,2
0.091241166,8,pca_sar,1,2
0.015815198,8,pca_sar,1,2
0.04289766,8,pca_sar,1,2
0.016057044,8,pca_sar,1,2
-0.0045878217,8,pca_sar,1,2
0.18638617,8,pca_sar,1,2
0.15793535,8,pca_sar,1,2
0.13428637,8,pca_sar,1,2
0.10816257,8,pca_sar,1,2
0.091296054,8,pca_sar,1,2
0.05766016,8,pca_sar,1,2
0.00036737695,8,pca_sar,1,2
0.1566878,8,pca_sar,1,2
0.12955722,8,pca_sar,1,2
0.08419491,8,pca_sar,1,2
0.039473742,8,pca_sar,1,2
0.17555475,8,pca_sar,1,2
0.18463156,8,pca_sar,1,2
0.043719765,8,pca_sar,1,2
0.11913595,8,pca_sar,1,2
0.11681168,8,pca_sar,1,2
0.106536545,8,pca_sar,1,2
0.11408952,8,pca_sar,1,2
0.08773001,8,pca_sar,1,2
0.013659075,8,pca_sar,1,2
0.17888263,8,pca_sar,1,2
0.100722015,8,pca_sar,1,2
-0.02329963,8,pca_sar,1,2
0.0413241,8,pca_sar,1,2
0.14085957,8,pca_sar,1,2
0.14674768,8,pca_sar,1,2
0.20135857,8,pca_sar,1,2
0.24727063,8,pca_sar,1,2
0.20009851,8,pca_sar,1,2
0.18950224,8,pca_sar,1,2
0.22642884,8,pca_sar,1,2
0.25463396,8,pca_sar,1,2
-0.070552066,8,pca_sar,1,2
-0.020205824,8,pca_sar,1,2
0.18735704,8,pca_sar,1,2
0.18350077,8,pca_sar,1,2
0.12282697,8,pca_sar,1,2
0.14234284,8,pca_sar,1,2
0.15598382,8,pca_sar,1,2
0.16319546,8,pca_sar,1,2
0.18598038,8,pca_sar,1,2
-0.06150284,8,pca_sar,1,2
-0.041374344,8,pca_sar,1,2
0.092518896,8,pca_sar,1,2
0.11684011,8,pca_sar,1,2
0.15487231,8,pca_sar,1,2
0.1630832,8,pca_sar,1,2
0.16289198,8,pca_sar,1,2
0.18071087,8,pca_sar,1,2
0.20621574,8,pca_sar,1,2
0.20266147,8,pca_sar,1,2
0.1689184,8,pca_sar,1,2
-0.031600278,8,pca_sar,1,2
0.13532913,8,pca_sar,1,2
0.15240125,8,pca_sar,1,2
0.16369125,8,pca_sar,1,2
0.17101718,8,pca_sar,1,2
0.15918696,8,pca_sar,1,2
0.15862171,8,pca_sar,1,2
0.20346084,8,pca_sar,1,2
0.18763751,8,pca_sar,1,2
0.16597009,8,pca_sar,1,2
0.039842144,8,pca_sar,1,2
0.19338742,8,pca_sar,1,2
0.22293556,8,pca_sar,1,2
0.17583671,8,pca_sar,1,2
0.16865624,8,pca_sar,1,2
0.16459534,8,pca_sar,1,2
0.16286711,8,pca_sar,1,2
0.16642787,8,pca_sar,1,2
0.17378062,8,pca_sar,1,2
0.091639884,8,pca_sar,1,2
0.18508047,8,pca_sar,1,2
0.21478161,8,pca_sar,1,2
0.15214284,8,pca_sar,1,2
0.14808343,8,pca_sar,1,2
0.15372834,8,pca_sar,1,2
0.113982454,8,pca_sar,1,2
0.09857137,8,pca_sar,1,2
0.19271769,8,pca_sar,1,2
0.16719204,8,pca_sar,1,2
0.17507897,8,pca_sar,1,2
0.152107,8,pca_sar,1,2
0.12819073,8,pca_sar,1,2
0.3552816,8,pca_sar,1,2
0.34336096,8,pca_sar,1,2
0.32205367,8,pca_sar,1,2
0.25414497,8,pca_sar,1,2
0.2326219,8,pca_sar,1,2
0.2882042,8,pca_sar,1,2
0.13857311,8,pca_sar,1,2
0.08024618,8,pca_sar,1,2
0.044628836,8,pca_sar,1,2
0.26673985,8,pca_sar,1,2
0.23532254,8,pca_sar,1,2
0.18454963,8,pca_sar,1,2
0.15700507,8,pca_sar,1,2
0.09947321,8,pca_sar,1,2
0.048501864,8,pca_sar,1,2
0.019627638,8,pca_sar,1,2
-0.0191023,8,pca_sar,1,2
0.0040024873,8,pca_sar,1,2
0.18596625,8,pca_sar,1,2
0.18416223,8,pca_sar,1,2
0.15743643,8,pca_sar,1,2
0.15557095,8,pca_sar,1,2
0.07647388,8,pca_sar,1,2
0.025875164,8,pca_sar,1,2
0.037477784,8,pca_sar,1,2
0.22129735,8,pca_sar,1,2
0.27076036,8,pca_sar,1,2
0.2182495,8,pca_sar,1,2
0.13805415,8,pca_sar,1,2
0.13269474,8,pca_sar,1,2
0.10824664,8,pca_sar,1,2
0.049202878,8,pca_sar,1,2
0.24032846,8,pca_sar,1,2
0.26732898,8,pca_sar,1,2
0.18905443,8,pca_sar,1,2
0.1438053,8,pca_sar,1,2
0.06547852,8,pca_sar,1,2
0.029188503,8,pca_sar,1,2
0.20470151,8,pca_sar,1,2
0.079379536,8,pca_sar,1,2
-0.000537063,8,pca_sar,1,2
0.27816075,8,pca_sar,1,2
0.2789385,8,pca_sar,1,2
0.19715023,8,pca_sar,1,2
0.1740402,8,pca_sar,1,2
0.24639542,8,pca_sar,1,2
0.1380812,8,pca_sar,1,2
0.12736535,8,pca_sar,1,2
0.2590501,8,pca_sar,1,2
0.12780376,8,pca_sar,1,2
0.12572238,8,pca_sar,1,2
0.22636232,8,pca_sar,1,2
0.20400748,8,pca_sar,1,2
0.43433076,2,pca_sar,1,2
0.5590324,2,pca_sar,1,2
0.18939534,2,pca_sar,1,2
0.114313915,2,pca_sar,1,2
0.10487331,2,pca_sar,1,2
0.07645058,2,pca_sar,1,2
0.35281798,2,pca_sar,1,2
0.30603606,2,pca_sar,1,2
0.285027,2,pca_sar,1,2
0.25165838,2,pca_sar,1,2
0.26746064,2,pca_sar,1,2
0.0837507,2,pca_sar,1,2
0.024598774,2,pca_sar,1,2
0.40736705,2,pca_sar,1,2
0.26970768,2,pca_sar,1,2
0.18880044,2,pca_sar,1,2
0.24185386,8,pca_sar,1,2
0.2602079,8,pca_sar,1,2
0.317631,8,pca_sar,1,2
0.39189178,8,pca_sar,1,2
0.4470304,8,pca_sar,1,2
0.33245116,8,pca_sar,1,2
0.17098606,8,pca_sar,1,2
0.13997036,8,pca_sar,1,2
0.11980894,8,pca_sar,1,2
0.16245633,8,pca_sar,1,2
0.21539274,8,pca_sar,1,2
0.24857384,8,pca_sar,1,2
0.2279744,8,pca_sar,1,2
0.20639822,8,pca_sar,1,2
0.12619771,8,pca_sar,1,2
0.14132556,8,pca_sar,1,2
0.16622014,8,pca_sar,1,2
0.10494423,8,pca_sar,1,2
0.18409388,8,pca_sar,1,2
0.18713373,8,pca_sar,1,2
0.18847507,8,pca_sar,1,2
0.15307647,8,pca_sar,1,2
0.1784129,8,pca_sar,1,2
0.08402492,8,pca_sar,1,2
0.0357962,8,pca_sar,1,2
0.20529866,8,pca_sar,1,2
0.17288011,8,pca_sar,1,2
0.12519237,8,pca_sar,1,2
0.07265099,8,pca_sar,1,2
0.1414186,8,pca_sar,1,2
0.09028563,8,pca_sar,1,2
0.008143544,8,pca_sar,1,2
0.17944887,8,pca_sar,1,2
0.17927924,8,pca_sar,1,2
0.11594998,8,pca_sar,1,2
0.229754,8,pca_sar,1,2
0.21546361,8,pca_sar,1,2
0.14238584,8,pca_sar,1,2
0.16159613,8,pca_sar,1,2
0.14011781,8,pca_sar,1,2
0.004884552,8,pca_sar,1,2
0.18520644,8,pca_sar,1,2
0.14144719,8,pca_sar,1,2
0.17992711,8,pca_sar,1,2
0.18871948,8,pca_sar,1,2
0.20370218,8,pca_sar,1,2
0.17202239,8,pca_sar,1,2
0.19580099,8,pca_sar,1,2
0.19262666,8,pca_sar,1,2
0.14910986,8,pca_sar,1,2
0.13050568,8,pca_sar,1,2
0.12491142,8,pca_sar,1,2
0.15394035,8,pca_sar,1,2
0.15480676,8,pca_sar,1,2
0.12687819,8,pca_sar,1,2
0.08593918,8,pca_sar,1,2
0.12859088,8,pca_sar,1,2
0.09452331,8,pca_sar,1,2
0.08720406,8,pca_sar,1,2
0.17037287,8,pca_sar,1,2
0.22005233,8,pca_sar,1,2
0.1881261,8,pca_sar,1,2
0.11131121,8,pca_sar,1,2
0.048112232,8,pca_sar,1,2
0.03363259,8,pca_sar,1,2
0.007569869,8,pca_sar,1,2
0.17808172,8,pca_sar,1,2
0.23005272,8,pca_sar,1,2
0.22029191,8,pca_sar,1,2
0.04341919,8,pca_sar,1,2
-0.02956146,8,pca_sar,1,2
0.04357841,8,pca_sar,1,2
0.010630792,8,pca_sar,1,2
0.16327175,8,pca_sar,1,2
0.14290479,8,pca_sar,1,2
0.094506845,8,pca_sar,1,2
0.09917083,8,pca_sar,1,2
0.042908177,8,pca_sar,1,2
-0.003934471,8,pca_sar,1,2
0.07499284,8,pca_sar,1,2
0.021540608,8,pca_sar,1,2
-0.027938263,8,pca_sar,1,2
0.37161785,2,pca_sar,1,2
0.35116756,2,pca_sar,1,2
0.168995,2,pca_sar,1,2
0.12654592,2,pca_sar,1,2
0.11386712,2,pca_sar,1,2
0.10312079,2,pca_sar,1,2
0.21951976,2,pca_sar,1,2
0.14233825,2,pca_sar,1,2
0.111929506,2,pca_sar,1,2
0.117977664,2,pca_sar,1,2
0.096360594,2,pca_sar,1,2
0.1738494,2,pca_sar,1,2
0.19693474,2,pca_sar,1,2
0.06262219,2,pca_sar,1,2
0.123248026,2,pca_sar,1,2
0.18562795,2,pca_sar,1,2
0.2141571,2,pca_sar,1,2
0.07695572,2,pca_sar,1,2
0.23574153,2,pca_sar,1,2
0.1200649,2,pca_sar,1,2
0.020928234,2,pca_sar,1,2
0.23832709,2,pca_sar,1,2
0.23743156,2,pca_sar,1,2
0.12793615,2,pca_sar,1,2
0.08317532,2,pca_sar,1,2
0.14480093,2,pca_sar,1,2
0.056852914,2,pca_sar,1,2
0.0660449,2,pca_sar,1,2
0.09740855,2,pca_sar,1,2
0.13617069,2,pca_sar,1,2
0.13927817,2,pca_sar,1,2
0.17964296,2,pca_sar,1,2
0.22298321,2,pca_sar,1,2
0.15220118,2,pca_sar,1,2
0.2227322,2,pca_sar,1,2
0.13374251,2,pca_sar,1,2
0.14752269,2,pca_sar,1,2
0.18594283,2,pca_sar,1,2
0.08343524,2,pca_sar,1,2
0.03090816,2,pca_sar,1,2
0.063983776,2,pca_sar,1,2
-0.042873614,2,pca_sar,1,2
0.11965671,2,pca_sar,1,2
0.045313776,2,pca_sar,1,2
0.09494482,2,pca_sar,1,2
-0.028833732,2,pca_sar,1,2
0.115890294,2,pca_sar,1,2
0.09551174,2,pca_sar,1,2
0.10909,2,pca_sar,1,2
0.13432792,2,pca_sar,1,2
0.18609075,2,pca_sar,1,2
0.14810184,2,pca_sar,1,2
0.16352823,2,pca_sar,1,2
0.19942021,2,pca_sar,1,2
0.22219256,2,pca_sar,1,2
0.18652782,2,pca_sar,1,2
0.17629081,2,pca_sar,1,2
0.22517508,2,pca_sar,1,2
0.24685968,2,pca_sar,1,2
0.17620763,2,pca_sar,1,2
0.22410879,2,pca_sar,1,2
0.17335486,2,pca_sar,1,2
0.21589488,2,pca_sar,1,2
0.20206898,2,pca_sar,1,2
0.2518224,2,pca_sar,1,2
0.15514049,2,pca_sar,1,2
0.26045683,2,pca_sar,1,2
0.27353483,2,pca_sar,1,2
0.18743202,2,pca_sar,1,2
0.03715009,2,pca_sar,1,2
0.05449584,2,pca_sar,1,2
0.14270239,2,pca_sar,1,2
0.060476527,2,pca_sar,1,2
0.1967188,2,pca_sar,1,2
0.22670135,2,pca_sar,1,2
0.16877009,2,pca_sar,1,2
0.10229145,2,pca_sar,1,2
0.17407191,2,pca_sar,1,2
0.20005108,2,pca_sar,1,2
0.17155665,2,pca_sar,1,2
0.18745662,2,pca_sar,1,2
0.17275311,2,pca_sar,1,2
0.20672655,2,pca_sar,1,2
0.17613927,2,pca_sar,1,2
0.16264251,2,pca_sar,1,2
0.15010895,2,pca_sar,1,2
0.13450617,2,pca_sar,1,2
0.19451556,2,pca_sar,1,2
0.25487977,2,pca_sar,1,2
0.15869868,2,pca_sar,1,2
0.31199485,2,pca_sar,1,2
0.3386004,2,pca_sar,1,2
0.16675416,2,pca_sar,1,2
0.03391903,2,pca_sar,1,2
0.1817775,2,pca_sar,1,2
0.20190075,2,pca_sar,1,2
0.14305487,2,pca_sar,1,2
0.2095719,2,pca_sar,1,2
0.19369976,2,pca_sar,1,2
0.20439464,2,pca_sar,1,2
0.16961178,2,pca_sar,1,2
0.18508908,2,pca_sar,1,2
0.20835972,2,pca_sar,1,2
0.24476716,2,pca_sar,1,2
0.21803278,2,pca_sar,1,2
0.17731406,2,pca_sar,1,2
0.24253264,2,pca_sar,1,2
0.2843368,2,pca_sar,1,2
0.24393383,2,pca_sar,1,2
0.2692402,2,pca_sar,1,2
0.27068895,2,pca_sar,1,2
0.26066428,2,pca_sar,1,2
0.28060344,7,pca_sar,1,2
0.25686336,7,pca_sar,1,2
0.23149878,7,pca_sar,1,2
0.09361776,7,pca_sar,1,2
0.14589524,7,pca_sar,1,2
0.18558058,7,pca_sar,1,2
0.109430075,7,pca_sar,1,2
0.05560298,7,pca_sar,1,2
0.09946314,7,pca_sar,1,2
0.35861564,7,pca_sar,1,2
0.0055006687,7,pca_sar,1,2
0.01332126,7,pca_sar,1,2
0.14938635,7,pca_sar,1,2
0.37163815,7,pca_sar,1,2
0.007440755,7,pca_sar,1,2
0.11617455,7,pca_sar,1,2
0.15716335,7,pca_sar,1,2
0.33713305,7,pca_sar,1,2
0.03464268,7,pca_sar,1,2
0.054274112,7,pca_sar,1,2
-0.006244718,7,pca_sar,1,2
0.18463859,7,pca_sar,1,2
0.14295185,7,pca_sar,1,2
0.18175109,7,pca_sar,1,2
0.1740351,7,pca_sar,1,2
0.290536,7,pca_sar,1,2
0.25133842,7,pca_sar,1,2
0.22050418,7,pca_sar,1,2
0.15478969,7,pca_sar,1,2
0.13829507,7,pca_sar,1,2
0.20729293,7,pca_sar,1,2
0.09138423,7,pca_sar,1,2
0.13290578,7,pca_sar,1,2
0.20923212,7,pca_sar,1,2
0.24548304,7,pca_sar,1,2
0.04521921,7,pca_sar,1,2
0.051374197,7,pca_sar,1,2
0.1054315,7,pca_sar,1,2
0.09018332,7,pca_sar,1,2
0.08822962,7,pca_sar,1,2
0.010292985,7,pca_sar,1,2
0.03029447,7,pca_sar,1,2
0.054502673,7,pca_sar,1,2
0.076692775,7,pca_sar,1,2
0.12082757,7,pca_sar,1,2
0.041340746,7,pca_sar,1,2
-0.067358196,7,pca_sar,1,2
-0.029129576,7,pca_sar,1,2
0.0018761372,7,pca_sar,1,2
0.057498097,7,pca_sar,1,2
0.033997476,7,pca_sar,1,2
-0.017851584,7,pca_sar,1,2
-0.031178303,7,pca_sar,1,2
-0.055761732,7,pca_sar,1,2
0.0011399649,7,pca_sar,1,2
0.040204264,7,pca_sar,1,2
0.0035427064,7,pca_sar,1,2
0.020790994,7,pca_sar,1,2
0.0123007,7,pca_sar,1,2
-0.02732075,7,pca_sar,1,2
0.030683562,7,pca_sar,1,2
0.103596,7,pca_sar,1,2
0.0990053,7,pca_sar,1,2
0.14238936,7,pca_sar,1,2
0.10887936,7,pca_sar,1,2
0.092858545,7,pca_sar,1,2
0.013466895,7,pca_sar,1,2
0.097855866,7,pca_sar,1,2
0.12186542,7,pca_sar,1,2
0.14669779,7,pca_sar,1,2
0.009543702,7,pca_sar,1,2
0.1306728,7,pca_sar,1,2
0.17798619,7,pca_sar,1,2
0.106297925,7,pca_sar,1,2
0.1134665,7,pca_sar,1,2
0.1019849,7,pca_sar,1,2
0.07564907,7,pca_sar,1,2
0.06024207,7,pca_sar,1,2
0.12573019,7,pca_sar,1,2
0.09842985,7,pca_sar,1,2
0.069049016,7,pca_sar,1,2
0.27947566,7,pca_sar,1,2
0.061953444,7,pca_sar,1,2
0.09183377,7,pca_sar,1,2
0.05987997,7,pca_sar,1,2
0.25206122,7,pca_sar,1,2
0.09379018,7,pca_sar,1,2
0.14728954,7,pca_sar,1,2
0.08184073,7,pca_sar,1,2
0.3159514,7,pca_sar,1,2
-0.055374768,7,pca_sar,1,2
0.03427626,7,pca_sar,1,2
0.044288203,7,pca_sar,1,2
0.29830843,7,pca_sar,1,2
0.266681,7,pca_sar,1,2
0.26624796,7,pca_sar,1,2
0.18070373,7,pca_sar,1,2
0.25267005,7,pca_sar,1,2
0.27203095,7,pca_sar,1,2
0.22607447,7,pca_sar,1,2
0.08459371,7,pca_sar,1,2
0.077656,7,pca_sar,1,2
0.13391018,7,pca_sar,1,2
0.034252834,7,pca_sar,1,2
0.053059876,7,pca_sar,1,2
0.1324128,7,pca_sar,1,2
0.20319894,7,pca_sar,1,2
0.08422043,7,pca_sar,1,2
0.067275085,7,pca_sar,1,2
0.098128796,7,pca_sar,1,2
0.15586002,7,pca_sar,1,2
0.17486101,7,pca_sar,1,2
0.10072854,7,pca_sar,1,2
0.09277195,7,pca_sar,1,2
0.06271295,7,pca_sar,1,2
0.08962365,7,pca_sar,1,2
0.14940628,7,pca_sar,1,2
0.12542665,7,pca_sar,1,2
-0.016210822,7,pca_sar,1,2
-0.007079458,7,pca_sar,1,2
-0.035064816,7,pca_sar,1,2
0.014733639,7,pca_sar,1,2
0.049110435,7,pca_sar,1,2
0.017439993,7,pca_sar,1,2
0.02148394,7,pca_sar,1,2
0.027343754,7,pca_sar,1,2
0.08850878,7,pca_sar,1,2
0.1148721,7,pca_sar,1,2
0.0160649,7,pca_sar,1,2
0.057420705,7,pca_sar,1,2
0.04277814,7,pca_sar,1,2
-0.04910814,7,pca_sar,1,2
0.03180065,7,pca_sar,1,2
0.1762064,7,pca_sar,1,2
0.18962473,7,pca_sar,1,2
0.24741125,7,pca_sar,1,2
0.21039012,7,pca_sar,1,2
0.16568804,7,pca_sar,1,2
0.13470702,7,pca_sar,1,2
0.24666642,7,pca_sar,1,2
0.2717154,7,pca_sar,1,2
0.12414102,7,pca_sar,1,2
0.01954722,7,pca_sar,1,2
0.14842571,7,pca_sar,1,2
0.2472169,6,pca_sar,1,2
0.2150021,6,pca_sar,1,2
0.2235364,6,pca_sar,1,2
0.24790588,6,pca_sar,1,2
0.29262593,6,pca_sar,1,2
0.31290868,6,pca_sar,1,2
0.26206255,6,pca_sar,1,2
0.25727013,6,pca_sar,1,2
0.25748554,6,pca_sar,1,2
0.2735017,6,pca_sar,1,2
0.34435678,6,pca_sar,1,2
0.22918665,6,pca_sar,1,2
0.23099539,6,pca_sar,1,2
0.32748878,6,pca_sar,1,2
0.33647227,6,pca_sar,1,2
0.313234,6,pca_sar,1,2
0.20476148,6,pca_sar,1,2
0.23073325,6,pca_sar,1,2
0.30831972,6,pca_sar,1,2
0.263373,6,pca_sar,1,2
0.29776478,6,pca_sar,1,2
0.3053275,6,pca_sar,1,2
0.302508,6,pca_sar,1,2
0.26995674,6,pca_sar,1,2
0.26964593,6,pca_sar,1,2
0.30959958,6,pca_sar,1,2
0.35833764,6,pca_sar,1,2
0.18819979,6,pca_sar,1,2
0.20456204,6,pca_sar,1,2
0.2899603,6,pca_sar,1,2
0.3049978,6,pca_sar,1,2
0.3577471,6,pca_sar,1,2
0.3387453,6,pca_sar,1,2
0.30977613,6,pca_sar,1,2
0.27017552,6,pca_sar,1,2
0.2680617,6,pca_sar,1,2
0.29343084,6,pca_sar,1,2
0.31538633,6,pca_sar,1,2
0.30548936,6,pca_sar,1,2
0.28267145,6,pca_sar,1,2
0.29611093,6,pca_sar,1,2
0.321103,6,pca_sar,1,2
0.37227857,6,pca_sar,1,2
0.25289303,6,pca_sar,1,2
0.24502727,6,pca_sar,1,2
0.29223025,6,pca_sar,1,2
0.34130794,6,pca_sar,1,2
0.43005076,6,pca_sar,1,2
0.2866026,6,pca_sar,1,2
0.26468793,6,pca_sar,1,2
0.30466077,6,pca_sar,1,2
0.23644784,6,pca_sar,1,2
0.22247693,6,pca_sar,1,2
0.2875682,6,pca_sar,1,2
0.19576459,6,pca_sar,1,2
0.19006401,6,pca_sar,1,2
0.27724388,6,pca_sar,1,2
0.34666294,6,pca_sar,1,2
0.33125627,6,pca_sar,1,2
0.18458425,6,pca_sar,1,2
0.17430708,6,pca_sar,1,2
0.3057141,6,pca_sar,1,2
0.3723511,6,pca_sar,1,2
0.274265,6,pca_sar,1,2
0.0697635,3,pca_sar,1,2
0.016483936,3,pca_sar,1,2
0.004696059,3,pca_sar,1,2
-0.030352984,3,pca_sar,1,2
-0.006815387,3,pca_sar,1,2
-0.0046675093,3,pca_sar,1,2
0.0021909908,3,pca_sar,1,2
-0.037786976,3,pca_sar,1,2
0.030192882,3,pca_sar,1,2
0.009512976,3,pca_sar,1,2
0.053319335,3,pca_sar,1,2
0.097157925,3,pca_sar,1,2
0.04324662,3,pca_sar,1,2
-0.009326359,3,pca_sar,1,2
0.0026419163,3,pca_sar,1,2
0.02757252,3,pca_sar,1,2
0.023519384,3,pca_sar,1,2
-0.01221852,3,pca_sar,1,2
-0.024107587,3,pca_sar,1,2
0.0012101065,3,pca_sar,1,2
-0.016776517,3,pca_sar,1,2
-0.06337008,3,pca_sar,1,2
-0.03534527,3,pca_sar,1,2
-0.023691196,3,pca_sar,1,2
0.14193352,3,pca_sar,1,2
0.075199254,3,pca_sar,1,2
-0.0121120885,3,pca_sar,1,2
0.0033181198,3,pca_sar,1,2
-0.008015672,3,pca_sar,1,2
-0.042916004,3,pca_sar,1,2
-0.011979271,3,pca_sar,1,2
-0.009341752,3,pca_sar,1,2
0.019734412,3,pca_sar,1,2
0.002495475,3,pca_sar,1,2
0.13448624,3,pca_sar,1,2
0.14955416,3,pca_sar,1,2
-0.015038189,3,pca_sar,1,2
0.04547443,3,pca_sar,1,2
0.07570545,3,pca_sar,1,2
0.050714955,3,pca_sar,1,2
-0.027949812,3,pca_sar,1,2
-0.009465318,3,pca_sar,1,2
0.021489006,3,pca_sar,1,2
0.09172323,3,pca_sar,1,2
0.060882833,3,pca_sar,1,2
0.016611269,3,pca_sar,1,2
0.10842909,3,pca_sar,1,2
0.093838766,3,pca_sar,1,2
0.068367176,3,pca_sar,1,2
0.033813458,3,pca_sar,1,2
0.049738504,3,pca_sar,1,2
0.17416862,3,pca_sar,1,2
0.28484228,3,pca_sar,1,2
0.066115886,3,pca_sar,1,2
-0.03454157,3,pca_sar,1,2
0.054048575,3,pca_sar,1,2
0.11234687,3,pca_sar,1,2
0.15695803,3,pca_sar,1,2
0.072322436,3,pca_sar,1,2
0.0040203407,3,pca_sar,1,2
0.21147043,3,pca_sar,1,2
0.13486111,3,pca_sar,1,2
0.05308979,3,pca_sar,1,2
0.0019868752,3,pca_sar,1,2
0.17450783,3,pca_sar,1,2
0.11392727,3,pca_sar,1,2
-0.0071223713,3,pca_sar,1,2
-0.04834881,3,pca_sar,1,2
0.20162517,3,pca_sar,1,2
0.14733493,3,pca_sar,1,2
0.016731594,3,pca_sar,1,2
0.027710205,3,pca_sar,1,2
0.05678588,3,pca_sar,1,2
0.04843134,3,pca_sar,1,2
0.048344243,3,pca_sar,1,2
0.037581563,3,pca_sar,1,2
0.027314555,3,pca_sar,1,2
0.006166269,3,pca_sar,1,2
0.023562485,3,pca_sar,1,2
0.005907327,3,pca_sar,1,2
-0.00075392984,3,pca_sar,1,2
0.008625267,3,pca_sar,1,2
-0.064258195,3,pca_sar,1,2
-0.028262157,3,pca_sar,1,2
0.028081995,3,pca_sar,1,2
0.03130213,3,pca_sar,1,2
0.095100015,3,pca_sar,1,2
0.094974205,3,pca_sar,1,2
0.09747261,3,pca_sar,1,2
0.06513721,3,pca_sar,1,2
-0.07535516,3,pca_sar,1,2
-0.032979306,3,pca_sar,1,2
0.096764274,3,pca_sar,1,2
0.03295713,3,pca_sar,1,2
0.07719418,3,pca_sar,1,2
0.06810938,3,pca_sar,1,2
0.0625114,3,pca_sar,1,2
0.110103816,3,pca_sar,1,2
0.08874242,3,pca_sar,1,2
0.10911484,3,pca_sar,1,2
-0.04115043,3,pca_sar,1,2
-0.03887844,3,pca_sar,1,2
0.123322755,3,pca_sar,1,2
0.041451108,3,pca_sar,1,2
0.028919585,3,pca_sar,1,2
0.032821868,3,pca_sar,1,2
0.10041735,3,pca_sar,1,2
0.10613012,3,pca_sar,1,2
0.09007017,3,pca_sar,1,2
-0.009756291,3,pca_sar,1,2
0.015881378,3,pca_sar,1,2
0.21612003,3,pca_sar,1,2
0.23694627,3,pca_sar,1,2
0.031391084,3,pca_sar,1,2
0.020834152,3,pca_sar,1,2
0.09025755,3,pca_sar,1,2
0.05384463,3,pca_sar,1,2
0.08587834,3,pca_sar,1,2
0.06285144,3,pca_sar,1,2
0.06588649,3,pca_sar,1,2
0.3677174,6,pca_sar,1,2
0.28588468,6,pca_sar,1,2
0.24452977,6,pca_sar,1,2
0.25217664,6,pca_sar,1,2
0.29938534,6,pca_sar,1,2
0.3049137,6,pca_sar,1,2
0.3346673,6,pca_sar,1,2
0.30855346,6,pca_sar,1,2
0.26426464,6,pca_sar,1,2
0.2546128,6,pca_sar,1,2
0.2686453,6,pca_sar,1,2
0.25389785,6,pca_sar,1,2
0.31406564,6,pca_sar,1,2
0.22437467,6,pca_sar,1,2
0.23753859,6,pca_sar,1,2
0.343116,6,pca_sar,1,2
0.2627467,6,pca_sar,1,2
0.33814466,6,pca_sar,1,2
0.20298266,6,pca_sar,1,2
0.26577473,6,pca_sar,1,2
0.32410952,6,pca_sar,1,2
0.19878921,6,pca_sar,1,2
0.26475608,6,pca_sar,1,2
0.30174458,6,pca_sar,1,2
0.2580123,6,pca_sar,1,2
0.28270668,6,pca_sar,1,2
0.3671272,6,pca_sar,1,2
0.20755415,6,pca_sar,1,2
0.27567774,6,pca_sar,1,2
0.2821061,6,pca_sar,1,2
0.30439776,6,pca_sar,1,2
0.40996367,6,pca_sar,1,2
0.24854203,6,pca_sar,1,2
0.2445288,6,pca_sar,1,2
0.25032026,6,pca_sar,1,2
0.22926068,6,pca_sar,1,2
0.25838032,6,pca_sar,1,2
0.2706684,6,pca_sar,1,2
0.26228508,6,pca_sar,1,2
0.29829526,6,pca_sar,1,2
0.28760874,6,pca_sar,1,2
0.29942644,6,pca_sar,1,2
0.32787564,6,pca_sar,1,2
0.28585786,6,pca_sar,1,2
0.3417322,6,pca_sar,1,2
0.3874417,6,pca_sar,1,2
0.42147398,6,pca_sar,1,2
0.39049673,6,pca_sar,1,2
0.33481726,6,pca_sar,1,2
0.34875405,6,pca_sar,1,2
0.35322934,6,pca_sar,1,2
0.42695618,6,pca_sar,1,2
0.43138736,6,pca_sar,1,2
0.41508785,6,pca_sar,1,2
0.38989675,6,pca_sar,1,2
0.38616544,6,pca_sar,1,2
0.4031415,6,pca_sar,1,2
0.41133502,6,pca_sar,1,2
0.418104,6,pca_sar,1,2
0.26648512,6,pca_sar,1,2
0.2557535,6,pca_sar,1,2
0.3197922,6,pca_sar,1,2
0.32186168,6,pca_sar,1,2
0.39824742,6,pca_sar,1,2
0.0612881,3,pca_sar,1,2
0.0023442004,3,pca_sar,1,2
0.05402454,3,pca_sar,1,2
0.037001364,3,pca_sar,1,2
0.12403447,3,pca_sar,1,2
0.113865264,3,pca_sar,1,2
0.060178198,3,pca_sar,1,2
0.004888024,3,pca_sar,1,2
0.09547652,3,pca_sar,1,2
0.07158126,3,pca_sar,1,2
0.11620349,3,pca_sar,1,2
0.1354198,3,pca_sar,1,2
0.07850909,3,pca_sar,1,2
0.062111184,3,pca_sar,1,2
0.017242223,3,pca_sar,1,2
0.036198836,3,pca_sar,1,2
0.06165999,3,pca_sar,1,2
0.037690513,3,pca_sar,1,2
0.10452411,3,pca_sar,1,2
0.08800098,3,pca_sar,1,2
-0.021243637,3,pca_sar,1,2
0.0050932746,3,pca_sar,1,2
-0.03128134,3,pca_sar,1,2
-0.014838172,3,pca_sar,1,2
0.064431325,3,pca_sar,1,2
0.05913091,3,pca_sar,1,2
0.061963283,3,pca_sar,1,2
0.074414924,3,pca_sar,1,2
-0.00078511983,3,pca_sar,1,2
0.03369038,3,pca_sar,1,2
-0.028149601,3,pca_sar,1,2
-0.027086541,3,pca_sar,1,2
0.05895871,3,pca_sar,1,2
0.04312086,3,pca_sar,1,2
0.14739178,3,pca_sar,1,2
0.115279995,3,pca_sar,1,2
0.05625018,3,pca_sar,1,2
0.09874256,3,pca_sar,1,2
0.08369336,3,pca_sar,1,2
0.03358825,3,pca_sar,1,2
-0.015265865,3,pca_sar,1,2
-0.03948515,3,pca_sar,1,2
0.0063245483,3,pca_sar,1,2
0.07743837,3,pca_sar,1,2
0.048849232,3,pca_sar,1,2
0.011693956,3,pca_sar,1,2
0.03690481,3,pca_sar,1,2
0.06169381,3,pca_sar,1,2
0.050872218,3,pca_sar,1,2
0.016712766,3,pca_sar,1,2
0.009078227,3,pca_sar,1,2
0.19551045,3,pca_sar,1,2
0.16675155,3,pca_sar,1,2
0.106057286,3,pca_sar,1,2
0.1544719,3,pca_sar,1,2
0.15577814,3,pca_sar,1,2
0.1479536,3,pca_sar,1,2
0.12385497,3,pca_sar,1,2
0.07089493,3,pca_sar,1,2
0.1250551,3,pca_sar,1,2
0.12658419,3,pca_sar,1,2
0.16318819,3,pca_sar,1,2
0.20090483,3,pca_sar,1,2
0.17215416,3,pca_sar,1,2
0.096884996,3,pca_sar,1,2
0.15230793,3,pca_sar,1,2
0.1989382,3,pca_sar,1,2
0.17542511,3,pca_sar,1,2
0.08907989,3,pca_sar,1,2
0.15059865,3,pca_sar,1,2
0.14997347,3,pca_sar,1,2
0.18565413,3,pca_sar,1,2
0.11659037,3,pca_sar,1,2
0.109285295,3,pca_sar,1,2
0.09180099,3,pca_sar,1,2
0.087593906,3,pca_sar,1,2
0.056618832,3,pca_sar,1,2
0.09510596,3,pca_sar,1,2
0.06003493,3,pca_sar,1,2
0.08260512,3,pca_sar,1,2
0.06793692,3,pca_sar,1,2
0.08272025,3,pca_sar,1,2
0.03762625,3,pca_sar,1,2
0.045761406,3,pca_sar,1,2
0.078580044,3,pca_sar,1,2
0.08887428,3,pca_sar,1,2
0.082557864,3,pca_sar,1,2
0.09766621,3,pca_sar,1,2
0.06920498,3,pca_sar,1,2
0.093935765,3,pca_sar,1,2
0.0068621654,3,pca_sar,1,2
0.025380585,3,pca_sar,1,2
0.07630384,3,pca_sar,1,2
0.0313443,3,pca_sar,1,2
0.083298594,3,pca_sar,1,2
0.1254175,3,pca_sar,1,2
0.067577764,3,pca_sar,1,2
0.09943344,3,pca_sar,1,2
0.14836413,3,pca_sar,1,2
0.16183905,3,pca_sar,1,2
0.007946555,3,pca_sar,1,2
-0.012737088,3,pca_sar,1,2
0.107554995,3,pca_sar,1,2
0.106249206,3,pca_sar,1,2
0.078343645,3,pca_sar,1,2
0.053144198,3,pca_sar,1,2
0.106989354,3,pca_sar,1,2
0.11017841,3,pca_sar,1,2
0.08687957,3,pca_sar,1,2
0.011575164,3,pca_sar,1,2
0.049396913,3,pca_sar,1,2
0.09744037,3,pca_sar,1,2
0.17291565,3,pca_sar,1,2
0.053135358,3,pca_sar,1,2
0.0057479404,3,pca_sar,1,2
0.11262645,3,pca_sar,1,2
0.1751107,3,pca_sar,1,2
0.16770664,3,pca_sar,1,2
0.06509181,3,pca_sar,1,2
0.05641339,3,pca_sar,1,2
0.17330839,2,pca_sar,1,2
0.13755444,2,pca_sar,1,2
0.13028327,2,pca_sar,1,2
0.11589878,2,pca_sar,1,2
0.116985686,2,pca_sar,1,2
0.17691031,2,pca_sar,1,2
0.15980807,2,pca_sar,1,2
0.17562711,2,pca_sar,1,2
0.14096338,2,pca_sar,1,2
0.22528206,2,pca_sar,1,2
0.15055159,2,pca_sar,1,2
0.15890984,2,pca_sar,1,2
0.17397757,2,pca_sar,1,2
0.15891692,2,pca_sar,1,2
0.20538096,2,pca_sar,1,2
0.1983916,2,pca_sar,1,2
0.24684785,2,pca_sar,1,2
0.06486106,2,pca_sar,1,2
0.1293515,2,pca_sar,1,2
0.15678716,2,pca_sar,1,2
0.13203964,2,pca_sar,1,2
0.18675363,2,pca_sar,1,2
0.13097887,2,pca_sar,1,2
0.16606726,2,pca_sar,1,2
0.14285742,2,pca_sar,1,2
0.16838387,2,pca_sar,1,2
0.17832425,2,pca_sar,1,2
0.12101545,2,pca_sar,1,2
0.17263436,2,pca_sar,1,2
0.19931802,2,pca_sar,1,2
0.19542181,2,pca_sar,1,2
0.35224748,2,pca_sar,1,2
0.18857667,2,pca_sar,1,2
0.1804164,2,pca_sar,1,2
0.22921106,2,pca_sar,1,2
0.1714842,2,pca_sar,1,2
0.207439,2,pca_sar,1,2
0.24808607,2,pca_sar,1,2
0.2565425,2,pca_sar,1,2
0.35304844,2,pca_sar,1,2
0.14277351,2,pca_sar,1,2
0.15903905,2,pca_sar,1,2
0.16993645,2,pca_sar,1,2
0.17262244,2,pca_sar,1,2
0.23422039,2,pca_sar,1,2
0.1914813,2,pca_sar,1,2
0.25747055,2,pca_sar,1,2
0.34443346,2,pca_sar,1,2
0.107290074,2,pca_sar,1,2
0.15308988,2,pca_sar,1,2
0.21855679,2,pca_sar,1,2
0.23155706,2,pca_sar,1,2
0.2532513,2,pca_sar,1,2
0.2294854,2,pca_sar,1,2
0.20182276,2,pca_sar,1,2
0.37064657,2,pca_sar,1,2
0.16920216,2,pca_sar,1,2
0.21341798,2,pca_sar,1,2
0.19805005,2,pca_sar,1,2
0.22042355,2,pca_sar,1,2
0.2083931,2,pca_sar,1,2
0.20919608,2,pca_sar,1,2
0.21265545,2,pca_sar,1,2
0.3364079,2,pca_sar,1,2
0.18224761,2,pca_sar,1,2
0.22277966,2,pca_sar,1,2
0.25381088,2,pca_sar,1,2
0.29507163,2,pca_sar,1,2
0.2663742,2,pca_sar,1,2
0.2440008,2,pca_sar,1,2
0.21651211,2,pca_sar,1,2
0.20323876,2,pca_sar,1,2
0.18833865,2,pca_sar,1,2
0.31502137,2,pca_sar,1,2
0.2627579,2,pca_sar,1,2
0.23196384,2,pca_sar,1,2
0.19711182,2,pca_sar,1,2
0.24456015,2,pca_sar,1,2
0.18943101,2,pca_sar,1,2
0.16145003,2,pca_sar,1,2
0.21603858,2,pca_sar,1,2
0.24580196,2,pca_sar,1,2
0.22168723,2,pca_sar,1,2
0.3298663,2,pca_sar,1,2
0.28368044,2,pca_sar,1,2
0.28207427,2,pca_sar,1,2
0.25925496,2,pca_sar,1,2
0.23297545,2,pca_sar,1,2
0.14039372,2,pca_sar,1,2
0.14321381,2,pca_sar,1,2
0.22755393,2,pca_sar,1,2
0.23335145,2,pca_sar,1,2
0.2664917,2,pca_sar,1,2
0.3598322,2,pca_sar,1,2
0.26583135,2,pca_sar,1,2
0.25915825,2,pca_sar,1,2
0.22802907,2,pca_sar,1,2
0.021695528,2,pca_sar,1,2
0.17418943,2,pca_sar,1,2
0.22085938,2,pca_sar,1,2
0.22216547,2,pca_sar,1,2
0.26406223,2,pca_sar,1,2
0.38443547,2,pca_sar,1,2
0.07053445,2,pca_sar,1,2
0.17405082,2,pca_sar,1,2
0.25625476,2,pca_sar,1,2
0.26701146,2,pca_sar,1,2
0.26351193,2,pca_sar,1,2
0.15177792,2,pca_sar,1,2
0.14443356,2,pca_sar,1,2
0.13512301,2,pca_sar,1,2
0.102753095,2,pca_sar,1,2
0.14723504,2,pca_sar,1,2
0.14136831,2,pca_sar,1,2
0.12590498,2,pca_sar,1,2
0.20544526,2,pca_sar,1,2
0.17667924,2,pca_sar,1,2
0.18060939,2,pca_sar,1,2
0.13144016,2,pca_sar,1,2
0.20864263,2,pca_sar,1,2
0.22305156,2,pca_sar,1,2
0.11643045,2,pca_sar,1,2
0.16125077,2,pca_sar,1,2
0.16727489,2,pca_sar,1,2
0.1767174,2,pca_sar,1,2
0.05485946,2,pca_sar,1,2
0.105682805,2,pca_sar,1,2
0.19075602,2,pca_sar,1,2
0.10618442,2,pca_sar,1,2
0.15106674,2,pca_sar,1,2
0.18130308,2,pca_sar,1,2
0.17069528,2,pca_sar,1,2
0.09583494,2,pca_sar,1,2
0.10934436,2,pca_sar,1,2
0.16913798,2,pca_sar,1,2
0.12116628,2,pca_sar,1,2
0.20780262,2,pca_sar,1,2
0.22458065,2,pca_sar,1,2
0.14567092,2,pca_sar,1,2
0.23028323,2,pca_sar,1,2
0.24005197,2,pca_sar,1,2
0.15658145,2,pca_sar,1,2
0.17069823,2,pca_sar,1,2
0.078850165,2,pca_sar,1,2
0.14638928,2,pca_sar,1,2
0.14718662,2,pca_sar,1,2
0.1085439,2,pca_sar,1,2
0.24846032,2,pca_sar,1,2
0.25206524,2,pca_sar,1,2
0.16627844,2,pca_sar,1,2
0.17241684,2,pca_sar,1,2
0.29309767,2,pca_sar,1,2
0.23903388,2,pca_sar,1,2
0.22934033,2,pca_sar,1,2
0.085578375,2,pca_sar,1,2
0.084469326,2,pca_sar,1,2
0.22397788,2,pca_sar,1,2
0.16819537,2,pca_sar,1,2
0.20276204,2,pca_sar,1,2
0.19874167,2,pca_sar,1,2
0.16115326,2,pca_sar,1,2
0.15052606,2,pca_sar,1,2
0.33788782,2,pca_sar,1,2
0.28287923,2,pca_sar,1,2
0.19203612,2,pca_sar,1,2
0.21954462,2,pca_sar,1,2
0.18031144,2,pca_sar,1,2
0.11554678,2,pca_sar,1,2
0.109005995,2,pca_sar,1,2
0.25020087,2,pca_sar,1,2
0.22448678,2,pca_sar,1,2
0.22311977,2,pca_sar,1,2
0.16513506,2,pca_sar,1,2
0.13682936,2,pca_sar,1,2
0.17382349,2,pca_sar,1,2
0.29930687,2,pca_sar,1,2
0.31540012,2,pca_sar,1,2
0.29671425,2,pca_sar,1,2
0.28068835,2,pca_sar,1,2
0.20775528,2,pca_sar,1,2
0.20091197,2,pca_sar,1,2
0.19813362,2,pca_sar,1,2
0.22863977,2,pca_sar,1,2
0.204232,2,pca_sar,1,2
0.24787965,2,pca_sar,1,2
0.1637192,2,pca_sar,1,2
0.12968364,2,pca_sar,1,2
0.17698447,2,pca_sar,1,2
0.21296777,2,pca_sar,1,2
0.21433479,2,pca_sar,1,2
0.19070625,2,pca_sar,1,2
0.24472934,2,pca_sar,1,2
0.2258268,2,pca_sar,1,2
0.20703477,2,pca_sar,1,2
0.23117447,2,pca_sar,1,2
0.23882408,2,pca_sar,1,2
0.2419242,2,pca_sar,1,2
0.25394335,2,pca_sar,1,2
0.20808437,2,pca_sar,1,2
0.23714481,2,pca_sar,1,2
0.1935395,2,pca_sar,1,2
0.21653531,2,pca_sar,1,2
0.22821924,2,pca_sar,1,2
0.21933852,2,pca_sar,1,2
0.21460871,2,pca_sar,1,2
0.20881192,2,pca_sar,1,2
0.26624706,2,pca_sar,1,2
0.25048915,2,pca_sar,1,2
0.23985225,2,pca_sar,1,2
0.22644952,2,pca_sar,1,2
0.21112667,2,pca_sar,1,2
0.26223904,2,pca_sar,1,2
0.22019167,2,pca_sar,1,2
0.21410841,2,pca_sar,1,2
0.189593,2,pca_sar,1,2
0.1694865,2,pca_sar,1,2
0.19001725,2,pca_sar,1,2
0.19974437,2,pca_sar,1,2
0.17166978,2,pca_sar,1,2
0.16669457,2,pca_sar,1,2
0.19035028,2,pca_sar,1,2
0.21069042,2,pca_sar,1,2
0.19823283,2,pca_sar,1,2
0.33541837,2,pca_sar,1,2
0.32841408,2,pca_sar,1,2
0.28060144,2,pca_sar,1,2
0.26869297,2,pca_sar,1,2
0.17314824,2,pca_sar,1,2
0.17032117,2,pca_sar,1,2
0.17550725,2,pca_sar,1,2
0.15375705,2,pca_sar,1,2
0.14149109,2,pca_sar,1,2
0.17730841,2,pca_sar,1,2
0.18032172,2,pca_sar,1,2
0.17954442,2,pca_sar,1,2
0.16657045,2,pca_sar,1,2
0.30791563,2,pca_sar,1,2
0.29737335,2,pca_sar,1,2
0.2528275,2,pca_sar,1,2
0.11400455,2,pca_sar,1,2
0.17593272,2,pca_sar,1,2
0.1679237,2,pca_sar,1,2
0.09868077,2,pca_sar,1,2
0.16865768,2,pca_sar,1,2
0.24652362,2,pca_sar,1,2
0.27895123,2,pca_sar,1,2
0.22558516,2,pca_sar,1,2
0.17171665,2,pca_sar,1,2
0.09962201,2,pca_sar,1,2
0.2108971,2,pca_sar,1,2
0.21728453,2,pca_sar,1,2
0.1897324,2,pca_sar,1,2
0.18618524,2,pca_sar,1,2
0.4494508,2,pca_sar,1,2
0.35271043,2,pca_sar,1,2
0.17786509,2,pca_sar,1,2
0.43077672,2,pca_sar,1,2
0.30130932,2,pca_sar,1,2
0.17153022,2,pca_sar,1,2
0.35791564,2,pca_sar,1,2
0.20368026,2,pca_sar,1,2
0.12025452,2,pca_sar,1,2
0.17654295,2,pca_sar,1,2
0.17443973,2,pca_sar,1,2
0.3227681,2,pca_sar,1,2
0.16278818,2,pca_sar,1,2
0.108522594,2,pca_sar,1,2
0.19362155,2,pca_sar,1,2
0.118010245,2,pca_sar,1,2
0.36447096,2,pca_sar,1,2
0.23249438,2,pca_sar,1,2
0.15065747,2,pca_sar,1,2
0.21038608,2,pca_sar,1,2
0.1265172,2,pca_sar,1,2
0.3630708,2,pca_sar,1,2
0.24558221,2,pca_sar,1,2
0.22331849,2,pca_sar,1,2
0.2445627,2,pca_sar,1,2
0.22296955,2,pca_sar,1,2
0.37647885,2,pca_sar,1,2
0.26971897,2,pca_sar,1,2
0.2238652,2,pca_sar,1,2
0.27052784,2,pca_sar,1,2
0.26641333,2,pca_sar,1,2
0.3924078,2,pca_sar,1,2
0.30106282,2,pca_sar,1,2
0.2637937,2,pca_sar,1,2
0.3791356,2,pca_sar,1,2
0.2911597,2,pca_sar,1,2
0.25224438,2,pca_sar,1,2
0.3035036,6,pca_sar,1,2
0.27813706,6,pca_sar,1,2
0.2721246,6,pca_sar,1,2
0.26503643,6,pca_sar,1,2
0.28958628,6,pca_sar,1,2
0.34100953,6,pca_sar,1,2
0.29199666,6,pca_sar,1,2
0.2752221,6,pca_sar,1,2
0.26943588,6,pca_sar,1,2
0.1981929,6,pca_sar,1,2
0.26097912,6,pca_sar,1,2
0.29432774,6,pca_sar,1,2
0.30664802,6,pca_sar,1,2
0.29092854,6,pca_sar,1,2
0.30171803,6,pca_sar,1,2
0.28885785,6,pca_sar,1,2
0.29500335,6,pca_sar,1,2
0.26469347,6,pca_sar,1,2
0.24319226,6,pca_sar,1,2
0.24967231,6,pca_sar,1,2
0.29879203,6,pca_sar,1,2
0.3217563,6,pca_sar,1,2
0.322398,6,pca_sar,1,2
0.32537663,6,pca_sar,1,2
0.34950456,6,pca_sar,1,2
0.28398567,6,pca_sar,1,2
0.23101315,6,pca_sar,1,2
0.29629642,6,pca_sar,1,2
0.31275272,6,pca_sar,1,2
0.29297575,6,pca_sar,1,2
0.33173692,6,pca_sar,1,2
0.31112015,6,pca_sar,1,2
0.29081744,6,pca_sar,1,2
0.2601926,6,pca_sar,1,2
0.25670522,6,pca_sar,1,2
0.29661867,6,pca_sar,1,2
0.3149364,6,pca_sar,1,2
0.35695815,6,pca_sar,1,2
0.24173966,6,pca_sar,1,2
0.28866583,6,pca_sar,1,2
0.32875386,6,pca_sar,1,2
0.35317814,6,pca_sar,1,2
0.36156583,6,pca_sar,1,2
0.31740353,6,pca_sar,1,2
0.39097884,6,pca_sar,1,2
0.35380414,6,pca_sar,1,2
0.298234,6,pca_sar,1,2
0.3082374,6,pca_sar,1,2
0.31828326,6,pca_sar,1,2
0.39030692,6,pca_sar,1,2
0.29511335,6,pca_sar,1,2
0.27077332,6,pca_sar,1,2
0.2644922,6,pca_sar,1,2
0.3387225,6,pca_sar,1,2
0.4254747,6,pca_sar,1,2
0.35662135,6,pca_sar,1,2
0.30791196,6,pca_sar,1,2
0.304626,6,pca_sar,1,2
0.34631002,6,pca_sar,1,2
0.34697366,6,pca_sar,1,2
0.3291511,6,pca_sar,1,2
0.36180997,6,pca_sar,1,2
0.34377378,6,pca_sar,1,2
0.31360292,6,pca_sar,1,2
0.30796212,6,pca_sar,1,2
0.24665427,6,pca_sar,1,2
0.25674397,6,pca_sar,1,2
0.33494997,6,pca_sar,1,2
0.31940508,6,pca_sar,1,2
0.29996637,6,pca_sar,1,2
0.33828416,6,pca_sar,1,2
0.37738702,6,pca_sar,1,2
0.3305209,6,pca_sar,1,2
0.33397737,6,pca_sar,1,2
0.30844718,6,pca_sar,1,2
0.34919387,6,pca_sar,1,2
0.32134134,6,pca_sar,1,2
0.33442622,6,pca_sar,1,2
0.3821358,6,pca_sar,1,2
0.33047017,6,pca_sar,1,2
0.3494261,6,pca_sar,1,2
0.3474267,6,pca_sar,1,2
0.35678357,6,pca_sar,1,2
0.32533866,6,pca_sar,1,2
0.33700073,6,pca_sar,1,2
0.3520616,6,pca_sar,1,2
0.34321684,6,pca_sar,1,2
0.2884636,6,pca_sar,1,2
0.33775577,6,pca_sar,1,2
0.32591116,6,pca_sar,1,2
0.3348027,6,pca_sar,1,2
0.34422532,6,pca_sar,1,2
0.36567026,6,pca_sar,1,2
0.3530891,6,pca_sar,1,2
0.3518058,6,pca_sar,1,2
0.34391844,6,pca_sar,1,2
0.33288297,6,pca_sar,1,2
0.32067984,6,pca_sar,1,2
0.15969372,2,pca_sar,1,2
0.15279737,2,pca_sar,1,2
0.14574249,2,pca_sar,1,2
0.16828,2,pca_sar,1,2
0.1992267,2,pca_sar,1,2
0.21132502,2,pca_sar,1,2
0.20715557,2,pca_sar,1,2
0.19257748,2,pca_sar,1,2
0.19844787,2,pca_sar,1,2
0.1902987,2,pca_sar,1,2
0.12272598,2,pca_sar,1,2
0.09398211,2,pca_sar,1,2
0.1375576,2,pca_sar,1,2
0.1276275,2,pca_sar,1,2
0.18442029,2,pca_sar,1,2
0.1882146,2,pca_sar,1,2
0.2042822,2,pca_sar,1,2
0.03588195,2,pca_sar,1,2
0.07069191,2,pca_sar,1,2
0.17962484,2,pca_sar,1,2
0.11652453,2,pca_sar,1,2
0.17215723,2,pca_sar,1,2
0.16512,2,pca_sar,1,2
0.21693301,2,pca_sar,1,2
0.050407946,2,pca_sar,1,2
0.15329297,2,pca_sar,1,2
0.21468882,2,pca_sar,1,2
0.17095697,2,pca_sar,1,2
0.26571903,2,pca_sar,1,2
0.24254557,2,pca_sar,1,2
0.20086062,2,pca_sar,1,2
0.36566326,2,pca_sar,1,2
0.042749748,2,pca_sar,1,2
0.12786874,2,pca_sar,1,2
0.1631367,2,pca_sar,1,2
0.16116774,2,pca_sar,1,2
0.27499512,2,pca_sar,1,2
0.3224302,2,pca_sar,1,2
0.23722318,2,pca_sar,1,2
0.3469911,2,pca_sar,1,2
0.04687309,2,pca_sar,1,2
0.111365676,2,pca_sar,1,2
0.20041013,2,pca_sar,1,2
0.17112707,2,pca_sar,1,2
0.23585793,2,pca_sar,1,2
0.25892395,2,pca_sar,1,2
0.27619958,2,pca_sar,1,2
0.35611027,2,pca_sar,1,2
0.14274003,2,pca_sar,1,2
0.18452294,2,pca_sar,1,2
0.22606999,2,pca_sar,1,2
0.19402507,2,pca_sar,1,2
0.19310224,2,pca_sar,1,2
0.24475127,2,pca_sar,1,2
0.23940004,2,pca_sar,1,2
0.3700695,2,pca_sar,1,2
0.16686586,2,pca_sar,1,2
0.22612722,2,pca_sar,1,2
0.18827337,2,pca_sar,1,2
0.19270319,2,pca_sar,1,2
0.17365591,2,pca_sar,1,2
0.21358892,2,pca_sar,1,2
0.24256931,2,pca_sar,1,2
0.40072256,2,pca_sar,1,2
0.17458177,2,pca_sar,1,2
0.25631315,2,pca_sar,1,2
0.19764322,2,pca_sar,1,2
0.21042913,2,pca_sar,1,2
0.20926216,2,pca_sar,1,2
0.1772979,2,pca_sar,1,2
0.17293848,2,pca_sar,1,2
0.17296167,2,pca_sar,1,2
0.2058407,2,pca_sar,1,2
0.3672478,2,pca_sar,1,2
0.17620832,2,pca_sar,1,2
0.22144918,2,pca_sar,1,2
0.14345913,2,pca_sar,1,2
0.13521187,2,pca_sar,1,2
0.22862768,2,pca_sar,1,2
0.15293479,2,pca_sar,1,2
0.12678623,2,pca_sar,1,2
0.14292744,2,pca_sar,1,2
0.21518546,2,pca_sar,1,2
0.32021576,2,pca_sar,1,2
0.16756266,2,pca_sar,1,2
0.19450958,2,pca_sar,1,2
0.18025099,2,pca_sar,1,2
0.14136985,2,pca_sar,1,2
0.19735137,2,pca_sar,1,2
0.12681249,2,pca_sar,1,2
0.11809344,2,pca_sar,1,2
0.11948906,2,pca_sar,1,2
0.18842146,2,pca_sar,1,2
0.30982172,2,pca_sar,1,2
0.088458166,2,pca_sar,1,2
0.12342524,2,pca_sar,1,2
0.21883771,2,pca_sar,1,2
0.05774636,2,pca_sar,1,2
0.14564261,2,pca_sar,1,2
0.1325511,2,pca_sar,1,2
0.12423956,2,pca_sar,1,2
0.1580889,2,pca_sar,1,2
0.3288492,2,pca_sar,1,2
0.04366123,2,pca_sar,1,2
0.14786997,2,pca_sar,1,2
0.10736382,2,pca_sar,1,2
0.150401,2,pca_sar,1,2
0.18315136,2,pca_sar,1,2
0.13179678,2,pca_sar,1,2
0.102999,2,pca_sar,1,2
0.1980409,2,pca_sar,1,2
0.1882969,2,pca_sar,1,2
0.21608868,2,pca_sar,1,2
0.17735156,2,pca_sar,1,2
0.17091632,2,pca_sar,1,2
0.21938877,2,pca_sar,1,2
0.18223533,2,pca_sar,1,2
0.2293244,2,pca_sar,1,2
0.21160929,2,pca_sar,1,2
0.1383957,2,pca_sar,1,2
0.17966944,2,pca_sar,1,2
0.18923081,2,pca_sar,1,2
0.2408221,2,pca_sar,1,2
0.19844818,2,pca_sar,1,2
0.1833226,2,pca_sar,1,2
0.11695545,2,pca_sar,1,2
0.080528945,2,pca_sar,1,2
0.17576417,2,pca_sar,1,2
0.22762008,2,pca_sar,1,2
0.26413292,2,pca_sar,1,2
0.19413209,2,pca_sar,1,2
0.19828494,2,pca_sar,1,2
0.03132448,2,pca_sar,1,2
0.08536357,2,pca_sar,1,2
0.21969956,2,pca_sar,1,2
0.24411058,2,pca_sar,1,2
0.26199925,2,pca_sar,1,2
0.18515125,2,pca_sar,1,2
0.13736413,2,pca_sar,1,2
0.14399518,2,pca_sar,1,2
0.17912763,2,pca_sar,1,2
0.13171345,2,pca_sar,1,2
0.09498362,2,pca_sar,1,2
0.048630588,2,pca_sar,1,2
0.068262234,2,pca_sar,1,2
0.15743318,2,pca_sar,1,2
0.23211955,2,pca_sar,1,2
0.29796934,2,pca_sar,1,2
0.20982209,2,pca_sar,1,2
0.16450086,2,pca_sar,1,2
0.16808689,2,pca_sar,1,2
0.19205692,2,pca_sar,1,2
0.16443896,2,pca_sar,1,2
0.1462659,2,pca_sar,1,2
0.024821615,2,pca_sar,1,2
0.06694336,2,pca_sar,1,2
0.13694507,2,pca_sar,1,2
0.17030728,2,pca_sar,1,2
0.24037611,2,pca_sar,1,2
0.19689836,2,pca_sar,1,2
0.18108898,2,pca_sar,1,2
0.17851299,2,pca_sar,1,2
0.21258457,2,pca_sar,1,2
0.20078787,2,pca_sar,1,2
0.18183514,2,pca_sar,1,2
0.17555428,2,pca_sar,1,2
0.1363523,2,pca_sar,1,2
0.06398268,2,pca_sar,1,2
0.11263925,2,pca_sar,1,2
0.24638301,2,pca_sar,1,2
0.23576596,2,pca_sar,1,2
0.23505759,2,pca_sar,1,2
0.2263836,2,pca_sar,1,2
0.21297033,2,pca_sar,1,2
0.18781708,2,pca_sar,1,2
0.2235797,2,pca_sar,1,2
0.2576392,2,pca_sar,1,2
0.24897626,2,pca_sar,1,2
0.24304481,2,pca_sar,1,2
0.1649823,2,pca_sar,1,2
0.1576336,2,pca_sar,1,2
0.13007432,2,pca_sar,1,2
0.16682601,2,pca_sar,1,2
0.18527395,2,pca_sar,1,2
0.18576351,2,pca_sar,1,2
0.16921693,2,pca_sar,1,2
0.25654298,2,pca_sar,1,2
0.24752742,2,pca_sar,1,2
0.26226217,2,pca_sar,1,2
0.29081175,2,pca_sar,1,2
0.2628362,2,pca_sar,1,2
0.26971245,2,pca_sar,1,2
0.19733945,2,pca_sar,1,2
0.14718291,2,pca_sar,1,2
0.1556777,2,pca_sar,1,2
0.19049527,2,pca_sar,1,2
0.15874647,2,pca_sar,1,2
0.18244302,2,pca_sar,1,2
0.1934881,2,pca_sar,1,2
0.18009669,2,pca_sar,1,2
0.14483823,2,pca_sar,1,2
0.22798896,2,pca_sar,1,2
0.22757275,2,pca_sar,1,2
0.18746907,2,pca_sar,1,2
0.2553974,2,pca_sar,1,2
0.26359218,2,pca_sar,1,2
0.2958667,2,pca_sar,1,2
0.2065171,2,pca_sar,1,2
0.1776874,2,pca_sar,1,2
0.15303835,2,pca_sar,1,2
0.14693469,2,pca_sar,1,2
0.1490071,2,pca_sar,1,2
0.15242563,2,pca_sar,1,2
0.16539814,2,pca_sar,1,2
0.17869797,2,pca_sar,1,2
0.20419547,2,pca_sar,1,2
0.24839877,2,pca_sar,1,2
0.18882601,2,pca_sar,1,2
0.15967083,2,pca_sar,1,2
0.1884804,2,pca_sar,1,2
0.2869448,2,pca_sar,1,2
0.34388173,2,pca_sar,1,2
0.17880607,2,pca_sar,1,2
0.24344653,2,pca_sar,1,2
0.27318242,2,pca_sar,1,2
0.20223306,2,pca_sar,1,2
0.13632584,2,pca_sar,1,2
0.127353,2,pca_sar,1,2
0.13385946,2,pca_sar,1,2
0.15502381,2,pca_sar,1,2
0.10820323,2,pca_sar,1,2
0.16931655,2,pca_sar,1,2
0.12022561,2,pca_sar,1,2
0.13604179,2,pca_sar,1,2
0.18607312,2,pca_sar,1,2
0.229945,2,pca_sar,1,2
0.31119192,2,pca_sar,1,2
0.33830833,2,pca_sar,1,2
0.2493189,2,pca_sar,1,2
0.04276249,2,pca_sar,1,2
0.14279073,2,pca_sar,1,2
0.12330081,2,pca_sar,1,2
0.10616848,2,pca_sar,1,2
0.14095177,2,pca_sar,1,2
0.102242455,2,pca_sar,1,2
0.2254889,2,pca_sar,1,2
0.25185242,2,pca_sar,1,2
0.20590088,2,pca_sar,1,2
0.117172636,2,pca_sar,1,2
0.14020973,2,pca_sar,1,2
0.16980176,2,pca_sar,1,2
0.21608138,2,pca_sar,1,2
0.22751223,2,pca_sar,1,2
0.4183532,2,pca_sar,1,2
0.2799564,2,pca_sar,1,2
0.23273797,2,pca_sar,1,2
0.43392587,2,pca_sar,1,2
0.28703243,2,pca_sar,1,2
0.22578348,2,pca_sar,1,2
0.3848486,2,pca_sar,1,2
0.23485139,2,pca_sar,1,2
0.21193072,2,pca_sar,1,2
0.2201035,2,pca_sar,1,2
0.21905647,2,pca_sar,1,2
0.36284357,2,pca_sar,1,2
0.27292004,2,pca_sar,1,2
0.23896953,2,pca_sar,1,2
0.20865619,2,pca_sar,1,2
0.20740762,2,pca_sar,1,2
0.38899165,2,pca_sar,1,2
0.30924806,2,pca_sar,1,2
0.32040423,2,pca_sar,1,2
0.28970233,2,pca_sar,1,2
0.2526829,2,pca_sar,1,2
0.38133514,2,pca_sar,1,2
0.22819214,2,pca_sar,1,2
0.25829595,2,pca_sar,1,2
0.26907298,2,pca_sar,1,2
0.22338796,2,pca_sar,1,2
0.36761758,2,pca_sar,1,2
0.223064,2,pca_sar,1,2
0.24073222,2,pca_sar,1,2
0.25680965,2,pca_sar,1,2
0.24488369,2,pca_sar,1,2
0.3727544,2,pca_sar,1,2
0.25000834,2,pca_sar,1,2
0.2998276,2,pca_sar,1,2
0.39109543,2,pca_sar,1,2
0.29254815,2,pca_sar,1,2
0.29828477,2,pca_sar,1,2
0.2882075,6,pca_sar,1,2
0.27294928,6,pca_sar,1,2
0.2684539,6,pca_sar,1,2
0.2619232,6,pca_sar,1,2
0.2670639,6,pca_sar,1,2
0.2711421,6,pca_sar,1,2
0.2623311,6,pca_sar,1,2
0.32115972,6,pca_sar,1,2
0.28585786,6,pca_sar,1,2
0.2561156,6,pca_sar,1,2
0.2546145,6,pca_sar,1,2
0.27459285,6,pca_sar,1,2
0.28888294,6,pca_sar,1,2
0.24823211,6,pca_sar,1,2
0.28519696,6,pca_sar,1,2
0.2709604,6,pca_sar,1,2
0.31480184,6,pca_sar,1,2
0.3336538,6,pca_sar,1,2
0.23261544,6,pca_sar,1,2
0.2714246,6,pca_sar,1,2
0.2738809,6,pca_sar,1,2
0.29753363,6,pca_sar,1,2
0.3102794,6,pca_sar,1,2
0.32177848,6,pca_sar,1,2
0.28200477,6,pca_sar,1,2
0.27086857,6,pca_sar,1,2
0.29106313,6,pca_sar,1,2
0.31884447,6,pca_sar,1,2
0.30551344,6,pca_sar,1,2
0.29913136,6,pca_sar,1,2
0.3273585,6,pca_sar,1,2
0.29999432,6,pca_sar,1,2
0.2584219,6,pca_sar,1,2
0.3132532,6,pca_sar,1,2
0.35584944,6,pca_sar,1,2
0.30047253,6,pca_sar,1,2
0.30196512,6,pca_sar,1,2
0.3575871,6,pca_sar,1,2
0.26362503,6,pca_sar,1,2
0.2731554,6,pca_sar,1,2
0.3109209,6,pca_sar,1,2
0.25775728,6,pca_sar,1,2
0.25191987,6,pca_sar,1,2
0.2350415,6,pca_sar,1,2
0.2434302,6,pca_sar,1,2
0.22584417,6,pca_sar,1,2
0.20820183,6,pca_sar,1,2
0.21741116,6,pca_sar,1,2
0.19353321,6,pca_sar,1,2
0.28068364,6,pca_sar,1,2
0.25096318,6,pca_sar,1,2
0.29113197,6,pca_sar,1,2
0.28496522,6,pca_sar,1,2
0.23775902,6,pca_sar,1,2
0.31579125,6,pca_sar,1,2
0.28867814,6,pca_sar,1,2
0.3208713,6,pca_sar,1,2
0.3225331,6,pca_sar,1,2
0.29878384,6,pca_sar,1,2
0.3398469,6,pca_sar,1,2
0.309123,6,pca_sar,1,2
0.3213733,6,pca_sar,1,2
0.32954386,6,pca_sar,1,2
0.32284254,6,pca_sar,1,2
0.27888644,6,pca_sar,1,2
0.29660153,6,pca_sar,1,2
0.2871202,6,pca_sar,1,2
0.3099229,6,pca_sar,1,2
0.320418,6,pca_sar,1,2
0.25912845,6,pca_sar,1,2
0.30419892,6,pca_sar,1,2
0.25812632,6,pca_sar,1,2
0.26971,6,pca_sar,1,2
0.28466877,6,pca_sar,1,2
0.3425629,6,pca_sar,1,2
0.29134047,6,pca_sar,1,2
0.24362236,6,pca_sar,1,2
0.31395873,6,pca_sar,1,2
0.25053176,6,pca_sar,1,2
0.22761926,6,pca_sar,1,2
0.24413164,6,pca_sar,1,2
0.33891928,6,pca_sar,1,2
0.32496387,6,pca_sar,1,2
0.2962461,6,pca_sar,1,2
0.27176636,6,pca_sar,1,2
0.2639743,6,pca_sar,1,2
0.28404385,6,pca_sar,1,2
0.29916692,6,pca_sar,1,2
0.27981785,6,pca_sar,1,2
0.25839287,6,pca_sar,1,2
0.31288356,6,pca_sar,1,2
0.33008462,6,pca_sar,1,2
0.3070851,6,pca_sar,1,2
0.23623586,6,pca_sar,1,2
0.23159027,6,pca_sar,1,2
0.23000717,6,pca_sar,1,2
0.25345394,6,pca_sar,1,2
0.22590761,6,pca_sar,1,2
0.124955416,4,pca_sar,1,2
0.14807019,4,pca_sar,1,2
0.17776887,4,pca_sar,1,2
0.18836473,4,pca_sar,1,2
0.20261408,4,pca_sar,1,2
0.21491992,4,pca_sar,1,2
0.20438966,4,pca_sar,1,2
0.28593484,4,pca_sar,1,2
0.21717903,4,pca_sar,1,2
0.19953614,4,pca_sar,1,2
0.19304848,4,pca_sar,1,2
0.2998054,4,pca_sar,1,2
0.2882513,4,pca_sar,1,2
0.2798798,4,pca_sar,1,2
0.23703292,4,pca_sar,1,2
0.32164314,4,pca_sar,1,2
0.23020352,4,pca_sar,1,2
0.24217571,4,pca_sar,1,2
0.21797976,4,pca_sar,1,2
0.31794268,4,pca_sar,1,2
0.22622518,4,pca_sar,1,2
0.28668654,4,pca_sar,1,2
0.28287464,4,pca_sar,1,2
0.3682552,4,pca_sar,1,2
0.2110298,4,pca_sar,1,2
0.21570623,4,pca_sar,1,2
0.20753483,4,pca_sar,1,2
0.38948146,4,pca_sar,1,2
0.2537442,4,pca_sar,1,2
0.32887098,4,pca_sar,1,2
0.2606449,4,pca_sar,1,2
0.35285538,4,pca_sar,1,2
0.12391703,4,pca_sar,1,2
0.15303673,4,pca_sar,1,2
0.14780186,4,pca_sar,1,2
0.15389948,4,pca_sar,1,2
0.15237221,4,pca_sar,1,2
0.14887384,4,pca_sar,1,2
0.17947063,4,pca_sar,1,2
0.15747292,4,pca_sar,1,2
0.16808441,4,pca_sar,1,2
0.15278281,4,pca_sar,1,2
0.19581531,4,pca_sar,1,2
0.20933922,4,pca_sar,1,2
0.12832434,4,pca_sar,1,2
0.10964707,4,pca_sar,1,2
0.119555004,4,pca_sar,1,2
0.17178018,4,pca_sar,1,2
0.17516816,4,pca_sar,1,2
0.18103045,4,pca_sar,1,2
0.10152292,4,pca_sar,1,2
0.08451115,4,pca_sar,1,2
0.17109561,4,pca_sar,1,2
0.18663856,4,pca_sar,1,2
0.16986132,4,pca_sar,1,2
0.2030021,4,pca_sar,1,2
0.15742955,4,pca_sar,1,2
0.12732442,4,pca_sar,1,2
0.16393547,4,pca_sar,1,2
0.18061739,4,pca_sar,1,2
0.20013615,4,pca_sar,1,2
0.1737265,4,pca_sar,1,2
0.18317187,4,pca_sar,1,2
0.17031461,4,pca_sar,1,2
0.1862205,4,pca_sar,1,2
0.18818456,4,pca_sar,1,2
0.12742361,4,pca_sar,1,2
0.18825433,4,pca_sar,1,2
0.18703029,4,pca_sar,1,2
0.26391783,4,pca_sar,1,2
0.26076436,4,pca_sar,1,2
0.24342671,4,pca_sar,1,2
0.18782347,4,pca_sar,1,2
0.14370357,4,pca_sar,1,2
0.13517153,4,pca_sar,1,2
0.1924474,4,pca_sar,1,2
0.1723887,4,pca_sar,1,2
0.21176086,4,pca_sar,1,2
0.17840485,4,pca_sar,1,2
0.15262958,4,pca_sar,1,2
0.14964546,4,pca_sar,1,2
0.18320256,4,pca_sar,1,2
0.22485068,4,pca_sar,1,2
0.20534447,4,pca_sar,1,2
0.15536815,4,pca_sar,1,2
0.13049993,4,pca_sar,1,2
0.16217153,4,pca_sar,1,2
0.14161108,4,pca_sar,1,2
0.18690962,4,pca_sar,1,2
0.28115028,4,pca_sar,1,2
0.23748189,4,pca_sar,1,2
0.19955258,4,pca_sar,1,2
0.15885702,4,pca_sar,1,2
0.20073684,4,pca_sar,1,2
0.17735533,4,pca_sar,1,2
0.19722298,4,pca_sar,1,2
0.21877472,4,pca_sar,1,2
0.1858493,4,pca_sar,1,2
0.1573816,4,pca_sar,1,2
0.22562066,4,pca_sar,1,2
0.25360954,4,pca_sar,1,2
0.3197987,4,pca_sar,1,2
0.2716469,4,pca_sar,1,2
0.18627937,4,pca_sar,1,2
0.25654322,4,pca_sar,1,2
0.20470506,4,pca_sar,1,2
0.19239987,4,pca_sar,1,2
0.19738616,4,pca_sar,1,2
0.14795646,4,pca_sar,1,2
0.17887977,4,pca_sar,1,2
0.20132358,4,pca_sar,1,2
0.23661307,4,pca_sar,1,2
0.14761367,4,pca_sar,1,2
0.21095069,4,pca_sar,1,2
0.23443343,4,pca_sar,1,2
0.26124838,4,pca_sar,1,2
0.22437723,4,pca_sar,1,2
0.187264,4,pca_sar,1,2
0.17844535,4,pca_sar,1,2
0.17857744,4,pca_sar,1,2
0.21552667,4,pca_sar,1,2
0.20422712,4,pca_sar,1,2
0.20554096,4,pca_sar,1,2
0.21064043,4,pca_sar,1,2
0.33999604,4,pca_sar,1,2
0.18531582,4,pca_sar,1,2
0.18366548,4,pca_sar,1,2
0.25769332,4,pca_sar,1,2
0.24046466,4,pca_sar,1,2
0.34213403,4,pca_sar,1,2
0.17533524,4,pca_sar,1,2
0.18469149,4,pca_sar,1,2
0.22156806,4,pca_sar,1,2
0.37656122,4,pca_sar,1,2
0.21808574,4,pca_sar,1,2
0.20578867,4,pca_sar,1,2
0.3925559,4,pca_sar,1,2
0.24516883,4,pca_sar,1,2
0.27373075,4,pca_sar,1,2
0.37922978,4,pca_sar,1,2
0.2474626,4,pca_sar,1,2
0.21736428,4,pca_sar,1,2
0.32351965,4,pca_sar,1,2
0.28879362,4,pca_sar,1,2
0.06109119,4,pca_sar,1,2
0.11310907,4,pca_sar,1,2
0.050831065,4,pca_sar,1,2
0.10020481,4,pca_sar,1,2
0.19986486,4,pca_sar,1,2
0.18246639,4,pca_sar,1,2
0.12317195,4,pca_sar,1,2
0.26632968,4,pca_sar,1,2
0.20336287,4,pca_sar,1,2
0.2187177,4,pca_sar,1,2
0.14742872,4,pca_sar,1,2
0.2624191,4,pca_sar,1,2
0.20442423,4,pca_sar,1,2
0.1656008,4,pca_sar,1,2
0.09850828,4,pca_sar,1,2
0.23499174,4,pca_sar,1,2
0.19414788,4,pca_sar,1,2
0.15760988,4,pca_sar,1,2
0.15141389,4,pca_sar,1,2
0.2720911,4,pca_sar,1,2
0.19117887,4,pca_sar,1,2
0.23709853,4,pca_sar,1,2
0.23143035,4,pca_sar,1,2
0.30274582,4,pca_sar,1,2
0.23292178,4,pca_sar,1,2
0.2238884,4,pca_sar,1,2
0.18225908,4,pca_sar,1,2
0.24046518,4,pca_sar,1,2
0.26824567,4,pca_sar,1,2
0.2459234,4,pca_sar,1,2
0.11129071,4,pca_sar,1,2
0.17626378,4,pca_sar,1,2
0.18480954,4,pca_sar,1,2
0.18077543,4,pca_sar,1,2
0.1766181,4,pca_sar,1,2
0.22972846,4,pca_sar,1,2
0.1492616,4,pca_sar,1,2
0.16458778,4,pca_sar,1,2
0.3063597,4,pca_sar,1,2
0.3660281,4,pca_sar,1,2
0.16904365,4,pca_sar,1,2
0.18635097,4,pca_sar,1,2
0.25784415,4,pca_sar,1,2
0.31510594,4,pca_sar,1,2
-0.021223612,4,pca_sar,1,2
0.0009891456,4,pca_sar,1,2
0.07970414,4,pca_sar,1,2
0.077230126,4,pca_sar,1,2
0.107747346,4,pca_sar,1,2
0.1481345,4,pca_sar,1,2
0.06887012,4,pca_sar,1,2
0.08288495,4,pca_sar,1,2
0.05934985,4,pca_sar,1,2
0.060788725,4,pca_sar,1,2
0.06296026,4,pca_sar,1,2
0.0412331,4,pca_sar,1,2
0.12702963,4,pca_sar,1,2
0.11691352,4,pca_sar,1,2
0.11363803,4,pca_sar,1,2
0.12342843,4,pca_sar,1,2
0.11914558,4,pca_sar,1,2
0.084887445,4,pca_sar,1,2
0.12216565,4,pca_sar,1,2
0.11051923,4,pca_sar,1,2
0.06830776,4,pca_sar,1,2
0.21007118,4,pca_sar,1,2
0.15095437,4,pca_sar,1,2
0.14053425,4,pca_sar,1,2
0.18426721,4,pca_sar,1,2
0.19747175,4,pca_sar,1,2
0.12701263,4,pca_sar,1,2
0.11831674,4,pca_sar,1,2
0.09663443,4,pca_sar,1,2
0.1726636,4,pca_sar,1,2
0.13344705,4,pca_sar,1,2
0.14203027,4,pca_sar,1,2
0.17364788,4,pca_sar,1,2
0.24143544,4,pca_sar,1,2
0.21899404,4,pca_sar,1,2
0.17723605,4,pca_sar,1,2
0.16037571,4,pca_sar,1,2
0.13737129,4,pca_sar,1,2
0.17380011,4,pca_sar,1,2
0.13800813,4,pca_sar,1,2
0.178649,4,pca_sar,1,2
0.15971915,4,pca_sar,1,2
0.19135204,4,pca_sar,1,2
0.19364834,4,pca_sar,1,2
0.19672377,4,pca_sar,1,2
0.19684392,4,pca_sar,1,2
0.16533397,4,pca_sar,1,2
0.18811469,4,pca_sar,1,2
0.17554799,4,pca_sar,1,2
0.18198083,4,pca_sar,1,2
0.24112767,4,pca_sar,1,2
0.16330877,4,pca_sar,1,2
0.18877861,4,pca_sar,1,2
0.16080508,4,pca_sar,1,2
0.15739027,4,pca_sar,1,2
0.18183683,4,pca_sar,1,2
0.13136631,4,pca_sar,1,2
0.10949929,4,pca_sar,1,2
0.094261914,4,pca_sar,1,2
0.12448129,4,pca_sar,1,2
0.1664893,4,pca_sar,1,2
0.09112066,4,pca_sar,1,2
0.22847086,4,pca_sar,1,2
0.20729543,4,pca_sar,1,2
0.1950874,4,pca_sar,1,2
0.15705597,4,pca_sar,1,2
0.2407588,4,pca_sar,1,2
0.26988637,4,pca_sar,1,2
0.20404536,4,pca_sar,1,2
0.16190073,4,pca_sar,1,2
0.24172154,4,pca_sar,1,2
0.24107745,4,pca_sar,1,2
0.14428271,4,pca_sar,1,2
0.18610078,4,pca_sar,1,2
0.20308803,4,pca_sar,1,2
0.19162257,4,pca_sar,1,2
0.18772185,4,pca_sar,1,2
0.18172047,4,pca_sar,1,2
0.22286253,4,pca_sar,1,2
0.1686309,4,pca_sar,1,2
0.34409988,4,pca_sar,1,2
0.2725994,4,pca_sar,1,2
0.22733259,4,pca_sar,1,2
0.24719489,4,pca_sar,1,2
0.22203572,4,pca_sar,1,2
0.34285074,4,pca_sar,1,2
0.27138203,4,pca_sar,1,2
0.27500668,4,pca_sar,1,2
0.26681814,4,pca_sar,1,2
0.32531136,4,pca_sar,1,2
0.22440805,4,pca_sar,1,2
0.2586911,4,pca_sar,1,2
0.34531808,4,pca_sar,1,2
0.20152351,4,pca_sar,1,2
0.2212925,4,pca_sar,1,2
0.34728277,4,pca_sar,1,2
0.27751714,4,pca_sar,1,2
0.26682496,4,pca_sar,1,2
0.32320338,4,pca_sar,1,2
0.26284584,4,pca_sar,1,2
0.31542885,6,pca_sar,1,2
0.32607287,6,pca_sar,1,2
0.43008924,6,pca_sar,1,2
0.37391973,6,pca_sar,1,2
0.35768837,6,pca_sar,1,2
0.44808567,6,pca_sar,1,2
0.50574446,6,pca_sar,1,2
0.50273144,6,pca_sar,1,2
0.21699432,6,pca_sar,1,2
0.18046579,6,pca_sar,1,2
0.06953107,6,pca_sar,1,2
-0.0575528,6,pca_sar,1,2
0.08726439,6,pca_sar,1,2
0.18795958,6,pca_sar,1,2
0.22983998,6,pca_sar,1,2
0.18145376,6,pca_sar,1,2
0.11197747,6,pca_sar,1,2
0.17299888,6,pca_sar,1,2
0.23206745,6,pca_sar,1,2
0.15719125,6,pca_sar,1,2
0.15621763,6,pca_sar,1,2
0.23948283,6,pca_sar,1,2
0.19701728,6,pca_sar,1,2
0.26514465,6,pca_sar,1,2
0.28098327,6,pca_sar,1,2
0.2166807,6,pca_sar,1,2
0.23688948,6,pca_sar,1,2
0.24857286,6,pca_sar,1,2
0.19911478,6,pca_sar,1,2
0.24719803,6,pca_sar,1,2
0.055134512,6,pca_sar,1,2
0.075342745,6,pca_sar,1,2
0.27063167,6,pca_sar,1,2
0.17196319,6,pca_sar,1,2
0.25868857,6,pca_sar,1,2
0.19170246,6,pca_sar,1,2
0.18461908,6,pca_sar,1,2
0.20398958,6,pca_sar,1,2
0.07038075,6,pca_sar,1,2
0.29467285,6,pca_sar,1,2
0.19449617,6,pca_sar,1,2
0.15191725,6,pca_sar,1,2
0.18164025,6,pca_sar,1,2
0.09098561,6,pca_sar,1,2
0.29093164,6,pca_sar,1,2
0.30560386,6,pca_sar,1,2
0.4221341,6,pca_sar,1,2
0.3421911,6,pca_sar,1,2
0.37447184,6,pca_sar,1,2
0.42962852,6,pca_sar,1,2
0.39149222,6,pca_sar,1,2
0.3817942,6,pca_sar,1,2
0.22724679,6,pca_sar,1,2
0.1724404,6,pca_sar,1,2
0.09759114,6,pca_sar,1,2
-0.0047918037,6,pca_sar,1,2
0.07722244,6,pca_sar,1,2
0.22191389,6,pca_sar,1,2
0.20154718,6,pca_sar,1,2
0.201475,6,pca_sar,1,2
0.0867099,6,pca_sar,1,2
0.10174847,6,pca_sar,1,2
0.29660383,6,pca_sar,1,2
0.18249203,6,pca_sar,1,2
0.15427992,6,pca_sar,1,2
0.18960851,6,pca_sar,1,2
0.21294184,6,pca_sar,1,2
0.16169754,6,pca_sar,1,2
0.2326535,6,pca_sar,1,2
0.21638611,6,pca_sar,1,2
0.22211765,6,pca_sar,1,2
0.17221473,6,pca_sar,1,2
0.112722635,6,pca_sar,1,2
0.194525,6,pca_sar,1,2
0.13230728,6,pca_sar,1,2
0.072413616,6,pca_sar,1,2
0.25084108,6,pca_sar,1,2
0.1530811,6,pca_sar,1,2
0.24109952,6,pca_sar,1,2
0.16601768,6,pca_sar,1,2
0.21344115,6,pca_sar,1,2
0.2110199,6,pca_sar,1,2
0.29557854,6,pca_sar,1,2
0.30415028,6,pca_sar,1,2
0.20530632,6,pca_sar,1,2
0.24771431,6,pca_sar,1,2
0.17381991,6,pca_sar,1,2
0.21309736,6,pca_sar,1,2
0.13587588,6,pca_sar,1,2
0.07628115,6,pca_sar,1,2
0.08903584,6,pca_sar,1,2
0.12614459,6,pca_sar,1,2
0.1299194,6,pca_sar,1,2
0.0826773,6,pca_sar,1,2
0.113567986,6,pca_sar,1,2
0.057512358,6,pca_sar,1,2
0.16684951,6,pca_sar,1,2
0.10863343,6,pca_sar,1,2
0.13861728,6,pca_sar,1,2
0.095250726,6,pca_sar,1,2
0.1381762,6,pca_sar,1,2
0.12347961,6,pca_sar,1,2
0.1431807,6,pca_sar,1,2
0.07099442,6,pca_sar,1,2
0.089738645,6,pca_sar,1,2
0.092042916,6,pca_sar,1,2
0.12126812,6,pca_sar,1,2
0.056066178,6,pca_sar,1,2
0.05995267,6,pca_sar,1,2
0.11341828,6,pca_sar,1,2
0.13751213,6,pca_sar,1,2
0.08223817,6,pca_sar,1,2
0.12152735,6,pca_sar,1,2
0.104953244,6,pca_sar,1,2
0.07880375,6,pca_sar,1,2
0.052271813,6,pca_sar,1,2
0.10782716,6,pca_sar,1,2
0.18435386,6,pca_sar,1,2
0.12529576,6,pca_sar,1,2
0.005953513,6,pca_sar,1,2
0.037245195,6,pca_sar,1,2
0.08210148,6,pca_sar,1,2
0.07590401,6,pca_sar,1,2
0.07669064,6,pca_sar,1,2
0.10761057,6,pca_sar,1,2
0.0689162,6,pca_sar,1,2
0.074606806,6,pca_sar,1,2
0.016647123,6,pca_sar,1,2
0.032577686,6,pca_sar,1,2
0.083145134,6,pca_sar,1,2
0.10723491,6,pca_sar,1,2
0.13228118,6,pca_sar,1,2
0.10983757,6,pca_sar,1,2
0.07349857,6,pca_sar,1,2
0.11240168,6,pca_sar,1,2
0.06971851,6,pca_sar,1,2
0.05531706,6,pca_sar,1,2
0.1465253,6,pca_sar,1,2
0.18146661,6,pca_sar,1,2
0.17993563,6,pca_sar,1,2
0.10648668,6,pca_sar,1,2
0.14152832,6,pca_sar,1,2
0.21383536,6,pca_sar,1,2
0.09867166,6,pca_sar,1,2
0.07752239,6,pca_sar,1,2
0.16424012,6,pca_sar,1,2
0.1707671,6,pca_sar,1,2
0.1691545,6,pca_sar,1,2
0.10398054,6,pca_sar,1,2
0.14533013,6,pca_sar,1,2
0.14266655,6,pca_sar,1,2
0.20313749,6,pca_sar,1,2
0.09237241,6,pca_sar,1,2
0.14615843,6,pca_sar,1,2
0.15430608,6,pca_sar,1,2
0.17668813,6,pca_sar,1,2
0.18559565,6,pca_sar,1,2
0.12413011,6,pca_sar,1,2
0.12317969,6,pca_sar,1,2
0.05903614,6,pca_sar,1,2
0.2046182,6,pca_sar,1,2
0.14114413,6,pca_sar,1,2
0.15311222,6,pca_sar,1,2
0.11184423,6,pca_sar,1,2
0.15266456,6,pca_sar,1,2
0.17515491,6,pca_sar,1,2
0.19659576,6,pca_sar,1,2
0.16004533,6,pca_sar,1,2
0.09600942,6,pca_sar,1,2
0.117140055,6,pca_sar,1,2
0.19475752,6,pca_sar,1,2
0.17228869,6,pca_sar,1,2
0.18805078,6,pca_sar,1,2
0.15130112,6,pca_sar,1,2
0.18498929,6,pca_sar,1,2
0.08166334,6,pca_sar,1,2
0.13965221,6,pca_sar,1,2
0.087167434,6,pca_sar,1,2
0.1368118,6,pca_sar,1,2
0.16477852,6,pca_sar,1,2
0.21538725,6,pca_sar,1,2
0.1820741,6,pca_sar,1,2
0.2320466,6,pca_sar,1,2
0.16832691,6,pca_sar,1,2
0.14120296,6,pca_sar,1,2
0.14028649,6,pca_sar,1,2
0.19328001,6,pca_sar,1,2
0.24726841,6,pca_sar,1,2
0.26030666,6,pca_sar,1,2
0.200539,6,pca_sar,1,2
0.24556862,6,pca_sar,1,2
0.25176316,6,pca_sar,1,2
0.13049911,6,pca_sar,1,2
0.10996466,6,pca_sar,1,2
0.16211417,6,pca_sar,1,2
0.2526574,6,pca_sar,1,2
0.25616354,6,pca_sar,1,2
0.21417451,6,pca_sar,1,2
0.24061976,6,pca_sar,1,2
0.25510705,6,pca_sar,1,2
0.0865411,6,pca_sar,1,2
0.16191539,6,pca_sar,1,2
0.24739149,6,pca_sar,1,2
0.2354328,6,pca_sar,1,2
0.20673671,6,pca_sar,1,2
0.15948865,6,pca_sar,1,2
0.1922369,6,pca_sar,1,2
0.26657683,6,pca_sar,1,2
0.10879423,6,pca_sar,1,2
0.15410504,6,pca_sar,1,2
0.19011238,6,pca_sar,1,2
0.19862038,6,pca_sar,1,2
0.20944546,6,pca_sar,1,2
0.22064966,6,pca_sar,1,2
0.21445525,6,pca_sar,1,2
0.27566612,6,pca_sar,1,2
0.19883147,6,pca_sar,1,2
0.20064484,6,pca_sar,1,2
0.17168516,6,pca_sar,1,2
0.20370337,6,pca_sar,1,2
0.24077916,6,pca_sar,1,2
0.22127636,6,pca_sar,1,2
0.18512547,6,pca_sar,1,2
0.15221888,6,pca_sar,1,2
0.18989402,5,pca_sar,1,2
0.1762445,5,pca_sar,1,2
0.1897178,5,pca_sar,1,2
0.18318519,5,pca_sar,1,2
0.19203892,5,pca_sar,1,2
0.19368291,5,pca_sar,1,2
0.16349995,5,pca_sar,1,2
0.1700695,5,pca_sar,1,2
0.22603804,5,pca_sar,1,2
0.22204033,5,pca_sar,1,2
0.18893835,5,pca_sar,1,2
0.15989673,5,pca_sar,1,2
0.12987918,5,pca_sar,1,2
0.1879665,5,pca_sar,1,2
0.16702141,5,pca_sar,1,2
0.1676813,5,pca_sar,1,2
0.15943547,5,pca_sar,1,2
0.22478256,5,pca_sar,1,2
0.24164727,5,pca_sar,1,2
0.1909254,5,pca_sar,1,2
0.19711964,5,pca_sar,1,2
0.23920931,5,pca_sar,1,2
0.13986696,5,pca_sar,1,2
0.10769393,5,pca_sar,1,2
0.23620906,5,pca_sar,1,2
0.26015335,5,pca_sar,1,2
0.12284509,5,pca_sar,1,2
0.089555025,5,pca_sar,1,2
0.18667214,5,pca_sar,1,2
0.18162888,5,pca_sar,1,2
0.12299386,5,pca_sar,1,2
0.12615356,5,pca_sar,1,2
0.14779687,5,pca_sar,1,2
0.09046699,5,pca_sar,1,2
0.12385833,5,pca_sar,1,2
0.083001584,5,pca_sar,1,2
0.1418944,5,pca_sar,1,2
0.09490908,6,pca_sar,1,2
0.122350134,6,pca_sar,1,2
0.1538358,6,pca_sar,1,2
0.14733699,6,pca_sar,1,2
0.08226866,6,pca_sar,1,2
0.07418518,6,pca_sar,1,2
0.11288423,6,pca_sar,1,2
0.1149255,6,pca_sar,1,2
0.086363785,6,pca_sar,1,2
0.05743296,6,pca_sar,1,2
0.11967799,6,pca_sar,1,2
0.12572911,6,pca_sar,1,2
0.10291268,6,pca_sar,1,2
0.08442016,6,pca_sar,1,2
0.13655409,6,pca_sar,1,2
0.16987738,6,pca_sar,1,2
0.19362856,6,pca_sar,1,2
0.19343288,6,pca_sar,1,2
0.23847681,6,pca_sar,1,2
0.15071985,6,pca_sar,1,2
0.13512132,6,pca_sar,1,2
0.12553719,6,pca_sar,1,2
0.14153408,6,pca_sar,1,2
0.16181672,6,pca_sar,1,2
0.17544699,6,pca_sar,1,2
0.16275084,6,pca_sar,1,2
0.20006472,6,pca_sar,1,2
0.12014491,6,pca_sar,1,2
0.15465821,6,pca_sar,1,2
0.21764824,6,pca_sar,1,2
0.27739084,6,pca_sar,1,2
0.19387847,6,pca_sar,1,2
0.17770767,6,pca_sar,1,2
0.13324213,6,pca_sar,1,2
0.19649062,6,pca_sar,1,2
0.15565595,6,pca_sar,1,2
0.13931468,6,pca_sar,1,2
0.13472241,6,pca_sar,1,2
0.2577348,6,pca_sar,1,2
0.21388927,6,pca_sar,1,2
0.20807277,6,pca_sar,1,2
0.12878951,6,pca_sar,1,2
0.18527754,6,pca_sar,1,2
0.18878654,6,pca_sar,1,2
0.0916752,6,pca_sar,1,2
0.11407305,6,pca_sar,1,2
0.23527235,6,pca_sar,1,2
0.22710691,6,pca_sar,1,2
0.2289015,6,pca_sar,1,2
0.16868901,6,pca_sar,1,2
0.18794547,6,pca_sar,1,2
0.25829917,6,pca_sar,1,2
0.06338375,6,pca_sar,1,2
0.16888168,6,pca_sar,1,2
0.2693766,6,pca_sar,1,2
0.2429022,6,pca_sar,1,2
0.22738016,6,pca_sar,1,2
0.20833164,6,pca_sar,1,2
0.2197645,6,pca_sar,1,2
0.28471187,6,pca_sar,1,2
0.29800165,6,pca_sar,1,2
0.2973649,6,pca_sar,1,2
0.2503787,6,pca_sar,1,2
0.23257272,6,pca_sar,1,2
0.33297205,6,pca_sar,1,2
0.26993603,6,pca_sar,1,2
0.25391525,6,pca_sar,1,2
0.20476288,6,pca_sar,1,2
0.11589581,5,pca_sar,1,2
0.13663393,5,pca_sar,1,2
0.15753038,5,pca_sar,1,2
0.12659808,5,pca_sar,1,2
0.2074652,5,pca_sar,1,2
0.23980089,5,pca_sar,1,2
0.19497249,5,pca_sar,1,2
0.16840194,5,pca_sar,1,2
0.3124537,5,pca_sar,1,2
0.30687404,5,pca_sar,1,2
0.23494259,5,pca_sar,1,2
0.18522856,5,pca_sar,1,2
0.22324233,5,pca_sar,1,2
0.24439503,5,pca_sar,1,2
0.11490325,5,pca_sar,1,2
0.06900571,5,pca_sar,1,2
0.19677678,5,pca_sar,1,2
0.23408905,5,pca_sar,1,2
0.1371853,5,pca_sar,1,2
0.10630283,5,pca_sar,1,2
0.19107816,5,pca_sar,1,2
0.20482397,5,pca_sar,1,2
0.14385001,5,pca_sar,1,2
0.16153002,5,pca_sar,1,2
0.17838752,5,pca_sar,1,2
0.20051356,5,pca_sar,1,2
0.15573946,5,pca_sar,1,2
0.15274814,5,pca_sar,1,2
0.09974902,5,pca_sar,1,2
0.116304204,5,pca_sar,1,2
0.087385386,5,pca_sar,1,2
0.17545924,5,pca_sar,1,2
0.23966986,5,pca_sar,1,2
0.16300035,5,pca_sar,1,2
0.2112836,5,pca_sar,1,2
0.117501564,5,pca_sar,1,2
0.18454915,5,pca_sar,1,2
0.12768793,6,pca_sar,1,2
0.051409148,6,pca_sar,1,2
0.09946058,6,pca_sar,1,2
0.080201626,6,pca_sar,1,2
0.11513382,6,pca_sar,1,2
0.013269402,6,pca_sar,1,2
0.04839225,6,pca_sar,1,2
0.06411201,6,pca_sar,1,2
0.14932606,6,pca_sar,1,2
0.04388898,6,pca_sar,1,2
0.05738546,6,pca_sar,1,2
0.032904267,6,pca_sar,1,2
0.17842397,6,pca_sar,1,2
0.09383423,6,pca_sar,1,2
0.13847914,6,pca_sar,1,2
0.11163317,6,pca_sar,1,2
0.1136505,6,pca_sar,1,2
0.17284875,6,pca_sar,1,2
0.2223114,6,pca_sar,1,2
0.064282715,6,pca_sar,1,2
0.14686105,6,pca_sar,1,2
0.08949511,6,pca_sar,1,2
0.14042917,6,pca_sar,1,2
0.13627079,6,pca_sar,1,2
0.17261434,6,pca_sar,1,2
0.2406295,6,pca_sar,1,2
0.3200577,6,pca_sar,1,2
0.13095309,6,pca_sar,1,2
0.15390295,6,pca_sar,1,2
0.16089372,6,pca_sar,1,2
0.17359242,6,pca_sar,1,2
0.16064139,6,pca_sar,1,2
0.13272665,6,pca_sar,1,2
0.22360322,6,pca_sar,1,2
0.26144874,6,pca_sar,1,2
0.08481529,6,pca_sar,1,2
0.12303324,6,pca_sar,1,2
0.18628998,6,pca_sar,1,2
0.2456486,6,pca_sar,1,2
0.20973514,6,pca_sar,1,2
0.17009309,6,pca_sar,1,2
0.1700624,6,pca_sar,1,2
0.17799886,6,pca_sar,1,2
0.13954969,6,pca_sar,1,2
0.15945253,6,pca_sar,1,2
0.22968255,6,pca_sar,1,2
0.25744265,6,pca_sar,1,2
0.23502906,6,pca_sar,1,2
0.20504168,6,pca_sar,1,2
0.16849153,6,pca_sar,1,2
0.21791728,6,pca_sar,1,2
0.20250683,6,pca_sar,1,2
0.16039203,6,pca_sar,1,2
0.17680946,6,pca_sar,1,2
0.20075637,6,pca_sar,1,2
0.23825772,6,pca_sar,1,2
0.2291888,6,pca_sar,1,2
0.19028324,6,pca_sar,1,2
0.22183025,6,pca_sar,1,2
0.23782018,6,pca_sar,1,2
0.26419812,6,pca_sar,1,2
0.28317463,6,pca_sar,1,2
0.23971915,6,pca_sar,1,2
0.22074208,6,pca_sar,1,2
0.3109561,6,pca_sar,1,2
0.28619778,6,pca_sar,1,2
0.24542733,6,pca_sar,1,2
0.18982583,6,pca_sar,1,2
0.13845477,7,pca_sar,1,2
0.15353264,7,pca_sar,1,2
0.1929282,7,pca_sar,1,2
0.14111862,7,pca_sar,1,2
0.106638186,7,pca_sar,1,2
0.051658504,7,pca_sar,1,2
0.06536445,7,pca_sar,1,2
0.19039673,7,pca_sar,1,2
0.21035078,7,pca_sar,1,2
0.17049697,7,pca_sar,1,2
0.17024574,7,pca_sar,1,2
0.11204375,7,pca_sar,1,2
0.090335265,7,pca_sar,1,2
0.09622153,7,pca_sar,1,2
0.12769127,7,pca_sar,1,2
0.2622729,7,pca_sar,1,2
0.30487937,7,pca_sar,1,2
0.31963688,7,pca_sar,1,2
0.2630912,7,pca_sar,1,2
0.26986858,7,pca_sar,1,2
0.23732847,7,pca_sar,1,2
0.23466863,7,pca_sar,1,2
0.2548065,7,pca_sar,1,2
0.3117349,7,pca_sar,1,2
0.21306272,7,pca_sar,1,2
0.18982276,7,pca_sar,1,2
0.1670642,7,pca_sar,1,2
0.0921301,7,pca_sar,1,2
0.09091111,7,pca_sar,1,2
0.056977708,7,pca_sar,1,2
0.053553753,7,pca_sar,1,2
0.20710467,7,pca_sar,1,2
0.19353524,7,pca_sar,1,2
0.16425538,7,pca_sar,1,2
0.10552646,7,pca_sar,1,2
0.049725972,7,pca_sar,1,2
0.050599337,7,pca_sar,1,2
0.038266074,7,pca_sar,1,2
0.051542427,7,pca_sar,1,2
0.32283825,7,pca_sar,1,2
0.26920903,7,pca_sar,1,2
0.25936228,7,pca_sar,1,2
0.24846207,7,pca_sar,1,2
0.2202675,7,pca_sar,1,2
0.20860052,7,pca_sar,1,2
0.20090482,7,pca_sar,1,2
0.14938164,7,pca_sar,1,2
0.14501177,7,pca_sar,1,2
0.19309756,7,pca_sar,1,2
0.19260475,7,pca_sar,1,2
0.26718622,7,pca_sar,1,2
0.2525613,7,pca_sar,1,2
0.11309763,5,pca_sar,1,2
0.11775716,5,pca_sar,1,2
0.2103243,5,pca_sar,1,2
0.15355726,5,pca_sar,1,2
0.15825,5,pca_sar,1,2
0.18576187,5,pca_sar,1,2
0.27711883,5,pca_sar,1,2
0.20970064,5,pca_sar,1,2
0.24264753,5,pca_sar,1,2
0.22052135,5,pca_sar,1,2
0.32732207,5,pca_sar,1,2
0.2504279,5,pca_sar,1,2
0.30292004,5,pca_sar,1,2
0.32008392,5,pca_sar,1,2
0.22292742,5,pca_sar,1,2
0.14984305,5,pca_sar,1,2
0.27020475,5,pca_sar,1,2
0.31945604,5,pca_sar,1,2
0.22371566,5,pca_sar,1,2
0.20212004,5,pca_sar,1,2
0.2609307,5,pca_sar,1,2
0.31129393,5,pca_sar,1,2
0.24789256,5,pca_sar,1,2
0.17131624,5,pca_sar,1,2
0.27388918,5,pca_sar,1,2
0.25816196,5,pca_sar,1,2
0.1418888,5,pca_sar,1,2
0.104790166,5,pca_sar,1,2
0.3008477,5,pca_sar,1,2
0.27225667,5,pca_sar,1,2
0.08278146,5,pca_sar,1,2
0.13808237,5,pca_sar,1,2
0.14873318,5,pca_sar,1,2
0.12033697,5,pca_sar,1,2
0.15160736,5,pca_sar,1,2
0.1872085,5,pca_sar,1,2
0.17971924,5,pca_sar,1,2
0.21096751,5,pca_sar,1,2
0.22298595,5,pca_sar,1,2
0.21153092,5,pca_sar,1,2
0.24697667,5,pca_sar,1,2
0.26597658,5,pca_sar,1,2
0.23853922,5,pca_sar,1,2
0.18608424,5,pca_sar,1,2
0.2489151,5,pca_sar,1,2
0.25932327,5,pca_sar,1,2
0.30482575,5,pca_sar,1,2
0.28177547,5,pca_sar,1,2
0.3096249,5,pca_sar,1,2
0.23656145,5,pca_sar,1,2
0.29766163,5,pca_sar,1,2
0.2478185,5,pca_sar,1,2
0.27365276,5,pca_sar,1,2
0.2269661,5,pca_sar,1,2
0.3035758,5,pca_sar,1,2
0.2364282,5,pca_sar,1,2
0.2135163,5,pca_sar,1,2
0.1767551,5,pca_sar,1,2
0.2355147,5,pca_sar,1,2
0.18612,5,pca_sar,1,2
0.13235065,5,pca_sar,1,2
0.20376843,5,pca_sar,1,2
0.22707419,5,pca_sar,1,2
0.11150533,5,pca_sar,1,2
0.099780984,5,pca_sar,1,2
0.2016207,5,pca_sar,1,2
0.23305285,5,pca_sar,1,2
0.120241314,5,pca_sar,1,2
0.15813617,5,pca_sar,1,2
0.15969598,5,pca_sar,1,2
0.15530303,5,pca_sar,1,2
0.14394535,5,pca_sar,1,2
0.07782611,5,pca_sar,1,2
0.16742226,5,pca_sar,1,2
0.13633004,3,pca_sar,1,2
0.16879877,3,pca_sar,1,2
0.13294607,3,pca_sar,1,2
0.13670254,3,pca_sar,1,2
0.09374977,3,pca_sar,1,2
0.12968373,3,pca_sar,1,2
0.11748465,3,pca_sar,1,2
0.04555521,3,pca_sar,1,2
-0.020330694,3,pca_sar,1,2
0.06641137,3,pca_sar,1,2
0.14133337,3,pca_sar,1,2
0.13185039,3,pca_sar,1,2
0.05520773,3,pca_sar,1,2
0.1094017,3,pca_sar,1,2
0.11351436,3,pca_sar,1,2
0.05675561,3,pca_sar,1,2
0.13215739,3,pca_sar,1,2
0.15181598,3,pca_sar,1,2
0.18473074,3,pca_sar,1,2
0.07010103,3,pca_sar,1,2
0.0560963,3,pca_sar,1,2
0.044658683,3,pca_sar,1,2
0.07098964,3,pca_sar,1,2
0.11957491,3,pca_sar,1,2
0.094474435,3,pca_sar,1,2
0.12713349,3,pca_sar,1,2
0.095443785,3,pca_sar,1,2
0.27118897,3,pca_sar,1,2
0.05826705,3,pca_sar,1,2
0.048317228,3,pca_sar,1,2
0.042554952,3,pca_sar,1,2
0.07066861,3,pca_sar,1,2
0.11389578,3,pca_sar,1,2
0.1684705,3,pca_sar,1,2
0.15142757,3,pca_sar,1,2
0.25395328,3,pca_sar,1,2
0.09420687,3,pca_sar,1,2
0.12432797,3,pca_sar,1,2
0.10434434,3,pca_sar,1,2
0.08344875,3,pca_sar,1,2
0.04443945,3,pca_sar,1,2
0.04072728,3,pca_sar,1,2
0.06044005,3,pca_sar,1,2
0.081720725,3,pca_sar,1,2
0.09587705,3,pca_sar,1,2
0.21598855,3,pca_sar,1,2
0.06868789,3,pca_sar,1,2
0.048538055,3,pca_sar,1,2
0.08115663,3,pca_sar,1,2
0.09217248,3,pca_sar,1,2
0.097553395,3,pca_sar,1,2
0.06618837,3,pca_sar,1,2
0.06601196,3,pca_sar,1,2
0.060097437,3,pca_sar,1,2
0.11670631,3,pca_sar,1,2
0.23222893,3,pca_sar,1,2
0.12193089,3,pca_sar,1,2
0.046253443,3,pca_sar,1,2
0.09412639,3,pca_sar,1,2
0.11624931,3,pca_sar,1,2
0.08866012,3,pca_sar,1,2
0.12319495,3,pca_sar,1,2
0.15989897,3,pca_sar,1,2
0.11321041,3,pca_sar,1,2
0.16172196,3,pca_sar,1,2
0.28729516,3,pca_sar,1,2
0.061958976,3,pca_sar,1,2
0.060719818,3,pca_sar,1,2
0.13544627,3,pca_sar,1,2
0.12018828,3,pca_sar,1,2
0.07572787,3,pca_sar,1,2
0.10915771,3,pca_sar,1,2
0.10086033,3,pca_sar,1,2
0.055842206,3,pca_sar,1,2
0.13567342,3,pca_sar,1,2
0.25516537,3,pca_sar,1,2
0.23524338,3,pca_sar,1,2
0.21411493,3,pca_sar,1,2
0.2601566,3,pca_sar,1,2
0.26437467,3,pca_sar,1,2
0.19476943,3,pca_sar,1,2
0.20943353,3,pca_sar,1,2
0.21344388,3,pca_sar,1,2
0.20537192,3,pca_sar,1,2
0.26690817,3,pca_sar,1,2
0.41184753,3,pca_sar,1,2
0.12554173,3,pca_sar,1,2
0.1007657,3,pca_sar,1,2
0.19924194,3,pca_sar,1,2
0.15621082,3,pca_sar,1,2
0.14295366,3,pca_sar,1,2
0.121852316,3,pca_sar,1,2
0.084969014,3,pca_sar,1,2
-0.010775555,3,pca_sar,1,2
0.082062796,3,pca_sar,1,2
0.15150976,3,pca_sar,1,2
0.10583258,3,pca_sar,1,2
0.08615704,3,pca_sar,1,2
0.032058515,3,pca_sar,1,2
0.12887748,3,pca_sar,1,2
0.06822538,3,pca_sar,1,2
0.07125004,3,pca_sar,1,2
0.07333216,3,pca_sar,1,2
0.12795569,3,pca_sar,1,2
0.1526739,3,pca_sar,1,2
0.10286265,3,pca_sar,1,2
0.0809982,3,pca_sar,1,2
0.057105295,3,pca_sar,1,2
0.05388724,3,pca_sar,1,2
0.064343266,3,pca_sar,1,2
0.10730221,3,pca_sar,1,2
0.10964544,3,pca_sar,1,2
0.06201799,3,pca_sar,1,2
0.05979523,3,pca_sar,1,2
0.10015314,3,pca_sar,1,2
-0.005814946,3,pca_sar,1,2
0.021807017,3,pca_sar,1,2
0.038932182,3,pca_sar,1,2
0.06340438,3,pca_sar,1,2
0.054871485,3,pca_sar,1,2
0.08065487,3,pca_sar,1,2
0.1356214,3,pca_sar,1,2
0.1466144,3,pca_sar,1,2
0.079332575,3,pca_sar,1,2
0.03020946,3,pca_sar,1,2
0.022694703,3,pca_sar,1,2
0.039229378,3,pca_sar,1,2
0.07848251,3,pca_sar,1,2
0.1004968,3,pca_sar,1,2
0.11020129,3,pca_sar,1,2
0.05707298,3,pca_sar,1,2
0.043549556,3,pca_sar,1,2
0.12272115,3,pca_sar,1,2
0.11166589,3,pca_sar,1,2
0.029348224,3,pca_sar,1,2
0.07116381,3,pca_sar,1,2
0.060962256,3,pca_sar,1,2
0.035131767,3,pca_sar,1,2
0.09866622,3,pca_sar,1,2
0.14814912,3,pca_sar,1,2
0.14558318,3,pca_sar,1,2
0.08875169,3,pca_sar,1,2
-0.044367865,3,pca_sar,1,2
0.0040358063,3,pca_sar,1,2
0.0993124,3,pca_sar,1,2
0.08225162,3,pca_sar,1,2
0.11795859,3,pca_sar,1,2
0.1566916,3,pca_sar,1,2
0.086078264,3,pca_sar,1,2
0.073449634,3,pca_sar,1,2
0.09310909,3,pca_sar,1,2
0.1510356,3,pca_sar,1,2
0.16191927,3,pca_sar,1,2
0.09541206,3,pca_sar,1,2
-0.011737028,3,pca_sar,1,2
0.061344687,3,pca_sar,1,2
0.2256305,3,pca_sar,1,2
0.16902855,3,pca_sar,1,2
0.09821512,3,pca_sar,1,2
0.1788438,3,pca_sar,1,2
0.23979002,3,pca_sar,1,2
0.027954686,3,pca_sar,1,2
0.07093945,3,pca_sar,1,2
0.101999566,3,pca_sar,1,2
0.108988725,3,pca_sar,1,2
0.16462892,3,pca_sar,1,2
0.1224473,3,pca_sar,1,2
0.025701672,3,pca_sar,1,2
0.0023189764,3,pca_sar,1,2
0.1252881,3,pca_sar,1,2
0.12271167,3,pca_sar,1,2
0.09030011,3,pca_sar,1,2
0.2166729,3,pca_sar,1,2
0.2848869,3,pca_sar,1,2
0.17774194,3,pca_sar,1,2
0.22074611,3,pca_sar,1,2
0.25092858,3,pca_sar,1,2
0.26920062,3,pca_sar,1,2
0.2520576,3,pca_sar,1,2
0.25756714,3,pca_sar,1,2
0.19109115,3,pca_sar,1,2
0.22964448,3,pca_sar,1,2
0.28432447,3,pca_sar,1,2
0.255893,3,pca_sar,1,2
0.25352916,3,pca_sar,1,2
0.3142922,3,pca_sar,1,2
0.29466274,3,pca_sar,1,2
0.13476302,3,pca_sar,1,2
0.06867627,3,pca_sar,1,2
0.07665186,3,pca_sar,1,2
-0.00938889,3,pca_sar,1,2
0.0643242,3,pca_sar,1,2
-0.04239679,3,pca_sar,1,2
0.031842753,3,pca_sar,1,2
-0.00031901523,3,pca_sar,1,2
0.16000362,3,pca_sar,1,2
0.24904284,3,pca_sar,1,2
0.19340616,3,pca_sar,1,2
0.21712661,3,pca_sar,1,2
0.4356801,3,pca_sar,1,2
0.30336136,3,pca_sar,1,2
0.25241837,3,pca_sar,1,2
0.2162275,7,pca_sar,1,2
0.18469971,7,pca_sar,1,2
0.18427868,7,pca_sar,1,2
0.15191634,7,pca_sar,1,2
0.09663181,7,pca_sar,1,2
0.09579403,7,pca_sar,1,2
0.09607662,7,pca_sar,1,2
0.11339836,7,pca_sar,1,2
0.171673,7,pca_sar,1,2
0.15022257,7,pca_sar,1,2
0.15999499,7,pca_sar,1,2
0.08212027,7,pca_sar,1,2
0.09501964,7,pca_sar,1,2
0.041389763,7,pca_sar,1,2
0.02477738,7,pca_sar,1,2
0.15161453,7,pca_sar,1,2
0.1201023,7,pca_sar,1,2
0.15571877,7,pca_sar,1,2
0.1934534,7,pca_sar,1,2
0.22386871,7,pca_sar,1,2
0.11000022,7,pca_sar,1,2
0.1023759,7,pca_sar,1,2
0.03628087,7,pca_sar,1,2
0.0928843,7,pca_sar,1,2
0.1385105,7,pca_sar,1,2
0.1492605,7,pca_sar,1,2
0.13610952,7,pca_sar,1,2
0.19753358,7,pca_sar,1,2
0.27909318,7,pca_sar,1,2
0.1491,7,pca_sar,1,2
0.10749218,7,pca_sar,1,2
0.015526276,7,pca_sar,1,2
0.06371045,7,pca_sar,1,2
0.1449567,7,pca_sar,1,2
0.15180156,7,pca_sar,1,2
0.16283362,7,pca_sar,1,2
0.18304048,7,pca_sar,1,2
0.21427423,7,pca_sar,1,2
0.11650725,7,pca_sar,1,2
0.14646374,7,pca_sar,1,2
0.060218804,7,pca_sar,1,2
0.03639482,7,pca_sar,1,2
0.17284676,7,pca_sar,1,2
0.12956116,7,pca_sar,1,2
0.14695626,7,pca_sar,1,2
0.18056318,7,pca_sar,1,2
0.1720624,7,pca_sar,1,2
0.11378992,7,pca_sar,1,2
0.14874211,7,pca_sar,1,2
0.0227615,7,pca_sar,1,2
-0.0007816106,7,pca_sar,1,2
0.13926774,7,pca_sar,1,2
0.11061957,7,pca_sar,1,2
0.13336545,7,pca_sar,1,2
0.15232128,7,pca_sar,1,2
0.14969125,7,pca_sar,1,2
0.07213587,7,pca_sar,1,2
0.10239898,7,pca_sar,1,2
0.04248942,7,pca_sar,1,2
0.052667953,7,pca_sar,1,2
0.10832228,7,pca_sar,1,2
0.09725997,7,pca_sar,1,2
0.06407272,7,pca_sar,1,2
0.07703006,7,pca_sar,1,2
0.07278657,7,pca_sar,1,2
0.0012431182,7,pca_sar,1,2
0.03247937,7,pca_sar,1,2
0.06997273,7,pca_sar,1,2
0.10905254,7,pca_sar,1,2
0.12659392,3,pca_sar,1,2
0.100411296,3,pca_sar,1,2
0.013333837,3,pca_sar,1,2
-0.07705748,3,pca_sar,1,2
0.029969491,3,pca_sar,1,2
0.110907264,3,pca_sar,1,2
0.008965176,3,pca_sar,1,2
-0.04236905,3,pca_sar,1,2
-0.00668779,3,pca_sar,1,2
0.17011468,3,pca_sar,1,2
0.15650523,3,pca_sar,1,2
0.1269747,3,pca_sar,1,2
0.018057667,3,pca_sar,1,2
0.009888237,3,pca_sar,1,2
0.054859698,3,pca_sar,1,2
0.004395878,3,pca_sar,1,2
-0.06884712,3,pca_sar,1,2
-0.09084599,3,pca_sar,1,2
0.1429593,3,pca_sar,1,2
0.09688716,3,pca_sar,1,2
0.047345344,3,pca_sar,1,2
0.080456786,3,pca_sar,1,2
0.056982346,3,pca_sar,1,2
0.020850388,3,pca_sar,1,2
0.04665906,3,pca_sar,1,2
0.010827288,3,pca_sar,1,2
-0.042631015,3,pca_sar,1,2
-0.014586881,3,pca_sar,1,2
0.052637734,3,pca_sar,1,2
0.15204076,3,pca_sar,1,2
0.1031138,3,pca_sar,1,2
0.021994043,3,pca_sar,1,2
0.08169878,3,pca_sar,1,2
0.10878582,3,pca_sar,1,2
0.0077586584,3,pca_sar,1,2
0.043175947,3,pca_sar,1,2
0.10578233,3,pca_sar,1,2
0.06293358,3,pca_sar,1,2
0.03329617,3,pca_sar,1,2
0.10872061,3,pca_sar,1,2
0.07813136,3,pca_sar,1,2
0.07987247,3,pca_sar,1,2
0.085454114,3,pca_sar,1,2
0.06919366,3,pca_sar,1,2
0.06633478,3,pca_sar,1,2
0.068184994,3,pca_sar,1,2
0.022133064,3,pca_sar,1,2
0.100348406,3,pca_sar,1,2
0.09292096,3,pca_sar,1,2
-0.026277678,3,pca_sar,1,2
0.037999798,3,pca_sar,1,2
0.02695666,3,pca_sar,1,2
0.091953665,3,pca_sar,1,2
0.07479493,3,pca_sar,1,2
0.060560048,3,pca_sar,1,2
0.09387408,3,pca_sar,1,2
0.118985,3,pca_sar,1,2
0.059865084,3,pca_sar,1,2
0.05675613,3,pca_sar,1,2
0.12811944,3,pca_sar,1,2
0.0039767697,3,pca_sar,1,2
-0.07524817,3,pca_sar,1,2
0.084323294,3,pca_sar,1,2
0.04255496,3,pca_sar,1,2
-0.023196071,3,pca_sar,1,2
0.11714442,3,pca_sar,1,2
0.11791233,3,pca_sar,1,2
0.075564034,3,pca_sar,1,2
0.10435484,3,pca_sar,1,2
0.10453588,3,pca_sar,1,2
0.057882056,3,pca_sar,1,2
0.09726974,3,pca_sar,1,2
0.058816817,3,pca_sar,1,2
0.0048070326,3,pca_sar,1,2
0.057388,3,pca_sar,1,2
0.066102654,3,pca_sar,1,2
0.011955842,3,pca_sar,1,2
0.025564011,3,pca_sar,1,2
0.14102465,3,pca_sar,1,2
0.13775507,3,pca_sar,1,2
0.10864821,3,pca_sar,1,2
0.12689579,3,pca_sar,1,2
0.08863942,3,pca_sar,1,2
0.04866755,3,pca_sar,1,2
0.007819198,3,pca_sar,1,2
0.013033725,3,pca_sar,1,2
0.04727844,3,pca_sar,1,2
0.07372075,3,pca_sar,1,2
0.142376,3,pca_sar,1,2
0.15545791,3,pca_sar,1,2
0.12974274,3,pca_sar,1,2
0.069253065,3,pca_sar,1,2
0.03223139,3,pca_sar,1,2
-0.019326646,3,pca_sar,1,2
0.0053896224,3,pca_sar,1,2
-0.09507412,3,pca_sar,1,2
-0.028795326,3,pca_sar,1,2
0.1229479,3,pca_sar,1,2
0.11374899,3,pca_sar,1,2
0.11808853,3,pca_sar,1,2
0.1248579,3,pca_sar,1,2
0.037813,3,pca_sar,1,2
0.019564457,3,pca_sar,1,2
0.0153389275,3,pca_sar,1,2
0.027355405,3,pca_sar,1,2
-0.02016184,3,pca_sar,1,2
-0.022136677,3,pca_sar,1,2
0.16423847,3,pca_sar,1,2
0.121837415,3,pca_sar,1,2
0.1479685,3,pca_sar,1,2
0.009443587,3,pca_sar,1,2
0.038067926,3,pca_sar,1,2
0.110497795,3,pca_sar,1,2
0.007687671,3,pca_sar,1,2
0.14793292,3,pca_sar,1,2
0.08987244,3,pca_sar,1,2
0.13544202,3,pca_sar,1,2
0.034206387,3,pca_sar,1,2
0.034076117,3,pca_sar,1,2
0.063771375,3,pca_sar,1,2
-0.046735812,3,pca_sar,1,2
0.08851865,3,pca_sar,1,2
0.03650319,3,pca_sar,1,2
-0.018507056,3,pca_sar,1,2
0.097261414,3,pca_sar,1,2
0.050386917,3,pca_sar,1,2
0.08936493,3,pca_sar,1,2
0.08673726,3,pca_sar,1,2
0.07739581,3,pca_sar,1,2
0.15872744,3,pca_sar,1,2
0.051327974,3,pca_sar,1,2
0.036260195,3,pca_sar,1,2
0.0152841285,3,pca_sar,1,2
0.19555862,7,pca_sar,1,2
0.19273604,7,pca_sar,1,2
0.168818,7,pca_sar,1,2
0.15431407,7,pca_sar,1,2
0.1368486,7,pca_sar,1,2
0.13578534,7,pca_sar,1,2
0.07509227,7,pca_sar,1,2
0.19765696,7,pca_sar,1,2
0.18931675,7,pca_sar,1,2
0.14435565,7,pca_sar,1,2
0.10605326,7,pca_sar,1,2
0.05342257,7,pca_sar,1,2
0.04117463,7,pca_sar,1,2
0.07226262,7,pca_sar,1,2
0.04427287,7,pca_sar,1,2
0.19499364,7,pca_sar,1,2
0.1856206,7,pca_sar,1,2
0.16939247,7,pca_sar,1,2
0.11905815,7,pca_sar,1,2
0.08028522,7,pca_sar,1,2
0.06446983,7,pca_sar,1,2
0.05912205,7,pca_sar,1,2
0.1000645,7,pca_sar,1,2
0.09778361,7,pca_sar,1,2
0.07301734,7,pca_sar,1,2
-0.04609279,7,pca_sar,1,2
0.2263206,7,pca_sar,1,2
0.16907448,7,pca_sar,1,2
0.1574489,7,pca_sar,1,2
0.11434935,7,pca_sar,1,2
0.09432361,7,pca_sar,1,2
0.0838099,7,pca_sar,1,2
0.05889914,7,pca_sar,1,2
0.079036444,7,pca_sar,1,2
0.12785801,7,pca_sar,1,2
0.017744798,7,pca_sar,1,2
0.0611247,7,pca_sar,1,2
0.27319968,7,pca_sar,1,2
0.17589849,7,pca_sar,1,2
0.1632486,7,pca_sar,1,2
0.14314559,7,pca_sar,1,2
0.12556799,7,pca_sar,1,2
0.1006686,7,pca_sar,1,2
0.06332376,7,pca_sar,1,2
0.12369453,7,pca_sar,1,2
0.07174337,7,pca_sar,1,2
0.049609527,7,pca_sar,1,2
0.08805858,7,pca_sar,1,2
0.29543662,7,pca_sar,1,2
0.18171084,7,pca_sar,1,2
0.15949547,7,pca_sar,1,2
0.2349774,7,pca_sar,1,2
0.19678216,7,pca_sar,1,2
0.11145233,7,pca_sar,1,2
0.06103905,7,pca_sar,1,2
0.1399611,7,pca_sar,1,2
0.1092685,7,pca_sar,1,2
0.013806462,7,pca_sar,1,2
-0.008616578,7,pca_sar,1,2
0.26033884,7,pca_sar,1,2
0.20900062,7,pca_sar,1,2
0.15990022,7,pca_sar,1,2
0.2584786,7,pca_sar,1,2
0.23280878,7,pca_sar,1,2
0.123313636,7,pca_sar,1,2
0.07983102,7,pca_sar,1,2
0.21681187,7,pca_sar,1,2
0.19310102,7,pca_sar,1,2
0.13027713,7,pca_sar,1,2
0.07941478,7,pca_sar,1,2
0.09423108,7,pca_sar,1,2
0.04091815,7,pca_sar,1,2
-0.034950957,7,pca_sar,1,2
0.05152044,7,pca_sar,1,2
0.055201896,7,pca_sar,1,2
0.14511062,7,pca_sar,1,2
0.1339836,7,pca_sar,1,2
0.13854821,7,pca_sar,1,2
0.10196652,7,pca_sar,1,2
0.16964303,7,pca_sar,1,2
0.15362069,7,pca_sar,1,2
0.04448823,7,pca_sar,1,2
0.04209569,7,pca_sar,1,2
0.25284094,7,pca_sar,1,2
0.21843904,7,pca_sar,1,2
-0.00134179,7,pca_sar,1,2
-0.033954002,7,pca_sar,1,2
0.04434999,7,pca_sar,1,2
0.08806912,7,pca_sar,1,2
-0.0037374971,7,pca_sar,1,2
-0.022042988,7,pca_sar,1,2
-0.0073961783,7,pca_sar,1,2
0.037039,7,pca_sar,1,2
-0.02153154,7,pca_sar,1,2
0.023047928,7,pca_sar,1,2
-0.013804603,7,pca_sar,1,2
-0.012342746,7,pca_sar,1,2
0.0076575717,7,pca_sar,1,2
0.051514715,7,pca_sar,1,2
0.028766116,7,pca_sar,1,2
-0.059439376,7,pca_sar,1,2
-0.032607093,7,pca_sar,1,2
-0.051839393,7,pca_sar,1,2
-0.008451235,7,pca_sar,1,2
0.027018085,7,pca_sar,1,2
0.05467289,7,pca_sar,1,2
0.07496081,7,pca_sar,1,2
0.14439341,7,pca_sar,1,2
-0.024934405,7,pca_sar,1,2
0.03815888,7,pca_sar,1,2
-0.040882736,7,pca_sar,1,2
0.05119442,7,pca_sar,1,2
0.08077224,7,pca_sar,1,2
0.13113329,7,pca_sar,1,2
0.08649555,7,pca_sar,1,2
0.1630725,7,pca_sar,1,2
0.065527074,7,pca_sar,1,2
0.0021188706,7,pca_sar,1,2
0.077288136,7,pca_sar,1,2
0.10853499,7,pca_sar,1,2
0.06109101,7,pca_sar,1,2
0.15551946,7,pca_sar,1,2
-0.011671128,7,pca_sar,1,2
0.15996313,3,pca_sar,1,2
0.11837799,3,pca_sar,1,2
0.070920944,3,pca_sar,1,2
-0.055985276,3,pca_sar,1,2
0.043781485,3,pca_sar,1,2
0.091339245,3,pca_sar,1,2
0.008726465,3,pca_sar,1,2
-0.053054616,3,pca_sar,1,2
0.008184491,3,pca_sar,1,2
0.046209767,7,pca_sar,1,2
0.07083473,7,pca_sar,1,2
0.16608399,3,pca_sar,1,2
0.10326198,3,pca_sar,1,2
0.05255223,3,pca_sar,1,2
-0.06276108,3,pca_sar,1,2
0.03929568,3,pca_sar,1,2
0.10465568,3,pca_sar,1,2
0.09805909,3,pca_sar,1,2
-0.0068734176,3,pca_sar,1,2
-0.095015556,3,pca_sar,1,2
0.18962345,3,pca_sar,1,2
0.11118451,3,pca_sar,1,2
0.0034664534,3,pca_sar,1,2
0.03779156,3,pca_sar,1,2
0.039413553,3,pca_sar,1,2
0.039310046,3,pca_sar,1,2
0.09046528,3,pca_sar,1,2
0.08546126,3,pca_sar,1,2
-0.028413266,3,pca_sar,1,2
0.01635081,3,pca_sar,1,2
0.13145065,3,pca_sar,1,2
0.16581976,3,pca_sar,1,2
0.047539964,3,pca_sar,1,2
-0.019526534,3,pca_sar,1,2
0.13277918,3,pca_sar,1,2
0.098493814,3,pca_sar,1,2
0.03097185,3,pca_sar,1,2
0.053246096,3,pca_sar,1,2
0.1338601,3,pca_sar,1,2
-0.015328329,3,pca_sar,1,2
0.025346288,3,pca_sar,1,2
0.15497684,3,pca_sar,1,2
0.083763674,3,pca_sar,1,2
0.10251785,3,pca_sar,1,2
0.050165154,3,pca_sar,1,2
0.005417902,3,pca_sar,1,2
0.03432634,3,pca_sar,1,2
0.05233816,3,pca_sar,1,2
0.001654841,3,pca_sar,1,2
0.058525234,3,pca_sar,1,2
0.093198724,3,pca_sar,1,2
-0.012468809,3,pca_sar,1,2
0.040918976,3,pca_sar,1,2
0.1271449,3,pca_sar,1,2
0.064743005,3,pca_sar,1,2
0.11509763,3,pca_sar,1,2
0.09809137,3,pca_sar,1,2
0.08574182,3,pca_sar,1,2
0.06510039,3,pca_sar,1,2
0.022896782,3,pca_sar,1,2
0.03827987,3,pca_sar,1,2
0.105162755,3,pca_sar,1,2
0.055153657,3,pca_sar,1,2
-0.029593576,3,pca_sar,1,2
0.032998636,3,pca_sar,1,2
0.007562506,3,pca_sar,1,2
0.164476,3,pca_sar,1,2
0.17226999,3,pca_sar,1,2
0.17201328,3,pca_sar,1,2
0.14104195,3,pca_sar,1,2
0.12413482,3,pca_sar,1,2
0.048207093,3,pca_sar,1,2
-0.012498269,3,pca_sar,1,2
0.092100106,3,pca_sar,1,2
0.14848062,3,pca_sar,1,2
0.056108147,3,pca_sar,1,2
0.09234561,3,pca_sar,1,2
0.14874013,3,pca_sar,1,2
0.04066196,3,pca_sar,1,2
0.18850268,3,pca_sar,1,2
0.17269516,3,pca_sar,1,2
0.17250699,3,pca_sar,1,2
0.12389122,3,pca_sar,1,2
0.11120491,3,pca_sar,1,2
0.03613256,3,pca_sar,1,2
-0.025965719,3,pca_sar,1,2
0.044141367,3,pca_sar,1,2
0.05477444,3,pca_sar,1,2
0.05732444,3,pca_sar,1,2
0.11859519,3,pca_sar,1,2
0.21056542,3,pca_sar,1,2
0.14869767,3,pca_sar,1,2
0.18382408,3,pca_sar,1,2
0.041428268,3,pca_sar,1,2
-0.031259164,3,pca_sar,1,2
-0.10689264,3,pca_sar,1,2
-0.08030461,3,pca_sar,1,2
-0.07776087,3,pca_sar,1,2
-0.09570963,3,pca_sar,1,2
-0.046770155,3,pca_sar,1,2
0.21259055,3,pca_sar,1,2
0.13972513,3,pca_sar,1,2
0.15252653,3,pca_sar,1,2
0.0042998977,3,pca_sar,1,2
-0.06508693,3,pca_sar,1,2
-0.1015125,3,pca_sar,1,2
-0.041562095,3,pca_sar,1,2
-0.060575783,3,pca_sar,1,2
-0.07515075,3,pca_sar,1,2
0.22281101,3,pca_sar,1,2
0.117950305,3,pca_sar,1,2
0.17336984,3,pca_sar,1,2
-0.011329735,3,pca_sar,1,2
-0.010479387,3,pca_sar,1,2
0.03811953,3,pca_sar,1,2
-0.071201876,3,pca_sar,1,2
0.17323837,3,pca_sar,1,2
0.104645036,3,pca_sar,1,2
0.1505364,3,pca_sar,1,2
-0.049668074,3,pca_sar,1,2
-0.07860628,3,pca_sar,1,2
-0.03629505,3,pca_sar,1,2
-0.12533705,3,pca_sar,1,2
0.1695438,3,pca_sar,1,2
0.10379154,3,pca_sar,1,2
-0.056316067,3,pca_sar,1,2
-0.013919774,3,pca_sar,1,2
-0.04382571,3,pca_sar,1,2
-0.044301715,3,pca_sar,1,2
0.03293413,3,pca_sar,1,2
-0.026991628,3,pca_sar,1,2
0.012118165,3,pca_sar,1,2
-0.00095974654,3,pca_sar,1,2
0.07769896,3,pca_sar,1,2
0.07600436,3,pca_sar,1,2
-0.02334651,7,pca_sar,1,2
-0.09800255,7,pca_sar,1,2
-0.00898709,7,pca_sar,1,2
0.025304954,7,pca_sar,1,2
0.031959914,7,pca_sar,1,2
0.07193461,7,pca_sar,1,2
-0.016602647,7,pca_sar,1,2
-0.007025961,7,pca_sar,1,2
0.08641145,7,pca_sar,1,2
0.014810149,7,pca_sar,1,2
0.00446371,7,pca_sar,1,2
-0.0166866,7,pca_sar,1,2
-0.015593419,7,pca_sar,1,2
0.097383834,7,pca_sar,1,2
0.15306108,7,pca_sar,1,2
0.14431788,7,pca_sar,1,2
0.01073993,7,pca_sar,1,2
-0.07613903,7,pca_sar,1,2
-0.06019293,7,pca_sar,1,2
-0.078900106,7,pca_sar,1,2
-0.059215613,7,pca_sar,1,2
0.05118484,7,pca_sar,1,2
0.067567594,7,pca_sar,1,2
0.051029824,7,pca_sar,1,2
0.054935545,7,pca_sar,1,2
-0.03882375,7,pca_sar,1,2
-0.05841519,7,pca_sar,1,2
0.036491588,7,pca_sar,1,2
0.035563618,7,pca_sar,1,2
0.014079608,7,pca_sar,1,2
0.16633745,7,pca_sar,1,2
-0.04426091,7,pca_sar,1,2
-0.043603353,7,pca_sar,1,2
-0.004913401,7,pca_sar,1,2
0.037566885,7,pca_sar,1,2
0.13029519,7,pca_sar,1,2
0.030340597,7,pca_sar,1,2
0.16661234,7,pca_sar,1,2
0.046242528,7,pca_sar,1,2
-0.041799,7,pca_sar,1,2
-0.022132453,7,pca_sar,1,2
-0.032396466,7,pca_sar,1,2
-0.0017530136,7,pca_sar,1,2
0.07045561,7,pca_sar,1,2
-0.0954585,7,pca_sar,1,2
0.05436959,7,pca_sar,1,2
0.04746124,7,pca_sar,1,2
0.0050099813,7,pca_sar,1,2
-0.0036126338,7,pca_sar,1,2
0.018114394,7,pca_sar,1,2
-0.122393385,7,pca_sar,1,2
0.019177428,7,pca_sar,1,2
0.034754775,7,pca_sar,1,2
0.027676176,7,pca_sar,1,2
0.008849019,7,pca_sar,1,2
0.070520386,7,pca_sar,1,2
0.2074154,5,pca_sar,1,2
0.17710948,5,pca_sar,1,2
0.1441363,5,pca_sar,1,2
0.18118677,5,pca_sar,1,2
0.20683828,5,pca_sar,1,2
0.2513655,5,pca_sar,1,2
0.20684984,5,pca_sar,1,2
0.28991383,5,pca_sar,1,2
0.26517075,5,pca_sar,1,2
0.3506469,5,pca_sar,1,2
0.33823466,5,pca_sar,1,2
0.2730813,5,pca_sar,1,2
0.3465151,5,pca_sar,1,2
0.33500332,5,pca_sar,1,2
0.31852263,5,pca_sar,1,2
0.28298014,5,pca_sar,1,2
0.35557112,5,pca_sar,1,2
0.30377555,5,pca_sar,1,2
0.28833792,5,pca_sar,1,2
0.34002554,5,pca_sar,1,2
0.33840683,5,pca_sar,1,2
0.37373894,5,pca_sar,1,2
0.40608725,5,pca_sar,1,2
0.31315923,5,pca_sar,1,2
0.3433925,5,pca_sar,1,2
0.40002346,5,pca_sar,1,2
0.34683836,5,pca_sar,1,2
0.34408316,5,pca_sar,1,2
0.36412823,5,pca_sar,1,2
0.2851345,5,pca_sar,1,2
0.28055632,5,pca_sar,1,2
0.30582815,5,pca_sar,1,2
0.28180248,5,pca_sar,1,2
0.3664636,5,pca_sar,1,2
0.3822819,5,pca_sar,1,2
0.27502447,5,pca_sar,1,2
0.2538941,5,pca_sar,1,2
0.29609558,5,pca_sar,1,2
0.2976945,5,pca_sar,1,2
0.36636496,5,pca_sar,1,2
0.24972746,5,pca_sar,1,2
0.249505,5,pca_sar,1,2
0.30111533,5,pca_sar,1,2
0.2876616,5,pca_sar,1,2
0.30258894,5,pca_sar,1,2
0.20148659,5,pca_sar,1,2
0.24032225,5,pca_sar,1,2
0.2189587,5,pca_sar,1,2
0.25345063,5,pca_sar,1,2
0.15865809,5,pca_sar,1,2
0.17389712,5,pca_sar,1,2
0.1693617,5,pca_sar,1,2
0.21792689,5,pca_sar,1,2
0.12224082,5,pca_sar,1,2
0.1812658,5,pca_sar,1,2
0.18818894,5,pca_sar,1,2
0.24771708,5,pca_sar,1,2
0.22979549,5,pca_sar,1,2
0.3187369,5,pca_sar,1,2
0.2903087,5,pca_sar,1,2
0.25500655,5,pca_sar,1,2
0.2600311,5,pca_sar,1,2
0.27393532,5,pca_sar,1,2
0.2790109,5,pca_sar,1,2
0.3082732,5,pca_sar,1,2
0.32319105,5,pca_sar,1,2
0.32498845,5,pca_sar,1,2
0.319957,5,pca_sar,1,2
0.26825768,5,pca_sar,1,2
0.27839372,5,pca_sar,1,2
0.23719884,5,pca_sar,1,2
0.25743052,5,pca_sar,1,2
0.24531853,5,pca_sar,1,2
0.27038825,5,pca_sar,1,2
0.29756522,5,pca_sar,1,2
0.18442875,5,pca_sar,1,2
0.24017854,5,pca_sar,1,2
0.30662578,5,pca_sar,1,2
0.3075127,5,pca_sar,1,2
0.22065848,5,pca_sar,1,2
0.237023,5,pca_sar,1,2
0.20087095,5,pca_sar,1,2
0.23366797,5,pca_sar,1,2
0.3015358,5,pca_sar,1,2
0.3130857,5,pca_sar,1,2
0.28158897,5,pca_sar,1,2
0.33293456,5,pca_sar,1,2
0.25281894,5,pca_sar,1,2
0.29025647,5,pca_sar,1,2
0.26293647,5,pca_sar,1,2
0.23169896,5,pca_sar,1,2
0.3038869,5,pca_sar,1,2
0.3449846,5,pca_sar,1,2
0.27646056,5,pca_sar,1,2
0.31464708,5,pca_sar,1,2
0.24525224,5,pca_sar,1,2
0.21747884,5,pca_sar,1,2
0.27742904,5,pca_sar,1,2
0.23259433,5,pca_sar,1,2
0.23544884,5,pca_sar,1,2
0.25262025,5,pca_sar,1,2
0.27900794,5,pca_sar,1,2
0.31766105,5,pca_sar,1,2
0.26466915,5,pca_sar,1,2
0.2976774,5,pca_sar,1,2
0.25591204,5,pca_sar,1,2
0.2577151,5,pca_sar,1,2
0.32479024,5,pca_sar,1,2
0.28276616,5,pca_sar,1,2
0.2509755,5,pca_sar,1,2
0.28118,5,pca_sar,1,2
0.3038664,5,pca_sar,1,2
0.24967757,5,pca_sar,1,2
0.2307555,5,pca_sar,1,2
0.2536791,5,pca_sar,1,2
0.24435419,5,pca_sar,1,2
0.1345239,3,pca_sar,1,2
0.17701963,3,pca_sar,1,2
0.161912,3,pca_sar,1,2
0.18148062,3,pca_sar,1,2
0.3741357,3,pca_sar,1,2
0.30271277,3,pca_sar,1,2
0.13390076,3,pca_sar,1,2
0.11859039,3,pca_sar,1,2
0.14528248,3,pca_sar,1,2
0.23652945,3,pca_sar,1,2
0.2143301,3,pca_sar,1,2
0.18583995,3,pca_sar,1,2
0.07515877,3,pca_sar,1,2
0.039364647,3,pca_sar,1,2
0.14952123,3,pca_sar,1,2
0.12948845,3,pca_sar,1,2
0.112801164,3,pca_sar,1,2
0.10438667,3,pca_sar,1,2
0.13140449,3,pca_sar,1,2
0.09464002,3,pca_sar,1,2
0.054710343,3,pca_sar,1,2
0.08209186,3,pca_sar,1,2
0.08625372,3,pca_sar,1,2
0.1353667,3,pca_sar,1,2
0.12871028,3,pca_sar,1,2
0.19437478,3,pca_sar,1,2
0.18875092,3,pca_sar,1,2
0.2664864,3,pca_sar,1,2
0.0849535,3,pca_sar,1,2
0.085559584,3,pca_sar,1,2
0.13638677,3,pca_sar,1,2
0.12798384,3,pca_sar,1,2
0.12342808,3,pca_sar,1,2
0.18975556,3,pca_sar,1,2
0.13022985,3,pca_sar,1,2
0.19452259,3,pca_sar,1,2
0.06323619,3,pca_sar,1,2
0.004695327,3,pca_sar,1,2
0.052754514,3,pca_sar,1,2
0.09078769,3,pca_sar,1,2
0.12041389,3,pca_sar,1,2
0.08885424,3,pca_sar,1,2
0.04538028,3,pca_sar,1,2
0.060146153,3,pca_sar,1,2
0.044567145,3,pca_sar,1,2
0.19345903,3,pca_sar,1,2
0.04236132,3,pca_sar,1,2
-0.014339236,3,pca_sar,1,2
0.02087441,3,pca_sar,1,2
0.0575148,3,pca_sar,1,2
0.11515858,3,pca_sar,1,2
0.0732896,3,pca_sar,1,2
0.100849554,3,pca_sar,1,2
0.08177112,3,pca_sar,1,2
0.11158042,3,pca_sar,1,2
0.25644308,3,pca_sar,1,2
0.02178536,3,pca_sar,1,2
0.02858521,3,pca_sar,1,2
0.048670404,3,pca_sar,1,2
0.03962073,3,pca_sar,1,2
0.09424505,3,pca_sar,1,2
0.08909379,3,pca_sar,1,2
0.1374861,3,pca_sar,1,2
0.10973671,3,pca_sar,1,2
0.14876099,3,pca_sar,1,2
0.27015626,3,pca_sar,1,2
-0.050799906,3,pca_sar,1,2
-0.04069777,3,pca_sar,1,2
0.08219636,3,pca_sar,1,2
0.13784346,3,pca_sar,1,2
0.12202043,3,pca_sar,1,2
0.09654971,3,pca_sar,1,2
0.046111107,3,pca_sar,1,2
-0.0049966592,3,pca_sar,1,2
0.06380832,3,pca_sar,1,2
0.2050958,3,pca_sar,1,2
0.03913693,3,pca_sar,1,2
-0.04356304,3,pca_sar,1,2
0.118027985,3,pca_sar,1,2
0.14846125,3,pca_sar,1,2
0.109023534,3,pca_sar,1,2
0.115855426,3,pca_sar,1,2
0.0910517,3,pca_sar,1,2
0.07732211,3,pca_sar,1,2
0.09205246,3,pca_sar,1,2
0.16353397,3,pca_sar,1,2
0.039740767,3,pca_sar,1,2
0.065623395,3,pca_sar,1,2
0.059248798,3,pca_sar,1,2
0.08933681,3,pca_sar,1,2
0.096493304,3,pca_sar,1,2
0.09555637,3,pca_sar,1,2
0.10144809,3,pca_sar,1,2
0.08481467,3,pca_sar,1,2
0.08944917,3,pca_sar,1,2
0.21678564,3,pca_sar,1,2
0.036678664,3,pca_sar,1,2
0.06521603,3,pca_sar,1,2
0.09660841,3,pca_sar,1,2
0.11413856,3,pca_sar,1,2
0.12828936,3,pca_sar,1,2
0.08584431,3,pca_sar,1,2
0.10637843,3,pca_sar,1,2
0.27714235,3,pca_sar,1,2
0.033025403,3,pca_sar,1,2
0.05396994,3,pca_sar,1,2
0.012184955,3,pca_sar,1,2
0.104261644,3,pca_sar,1,2
0.13538857,3,pca_sar,1,2
0.07985814,3,pca_sar,1,2
0.09999347,3,pca_sar,1,2
0.24712512,3,pca_sar,1,2
0.09997486,3,pca_sar,1,2
0.032741185,3,pca_sar,1,2
0.09955976,3,pca_sar,1,2
0.12713327,3,pca_sar,1,2
0.083845355,3,pca_sar,1,2
0.1533515,3,pca_sar,1,2
0.30960366,3,pca_sar,1,2
0.1185009,3,pca_sar,1,2
0.1014766,3,pca_sar,1,2
0.08661628,3,pca_sar,1,2
0.13574292,3,pca_sar,1,2
0.28113884,3,pca_sar,1,2
0.1313798,3,pca_sar,1,2
0.13867635,3,pca_sar,1,2
0.11294388,3,pca_sar,1,2
0.14505973,3,pca_sar,1,2
0.28303802,3,pca_sar,1,2
0.13114,3,pca_sar,1,2
0.13109218,3,pca_sar,1,2
0.21853429,3,pca_sar,1,2
0.19558965,3,pca_sar,1,2
0.18081442,3,pca_sar,1,2
0.20075795,3,pca_sar,1,2
0.13384566,3,pca_sar,1,2
0.054582532,3,pca_sar,1,2
0.022287415,3,pca_sar,1,2
0.14888261,3,pca_sar,1,2
0.17809539,3,pca_sar,1,2
0.1492132,3,pca_sar,1,2
0.051641274,3,pca_sar,1,2
0.04174238,3,pca_sar,1,2
0.009272486,3,pca_sar,1,2
0.017709158,3,pca_sar,1,2
0.14443952,3,pca_sar,1,2
0.17916778,3,pca_sar,1,2
0.18518895,3,pca_sar,1,2
0.093713924,3,pca_sar,1,2
0.021792987,3,pca_sar,1,2
0.069814,3,pca_sar,1,2
0.06165099,3,pca_sar,1,2
0.1111065,3,pca_sar,1,2
0.18941829,3,pca_sar,1,2
0.17471996,3,pca_sar,1,2
0.13727035,3,pca_sar,1,2
0.09767252,3,pca_sar,1,2
-0.015259938,3,pca_sar,1,2
0.004440531,3,pca_sar,1,2
0.03580229,3,pca_sar,1,2
0.028276222,3,pca_sar,1,2
0.023447534,3,pca_sar,1,2
0.1598935,3,pca_sar,1,2
0.13543026,3,pca_sar,1,2
0.041985795,3,pca_sar,1,2
0.05296638,3,pca_sar,1,2
0.04395876,3,pca_sar,1,2
-0.06577514,3,pca_sar,1,2
-0.06039729,3,pca_sar,1,2
-0.02647233,3,pca_sar,1,2
0.05428638,3,pca_sar,1,2
0.0576262,3,pca_sar,1,2
0.035031177,3,pca_sar,1,2
0.06737955,3,pca_sar,1,2
0.061309535,3,pca_sar,1,2
-0.004684845,3,pca_sar,1,2
0.028643543,3,pca_sar,1,2
0.03533632,3,pca_sar,1,2
0.025687493,3,pca_sar,1,2
-0.03685781,3,pca_sar,1,2
-0.03325469,3,pca_sar,1,2
0.058329586,3,pca_sar,1,2
0.10035671,3,pca_sar,1,2
0.052267045,3,pca_sar,1,2
0.041675597,3,pca_sar,1,2
0.035284672,3,pca_sar,1,2
-0.018593108,3,pca_sar,1,2
0.02858975,3,pca_sar,1,2
0.06351012,3,pca_sar,1,2
0.09544666,3,pca_sar,1,2
0.06342351,3,pca_sar,1,2
-0.0072927233,3,pca_sar,1,2
-0.025169991,3,pca_sar,1,2
0.028481321,3,pca_sar,1,2
0.07750157,3,pca_sar,1,2
0.06262414,3,pca_sar,1,2
0.08438411,3,pca_sar,1,2
0.10347918,3,pca_sar,1,2
0.095195815,3,pca_sar,1,2
0.18779461,3,pca_sar,1,2
0.12641558,3,pca_sar,1,2
0.061774947,3,pca_sar,1,2
0.020857418,3,pca_sar,1,2
0.098265335,3,pca_sar,1,2
-0.058280017,3,pca_sar,1,2
-0.063459545,3,pca_sar,1,2
-0.011042582,3,pca_sar,1,2
0.037691317,3,pca_sar,1,2
0.053067252,3,pca_sar,1,2
0.10250528,3,pca_sar,1,2
0.04823914,3,pca_sar,1,2
0.03146874,3,pca_sar,1,2
0.07374384,3,pca_sar,1,2
0.029702388,3,pca_sar,1,2
0.009294472,3,pca_sar,1,2
0.072796844,3,pca_sar,1,2
0.13813989,3,pca_sar,1,2
-0.04301901,3,pca_sar,1,2
-0.052996352,3,pca_sar,1,2
0.043356538,3,pca_sar,1,2
0.054551825,3,pca_sar,1,2
0.06830674,3,pca_sar,1,2
0.09024054,3,pca_sar,1,2
0.063124634,3,pca_sar,1,2
0.055211887,3,pca_sar,1,2
0.031427927,3,pca_sar,1,2
0.013799962,3,pca_sar,1,2
0.055050183,3,pca_sar,1,2
0.1069508,3,pca_sar,1,2
0.05713012,3,pca_sar,1,2
0.08482265,3,pca_sar,1,2
0.06644488,3,pca_sar,1,2
0.03544677,3,pca_sar,1,2
0.029347321,3,pca_sar,1,2
0.06659444,3,pca_sar,1,2
0.13044287,3,pca_sar,1,2
0.048438054,3,pca_sar,1,2
-0.009211253,3,pca_sar,1,2
-0.005828215,3,pca_sar,1,2
0.001978634,3,pca_sar,1,2
0.008393033,3,pca_sar,1,2
0.036774427,3,pca_sar,1,2
0.05883808,3,pca_sar,1,2
-0.00023385882,3,pca_sar,1,2
0.044332452,3,pca_sar,1,2
0.06895879,3,pca_sar,1,2
0.14023982,3,pca_sar,1,2
0.074019745,3,pca_sar,1,2
-0.028165603,3,pca_sar,1,2
0.012551054,3,pca_sar,1,2
0.04414914,3,pca_sar,1,2
0.04125295,3,pca_sar,1,2
0.10462936,3,pca_sar,1,2
0.09397359,3,pca_sar,1,2
0.06541809,3,pca_sar,1,2
0.11241273,3,pca_sar,1,2
0.028218456,3,pca_sar,1,2
0.11362856,3,pca_sar,1,2
0.08525686,3,pca_sar,1,2
-0.021145472,3,pca_sar,1,2
0.07546806,3,pca_sar,1,2
0.1447462,3,pca_sar,1,2
0.06776955,3,pca_sar,1,2
0.12797081,3,pca_sar,1,2
0.0451367,3,pca_sar,1,2
0.043725625,3,pca_sar,1,2
0.10093214,3,pca_sar,1,2
0.06867941,3,pca_sar,1,2
-0.012273232,3,pca_sar,1,2
0.044864975,3,pca_sar,1,2
0.10754424,3,pca_sar,1,2
0.054935317,3,pca_sar,1,2
0.18418315,3,pca_sar,1,2
0.14435184,3,pca_sar,1,2
0.07206716,3,pca_sar,1,2
0.05682388,3,pca_sar,1,2
0.07347536,3,pca_sar,1,2
0.20738918,3,pca_sar,1,2
0.21642849,3,pca_sar,1,2
0.1455271,3,pca_sar,1,2
0.093278944,3,pca_sar,1,2
0.0886867,3,pca_sar,1,2
0.096648835,3,pca_sar,1,2
0.099858865,3,pca_sar,1,2
0.08905815,3,pca_sar,1,2
0.001068526,3,pca_sar,1,2
0.038043264,3,pca_sar,1,2
-0.07942552,3,pca_sar,1,2
-0.041417114,3,pca_sar,1,2
-0.14445898,3,pca_sar,1,2
0.100213826,3,pca_sar,1,2
-0.0014331732,3,pca_sar,1,2
-0.006836836,3,pca_sar,1,2
0.16403463,3,pca_sar,1,2
0.063474,3,pca_sar,1,2
0.040653326,3,pca_sar,1,2
0.019003315,3,pca_sar,1,2
0.06260156,3,pca_sar,1,2
-0.016877254,3,pca_sar,1,2
-0.060584195,3,pca_sar,1,2
0.10116192,3,pca_sar,1,2
0.04625396,3,pca_sar,1,2
0.0040329397,3,pca_sar,1,2
0.12830514,3,pca_sar,1,2
0.08215437,3,pca_sar,1,2
0.12465669,3,pca_sar,1,2
0.12012348,3,pca_sar,1,2
0.25969085,3,pca_sar,1,2
0.1501187,3,pca_sar,1,2
0.24902427,3,pca_sar,1,2
0.10689519,3,pca_sar,1,2
0.20995532,3,pca_sar,1,2
0.100741915,3,pca_sar,1,2
0.27959242,3,pca_sar,1,2
0.20972726,7,pca_sar,1,2
0.22489269,7,pca_sar,1,2
0.2465516,7,pca_sar,1,2
0.2808224,7,pca_sar,1,2
0.32563353,7,pca_sar,1,2
0.31363145,7,pca_sar,1,2
0.27711865,7,pca_sar,1,2
0.18589601,7,pca_sar,1,2
0.14275087,7,pca_sar,1,2
0.096906275,7,pca_sar,1,2
0.105699934,7,pca_sar,1,2
0.107017614,7,pca_sar,1,2
0.18030083,7,pca_sar,1,2
0.23003802,7,pca_sar,1,2
0.16288665,7,pca_sar,1,2
0.056467842,7,pca_sar,1,2
0.01846939,7,pca_sar,1,2
0.100266755,7,pca_sar,1,2
0.15108258,7,pca_sar,1,2
0.084766336,7,pca_sar,1,2
0.10160098,7,pca_sar,1,2
0.10736539,7,pca_sar,1,2
0.11647628,7,pca_sar,1,2
0.052396573,7,pca_sar,1,2
-0.008290435,7,pca_sar,1,2
-0.012946922,7,pca_sar,1,2
0.10623815,7,pca_sar,1,2
0.1986984,7,pca_sar,1,2
0.10339458,7,pca_sar,1,2
0.10355714,7,pca_sar,1,2
0.09608087,7,pca_sar,1,2
0.10855142,7,pca_sar,1,2
0.05212869,7,pca_sar,1,2
0.0348841,7,pca_sar,1,2
0.049841076,7,pca_sar,1,2
0.09422819,7,pca_sar,1,2
0.18095319,7,pca_sar,1,2
0.10138016,7,pca_sar,1,2
0.094206415,7,pca_sar,1,2
0.05959065,7,pca_sar,1,2
0.07098484,7,pca_sar,1,2
0.02901011,7,pca_sar,1,2
0.058805805,7,pca_sar,1,2
0.030565536,7,pca_sar,1,2
0.06199902,7,pca_sar,1,2
0.17417449,3,pca_sar,1,2
0.1299467,3,pca_sar,1,2
0.08184178,3,pca_sar,1,2
-0.033709638,3,pca_sar,1,2
0.00092200004,3,pca_sar,1,2
0.048893303,3,pca_sar,1,2
0.067332625,3,pca_sar,1,2
-0.02680114,3,pca_sar,1,2
-0.13684613,3,pca_sar,1,2
0.27963567,3,pca_sar,1,2
0.19576976,3,pca_sar,1,2
0.07711655,3,pca_sar,1,2
-0.02855966,3,pca_sar,1,2
0.0033696927,3,pca_sar,1,2
0.04778314,3,pca_sar,1,2
0.09174377,3,pca_sar,1,2
0.016374275,3,pca_sar,1,2
-0.11118565,3,pca_sar,1,2
0.19042179,3,pca_sar,1,2
0.118502885,3,pca_sar,1,2
-0.021668512,3,pca_sar,1,2
-0.008172999,3,pca_sar,1,2
0.028788954,3,pca_sar,1,2
-0.010628556,3,pca_sar,1,2
0.030980892,3,pca_sar,1,2
0.069812275,3,pca_sar,1,2
0.0040634293,3,pca_sar,1,2
0.00062810443,3,pca_sar,1,2
0.08594481,3,pca_sar,1,2
0.1563322,3,pca_sar,1,2
0.047016867,3,pca_sar,1,2
-0.034455385,3,pca_sar,1,2
0.08173482,3,pca_sar,1,2
0.09856023,3,pca_sar,1,2
0.017022256,3,pca_sar,1,2
0.021370372,3,pca_sar,1,2
0.07565425,3,pca_sar,1,2
-0.016389646,3,pca_sar,1,2
0.049713396,3,pca_sar,1,2
0.12110346,3,pca_sar,1,2
0.14354035,3,pca_sar,1,2
0.14886346,3,pca_sar,1,2
0.009122044,3,pca_sar,1,2
-0.06696698,3,pca_sar,1,2
0.08426573,3,pca_sar,1,2
0.0795585,3,pca_sar,1,2
0.009966904,3,pca_sar,1,2
0.06870465,3,pca_sar,1,2
0.07078093,3,pca_sar,1,2
-0.029334053,3,pca_sar,1,2
0.045193706,3,pca_sar,1,2
0.07512447,3,pca_sar,1,2
0.15231226,3,pca_sar,1,2
0.12555078,3,pca_sar,1,2
0.004746488,3,pca_sar,1,2
-0.07933587,3,pca_sar,1,2
0.06354414,3,pca_sar,1,2
-0.0025155433,3,pca_sar,1,2
0.060309228,3,pca_sar,1,2
0.15358964,3,pca_sar,1,2
-0.019503128,3,pca_sar,1,2
-0.04168795,3,pca_sar,1,2
0.08268493,3,pca_sar,1,2
0.028052097,3,pca_sar,1,2
0.15126236,3,pca_sar,1,2
0.15759797,3,pca_sar,1,2
0.09785402,3,pca_sar,1,2
0.08278225,3,pca_sar,1,2
0.090733334,3,pca_sar,1,2
0.08187617,3,pca_sar,1,2
-0.048570108,3,pca_sar,1,2
0.045794483,3,pca_sar,1,2
0.072342455,3,pca_sar,1,2
-0.020278126,3,pca_sar,1,2
0.046927113,3,pca_sar,1,2
0.1392975,3,pca_sar,1,2
0.040831216,3,pca_sar,1,2
0.16639566,3,pca_sar,1,2
0.15228276,3,pca_sar,1,2
0.13386281,3,pca_sar,1,2
0.15995277,3,pca_sar,1,2
0.19724002,3,pca_sar,1,2
0.084444806,3,pca_sar,1,2
-0.052540462,3,pca_sar,1,2
-0.021590315,3,pca_sar,1,2
0.01605352,3,pca_sar,1,2
-0.047084574,3,pca_sar,1,2
0.030177992,3,pca_sar,1,2
0.17821881,3,pca_sar,1,2
0.1217985,3,pca_sar,1,2
0.14122176,3,pca_sar,1,2
0.052073732,3,pca_sar,1,2
-0.0025817677,3,pca_sar,1,2
-0.010620452,3,pca_sar,1,2
-0.04758688,3,pca_sar,1,2
-0.092687085,3,pca_sar,1,2
-0.10448919,3,pca_sar,1,2
-0.017425101,3,pca_sar,1,2
0.20431699,3,pca_sar,1,2
0.14638403,3,pca_sar,1,2
0.14857261,3,pca_sar,1,2
0.009372408,3,pca_sar,1,2
-0.033881858,3,pca_sar,1,2
0.028196916,3,pca_sar,1,2
0.020918287,3,pca_sar,1,2
0.04921601,3,pca_sar,1,2
0.007451947,3,pca_sar,1,2
0.2013196,3,pca_sar,1,2
0.20082021,3,pca_sar,1,2
0.21497393,3,pca_sar,1,2
0.0691062,3,pca_sar,1,2
0.089578025,3,pca_sar,1,2
0.16326198,3,pca_sar,1,2
0.0526893,3,pca_sar,1,2
0.19216125,3,pca_sar,1,2
0.17674178,3,pca_sar,1,2
0.21085307,3,pca_sar,1,2
0.021933096,3,pca_sar,1,2
0.055265557,3,pca_sar,1,2
0.05959277,3,pca_sar,1,2
0.038606636,3,pca_sar,1,2
0.1704418,3,pca_sar,1,2
0.08227199,3,pca_sar,1,2
-0.14317542,3,pca_sar,1,2
-0.03506287,3,pca_sar,1,2
-0.024349283,3,pca_sar,1,2
-0.0067294054,3,pca_sar,1,2
-0.081091076,3,pca_sar,1,2
-0.02027908,3,pca_sar,1,2
0.059411727,3,pca_sar,1,2
0.013338002,3,pca_sar,1,2
0.10002196,3,pca_sar,1,2
0.071886,3,pca_sar,1,2
0.20431384,3,pca_sar,1,2
0.23867826,3,pca_sar,1,2
0.1212192,3,pca_sar,1,2
0.15147711,3,pca_sar,1,2
0.21200216,3,pca_sar,1,2
0.11279347,3,pca_sar,1,2
0.2227749,3,pca_sar,1,2
0.011625316,3,pca_sar,1,2
0.01957726,3,pca_sar,1,2
0.053119566,3,pca_sar,1,2
0.22072594,3,pca_sar,1,2
0.2492095,3,pca_sar,1,2
0.049539283,3,pca_sar,1,2
-0.023782512,3,pca_sar,1,2
-0.0043709213,3,pca_sar,1,2
0.026051145,3,pca_sar,1,2
0.14765988,3,pca_sar,1,2
0.16039497,3,pca_sar,1,2
0.0033547767,3,pca_sar,1,2
0.054378606,3,pca_sar,1,2
0.011387588,3,pca_sar,1,2
0.17235184,3,pca_sar,1,2
0.15843555,3,pca_sar,1,2
-0.012222521,3,pca_sar,1,2
0.053429827,3,pca_sar,1,2
0.016055059,3,pca_sar,1,2
-0.08698343,3,pca_sar,1,2
-0.029658213,3,pca_sar,1,2
0.03425055,3,pca_sar,1,2
0.029250229,3,pca_sar,1,2
0.20171754,3,pca_sar,1,2
0.15521084,3,pca_sar,1,2
0.052562423,3,pca_sar,1,2
0.105904,3,pca_sar,1,2
0.038187556,3,pca_sar,1,2
-0.081030756,3,pca_sar,1,2
0.0073559247,3,pca_sar,1,2
0.0071291793,3,pca_sar,1,2
0.051654115,3,pca_sar,1,2
0.08799427,3,pca_sar,1,2
-0.011401599,3,pca_sar,1,2
0.04885394,3,pca_sar,1,2
0.18938047,3,pca_sar,1,2
0.15054622,3,pca_sar,1,2
0.017090777,3,pca_sar,1,2
0.015252546,3,pca_sar,1,2
0.04118632,3,pca_sar,1,2
-0.026366489,3,pca_sar,1,2
0.023486488,3,pca_sar,1,2
0.027864985,3,pca_sar,1,2
-0.10374339,3,pca_sar,1,2
0.067766644,3,pca_sar,1,2
0.14436468,3,pca_sar,1,2
0.021679103,3,pca_sar,1,2
0.007890944,3,pca_sar,1,2
0.0024555046,3,pca_sar,1,2
0.08602288,3,pca_sar,1,2
0.014966125,3,pca_sar,1,2
-0.056546316,3,pca_sar,1,2
0.12440978,3,pca_sar,1,2
0.22793524,7,pca_sar,1,2
0.22326595,7,pca_sar,1,2
0.25452954,7,pca_sar,1,2
0.31419748,7,pca_sar,1,2
0.33253774,7,pca_sar,1,2
0.24825631,7,pca_sar,1,2
0.23937663,7,pca_sar,1,2
0.16083933,7,pca_sar,1,2
0.10110399,7,pca_sar,1,2
0.10399708,7,pca_sar,1,2
0.13854909,7,pca_sar,1,2
0.104048274,7,pca_sar,1,2
0.08439049,7,pca_sar,1,2
0.101999305,7,pca_sar,1,2
0.1513991,7,pca_sar,1,2
0.18876848,7,pca_sar,1,2
0.1426587,7,pca_sar,1,2
0.106125,7,pca_sar,1,2
0.06722183,7,pca_sar,1,2
0.02495123,7,pca_sar,1,2
0.0110129295,7,pca_sar,1,2
0.037807867,7,pca_sar,1,2
0.06047499,7,pca_sar,1,2
0.042868767,7,pca_sar,1,2
0.07862852,7,pca_sar,1,2
0.083589345,7,pca_sar,1,2
0.06849681,7,pca_sar,1,2
0.08981755,7,pca_sar,1,2
0.10061182,7,pca_sar,1,2
0.06581855,7,pca_sar,1,2
0.06617124,7,pca_sar,1,2
0.07801493,7,pca_sar,1,2
0.017041016,7,pca_sar,1,2
0.091317445,7,pca_sar,1,2
0.063806675,7,pca_sar,1,2
0.093422934,7,pca_sar,1,2
0.096435815,7,pca_sar,1,2
0.089159966,7,pca_sar,1,2
0.098830014,7,pca_sar,1,2
0.11121051,7,pca_sar,1,2
0.09391796,7,pca_sar,1,2
0.1076768,7,pca_sar,1,2
0.02725512,7,pca_sar,1,2
0.089371465,7,pca_sar,1,2
0.17972575,7,pca_sar,1,2
0.096247934,7,pca_sar,1,2
0.049169566,7,pca_sar,1,2
0.029370606,7,pca_sar,1,2
0.051404558,7,pca_sar,1,2
0.14722985,7,pca_sar,1,2
0.078510635,7,pca_sar,1,2
0.08609556,7,pca_sar,1,2
0.11879537,7,pca_sar,1,2
0.10517416,7,pca_sar,1,2
0.10590206,7,pca_sar,1,2
0.10122838,7,pca_sar,1,2
0.10132916,7,pca_sar,1,2
0.091909,7,pca_sar,1,2
0.095589764,7,pca_sar,1,2
-0.069329165,7,pca_sar,1,2
0.037131432,7,pca_sar,1,2
0.10918851,7,pca_sar,1,2
0.07604084,7,pca_sar,1,2
0.022417344,7,pca_sar,1,2
-0.00012914557,7,pca_sar,1,2
0.06377794,7,pca_sar,1,2
0.20911205,7,pca_sar,1,2
0.10339481,7,pca_sar,1,2
0.04770437,7,pca_sar,1,2
0.0067231897,7,pca_sar,1,2
0.004980512,7,pca_sar,1,2
0.02828016,7,pca_sar,1,2
0.14842018,7,pca_sar,1,2
0.22181062,7,pca_sar,1,2
0.04888249,7,pca_sar,1,2
-0.022072237,7,pca_sar,1,2
-0.029826842,7,pca_sar,1,2
-0.016072823,7,pca_sar,1,2
0.13710259,7,pca_sar,1,2
0.15226403,7,pca_sar,1,2
0.22625569,7,pca_sar,1,2
0.2520551,7,pca_sar,1,2
0.031336717,7,pca_sar,1,2
-0.034886017,7,pca_sar,1,2
-0.113465264,7,pca_sar,1,2
0.002586849,7,pca_sar,1,2
0.067828715,7,pca_sar,1,2
0.1319464,7,pca_sar,1,2
0.015367719,7,pca_sar,1,2
-0.033741254,7,pca_sar,1,2
-0.12417657,7,pca_sar,1,2
-0.016082823,7,pca_sar,1,2
0.064101756,7,pca_sar,1,2
0.0850895,7,pca_sar,1,2
0.022127707,7,pca_sar,1,2
0.0011695381,7,pca_sar,1,2
-0.091411725,7,pca_sar,1,2
0.13248369,3,pca_sar,1,2
0.09257151,3,pca_sar,1,2
0.011379705,3,pca_sar,1,2
0.009636693,3,pca_sar,1,2
0.13231556,3,pca_sar,1,2
0.1006221,3,pca_sar,1,2
-0.00057057664,3,pca_sar,1,2
-0.034076825,3,pca_sar,1,2
0.0076666493,3,pca_sar,1,2
0.08174281,7,pca_sar,1,2
0.0875452,7,pca_sar,1,2
0.18574053,3,pca_sar,1,2
0.040487677,3,pca_sar,1,2
0.024169844,3,pca_sar,1,2
-0.024719376,3,pca_sar,1,2
0.06836775,3,pca_sar,1,2
0.04803951,3,pca_sar,1,2
0.055627678,3,pca_sar,1,2
0.032548293,3,pca_sar,1,2
0.03541363,3,pca_sar,1,2
0.2805089,3,pca_sar,1,2
0.16011336,3,pca_sar,1,2
0.033775628,3,pca_sar,1,2
0.018202722,3,pca_sar,1,2
0.05141698,3,pca_sar,1,2
-0.007395204,3,pca_sar,1,2
0.037101664,3,pca_sar,1,2
0.10220581,3,pca_sar,1,2
0.044314686,3,pca_sar,1,2
0.041000184,3,pca_sar,1,2
0.08544305,3,pca_sar,1,2
0.23887889,3,pca_sar,1,2
0.06955339,3,pca_sar,1,2
-0.02221962,3,pca_sar,1,2
0.05889744,3,pca_sar,1,2
0.030842055,3,pca_sar,1,2
0.0074884985,3,pca_sar,1,2
0.0005106181,3,pca_sar,1,2
0.084840536,3,pca_sar,1,2
-0.0029420666,3,pca_sar,1,2
0.03799907,3,pca_sar,1,2
0.10232982,3,pca_sar,1,2
0.1814202,3,pca_sar,1,2
0.18655837,3,pca_sar,1,2
0.04921142,3,pca_sar,1,2
0.030214492,3,pca_sar,1,2
0.115144774,3,pca_sar,1,2
0.08047204,3,pca_sar,1,2
0.00032063667,3,pca_sar,1,2
0.05039057,3,pca_sar,1,2
0.096029855,3,pca_sar,1,2
-0.02432697,3,pca_sar,1,2
0.004191719,3,pca_sar,1,2
0.12035015,3,pca_sar,1,2
0.12653226,3,pca_sar,1,2
0.1706282,3,pca_sar,1,2
0.11838982,3,pca_sar,1,2
0.03292616,3,pca_sar,1,2
0.054047987,3,pca_sar,1,2
0.027726095,3,pca_sar,1,2
-0.015102295,3,pca_sar,1,2
0.06401782,3,pca_sar,1,2
0.015477631,3,pca_sar,1,2
0.006937491,3,pca_sar,1,2
0.044508252,3,pca_sar,1,2
0.06409706,3,pca_sar,1,2
0.14498392,3,pca_sar,1,2
0.11521889,3,pca_sar,1,2
0.16230431,3,pca_sar,1,2
0.16063672,3,pca_sar,1,2
0.06121631,3,pca_sar,1,2
0.0068854187,3,pca_sar,1,2
-0.012778742,3,pca_sar,1,2
-0.017775185,3,pca_sar,1,2
0.020453209,3,pca_sar,1,2
0.10619937,3,pca_sar,1,2
0.15176259,3,pca_sar,1,2
0.054556016,3,pca_sar,1,2
-0.00086809695,3,pca_sar,1,2
0.14105457,3,pca_sar,1,2
0.14203477,3,pca_sar,1,2
0.12396916,3,pca_sar,1,2
0.16150376,3,pca_sar,1,2
0.10020861,3,pca_sar,1,2
0.022877563,3,pca_sar,1,2
-0.014719814,3,pca_sar,1,2
-0.022705771,3,pca_sar,1,2
-0.042817656,3,pca_sar,1,2
0.042717118,3,pca_sar,1,2
0.1899071,3,pca_sar,1,2
0.13495979,3,pca_sar,1,2
0.10662918,3,pca_sar,1,2
0.11787524,3,pca_sar,1,2
0.07564285,3,pca_sar,1,2
-0.025380785,3,pca_sar,1,2
-0.064627245,3,pca_sar,1,2
-0.036289237,3,pca_sar,1,2
-0.023441877,3,pca_sar,1,2
-0.041112706,3,pca_sar,1,2
0.0018928945,3,pca_sar,1,2
0.12461345,3,pca_sar,1,2
0.085127875,3,pca_sar,1,2
0.11312028,3,pca_sar,1,2
0.039893866,3,pca_sar,1,2
-0.096435815,3,pca_sar,1,2
-0.09885018,3,pca_sar,1,2
-0.01565957,3,pca_sar,1,2
0.0022022855,3,pca_sar,1,2
0.042603534,3,pca_sar,1,2
0.18046086,3,pca_sar,1,2
0.17287733,3,pca_sar,1,2
0.2009916,3,pca_sar,1,2
0.036268927,3,pca_sar,1,2
0.006164234,3,pca_sar,1,2
0.0154109765,3,pca_sar,1,2
-0.05903872,3,pca_sar,1,2
0.19577038,3,pca_sar,1,2
0.21708477,3,pca_sar,1,2
0.2185626,3,pca_sar,1,2
0.046525337,3,pca_sar,1,2
0.057766344,3,pca_sar,1,2
0.042163797,3,pca_sar,1,2
-0.11692247,3,pca_sar,1,2
0.1622781,3,pca_sar,1,2
0.092505455,3,pca_sar,1,2
-0.04598658,3,pca_sar,1,2
0.059400897,3,pca_sar,1,2
0.0030797813,3,pca_sar,1,2
-0.062075287,3,pca_sar,1,2
0.041145813,3,pca_sar,1,2
-0.0221429,3,pca_sar,1,2
-0.010916209,3,pca_sar,1,2
0.039802954,3,pca_sar,1,2
-0.007599825,3,pca_sar,1,2
0.026865834,3,pca_sar,1,2
0.26530558,3,pca_sar,1,2
0.2167913,3,pca_sar,1,2
0.14419541,3,pca_sar,1,2
0.11942753,3,pca_sar,1,2
0.046969704,3,pca_sar,1,2
0.055487152,3,pca_sar,1,2
0.14712027,3,pca_sar,1,2
0.06938278,3,pca_sar,1,2
-0.08035338,3,pca_sar,1,2
-0.04031059,3,pca_sar,1,2
0.03169837,3,pca_sar,1,2
0.04318483,3,pca_sar,1,2
0.009301778,3,pca_sar,1,2
0.097694635,3,pca_sar,1,2
-0.035682224,3,pca_sar,1,2
-0.040075507,3,pca_sar,1,2
-0.06810185,3,pca_sar,1,2
-0.046772435,3,pca_sar,1,2
-0.038895078,3,pca_sar,1,2
0.24236773,3,pca_sar,1,2
0.13415831,3,pca_sar,1,2
-0.066835955,3,pca_sar,1,2
-0.12307949,3,pca_sar,1,2
-0.06833144,3,pca_sar,1,2
-0.08730325,3,pca_sar,1,2
-0.04683321,3,pca_sar,1,2
0.25985444,3,pca_sar,1,2
0.10260404,3,pca_sar,1,2
-0.025560763,3,pca_sar,1,2
-0.04744053,3,pca_sar,1,2
-0.0005413629,3,pca_sar,1,2
-0.03134927,3,pca_sar,1,2
-0.014377991,3,pca_sar,1,2
0.0750586,3,pca_sar,1,2
-0.0061310437,3,pca_sar,1,2
0.04347764,3,pca_sar,1,2
0.07430378,3,pca_sar,1,2
0.031057322,3,pca_sar,1,2
-0.00092953537,3,pca_sar,1,2
-0.06735207,3,pca_sar,1,2
0.040803675,3,pca_sar,1,2
0.007962445,3,pca_sar,1,2
-0.086612165,3,pca_sar,1,2
-0.006570872,3,pca_sar,1,2
0.03178636,3,pca_sar,1,2
-0.03645648,3,pca_sar,1,2
-0.05864912,3,pca_sar,1,2
0.013650369,3,pca_sar,1,2
0.01415344,3,pca_sar,1,2
-0.054145124,3,pca_sar,1,2
0.01629392,3,pca_sar,1,2
0.08016378,3,pca_sar,1,2
0.120096534,7,pca_sar,1,2
0.1864237,7,pca_sar,1,2
0.05525834,7,pca_sar,1,2
0.043469273,7,pca_sar,1,2
-0.00732702,7,pca_sar,1,2
0.01998207,7,pca_sar,1,2
-0.035370294,7,pca_sar,1,2
0.029501563,7,pca_sar,1,2
0.03151003,7,pca_sar,1,2
0.048892334,7,pca_sar,1,2
0.050941966,7,pca_sar,1,2
0.013066582,7,pca_sar,1,2
-0.04706694,7,pca_sar,1,2
-0.0012398548,7,pca_sar,1,2
-0.05238224,7,pca_sar,1,2
0.01919346,7,pca_sar,1,2
-0.012873549,7,pca_sar,1,2
-0.05384336,7,pca_sar,1,2
-0.066322885,7,pca_sar,1,2
-0.011809393,7,pca_sar,1,2
-0.029279202,7,pca_sar,1,2
-0.063849375,7,pca_sar,1,2
0.05038122,7,pca_sar,1,2
-0.022447819,7,pca_sar,1,2
-0.04817378,7,pca_sar,1,2
0.0056621814,7,pca_sar,1,2
0.0028288774,7,pca_sar,1,2
0.023108201,7,pca_sar,1,2
0.17836276,7,pca_sar,1,2
-0.005816696,7,pca_sar,1,2
0.0104164295,7,pca_sar,1,2
0.025332998,7,pca_sar,1,2
0.08246988,7,pca_sar,1,2
0.16569996,7,pca_sar,1,2
0.055165492,7,pca_sar,1,2
0.20176734,7,pca_sar,1,2
0.091454834,7,pca_sar,1,2
-0.002106253,7,pca_sar,1,2
0.05029189,7,pca_sar,1,2
-0.022643916,7,pca_sar,1,2
0.028216258,7,pca_sar,1,2
0.113263234,7,pca_sar,1,2
0.094025254,7,pca_sar,1,2
0.07535292,7,pca_sar,1,2
0.18591885,7,pca_sar,1,2
0.15974042,7,pca_sar,1,2
0.032138344,7,pca_sar,1,2
0.06486342,7,pca_sar,1,2
0.11051093,7,pca_sar,1,2
0.017395362,7,pca_sar,1,2
0.14597166,7,pca_sar,1,2
0.13041952,7,pca_sar,1,2
0.12655786,7,pca_sar,1,2
0.08782659,7,pca_sar,1,2
0.32553357,5,pca_sar,1,2
0.24201524,5,pca_sar,1,2
0.31313938,5,pca_sar,1,2
0.28096354,5,pca_sar,1,2
0.2525961,5,pca_sar,1,2
0.29377723,5,pca_sar,1,2
0.26307347,5,pca_sar,1,2
0.30496514,5,pca_sar,1,2
0.25676453,5,pca_sar,1,2
0.25724,5,pca_sar,1,2
0.29889452,5,pca_sar,1,2
0.30640537,5,pca_sar,1,2
0.23817703,5,pca_sar,1,2
0.23074368,5,pca_sar,1,2
0.2923284,5,pca_sar,1,2
0.27961677,5,pca_sar,1,2
0.32058614,5,pca_sar,1,2
0.22409831,5,pca_sar,1,2
0.22145072,5,pca_sar,1,2
0.25140774,5,pca_sar,1,2
0.21621837,5,pca_sar,1,2
0.27334255,5,pca_sar,1,2
0.2997473,5,pca_sar,1,2
0.2107073,5,pca_sar,1,2
0.24371123,5,pca_sar,1,2
0.24476105,5,pca_sar,1,2
0.2503494,5,pca_sar,1,2
0.25419354,5,pca_sar,1,2
0.26815236,5,pca_sar,1,2
0.28187406,5,pca_sar,1,2
0.31506956,5,pca_sar,1,2
0.28447866,5,pca_sar,1,2
0.26071683,5,pca_sar,1,2
0.23719406,5,pca_sar,1,2
0.22025448,5,pca_sar,1,2
0.27987862,5,pca_sar,1,2
0.2689711,5,pca_sar,1,2
0.2332347,5,pca_sar,1,2
0.24315578,5,pca_sar,1,2
0.24696584,5,pca_sar,1,2
0.22881456,5,pca_sar,1,2
0.19839635,5,pca_sar,1,2
0.19510002,5,pca_sar,1,2
0.23416367,5,pca_sar,1,2
0.23732907,5,pca_sar,1,2
0.24395779,5,pca_sar,1,2
0.25371528,5,pca_sar,1,2
0.27489984,5,pca_sar,1,2
0.25085953,5,pca_sar,1,2
0.23595168,5,pca_sar,1,2
0.19002844,5,pca_sar,1,2
0.21157995,5,pca_sar,1,2
0.26752663,5,pca_sar,1,2
0.18247937,5,pca_sar,1,2
0.15191647,5,pca_sar,1,2
0.15917628,5,pca_sar,1,2
0.14131045,5,pca_sar,1,2
0.13695449,5,pca_sar,1,2
0.25308886,5,pca_sar,1,2
0.26584718,5,pca_sar,1,2
0.21877164,5,pca_sar,1,2
0.22527656,5,pca_sar,1,2
0.25119323,5,pca_sar,1,2
0.27220455,5,pca_sar,1,2
0.26201952,5,pca_sar,1,2
0.28339255,5,pca_sar,1,2
0.3436696,5,pca_sar,1,2
0.35444617,5,pca_sar,1,2
0.32292503,5,pca_sar,1,2
0.34913492,5,pca_sar,1,2
0.3100949,5,pca_sar,1,2
0.34374693,5,pca_sar,1,2
0.33496404,5,pca_sar,1,2
0.3273006,5,pca_sar,1,2
0.3402773,5,pca_sar,1,2
0.2710592,5,pca_sar,1,2
0.2803266,5,pca_sar,1,2
0.28751805,5,pca_sar,1,2
0.27594772,5,pca_sar,1,2
0.3574708,5,pca_sar,1,2
0.36411658,5,pca_sar,1,2
0.26000297,5,pca_sar,1,2
0.28191665,5,pca_sar,1,2
0.3197965,5,pca_sar,1,2
0.28104246,5,pca_sar,1,2
0.38220114,5,pca_sar,1,2
0.34447038,5,pca_sar,1,2
0.29905736,5,pca_sar,1,2
0.28864422,5,pca_sar,1,2
0.28887117,5,pca_sar,1,2
0.3028208,5,pca_sar,1,2
0.35506105,5,pca_sar,1,2
0.29056358,5,pca_sar,1,2
0.32675076,5,pca_sar,1,2
0.33036312,5,pca_sar,1,2
0.30165735,5,pca_sar,1,2
0.25752294,5,pca_sar,1,2
0.29468247,5,pca_sar,1,2
0.30501312,5,pca_sar,1,2
0.31462622,5,pca_sar,1,2
0.39768428,5,pca_sar,1,2
0.32975093,5,pca_sar,1,2
0.25498614,5,pca_sar,1,2
0.27118975,5,pca_sar,1,2
0.27285755,5,pca_sar,1,2
0.29725695,5,pca_sar,1,2
0.35716447,5,pca_sar,1,2
0.22158328,5,pca_sar,1,2
0.23960318,5,pca_sar,1,2
0.25295228,5,pca_sar,1,2
0.27573502,5,pca_sar,1,2
0.21462098,5,pca_sar,1,2
0.27262363,5,pca_sar,1,2
0.29767475,5,pca_sar,1,2
0.3274054,5,pca_sar,1,2
0.37040228,5,pca_sar,1,2
0.29698175,5,pca_sar,1,2
0.2664548,5,pca_sar,1,2
0.41566682,5,pca_sar,1,2
0.34983665,5,pca_sar,1,2
0.3034535,5,pca_sar,1,2
0.275306,5,pca_sar,1,2
0.26873145,5,pca_sar,1,2
0.26233965,5,pca_sar,1,2
0.39328432,5,pca_sar,1,2
0.36647207,5,pca_sar,1,2
0.36821544,5,pca_sar,1,2
0.2973623,5,pca_sar,1,2
0.28062442,5,pca_sar,1,2
0.2443859,5,pca_sar,1,2
0.22892392,5,pca_sar,1,2
0.24950844,5,pca_sar,1,2
0.25919378,5,pca_sar,1,2
0.31060356,5,pca_sar,1,2
0.29020935,5,pca_sar,1,2
0.41980246,5,pca_sar,1,2
0.35436052,5,pca_sar,1,2
0.33502555,5,pca_sar,1,2
0.27623448,5,pca_sar,1,2
0.28968453,5,pca_sar,1,2
0.21636729,5,pca_sar,1,2
0.26012716,5,pca_sar,1,2
0.35711986,5,pca_sar,1,2
0.32143795,5,pca_sar,1,2
0.24127401,5,pca_sar,1,2
0.21700823,5,pca_sar,1,2
0.2696035,5,pca_sar,1,2
0.26060554,5,pca_sar,1,2
0.40482962,5,pca_sar,1,2
0.37609515,5,pca_sar,1,2
0.36756268,5,pca_sar,1,2
0.28161493,5,pca_sar,1,2
0.26275018,5,pca_sar,1,2
0.21420062,5,pca_sar,1,2
0.23831174,5,pca_sar,1,2
0.3137637,5,pca_sar,1,2
0.32417858,5,pca_sar,1,2
0.27470267,5,pca_sar,1,2
0.23916136,5,pca_sar,1,2
0.24255797,5,pca_sar,1,2
0.19989526,5,pca_sar,1,2
0.3480479,5,pca_sar,1,2
0.38646135,5,pca_sar,1,2
0.42547247,5,pca_sar,1,2
0.34430426,5,pca_sar,1,2
0.3415777,5,pca_sar,1,2
0.23445922,5,pca_sar,1,2
0.2009308,5,pca_sar,1,2
0.21493582,5,pca_sar,1,2
0.2251615,5,pca_sar,1,2
0.26275486,5,pca_sar,1,2
0.26786822,5,pca_sar,1,2
0.22541547,5,pca_sar,1,2
0.16992639,5,pca_sar,1,2
0.34789526,5,pca_sar,1,2
0.3303132,5,pca_sar,1,2
0.36876315,5,pca_sar,1,2
0.3431236,5,pca_sar,1,2
0.3630985,5,pca_sar,1,2
0.25615823,5,pca_sar,1,2
0.20169866,5,pca_sar,1,2
0.18447194,5,pca_sar,1,2
0.17357635,5,pca_sar,1,2
0.23213589,5,pca_sar,1,2
0.19062606,5,pca_sar,1,2
0.27026135,5,pca_sar,1,2
0.27682242,5,pca_sar,1,2
0.24169338,5,pca_sar,1,2
0.26179087,5,pca_sar,1,2
0.20389517,5,pca_sar,1,2
0.17454398,5,pca_sar,1,2
0.18501678,5,pca_sar,1,2
0.19585517,5,pca_sar,1,2
0.21252005,5,pca_sar,1,2
0.15811709,5,pca_sar,1,2
0.21568735,5,pca_sar,1,2
0.22989595,5,pca_sar,1,2
0.21123856,5,pca_sar,1,2
0.22330183,5,pca_sar,1,2
0.21409157,5,pca_sar,1,2
0.2050209,5,pca_sar,1,2
0.21231261,5,pca_sar,1,2
0.214112,5,pca_sar,1,2
0.18316759,5,pca_sar,1,2
0.096639484,5,pca_sar,1,2
0.32034165,5,pca_sar,1,2
0.31072497,5,pca_sar,1,2
0.26497287,5,pca_sar,1,2
0.2709385,5,pca_sar,1,2
0.18742675,5,pca_sar,1,2
0.117435485,5,pca_sar,1,2
0.33313137,5,pca_sar,1,2
0.28761813,5,pca_sar,1,2
0.22368906,5,pca_sar,1,2
0.17412229,5,pca_sar,1,2
0.4192867,5,pca_sar,1,2
0.38116646,5,pca_sar,1,2
0.3381409,5,pca_sar,1,2
0.3189257,5,pca_sar,1,2
0.2950107,5,pca_sar,1,2
0.265917,5,pca_sar,1,2
0.24073298,5,pca_sar,1,2
0.2667715,5,pca_sar,1,2
0.30974412,5,pca_sar,1,2
0.33225107,5,pca_sar,1,2
0.35140377,5,pca_sar,1,2
0.3141009,5,pca_sar,1,2
0.28477874,5,pca_sar,1,2
0.27243507,5,pca_sar,1,2
0.24008176,5,pca_sar,1,2
0.25103617,5,pca_sar,1,2
0.23442167,5,pca_sar,1,2
0.24102573,5,pca_sar,1,2
0.21256143,5,pca_sar,1,2
0.30360115,5,pca_sar,1,2
0.3422404,5,pca_sar,1,2
0.3564242,5,pca_sar,1,2
0.34170943,5,pca_sar,1,2
0.32199657,5,pca_sar,1,2
0.31490862,5,pca_sar,1,2
0.33227557,5,pca_sar,1,2
0.30831468,5,pca_sar,1,2
0.28368908,5,pca_sar,1,2
0.27103552,5,pca_sar,1,2
0.23627639,5,pca_sar,1,2
0.27968368,5,pca_sar,1,2
0.24157806,5,pca_sar,1,2
0.30688703,5,pca_sar,1,2
0.36347547,5,pca_sar,1,2
0.38125485,5,pca_sar,1,2
0.35727513,5,pca_sar,1,2
0.30940744,5,pca_sar,1,2
0.29837978,5,pca_sar,1,2
0.30025554,5,pca_sar,1,2
0.2929458,5,pca_sar,1,2
0.31086576,5,pca_sar,1,2
0.32369223,5,pca_sar,1,2
0.2903846,5,pca_sar,1,2
0.27644417,5,pca_sar,1,2
0.16291745,5,pca_sar,1,2
0.29746252,5,pca_sar,1,2
0.32056016,5,pca_sar,1,2
0.336053,5,pca_sar,1,2
0.32166672,5,pca_sar,1,2
0.310213,5,pca_sar,1,2
0.30222592,5,pca_sar,1,2
0.2613598,5,pca_sar,1,2
0.27418086,5,pca_sar,1,2
0.28831005,5,pca_sar,1,2
0.37451446,5,pca_sar,1,2
0.30232602,5,pca_sar,1,2
0.2265102,5,pca_sar,1,2
0.14673872,5,pca_sar,1,2
0.2487753,5,pca_sar,1,2
0.27933186,5,pca_sar,1,2
0.28034776,5,pca_sar,1,2
0.29228204,5,pca_sar,1,2
0.28963745,5,pca_sar,1,2
0.2658973,5,pca_sar,1,2
0.24074161,5,pca_sar,1,2
0.28096572,5,pca_sar,1,2
0.2974254,5,pca_sar,1,2
0.34081984,5,pca_sar,1,2
0.29499027,5,pca_sar,1,2
0.31289554,5,pca_sar,1,2
0.32038048,5,pca_sar,1,2
0.3174018,5,pca_sar,1,2
0.3306264,5,pca_sar,1,2
0.25239283,5,pca_sar,1,2
0.27549374,5,pca_sar,1,2
0.3070982,5,pca_sar,1,2
0.30714363,5,pca_sar,1,2
0.32326382,5,pca_sar,1,2
0.26503295,5,pca_sar,1,2
0.35346037,5,pca_sar,1,2
0.34694922,5,pca_sar,1,2
0.34180218,5,pca_sar,1,2
0.3527191,5,pca_sar,1,2
0.25063804,5,pca_sar,1,2
0.22919849,5,pca_sar,1,2
0.25908208,5,pca_sar,1,2
0.26420325,5,pca_sar,1,2
0.25057173,5,pca_sar,1,2
0.18685028,5,pca_sar,1,2
0.33326447,5,pca_sar,1,2
0.34327424,5,pca_sar,1,2
0.320544,5,pca_sar,1,2
0.29234916,5,pca_sar,1,2
0.24201068,5,pca_sar,1,2
0.20472571,5,pca_sar,1,2
0.37864435,5,pca_sar,1,2
0.33484137,5,pca_sar,1,2
0.2836603,5,pca_sar,1,2
0.2671764,5,pca_sar,1,2
0.14522037,3,pca_sar,1,2
0.18374076,3,pca_sar,1,2
0.20006457,3,pca_sar,1,2
0.20141971,3,pca_sar,1,2
0.24237014,3,pca_sar,1,2
0.26570803,3,pca_sar,1,2
0.2633513,3,pca_sar,1,2
0.22000983,3,pca_sar,1,2
0.19797687,3,pca_sar,1,2
0.38044792,3,pca_sar,1,2
0.07819715,3,pca_sar,1,2
0.033767633,3,pca_sar,1,2
0.07679623,3,pca_sar,1,2
0.08286627,3,pca_sar,1,2
0.11115496,3,pca_sar,1,2
0.09080114,3,pca_sar,1,2
0.10428545,3,pca_sar,1,2
0.3129514,3,pca_sar,1,2
0.101805255,3,pca_sar,1,2
0.07686156,3,pca_sar,1,2
0.056907844,3,pca_sar,1,2
0.05071447,3,pca_sar,1,2
0.10610698,3,pca_sar,1,2
0.12693876,3,pca_sar,1,2
0.124402165,3,pca_sar,1,2
0.30767113,3,pca_sar,1,2
0.110164136,3,pca_sar,1,2
0.08063251,3,pca_sar,1,2
0.08690824,3,pca_sar,1,2
0.15185633,3,pca_sar,1,2
0.20568179,3,pca_sar,1,2
0.18178909,3,pca_sar,1,2
0.3302706,3,pca_sar,1,2
0.13686928,3,pca_sar,1,2
0.14277516,3,pca_sar,1,2
0.16611561,3,pca_sar,1,2
0.16309863,3,pca_sar,1,2
0.34256244,3,pca_sar,1,2
0.17140943,3,pca_sar,1,2
0.15459993,3,pca_sar,1,2
0.16314973,3,pca_sar,1,2
0.1732117,3,pca_sar,1,2
0.3509653,3,pca_sar,1,2
0.1744944,3,pca_sar,1,2
0.14676435,3,pca_sar,1,2
0.11412405,3,pca_sar,1,2
0.12896892,3,pca_sar,1,2
0.17893875,3,pca_sar,1,2
0.20884065,3,pca_sar,1,2
0.21164444,3,pca_sar,1,2
0.21087158,3,pca_sar,1,2
0.19717833,3,pca_sar,1,2
0.2003564,3,pca_sar,1,2
0.2132311,3,pca_sar,1,2
0.21610473,3,pca_sar,1,2
0.28654835,3,pca_sar,1,2
0.066533454,3,pca_sar,1,2
0.057835113,3,pca_sar,1,2
0.10813603,3,pca_sar,1,2
0.16494939,3,pca_sar,1,2
0.11636603,3,pca_sar,1,2
0.12643279,3,pca_sar,1,2
0.09264133,3,pca_sar,1,2
0.10128713,3,pca_sar,1,2
0.13554478,3,pca_sar,1,2
0.183327,3,pca_sar,1,2
0.2068801,3,pca_sar,1,2
0.1084902,3,pca_sar,1,2
0.06787431,3,pca_sar,1,2
0.07139377,3,pca_sar,1,2
0.1245857,3,pca_sar,1,2
0.11925276,3,pca_sar,1,2
0.1488375,3,pca_sar,1,2
0.12961671,3,pca_sar,1,2
0.11298306,3,pca_sar,1,2
0.17867878,3,pca_sar,1,2
0.18945932,3,pca_sar,1,2
0.064368516,3,pca_sar,1,2
0.040977884,3,pca_sar,1,2
0.093886524,3,pca_sar,1,2
0.112211764,3,pca_sar,1,2
0.16458246,3,pca_sar,1,2
0.17377216,3,pca_sar,1,2
0.19930854,3,pca_sar,1,2
0.26151246,3,pca_sar,1,2
0.14471716,3,pca_sar,1,2
0.13827747,3,pca_sar,1,2
0.1777755,3,pca_sar,1,2
0.21053214,3,pca_sar,1,2
0.2446835,3,pca_sar,1,2
0.23682252,3,pca_sar,1,2
0.22077492,3,pca_sar,1,2
0.2315947,3,pca_sar,1,2
0.231954,3,pca_sar,1,2
0.26954067,3,pca_sar,1,2
0.40301326,3,pca_sar,1,2
0.30348074,3,pca_sar,1,2
0.28207785,3,pca_sar,1,2
0.28850368,3,pca_sar,1,2
0.21908823,3,pca_sar,1,2
0.20032465,3,pca_sar,1,2
0.2636992,3,pca_sar,1,2
0.2131345,3,pca_sar,1,2
0.2804867,3,pca_sar,1,2
0.086656526,3,pca_sar,1,2
0.2277419,3,pca_sar,1,2
0.08115214,3,pca_sar,1,2
0.24738038,3,pca_sar,1,2
0.086861074,3,pca_sar,1,2
0.24999654,3,pca_sar,1,2
0.061805107,3,pca_sar,1,2
0.1740179,3,pca_sar,1,2
0.216416,3,pca_sar,1,2
0.31038404,3,pca_sar,1,2
0.14301066,3,pca_sar,1,2
0.08834416,3,pca_sar,1,2
0.15318993,3,pca_sar,1,2
0.073618,3,pca_sar,1,2
0.087719455,3,pca_sar,1,2
0.028335094,3,pca_sar,1,2
0.0077259373,3,pca_sar,1,2
-0.005186431,3,pca_sar,1,2
0.07233581,3,pca_sar,1,2
0.14975527,3,pca_sar,1,2
0.09834459,3,pca_sar,1,2
0.04527418,3,pca_sar,1,2
-0.017637763,3,pca_sar,1,2
-0.05337576,3,pca_sar,1,2
-0.049291857,3,pca_sar,1,2
0.03169289,3,pca_sar,1,2
0.06390206,3,pca_sar,1,2
0.05960455,3,pca_sar,1,2
0.0680711,3,pca_sar,1,2
0.3298418,3,pca_sar,1,2
0.2685926,3,pca_sar,1,2
-0.09580618,3,pca_sar,1,2
-0.09650953,3,pca_sar,1,2
7.038005e-05,3,pca_sar,1,2
-0.028414441,3,pca_sar,1,2
0.06497657,3,pca_sar,1,2
-0.048704207,3,pca_sar,1,2
0.09040833,3,pca_sar,1,2
0.34807447,3,pca_sar,1,2
0.23804323,3,pca_sar,1,2
-0.074619725,3,pca_sar,1,2
-0.015369773,3,pca_sar,1,2
0.03967627,3,pca_sar,1,2
-0.05654456,3,pca_sar,1,2
0.05450001,3,pca_sar,1,2
-0.03185526,3,pca_sar,1,2
0.066867605,3,pca_sar,1,2
0.13001853,3,pca_sar,1,2
0.0063669495,3,pca_sar,1,2
0.042553045,3,pca_sar,1,2
0.18619369,3,pca_sar,1,2
0.11885312,3,pca_sar,1,2
0.09853674,3,pca_sar,1,2
0.04144001,3,pca_sar,1,2
-0.006324563,3,pca_sar,1,2
0.047450785,3,pca_sar,1,2
0.01640341,3,pca_sar,1,2
-0.019274808,3,pca_sar,1,2
-0.11397506,3,pca_sar,1,2
-0.0021563917,3,pca_sar,1,2
0.20921643,3,pca_sar,1,2
0.09485778,3,pca_sar,1,2
-0.002548216,3,pca_sar,1,2
-0.092070274,3,pca_sar,1,2
0.027574286,3,pca_sar,1,2
-0.025114605,3,pca_sar,1,2
-0.12349036,3,pca_sar,1,2
0.01445682,3,pca_sar,1,2
0.28765082,4,pca_sar,1,2
0.27309823,4,pca_sar,1,2
0.35355222,4,pca_sar,1,2
0.47039422,4,pca_sar,1,2
0.4329403,4,pca_sar,1,2
0.32307747,4,pca_sar,1,2
0.35029387,4,pca_sar,1,2
0.4816496,4,pca_sar,1,2
0.36979568,4,pca_sar,1,2
0.4427851,4,pca_sar,1,2
0.36001742,4,pca_sar,1,2
0.33200702,4,pca_sar,1,2
0.44771814,4,pca_sar,1,2
0.44845274,4,pca_sar,1,2
0.4806547,4,pca_sar,1,2
0.45894772,4,pca_sar,1,2
0.45578974,4,pca_sar,1,2
0.55939335,4,pca_sar,1,2
0.30269244,3,pca_sar,1,2
0.34961033,3,pca_sar,1,2
0.18543355,3,pca_sar,1,2
0.15625013,3,pca_sar,1,2
0.19178131,3,pca_sar,1,2
0.17135045,3,pca_sar,1,2
0.10722841,3,pca_sar,1,2
0.14822732,3,pca_sar,1,2
0.0769283,3,pca_sar,1,2
0.09011576,3,pca_sar,1,2
0.10022334,3,pca_sar,1,2
0.21415108,3,pca_sar,1,2
0.101786114,3,pca_sar,1,2
0.1842058,3,pca_sar,1,2
0.05045598,3,pca_sar,1,2
0.054497294,3,pca_sar,1,2
0.04881528,3,pca_sar,1,2
0.026786013,3,pca_sar,1,2
0.005644325,3,pca_sar,1,2
0.11388664,3,pca_sar,1,2
0.033432603,3,pca_sar,1,2
-0.033085942,3,pca_sar,1,2
-0.06075485,3,pca_sar,1,2
-0.08373981,3,pca_sar,1,2
-0.039235372,3,pca_sar,1,2
-0.0256559,3,pca_sar,1,2
0.1677974,3,pca_sar,1,2
-0.0027747247,3,pca_sar,1,2
-0.06381552,3,pca_sar,1,2
-0.043125182,3,pca_sar,1,2
-0.013623523,3,pca_sar,1,2
0.012149999,3,pca_sar,1,2
-0.03265989,3,pca_sar,1,2
0.12472224,3,pca_sar,1,2
-0.043543316,3,pca_sar,1,2
-0.03536234,3,pca_sar,1,2
-0.047475558,3,pca_sar,1,2
-0.021909578,3,pca_sar,1,2
-0.030870743,3,pca_sar,1,2
-0.054763045,3,pca_sar,1,2
-0.1017549,3,pca_sar,1,2
0.07605319,3,pca_sar,1,2
-0.07266523,3,pca_sar,1,2
-0.03794878,3,pca_sar,1,2
-0.05597937,3,pca_sar,1,2
-0.026630271,3,pca_sar,1,2
-0.0053774454,3,pca_sar,1,2
-0.09893271,3,pca_sar,1,2
-0.0016753608,3,pca_sar,1,2
-0.07008454,3,pca_sar,1,2
0.010795284,3,pca_sar,1,2
0.089810565,3,pca_sar,1,2
0.39173117,4,pca_sar,1,2
0.2886004,4,pca_sar,1,2
0.25875494,4,pca_sar,1,2
0.4115996,4,pca_sar,1,2
0.3843291,4,pca_sar,1,2
0.2656073,4,pca_sar,1,2
0.3001957,4,pca_sar,1,2
0.3277839,4,pca_sar,1,2
0.40392455,4,pca_sar,1,2
0.32789564,4,pca_sar,1,2
0.22989646,4,pca_sar,1,2
0.25579023,4,pca_sar,1,2
0.23545817,4,pca_sar,1,2
0.23474643,4,pca_sar,1,2
0.33337915,4,pca_sar,1,2
0.3065013,4,pca_sar,1,2
0.3394721,4,pca_sar,1,2
0.40731996,4,pca_sar,1,2
0.360827,4,pca_sar,1,2
0.29996026,4,pca_sar,1,2
0.33164087,4,pca_sar,1,2
0.25532895,4,pca_sar,1,2
0.19384655,4,pca_sar,1,2
0.2720998,4,pca_sar,1,2
0.34983718,4,pca_sar,1,2
0.36897957,4,pca_sar,1,2
0.41863775,4,pca_sar,1,2
0.3322918,4,pca_sar,1,2
0.31312758,4,pca_sar,1,2
0.32024944,4,pca_sar,1,2
0.29641032,4,pca_sar,1,2
0.24927124,4,pca_sar,1,2
0.22686437,4,pca_sar,1,2
0.24578504,4,pca_sar,1,2
0.48158228,4,pca_sar,1,2
0.49917534,4,pca_sar,1,2
0.50021183,4,pca_sar,1,2
0.42473137,4,pca_sar,1,2
0.40995598,4,pca_sar,1,2
0.4372005,4,pca_sar,1,2
0.42591143,4,pca_sar,1,2
0.40288982,4,pca_sar,1,2
0.3902934,4,pca_sar,1,2
0.40893373,4,pca_sar,1,2
0.33062416,4,pca_sar,1,2
0.34363383,4,pca_sar,1,2
0.31666702,4,pca_sar,1,2
0.39519846,4,pca_sar,1,2
0.39081562,4,pca_sar,1,2
0.31058437,4,pca_sar,1,2
0.37743044,4,pca_sar,1,2
0.28783017,4,pca_sar,1,2
0.30092442,4,pca_sar,1,2
0.37878355,4,pca_sar,1,2
0.39071035,4,pca_sar,1,2
0.3999499,4,pca_sar,1,2
0.3146614,4,pca_sar,1,2
0.31193873,4,pca_sar,1,2
0.35997853,4,pca_sar,1,2
0.35762402,4,pca_sar,1,2
0.48570156,4,pca_sar,1,2
0.4240409,4,pca_sar,1,2
0.36268595,4,pca_sar,1,2
0.37420285,4,pca_sar,1,2
0.3834735,4,pca_sar,1,2
0.5942744,4,pca_sar,1,2
0.5483538,4,pca_sar,1,2
0.5127145,4,pca_sar,1,2
0.5127579,4,pca_sar,1,2
0.47991014,4,pca_sar,1,2
0.3294747,5,pca_sar,1,2
0.287763,5,pca_sar,1,2
0.26954725,5,pca_sar,1,2
0.2711653,5,pca_sar,1,2
0.30501616,5,pca_sar,1,2
0.28663194,5,pca_sar,1,2
0.2043541,5,pca_sar,1,2
0.18210204,5,pca_sar,1,2
0.2269763,5,pca_sar,1,2
0.19287479,5,pca_sar,1,2
0.27604324,5,pca_sar,1,2
0.34278458,5,pca_sar,1,2
0.32193878,5,pca_sar,1,2
0.2636432,5,pca_sar,1,2
0.21351561,5,pca_sar,1,2
0.2250564,5,pca_sar,1,2
0.22703156,5,pca_sar,1,2
0.22839814,5,pca_sar,1,2
0.23591506,5,pca_sar,1,2
0.24027377,5,pca_sar,1,2
0.24545273,5,pca_sar,1,2
0.26518977,5,pca_sar,1,2
0.25881943,5,pca_sar,1,2
0.30525804,5,pca_sar,1,2
0.32230043,5,pca_sar,1,2
0.2893215,5,pca_sar,1,2
0.21834071,5,pca_sar,1,2
0.1766778,5,pca_sar,1,2
0.19918098,5,pca_sar,1,2
0.22078812,5,pca_sar,1,2
0.2891112,5,pca_sar,1,2
0.26392823,5,pca_sar,1,2
0.21454524,5,pca_sar,1,2
0.19665417,5,pca_sar,1,2
0.24622652,5,pca_sar,1,2
0.24202168,5,pca_sar,1,2
0.22617501,5,pca_sar,1,2
0.19886273,5,pca_sar,1,2
0.23724711,5,pca_sar,1,2
0.20204794,5,pca_sar,1,2
0.17644882,5,pca_sar,1,2
0.19442987,5,pca_sar,1,2
0.18927135,5,pca_sar,1,2
0.26819336,5,pca_sar,1,2
0.25467712,5,pca_sar,1,2
0.27157772,5,pca_sar,1,2
0.20138726,5,pca_sar,1,2
0.2685845,5,pca_sar,1,2
0.24806923,5,pca_sar,1,2
0.20450382,5,pca_sar,1,2
0.18671879,5,pca_sar,1,2
0.19060361,5,pca_sar,1,2
0.16862363,5,pca_sar,1,2
0.14056545,5,pca_sar,1,2
0.27387124,5,pca_sar,1,2
0.3119863,5,pca_sar,1,2
0.27727896,5,pca_sar,1,2
0.21045896,5,pca_sar,1,2
0.35154977,5,pca_sar,1,2
0.25892073,5,pca_sar,1,2
0.3178301,5,pca_sar,1,2
0.2613536,5,pca_sar,1,2
0.30302912,5,pca_sar,1,2
0.2614227,5,pca_sar,1,2
0.1940737,5,pca_sar,1,2
0.15370864,5,pca_sar,1,2
0.13903287,5,pca_sar,1,2
0.19416294,5,pca_sar,1,2
0.22208601,5,pca_sar,1,2
0.23892428,5,pca_sar,1,2
0.24313357,5,pca_sar,1,2
0.3045922,5,pca_sar,1,2
0.31125957,5,pca_sar,1,2
0.22769363,5,pca_sar,1,2
0.15335141,5,pca_sar,1,2
0.14836046,5,pca_sar,1,2
0.1539011,5,pca_sar,1,2
0.20653702,5,pca_sar,1,2
0.17694402,5,pca_sar,1,2
0.24314731,5,pca_sar,1,2
0.23232755,5,pca_sar,1,2
0.30930915,5,pca_sar,1,2
0.2903782,5,pca_sar,1,2
0.21582024,5,pca_sar,1,2
0.14761642,5,pca_sar,1,2
0.15239863,5,pca_sar,1,2
0.1441558,5,pca_sar,1,2
0.158115,5,pca_sar,1,2
0.19604588,5,pca_sar,1,2
0.14487934,5,pca_sar,1,2
0.119232,5,pca_sar,1,2
0.16314216,5,pca_sar,1,2
0.10157625,5,pca_sar,1,2
0.13255028,5,pca_sar,1,2
0.17574582,5,pca_sar,1,2
0.18216291,5,pca_sar,1,2
0.11774246,5,pca_sar,1,2
0.13688698,5,pca_sar,1,2
0.20315595,5,pca_sar,1,2
0.36989677,5,pca_sar,1,2
0.36474782,5,pca_sar,1,2
0.44978136,5,pca_sar,1,2
0.40874803,5,pca_sar,1,2
0.37115446,5,pca_sar,1,2
0.36499888,5,pca_sar,1,2
0.41790447,5,pca_sar,1,2
0.33564654,5,pca_sar,1,2
0.39866355,5,pca_sar,1,2
0.42927223,5,pca_sar,1,2
0.43083262,5,pca_sar,1,2
0.38422856,5,pca_sar,1,2
0.35767728,5,pca_sar,1,2
0.3266953,5,pca_sar,1,2
0.310124,5,pca_sar,1,2
0.2703849,5,pca_sar,1,2
0.23247561,5,pca_sar,1,2
0.26675016,5,pca_sar,1,2
0.23466438,5,pca_sar,1,2
0.35128435,5,pca_sar,1,2
0.38164195,5,pca_sar,1,2
0.4303379,5,pca_sar,1,2
0.3779464,5,pca_sar,1,2
0.37150154,5,pca_sar,1,2
0.3726373,5,pca_sar,1,2
0.31554294,5,pca_sar,1,2
0.29754728,5,pca_sar,1,2
0.3012,5,pca_sar,1,2
0.30018485,5,pca_sar,1,2
0.25905448,5,pca_sar,1,2
0.2920431,5,pca_sar,1,2
0.23334199,5,pca_sar,1,2
0.3912237,5,pca_sar,1,2
0.42132378,5,pca_sar,1,2
0.49732783,5,pca_sar,1,2
0.41151625,5,pca_sar,1,2
0.40154898,5,pca_sar,1,2
0.41105375,5,pca_sar,1,2
0.352974,5,pca_sar,1,2
0.27129287,5,pca_sar,1,2
0.30028045,5,pca_sar,1,2
0.3357683,5,pca_sar,1,2
0.34040734,5,pca_sar,1,2
0.34706187,5,pca_sar,1,2
0.24808586,5,pca_sar,1,2
0.3201326,5,pca_sar,1,2
0.41276553,5,pca_sar,1,2
0.4721089,5,pca_sar,1,2
0.37948805,5,pca_sar,1,2
0.39240593,5,pca_sar,1,2
0.42829552,5,pca_sar,1,2
0.35895172,5,pca_sar,1,2
0.24448338,5,pca_sar,1,2
0.28210634,5,pca_sar,1,2
0.37137407,5,pca_sar,1,2
0.32742268,5,pca_sar,1,2
0.29972994,5,pca_sar,1,2
0.24714114,5,pca_sar,1,2
0.30223584,5,pca_sar,1,2
0.33889747,5,pca_sar,1,2
0.37538785,5,pca_sar,1,2
0.30295292,5,pca_sar,1,2
0.3118484,5,pca_sar,1,2
0.36065292,5,pca_sar,1,2
0.3326869,5,pca_sar,1,2
0.2412,5,pca_sar,1,2
0.25055966,5,pca_sar,1,2
0.3739636,5,pca_sar,1,2
0.3497971,5,pca_sar,1,2
0.34348083,5,pca_sar,1,2
0.33988553,5,pca_sar,1,2
0.24713925,5,pca_sar,1,2
0.2519882,5,pca_sar,1,2
0.25956097,5,pca_sar,1,2
0.24192767,5,pca_sar,1,2
0.25014094,5,pca_sar,1,2
0.22723487,5,pca_sar,1,2
0.29053497,5,pca_sar,1,2
0.30363446,5,pca_sar,1,2
0.3898425,5,pca_sar,1,2
0.35573518,5,pca_sar,1,2
0.28591543,5,pca_sar,1,2
0.2747283,5,pca_sar,1,2
0.26794407,5,pca_sar,1,2
0.26171035,5,pca_sar,1,2
0.2994459,5,pca_sar,1,2
0.2479254,5,pca_sar,1,2
0.24341358,5,pca_sar,1,2
0.22834294,5,pca_sar,1,2
0.25330943,5,pca_sar,1,2
0.2850513,5,pca_sar,1,2
0.36397594,5,pca_sar,1,2
0.30918974,5,pca_sar,1,2
0.23050094,5,pca_sar,1,2
0.15276152,5,pca_sar,1,2
0.3259584,5,pca_sar,1,2
0.3301926,5,pca_sar,1,2
0.31133932,5,pca_sar,1,2
0.21582189,5,pca_sar,1,2
0.26655143,4,pca_sar,1,2
0.32291812,4,pca_sar,1,2
0.3679111,4,pca_sar,1,2
0.42931998,4,pca_sar,1,2
0.30378044,4,pca_sar,1,2
0.278394,4,pca_sar,1,2
0.33085418,4,pca_sar,1,2
0.40937355,4,pca_sar,1,2
0.25110233,4,pca_sar,1,2
0.2634389,4,pca_sar,1,2
0.26960823,4,pca_sar,1,2
0.32412982,4,pca_sar,1,2
0.401885,4,pca_sar,1,2
0.23594859,4,pca_sar,1,2
0.2887834,4,pca_sar,1,2
0.2943497,4,pca_sar,1,2
0.35653836,4,pca_sar,1,2
0.39299902,4,pca_sar,1,2
0.29202217,4,pca_sar,1,2
0.27401894,4,pca_sar,1,2
0.33496213,4,pca_sar,1,2
0.3110866,4,pca_sar,1,2
0.3119312,4,pca_sar,1,2
0.3908202,4,pca_sar,1,2
0.36741722,4,pca_sar,1,2
0.30800933,4,pca_sar,1,2
0.36451256,4,pca_sar,1,2
0.30982894,4,pca_sar,1,2
0.33742744,4,pca_sar,1,2
0.40976694,4,pca_sar,1,2
0.37704808,4,pca_sar,1,2
0.34344244,4,pca_sar,1,2
0.3169763,4,pca_sar,1,2
0.33517623,4,pca_sar,1,2
0.31880823,4,pca_sar,1,2
0.34980762,4,pca_sar,1,2
0.37066,4,pca_sar,1,2
0.40242368,4,pca_sar,1,2
0.40002275,4,pca_sar,1,2
0.35480058,4,pca_sar,1,2
0.34253496,4,pca_sar,1,2
0.31882292,4,pca_sar,1,2
0.29453,4,pca_sar,1,2
0.3593651,4,pca_sar,1,2
0.33098197,4,pca_sar,1,2
0.30921674,4,pca_sar,1,2
0.33794814,4,pca_sar,1,2
0.3791053,4,pca_sar,1,2
0.3011775,4,pca_sar,1,2
0.33748817,4,pca_sar,1,2
0.32990727,4,pca_sar,1,2
0.32561302,4,pca_sar,1,2
0.34784555,4,pca_sar,1,2
0.37328032,4,pca_sar,1,2
0.35959613,4,pca_sar,1,2
0.36194286,4,pca_sar,1,2
0.31298,4,pca_sar,1,2
0.36060783,4,pca_sar,1,2
0.45317537,4,pca_sar,1,2
0.4483471,4,pca_sar,1,2
0.42781094,4,pca_sar,1,2
0.39870596,4,pca_sar,1,2
0.3622018,4,pca_sar,1,2
0.47797042,4,pca_sar,1,2
0.44458774,4,pca_sar,1,2
0.3661874,4,pca_sar,1,2
0.36965698,4,pca_sar,1,2
0.4233461,4,pca_sar,1,2
0.4441558,4,pca_sar,1,2
0.48355412,4,pca_sar,1,2
0.44714686,4,pca_sar,1,2
0.44611537,4,pca_sar,1,2
0.4140272,4,pca_sar,1,2
0.42905825,4,pca_sar,1,2
0.38726568,4,pca_sar,1,2
0.31810796,4,pca_sar,1,2
0.32153454,4,pca_sar,1,2
0.314529,4,pca_sar,1,2
0.34340245,4,pca_sar,1,2
0.36532766,4,pca_sar,1,2
0.40768462,4,pca_sar,1,2
0.4388306,4,pca_sar,1,2
0.3985488,4,pca_sar,1,2
0.33896178,4,pca_sar,1,2
0.3327415,4,pca_sar,1,2
0.3235441,4,pca_sar,1,2
0.35464266,4,pca_sar,1,2
0.33259067,4,pca_sar,1,2
0.37297636,4,pca_sar,1,2
0.40247598,4,pca_sar,1,2
0.45979685,4,pca_sar,1,2
0.45907256,4,pca_sar,1,2
0.37290442,4,pca_sar,1,2
0.3790096,4,pca_sar,1,2
0.2770103,4,pca_sar,1,2
0.26161394,4,pca_sar,1,2
0.2901644,4,pca_sar,1,2
0.35059416,4,pca_sar,1,2
0.3373183,4,pca_sar,1,2
0.37307948,4,pca_sar,1,2
0.46423918,4,pca_sar,1,2
0.5315786,4,pca_sar,1,2
0.4282077,4,pca_sar,1,2
0.4044203,4,pca_sar,1,2
0.4047358,4,pca_sar,1,2
0.31465942,4,pca_sar,1,2
0.2804285,4,pca_sar,1,2
0.30327573,4,pca_sar,1,2
0.36273587,4,pca_sar,1,2
0.35049343,4,pca_sar,1,2
0.39977214,4,pca_sar,1,2
0.4312662,4,pca_sar,1,2
0.49669892,4,pca_sar,1,2
0.45382696,4,pca_sar,1,2
0.34464455,4,pca_sar,1,2
0.36291623,4,pca_sar,1,2
0.34479505,4,pca_sar,1,2
0.33654505,4,pca_sar,1,2
0.2871949,4,pca_sar,1,2
0.37904832,4,pca_sar,1,2
0.3879645,4,pca_sar,1,2
0.4068095,4,pca_sar,1,2
0.4454065,4,pca_sar,1,2
0.50155354,4,pca_sar,1,2
0.3826126,4,pca_sar,1,2
0.37506932,4,pca_sar,1,2
0.34604675,4,pca_sar,1,2
0.29432672,4,pca_sar,1,2
0.3679073,4,pca_sar,1,2
0.36005622,4,pca_sar,1,2
0.37977344,4,pca_sar,1,2
0.39678785,4,pca_sar,1,2
0.46849924,4,pca_sar,1,2
0.38643008,4,pca_sar,1,2
0.43446288,4,pca_sar,1,2
0.4300568,4,pca_sar,1,2
0.3796039,4,pca_sar,1,2
0.4445606,4,pca_sar,1,2
0.48061767,4,pca_sar,1,2
0.40406632,4,pca_sar,1,2
0.40459543,4,pca_sar,1,2
0.39462954,4,pca_sar,1,2
0.23756422,4,pca_sar,1,2
0.30295324,4,pca_sar,1,2
0.20217368,4,pca_sar,1,2
0.2990302,4,pca_sar,1,2
0.31582388,4,pca_sar,1,2
0.34107104,4,pca_sar,1,2
0.36074072,4,pca_sar,1,2
0.25640443,4,pca_sar,1,2
0.24765967,4,pca_sar,1,2
0.283268,4,pca_sar,1,2
0.34557176,4,pca_sar,1,2
0.3676101,4,pca_sar,1,2
0.30504042,4,pca_sar,1,2
0.27464584,4,pca_sar,1,2
0.29825637,4,pca_sar,1,2
0.3702773,4,pca_sar,1,2
0.4088266,4,pca_sar,1,2
0.3927383,4,pca_sar,1,2
0.37502328,4,pca_sar,1,2
0.3548175,4,pca_sar,1,2
0.39481074,4,pca_sar,1,2
0.41196397,4,pca_sar,1,2
0.3941471,4,pca_sar,1,2
0.34302077,4,pca_sar,1,2
0.3288835,4,pca_sar,1,2
0.39668947,4,pca_sar,1,2
0.45158607,4,pca_sar,1,2
0.3842386,4,pca_sar,1,2
0.31653953,4,pca_sar,1,2
0.33806038,4,pca_sar,1,2
0.39413887,4,pca_sar,1,2
0.48935446,4,pca_sar,1,2
0.4306759,4,pca_sar,1,2
0.337449,4,pca_sar,1,2
0.3492936,4,pca_sar,1,2
0.37955737,4,pca_sar,1,2
0.508706,4,pca_sar,1,2
0.48310196,4,pca_sar,1,2
0.39609003,4,pca_sar,1,2
0.4048905,4,pca_sar,1,2
0.39456916,4,pca_sar,1,2
0.49542335,4,pca_sar,1,2
0.45191336,4,pca_sar,1,2
0.38598752,4,pca_sar,1,2
0.41616395,4,pca_sar,1,2
0.41715938,4,pca_sar,1,2
0.42833394,4,pca_sar,1,2
0.5110247,4,pca_sar,1,2
0.41015044,4,pca_sar,1,2
0.33422077,4,pca_sar,1,2
0.23922555,4,pca_sar,1,2
0.2657083,4,pca_sar,1,2
0.3837027,4,pca_sar,1,2
0.391505,4,pca_sar,1,2
0.34821254,4,pca_sar,1,2
0.3107105,4,pca_sar,1,2
0.22528335,4,pca_sar,1,2
0.17037138,4,pca_sar,1,2
0.385698,4,pca_sar,1,2
0.3431,4,pca_sar,1,2
0.2908071,4,pca_sar,1,2
0.24087897,4,pca_sar,1,2
0.17087926,4,pca_sar,1,2
0.11880366,4,pca_sar,1,2
0.040545136,4,pca_sar,1,2
0.08223491,4,pca_sar,1,2
0.018126806,4,pca_sar,1,2
0.43283334,4,pca_sar,1,2
0.337113,4,pca_sar,1,2
0.2343854,4,pca_sar,1,2
0.19715181,4,pca_sar,1,2
0.166744,4,pca_sar,1,2
0.16196021,4,pca_sar,1,2
0.09204992,4,pca_sar,1,2
-1.492165e-05,4,pca_sar,1,2
0.02392086,4,pca_sar,1,2
0.23139274,4,pca_sar,1,2
0.1586197,4,pca_sar,1,2
0.084080294,4,pca_sar,1,2
0.080250114,4,pca_sar,1,2
0.10224849,4,pca_sar,1,2
0.055830903,4,pca_sar,1,2
0.017780911,4,pca_sar,1,2
-0.0038066208,4,pca_sar,1,2
0.30648166,4,pca_sar,1,2
0.29190734,4,pca_sar,1,2
0.22164682,4,pca_sar,1,2
0.16348882,4,pca_sar,1,2
0.23273954,4,pca_sar,1,2
0.38728797,4,pca_sar,1,2
0.35546792,4,pca_sar,1,2
0.3714115,4,pca_sar,1,2
0.33898735,4,pca_sar,1,2
0.37695014,4,pca_sar,1,2
0.33755958,4,pca_sar,1,2
0.28981516,4,pca_sar,1,2
0.32980418,4,pca_sar,1,2
0.31893492,4,pca_sar,1,2
0.2787641,4,pca_sar,1,2
0.3277198,4,pca_sar,1,2
0.31739613,4,pca_sar,1,2
0.23854864,4,pca_sar,1,2
0.2790259,4,pca_sar,1,2
0.28565216,4,pca_sar,1,2
0.31715822,4,pca_sar,1,2
0.29970348,4,pca_sar,1,2
0.20110975,4,pca_sar,1,2
0.1638116,4,pca_sar,1,2
0.11014551,4,pca_sar,1,2
0.07170546,4,pca_sar,1,2
0.08163974,4,pca_sar,1,2
0.27612948,4,pca_sar,1,2
0.20198461,4,pca_sar,1,2
0.14715597,4,pca_sar,1,2
0.091760114,4,pca_sar,1,2
0.06571244,4,pca_sar,1,2
0.065528356,4,pca_sar,1,2
0.059586532,4,pca_sar,1,2
0.037229255,4,pca_sar,1,2
0.033775613,4,pca_sar,1,2
0.108751915,4,pca_sar,1,2
0.012504352,4,pca_sar,1,2
-0.046053126,4,pca_sar,1,2
-0.061598532,4,pca_sar,1,2
0.027265647,4,pca_sar,1,2
-0.011021383,4,pca_sar,1,2
-0.045402315,4,pca_sar,1,2
-0.020081483,4,pca_sar,1,2
0.2602029,4,pca_sar,1,2
0.15445375,4,pca_sar,1,2
0.15140551,4,pca_sar,1,2
0.18361464,4,pca_sar,1,2
0.22643682,4,pca_sar,1,2
0.13151526,4,pca_sar,1,2
0.13241997,4,pca_sar,1,2
0.11253674,4,pca_sar,1,2
0.104047865,4,pca_sar,1,2
0.26321322,4,pca_sar,1,2
0.25706762,4,pca_sar,1,2
0.1595218,4,pca_sar,1,2
0.16663644,4,pca_sar,1,2
0.19760925,4,pca_sar,1,2
0.11769216,4,pca_sar,1,2
0.09939751,4,pca_sar,1,2
0.13712901,4,pca_sar,1,2
0.17765525,4,pca_sar,1,2
0.17716298,4,pca_sar,1,2
0.20192958,4,pca_sar,1,2
0.10626745,4,pca_sar,1,2
0.07591384,4,pca_sar,1,2
0.12337661,4,pca_sar,1,2
0.0815651,4,pca_sar,1,2
0.13478918,4,pca_sar,1,2
0.2075336,4,pca_sar,1,2
0.22129929,4,pca_sar,1,2
0.14791182,4,pca_sar,1,2
0.07251605,4,pca_sar,1,2
0.06024283,4,pca_sar,1,2
0.12334042,4,pca_sar,1,2
0.12625736,4,pca_sar,1,2
0.17825496,4,pca_sar,1,2
0.118145086,4,pca_sar,1,2
0.10750935,4,pca_sar,1,2
0.083698474,4,pca_sar,1,2
0.028001558,4,pca_sar,1,2
0.1595527,4,pca_sar,1,2
0.11399335,4,pca_sar,1,2
0.095447406,4,pca_sar,1,2
0.11073156,4,pca_sar,1,2
0.11001618,4,pca_sar,1,2
0.122040935,4,pca_sar,1,2
0.15791103,4,pca_sar,1,2
0.048361655,4,pca_sar,1,2
0.010470338,4,pca_sar,1,2
0.10989441,4,pca_sar,1,2
0.09549785,4,pca_sar,1,2
0.32071412,4,pca_sar,1,2
0.32198077,4,pca_sar,1,2
0.31000358,4,pca_sar,1,2
0.3252683,4,pca_sar,1,2
0.31861216,4,pca_sar,1,2
0.3269204,4,pca_sar,1,2
0.35739368,4,pca_sar,1,2
0.26824778,4,pca_sar,1,2
0.25568652,4,pca_sar,1,2
0.28849927,4,pca_sar,1,2
0.2517975,4,pca_sar,1,2
0.25231764,4,pca_sar,1,2
0.108570814,4,pca_sar,1,2
0.23323104,4,pca_sar,1,2
0.24704702,4,pca_sar,1,2
0.11816763,4,pca_sar,1,2
0.21116793,4,pca_sar,1,2
0.24968022,4,pca_sar,1,2
0.2771428,4,pca_sar,1,2
0.2483252,4,pca_sar,1,2
0.19308655,4,pca_sar,1,2
0.08899417,4,pca_sar,1,2
0.117525086,4,pca_sar,1,2
0.17614362,4,pca_sar,1,2
0.26359996,4,pca_sar,1,2
0.22541317,4,pca_sar,1,2
0.20073967,4,pca_sar,1,2
0.17178574,4,pca_sar,1,2
0.18140998,4,pca_sar,1,2
0.1716418,4,pca_sar,1,2
0.16241163,4,pca_sar,1,2
0.115322694,4,pca_sar,1,2
0.20689335,4,pca_sar,1,2
0.08472345,4,pca_sar,1,2
0.120235436,4,pca_sar,1,2
0.16300927,4,pca_sar,1,2
0.21828581,4,pca_sar,1,2
0.23693676,4,pca_sar,1,2
0.2893147,4,pca_sar,1,2
0.2802946,4,pca_sar,1,2
0.22829746,4,pca_sar,1,2
0.17839882,4,pca_sar,1,2
0.20819603,4,pca_sar,1,2
0.08859733,4,pca_sar,1,2
0.2847736,4,pca_sar,1,2
0.23951307,4,pca_sar,1,2
0.17419717,4,pca_sar,1,2
0.15547206,4,pca_sar,1,2
0.18473403,4,pca_sar,1,2
0.19687675,4,pca_sar,1,2
0.17827795,4,pca_sar,1,2
0.19923529,4,pca_sar,1,2
0.1753135,4,pca_sar,1,2
0.17880306,4,pca_sar,1,2
0.46306685,4,pca_sar,1,2
0.42706496,4,pca_sar,1,2
0.37984234,4,pca_sar,1,2
0.31815603,4,pca_sar,1,2
0.34600654,4,pca_sar,1,2
0.32605892,4,pca_sar,1,2
0.31668133,4,pca_sar,1,2
0.37269807,4,pca_sar,1,2
0.35391444,4,pca_sar,1,2
0.33685824,4,pca_sar,1,2
0.39809135,4,pca_sar,1,2
0.368687,4,pca_sar,1,2
0.32580322,4,pca_sar,1,2
0.32604504,4,pca_sar,1,2
0.40786776,4,pca_sar,1,2
0.5054749,4,pca_sar,1,2
0.24907047,4,pca_sar,1,2
0.2620687,4,pca_sar,1,2
0.22298124,4,pca_sar,1,2
0.22924343,4,pca_sar,1,2
0.31745884,4,pca_sar,1,2
0.45599073,4,pca_sar,1,2
0.23544472,4,pca_sar,1,2
0.21677682,4,pca_sar,1,2
0.2353365,4,pca_sar,1,2
0.19694245,4,pca_sar,1,2
0.19974941,4,pca_sar,1,2
0.29391646,4,pca_sar,1,2
0.26801187,4,pca_sar,1,2
0.19837931,4,pca_sar,1,2
0.30125266,4,pca_sar,1,2
0.39556652,4,pca_sar,1,2
0.33288586,4,pca_sar,1,2
0.2012724,4,pca_sar,1,2
0.26378146,4,pca_sar,1,2
0.36722186,4,pca_sar,1,2
0.22380224,4,pca_sar,1,2
0.247924,4,pca_sar,1,2
0.2833627,4,pca_sar,1,2
0.28794312,4,pca_sar,1,2
0.5089509,4,pca_sar,1,2
0.49425018,4,pca_sar,1,2
0.42077833,4,pca_sar,1,2
0.42054957,4,pca_sar,1,2
0.46536353,4,pca_sar,1,2
0.45193568,4,pca_sar,1,2
0.4643185,4,pca_sar,1,2
0.46816117,4,pca_sar,1,2
0.42331618,4,pca_sar,1,2
0.4001906,4,pca_sar,1,2
0.42810994,4,pca_sar,1,2
0.47431463,4,pca_sar,1,2
0.48271054,4,pca_sar,1,2
0.40434963,4,pca_sar,1,2
0.41850543,4,pca_sar,1,2
0.41621596,4,pca_sar,1,2
0.37460464,4,pca_sar,1,2
0.38469684,4,pca_sar,1,2
0.44996235,4,pca_sar,1,2
0.38410926,4,pca_sar,1,2
0.36576274,4,pca_sar,1,2
0.4385254,4,pca_sar,1,2
0.3836363,4,pca_sar,1,2
0.36535496,4,pca_sar,1,2
0.3565236,4,pca_sar,1,2
0.46201673,4,pca_sar,1,2
0.5052488,4,pca_sar,1,2
0.38716543,4,pca_sar,1,2
0.3976392,4,pca_sar,1,2
0.4065668,4,pca_sar,1,2
0.48199487,4,pca_sar,1,2
0.43015844,4,pca_sar,1,2
0.35336572,4,pca_sar,1,2
0.33781356,4,pca_sar,1,2
0.45171067,4,pca_sar,1,2
0.50366926,4,pca_sar,1,2
0.4819876,4,pca_sar,1,2
0.42674494,4,pca_sar,1,2
0.4346117,4,pca_sar,1,2
0.40482333,4,pca_sar,1,2
0.36180693,4,pca_sar,1,2
0.3225846,4,pca_sar,1,2
0.3145842,4,pca_sar,1,2
0.42354196,4,pca_sar,1,2
0.44946092,4,pca_sar,1,2
0.34092575,4,pca_sar,1,2
0.43677744,4,pca_sar,1,2
0.42998385,4,pca_sar,1,2
0.41411904,4,pca_sar,1,2
0.40583,4,pca_sar,1,2
0.61103636,4,pca_sar,1,2
0.55201405,4,pca_sar,1,2
0.52981156,4,pca_sar,1,2
0.51284456,4,pca_sar,1,2
0.45622486,4,pca_sar,1,2
0.55190986,4,pca_sar,1,2
0.4589681,4,pca_sar,1,2
0.4223894,4,pca_sar,1,2
0.40272617,4,pca_sar,1,2
0.35302025,4,pca_sar,1,2
0.49379572,4,pca_sar,1,2
0.380809,4,pca_sar,1,2
0.31331813,4,pca_sar,1,2
0.29655465,4,pca_sar,1,2
0.28900635,4,pca_sar,1,2
0.47056288,4,pca_sar,1,2
0.3753612,4,pca_sar,1,2
0.30862167,4,pca_sar,1,2
0.30346093,4,pca_sar,1,2
0.2867978,4,pca_sar,1,2
0.47185317,4,pca_sar,1,2
0.46351254,4,pca_sar,1,2
0.41968802,4,pca_sar,1,2
0.43628836,4,pca_sar,1,2
0.3326242,4,pca_sar,1,2
0.32004458,4,pca_sar,1,2
0.4182425,4,pca_sar,1,2
0.40599307,4,pca_sar,1,2
0.32460472,4,pca_sar,1,2
0.37139946,4,pca_sar,1,2
0.2503186,4,pca_sar,1,2
0.2140978,4,pca_sar,1,2
0.4984547,4,pca_sar,1,2
0.34424117,4,pca_sar,1,2
0.29495272,4,pca_sar,1,2
0.2395267,4,pca_sar,1,2
0.22015862,4,pca_sar,1,2
0.18880764,4,pca_sar,1,2
0.16198477,4,pca_sar,1,2
0.08271858,4,pca_sar,1,2
0.15125468,4,pca_sar,1,2
0.40222627,4,pca_sar,1,2
0.27965906,4,pca_sar,1,2
0.19377685,4,pca_sar,1,2
0.1815595,4,pca_sar,1,2
0.12544185,4,pca_sar,1,2
0.08039825,4,pca_sar,1,2
0.049002185,4,pca_sar,1,2
-0.005935814,4,pca_sar,1,2
0.082087494,4,pca_sar,1,2
0.24141508,4,pca_sar,1,2
0.18942997,4,pca_sar,1,2
0.082013965,4,pca_sar,1,2
-0.004441226,4,pca_sar,1,2
0.06423619,4,pca_sar,1,2
0.05409031,4,pca_sar,1,2
0.008245174,4,pca_sar,1,2
-0.008050909,4,pca_sar,1,2
0.25245687,4,pca_sar,1,2
0.21007162,4,pca_sar,1,2
0.21722719,4,pca_sar,1,2
0.21173824,4,pca_sar,1,2
0.23144233,4,pca_sar,1,2
0.23965324,4,pca_sar,1,2
0.3071453,4,pca_sar,1,2
0.28789544,4,pca_sar,1,2
0.30274507,4,pca_sar,1,2
0.3477116,4,pca_sar,1,2
0.31481946,4,pca_sar,1,2
0.37783352,4,pca_sar,1,2
0.32425916,4,pca_sar,1,2
0.26691365,4,pca_sar,1,2
0.31661433,4,pca_sar,1,2
0.3860985,4,pca_sar,1,2
0.4327429,4,pca_sar,1,2
0.38818818,4,pca_sar,1,2
0.34849596,4,pca_sar,1,2
0.23141153,4,pca_sar,1,2
0.24974853,4,pca_sar,1,2
0.3166909,4,pca_sar,1,2
0.30497882,4,pca_sar,1,2
0.3417576,4,pca_sar,1,2
0.33881366,4,pca_sar,1,2
0.33743465,4,pca_sar,1,2
0.24796614,4,pca_sar,1,2
0.1879163,4,pca_sar,1,2
0.22410047,4,pca_sar,1,2
0.1384796,4,pca_sar,1,2
0.05272823,4,pca_sar,1,2
-0.026536472,4,pca_sar,1,2
0.2553018,4,pca_sar,1,2
0.23904783,4,pca_sar,1,2
0.17451437,4,pca_sar,1,2
0.07583456,4,pca_sar,1,2
0.029576547,4,pca_sar,1,2
0.080939084,4,pca_sar,1,2
0.08115448,4,pca_sar,1,2
0.026318356,4,pca_sar,1,2
0.0079643205,4,pca_sar,1,2
0.14215139,4,pca_sar,1,2
0.07933836,4,pca_sar,1,2
0.12433823,4,pca_sar,1,2
0.08938097,4,pca_sar,1,2
0.05788539,4,pca_sar,1,2
0.05108363,4,pca_sar,1,2
0.050085377,4,pca_sar,1,2
0.0764516,4,pca_sar,1,2
0.07136066,4,pca_sar,1,2
0.18424255,4,pca_sar,1,2
0.1860717,4,pca_sar,1,2
0.15591475,4,pca_sar,1,2
0.055381395,4,pca_sar,1,2
0.1607998,4,pca_sar,1,2
0.16025068,4,pca_sar,1,2
0.19682729,4,pca_sar,1,2
0.2180731,4,pca_sar,1,2
0.20340323,4,pca_sar,1,2
0.2033994,4,pca_sar,1,2
0.19568998,4,pca_sar,1,2
0.302661,4,pca_sar,1,2
0.28672564,4,pca_sar,1,2
0.23470753,4,pca_sar,1,2
0.22620974,4,pca_sar,1,2
0.19700506,4,pca_sar,1,2
0.22531426,4,pca_sar,1,2
0.28544793,4,pca_sar,1,2
0.24795628,4,pca_sar,1,2
0.25112695,4,pca_sar,1,2
0.22822264,4,pca_sar,1,2
0.21224587,4,pca_sar,1,2
0.17843428,4,pca_sar,1,2
0.22967017,4,pca_sar,1,2
0.26379317,4,pca_sar,1,2
0.23157045,4,pca_sar,1,2
0.225373,4,pca_sar,1,2
0.1892854,4,pca_sar,1,2
0.16791126,4,pca_sar,1,2
0.24729614,4,pca_sar,1,2
0.26027456,4,pca_sar,1,2
0.20237663,4,pca_sar,1,2
0.19156674,4,pca_sar,1,2
0.16753706,4,pca_sar,1,2
0.18450396,4,pca_sar,1,2
0.13259655,4,pca_sar,1,2
0.17896408,4,pca_sar,1,2
0.1626655,4,pca_sar,1,2
0.11210426,4,pca_sar,1,2
0.109101996,4,pca_sar,1,2
0.14715981,4,pca_sar,1,2
0.19701454,4,pca_sar,1,2
0.19845195,4,pca_sar,1,2
0.20072556,4,pca_sar,1,2
0.17991573,4,pca_sar,1,2
0.18827999,4,pca_sar,1,2
0.15770157,4,pca_sar,1,2
0.1887272,4,pca_sar,1,2
0.14546108,4,pca_sar,1,2
0.07660972,4,pca_sar,1,2
0.049843118,4,pca_sar,1,2
0.12850347,4,pca_sar,1,2
0.15571806,4,pca_sar,1,2
0.12469342,4,pca_sar,1,2
0.17054877,4,pca_sar,1,2
0.18553375,4,pca_sar,1,2
0.22367322,4,pca_sar,1,2
0.17764506,4,pca_sar,1,2
0.17359902,4,pca_sar,1,2
0.1587561,4,pca_sar,1,2
0.06763438,4,pca_sar,1,2
0.08810602,4,pca_sar,1,2
0.13739452,4,pca_sar,1,2
0.1197255,4,pca_sar,1,2
0.099458024,4,pca_sar,1,2
0.13424139,4,pca_sar,1,2
0.18776326,4,pca_sar,1,2
0.22284296,4,pca_sar,1,2
0.21415582,4,pca_sar,1,2
0.14349206,4,pca_sar,1,2
0.10637895,4,pca_sar,1,2
0.1225144,4,pca_sar,1,2
0.12711258,4,pca_sar,1,2
0.15280688,4,pca_sar,1,2
0.15784001,4,pca_sar,1,2
0.18693414,4,pca_sar,1,2
0.12497824,4,pca_sar,1,2
0.19053288,4,pca_sar,1,2
0.20697905,4,pca_sar,1,2
0.22135119,4,pca_sar,1,2
0.19489752,4,pca_sar,1,2
0.13438539,4,pca_sar,1,2
0.14670035,4,pca_sar,1,2
0.14100215,4,pca_sar,1,2
0.17551842,4,pca_sar,1,2
0.1657786,4,pca_sar,1,2
0.22262408,4,pca_sar,1,2
0.15436073,4,pca_sar,1,2
0.15013783,4,pca_sar,1,2
0.14954858,4,pca_sar,1,2
0.1438514,4,pca_sar,1,2
0.13881235,4,pca_sar,1,2
0.092393614,4,pca_sar,1,2
0.152091,4,pca_sar,1,2
0.11826316,4,pca_sar,1,2
0.30715573,4,pca_sar,1,2
0.18346328,4,pca_sar,1,2
0.20386747,4,pca_sar,1,2
0.2966705,4,pca_sar,1,2
0.16318071,4,pca_sar,1,2
0.11855316,4,pca_sar,1,2
0.13912107,4,pca_sar,1,2
0.22890975,4,pca_sar,1,2
0.24049453,4,pca_sar,1,2
0.30540472,4,pca_sar,1,2
0.17718178,4,pca_sar,1,2
0.18252492,4,pca_sar,1,2
0.20052458,4,pca_sar,1,2
0.22536227,4,pca_sar,1,2
0.22682472,4,pca_sar,1,2
0.2485852,4,pca_sar,1,2
0.22064531,4,pca_sar,1,2
0.2592536,4,pca_sar,1,2
0.24222605,4,pca_sar,1,2
0.25575233,4,pca_sar,1,2
0.20404899,4,pca_sar,1,2
0.30880255,4,pca_sar,1,2
0.19031113,4,pca_sar,1,2
0.17655948,4,pca_sar,1,2
0.18371397,4,pca_sar,1,2
0.18765354,4,pca_sar,1,2
0.22417867,4,pca_sar,1,2
0.25218737,4,pca_sar,1,2
0.23937185,4,pca_sar,1,2
0.25352234,4,pca_sar,1,2
0.25227964,4,pca_sar,1,2
0.24872637,4,pca_sar,1,2
0.18428846,4,pca_sar,1,2
0.35537148,4,pca_sar,1,2
0.26267177,4,pca_sar,1,2
0.23170531,4,pca_sar,1,2
0.15659282,4,pca_sar,1,2
0.12698276,4,pca_sar,1,2
0.14682654,4,pca_sar,1,2
0.22320634,4,pca_sar,1,2
0.23727928,4,pca_sar,1,2
0.2521091,4,pca_sar,1,2
0.28403562,4,pca_sar,1,2
0.34858128,4,pca_sar,1,2
0.25825456,4,pca_sar,1,2
0.20648427,4,pca_sar,1,2
0.1569735,4,pca_sar,1,2
0.15405305,4,pca_sar,1,2
0.1441382,4,pca_sar,1,2
0.21365297,4,pca_sar,1,2
0.2217479,4,pca_sar,1,2
0.23825756,4,pca_sar,1,2
0.24756005,4,pca_sar,1,2
0.33613348,4,pca_sar,1,2
0.2109323,4,pca_sar,1,2
0.17030986,4,pca_sar,1,2
0.1745013,4,pca_sar,1,2
0.14368805,4,pca_sar,1,2
0.17067347,4,pca_sar,1,2
0.214241,4,pca_sar,1,2
0.19890876,4,pca_sar,1,2
0.20562616,4,pca_sar,1,2
0.2000978,4,pca_sar,1,2
0.35988516,4,pca_sar,1,2
0.19087557,4,pca_sar,1,2
0.13089737,4,pca_sar,1,2
0.16114438,4,pca_sar,1,2
0.12534125,4,pca_sar,1,2
0.156778,4,pca_sar,1,2
0.13709685,4,pca_sar,1,2
0.1333741,4,pca_sar,1,2
0.13952067,4,pca_sar,1,2
0.116502844,4,pca_sar,1,2
0.33975923,4,pca_sar,1,2
0.2052282,4,pca_sar,1,2
0.092980266,4,pca_sar,1,2
0.09914996,4,pca_sar,1,2
0.079652615,4,pca_sar,1,2
0.12921946,4,pca_sar,1,2
0.13384217,4,pca_sar,1,2
0.13725552,4,pca_sar,1,2
0.1443931,4,pca_sar,1,2
0.11025839,4,pca_sar,1,2
0.32409787,4,pca_sar,1,2
0.3204136,4,pca_sar,1,2
0.19251537,5,pca_sar,1,2
0.12730473,5,pca_sar,1,2
0.07704347,5,pca_sar,1,2
0.033426158,5,pca_sar,1,2
0.076272614,5,pca_sar,1,2
0.1116907,5,pca_sar,1,2
0.21796565,5,pca_sar,1,2
0.25944403,5,pca_sar,1,2
0.28173202,5,pca_sar,1,2
0.16338567,5,pca_sar,1,2
0.18737927,5,pca_sar,1,2
0.115229726,5,pca_sar,1,2
0.119506866,5,pca_sar,1,2
0.05907029,5,pca_sar,1,2
0.022393167,5,pca_sar,1,2
0.147112,5,pca_sar,1,2
0.25834832,5,pca_sar,1,2
0.29379693,5,pca_sar,1,2
0.16000944,5,pca_sar,1,2
0.12667958,5,pca_sar,1,2
0.1272504,5,pca_sar,1,2
0.10076143,5,pca_sar,1,2
0.1421736,5,pca_sar,1,2
0.23604932,5,pca_sar,1,2
0.3108347,5,pca_sar,1,2
0.30464274,5,pca_sar,1,2
0.14499138,5,pca_sar,1,2
0.1583637,5,pca_sar,1,2
0.024157804,5,pca_sar,1,2
0.03928668,5,pca_sar,1,2
0.16756785,5,pca_sar,1,2
0.24628904,5,pca_sar,1,2
0.2777112,5,pca_sar,1,2
0.27822214,5,pca_sar,1,2
0.31861475,5,pca_sar,1,2
0.2343833,5,pca_sar,1,2
0.2921631,5,pca_sar,1,2
0.17310812,5,pca_sar,1,2
0.21591142,5,pca_sar,1,2
0.19892272,5,pca_sar,1,2
0.22393495,5,pca_sar,1,2
0.3263098,5,pca_sar,1,2
0.33319086,5,pca_sar,1,2
0.28565228,5,pca_sar,1,2
0.26999602,5,pca_sar,1,2
0.34948826,5,pca_sar,1,2
0.4526402,5,pca_sar,1,2
0.1952814,5,pca_sar,1,2
0.19480968,5,pca_sar,1,2
0.19969779,5,pca_sar,1,2
0.2355882,5,pca_sar,1,2
0.25425166,5,pca_sar,1,2
0.29059535,5,pca_sar,1,2
0.37756553,5,pca_sar,1,2
0.35763815,5,pca_sar,1,2
0.3066315,5,pca_sar,1,2
0.35464132,5,pca_sar,1,2
0.41258946,5,pca_sar,1,2
0.4991647,5,pca_sar,1,2
0.26766104,5,pca_sar,1,2
0.19270696,5,pca_sar,1,2
0.24294466,5,pca_sar,1,2
0.24289519,5,pca_sar,1,2
0.32666868,5,pca_sar,1,2
0.3282027,5,pca_sar,1,2
0.34227905,5,pca_sar,1,2
0.39331794,5,pca_sar,1,2
0.35031486,5,pca_sar,1,2
0.2944547,5,pca_sar,1,2
0.326171,5,pca_sar,1,2
0.39820904,5,pca_sar,1,2
0.539065,5,pca_sar,1,2
0.26908535,5,pca_sar,1,2
0.2226879,5,pca_sar,1,2
0.2845664,5,pca_sar,1,2
0.2726636,5,pca_sar,1,2
0.32105607,5,pca_sar,1,2
0.33071285,5,pca_sar,1,2
0.36135378,5,pca_sar,1,2
0.3278897,5,pca_sar,1,2
0.22949037,5,pca_sar,1,2
0.30613545,5,pca_sar,1,2
0.4076122,5,pca_sar,1,2
0.48245665,5,pca_sar,1,2
0.27137798,5,pca_sar,1,2
0.26823175,5,pca_sar,1,2
0.3660167,5,pca_sar,1,2
0.33287883,5,pca_sar,1,2
0.33498076,5,pca_sar,1,2
0.27927053,5,pca_sar,1,2
0.34574056,5,pca_sar,1,2
0.26250637,5,pca_sar,1,2
0.33153927,5,pca_sar,1,2
0.4110812,5,pca_sar,1,2
0.50015515,5,pca_sar,1,2
0.31198722,5,pca_sar,1,2
0.37734613,5,pca_sar,1,2
0.36556834,5,pca_sar,1,2
0.4598744,5,pca_sar,1,2
0.35496646,5,pca_sar,1,2
0.4625212,5,pca_sar,1,2
0.3666411,5,pca_sar,1,2
0.33852285,5,pca_sar,1,2
0.48324245,5,pca_sar,1,2
0.3660871,5,pca_sar,1,2
0.51241857,5,pca_sar,1,2
0.46651727,5,pca_sar,1,2
0.17289129,5,pca_sar,1,2
0.04030502,5,pca_sar,1,2
-0.026905956,5,pca_sar,1,2
0.022916352,5,pca_sar,1,2
0.046051078,5,pca_sar,1,2
-0.008812636,5,pca_sar,1,2
0.06586948,5,pca_sar,1,2
0.14503905,5,pca_sar,1,2
0.14341997,5,pca_sar,1,2
0.2063204,5,pca_sar,1,2
0.11732188,5,pca_sar,1,2
0.053293623,5,pca_sar,1,2
0.07523406,5,pca_sar,1,2
0.05956447,5,pca_sar,1,2
0.06691823,5,pca_sar,1,2
0.13557675,5,pca_sar,1,2
0.16050114,5,pca_sar,1,2
0.16063341,5,pca_sar,1,2
0.13383918,5,pca_sar,1,2
0.11653599,5,pca_sar,1,2
0.08817628,5,pca_sar,1,2
0.07364054,5,pca_sar,1,2
0.13045536,5,pca_sar,1,2
0.17905612,5,pca_sar,1,2
0.2078903,5,pca_sar,1,2
0.18896455,5,pca_sar,1,2
0.023963712,5,pca_sar,1,2
0.11954529,5,pca_sar,1,2
0.012274738,5,pca_sar,1,2
0.039800514,5,pca_sar,1,2
0.24199805,5,pca_sar,1,2
0.25725263,5,pca_sar,1,2
0.26636946,5,pca_sar,1,2
0.25088868,5,pca_sar,1,2
0.23791441,5,pca_sar,1,2
0.14498594,5,pca_sar,1,2
0.19103037,5,pca_sar,1,2
0.1811876,5,pca_sar,1,2
0.25585932,5,pca_sar,1,2
0.39637953,5,pca_sar,1,2
0.36046845,5,pca_sar,1,2
0.27962032,5,pca_sar,1,2
0.24007577,5,pca_sar,1,2
0.3804341,5,pca_sar,1,2
0.29382432,5,pca_sar,1,2
0.2768566,5,pca_sar,1,2
0.22616734,5,pca_sar,1,2
0.31254238,5,pca_sar,1,2
0.2602966,5,pca_sar,1,2
0.24953029,5,pca_sar,1,2
0.24233112,5,pca_sar,1,2
0.24929611,5,pca_sar,1,2
0.20745002,5,pca_sar,1,2
0.24240968,5,pca_sar,1,2
0.31667697,5,pca_sar,1,2
0.23437649,5,pca_sar,1,2
0.2641574,5,pca_sar,1,2
0.23720787,5,pca_sar,1,2
0.31314754,5,pca_sar,1,2
0.25651178,5,pca_sar,1,2
0.34996444,5,pca_sar,1,2
0.36465335,5,pca_sar,1,2
0.17546189,5,pca_sar,1,2
0.20133342,5,pca_sar,1,2
0.20943484,5,pca_sar,1,2
0.2470719,5,pca_sar,1,2
0.21844494,5,pca_sar,1,2
0.25436005,5,pca_sar,1,2
0.2576186,5,pca_sar,1,2
0.32119474,5,pca_sar,1,2
0.2566445,5,pca_sar,1,2
0.26259398,5,pca_sar,1,2
0.2701516,5,pca_sar,1,2
0.37631416,5,pca_sar,1,2
0.31843153,5,pca_sar,1,2
0.31220582,5,pca_sar,1,2
0.3057924,5,pca_sar,1,2
0.19262296,5,pca_sar,1,2
0.2099851,5,pca_sar,1,2
0.2583815,5,pca_sar,1,2
0.29882753,5,pca_sar,1,2
0.2572496,5,pca_sar,1,2
0.31791496,5,pca_sar,1,2
0.27874213,5,pca_sar,1,2
0.32117748,5,pca_sar,1,2
0.34077734,5,pca_sar,1,2
0.34344274,5,pca_sar,1,2
0.3438181,5,pca_sar,1,2
0.29675117,5,pca_sar,1,2
0.30377635,5,pca_sar,1,2
0.297925,5,pca_sar,1,2
0.39289308,5,pca_sar,1,2
0.24174869,5,pca_sar,1,2
0.2393667,5,pca_sar,1,2
0.25526828,5,pca_sar,1,2
0.30736303,5,pca_sar,1,2
0.26481792,5,pca_sar,1,2
0.25606605,5,pca_sar,1,2
0.23968786,5,pca_sar,1,2
0.38971227,5,pca_sar,1,2
0.41793948,5,pca_sar,1,2
0.34429377,5,pca_sar,1,2
0.29372552,5,pca_sar,1,2
0.27802333,5,pca_sar,1,2
0.25803268,5,pca_sar,1,2
0.37828612,5,pca_sar,1,2
0.32172757,5,pca_sar,1,2
0.21736917,5,pca_sar,1,2
0.207726,5,pca_sar,1,2
0.30540285,5,pca_sar,1,2
0.30840483,5,pca_sar,1,2
0.28040025,5,pca_sar,1,2
0.27344486,5,pca_sar,1,2
0.3082238,5,pca_sar,1,2
0.25763845,5,pca_sar,1,2
0.35749707,5,pca_sar,1,2
0.27574104,5,pca_sar,1,2
0.26103678,5,pca_sar,1,2
0.25709546,5,pca_sar,1,2
0.26929104,5,pca_sar,1,2
0.30900946,5,pca_sar,1,2
0.34633255,5,pca_sar,1,2
0.4742329,5,pca_sar,1,2
0.37244293,5,pca_sar,1,2
0.30227506,5,pca_sar,1,2
0.32625362,5,pca_sar,1,2
0.37917453,5,pca_sar,1,2
0.29021174,5,pca_sar,1,2
0.32371062,5,pca_sar,1,2
0.36751258,5,pca_sar,1,2
0.39472973,5,pca_sar,1,2
0.3137625,5,pca_sar,1,2
0.3139347,5,pca_sar,1,2
0.33215365,5,pca_sar,1,2
0.2773961,5,pca_sar,1,2
0.37455714,5,pca_sar,1,2
0.2532143,5,pca_sar,1,2
0.36415434,5,pca_sar,1,2
0.42005002,5,pca_sar,1,2
0.25837687,5,pca_sar,1,2
0.5067122,5,pca_sar,1,2
0.357841,5,pca_sar,1,2
0.57969326,5,pca_sar,1,2
0.46997124,5,pca_sar,1,2
0.36508065,5,pca_sar,1,2
0.56633186,5,pca_sar,1,2
0.4149734,5,pca_sar,1,2
0.39297098,5,pca_sar,1,2
0.3620285,5,pca_sar,1,2
0.47685546,5,pca_sar,1,2
0.3248017,5,pca_sar,1,2
0.37013867,5,pca_sar,1,2
0.36267135,5,pca_sar,1,2
0.43049228,5,pca_sar,1,2
0.27838296,5,pca_sar,1,2
0.33301416,5,pca_sar,1,2
0.37140405,5,pca_sar,1,2
0.44279802,5,pca_sar,1,2
0.29670954,5,pca_sar,1,2
0.2795642,5,pca_sar,1,2
0.43114197,5,pca_sar,1,2
0.31662884,5,pca_sar,1,2
0.33502224,5,pca_sar,1,2
0.26230827,5,pca_sar,1,2
0.2710765,5,pca_sar,1,2
0.2758304,5,pca_sar,1,2
0.269058,5,pca_sar,1,2
0.16603798,1,pca_sar,1,2
0.17135195,1,pca_sar,1,2
0.21777798,1,pca_sar,1,2
0.15871334,1,pca_sar,1,2
0.10404686,1,pca_sar,1,2
0.17590758,1,pca_sar,1,2
0.19653402,1,pca_sar,1,2
0.15907885,1,pca_sar,1,2
0.10077064,1,pca_sar,1,2
0.040225882,1,pca_sar,1,2
0.06377224,1,pca_sar,1,2
0.11399639,1,pca_sar,1,2
0.15479103,1,pca_sar,1,2
0.15551555,1,pca_sar,1,2
0.14163032,1,pca_sar,1,2
0.085724875,1,pca_sar,1,2
0.04805958,1,pca_sar,1,2
0.12718858,1,pca_sar,1,2
0.12255354,1,pca_sar,1,2
0.12421064,1,pca_sar,1,2
0.12456393,1,pca_sar,1,2
0.13417049,1,pca_sar,1,2
0.20635734,1,pca_sar,1,2
0.05315026,1,pca_sar,1,2
0.11062984,1,pca_sar,1,2
0.1788324,1,pca_sar,1,2
0.21049231,1,pca_sar,1,2
0.21647032,1,pca_sar,1,2
0.011797463,1,pca_sar,1,2
0.03674058,1,pca_sar,1,2
0.09263151,1,pca_sar,1,2
0.08717452,1,pca_sar,1,2
0.1138839,1,pca_sar,1,2
0.09683769,1,pca_sar,1,2
0.12338449,1,pca_sar,1,2
0.10553621,1,pca_sar,1,2
0.057407983,1,pca_sar,1,2
-0.012936219,1,pca_sar,1,2
0.025526889,1,pca_sar,1,2
0.110196814,1,pca_sar,1,2
0.13107637,1,pca_sar,1,2
0.11508344,1,pca_sar,1,2
0.120678216,1,pca_sar,1,2
0.13481069,1,pca_sar,1,2
0.09195274,1,pca_sar,1,2
0.04953689,1,pca_sar,1,2
0.11408907,1,pca_sar,1,2
0.07122931,1,pca_sar,1,2
0.08530772,1,pca_sar,1,2
0.13080728,1,pca_sar,1,2
0.15556353,1,pca_sar,1,2
0.15162623,1,pca_sar,1,2
0.131376,1,pca_sar,1,2
-0.00122381,1,pca_sar,1,2
0.05111336,1,pca_sar,1,2
0.09266116,1,pca_sar,1,2
0.20497826,1,pca_sar,1,2
0.24590969,1,pca_sar,1,2
0.18956637,1,pca_sar,1,2
0.110049084,1,pca_sar,1,2
0.16393253,1,pca_sar,1,2
0.17296717,1,pca_sar,1,2
0.13059087,1,pca_sar,1,2
0.11145598,1,pca_sar,1,2
0.16732666,1,pca_sar,1,2
0.13335676,1,pca_sar,1,2
0.05952559,1,pca_sar,1,2
0.10114567,1,pca_sar,1,2
0.10483974,1,pca_sar,1,2
0.12384786,1,pca_sar,1,2
0.17311561,1,pca_sar,1,2
0.17727703,1,pca_sar,1,2
0.1260958,1,pca_sar,1,2
0.08242933,1,pca_sar,1,2
0.061478145,1,pca_sar,1,2
0.1373,1,pca_sar,1,2
0.10857066,1,pca_sar,1,2
0.20623392,1,pca_sar,1,2
0.30536917,1,pca_sar,1,2
0.26880398,1,pca_sar,1,2
0.07582171,1,pca_sar,1,2
0.065486684,1,pca_sar,1,2
0.15142712,1,pca_sar,1,2
0.094440535,1,pca_sar,1,2
0.1026814,1,pca_sar,1,2
0.13765278,1,pca_sar,1,2
0.018562412,1,pca_sar,1,2
0.10702877,1,pca_sar,1,2
0.13388403,1,pca_sar,1,2
0.13127184,1,pca_sar,1,2
0.08979794,1,pca_sar,1,2
0.122939214,1,pca_sar,1,2
0.07957526,1,pca_sar,1,2
0.1350176,1,pca_sar,1,2
0.08264136,1,pca_sar,1,2
0.11912867,1,pca_sar,1,2
0.13295925,1,pca_sar,1,2
0.096781,1,pca_sar,1,2
0.11080619,1,pca_sar,1,2
0.060906373,1,pca_sar,1,2
0.0792041,1,pca_sar,1,2
0.053085633,1,pca_sar,1,2
0.1329422,1,pca_sar,1,2
0.13586311,1,pca_sar,1,2
0.117809035,1,pca_sar,1,2
0.10427784,1,pca_sar,1,2
0.11817982,1,pca_sar,1,2
0.07938083,1,pca_sar,1,2
0.1714083,1,pca_sar,1,2
0.113036506,1,pca_sar,1,2
0.11796564,1,pca_sar,1,2
0.19556043,1,pca_sar,1,2
-0.019184057,1,pca_sar,1,2
0.051813647,1,pca_sar,1,2
0.09764582,1,pca_sar,1,2
0.13626544,1,pca_sar,1,2
0.16510543,1,pca_sar,1,2
0.20644885,1,pca_sar,1,2
0.30344146,1,pca_sar,1,2
0.20988429,1,pca_sar,1,2
0.12434855,1,pca_sar,1,2
-0.0370235,1,pca_sar,1,2
0.089517534,1,pca_sar,1,2
0.17347187,1,pca_sar,1,2
0.20527145,1,pca_sar,1,2
0.21078467,1,pca_sar,1,2
0.22409093,1,pca_sar,1,2
0.29950398,1,pca_sar,1,2
0.20890783,1,pca_sar,1,2
0.10654556,1,pca_sar,1,2
0.057561807,1,pca_sar,1,2
0.07691498,1,pca_sar,1,2
0.084132865,1,pca_sar,1,2
0.16650255,1,pca_sar,1,2
0.20863557,1,pca_sar,1,2
0.22418502,1,pca_sar,1,2
0.2261563,1,pca_sar,1,2
0.100099444,1,pca_sar,1,2
0.121266395,1,pca_sar,1,2
0.11060353,1,pca_sar,1,2
0.16807096,1,pca_sar,1,2
0.17900896,1,pca_sar,1,2
0.16505657,1,pca_sar,1,2
0.18803039,1,pca_sar,1,2
0.12202978,1,pca_sar,1,2
0.09361326,1,pca_sar,1,2
0.05048055,1,pca_sar,1,2
0.07785657,1,pca_sar,1,2
0.17325471,1,pca_sar,1,2
0.11750764,1,pca_sar,1,2
0.08946493,1,pca_sar,1,2
0.1006905,1,pca_sar,1,2
0.10302773,1,pca_sar,1,2
0.11329759,1,pca_sar,1,2
0.09276689,1,pca_sar,1,2
0.14867592,1,pca_sar,1,2
0.25224555,1,pca_sar,1,2
0.1402893,1,pca_sar,1,2
-0.0016478971,1,pca_sar,1,2
0.09051142,1,pca_sar,1,2
0.122970745,1,pca_sar,1,2
0.09772187,1,pca_sar,1,2
0.14512108,1,pca_sar,1,2
0.25625902,1,pca_sar,1,2
0.20596206,1,pca_sar,1,2
0.11049853,1,pca_sar,1,2
0.102188125,1,pca_sar,1,2
0.102497324,1,pca_sar,1,2
0.48904866,4,pca_sar,1,2
0.41614866,4,pca_sar,1,2
0.3547575,4,pca_sar,1,2
0.33021438,4,pca_sar,1,2
0.27401078,4,pca_sar,1,2
0.14037783,4,pca_sar,1,2
0.21893251,4,pca_sar,1,2
0.22336587,4,pca_sar,1,2
0.22659346,4,pca_sar,1,2
0.19010508,4,pca_sar,1,2
0.22181243,4,pca_sar,1,2
0.27778172,4,pca_sar,1,2
0.33293712,4,pca_sar,1,2
0.29397205,4,pca_sar,1,2
0.25778738,4,pca_sar,1,2
0.2783571,4,pca_sar,1,2
0.054160718,4,pca_sar,1,2
0.09073752,4,pca_sar,1,2
0.16499585,4,pca_sar,1,2
0.15944968,4,pca_sar,1,2
0.07550199,4,pca_sar,1,2
0.1198599,4,pca_sar,1,2
0.16155627,4,pca_sar,1,2
0.16067445,4,pca_sar,1,2
0.13700607,4,pca_sar,1,2
0.1591354,4,pca_sar,1,2
0.14059381,4,pca_sar,1,2
0.06962839,4,pca_sar,1,2
0.082442045,4,pca_sar,1,2
0.1178028,4,pca_sar,1,2
0.1427593,4,pca_sar,1,2
0.20180584,4,pca_sar,1,2
0.17360915,4,pca_sar,1,2
0.17673644,4,pca_sar,1,2
0.16079089,4,pca_sar,1,2
0.15563753,4,pca_sar,1,2
0.13579199,4,pca_sar,1,2
0.07078482,4,pca_sar,1,2
0.11804419,4,pca_sar,1,2
0.13687429,4,pca_sar,1,2
0.082166225,4,pca_sar,1,2
0.08780384,4,pca_sar,1,2
0.45708835,4,pca_sar,1,2
0.2715763,4,pca_sar,1,2
0.22462688,4,pca_sar,1,2
0.2495443,4,pca_sar,1,2
0.24255195,4,pca_sar,1,2
0.2683563,4,pca_sar,1,2
0.28396314,4,pca_sar,1,2
0.3021583,4,pca_sar,1,2
0.29163072,4,pca_sar,1,2
0.31271815,4,pca_sar,1,2
0.33108944,4,pca_sar,1,2
0.17144012,4,pca_sar,1,2
0.1466264,4,pca_sar,1,2
0.15906781,4,pca_sar,1,2
0.11550062,4,pca_sar,1,2
0.1178586,4,pca_sar,1,2
0.10990925,4,pca_sar,1,2
0.11046139,4,pca_sar,1,2
0.0931575,4,pca_sar,1,2
0.16106912,4,pca_sar,1,2
0.30020487,4,pca_sar,1,2
0.13151565,4,pca_sar,1,2
0.127278,4,pca_sar,1,2
0.12034063,4,pca_sar,1,2
0.082599565,4,pca_sar,1,2
0.0976403,4,pca_sar,1,2
0.06633559,4,pca_sar,1,2
0.088820636,4,pca_sar,1,2
0.075679034,4,pca_sar,1,2
0.0762378,4,pca_sar,1,2
0.27759755,4,pca_sar,1,2
0.32011473,4,pca_sar,1,2
0.21507797,5,pca_sar,1,2
0.12420277,5,pca_sar,1,2
0.04851168,5,pca_sar,1,2
0.084634125,5,pca_sar,1,2
0.054166324,5,pca_sar,1,2
0.098952524,5,pca_sar,1,2
0.22480232,5,pca_sar,1,2
0.2455392,5,pca_sar,1,2
0.21548817,5,pca_sar,1,2
0.19925249,5,pca_sar,1,2
0.13557072,5,pca_sar,1,2
0.08052099,5,pca_sar,1,2
0.050586052,5,pca_sar,1,2
-0.009532676,5,pca_sar,1,2
0.01030153,5,pca_sar,1,2
0.18051794,5,pca_sar,1,2
0.21604753,5,pca_sar,1,2
0.19228369,5,pca_sar,1,2
0.18997759,5,pca_sar,1,2
0.13780561,5,pca_sar,1,2
0.025840031,5,pca_sar,1,2
-0.078739956,5,pca_sar,1,2
-0.00012078136,5,pca_sar,1,2
0.17784165,5,pca_sar,1,2
0.23699184,5,pca_sar,1,2
0.21204026,5,pca_sar,1,2
0.25740585,5,pca_sar,1,2
0.22715323,5,pca_sar,1,2
0.050455503,5,pca_sar,1,2
0.014834575,5,pca_sar,1,2
0.114686236,5,pca_sar,1,2
0.21549849,5,pca_sar,1,2
0.24969985,5,pca_sar,1,2
0.28822178,5,pca_sar,1,2
0.37319314,5,pca_sar,1,2
0.24381605,5,pca_sar,1,2
0.29209754,5,pca_sar,1,2
0.20674077,5,pca_sar,1,2
0.19570695,5,pca_sar,1,2
0.20977265,5,pca_sar,1,2
0.28187728,5,pca_sar,1,2
0.29921544,5,pca_sar,1,2
0.30112898,5,pca_sar,1,2
0.372418,5,pca_sar,1,2
0.39728364,5,pca_sar,1,2
0.35982686,5,pca_sar,1,2
0.47649762,5,pca_sar,1,2
0.30404922,5,pca_sar,1,2
0.29330814,5,pca_sar,1,2
0.2329514,5,pca_sar,1,2
0.25609395,5,pca_sar,1,2
0.29120106,5,pca_sar,1,2
0.33854783,5,pca_sar,1,2
0.33076924,5,pca_sar,1,2
0.3427693,5,pca_sar,1,2
0.33426693,5,pca_sar,1,2
0.33393884,5,pca_sar,1,2
0.3412887,5,pca_sar,1,2
0.4914811,5,pca_sar,1,2
0.27003163,5,pca_sar,1,2
0.32708907,5,pca_sar,1,2
0.27151474,5,pca_sar,1,2
0.20767559,5,pca_sar,1,2
0.26919085,5,pca_sar,1,2
0.2958165,5,pca_sar,1,2
0.37967372,5,pca_sar,1,2
0.3408393,5,pca_sar,1,2
0.32426384,5,pca_sar,1,2
0.2949928,5,pca_sar,1,2
0.31521988,5,pca_sar,1,2
0.37866688,5,pca_sar,1,2
0.53280646,5,pca_sar,1,2
0.31057316,5,pca_sar,1,2
0.37812096,5,pca_sar,1,2
0.32088363,5,pca_sar,1,2
0.29110545,5,pca_sar,1,2
0.37229252,5,pca_sar,1,2
0.3556738,5,pca_sar,1,2
0.39816034,5,pca_sar,1,2
0.40202433,5,pca_sar,1,2
0.35637957,5,pca_sar,1,2
0.35514992,5,pca_sar,1,2
0.41074303,5,pca_sar,1,2
0.5634478,5,pca_sar,1,2
0.2788028,5,pca_sar,1,2
0.3627087,5,pca_sar,1,2
0.35270584,5,pca_sar,1,2
0.32265484,5,pca_sar,1,2
0.39716676,5,pca_sar,1,2
0.38462368,5,pca_sar,1,2
0.41627595,5,pca_sar,1,2
0.3811714,5,pca_sar,1,2
0.3986146,5,pca_sar,1,2
0.42954117,5,pca_sar,1,2
0.55754894,5,pca_sar,1,2
0.34571293,5,pca_sar,1,2
0.37872875,5,pca_sar,1,2
0.359056,5,pca_sar,1,2
0.39617386,5,pca_sar,1,2
0.39842474,5,pca_sar,1,2
0.5350655,5,pca_sar,1,2
0.3660603,5,pca_sar,1,2
0.41960382,5,pca_sar,1,2
0.5675938,5,pca_sar,1,2
0.43322322,5,pca_sar,1,2
0.58388007,5,pca_sar,1,2
0.5215497,5,pca_sar,1,2
0.30359143,5,pca_sar,1,2
0.19554308,5,pca_sar,1,2
0.108877994,5,pca_sar,1,2
-0.006993534,5,pca_sar,1,2
-0.0035249367,5,pca_sar,1,2
0.1089124,5,pca_sar,1,2
0.20739739,5,pca_sar,1,2
0.27267867,5,pca_sar,1,2
0.22969115,5,pca_sar,1,2
0.20758712,5,pca_sar,1,2
0.18352938,5,pca_sar,1,2
0.08544419,5,pca_sar,1,2
0.017382521,5,pca_sar,1,2
-0.020665526,5,pca_sar,1,2
0.026168749,5,pca_sar,1,2
0.13281935,5,pca_sar,1,2
0.30687398,5,pca_sar,1,2
0.28507507,5,pca_sar,1,2
0.21921685,5,pca_sar,1,2
0.15867853,5,pca_sar,1,2
0.0017242245,5,pca_sar,1,2
-0.060238276,5,pca_sar,1,2
0.05933863,5,pca_sar,1,2
0.1731491,5,pca_sar,1,2
0.322641,5,pca_sar,1,2
0.30487934,5,pca_sar,1,2
0.17307475,5,pca_sar,1,2
0.16491276,5,pca_sar,1,2
0.04891949,5,pca_sar,1,2
-0.01883235,5,pca_sar,1,2
0.13971303,5,pca_sar,1,2
0.231648,5,pca_sar,1,2
0.33741668,5,pca_sar,1,2
0.33194703,5,pca_sar,1,2
0.31962565,5,pca_sar,1,2
0.23556274,5,pca_sar,1,2
0.25916705,5,pca_sar,1,2
0.20403741,5,pca_sar,1,2
0.1911179,5,pca_sar,1,2
0.27533188,5,pca_sar,1,2
0.27216172,5,pca_sar,1,2
0.36343896,5,pca_sar,1,2
0.3575487,5,pca_sar,1,2
0.3247503,5,pca_sar,1,2
0.32701942,5,pca_sar,1,2
0.35288405,5,pca_sar,1,2
0.39789763,5,pca_sar,1,2
0.32016674,5,pca_sar,1,2
0.37051395,5,pca_sar,1,2
0.3496708,5,pca_sar,1,2
0.32087034,5,pca_sar,1,2
0.3231588,5,pca_sar,1,2
0.38770556,5,pca_sar,1,2
0.3526261,5,pca_sar,1,2
0.39521763,5,pca_sar,1,2
0.37544462,5,pca_sar,1,2
0.3075861,5,pca_sar,1,2
0.31199276,5,pca_sar,1,2
0.31631872,5,pca_sar,1,2
0.35857344,5,pca_sar,1,2
0.33798683,5,pca_sar,1,2
0.35921377,5,pca_sar,1,2
0.3978558,5,pca_sar,1,2
0.43148103,5,pca_sar,1,2
0.38688368,5,pca_sar,1,2
0.3377295,5,pca_sar,1,2
0.34102213,5,pca_sar,1,2
0.41084707,5,pca_sar,1,2
0.38821548,5,pca_sar,1,2
0.43060693,5,pca_sar,1,2
0.40014777,5,pca_sar,1,2
0.3673007,5,pca_sar,1,2
0.34901917,5,pca_sar,1,2
0.35549307,5,pca_sar,1,2
0.40619093,5,pca_sar,1,2
0.37859088,5,pca_sar,1,2
0.36341405,5,pca_sar,1,2
0.34082764,5,pca_sar,1,2
0.41320008,5,pca_sar,1,2
0.37272486,5,pca_sar,1,2
0.42849126,5,pca_sar,1,2
0.39327246,5,pca_sar,1,2
0.43930274,5,pca_sar,1,2
0.4305696,5,pca_sar,1,2
0.48001102,5,pca_sar,1,2
0.37428647,5,pca_sar,1,2
0.37472805,5,pca_sar,1,2
0.3453293,5,pca_sar,1,2
0.36953467,5,pca_sar,1,2
0.33604026,5,pca_sar,1,2
0.39161646,5,pca_sar,1,2
0.37249643,5,pca_sar,1,2
0.29991204,5,pca_sar,1,2
0.3760812,5,pca_sar,1,2
0.36281472,5,pca_sar,1,2
0.42677295,5,pca_sar,1,2
0.39125657,5,pca_sar,1,2
0.411626,5,pca_sar,1,2
0.39303976,5,pca_sar,1,2
0.401856,5,pca_sar,1,2
0.34835792,5,pca_sar,1,2
0.31511667,5,pca_sar,1,2
0.3922165,5,pca_sar,1,2
0.363142,5,pca_sar,1,2
0.39490634,5,pca_sar,1,2
0.39977485,5,pca_sar,1,2
0.38411367,5,pca_sar,1,2
0.32652557,5,pca_sar,1,2
0.33485004,5,pca_sar,1,2
0.38561293,5,pca_sar,1,2
0.37127805,5,pca_sar,1,2
0.32953414,5,pca_sar,1,2
0.37480554,5,pca_sar,1,2
0.38478768,5,pca_sar,1,2
0.4025436,5,pca_sar,1,2
0.39359844,5,pca_sar,1,2
0.41895527,5,pca_sar,1,2
0.34700006,5,pca_sar,1,2
0.34196907,5,pca_sar,1,2
0.34866136,5,pca_sar,1,2
0.35507745,5,pca_sar,1,2
0.39252853,5,pca_sar,1,2
0.3825595,5,pca_sar,1,2
0.38966113,5,pca_sar,1,2
0.37187332,5,pca_sar,1,2
0.37852252,5,pca_sar,1,2
0.42084035,5,pca_sar,1,2
0.42755762,5,pca_sar,1,2
0.3828142,5,pca_sar,1,2
0.35612416,5,pca_sar,1,2
0.36028445,5,pca_sar,1,2
0.4143458,5,pca_sar,1,2
0.40091193,5,pca_sar,1,2
0.3616869,5,pca_sar,1,2
0.4012065,5,pca_sar,1,2
0.3736063,5,pca_sar,1,2
0.33085898,5,pca_sar,1,2
0.5288104,5,pca_sar,1,2
0.57316864,5,pca_sar,1,2
0.43661878,5,pca_sar,1,2
0.5527777,5,pca_sar,1,2
0.39151624,5,pca_sar,1,2
0.5302752,5,pca_sar,1,2
0.37319604,5,pca_sar,1,2
0.37258294,5,pca_sar,1,2
0.52578866,5,pca_sar,1,2
0.36765885,5,pca_sar,1,2
0.3810076,5,pca_sar,1,2
0.42532003,5,pca_sar,1,2
0.47045538,5,pca_sar,1,2
0.30488756,5,pca_sar,1,2
0.38327235,5,pca_sar,1,2
0.42472517,5,pca_sar,1,2
0.45366478,5,pca_sar,1,2
0.3288871,5,pca_sar,1,2
0.4020943,5,pca_sar,1,2
0.4238785,5,pca_sar,1,2
0.46107313,5,pca_sar,1,2
0.35083717,5,pca_sar,1,2
0.44011295,5,pca_sar,1,2
0.44232947,5,pca_sar,1,2
0.30431443,5,pca_sar,1,2
0.37312216,5,pca_sar,1,2
0.29549953,5,pca_sar,1,2
0.3304318,5,pca_sar,1,2
0.32997826,5,pca_sar,1,2
0.41544604,5,pca_sar,1,2
0.1720489,1,pca_sar,1,2
0.13773263,1,pca_sar,1,2
0.17008722,1,pca_sar,1,2
0.18170884,1,pca_sar,1,2
0.1374656,1,pca_sar,1,2
0.21813074,1,pca_sar,1,2
0.29900086,1,pca_sar,1,2
0.25824067,1,pca_sar,1,2
0.2568664,1,pca_sar,1,2
0.20865719,1,pca_sar,1,2
0.14903307,1,pca_sar,1,2
0.15353113,1,pca_sar,1,2
0.17185253,1,pca_sar,1,2
0.19113085,1,pca_sar,1,2
0.18213287,1,pca_sar,1,2
0.2066814,1,pca_sar,1,2
0.19578567,1,pca_sar,1,2
0.17230207,1,pca_sar,1,2
0.18664518,1,pca_sar,1,2
0.1981777,1,pca_sar,1,2
0.2228077,1,pca_sar,1,2
0.17840618,1,pca_sar,1,2
0.19524498,1,pca_sar,1,2
0.18695259,1,pca_sar,1,2
0.1499917,1,pca_sar,1,2
0.16265905,1,pca_sar,1,2
0.15697941,1,pca_sar,1,2
0.15411174,1,pca_sar,1,2
-0.019844424,1,pca_sar,1,2
0.005986354,1,pca_sar,1,2
0.15855743,1,pca_sar,1,2
0.14743628,1,pca_sar,1,2
0.16741139,1,pca_sar,1,2
0.14461526,1,pca_sar,1,2
0.16138338,1,pca_sar,1,2
0.22753996,1,pca_sar,1,2
0.1412679,1,pca_sar,1,2
-0.08369397,1,pca_sar,1,2
-0.07617037,1,pca_sar,1,2
0.09660807,1,pca_sar,1,2
0.10237358,1,pca_sar,1,2
0.1865444,1,pca_sar,1,2
0.117828876,1,pca_sar,1,2
0.118647404,1,pca_sar,1,2
0.17004913,1,pca_sar,1,2
0.12884068,1,pca_sar,1,2
0.05858054,1,pca_sar,1,2
0.0013722158,1,pca_sar,1,2
0.058094975,1,pca_sar,1,2
0.11351225,1,pca_sar,1,2
0.15923044,1,pca_sar,1,2
0.10827206,1,pca_sar,1,2
0.11135749,1,pca_sar,1,2
0.029602565,1,pca_sar,1,2
-0.0026841331,1,pca_sar,1,2
0.023561263,1,pca_sar,1,2
0.095419526,1,pca_sar,1,2
0.23506646,1,pca_sar,1,2
0.15389375,1,pca_sar,1,2
0.07247126,1,pca_sar,1,2
0.13446958,1,pca_sar,1,2
0.11703241,1,pca_sar,1,2
0.061220545,1,pca_sar,1,2
0.104964,1,pca_sar,1,2
0.157815,1,pca_sar,1,2
0.111180596,1,pca_sar,1,2
0.0857158,1,pca_sar,1,2
0.12346053,1,pca_sar,1,2
0.060865663,1,pca_sar,1,2
0.017165191,1,pca_sar,1,2
0.021482337,1,pca_sar,1,2
0.12059854,1,pca_sar,1,2
0.15113871,1,pca_sar,1,2
0.082415044,1,pca_sar,1,2
0.11145927,1,pca_sar,1,2
0.18401983,1,pca_sar,1,2
0.07582489,1,pca_sar,1,2
0.13369069,1,pca_sar,1,2
0.16806996,1,pca_sar,1,2
0.18726408,1,pca_sar,1,2
0.1738654,1,pca_sar,1,2
0.17598009,1,pca_sar,1,2
0.2068656,1,pca_sar,1,2
0.18109944,1,pca_sar,1,2
0.14767069,1,pca_sar,1,2
0.10741513,1,pca_sar,1,2
0.19078037,1,pca_sar,1,2
0.1405563,1,pca_sar,1,2
0.088142365,1,pca_sar,1,2
0.110593975,1,pca_sar,1,2
0.19095296,1,pca_sar,1,2
0.15029195,1,pca_sar,1,2
0.17939422,1,pca_sar,1,2
0.13102722,1,pca_sar,1,2
0.096343234,1,pca_sar,1,2
0.047792777,1,pca_sar,1,2
0.08154226,1,pca_sar,1,2
0.13566482,1,pca_sar,1,2
0.086803086,1,pca_sar,1,2
0.13059387,1,pca_sar,1,2
0.09737036,1,pca_sar,1,2
0.077454455,1,pca_sar,1,2
0.16181818,1,pca_sar,1,2
0.18038423,1,pca_sar,1,2
0.15129471,1,pca_sar,1,2
0.109906,1,pca_sar,1,2
0.09528042,1,pca_sar,1,2
0.14598107,1,pca_sar,1,2
0.18919069,1,pca_sar,1,2
0.21747789,1,pca_sar,1,2
0.17306733,1,pca_sar,1,2
0.11542479,1,pca_sar,1,2
-0.010353422,1,pca_sar,1,2
-0.012442256,1,pca_sar,1,2
0.13277742,1,pca_sar,1,2
0.17110342,1,pca_sar,1,2
0.16012107,1,pca_sar,1,2
0.11256814,1,pca_sar,1,2
0.11701606,1,pca_sar,1,2
0.123008266,1,pca_sar,1,2
0.08080041,1,pca_sar,1,2
-0.095671214,1,pca_sar,1,2
0.0030597448,1,pca_sar,1,2
0.14223291,1,pca_sar,1,2
0.21082155,1,pca_sar,1,2
0.18787128,1,pca_sar,1,2
0.10138547,1,pca_sar,1,2
0.016743302,1,pca_sar,1,2
0.046155013,1,pca_sar,1,2
0.11570922,1,pca_sar,1,2
0.0642551,1,pca_sar,1,2
0.10588221,1,pca_sar,1,2
0.19576721,1,pca_sar,1,2
0.15286222,1,pca_sar,1,2
0.17345214,1,pca_sar,1,2
0.10176118,1,pca_sar,1,2
0.024909187,1,pca_sar,1,2
-0.036797225,1,pca_sar,1,2
0.046537768,1,pca_sar,1,2
0.1580433,1,pca_sar,1,2
0.18924119,1,pca_sar,1,2
0.23463401,1,pca_sar,1,2
0.12881751,1,pca_sar,1,2
0.021773666,1,pca_sar,1,2
0.015255973,1,pca_sar,1,2
-0.0270099,1,pca_sar,1,2
-0.01459538,1,pca_sar,1,2
0.06218654,1,pca_sar,1,2
0.16082983,1,pca_sar,1,2
0.04416985,1,pca_sar,1,2
-0.011468712,1,pca_sar,1,2
0.06405653,1,pca_sar,1,2
0.09674181,1,pca_sar,1,2
0.09318685,1,pca_sar,1,2
0.09234727,1,pca_sar,1,2
0.10767381,1,pca_sar,1,2
0.15017729,1,pca_sar,1,2
0.0679263,1,pca_sar,1,2
0.046711832,1,pca_sar,1,2
0.12945102,1,pca_sar,1,2
0.006301224,1,pca_sar,1,2
0.1454705,1,pca_sar,1,2
0.23524436,1,pca_sar,1,2
0.21379441,1,pca_sar,1,2
0.24359678,1,pca_sar,1,2
0.14471096,1,pca_sar,1,2
0.10722421,1,pca_sar,1,2
0.12333676,1,pca_sar,1,2
0.33602512,1,pca_sar,1,2
0.3824715,1,pca_sar,1,2
0.3507524,1,pca_sar,1,2
0.37019044,1,pca_sar,1,2
0.406483,1,pca_sar,1,2
0.35655838,1,pca_sar,1,2
0.33149797,1,pca_sar,1,2
0.33389843,1,pca_sar,1,2
0.34931105,1,pca_sar,1,2
0.3638366,1,pca_sar,1,2
0.33059913,1,pca_sar,1,2
0.3336692,1,pca_sar,1,2
0.3371036,1,pca_sar,1,2
0.31089258,1,pca_sar,1,2
0.35128814,1,pca_sar,1,2
0.40301543,1,pca_sar,1,2
0.40559757,1,pca_sar,1,2
0.57349586,1,pca_sar,1,2
0.33787394,1,pca_sar,1,2
0.32223573,1,pca_sar,1,2
0.36365014,1,pca_sar,1,2
0.36095253,1,pca_sar,1,2
0.34670496,1,pca_sar,1,2
0.42160562,1,pca_sar,1,2
0.46198624,1,pca_sar,1,2
0.61305237,1,pca_sar,1,2
0.42342758,1,pca_sar,1,2
0.4010837,1,pca_sar,1,2
0.34461415,1,pca_sar,1,2
0.31924516,1,pca_sar,1,2
0.34826696,1,pca_sar,1,2
0.33779192,1,pca_sar,1,2
0.33323854,1,pca_sar,1,2
0.39754128,1,pca_sar,1,2
0.4874281,1,pca_sar,1,2
0.65220094,1,pca_sar,1,2
0.43879014,1,pca_sar,1,2
0.36690095,1,pca_sar,1,2
0.32132304,1,pca_sar,1,2
0.33315477,1,pca_sar,1,2
0.3571111,1,pca_sar,1,2
0.30402648,1,pca_sar,1,2
0.32422858,1,pca_sar,1,2
0.38496277,1,pca_sar,1,2
0.4778267,1,pca_sar,1,2
0.6498682,1,pca_sar,1,2
0.30227187,1,pca_sar,1,2
0.30203015,1,pca_sar,1,2
0.31852245,1,pca_sar,1,2
0.29197493,1,pca_sar,1,2
0.32421604,1,pca_sar,1,2
0.359985,1,pca_sar,1,2
0.45019323,1,pca_sar,1,2
0.6050034,1,pca_sar,1,2
0.3082332,1,pca_sar,1,2
0.32527822,1,pca_sar,1,2
0.3065921,1,pca_sar,1,2
0.37012428,1,pca_sar,1,2
0.3936848,1,pca_sar,1,2
0.44098708,1,pca_sar,1,2
0.58179384,1,pca_sar,1,2
0.396299,1,pca_sar,1,2
0.36889267,1,pca_sar,1,2
0.3668405,1,pca_sar,1,2
0.39421108,1,pca_sar,1,2
0.39448416,1,pca_sar,1,2
0.52902603,1,pca_sar,1,2
0.39542484,1,pca_sar,1,2
0.35492918,1,pca_sar,1,2
0.36976796,1,pca_sar,1,2
0.37411737,1,pca_sar,1,2
0.55251783,1,pca_sar,1,2
0.3162651,1,pca_sar,1,2
0.31129086,1,pca_sar,1,2
0.31105605,1,pca_sar,1,2
0.522639,1,pca_sar,1,2
0.3603366,1,pca_sar,1,2
0.3624689,1,pca_sar,1,2
0.5172545,1,pca_sar,1,2
0.44800943,1,pca_sar,1,2
0.5567367,1,pca_sar,1,2
0.29683012,1,pca_sar,1,2
0.29223847,1,pca_sar,1,2
0.34781957,1,pca_sar,1,2
0.3930446,1,pca_sar,1,2
0.3497662,1,pca_sar,1,2
0.32353842,1,pca_sar,1,2
0.43392935,1,pca_sar,1,2
0.35411385,1,pca_sar,1,2
0.3396806,1,pca_sar,1,2
0.32548198,1,pca_sar,1,2
0.3080024,1,pca_sar,1,2
0.25348318,1,pca_sar,1,2
0.31091723,1,pca_sar,1,2
0.3242596,1,pca_sar,1,2
0.3470889,1,pca_sar,1,2
0.3717755,1,pca_sar,1,2
0.32463667,1,pca_sar,1,2
0.343235,1,pca_sar,1,2
0.35589308,1,pca_sar,1,2
0.3872722,1,pca_sar,1,2
0.30037108,1,pca_sar,1,2
0.28581065,1,pca_sar,1,2
0.3125533,1,pca_sar,1,2
0.37883392,1,pca_sar,1,2
0.377215,1,pca_sar,1,2
0.30012956,1,pca_sar,1,2
0.29841673,1,pca_sar,1,2
0.27344087,1,pca_sar,1,2
0.28422546,1,pca_sar,1,2
0.30941117,1,pca_sar,1,2
0.29943657,1,pca_sar,1,2
0.33063376,1,pca_sar,1,2
0.35964063,1,pca_sar,1,2
0.38178462,1,pca_sar,1,2
0.356511,1,pca_sar,1,2
0.28078952,1,pca_sar,1,2
0.3170411,1,pca_sar,1,2
0.28308076,1,pca_sar,1,2
0.30330712,1,pca_sar,1,2
0.31214485,1,pca_sar,1,2
0.32340208,1,pca_sar,1,2
0.32850146,1,pca_sar,1,2
0.3725538,1,pca_sar,1,2
0.3211713,1,pca_sar,1,2
0.24872582,1,pca_sar,1,2
0.2501161,1,pca_sar,1,2
0.3296246,1,pca_sar,1,2
0.34251744,1,pca_sar,1,2
0.3106298,1,pca_sar,1,2
0.35149878,1,pca_sar,1,2
0.42634302,1,pca_sar,1,2
0.43224263,1,pca_sar,1,2
0.3131739,1,pca_sar,1,2
0.2970636,1,pca_sar,1,2
0.2972731,1,pca_sar,1,2
0.31829363,1,pca_sar,1,2
0.29942814,1,pca_sar,1,2
0.33052605,1,pca_sar,1,2
0.3408544,1,pca_sar,1,2
0.35358232,1,pca_sar,1,2
0.419763,1,pca_sar,1,2
0.44805965,1,pca_sar,1,2
0.4294467,1,pca_sar,1,2
0.39525017,1,pca_sar,1,2
0.35527515,1,pca_sar,1,2
0.29204646,1,pca_sar,1,2
0.31311983,1,pca_sar,1,2
0.336183,1,pca_sar,1,2
0.32345808,1,pca_sar,1,2
0.35047203,1,pca_sar,1,2
0.42593178,1,pca_sar,1,2
0.38393366,1,pca_sar,1,2
0.30298036,1,pca_sar,1,2
0.29338714,1,pca_sar,1,2
0.29141498,1,pca_sar,1,2
0.32479045,1,pca_sar,1,2
0.31538773,1,pca_sar,1,2
0.37180722,1,pca_sar,1,2
0.417933,1,pca_sar,1,2
0.4425874,1,pca_sar,1,2
0.40340775,1,pca_sar,1,2
0.3830557,1,pca_sar,1,2
0.36277804,1,pca_sar,1,2
0.31514826,1,pca_sar,1,2
0.30102855,1,pca_sar,1,2
0.3198235,1,pca_sar,1,2
0.3283515,1,pca_sar,1,2
0.36272863,1,pca_sar,1,2
0.40809476,1,pca_sar,1,2
0.36014444,1,pca_sar,1,2
0.33509535,1,pca_sar,1,2
0.36946598,1,pca_sar,1,2
0.32321793,1,pca_sar,1,2
0.29613274,1,pca_sar,1,2
0.34106827,1,pca_sar,1,2
0.37494493,1,pca_sar,1,2
0.38354552,1,pca_sar,1,2
0.30259424,1,pca_sar,1,2
0.26568687,1,pca_sar,1,2
0.26924872,1,pca_sar,1,2
0.27234578,1,pca_sar,1,2
0.29220906,1,pca_sar,1,2
0.29129997,1,pca_sar,1,2
0.31212437,1,pca_sar,1,2
0.3318162,1,pca_sar,1,2
0.3201797,1,pca_sar,1,2
0.3191582,1,pca_sar,1,2
0.31904802,1,pca_sar,1,2
0.3740485,1,pca_sar,1,2
0.33703393,1,pca_sar,1,2
0.25522426,1,pca_sar,1,2
0.21647456,1,pca_sar,1,2
0.23168936,1,pca_sar,1,2
0.23365094,1,pca_sar,1,2
0.21895762,1,pca_sar,1,2
0.24353293,1,pca_sar,1,2
0.27157083,1,pca_sar,1,2
0.268751,1,pca_sar,1,2
0.30656627,1,pca_sar,1,2
0.29613683,1,pca_sar,1,2
0.33102953,1,pca_sar,1,2
0.33070743,1,pca_sar,1,2
0.24534312,1,pca_sar,1,2
0.2659145,1,pca_sar,1,2
0.3100297,1,pca_sar,1,2
0.30221543,1,pca_sar,1,2
0.26661235,1,pca_sar,1,2
0.2967041,1,pca_sar,1,2
0.31216586,1,pca_sar,1,2
0.30684358,1,pca_sar,1,2
0.27671635,1,pca_sar,1,2
0.2919225,1,pca_sar,1,2
0.31227258,1,pca_sar,1,2
0.34665418,1,pca_sar,1,2
0.3988065,1,pca_sar,1,2
0.3072685,1,pca_sar,1,2
0.32964593,1,pca_sar,1,2
0.29936633,1,pca_sar,1,2
0.28223577,1,pca_sar,1,2
0.27372468,1,pca_sar,1,2
0.30995885,1,pca_sar,1,2
0.30228722,1,pca_sar,1,2
0.2951542,1,pca_sar,1,2
0.29741287,1,pca_sar,1,2
0.3195547,1,pca_sar,1,2
0.38984373,1,pca_sar,1,2
0.34822744,1,pca_sar,1,2
0.26255,1,pca_sar,1,2
0.28066042,1,pca_sar,1,2
0.32904744,1,pca_sar,1,2
0.2849265,1,pca_sar,1,2
0.30563498,1,pca_sar,1,2
0.30885255,1,pca_sar,1,2
0.2630061,1,pca_sar,1,2
0.29397374,1,pca_sar,1,2
0.33073106,1,pca_sar,1,2
0.39758134,1,pca_sar,1,2
0.36965132,1,pca_sar,1,2
0.24761754,1,pca_sar,1,2
0.2917085,1,pca_sar,1,2
0.25785938,1,pca_sar,1,2
0.27148277,1,pca_sar,1,2
0.30939764,1,pca_sar,1,2
0.30008662,1,pca_sar,1,2
0.33114156,1,pca_sar,1,2
0.34740198,1,pca_sar,1,2
0.38575932,1,pca_sar,1,2
0.3959237,1,pca_sar,1,2
0.32026035,1,pca_sar,1,2
0.24974981,1,pca_sar,1,2
0.28680936,1,pca_sar,1,2
0.28943342,1,pca_sar,1,2
0.3067094,1,pca_sar,1,2
0.31649613,1,pca_sar,1,2
0.261943,1,pca_sar,1,2
0.30782217,1,pca_sar,1,2
0.295821,1,pca_sar,1,2
0.3085713,1,pca_sar,1,2
0.35832304,1,pca_sar,1,2
0.3687783,1,pca_sar,1,2
0.33845955,1,pca_sar,1,2
0.37305284,1,pca_sar,1,2
0.4437552,1,pca_sar,1,2
0.40379345,1,pca_sar,1,2
0.40139082,1,pca_sar,1,2
0.362981,1,pca_sar,1,2
0.38826987,1,pca_sar,1,2
0.29742306,1,pca_sar,1,2
0.29841727,1,pca_sar,1,2
0.39789802,1,pca_sar,1,2
0.39652944,1,pca_sar,1,2
0.37744486,1,pca_sar,1,2
0.34151375,1,pca_sar,1,2
0.31611723,1,pca_sar,1,2
0.34476024,1,pca_sar,1,2
0.37857231,1,pca_sar,1,2
0.3129216,1,pca_sar,1,2
0.30219686,1,pca_sar,1,2
0.3586014,1,pca_sar,1,2
0.35304388,1,pca_sar,1,2
0.35315615,1,pca_sar,1,2
0.32575005,1,pca_sar,1,2
0.33949137,1,pca_sar,1,2
0.36630553,1,pca_sar,1,2
0.33483297,1,pca_sar,1,2
0.3835305,1,pca_sar,1,2
0.32674414,1,pca_sar,1,2
0.29992658,1,pca_sar,1,2
0.33943418,1,pca_sar,1,2
0.34529287,1,pca_sar,1,2
0.33380637,1,pca_sar,1,2
0.3040859,1,pca_sar,1,2
0.36069465,1,pca_sar,1,2
0.37534112,1,pca_sar,1,2
0.3487791,1,pca_sar,1,2
0.31133407,1,pca_sar,1,2
0.33972314,1,pca_sar,1,2
0.3461373,1,pca_sar,1,2
0.3281141,1,pca_sar,1,2
0.30893195,1,pca_sar,1,2
0.34256038,1,pca_sar,1,2
0.34488767,1,pca_sar,1,2
0.41605195,1,pca_sar,1,2
0.37986618,1,pca_sar,1,2
0.30069768,1,pca_sar,1,2
0.31140912,1,pca_sar,1,2
0.30435544,1,pca_sar,1,2
0.42408586,1,pca_sar,1,2
0.32312062,1,pca_sar,1,2
0.31517,1,pca_sar,1,2
0.33541986,1,pca_sar,1,2
0.32376492,1,pca_sar,1,2
0.41572762,1,pca_sar,1,2
0.29595774,1,pca_sar,1,2
0.27133274,1,pca_sar,1,2
0.33614463,1,pca_sar,1,2
0.30803573,1,pca_sar,1,2
0.34923998,1,pca_sar,1,2
0.3358754,1,pca_sar,1,2
0.45023596,1,pca_sar,1,2
0.3274879,1,pca_sar,1,2
0.26562655,1,pca_sar,1,2
0.28765744,1,pca_sar,1,2
0.27372837,1,pca_sar,1,2
0.34881508,1,pca_sar,1,2
0.3450124,1,pca_sar,1,2
0.4989428,1,pca_sar,1,2
0.36583325,1,pca_sar,1,2
0.25357783,1,pca_sar,1,2
0.2918214,1,pca_sar,1,2
0.27810562,1,pca_sar,1,2
0.32803088,1,pca_sar,1,2
0.34711722,1,pca_sar,1,2
0.51300204,1,pca_sar,1,2
0.38356906,1,pca_sar,1,2
0.2861476,1,pca_sar,1,2
0.30008256,1,pca_sar,1,2
0.23673287,1,pca_sar,1,2
0.29647553,1,pca_sar,1,2
0.3454848,1,pca_sar,1,2
0.46094906,1,pca_sar,1,2
0.1543166,4,pca_sar,1,2
0.16196145,4,pca_sar,1,2
0.19413465,4,pca_sar,1,2
0.20857272,4,pca_sar,1,2
0.1663702,4,pca_sar,1,2
0.22438195,4,pca_sar,1,2
0.18475592,4,pca_sar,1,2
0.19071679,4,pca_sar,1,2
0.2150387,4,pca_sar,1,2
0.26027095,4,pca_sar,1,2
0.18650603,4,pca_sar,1,2
0.20329788,4,pca_sar,1,2
0.18234952,4,pca_sar,1,2
0.14319518,4,pca_sar,1,2
0.27355427,4,pca_sar,1,2
0.29055464,4,pca_sar,1,2
0.20037213,4,pca_sar,1,2
0.22427216,4,pca_sar,1,2
0.19752392,4,pca_sar,1,2
0.17396186,4,pca_sar,1,2
0.25304765,4,pca_sar,1,2
0.3044148,4,pca_sar,1,2
0.27601248,4,pca_sar,1,2
0.24866842,4,pca_sar,1,2
0.1820026,4,pca_sar,1,2
0.16656497,4,pca_sar,1,2
0.1386047,4,pca_sar,1,2
0.1273981,4,pca_sar,1,2
0.061665818,4,pca_sar,1,2
0.22418313,4,pca_sar,1,2
0.2713461,4,pca_sar,1,2
0.2647512,4,pca_sar,1,2
0.23621109,4,pca_sar,1,2
0.19301325,4,pca_sar,1,2
0.1847028,4,pca_sar,1,2
0.162168,4,pca_sar,1,2
0.15694305,4,pca_sar,1,2
0.1102099,4,pca_sar,1,2
0.23239492,4,pca_sar,1,2
0.25877345,4,pca_sar,1,2
0.18892264,4,pca_sar,1,2
0.21360306,4,pca_sar,1,2
0.23420307,4,pca_sar,1,2
0.20765904,4,pca_sar,1,2
0.1176773,4,pca_sar,1,2
0.11756146,4,pca_sar,1,2
0.11668925,4,pca_sar,1,2
0.2622924,4,pca_sar,1,2
0.22985753,4,pca_sar,1,2
0.19883639,4,pca_sar,1,2
0.2137856,4,pca_sar,1,2
0.22318646,4,pca_sar,1,2
0.16551414,4,pca_sar,1,2
0.07441651,4,pca_sar,1,2
0.10045451,4,pca_sar,1,2
0.15426539,4,pca_sar,1,2
0.27288145,4,pca_sar,1,2
0.24916062,4,pca_sar,1,2
0.30031845,4,pca_sar,1,2
0.24316823,4,pca_sar,1,2
0.16059175,4,pca_sar,1,2
0.1459343,4,pca_sar,1,2
0.14361149,4,pca_sar,1,2
0.17254719,4,pca_sar,1,2
0.19420296,4,pca_sar,1,2
0.30638635,4,pca_sar,1,2
0.2996656,4,pca_sar,1,2
0.25703692,4,pca_sar,1,2
0.22524542,4,pca_sar,1,2
0.15345064,4,pca_sar,1,2
0.18043283,4,pca_sar,1,2
0.18547347,4,pca_sar,1,2
0.34284484,4,pca_sar,1,2
0.24991655,4,pca_sar,1,2
0.19134398,4,pca_sar,1,2
0.16414967,4,pca_sar,1,2
0.19876495,4,pca_sar,1,2
0.21486145,4,pca_sar,1,2
0.10648494,4,pca_sar,1,2
0.13063852,4,pca_sar,1,2
0.08613088,4,pca_sar,1,2
0.08153291,4,pca_sar,1,2
0.17848964,4,pca_sar,1,2
0.19144116,4,pca_sar,1,2
0.14465675,4,pca_sar,1,2
0.1491651,4,pca_sar,1,2
0.13377358,4,pca_sar,1,2
0.16604435,4,pca_sar,1,2
0.1564506,4,pca_sar,1,2
0.12173597,4,pca_sar,1,2
0.15698075,4,pca_sar,1,2
0.17703627,4,pca_sar,1,2
0.19496077,4,pca_sar,1,2
0.25925204,4,pca_sar,1,2
0.18706186,4,pca_sar,1,2
0.14055271,4,pca_sar,1,2
0.19213414,4,pca_sar,1,2
0.22903821,4,pca_sar,1,2
0.22900343,4,pca_sar,1,2
0.22949764,4,pca_sar,1,2
0.16876483,4,pca_sar,1,2
0.14594066,4,pca_sar,1,2
0.18994468,4,pca_sar,1,2
0.1244983,4,pca_sar,1,2
0.06511281,4,pca_sar,1,2
0.22398293,4,pca_sar,1,2
0.2621161,4,pca_sar,1,2
0.21900642,4,pca_sar,1,2
0.20919739,4,pca_sar,1,2
0.15204391,4,pca_sar,1,2
0.13341774,4,pca_sar,1,2
0.20132011,4,pca_sar,1,2
0.19852147,4,pca_sar,1,2
0.13479827,4,pca_sar,1,2
0.29778418,4,pca_sar,1,2
0.3193344,4,pca_sar,1,2
0.21956491,4,pca_sar,1,2
0.23149538,4,pca_sar,1,2
0.2023972,4,pca_sar,1,2
0.14690776,4,pca_sar,1,2
0.15714908,4,pca_sar,1,2
0.11476427,4,pca_sar,1,2
0.1590214,4,pca_sar,1,2
0.32334515,4,pca_sar,1,2
0.34253502,4,pca_sar,1,2
0.24129778,4,pca_sar,1,2
0.24788904,4,pca_sar,1,2
0.20456564,4,pca_sar,1,2
0.17074095,4,pca_sar,1,2
0.2212794,4,pca_sar,1,2
0.14654201,4,pca_sar,1,2
0.16068223,4,pca_sar,1,2
0.24705762,4,pca_sar,1,2
0.2511422,4,pca_sar,1,2
0.24009225,4,pca_sar,1,2
0.2047719,4,pca_sar,1,2
0.14834802,4,pca_sar,1,2
0.14957365,4,pca_sar,1,2
0.23891953,4,pca_sar,1,2
0.1841423,4,pca_sar,1,2
0.11369524,4,pca_sar,1,2
0.2660489,4,pca_sar,1,2
0.27857378,4,pca_sar,1,2
0.32433766,4,pca_sar,1,2
0.296208,4,pca_sar,1,2
0.1794249,4,pca_sar,1,2
0.15884414,4,pca_sar,1,2
0.17180902,4,pca_sar,1,2
0.26224774,4,pca_sar,1,2
0.26373085,4,pca_sar,1,2
0.20629825,4,pca_sar,1,2
0.1637344,4,pca_sar,1,2
0.33969653,1,pca_sar,1,2
0.31934887,1,pca_sar,1,2
0.35806394,1,pca_sar,1,2
0.4303323,1,pca_sar,1,2
0.35220358,1,pca_sar,1,2
0.35083205,1,pca_sar,1,2
0.3459421,1,pca_sar,1,2
0.32734954,1,pca_sar,1,2
0.38389948,1,pca_sar,1,2
0.31154865,1,pca_sar,1,2
0.37051404,1,pca_sar,1,2
0.3532066,1,pca_sar,1,2
0.40270507,1,pca_sar,1,2
0.3794133,1,pca_sar,1,2
0.31779695,1,pca_sar,1,2
0.38033134,1,pca_sar,1,2
0.3250419,1,pca_sar,1,2
0.4123177,1,pca_sar,1,2
0.35265493,1,pca_sar,1,2
0.4016142,1,pca_sar,1,2
0.47738695,1,pca_sar,1,2
0.35729188,1,pca_sar,1,2
0.280366,1,pca_sar,1,2
0.33645132,1,pca_sar,1,2
0.3031637,1,pca_sar,1,2
0.40265268,1,pca_sar,1,2
0.3297479,1,pca_sar,1,2
0.29699424,1,pca_sar,1,2
0.37078524,1,pca_sar,1,2
0.3278466,1,pca_sar,1,2
0.4486318,1,pca_sar,1,2
0.34281763,1,pca_sar,1,2
0.28889552,1,pca_sar,1,2
0.3329168,1,pca_sar,1,2
0.36613,1,pca_sar,1,2
0.48070818,1,pca_sar,1,2
0.37550968,1,pca_sar,1,2
0.325048,1,pca_sar,1,2
0.43279323,1,pca_sar,1,2
0.35888064,1,pca_sar,1,2
0.3323173,1,pca_sar,1,2
0.32478863,1,pca_sar,1,2
0.30178332,1,pca_sar,1,2
0.38587168,1,pca_sar,1,2
0.4772216,1,pca_sar,1,2
0.54374385,1,pca_sar,1,2
0.43037578,1,pca_sar,1,2
0.3840226,1,pca_sar,1,2
0.30623358,1,pca_sar,1,2
0.3077428,1,pca_sar,1,2
0.27787468,1,pca_sar,1,2
0.35400328,1,pca_sar,1,2
0.44117525,1,pca_sar,1,2
0.5410375,1,pca_sar,1,2
0.35289675,1,pca_sar,1,2
0.3392409,1,pca_sar,1,2
0.32301328,1,pca_sar,1,2
0.26636744,1,pca_sar,1,2
0.28882128,1,pca_sar,1,2
0.3827135,1,pca_sar,1,2
0.5218169,1,pca_sar,1,2
0.34288085,1,pca_sar,1,2
0.32861745,1,pca_sar,1,2
0.34304288,1,pca_sar,1,2
0.33406252,1,pca_sar,1,2
0.3393388,1,pca_sar,1,2
0.4792456,1,pca_sar,1,2
0.35141563,1,pca_sar,1,2
0.3789523,1,pca_sar,1,2
0.37640384,1,pca_sar,1,2
0.39213806,1,pca_sar,1,2
0.49870992,1,pca_sar,1,2
0.43276802,1,pca_sar,1,2
0.3969201,1,pca_sar,1,2
0.3541634,1,pca_sar,1,2
0.47074926,1,pca_sar,1,2
0.3698762,1,pca_sar,1,2
0.33315304,1,pca_sar,1,2
0.47152042,1,pca_sar,1,2
0.3871919,1,pca_sar,1,2
0.49773708,1,pca_sar,1,2
0.30558762,1,pca_sar,1,2
0.36225265,1,pca_sar,1,2
0.318957,1,pca_sar,1,2
0.3197379,1,pca_sar,1,2
0.39850324,1,pca_sar,1,2
0.34580666,1,pca_sar,1,2
0.33854645,1,pca_sar,1,2
0.37027162,1,pca_sar,1,2
0.32749802,1,pca_sar,1,2
0.32023573,1,pca_sar,1,2
0.36326954,1,pca_sar,1,2
0.35934448,1,pca_sar,1,2
0.3637961,1,pca_sar,1,2
0.48060033,1,pca_sar,1,2
0.40811118,1,pca_sar,1,2
0.34910762,1,pca_sar,1,2
0.3764869,1,pca_sar,1,2
0.35804075,1,pca_sar,1,2
0.35019386,1,pca_sar,1,2
0.380032,1,pca_sar,1,2
0.43878987,1,pca_sar,1,2
0.39994544,1,pca_sar,1,2
0.38662654,1,pca_sar,1,2
0.50328696,1,pca_sar,1,2
0.42676544,1,pca_sar,1,2
0.37161976,1,pca_sar,1,2
0.365841,1,pca_sar,1,2
0.3922499,1,pca_sar,1,2
0.46789503,1,pca_sar,1,2
0.45724198,1,pca_sar,1,2
0.40477645,1,pca_sar,1,2
0.37718046,1,pca_sar,1,2
0.33491522,1,pca_sar,1,2
0.26726082,1,pca_sar,1,2
0.3031935,1,pca_sar,1,2
0.44397143,1,pca_sar,1,2
0.5092561,1,pca_sar,1,2
0.38819194,1,pca_sar,1,2
0.36399025,1,pca_sar,1,2
0.40422267,1,pca_sar,1,2
0.3723042,1,pca_sar,1,2
0.35499173,1,pca_sar,1,2
0.3909089,1,pca_sar,1,2
0.3485408,1,pca_sar,1,2
0.41933534,1,pca_sar,1,2
0.48851076,1,pca_sar,1,2
0.4027763,1,pca_sar,1,2
0.38762063,1,pca_sar,1,2
0.47910437,1,pca_sar,1,2
0.4237058,1,pca_sar,1,2
0.32713395,1,pca_sar,1,2
0.30684638,1,pca_sar,1,2
0.37188023,1,pca_sar,1,2
0.38153422,1,pca_sar,1,2
0.32279593,1,pca_sar,1,2
0.3533858,1,pca_sar,1,2
0.43869194,1,pca_sar,1,2
0.4196633,1,pca_sar,1,2
0.39454252,1,pca_sar,1,2
0.40046385,1,pca_sar,1,2
0.42100793,1,pca_sar,1,2
0.43054825,1,pca_sar,1,2
0.39285612,1,pca_sar,1,2
0.35288087,1,pca_sar,1,2
0.35153335,1,pca_sar,1,2
0.37289798,1,pca_sar,1,2
0.3507392,1,pca_sar,1,2
0.41975987,1,pca_sar,1,2
0.46842408,1,pca_sar,1,2
0.4015841,1,pca_sar,1,2
0.36850804,1,pca_sar,1,2
0.33683473,1,pca_sar,1,2
0.3259356,1,pca_sar,1,2
0.33809203,1,pca_sar,1,2
0.38597506,1,pca_sar,1,2
0.49131453,1,pca_sar,1,2
0.5529233,1,pca_sar,1,2
0.47156325,1,pca_sar,1,2
0.37039572,1,pca_sar,1,2
0.33232504,1,pca_sar,1,2
0.37820134,1,pca_sar,1,2
0.43786794,1,pca_sar,1,2
0.37487322,1,pca_sar,1,2
0.3559581,1,pca_sar,1,2
0.3811192,1,pca_sar,1,2
0.38639143,1,pca_sar,1,2
0.40284497,1,pca_sar,1,2
0.37943596,1,pca_sar,1,2
0.38666475,1,pca_sar,1,2
0.37819558,1,pca_sar,1,2
0.3171351,1,pca_sar,1,2
0.35084045,1,pca_sar,1,2
0.41710314,1,pca_sar,1,2
0.45697004,1,pca_sar,1,2
0.5064186,1,pca_sar,1,2
0.43951267,1,pca_sar,1,2
0.3785441,1,pca_sar,1,2
0.38219222,1,pca_sar,1,2
0.46886364,1,pca_sar,1,2
0.36400792,1,pca_sar,1,2
0.32905596,1,pca_sar,1,2
0.31528404,1,pca_sar,1,2
0.33831725,1,pca_sar,1,2
0.37817046,1,pca_sar,1,2
0.33110285,1,pca_sar,1,2
0.37070003,1,pca_sar,1,2
0.3634655,1,pca_sar,1,2
0.30341578,1,pca_sar,1,2
0.34409815,1,pca_sar,1,2
0.40991342,1,pca_sar,1,2
0.34270114,1,pca_sar,1,2
0.2945426,1,pca_sar,1,2
0.32366163,1,pca_sar,1,2
0.3463854,1,pca_sar,1,2
0.3535837,1,pca_sar,1,2
0.36726856,1,pca_sar,1,2
0.36775136,1,pca_sar,1,2
0.3897484,1,pca_sar,1,2
0.35398066,1,pca_sar,1,2
0.35480678,1,pca_sar,1,2
0.3494108,1,pca_sar,1,2
0.3651289,1,pca_sar,1,2
0.31189165,1,pca_sar,1,2
0.30906805,1,pca_sar,1,2
0.29591244,1,pca_sar,1,2
0.3346138,1,pca_sar,1,2
0.40809923,1,pca_sar,1,2
0.4433273,1,pca_sar,1,2
0.3894338,1,pca_sar,1,2
0.34787485,1,pca_sar,1,2
0.3603143,1,pca_sar,1,2
0.3172918,1,pca_sar,1,2
0.35695788,1,pca_sar,1,2
0.38417524,1,pca_sar,1,2
0.45675504,1,pca_sar,1,2
0.39557153,1,pca_sar,1,2
0.38637304,1,pca_sar,1,2
0.36584744,1,pca_sar,1,2
0.41583338,1,pca_sar,1,2
0.4961875,1,pca_sar,1,2
0.42860198,1,pca_sar,1,2
0.33021486,1,pca_sar,1,2
0.32782257,1,pca_sar,1,2
0.30539447,1,pca_sar,1,2
0.3785287,1,pca_sar,1,2
0.39769787,1,pca_sar,1,2
0.44270796,1,pca_sar,1,2
0.32077944,1,pca_sar,1,2
0.3187444,1,pca_sar,1,2
0.3340782,1,pca_sar,1,2
0.43601716,1,pca_sar,1,2
0.41222265,1,pca_sar,1,2
0.32415673,1,pca_sar,1,2
0.2900886,1,pca_sar,1,2
0.2898214,1,pca_sar,1,2
0.37109733,1,pca_sar,1,2
0.41779226,1,pca_sar,1,2
0.48875767,1,pca_sar,1,2
0.2729504,1,pca_sar,1,2
0.32048556,1,pca_sar,1,2
0.3521939,1,pca_sar,1,2
0.35955006,1,pca_sar,1,2
0.2850673,1,pca_sar,1,2
0.28125685,1,pca_sar,1,2
0.34967417,1,pca_sar,1,2
0.4611922,1,pca_sar,1,2
0.47662675,1,pca_sar,1,2
0.4583581,1,pca_sar,1,2
0.37411177,1,pca_sar,1,2
0.38785282,1,pca_sar,1,2
0.37037703,1,pca_sar,1,2
0.3116281,1,pca_sar,1,2
0.33342594,1,pca_sar,1,2
0.37204728,1,pca_sar,1,2
0.32701904,1,pca_sar,1,2
0.36738434,1,pca_sar,1,2
0.3692664,1,pca_sar,1,2
0.40408754,1,pca_sar,1,2
0.3934483,1,pca_sar,1,2
0.38420257,1,pca_sar,1,2
0.38117826,1,pca_sar,1,2
0.382653,1,pca_sar,1,2
0.39148802,1,pca_sar,1,2
0.4265167,1,pca_sar,1,2
0.4270532,1,pca_sar,1,2
0.40017676,1,pca_sar,1,2
0.45636576,1,pca_sar,1,2
0.32749778,1,pca_sar,1,2
0.2770048,1,pca_sar,1,2
0.3729742,1,pca_sar,1,2
0.38326526,1,pca_sar,1,2
0.43631822,1,pca_sar,1,2
0.3995734,1,pca_sar,1,2
0.37290365,1,pca_sar,1,2
0.40972048,1,pca_sar,1,2
0.45289677,1,pca_sar,1,2
0.34615794,1,pca_sar,1,2
0.33661908,1,pca_sar,1,2
0.390599,1,pca_sar,1,2
0.3941219,1,pca_sar,1,2
0.45879316,1,pca_sar,1,2
0.4544332,1,pca_sar,1,2
0.4073617,1,pca_sar,1,2
0.40138286,1,pca_sar,1,2
0.39785257,1,pca_sar,1,2
0.45686102,1,pca_sar,1,2
0.35341167,1,pca_sar,1,2
0.3402143,1,pca_sar,1,2
0.3827801,1,pca_sar,1,2
0.3599731,1,pca_sar,1,2
0.40589634,1,pca_sar,1,2
0.4574592,1,pca_sar,1,2
0.41228786,1,pca_sar,1,2
0.45918006,1,pca_sar,1,2
0.3800386,1,pca_sar,1,2
0.33991814,1,pca_sar,1,2
0.38930723,1,pca_sar,1,2
0.3765961,1,pca_sar,1,2
0.3958975,1,pca_sar,1,2
0.408403,1,pca_sar,1,2
0.39384267,1,pca_sar,1,2
0.4220801,1,pca_sar,1,2
0.43042362,1,pca_sar,1,2
0.35503578,1,pca_sar,1,2
0.33619064,1,pca_sar,1,2
0.35602784,1,pca_sar,1,2
0.35670626,1,pca_sar,1,2
0.45106578,1,pca_sar,1,2
0.35643417,1,pca_sar,1,2
0.33235577,1,pca_sar,1,2
0.4257339,1,pca_sar,1,2
0.392088,1,pca_sar,1,2
0.45137423,1,pca_sar,1,2
0.34996602,1,pca_sar,1,2
0.3375163,1,pca_sar,1,2
0.41074228,1,pca_sar,1,2
0.4084657,1,pca_sar,1,2
0.44653654,1,pca_sar,1,2
0.40756667,1,pca_sar,1,2
0.45426333,1,pca_sar,1,2
0.38510627,1,pca_sar,1,2
0.3678402,1,pca_sar,1,2
0.3825993,1,pca_sar,1,2
0.40246344,1,pca_sar,1,2
0.46851003,1,pca_sar,1,2
0.47149965,1,pca_sar,1,2
0.45864457,1,pca_sar,1,2
0.37938666,1,pca_sar,1,2
0.365186,1,pca_sar,1,2
0.4058227,1,pca_sar,1,2
0.35956466,1,pca_sar,1,2
0.35611585,1,pca_sar,1,2
0.37301415,1,pca_sar,1,2
0.4697333,1,pca_sar,1,2
0.3172897,1,pca_sar,1,2
0.28979078,1,pca_sar,1,2
0.38515002,1,pca_sar,1,2
0.35206026,1,pca_sar,1,2
0.3582727,1,pca_sar,1,2
0.33579218,1,pca_sar,1,2
0.4763027,1,pca_sar,1,2
0.11031543,4,pca_sar,1,2
0.0699636,4,pca_sar,1,2
0.25323343,4,pca_sar,1,2
0.18595463,4,pca_sar,1,2
0.1274323,4,pca_sar,1,2
0.19717866,4,pca_sar,1,2
0.14046982,4,pca_sar,1,2
0.1282477,4,pca_sar,1,2
0.3539196,4,pca_sar,1,2
0.2704022,4,pca_sar,1,2
0.18958,4,pca_sar,1,2
0.2651974,4,pca_sar,1,2
0.20575252,4,pca_sar,1,2
0.1632962,4,pca_sar,1,2
0.35426417,4,pca_sar,1,2
0.29367465,4,pca_sar,1,2
0.18697028,4,pca_sar,1,2
0.22977336,4,pca_sar,1,2
0.15885614,4,pca_sar,1,2
0.10841683,4,pca_sar,1,2
0.26808402,4,pca_sar,1,2
0.25438467,4,pca_sar,1,2
0.20037712,4,pca_sar,1,2
0.22022454,4,pca_sar,1,2
0.15733273,4,pca_sar,1,2
0.1267635,4,pca_sar,1,2
0.091686405,4,pca_sar,1,2
0.073686235,4,pca_sar,1,2
0.123958156,4,pca_sar,1,2
0.25383914,4,pca_sar,1,2
0.2576139,4,pca_sar,1,2
0.22127001,4,pca_sar,1,2
0.2613616,4,pca_sar,1,2
0.21885562,4,pca_sar,1,2
0.12493646,4,pca_sar,1,2
0.048194867,4,pca_sar,1,2
0.036695525,4,pca_sar,1,2
0.06884745,4,pca_sar,1,2
0.31732965,4,pca_sar,1,2
0.2914576,4,pca_sar,1,2
0.18387547,4,pca_sar,1,2
0.19148499,4,pca_sar,1,2
0.2506209,4,pca_sar,1,2
0.18592295,4,pca_sar,1,2
0.07387898,4,pca_sar,1,2
0.048216686,4,pca_sar,1,2
0.034827456,4,pca_sar,1,2
0.2665962,4,pca_sar,1,2
0.27352625,4,pca_sar,1,2
0.20680659,4,pca_sar,1,2
0.17154643,4,pca_sar,1,2
0.19397375,4,pca_sar,1,2
0.16197956,4,pca_sar,1,2
0.11373764,4,pca_sar,1,2
0.07921429,4,pca_sar,1,2
0.101217054,4,pca_sar,1,2
0.19827372,4,pca_sar,1,2
0.27326757,4,pca_sar,1,2
0.2178267,4,pca_sar,1,2
0.20165807,4,pca_sar,1,2
0.1653892,4,pca_sar,1,2
0.14440979,4,pca_sar,1,2
0.13453695,4,pca_sar,1,2
0.10208367,4,pca_sar,1,2
0.11339368,4,pca_sar,1,2
0.2560209,4,pca_sar,1,2
0.27742696,4,pca_sar,1,2
0.21084802,4,pca_sar,1,2
0.18995857,4,pca_sar,1,2
0.15726581,4,pca_sar,1,2
0.20049137,4,pca_sar,1,2
0.19121894,4,pca_sar,1,2
0.19464779,4,pca_sar,1,2
0.23570473,4,pca_sar,1,2
0.22679901,4,pca_sar,1,2
0.25157392,4,pca_sar,1,2
0.17228198,4,pca_sar,1,2
0.16845833,4,pca_sar,1,2
0.1357974,4,pca_sar,1,2
0.15835315,4,pca_sar,1,2
0.06566082,4,pca_sar,1,2
0.15514545,4,pca_sar,1,2
0.15784794,4,pca_sar,1,2
0.16691677,4,pca_sar,1,2
0.14655162,4,pca_sar,1,2
0.1709502,4,pca_sar,1,2
0.09699124,4,pca_sar,1,2
0.13314684,4,pca_sar,1,2
0.107624345,4,pca_sar,1,2
0.18241537,4,pca_sar,1,2
0.16680838,4,pca_sar,1,2
0.16159931,4,pca_sar,1,2
0.13428378,4,pca_sar,1,2
0.20289539,4,pca_sar,1,2
0.15722041,4,pca_sar,1,2
0.18573329,4,pca_sar,1,2
0.16567662,4,pca_sar,1,2
0.15374543,4,pca_sar,1,2
0.17248219,4,pca_sar,1,2
0.21888217,4,pca_sar,1,2
0.263292,4,pca_sar,1,2
0.23244303,4,pca_sar,1,2
0.17962497,4,pca_sar,1,2
0.22995947,4,pca_sar,1,2
0.18000476,4,pca_sar,1,2
0.18730244,4,pca_sar,1,2
0.15767291,4,pca_sar,1,2
0.12278052,4,pca_sar,1,2
0.15371421,4,pca_sar,1,2
0.20634496,4,pca_sar,1,2
0.19970736,4,pca_sar,1,2
0.184357,4,pca_sar,1,2
0.20848215,4,pca_sar,1,2
0.1738624,4,pca_sar,1,2
0.24198896,4,pca_sar,1,2
0.1711432,4,pca_sar,1,2
0.109445125,4,pca_sar,1,2
0.092176154,4,pca_sar,1,2
0.15226077,4,pca_sar,1,2
0.17924201,4,pca_sar,1,2
0.20555687,4,pca_sar,1,2
0.18200374,4,pca_sar,1,2
0.16709363,4,pca_sar,1,2
0.21555391,4,pca_sar,1,2
0.13660729,4,pca_sar,1,2
0.1314368,4,pca_sar,1,2
0.12495044,4,pca_sar,1,2
0.16091266,4,pca_sar,1,2
0.1732281,4,pca_sar,1,2
0.23231936,4,pca_sar,1,2
0.21262433,4,pca_sar,1,2
0.15286484,4,pca_sar,1,2
0.2091469,4,pca_sar,1,2
0.18137038,4,pca_sar,1,2
0.20767483,4,pca_sar,1,2
0.28166187,4,pca_sar,1,2
0.25854433,4,pca_sar,1,2
0.1875577,4,pca_sar,1,2
0.1925532,4,pca_sar,1,2
0.20409454,4,pca_sar,1,2
0.15461047,4,pca_sar,1,2
0.22434984,4,pca_sar,1,2
0.1841431,4,pca_sar,1,2
0.18213336,4,pca_sar,1,2
0.20739044,4,pca_sar,1,2
0.21409273,4,pca_sar,1,2
0.20955949,4,pca_sar,1,2
0.22242616,4,pca_sar,1,2
0.1650196,4,pca_sar,1,2
0.1720986,4,pca_sar,1,2
0.22090346,4,pca_sar,1,2
0.22603521,4,pca_sar,1,2
0.3116182,1,pca_sar,1,2
0.24321765,1,pca_sar,1,2
0.20635335,1,pca_sar,1,2
0.17669234,1,pca_sar,1,2
0.106346875,1,pca_sar,1,2
0.35966125,1,pca_sar,1,2
0.33465195,1,pca_sar,1,2
0.35129043,1,pca_sar,1,2
0.31323892,1,pca_sar,1,2
0.22676241,1,pca_sar,1,2
0.07459001,1,pca_sar,1,2
0.49064112,1,pca_sar,1,2
0.48299283,1,pca_sar,1,2
0.49062783,1,pca_sar,1,2
0.43715528,1,pca_sar,1,2
0.351965,1,pca_sar,1,2
0.2991271,1,pca_sar,1,2
0.18446082,1,pca_sar,1,2
0.14668466,1,pca_sar,1,2
0.22323287,1,pca_sar,1,2
0.18561436,1,pca_sar,1,2
0.092677355,1,pca_sar,1,2
0.2393417,1,pca_sar,1,2
0.24071094,1,pca_sar,1,2
0.2225509,1,pca_sar,1,2
0.17063701,1,pca_sar,1,2
0.11993216,1,pca_sar,1,2
0.039489582,1,pca_sar,1,2
0.3857602,1,pca_sar,1,2
0.36838436,1,pca_sar,1,2
0.33432144,1,pca_sar,1,2
0.26925603,1,pca_sar,1,2
0.27735853,1,pca_sar,1,2
0.20218572,1,pca_sar,1,2
0.04068232,3,pca_sar,1,2
0.039325982,3,pca_sar,1,2
0.115822464,3,pca_sar,1,2
0.1977397,3,pca_sar,1,2
0.14196572,3,pca_sar,1,2
0.08475792,3,pca_sar,1,2
-0.00801467,3,pca_sar,1,2
0.0980534,3,pca_sar,1,2
-0.01971629,3,pca_sar,1,2
0.03873872,3,pca_sar,1,2
0.15227367,3,pca_sar,1,2
0.22392529,3,pca_sar,1,2
0.18599617,3,pca_sar,1,2
0.06430303,3,pca_sar,1,2
0.28201526,3,pca_sar,1,2
0.2707107,3,pca_sar,1,2
-0.0046799667,3,pca_sar,1,2
0.0009437315,3,pca_sar,1,2
0.113645025,3,pca_sar,1,2
0.2213496,3,pca_sar,1,2
0.23589645,3,pca_sar,1,2
0.20496845,3,pca_sar,1,2
0.07805515,3,pca_sar,1,2
0.23667024,3,pca_sar,1,2
0.33607787,3,pca_sar,1,2
0.19768927,3,pca_sar,1,2
0.017391782,3,pca_sar,1,2
0.019767834,3,pca_sar,1,2
0.07062745,3,pca_sar,1,2
0.2076729,3,pca_sar,1,2
0.19383311,3,pca_sar,1,2
0.18661371,3,pca_sar,1,2
0.06417304,3,pca_sar,1,2
-0.054016028,3,pca_sar,1,2
0.22305785,3,pca_sar,1,2
0.19220568,3,pca_sar,1,2
0.036291197,3,pca_sar,1,2
-0.0017214268,3,pca_sar,1,2
0.057736497,3,pca_sar,1,2
0.122447215,3,pca_sar,1,2
0.2114206,3,pca_sar,1,2
0.09042023,3,pca_sar,1,2
0.04562267,3,pca_sar,1,2
0.02984272,3,pca_sar,1,2
0.032276407,3,pca_sar,1,2
0.1667794,3,pca_sar,1,2
0.074673876,3,pca_sar,1,2
-0.013233563,3,pca_sar,1,2
0.005645603,3,pca_sar,1,2
0.0833089,3,pca_sar,1,2
0.19517994,3,pca_sar,1,2
0.18638289,3,pca_sar,1,2
0.047914498,3,pca_sar,1,2
0.07865324,3,pca_sar,1,2
0.23117793,3,pca_sar,1,2
0.25778705,3,pca_sar,1,2
0.12946342,3,pca_sar,1,2
0.05768116,3,pca_sar,1,2
-0.09573545,3,pca_sar,1,2
0.01068148,3,pca_sar,1,2
0.20679793,3,pca_sar,1,2
0.32428482,3,pca_sar,1,2
0.24202317,3,pca_sar,1,2
0.12506628,3,pca_sar,1,2
0.24846853,3,pca_sar,1,2
0.37703204,3,pca_sar,1,2
0.2472968,3,pca_sar,1,2
0.11928398,3,pca_sar,1,2
0.045459922,3,pca_sar,1,2
0.030605331,3,pca_sar,1,2
0.17636864,3,pca_sar,1,2
0.38253093,3,pca_sar,1,2
0.4050344,3,pca_sar,1,2
0.16401702,3,pca_sar,1,2
0.04316218,3,pca_sar,1,2
0.16152588,3,pca_sar,1,2
0.06555256,3,pca_sar,1,2
0.11165297,3,pca_sar,1,2
0.20289561,3,pca_sar,1,2
0.326575,3,pca_sar,1,2
0.4477734,3,pca_sar,1,2
0.3763625,3,pca_sar,1,2
0.114888094,3,pca_sar,1,2
-0.053500652,3,pca_sar,1,2
0.04265675,3,pca_sar,1,2
0.33780682,3,pca_sar,1,2
0.38619447,3,pca_sar,1,2
0.3747664,3,pca_sar,1,2
0.2961251,3,pca_sar,1,2
0.39009562,3,pca_sar,1,2
0.38179395,3,pca_sar,1,2
0.35453743,3,pca_sar,1,2
0.3353461,3,pca_sar,1,2
0.17370072,3,pca_sar,1,2
0.13279659,3,pca_sar,1,2
0.23261443,3,pca_sar,1,2
0.2740317,3,pca_sar,1,2
0.18544438,3,pca_sar,1,2
0.033943504,3,pca_sar,1,2
-0.03749433,3,pca_sar,1,2
0.14421883,3,pca_sar,1,2
0.055055693,3,pca_sar,1,2
0.104204856,3,pca_sar,1,2
0.22086354,3,pca_sar,1,2
0.23219484,3,pca_sar,1,2
0.14376207,3,pca_sar,1,2
0.00030125678,3,pca_sar,1,2
0.15044619,3,pca_sar,1,2
0.049028486,3,pca_sar,1,2
0.120872736,3,pca_sar,1,2
0.15568277,3,pca_sar,1,2
0.2642936,3,pca_sar,1,2
0.23502573,3,pca_sar,1,2
0.069665335,3,pca_sar,1,2
0.037024453,3,pca_sar,1,2
0.2077232,3,pca_sar,1,2
0.04367493,3,pca_sar,1,2
0.07940683,3,pca_sar,1,2
0.14250675,3,pca_sar,1,2
0.33557436,3,pca_sar,1,2
0.25754118,3,pca_sar,1,2
0.05892855,3,pca_sar,1,2
0.05972767,3,pca_sar,1,2
0.010112855,3,pca_sar,1,2
0.22553448,3,pca_sar,1,2
0.06325337,3,pca_sar,1,2
0.0054099225,3,pca_sar,1,2
0.13941164,3,pca_sar,1,2
0.36288983,3,pca_sar,1,2
0.22534266,3,pca_sar,1,2
0.017001431,3,pca_sar,1,2
0.067202084,3,pca_sar,1,2
0.032084145,3,pca_sar,1,2
0.16934688,3,pca_sar,1,2
-0.0019744914,3,pca_sar,1,2
0.040817656,3,pca_sar,1,2
0.13874425,3,pca_sar,1,2
0.37740344,3,pca_sar,1,2
0.2916192,3,pca_sar,1,2
0.13102962,3,pca_sar,1,2
0.16924512,3,pca_sar,1,2
0.18422937,3,pca_sar,1,2
0.17860875,3,pca_sar,1,2
0.06647895,3,pca_sar,1,2
0.1455977,3,pca_sar,1,2
0.22795749,3,pca_sar,1,2
0.40275034,3,pca_sar,1,2
0.28272313,3,pca_sar,1,2
0.20407042,3,pca_sar,1,2
0.2693479,3,pca_sar,1,2
0.18012792,3,pca_sar,1,2
0.19728982,3,pca_sar,1,2
0.17965871,3,pca_sar,1,2
0.38432455,3,pca_sar,1,2
0.38081414,3,pca_sar,1,2
0.23993446,3,pca_sar,1,2
0.08498563,3,pca_sar,1,2
0.10498164,3,pca_sar,1,2
0.28183293,3,pca_sar,1,2
0.3353718,3,pca_sar,1,2
0.44565362,3,pca_sar,1,2
0.33980653,3,pca_sar,1,2
0.06856374,3,pca_sar,1,2
-0.035449196,3,pca_sar,1,2
0.0046203397,3,pca_sar,1,2
0.531299,3,pca_sar,1,2
0.46612272,3,pca_sar,1,2
0.4039079,3,pca_sar,1,2
0.30453965,3,pca_sar,1,2
0.625189,3,pca_sar,1,2
0.55298936,3,pca_sar,1,2
0.4334116,3,pca_sar,1,2
0.3977154,3,pca_sar,1,2
0.6889682,1,pca_sar,1,2
0.6589083,1,pca_sar,1,2
0.47503716,1,pca_sar,1,2
0.57752883,1,pca_sar,1,2
0.43378782,1,pca_sar,1,2
0.58224785,1,pca_sar,1,2
0.45687163,1,pca_sar,1,2
0.43121934,1,pca_sar,1,2
0.57533956,1,pca_sar,1,2
0.43031156,1,pca_sar,1,2
0.4502506,1,pca_sar,1,2
0.43078873,1,pca_sar,1,2
0.56053185,1,pca_sar,1,2
0.44852906,1,pca_sar,1,2
0.49454218,1,pca_sar,1,2
0.4761199,1,pca_sar,1,2
0.5976948,1,pca_sar,1,2
0.44643754,1,pca_sar,1,2
0.4638419,1,pca_sar,1,2
0.48570317,1,pca_sar,1,2
0.63193846,1,pca_sar,1,2
0.47208792,1,pca_sar,1,2
0.46438992,1,pca_sar,1,2
0.5144067,1,pca_sar,1,2
0.52251875,1,pca_sar,1,2
0.6189406,1,pca_sar,1,2
0.49787223,1,pca_sar,1,2
0.43244588,1,pca_sar,1,2
0.4825989,1,pca_sar,1,2
0.4834702,1,pca_sar,1,2
0.60052943,1,pca_sar,1,2
0.59365106,1,pca_sar,1,2
0.6144526,1,pca_sar,1,2
0.4433159,1,pca_sar,1,2
0.402098,1,pca_sar,1,2
0.4249779,1,pca_sar,1,2
0.42039448,1,pca_sar,1,2
0.43008256,1,pca_sar,1,2
0.39870104,1,pca_sar,1,2
0.40359497,1,pca_sar,1,2
0.39935637,1,pca_sar,1,2
0.434689,1,pca_sar,1,2
0.43218112,1,pca_sar,1,2
0.4363038,1,pca_sar,1,2
0.4011404,1,pca_sar,1,2
0.44887376,1,pca_sar,1,2
0.42468044,1,pca_sar,1,2
0.39342368,1,pca_sar,1,2
0.47912794,1,pca_sar,1,2
0.4529787,1,pca_sar,1,2
0.4433804,1,pca_sar,1,2
0.39664423,1,pca_sar,1,2
0.44159356,1,pca_sar,1,2
0.4286789,1,pca_sar,1,2
0.47971678,1,pca_sar,1,2
0.42516714,1,pca_sar,1,2
0.48427224,1,pca_sar,1,2
0.4393646,1,pca_sar,1,2
0.4535857,1,pca_sar,1,2
0.43305153,1,pca_sar,1,2
0.45032856,1,pca_sar,1,2
0.49537244,1,pca_sar,1,2
0.4535057,1,pca_sar,1,2
0.45927197,1,pca_sar,1,2
0.48609036,1,pca_sar,1,2
0.42923045,1,pca_sar,1,2
0.45229554,1,pca_sar,1,2
0.43063724,1,pca_sar,1,2
0.48441404,1,pca_sar,1,2
0.4406,1,pca_sar,1,2
0.45927608,1,pca_sar,1,2
0.47785535,1,pca_sar,1,2
0.50149786,1,pca_sar,1,2
0.44671994,1,pca_sar,1,2
0.44546658,1,pca_sar,1,2
0.504451,1,pca_sar,1,2
0.42800134,1,pca_sar,1,2
0.4668166,1,pca_sar,1,2
0.44566312,1,pca_sar,1,2
0.48853272,1,pca_sar,1,2
0.42597726,1,pca_sar,1,2
0.46663654,1,pca_sar,1,2
0.46869344,1,pca_sar,1,2
0.48421067,1,pca_sar,1,2
0.4543649,1,pca_sar,1,2
0.45042932,1,pca_sar,1,2
0.44356164,1,pca_sar,1,2
0.42672268,1,pca_sar,1,2
0.432072,1,pca_sar,1,2
0.42116457,1,pca_sar,1,2
0.4841724,1,pca_sar,1,2
0.4306335,1,pca_sar,1,2
0.4891923,1,pca_sar,1,2
0.49473414,1,pca_sar,1,2
0.44650468,1,pca_sar,1,2
0.51435,1,pca_sar,1,2
0.52984875,1,pca_sar,1,2
0.5481313,1,pca_sar,1,2
0.5124631,1,pca_sar,1,2
0.43368155,1,pca_sar,1,2
0.42387688,1,pca_sar,1,2
0.4737979,1,pca_sar,1,2
0.41305655,1,pca_sar,1,2
0.5083715,1,pca_sar,1,2
0.5147656,1,pca_sar,1,2
0.47785813,1,pca_sar,1,2
0.502505,1,pca_sar,1,2
0.5474327,1,pca_sar,1,2
0.5622787,1,pca_sar,1,2
0.4992117,1,pca_sar,1,2
0.40709025,1,pca_sar,1,2
0.39348462,1,pca_sar,1,2
0.4459445,1,pca_sar,1,2
0.41641128,1,pca_sar,1,2
0.5432871,1,pca_sar,1,2
0.47929615,1,pca_sar,1,2
0.4428361,1,pca_sar,1,2
0.45289814,1,pca_sar,1,2
0.43892652,1,pca_sar,1,2
0.40098703,1,pca_sar,1,2
0.50734043,1,pca_sar,1,2
0.49945724,1,pca_sar,1,2
0.49532807,1,pca_sar,1,2
0.45322782,1,pca_sar,1,2
0.3763042,1,pca_sar,1,2
0.5116009,1,pca_sar,1,2
0.41435212,1,pca_sar,1,2
0.3794945,1,pca_sar,1,2
0.38490665,1,pca_sar,1,2
0.51563936,1,pca_sar,1,2
0.38837814,1,pca_sar,1,2
0.39492226,1,pca_sar,1,2
0.45632386,1,pca_sar,1,2
0.41804683,1,pca_sar,1,2
0.5535468,1,pca_sar,1,2
0.41531533,1,pca_sar,1,2
0.4093684,1,pca_sar,1,2
0.44506055,1,pca_sar,1,2
0.41675732,1,pca_sar,1,2
0.6106231,1,pca_sar,1,2
0.44751564,1,pca_sar,1,2
0.39885455,1,pca_sar,1,2
0.42505926,1,pca_sar,1,2
0.41625398,1,pca_sar,1,2
0.42858815,1,pca_sar,1,2
0.61489993,1,pca_sar,1,2
0.48049062,1,pca_sar,1,2
0.4349119,1,pca_sar,1,2
0.45131552,1,pca_sar,1,2
0.39591652,1,pca_sar,1,2
0.40333548,1,pca_sar,1,2
0.40823722,1,pca_sar,1,2
0.57656026,1,pca_sar,1,2
0.47568578,1,pca_sar,1,2
0.3946104,1,pca_sar,1,2
0.42240542,1,pca_sar,1,2
0.4120593,1,pca_sar,1,2
0.4046405,1,pca_sar,1,2
0.4261185,1,pca_sar,1,2
0.53570765,1,pca_sar,1,2
0.49668097,1,pca_sar,1,2
0.4354998,1,pca_sar,1,2
0.43839622,1,pca_sar,1,2
0.44832003,1,pca_sar,1,2
0.43942142,1,pca_sar,1,2
0.49293295,1,pca_sar,1,2
0.4336701,1,pca_sar,1,2
0.46277654,1,pca_sar,1,2
0.46328676,1,pca_sar,1,2
0.49612495,1,pca_sar,1,2
0.47485632,1,pca_sar,1,2
0.51528525,1,pca_sar,1,2
0.4306925,1,pca_sar,1,2
0.4068256,1,pca_sar,1,2
0.4494375,1,pca_sar,1,2
0.5064492,1,pca_sar,1,2
0.50921077,1,pca_sar,1,2
0.41037852,1,pca_sar,1,2
0.3702414,1,pca_sar,1,2
0.39636198,1,pca_sar,1,2
0.5320784,1,pca_sar,1,2
0.40868917,1,pca_sar,1,2
0.36830485,1,pca_sar,1,2
0.38865355,1,pca_sar,1,2
0.2564832,1,pca_sar,1,2
0.18007529,1,pca_sar,1,2
0.13455394,1,pca_sar,1,2
0.09117931,1,pca_sar,1,2
0.16596918,1,pca_sar,1,2
0.3112015,1,pca_sar,1,2
0.32422704,1,pca_sar,1,2
0.31031466,1,pca_sar,1,2
0.3331339,1,pca_sar,1,2
0.19996202,1,pca_sar,1,2
0.072122574,1,pca_sar,1,2
0.34166777,1,pca_sar,1,2
0.37427557,1,pca_sar,1,2
0.37356633,1,pca_sar,1,2
0.3113532,1,pca_sar,1,2
0.283718,1,pca_sar,1,2
0.12304442,1,pca_sar,1,2
0.36671335,1,pca_sar,1,2
0.39008445,1,pca_sar,1,2
0.38474974,1,pca_sar,1,2
0.3148206,1,pca_sar,1,2
0.30387813,1,pca_sar,1,2
0.2998758,1,pca_sar,1,2
0.156482,1,pca_sar,1,2
0.16131347,1,pca_sar,1,2
0.21770951,1,pca_sar,1,2
0.44320095,1,pca_sar,1,2
0.48916954,1,pca_sar,1,2
0.4253685,1,pca_sar,1,2
0.33735967,1,pca_sar,1,2
0.35576138,1,pca_sar,1,2
0.33060387,1,pca_sar,1,2
0.2908401,1,pca_sar,1,2
0.2554184,1,pca_sar,1,2
0.23618178,1,pca_sar,1,2
0.4420377,1,pca_sar,1,2
0.40380505,1,pca_sar,1,2
0.3529467,1,pca_sar,1,2
0.34816208,1,pca_sar,1,2
0.35330918,1,pca_sar,1,2
0.37229162,1,pca_sar,1,2
0.3558761,1,pca_sar,1,2
0.30252886,1,pca_sar,1,2
0.2723207,1,pca_sar,1,2
0.24954978,1,pca_sar,1,2
0.19867298,1,pca_sar,1,2
0.1512559,1,pca_sar,1,2
0.08218566,1,pca_sar,1,2
0.40839973,1,pca_sar,1,2
0.35970643,1,pca_sar,1,2
0.3709693,1,pca_sar,1,2
0.37966734,1,pca_sar,1,2
0.344753,1,pca_sar,1,2
0.414525,1,pca_sar,1,2
0.49040753,1,pca_sar,1,2
0.45294654,1,pca_sar,1,2
0.3750784,1,pca_sar,1,2
0.23692979,1,pca_sar,1,2
0.100000665,1,pca_sar,1,2
0.32821023,1,pca_sar,1,2
0.34092695,1,pca_sar,1,2
0.36462587,1,pca_sar,1,2
0.21506087,1,pca_sar,1,2
0.13656405,1,pca_sar,1,2
0.3310464,1,pca_sar,1,2
0.34649822,1,pca_sar,1,2
0.3982582,1,pca_sar,1,2
0.26021117,1,pca_sar,1,2
0.2070936,1,pca_sar,1,2
0.22219567,1,pca_sar,1,2
0.17022711,1,pca_sar,1,2
0.1957655,1,pca_sar,1,2
0.07316293,1,pca_sar,1,2
0.13666902,1,pca_sar,1,2
0.5208061,1,pca_sar,1,2
0.3421626,1,pca_sar,1,2
0.24675965,1,pca_sar,1,2
0.32186094,1,pca_sar,1,2
0.1822953,1,pca_sar,1,2
0.12973294,1,pca_sar,1,2
0.4884578,1,pca_sar,1,2
0.4123256,1,pca_sar,1,2
0.396245,1,pca_sar,1,2
0.35163856,1,pca_sar,1,2
0.3189192,1,pca_sar,1,2
0.225932,1,pca_sar,1,2
0.4081508,1,pca_sar,1,2
0.38707423,1,pca_sar,1,2
0.37151563,1,pca_sar,1,2
0.31304008,1,pca_sar,1,2
0.29238912,1,pca_sar,1,2
0.23596713,1,pca_sar,1,2
0.14870714,1,pca_sar,1,2
0.1496216,1,pca_sar,1,2
0.12009063,1,pca_sar,1,2
0.39861548,1,pca_sar,1,2
0.39497435,1,pca_sar,1,2
0.3870899,1,pca_sar,1,2
0.35805836,1,pca_sar,1,2
0.4087251,1,pca_sar,1,2
0.27834743,1,pca_sar,1,2
0.20598969,1,pca_sar,1,2
0.21059379,1,pca_sar,1,2
0.19342019,1,pca_sar,1,2
0.41292283,1,pca_sar,1,2
0.39311314,1,pca_sar,1,2
0.41180897,1,pca_sar,1,2
0.39791602,1,pca_sar,1,2
0.41270965,1,pca_sar,1,2
0.28626502,1,pca_sar,1,2
0.22748132,1,pca_sar,1,2
0.33866394,1,pca_sar,1,2
0.35104805,1,pca_sar,1,2
0.3232839,1,pca_sar,1,2
0.265898,1,pca_sar,1,2
0.10003936,1,pca_sar,1,2
0.11417304,1,pca_sar,1,2
0.49909493,1,pca_sar,1,2
0.40850765,1,pca_sar,1,2
0.41769683,1,pca_sar,1,2
0.44628555,1,pca_sar,1,2
0.466098,1,pca_sar,1,2
0.3989799,1,pca_sar,1,2
0.35424793,1,pca_sar,1,2
0.39398196,1,pca_sar,1,2
0.37331292,1,pca_sar,1,2
0.16445637,1,pca_sar,1,2
0.2029399,1,pca_sar,1,2
0.4388612,1,pca_sar,1,2
0.37416387,1,pca_sar,1,2
0.32990438,1,pca_sar,1,2
0.31854457,1,pca_sar,1,2
0.32193407,1,pca_sar,1,2
0.47653776,1,pca_sar,1,2
0.445714,1,pca_sar,1,2
0.4504162,1,pca_sar,1,2
0.3037906,1,pca_sar,1,2
0.25898957,1,pca_sar,1,2
0.193611,3,pca_sar,1,2
0.13145748,3,pca_sar,1,2
0.14065704,3,pca_sar,1,2
0.21869779,3,pca_sar,1,2
0.2236965,3,pca_sar,1,2
0.1287761,3,pca_sar,1,2
0.07700028,3,pca_sar,1,2
0.18977264,3,pca_sar,1,2
0.09976469,3,pca_sar,1,2
0.07121615,3,pca_sar,1,2
0.19213066,3,pca_sar,1,2
0.37873542,3,pca_sar,1,2
0.24371687,3,pca_sar,1,2
0.14722408,3,pca_sar,1,2
0.29920226,3,pca_sar,1,2
0.23851556,3,pca_sar,1,2
0.06953925,3,pca_sar,1,2
0.062089153,3,pca_sar,1,2
0.21235879,3,pca_sar,1,2
0.40352237,3,pca_sar,1,2
0.39603722,3,pca_sar,1,2
0.2608344,3,pca_sar,1,2
0.08069252,3,pca_sar,1,2
0.21855047,3,pca_sar,1,2
0.32351393,3,pca_sar,1,2
0.15368141,3,pca_sar,1,2
-0.0206504,3,pca_sar,1,2
0.09211502,3,pca_sar,1,2
0.25114977,3,pca_sar,1,2
0.33504713,3,pca_sar,1,2
0.27744234,3,pca_sar,1,2
0.1597054,3,pca_sar,1,2
0.0523559,3,pca_sar,1,2
-0.033955377,3,pca_sar,1,2
0.2188543,3,pca_sar,1,2
0.20878674,3,pca_sar,1,2
0.065431446,3,pca_sar,1,2
0.0019243825,3,pca_sar,1,2
0.075968474,3,pca_sar,1,2
0.20007347,3,pca_sar,1,2
0.2602341,3,pca_sar,1,2
0.14145015,3,pca_sar,1,2
0.085612625,3,pca_sar,1,2
0.13350761,3,pca_sar,1,2
0.115371734,3,pca_sar,1,2
0.047667634,3,pca_sar,1,2
0.035216615,3,pca_sar,1,2
-0.021503802,3,pca_sar,1,2
-0.036106184,3,pca_sar,1,2
0.09577641,3,pca_sar,1,2
0.28271872,3,pca_sar,1,2
0.37915543,3,pca_sar,1,2
0.2238498,3,pca_sar,1,2
0.15950274,3,pca_sar,1,2
0.32480228,3,pca_sar,1,2
0.40345067,3,pca_sar,1,2
0.035672225,3,pca_sar,1,2
0.014627116,3,pca_sar,1,2
-0.002560867,3,pca_sar,1,2
0.05756814,3,pca_sar,1,2
0.2514735,3,pca_sar,1,2
0.35643065,3,pca_sar,1,2
0.37275392,3,pca_sar,1,2
0.28528363,3,pca_sar,1,2
0.23751873,3,pca_sar,1,2
0.33013266,3,pca_sar,1,2
0.34654132,3,pca_sar,1,2
0.058934595,3,pca_sar,1,2
0.07978753,3,pca_sar,1,2
0.18146262,3,pca_sar,1,2
0.30407196,3,pca_sar,1,2
0.50376064,3,pca_sar,1,2
0.5220178,3,pca_sar,1,2
0.3097079,3,pca_sar,1,2
0.13014677,3,pca_sar,1,2
0.09509153,3,pca_sar,1,2
0.02647062,3,pca_sar,1,2
0.094050035,3,pca_sar,1,2
0.32942823,3,pca_sar,1,2
0.3577015,3,pca_sar,1,2
0.4756815,3,pca_sar,1,2
0.42698216,3,pca_sar,1,2
0.12790975,3,pca_sar,1,2
0.013944028,3,pca_sar,1,2
0.016447376,3,pca_sar,1,2
0.33918357,3,pca_sar,1,2
0.32406324,3,pca_sar,1,2
0.32987803,3,pca_sar,1,2
0.25135002,3,pca_sar,1,2
0.2611987,3,pca_sar,1,2
0.25928357,3,pca_sar,1,2
0.2722066,3,pca_sar,1,2
0.09063551,3,pca_sar,1,2
0.21562888,3,pca_sar,1,2
0.08742365,3,pca_sar,1,2
0.2284699,3,pca_sar,1,2
0.27258232,3,pca_sar,1,2
0.1888441,3,pca_sar,1,2
0.14914274,3,pca_sar,1,2
0.11351953,3,pca_sar,1,2
0.22834815,3,pca_sar,1,2
0.05226902,3,pca_sar,1,2
0.09397866,3,pca_sar,1,2
0.19944856,3,pca_sar,1,2
0.23580897,3,pca_sar,1,2
0.21872914,3,pca_sar,1,2
0.16136509,3,pca_sar,1,2
0.2475411,3,pca_sar,1,2
0.057696197,3,pca_sar,1,2
0.05533991,3,pca_sar,1,2
0.17030013,3,pca_sar,1,2
0.25082594,3,pca_sar,1,2
0.28126767,3,pca_sar,1,2
0.19286954,3,pca_sar,1,2
0.14822832,3,pca_sar,1,2
0.26283124,3,pca_sar,1,2
0.07290453,3,pca_sar,1,2
0.078939766,3,pca_sar,1,2
0.17700136,3,pca_sar,1,2
0.2434063,3,pca_sar,1,2
0.24606425,3,pca_sar,1,2
0.15781555,3,pca_sar,1,2
0.12276761,3,pca_sar,1,2
0.09120682,3,pca_sar,1,2
0.22946757,3,pca_sar,1,2
0.06843894,3,pca_sar,1,2
0.033807866,3,pca_sar,1,2
0.14801267,3,pca_sar,1,2
0.17330661,3,pca_sar,1,2
0.12860253,3,pca_sar,1,2
0.07476105,3,pca_sar,1,2
0.13208419,3,pca_sar,1,2
0.21865052,3,pca_sar,1,2
0.15165876,3,pca_sar,1,2
0.005083937,3,pca_sar,1,2
0.13297403,3,pca_sar,1,2
0.21280041,3,pca_sar,1,2
0.26162228,3,pca_sar,1,2
0.21030062,3,pca_sar,1,2
0.15937029,3,pca_sar,1,2
0.33192194,3,pca_sar,1,2
0.40880814,3,pca_sar,1,2
0.077324435,3,pca_sar,1,2
0.016604867,3,pca_sar,1,2
0.2111335,3,pca_sar,1,2
0.2751959,3,pca_sar,1,2
0.28062698,3,pca_sar,1,2
0.19401062,3,pca_sar,1,2
0.21609233,3,pca_sar,1,2
0.3684281,3,pca_sar,1,2
0.3423022,3,pca_sar,1,2
0.1181011,3,pca_sar,1,2
0.08032942,3,pca_sar,1,2
0.3538679,3,pca_sar,1,2
0.37286872,3,pca_sar,1,2
0.1983774,3,pca_sar,1,2
0.0695936,3,pca_sar,1,2
0.05187851,3,pca_sar,1,2
0.18931885,3,pca_sar,1,2
0.2171256,3,pca_sar,1,2
0.40249655,3,pca_sar,1,2
0.33505648,3,pca_sar,1,2
0.093344495,3,pca_sar,1,2
0.011944793,3,pca_sar,1,2
0.0123924725,3,pca_sar,1,2
0.36522418,3,pca_sar,1,2
0.34476456,3,pca_sar,1,2
0.40957573,3,pca_sar,1,2
0.24504685,3,pca_sar,1,2
0.35249296,3,pca_sar,1,2
0.25889698,3,pca_sar,1,2
0.30656606,3,pca_sar,1,2
0.15047038,3,pca_sar,1,2
0.63227916,1,pca_sar,1,2
0.60826796,1,pca_sar,1,2
0.4764215,1,pca_sar,1,2
0.5675227,1,pca_sar,1,2
0.5005355,1,pca_sar,1,2
0.57161355,1,pca_sar,1,2
0.5008343,1,pca_sar,1,2
0.4364553,1,pca_sar,1,2
0.5384182,1,pca_sar,1,2
0.50474787,1,pca_sar,1,2
0.46471882,1,pca_sar,1,2
0.41329253,1,pca_sar,1,2
0.5358354,1,pca_sar,1,2
0.46279782,1,pca_sar,1,2
0.46563816,1,pca_sar,1,2
0.46209338,1,pca_sar,1,2
0.5579245,1,pca_sar,1,2
0.5227785,1,pca_sar,1,2
0.53289986,1,pca_sar,1,2
0.4931888,1,pca_sar,1,2
0.5452498,1,pca_sar,1,2
0.5295086,1,pca_sar,1,2
0.58119416,1,pca_sar,1,2
0.59962416,1,pca_sar,1,2
0.5071963,1,pca_sar,1,2
0.5519724,1,pca_sar,1,2
0.5353638,1,pca_sar,1,2
0.5281184,1,pca_sar,1,2
0.5385008,1,pca_sar,1,2
0.4604656,1,pca_sar,1,2
0.5602878,1,pca_sar,1,2
0.60282815,1,pca_sar,1,2
0.588045,1,pca_sar,1,2
0.45843837,1,pca_sar,1,2
0.45676926,1,pca_sar,1,2
0.4629668,1,pca_sar,1,2
0.44838846,1,pca_sar,1,2
0.4024942,1,pca_sar,1,2
0.41499504,1,pca_sar,1,2
0.46283412,1,pca_sar,1,2
0.47432822,1,pca_sar,1,2
0.43685314,1,pca_sar,1,2
0.42555195,1,pca_sar,1,2
0.46362662,1,pca_sar,1,2
0.4614463,1,pca_sar,1,2
0.43662244,1,pca_sar,1,2
0.45897177,1,pca_sar,1,2
0.49504167,1,pca_sar,1,2
0.45007044,1,pca_sar,1,2
0.41310823,1,pca_sar,1,2
0.4561103,1,pca_sar,1,2
0.47154772,1,pca_sar,1,2
0.45586,1,pca_sar,1,2
0.44000858,1,pca_sar,1,2
0.40481696,1,pca_sar,1,2
0.4639389,1,pca_sar,1,2
0.47288597,1,pca_sar,1,2
0.4537238,1,pca_sar,1,2
0.49296317,1,pca_sar,1,2
0.5379578,1,pca_sar,1,2
0.55006206,1,pca_sar,1,2
0.52375776,1,pca_sar,1,2
0.40814197,1,pca_sar,1,2
0.3879633,1,pca_sar,1,2
0.40275723,1,pca_sar,1,2
0.41348246,1,pca_sar,1,2
0.43867192,1,pca_sar,1,2
0.42029083,1,pca_sar,1,2
0.44194221,1,pca_sar,1,2
0.52271974,1,pca_sar,1,2
0.5756092,1,pca_sar,1,2
0.5842745,1,pca_sar,1,2
0.5590263,1,pca_sar,1,2
0.41544718,1,pca_sar,1,2
0.40076452,1,pca_sar,1,2
0.41351795,1,pca_sar,1,2
0.42998743,1,pca_sar,1,2
0.4218862,1,pca_sar,1,2
0.43695927,1,pca_sar,1,2
0.40388942,1,pca_sar,1,2
0.49182522,1,pca_sar,1,2
0.4286837,1,pca_sar,1,2
0.4395525,1,pca_sar,1,2
0.47086158,1,pca_sar,1,2
0.45609546,1,pca_sar,1,2
0.39750844,1,pca_sar,1,2
0.4327374,1,pca_sar,1,2
0.45003915,1,pca_sar,1,2
0.4205892,1,pca_sar,1,2
0.426783,1,pca_sar,1,2
0.3701802,1,pca_sar,1,2
0.4661802,1,pca_sar,1,2
0.40086055,1,pca_sar,1,2
0.38069946,1,pca_sar,1,2
0.43993866,1,pca_sar,1,2
0.45950234,1,pca_sar,1,2
0.42788887,1,pca_sar,1,2
0.39956996,1,pca_sar,1,2
0.40188217,1,pca_sar,1,2
0.41997138,1,pca_sar,1,2
0.42787576,1,pca_sar,1,2
0.4118517,1,pca_sar,1,2
0.48376012,1,pca_sar,1,2
0.39865762,1,pca_sar,1,2
0.39479318,1,pca_sar,1,2
0.47889382,1,pca_sar,1,2
0.42225027,1,pca_sar,1,2
0.46017408,1,pca_sar,1,2
0.42813963,1,pca_sar,1,2
0.4187863,1,pca_sar,1,2
0.45214325,1,pca_sar,1,2
0.45625174,1,pca_sar,1,2
0.45227998,1,pca_sar,1,2
0.46466944,1,pca_sar,1,2
0.4104587,1,pca_sar,1,2
0.5261115,1,pca_sar,1,2
0.56854844,1,pca_sar,1,2
0.5687032,1,pca_sar,1,2
0.49376664,1,pca_sar,1,2
0.4600029,1,pca_sar,1,2
0.52471703,1,pca_sar,1,2
0.51224226,1,pca_sar,1,2
0.52061546,1,pca_sar,1,2
0.52043676,1,pca_sar,1,2
0.50793844,1,pca_sar,1,2
0.5124235,1,pca_sar,1,2
0.38735163,1,pca_sar,1,2
0.35325545,1,pca_sar,1,2
0.44124663,1,pca_sar,1,2
0.50107837,1,pca_sar,1,2
0.38050574,1,pca_sar,1,2
0.35517928,1,pca_sar,1,2
0.45355076,1,pca_sar,1,2
0.41972077,1,pca_sar,1,2
0.5055232,1,pca_sar,1,2
0.41635206,1,pca_sar,1,2
0.36387897,1,pca_sar,1,2
0.39389992,1,pca_sar,1,2
0.36573398,1,pca_sar,1,2
0.51252115,1,pca_sar,1,2
0.42350042,1,pca_sar,1,2
0.37328184,1,pca_sar,1,2
0.41508406,1,pca_sar,1,2
0.37329078,1,pca_sar,1,2
0.34747934,1,pca_sar,1,2
0.5123768,1,pca_sar,1,2
0.37471393,1,pca_sar,1,2
0.3521658,1,pca_sar,1,2
0.4264235,1,pca_sar,1,2
0.40061098,1,pca_sar,1,2
0.41040668,1,pca_sar,1,2
0.3939405,1,pca_sar,1,2
0.5133358,1,pca_sar,1,2
0.41497636,1,pca_sar,1,2
0.36662084,1,pca_sar,1,2
0.4131874,1,pca_sar,1,2
0.43437117,1,pca_sar,1,2
0.3835567,1,pca_sar,1,2
0.4034158,1,pca_sar,1,2
0.5233617,1,pca_sar,1,2
0.4658184,1,pca_sar,1,2
0.37856522,1,pca_sar,1,2
0.42987555,1,pca_sar,1,2
0.47989386,1,pca_sar,1,2
0.41576263,1,pca_sar,1,2
0.4847758,1,pca_sar,1,2
0.4048035,1,pca_sar,1,2
0.38485363,1,pca_sar,1,2
0.38969296,1,pca_sar,1,2
0.39001417,1,pca_sar,1,2
0.37872028,1,pca_sar,1,2
0.49955317,1,pca_sar,1,2
0.4163531,1,pca_sar,1,2
0.3412016,1,pca_sar,1,2
0.37624905,1,pca_sar,1,2
0.42069378,1,pca_sar,1,2
0.48922366,1,pca_sar,1,2
0.40709037,1,pca_sar,1,2
0.36870754,1,pca_sar,1,2
0.42649615,1,pca_sar,1,2
0.4794643,1,pca_sar,1,2
0.4010799,1,pca_sar,1,2
0.31849098,1,pca_sar,1,2
0.36424923,1,pca_sar,1,2
0.48593432,1,pca_sar,1,2
0.45823753,1,pca_sar,1,2
0.44073114,1,pca_sar,1,2
0.44724324,1,pca_sar,1,2
0.43497777,1,pca_sar,1,2
0.379862,1,pca_sar,1,2
0.31657165,1,pca_sar,1,2
0.1093632,1,pca_sar,1,2
0.034537558,1,pca_sar,1,2
0.31994528,1,pca_sar,1,2
0.27882868,1,pca_sar,1,2
0.29171574,1,pca_sar,1,2
0.26726362,1,pca_sar,1,2
0.2887758,1,pca_sar,1,2
0.29364038,1,pca_sar,1,2
0.28529137,1,pca_sar,1,2
0.21137625,1,pca_sar,1,2
0.065764606,1,pca_sar,1,2
0.34444302,1,pca_sar,1,2
0.34163088,1,pca_sar,1,2
0.33320168,1,pca_sar,1,2
0.30043453,1,pca_sar,1,2
0.35177946,1,pca_sar,1,2
0.3297457,1,pca_sar,1,2
0.32860756,1,pca_sar,1,2
0.28278762,1,pca_sar,1,2
0.1774153,1,pca_sar,1,2
0.09264065,1,pca_sar,1,2
0.028425395,1,pca_sar,1,2
-0.01344195,1,pca_sar,1,2
-0.006961569,1,pca_sar,1,2
0.34586647,1,pca_sar,1,2
0.39208162,1,pca_sar,1,2
0.43031725,1,pca_sar,1,2
0.35573807,1,pca_sar,1,2
0.37398073,1,pca_sar,1,2
0.31821635,1,pca_sar,1,2
0.3723403,1,pca_sar,1,2
0.34609434,1,pca_sar,1,2
0.2744474,1,pca_sar,1,2
0.06069749,1,pca_sar,1,2
0.021104861,1,pca_sar,1,2
0.4066338,1,pca_sar,1,2
0.4595246,1,pca_sar,1,2
0.4797208,1,pca_sar,1,2
0.22662947,1,pca_sar,1,2
0.2201672,1,pca_sar,1,2
0.40539518,1,pca_sar,1,2
0.44547683,1,pca_sar,1,2
0.45274448,1,pca_sar,1,2
0.2676106,1,pca_sar,1,2
0.25258034,1,pca_sar,1,2
0.43003488,1,pca_sar,1,2
0.4625257,1,pca_sar,1,2
0.4780746,1,pca_sar,1,2
0.5107174,1,pca_sar,1,2
0.5002974,1,pca_sar,1,2
0.36987442,1,pca_sar,1,2
0.26293263,1,pca_sar,1,2
0.050173026,1,pca_sar,1,2
-0.008600041,1,pca_sar,1,2
0.34592366,1,pca_sar,1,2
0.43203884,1,pca_sar,1,2
0.45885497,1,pca_sar,1,2
0.36431983,1,pca_sar,1,2
0.3586033,1,pca_sar,1,2
0.25887764,1,pca_sar,1,2
0.19336393,1,pca_sar,1,2
0.06790827,1,pca_sar,1,2
0.039049357,1,pca_sar,1,2
0.33771795,1,pca_sar,1,2
0.2744624,1,pca_sar,1,2
0.27955002,1,pca_sar,1,2
0.27634713,1,pca_sar,1,2
0.27134305,1,pca_sar,1,2
0.26266605,1,pca_sar,1,2
0.25171214,1,pca_sar,1,2
0.2610664,1,pca_sar,1,2
0.19731778,1,pca_sar,1,2
0.13787141,1,pca_sar,1,2
0.13613723,1,pca_sar,1,2
0.0738924,1,pca_sar,1,2
0.015116528,1,pca_sar,1,2
0.39747864,1,pca_sar,1,2
0.3274408,1,pca_sar,1,2
0.31461787,1,pca_sar,1,2
0.33257848,1,pca_sar,1,2
0.32450622,1,pca_sar,1,2
0.3322243,1,pca_sar,1,2
0.26420406,1,pca_sar,1,2
0.2604429,1,pca_sar,1,2
0.23888892,1,pca_sar,1,2
0.072983555,1,pca_sar,1,2
0.027596183,1,pca_sar,1,2
0.3434534,1,pca_sar,1,2
0.332204,1,pca_sar,1,2
0.3020604,1,pca_sar,1,2
0.30468345,1,pca_sar,1,2
0.24114631,1,pca_sar,1,2
0.3247875,1,pca_sar,1,2
0.30299062,1,pca_sar,1,2
0.31263992,1,pca_sar,1,2
0.31145805,1,pca_sar,1,2
0.26546332,1,pca_sar,1,2
0.34322762,1,pca_sar,1,2
0.32016712,1,pca_sar,1,2
0.3680878,1,pca_sar,1,2
0.33409125,1,pca_sar,1,2
0.34386885,1,pca_sar,1,2
0.43173087,1,pca_sar,1,2
0.3558338,1,pca_sar,1,2
0.29466897,1,pca_sar,1,2
0.35214585,1,pca_sar,1,2
0.33016145,1,pca_sar,1,2
0.24610847,1,pca_sar,1,2
0.27917084,1,pca_sar,1,2
0.27744532,1,pca_sar,1,2
0.24933007,1,pca_sar,1,2
0.26592106,1,pca_sar,1,2
0.29973924,1,pca_sar,1,2
0.30661476,1,pca_sar,1,2
0.3010428,1,pca_sar,1,2
0.28406477,1,pca_sar,1,2
0.27702266,1,pca_sar,1,2
0.2877375,1,pca_sar,1,2
0.2320741,1,pca_sar,1,2
0.25067997,1,pca_sar,1,2
0.26719525,1,pca_sar,1,2
0.13647431,1,pca_sar,1,2
0.12773049,1,pca_sar,1,2
0.16416958,1,pca_sar,1,2
0.23956066,1,pca_sar,1,2
0.23583782,1,pca_sar,1,2
0.12500022,1,pca_sar,1,2
0.21998197,1,pca_sar,1,2
0.25746772,1,pca_sar,1,2
0.15120819,1,pca_sar,1,2
0.31210238,1,pca_sar,1,2
0.29685974,1,pca_sar,1,2
0.19954897,1,pca_sar,1,2
0.3226905,1,pca_sar,1,2
0.29262096,1,pca_sar,1,2
0.25533837,1,pca_sar,1,2
0.3715232,1,pca_sar,1,2
0.2698807,1,pca_sar,1,2
0.23123063,1,pca_sar,1,2
0.34473723,1,pca_sar,1,2
0.157619,1,pca_sar,1,2
0.21121842,1,pca_sar,1,2
0.29441935,1,pca_sar,1,2
0.24227682,1,pca_sar,1,2
0.2136411,1,pca_sar,1,2
0.27091032,1,pca_sar,1,2
0.28510427,1,pca_sar,1,2
0.2786281,1,pca_sar,1,2
0.19119614,1,pca_sar,1,2
0.123145305,1,pca_sar,1,2
0.14834395,1,pca_sar,1,2
0.30934832,1,pca_sar,1,2
0.39469087,1,pca_sar,1,2
0.37015113,1,pca_sar,1,2
0.3052683,1,pca_sar,1,2
0.28075397,1,pca_sar,1,2
0.25808588,1,pca_sar,1,2
0.24459338,1,pca_sar,1,2
0.30337697,1,pca_sar,1,2
0.25974536,1,pca_sar,1,2
0.20724499,1,pca_sar,1,2
0.2757385,1,pca_sar,1,2
0.23076211,1,pca_sar,1,2
0.24312082,1,pca_sar,1,2
0.1616377,1,pca_sar,1,2
0.19405562,1,pca_sar,1,2
0.27994913,1,pca_sar,1,2
0.18082346,1,pca_sar,1,2
0.24906322,1,pca_sar,1,2
0.2201098,1,pca_sar,1,2
0.18909918,1,pca_sar,1,2
0.20843405,1,pca_sar,1,2
0.22690456,1,pca_sar,1,2
0.19500023,1,pca_sar,1,2
0.13730763,1,pca_sar,1,2
0.058352794,1,pca_sar,1,2
0.04340928,1,pca_sar,1,2
0.08560319,1,pca_sar,1,2
0.23189002,1,pca_sar,1,2
0.31637502,1,pca_sar,1,2
0.3645878,1,pca_sar,1,2
0.29570055,1,pca_sar,1,2
0.333565,1,pca_sar,1,2
0.29767847,1,pca_sar,1,2
0.2815097,1,pca_sar,1,2
0.2793185,1,pca_sar,1,2
0.277141,1,pca_sar,1,2
0.29104102,1,pca_sar,1,2
0.29227883,1,pca_sar,1,2
0.29209507,1,pca_sar,1,2
0.2990008,1,pca_sar,1,2
0.23853976,1,pca_sar,1,2
0.19322461,1,pca_sar,1,2
0.27960032,1,pca_sar,1,2
0.21733417,1,pca_sar,1,2
0.1537019,1,pca_sar,1,2
0.2752651,1,pca_sar,1,2
0.2110624,1,pca_sar,1,2
0.17955935,1,pca_sar,1,2
0.2622537,1,pca_sar,1,2
0.18629488,1,pca_sar,1,2
0.19756432,1,pca_sar,1,2
0.14888358,1,pca_sar,1,2
0.09446642,1,pca_sar,1,2
0.1221193,1,pca_sar,1,2
