Cosine Similarity,Class,Modality Pair,i,j
0.8074927,6,rgb_pca,0,1
0.80242044,6,rgb_pca,0,1
0.8081659,6,rgb_pca,0,1
0.8453616,6,rgb_pca,0,1
0.8727761,6,rgb_pca,0,1
0.7208438,6,rgb_pca,0,1
0.72145367,6,rgb_pca,0,1
0.74111086,6,rgb_pca,0,1
0.73854005,6,rgb_pca,0,1
0.7837182,6,rgb_pca,0,1
0.7688791,6,rgb_pca,0,1
0.7654529,6,rgb_pca,0,1
0.7612618,6,rgb_pca,0,1
0.73738575,6,rgb_pca,0,1
0.74353397,6,rgb_pca,0,1
0.7924245,6,rgb_pca,0,1
0.8134149,6,rgb_pca,0,1
0.8165721,6,rgb_pca,0,1
0.79503405,6,rgb_pca,0,1
0.7624836,6,rgb_pca,0,1
0.7734425,6,rgb_pca,0,1
0.80200255,6,rgb_pca,0,1
0.7693409,6,rgb_pca,0,1
0.7761971,6,rgb_pca,0,1
0.7698554,6,rgb_pca,0,1
0.77442,6,rgb_pca,0,1
0.78079635,6,rgb_pca,0,1
0.80412805,6,rgb_pca,0,1
0.79711115,6,rgb_pca,0,1
0.80292225,6,rgb_pca,0,1
0.8089484,6,rgb_pca,0,1
0.8077057,6,rgb_pca,0,1
0.7894411,6,rgb_pca,0,1
0.76102805,6,rgb_pca,0,1
0.7834262,6,rgb_pca,0,1
0.81822646,6,rgb_pca,0,1
0.81125075,6,rgb_pca,0,1
0.8110086,6,rgb_pca,0,1
0.7958708,6,rgb_pca,0,1
0.7711965,6,rgb_pca,0,1
0.7883197,6,rgb_pca,0,1
0.80277365,6,rgb_pca,0,1
0.797705,6,rgb_pca,0,1
0.81800866,6,rgb_pca,0,1
0.81433344,6,rgb_pca,0,1
0.7875813,6,rgb_pca,0,1
0.8071383,6,rgb_pca,0,1
0.8288654,6,rgb_pca,0,1
0.83983254,6,rgb_pca,0,1
0.850971,6,rgb_pca,0,1
0.84097123,6,rgb_pca,0,1
0.81770927,6,rgb_pca,0,1
0.8325323,6,rgb_pca,0,1
0.8085926,6,rgb_pca,0,1
0.8337659,6,rgb_pca,0,1
0.81131655,6,rgb_pca,0,1
0.78063464,6,rgb_pca,0,1
0.80574214,6,rgb_pca,0,1
0.7491846,6,rgb_pca,0,1
0.75956553,6,rgb_pca,0,1
0.7937649,6,rgb_pca,0,1
0.78231794,6,rgb_pca,0,1
0.7474767,6,rgb_pca,0,1
0.78849906,6,rgb_pca,0,1
0.75723326,6,rgb_pca,0,1
0.8065152,6,rgb_pca,0,1
0.8113505,6,rgb_pca,0,1
0.7764436,6,rgb_pca,0,1
0.80617213,6,rgb_pca,0,1
0.7633485,6,rgb_pca,0,1
0.79801095,6,rgb_pca,0,1
0.78744376,6,rgb_pca,0,1
0.74236685,6,rgb_pca,0,1
0.79945064,6,rgb_pca,0,1
0.7394392,2,rgb_pca,0,1
0.74259454,2,rgb_pca,0,1
0.75476426,2,rgb_pca,0,1
0.77460563,2,rgb_pca,0,1
0.79516286,2,rgb_pca,0,1
0.78672767,2,rgb_pca,0,1
0.81480795,2,rgb_pca,0,1
0.7895017,2,rgb_pca,0,1
0.80166674,2,rgb_pca,0,1
0.77371603,2,rgb_pca,0,1
0.7196196,2,rgb_pca,0,1
0.70032626,2,rgb_pca,0,1
0.83334744,2,rgb_pca,0,1
0.79938716,2,rgb_pca,0,1
0.750455,2,rgb_pca,0,1
0.7474152,2,rgb_pca,0,1
0.7636044,2,rgb_pca,0,1
0.7245017,2,rgb_pca,0,1
0.6163138,2,rgb_pca,0,1
0.66477567,2,rgb_pca,0,1
0.7426945,2,rgb_pca,0,1
0.7738913,2,rgb_pca,0,1
0.7274413,2,rgb_pca,0,1
0.6138264,2,rgb_pca,0,1
0.642894,2,rgb_pca,0,1
0.7258544,2,rgb_pca,0,1
0.75798064,2,rgb_pca,0,1
0.8360971,6,rgb_pca,0,1
0.84677005,6,rgb_pca,0,1
0.84867936,6,rgb_pca,0,1
0.8598452,6,rgb_pca,0,1
0.8652047,6,rgb_pca,0,1
0.856895,6,rgb_pca,0,1
0.8460816,6,rgb_pca,0,1
0.7598475,6,rgb_pca,0,1
0.7695303,6,rgb_pca,0,1
0.75776756,6,rgb_pca,0,1
0.769695,6,rgb_pca,0,1
0.76741767,6,rgb_pca,0,1
0.76431215,6,rgb_pca,0,1
0.7699172,6,rgb_pca,0,1
0.7732295,6,rgb_pca,0,1
0.79055303,6,rgb_pca,0,1
0.7920554,6,rgb_pca,0,1
0.8002633,6,rgb_pca,0,1
0.798465,6,rgb_pca,0,1
0.7975691,6,rgb_pca,0,1
0.7820148,6,rgb_pca,0,1
0.79421175,6,rgb_pca,0,1
0.8225087,6,rgb_pca,0,1
0.8193517,6,rgb_pca,0,1
0.7917575,6,rgb_pca,0,1
0.80775285,6,rgb_pca,0,1
0.78807116,6,rgb_pca,0,1
0.74663734,6,rgb_pca,0,1
0.81477857,6,rgb_pca,0,1
0.8009558,6,rgb_pca,0,1
0.7856978,6,rgb_pca,0,1
0.77893674,6,rgb_pca,0,1
0.77792567,6,rgb_pca,0,1
0.7660589,6,rgb_pca,0,1
0.7497178,6,rgb_pca,0,1
0.7670851,6,rgb_pca,0,1
0.80859435,6,rgb_pca,0,1
0.80818796,6,rgb_pca,0,1
0.80050087,6,rgb_pca,0,1
0.80742604,6,rgb_pca,0,1
0.8047446,6,rgb_pca,0,1
0.8010607,6,rgb_pca,0,1
0.78691995,6,rgb_pca,0,1
0.75860786,6,rgb_pca,0,1
0.7653115,6,rgb_pca,0,1
0.8190711,6,rgb_pca,0,1
0.8241062,6,rgb_pca,0,1
0.80667764,6,rgb_pca,0,1
0.811315,6,rgb_pca,0,1
0.80262655,6,rgb_pca,0,1
0.78373015,6,rgb_pca,0,1
0.74927723,6,rgb_pca,0,1
0.77304345,6,rgb_pca,0,1
0.7553766,6,rgb_pca,0,1
0.8110011,6,rgb_pca,0,1
0.8156344,6,rgb_pca,0,1
0.81155634,6,rgb_pca,0,1
0.8074451,6,rgb_pca,0,1
0.80074984,6,rgb_pca,0,1
0.7714087,6,rgb_pca,0,1
0.72523326,6,rgb_pca,0,1
0.75041753,6,rgb_pca,0,1
0.78504133,6,rgb_pca,0,1
0.82906926,6,rgb_pca,0,1
0.8285557,6,rgb_pca,0,1
0.83456224,6,rgb_pca,0,1
0.81895363,6,rgb_pca,0,1
0.8187113,6,rgb_pca,0,1
0.79581225,6,rgb_pca,0,1
0.7474527,6,rgb_pca,0,1
0.7781617,6,rgb_pca,0,1
0.77913153,6,rgb_pca,0,1
0.80085415,6,rgb_pca,0,1
0.7967971,6,rgb_pca,0,1
0.813245,6,rgb_pca,0,1
0.7954158,6,rgb_pca,0,1
0.76445603,6,rgb_pca,0,1
0.6811574,6,rgb_pca,0,1
0.69141895,6,rgb_pca,0,1
0.7402666,6,rgb_pca,0,1
0.74874234,6,rgb_pca,0,1
0.80435026,6,rgb_pca,0,1
0.81159174,6,rgb_pca,0,1
0.7982979,6,rgb_pca,0,1
0.78131014,6,rgb_pca,0,1
0.7645949,6,rgb_pca,0,1
0.71497494,6,rgb_pca,0,1
0.6512543,6,rgb_pca,0,1
0.67685705,6,rgb_pca,0,1
0.7231865,6,rgb_pca,0,1
0.74683714,6,rgb_pca,0,1
0.75977635,6,rgb_pca,0,1
0.73234904,6,rgb_pca,0,1
0.7234752,6,rgb_pca,0,1
0.7475091,6,rgb_pca,0,1
0.7272404,6,rgb_pca,0,1
0.73114514,6,rgb_pca,0,1
0.7372719,6,rgb_pca,0,1
0.72921926,6,rgb_pca,0,1
0.7401842,6,rgb_pca,0,1
0.6949411,6,rgb_pca,0,1
0.7123196,6,rgb_pca,0,1
0.7084133,6,rgb_pca,0,1
0.74735713,6,rgb_pca,0,1
0.7347188,6,rgb_pca,0,1
0.7341751,6,rgb_pca,0,1
0.7315247,6,rgb_pca,0,1
0.7128071,6,rgb_pca,0,1
0.7374015,6,rgb_pca,0,1
0.7436114,2,rgb_pca,0,1
0.76643276,2,rgb_pca,0,1
0.72707194,2,rgb_pca,0,1
0.7282146,2,rgb_pca,0,1
0.7194959,2,rgb_pca,0,1
0.70816946,2,rgb_pca,0,1
0.7432806,2,rgb_pca,0,1
0.77955484,2,rgb_pca,0,1
0.71479195,2,rgb_pca,0,1
0.7151163,2,rgb_pca,0,1
0.73338413,2,rgb_pca,0,1
0.7416613,2,rgb_pca,0,1
0.7845882,2,rgb_pca,0,1
0.79190123,2,rgb_pca,0,1
0.7903416,2,rgb_pca,0,1
0.8086405,2,rgb_pca,0,1
0.73006016,2,rgb_pca,0,1
0.7155342,2,rgb_pca,0,1
0.67830473,2,rgb_pca,0,1
0.65989804,2,rgb_pca,0,1
0.7315862,2,rgb_pca,0,1
0.7645176,2,rgb_pca,0,1
0.66657966,2,rgb_pca,0,1
0.58440995,2,rgb_pca,0,1
0.5791778,2,rgb_pca,0,1
0.6848278,2,rgb_pca,0,1
0.7392403,2,rgb_pca,0,1
0.867018,6,rgb_pca,0,1
0.8509729,6,rgb_pca,0,1
0.84362185,6,rgb_pca,0,1
0.77303624,6,rgb_pca,0,1
0.82399315,6,rgb_pca,0,1
0.8033478,6,rgb_pca,0,1
0.7898642,6,rgb_pca,0,1
0.73634875,6,rgb_pca,0,1
0.7917503,6,rgb_pca,0,1
0.711143,6,rgb_pca,0,1
0.7867759,6,rgb_pca,0,1
0.70883024,6,rgb_pca,0,1
0.7007373,6,rgb_pca,0,1
0.80657923,6,rgb_pca,0,1
0.75202847,6,rgb_pca,0,1
0.67470026,6,rgb_pca,0,1
0.82996464,6,rgb_pca,0,1
0.7837293,6,rgb_pca,0,1
0.7462232,6,rgb_pca,0,1
0.7893728,6,rgb_pca,0,1
0.75695723,6,rgb_pca,0,1
0.7493503,6,rgb_pca,0,1
0.7620636,6,rgb_pca,0,1
0.7865581,6,rgb_pca,0,1
0.7727262,6,rgb_pca,0,1
0.7558278,6,rgb_pca,0,1
0.7474503,6,rgb_pca,0,1
0.80723417,6,rgb_pca,0,1
0.76885676,6,rgb_pca,0,1
0.7332303,6,rgb_pca,0,1
0.72786397,6,rgb_pca,0,1
0.8063605,6,rgb_pca,0,1
0.76957357,6,rgb_pca,0,1
0.6847115,6,rgb_pca,0,1
0.7150053,6,rgb_pca,0,1
0.8019656,2,rgb_pca,0,1
0.811075,2,rgb_pca,0,1
0.78076684,2,rgb_pca,0,1
0.79970765,2,rgb_pca,0,1
0.7831054,2,rgb_pca,0,1
0.79118776,2,rgb_pca,0,1
0.7819524,2,rgb_pca,0,1
0.8057045,2,rgb_pca,0,1
0.76859045,2,rgb_pca,0,1
0.76630944,2,rgb_pca,0,1
0.7300567,2,rgb_pca,0,1
0.7591154,2,rgb_pca,0,1
0.810653,2,rgb_pca,0,1
0.7911526,2,rgb_pca,0,1
0.75226474,2,rgb_pca,0,1
0.7799612,2,rgb_pca,0,1
0.79727805,2,rgb_pca,0,1
0.76389134,2,rgb_pca,0,1
0.6784285,2,rgb_pca,0,1
0.6762495,2,rgb_pca,0,1
0.7418189,2,rgb_pca,0,1
0.78622866,2,rgb_pca,0,1
0.74574316,2,rgb_pca,0,1
0.68439746,2,rgb_pca,0,1
0.65904033,2,rgb_pca,0,1
0.7562407,2,rgb_pca,0,1
0.82307565,2,rgb_pca,0,1
0.70525527,2,rgb_pca,0,1
0.7153398,2,rgb_pca,0,1
0.74192715,2,rgb_pca,0,1
0.7644224,2,rgb_pca,0,1
0.7603554,2,rgb_pca,0,1
0.7947712,2,rgb_pca,0,1
0.80734164,2,rgb_pca,0,1
0.77307355,2,rgb_pca,0,1
0.6895206,2,rgb_pca,0,1
0.7100233,2,rgb_pca,0,1
0.7385198,2,rgb_pca,0,1
0.7292647,2,rgb_pca,0,1
0.69830036,2,rgb_pca,0,1
0.70026624,2,rgb_pca,0,1
0.7313979,2,rgb_pca,0,1
0.7489841,2,rgb_pca,0,1
0.66874075,2,rgb_pca,0,1
0.6580689,2,rgb_pca,0,1
0.5707535,2,rgb_pca,0,1
0.5548475,2,rgb_pca,0,1
0.6858705,2,rgb_pca,0,1
0.6991253,2,rgb_pca,0,1
0.6764407,2,rgb_pca,0,1
0.5674803,2,rgb_pca,0,1
0.53851473,2,rgb_pca,0,1
0.70786536,2,rgb_pca,0,1
0.7113142,2,rgb_pca,0,1
0.7913084,2,rgb_pca,0,1
0.7849361,2,rgb_pca,0,1
0.7903266,2,rgb_pca,0,1
0.69786716,2,rgb_pca,0,1
0.7843574,2,rgb_pca,0,1
0.7401735,2,rgb_pca,0,1
0.8014406,2,rgb_pca,0,1
0.7712721,2,rgb_pca,0,1
0.7797971,2,rgb_pca,0,1
0.7935978,2,rgb_pca,0,1
0.77202094,2,rgb_pca,0,1
0.77146876,2,rgb_pca,0,1
0.76045316,2,rgb_pca,0,1
0.8042157,2,rgb_pca,0,1
0.8158527,2,rgb_pca,0,1
0.7414738,2,rgb_pca,0,1
0.74528813,2,rgb_pca,0,1
0.7590794,2,rgb_pca,0,1
0.748325,2,rgb_pca,0,1
0.72601825,2,rgb_pca,0,1
0.73012626,2,rgb_pca,0,1
0.7290077,2,rgb_pca,0,1
0.78281367,2,rgb_pca,0,1
0.7526097,2,rgb_pca,0,1
0.7368661,2,rgb_pca,0,1
0.7556306,2,rgb_pca,0,1
0.7518562,2,rgb_pca,0,1
0.78050876,2,rgb_pca,0,1
0.75375503,2,rgb_pca,0,1
0.7380837,2,rgb_pca,0,1
0.74770755,2,rgb_pca,0,1
0.74898475,2,rgb_pca,0,1
0.78787464,2,rgb_pca,0,1
0.79233104,2,rgb_pca,0,1
0.7757722,2,rgb_pca,0,1
0.7794841,2,rgb_pca,0,1
0.7596226,2,rgb_pca,0,1
0.7475966,2,rgb_pca,0,1
0.7371072,2,rgb_pca,0,1
0.7719671,2,rgb_pca,0,1
0.82397103,2,rgb_pca,0,1
0.7932624,2,rgb_pca,0,1
0.80009675,2,rgb_pca,0,1
0.7980307,2,rgb_pca,0,1
0.77628785,2,rgb_pca,0,1
0.7756557,2,rgb_pca,0,1
0.7828699,2,rgb_pca,0,1
0.7693875,2,rgb_pca,0,1
0.74300885,2,rgb_pca,0,1
0.7906956,2,rgb_pca,0,1
0.80128706,2,rgb_pca,0,1
0.76875937,2,rgb_pca,0,1
0.7579814,2,rgb_pca,0,1
0.78028536,2,rgb_pca,0,1
0.7773012,2,rgb_pca,0,1
0.7616756,2,rgb_pca,0,1
0.7612318,2,rgb_pca,0,1
0.7436028,2,rgb_pca,0,1
0.7605758,2,rgb_pca,0,1
0.7736092,2,rgb_pca,0,1
0.7381941,2,rgb_pca,0,1
0.75133646,2,rgb_pca,0,1
0.76805246,2,rgb_pca,0,1
0.74341804,2,rgb_pca,0,1
0.7451682,2,rgb_pca,0,1
0.72282135,2,rgb_pca,0,1
0.7715584,2,rgb_pca,0,1
0.780802,2,rgb_pca,0,1
0.7515478,2,rgb_pca,0,1
0.77985024,2,rgb_pca,0,1
0.76801336,2,rgb_pca,0,1
0.73384714,2,rgb_pca,0,1
0.7632936,2,rgb_pca,0,1
0.7680109,2,rgb_pca,0,1
0.7674795,2,rgb_pca,0,1
0.76992476,2,rgb_pca,0,1
0.74025327,2,rgb_pca,0,1
0.77605104,2,rgb_pca,0,1
0.7754665,2,rgb_pca,0,1
0.75986266,2,rgb_pca,0,1
0.7639655,2,rgb_pca,0,1
0.7858944,2,rgb_pca,0,1
0.7761057,2,rgb_pca,0,1
0.756071,2,rgb_pca,0,1
0.75148106,2,rgb_pca,0,1
0.780499,2,rgb_pca,0,1
0.74278677,2,rgb_pca,0,1
0.7253098,2,rgb_pca,0,1
0.72697,2,rgb_pca,0,1
0.7206062,2,rgb_pca,0,1
0.732642,2,rgb_pca,0,1
0.708562,2,rgb_pca,0,1
0.72108203,2,rgb_pca,0,1
0.7479831,2,rgb_pca,0,1
0.75981903,2,rgb_pca,0,1
0.7458769,2,rgb_pca,0,1
0.7445545,2,rgb_pca,0,1
0.7249023,2,rgb_pca,0,1
0.75434625,2,rgb_pca,0,1
0.71341276,2,rgb_pca,0,1
0.71234345,2,rgb_pca,0,1
0.69890136,2,rgb_pca,0,1
0.68146265,2,rgb_pca,0,1
0.6935699,2,rgb_pca,0,1
0.6774291,2,rgb_pca,0,1
0.740508,2,rgb_pca,0,1
0.7548807,2,rgb_pca,0,1
0.7707883,2,rgb_pca,0,1
0.77296925,2,rgb_pca,0,1
0.7750461,2,rgb_pca,0,1
0.7710546,2,rgb_pca,0,1
0.78882205,2,rgb_pca,0,1
0.7628651,2,rgb_pca,0,1
0.74586713,2,rgb_pca,0,1
0.7533369,2,rgb_pca,0,1
0.7230149,2,rgb_pca,0,1
0.71039283,2,rgb_pca,0,1
0.7365034,2,rgb_pca,0,1
0.7607324,2,rgb_pca,0,1
0.7449602,2,rgb_pca,0,1
0.76151454,2,rgb_pca,0,1
0.7687491,2,rgb_pca,0,1
0.77216786,2,rgb_pca,0,1
0.7695646,2,rgb_pca,0,1
0.7549055,2,rgb_pca,0,1
0.77595115,2,rgb_pca,0,1
0.78602654,2,rgb_pca,0,1
0.7792029,2,rgb_pca,0,1
0.77156603,2,rgb_pca,0,1
0.7770515,2,rgb_pca,0,1
0.7510263,2,rgb_pca,0,1
0.7294465,2,rgb_pca,0,1
0.74965864,2,rgb_pca,0,1
0.76617646,2,rgb_pca,0,1
0.7651175,2,rgb_pca,0,1
0.7703754,2,rgb_pca,0,1
0.7625778,2,rgb_pca,0,1
0.8086684,2,rgb_pca,0,1
0.7512511,2,rgb_pca,0,1
0.7866888,2,rgb_pca,0,1
0.7758275,2,rgb_pca,0,1
0.7834917,2,rgb_pca,0,1
0.75605565,2,rgb_pca,0,1
0.76353395,2,rgb_pca,0,1
0.7542561,2,rgb_pca,0,1
0.7834868,2,rgb_pca,0,1
0.80424,2,rgb_pca,0,1
0.7685535,2,rgb_pca,0,1
0.7783194,2,rgb_pca,0,1
0.7436441,2,rgb_pca,0,1
0.75580776,2,rgb_pca,0,1
0.76788163,2,rgb_pca,0,1
0.7928644,2,rgb_pca,0,1
0.7987993,2,rgb_pca,0,1
0.77599585,2,rgb_pca,0,1
0.7567667,2,rgb_pca,0,1
0.7675781,2,rgb_pca,0,1
0.79158294,2,rgb_pca,0,1
0.81089675,2,rgb_pca,0,1
0.7879635,2,rgb_pca,0,1
0.7647127,2,rgb_pca,0,1
0.753461,2,rgb_pca,0,1
0.7725107,2,rgb_pca,0,1
0.77050996,2,rgb_pca,0,1
0.7553755,2,rgb_pca,0,1
0.780233,2,rgb_pca,0,1
0.7963761,2,rgb_pca,0,1
0.76622236,2,rgb_pca,0,1
0.76573473,2,rgb_pca,0,1
0.7688495,2,rgb_pca,0,1
0.7668525,2,rgb_pca,0,1
0.76712036,2,rgb_pca,0,1
0.7510438,2,rgb_pca,0,1
0.76654345,2,rgb_pca,0,1
0.7510768,2,rgb_pca,0,1
0.7543279,2,rgb_pca,0,1
0.7788801,2,rgb_pca,0,1
0.75573254,2,rgb_pca,0,1
0.75274175,2,rgb_pca,0,1
0.7522328,2,rgb_pca,0,1
0.742118,2,rgb_pca,0,1
0.74892104,2,rgb_pca,0,1
0.74779296,2,rgb_pca,0,1
0.7598874,2,rgb_pca,0,1
0.77215326,2,rgb_pca,0,1
0.76527834,2,rgb_pca,0,1
0.7482386,2,rgb_pca,0,1
0.75356525,2,rgb_pca,0,1
0.78994715,2,rgb_pca,0,1
0.7565439,2,rgb_pca,0,1
0.77475905,2,rgb_pca,0,1
0.8087951,2,rgb_pca,0,1
0.7776339,2,rgb_pca,0,1
0.76060086,2,rgb_pca,0,1
0.7695571,2,rgb_pca,0,1
0.7572794,2,rgb_pca,0,1
0.77293295,2,rgb_pca,0,1
0.8147225,2,rgb_pca,0,1
0.77842367,2,rgb_pca,0,1
0.7638153,2,rgb_pca,0,1
0.78911775,2,rgb_pca,0,1
0.7858284,2,rgb_pca,0,1
0.8177405,2,rgb_pca,0,1
0.7886214,2,rgb_pca,0,1
0.7914586,2,rgb_pca,0,1
0.78163886,2,rgb_pca,0,1
0.7767433,2,rgb_pca,0,1
0.7684972,2,rgb_pca,0,1
0.78117275,2,rgb_pca,0,1
0.76004386,2,rgb_pca,0,1
0.790491,2,rgb_pca,0,1
0.791816,2,rgb_pca,0,1
0.7786752,2,rgb_pca,0,1
0.7840471,2,rgb_pca,0,1
0.7665216,2,rgb_pca,0,1
0.7711532,2,rgb_pca,0,1
0.77784544,2,rgb_pca,0,1
0.7746362,2,rgb_pca,0,1
0.7385677,2,rgb_pca,0,1
0.71566224,2,rgb_pca,0,1
0.7045834,2,rgb_pca,0,1
0.71020293,2,rgb_pca,0,1
0.6917223,2,rgb_pca,0,1
0.75309443,2,rgb_pca,0,1
0.7489486,2,rgb_pca,0,1
0.7369576,2,rgb_pca,0,1
0.7477949,2,rgb_pca,0,1
0.75246197,2,rgb_pca,0,1
0.75797844,2,rgb_pca,0,1
0.74716854,2,rgb_pca,0,1
0.7454016,2,rgb_pca,0,1
0.72393435,2,rgb_pca,0,1
0.69720566,2,rgb_pca,0,1
0.7024044,2,rgb_pca,0,1
0.7053386,2,rgb_pca,0,1
0.68789184,2,rgb_pca,0,1
0.7141341,2,rgb_pca,0,1
0.7157302,2,rgb_pca,0,1
0.71376145,2,rgb_pca,0,1
0.7225256,2,rgb_pca,0,1
0.7304144,2,rgb_pca,0,1
0.7609494,2,rgb_pca,0,1
0.7792705,2,rgb_pca,0,1
0.76408625,2,rgb_pca,0,1
0.73701864,2,rgb_pca,0,1
0.7242011,2,rgb_pca,0,1
0.7496591,2,rgb_pca,0,1
0.75120354,2,rgb_pca,0,1
0.75781226,2,rgb_pca,0,1
0.7409631,2,rgb_pca,0,1
0.7309098,2,rgb_pca,0,1
0.7404647,2,rgb_pca,0,1
0.7332979,2,rgb_pca,0,1
0.7315178,2,rgb_pca,0,1
0.73844945,2,rgb_pca,0,1
0.7370705,2,rgb_pca,0,1
0.74463534,2,rgb_pca,0,1
0.7718529,2,rgb_pca,0,1
0.77204233,2,rgb_pca,0,1
0.75186443,2,rgb_pca,0,1
0.7312702,2,rgb_pca,0,1
0.74345416,2,rgb_pca,0,1
0.75811756,2,rgb_pca,0,1
0.7652471,2,rgb_pca,0,1
0.76028347,2,rgb_pca,0,1
0.7363937,2,rgb_pca,0,1
0.7251689,7,rgb_pca,0,1
0.7217216,7,rgb_pca,0,1
0.7690712,7,rgb_pca,0,1
0.71925116,7,rgb_pca,0,1
0.6526579,7,rgb_pca,0,1
0.68736804,7,rgb_pca,0,1
0.67785835,7,rgb_pca,0,1
0.7238192,7,rgb_pca,0,1
0.71680856,7,rgb_pca,0,1
0.78298986,7,rgb_pca,0,1
0.72565913,7,rgb_pca,0,1
0.7102731,7,rgb_pca,0,1
0.71954644,7,rgb_pca,0,1
0.72947127,7,rgb_pca,0,1
0.7282931,7,rgb_pca,0,1
0.7076822,7,rgb_pca,0,1
0.690976,7,rgb_pca,0,1
0.7081175,7,rgb_pca,0,1
0.7312894,7,rgb_pca,0,1
0.7184378,7,rgb_pca,0,1
0.74503815,7,rgb_pca,0,1
0.73564243,7,rgb_pca,0,1
0.7132276,7,rgb_pca,0,1
0.7332805,7,rgb_pca,0,1
0.70926416,7,rgb_pca,0,1
0.71274596,7,rgb_pca,0,1
0.7354957,7,rgb_pca,0,1
0.7150729,7,rgb_pca,0,1
0.7436578,7,rgb_pca,0,1
0.74235356,7,rgb_pca,0,1
0.73529637,7,rgb_pca,0,1
0.75350904,7,rgb_pca,0,1
0.71026707,7,rgb_pca,0,1
0.7246579,7,rgb_pca,0,1
0.7467813,7,rgb_pca,0,1
0.7140052,7,rgb_pca,0,1
0.7400615,7,rgb_pca,0,1
0.775214,7,rgb_pca,0,1
0.7966312,7,rgb_pca,0,1
0.81052727,7,rgb_pca,0,1
0.762172,7,rgb_pca,0,1
0.7501571,7,rgb_pca,0,1
0.7493309,7,rgb_pca,0,1
0.8162024,7,rgb_pca,0,1
0.8136968,7,rgb_pca,0,1
0.784138,7,rgb_pca,0,1
0.7733586,7,rgb_pca,0,1
0.79537725,7,rgb_pca,0,1
0.75039816,7,rgb_pca,0,1
0.7783177,7,rgb_pca,0,1
0.7806313,7,rgb_pca,0,1
0.8033233,7,rgb_pca,0,1
0.79530716,7,rgb_pca,0,1
0.7916044,7,rgb_pca,0,1
0.79576373,7,rgb_pca,0,1
0.760893,7,rgb_pca,0,1
0.75186044,7,rgb_pca,0,1
0.76236427,7,rgb_pca,0,1
0.7734208,7,rgb_pca,0,1
0.77533555,7,rgb_pca,0,1
0.77236664,7,rgb_pca,0,1
0.7381549,7,rgb_pca,0,1
0.72675467,7,rgb_pca,0,1
0.75729233,7,rgb_pca,0,1
0.74481183,7,rgb_pca,0,1
0.6809205,7,rgb_pca,0,1
0.728109,7,rgb_pca,0,1
0.7179055,7,rgb_pca,0,1
0.7637081,7,rgb_pca,0,1
0.7310695,7,rgb_pca,0,1
0.76007897,7,rgb_pca,0,1
0.7197772,7,rgb_pca,0,1
0.7337344,7,rgb_pca,0,1
0.76096904,7,rgb_pca,0,1
0.7815397,7,rgb_pca,0,1
0.7770275,7,rgb_pca,0,1
0.77861035,7,rgb_pca,0,1
0.7299691,7,rgb_pca,0,1
0.748755,7,rgb_pca,0,1
0.7901534,7,rgb_pca,0,1
0.7739177,7,rgb_pca,0,1
0.7954104,7,rgb_pca,0,1
0.78089726,7,rgb_pca,0,1
0.7448652,7,rgb_pca,0,1
0.74298763,7,rgb_pca,0,1
0.7450144,7,rgb_pca,0,1
0.74259764,7,rgb_pca,0,1
0.77530515,7,rgb_pca,0,1
0.7669191,7,rgb_pca,0,1
0.7713554,7,rgb_pca,0,1
0.7572186,7,rgb_pca,0,1
0.7506276,7,rgb_pca,0,1
0.77004516,7,rgb_pca,0,1
0.76160294,7,rgb_pca,0,1
0.7623856,7,rgb_pca,0,1
0.79256344,7,rgb_pca,0,1
0.7366644,7,rgb_pca,0,1
0.7499814,7,rgb_pca,0,1
0.738444,7,rgb_pca,0,1
0.7345115,7,rgb_pca,0,1
0.7381956,7,rgb_pca,0,1
0.72983634,7,rgb_pca,0,1
0.70125705,7,rgb_pca,0,1
0.72152627,7,rgb_pca,0,1
0.7563039,7,rgb_pca,0,1
0.74584794,7,rgb_pca,0,1
0.7344249,7,rgb_pca,0,1
0.704085,7,rgb_pca,0,1
0.75382704,7,rgb_pca,0,1
0.75852305,7,rgb_pca,0,1
0.76110196,7,rgb_pca,0,1
0.73996466,7,rgb_pca,0,1
0.75967497,7,rgb_pca,0,1
0.7101172,7,rgb_pca,0,1
0.68735754,7,rgb_pca,0,1
0.7472726,7,rgb_pca,0,1
0.7576967,7,rgb_pca,0,1
0.73897684,7,rgb_pca,0,1
0.7309013,7,rgb_pca,0,1
0.7170637,7,rgb_pca,0,1
0.68926466,7,rgb_pca,0,1
0.73284864,7,rgb_pca,0,1
0.7969046,2,rgb_pca,0,1
0.77299106,2,rgb_pca,0,1
0.7879598,2,rgb_pca,0,1
0.7458271,2,rgb_pca,0,1
0.7944555,2,rgb_pca,0,1
0.7286005,2,rgb_pca,0,1
0.77086234,2,rgb_pca,0,1
0.7649751,2,rgb_pca,0,1
0.7274785,2,rgb_pca,0,1
0.74241495,2,rgb_pca,0,1
0.7314892,2,rgb_pca,0,1
0.73561853,2,rgb_pca,0,1
0.71683455,2,rgb_pca,0,1
0.7457523,2,rgb_pca,0,1
0.74730444,2,rgb_pca,0,1
0.74942005,2,rgb_pca,0,1
0.7512629,2,rgb_pca,0,1
0.7025722,2,rgb_pca,0,1
0.68709767,2,rgb_pca,0,1
0.6993886,2,rgb_pca,0,1
0.7044988,2,rgb_pca,0,1
0.68343294,2,rgb_pca,0,1
0.70710146,2,rgb_pca,0,1
0.6992769,2,rgb_pca,0,1
0.68831295,2,rgb_pca,0,1
0.7815383,2,rgb_pca,0,1
0.70874834,2,rgb_pca,0,1
0.71185064,2,rgb_pca,0,1
0.6911913,2,rgb_pca,0,1
0.7020749,2,rgb_pca,0,1
0.7472471,2,rgb_pca,0,1
0.78603506,2,rgb_pca,0,1
0.7515819,2,rgb_pca,0,1
0.7469592,2,rgb_pca,0,1
0.7319013,2,rgb_pca,0,1
0.75598055,2,rgb_pca,0,1
0.7566602,2,rgb_pca,0,1
0.7155484,2,rgb_pca,0,1
0.8063618,2,rgb_pca,0,1
0.7867232,2,rgb_pca,0,1
0.7656458,2,rgb_pca,0,1
0.78641635,2,rgb_pca,0,1
0.7863831,2,rgb_pca,0,1
0.7955276,2,rgb_pca,0,1
0.7627698,2,rgb_pca,0,1
0.7769568,2,rgb_pca,0,1
0.757426,2,rgb_pca,0,1
0.7334456,2,rgb_pca,0,1
0.78856957,2,rgb_pca,0,1
0.7851615,2,rgb_pca,0,1
0.7976841,2,rgb_pca,0,1
0.79582083,2,rgb_pca,0,1
0.7476765,2,rgb_pca,0,1
0.779002,2,rgb_pca,0,1
0.748747,2,rgb_pca,0,1
0.73536235,2,rgb_pca,0,1
0.7890689,2,rgb_pca,0,1
0.78820944,2,rgb_pca,0,1
0.77503127,2,rgb_pca,0,1
0.78226614,2,rgb_pca,0,1
0.76685196,2,rgb_pca,0,1
0.78829336,2,rgb_pca,0,1
0.7781017,2,rgb_pca,0,1
0.7381538,2,rgb_pca,0,1
0.79517794,2,rgb_pca,0,1
0.7846987,2,rgb_pca,0,1
0.7627487,2,rgb_pca,0,1
0.76938653,2,rgb_pca,0,1
0.777045,2,rgb_pca,0,1
0.78781474,2,rgb_pca,0,1
0.7909341,2,rgb_pca,0,1
0.784136,2,rgb_pca,0,1
0.8049277,2,rgb_pca,0,1
0.8027833,2,rgb_pca,0,1
0.7715991,2,rgb_pca,0,1
0.8054671,2,rgb_pca,0,1
0.76624995,2,rgb_pca,0,1
0.7529588,2,rgb_pca,0,1
0.75529015,2,rgb_pca,0,1
0.7513322,2,rgb_pca,0,1
0.7930436,2,rgb_pca,0,1
0.7816113,2,rgb_pca,0,1
0.79250956,2,rgb_pca,0,1
0.78634757,2,rgb_pca,0,1
0.7688433,2,rgb_pca,0,1
0.7796496,2,rgb_pca,0,1
0.7931473,2,rgb_pca,0,1
0.76118785,2,rgb_pca,0,1
0.77229655,2,rgb_pca,0,1
0.75494194,2,rgb_pca,0,1
0.7301116,2,rgb_pca,0,1
0.7406321,2,rgb_pca,0,1
0.7656455,2,rgb_pca,0,1
0.7516149,2,rgb_pca,0,1
0.72754765,2,rgb_pca,0,1
0.70487666,2,rgb_pca,0,1
0.72131234,2,rgb_pca,0,1
0.70972073,2,rgb_pca,0,1
0.7234016,2,rgb_pca,0,1
0.7592721,2,rgb_pca,0,1
0.75969326,2,rgb_pca,0,1
0.7894572,2,rgb_pca,0,1
0.73736763,2,rgb_pca,0,1
0.71907085,2,rgb_pca,0,1
0.74772674,2,rgb_pca,0,1
0.7674743,2,rgb_pca,0,1
0.76241016,2,rgb_pca,0,1
0.7540498,2,rgb_pca,0,1
0.7362895,2,rgb_pca,0,1
0.7401342,2,rgb_pca,0,1
0.7217374,2,rgb_pca,0,1
0.7243484,2,rgb_pca,0,1
0.7524144,2,rgb_pca,0,1
0.7418134,2,rgb_pca,0,1
0.78615355,2,rgb_pca,0,1
0.78537345,2,rgb_pca,0,1
0.7673131,2,rgb_pca,0,1
0.7999178,2,rgb_pca,0,1
0.7996669,2,rgb_pca,0,1
0.7323403,2,rgb_pca,0,1
0.74028677,2,rgb_pca,0,1
0.74316436,2,rgb_pca,0,1
0.7421167,2,rgb_pca,0,1
0.71756613,2,rgb_pca,0,1
0.73284805,2,rgb_pca,0,1
0.70539486,2,rgb_pca,0,1
0.73113865,2,rgb_pca,0,1
0.7713822,2,rgb_pca,0,1
0.77486444,2,rgb_pca,0,1
0.7792711,2,rgb_pca,0,1
0.76699317,2,rgb_pca,0,1
0.760147,2,rgb_pca,0,1
0.77296835,2,rgb_pca,0,1
0.73855954,2,rgb_pca,0,1
0.67689455,2,rgb_pca,0,1
0.71155083,2,rgb_pca,0,1
0.79178023,2,rgb_pca,0,1
0.7822343,2,rgb_pca,0,1
0.7507935,2,rgb_pca,0,1
0.75889117,2,rgb_pca,0,1
0.72124285,2,rgb_pca,0,1
0.75197303,2,rgb_pca,0,1
0.7729336,2,rgb_pca,0,1
0.76368976,2,rgb_pca,0,1
0.79748344,2,rgb_pca,0,1
0.77180445,2,rgb_pca,0,1
0.79484224,2,rgb_pca,0,1
0.797525,2,rgb_pca,0,1
0.7917518,2,rgb_pca,0,1
0.7297185,2,rgb_pca,0,1
0.7428911,2,rgb_pca,0,1
0.7503535,2,rgb_pca,0,1
0.7596099,2,rgb_pca,0,1
0.75578105,2,rgb_pca,0,1
0.7091932,2,rgb_pca,0,1
0.7145858,2,rgb_pca,0,1
0.69993615,2,rgb_pca,0,1
0.7399317,2,rgb_pca,0,1
0.7292738,2,rgb_pca,0,1
0.7450816,2,rgb_pca,0,1
0.72731626,2,rgb_pca,0,1
0.75171363,2,rgb_pca,0,1
0.73594487,2,rgb_pca,0,1
0.72997,2,rgb_pca,0,1
0.7802132,2,rgb_pca,0,1
0.7036755,2,rgb_pca,0,1
0.7425194,2,rgb_pca,0,1
0.7719035,2,rgb_pca,0,1
0.7494633,2,rgb_pca,0,1
0.7215835,2,rgb_pca,0,1
0.7171153,2,rgb_pca,0,1
0.7173115,2,rgb_pca,0,1
0.7617117,2,rgb_pca,0,1
0.7719729,2,rgb_pca,0,1
0.7695281,2,rgb_pca,0,1
0.7675271,2,rgb_pca,0,1
0.7129874,2,rgb_pca,0,1
0.7040706,2,rgb_pca,0,1
0.73961383,2,rgb_pca,0,1
0.7584912,2,rgb_pca,0,1
0.77088946,2,rgb_pca,0,1
0.726176,2,rgb_pca,0,1
0.75146085,2,rgb_pca,0,1
0.7562949,2,rgb_pca,0,1
0.78882146,2,rgb_pca,0,1
0.77761495,2,rgb_pca,0,1
0.72364306,2,rgb_pca,0,1
0.7476991,2,rgb_pca,0,1
0.7644613,2,rgb_pca,0,1
0.7652175,2,rgb_pca,0,1
0.74419814,2,rgb_pca,0,1
0.7620833,2,rgb_pca,0,1
0.81144035,2,rgb_pca,0,1
0.80160403,2,rgb_pca,0,1
0.7265708,2,rgb_pca,0,1
0.75807035,2,rgb_pca,0,1
0.77334464,2,rgb_pca,0,1
0.76780224,2,rgb_pca,0,1
0.7871125,2,rgb_pca,0,1
0.76348644,2,rgb_pca,0,1
0.7564653,2,rgb_pca,0,1
0.7792245,2,rgb_pca,0,1
0.8099055,2,rgb_pca,0,1
0.8029362,2,rgb_pca,0,1
0.7330997,2,rgb_pca,0,1
0.7705045,2,rgb_pca,0,1
0.7967816,2,rgb_pca,0,1
0.771469,2,rgb_pca,0,1
0.7624928,2,rgb_pca,0,1
0.7763859,2,rgb_pca,0,1
0.8031488,2,rgb_pca,0,1
0.80010754,2,rgb_pca,0,1
0.75542533,2,rgb_pca,0,1
0.79003775,2,rgb_pca,0,1
0.7962087,2,rgb_pca,0,1
0.76980317,2,rgb_pca,0,1
0.80051005,2,rgb_pca,0,1
0.7836227,2,rgb_pca,0,1
0.8088211,2,rgb_pca,0,1
0.7990545,2,rgb_pca,0,1
0.7594347,2,rgb_pca,0,1
0.7827089,2,rgb_pca,0,1
0.7787853,2,rgb_pca,0,1
0.75912994,2,rgb_pca,0,1
0.7578661,2,rgb_pca,0,1
0.7893429,2,rgb_pca,0,1
0.79994804,2,rgb_pca,0,1
0.8062935,2,rgb_pca,0,1
0.79096067,2,rgb_pca,0,1
0.8203883,2,rgb_pca,0,1
0.8105204,2,rgb_pca,0,1
0.7670971,2,rgb_pca,0,1
0.79221547,2,rgb_pca,0,1
0.76178133,2,rgb_pca,0,1
0.75866985,2,rgb_pca,0,1
0.77508736,2,rgb_pca,0,1
0.7880925,2,rgb_pca,0,1
0.78496706,2,rgb_pca,0,1
0.7672745,2,rgb_pca,0,1
0.7449105,2,rgb_pca,0,1
0.7609036,2,rgb_pca,0,1
0.7507608,2,rgb_pca,0,1
0.77803373,2,rgb_pca,0,1
0.79167694,2,rgb_pca,0,1
0.7473027,2,rgb_pca,0,1
0.7794838,2,rgb_pca,0,1
0.765095,2,rgb_pca,0,1
0.72220206,2,rgb_pca,0,1
0.7445742,2,rgb_pca,0,1
0.7123847,2,rgb_pca,0,1
0.77307177,2,rgb_pca,0,1
0.7621404,2,rgb_pca,0,1
0.72431874,2,rgb_pca,0,1
0.7419009,2,rgb_pca,0,1
0.7260855,2,rgb_pca,0,1
0.7625263,2,rgb_pca,0,1
0.800177,2,rgb_pca,0,1
0.7787671,2,rgb_pca,0,1
0.78059727,2,rgb_pca,0,1
0.75911236,2,rgb_pca,0,1
0.7378546,2,rgb_pca,0,1
0.73601985,2,rgb_pca,0,1
0.719119,2,rgb_pca,0,1
0.7332845,2,rgb_pca,0,1
0.7195556,2,rgb_pca,0,1
0.7105611,2,rgb_pca,0,1
0.70630264,2,rgb_pca,0,1
0.6471946,2,rgb_pca,0,1
0.68193305,2,rgb_pca,0,1
0.78656685,2,rgb_pca,0,1
0.7546482,2,rgb_pca,0,1
0.7625607,2,rgb_pca,0,1
0.7562471,2,rgb_pca,0,1
0.74493027,2,rgb_pca,0,1
0.76190686,2,rgb_pca,0,1
0.73619664,2,rgb_pca,0,1
0.74105996,2,rgb_pca,0,1
0.73619676,2,rgb_pca,0,1
0.7551846,2,rgb_pca,0,1
0.7254821,2,rgb_pca,0,1
0.6809232,2,rgb_pca,0,1
0.69207346,2,rgb_pca,0,1
0.6398505,2,rgb_pca,0,1
0.6838718,2,rgb_pca,0,1
0.7711365,2,rgb_pca,0,1
0.7608824,2,rgb_pca,0,1
0.7622921,2,rgb_pca,0,1
0.76652086,2,rgb_pca,0,1
0.772634,2,rgb_pca,0,1
0.79050136,2,rgb_pca,0,1
0.7613182,2,rgb_pca,0,1
0.7053871,2,rgb_pca,0,1
0.7170768,2,rgb_pca,0,1
0.7943238,2,rgb_pca,0,1
0.7919979,2,rgb_pca,0,1
0.74485826,2,rgb_pca,0,1
0.7669153,2,rgb_pca,0,1
0.7559508,2,rgb_pca,0,1
0.7784652,2,rgb_pca,0,1
0.7813111,2,rgb_pca,0,1
0.76539016,2,rgb_pca,0,1
0.7934058,2,rgb_pca,0,1
0.79665095,2,rgb_pca,0,1
0.7894658,2,rgb_pca,0,1
0.78447896,2,rgb_pca,0,1
0.76441616,2,rgb_pca,0,1
0.75586283,2,rgb_pca,0,1
0.7275873,2,rgb_pca,0,1
0.7491163,2,rgb_pca,0,1
0.7132689,2,rgb_pca,0,1
0.71807677,2,rgb_pca,0,1
0.7375977,2,rgb_pca,0,1
0.742239,2,rgb_pca,0,1
0.72206146,2,rgb_pca,0,1
0.6950913,2,rgb_pca,0,1
0.6896126,2,rgb_pca,0,1
0.68470836,2,rgb_pca,0,1
0.7083026,2,rgb_pca,0,1
0.7068208,2,rgb_pca,0,1
0.7088357,2,rgb_pca,0,1
0.72750086,7,rgb_pca,0,1
0.7098329,7,rgb_pca,0,1
0.717885,7,rgb_pca,0,1
0.7392286,7,rgb_pca,0,1
0.71123266,7,rgb_pca,0,1
0.73720497,7,rgb_pca,0,1
0.7276045,7,rgb_pca,0,1
0.78608966,7,rgb_pca,0,1
0.7480413,7,rgb_pca,0,1
0.73886746,7,rgb_pca,0,1
0.6973411,7,rgb_pca,0,1
0.691617,7,rgb_pca,0,1
0.71222615,7,rgb_pca,0,1
0.76660633,7,rgb_pca,0,1
0.7682847,7,rgb_pca,0,1
0.74870735,7,rgb_pca,0,1
0.7531953,7,rgb_pca,0,1
0.75849235,7,rgb_pca,0,1
0.7841288,7,rgb_pca,0,1
0.7765133,7,rgb_pca,0,1
0.74607074,7,rgb_pca,0,1
0.7359112,7,rgb_pca,0,1
0.75293136,7,rgb_pca,0,1
0.7398925,7,rgb_pca,0,1
0.7190927,7,rgb_pca,0,1
0.7205923,7,rgb_pca,0,1
0.76444876,7,rgb_pca,0,1
0.7676313,7,rgb_pca,0,1
0.7758251,7,rgb_pca,0,1
0.7734445,7,rgb_pca,0,1
0.77398026,7,rgb_pca,0,1
0.8132174,7,rgb_pca,0,1
0.80926406,7,rgb_pca,0,1
0.76394546,7,rgb_pca,0,1
0.76746464,7,rgb_pca,0,1
0.78416634,7,rgb_pca,0,1
0.82488054,7,rgb_pca,0,1
0.8036709,7,rgb_pca,0,1
0.78378475,7,rgb_pca,0,1
0.8240962,7,rgb_pca,0,1
0.81460905,7,rgb_pca,0,1
0.78540075,7,rgb_pca,0,1
0.81597143,7,rgb_pca,0,1
0.78583646,7,rgb_pca,0,1
0.8072464,7,rgb_pca,0,1
0.79182184,7,rgb_pca,0,1
0.777216,7,rgb_pca,0,1
0.7865379,7,rgb_pca,0,1
0.804185,7,rgb_pca,0,1
0.81221306,7,rgb_pca,0,1
0.7883638,7,rgb_pca,0,1
0.79676604,7,rgb_pca,0,1
0.7838738,7,rgb_pca,0,1
0.7763088,7,rgb_pca,0,1
0.7725085,7,rgb_pca,0,1
0.8079589,7,rgb_pca,0,1
0.78912926,7,rgb_pca,0,1
0.7949955,7,rgb_pca,0,1
0.7785499,7,rgb_pca,0,1
0.7785514,7,rgb_pca,0,1
0.77591133,7,rgb_pca,0,1
0.823251,7,rgb_pca,0,1
0.83329016,7,rgb_pca,0,1
0.83014464,7,rgb_pca,0,1
0.80160165,7,rgb_pca,0,1
0.8164044,7,rgb_pca,0,1
0.80999815,7,rgb_pca,0,1
0.8171611,7,rgb_pca,0,1
0.8001084,7,rgb_pca,0,1
0.78766525,7,rgb_pca,0,1
0.78173935,7,rgb_pca,0,1
0.7239848,7,rgb_pca,0,1
0.7586646,7,rgb_pca,0,1
0.7898444,7,rgb_pca,0,1
0.77367973,7,rgb_pca,0,1
0.79071075,7,rgb_pca,0,1
0.71245503,7,rgb_pca,0,1
0.698254,7,rgb_pca,0,1
0.7014699,7,rgb_pca,0,1
0.69818187,7,rgb_pca,0,1
0.6553222,7,rgb_pca,0,1
0.7176279,7,rgb_pca,0,1
0.72254413,7,rgb_pca,0,1
0.75385034,7,rgb_pca,0,1
0.7263097,7,rgb_pca,0,1
0.70533586,7,rgb_pca,0,1
0.67499137,7,rgb_pca,0,1
0.67151946,7,rgb_pca,0,1
0.76452744,7,rgb_pca,0,1
0.7752451,7,rgb_pca,0,1
0.7572391,7,rgb_pca,0,1
0.7421585,7,rgb_pca,0,1
0.7606472,7,rgb_pca,0,1
0.75784594,7,rgb_pca,0,1
0.8032292,7,rgb_pca,0,1
0.79600465,7,rgb_pca,0,1
0.77271974,7,rgb_pca,0,1
0.7433104,7,rgb_pca,0,1
0.7353413,7,rgb_pca,0,1
0.71156394,7,rgb_pca,0,1
0.6897097,7,rgb_pca,0,1
0.71369797,7,rgb_pca,0,1
0.72616506,7,rgb_pca,0,1
0.7377404,7,rgb_pca,0,1
0.7396043,7,rgb_pca,0,1
0.75468856,7,rgb_pca,0,1
0.7509066,7,rgb_pca,0,1
0.80539083,7,rgb_pca,0,1
0.7925177,7,rgb_pca,0,1
0.7596785,7,rgb_pca,0,1
0.7733594,7,rgb_pca,0,1
0.7535099,7,rgb_pca,0,1
0.7371933,7,rgb_pca,0,1
0.7296994,7,rgb_pca,0,1
0.7574899,7,rgb_pca,0,1
0.74295735,7,rgb_pca,0,1
0.7783699,7,rgb_pca,0,1
0.7913294,7,rgb_pca,0,1
0.7771033,7,rgb_pca,0,1
0.7787411,7,rgb_pca,0,1
0.7768172,7,rgb_pca,0,1
0.79769766,7,rgb_pca,0,1
0.79738665,7,rgb_pca,0,1
0.7863327,7,rgb_pca,0,1
0.7702751,7,rgb_pca,0,1
0.7547563,7,rgb_pca,0,1
0.7686889,7,rgb_pca,0,1
0.7714369,7,rgb_pca,0,1
0.7707422,7,rgb_pca,0,1
0.77546394,7,rgb_pca,0,1
0.75957054,7,rgb_pca,0,1
0.73787725,7,rgb_pca,0,1
0.75942224,7,rgb_pca,0,1
0.7555659,7,rgb_pca,0,1
0.73048544,7,rgb_pca,0,1
0.72800803,7,rgb_pca,0,1
0.7123405,7,rgb_pca,0,1
0.7624251,7,rgb_pca,0,1
0.7625613,7,rgb_pca,0,1
0.74784243,7,rgb_pca,0,1
0.7337805,7,rgb_pca,0,1
0.74443245,7,rgb_pca,0,1
0.7850214,7,rgb_pca,0,1
0.7625767,7,rgb_pca,0,1
0.72357947,7,rgb_pca,0,1
0.7193649,7,rgb_pca,0,1
0.7148545,7,rgb_pca,0,1
0.8030483,7,rgb_pca,0,1
0.77943254,7,rgb_pca,0,1
0.76003426,7,rgb_pca,0,1
0.7489964,7,rgb_pca,0,1
0.73204863,7,rgb_pca,0,1
0.74040186,2,rgb_pca,0,1
0.75487477,2,rgb_pca,0,1
0.7534753,2,rgb_pca,0,1
0.75695217,2,rgb_pca,0,1
0.76095057,2,rgb_pca,0,1
0.7799213,2,rgb_pca,0,1
0.79631114,2,rgb_pca,0,1
0.7872576,2,rgb_pca,0,1
0.8390716,2,rgb_pca,0,1
0.8191364,2,rgb_pca,0,1
0.8076638,2,rgb_pca,0,1
0.8074554,2,rgb_pca,0,1
0.7692529,2,rgb_pca,0,1
0.7224021,2,rgb_pca,0,1
0.6983036,2,rgb_pca,0,1
0.7625647,2,rgb_pca,0,1
0.7730625,2,rgb_pca,0,1
0.7646359,2,rgb_pca,0,1
0.72901845,2,rgb_pca,0,1
0.6949676,2,rgb_pca,0,1
0.6750324,2,rgb_pca,0,1
0.7182616,2,rgb_pca,0,1
0.72916806,2,rgb_pca,0,1
0.72996867,2,rgb_pca,0,1
0.711453,2,rgb_pca,0,1
0.7084614,2,rgb_pca,0,1
0.72884697,2,rgb_pca,0,1
0.74799526,2,rgb_pca,0,1
0.72370887,2,rgb_pca,0,1
0.7157784,2,rgb_pca,0,1
0.7016829,2,rgb_pca,0,1
0.7391099,2,rgb_pca,0,1
0.7419108,2,rgb_pca,0,1
0.7326239,2,rgb_pca,0,1
0.72551084,2,rgb_pca,0,1
0.7423496,2,rgb_pca,0,1
0.75232196,2,rgb_pca,0,1
0.7215535,2,rgb_pca,0,1
0.71424305,2,rgb_pca,0,1
0.72061706,2,rgb_pca,0,1
0.70383334,2,rgb_pca,0,1
0.67701644,2,rgb_pca,0,1
0.7227451,2,rgb_pca,0,1
0.7495448,2,rgb_pca,0,1
0.757128,2,rgb_pca,0,1
0.7266197,2,rgb_pca,0,1
0.7096275,2,rgb_pca,0,1
0.647659,2,rgb_pca,0,1
0.64835477,2,rgb_pca,0,1
0.65546894,2,rgb_pca,0,1
0.6951733,2,rgb_pca,0,1
0.69797075,2,rgb_pca,0,1
0.7069644,2,rgb_pca,0,1
0.6781746,2,rgb_pca,0,1
0.78154093,7,rgb_pca,0,1
0.7783183,7,rgb_pca,0,1
0.7873359,7,rgb_pca,0,1
0.7958866,7,rgb_pca,0,1
0.80326486,7,rgb_pca,0,1
0.7860161,7,rgb_pca,0,1
0.78196347,7,rgb_pca,0,1
0.7916256,7,rgb_pca,0,1
0.78994834,7,rgb_pca,0,1
0.76372063,7,rgb_pca,0,1
0.7752528,7,rgb_pca,0,1
0.77492666,7,rgb_pca,0,1
0.7656817,7,rgb_pca,0,1
0.7344284,7,rgb_pca,0,1
0.72944164,7,rgb_pca,0,1
0.7586099,7,rgb_pca,0,1
0.77624404,7,rgb_pca,0,1
0.78676844,7,rgb_pca,0,1
0.77636635,7,rgb_pca,0,1
0.7945867,7,rgb_pca,0,1
0.74083334,7,rgb_pca,0,1
0.7477868,7,rgb_pca,0,1
0.7661023,7,rgb_pca,0,1
0.7649044,7,rgb_pca,0,1
0.74764353,7,rgb_pca,0,1
0.7161405,7,rgb_pca,0,1
0.73960537,7,rgb_pca,0,1
0.70921254,7,rgb_pca,0,1
0.71255016,7,rgb_pca,0,1
0.74013275,7,rgb_pca,0,1
0.7831341,7,rgb_pca,0,1
0.7486286,7,rgb_pca,0,1
0.7683763,7,rgb_pca,0,1
0.75125134,7,rgb_pca,0,1
0.75983894,7,rgb_pca,0,1
0.7286186,7,rgb_pca,0,1
0.7630316,7,rgb_pca,0,1
0.7412463,7,rgb_pca,0,1
0.73857504,7,rgb_pca,0,1
0.73922056,7,rgb_pca,0,1
0.75320673,7,rgb_pca,0,1
0.77132237,7,rgb_pca,0,1
0.77520967,7,rgb_pca,0,1
0.788424,7,rgb_pca,0,1
0.77191776,7,rgb_pca,0,1
0.75537896,7,rgb_pca,0,1
0.7297746,7,rgb_pca,0,1
0.74171823,7,rgb_pca,0,1
0.7805477,7,rgb_pca,0,1
0.8563961,7,rgb_pca,0,1
0.85758173,7,rgb_pca,0,1
0.8453145,7,rgb_pca,0,1
0.8240808,7,rgb_pca,0,1
0.82239413,7,rgb_pca,0,1
0.8129598,7,rgb_pca,0,1
0.8383292,7,rgb_pca,0,1
0.8101486,7,rgb_pca,0,1
0.8093654,7,rgb_pca,0,1
0.7928808,7,rgb_pca,0,1
0.7746544,7,rgb_pca,0,1
0.7540288,7,rgb_pca,0,1
0.7677781,7,rgb_pca,0,1
0.80644715,7,rgb_pca,0,1
0.74976975,7,rgb_pca,0,1
0.7498143,7,rgb_pca,0,1
0.74995303,7,rgb_pca,0,1
0.719101,7,rgb_pca,0,1
0.7417021,7,rgb_pca,0,1
0.75733984,7,rgb_pca,0,1
0.80693007,7,rgb_pca,0,1
0.79658353,7,rgb_pca,0,1
0.8135774,7,rgb_pca,0,1
0.7883308,7,rgb_pca,0,1
0.81005263,7,rgb_pca,0,1
0.8296206,7,rgb_pca,0,1
0.83544993,7,rgb_pca,0,1
0.80917656,7,rgb_pca,0,1
0.81330997,7,rgb_pca,0,1
0.7892573,7,rgb_pca,0,1
0.7617532,7,rgb_pca,0,1
0.78372157,7,rgb_pca,0,1
0.8110906,7,rgb_pca,0,1
0.801603,7,rgb_pca,0,1
0.79699296,7,rgb_pca,0,1
0.7824427,7,rgb_pca,0,1
0.7594503,7,rgb_pca,0,1
0.7548883,7,rgb_pca,0,1
0.7595645,7,rgb_pca,0,1
0.85388875,7,rgb_pca,0,1
0.8554386,7,rgb_pca,0,1
0.8587054,7,rgb_pca,0,1
0.8403003,7,rgb_pca,0,1
0.8372318,7,rgb_pca,0,1
0.82364905,7,rgb_pca,0,1
0.8131816,7,rgb_pca,0,1
0.78012764,7,rgb_pca,0,1
0.80277085,7,rgb_pca,0,1
0.7932661,7,rgb_pca,0,1
0.8025218,7,rgb_pca,0,1
0.7979224,7,rgb_pca,0,1
0.79179686,7,rgb_pca,0,1
0.7767191,7,rgb_pca,0,1
0.7445114,7,rgb_pca,0,1
0.7530743,7,rgb_pca,0,1
0.76515937,7,rgb_pca,0,1
0.7381619,7,rgb_pca,0,1
0.75066113,7,rgb_pca,0,1
0.7519502,7,rgb_pca,0,1
0.6953031,8,rgb_pca,0,1
0.6836593,8,rgb_pca,0,1
0.68102956,8,rgb_pca,0,1
0.6458292,8,rgb_pca,0,1
0.74553996,8,rgb_pca,0,1
0.72774804,8,rgb_pca,0,1
0.6478307,8,rgb_pca,0,1
0.6227181,8,rgb_pca,0,1
0.6916537,8,rgb_pca,0,1
0.734218,8,rgb_pca,0,1
0.6686866,8,rgb_pca,0,1
0.6682436,8,rgb_pca,0,1
0.6213794,8,rgb_pca,0,1
0.6026052,8,rgb_pca,0,1
0.61825,8,rgb_pca,0,1
0.676216,8,rgb_pca,0,1
0.620721,8,rgb_pca,0,1
0.61359155,8,rgb_pca,0,1
0.6684434,8,rgb_pca,0,1
0.6573317,8,rgb_pca,0,1
0.6617366,8,rgb_pca,0,1
0.6817438,8,rgb_pca,0,1
0.6974466,8,rgb_pca,0,1
0.6864286,8,rgb_pca,0,1
0.68319464,8,rgb_pca,0,1
0.70557386,8,rgb_pca,0,1
0.585225,8,rgb_pca,0,1
0.62234676,8,rgb_pca,0,1
0.6944468,8,rgb_pca,0,1
0.655977,8,rgb_pca,0,1
0.6472621,8,rgb_pca,0,1
0.6071193,8,rgb_pca,0,1
0.6139622,8,rgb_pca,0,1
0.6671791,8,rgb_pca,0,1
0.6784575,8,rgb_pca,0,1
0.69324225,8,rgb_pca,0,1
0.5601058,8,rgb_pca,0,1
0.5909714,8,rgb_pca,0,1
0.63496935,8,rgb_pca,0,1
0.64372003,8,rgb_pca,0,1
0.74799824,8,rgb_pca,0,1
0.7013461,8,rgb_pca,0,1
0.673437,8,rgb_pca,0,1
0.6395892,8,rgb_pca,0,1
0.63649786,8,rgb_pca,0,1
0.6795965,8,rgb_pca,0,1
0.70299536,8,rgb_pca,0,1
0.58532405,8,rgb_pca,0,1
0.6794392,8,rgb_pca,0,1
0.68731254,8,rgb_pca,0,1
0.6881212,8,rgb_pca,0,1
0.74335134,8,rgb_pca,0,1
0.7254314,8,rgb_pca,0,1
0.68266475,8,rgb_pca,0,1
0.6684728,8,rgb_pca,0,1
0.6631226,8,rgb_pca,0,1
0.6719451,8,rgb_pca,0,1
0.66392815,8,rgb_pca,0,1
0.65179414,8,rgb_pca,0,1
0.7006444,8,rgb_pca,0,1
0.71791005,8,rgb_pca,0,1
0.72571224,8,rgb_pca,0,1
0.7423272,8,rgb_pca,0,1
0.7166106,8,rgb_pca,0,1
0.6734297,8,rgb_pca,0,1
0.6172873,8,rgb_pca,0,1
0.69453216,8,rgb_pca,0,1
0.7158791,8,rgb_pca,0,1
0.7430858,8,rgb_pca,0,1
0.7592077,8,rgb_pca,0,1
0.7395009,8,rgb_pca,0,1
0.68825644,8,rgb_pca,0,1
0.62724566,8,rgb_pca,0,1
0.5863286,8,rgb_pca,0,1
0.5963634,8,rgb_pca,0,1
0.61949766,8,rgb_pca,0,1
0.7130033,8,rgb_pca,0,1
0.71387756,8,rgb_pca,0,1
0.64778763,8,rgb_pca,0,1
0.61471057,8,rgb_pca,0,1
0.6658846,8,rgb_pca,0,1
0.70161825,8,rgb_pca,0,1
0.71622956,8,rgb_pca,0,1
0.70458853,8,rgb_pca,0,1
0.5870478,8,rgb_pca,0,1
0.5512241,8,rgb_pca,0,1
0.606267,8,rgb_pca,0,1
0.631625,8,rgb_pca,0,1
0.62982297,8,rgb_pca,0,1
0.6601981,8,rgb_pca,0,1
0.68832374,8,rgb_pca,0,1
0.7414038,8,rgb_pca,0,1
0.75980747,8,rgb_pca,0,1
0.7442889,8,rgb_pca,0,1
0.610304,8,rgb_pca,0,1
0.5943669,8,rgb_pca,0,1
0.63774246,8,rgb_pca,0,1
0.63186705,8,rgb_pca,0,1
0.6597687,8,rgb_pca,0,1
0.70904386,8,rgb_pca,0,1
0.7287792,8,rgb_pca,0,1
0.7317616,8,rgb_pca,0,1
0.68450373,8,rgb_pca,0,1
0.6492715,8,rgb_pca,0,1
0.6919956,8,rgb_pca,0,1
0.6625998,8,rgb_pca,0,1
0.66076934,8,rgb_pca,0,1
0.72400403,8,rgb_pca,0,1
0.7129932,8,rgb_pca,0,1
0.7104647,8,rgb_pca,0,1
0.71699965,8,rgb_pca,0,1
0.72214305,8,rgb_pca,0,1
0.7322244,8,rgb_pca,0,1
0.67858857,8,rgb_pca,0,1
0.7551756,8,rgb_pca,0,1
0.7231486,8,rgb_pca,0,1
0.6690505,8,rgb_pca,0,1
0.73866785,8,rgb_pca,0,1
0.70005345,8,rgb_pca,0,1
0.67399263,8,rgb_pca,0,1
0.68515295,8,rgb_pca,0,1
0.7128408,8,rgb_pca,0,1
0.7137547,8,rgb_pca,0,1
0.68508136,8,rgb_pca,0,1
0.77791953,8,rgb_pca,0,1
0.7277076,8,rgb_pca,0,1
0.6620596,8,rgb_pca,0,1
0.7250935,8,rgb_pca,0,1
0.6728684,8,rgb_pca,0,1
0.6484182,8,rgb_pca,0,1
0.771362,8,rgb_pca,0,1
0.7156672,8,rgb_pca,0,1
0.6159711,8,rgb_pca,0,1
0.6909522,8,rgb_pca,0,1
0.6695111,8,rgb_pca,0,1
0.67560273,8,rgb_pca,0,1
0.835627,7,rgb_pca,0,1
0.808841,7,rgb_pca,0,1
0.81290054,7,rgb_pca,0,1
0.78993905,7,rgb_pca,0,1
0.80700946,7,rgb_pca,0,1
0.8039236,7,rgb_pca,0,1
0.813334,7,rgb_pca,0,1
0.79194957,7,rgb_pca,0,1
0.81916016,7,rgb_pca,0,1
0.8359738,7,rgb_pca,0,1
0.8254917,7,rgb_pca,0,1
0.8125527,7,rgb_pca,0,1
0.7553491,7,rgb_pca,0,1
0.77567613,7,rgb_pca,0,1
0.76890725,7,rgb_pca,0,1
0.7957369,7,rgb_pca,0,1
0.80774355,7,rgb_pca,0,1
0.77483284,7,rgb_pca,0,1
0.7930333,7,rgb_pca,0,1
0.77711356,7,rgb_pca,0,1
0.7923111,7,rgb_pca,0,1
0.7906909,7,rgb_pca,0,1
0.8061806,7,rgb_pca,0,1
0.83345234,7,rgb_pca,0,1
0.8148316,7,rgb_pca,0,1
0.82846713,7,rgb_pca,0,1
0.7218753,7,rgb_pca,0,1
0.73797226,7,rgb_pca,0,1
0.762965,7,rgb_pca,0,1
0.7778368,7,rgb_pca,0,1
0.77048635,7,rgb_pca,0,1
0.77244735,7,rgb_pca,0,1
0.7831539,7,rgb_pca,0,1
0.7189354,7,rgb_pca,0,1
0.71661115,7,rgb_pca,0,1
0.7315779,7,rgb_pca,0,1
0.72622216,7,rgb_pca,0,1
0.70141,7,rgb_pca,0,1
0.74170583,7,rgb_pca,0,1
0.744972,7,rgb_pca,0,1
0.73945683,7,rgb_pca,0,1
0.7448646,7,rgb_pca,0,1
0.75750744,7,rgb_pca,0,1
0.7216725,7,rgb_pca,0,1
0.7683762,7,rgb_pca,0,1
0.755247,7,rgb_pca,0,1
0.745605,7,rgb_pca,0,1
0.7539377,7,rgb_pca,0,1
0.7420119,7,rgb_pca,0,1
0.78022856,7,rgb_pca,0,1
0.76527846,7,rgb_pca,0,1
0.7671677,7,rgb_pca,0,1
0.7479216,7,rgb_pca,0,1
0.76432306,7,rgb_pca,0,1
0.7494179,7,rgb_pca,0,1
0.7750525,7,rgb_pca,0,1
0.7435241,7,rgb_pca,0,1
0.7679032,7,rgb_pca,0,1
0.75758106,7,rgb_pca,0,1
0.75534546,7,rgb_pca,0,1
0.7732504,7,rgb_pca,0,1
0.8315814,7,rgb_pca,0,1
0.8296173,7,rgb_pca,0,1
0.8028226,7,rgb_pca,0,1
0.7823334,7,rgb_pca,0,1
0.7830442,7,rgb_pca,0,1
0.8042975,7,rgb_pca,0,1
0.80934894,7,rgb_pca,0,1
0.768345,7,rgb_pca,0,1
0.7866849,7,rgb_pca,0,1
0.7538244,7,rgb_pca,0,1
0.74675083,7,rgb_pca,0,1
0.76605374,7,rgb_pca,0,1
0.8102938,7,rgb_pca,0,1
0.79114705,7,rgb_pca,0,1
0.76116097,7,rgb_pca,0,1
0.7703959,7,rgb_pca,0,1
0.7238472,7,rgb_pca,0,1
0.73250794,7,rgb_pca,0,1
0.7417997,7,rgb_pca,0,1
0.82600284,7,rgb_pca,0,1
0.81180793,7,rgb_pca,0,1
0.8159626,7,rgb_pca,0,1
0.81773615,7,rgb_pca,0,1
0.8132982,7,rgb_pca,0,1
0.8011751,7,rgb_pca,0,1
0.81271,7,rgb_pca,0,1
0.80184,7,rgb_pca,0,1
0.7571771,7,rgb_pca,0,1
0.7861999,7,rgb_pca,0,1
0.803849,7,rgb_pca,0,1
0.78901887,7,rgb_pca,0,1
0.79832506,7,rgb_pca,0,1
0.81057423,7,rgb_pca,0,1
0.6947048,7,rgb_pca,0,1
0.7113024,7,rgb_pca,0,1
0.76056236,7,rgb_pca,0,1
0.74938536,7,rgb_pca,0,1
0.7714081,7,rgb_pca,0,1
0.78305215,7,rgb_pca,0,1
0.72675836,7,rgb_pca,0,1
0.7551911,7,rgb_pca,0,1
0.7566737,7,rgb_pca,0,1
0.77335024,7,rgb_pca,0,1
0.750378,7,rgb_pca,0,1
0.77274007,7,rgb_pca,0,1
0.7452208,7,rgb_pca,0,1
0.7617513,7,rgb_pca,0,1
0.7676517,7,rgb_pca,0,1
0.7128744,7,rgb_pca,0,1
0.7337605,7,rgb_pca,0,1
0.7655252,7,rgb_pca,0,1
0.75907046,7,rgb_pca,0,1
0.7160294,7,rgb_pca,0,1
0.7302598,7,rgb_pca,0,1
0.70240694,7,rgb_pca,0,1
0.6900401,7,rgb_pca,0,1
0.6751684,7,rgb_pca,0,1
0.7364143,7,rgb_pca,0,1
0.72137254,7,rgb_pca,0,1
0.63838893,7,rgb_pca,0,1
0.76272404,7,rgb_pca,0,1
0.6194788,8,rgb_pca,0,1
0.6974734,8,rgb_pca,0,1
0.68760985,8,rgb_pca,0,1
0.6733204,8,rgb_pca,0,1
0.74447656,8,rgb_pca,0,1
0.7436194,8,rgb_pca,0,1
0.6752082,8,rgb_pca,0,1
0.68744916,8,rgb_pca,0,1
0.6286787,8,rgb_pca,0,1
0.6766112,8,rgb_pca,0,1
0.661844,8,rgb_pca,0,1
0.6789848,8,rgb_pca,0,1
0.702542,8,rgb_pca,0,1
0.7021024,8,rgb_pca,0,1
0.67148733,8,rgb_pca,0,1
0.70113087,8,rgb_pca,0,1
0.67742753,8,rgb_pca,0,1
0.69257987,8,rgb_pca,0,1
0.6968621,8,rgb_pca,0,1
0.6516601,8,rgb_pca,0,1
0.66177225,8,rgb_pca,0,1
0.7067467,8,rgb_pca,0,1
0.72281754,8,rgb_pca,0,1
0.7477342,8,rgb_pca,0,1
0.7350331,8,rgb_pca,0,1
0.7193945,8,rgb_pca,0,1
0.55458313,8,rgb_pca,0,1
0.63924766,8,rgb_pca,0,1
0.66616964,8,rgb_pca,0,1
0.6761769,8,rgb_pca,0,1
0.6898253,8,rgb_pca,0,1
0.7208166,8,rgb_pca,0,1
0.73991203,8,rgb_pca,0,1
0.71997184,8,rgb_pca,0,1
0.6934334,8,rgb_pca,0,1
0.677389,8,rgb_pca,0,1
0.6196523,8,rgb_pca,0,1
0.59621465,8,rgb_pca,0,1
0.6121264,8,rgb_pca,0,1
0.6791848,8,rgb_pca,0,1
0.7273344,8,rgb_pca,0,1
0.7296778,8,rgb_pca,0,1
0.73601794,8,rgb_pca,0,1
0.7654047,8,rgb_pca,0,1
0.75192684,8,rgb_pca,0,1
0.7344152,8,rgb_pca,0,1
0.7247056,8,rgb_pca,0,1
0.60250366,8,rgb_pca,0,1
0.6731313,8,rgb_pca,0,1
0.6845269,8,rgb_pca,0,1
0.6685232,8,rgb_pca,0,1
0.7327659,8,rgb_pca,0,1
0.7154377,8,rgb_pca,0,1
0.7356812,8,rgb_pca,0,1
0.76446545,8,rgb_pca,0,1
0.7322111,8,rgb_pca,0,1
0.6826699,8,rgb_pca,0,1
0.67113155,8,rgb_pca,0,1
0.5680039,8,rgb_pca,0,1
0.70554805,8,rgb_pca,0,1
0.72402143,8,rgb_pca,0,1
0.70514596,8,rgb_pca,0,1
0.7602378,8,rgb_pca,0,1
0.7441162,8,rgb_pca,0,1
0.7369294,8,rgb_pca,0,1
0.59125274,8,rgb_pca,0,1
0.7270365,8,rgb_pca,0,1
0.7333446,8,rgb_pca,0,1
0.69037634,8,rgb_pca,0,1
0.72111666,8,rgb_pca,0,1
0.7639345,8,rgb_pca,0,1
0.7421838,8,rgb_pca,0,1
0.82424366,2,rgb_pca,0,1
0.7999579,2,rgb_pca,0,1
0.8174621,2,rgb_pca,0,1
0.8185431,2,rgb_pca,0,1
0.7756551,2,rgb_pca,0,1
0.74522674,2,rgb_pca,0,1
0.7773942,2,rgb_pca,0,1
0.75578594,2,rgb_pca,0,1
0.75785214,2,rgb_pca,0,1
0.8124774,2,rgb_pca,0,1
0.72686374,2,rgb_pca,0,1
0.65336406,2,rgb_pca,0,1
0.6918551,2,rgb_pca,0,1
0.71390176,2,rgb_pca,0,1
0.69200885,2,rgb_pca,0,1
0.677481,2,rgb_pca,0,1
0.71892583,2,rgb_pca,0,1
0.71202683,2,rgb_pca,0,1
0.71549493,2,rgb_pca,0,1
0.7330827,2,rgb_pca,0,1
0.6466744,2,rgb_pca,0,1
0.6047221,2,rgb_pca,0,1
0.70089936,2,rgb_pca,0,1
0.73834175,2,rgb_pca,0,1
0.7415042,2,rgb_pca,0,1
0.7720469,2,rgb_pca,0,1
0.78155327,2,rgb_pca,0,1
0.78909445,2,rgb_pca,0,1
0.78287876,2,rgb_pca,0,1
0.7962892,2,rgb_pca,0,1
0.7980728,2,rgb_pca,0,1
0.6794102,2,rgb_pca,0,1
0.6487007,2,rgb_pca,0,1
0.7540928,2,rgb_pca,0,1
0.7788099,2,rgb_pca,0,1
0.7936753,2,rgb_pca,0,1
0.7975071,2,rgb_pca,0,1
0.7286682,8,rgb_pca,0,1
0.6912186,8,rgb_pca,0,1
0.6552416,8,rgb_pca,0,1
0.6941772,8,rgb_pca,0,1
0.70041174,8,rgb_pca,0,1
0.6775622,8,rgb_pca,0,1
0.70570505,8,rgb_pca,0,1
0.69214606,8,rgb_pca,0,1
0.7034657,8,rgb_pca,0,1
0.72630125,8,rgb_pca,0,1
0.7002367,8,rgb_pca,0,1
0.6931012,8,rgb_pca,0,1
0.68674296,8,rgb_pca,0,1
0.6861867,8,rgb_pca,0,1
0.7043782,8,rgb_pca,0,1
0.6635339,8,rgb_pca,0,1
0.68276876,8,rgb_pca,0,1
0.7255342,8,rgb_pca,0,1
0.7330651,8,rgb_pca,0,1
0.7536977,8,rgb_pca,0,1
0.78164506,8,rgb_pca,0,1
0.75786686,8,rgb_pca,0,1
0.5782728,8,rgb_pca,0,1
0.6053922,8,rgb_pca,0,1
0.6324332,8,rgb_pca,0,1
0.62859535,8,rgb_pca,0,1
0.68716085,8,rgb_pca,0,1
0.71673834,8,rgb_pca,0,1
0.7144178,8,rgb_pca,0,1
0.7190735,8,rgb_pca,0,1
0.7298547,8,rgb_pca,0,1
0.7311349,8,rgb_pca,0,1
0.69068605,8,rgb_pca,0,1
0.6612473,8,rgb_pca,0,1
0.67349684,8,rgb_pca,0,1
0.7039115,8,rgb_pca,0,1
0.6978698,8,rgb_pca,0,1
0.73197025,8,rgb_pca,0,1
0.7567255,8,rgb_pca,0,1
0.74084675,8,rgb_pca,0,1
0.7208042,8,rgb_pca,0,1
0.71800125,8,rgb_pca,0,1
0.75127935,8,rgb_pca,0,1
0.73094314,8,rgb_pca,0,1
0.6860323,8,rgb_pca,0,1
0.72825384,8,rgb_pca,0,1
0.7004262,8,rgb_pca,0,1
0.71031713,8,rgb_pca,0,1
0.6981355,8,rgb_pca,0,1
0.6806234,8,rgb_pca,0,1
0.6680484,8,rgb_pca,0,1
0.69172,8,rgb_pca,0,1
0.7726071,8,rgb_pca,0,1
0.7498332,8,rgb_pca,0,1
0.68940574,8,rgb_pca,0,1
0.7103265,8,rgb_pca,0,1
0.6538693,8,rgb_pca,0,1
0.63131475,8,rgb_pca,0,1
0.78820896,8,rgb_pca,0,1
0.74304587,8,rgb_pca,0,1
0.6420474,8,rgb_pca,0,1
0.6786361,8,rgb_pca,0,1
0.6634948,8,rgb_pca,0,1
0.6224842,8,rgb_pca,0,1
0.7501738,2,rgb_pca,0,1
0.72803915,2,rgb_pca,0,1
0.7661947,2,rgb_pca,0,1
0.7894008,2,rgb_pca,0,1
0.6623681,2,rgb_pca,0,1
0.678031,2,rgb_pca,0,1
0.6855855,2,rgb_pca,0,1
0.69630814,2,rgb_pca,0,1
0.75394934,2,rgb_pca,0,1
0.7800069,2,rgb_pca,0,1
0.7061174,2,rgb_pca,0,1
0.58260745,2,rgb_pca,0,1
0.6476362,2,rgb_pca,0,1
0.6710474,2,rgb_pca,0,1
0.69790757,2,rgb_pca,0,1
0.72360915,2,rgb_pca,0,1
0.725736,2,rgb_pca,0,1
0.6758106,2,rgb_pca,0,1
0.6821907,2,rgb_pca,0,1
0.7249342,2,rgb_pca,0,1
0.7163229,2,rgb_pca,0,1
0.7465522,2,rgb_pca,0,1
0.73743004,2,rgb_pca,0,1
0.7411835,2,rgb_pca,0,1
0.7559103,2,rgb_pca,0,1
0.77614176,2,rgb_pca,0,1
0.7679863,2,rgb_pca,0,1
0.7622241,2,rgb_pca,0,1
0.76285577,2,rgb_pca,0,1
0.76304305,2,rgb_pca,0,1
0.7914008,2,rgb_pca,0,1
0.79617894,2,rgb_pca,0,1
0.7888819,2,rgb_pca,0,1
0.776109,2,rgb_pca,0,1
0.77025664,2,rgb_pca,0,1
0.7733537,2,rgb_pca,0,1
0.78901654,2,rgb_pca,0,1
0.81654304,7,rgb_pca,0,1
0.8226939,7,rgb_pca,0,1
0.815581,7,rgb_pca,0,1
0.80143857,7,rgb_pca,0,1
0.77902865,7,rgb_pca,0,1
0.8032096,7,rgb_pca,0,1
0.7873421,7,rgb_pca,0,1
0.8130559,7,rgb_pca,0,1
0.80942976,7,rgb_pca,0,1
0.7652683,7,rgb_pca,0,1
0.7823719,7,rgb_pca,0,1
0.7954222,7,rgb_pca,0,1
0.78973454,7,rgb_pca,0,1
0.78619444,7,rgb_pca,0,1
0.7986479,7,rgb_pca,0,1
0.7770401,7,rgb_pca,0,1
0.78177035,7,rgb_pca,0,1
0.7905487,7,rgb_pca,0,1
0.7401801,7,rgb_pca,0,1
0.75899637,7,rgb_pca,0,1
0.7369317,7,rgb_pca,0,1
0.74301356,7,rgb_pca,0,1
0.7176179,7,rgb_pca,0,1
0.7227447,7,rgb_pca,0,1
0.74113524,7,rgb_pca,0,1
0.748443,7,rgb_pca,0,1
0.7690252,7,rgb_pca,0,1
0.77669525,7,rgb_pca,0,1
0.7054926,7,rgb_pca,0,1
0.7352973,7,rgb_pca,0,1
0.7559354,7,rgb_pca,0,1
0.75374216,7,rgb_pca,0,1
0.7693133,7,rgb_pca,0,1
0.7262467,7,rgb_pca,0,1
0.76078403,7,rgb_pca,0,1
0.7601129,7,rgb_pca,0,1
0.7409585,7,rgb_pca,0,1
0.7451893,7,rgb_pca,0,1
0.75590765,7,rgb_pca,0,1
0.74457055,7,rgb_pca,0,1
0.74233156,7,rgb_pca,0,1
0.7748821,7,rgb_pca,0,1
0.7242118,7,rgb_pca,0,1
0.7384254,7,rgb_pca,0,1
0.75173724,2,rgb_pca,0,1
0.6954883,2,rgb_pca,0,1
0.7460008,2,rgb_pca,0,1
0.8331814,2,rgb_pca,0,1
0.80618745,2,rgb_pca,0,1
0.78545654,2,rgb_pca,0,1
0.78782195,2,rgb_pca,0,1
0.79468083,2,rgb_pca,0,1
0.79062605,2,rgb_pca,0,1
0.76237917,2,rgb_pca,0,1
0.824347,2,rgb_pca,0,1
0.82614696,2,rgb_pca,0,1
0.7858001,2,rgb_pca,0,1
0.814272,2,rgb_pca,0,1
0.8070377,2,rgb_pca,0,1
0.80766463,2,rgb_pca,0,1
0.81948537,2,rgb_pca,0,1
0.8112546,2,rgb_pca,0,1
0.770172,2,rgb_pca,0,1
0.74664557,2,rgb_pca,0,1
0.7476909,2,rgb_pca,0,1
0.7570897,2,rgb_pca,0,1
0.80542254,2,rgb_pca,0,1
0.7875669,2,rgb_pca,0,1
0.806712,2,rgb_pca,0,1
0.8273307,2,rgb_pca,0,1
0.7312583,2,rgb_pca,0,1
0.7138432,2,rgb_pca,0,1
0.7029321,2,rgb_pca,0,1
0.6968001,2,rgb_pca,0,1
0.7029026,2,rgb_pca,0,1
0.7139481,2,rgb_pca,0,1
0.7081053,2,rgb_pca,0,1
0.76086897,2,rgb_pca,0,1
0.77569836,2,rgb_pca,0,1
0.81523,2,rgb_pca,0,1
0.8016056,2,rgb_pca,0,1
0.75402296,2,rgb_pca,0,1
0.76296425,2,rgb_pca,0,1
0.79015684,2,rgb_pca,0,1
0.7800759,2,rgb_pca,0,1
0.7713082,2,rgb_pca,0,1
0.74016106,2,rgb_pca,0,1
0.7689791,2,rgb_pca,0,1
0.8040182,2,rgb_pca,0,1
0.830392,2,rgb_pca,0,1
0.8309096,2,rgb_pca,0,1
0.8152877,2,rgb_pca,0,1
0.7984484,2,rgb_pca,0,1
0.7782775,2,rgb_pca,0,1
0.8054147,2,rgb_pca,0,1
0.80873287,2,rgb_pca,0,1
0.79222286,2,rgb_pca,0,1
0.77535117,2,rgb_pca,0,1
0.77336013,2,rgb_pca,0,1
0.76877594,2,rgb_pca,0,1
0.7472186,2,rgb_pca,0,1
0.7483623,2,rgb_pca,0,1
0.7351451,2,rgb_pca,0,1
0.7594072,2,rgb_pca,0,1
0.7270557,2,rgb_pca,0,1
0.77272403,2,rgb_pca,0,1
0.7955221,2,rgb_pca,0,1
0.7925948,2,rgb_pca,0,1
0.7653185,2,rgb_pca,0,1
0.79139566,2,rgb_pca,0,1
0.7928106,2,rgb_pca,0,1
0.80592,2,rgb_pca,0,1
0.76870537,2,rgb_pca,0,1
0.7861959,2,rgb_pca,0,1
0.7969575,2,rgb_pca,0,1
0.77737284,2,rgb_pca,0,1
0.8141149,2,rgb_pca,0,1
0.80418444,2,rgb_pca,0,1
0.7305693,2,rgb_pca,0,1
0.7675391,2,rgb_pca,0,1
0.79805255,2,rgb_pca,0,1
0.7996899,2,rgb_pca,0,1
0.79150033,2,rgb_pca,0,1
0.78943354,2,rgb_pca,0,1
0.77890533,2,rgb_pca,0,1
0.798705,2,rgb_pca,0,1
0.78288835,2,rgb_pca,0,1
0.7553372,2,rgb_pca,0,1
0.7593663,2,rgb_pca,0,1
0.624061,2,rgb_pca,0,1
0.68593943,2,rgb_pca,0,1
0.69825894,2,rgb_pca,0,1
0.6592027,2,rgb_pca,0,1
0.6219793,2,rgb_pca,0,1
0.6255702,2,rgb_pca,0,1
0.6488373,2,rgb_pca,0,1
0.72038305,2,rgb_pca,0,1
0.73374665,2,rgb_pca,0,1
0.69838524,2,rgb_pca,0,1
0.6913752,2,rgb_pca,0,1
0.66136706,2,rgb_pca,0,1
0.66822165,2,rgb_pca,0,1
0.64321434,2,rgb_pca,0,1
0.65122813,2,rgb_pca,0,1
0.63996816,2,rgb_pca,0,1
0.6491498,2,rgb_pca,0,1
0.72692376,2,rgb_pca,0,1
0.75017715,2,rgb_pca,0,1
0.73410547,2,rgb_pca,0,1
0.7444765,2,rgb_pca,0,1
0.669788,2,rgb_pca,0,1
0.6495364,2,rgb_pca,0,1
0.6385632,2,rgb_pca,0,1
0.66912144,2,rgb_pca,0,1
0.6330843,2,rgb_pca,0,1
0.68161964,2,rgb_pca,0,1
0.67260253,2,rgb_pca,0,1
0.67055583,2,rgb_pca,0,1
0.71703553,2,rgb_pca,0,1
0.67499185,2,rgb_pca,0,1
0.6562603,2,rgb_pca,0,1
0.6879696,2,rgb_pca,0,1
0.7198308,2,rgb_pca,0,1
0.7681291,2,rgb_pca,0,1
0.7672951,2,rgb_pca,0,1
0.7480193,2,rgb_pca,0,1
0.70975125,2,rgb_pca,0,1
0.7105086,2,rgb_pca,0,1
0.74925065,2,rgb_pca,0,1
0.7656132,2,rgb_pca,0,1
0.7853707,2,rgb_pca,0,1
0.7715906,2,rgb_pca,0,1
0.7367562,2,rgb_pca,0,1
0.70042264,2,rgb_pca,0,1
0.6759099,2,rgb_pca,0,1
0.6991402,2,rgb_pca,0,1
0.6670829,2,rgb_pca,0,1
0.6869301,2,rgb_pca,0,1
0.61941427,2,rgb_pca,0,1
0.5928582,2,rgb_pca,0,1
0.6655367,2,rgb_pca,0,1
0.63426554,2,rgb_pca,0,1
0.61795676,2,rgb_pca,0,1
0.6901861,2,rgb_pca,0,1
0.7641287,2,rgb_pca,0,1
0.7756171,2,rgb_pca,0,1
0.767349,2,rgb_pca,0,1
0.7747725,2,rgb_pca,0,1
0.76012295,2,rgb_pca,0,1
0.7626401,2,rgb_pca,0,1
0.8025315,2,rgb_pca,0,1
0.80171233,2,rgb_pca,0,1
0.77047443,2,rgb_pca,0,1
0.76382244,2,rgb_pca,0,1
0.75798285,2,rgb_pca,0,1
0.75889605,2,rgb_pca,0,1
0.7278641,2,rgb_pca,0,1
0.7365116,2,rgb_pca,0,1
0.74433553,2,rgb_pca,0,1
0.755498,2,rgb_pca,0,1
0.73932457,2,rgb_pca,0,1
0.7291348,2,rgb_pca,0,1
0.78497636,2,rgb_pca,0,1
0.7549853,2,rgb_pca,0,1
0.72490376,2,rgb_pca,0,1
0.75922245,2,rgb_pca,0,1
0.54239994,8,rgb_pca,0,1
0.44459063,8,rgb_pca,0,1
0.57855636,8,rgb_pca,0,1
0.65036714,8,rgb_pca,0,1
0.556674,8,rgb_pca,0,1
0.64980376,8,rgb_pca,0,1
0.65953535,8,rgb_pca,0,1
0.6854732,8,rgb_pca,0,1
0.75460875,8,rgb_pca,0,1
0.58219784,8,rgb_pca,0,1
0.57815516,8,rgb_pca,0,1
0.6047254,8,rgb_pca,0,1
0.62734693,8,rgb_pca,0,1
0.68099594,8,rgb_pca,0,1
0.68929964,8,rgb_pca,0,1
0.7131217,8,rgb_pca,0,1
0.7507919,8,rgb_pca,0,1
0.5601363,8,rgb_pca,0,1
0.57851386,8,rgb_pca,0,1
0.6377101,8,rgb_pca,0,1
0.6579548,8,rgb_pca,0,1
0.7078395,8,rgb_pca,0,1
0.7121167,8,rgb_pca,0,1
0.71457136,8,rgb_pca,0,1
0.7496785,8,rgb_pca,0,1
0.57047105,8,rgb_pca,0,1
0.6670821,8,rgb_pca,0,1
0.71151894,8,rgb_pca,0,1
0.7420364,8,rgb_pca,0,1
0.7221457,8,rgb_pca,0,1
0.67370534,8,rgb_pca,0,1
0.7090065,8,rgb_pca,0,1
0.6001623,8,rgb_pca,0,1
0.6844325,8,rgb_pca,0,1
0.7257589,8,rgb_pca,0,1
0.7181891,8,rgb_pca,0,1
0.70697397,8,rgb_pca,0,1
0.6536748,8,rgb_pca,0,1
0.7118391,8,rgb_pca,0,1
0.66259223,8,rgb_pca,0,1
0.69428635,8,rgb_pca,0,1
0.66235363,8,rgb_pca,0,1
0.660251,8,rgb_pca,0,1
0.6477946,8,rgb_pca,0,1
0.7300488,8,rgb_pca,0,1
0.64267635,8,rgb_pca,0,1
0.63186634,8,rgb_pca,0,1
0.59465146,8,rgb_pca,0,1
0.67544794,8,rgb_pca,0,1
0.57342184,8,rgb_pca,0,1
0.46351248,8,rgb_pca,0,1
0.5836123,8,rgb_pca,0,1
0.6384431,8,rgb_pca,0,1
0.5176703,8,rgb_pca,0,1
0.6434399,8,rgb_pca,0,1
0.69775707,8,rgb_pca,0,1
0.69384164,8,rgb_pca,0,1
0.6594491,8,rgb_pca,0,1
0.5187503,8,rgb_pca,0,1
0.45403767,8,rgb_pca,0,1
0.5546801,8,rgb_pca,0,1
0.6133881,8,rgb_pca,0,1
0.7410258,8,rgb_pca,0,1
0.76876557,8,rgb_pca,0,1
0.72292995,8,rgb_pca,0,1
0.6910572,8,rgb_pca,0,1
0.6784382,8,rgb_pca,0,1
0.5547532,8,rgb_pca,0,1
0.53475523,8,rgb_pca,0,1
0.60261077,8,rgb_pca,0,1
0.6173629,8,rgb_pca,0,1
0.73956573,8,rgb_pca,0,1
0.7659652,8,rgb_pca,0,1
0.72016096,8,rgb_pca,0,1
0.67646515,8,rgb_pca,0,1
0.64512134,8,rgb_pca,0,1
0.5941451,8,rgb_pca,0,1
0.5726786,8,rgb_pca,0,1
0.5398289,8,rgb_pca,0,1
0.6265798,8,rgb_pca,0,1
0.6389849,8,rgb_pca,0,1
0.7167251,8,rgb_pca,0,1
0.7260975,8,rgb_pca,0,1
0.699461,8,rgb_pca,0,1
0.67193097,8,rgb_pca,0,1
0.6261028,8,rgb_pca,0,1
0.54426146,8,rgb_pca,0,1
0.60518074,8,rgb_pca,0,1
0.5530079,8,rgb_pca,0,1
0.6466022,8,rgb_pca,0,1
0.63384265,8,rgb_pca,0,1
0.68957096,8,rgb_pca,0,1
0.7084546,8,rgb_pca,0,1
0.6862777,8,rgb_pca,0,1
0.6296872,8,rgb_pca,0,1
0.6084129,8,rgb_pca,0,1
0.60198367,8,rgb_pca,0,1
0.6624,8,rgb_pca,0,1
0.70651895,8,rgb_pca,0,1
0.6647258,8,rgb_pca,0,1
0.66259015,8,rgb_pca,0,1
0.67817265,8,rgb_pca,0,1
0.6665727,8,rgb_pca,0,1
0.6581024,8,rgb_pca,0,1
0.645854,8,rgb_pca,0,1
0.68707824,8,rgb_pca,0,1
0.6769345,8,rgb_pca,0,1
0.7097574,8,rgb_pca,0,1
0.69327,8,rgb_pca,0,1
0.651131,8,rgb_pca,0,1
0.6825348,8,rgb_pca,0,1
0.6524814,8,rgb_pca,0,1
0.611109,8,rgb_pca,0,1
0.57771087,8,rgb_pca,0,1
0.5911377,8,rgb_pca,0,1
0.57255065,8,rgb_pca,0,1
0.6239393,8,rgb_pca,0,1
0.5744524,8,rgb_pca,0,1
0.5331385,8,rgb_pca,0,1
0.5979519,8,rgb_pca,0,1
0.5775651,8,rgb_pca,0,1
0.56492555,8,rgb_pca,0,1
0.63455874,8,rgb_pca,0,1
0.569991,8,rgb_pca,0,1
0.6696577,8,rgb_pca,0,1
0.6815771,8,rgb_pca,0,1
0.5923605,8,rgb_pca,0,1
0.6683838,8,rgb_pca,0,1
0.6789075,8,rgb_pca,0,1
0.7282667,8,rgb_pca,0,1
0.7759529,8,rgb_pca,0,1
0.6125514,8,rgb_pca,0,1
0.58727527,8,rgb_pca,0,1
0.6211629,8,rgb_pca,0,1
0.6450546,8,rgb_pca,0,1
0.70271534,8,rgb_pca,0,1
0.7162113,8,rgb_pca,0,1
0.7435108,8,rgb_pca,0,1
0.79716706,8,rgb_pca,0,1
0.5760958,8,rgb_pca,0,1
0.6025442,8,rgb_pca,0,1
0.67016757,8,rgb_pca,0,1
0.67675465,8,rgb_pca,0,1
0.70384574,8,rgb_pca,0,1
0.71254265,8,rgb_pca,0,1
0.7463063,8,rgb_pca,0,1
0.7975739,8,rgb_pca,0,1
0.62344253,8,rgb_pca,0,1
0.6968829,8,rgb_pca,0,1
0.7102085,8,rgb_pca,0,1
0.7256008,8,rgb_pca,0,1
0.72151,8,rgb_pca,0,1
0.72715354,8,rgb_pca,0,1
0.77305734,8,rgb_pca,0,1
0.6198765,8,rgb_pca,0,1
0.7167441,8,rgb_pca,0,1
0.7420693,8,rgb_pca,0,1
0.73382103,8,rgb_pca,0,1
0.72734964,8,rgb_pca,0,1
0.721508,8,rgb_pca,0,1
0.7735752,8,rgb_pca,0,1
0.7112937,8,rgb_pca,0,1
0.73721623,8,rgb_pca,0,1
0.71676815,8,rgb_pca,0,1
0.7026663,8,rgb_pca,0,1
0.6765971,8,rgb_pca,0,1
0.7628871,8,rgb_pca,0,1
0.7188045,8,rgb_pca,0,1
0.6951273,8,rgb_pca,0,1
0.65096486,8,rgb_pca,0,1
0.70392996,8,rgb_pca,0,1
0.7626954,8,rgb_pca,0,1
0.7663307,8,rgb_pca,0,1
0.7411984,8,rgb_pca,0,1
0.72251874,8,rgb_pca,0,1
0.7184483,8,rgb_pca,0,1
0.6763798,8,rgb_pca,0,1
0.6646697,8,rgb_pca,0,1
0.6479135,8,rgb_pca,0,1
0.6119441,8,rgb_pca,0,1
0.74129796,8,rgb_pca,0,1
0.7400335,8,rgb_pca,0,1
0.73447067,8,rgb_pca,0,1
0.72012377,8,rgb_pca,0,1
0.68648314,8,rgb_pca,0,1
0.63250995,8,rgb_pca,0,1
0.64773625,8,rgb_pca,0,1
0.5747278,8,rgb_pca,0,1
0.6095509,8,rgb_pca,0,1
0.733163,8,rgb_pca,0,1
0.7107012,8,rgb_pca,0,1
0.7093687,8,rgb_pca,0,1
0.68433607,8,rgb_pca,0,1
0.6632149,8,rgb_pca,0,1
0.6273742,8,rgb_pca,0,1
0.58968794,8,rgb_pca,0,1
0.7180524,8,rgb_pca,0,1
0.6927558,8,rgb_pca,0,1
0.65845865,8,rgb_pca,0,1
0.64710575,8,rgb_pca,0,1
0.63844615,8,rgb_pca,0,1
0.6266935,8,rgb_pca,0,1
0.6553972,8,rgb_pca,0,1
0.73579466,8,rgb_pca,0,1
0.66929877,8,rgb_pca,0,1
0.61831224,8,rgb_pca,0,1
0.74468064,8,rgb_pca,0,1
0.68233955,8,rgb_pca,0,1
0.6363994,8,rgb_pca,0,1
0.7300583,8,rgb_pca,0,1
0.6761346,8,rgb_pca,0,1
0.67057574,8,rgb_pca,0,1
0.54260606,8,rgb_pca,0,1
0.5648208,8,rgb_pca,0,1
0.62818265,8,rgb_pca,0,1
0.69333494,8,rgb_pca,0,1
0.5968683,8,rgb_pca,0,1
0.64579654,8,rgb_pca,0,1
0.692848,8,rgb_pca,0,1
0.688287,8,rgb_pca,0,1
0.71429867,8,rgb_pca,0,1
0.52175844,8,rgb_pca,0,1
0.49321386,8,rgb_pca,0,1
0.5789913,8,rgb_pca,0,1
0.58457935,8,rgb_pca,0,1
0.65000623,8,rgb_pca,0,1
0.6954306,8,rgb_pca,0,1
0.6822914,8,rgb_pca,0,1
0.6860062,8,rgb_pca,0,1
0.6639012,8,rgb_pca,0,1
0.50740093,8,rgb_pca,0,1
0.52486455,8,rgb_pca,0,1
0.57407546,8,rgb_pca,0,1
0.6166351,8,rgb_pca,0,1
0.6768551,8,rgb_pca,0,1
0.6921928,8,rgb_pca,0,1
0.6735027,8,rgb_pca,0,1
0.6645575,8,rgb_pca,0,1
0.64772415,8,rgb_pca,0,1
0.62577105,8,rgb_pca,0,1
0.55396694,8,rgb_pca,0,1
0.5314221,8,rgb_pca,0,1
0.5855726,8,rgb_pca,0,1
0.62820375,8,rgb_pca,0,1
0.6782217,8,rgb_pca,0,1
0.69050056,8,rgb_pca,0,1
0.647755,8,rgb_pca,0,1
0.5919131,8,rgb_pca,0,1
0.56071997,8,rgb_pca,0,1
0.5435895,8,rgb_pca,0,1
0.5214018,8,rgb_pca,0,1
0.5360634,8,rgb_pca,0,1
0.60640955,8,rgb_pca,0,1
0.63682216,8,rgb_pca,0,1
0.6608933,8,rgb_pca,0,1
0.6620976,8,rgb_pca,0,1
0.6219169,8,rgb_pca,0,1
0.5628047,8,rgb_pca,0,1
0.5491837,8,rgb_pca,0,1
0.5210483,8,rgb_pca,0,1
0.47602767,8,rgb_pca,0,1
0.5916525,8,rgb_pca,0,1
0.61101025,8,rgb_pca,0,1
0.6102101,8,rgb_pca,0,1
0.6226407,8,rgb_pca,0,1
0.60238695,8,rgb_pca,0,1
0.5482657,8,rgb_pca,0,1
0.5308582,8,rgb_pca,0,1
0.6305263,8,rgb_pca,0,1
0.63709706,8,rgb_pca,0,1
0.62914693,8,rgb_pca,0,1
0.580103,8,rgb_pca,0,1
0.5343212,8,rgb_pca,0,1
0.72433037,8,rgb_pca,0,1
0.7392065,8,rgb_pca,0,1
0.73882115,8,rgb_pca,0,1
0.67990315,8,rgb_pca,0,1
0.66568136,8,rgb_pca,0,1
0.69749415,8,rgb_pca,0,1
0.61162686,8,rgb_pca,0,1
0.58831316,8,rgb_pca,0,1
0.5617119,8,rgb_pca,0,1
0.6946882,8,rgb_pca,0,1
0.70377755,8,rgb_pca,0,1
0.69930077,8,rgb_pca,0,1
0.6593728,8,rgb_pca,0,1
0.65552926,8,rgb_pca,0,1
0.6567557,8,rgb_pca,0,1
0.5478605,8,rgb_pca,0,1
0.5308739,8,rgb_pca,0,1
0.5789188,8,rgb_pca,0,1
0.6968851,8,rgb_pca,0,1
0.6863831,8,rgb_pca,0,1
0.6906539,8,rgb_pca,0,1
0.65359426,8,rgb_pca,0,1
0.61953783,8,rgb_pca,0,1
0.5938196,8,rgb_pca,0,1
0.5605501,8,rgb_pca,0,1
0.72542304,8,rgb_pca,0,1
0.71121883,8,rgb_pca,0,1
0.6733958,8,rgb_pca,0,1
0.6255163,8,rgb_pca,0,1
0.61480325,8,rgb_pca,0,1
0.56856173,8,rgb_pca,0,1
0.6640899,8,rgb_pca,0,1
0.71019065,8,rgb_pca,0,1
0.6845602,8,rgb_pca,0,1
0.6697511,8,rgb_pca,0,1
0.6597862,8,rgb_pca,0,1
0.64531016,8,rgb_pca,0,1
0.62168634,8,rgb_pca,0,1
0.67080843,8,rgb_pca,0,1
0.65917814,8,rgb_pca,0,1
0.63823783,8,rgb_pca,0,1
0.65747666,8,rgb_pca,0,1
0.65802133,8,rgb_pca,0,1
0.61890733,8,rgb_pca,0,1
0.5283618,8,rgb_pca,0,1
0.6189515,8,rgb_pca,0,1
0.56625146,8,rgb_pca,0,1
0.5395553,8,rgb_pca,0,1
0.60687923,8,rgb_pca,0,1
0.57636994,8,rgb_pca,0,1
0.5708901,8,rgb_pca,0,1
0.5724001,8,rgb_pca,0,1
0.56449634,8,rgb_pca,0,1
0.8099241,2,rgb_pca,0,1
0.83529997,2,rgb_pca,0,1
0.69870293,2,rgb_pca,0,1
0.68750775,2,rgb_pca,0,1
0.6882752,2,rgb_pca,0,1
0.68192583,2,rgb_pca,0,1
0.7594459,2,rgb_pca,0,1
0.7414286,2,rgb_pca,0,1
0.7534392,2,rgb_pca,0,1
0.7374039,2,rgb_pca,0,1
0.6879401,2,rgb_pca,0,1
0.5949921,2,rgb_pca,0,1
0.6057905,2,rgb_pca,0,1
0.74563897,2,rgb_pca,0,1
0.6776155,2,rgb_pca,0,1
0.6348475,2,rgb_pca,0,1
0.7125147,8,rgb_pca,0,1
0.7279521,8,rgb_pca,0,1
0.7421677,8,rgb_pca,0,1
0.7493945,8,rgb_pca,0,1
0.7725657,8,rgb_pca,0,1
0.69887805,8,rgb_pca,0,1
0.6422173,8,rgb_pca,0,1
0.60447794,8,rgb_pca,0,1
0.55173206,8,rgb_pca,0,1
0.7109339,8,rgb_pca,0,1
0.72254276,8,rgb_pca,0,1
0.73063874,8,rgb_pca,0,1
0.70204055,8,rgb_pca,0,1
0.70025194,8,rgb_pca,0,1
0.662222,8,rgb_pca,0,1
0.6235102,8,rgb_pca,0,1
0.5969859,8,rgb_pca,0,1
0.56883025,8,rgb_pca,0,1
0.7256212,8,rgb_pca,0,1
0.69701827,8,rgb_pca,0,1
0.6848289,8,rgb_pca,0,1
0.6764788,8,rgb_pca,0,1
0.6931982,8,rgb_pca,0,1
0.63144875,8,rgb_pca,0,1
0.58580756,8,rgb_pca,0,1
0.720701,8,rgb_pca,0,1
0.686098,8,rgb_pca,0,1
0.6736189,8,rgb_pca,0,1
0.6861661,8,rgb_pca,0,1
0.7032038,8,rgb_pca,0,1
0.6352434,8,rgb_pca,0,1
0.66252345,8,rgb_pca,0,1
0.6879144,8,rgb_pca,0,1
0.6404102,8,rgb_pca,0,1
0.6011298,8,rgb_pca,0,1
0.6841621,8,rgb_pca,0,1
0.67063683,8,rgb_pca,0,1
0.63573974,8,rgb_pca,0,1
0.66996956,8,rgb_pca,0,1
0.6774049,8,rgb_pca,0,1
0.6566576,8,rgb_pca,0,1
0.7121887,8,rgb_pca,0,1
0.7213069,8,rgb_pca,0,1
0.7131817,8,rgb_pca,0,1
0.6903135,8,rgb_pca,0,1
0.7092918,8,rgb_pca,0,1
0.66638625,8,rgb_pca,0,1
0.6703639,8,rgb_pca,0,1
0.6293194,8,rgb_pca,0,1
0.6037437,8,rgb_pca,0,1
0.7138028,8,rgb_pca,0,1
0.7210615,8,rgb_pca,0,1
0.7166752,8,rgb_pca,0,1
0.6892836,8,rgb_pca,0,1
0.705243,8,rgb_pca,0,1
0.6787422,8,rgb_pca,0,1
0.64681184,8,rgb_pca,0,1
0.59711164,8,rgb_pca,0,1
0.63554764,8,rgb_pca,0,1
0.7039036,8,rgb_pca,0,1
0.74634284,8,rgb_pca,0,1
0.71081924,8,rgb_pca,0,1
0.63240635,8,rgb_pca,0,1
0.65696615,8,rgb_pca,0,1
0.649803,8,rgb_pca,0,1
0.6022892,8,rgb_pca,0,1
0.6982812,8,rgb_pca,0,1
0.7274684,8,rgb_pca,0,1
0.71615195,8,rgb_pca,0,1
0.626914,8,rgb_pca,0,1
0.58840245,8,rgb_pca,0,1
0.6141087,8,rgb_pca,0,1
0.6551849,8,rgb_pca,0,1
0.6877954,8,rgb_pca,0,1
0.6616843,8,rgb_pca,0,1
0.65923506,8,rgb_pca,0,1
0.68290955,8,rgb_pca,0,1
0.65443766,8,rgb_pca,0,1
0.6545386,8,rgb_pca,0,1
0.6661718,8,rgb_pca,0,1
0.62787163,8,rgb_pca,0,1
0.63091135,8,rgb_pca,0,1
0.7534847,2,rgb_pca,0,1
0.74740815,2,rgb_pca,0,1
0.7082882,2,rgb_pca,0,1
0.6672396,2,rgb_pca,0,1
0.6598666,2,rgb_pca,0,1
0.639552,2,rgb_pca,0,1
0.711974,2,rgb_pca,0,1
0.6854028,2,rgb_pca,0,1
0.68166655,2,rgb_pca,0,1
0.6517601,2,rgb_pca,0,1
0.7370896,2,rgb_pca,0,1
0.73914194,2,rgb_pca,0,1
0.7521027,2,rgb_pca,0,1
0.717486,2,rgb_pca,0,1
0.7663495,2,rgb_pca,0,1
0.757424,2,rgb_pca,0,1
0.7640296,2,rgb_pca,0,1
0.721837,2,rgb_pca,0,1
0.76192385,2,rgb_pca,0,1
0.74759007,2,rgb_pca,0,1
0.70923954,2,rgb_pca,0,1
0.7319716,2,rgb_pca,0,1
0.7072533,2,rgb_pca,0,1
0.7274674,2,rgb_pca,0,1
0.7349659,2,rgb_pca,0,1
0.7361679,2,rgb_pca,0,1
0.5852039,2,rgb_pca,0,1
0.69042003,2,rgb_pca,0,1
0.7486103,2,rgb_pca,0,1
0.7492576,2,rgb_pca,0,1
0.75904334,2,rgb_pca,0,1
0.7722581,2,rgb_pca,0,1
0.7705728,2,rgb_pca,0,1
0.7508677,2,rgb_pca,0,1
0.7602879,2,rgb_pca,0,1
0.66048354,2,rgb_pca,0,1
0.6426394,2,rgb_pca,0,1
0.7651763,2,rgb_pca,0,1
0.6852446,2,rgb_pca,0,1
0.6711168,2,rgb_pca,0,1
0.75990164,2,rgb_pca,0,1
0.6835973,2,rgb_pca,0,1
0.7173927,2,rgb_pca,0,1
0.7271392,2,rgb_pca,0,1
0.8005782,2,rgb_pca,0,1
0.76340467,2,rgb_pca,0,1
0.79282904,2,rgb_pca,0,1
0.7836956,2,rgb_pca,0,1
0.783865,2,rgb_pca,0,1
0.8065978,2,rgb_pca,0,1
0.78351384,2,rgb_pca,0,1
0.7539702,2,rgb_pca,0,1
0.7416413,2,rgb_pca,0,1
0.7650219,2,rgb_pca,0,1
0.7639989,2,rgb_pca,0,1
0.7377799,2,rgb_pca,0,1
0.75969183,2,rgb_pca,0,1
0.76713055,2,rgb_pca,0,1
0.77384734,2,rgb_pca,0,1
0.7398524,2,rgb_pca,0,1
0.7519461,2,rgb_pca,0,1
0.728068,2,rgb_pca,0,1
0.7589387,2,rgb_pca,0,1
0.7590128,2,rgb_pca,0,1
0.7479886,2,rgb_pca,0,1
0.73703563,2,rgb_pca,0,1
0.74935406,2,rgb_pca,0,1
0.7963873,2,rgb_pca,0,1
0.77782726,2,rgb_pca,0,1
0.7805909,2,rgb_pca,0,1
0.7830199,2,rgb_pca,0,1
0.8154143,2,rgb_pca,0,1
0.77243197,2,rgb_pca,0,1
0.7825599,2,rgb_pca,0,1
0.82204616,2,rgb_pca,0,1
0.8119374,2,rgb_pca,0,1
0.72782624,2,rgb_pca,0,1
0.75206137,2,rgb_pca,0,1
0.75419986,2,rgb_pca,0,1
0.7423476,2,rgb_pca,0,1
0.7980717,2,rgb_pca,0,1
0.7473705,2,rgb_pca,0,1
0.72360516,2,rgb_pca,0,1
0.70103127,2,rgb_pca,0,1
0.68822956,2,rgb_pca,0,1
0.68067455,2,rgb_pca,0,1
0.65600675,2,rgb_pca,0,1
0.71351975,2,rgb_pca,0,1
0.7751435,2,rgb_pca,0,1
0.7735542,2,rgb_pca,0,1
0.76359797,2,rgb_pca,0,1
0.7798424,2,rgb_pca,0,1
0.8091356,2,rgb_pca,0,1
0.79295707,2,rgb_pca,0,1
0.79276395,2,rgb_pca,0,1
0.8140192,2,rgb_pca,0,1
0.80280614,2,rgb_pca,0,1
0.8020711,2,rgb_pca,0,1
0.7941853,2,rgb_pca,0,1
0.79284513,2,rgb_pca,0,1
0.798266,2,rgb_pca,0,1
0.75350726,2,rgb_pca,0,1
0.73947924,2,rgb_pca,0,1
0.7976216,2,rgb_pca,0,1
0.81143564,2,rgb_pca,0,1
0.77305824,2,rgb_pca,0,1
0.76305336,2,rgb_pca,0,1
0.79436105,2,rgb_pca,0,1
0.76908636,2,rgb_pca,0,1
0.78804684,2,rgb_pca,0,1
0.81961477,2,rgb_pca,0,1
0.7504429,2,rgb_pca,0,1
0.7274492,7,rgb_pca,0,1
0.74243885,7,rgb_pca,0,1
0.761248,7,rgb_pca,0,1
0.7068883,7,rgb_pca,0,1
0.74673045,7,rgb_pca,0,1
0.79978234,7,rgb_pca,0,1
0.74754035,7,rgb_pca,0,1
0.74298704,7,rgb_pca,0,1
0.802055,7,rgb_pca,0,1
0.83539534,7,rgb_pca,0,1
0.7399435,7,rgb_pca,0,1
0.74622136,7,rgb_pca,0,1
0.77943105,7,rgb_pca,0,1
0.824173,7,rgb_pca,0,1
0.72260946,7,rgb_pca,0,1
0.77289546,7,rgb_pca,0,1
0.7724957,7,rgb_pca,0,1
0.7918557,7,rgb_pca,0,1
0.7536013,7,rgb_pca,0,1
0.7700438,7,rgb_pca,0,1
0.78936327,7,rgb_pca,0,1
0.7759999,7,rgb_pca,0,1
0.7755505,7,rgb_pca,0,1
0.78475523,7,rgb_pca,0,1
0.78895015,7,rgb_pca,0,1
0.7756243,7,rgb_pca,0,1
0.7528715,7,rgb_pca,0,1
0.796391,7,rgb_pca,0,1
0.74795496,7,rgb_pca,0,1
0.7099044,7,rgb_pca,0,1
0.7888011,7,rgb_pca,0,1
0.79102075,7,rgb_pca,0,1
0.7470647,7,rgb_pca,0,1
0.78472173,7,rgb_pca,0,1
0.77203166,7,rgb_pca,0,1
0.70501095,7,rgb_pca,0,1
0.81768715,7,rgb_pca,0,1
0.7910072,7,rgb_pca,0,1
0.7800875,7,rgb_pca,0,1
0.755716,7,rgb_pca,0,1
0.7933233,7,rgb_pca,0,1
0.8117311,7,rgb_pca,0,1
0.793522,7,rgb_pca,0,1
0.81066465,7,rgb_pca,0,1
0.76283705,7,rgb_pca,0,1
0.75474787,7,rgb_pca,0,1
0.80797774,7,rgb_pca,0,1
0.78236824,7,rgb_pca,0,1
0.81042594,7,rgb_pca,0,1
0.77477527,7,rgb_pca,0,1
0.81247336,7,rgb_pca,0,1
0.77570957,7,rgb_pca,0,1
0.8041414,7,rgb_pca,0,1
0.80827886,7,rgb_pca,0,1
0.7594725,7,rgb_pca,0,1
0.73250395,7,rgb_pca,0,1
0.75198936,7,rgb_pca,0,1
0.81466407,7,rgb_pca,0,1
0.82654953,7,rgb_pca,0,1
0.7630776,7,rgb_pca,0,1
0.7998514,7,rgb_pca,0,1
0.7931262,7,rgb_pca,0,1
0.8087462,7,rgb_pca,0,1
0.8120752,7,rgb_pca,0,1
0.8438004,7,rgb_pca,0,1
0.831872,7,rgb_pca,0,1
0.80326486,7,rgb_pca,0,1
0.8107401,7,rgb_pca,0,1
0.79566026,7,rgb_pca,0,1
0.8228872,7,rgb_pca,0,1
0.80102056,7,rgb_pca,0,1
0.8350536,7,rgb_pca,0,1
0.6434867,7,rgb_pca,0,1
0.6338134,7,rgb_pca,0,1
0.71427083,7,rgb_pca,0,1
0.770024,7,rgb_pca,0,1
0.735109,7,rgb_pca,0,1
0.78079045,7,rgb_pca,0,1
0.8322282,7,rgb_pca,0,1
0.7875794,7,rgb_pca,0,1
0.79100823,7,rgb_pca,0,1
0.8058621,7,rgb_pca,0,1
0.8438272,7,rgb_pca,0,1
0.8033514,7,rgb_pca,0,1
0.8203798,7,rgb_pca,0,1
0.8275161,7,rgb_pca,0,1
0.8196329,7,rgb_pca,0,1
0.81772184,7,rgb_pca,0,1
0.8243969,7,rgb_pca,0,1
0.83384156,7,rgb_pca,0,1
0.79748464,7,rgb_pca,0,1
0.8269197,7,rgb_pca,0,1
0.8370116,7,rgb_pca,0,1
0.8235184,7,rgb_pca,0,1
0.8308165,7,rgb_pca,0,1
0.8360889,7,rgb_pca,0,1
0.82413274,7,rgb_pca,0,1
0.7879042,7,rgb_pca,0,1
0.7888217,7,rgb_pca,0,1
0.77603376,7,rgb_pca,0,1
0.7497778,7,rgb_pca,0,1
0.7748772,7,rgb_pca,0,1
0.8028638,7,rgb_pca,0,1
0.8006772,7,rgb_pca,0,1
0.7834612,7,rgb_pca,0,1
0.8075078,7,rgb_pca,0,1
0.7908311,7,rgb_pca,0,1
0.7903027,7,rgb_pca,0,1
0.81712234,7,rgb_pca,0,1
0.8045806,7,rgb_pca,0,1
0.8407982,7,rgb_pca,0,1
0.80973136,7,rgb_pca,0,1
0.81358606,7,rgb_pca,0,1
0.78731537,7,rgb_pca,0,1
0.79718924,7,rgb_pca,0,1
0.83587396,7,rgb_pca,0,1
0.79087764,7,rgb_pca,0,1
0.795462,7,rgb_pca,0,1
0.81594145,7,rgb_pca,0,1
0.8131956,7,rgb_pca,0,1
0.8360815,7,rgb_pca,0,1
0.7837917,7,rgb_pca,0,1
0.7939882,7,rgb_pca,0,1
0.7793241,7,rgb_pca,0,1
0.7921014,7,rgb_pca,0,1
0.79752123,7,rgb_pca,0,1
0.7965765,7,rgb_pca,0,1
0.8023117,7,rgb_pca,0,1
0.8101679,7,rgb_pca,0,1
0.8297937,7,rgb_pca,0,1
0.8146455,7,rgb_pca,0,1
0.8400663,7,rgb_pca,0,1
0.8453151,7,rgb_pca,0,1
0.76844865,7,rgb_pca,0,1
0.7917535,7,rgb_pca,0,1
0.7750975,7,rgb_pca,0,1
0.7447096,7,rgb_pca,0,1
0.7457228,7,rgb_pca,0,1
0.6607251,7,rgb_pca,0,1
0.7637664,7,rgb_pca,0,1
0.7837547,7,rgb_pca,0,1
0.7284126,7,rgb_pca,0,1
0.6729435,7,rgb_pca,0,1
0.75738287,7,rgb_pca,0,1
0.70844275,6,rgb_pca,0,1
0.6859124,6,rgb_pca,0,1
0.73570454,6,rgb_pca,0,1
0.7104367,6,rgb_pca,0,1
0.75727856,6,rgb_pca,0,1
0.7467476,6,rgb_pca,0,1
0.6977831,6,rgb_pca,0,1
0.6412735,6,rgb_pca,0,1
0.69458705,6,rgb_pca,0,1
0.69043815,6,rgb_pca,0,1
0.72832143,6,rgb_pca,0,1
0.6932062,6,rgb_pca,0,1
0.63194096,6,rgb_pca,0,1
0.6992394,6,rgb_pca,0,1
0.70058686,6,rgb_pca,0,1
0.7222003,6,rgb_pca,0,1
0.69697964,6,rgb_pca,0,1
0.66560405,6,rgb_pca,0,1
0.68426967,6,rgb_pca,0,1
0.6880056,6,rgb_pca,0,1
0.64975286,6,rgb_pca,0,1
0.69252473,6,rgb_pca,0,1
0.74759054,6,rgb_pca,0,1
0.66250396,6,rgb_pca,0,1
0.6945106,6,rgb_pca,0,1
0.7342125,6,rgb_pca,0,1
0.7322175,6,rgb_pca,0,1
0.7098687,6,rgb_pca,0,1
0.65574205,6,rgb_pca,0,1
0.70486903,6,rgb_pca,0,1
0.74343204,6,rgb_pca,0,1
0.7523122,6,rgb_pca,0,1
0.76731,6,rgb_pca,0,1
0.6912681,6,rgb_pca,0,1
0.7214491,6,rgb_pca,0,1
0.7069783,6,rgb_pca,0,1
0.70176834,6,rgb_pca,0,1
0.69583863,6,rgb_pca,0,1
0.76116407,6,rgb_pca,0,1
0.68683016,6,rgb_pca,0,1
0.7235762,6,rgb_pca,0,1
0.72448957,6,rgb_pca,0,1
0.7193669,6,rgb_pca,0,1
0.7845397,6,rgb_pca,0,1
0.7331272,6,rgb_pca,0,1
0.7496465,6,rgb_pca,0,1
0.7240017,6,rgb_pca,0,1
0.728598,6,rgb_pca,0,1
0.7819153,6,rgb_pca,0,1
0.7370664,6,rgb_pca,0,1
0.7440328,6,rgb_pca,0,1
0.7747072,6,rgb_pca,0,1
0.7451455,6,rgb_pca,0,1
0.71739995,6,rgb_pca,0,1
0.7528446,6,rgb_pca,0,1
0.70014054,6,rgb_pca,0,1
0.7070625,6,rgb_pca,0,1
0.74731994,6,rgb_pca,0,1
0.7350527,6,rgb_pca,0,1
0.7122328,6,rgb_pca,0,1
0.6654638,6,rgb_pca,0,1
0.67122334,6,rgb_pca,0,1
0.73470694,6,rgb_pca,0,1
0.71350586,6,rgb_pca,0,1
0.6826485,3,rgb_pca,0,1
0.6878855,3,rgb_pca,0,1
0.69392097,3,rgb_pca,0,1
0.7072208,3,rgb_pca,0,1
0.68751657,3,rgb_pca,0,1
0.7410657,3,rgb_pca,0,1
0.7216891,3,rgb_pca,0,1
0.72380877,3,rgb_pca,0,1
0.7539222,3,rgb_pca,0,1
0.7696854,3,rgb_pca,0,1
0.72740084,3,rgb_pca,0,1
0.7027035,3,rgb_pca,0,1
0.71711963,3,rgb_pca,0,1
0.70280015,3,rgb_pca,0,1
0.7105777,3,rgb_pca,0,1
0.75709474,3,rgb_pca,0,1
0.78532696,3,rgb_pca,0,1
0.80566823,3,rgb_pca,0,1
0.77263916,3,rgb_pca,0,1
0.7233733,3,rgb_pca,0,1
0.715431,3,rgb_pca,0,1
0.7066225,3,rgb_pca,0,1
0.7541341,3,rgb_pca,0,1
0.7860981,3,rgb_pca,0,1
0.78834635,3,rgb_pca,0,1
0.8037669,3,rgb_pca,0,1
0.7633623,3,rgb_pca,0,1
0.7319399,3,rgb_pca,0,1
0.7027767,3,rgb_pca,0,1
0.67151284,3,rgb_pca,0,1
0.69944584,3,rgb_pca,0,1
0.7439914,3,rgb_pca,0,1
0.6426219,3,rgb_pca,0,1
0.61891896,3,rgb_pca,0,1
0.8150156,3,rgb_pca,0,1
0.8236757,3,rgb_pca,0,1
0.7794472,3,rgb_pca,0,1
0.76986665,3,rgb_pca,0,1
0.7589485,3,rgb_pca,0,1
0.69699,3,rgb_pca,0,1
0.7576068,3,rgb_pca,0,1
0.8167958,3,rgb_pca,0,1
0.7891718,3,rgb_pca,0,1
0.8086471,3,rgb_pca,0,1
0.80418336,3,rgb_pca,0,1
0.7859724,3,rgb_pca,0,1
0.7690924,3,rgb_pca,0,1
0.7692454,3,rgb_pca,0,1
0.7528107,3,rgb_pca,0,1
0.77539176,3,rgb_pca,0,1
0.8573358,3,rgb_pca,0,1
0.7551421,3,rgb_pca,0,1
0.78618705,3,rgb_pca,0,1
0.7448056,3,rgb_pca,0,1
0.74473864,3,rgb_pca,0,1
0.7766939,3,rgb_pca,0,1
0.7593437,3,rgb_pca,0,1
0.7437546,3,rgb_pca,0,1
0.7724085,3,rgb_pca,0,1
0.7635974,3,rgb_pca,0,1
0.70241,3,rgb_pca,0,1
0.71747375,3,rgb_pca,0,1
0.67169666,3,rgb_pca,0,1
0.66759837,3,rgb_pca,0,1
0.6555325,3,rgb_pca,0,1
0.7526448,3,rgb_pca,0,1
0.74494004,3,rgb_pca,0,1
0.74813646,3,rgb_pca,0,1
0.7564494,3,rgb_pca,0,1
0.76616275,3,rgb_pca,0,1
0.7231882,3,rgb_pca,0,1
0.7250812,3,rgb_pca,0,1
0.7628126,3,rgb_pca,0,1
0.7466732,3,rgb_pca,0,1
0.6878555,3,rgb_pca,0,1
0.71767974,3,rgb_pca,0,1
0.73533404,3,rgb_pca,0,1
0.78410923,3,rgb_pca,0,1
0.7944157,3,rgb_pca,0,1
0.77915394,3,rgb_pca,0,1
0.75422364,3,rgb_pca,0,1
0.74946564,3,rgb_pca,0,1
0.7261056,3,rgb_pca,0,1
0.7585188,3,rgb_pca,0,1
0.68834627,3,rgb_pca,0,1
0.72996974,3,rgb_pca,0,1
0.74454707,3,rgb_pca,0,1
0.7477524,3,rgb_pca,0,1
0.7180361,3,rgb_pca,0,1
0.6850647,3,rgb_pca,0,1
0.62316036,3,rgb_pca,0,1
0.67797124,3,rgb_pca,0,1
0.661355,3,rgb_pca,0,1
0.6219255,3,rgb_pca,0,1
0.74680513,3,rgb_pca,0,1
0.7018962,3,rgb_pca,0,1
0.6981328,3,rgb_pca,0,1
0.7172347,3,rgb_pca,0,1
0.7167065,3,rgb_pca,0,1
0.66709,3,rgb_pca,0,1
0.67833304,3,rgb_pca,0,1
0.7318386,3,rgb_pca,0,1
0.72435516,3,rgb_pca,0,1
0.7140032,3,rgb_pca,0,1
0.71673226,3,rgb_pca,0,1
0.71998656,3,rgb_pca,0,1
0.73585343,3,rgb_pca,0,1
0.73449755,3,rgb_pca,0,1
0.74769163,3,rgb_pca,0,1
0.72729385,3,rgb_pca,0,1
0.7909885,3,rgb_pca,0,1
0.7503954,3,rgb_pca,0,1
0.76721656,3,rgb_pca,0,1
0.74459,3,rgb_pca,0,1
0.7799642,3,rgb_pca,0,1
0.77281797,3,rgb_pca,0,1
0.7227851,3,rgb_pca,0,1
0.7588373,3,rgb_pca,0,1
0.7774517,3,rgb_pca,0,1
0.80377877,3,rgb_pca,0,1
0.72358215,6,rgb_pca,0,1
0.6766808,6,rgb_pca,0,1
0.72339594,6,rgb_pca,0,1
0.70900226,6,rgb_pca,0,1
0.7771261,6,rgb_pca,0,1
0.7753859,6,rgb_pca,0,1
0.6628922,6,rgb_pca,0,1
0.5876943,6,rgb_pca,0,1
0.67214364,6,rgb_pca,0,1
0.6896922,6,rgb_pca,0,1
0.7245982,6,rgb_pca,0,1
0.6674864,6,rgb_pca,0,1
0.5956433,6,rgb_pca,0,1
0.61100435,6,rgb_pca,0,1
0.6678021,6,rgb_pca,0,1
0.7576417,6,rgb_pca,0,1
0.6987226,6,rgb_pca,0,1
0.6255948,6,rgb_pca,0,1
0.5905514,6,rgb_pca,0,1
0.7547665,6,rgb_pca,0,1
0.66857105,6,rgb_pca,0,1
0.65466833,6,rgb_pca,0,1
0.7711228,6,rgb_pca,0,1
0.69853836,6,rgb_pca,0,1
0.7247652,6,rgb_pca,0,1
0.7132309,6,rgb_pca,0,1
0.73371553,6,rgb_pca,0,1
0.7679699,6,rgb_pca,0,1
0.6963602,6,rgb_pca,0,1
0.7516831,6,rgb_pca,0,1
0.76630807,6,rgb_pca,0,1
0.76180184,6,rgb_pca,0,1
0.73608804,6,rgb_pca,0,1
0.72857875,6,rgb_pca,0,1
0.7279366,6,rgb_pca,0,1
0.7201226,6,rgb_pca,0,1
0.75816953,6,rgb_pca,0,1
0.7424833,6,rgb_pca,0,1
0.63575536,6,rgb_pca,0,1
0.63322,6,rgb_pca,0,1
0.63769776,6,rgb_pca,0,1
0.6442479,6,rgb_pca,0,1
0.72915053,6,rgb_pca,0,1
0.7083031,6,rgb_pca,0,1
0.68027806,6,rgb_pca,0,1
0.7125064,6,rgb_pca,0,1
0.71839964,6,rgb_pca,0,1
0.7422469,6,rgb_pca,0,1
0.74301213,6,rgb_pca,0,1
0.7186438,6,rgb_pca,0,1
0.7083859,6,rgb_pca,0,1
0.75197136,6,rgb_pca,0,1
0.71780753,6,rgb_pca,0,1
0.7271635,6,rgb_pca,0,1
0.77802217,6,rgb_pca,0,1
0.7491671,6,rgb_pca,0,1
0.7682176,6,rgb_pca,0,1
0.7411653,6,rgb_pca,0,1
0.76927894,6,rgb_pca,0,1
0.77112556,6,rgb_pca,0,1
0.7515342,6,rgb_pca,0,1
0.7935463,6,rgb_pca,0,1
0.7693168,6,rgb_pca,0,1
0.79870737,6,rgb_pca,0,1
0.7142086,3,rgb_pca,0,1
0.64767647,3,rgb_pca,0,1
0.70211613,3,rgb_pca,0,1
0.7334406,3,rgb_pca,0,1
0.70953286,3,rgb_pca,0,1
0.7463217,3,rgb_pca,0,1
0.7420695,3,rgb_pca,0,1
0.76871026,3,rgb_pca,0,1
0.7667935,3,rgb_pca,0,1
0.7503284,3,rgb_pca,0,1
0.7582718,3,rgb_pca,0,1
0.74866366,3,rgb_pca,0,1
0.7511623,3,rgb_pca,0,1
0.7513832,3,rgb_pca,0,1
0.72497654,3,rgb_pca,0,1
0.7112949,3,rgb_pca,0,1
0.76502514,3,rgb_pca,0,1
0.75577116,3,rgb_pca,0,1
0.76869285,3,rgb_pca,0,1
0.75920594,3,rgb_pca,0,1
0.7455425,3,rgb_pca,0,1
0.72248375,3,rgb_pca,0,1
0.6910964,3,rgb_pca,0,1
0.658965,3,rgb_pca,0,1
0.720639,3,rgb_pca,0,1
0.71523595,3,rgb_pca,0,1
0.7012942,3,rgb_pca,0,1
0.6812253,3,rgb_pca,0,1
0.62224185,3,rgb_pca,0,1
0.580914,3,rgb_pca,0,1
0.53710157,3,rgb_pca,0,1
0.5653168,3,rgb_pca,0,1
0.4940397,3,rgb_pca,0,1
0.46863094,3,rgb_pca,0,1
0.77215093,3,rgb_pca,0,1
0.75641984,3,rgb_pca,0,1
0.7306192,3,rgb_pca,0,1
0.7114501,3,rgb_pca,0,1
0.69358623,3,rgb_pca,0,1
0.6580585,3,rgb_pca,0,1
0.6549498,3,rgb_pca,0,1
0.65153,3,rgb_pca,0,1
0.65789795,3,rgb_pca,0,1
0.78555816,3,rgb_pca,0,1
0.8036666,3,rgb_pca,0,1
0.7756659,3,rgb_pca,0,1
0.7708984,3,rgb_pca,0,1
0.751197,3,rgb_pca,0,1
0.72182244,3,rgb_pca,0,1
0.71542555,3,rgb_pca,0,1
0.7683378,3,rgb_pca,0,1
0.78701246,3,rgb_pca,0,1
0.7907808,3,rgb_pca,0,1
0.765885,3,rgb_pca,0,1
0.7641438,3,rgb_pca,0,1
0.7486756,3,rgb_pca,0,1
0.788105,3,rgb_pca,0,1
0.80622286,3,rgb_pca,0,1
0.82462037,3,rgb_pca,0,1
0.8161851,3,rgb_pca,0,1
0.711257,3,rgb_pca,0,1
0.68301994,3,rgb_pca,0,1
0.6984011,3,rgb_pca,0,1
0.6965451,3,rgb_pca,0,1
0.69971377,3,rgb_pca,0,1
0.7322422,3,rgb_pca,0,1
0.7535089,3,rgb_pca,0,1
0.7718784,3,rgb_pca,0,1
0.69333965,3,rgb_pca,0,1
0.72082937,3,rgb_pca,0,1
0.7312659,3,rgb_pca,0,1
0.74353194,3,rgb_pca,0,1
0.7476007,3,rgb_pca,0,1
0.7602189,3,rgb_pca,0,1
0.7716327,3,rgb_pca,0,1
0.7860953,3,rgb_pca,0,1
0.7098964,3,rgb_pca,0,1
0.75205266,3,rgb_pca,0,1
0.7820684,3,rgb_pca,0,1
0.7903657,3,rgb_pca,0,1
0.7884258,3,rgb_pca,0,1
0.78597915,3,rgb_pca,0,1
0.76960564,3,rgb_pca,0,1
0.787246,3,rgb_pca,0,1
0.6902697,3,rgb_pca,0,1
0.7129447,3,rgb_pca,0,1
0.7465714,3,rgb_pca,0,1
0.75836253,3,rgb_pca,0,1
0.7541119,3,rgb_pca,0,1
0.7346118,3,rgb_pca,0,1
0.69396853,3,rgb_pca,0,1
0.69560355,3,rgb_pca,0,1
0.6554364,3,rgb_pca,0,1
0.63187754,3,rgb_pca,0,1
0.69463515,3,rgb_pca,0,1
0.69448,3,rgb_pca,0,1
0.72608185,3,rgb_pca,0,1
0.7483665,3,rgb_pca,0,1
0.7491151,3,rgb_pca,0,1
0.74931633,3,rgb_pca,0,1
0.7141573,3,rgb_pca,0,1
0.71911114,3,rgb_pca,0,1
0.697901,3,rgb_pca,0,1
0.67896104,3,rgb_pca,0,1
0.69430065,3,rgb_pca,0,1
0.7421812,3,rgb_pca,0,1
0.7627897,3,rgb_pca,0,1
0.7598685,3,rgb_pca,0,1
0.75454473,3,rgb_pca,0,1
0.718061,3,rgb_pca,0,1
0.75609833,3,rgb_pca,0,1
0.6826247,3,rgb_pca,0,1
0.74261826,3,rgb_pca,0,1
0.7387965,3,rgb_pca,0,1
0.74965787,3,rgb_pca,0,1
0.72047704,3,rgb_pca,0,1
0.71568453,3,rgb_pca,0,1
0.7443226,3,rgb_pca,0,1
0.7614039,3,rgb_pca,0,1
0.77318776,3,rgb_pca,0,1
0.71192867,2,rgb_pca,0,1
0.7692545,2,rgb_pca,0,1
0.75478333,2,rgb_pca,0,1
0.7365343,2,rgb_pca,0,1
0.74243885,2,rgb_pca,0,1
0.7501623,2,rgb_pca,0,1
0.8130123,2,rgb_pca,0,1
0.80377626,2,rgb_pca,0,1
0.79098284,2,rgb_pca,0,1
0.8183718,2,rgb_pca,0,1
0.7690995,2,rgb_pca,0,1
0.75499165,2,rgb_pca,0,1
0.76232123,2,rgb_pca,0,1
0.8050742,2,rgb_pca,0,1
0.8026921,2,rgb_pca,0,1
0.79299647,2,rgb_pca,0,1
0.79249704,2,rgb_pca,0,1
0.7642887,2,rgb_pca,0,1
0.77333695,2,rgb_pca,0,1
0.75935304,2,rgb_pca,0,1
0.80143267,2,rgb_pca,0,1
0.806347,2,rgb_pca,0,1
0.7498216,2,rgb_pca,0,1
0.75869715,2,rgb_pca,0,1
0.763872,2,rgb_pca,0,1
0.7717521,2,rgb_pca,0,1
0.7464824,2,rgb_pca,0,1
0.7726083,2,rgb_pca,0,1
0.7908015,2,rgb_pca,0,1
0.7830813,2,rgb_pca,0,1
0.815184,2,rgb_pca,0,1
0.815305,2,rgb_pca,0,1
0.7449025,2,rgb_pca,0,1
0.7562009,2,rgb_pca,0,1
0.72610664,2,rgb_pca,0,1
0.7328461,2,rgb_pca,0,1
0.7840255,2,rgb_pca,0,1
0.7751842,2,rgb_pca,0,1
0.8278108,2,rgb_pca,0,1
0.8062966,2,rgb_pca,0,1
0.7705321,2,rgb_pca,0,1
0.77578187,2,rgb_pca,0,1
0.7620003,2,rgb_pca,0,1
0.7814169,2,rgb_pca,0,1
0.8039464,2,rgb_pca,0,1
0.77745783,2,rgb_pca,0,1
0.8108431,2,rgb_pca,0,1
0.8178603,2,rgb_pca,0,1
0.8007538,2,rgb_pca,0,1
0.78780186,2,rgb_pca,0,1
0.7946583,2,rgb_pca,0,1
0.80204177,2,rgb_pca,0,1
0.82033765,2,rgb_pca,0,1
0.80776465,2,rgb_pca,0,1
0.8013234,2,rgb_pca,0,1
0.8276283,2,rgb_pca,0,1
0.83016765,2,rgb_pca,0,1
0.8341919,2,rgb_pca,0,1
0.81371605,2,rgb_pca,0,1
0.83260685,2,rgb_pca,0,1
0.81643474,2,rgb_pca,0,1
0.8121006,2,rgb_pca,0,1
0.796898,2,rgb_pca,0,1
0.80060565,2,rgb_pca,0,1
0.73227406,2,rgb_pca,0,1
0.7677815,2,rgb_pca,0,1
0.81011605,2,rgb_pca,0,1
0.8329164,2,rgb_pca,0,1
0.8045526,2,rgb_pca,0,1
0.8074965,2,rgb_pca,0,1
0.7718953,2,rgb_pca,0,1
0.7659153,2,rgb_pca,0,1
0.791978,2,rgb_pca,0,1
0.7956589,2,rgb_pca,0,1
0.7512431,2,rgb_pca,0,1
0.78122413,2,rgb_pca,0,1
0.8237672,2,rgb_pca,0,1
0.8218476,2,rgb_pca,0,1
0.72588146,2,rgb_pca,0,1
0.7300824,2,rgb_pca,0,1
0.690747,2,rgb_pca,0,1
0.65753067,2,rgb_pca,0,1
0.7427027,2,rgb_pca,0,1
0.7659267,2,rgb_pca,0,1
0.75995344,2,rgb_pca,0,1
0.8130892,2,rgb_pca,0,1
0.8333517,2,rgb_pca,0,1
0.8168714,2,rgb_pca,0,1
0.7494279,2,rgb_pca,0,1
0.73407376,2,rgb_pca,0,1
0.65652937,2,rgb_pca,0,1
0.60314155,2,rgb_pca,0,1
0.7515792,2,rgb_pca,0,1
0.7802192,2,rgb_pca,0,1
0.7521459,2,rgb_pca,0,1
0.7842253,2,rgb_pca,0,1
0.8133843,2,rgb_pca,0,1
0.73489577,2,rgb_pca,0,1
0.7289004,2,rgb_pca,0,1
0.6512871,2,rgb_pca,0,1
0.5849997,2,rgb_pca,0,1
0.7366406,2,rgb_pca,0,1
0.7692734,2,rgb_pca,0,1
0.74915403,2,rgb_pca,0,1
0.7953252,2,rgb_pca,0,1
0.70839393,2,rgb_pca,0,1
0.7644968,2,rgb_pca,0,1
0.81587434,2,rgb_pca,0,1
0.6437385,2,rgb_pca,0,1
0.7173426,2,rgb_pca,0,1
0.7577275,2,rgb_pca,0,1
0.7435611,2,rgb_pca,0,1
0.78842515,2,rgb_pca,0,1
0.7037978,2,rgb_pca,0,1
0.7618127,2,rgb_pca,0,1
0.77561694,2,rgb_pca,0,1
0.7350062,2,rgb_pca,0,1
0.79220676,2,rgb_pca,0,1
0.69577885,2,rgb_pca,0,1
0.7509003,2,rgb_pca,0,1
0.7760595,2,rgb_pca,0,1
0.81859326,2,rgb_pca,0,1
0.80415976,2,rgb_pca,0,1
0.765738,2,rgb_pca,0,1
0.79789007,2,rgb_pca,0,1
0.7202695,2,rgb_pca,0,1
0.74637306,2,rgb_pca,0,1
0.7996321,2,rgb_pca,0,1
0.8377369,2,rgb_pca,0,1
0.8424773,2,rgb_pca,0,1
0.8137591,2,rgb_pca,0,1
0.8273243,2,rgb_pca,0,1
0.76650083,2,rgb_pca,0,1
0.7500086,2,rgb_pca,0,1
0.8030187,2,rgb_pca,0,1
0.8325237,2,rgb_pca,0,1
0.81514645,2,rgb_pca,0,1
0.79627764,2,rgb_pca,0,1
0.80716646,2,rgb_pca,0,1
0.8149325,2,rgb_pca,0,1
0.79539675,2,rgb_pca,0,1
0.76379985,2,rgb_pca,0,1
0.73807013,2,rgb_pca,0,1
0.75998574,2,rgb_pca,0,1
0.7899543,2,rgb_pca,0,1
0.80461097,2,rgb_pca,0,1
0.8132362,2,rgb_pca,0,1
0.7854506,2,rgb_pca,0,1
0.7644487,2,rgb_pca,0,1
0.80718017,2,rgb_pca,0,1
0.80038196,2,rgb_pca,0,1
0.8000509,2,rgb_pca,0,1
0.784661,2,rgb_pca,0,1
0.7488338,2,rgb_pca,0,1
0.744092,2,rgb_pca,0,1
0.78045607,2,rgb_pca,0,1
0.81325865,2,rgb_pca,0,1
0.8469053,2,rgb_pca,0,1
0.8053069,2,rgb_pca,0,1
0.7449165,2,rgb_pca,0,1
0.7971009,2,rgb_pca,0,1
0.7968807,2,rgb_pca,0,1
0.8013217,2,rgb_pca,0,1
0.8030244,2,rgb_pca,0,1
0.75442374,2,rgb_pca,0,1
0.7335787,2,rgb_pca,0,1
0.6942208,2,rgb_pca,0,1
0.7316276,2,rgb_pca,0,1
0.7460108,2,rgb_pca,0,1
0.78734434,2,rgb_pca,0,1
0.8279638,2,rgb_pca,0,1
0.7775063,2,rgb_pca,0,1
0.7262432,2,rgb_pca,0,1
0.80235934,2,rgb_pca,0,1
0.7652192,2,rgb_pca,0,1
0.7889284,2,rgb_pca,0,1
0.80755895,2,rgb_pca,0,1
0.76309407,2,rgb_pca,0,1
0.735119,2,rgb_pca,0,1
0.681746,2,rgb_pca,0,1
0.77157336,2,rgb_pca,0,1
0.7855621,2,rgb_pca,0,1
0.82945365,2,rgb_pca,0,1
0.86572826,2,rgb_pca,0,1
0.8483099,2,rgb_pca,0,1
0.79681426,2,rgb_pca,0,1
0.83707,2,rgb_pca,0,1
0.8038081,2,rgb_pca,0,1
0.80115855,2,rgb_pca,0,1
0.81894875,2,rgb_pca,0,1
0.7872783,2,rgb_pca,0,1
0.7782892,2,rgb_pca,0,1
0.73829126,2,rgb_pca,0,1
0.73496693,2,rgb_pca,0,1
0.74197865,2,rgb_pca,0,1
0.76452297,2,rgb_pca,0,1
0.80419385,2,rgb_pca,0,1
0.83904773,2,rgb_pca,0,1
0.85734355,2,rgb_pca,0,1
0.82886857,2,rgb_pca,0,1
0.7945353,2,rgb_pca,0,1
0.8103782,2,rgb_pca,0,1
0.7792769,2,rgb_pca,0,1
0.7654459,2,rgb_pca,0,1
0.7820659,2,rgb_pca,0,1
0.749917,2,rgb_pca,0,1
0.77012026,2,rgb_pca,0,1
0.7742174,2,rgb_pca,0,1
0.7085839,2,rgb_pca,0,1
0.7063383,2,rgb_pca,0,1
0.7508128,2,rgb_pca,0,1
0.8019942,2,rgb_pca,0,1
0.790164,2,rgb_pca,0,1
0.82756734,2,rgb_pca,0,1
0.7445364,2,rgb_pca,0,1
0.6995597,2,rgb_pca,0,1
0.7785469,2,rgb_pca,0,1
0.7336689,2,rgb_pca,0,1
0.7192552,2,rgb_pca,0,1
0.7184433,2,rgb_pca,0,1
0.7596523,2,rgb_pca,0,1
0.7718179,2,rgb_pca,0,1
0.7468096,2,rgb_pca,0,1
0.7399132,2,rgb_pca,0,1
0.7528828,2,rgb_pca,0,1
0.77469146,2,rgb_pca,0,1
0.79102147,2,rgb_pca,0,1
0.77481365,2,rgb_pca,0,1
0.79682684,2,rgb_pca,0,1
0.69925344,2,rgb_pca,0,1
0.599314,2,rgb_pca,0,1
0.7467098,2,rgb_pca,0,1
0.7146051,2,rgb_pca,0,1
0.66464293,2,rgb_pca,0,1
0.7033142,2,rgb_pca,0,1
0.7730794,2,rgb_pca,0,1
0.78711325,2,rgb_pca,0,1
0.7927495,2,rgb_pca,0,1
0.7943648,2,rgb_pca,0,1
0.7700494,2,rgb_pca,0,1
0.80851626,2,rgb_pca,0,1
0.6846604,2,rgb_pca,0,1
0.53493917,2,rgb_pca,0,1
0.68042815,2,rgb_pca,0,1
0.71375585,2,rgb_pca,0,1
0.68016577,2,rgb_pca,0,1
0.7001666,2,rgb_pca,0,1
0.76273656,2,rgb_pca,0,1
0.7746809,2,rgb_pca,0,1
0.81952536,2,rgb_pca,0,1
0.7578676,2,rgb_pca,0,1
0.7819903,2,rgb_pca,0,1
0.8314374,2,rgb_pca,0,1
0.80577064,2,rgb_pca,0,1
0.7687385,2,rgb_pca,0,1
0.7458361,2,rgb_pca,0,1
0.8264917,2,rgb_pca,0,1
0.79204094,2,rgb_pca,0,1
0.7773902,2,rgb_pca,0,1
0.8280869,2,rgb_pca,0,1
0.8016872,2,rgb_pca,0,1
0.7899413,2,rgb_pca,0,1
0.7943818,2,rgb_pca,0,1
0.75703377,2,rgb_pca,0,1
0.82914466,2,rgb_pca,0,1
0.7950912,2,rgb_pca,0,1
0.7448891,2,rgb_pca,0,1
0.7686417,2,rgb_pca,0,1
0.7484525,2,rgb_pca,0,1
0.8391576,2,rgb_pca,0,1
0.8092817,2,rgb_pca,0,1
0.788163,2,rgb_pca,0,1
0.78871834,2,rgb_pca,0,1
0.80807173,2,rgb_pca,0,1
0.83423513,2,rgb_pca,0,1
0.8020426,2,rgb_pca,0,1
0.7696434,2,rgb_pca,0,1
0.77853763,2,rgb_pca,0,1
0.8146826,2,rgb_pca,0,1
0.8256614,2,rgb_pca,0,1
0.797161,2,rgb_pca,0,1
0.7458695,2,rgb_pca,0,1
0.75279665,2,rgb_pca,0,1
0.7722596,2,rgb_pca,0,1
0.8086276,2,rgb_pca,0,1
0.79607236,2,rgb_pca,0,1
0.7540418,2,rgb_pca,0,1
0.81305736,2,rgb_pca,0,1
0.77117205,2,rgb_pca,0,1
0.76475775,2,rgb_pca,0,1
0.7500297,6,rgb_pca,0,1
0.72999376,6,rgb_pca,0,1
0.663147,6,rgb_pca,0,1
0.66896313,6,rgb_pca,0,1
0.79609716,6,rgb_pca,0,1
0.75422424,6,rgb_pca,0,1
0.7642441,6,rgb_pca,0,1
0.70895076,6,rgb_pca,0,1
0.71365917,6,rgb_pca,0,1
0.77563894,6,rgb_pca,0,1
0.76870954,6,rgb_pca,0,1
0.79025966,6,rgb_pca,0,1
0.7775605,6,rgb_pca,0,1
0.7550522,6,rgb_pca,0,1
0.7398949,6,rgb_pca,0,1
0.7471047,6,rgb_pca,0,1
0.7771517,6,rgb_pca,0,1
0.80432975,6,rgb_pca,0,1
0.7581916,6,rgb_pca,0,1
0.7439692,6,rgb_pca,0,1
0.7747917,6,rgb_pca,0,1
0.75430113,6,rgb_pca,0,1
0.7381634,6,rgb_pca,0,1
0.68699497,6,rgb_pca,0,1
0.69264376,6,rgb_pca,0,1
0.7283151,6,rgb_pca,0,1
0.7178837,6,rgb_pca,0,1
0.7508004,6,rgb_pca,0,1
0.76095104,6,rgb_pca,0,1
0.74488854,6,rgb_pca,0,1
0.73729014,6,rgb_pca,0,1
0.7106238,6,rgb_pca,0,1
0.73006153,6,rgb_pca,0,1
0.7313633,6,rgb_pca,0,1
0.728519,6,rgb_pca,0,1
0.7514358,6,rgb_pca,0,1
0.7468355,6,rgb_pca,0,1
0.7684029,6,rgb_pca,0,1
0.71619445,6,rgb_pca,0,1
0.7291809,6,rgb_pca,0,1
0.7527531,6,rgb_pca,0,1
0.7568151,6,rgb_pca,0,1
0.7503159,6,rgb_pca,0,1
0.77691656,6,rgb_pca,0,1
0.7865281,6,rgb_pca,0,1
0.76792395,6,rgb_pca,0,1
0.76044905,6,rgb_pca,0,1
0.7872462,6,rgb_pca,0,1
0.77344716,6,rgb_pca,0,1
0.8164505,6,rgb_pca,0,1
0.8243053,6,rgb_pca,0,1
0.78369355,6,rgb_pca,0,1
0.74133414,6,rgb_pca,0,1
0.8092403,6,rgb_pca,0,1
0.80951273,6,rgb_pca,0,1
0.8068456,6,rgb_pca,0,1
0.74146944,6,rgb_pca,0,1
0.72574353,6,rgb_pca,0,1
0.80236864,6,rgb_pca,0,1
0.80841684,6,rgb_pca,0,1
0.7884848,6,rgb_pca,0,1
0.7915009,6,rgb_pca,0,1
0.7966141,6,rgb_pca,0,1
0.75420505,6,rgb_pca,0,1
0.7466487,6,rgb_pca,0,1
0.7402618,6,rgb_pca,0,1
0.759385,6,rgb_pca,0,1
0.76957196,6,rgb_pca,0,1
0.7681345,6,rgb_pca,0,1
0.7698952,6,rgb_pca,0,1
0.79159474,6,rgb_pca,0,1
0.8101733,6,rgb_pca,0,1
0.7447044,6,rgb_pca,0,1
0.74332446,6,rgb_pca,0,1
0.7493663,6,rgb_pca,0,1
0.7585462,6,rgb_pca,0,1
0.7777518,6,rgb_pca,0,1
0.76186717,6,rgb_pca,0,1
0.78023416,6,rgb_pca,0,1
0.77360076,6,rgb_pca,0,1
0.77352595,6,rgb_pca,0,1
0.78783596,6,rgb_pca,0,1
0.7804886,6,rgb_pca,0,1
0.78224415,6,rgb_pca,0,1
0.7702255,6,rgb_pca,0,1
0.7734026,6,rgb_pca,0,1
0.7818128,6,rgb_pca,0,1
0.75881195,6,rgb_pca,0,1
0.72948974,6,rgb_pca,0,1
0.7466106,6,rgb_pca,0,1
0.7737681,6,rgb_pca,0,1
0.77548116,6,rgb_pca,0,1
0.78407717,6,rgb_pca,0,1
0.7768832,6,rgb_pca,0,1
0.78513795,6,rgb_pca,0,1
0.78929263,6,rgb_pca,0,1
0.79534173,6,rgb_pca,0,1
0.81438637,6,rgb_pca,0,1
0.6416439,2,rgb_pca,0,1
0.6952126,2,rgb_pca,0,1
0.69585747,2,rgb_pca,0,1
0.7031827,2,rgb_pca,0,1
0.7991292,2,rgb_pca,0,1
0.73195016,2,rgb_pca,0,1
0.7870053,2,rgb_pca,0,1
0.7586554,2,rgb_pca,0,1
0.68118733,2,rgb_pca,0,1
0.7806853,2,rgb_pca,0,1
0.72860235,2,rgb_pca,0,1
0.73374915,2,rgb_pca,0,1
0.7746318,2,rgb_pca,0,1
0.8291301,2,rgb_pca,0,1
0.7828553,2,rgb_pca,0,1
0.74826354,2,rgb_pca,0,1
0.7932713,2,rgb_pca,0,1
0.71295273,2,rgb_pca,0,1
0.74722594,2,rgb_pca,0,1
0.79374474,2,rgb_pca,0,1
0.8279958,2,rgb_pca,0,1
0.8136178,2,rgb_pca,0,1
0.7600504,2,rgb_pca,0,1
0.81071484,2,rgb_pca,0,1
0.69404066,2,rgb_pca,0,1
0.7710264,2,rgb_pca,0,1
0.8053855,2,rgb_pca,0,1
0.8166301,2,rgb_pca,0,1
0.80848867,2,rgb_pca,0,1
0.7830188,2,rgb_pca,0,1
0.82110935,2,rgb_pca,0,1
0.8517724,2,rgb_pca,0,1
0.7484788,2,rgb_pca,0,1
0.7667494,2,rgb_pca,0,1
0.760002,2,rgb_pca,0,1
0.7766813,2,rgb_pca,0,1
0.7753811,2,rgb_pca,0,1
0.7568344,2,rgb_pca,0,1
0.81690973,2,rgb_pca,0,1
0.82739985,2,rgb_pca,0,1
0.7827621,2,rgb_pca,0,1
0.7844545,2,rgb_pca,0,1
0.7323827,2,rgb_pca,0,1
0.7542714,2,rgb_pca,0,1
0.75430584,2,rgb_pca,0,1
0.69928896,2,rgb_pca,0,1
0.7609873,2,rgb_pca,0,1
0.80874515,2,rgb_pca,0,1
0.7717134,2,rgb_pca,0,1
0.7701191,2,rgb_pca,0,1
0.7334477,2,rgb_pca,0,1
0.74327505,2,rgb_pca,0,1
0.7801984,2,rgb_pca,0,1
0.7671156,2,rgb_pca,0,1
0.7849563,2,rgb_pca,0,1
0.8345311,2,rgb_pca,0,1
0.793687,2,rgb_pca,0,1
0.79749423,2,rgb_pca,0,1
0.70990896,2,rgb_pca,0,1
0.7517669,2,rgb_pca,0,1
0.77900875,2,rgb_pca,0,1
0.73785746,2,rgb_pca,0,1
0.82217956,2,rgb_pca,0,1
0.8310776,2,rgb_pca,0,1
0.7442267,2,rgb_pca,0,1
0.7835452,2,rgb_pca,0,1
0.81699955,2,rgb_pca,0,1
0.80802494,2,rgb_pca,0,1
0.7260179,2,rgb_pca,0,1
0.741744,2,rgb_pca,0,1
0.73296547,2,rgb_pca,0,1
0.71479803,2,rgb_pca,0,1
0.7390185,2,rgb_pca,0,1
0.8188217,2,rgb_pca,0,1
0.74897814,2,rgb_pca,0,1
0.78833777,2,rgb_pca,0,1
0.8157031,2,rgb_pca,0,1
0.79697937,2,rgb_pca,0,1
0.7071092,2,rgb_pca,0,1
0.7357367,2,rgb_pca,0,1
0.7302592,2,rgb_pca,0,1
0.6684631,2,rgb_pca,0,1
0.757111,2,rgb_pca,0,1
0.7528421,2,rgb_pca,0,1
0.7936177,2,rgb_pca,0,1
0.7803134,2,rgb_pca,0,1
0.79340446,2,rgb_pca,0,1
0.79245746,2,rgb_pca,0,1
0.7496076,2,rgb_pca,0,1
0.72268724,2,rgb_pca,0,1
0.6956258,2,rgb_pca,0,1
0.6488185,2,rgb_pca,0,1
0.7271113,2,rgb_pca,0,1
0.76321924,2,rgb_pca,0,1
0.79520524,2,rgb_pca,0,1
0.7781893,2,rgb_pca,0,1
0.7674322,2,rgb_pca,0,1
0.71994877,2,rgb_pca,0,1
0.741709,2,rgb_pca,0,1
0.68268365,2,rgb_pca,0,1
0.61058575,2,rgb_pca,0,1
0.6948109,2,rgb_pca,0,1
0.76621056,2,rgb_pca,0,1
0.72700906,2,rgb_pca,0,1
0.768541,2,rgb_pca,0,1
0.6904223,2,rgb_pca,0,1
0.7185098,2,rgb_pca,0,1
0.7747778,2,rgb_pca,0,1
0.628432,2,rgb_pca,0,1
0.72400725,2,rgb_pca,0,1
0.7575531,2,rgb_pca,0,1
0.74700916,2,rgb_pca,0,1
0.78602654,2,rgb_pca,0,1
0.71330523,2,rgb_pca,0,1
0.7721932,2,rgb_pca,0,1
0.7839791,2,rgb_pca,0,1
0.7740866,2,rgb_pca,0,1
0.81532073,2,rgb_pca,0,1
0.73717576,2,rgb_pca,0,1
0.7359861,2,rgb_pca,0,1
0.7392189,2,rgb_pca,0,1
0.79247135,2,rgb_pca,0,1
0.7960276,2,rgb_pca,0,1
0.768909,2,rgb_pca,0,1
0.7903731,2,rgb_pca,0,1
0.77414566,2,rgb_pca,0,1
0.77546835,2,rgb_pca,0,1
0.74820054,2,rgb_pca,0,1
0.8230376,2,rgb_pca,0,1
0.80353963,2,rgb_pca,0,1
0.77623576,2,rgb_pca,0,1
0.80144656,2,rgb_pca,0,1
0.8144159,2,rgb_pca,0,1
0.80708885,2,rgb_pca,0,1
0.7887756,2,rgb_pca,0,1
0.79803157,2,rgb_pca,0,1
0.8211529,2,rgb_pca,0,1
0.7612006,2,rgb_pca,0,1
0.7962699,2,rgb_pca,0,1
0.7907981,2,rgb_pca,0,1
0.71978503,2,rgb_pca,0,1
0.66099495,2,rgb_pca,0,1
0.7295947,2,rgb_pca,0,1
0.7587197,2,rgb_pca,0,1
0.772213,2,rgb_pca,0,1
0.7535775,2,rgb_pca,0,1
0.80271256,2,rgb_pca,0,1
0.78286135,2,rgb_pca,0,1
0.74741054,2,rgb_pca,0,1
0.80205345,2,rgb_pca,0,1
0.78398657,2,rgb_pca,0,1
0.6857164,2,rgb_pca,0,1
0.65062803,2,rgb_pca,0,1
0.71819884,2,rgb_pca,0,1
0.75345325,2,rgb_pca,0,1
0.75524104,2,rgb_pca,0,1
0.75287795,2,rgb_pca,0,1
0.7972245,2,rgb_pca,0,1
0.798184,2,rgb_pca,0,1
0.75198996,2,rgb_pca,0,1
0.80899704,2,rgb_pca,0,1
0.7880442,2,rgb_pca,0,1
0.7772454,2,rgb_pca,0,1
0.7531608,2,rgb_pca,0,1
0.7505342,2,rgb_pca,0,1
0.7638018,2,rgb_pca,0,1
0.71350014,2,rgb_pca,0,1
0.7277107,2,rgb_pca,0,1
0.7688761,2,rgb_pca,0,1
0.7797663,2,rgb_pca,0,1
0.7876799,2,rgb_pca,0,1
0.7857855,2,rgb_pca,0,1
0.7639003,2,rgb_pca,0,1
0.7918134,2,rgb_pca,0,1
0.7995925,2,rgb_pca,0,1
0.7913398,2,rgb_pca,0,1
0.7651709,2,rgb_pca,0,1
0.74896467,2,rgb_pca,0,1
0.78020537,2,rgb_pca,0,1
0.7424134,2,rgb_pca,0,1
0.76006854,2,rgb_pca,0,1
0.8086757,2,rgb_pca,0,1
0.7957132,2,rgb_pca,0,1
0.8259919,2,rgb_pca,0,1
0.8289806,2,rgb_pca,0,1
0.8070222,2,rgb_pca,0,1
0.8256078,2,rgb_pca,0,1
0.82715905,2,rgb_pca,0,1
0.8061184,2,rgb_pca,0,1
0.78758466,2,rgb_pca,0,1
0.7422811,2,rgb_pca,0,1
0.78548926,2,rgb_pca,0,1
0.7816683,2,rgb_pca,0,1
0.7266134,2,rgb_pca,0,1
0.76208204,2,rgb_pca,0,1
0.74851394,2,rgb_pca,0,1
0.78218794,2,rgb_pca,0,1
0.77970964,2,rgb_pca,0,1
0.7710797,2,rgb_pca,0,1
0.7671095,2,rgb_pca,0,1
0.75539327,2,rgb_pca,0,1
0.7833146,2,rgb_pca,0,1
0.7946024,2,rgb_pca,0,1
0.78042275,2,rgb_pca,0,1
0.7780386,2,rgb_pca,0,1
0.75620407,2,rgb_pca,0,1
0.7400971,2,rgb_pca,0,1
0.7469554,2,rgb_pca,0,1
0.7410064,2,rgb_pca,0,1
0.76603186,2,rgb_pca,0,1
0.74816155,2,rgb_pca,0,1
0.76487666,2,rgb_pca,0,1
0.74314,2,rgb_pca,0,1
0.73437977,2,rgb_pca,0,1
0.66919357,2,rgb_pca,0,1
0.6561681,2,rgb_pca,0,1
0.73216206,2,rgb_pca,0,1
0.6795676,2,rgb_pca,0,1
0.73670495,2,rgb_pca,0,1
0.7281869,2,rgb_pca,0,1
0.7728805,2,rgb_pca,0,1
0.7713473,2,rgb_pca,0,1
0.68855464,2,rgb_pca,0,1
0.7886421,2,rgb_pca,0,1
0.81870615,2,rgb_pca,0,1
0.7912221,2,rgb_pca,0,1
0.7718569,2,rgb_pca,0,1
0.7727928,2,rgb_pca,0,1
0.7298378,2,rgb_pca,0,1
0.6563443,2,rgb_pca,0,1
0.5559003,2,rgb_pca,0,1
0.64629143,2,rgb_pca,0,1
0.6314168,2,rgb_pca,0,1
0.697057,2,rgb_pca,0,1
0.73243415,2,rgb_pca,0,1
0.73967654,2,rgb_pca,0,1
0.78215015,2,rgb_pca,0,1
0.81263644,2,rgb_pca,0,1
0.812427,2,rgb_pca,0,1
0.73369354,2,rgb_pca,0,1
0.69824415,2,rgb_pca,0,1
0.613492,2,rgb_pca,0,1
0.5087407,2,rgb_pca,0,1
0.58335865,2,rgb_pca,0,1
0.6460273,2,rgb_pca,0,1
0.77388597,2,rgb_pca,0,1
0.77910805,2,rgb_pca,0,1
0.760068,2,rgb_pca,0,1
0.72015464,2,rgb_pca,0,1
0.71058977,2,rgb_pca,0,1
0.64584416,2,rgb_pca,0,1
0.7457381,2,rgb_pca,0,1
0.7684482,2,rgb_pca,0,1
0.7779089,2,rgb_pca,0,1
0.7682475,2,rgb_pca,0,1
0.78110504,2,rgb_pca,0,1
0.7974018,2,rgb_pca,0,1
0.77786756,2,rgb_pca,0,1
0.7710837,2,rgb_pca,0,1
0.8172972,2,rgb_pca,0,1
0.7970763,2,rgb_pca,0,1
0.782485,2,rgb_pca,0,1
0.7617415,2,rgb_pca,0,1
0.7063993,2,rgb_pca,0,1
0.81480247,2,rgb_pca,0,1
0.7685405,2,rgb_pca,0,1
0.75519305,2,rgb_pca,0,1
0.7540174,2,rgb_pca,0,1
0.71629757,2,rgb_pca,0,1
0.80520916,2,rgb_pca,0,1
0.7586543,2,rgb_pca,0,1
0.74504954,2,rgb_pca,0,1
0.7554049,2,rgb_pca,0,1
0.75303555,2,rgb_pca,0,1
0.7995927,2,rgb_pca,0,1
0.77690864,2,rgb_pca,0,1
0.76754916,2,rgb_pca,0,1
0.74820423,2,rgb_pca,0,1
0.77247834,2,rgb_pca,0,1
0.7928722,2,rgb_pca,0,1
0.7588978,2,rgb_pca,0,1
0.7724383,2,rgb_pca,0,1
0.7964926,2,rgb_pca,0,1
0.790099,2,rgb_pca,0,1
0.74027836,2,rgb_pca,0,1
0.73344964,2,rgb_pca,0,1
0.766772,2,rgb_pca,0,1
0.7272724,2,rgb_pca,0,1
0.70398295,2,rgb_pca,0,1
0.7479886,2,rgb_pca,0,1
0.8120786,6,rgb_pca,0,1
0.7971605,6,rgb_pca,0,1
0.7684416,6,rgb_pca,0,1
0.7687661,6,rgb_pca,0,1
0.7955001,6,rgb_pca,0,1
0.7941803,6,rgb_pca,0,1
0.78373396,6,rgb_pca,0,1
0.76082706,6,rgb_pca,0,1
0.7653342,6,rgb_pca,0,1
0.7534075,6,rgb_pca,0,1
0.7609061,6,rgb_pca,0,1
0.77965045,6,rgb_pca,0,1
0.791807,6,rgb_pca,0,1
0.80264163,6,rgb_pca,0,1
0.79545105,6,rgb_pca,0,1
0.8003628,6,rgb_pca,0,1
0.806669,6,rgb_pca,0,1
0.8104769,6,rgb_pca,0,1
0.7685932,6,rgb_pca,0,1
0.77880085,6,rgb_pca,0,1
0.7861659,6,rgb_pca,0,1
0.7967881,6,rgb_pca,0,1
0.80208063,6,rgb_pca,0,1
0.8025542,6,rgb_pca,0,1
0.81082773,6,rgb_pca,0,1
0.7523098,6,rgb_pca,0,1
0.7608486,6,rgb_pca,0,1
0.7883136,6,rgb_pca,0,1
0.7942609,6,rgb_pca,0,1
0.79234153,6,rgb_pca,0,1
0.774328,6,rgb_pca,0,1
0.78637797,6,rgb_pca,0,1
0.73627555,6,rgb_pca,0,1
0.7353982,6,rgb_pca,0,1
0.74020875,6,rgb_pca,0,1
0.7667806,6,rgb_pca,0,1
0.76682925,6,rgb_pca,0,1
0.75946164,6,rgb_pca,0,1
0.76752675,6,rgb_pca,0,1
0.7403959,6,rgb_pca,0,1
0.7292282,6,rgb_pca,0,1
0.7580386,6,rgb_pca,0,1
0.7734419,6,rgb_pca,0,1
0.780924,6,rgb_pca,0,1
0.7782949,6,rgb_pca,0,1
0.76020026,6,rgb_pca,0,1
0.7609836,6,rgb_pca,0,1
0.7594211,6,rgb_pca,0,1
0.74258983,6,rgb_pca,0,1
0.7668873,6,rgb_pca,0,1
0.7833785,6,rgb_pca,0,1
0.7799211,6,rgb_pca,0,1
0.78654397,6,rgb_pca,0,1
0.77464914,6,rgb_pca,0,1
0.77198595,6,rgb_pca,0,1
0.797152,6,rgb_pca,0,1
0.80641234,6,rgb_pca,0,1
0.81867206,6,rgb_pca,0,1
0.7841178,6,rgb_pca,0,1
0.7589678,6,rgb_pca,0,1
0.7727274,6,rgb_pca,0,1
0.7926389,6,rgb_pca,0,1
0.8082439,6,rgb_pca,0,1
0.80636156,6,rgb_pca,0,1
0.81202716,6,rgb_pca,0,1
0.79225886,6,rgb_pca,0,1
0.7994969,6,rgb_pca,0,1
0.78987134,6,rgb_pca,0,1
0.8001739,6,rgb_pca,0,1
0.7946885,6,rgb_pca,0,1
0.7963632,6,rgb_pca,0,1
0.79726523,6,rgb_pca,0,1
0.7845669,6,rgb_pca,0,1
0.7881362,6,rgb_pca,0,1
0.7897419,6,rgb_pca,0,1
0.784608,6,rgb_pca,0,1
0.79747015,6,rgb_pca,0,1
0.78698474,6,rgb_pca,0,1
0.77164125,6,rgb_pca,0,1
0.736658,6,rgb_pca,0,1
0.7292725,6,rgb_pca,0,1
0.77024543,6,rgb_pca,0,1
0.7691332,6,rgb_pca,0,1
0.789226,6,rgb_pca,0,1
0.7598156,6,rgb_pca,0,1
0.7339988,6,rgb_pca,0,1
0.69849384,6,rgb_pca,0,1
0.8010094,6,rgb_pca,0,1
0.75895166,6,rgb_pca,0,1
0.73871505,6,rgb_pca,0,1
0.77271116,6,rgb_pca,0,1
0.78359795,6,rgb_pca,0,1
0.74908745,6,rgb_pca,0,1
0.79295766,6,rgb_pca,0,1
0.7977491,6,rgb_pca,0,1
0.77158546,6,rgb_pca,0,1
0.7957345,6,rgb_pca,0,1
0.7931731,6,rgb_pca,0,1
0.6235702,4,rgb_pca,0,1
0.6135683,4,rgb_pca,0,1
0.5837954,4,rgb_pca,0,1
0.6051033,4,rgb_pca,0,1
0.55784714,4,rgb_pca,0,1
0.6073815,4,rgb_pca,0,1
0.6085283,4,rgb_pca,0,1
0.6829127,4,rgb_pca,0,1
0.61667293,4,rgb_pca,0,1
0.6280205,4,rgb_pca,0,1
0.63284105,4,rgb_pca,0,1
0.69437784,4,rgb_pca,0,1
0.7114432,4,rgb_pca,0,1
0.70348185,4,rgb_pca,0,1
0.699129,4,rgb_pca,0,1
0.7374582,4,rgb_pca,0,1
0.64483726,4,rgb_pca,0,1
0.66913855,4,rgb_pca,0,1
0.67521286,4,rgb_pca,0,1
0.71355677,4,rgb_pca,0,1
0.6296798,4,rgb_pca,0,1
0.6651806,4,rgb_pca,0,1
0.64315426,4,rgb_pca,0,1
0.6719907,4,rgb_pca,0,1
0.66886747,4,rgb_pca,0,1
0.6821249,4,rgb_pca,0,1
0.6762298,4,rgb_pca,0,1
0.6973418,4,rgb_pca,0,1
0.6558869,4,rgb_pca,0,1
0.68735427,4,rgb_pca,0,1
0.7140628,4,rgb_pca,0,1
0.7439638,4,rgb_pca,0,1
0.74218106,4,rgb_pca,0,1
0.767051,4,rgb_pca,0,1
0.7390341,4,rgb_pca,0,1
0.7747811,4,rgb_pca,0,1
0.7241248,4,rgb_pca,0,1
0.6766522,4,rgb_pca,0,1
0.7394578,4,rgb_pca,0,1
0.77947986,4,rgb_pca,0,1
0.7061622,4,rgb_pca,0,1
0.69120836,4,rgb_pca,0,1
0.74050903,4,rgb_pca,0,1
0.78014636,4,rgb_pca,0,1
0.70176095,4,rgb_pca,0,1
0.7305744,4,rgb_pca,0,1
0.6447074,4,rgb_pca,0,1
0.72085,4,rgb_pca,0,1
0.71778977,4,rgb_pca,0,1
0.7096306,4,rgb_pca,0,1
0.68977904,4,rgb_pca,0,1
0.72036207,4,rgb_pca,0,1
0.6615613,4,rgb_pca,0,1
0.7220385,4,rgb_pca,0,1
0.7072121,4,rgb_pca,0,1
0.7311152,4,rgb_pca,0,1
0.65684277,4,rgb_pca,0,1
0.7166916,4,rgb_pca,0,1
0.72563654,4,rgb_pca,0,1
0.6914554,4,rgb_pca,0,1
0.7100456,4,rgb_pca,0,1
0.6831142,4,rgb_pca,0,1
0.6976026,4,rgb_pca,0,1
0.71338576,4,rgb_pca,0,1
0.73354936,4,rgb_pca,0,1
0.61467326,4,rgb_pca,0,1
0.6781645,4,rgb_pca,0,1
0.7023387,4,rgb_pca,0,1
0.68082017,4,rgb_pca,0,1
0.7378824,4,rgb_pca,0,1
0.7068893,4,rgb_pca,0,1
0.71455264,4,rgb_pca,0,1
0.71468383,4,rgb_pca,0,1
0.53407663,4,rgb_pca,0,1
0.60127234,4,rgb_pca,0,1
0.67583704,4,rgb_pca,0,1
0.6705271,4,rgb_pca,0,1
0.7277355,4,rgb_pca,0,1
0.67585915,4,rgb_pca,0,1
0.70246965,4,rgb_pca,0,1
0.5407419,4,rgb_pca,0,1
0.5760505,4,rgb_pca,0,1
0.67615604,4,rgb_pca,0,1
0.6563302,4,rgb_pca,0,1
0.6834884,4,rgb_pca,0,1
0.62421536,4,rgb_pca,0,1
0.68906975,4,rgb_pca,0,1
0.56123435,4,rgb_pca,0,1
0.56812274,4,rgb_pca,0,1
0.6306185,4,rgb_pca,0,1
0.61577606,4,rgb_pca,0,1
0.635407,4,rgb_pca,0,1
0.5572766,4,rgb_pca,0,1
0.582716,4,rgb_pca,0,1
0.6785329,4,rgb_pca,0,1
0.69412935,4,rgb_pca,0,1
0.69491255,4,rgb_pca,0,1
0.66166866,4,rgb_pca,0,1
0.6562207,4,rgb_pca,0,1
0.61175394,4,rgb_pca,0,1
0.6749805,4,rgb_pca,0,1
0.72477347,4,rgb_pca,0,1
0.71260595,4,rgb_pca,0,1
0.7097875,4,rgb_pca,0,1
0.7649462,4,rgb_pca,0,1
0.7294322,4,rgb_pca,0,1
0.73112845,4,rgb_pca,0,1
0.72869325,4,rgb_pca,0,1
0.61282045,4,rgb_pca,0,1
0.7019032,4,rgb_pca,0,1
0.7488191,4,rgb_pca,0,1
0.769436,4,rgb_pca,0,1
0.6031507,4,rgb_pca,0,1
0.67979753,4,rgb_pca,0,1
0.7505084,4,rgb_pca,0,1
0.76311994,4,rgb_pca,0,1
0.7458763,4,rgb_pca,0,1
0.7151011,4,rgb_pca,0,1
0.67736685,4,rgb_pca,0,1
0.69840175,4,rgb_pca,0,1
0.7233311,4,rgb_pca,0,1
0.7255887,4,rgb_pca,0,1
0.7088897,4,rgb_pca,0,1
0.701721,4,rgb_pca,0,1
0.7581346,4,rgb_pca,0,1
0.7224616,4,rgb_pca,0,1
0.71077144,4,rgb_pca,0,1
0.7238377,4,rgb_pca,0,1
0.68718874,4,rgb_pca,0,1
0.7481235,4,rgb_pca,0,1
0.69969773,4,rgb_pca,0,1
0.674912,4,rgb_pca,0,1
0.69109887,4,rgb_pca,0,1
0.75447303,4,rgb_pca,0,1
0.7341105,4,rgb_pca,0,1
0.7080443,4,rgb_pca,0,1
0.7424549,4,rgb_pca,0,1
0.7507144,4,rgb_pca,0,1
0.7642088,4,rgb_pca,0,1
0.7015834,4,rgb_pca,0,1
0.677325,4,rgb_pca,0,1
0.7283354,4,rgb_pca,0,1
0.6789354,4,rgb_pca,0,1
0.6950897,4,rgb_pca,0,1
0.57866544,4,rgb_pca,0,1
0.6077376,4,rgb_pca,0,1
0.5720985,4,rgb_pca,0,1
0.5678482,4,rgb_pca,0,1
0.59833074,4,rgb_pca,0,1
0.5678855,4,rgb_pca,0,1
0.55929375,4,rgb_pca,0,1
0.65541345,4,rgb_pca,0,1
0.55853844,4,rgb_pca,0,1
0.5299779,4,rgb_pca,0,1
0.5563795,4,rgb_pca,0,1
0.67140603,4,rgb_pca,0,1
0.57973826,4,rgb_pca,0,1
0.50461936,4,rgb_pca,0,1
0.575325,4,rgb_pca,0,1
0.6853657,4,rgb_pca,0,1
0.58205515,4,rgb_pca,0,1
0.5495565,4,rgb_pca,0,1
0.6264107,4,rgb_pca,0,1
0.69924957,4,rgb_pca,0,1
0.5978142,4,rgb_pca,0,1
0.6151333,4,rgb_pca,0,1
0.6315974,4,rgb_pca,0,1
0.6918947,4,rgb_pca,0,1
0.5372878,4,rgb_pca,0,1
0.5313382,4,rgb_pca,0,1
0.5234795,4,rgb_pca,0,1
0.60693675,4,rgb_pca,0,1
0.5512332,4,rgb_pca,0,1
0.5426506,4,rgb_pca,0,1
0.4571283,4,rgb_pca,0,1
0.5554991,4,rgb_pca,0,1
0.68525374,4,rgb_pca,0,1
0.69408256,4,rgb_pca,0,1
0.71743417,4,rgb_pca,0,1
0.73456115,4,rgb_pca,0,1
0.73221225,4,rgb_pca,0,1
0.7403929,4,rgb_pca,0,1
0.753042,4,rgb_pca,0,1
0.76287735,4,rgb_pca,0,1
0.7133187,4,rgb_pca,0,1
0.7508502,4,rgb_pca,0,1
0.7598082,4,rgb_pca,0,1
0.7455315,4,rgb_pca,0,1
0.61520904,4,rgb_pca,0,1
0.63159716,4,rgb_pca,0,1
0.63603866,4,rgb_pca,0,1
0.7171433,4,rgb_pca,0,1
0.7099285,4,rgb_pca,0,1
0.68268114,4,rgb_pca,0,1
0.64111763,4,rgb_pca,0,1
0.66649497,4,rgb_pca,0,1
0.59987086,4,rgb_pca,0,1
0.6978854,4,rgb_pca,0,1
0.7129394,4,rgb_pca,0,1
0.69894695,4,rgb_pca,0,1
0.6343782,4,rgb_pca,0,1
0.66771144,4,rgb_pca,0,1
0.6658569,4,rgb_pca,0,1
0.6562323,4,rgb_pca,0,1
0.67368174,4,rgb_pca,0,1
0.62274253,4,rgb_pca,0,1
0.68632793,4,rgb_pca,0,1
0.7334584,4,rgb_pca,0,1
0.73145914,4,rgb_pca,0,1
0.6481516,4,rgb_pca,0,1
0.63997006,4,rgb_pca,0,1
0.6830643,4,rgb_pca,0,1
0.7043346,4,rgb_pca,0,1
0.7273436,4,rgb_pca,0,1
0.6926805,4,rgb_pca,0,1
0.71057385,4,rgb_pca,0,1
0.7420973,4,rgb_pca,0,1
0.61310786,4,rgb_pca,0,1
0.6388628,4,rgb_pca,0,1
0.69348574,4,rgb_pca,0,1
0.71258295,4,rgb_pca,0,1
0.73604476,4,rgb_pca,0,1
0.73921204,4,rgb_pca,0,1
0.7734909,4,rgb_pca,0,1
0.58276033,4,rgb_pca,0,1
0.6217575,4,rgb_pca,0,1
0.6799112,4,rgb_pca,0,1
0.6769975,4,rgb_pca,0,1
0.68888503,4,rgb_pca,0,1
0.7093615,4,rgb_pca,0,1
0.7647414,4,rgb_pca,0,1
0.5572889,4,rgb_pca,0,1
0.6114414,4,rgb_pca,0,1
0.64981186,4,rgb_pca,0,1
0.66423583,4,rgb_pca,0,1
0.6940869,4,rgb_pca,0,1
0.69609195,4,rgb_pca,0,1
0.74575245,4,rgb_pca,0,1
0.597666,4,rgb_pca,0,1
0.6273155,4,rgb_pca,0,1
0.6808144,4,rgb_pca,0,1
0.6674824,4,rgb_pca,0,1
0.67945004,4,rgb_pca,0,1
0.61577654,4,rgb_pca,0,1
0.665787,4,rgb_pca,0,1
0.6710985,4,rgb_pca,0,1
0.60616314,4,rgb_pca,0,1
0.6064943,4,rgb_pca,0,1
0.7426018,4,rgb_pca,0,1
0.67625463,4,rgb_pca,0,1
0.7733737,4,rgb_pca,0,1
0.7218805,4,rgb_pca,0,1
0.744481,4,rgb_pca,0,1
0.7435219,4,rgb_pca,0,1
0.77766824,4,rgb_pca,0,1
0.7427253,4,rgb_pca,0,1
0.6957754,4,rgb_pca,0,1
0.7312845,4,rgb_pca,0,1
0.7522212,4,rgb_pca,0,1
0.7322998,4,rgb_pca,0,1
0.7066761,4,rgb_pca,0,1
0.7484894,4,rgb_pca,0,1
0.70856684,4,rgb_pca,0,1
0.75141966,4,rgb_pca,0,1
0.6159712,4,rgb_pca,0,1
0.6792407,4,rgb_pca,0,1
0.60904205,4,rgb_pca,0,1
0.6458546,4,rgb_pca,0,1
0.7365091,4,rgb_pca,0,1
0.70391434,4,rgb_pca,0,1
0.6756833,4,rgb_pca,0,1
0.6365926,4,rgb_pca,0,1
0.628724,4,rgb_pca,0,1
0.74703556,4,rgb_pca,0,1
0.7125031,4,rgb_pca,0,1
0.6918874,4,rgb_pca,0,1
0.6888478,4,rgb_pca,0,1
0.76108265,4,rgb_pca,0,1
0.711264,4,rgb_pca,0,1
0.6979229,4,rgb_pca,0,1
0.7735131,4,rgb_pca,0,1
0.73234427,4,rgb_pca,0,1
0.67712367,4,rgb_pca,0,1
0.7803854,4,rgb_pca,0,1
0.74843925,4,rgb_pca,0,1
0.6932203,4,rgb_pca,0,1
0.7548708,4,rgb_pca,0,1
0.75397444,4,rgb_pca,0,1
0.746499,6,rgb_pca,0,1
0.74163264,6,rgb_pca,0,1
0.78737855,6,rgb_pca,0,1
0.708927,6,rgb_pca,0,1
0.7010894,6,rgb_pca,0,1
0.75311357,6,rgb_pca,0,1
0.7471435,6,rgb_pca,0,1
0.764143,6,rgb_pca,0,1
0.6508741,6,rgb_pca,0,1
0.7254882,6,rgb_pca,0,1
0.74530554,6,rgb_pca,0,1
0.7193345,6,rgb_pca,0,1
0.73991853,6,rgb_pca,0,1
0.6517307,6,rgb_pca,0,1
0.70275384,6,rgb_pca,0,1
0.73112524,6,rgb_pca,0,1
0.69650346,6,rgb_pca,0,1
0.69780487,6,rgb_pca,0,1
0.7194137,6,rgb_pca,0,1
0.68897814,6,rgb_pca,0,1
0.70916986,6,rgb_pca,0,1
0.7278844,6,rgb_pca,0,1
0.7351093,6,rgb_pca,0,1
0.7622303,6,rgb_pca,0,1
0.72731596,6,rgb_pca,0,1
0.7065133,6,rgb_pca,0,1
0.72503144,6,rgb_pca,0,1
0.7128343,6,rgb_pca,0,1
0.7442796,6,rgb_pca,0,1
0.6998861,6,rgb_pca,0,1
0.7422234,6,rgb_pca,0,1
0.74240905,6,rgb_pca,0,1
0.7216314,6,rgb_pca,0,1
0.7244713,6,rgb_pca,0,1
0.72928035,6,rgb_pca,0,1
0.7290171,6,rgb_pca,0,1
0.74349517,6,rgb_pca,0,1
0.76094747,6,rgb_pca,0,1
0.7131535,6,rgb_pca,0,1
0.75192523,6,rgb_pca,0,1
0.7013814,6,rgb_pca,0,1
0.7237266,6,rgb_pca,0,1
0.7600501,6,rgb_pca,0,1
0.7314317,6,rgb_pca,0,1
0.74725735,6,rgb_pca,0,1
0.7586452,6,rgb_pca,0,1
0.8011903,6,rgb_pca,0,1
0.7476499,6,rgb_pca,0,1
0.7432474,6,rgb_pca,0,1
0.788426,6,rgb_pca,0,1
0.747345,6,rgb_pca,0,1
0.72301674,6,rgb_pca,0,1
0.6900556,6,rgb_pca,0,1
0.7293737,6,rgb_pca,0,1
0.7407539,6,rgb_pca,0,1
0.76045334,6,rgb_pca,0,1
0.7765074,6,rgb_pca,0,1
0.6562785,6,rgb_pca,0,1
0.6967414,6,rgb_pca,0,1
0.71791387,6,rgb_pca,0,1
0.7407858,6,rgb_pca,0,1
0.78284955,6,rgb_pca,0,1
0.73053205,6,rgb_pca,0,1
0.7489331,6,rgb_pca,0,1
0.7879327,6,rgb_pca,0,1
0.7581625,6,rgb_pca,0,1
0.77721024,6,rgb_pca,0,1
0.7252257,6,rgb_pca,0,1
0.74652636,6,rgb_pca,0,1
0.7321887,6,rgb_pca,0,1
0.76391566,6,rgb_pca,0,1
0.74089456,6,rgb_pca,0,1
0.7616679,6,rgb_pca,0,1
0.73787236,6,rgb_pca,0,1
0.7973288,6,rgb_pca,0,1
0.7716388,6,rgb_pca,0,1
0.78026277,6,rgb_pca,0,1
0.7461164,6,rgb_pca,0,1
0.79306483,6,rgb_pca,0,1
0.7635738,6,rgb_pca,0,1
0.70776653,6,rgb_pca,0,1
0.6949174,6,rgb_pca,0,1
0.7099291,6,rgb_pca,0,1
0.7754128,6,rgb_pca,0,1
0.7119421,6,rgb_pca,0,1
0.70226616,6,rgb_pca,0,1
0.67913866,6,rgb_pca,0,1
0.65727615,6,rgb_pca,0,1
0.7476697,6,rgb_pca,0,1
0.75121313,6,rgb_pca,0,1
0.7658868,6,rgb_pca,0,1
0.7496686,6,rgb_pca,0,1
0.6602284,6,rgb_pca,0,1
0.6823644,6,rgb_pca,0,1
0.69735974,6,rgb_pca,0,1
0.6964001,6,rgb_pca,0,1
0.7076751,6,rgb_pca,0,1
0.72832406,6,rgb_pca,0,1
0.7489482,6,rgb_pca,0,1
0.7329447,6,rgb_pca,0,1
0.7191303,6,rgb_pca,0,1
0.73867357,6,rgb_pca,0,1
0.78573185,6,rgb_pca,0,1
0.7302055,6,rgb_pca,0,1
0.71293193,6,rgb_pca,0,1
0.73245674,6,rgb_pca,0,1
0.7119615,6,rgb_pca,0,1
0.75459373,6,rgb_pca,0,1
0.72243285,6,rgb_pca,0,1
0.72517985,6,rgb_pca,0,1
0.7621852,6,rgb_pca,0,1
0.7170769,6,rgb_pca,0,1
0.734829,6,rgb_pca,0,1
0.76754206,6,rgb_pca,0,1
0.72951305,6,rgb_pca,0,1
0.7640916,6,rgb_pca,0,1
0.73884,6,rgb_pca,0,1
0.7433694,6,rgb_pca,0,1
0.7529572,6,rgb_pca,0,1
0.71916854,6,rgb_pca,0,1
0.7256165,6,rgb_pca,0,1
0.7237414,6,rgb_pca,0,1
0.71605927,6,rgb_pca,0,1
0.76270354,6,rgb_pca,0,1
0.7642595,6,rgb_pca,0,1
0.7156905,6,rgb_pca,0,1
0.734695,6,rgb_pca,0,1
0.7557486,6,rgb_pca,0,1
0.76185054,6,rgb_pca,0,1
0.7366256,6,rgb_pca,0,1
0.73501587,6,rgb_pca,0,1
0.77024883,6,rgb_pca,0,1
0.7242712,6,rgb_pca,0,1
0.67315245,6,rgb_pca,0,1
0.7136155,6,rgb_pca,0,1
0.72720474,6,rgb_pca,0,1
0.7462543,6,rgb_pca,0,1
0.7644011,6,rgb_pca,0,1
0.76177406,6,rgb_pca,0,1
0.81033224,6,rgb_pca,0,1
0.7314169,6,rgb_pca,0,1
0.69960463,6,rgb_pca,0,1
0.6914958,6,rgb_pca,0,1
0.6937114,6,rgb_pca,0,1
0.7290337,6,rgb_pca,0,1
0.77196586,6,rgb_pca,0,1
0.7608814,6,rgb_pca,0,1
0.80979824,6,rgb_pca,0,1
0.7132748,6,rgb_pca,0,1
0.7492157,6,rgb_pca,0,1
0.7414975,6,rgb_pca,0,1
0.8100869,6,rgb_pca,0,1
0.729885,6,rgb_pca,0,1
0.75000614,6,rgb_pca,0,1
0.7407658,6,rgb_pca,0,1
0.8211361,6,rgb_pca,0,1
0.7377635,6,rgb_pca,0,1
0.7103802,6,rgb_pca,0,1
0.7172767,6,rgb_pca,0,1
0.71794844,6,rgb_pca,0,1
0.6960552,6,rgb_pca,0,1
0.71779364,6,rgb_pca,0,1
0.7202401,6,rgb_pca,0,1
0.6946666,6,rgb_pca,0,1
0.6863349,6,rgb_pca,0,1
0.72891223,6,rgb_pca,0,1
0.765012,6,rgb_pca,0,1
0.7205855,6,rgb_pca,0,1
0.63504255,6,rgb_pca,0,1
0.68322986,6,rgb_pca,0,1
0.7506548,6,rgb_pca,0,1
0.7329781,6,rgb_pca,0,1
0.72871745,6,rgb_pca,0,1
0.76269203,6,rgb_pca,0,1
0.7274603,6,rgb_pca,0,1
0.7747019,6,rgb_pca,0,1
0.7208575,6,rgb_pca,0,1
0.6695603,6,rgb_pca,0,1
0.72821856,6,rgb_pca,0,1
0.73019135,6,rgb_pca,0,1
0.73703027,6,rgb_pca,0,1
0.76306176,6,rgb_pca,0,1
0.73993707,6,rgb_pca,0,1
0.79573774,6,rgb_pca,0,1
0.6948472,6,rgb_pca,0,1
0.6858855,6,rgb_pca,0,1
0.7416376,6,rgb_pca,0,1
0.76297957,6,rgb_pca,0,1
0.76583993,6,rgb_pca,0,1
0.7580955,6,rgb_pca,0,1
0.73902464,6,rgb_pca,0,1
0.77656525,6,rgb_pca,0,1
0.7308868,6,rgb_pca,0,1
0.6895877,6,rgb_pca,0,1
0.7261965,6,rgb_pca,0,1
0.73238367,6,rgb_pca,0,1
0.74319696,6,rgb_pca,0,1
0.76165026,6,rgb_pca,0,1
0.7351121,6,rgb_pca,0,1
0.78141505,6,rgb_pca,0,1
0.60018086,6,rgb_pca,0,1
0.66863394,6,rgb_pca,0,1
0.7152811,6,rgb_pca,0,1
0.70509624,6,rgb_pca,0,1
0.7256937,6,rgb_pca,0,1
0.7531977,6,rgb_pca,0,1
0.7210428,6,rgb_pca,0,1
0.7792728,6,rgb_pca,0,1
0.6295152,6,rgb_pca,0,1
0.6457808,6,rgb_pca,0,1
0.6672807,6,rgb_pca,0,1
0.68261933,6,rgb_pca,0,1
0.7158989,6,rgb_pca,0,1
0.7427969,6,rgb_pca,0,1
0.70698524,6,rgb_pca,0,1
0.7725425,6,rgb_pca,0,1
0.69945276,6,rgb_pca,0,1
0.7056416,6,rgb_pca,0,1
0.6928258,6,rgb_pca,0,1
0.71200144,6,rgb_pca,0,1
0.72578776,6,rgb_pca,0,1
0.73790354,6,rgb_pca,0,1
0.7000039,6,rgb_pca,0,1
0.7226458,6,rgb_pca,0,1
0.64128983,5,rgb_pca,0,1
0.6311584,5,rgb_pca,0,1
0.669951,5,rgb_pca,0,1
0.7263285,5,rgb_pca,0,1
0.647918,5,rgb_pca,0,1
0.62098825,5,rgb_pca,0,1
0.6676893,5,rgb_pca,0,1
0.67120194,5,rgb_pca,0,1
0.69755423,5,rgb_pca,0,1
0.62467325,5,rgb_pca,0,1
0.6509479,5,rgb_pca,0,1
0.7217866,5,rgb_pca,0,1
0.70108247,5,rgb_pca,0,1
0.65209746,5,rgb_pca,0,1
0.6851895,5,rgb_pca,0,1
0.73626775,5,rgb_pca,0,1
0.6889064,5,rgb_pca,0,1
0.6712235,5,rgb_pca,0,1
0.7171249,5,rgb_pca,0,1
0.7318995,5,rgb_pca,0,1
0.6903329,5,rgb_pca,0,1
0.6395144,5,rgb_pca,0,1
0.66395056,5,rgb_pca,0,1
0.712465,5,rgb_pca,0,1
0.69388264,5,rgb_pca,0,1
0.6753328,5,rgb_pca,0,1
0.69195324,5,rgb_pca,0,1
0.715931,5,rgb_pca,0,1
0.7006692,5,rgb_pca,0,1
0.6947011,5,rgb_pca,0,1
0.72055924,5,rgb_pca,0,1
0.71234953,5,rgb_pca,0,1
0.7000871,5,rgb_pca,0,1
0.69846094,5,rgb_pca,0,1
0.68882763,5,rgb_pca,0,1
0.69422466,5,rgb_pca,0,1
0.70769227,5,rgb_pca,0,1
0.7149292,6,rgb_pca,0,1
0.7389852,6,rgb_pca,0,1
0.72241193,6,rgb_pca,0,1
0.73945445,6,rgb_pca,0,1
0.7191541,6,rgb_pca,0,1
0.71535206,6,rgb_pca,0,1
0.73355484,6,rgb_pca,0,1
0.7155396,6,rgb_pca,0,1
0.74776816,6,rgb_pca,0,1
0.7704888,6,rgb_pca,0,1
0.7637247,6,rgb_pca,0,1
0.75076574,6,rgb_pca,0,1
0.69987,6,rgb_pca,0,1
0.7351081,6,rgb_pca,0,1
0.7509929,6,rgb_pca,0,1
0.7594578,6,rgb_pca,0,1
0.75316787,6,rgb_pca,0,1
0.7701717,6,rgb_pca,0,1
0.7544682,6,rgb_pca,0,1
0.75073063,6,rgb_pca,0,1
0.7089056,6,rgb_pca,0,1
0.71679276,6,rgb_pca,0,1
0.74073046,6,rgb_pca,0,1
0.73833823,6,rgb_pca,0,1
0.7149105,6,rgb_pca,0,1
0.7462561,6,rgb_pca,0,1
0.757594,6,rgb_pca,0,1
0.73775995,6,rgb_pca,0,1
0.70925236,6,rgb_pca,0,1
0.71291137,6,rgb_pca,0,1
0.7752118,6,rgb_pca,0,1
0.76088774,6,rgb_pca,0,1
0.7368702,6,rgb_pca,0,1
0.7485072,6,rgb_pca,0,1
0.7282145,6,rgb_pca,0,1
0.71712095,6,rgb_pca,0,1
0.73731786,6,rgb_pca,0,1
0.7516438,6,rgb_pca,0,1
0.7873022,6,rgb_pca,0,1
0.78491503,6,rgb_pca,0,1
0.7817102,6,rgb_pca,0,1
0.78399074,6,rgb_pca,0,1
0.7500864,6,rgb_pca,0,1
0.70485723,6,rgb_pca,0,1
0.7146124,6,rgb_pca,0,1
0.75748795,6,rgb_pca,0,1
0.7858994,6,rgb_pca,0,1
0.78104615,6,rgb_pca,0,1
0.79477,6,rgb_pca,0,1
0.82208407,6,rgb_pca,0,1
0.7843875,6,rgb_pca,0,1
0.7380517,6,rgb_pca,0,1
0.74532783,6,rgb_pca,0,1
0.7827475,6,rgb_pca,0,1
0.7825208,6,rgb_pca,0,1
0.77289087,6,rgb_pca,0,1
0.7898866,6,rgb_pca,0,1
0.81101704,6,rgb_pca,0,1
0.79796,6,rgb_pca,0,1
0.75503284,6,rgb_pca,0,1
0.78666943,6,rgb_pca,0,1
0.78393483,6,rgb_pca,0,1
0.7713169,6,rgb_pca,0,1
0.7533066,6,rgb_pca,0,1
0.76802415,6,rgb_pca,0,1
0.7656835,6,rgb_pca,0,1
0.774518,6,rgb_pca,0,1
0.75685716,6,rgb_pca,0,1
0.7391887,5,rgb_pca,0,1
0.7042887,5,rgb_pca,0,1
0.76544523,5,rgb_pca,0,1
0.79597753,5,rgb_pca,0,1
0.6868877,5,rgb_pca,0,1
0.69506633,5,rgb_pca,0,1
0.756404,5,rgb_pca,0,1
0.74691284,5,rgb_pca,0,1
0.7011901,5,rgb_pca,0,1
0.68745697,5,rgb_pca,0,1
0.70977336,5,rgb_pca,0,1
0.734616,5,rgb_pca,0,1
0.69256645,5,rgb_pca,0,1
0.7248119,5,rgb_pca,0,1
0.7489549,5,rgb_pca,0,1
0.752739,5,rgb_pca,0,1
0.70363396,5,rgb_pca,0,1
0.7242608,5,rgb_pca,0,1
0.7277057,5,rgb_pca,0,1
0.7310866,5,rgb_pca,0,1
0.7137404,5,rgb_pca,0,1
0.69658196,5,rgb_pca,0,1
0.6986606,5,rgb_pca,0,1
0.7171347,5,rgb_pca,0,1
0.72535074,5,rgb_pca,0,1
0.71595776,5,rgb_pca,0,1
0.73127055,5,rgb_pca,0,1
0.72815716,5,rgb_pca,0,1
0.7735206,5,rgb_pca,0,1
0.7286248,5,rgb_pca,0,1
0.73139256,5,rgb_pca,0,1
0.780846,5,rgb_pca,0,1
0.74306613,5,rgb_pca,0,1
0.76018316,5,rgb_pca,0,1
0.72581375,5,rgb_pca,0,1
0.77026033,5,rgb_pca,0,1
0.72292787,5,rgb_pca,0,1
0.7934622,6,rgb_pca,0,1
0.76162803,6,rgb_pca,0,1
0.768873,6,rgb_pca,0,1
0.7723042,6,rgb_pca,0,1
0.7666011,6,rgb_pca,0,1
0.74183154,6,rgb_pca,0,1
0.7483647,6,rgb_pca,0,1
0.7428653,6,rgb_pca,0,1
0.7828418,6,rgb_pca,0,1
0.7462058,6,rgb_pca,0,1
0.75085294,6,rgb_pca,0,1
0.7399733,6,rgb_pca,0,1
0.761942,6,rgb_pca,0,1
0.7511759,6,rgb_pca,0,1
0.7577364,6,rgb_pca,0,1
0.74340606,6,rgb_pca,0,1
0.72674495,6,rgb_pca,0,1
0.736886,6,rgb_pca,0,1
0.6839915,6,rgb_pca,0,1
0.71661925,6,rgb_pca,0,1
0.74892116,6,rgb_pca,0,1
0.7642194,6,rgb_pca,0,1
0.7728876,6,rgb_pca,0,1
0.76648045,6,rgb_pca,0,1
0.7421073,6,rgb_pca,0,1
0.7441962,6,rgb_pca,0,1
0.7229752,6,rgb_pca,0,1
0.71030736,6,rgb_pca,0,1
0.74778986,6,rgb_pca,0,1
0.7771486,6,rgb_pca,0,1
0.7802305,6,rgb_pca,0,1
0.7657038,6,rgb_pca,0,1
0.73214304,6,rgb_pca,0,1
0.7388038,6,rgb_pca,0,1
0.728349,6,rgb_pca,0,1
0.67158055,6,rgb_pca,0,1
0.7369372,6,rgb_pca,0,1
0.7744239,6,rgb_pca,0,1
0.7851002,6,rgb_pca,0,1
0.76479226,6,rgb_pca,0,1
0.74688596,6,rgb_pca,0,1
0.7531582,6,rgb_pca,0,1
0.729717,6,rgb_pca,0,1
0.69854367,6,rgb_pca,0,1
0.75963366,6,rgb_pca,0,1
0.7581537,6,rgb_pca,0,1
0.77114433,6,rgb_pca,0,1
0.76651704,6,rgb_pca,0,1
0.7706492,6,rgb_pca,0,1
0.77443457,6,rgb_pca,0,1
0.7676324,6,rgb_pca,0,1
0.7218294,6,rgb_pca,0,1
0.7442525,6,rgb_pca,0,1
0.7428187,6,rgb_pca,0,1
0.74324274,6,rgb_pca,0,1
0.7487447,6,rgb_pca,0,1
0.75952935,6,rgb_pca,0,1
0.7644386,6,rgb_pca,0,1
0.7655252,6,rgb_pca,0,1
0.7146675,6,rgb_pca,0,1
0.7207818,6,rgb_pca,0,1
0.7390589,6,rgb_pca,0,1
0.73017645,6,rgb_pca,0,1
0.6980108,6,rgb_pca,0,1
0.6795497,6,rgb_pca,0,1
0.6904498,6,rgb_pca,0,1
0.7104825,6,rgb_pca,0,1
0.70355666,6,rgb_pca,0,1
0.69499207,7,rgb_pca,0,1
0.6847321,7,rgb_pca,0,1
0.6765337,7,rgb_pca,0,1
0.6425301,7,rgb_pca,0,1
0.6333216,7,rgb_pca,0,1
0.6427261,7,rgb_pca,0,1
0.67424464,7,rgb_pca,0,1
0.7721616,7,rgb_pca,0,1
0.77512336,7,rgb_pca,0,1
0.7368969,7,rgb_pca,0,1
0.72699493,7,rgb_pca,0,1
0.6945896,7,rgb_pca,0,1
0.6947229,7,rgb_pca,0,1
0.6554941,7,rgb_pca,0,1
0.62930846,7,rgb_pca,0,1
0.79684365,7,rgb_pca,0,1
0.8372407,7,rgb_pca,0,1
0.8419515,7,rgb_pca,0,1
0.8111953,7,rgb_pca,0,1
0.79905117,7,rgb_pca,0,1
0.78560716,7,rgb_pca,0,1
0.78193355,7,rgb_pca,0,1
0.75593096,7,rgb_pca,0,1
0.7326822,7,rgb_pca,0,1
0.6061994,7,rgb_pca,0,1
0.5930897,7,rgb_pca,0,1
0.58674335,7,rgb_pca,0,1
0.6109916,7,rgb_pca,0,1
0.62073064,7,rgb_pca,0,1
0.62337065,7,rgb_pca,0,1
0.64666915,7,rgb_pca,0,1
0.6930133,7,rgb_pca,0,1
0.6976848,7,rgb_pca,0,1
0.67218184,7,rgb_pca,0,1
0.6600325,7,rgb_pca,0,1
0.6823447,7,rgb_pca,0,1
0.67946243,7,rgb_pca,0,1
0.6362457,7,rgb_pca,0,1
0.63929725,7,rgb_pca,0,1
0.7490123,7,rgb_pca,0,1
0.7395874,7,rgb_pca,0,1
0.7305041,7,rgb_pca,0,1
0.7106558,7,rgb_pca,0,1
0.7030959,7,rgb_pca,0,1
0.7226391,7,rgb_pca,0,1
0.7281989,7,rgb_pca,0,1
0.67308855,7,rgb_pca,0,1
0.6559316,7,rgb_pca,0,1
0.79799384,7,rgb_pca,0,1
0.78493524,7,rgb_pca,0,1
0.72554034,7,rgb_pca,0,1
0.73123807,7,rgb_pca,0,1
0.77197456,5,rgb_pca,0,1
0.7198769,5,rgb_pca,0,1
0.719977,5,rgb_pca,0,1
0.73419785,5,rgb_pca,0,1
0.73580897,5,rgb_pca,0,1
0.684587,5,rgb_pca,0,1
0.7420916,5,rgb_pca,0,1
0.7323682,5,rgb_pca,0,1
0.7463599,5,rgb_pca,0,1
0.6805743,5,rgb_pca,0,1
0.71857166,5,rgb_pca,0,1
0.73841304,5,rgb_pca,0,1
0.76970565,5,rgb_pca,0,1
0.7170513,5,rgb_pca,0,1
0.72367996,5,rgb_pca,0,1
0.7380678,5,rgb_pca,0,1
0.76981837,5,rgb_pca,0,1
0.7307633,5,rgb_pca,0,1
0.74470836,5,rgb_pca,0,1
0.7561995,5,rgb_pca,0,1
0.7850084,5,rgb_pca,0,1
0.7623004,5,rgb_pca,0,1
0.7671141,5,rgb_pca,0,1
0.7626913,5,rgb_pca,0,1
0.78202343,5,rgb_pca,0,1
0.7860358,5,rgb_pca,0,1
0.7559874,5,rgb_pca,0,1
0.7536498,5,rgb_pca,0,1
0.79539144,5,rgb_pca,0,1
0.7720262,5,rgb_pca,0,1
0.77627355,5,rgb_pca,0,1
0.7722636,5,rgb_pca,0,1
0.77056336,5,rgb_pca,0,1
0.8054917,5,rgb_pca,0,1
0.7953917,5,rgb_pca,0,1
0.8027867,5,rgb_pca,0,1
0.7805872,5,rgb_pca,0,1
0.7654485,5,rgb_pca,0,1
0.7276072,5,rgb_pca,0,1
0.7054743,5,rgb_pca,0,1
0.7140884,5,rgb_pca,0,1
0.76246554,5,rgb_pca,0,1
0.71367526,5,rgb_pca,0,1
0.70865095,5,rgb_pca,0,1
0.73109597,5,rgb_pca,0,1
0.7579714,5,rgb_pca,0,1
0.7088649,5,rgb_pca,0,1
0.70899165,5,rgb_pca,0,1
0.72615665,5,rgb_pca,0,1
0.76212865,5,rgb_pca,0,1
0.73289466,5,rgb_pca,0,1
0.7447612,5,rgb_pca,0,1
0.76178044,5,rgb_pca,0,1
0.74923575,5,rgb_pca,0,1
0.7196766,5,rgb_pca,0,1
0.7319213,5,rgb_pca,0,1
0.752039,5,rgb_pca,0,1
0.76432496,5,rgb_pca,0,1
0.7279602,5,rgb_pca,0,1
0.7484282,5,rgb_pca,0,1
0.7668503,5,rgb_pca,0,1
0.77678365,5,rgb_pca,0,1
0.7384764,5,rgb_pca,0,1
0.75770813,5,rgb_pca,0,1
0.76811093,5,rgb_pca,0,1
0.7323953,5,rgb_pca,0,1
0.71009135,5,rgb_pca,0,1
0.76874065,5,rgb_pca,0,1
0.6896427,5,rgb_pca,0,1
0.7004576,5,rgb_pca,0,1
0.71457535,5,rgb_pca,0,1
0.7260986,5,rgb_pca,0,1
0.7515503,5,rgb_pca,0,1
0.7588295,5,rgb_pca,0,1
0.66106236,3,rgb_pca,0,1
0.6983355,3,rgb_pca,0,1
0.67380536,3,rgb_pca,0,1
0.7026371,3,rgb_pca,0,1
0.6129504,3,rgb_pca,0,1
0.66542894,3,rgb_pca,0,1
0.6468811,3,rgb_pca,0,1
0.65451145,3,rgb_pca,0,1
0.6507459,3,rgb_pca,0,1
0.6472356,3,rgb_pca,0,1
0.6312369,3,rgb_pca,0,1
0.64461464,3,rgb_pca,0,1
0.6675277,3,rgb_pca,0,1
0.67087424,3,rgb_pca,0,1
0.6870489,3,rgb_pca,0,1
0.6669469,3,rgb_pca,0,1
0.667333,3,rgb_pca,0,1
0.6932296,3,rgb_pca,0,1
0.64485073,3,rgb_pca,0,1
0.67318535,3,rgb_pca,0,1
0.66944975,3,rgb_pca,0,1
0.6579348,3,rgb_pca,0,1
0.6379093,3,rgb_pca,0,1
0.648824,3,rgb_pca,0,1
0.6556596,3,rgb_pca,0,1
0.691479,3,rgb_pca,0,1
0.6430894,3,rgb_pca,0,1
0.7236652,3,rgb_pca,0,1
0.6582216,3,rgb_pca,0,1
0.63519335,3,rgb_pca,0,1
0.6344515,3,rgb_pca,0,1
0.6401296,3,rgb_pca,0,1
0.67447245,3,rgb_pca,0,1
0.69026315,3,rgb_pca,0,1
0.699276,3,rgb_pca,0,1
0.7684589,3,rgb_pca,0,1
0.6946368,3,rgb_pca,0,1
0.6959635,3,rgb_pca,0,1
0.6430316,3,rgb_pca,0,1
0.58403337,3,rgb_pca,0,1
0.6115489,3,rgb_pca,0,1
0.6346866,3,rgb_pca,0,1
0.6632273,3,rgb_pca,0,1
0.6620469,3,rgb_pca,0,1
0.6556138,3,rgb_pca,0,1
0.76551867,3,rgb_pca,0,1
0.72462523,3,rgb_pca,0,1
0.6795397,3,rgb_pca,0,1
0.6393256,3,rgb_pca,0,1
0.5687401,3,rgb_pca,0,1
0.5998315,3,rgb_pca,0,1
0.6281762,3,rgb_pca,0,1
0.6141358,3,rgb_pca,0,1
0.593926,3,rgb_pca,0,1
0.5906546,3,rgb_pca,0,1
0.7175865,3,rgb_pca,0,1
0.69747144,3,rgb_pca,0,1
0.67235875,3,rgb_pca,0,1
0.63800263,3,rgb_pca,0,1
0.59721357,3,rgb_pca,0,1
0.6053529,3,rgb_pca,0,1
0.6252223,3,rgb_pca,0,1
0.6314695,3,rgb_pca,0,1
0.60965633,3,rgb_pca,0,1
0.63717914,3,rgb_pca,0,1
0.7489437,3,rgb_pca,0,1
0.6450273,3,rgb_pca,0,1
0.6208435,3,rgb_pca,0,1
0.6331006,3,rgb_pca,0,1
0.5994494,3,rgb_pca,0,1
0.5856505,3,rgb_pca,0,1
0.60310775,3,rgb_pca,0,1
0.64392436,3,rgb_pca,0,1
0.63516176,3,rgb_pca,0,1
0.6822495,3,rgb_pca,0,1
0.7757246,3,rgb_pca,0,1
0.72519517,3,rgb_pca,0,1
0.7166413,3,rgb_pca,0,1
0.6915876,3,rgb_pca,0,1
0.6609036,3,rgb_pca,0,1
0.66512215,3,rgb_pca,0,1
0.6774371,3,rgb_pca,0,1
0.72136986,3,rgb_pca,0,1
0.72539437,3,rgb_pca,0,1
0.7598469,3,rgb_pca,0,1
0.7940227,3,rgb_pca,0,1
0.69515735,3,rgb_pca,0,1
0.7400324,3,rgb_pca,0,1
0.75396526,3,rgb_pca,0,1
0.74173325,3,rgb_pca,0,1
0.69095945,3,rgb_pca,0,1
0.74570286,3,rgb_pca,0,1
0.692621,3,rgb_pca,0,1
0.6684751,3,rgb_pca,0,1
0.64840174,3,rgb_pca,0,1
0.6510621,3,rgb_pca,0,1
0.6950056,3,rgb_pca,0,1
0.7115439,3,rgb_pca,0,1
0.7030221,3,rgb_pca,0,1
0.71141404,3,rgb_pca,0,1
0.7062137,3,rgb_pca,0,1
0.71223277,3,rgb_pca,0,1
0.6932231,3,rgb_pca,0,1
0.70267665,3,rgb_pca,0,1
0.7005558,3,rgb_pca,0,1
0.6844296,3,rgb_pca,0,1
0.68271923,3,rgb_pca,0,1
0.6836076,3,rgb_pca,0,1
0.69765985,3,rgb_pca,0,1
0.6680402,3,rgb_pca,0,1
0.65869725,3,rgb_pca,0,1
0.67675054,3,rgb_pca,0,1
0.6541681,3,rgb_pca,0,1
0.6649277,3,rgb_pca,0,1
0.67518485,3,rgb_pca,0,1
0.67400515,3,rgb_pca,0,1
0.6629287,3,rgb_pca,0,1
0.6495729,3,rgb_pca,0,1
0.6382055,3,rgb_pca,0,1
0.6204059,3,rgb_pca,0,1
0.61680186,3,rgb_pca,0,1
0.6113378,3,rgb_pca,0,1
0.6587006,3,rgb_pca,0,1
0.7062746,3,rgb_pca,0,1
0.6699496,3,rgb_pca,0,1
0.66680163,3,rgb_pca,0,1
0.64956295,3,rgb_pca,0,1
0.64353424,3,rgb_pca,0,1
0.6195885,3,rgb_pca,0,1
0.6256349,3,rgb_pca,0,1
0.6176872,3,rgb_pca,0,1
0.59064186,3,rgb_pca,0,1
0.5880054,3,rgb_pca,0,1
0.63411814,3,rgb_pca,0,1
0.6805736,3,rgb_pca,0,1
0.68999374,3,rgb_pca,0,1
0.7399119,3,rgb_pca,0,1
0.6821754,3,rgb_pca,0,1
0.6516063,3,rgb_pca,0,1
0.62034047,3,rgb_pca,0,1
0.59741783,3,rgb_pca,0,1
0.6208334,3,rgb_pca,0,1
0.6069405,3,rgb_pca,0,1
0.5702759,3,rgb_pca,0,1
0.57354856,3,rgb_pca,0,1
0.5740018,3,rgb_pca,0,1
0.6356076,3,rgb_pca,0,1
0.6563331,3,rgb_pca,0,1
0.72303087,3,rgb_pca,0,1
0.691206,3,rgb_pca,0,1
0.6611253,3,rgb_pca,0,1
0.6400094,3,rgb_pca,0,1
0.6118547,3,rgb_pca,0,1
0.626087,3,rgb_pca,0,1
0.6204838,3,rgb_pca,0,1
0.59559834,3,rgb_pca,0,1
0.57981414,3,rgb_pca,0,1
0.5739126,3,rgb_pca,0,1
0.6243918,3,rgb_pca,0,1
0.63778144,3,rgb_pca,0,1
0.6544598,3,rgb_pca,0,1
0.7050239,3,rgb_pca,0,1
0.6994646,3,rgb_pca,0,1
0.69779426,3,rgb_pca,0,1
0.66529316,3,rgb_pca,0,1
0.6272496,3,rgb_pca,0,1
0.6197138,3,rgb_pca,0,1
0.6207459,3,rgb_pca,0,1
0.6121764,3,rgb_pca,0,1
0.5975281,3,rgb_pca,0,1
0.6051484,3,rgb_pca,0,1
0.63503015,3,rgb_pca,0,1
0.64700454,3,rgb_pca,0,1
0.66984415,3,rgb_pca,0,1
0.75687605,3,rgb_pca,0,1
0.7642649,3,rgb_pca,0,1
0.7634025,3,rgb_pca,0,1
0.73494375,3,rgb_pca,0,1
0.7009429,3,rgb_pca,0,1
0.70186985,3,rgb_pca,0,1
0.6982316,3,rgb_pca,0,1
0.6913344,3,rgb_pca,0,1
0.6880347,3,rgb_pca,0,1
0.68485105,3,rgb_pca,0,1
0.68472695,3,rgb_pca,0,1
0.6855397,3,rgb_pca,0,1
0.7149373,3,rgb_pca,0,1
0.7820113,3,rgb_pca,0,1
0.7796668,3,rgb_pca,0,1
0.72844136,3,rgb_pca,0,1
0.68223304,3,rgb_pca,0,1
0.72881,3,rgb_pca,0,1
0.6927026,3,rgb_pca,0,1
0.7284049,3,rgb_pca,0,1
0.65353286,3,rgb_pca,0,1
0.6093946,3,rgb_pca,0,1
0.7203939,3,rgb_pca,0,1
0.6629249,3,rgb_pca,0,1
0.6061382,3,rgb_pca,0,1
0.76087946,3,rgb_pca,0,1
0.7334435,3,rgb_pca,0,1
0.72951436,3,rgb_pca,0,1
0.73069423,7,rgb_pca,0,1
0.7196163,7,rgb_pca,0,1
0.7063389,7,rgb_pca,0,1
0.6663556,7,rgb_pca,0,1
0.66662955,7,rgb_pca,0,1
0.6687799,7,rgb_pca,0,1
0.66078514,7,rgb_pca,0,1
0.72376657,7,rgb_pca,0,1
0.73220474,7,rgb_pca,0,1
0.7281214,7,rgb_pca,0,1
0.71170753,7,rgb_pca,0,1
0.7135271,7,rgb_pca,0,1
0.71656287,7,rgb_pca,0,1
0.6458252,7,rgb_pca,0,1
0.6411825,7,rgb_pca,0,1
0.76578563,7,rgb_pca,0,1
0.74664307,7,rgb_pca,0,1
0.7324897,7,rgb_pca,0,1
0.7343332,7,rgb_pca,0,1
0.7357732,7,rgb_pca,0,1
0.7411034,7,rgb_pca,0,1
0.7463809,7,rgb_pca,0,1
0.6980746,7,rgb_pca,0,1
0.67462873,7,rgb_pca,0,1
0.7629484,7,rgb_pca,0,1
0.7619275,7,rgb_pca,0,1
0.7439195,7,rgb_pca,0,1
0.7436862,7,rgb_pca,0,1
0.7434585,7,rgb_pca,0,1
0.7295117,7,rgb_pca,0,1
0.7220088,7,rgb_pca,0,1
0.72328126,7,rgb_pca,0,1
0.70309687,7,rgb_pca,0,1
0.75608724,7,rgb_pca,0,1
0.7682525,7,rgb_pca,0,1
0.7648965,7,rgb_pca,0,1
0.77190673,7,rgb_pca,0,1
0.7563901,7,rgb_pca,0,1
0.7168226,7,rgb_pca,0,1
0.7054719,7,rgb_pca,0,1
0.6970011,7,rgb_pca,0,1
0.7137802,7,rgb_pca,0,1
0.7431996,7,rgb_pca,0,1
0.76518834,7,rgb_pca,0,1
0.77227503,7,rgb_pca,0,1
0.77573955,7,rgb_pca,0,1
0.73832166,7,rgb_pca,0,1
0.70796627,7,rgb_pca,0,1
0.7199259,7,rgb_pca,0,1
0.7197277,7,rgb_pca,0,1
0.70549333,7,rgb_pca,0,1
0.74050725,7,rgb_pca,0,1
0.7659999,7,rgb_pca,0,1
0.7743037,7,rgb_pca,0,1
0.7743128,7,rgb_pca,0,1
0.75093913,7,rgb_pca,0,1
0.72729737,7,rgb_pca,0,1
0.73271537,7,rgb_pca,0,1
0.72659767,7,rgb_pca,0,1
0.6951872,7,rgb_pca,0,1
0.7023109,7,rgb_pca,0,1
0.7149207,7,rgb_pca,0,1
0.72304225,7,rgb_pca,0,1
0.73060167,7,rgb_pca,0,1
0.71907026,7,rgb_pca,0,1
0.72543454,7,rgb_pca,0,1
0.71982515,7,rgb_pca,0,1
0.684451,7,rgb_pca,0,1
0.733819,7,rgb_pca,0,1
0.7491485,3,rgb_pca,0,1
0.72736955,3,rgb_pca,0,1
0.68105257,3,rgb_pca,0,1
0.709823,3,rgb_pca,0,1
0.72731996,3,rgb_pca,0,1
0.71744514,3,rgb_pca,0,1
0.7126797,3,rgb_pca,0,1
0.73856735,3,rgb_pca,0,1
0.7589314,3,rgb_pca,0,1
0.650051,3,rgb_pca,0,1
0.6803811,3,rgb_pca,0,1
0.6695986,3,rgb_pca,0,1
0.70206904,3,rgb_pca,0,1
0.7049365,3,rgb_pca,0,1
0.67954135,3,rgb_pca,0,1
0.67763984,3,rgb_pca,0,1
0.7330594,3,rgb_pca,0,1
0.7675909,3,rgb_pca,0,1
0.723611,3,rgb_pca,0,1
0.72074115,3,rgb_pca,0,1
0.7414849,3,rgb_pca,0,1
0.7289337,3,rgb_pca,0,1
0.7373597,3,rgb_pca,0,1
0.73299444,3,rgb_pca,0,1
0.75933975,3,rgb_pca,0,1
0.76811665,3,rgb_pca,0,1
0.79025114,3,rgb_pca,0,1
0.8066102,3,rgb_pca,0,1
0.76054096,3,rgb_pca,0,1
0.7281413,3,rgb_pca,0,1
0.72095114,3,rgb_pca,0,1
0.71999717,3,rgb_pca,0,1
0.7159123,3,rgb_pca,0,1
0.7378973,3,rgb_pca,0,1
0.72035044,3,rgb_pca,0,1
0.72194624,3,rgb_pca,0,1
0.7205368,3,rgb_pca,0,1
0.75976217,3,rgb_pca,0,1
0.7512709,3,rgb_pca,0,1
0.7631978,3,rgb_pca,0,1
0.7271958,3,rgb_pca,0,1
0.7238005,3,rgb_pca,0,1
0.72045445,3,rgb_pca,0,1
0.74421835,3,rgb_pca,0,1
0.72007716,3,rgb_pca,0,1
0.7308297,3,rgb_pca,0,1
0.7207597,3,rgb_pca,0,1
0.7064163,3,rgb_pca,0,1
0.6760911,3,rgb_pca,0,1
0.7219949,3,rgb_pca,0,1
0.75272727,3,rgb_pca,0,1
0.77701455,3,rgb_pca,0,1
0.7407156,3,rgb_pca,0,1
0.7496093,3,rgb_pca,0,1
0.74511164,3,rgb_pca,0,1
0.76072156,3,rgb_pca,0,1
0.74309516,3,rgb_pca,0,1
0.7668028,3,rgb_pca,0,1
0.75971234,3,rgb_pca,0,1
0.73367596,3,rgb_pca,0,1
0.6932955,3,rgb_pca,0,1
0.7295157,3,rgb_pca,0,1
0.7582017,3,rgb_pca,0,1
0.7879104,3,rgb_pca,0,1
0.72802806,3,rgb_pca,0,1
0.73472935,3,rgb_pca,0,1
0.73420334,3,rgb_pca,0,1
0.7485452,3,rgb_pca,0,1
0.7372464,3,rgb_pca,0,1
0.74023724,3,rgb_pca,0,1
0.7710837,3,rgb_pca,0,1
0.76757723,3,rgb_pca,0,1
0.7555218,3,rgb_pca,0,1
0.7208297,3,rgb_pca,0,1
0.74604994,3,rgb_pca,0,1
0.7127845,3,rgb_pca,0,1
0.7323129,3,rgb_pca,0,1
0.7229075,3,rgb_pca,0,1
0.7454357,3,rgb_pca,0,1
0.74223953,3,rgb_pca,0,1
0.7368716,3,rgb_pca,0,1
0.74130946,3,rgb_pca,0,1
0.7272875,3,rgb_pca,0,1
0.78076243,3,rgb_pca,0,1
0.7957779,3,rgb_pca,0,1
0.7641811,3,rgb_pca,0,1
0.7588018,3,rgb_pca,0,1
0.75214565,3,rgb_pca,0,1
0.713698,3,rgb_pca,0,1
0.7401389,3,rgb_pca,0,1
0.7519812,3,rgb_pca,0,1
0.7393756,3,rgb_pca,0,1
0.74436885,3,rgb_pca,0,1
0.7455492,3,rgb_pca,0,1
0.79952145,3,rgb_pca,0,1
0.81788254,3,rgb_pca,0,1
0.7980679,3,rgb_pca,0,1
0.7354791,3,rgb_pca,0,1
0.7139085,3,rgb_pca,0,1
0.74788964,3,rgb_pca,0,1
0.7636337,3,rgb_pca,0,1
0.76830924,3,rgb_pca,0,1
0.7771848,3,rgb_pca,0,1
0.7599758,3,rgb_pca,0,1
0.8037375,3,rgb_pca,0,1
0.8062303,3,rgb_pca,0,1
0.8023174,3,rgb_pca,0,1
0.7145824,3,rgb_pca,0,1
0.6774353,3,rgb_pca,0,1
0.69781744,3,rgb_pca,0,1
0.7041848,3,rgb_pca,0,1
0.7327469,3,rgb_pca,0,1
0.7399314,3,rgb_pca,0,1
0.7691551,3,rgb_pca,0,1
0.7321031,3,rgb_pca,0,1
0.7036507,3,rgb_pca,0,1
0.6882088,3,rgb_pca,0,1
0.67184633,3,rgb_pca,0,1
0.7115676,3,rgb_pca,0,1
0.7349998,3,rgb_pca,0,1
0.7570399,3,rgb_pca,0,1
0.74848586,3,rgb_pca,0,1
0.7204344,3,rgb_pca,0,1
0.74824685,3,rgb_pca,0,1
0.7416068,3,rgb_pca,0,1
0.7276144,3,rgb_pca,0,1
0.7933233,3,rgb_pca,0,1
0.7494501,3,rgb_pca,0,1
0.74419165,3,rgb_pca,0,1
0.7918005,3,rgb_pca,0,1
0.7312793,3,rgb_pca,0,1
0.72903734,3,rgb_pca,0,1
0.78727835,3,rgb_pca,0,1
0.6647187,7,rgb_pca,0,1
0.6873561,7,rgb_pca,0,1
0.70918596,7,rgb_pca,0,1
0.7336307,7,rgb_pca,0,1
0.6808843,7,rgb_pca,0,1
0.6448738,7,rgb_pca,0,1
0.6362741,7,rgb_pca,0,1
0.7126072,7,rgb_pca,0,1
0.7198731,7,rgb_pca,0,1
0.7582028,7,rgb_pca,0,1
0.7680234,7,rgb_pca,0,1
0.77281976,7,rgb_pca,0,1
0.73418355,7,rgb_pca,0,1
0.6454026,7,rgb_pca,0,1
0.610377,7,rgb_pca,0,1
0.7531313,7,rgb_pca,0,1
0.75331676,7,rgb_pca,0,1
0.75520265,7,rgb_pca,0,1
0.7944267,7,rgb_pca,0,1
0.79892623,7,rgb_pca,0,1
0.79919285,7,rgb_pca,0,1
0.7781018,7,rgb_pca,0,1
0.6914547,7,rgb_pca,0,1
0.62184703,7,rgb_pca,0,1
0.72471327,7,rgb_pca,0,1
0.7217199,7,rgb_pca,0,1
0.7697611,7,rgb_pca,0,1
0.76375735,7,rgb_pca,0,1
0.75927985,7,rgb_pca,0,1
0.7964689,7,rgb_pca,0,1
0.79403996,7,rgb_pca,0,1
0.7901361,7,rgb_pca,0,1
0.7798481,7,rgb_pca,0,1
0.6963195,7,rgb_pca,0,1
0.6074364,7,rgb_pca,0,1
0.6566478,7,rgb_pca,0,1
0.6265622,7,rgb_pca,0,1
0.7730671,7,rgb_pca,0,1
0.75709,7,rgb_pca,0,1
0.75142664,7,rgb_pca,0,1
0.80273616,7,rgb_pca,0,1
0.7944659,7,rgb_pca,0,1
0.7932466,7,rgb_pca,0,1
0.77975345,7,rgb_pca,0,1
0.6959677,7,rgb_pca,0,1
0.5961642,7,rgb_pca,0,1
0.6684299,7,rgb_pca,0,1
0.6138564,7,rgb_pca,0,1
0.77574354,7,rgb_pca,0,1
0.74932706,7,rgb_pca,0,1
0.7590256,7,rgb_pca,0,1
0.81070435,7,rgb_pca,0,1
0.79436874,7,rgb_pca,0,1
0.8001497,7,rgb_pca,0,1
0.78900015,7,rgb_pca,0,1
0.7143845,7,rgb_pca,0,1
0.63097566,7,rgb_pca,0,1
0.6180319,7,rgb_pca,0,1
0.56585544,7,rgb_pca,0,1
0.74612856,7,rgb_pca,0,1
0.7391548,7,rgb_pca,0,1
0.73452663,7,rgb_pca,0,1
0.7898132,7,rgb_pca,0,1
0.77674943,7,rgb_pca,0,1
0.77737576,7,rgb_pca,0,1
0.77256155,7,rgb_pca,0,1
0.7217002,7,rgb_pca,0,1
0.6689379,7,rgb_pca,0,1
0.5745733,7,rgb_pca,0,1
0.5711956,7,rgb_pca,0,1
0.53249454,7,rgb_pca,0,1
0.4158827,7,rgb_pca,0,1
0.40790987,7,rgb_pca,0,1
0.517578,7,rgb_pca,0,1
0.6227293,7,rgb_pca,0,1
0.7659024,7,rgb_pca,0,1
0.7192445,7,rgb_pca,0,1
0.7379123,7,rgb_pca,0,1
0.730623,7,rgb_pca,0,1
0.73493433,7,rgb_pca,0,1
0.7158216,7,rgb_pca,0,1
0.72287804,7,rgb_pca,0,1
0.73746514,7,rgb_pca,0,1
0.7388844,7,rgb_pca,0,1
0.7701445,7,rgb_pca,0,1
0.5655265,7,rgb_pca,0,1
0.54061735,7,rgb_pca,0,1
0.5214192,7,rgb_pca,0,1
0.55282223,7,rgb_pca,0,1
0.5731895,7,rgb_pca,0,1
0.59714067,7,rgb_pca,0,1
0.6584177,7,rgb_pca,0,1
0.78208816,7,rgb_pca,0,1
0.5137452,7,rgb_pca,0,1
0.56191933,7,rgb_pca,0,1
0.6111784,7,rgb_pca,0,1
0.6423595,7,rgb_pca,0,1
0.6686031,7,rgb_pca,0,1
0.7653985,7,rgb_pca,0,1
0.56662494,7,rgb_pca,0,1
0.5844722,7,rgb_pca,0,1
0.650144,7,rgb_pca,0,1
0.7232127,7,rgb_pca,0,1
0.71021247,7,rgb_pca,0,1
0.7534402,7,rgb_pca,0,1
0.5511335,7,rgb_pca,0,1
0.5393994,7,rgb_pca,0,1
0.5834086,7,rgb_pca,0,1
0.6475915,7,rgb_pca,0,1
0.6940514,7,rgb_pca,0,1
0.7502857,7,rgb_pca,0,1
0.5431923,7,rgb_pca,0,1
0.5303087,7,rgb_pca,0,1
0.57280225,7,rgb_pca,0,1
0.63323057,7,rgb_pca,0,1
0.63218117,7,rgb_pca,0,1
0.7150113,7,rgb_pca,0,1
0.6201049,7,rgb_pca,0,1
0.62697613,7,rgb_pca,0,1
0.6381304,7,rgb_pca,0,1
0.6872963,7,rgb_pca,0,1
0.7054915,7,rgb_pca,0,1
0.7868616,7,rgb_pca,0,1
0.77056646,3,rgb_pca,0,1
0.75460196,3,rgb_pca,0,1
0.75105643,3,rgb_pca,0,1
0.7202192,3,rgb_pca,0,1
0.7698825,3,rgb_pca,0,1
0.7669635,3,rgb_pca,0,1
0.7636857,3,rgb_pca,0,1
0.7896166,3,rgb_pca,0,1
0.79702973,3,rgb_pca,0,1
0.6339843,7,rgb_pca,0,1
0.6986567,7,rgb_pca,0,1
0.75102675,3,rgb_pca,0,1
0.7202705,3,rgb_pca,0,1
0.7219225,3,rgb_pca,0,1
0.6837536,3,rgb_pca,0,1
0.7377727,3,rgb_pca,0,1
0.7524538,3,rgb_pca,0,1
0.74666774,3,rgb_pca,0,1
0.76825905,3,rgb_pca,0,1
0.79312396,3,rgb_pca,0,1
0.7869271,3,rgb_pca,0,1
0.7710891,3,rgb_pca,0,1
0.77740204,3,rgb_pca,0,1
0.74016976,3,rgb_pca,0,1
0.7524308,3,rgb_pca,0,1
0.77471554,3,rgb_pca,0,1
0.77193856,3,rgb_pca,0,1
0.77025956,3,rgb_pca,0,1
0.7976607,3,rgb_pca,0,1
0.8075576,3,rgb_pca,0,1
0.75471157,3,rgb_pca,0,1
0.76112324,3,rgb_pca,0,1
0.76415575,3,rgb_pca,0,1
0.76488924,3,rgb_pca,0,1
0.7060025,3,rgb_pca,0,1
0.7256923,3,rgb_pca,0,1
0.7385618,3,rgb_pca,0,1
0.7543658,3,rgb_pca,0,1
0.7515265,3,rgb_pca,0,1
0.76467884,3,rgb_pca,0,1
0.7669121,3,rgb_pca,0,1
0.7685348,3,rgb_pca,0,1
0.7709675,3,rgb_pca,0,1
0.75964546,3,rgb_pca,0,1
0.7578099,3,rgb_pca,0,1
0.75787276,3,rgb_pca,0,1
0.6913093,3,rgb_pca,0,1
0.7076565,3,rgb_pca,0,1
0.6860462,3,rgb_pca,0,1
0.6710482,3,rgb_pca,0,1
0.6884626,3,rgb_pca,0,1
0.7347318,3,rgb_pca,0,1
0.77995133,3,rgb_pca,0,1
0.7994275,3,rgb_pca,0,1
0.75095904,3,rgb_pca,0,1
0.73442006,3,rgb_pca,0,1
0.7319845,3,rgb_pca,0,1
0.74387807,3,rgb_pca,0,1
0.68908453,3,rgb_pca,0,1
0.72198796,3,rgb_pca,0,1
0.69142735,3,rgb_pca,0,1
0.66425675,3,rgb_pca,0,1
0.67614657,3,rgb_pca,0,1
0.71969193,3,rgb_pca,0,1
0.75075185,3,rgb_pca,0,1
0.74519426,3,rgb_pca,0,1
0.7280481,3,rgb_pca,0,1
0.7521068,3,rgb_pca,0,1
0.7294823,3,rgb_pca,0,1
0.7242397,3,rgb_pca,0,1
0.73432755,3,rgb_pca,0,1
0.72037154,3,rgb_pca,0,1
0.76540637,3,rgb_pca,0,1
0.74716246,3,rgb_pca,0,1
0.74132776,3,rgb_pca,0,1
0.71252245,3,rgb_pca,0,1
0.74512374,3,rgb_pca,0,1
0.75759816,3,rgb_pca,0,1
0.7474446,3,rgb_pca,0,1
0.7129487,3,rgb_pca,0,1
0.7413381,3,rgb_pca,0,1
0.73355484,3,rgb_pca,0,1
0.72229815,3,rgb_pca,0,1
0.7310848,3,rgb_pca,0,1
0.72722775,3,rgb_pca,0,1
0.7769945,3,rgb_pca,0,1
0.7683158,3,rgb_pca,0,1
0.75544345,3,rgb_pca,0,1
0.72046816,3,rgb_pca,0,1
0.74172187,3,rgb_pca,0,1
0.7012248,3,rgb_pca,0,1
0.72383565,3,rgb_pca,0,1
0.7286588,3,rgb_pca,0,1
0.7306419,3,rgb_pca,0,1
0.7329967,3,rgb_pca,0,1
0.7200246,3,rgb_pca,0,1
0.76416606,3,rgb_pca,0,1
0.7777728,3,rgb_pca,0,1
0.7717608,3,rgb_pca,0,1
0.76967,3,rgb_pca,0,1
0.766033,3,rgb_pca,0,1
0.745692,3,rgb_pca,0,1
0.7367826,3,rgb_pca,0,1
0.7381099,3,rgb_pca,0,1
0.7517278,3,rgb_pca,0,1
0.7410251,3,rgb_pca,0,1
0.76102304,3,rgb_pca,0,1
0.7656049,3,rgb_pca,0,1
0.76149476,3,rgb_pca,0,1
0.7517916,3,rgb_pca,0,1
0.728399,3,rgb_pca,0,1
0.69662297,3,rgb_pca,0,1
0.7038456,3,rgb_pca,0,1
0.72341543,3,rgb_pca,0,1
0.7061113,3,rgb_pca,0,1
0.72187996,3,rgb_pca,0,1
0.7259463,3,rgb_pca,0,1
0.7375649,3,rgb_pca,0,1
0.71057117,3,rgb_pca,0,1
0.7058539,3,rgb_pca,0,1
0.7169305,3,rgb_pca,0,1
0.6985061,3,rgb_pca,0,1
0.7245792,3,rgb_pca,0,1
0.82163954,3,rgb_pca,0,1
0.78559494,3,rgb_pca,0,1
0.7515717,3,rgb_pca,0,1
0.75713444,3,rgb_pca,0,1
0.75783145,3,rgb_pca,0,1
0.78520316,3,rgb_pca,0,1
0.7669316,3,rgb_pca,0,1
0.77324194,3,rgb_pca,0,1
0.78593725,3,rgb_pca,0,1
0.74858844,3,rgb_pca,0,1
0.7324765,3,rgb_pca,0,1
0.7738852,3,rgb_pca,0,1
0.7884442,7,rgb_pca,0,1
0.73243964,7,rgb_pca,0,1
0.74387634,7,rgb_pca,0,1
0.7043115,7,rgb_pca,0,1
0.729213,7,rgb_pca,0,1
0.6879473,7,rgb_pca,0,1
0.6918607,7,rgb_pca,0,1
0.6916344,7,rgb_pca,0,1
0.65893346,7,rgb_pca,0,1
0.66787815,7,rgb_pca,0,1
0.67000264,7,rgb_pca,0,1
0.6688088,7,rgb_pca,0,1
0.6873659,7,rgb_pca,0,1
0.682655,7,rgb_pca,0,1
0.7058326,7,rgb_pca,0,1
0.75301474,7,rgb_pca,0,1
0.65021086,7,rgb_pca,0,1
0.6818212,7,rgb_pca,0,1
0.6937399,7,rgb_pca,0,1
0.6618388,7,rgb_pca,0,1
0.668433,7,rgb_pca,0,1
0.6560662,7,rgb_pca,0,1
0.68024087,7,rgb_pca,0,1
0.767838,7,rgb_pca,0,1
0.70336854,7,rgb_pca,0,1
0.65515316,7,rgb_pca,0,1
0.66502655,7,rgb_pca,0,1
0.6689584,7,rgb_pca,0,1
0.67270195,7,rgb_pca,0,1
0.7829636,7,rgb_pca,0,1
0.7324335,7,rgb_pca,0,1
0.67639565,7,rgb_pca,0,1
0.6819437,7,rgb_pca,0,1
0.6999212,7,rgb_pca,0,1
0.696345,7,rgb_pca,0,1
0.74177516,7,rgb_pca,0,1
0.6944045,7,rgb_pca,0,1
0.70646524,7,rgb_pca,0,1
0.73201317,7,rgb_pca,0,1
0.6642673,7,rgb_pca,0,1
0.6547693,7,rgb_pca,0,1
0.6943027,7,rgb_pca,0,1
0.647016,7,rgb_pca,0,1
0.66732717,7,rgb_pca,0,1
0.6571621,7,rgb_pca,0,1
0.61762685,7,rgb_pca,0,1
0.65724546,7,rgb_pca,0,1
0.7353252,7,rgb_pca,0,1
0.64851284,7,rgb_pca,0,1
0.66621304,7,rgb_pca,0,1
0.66081095,7,rgb_pca,0,1
0.6536943,7,rgb_pca,0,1
0.6865854,7,rgb_pca,0,1
0.78025275,7,rgb_pca,0,1
0.69247615,7,rgb_pca,0,1
0.7280375,7,rgb_pca,0,1
0.7534541,5,rgb_pca,0,1
0.72235274,5,rgb_pca,0,1
0.7088989,5,rgb_pca,0,1
0.71886516,5,rgb_pca,0,1
0.7148305,5,rgb_pca,0,1
0.73921674,5,rgb_pca,0,1
0.72219545,5,rgb_pca,0,1
0.75915396,5,rgb_pca,0,1
0.71492267,5,rgb_pca,0,1
0.7473818,5,rgb_pca,0,1
0.80960625,5,rgb_pca,0,1
0.81511945,5,rgb_pca,0,1
0.7089279,5,rgb_pca,0,1
0.7415833,5,rgb_pca,0,1
0.79446137,5,rgb_pca,0,1
0.79879403,5,rgb_pca,0,1
0.809229,5,rgb_pca,0,1
0.7364571,5,rgb_pca,0,1
0.7841548,5,rgb_pca,0,1
0.8050114,5,rgb_pca,0,1
0.8137164,5,rgb_pca,0,1
0.8193232,5,rgb_pca,0,1
0.82658875,5,rgb_pca,0,1
0.7375611,5,rgb_pca,0,1
0.80590737,5,rgb_pca,0,1
0.82980037,5,rgb_pca,0,1
0.8195385,5,rgb_pca,0,1
0.8192339,5,rgb_pca,0,1
0.81713164,5,rgb_pca,0,1
0.7355981,5,rgb_pca,0,1
0.79904306,5,rgb_pca,0,1
0.8301679,5,rgb_pca,0,1
0.82076865,5,rgb_pca,0,1
0.82465446,5,rgb_pca,0,1
0.82533,5,rgb_pca,0,1
0.72441465,5,rgb_pca,0,1
0.77990115,5,rgb_pca,0,1
0.806216,5,rgb_pca,0,1
0.79860705,5,rgb_pca,0,1
0.8008754,5,rgb_pca,0,1
0.73496807,5,rgb_pca,0,1
0.780428,5,rgb_pca,0,1
0.79523194,5,rgb_pca,0,1
0.79437995,5,rgb_pca,0,1
0.80601597,5,rgb_pca,0,1
0.6527811,5,rgb_pca,0,1
0.74262226,5,rgb_pca,0,1
0.77659893,5,rgb_pca,0,1
0.79663587,5,rgb_pca,0,1
0.62698495,5,rgb_pca,0,1
0.68475527,5,rgb_pca,0,1
0.7459347,5,rgb_pca,0,1
0.7728566,5,rgb_pca,0,1
0.6033195,5,rgb_pca,0,1
0.6936686,5,rgb_pca,0,1
0.75980353,5,rgb_pca,0,1
0.73014605,5,rgb_pca,0,1
0.7722847,5,rgb_pca,0,1
0.7548768,5,rgb_pca,0,1
0.7463585,5,rgb_pca,0,1
0.77470744,5,rgb_pca,0,1
0.7306833,5,rgb_pca,0,1
0.7914001,5,rgb_pca,0,1
0.731374,5,rgb_pca,0,1
0.8022852,5,rgb_pca,0,1
0.7690747,5,rgb_pca,0,1
0.779781,5,rgb_pca,0,1
0.7727237,5,rgb_pca,0,1
0.7947885,5,rgb_pca,0,1
0.80459636,5,rgb_pca,0,1
0.7624208,5,rgb_pca,0,1
0.7656888,5,rgb_pca,0,1
0.7890434,5,rgb_pca,0,1
0.8055167,5,rgb_pca,0,1
0.79168737,5,rgb_pca,0,1
0.7562165,5,rgb_pca,0,1
0.75130814,5,rgb_pca,0,1
0.82566506,5,rgb_pca,0,1
0.8258422,5,rgb_pca,0,1
0.7523613,5,rgb_pca,0,1
0.7597554,5,rgb_pca,0,1
0.75792533,5,rgb_pca,0,1
0.7551323,5,rgb_pca,0,1
0.8309608,5,rgb_pca,0,1
0.8330123,5,rgb_pca,0,1
0.7739676,5,rgb_pca,0,1
0.7857052,5,rgb_pca,0,1
0.7774724,5,rgb_pca,0,1
0.77692705,5,rgb_pca,0,1
0.7730723,5,rgb_pca,0,1
0.7754284,5,rgb_pca,0,1
0.81152654,5,rgb_pca,0,1
0.8189552,5,rgb_pca,0,1
0.8020192,5,rgb_pca,0,1
0.80193776,5,rgb_pca,0,1
0.76602143,5,rgb_pca,0,1
0.75521946,5,rgb_pca,0,1
0.79041284,5,rgb_pca,0,1
0.77510744,5,rgb_pca,0,1
0.75649405,5,rgb_pca,0,1
0.7597325,5,rgb_pca,0,1
0.788535,5,rgb_pca,0,1
0.81735915,5,rgb_pca,0,1
0.67068803,5,rgb_pca,0,1
0.76122385,5,rgb_pca,0,1
0.7598125,5,rgb_pca,0,1
0.76054853,5,rgb_pca,0,1
0.7114575,5,rgb_pca,0,1
0.73437476,5,rgb_pca,0,1
0.7625328,5,rgb_pca,0,1
0.79953516,5,rgb_pca,0,1
0.7160231,5,rgb_pca,0,1
0.7339779,5,rgb_pca,0,1
0.76208264,5,rgb_pca,0,1
0.7658107,5,rgb_pca,0,1
0.77037024,5,rgb_pca,0,1
0.63513,3,rgb_pca,0,1
0.72015035,3,rgb_pca,0,1
0.70862925,3,rgb_pca,0,1
0.7401713,3,rgb_pca,0,1
0.7023916,3,rgb_pca,0,1
0.71859896,3,rgb_pca,0,1
0.7140987,3,rgb_pca,0,1
0.71901405,3,rgb_pca,0,1
0.70786786,3,rgb_pca,0,1
0.7162625,3,rgb_pca,0,1
0.72086644,3,rgb_pca,0,1
0.6944369,3,rgb_pca,0,1
0.67047817,3,rgb_pca,0,1
0.69447404,3,rgb_pca,0,1
0.7290641,3,rgb_pca,0,1
0.74396145,3,rgb_pca,0,1
0.728351,3,rgb_pca,0,1
0.7467371,3,rgb_pca,0,1
0.7170762,3,rgb_pca,0,1
0.6668825,3,rgb_pca,0,1
0.71163255,3,rgb_pca,0,1
0.7197299,3,rgb_pca,0,1
0.7574359,3,rgb_pca,0,1
0.7628005,3,rgb_pca,0,1
0.7637533,3,rgb_pca,0,1
0.7369778,3,rgb_pca,0,1
0.69039524,3,rgb_pca,0,1
0.7510102,3,rgb_pca,0,1
0.7469349,3,rgb_pca,0,1
0.7441822,3,rgb_pca,0,1
0.79646194,3,rgb_pca,0,1
0.80187666,3,rgb_pca,0,1
0.8039226,3,rgb_pca,0,1
0.7859793,3,rgb_pca,0,1
0.7313512,3,rgb_pca,0,1
0.7830405,3,rgb_pca,0,1
0.6936214,3,rgb_pca,0,1
0.7337918,3,rgb_pca,0,1
0.7472776,3,rgb_pca,0,1
0.7411709,3,rgb_pca,0,1
0.78137374,3,rgb_pca,0,1
0.77550673,3,rgb_pca,0,1
0.78566945,3,rgb_pca,0,1
0.7672165,3,rgb_pca,0,1
0.6975764,3,rgb_pca,0,1
0.75000197,3,rgb_pca,0,1
0.7013289,3,rgb_pca,0,1
0.73105824,3,rgb_pca,0,1
0.7063266,3,rgb_pca,0,1
0.6696467,3,rgb_pca,0,1
0.73052007,3,rgb_pca,0,1
0.71697915,3,rgb_pca,0,1
0.71419,3,rgb_pca,0,1
0.71232253,3,rgb_pca,0,1
0.7136332,3,rgb_pca,0,1
0.7661348,3,rgb_pca,0,1
0.70328087,3,rgb_pca,0,1
0.7372345,3,rgb_pca,0,1
0.6877334,3,rgb_pca,0,1
0.6442999,3,rgb_pca,0,1
0.7171451,3,rgb_pca,0,1
0.69334555,3,rgb_pca,0,1
0.7080304,3,rgb_pca,0,1
0.7258719,3,rgb_pca,0,1
0.7187846,3,rgb_pca,0,1
0.7769472,3,rgb_pca,0,1
0.6539215,3,rgb_pca,0,1
0.69118774,3,rgb_pca,0,1
0.6679884,3,rgb_pca,0,1
0.65924597,3,rgb_pca,0,1
0.7161936,3,rgb_pca,0,1
0.6795937,3,rgb_pca,0,1
0.70711946,3,rgb_pca,0,1
0.7349206,3,rgb_pca,0,1
0.72638726,3,rgb_pca,0,1
0.7705728,3,rgb_pca,0,1
0.58676714,3,rgb_pca,0,1
0.6243409,3,rgb_pca,0,1
0.6149884,3,rgb_pca,0,1
0.6223824,3,rgb_pca,0,1
0.68303883,3,rgb_pca,0,1
0.657204,3,rgb_pca,0,1
0.67141235,3,rgb_pca,0,1
0.69238484,3,rgb_pca,0,1
0.68863624,3,rgb_pca,0,1
0.7557881,3,rgb_pca,0,1
0.61728585,3,rgb_pca,0,1
0.64928687,3,rgb_pca,0,1
0.65224504,3,rgb_pca,0,1
0.64664114,3,rgb_pca,0,1
0.70333046,3,rgb_pca,0,1
0.67986023,3,rgb_pca,0,1
0.6937417,3,rgb_pca,0,1
0.7144978,3,rgb_pca,0,1
0.6874952,3,rgb_pca,0,1
0.7431035,3,rgb_pca,0,1
0.7035329,3,rgb_pca,0,1
0.71842027,3,rgb_pca,0,1
0.7506807,3,rgb_pca,0,1
0.69374466,3,rgb_pca,0,1
0.6933298,3,rgb_pca,0,1
0.7171172,3,rgb_pca,0,1
0.70378566,3,rgb_pca,0,1
0.747499,3,rgb_pca,0,1
0.7191825,3,rgb_pca,0,1
0.7026321,3,rgb_pca,0,1
0.7535588,3,rgb_pca,0,1
0.6921443,3,rgb_pca,0,1
0.6564007,3,rgb_pca,0,1
0.7002045,3,rgb_pca,0,1
0.6809343,3,rgb_pca,0,1
0.7323387,3,rgb_pca,0,1
0.6723474,3,rgb_pca,0,1
0.7352446,3,rgb_pca,0,1
0.70150805,3,rgb_pca,0,1
0.6897194,3,rgb_pca,0,1
0.70267874,3,rgb_pca,0,1
0.70393986,3,rgb_pca,0,1
0.76361996,3,rgb_pca,0,1
0.6991355,3,rgb_pca,0,1
0.6806413,3,rgb_pca,0,1
0.69272137,3,rgb_pca,0,1
0.65835214,3,rgb_pca,0,1
0.71909136,3,rgb_pca,0,1
0.643875,3,rgb_pca,0,1
0.64976573,3,rgb_pca,0,1
0.66172934,3,rgb_pca,0,1
0.61640227,3,rgb_pca,0,1
0.6812009,3,rgb_pca,0,1
0.6790825,3,rgb_pca,0,1
0.68406045,3,rgb_pca,0,1
0.6954098,3,rgb_pca,0,1
0.74705297,3,rgb_pca,0,1
0.6583868,3,rgb_pca,0,1
0.7373496,3,rgb_pca,0,1
0.6792917,3,rgb_pca,0,1
0.6886604,3,rgb_pca,0,1
0.694765,3,rgb_pca,0,1
0.7139708,3,rgb_pca,0,1
0.7177782,3,rgb_pca,0,1
0.71190536,3,rgb_pca,0,1
0.70035744,3,rgb_pca,0,1
0.7142825,3,rgb_pca,0,1
0.68559754,3,rgb_pca,0,1
0.6925571,3,rgb_pca,0,1
0.6983981,3,rgb_pca,0,1
0.7188249,3,rgb_pca,0,1
0.72505563,3,rgb_pca,0,1
0.68958414,3,rgb_pca,0,1
0.6888654,3,rgb_pca,0,1
0.659303,3,rgb_pca,0,1
0.68081737,3,rgb_pca,0,1
0.6811762,3,rgb_pca,0,1
0.7144133,3,rgb_pca,0,1
0.7126303,3,rgb_pca,0,1
0.6898016,3,rgb_pca,0,1
0.6595167,3,rgb_pca,0,1
0.6311334,3,rgb_pca,0,1
0.69456244,3,rgb_pca,0,1
0.6518086,3,rgb_pca,0,1
0.6785931,3,rgb_pca,0,1
0.66408503,3,rgb_pca,0,1
0.6812613,3,rgb_pca,0,1
0.669837,3,rgb_pca,0,1
0.67431104,3,rgb_pca,0,1
0.6908555,3,rgb_pca,0,1
0.71262014,3,rgb_pca,0,1
0.6959465,3,rgb_pca,0,1
0.69864905,3,rgb_pca,0,1
0.64377785,3,rgb_pca,0,1
0.64541715,3,rgb_pca,0,1
0.6805408,3,rgb_pca,0,1
0.67177284,3,rgb_pca,0,1
0.6821731,3,rgb_pca,0,1
0.6554972,3,rgb_pca,0,1
0.68626726,3,rgb_pca,0,1
0.7099548,3,rgb_pca,0,1
0.67688614,3,rgb_pca,0,1
0.6727617,3,rgb_pca,0,1
0.7137368,3,rgb_pca,0,1
0.70576394,3,rgb_pca,0,1
0.6863158,3,rgb_pca,0,1
0.658781,3,rgb_pca,0,1
0.6686708,3,rgb_pca,0,1
0.6678604,3,rgb_pca,0,1
0.6616695,3,rgb_pca,0,1
0.6538681,3,rgb_pca,0,1
0.6803618,3,rgb_pca,0,1
0.68128484,3,rgb_pca,0,1
0.6523473,3,rgb_pca,0,1
0.6440263,3,rgb_pca,0,1
0.711516,3,rgb_pca,0,1
0.7156001,3,rgb_pca,0,1
0.68903613,3,rgb_pca,0,1
0.6600156,3,rgb_pca,0,1
0.6613393,3,rgb_pca,0,1
0.66661817,3,rgb_pca,0,1
0.64979255,3,rgb_pca,0,1
0.66059446,3,rgb_pca,0,1
0.6581727,3,rgb_pca,0,1
0.6473491,3,rgb_pca,0,1
0.63887155,3,rgb_pca,0,1
0.61761236,3,rgb_pca,0,1
0.63865596,3,rgb_pca,0,1
0.73592985,3,rgb_pca,0,1
0.71336085,3,rgb_pca,0,1
0.670291,3,rgb_pca,0,1
0.6325705,3,rgb_pca,0,1
0.6273471,3,rgb_pca,0,1
0.66029376,3,rgb_pca,0,1
0.6324395,3,rgb_pca,0,1
0.62921286,3,rgb_pca,0,1
0.6364901,3,rgb_pca,0,1
0.63015366,3,rgb_pca,0,1
0.6392353,3,rgb_pca,0,1
0.61686397,3,rgb_pca,0,1
0.647925,3,rgb_pca,0,1
0.70954835,3,rgb_pca,0,1
0.6893903,3,rgb_pca,0,1
0.66196567,3,rgb_pca,0,1
0.6244588,3,rgb_pca,0,1
0.62759316,3,rgb_pca,0,1
0.67893505,3,rgb_pca,0,1
0.6618711,3,rgb_pca,0,1
0.64982295,3,rgb_pca,0,1
0.65190864,3,rgb_pca,0,1
0.6530137,3,rgb_pca,0,1
0.6484277,3,rgb_pca,0,1
0.6248701,3,rgb_pca,0,1
0.6792219,3,rgb_pca,0,1
0.7052567,3,rgb_pca,0,1
0.6575502,3,rgb_pca,0,1
0.6486017,3,rgb_pca,0,1
0.62114716,3,rgb_pca,0,1
0.665622,3,rgb_pca,0,1
0.69917375,3,rgb_pca,0,1
0.641916,3,rgb_pca,0,1
0.6251669,3,rgb_pca,0,1
0.64590126,3,rgb_pca,0,1
0.64943576,3,rgb_pca,0,1
0.64403844,3,rgb_pca,0,1
0.6091838,3,rgb_pca,0,1
0.6807673,3,rgb_pca,0,1
0.668476,3,rgb_pca,0,1
0.6505147,3,rgb_pca,0,1
0.69490933,3,rgb_pca,0,1
0.7079048,3,rgb_pca,0,1
0.66118973,3,rgb_pca,0,1
0.66099906,3,rgb_pca,0,1
0.69106805,3,rgb_pca,0,1
0.7158133,3,rgb_pca,0,1
0.6851002,3,rgb_pca,0,1
0.6288586,3,rgb_pca,0,1
0.6821331,3,rgb_pca,0,1
0.66762686,3,rgb_pca,0,1
0.64538944,3,rgb_pca,0,1
0.6657162,3,rgb_pca,0,1
0.6821594,3,rgb_pca,0,1
0.65786505,3,rgb_pca,0,1
0.66826546,3,rgb_pca,0,1
0.71575034,3,rgb_pca,0,1
0.7364263,3,rgb_pca,0,1
0.7038351,3,rgb_pca,0,1
0.65181947,3,rgb_pca,0,1
0.63606656,3,rgb_pca,0,1
0.62422836,3,rgb_pca,0,1
0.65200734,3,rgb_pca,0,1
0.64464176,3,rgb_pca,0,1
0.65716684,3,rgb_pca,0,1
0.67745477,3,rgb_pca,0,1
0.7025567,3,rgb_pca,0,1
0.69973695,3,rgb_pca,0,1
0.66643727,3,rgb_pca,0,1
0.696498,3,rgb_pca,0,1
0.69586223,3,rgb_pca,0,1
0.68733865,3,rgb_pca,0,1
0.7060685,3,rgb_pca,0,1
0.6525562,3,rgb_pca,0,1
0.67941517,3,rgb_pca,0,1
0.66204405,3,rgb_pca,0,1
0.64642453,3,rgb_pca,0,1
0.6557758,3,rgb_pca,0,1
0.66986144,3,rgb_pca,0,1
0.75631344,3,rgb_pca,0,1
0.77633905,3,rgb_pca,0,1
0.7112819,3,rgb_pca,0,1
0.7953321,3,rgb_pca,0,1
0.7576747,3,rgb_pca,0,1
0.78882414,3,rgb_pca,0,1
0.7252455,3,rgb_pca,0,1
0.72722536,3,rgb_pca,0,1
0.75522745,3,rgb_pca,0,1
0.7067447,3,rgb_pca,0,1
0.719934,3,rgb_pca,0,1
0.73062384,3,rgb_pca,0,1
0.68184215,3,rgb_pca,0,1
0.706025,3,rgb_pca,0,1
0.69763863,3,rgb_pca,0,1
0.6455617,3,rgb_pca,0,1
0.7164762,3,rgb_pca,0,1
0.7110988,3,rgb_pca,0,1
0.6624155,3,rgb_pca,0,1
0.7150496,3,rgb_pca,0,1
0.7059091,3,rgb_pca,0,1
0.63610286,3,rgb_pca,0,1
0.7214861,3,rgb_pca,0,1
0.73104405,3,rgb_pca,0,1
0.7697375,3,rgb_pca,0,1
0.7331633,3,rgb_pca,0,1
0.7588061,3,rgb_pca,0,1
0.76986647,3,rgb_pca,0,1
0.80103487,3,rgb_pca,0,1
0.7373873,3,rgb_pca,0,1
0.80835056,3,rgb_pca,0,1
0.8532634,7,rgb_pca,0,1
0.86887074,7,rgb_pca,0,1
0.868451,7,rgb_pca,0,1
0.8692713,7,rgb_pca,0,1
0.86529857,7,rgb_pca,0,1
0.87788033,7,rgb_pca,0,1
0.8788688,7,rgb_pca,0,1
0.84943813,7,rgb_pca,0,1
0.80955017,7,rgb_pca,0,1
0.85356176,7,rgb_pca,0,1
0.8659558,7,rgb_pca,0,1
0.87280077,7,rgb_pca,0,1
0.8689121,7,rgb_pca,0,1
0.85960287,7,rgb_pca,0,1
0.85791814,7,rgb_pca,0,1
0.83631754,7,rgb_pca,0,1
0.79560995,7,rgb_pca,0,1
0.7465241,7,rgb_pca,0,1
0.839784,7,rgb_pca,0,1
0.85082114,7,rgb_pca,0,1
0.85725045,7,rgb_pca,0,1
0.8543283,7,rgb_pca,0,1
0.8433912,7,rgb_pca,0,1
0.83997166,7,rgb_pca,0,1
0.80202514,7,rgb_pca,0,1
0.7551606,7,rgb_pca,0,1
0.705454,7,rgb_pca,0,1
0.83633214,7,rgb_pca,0,1
0.854589,7,rgb_pca,0,1
0.855725,7,rgb_pca,0,1
0.8467466,7,rgb_pca,0,1
0.8330038,7,rgb_pca,0,1
0.83601797,7,rgb_pca,0,1
0.80399597,7,rgb_pca,0,1
0.7271706,7,rgb_pca,0,1
0.67962396,7,rgb_pca,0,1
0.7885018,7,rgb_pca,0,1
0.81255835,7,rgb_pca,0,1
0.79073477,7,rgb_pca,0,1
0.7766007,7,rgb_pca,0,1
0.7630496,7,rgb_pca,0,1
0.77217305,7,rgb_pca,0,1
0.7517882,7,rgb_pca,0,1
0.6697388,7,rgb_pca,0,1
0.7095683,7,rgb_pca,0,1
0.77807486,3,rgb_pca,0,1
0.7513436,3,rgb_pca,0,1
0.75118804,3,rgb_pca,0,1
0.7429716,3,rgb_pca,0,1
0.76758254,3,rgb_pca,0,1
0.7914432,3,rgb_pca,0,1
0.71310353,3,rgb_pca,0,1
0.705711,3,rgb_pca,0,1
0.7492654,3,rgb_pca,0,1
0.6980593,3,rgb_pca,0,1
0.6954819,3,rgb_pca,0,1
0.70669353,3,rgb_pca,0,1
0.7014285,3,rgb_pca,0,1
0.71196425,3,rgb_pca,0,1
0.7253289,3,rgb_pca,0,1
0.70390236,3,rgb_pca,0,1
0.6513479,3,rgb_pca,0,1
0.6828516,3,rgb_pca,0,1
0.7215584,3,rgb_pca,0,1
0.70730084,3,rgb_pca,0,1
0.71806437,3,rgb_pca,0,1
0.67166334,3,rgb_pca,0,1
0.71665174,3,rgb_pca,0,1
0.77069885,3,rgb_pca,0,1
0.7524251,3,rgb_pca,0,1
0.7064036,3,rgb_pca,0,1
0.74870723,3,rgb_pca,0,1
0.7458028,3,rgb_pca,0,1
0.723835,3,rgb_pca,0,1
0.71574736,3,rgb_pca,0,1
0.7092788,3,rgb_pca,0,1
0.70945626,3,rgb_pca,0,1
0.66311437,3,rgb_pca,0,1
0.6924965,3,rgb_pca,0,1
0.7290248,3,rgb_pca,0,1
0.7269206,3,rgb_pca,0,1
0.6795051,3,rgb_pca,0,1
0.7363033,3,rgb_pca,0,1
0.7471319,3,rgb_pca,0,1
0.7625664,3,rgb_pca,0,1
0.7450688,3,rgb_pca,0,1
0.7218839,3,rgb_pca,0,1
0.7050501,3,rgb_pca,0,1
0.6884279,3,rgb_pca,0,1
0.6745718,3,rgb_pca,0,1
0.70701826,3,rgb_pca,0,1
0.6992811,3,rgb_pca,0,1
0.69869584,3,rgb_pca,0,1
0.69828796,3,rgb_pca,0,1
0.7558124,3,rgb_pca,0,1
0.7397069,3,rgb_pca,0,1
0.7580192,3,rgb_pca,0,1
0.7698355,3,rgb_pca,0,1
0.75200534,3,rgb_pca,0,1
0.72475946,3,rgb_pca,0,1
0.6976577,3,rgb_pca,0,1
0.6712612,3,rgb_pca,0,1
0.68747914,3,rgb_pca,0,1
0.70092136,3,rgb_pca,0,1
0.7087362,3,rgb_pca,0,1
0.7061391,3,rgb_pca,0,1
0.78406155,3,rgb_pca,0,1
0.7683699,3,rgb_pca,0,1
0.7543471,3,rgb_pca,0,1
0.81261015,3,rgb_pca,0,1
0.7635797,3,rgb_pca,0,1
0.75017977,3,rgb_pca,0,1
0.7288852,3,rgb_pca,0,1
0.7234898,3,rgb_pca,0,1
0.7055316,3,rgb_pca,0,1
0.71504575,3,rgb_pca,0,1
0.6830805,3,rgb_pca,0,1
0.65574014,3,rgb_pca,0,1
0.7236743,3,rgb_pca,0,1
0.78572726,3,rgb_pca,0,1
0.78153545,3,rgb_pca,0,1
0.7889014,3,rgb_pca,0,1
0.79998523,3,rgb_pca,0,1
0.7486354,3,rgb_pca,0,1
0.7275064,3,rgb_pca,0,1
0.70973456,3,rgb_pca,0,1
0.7371274,3,rgb_pca,0,1
0.7412819,3,rgb_pca,0,1
0.7438278,3,rgb_pca,0,1
0.72740746,3,rgb_pca,0,1
0.66688466,3,rgb_pca,0,1
0.717509,3,rgb_pca,0,1
0.7890663,3,rgb_pca,0,1
0.7621189,3,rgb_pca,0,1
0.7338804,3,rgb_pca,0,1
0.74117184,3,rgb_pca,0,1
0.74575996,3,rgb_pca,0,1
0.7603154,3,rgb_pca,0,1
0.7370509,3,rgb_pca,0,1
0.72413385,3,rgb_pca,0,1
0.7232959,3,rgb_pca,0,1
0.68964636,3,rgb_pca,0,1
0.7391746,3,rgb_pca,0,1
0.7397325,3,rgb_pca,0,1
0.7153636,3,rgb_pca,0,1
0.7454335,3,rgb_pca,0,1
0.7777295,3,rgb_pca,0,1
0.7774986,3,rgb_pca,0,1
0.71401465,3,rgb_pca,0,1
0.7459961,3,rgb_pca,0,1
0.7488105,3,rgb_pca,0,1
0.71478724,3,rgb_pca,0,1
0.7260387,3,rgb_pca,0,1
0.70795846,3,rgb_pca,0,1
0.71572864,3,rgb_pca,0,1
0.7676313,3,rgb_pca,0,1
0.78325844,3,rgb_pca,0,1
0.74833024,3,rgb_pca,0,1
0.76330495,3,rgb_pca,0,1
0.7522542,3,rgb_pca,0,1
0.7350105,3,rgb_pca,0,1
0.72452116,3,rgb_pca,0,1
0.7437265,3,rgb_pca,0,1
0.77948606,3,rgb_pca,0,1
0.74707925,3,rgb_pca,0,1
0.7788599,3,rgb_pca,0,1
0.8020638,3,rgb_pca,0,1
0.7611626,3,rgb_pca,0,1
0.7707626,3,rgb_pca,0,1
0.768029,3,rgb_pca,0,1
0.706106,3,rgb_pca,0,1
0.7436325,3,rgb_pca,0,1
0.74278486,3,rgb_pca,0,1
0.71317583,3,rgb_pca,0,1
0.75748664,3,rgb_pca,0,1
0.767486,3,rgb_pca,0,1
0.77358675,3,rgb_pca,0,1
0.79425895,3,rgb_pca,0,1
0.6643406,3,rgb_pca,0,1
0.6822579,3,rgb_pca,0,1
0.6847177,3,rgb_pca,0,1
0.673138,3,rgb_pca,0,1
0.71242607,3,rgb_pca,0,1
0.72440904,3,rgb_pca,0,1
0.7920356,3,rgb_pca,0,1
0.66531837,3,rgb_pca,0,1
0.6944251,3,rgb_pca,0,1
0.69619954,3,rgb_pca,0,1
0.72085744,3,rgb_pca,0,1
0.71021897,3,rgb_pca,0,1
0.71054876,3,rgb_pca,0,1
0.6415771,3,rgb_pca,0,1
0.66883314,3,rgb_pca,0,1
0.6693041,3,rgb_pca,0,1
0.6864817,3,rgb_pca,0,1
0.65807545,3,rgb_pca,0,1
0.70555586,3,rgb_pca,0,1
0.6253998,3,rgb_pca,0,1
0.61162066,3,rgb_pca,0,1
0.6888577,3,rgb_pca,0,1
0.71033895,3,rgb_pca,0,1
0.73526937,3,rgb_pca,0,1
0.7065855,3,rgb_pca,0,1
0.65920293,3,rgb_pca,0,1
0.7080473,3,rgb_pca,0,1
0.67009234,3,rgb_pca,0,1
0.66813946,3,rgb_pca,0,1
0.6222695,3,rgb_pca,0,1
0.6889504,3,rgb_pca,0,1
0.6919582,3,rgb_pca,0,1
0.70212793,3,rgb_pca,0,1
0.71900487,3,rgb_pca,0,1
0.65084183,3,rgb_pca,0,1
0.68388164,3,rgb_pca,0,1
0.64819777,3,rgb_pca,0,1
0.7168318,3,rgb_pca,0,1
0.6995354,3,rgb_pca,0,1
0.7276597,3,rgb_pca,0,1
0.7142025,3,rgb_pca,0,1
0.6984828,3,rgb_pca,0,1
0.70002645,3,rgb_pca,0,1
0.6723981,3,rgb_pca,0,1
0.71937096,3,rgb_pca,0,1
0.68662816,3,rgb_pca,0,1
0.7307123,3,rgb_pca,0,1
0.7277274,3,rgb_pca,0,1
0.74046123,3,rgb_pca,0,1
0.7877545,3,rgb_pca,0,1
0.7815211,3,rgb_pca,0,1
0.75643253,3,rgb_pca,0,1
0.7169077,3,rgb_pca,0,1
0.7203642,3,rgb_pca,0,1
0.6951031,3,rgb_pca,0,1
0.7461765,3,rgb_pca,0,1
0.7529424,3,rgb_pca,0,1
0.71208364,3,rgb_pca,0,1
0.80543983,3,rgb_pca,0,1
0.75693583,3,rgb_pca,0,1
0.8173629,7,rgb_pca,0,1
0.8325672,7,rgb_pca,0,1
0.83584464,7,rgb_pca,0,1
0.8589098,7,rgb_pca,0,1
0.8545178,7,rgb_pca,0,1
0.8289247,7,rgb_pca,0,1
0.8350694,7,rgb_pca,0,1
0.83017814,7,rgb_pca,0,1
0.774107,7,rgb_pca,0,1
0.77738565,7,rgb_pca,0,1
0.7677419,7,rgb_pca,0,1
0.8096418,7,rgb_pca,0,1
0.820808,7,rgb_pca,0,1
0.82091606,7,rgb_pca,0,1
0.8503903,7,rgb_pca,0,1
0.82818717,7,rgb_pca,0,1
0.80867726,7,rgb_pca,0,1
0.7995118,7,rgb_pca,0,1
0.7535542,7,rgb_pca,0,1
0.69727665,7,rgb_pca,0,1
0.7117015,7,rgb_pca,0,1
0.67860997,7,rgb_pca,0,1
0.8004222,7,rgb_pca,0,1
0.8204835,7,rgb_pca,0,1
0.828225,7,rgb_pca,0,1
0.8261199,7,rgb_pca,0,1
0.8152118,7,rgb_pca,0,1
0.8073019,7,rgb_pca,0,1
0.78673136,7,rgb_pca,0,1
0.7257406,7,rgb_pca,0,1
0.68129456,7,rgb_pca,0,1
0.72515404,7,rgb_pca,0,1
0.6822756,7,rgb_pca,0,1
0.76895404,7,rgb_pca,0,1
0.7882313,7,rgb_pca,0,1
0.80135953,7,rgb_pca,0,1
0.8071398,7,rgb_pca,0,1
0.79244256,7,rgb_pca,0,1
0.7997048,7,rgb_pca,0,1
0.7754661,7,rgb_pca,0,1
0.7019757,7,rgb_pca,0,1
0.6763118,7,rgb_pca,0,1
0.6817857,7,rgb_pca,0,1
0.71489894,7,rgb_pca,0,1
0.69536006,7,rgb_pca,0,1
0.65306854,7,rgb_pca,0,1
0.7043767,7,rgb_pca,0,1
0.69090736,7,rgb_pca,0,1
0.67796946,7,rgb_pca,0,1
0.7837441,7,rgb_pca,0,1
0.7217617,7,rgb_pca,0,1
0.74933314,7,rgb_pca,0,1
0.7439736,7,rgb_pca,0,1
0.74773026,7,rgb_pca,0,1
0.72258055,7,rgb_pca,0,1
0.73737186,7,rgb_pca,0,1
0.73265886,7,rgb_pca,0,1
0.6694574,7,rgb_pca,0,1
0.72424614,7,rgb_pca,0,1
0.68570626,7,rgb_pca,0,1
0.69417,7,rgb_pca,0,1
0.6655534,7,rgb_pca,0,1
0.64173496,7,rgb_pca,0,1
0.67599773,7,rgb_pca,0,1
0.6479563,7,rgb_pca,0,1
0.6637932,7,rgb_pca,0,1
0.7885598,7,rgb_pca,0,1
0.6362952,7,rgb_pca,0,1
0.62164795,7,rgb_pca,0,1
0.65155816,7,rgb_pca,0,1
0.66878283,7,rgb_pca,0,1
0.6338252,7,rgb_pca,0,1
0.74538577,7,rgb_pca,0,1
0.71123093,7,rgb_pca,0,1
0.67961997,7,rgb_pca,0,1
0.71743554,7,rgb_pca,0,1
0.75092137,7,rgb_pca,0,1
0.67546046,7,rgb_pca,0,1
0.75270295,7,rgb_pca,0,1
0.69348,7,rgb_pca,0,1
0.71898675,7,rgb_pca,0,1
0.7272315,7,rgb_pca,0,1
0.6987672,7,rgb_pca,0,1
0.7250811,7,rgb_pca,0,1
0.7598516,7,rgb_pca,0,1
0.6547507,7,rgb_pca,0,1
0.67194873,7,rgb_pca,0,1
0.6894064,7,rgb_pca,0,1
0.70923424,7,rgb_pca,0,1
0.73766327,7,rgb_pca,0,1
0.79775107,7,rgb_pca,0,1
0.68694675,7,rgb_pca,0,1
0.70039564,7,rgb_pca,0,1
0.70832646,7,rgb_pca,0,1
0.74038136,7,rgb_pca,0,1
0.750118,7,rgb_pca,0,1
0.80854213,7,rgb_pca,0,1
0.7584774,3,rgb_pca,0,1
0.75370276,3,rgb_pca,0,1
0.727844,3,rgb_pca,0,1
0.69749516,3,rgb_pca,0,1
0.6950718,3,rgb_pca,0,1
0.7428338,3,rgb_pca,0,1
0.75456905,3,rgb_pca,0,1
0.77345645,3,rgb_pca,0,1
0.79015654,3,rgb_pca,0,1
0.7510507,7,rgb_pca,0,1
0.7926317,7,rgb_pca,0,1
0.7478663,3,rgb_pca,0,1
0.7129867,3,rgb_pca,0,1
0.7092733,3,rgb_pca,0,1
0.6766417,3,rgb_pca,0,1
0.688094,3,rgb_pca,0,1
0.7113074,3,rgb_pca,0,1
0.7279085,3,rgb_pca,0,1
0.7404733,3,rgb_pca,0,1
0.7707578,3,rgb_pca,0,1
0.76656747,3,rgb_pca,0,1
0.77553487,3,rgb_pca,0,1
0.7653344,3,rgb_pca,0,1
0.72554755,3,rgb_pca,0,1
0.7116184,3,rgb_pca,0,1
0.7807863,3,rgb_pca,0,1
0.8078935,3,rgb_pca,0,1
0.774994,3,rgb_pca,0,1
0.7968202,3,rgb_pca,0,1
0.7691697,3,rgb_pca,0,1
0.74926436,3,rgb_pca,0,1
0.7445457,3,rgb_pca,0,1
0.71589506,3,rgb_pca,0,1
0.70535725,3,rgb_pca,0,1
0.69502604,3,rgb_pca,0,1
0.68233967,3,rgb_pca,0,1
0.73628795,3,rgb_pca,0,1
0.778909,3,rgb_pca,0,1
0.7621811,3,rgb_pca,0,1
0.7875343,3,rgb_pca,0,1
0.73610175,3,rgb_pca,0,1
0.7413293,3,rgb_pca,0,1
0.74320006,3,rgb_pca,0,1
0.71664846,3,rgb_pca,0,1
0.69931316,3,rgb_pca,0,1
0.72528195,3,rgb_pca,0,1
0.7105515,3,rgb_pca,0,1
0.6940708,3,rgb_pca,0,1
0.7389084,3,rgb_pca,0,1
0.7532097,3,rgb_pca,0,1
0.7416581,3,rgb_pca,0,1
0.7554946,3,rgb_pca,0,1
0.72182333,3,rgb_pca,0,1
0.7314129,3,rgb_pca,0,1
0.72407246,3,rgb_pca,0,1
0.71447533,3,rgb_pca,0,1
0.729957,3,rgb_pca,0,1
0.74880886,3,rgb_pca,0,1
0.7128614,3,rgb_pca,0,1
0.70475537,3,rgb_pca,0,1
0.7464893,3,rgb_pca,0,1
0.75500417,3,rgb_pca,0,1
0.7487937,3,rgb_pca,0,1
0.7823521,3,rgb_pca,0,1
0.7401856,3,rgb_pca,0,1
0.7627368,3,rgb_pca,0,1
0.7757828,3,rgb_pca,0,1
0.7379478,3,rgb_pca,0,1
0.7302166,3,rgb_pca,0,1
0.7294045,3,rgb_pca,0,1
0.7462011,3,rgb_pca,0,1
0.724488,3,rgb_pca,0,1
0.71687436,3,rgb_pca,0,1
0.7699826,3,rgb_pca,0,1
0.7754709,3,rgb_pca,0,1
0.768069,3,rgb_pca,0,1
0.8249928,3,rgb_pca,0,1
0.75283664,3,rgb_pca,0,1
0.7365098,3,rgb_pca,0,1
0.7861853,3,rgb_pca,0,1
0.7520259,3,rgb_pca,0,1
0.7371446,3,rgb_pca,0,1
0.7243171,3,rgb_pca,0,1
0.7365777,3,rgb_pca,0,1
0.7152196,3,rgb_pca,0,1
0.7047508,3,rgb_pca,0,1
0.75950325,3,rgb_pca,0,1
0.75310737,3,rgb_pca,0,1
0.7746681,3,rgb_pca,0,1
0.8446148,3,rgb_pca,0,1
0.73756063,3,rgb_pca,0,1
0.7334339,3,rgb_pca,0,1
0.7240574,3,rgb_pca,0,1
0.7085599,3,rgb_pca,0,1
0.7375486,3,rgb_pca,0,1
0.73556435,3,rgb_pca,0,1
0.72459567,3,rgb_pca,0,1
0.767411,3,rgb_pca,0,1
0.7707214,3,rgb_pca,0,1
0.77932745,3,rgb_pca,0,1
0.7393641,3,rgb_pca,0,1
0.7317933,3,rgb_pca,0,1
0.72249883,3,rgb_pca,0,1
0.7180533,3,rgb_pca,0,1
0.75198925,3,rgb_pca,0,1
0.7419448,3,rgb_pca,0,1
0.72904265,3,rgb_pca,0,1
0.75442964,3,rgb_pca,0,1
0.7704892,3,rgb_pca,0,1
0.71803415,3,rgb_pca,0,1
0.7344721,3,rgb_pca,0,1
0.72577137,3,rgb_pca,0,1
0.7125975,3,rgb_pca,0,1
0.7345143,3,rgb_pca,0,1
0.7524007,3,rgb_pca,0,1
0.73975277,3,rgb_pca,0,1
0.7400265,3,rgb_pca,0,1
0.7519008,3,rgb_pca,0,1
0.7278714,3,rgb_pca,0,1
0.68734956,3,rgb_pca,0,1
0.7062733,3,rgb_pca,0,1
0.7300476,3,rgb_pca,0,1
0.74839866,3,rgb_pca,0,1
0.79404956,3,rgb_pca,0,1
0.77002364,3,rgb_pca,0,1
0.7277018,3,rgb_pca,0,1
0.7300581,3,rgb_pca,0,1
0.76854175,3,rgb_pca,0,1
0.7789393,3,rgb_pca,0,1
0.77232647,3,rgb_pca,0,1
0.78553474,3,rgb_pca,0,1
0.7794657,3,rgb_pca,0,1
0.7755988,3,rgb_pca,0,1
0.80068463,3,rgb_pca,0,1
0.83132935,3,rgb_pca,0,1
0.8060361,3,rgb_pca,0,1
0.76857734,3,rgb_pca,0,1
0.7326889,3,rgb_pca,0,1
0.79769737,3,rgb_pca,0,1
0.7585953,3,rgb_pca,0,1
0.73039305,3,rgb_pca,0,1
0.77133673,3,rgb_pca,0,1
0.7661323,3,rgb_pca,0,1
0.72695124,3,rgb_pca,0,1
0.70364606,3,rgb_pca,0,1
0.7603507,3,rgb_pca,0,1
0.7072854,3,rgb_pca,0,1
0.75207114,3,rgb_pca,0,1
0.75154424,3,rgb_pca,0,1
0.6652154,3,rgb_pca,0,1
0.6616936,3,rgb_pca,0,1
0.7036972,3,rgb_pca,0,1
0.71624243,3,rgb_pca,0,1
0.7566651,3,rgb_pca,0,1
0.71669024,3,rgb_pca,0,1
0.632916,3,rgb_pca,0,1
0.64093375,3,rgb_pca,0,1
0.65825385,3,rgb_pca,0,1
0.6110134,3,rgb_pca,0,1
0.7218094,3,rgb_pca,0,1
0.761545,3,rgb_pca,0,1
0.71264726,3,rgb_pca,0,1
0.6185022,3,rgb_pca,0,1
0.6345115,3,rgb_pca,0,1
0.6610768,3,rgb_pca,0,1
0.62013805,3,rgb_pca,0,1
0.71588826,3,rgb_pca,0,1
0.73319143,3,rgb_pca,0,1
0.7280916,3,rgb_pca,0,1
0.59478265,3,rgb_pca,0,1
0.63256717,3,rgb_pca,0,1
0.65699303,3,rgb_pca,0,1
0.62181765,3,rgb_pca,0,1
0.70303005,3,rgb_pca,0,1
0.6672373,3,rgb_pca,0,1
0.6806768,3,rgb_pca,0,1
0.73896146,3,rgb_pca,0,1
0.65166855,3,rgb_pca,0,1
0.6648954,3,rgb_pca,0,1
0.67536676,3,rgb_pca,0,1
0.68720376,3,rgb_pca,0,1
0.67402935,3,rgb_pca,0,1
0.66599077,3,rgb_pca,0,1
0.7523005,3,rgb_pca,0,1
0.6749973,3,rgb_pca,0,1
0.7824423,3,rgb_pca,0,1
0.73265326,3,rgb_pca,0,1
0.70293367,7,rgb_pca,0,1
0.71428335,7,rgb_pca,0,1
0.6552495,7,rgb_pca,0,1
0.65108526,7,rgb_pca,0,1
0.6191919,7,rgb_pca,0,1
0.5773113,7,rgb_pca,0,1
0.5985769,7,rgb_pca,0,1
0.60750836,7,rgb_pca,0,1
0.58007145,7,rgb_pca,0,1
0.5600313,7,rgb_pca,0,1
0.5865831,7,rgb_pca,0,1
0.6273635,7,rgb_pca,0,1
0.6904596,7,rgb_pca,0,1
0.77717584,7,rgb_pca,0,1
0.5898791,7,rgb_pca,0,1
0.6283922,7,rgb_pca,0,1
0.63606274,7,rgb_pca,0,1
0.6398921,7,rgb_pca,0,1
0.6443106,7,rgb_pca,0,1
0.66641533,7,rgb_pca,0,1
0.7121177,7,rgb_pca,0,1
0.78874564,7,rgb_pca,0,1
0.6255456,7,rgb_pca,0,1
0.62138826,7,rgb_pca,0,1
0.6562445,7,rgb_pca,0,1
0.69134116,7,rgb_pca,0,1
0.69339204,7,rgb_pca,0,1
0.7398155,7,rgb_pca,0,1
0.62100863,7,rgb_pca,0,1
0.6851617,7,rgb_pca,0,1
0.7198268,7,rgb_pca,0,1
0.74291134,7,rgb_pca,0,1
0.73582673,7,rgb_pca,0,1
0.7257329,7,rgb_pca,0,1
0.6099544,7,rgb_pca,0,1
0.5798587,7,rgb_pca,0,1
0.587534,7,rgb_pca,0,1
0.6795295,7,rgb_pca,0,1
0.72315633,7,rgb_pca,0,1
0.77925986,7,rgb_pca,0,1
0.6001661,7,rgb_pca,0,1
0.5875274,7,rgb_pca,0,1
0.606506,7,rgb_pca,0,1
0.6702901,7,rgb_pca,0,1
0.70699227,7,rgb_pca,0,1
0.735181,7,rgb_pca,0,1
0.6232296,7,rgb_pca,0,1
0.6285548,7,rgb_pca,0,1
0.6376968,7,rgb_pca,0,1
0.6911652,7,rgb_pca,0,1
0.704062,7,rgb_pca,0,1
0.7042411,7,rgb_pca,0,1
0.68949807,7,rgb_pca,0,1
0.7412431,7,rgb_pca,0,1
0.69904345,5,rgb_pca,0,1
0.69785404,5,rgb_pca,0,1
0.71977293,5,rgb_pca,0,1
0.73735744,5,rgb_pca,0,1
0.7182313,5,rgb_pca,0,1
0.7339981,5,rgb_pca,0,1
0.7041829,5,rgb_pca,0,1
0.74034774,5,rgb_pca,0,1
0.7233333,5,rgb_pca,0,1
0.71101105,5,rgb_pca,0,1
0.78861535,5,rgb_pca,0,1
0.795591,5,rgb_pca,0,1
0.7077787,5,rgb_pca,0,1
0.6737919,5,rgb_pca,0,1
0.75491107,5,rgb_pca,0,1
0.79314053,5,rgb_pca,0,1
0.8103396,5,rgb_pca,0,1
0.71158934,5,rgb_pca,0,1
0.7292181,5,rgb_pca,0,1
0.76064026,5,rgb_pca,0,1
0.8003899,5,rgb_pca,0,1
0.8375526,5,rgb_pca,0,1
0.8422198,5,rgb_pca,0,1
0.72149074,5,rgb_pca,0,1
0.7447876,5,rgb_pca,0,1
0.77330106,5,rgb_pca,0,1
0.7869292,5,rgb_pca,0,1
0.8149304,5,rgb_pca,0,1
0.8305711,5,rgb_pca,0,1
0.71320075,5,rgb_pca,0,1
0.7734678,5,rgb_pca,0,1
0.76468426,5,rgb_pca,0,1
0.7736226,5,rgb_pca,0,1
0.77711475,5,rgb_pca,0,1
0.77573425,5,rgb_pca,0,1
0.7312082,5,rgb_pca,0,1
0.7636561,5,rgb_pca,0,1
0.75020945,5,rgb_pca,0,1
0.7668277,5,rgb_pca,0,1
0.77517986,5,rgb_pca,0,1
0.7444421,5,rgb_pca,0,1
0.7916314,5,rgb_pca,0,1
0.7903192,5,rgb_pca,0,1
0.8058445,5,rgb_pca,0,1
0.8096642,5,rgb_pca,0,1
0.6439402,5,rgb_pca,0,1
0.72921276,5,rgb_pca,0,1
0.80151236,5,rgb_pca,0,1
0.79730654,5,rgb_pca,0,1
0.62440515,5,rgb_pca,0,1
0.68925285,5,rgb_pca,0,1
0.75879943,5,rgb_pca,0,1
0.79054105,5,rgb_pca,0,1
0.6351792,5,rgb_pca,0,1
0.7080571,5,rgb_pca,0,1
0.74445426,5,rgb_pca,0,1
0.7069001,5,rgb_pca,0,1
0.73189676,5,rgb_pca,0,1
0.7081225,5,rgb_pca,0,1
0.72640836,5,rgb_pca,0,1
0.7227807,5,rgb_pca,0,1
0.74450624,5,rgb_pca,0,1
0.74546015,5,rgb_pca,0,1
0.74048305,5,rgb_pca,0,1
0.7181891,5,rgb_pca,0,1
0.7303487,5,rgb_pca,0,1
0.70000994,5,rgb_pca,0,1
0.73013043,5,rgb_pca,0,1
0.74944854,5,rgb_pca,0,1
0.79614663,5,rgb_pca,0,1
0.72877496,5,rgb_pca,0,1
0.719926,5,rgb_pca,0,1
0.7416501,5,rgb_pca,0,1
0.76979184,5,rgb_pca,0,1
0.77358973,5,rgb_pca,0,1
0.7653602,5,rgb_pca,0,1
0.7553364,5,rgb_pca,0,1
0.7608777,5,rgb_pca,0,1
0.7658581,5,rgb_pca,0,1
0.79129326,5,rgb_pca,0,1
0.8079502,5,rgb_pca,0,1
0.77604,5,rgb_pca,0,1
0.7808168,5,rgb_pca,0,1
0.79127455,5,rgb_pca,0,1
0.80044186,5,rgb_pca,0,1
0.81320864,5,rgb_pca,0,1
0.8010045,5,rgb_pca,0,1
0.76032573,5,rgb_pca,0,1
0.76183337,5,rgb_pca,0,1
0.74828875,5,rgb_pca,0,1
0.7774179,5,rgb_pca,0,1
0.7968455,5,rgb_pca,0,1
0.77186537,5,rgb_pca,0,1
0.7666991,5,rgb_pca,0,1
0.74624336,5,rgb_pca,0,1
0.74456155,5,rgb_pca,0,1
0.7749007,5,rgb_pca,0,1
0.79550946,5,rgb_pca,0,1
0.78214747,5,rgb_pca,0,1
0.75390315,5,rgb_pca,0,1
0.7752811,5,rgb_pca,0,1
0.7896453,5,rgb_pca,0,1
0.7905255,5,rgb_pca,0,1
0.71216947,5,rgb_pca,0,1
0.76428086,5,rgb_pca,0,1
0.76211846,5,rgb_pca,0,1
0.7871779,5,rgb_pca,0,1
0.70965666,5,rgb_pca,0,1
0.75882155,5,rgb_pca,0,1
0.7543305,5,rgb_pca,0,1
0.79041576,5,rgb_pca,0,1
0.7097896,5,rgb_pca,0,1
0.7631583,5,rgb_pca,0,1
0.7739037,5,rgb_pca,0,1
0.76635253,5,rgb_pca,0,1
0.7977301,5,rgb_pca,0,1
0.73789227,5,rgb_pca,0,1
0.78679687,5,rgb_pca,0,1
0.7714501,5,rgb_pca,0,1
0.7436779,5,rgb_pca,0,1
0.7494135,5,rgb_pca,0,1
0.7897936,5,rgb_pca,0,1
0.80002546,5,rgb_pca,0,1
0.7762718,5,rgb_pca,0,1
0.78821135,5,rgb_pca,0,1
0.74029905,5,rgb_pca,0,1
0.75620794,5,rgb_pca,0,1
0.7433821,5,rgb_pca,0,1
0.7501434,5,rgb_pca,0,1
0.78949416,5,rgb_pca,0,1
0.8072741,5,rgb_pca,0,1
0.7921224,5,rgb_pca,0,1
0.79099095,5,rgb_pca,0,1
0.7705413,5,rgb_pca,0,1
0.7677291,5,rgb_pca,0,1
0.76755744,5,rgb_pca,0,1
0.7803471,5,rgb_pca,0,1
0.7874217,5,rgb_pca,0,1
0.76873827,5,rgb_pca,0,1
0.77038527,5,rgb_pca,0,1
0.7626945,5,rgb_pca,0,1
0.7952527,5,rgb_pca,0,1
0.81643236,5,rgb_pca,0,1
0.8027055,5,rgb_pca,0,1
0.775888,5,rgb_pca,0,1
0.79839337,5,rgb_pca,0,1
0.78188777,5,rgb_pca,0,1
0.7965076,5,rgb_pca,0,1
0.7510011,5,rgb_pca,0,1
0.7432513,5,rgb_pca,0,1
0.7717713,5,rgb_pca,0,1
0.7657171,5,rgb_pca,0,1
0.7688985,5,rgb_pca,0,1
0.7805314,5,rgb_pca,0,1
0.8066364,5,rgb_pca,0,1
0.805073,5,rgb_pca,0,1
0.79596066,5,rgb_pca,0,1
0.76982623,5,rgb_pca,0,1
0.7926674,5,rgb_pca,0,1
0.778911,5,rgb_pca,0,1
0.7822081,5,rgb_pca,0,1
0.73618346,5,rgb_pca,0,1
0.7407328,5,rgb_pca,0,1
0.76546955,5,rgb_pca,0,1
0.7597209,5,rgb_pca,0,1
0.77140254,5,rgb_pca,0,1
0.7763662,5,rgb_pca,0,1
0.79368603,5,rgb_pca,0,1
0.76786816,5,rgb_pca,0,1
0.7896962,5,rgb_pca,0,1
0.73317516,5,rgb_pca,0,1
0.7495827,5,rgb_pca,0,1
0.7684275,5,rgb_pca,0,1
0.7520176,5,rgb_pca,0,1
0.7697153,5,rgb_pca,0,1
0.778347,5,rgb_pca,0,1
0.77833575,5,rgb_pca,0,1
0.755828,5,rgb_pca,0,1
0.7691782,5,rgb_pca,0,1
0.7727218,5,rgb_pca,0,1
0.78996867,5,rgb_pca,0,1
0.76278377,5,rgb_pca,0,1
0.7855551,5,rgb_pca,0,1
0.7473927,5,rgb_pca,0,1
0.72702444,5,rgb_pca,0,1
0.755931,5,rgb_pca,0,1
0.76099,5,rgb_pca,0,1
0.7288515,5,rgb_pca,0,1
0.73781013,5,rgb_pca,0,1
0.7395497,5,rgb_pca,0,1
0.7647351,5,rgb_pca,0,1
0.740449,5,rgb_pca,0,1
0.75019133,5,rgb_pca,0,1
0.7196549,5,rgb_pca,0,1
0.72652036,5,rgb_pca,0,1
0.74458134,5,rgb_pca,0,1
0.7599967,5,rgb_pca,0,1
0.7403093,5,rgb_pca,0,1
0.75592005,5,rgb_pca,0,1
0.7796205,5,rgb_pca,0,1
0.7936872,5,rgb_pca,0,1
0.7360438,5,rgb_pca,0,1
0.7384444,5,rgb_pca,0,1
0.71193683,5,rgb_pca,0,1
0.7084731,5,rgb_pca,0,1
0.80728817,5,rgb_pca,0,1
0.8095957,5,rgb_pca,0,1
0.75280976,5,rgb_pca,0,1
0.73876834,5,rgb_pca,0,1
0.6815977,5,rgb_pca,0,1
0.70294094,5,rgb_pca,0,1
0.71081513,5,rgb_pca,0,1
0.67567676,5,rgb_pca,0,1
0.6564839,5,rgb_pca,0,1
0.67137337,5,rgb_pca,0,1
0.7595171,5,rgb_pca,0,1
0.7284043,5,rgb_pca,0,1
0.72657716,5,rgb_pca,0,1
0.73531324,5,rgb_pca,0,1
0.74378335,5,rgb_pca,0,1
0.7614399,5,rgb_pca,0,1
0.7818225,5,rgb_pca,0,1
0.7656232,5,rgb_pca,0,1
0.72742116,5,rgb_pca,0,1
0.71970546,5,rgb_pca,0,1
0.7480202,5,rgb_pca,0,1
0.75829643,5,rgb_pca,0,1
0.76249385,5,rgb_pca,0,1
0.7759568,5,rgb_pca,0,1
0.78378403,5,rgb_pca,0,1
0.7612819,5,rgb_pca,0,1
0.7784412,5,rgb_pca,0,1
0.7884804,5,rgb_pca,0,1
0.7878734,5,rgb_pca,0,1
0.7607024,5,rgb_pca,0,1
0.73485637,5,rgb_pca,0,1
0.71230984,5,rgb_pca,0,1
0.72196436,5,rgb_pca,0,1
0.7422682,5,rgb_pca,0,1
0.7290427,5,rgb_pca,0,1
0.74125624,5,rgb_pca,0,1
0.7604097,5,rgb_pca,0,1
0.767665,5,rgb_pca,0,1
0.77334094,5,rgb_pca,0,1
0.8001567,5,rgb_pca,0,1
0.7763822,5,rgb_pca,0,1
0.79073334,5,rgb_pca,0,1
0.77432203,5,rgb_pca,0,1
0.75728786,5,rgb_pca,0,1
0.75774217,5,rgb_pca,0,1
0.7607887,5,rgb_pca,0,1
0.7665762,5,rgb_pca,0,1
0.75598586,5,rgb_pca,0,1
0.7608495,5,rgb_pca,0,1
0.7625983,5,rgb_pca,0,1
0.7875613,5,rgb_pca,0,1
0.7981485,5,rgb_pca,0,1
0.8111435,5,rgb_pca,0,1
0.7913899,5,rgb_pca,0,1
0.7762853,5,rgb_pca,0,1
0.76966655,5,rgb_pca,0,1
0.76534915,5,rgb_pca,0,1
0.7639368,5,rgb_pca,0,1
0.7699991,5,rgb_pca,0,1
0.8006223,5,rgb_pca,0,1
0.80031693,5,rgb_pca,0,1
0.7964562,5,rgb_pca,0,1
0.78289723,5,rgb_pca,0,1
0.7908115,5,rgb_pca,0,1
0.78570706,5,rgb_pca,0,1
0.7664688,5,rgb_pca,0,1
0.7565348,5,rgb_pca,0,1
0.75926036,5,rgb_pca,0,1
0.77123237,5,rgb_pca,0,1
0.77918863,5,rgb_pca,0,1
0.77304304,5,rgb_pca,0,1
0.78403187,5,rgb_pca,0,1
0.7977048,5,rgb_pca,0,1
0.7972562,5,rgb_pca,0,1
0.80665934,5,rgb_pca,0,1
0.7830303,5,rgb_pca,0,1
0.8058365,5,rgb_pca,0,1
0.77397394,5,rgb_pca,0,1
0.7618011,5,rgb_pca,0,1
0.73382926,5,rgb_pca,0,1
0.7257385,5,rgb_pca,0,1
0.74587333,5,rgb_pca,0,1
0.7721282,5,rgb_pca,0,1
0.787065,5,rgb_pca,0,1
0.80108833,5,rgb_pca,0,1
0.7811539,5,rgb_pca,0,1
0.81463563,5,rgb_pca,0,1
0.77127975,5,rgb_pca,0,1
0.75004053,5,rgb_pca,0,1
0.7516581,5,rgb_pca,0,1
0.73711205,5,rgb_pca,0,1
0.763809,5,rgb_pca,0,1
0.7809001,5,rgb_pca,0,1
0.7857209,5,rgb_pca,0,1
0.78816825,5,rgb_pca,0,1
0.7895897,5,rgb_pca,0,1
0.80993736,5,rgb_pca,0,1
0.7770395,5,rgb_pca,0,1
0.7732333,5,rgb_pca,0,1
0.7822118,5,rgb_pca,0,1
0.8024535,5,rgb_pca,0,1
0.77980995,5,rgb_pca,0,1
0.7941096,5,rgb_pca,0,1
0.7771951,5,rgb_pca,0,1
0.77986306,5,rgb_pca,0,1
0.78242624,5,rgb_pca,0,1
0.7885599,5,rgb_pca,0,1
0.76269495,5,rgb_pca,0,1
0.7722714,5,rgb_pca,0,1
0.72415125,3,rgb_pca,0,1
0.6961198,3,rgb_pca,0,1
0.7016064,3,rgb_pca,0,1
0.67881906,3,rgb_pca,0,1
0.696071,3,rgb_pca,0,1
0.66752577,3,rgb_pca,0,1
0.6555129,3,rgb_pca,0,1
0.6435077,3,rgb_pca,0,1
0.69624805,3,rgb_pca,0,1
0.7720253,3,rgb_pca,0,1
0.66729945,3,rgb_pca,0,1
0.5953161,3,rgb_pca,0,1
0.63718593,3,rgb_pca,0,1
0.62927246,3,rgb_pca,0,1
0.62934756,3,rgb_pca,0,1
0.61005974,3,rgb_pca,0,1
0.65364003,3,rgb_pca,0,1
0.7443677,3,rgb_pca,0,1
0.6533737,3,rgb_pca,0,1
0.56986,3,rgb_pca,0,1
0.63544387,3,rgb_pca,0,1
0.65460396,3,rgb_pca,0,1
0.64369786,3,rgb_pca,0,1
0.6112817,3,rgb_pca,0,1
0.60495085,3,rgb_pca,0,1
0.69975936,3,rgb_pca,0,1
0.564098,3,rgb_pca,0,1
0.6415903,3,rgb_pca,0,1
0.64549327,3,rgb_pca,0,1
0.6204121,3,rgb_pca,0,1
0.577427,3,rgb_pca,0,1
0.58929497,3,rgb_pca,0,1
0.6934871,3,rgb_pca,0,1
0.648828,3,rgb_pca,0,1
0.63006496,3,rgb_pca,0,1
0.6048796,3,rgb_pca,0,1
0.6278105,3,rgb_pca,0,1
0.7279672,3,rgb_pca,0,1
0.63749135,3,rgb_pca,0,1
0.62131315,3,rgb_pca,0,1
0.61930466,3,rgb_pca,0,1
0.62499225,3,rgb_pca,0,1
0.71415794,3,rgb_pca,0,1
0.76534855,3,rgb_pca,0,1
0.7436175,3,rgb_pca,0,1
0.7201591,3,rgb_pca,0,1
0.6990927,3,rgb_pca,0,1
0.7371818,3,rgb_pca,0,1
0.732963,3,rgb_pca,0,1
0.71891,3,rgb_pca,0,1
0.7145118,3,rgb_pca,0,1
0.73100173,3,rgb_pca,0,1
0.74796915,3,rgb_pca,0,1
0.76311135,3,rgb_pca,0,1
0.7625221,3,rgb_pca,0,1
0.73556805,3,rgb_pca,0,1
0.6937654,3,rgb_pca,0,1
0.653106,3,rgb_pca,0,1
0.6968702,3,rgb_pca,0,1
0.6863662,3,rgb_pca,0,1
0.67111343,3,rgb_pca,0,1
0.6818089,3,rgb_pca,0,1
0.69323474,3,rgb_pca,0,1
0.7270903,3,rgb_pca,0,1
0.7424918,3,rgb_pca,0,1
0.75865257,3,rgb_pca,0,1
0.7316905,3,rgb_pca,0,1
0.6665903,3,rgb_pca,0,1
0.6130999,3,rgb_pca,0,1
0.65894353,3,rgb_pca,0,1
0.641857,3,rgb_pca,0,1
0.6585836,3,rgb_pca,0,1
0.68174434,3,rgb_pca,0,1
0.6431864,3,rgb_pca,0,1
0.6640065,3,rgb_pca,0,1
0.6765632,3,rgb_pca,0,1
0.7016525,3,rgb_pca,0,1
0.6533103,3,rgb_pca,0,1
0.6931571,3,rgb_pca,0,1
0.6572207,3,rgb_pca,0,1
0.6669296,3,rgb_pca,0,1
0.6938467,3,rgb_pca,0,1
0.6570833,3,rgb_pca,0,1
0.6688793,3,rgb_pca,0,1
0.6682956,3,rgb_pca,0,1
0.6494867,3,rgb_pca,0,1
0.6783099,3,rgb_pca,0,1
0.709767,3,rgb_pca,0,1
0.70018905,3,rgb_pca,0,1
0.7138771,3,rgb_pca,0,1
0.64596534,3,rgb_pca,0,1
0.67569697,3,rgb_pca,0,1
0.69377786,3,rgb_pca,0,1
0.69433564,3,rgb_pca,0,1
0.6958347,3,rgb_pca,0,1
0.7396834,3,rgb_pca,0,1
0.70995367,3,rgb_pca,0,1
0.69684935,3,rgb_pca,0,1
0.7055032,3,rgb_pca,0,1
0.65810037,3,rgb_pca,0,1
0.65760493,3,rgb_pca,0,1
0.6880113,3,rgb_pca,0,1
0.65146863,3,rgb_pca,0,1
0.68708646,3,rgb_pca,0,1
0.6833223,3,rgb_pca,0,1
0.7270558,3,rgb_pca,0,1
0.6854505,3,rgb_pca,0,1
0.72785026,3,rgb_pca,0,1
0.6730778,3,rgb_pca,0,1
0.7351067,3,rgb_pca,0,1
0.7021082,3,rgb_pca,0,1
0.7255823,3,rgb_pca,0,1
0.6508669,3,rgb_pca,0,1
0.7028636,3,rgb_pca,0,1
0.7054793,3,rgb_pca,0,1
0.6713274,3,rgb_pca,0,1
0.6848345,3,rgb_pca,0,1
0.6731815,3,rgb_pca,0,1
0.7408936,3,rgb_pca,0,1
0.6164813,3,rgb_pca,0,1
0.6554142,3,rgb_pca,0,1
0.72762203,3,rgb_pca,0,1
0.77490544,3,rgb_pca,0,1
0.72546095,3,rgb_pca,0,1
0.7400395,3,rgb_pca,0,1
0.5968609,3,rgb_pca,0,1
0.6008107,3,rgb_pca,0,1
0.71591616,3,rgb_pca,0,1
0.75066924,3,rgb_pca,0,1
0.69890434,3,rgb_pca,0,1
0.72632986,3,rgb_pca,0,1
0.66530466,3,rgb_pca,0,1
0.67597693,3,rgb_pca,0,1
0.6779795,3,rgb_pca,0,1
0.66728437,3,rgb_pca,0,1
0.7215719,3,rgb_pca,0,1
0.7041333,3,rgb_pca,0,1
0.6156484,3,rgb_pca,0,1
0.6820551,3,rgb_pca,0,1
0.6422328,3,rgb_pca,0,1
0.6956402,3,rgb_pca,0,1
0.6672696,3,rgb_pca,0,1
0.7063489,3,rgb_pca,0,1
0.6904646,3,rgb_pca,0,1
0.69743884,3,rgb_pca,0,1
0.65348303,3,rgb_pca,0,1
0.6313463,3,rgb_pca,0,1
0.6489777,3,rgb_pca,0,1
0.6236401,3,rgb_pca,0,1
0.69979393,3,rgb_pca,0,1
0.66679907,3,rgb_pca,0,1
0.7087269,3,rgb_pca,0,1
0.6644936,3,rgb_pca,0,1
0.60814875,3,rgb_pca,0,1
0.60139984,3,rgb_pca,0,1
0.5577409,3,rgb_pca,0,1
0.6224077,3,rgb_pca,0,1
0.6458223,3,rgb_pca,0,1
0.7145401,3,rgb_pca,0,1
0.6686405,3,rgb_pca,0,1
0.65784436,3,rgb_pca,0,1
0.7115452,3,rgb_pca,0,1
0.6942382,3,rgb_pca,0,1
0.64774185,3,rgb_pca,0,1
0.6153859,3,rgb_pca,0,1
0.63683856,3,rgb_pca,0,1
0.6334748,3,rgb_pca,0,1
0.693426,3,rgb_pca,0,1
0.710042,3,rgb_pca,0,1
0.6856958,3,rgb_pca,0,1
0.79843193,3,rgb_pca,0,1
0.77827334,3,rgb_pca,0,1
0.6873045,4,rgb_pca,0,1
0.6951822,4,rgb_pca,0,1
0.7353418,4,rgb_pca,0,1
0.74807596,4,rgb_pca,0,1
0.74961066,4,rgb_pca,0,1
0.71755075,4,rgb_pca,0,1
0.72612417,4,rgb_pca,0,1
0.7644532,4,rgb_pca,0,1
0.7354137,4,rgb_pca,0,1
0.754807,4,rgb_pca,0,1
0.7397913,4,rgb_pca,0,1
0.7137004,4,rgb_pca,0,1
0.7374222,4,rgb_pca,0,1
0.7471869,4,rgb_pca,0,1
0.7535243,4,rgb_pca,0,1
0.7321429,4,rgb_pca,0,1
0.7143241,4,rgb_pca,0,1
0.76308906,4,rgb_pca,0,1
0.7858398,3,rgb_pca,0,1
0.7417942,3,rgb_pca,0,1
0.7136382,3,rgb_pca,0,1
0.73162925,3,rgb_pca,0,1
0.66103756,3,rgb_pca,0,1
0.6849146,3,rgb_pca,0,1
0.7538359,3,rgb_pca,0,1
0.71752423,3,rgb_pca,0,1
0.6637371,3,rgb_pca,0,1
0.6781709,3,rgb_pca,0,1
0.7353242,3,rgb_pca,0,1
0.6631118,3,rgb_pca,0,1
0.67847776,3,rgb_pca,0,1
0.74729586,3,rgb_pca,0,1
0.65477914,3,rgb_pca,0,1
0.5878166,3,rgb_pca,0,1
0.62077045,3,rgb_pca,0,1
0.5959197,3,rgb_pca,0,1
0.67194295,3,rgb_pca,0,1
0.7949879,3,rgb_pca,0,1
0.6849371,3,rgb_pca,0,1
0.5878092,3,rgb_pca,0,1
0.6064638,3,rgb_pca,0,1
0.6061426,3,rgb_pca,0,1
0.67413783,3,rgb_pca,0,1
0.6937373,3,rgb_pca,0,1
0.81670237,3,rgb_pca,0,1
0.6935016,3,rgb_pca,0,1
0.60915554,3,rgb_pca,0,1
0.63765013,3,rgb_pca,0,1
0.6096684,3,rgb_pca,0,1
0.63934207,3,rgb_pca,0,1
0.6276122,3,rgb_pca,0,1
0.78288394,3,rgb_pca,0,1
0.642594,3,rgb_pca,0,1
0.61260843,3,rgb_pca,0,1
0.6107107,3,rgb_pca,0,1
0.5862119,3,rgb_pca,0,1
0.61411476,3,rgb_pca,0,1
0.63851154,3,rgb_pca,0,1
0.7007878,3,rgb_pca,0,1
0.7805947,3,rgb_pca,0,1
0.6712066,3,rgb_pca,0,1
0.6144198,3,rgb_pca,0,1
0.6086846,3,rgb_pca,0,1
0.64550316,3,rgb_pca,0,1
0.66299933,3,rgb_pca,0,1
0.6947603,3,rgb_pca,0,1
0.8255985,3,rgb_pca,0,1
0.71972287,3,rgb_pca,0,1
0.84641266,3,rgb_pca,0,1
0.7993281,3,rgb_pca,0,1
0.64392626,4,rgb_pca,0,1
0.6552193,4,rgb_pca,0,1
0.642109,4,rgb_pca,0,1
0.66183066,4,rgb_pca,0,1
0.6460138,4,rgb_pca,0,1
0.6568739,4,rgb_pca,0,1
0.7022007,4,rgb_pca,0,1
0.7169877,4,rgb_pca,0,1
0.7022599,4,rgb_pca,0,1
0.6408686,4,rgb_pca,0,1
0.5511729,4,rgb_pca,0,1
0.5324956,4,rgb_pca,0,1
0.5572431,4,rgb_pca,0,1
0.5655236,4,rgb_pca,0,1
0.5974245,4,rgb_pca,0,1
0.73444617,4,rgb_pca,0,1
0.72209,4,rgb_pca,0,1
0.6922816,4,rgb_pca,0,1
0.61143434,4,rgb_pca,0,1
0.55825925,4,rgb_pca,0,1
0.5545082,4,rgb_pca,0,1
0.533517,4,rgb_pca,0,1
0.4910397,4,rgb_pca,0,1
0.52770925,4,rgb_pca,0,1
0.72980833,4,rgb_pca,0,1
0.72456527,4,rgb_pca,0,1
0.71885324,4,rgb_pca,0,1
0.63579357,4,rgb_pca,0,1
0.588649,4,rgb_pca,0,1
0.5819366,4,rgb_pca,0,1
0.56326187,4,rgb_pca,0,1
0.5147115,4,rgb_pca,0,1
0.4839098,4,rgb_pca,0,1
0.50962925,4,rgb_pca,0,1
0.7309984,4,rgb_pca,0,1
0.7124613,4,rgb_pca,0,1
0.7060763,4,rgb_pca,0,1
0.60843015,4,rgb_pca,0,1
0.6130063,4,rgb_pca,0,1
0.61540353,4,rgb_pca,0,1
0.59687006,4,rgb_pca,0,1
0.57909656,4,rgb_pca,0,1
0.57443,4,rgb_pca,0,1
0.57661176,4,rgb_pca,0,1
0.6875126,4,rgb_pca,0,1
0.66318935,4,rgb_pca,0,1
0.61219037,4,rgb_pca,0,1
0.6994995,4,rgb_pca,0,1
0.6682437,4,rgb_pca,0,1
0.6123314,4,rgb_pca,0,1
0.6572056,4,rgb_pca,0,1
0.6459182,4,rgb_pca,0,1
0.65316606,4,rgb_pca,0,1
0.64870405,4,rgb_pca,0,1
0.6506506,4,rgb_pca,0,1
0.67811906,4,rgb_pca,0,1
0.65157044,4,rgb_pca,0,1
0.63012826,4,rgb_pca,0,1
0.6327336,4,rgb_pca,0,1
0.63100076,4,rgb_pca,0,1
0.7107929,4,rgb_pca,0,1
0.6632029,4,rgb_pca,0,1
0.6492642,4,rgb_pca,0,1
0.6408578,4,rgb_pca,0,1
0.66884536,4,rgb_pca,0,1
0.75095785,4,rgb_pca,0,1
0.7388623,4,rgb_pca,0,1
0.7180227,4,rgb_pca,0,1
0.6978812,4,rgb_pca,0,1
0.6809894,4,rgb_pca,0,1
0.77118593,5,rgb_pca,0,1
0.78461325,5,rgb_pca,0,1
0.7756103,5,rgb_pca,0,1
0.7727021,5,rgb_pca,0,1
0.7833147,5,rgb_pca,0,1
0.7870718,5,rgb_pca,0,1
0.7659312,5,rgb_pca,0,1
0.761369,5,rgb_pca,0,1
0.76251674,5,rgb_pca,0,1
0.75890565,5,rgb_pca,0,1
0.7879563,5,rgb_pca,0,1
0.7930917,5,rgb_pca,0,1
0.79499507,5,rgb_pca,0,1
0.79062295,5,rgb_pca,0,1
0.7880105,5,rgb_pca,0,1
0.7970442,5,rgb_pca,0,1
0.7963612,5,rgb_pca,0,1
0.7406605,5,rgb_pca,0,1
0.73412627,5,rgb_pca,0,1
0.7314007,5,rgb_pca,0,1
0.74916136,5,rgb_pca,0,1
0.77036697,5,rgb_pca,0,1
0.7858453,5,rgb_pca,0,1
0.7919359,5,rgb_pca,0,1
0.8079298,5,rgb_pca,0,1
0.80925095,5,rgb_pca,0,1
0.7820655,5,rgb_pca,0,1
0.7836756,5,rgb_pca,0,1
0.78827167,5,rgb_pca,0,1
0.7870932,5,rgb_pca,0,1
0.74632066,5,rgb_pca,0,1
0.7287425,5,rgb_pca,0,1
0.7338331,5,rgb_pca,0,1
0.72621113,5,rgb_pca,0,1
0.7353247,5,rgb_pca,0,1
0.74581814,5,rgb_pca,0,1
0.75427455,5,rgb_pca,0,1
0.77087224,5,rgb_pca,0,1
0.78971756,5,rgb_pca,0,1
0.78045523,5,rgb_pca,0,1
0.7842842,5,rgb_pca,0,1
0.7726537,5,rgb_pca,0,1
0.77892,5,rgb_pca,0,1
0.75325227,5,rgb_pca,0,1
0.7573348,5,rgb_pca,0,1
0.75144726,5,rgb_pca,0,1
0.7266303,5,rgb_pca,0,1
0.72741294,5,rgb_pca,0,1
0.74396574,5,rgb_pca,0,1
0.75657195,5,rgb_pca,0,1
0.7663265,5,rgb_pca,0,1
0.76811314,5,rgb_pca,0,1
0.7642104,5,rgb_pca,0,1
0.7606719,5,rgb_pca,0,1
0.7833786,5,rgb_pca,0,1
0.8098532,5,rgb_pca,0,1
0.7645465,5,rgb_pca,0,1
0.7647329,5,rgb_pca,0,1
0.7512462,5,rgb_pca,0,1
0.71627665,5,rgb_pca,0,1
0.716335,5,rgb_pca,0,1
0.7643151,5,rgb_pca,0,1
0.8187805,5,rgb_pca,0,1
0.8054856,5,rgb_pca,0,1
0.782747,5,rgb_pca,0,1
0.77564454,5,rgb_pca,0,1
0.77607465,5,rgb_pca,0,1
0.7689381,5,rgb_pca,0,1
0.78337646,5,rgb_pca,0,1
0.721872,5,rgb_pca,0,1
0.7252505,5,rgb_pca,0,1
0.7679204,5,rgb_pca,0,1
0.81143016,5,rgb_pca,0,1
0.7998724,5,rgb_pca,0,1
0.78950405,5,rgb_pca,0,1
0.80752444,5,rgb_pca,0,1
0.805484,5,rgb_pca,0,1
0.7638736,5,rgb_pca,0,1
0.7404152,5,rgb_pca,0,1
0.72842664,5,rgb_pca,0,1
0.73247087,5,rgb_pca,0,1
0.7717382,5,rgb_pca,0,1
0.80089235,5,rgb_pca,0,1
0.7773522,5,rgb_pca,0,1
0.7852463,5,rgb_pca,0,1
0.7934524,5,rgb_pca,0,1
0.78856236,5,rgb_pca,0,1
0.74522126,5,rgb_pca,0,1
0.6973657,5,rgb_pca,0,1
0.7371603,5,rgb_pca,0,1
0.7605375,5,rgb_pca,0,1
0.78793734,5,rgb_pca,0,1
0.7763159,5,rgb_pca,0,1
0.7340623,5,rgb_pca,0,1
0.7372259,5,rgb_pca,0,1
0.78948647,5,rgb_pca,0,1
0.7760279,5,rgb_pca,0,1
0.7332546,5,rgb_pca,0,1
0.7376573,5,rgb_pca,0,1
0.76716924,5,rgb_pca,0,1
0.7780682,5,rgb_pca,0,1
0.7840158,5,rgb_pca,0,1
0.79899764,5,rgb_pca,0,1
0.7886456,5,rgb_pca,0,1
0.7993876,5,rgb_pca,0,1
0.7999041,5,rgb_pca,0,1
0.77614653,5,rgb_pca,0,1
0.75756556,5,rgb_pca,0,1
0.7619097,5,rgb_pca,0,1
0.77672637,5,rgb_pca,0,1
0.79391223,5,rgb_pca,0,1
0.80257344,5,rgb_pca,0,1
0.7886629,5,rgb_pca,0,1
0.7818707,5,rgb_pca,0,1
0.7700509,5,rgb_pca,0,1
0.79648024,5,rgb_pca,0,1
0.8015913,5,rgb_pca,0,1
0.83283424,5,rgb_pca,0,1
0.76512337,5,rgb_pca,0,1
0.7465884,5,rgb_pca,0,1
0.75962824,5,rgb_pca,0,1
0.77094924,5,rgb_pca,0,1
0.7846652,5,rgb_pca,0,1
0.7823738,5,rgb_pca,0,1
0.7789289,5,rgb_pca,0,1
0.782141,5,rgb_pca,0,1
0.79693973,5,rgb_pca,0,1
0.79204416,5,rgb_pca,0,1
0.8012359,5,rgb_pca,0,1
0.7654197,5,rgb_pca,0,1
0.79785573,5,rgb_pca,0,1
0.75740093,5,rgb_pca,0,1
0.7582289,5,rgb_pca,0,1
0.7783974,5,rgb_pca,0,1
0.77983725,5,rgb_pca,0,1
0.79378784,5,rgb_pca,0,1
0.7850719,5,rgb_pca,0,1
0.79528344,5,rgb_pca,0,1
0.79891044,5,rgb_pca,0,1
0.8231927,5,rgb_pca,0,1
0.8243587,5,rgb_pca,0,1
0.83504987,5,rgb_pca,0,1
0.78456974,5,rgb_pca,0,1
0.7699696,5,rgb_pca,0,1
0.7732136,5,rgb_pca,0,1
0.7697319,5,rgb_pca,0,1
0.7851155,5,rgb_pca,0,1
0.7850924,5,rgb_pca,0,1
0.80228984,5,rgb_pca,0,1
0.812399,5,rgb_pca,0,1
0.82151425,5,rgb_pca,0,1
0.81052715,5,rgb_pca,0,1
0.82141095,5,rgb_pca,0,1
0.8264984,5,rgb_pca,0,1
0.8346119,5,rgb_pca,0,1
0.8109798,5,rgb_pca,0,1
0.78820753,5,rgb_pca,0,1
0.77674186,5,rgb_pca,0,1
0.7637048,5,rgb_pca,0,1
0.75755215,5,rgb_pca,0,1
0.77514625,5,rgb_pca,0,1
0.80769825,5,rgb_pca,0,1
0.81215054,5,rgb_pca,0,1
0.82653487,5,rgb_pca,0,1
0.7940644,5,rgb_pca,0,1
0.815131,5,rgb_pca,0,1
0.81951165,5,rgb_pca,0,1
0.82291216,5,rgb_pca,0,1
0.7727482,5,rgb_pca,0,1
0.7522974,5,rgb_pca,0,1
0.7487215,5,rgb_pca,0,1
0.78299886,5,rgb_pca,0,1
0.7919961,5,rgb_pca,0,1
0.80187684,5,rgb_pca,0,1
0.7828356,5,rgb_pca,0,1
0.8008101,5,rgb_pca,0,1
0.8045823,5,rgb_pca,0,1
0.7735502,5,rgb_pca,0,1
0.79575586,5,rgb_pca,0,1
0.7769965,5,rgb_pca,0,1
0.7583457,5,rgb_pca,0,1
0.7804837,5,rgb_pca,0,1
0.7876454,5,rgb_pca,0,1
0.8140945,5,rgb_pca,0,1
0.81901056,5,rgb_pca,0,1
0.8099903,5,rgb_pca,0,1
0.82200336,5,rgb_pca,0,1
0.8018878,5,rgb_pca,0,1
0.7469336,5,rgb_pca,0,1
0.7837261,5,rgb_pca,0,1
0.78958315,5,rgb_pca,0,1
0.7700248,5,rgb_pca,0,1
0.76914334,5,rgb_pca,0,1
0.76024514,5,rgb_pca,0,1
0.7599345,5,rgb_pca,0,1
0.7335309,5,rgb_pca,0,1
0.7484952,5,rgb_pca,0,1
0.7246987,5,rgb_pca,0,1
0.65239644,4,rgb_pca,0,1
0.63485056,4,rgb_pca,0,1
0.63268423,4,rgb_pca,0,1
0.650629,4,rgb_pca,0,1
0.6229694,4,rgb_pca,0,1
0.5853747,4,rgb_pca,0,1
0.5736166,4,rgb_pca,0,1
0.61131227,4,rgb_pca,0,1
0.61623406,4,rgb_pca,0,1
0.5940239,4,rgb_pca,0,1
0.5794215,4,rgb_pca,0,1
0.5715602,4,rgb_pca,0,1
0.58430934,4,rgb_pca,0,1
0.57957923,4,rgb_pca,0,1
0.6019094,4,rgb_pca,0,1
0.57946813,4,rgb_pca,0,1
0.545235,4,rgb_pca,0,1
0.5487417,4,rgb_pca,0,1
0.587409,4,rgb_pca,0,1
0.58762646,4,rgb_pca,0,1
0.6291821,4,rgb_pca,0,1
0.5982408,4,rgb_pca,0,1
0.5468942,4,rgb_pca,0,1
0.5473703,4,rgb_pca,0,1
0.5967059,4,rgb_pca,0,1
0.5735996,4,rgb_pca,0,1
0.6106009,4,rgb_pca,0,1
0.5781124,4,rgb_pca,0,1
0.51504123,4,rgb_pca,0,1
0.53444886,4,rgb_pca,0,1
0.5954449,4,rgb_pca,0,1
0.59318453,4,rgb_pca,0,1
0.5897669,4,rgb_pca,0,1
0.57815397,4,rgb_pca,0,1
0.5665055,4,rgb_pca,0,1
0.6249367,4,rgb_pca,0,1
0.6192461,4,rgb_pca,0,1
0.62260723,4,rgb_pca,0,1
0.61596346,4,rgb_pca,0,1
0.63687825,4,rgb_pca,0,1
0.6139506,4,rgb_pca,0,1
0.58258915,4,rgb_pca,0,1
0.5668986,4,rgb_pca,0,1
0.6073946,4,rgb_pca,0,1
0.56247294,4,rgb_pca,0,1
0.53584045,4,rgb_pca,0,1
0.5287349,4,rgb_pca,0,1
0.5411078,4,rgb_pca,0,1
0.69306624,4,rgb_pca,0,1
0.72142684,4,rgb_pca,0,1
0.60885596,4,rgb_pca,0,1
0.5861133,4,rgb_pca,0,1
0.56704724,4,rgb_pca,0,1
0.6168888,4,rgb_pca,0,1
0.66879976,4,rgb_pca,0,1
0.66673934,4,rgb_pca,0,1
0.60053927,4,rgb_pca,0,1
0.59331447,4,rgb_pca,0,1
0.6378219,4,rgb_pca,0,1
0.6339239,4,rgb_pca,0,1
0.66183764,4,rgb_pca,0,1
0.6307435,4,rgb_pca,0,1
0.5893552,4,rgb_pca,0,1
0.70376796,4,rgb_pca,0,1
0.6664554,4,rgb_pca,0,1
0.5679941,4,rgb_pca,0,1
0.5636699,4,rgb_pca,0,1
0.6011085,4,rgb_pca,0,1
0.6159115,4,rgb_pca,0,1
0.6664698,4,rgb_pca,0,1
0.6425381,4,rgb_pca,0,1
0.63815093,4,rgb_pca,0,1
0.7233541,4,rgb_pca,0,1
0.69728816,4,rgb_pca,0,1
0.639698,4,rgb_pca,0,1
0.5692921,4,rgb_pca,0,1
0.55479026,4,rgb_pca,0,1
0.58616376,4,rgb_pca,0,1
0.5963639,4,rgb_pca,0,1
0.61056393,4,rgb_pca,0,1
0.64180833,4,rgb_pca,0,1
0.64028484,4,rgb_pca,0,1
0.6774661,4,rgb_pca,0,1
0.63447773,4,rgb_pca,0,1
0.5982338,4,rgb_pca,0,1
0.58061594,4,rgb_pca,0,1
0.5981021,4,rgb_pca,0,1
0.61507434,4,rgb_pca,0,1
0.65141696,4,rgb_pca,0,1
0.6588179,4,rgb_pca,0,1
0.6728697,4,rgb_pca,0,1
0.6474018,4,rgb_pca,0,1
0.67108667,4,rgb_pca,0,1
0.6578696,4,rgb_pca,0,1
0.6436277,4,rgb_pca,0,1
0.59703875,4,rgb_pca,0,1
0.5803534,4,rgb_pca,0,1
0.60098004,4,rgb_pca,0,1
0.64332193,4,rgb_pca,0,1
0.6933902,4,rgb_pca,0,1
0.69627106,4,rgb_pca,0,1
0.7109059,4,rgb_pca,0,1
0.669371,4,rgb_pca,0,1
0.6735189,4,rgb_pca,0,1
0.6763269,4,rgb_pca,0,1
0.67865336,4,rgb_pca,0,1
0.65128076,4,rgb_pca,0,1
0.58345765,4,rgb_pca,0,1
0.6116656,4,rgb_pca,0,1
0.67016506,4,rgb_pca,0,1
0.716403,4,rgb_pca,0,1
0.7002822,4,rgb_pca,0,1
0.70362747,4,rgb_pca,0,1
0.72033066,4,rgb_pca,0,1
0.5471362,4,rgb_pca,0,1
0.6056193,4,rgb_pca,0,1
0.6114186,4,rgb_pca,0,1
0.67712605,4,rgb_pca,0,1
0.6570488,4,rgb_pca,0,1
0.66824335,4,rgb_pca,0,1
0.69402826,4,rgb_pca,0,1
0.68456435,4,rgb_pca,0,1
0.6774771,4,rgb_pca,0,1
0.7303106,4,rgb_pca,0,1
0.6036192,4,rgb_pca,0,1
0.6259021,4,rgb_pca,0,1
0.67324305,4,rgb_pca,0,1
0.66301906,4,rgb_pca,0,1
0.6576617,4,rgb_pca,0,1
0.67999333,4,rgb_pca,0,1
0.682997,4,rgb_pca,0,1
0.6767404,4,rgb_pca,0,1
0.7000718,4,rgb_pca,0,1
0.64946073,4,rgb_pca,0,1
0.69246125,4,rgb_pca,0,1
0.70455134,4,rgb_pca,0,1
0.69954896,4,rgb_pca,0,1
0.6843591,4,rgb_pca,0,1
0.72013414,4,rgb_pca,0,1
0.69255203,4,rgb_pca,0,1
0.6918167,4,rgb_pca,0,1
0.6844406,4,rgb_pca,0,1
0.62933755,4,rgb_pca,0,1
0.67843,4,rgb_pca,0,1
0.5239008,4,rgb_pca,0,1
0.5618238,4,rgb_pca,0,1
0.5872867,4,rgb_pca,0,1
0.60593,4,rgb_pca,0,1
0.6006998,4,rgb_pca,0,1
0.5149848,4,rgb_pca,0,1
0.5080509,4,rgb_pca,0,1
0.52079177,4,rgb_pca,0,1
0.56691545,4,rgb_pca,0,1
0.58540523,4,rgb_pca,0,1
0.53197485,4,rgb_pca,0,1
0.5376727,4,rgb_pca,0,1
0.5571844,4,rgb_pca,0,1
0.6095655,4,rgb_pca,0,1
0.58785224,4,rgb_pca,0,1
0.5758587,4,rgb_pca,0,1
0.608507,4,rgb_pca,0,1
0.5891,4,rgb_pca,0,1
0.62545526,4,rgb_pca,0,1
0.5864282,4,rgb_pca,0,1
0.5744478,4,rgb_pca,0,1
0.59856737,4,rgb_pca,0,1
0.5944073,4,rgb_pca,0,1
0.64683175,4,rgb_pca,0,1
0.618834,4,rgb_pca,0,1
0.556716,4,rgb_pca,0,1
0.5855091,4,rgb_pca,0,1
0.60665154,4,rgb_pca,0,1
0.65407497,4,rgb_pca,0,1
0.66422987,4,rgb_pca,0,1
0.6148132,4,rgb_pca,0,1
0.6010657,4,rgb_pca,0,1
0.6176081,4,rgb_pca,0,1
0.6513537,4,rgb_pca,0,1
0.71275103,4,rgb_pca,0,1
0.6783254,4,rgb_pca,0,1
0.66334987,4,rgb_pca,0,1
0.6756328,4,rgb_pca,0,1
0.664825,4,rgb_pca,0,1
0.7134856,4,rgb_pca,0,1
0.6879275,4,rgb_pca,0,1
0.6820711,4,rgb_pca,0,1
0.6921336,4,rgb_pca,0,1
0.68460995,4,rgb_pca,0,1
0.74654114,4,rgb_pca,0,1
0.79680324,4,rgb_pca,0,1
0.73545027,4,rgb_pca,0,1
0.695204,4,rgb_pca,0,1
0.6319225,4,rgb_pca,0,1
0.6348494,4,rgb_pca,0,1
0.71679616,4,rgb_pca,0,1
0.7562125,4,rgb_pca,0,1
0.7164217,4,rgb_pca,0,1
0.67881596,4,rgb_pca,0,1
0.64656687,4,rgb_pca,0,1
0.5980649,4,rgb_pca,0,1
0.74981964,4,rgb_pca,0,1
0.7284583,4,rgb_pca,0,1
0.72904754,4,rgb_pca,0,1
0.6818458,4,rgb_pca,0,1
0.6180597,4,rgb_pca,0,1
0.5645839,4,rgb_pca,0,1
0.6005035,4,rgb_pca,0,1
0.6367353,4,rgb_pca,0,1
0.66297656,4,rgb_pca,0,1
0.74161863,4,rgb_pca,0,1
0.70266664,4,rgb_pca,0,1
0.7379886,4,rgb_pca,0,1
0.7030897,4,rgb_pca,0,1
0.658591,4,rgb_pca,0,1
0.6108894,4,rgb_pca,0,1
0.6502275,4,rgb_pca,0,1
0.6254988,4,rgb_pca,0,1
0.6542525,4,rgb_pca,0,1
0.6785595,4,rgb_pca,0,1
0.67288756,4,rgb_pca,0,1
0.6418456,4,rgb_pca,0,1
0.6422534,4,rgb_pca,0,1
0.6471516,4,rgb_pca,0,1
0.6355003,4,rgb_pca,0,1
0.63210434,4,rgb_pca,0,1
0.63937986,4,rgb_pca,0,1
0.66611063,4,rgb_pca,0,1
0.6550805,4,rgb_pca,0,1
0.5633526,4,rgb_pca,0,1
0.5190491,4,rgb_pca,0,1
0.51310736,4,rgb_pca,0,1
0.597884,4,rgb_pca,0,1
0.71222794,4,rgb_pca,0,1
0.7189009,4,rgb_pca,0,1
0.69825894,4,rgb_pca,0,1
0.72139347,4,rgb_pca,0,1
0.6961828,4,rgb_pca,0,1
0.66217685,4,rgb_pca,0,1
0.6864808,4,rgb_pca,0,1
0.6868743,4,rgb_pca,0,1
0.6513182,4,rgb_pca,0,1
0.6872789,4,rgb_pca,0,1
0.6747757,4,rgb_pca,0,1
0.6567553,4,rgb_pca,0,1
0.69360757,4,rgb_pca,0,1
0.7119347,4,rgb_pca,0,1
0.738363,4,rgb_pca,0,1
0.7119154,4,rgb_pca,0,1
0.6845254,4,rgb_pca,0,1
0.6511864,4,rgb_pca,0,1
0.6658956,4,rgb_pca,0,1
0.65061563,4,rgb_pca,0,1
0.6970854,4,rgb_pca,0,1
0.68368554,4,rgb_pca,0,1
0.6799615,4,rgb_pca,0,1
0.6697204,4,rgb_pca,0,1
0.6241304,4,rgb_pca,0,1
0.64871466,4,rgb_pca,0,1
0.642684,4,rgb_pca,0,1
0.6762352,4,rgb_pca,0,1
0.64193976,4,rgb_pca,0,1
0.67388505,4,rgb_pca,0,1
0.6118411,4,rgb_pca,0,1
0.59672916,4,rgb_pca,0,1
0.5968366,4,rgb_pca,0,1
0.63490677,4,rgb_pca,0,1
0.6327791,4,rgb_pca,0,1
0.636215,4,rgb_pca,0,1
0.6502698,4,rgb_pca,0,1
0.6821139,4,rgb_pca,0,1
0.7407576,4,rgb_pca,0,1
0.70674336,4,rgb_pca,0,1
0.69963145,4,rgb_pca,0,1
0.69142354,4,rgb_pca,0,1
0.7260343,4,rgb_pca,0,1
0.7082565,4,rgb_pca,0,1
0.685689,4,rgb_pca,0,1
0.67615783,4,rgb_pca,0,1
0.7079713,4,rgb_pca,0,1
0.7654246,4,rgb_pca,0,1
0.7503413,4,rgb_pca,0,1
0.6865854,4,rgb_pca,0,1
0.684609,4,rgb_pca,0,1
0.6601958,4,rgb_pca,0,1
0.66024077,4,rgb_pca,0,1
0.69185776,4,rgb_pca,0,1
0.7097388,4,rgb_pca,0,1
0.7131563,4,rgb_pca,0,1
0.6862313,4,rgb_pca,0,1
0.67940694,4,rgb_pca,0,1
0.6716245,4,rgb_pca,0,1
0.6715567,4,rgb_pca,0,1
0.6870154,4,rgb_pca,0,1
0.7086861,4,rgb_pca,0,1
0.6619897,4,rgb_pca,0,1
0.68015873,4,rgb_pca,0,1
0.6652217,4,rgb_pca,0,1
0.6561303,4,rgb_pca,0,1
0.69738173,4,rgb_pca,0,1
0.7153483,4,rgb_pca,0,1
0.7330011,4,rgb_pca,0,1
0.6745521,4,rgb_pca,0,1
0.60322785,4,rgb_pca,0,1
0.63443756,4,rgb_pca,0,1
0.6658484,4,rgb_pca,0,1
0.6610676,4,rgb_pca,0,1
0.7194651,4,rgb_pca,0,1
0.67911315,4,rgb_pca,0,1
0.6465354,4,rgb_pca,0,1
0.6337948,4,rgb_pca,0,1
0.6543047,4,rgb_pca,0,1
0.7031133,4,rgb_pca,0,1
0.7335599,4,rgb_pca,0,1
0.76403266,4,rgb_pca,0,1
0.65679425,4,rgb_pca,0,1
0.55558205,4,rgb_pca,0,1
0.6251849,4,rgb_pca,0,1
0.6472398,4,rgb_pca,0,1
0.7345594,4,rgb_pca,0,1
0.70065296,4,rgb_pca,0,1
0.69172335,4,rgb_pca,0,1
0.7222301,4,rgb_pca,0,1
0.74903464,4,rgb_pca,0,1
0.7733152,4,rgb_pca,0,1
0.7824705,4,rgb_pca,0,1
0.6825127,4,rgb_pca,0,1
0.6446956,4,rgb_pca,0,1
0.685163,4,rgb_pca,0,1
0.68222356,4,rgb_pca,0,1
0.66140664,4,rgb_pca,0,1
0.62283224,4,rgb_pca,0,1
0.6777998,4,rgb_pca,0,1
0.6658809,4,rgb_pca,0,1
0.6213374,4,rgb_pca,0,1
0.63537955,4,rgb_pca,0,1
0.6494508,4,rgb_pca,0,1
0.67510676,4,rgb_pca,0,1
0.6512772,4,rgb_pca,0,1
0.6281601,4,rgb_pca,0,1
0.6135485,4,rgb_pca,0,1
0.5780308,4,rgb_pca,0,1
0.6272428,4,rgb_pca,0,1
0.6412217,4,rgb_pca,0,1
0.6099751,4,rgb_pca,0,1
0.6186203,4,rgb_pca,0,1
0.66697943,4,rgb_pca,0,1
0.70454615,4,rgb_pca,0,1
0.704986,4,rgb_pca,0,1
0.6897004,4,rgb_pca,0,1
0.70431405,4,rgb_pca,0,1
0.6364147,4,rgb_pca,0,1
0.60542595,4,rgb_pca,0,1
0.589285,4,rgb_pca,0,1
0.6367179,4,rgb_pca,0,1
0.66252345,4,rgb_pca,0,1
0.6332146,4,rgb_pca,0,1
0.5929364,4,rgb_pca,0,1
0.602875,4,rgb_pca,0,1
0.6510443,4,rgb_pca,0,1
0.66279185,4,rgb_pca,0,1
0.6992402,4,rgb_pca,0,1
0.7168392,4,rgb_pca,0,1
0.60673636,4,rgb_pca,0,1
0.5911101,4,rgb_pca,0,1
0.55237573,4,rgb_pca,0,1
0.5752776,4,rgb_pca,0,1
0.5866028,4,rgb_pca,0,1
0.57440066,4,rgb_pca,0,1
0.55945635,4,rgb_pca,0,1
0.6251404,4,rgb_pca,0,1
0.6469618,4,rgb_pca,0,1
0.6724686,4,rgb_pca,0,1
0.65697277,4,rgb_pca,0,1
0.6846657,4,rgb_pca,0,1
0.64210653,4,rgb_pca,0,1
0.6163229,4,rgb_pca,0,1
0.6448666,4,rgb_pca,0,1
0.6413537,4,rgb_pca,0,1
0.64288044,4,rgb_pca,0,1
0.6828809,4,rgb_pca,0,1
0.6813596,4,rgb_pca,0,1
0.66561615,4,rgb_pca,0,1
0.5543666,4,rgb_pca,0,1
0.552847,4,rgb_pca,0,1
0.5262242,4,rgb_pca,0,1
0.54422987,4,rgb_pca,0,1
0.5934063,4,rgb_pca,0,1
0.6407041,4,rgb_pca,0,1
0.47241575,4,rgb_pca,0,1
0.48706684,4,rgb_pca,0,1
0.4662783,4,rgb_pca,0,1
0.47495344,4,rgb_pca,0,1
0.49801886,4,rgb_pca,0,1
0.5709146,4,rgb_pca,0,1
0.5230769,4,rgb_pca,0,1
0.4929971,4,rgb_pca,0,1
0.48473752,4,rgb_pca,0,1
0.4636479,4,rgb_pca,0,1
0.49465394,4,rgb_pca,0,1
0.525834,4,rgb_pca,0,1
0.4839548,4,rgb_pca,0,1
0.44888413,4,rgb_pca,0,1
0.5516648,4,rgb_pca,0,1
0.58152676,4,rgb_pca,0,1
0.52440625,4,rgb_pca,0,1
0.4325825,4,rgb_pca,0,1
0.527994,4,rgb_pca,0,1
0.5448663,4,rgb_pca,0,1
0.4339766,4,rgb_pca,0,1
0.4845031,4,rgb_pca,0,1
0.50537735,4,rgb_pca,0,1
0.5550716,4,rgb_pca,0,1
0.70402265,4,rgb_pca,0,1
0.6931225,4,rgb_pca,0,1
0.61210126,4,rgb_pca,0,1
0.61550343,4,rgb_pca,0,1
0.64599687,4,rgb_pca,0,1
0.6549145,4,rgb_pca,0,1
0.653525,4,rgb_pca,0,1
0.6466292,4,rgb_pca,0,1
0.62316614,4,rgb_pca,0,1
0.61878824,4,rgb_pca,0,1
0.64298147,4,rgb_pca,0,1
0.6559105,4,rgb_pca,0,1
0.6741613,4,rgb_pca,0,1
0.6196648,4,rgb_pca,0,1
0.6406138,4,rgb_pca,0,1
0.60996413,4,rgb_pca,0,1
0.59209114,4,rgb_pca,0,1
0.5938899,4,rgb_pca,0,1
0.6131701,4,rgb_pca,0,1
0.5978485,4,rgb_pca,0,1
0.60607123,4,rgb_pca,0,1
0.6504779,4,rgb_pca,0,1
0.5244081,4,rgb_pca,0,1
0.5844853,4,rgb_pca,0,1
0.60824275,4,rgb_pca,0,1
0.68943334,4,rgb_pca,0,1
0.7302282,4,rgb_pca,0,1
0.6671954,4,rgb_pca,0,1
0.6553585,4,rgb_pca,0,1
0.67785734,4,rgb_pca,0,1
0.7289455,4,rgb_pca,0,1
0.6799802,4,rgb_pca,0,1
0.57948184,4,rgb_pca,0,1
0.6047263,4,rgb_pca,0,1
0.6825094,4,rgb_pca,0,1
0.7334466,4,rgb_pca,0,1
0.71260905,4,rgb_pca,0,1
0.67715764,4,rgb_pca,0,1
0.68261576,4,rgb_pca,0,1
0.66009855,4,rgb_pca,0,1
0.6286707,4,rgb_pca,0,1
0.5291145,4,rgb_pca,0,1
0.572842,4,rgb_pca,0,1
0.6802839,4,rgb_pca,0,1
0.7136234,4,rgb_pca,0,1
0.5717153,4,rgb_pca,0,1
0.6675229,4,rgb_pca,0,1
0.6710691,4,rgb_pca,0,1
0.6544858,4,rgb_pca,0,1
0.6631986,4,rgb_pca,0,1
0.73675644,4,rgb_pca,0,1
0.7391637,4,rgb_pca,0,1
0.705189,4,rgb_pca,0,1
0.68935007,4,rgb_pca,0,1
0.66582316,4,rgb_pca,0,1
0.69959456,4,rgb_pca,0,1
0.657809,4,rgb_pca,0,1
0.6247746,4,rgb_pca,0,1
0.59898496,4,rgb_pca,0,1
0.5806765,4,rgb_pca,0,1
0.68008304,4,rgb_pca,0,1
0.6324905,4,rgb_pca,0,1
0.5916381,4,rgb_pca,0,1
0.5583556,4,rgb_pca,0,1
0.54331195,4,rgb_pca,0,1
0.6710459,4,rgb_pca,0,1
0.61574155,4,rgb_pca,0,1
0.56331456,4,rgb_pca,0,1
0.5593647,4,rgb_pca,0,1
0.53070045,4,rgb_pca,0,1
0.74442494,4,rgb_pca,0,1
0.7097675,4,rgb_pca,0,1
0.6659164,4,rgb_pca,0,1
0.64916074,4,rgb_pca,0,1
0.5645219,4,rgb_pca,0,1
0.5839726,4,rgb_pca,0,1
0.732671,4,rgb_pca,0,1
0.70699024,4,rgb_pca,0,1
0.65577817,4,rgb_pca,0,1
0.6425519,4,rgb_pca,0,1
0.53051263,4,rgb_pca,0,1
0.5295804,4,rgb_pca,0,1
0.75690687,4,rgb_pca,0,1
0.72210646,4,rgb_pca,0,1
0.6635072,4,rgb_pca,0,1
0.61838394,4,rgb_pca,0,1
0.6188809,4,rgb_pca,0,1
0.61612266,4,rgb_pca,0,1
0.6778321,4,rgb_pca,0,1
0.6703903,4,rgb_pca,0,1
0.63979304,4,rgb_pca,0,1
0.73360735,4,rgb_pca,0,1
0.7345784,4,rgb_pca,0,1
0.71696764,4,rgb_pca,0,1
0.69110596,4,rgb_pca,0,1
0.7083945,4,rgb_pca,0,1
0.6506629,4,rgb_pca,0,1
0.6789014,4,rgb_pca,0,1
0.65294266,4,rgb_pca,0,1
0.65284556,4,rgb_pca,0,1
0.70884335,4,rgb_pca,0,1
0.72417647,4,rgb_pca,0,1
0.6838541,4,rgb_pca,0,1
0.6502898,4,rgb_pca,0,1
0.7282013,4,rgb_pca,0,1
0.70141804,4,rgb_pca,0,1
0.6722796,4,rgb_pca,0,1
0.6844028,4,rgb_pca,0,1
0.64740705,4,rgb_pca,0,1
0.6356311,4,rgb_pca,0,1
0.63641524,4,rgb_pca,0,1
0.6334677,4,rgb_pca,0,1
0.66779816,4,rgb_pca,0,1
0.68369114,4,rgb_pca,0,1
0.7114045,4,rgb_pca,0,1
0.7025051,4,rgb_pca,0,1
0.70329386,4,rgb_pca,0,1
0.7381338,4,rgb_pca,0,1
0.7092143,4,rgb_pca,0,1
0.6754219,4,rgb_pca,0,1
0.6457393,4,rgb_pca,0,1
0.61708236,4,rgb_pca,0,1
0.63336045,4,rgb_pca,0,1
0.660635,4,rgb_pca,0,1
0.71142745,4,rgb_pca,0,1
0.6479959,4,rgb_pca,0,1
0.634373,4,rgb_pca,0,1
0.62196547,4,rgb_pca,0,1
0.6381252,4,rgb_pca,0,1
0.6668657,4,rgb_pca,0,1
0.69948405,4,rgb_pca,0,1
0.6456665,4,rgb_pca,0,1
0.68824905,4,rgb_pca,0,1
0.69268,4,rgb_pca,0,1
0.6644983,4,rgb_pca,0,1
0.70079684,4,rgb_pca,0,1
0.735714,4,rgb_pca,0,1
0.70816886,4,rgb_pca,0,1
0.71093833,4,rgb_pca,0,1
0.6969378,4,rgb_pca,0,1
0.6282988,4,rgb_pca,0,1
0.64421374,4,rgb_pca,0,1
0.62891984,4,rgb_pca,0,1
0.6299473,4,rgb_pca,0,1
0.67137337,4,rgb_pca,0,1
0.6345619,4,rgb_pca,0,1
0.6570481,4,rgb_pca,0,1
0.6579238,4,rgb_pca,0,1
0.67511725,4,rgb_pca,0,1
0.6618136,4,rgb_pca,0,1
0.6363694,4,rgb_pca,0,1
0.702529,4,rgb_pca,0,1
0.69845164,4,rgb_pca,0,1
0.7027424,4,rgb_pca,0,1
0.68916625,4,rgb_pca,0,1
0.6813265,4,rgb_pca,0,1
0.674381,4,rgb_pca,0,1
0.6763717,4,rgb_pca,0,1
0.69162905,4,rgb_pca,0,1
0.6955019,4,rgb_pca,0,1
0.6819474,4,rgb_pca,0,1
0.6796917,4,rgb_pca,0,1
0.6938885,4,rgb_pca,0,1
0.7046646,4,rgb_pca,0,1
0.702944,4,rgb_pca,0,1
0.6912737,4,rgb_pca,0,1
0.6347168,4,rgb_pca,0,1
0.6711644,4,rgb_pca,0,1
0.67899215,4,rgb_pca,0,1
0.75416434,4,rgb_pca,0,1
0.7531471,4,rgb_pca,0,1
0.71763825,4,rgb_pca,0,1
0.7059957,4,rgb_pca,0,1
0.65798867,4,rgb_pca,0,1
0.67506796,4,rgb_pca,0,1
0.70632493,4,rgb_pca,0,1
0.7046466,4,rgb_pca,0,1
0.69447446,4,rgb_pca,0,1
0.6693405,4,rgb_pca,0,1
0.6976337,4,rgb_pca,0,1
0.7484234,4,rgb_pca,0,1
0.69958794,4,rgb_pca,0,1
0.743093,4,rgb_pca,0,1
0.7114308,4,rgb_pca,0,1
0.69566673,4,rgb_pca,0,1
0.68644094,4,rgb_pca,0,1
0.6331768,4,rgb_pca,0,1
0.65913063,4,rgb_pca,0,1
0.6523856,4,rgb_pca,0,1
0.67309594,4,rgb_pca,0,1
0.6997348,4,rgb_pca,0,1
0.67089134,4,rgb_pca,0,1
0.6764881,4,rgb_pca,0,1
0.75793314,4,rgb_pca,0,1
0.67808115,4,rgb_pca,0,1
0.6964001,4,rgb_pca,0,1
0.6632775,4,rgb_pca,0,1
0.66501224,4,rgb_pca,0,1
0.68430555,4,rgb_pca,0,1
0.6731539,4,rgb_pca,0,1
0.6761872,4,rgb_pca,0,1
0.6672156,4,rgb_pca,0,1
0.6902493,4,rgb_pca,0,1
0.70234096,4,rgb_pca,0,1
0.676535,4,rgb_pca,0,1
0.72285175,4,rgb_pca,0,1
0.71819323,4,rgb_pca,0,1
0.66639316,4,rgb_pca,0,1
0.6747532,4,rgb_pca,0,1
0.6932051,4,rgb_pca,0,1
0.6828607,4,rgb_pca,0,1
0.67672694,4,rgb_pca,0,1
0.69033325,4,rgb_pca,0,1
0.7411924,4,rgb_pca,0,1
0.7367366,4,rgb_pca,0,1
0.722348,4,rgb_pca,0,1
0.7027601,4,rgb_pca,0,1
0.71008945,4,rgb_pca,0,1
0.65455997,4,rgb_pca,0,1
0.6132451,4,rgb_pca,0,1
0.668807,4,rgb_pca,0,1
0.6645276,4,rgb_pca,0,1
0.68110096,4,rgb_pca,0,1
0.66910744,4,rgb_pca,0,1
0.69107825,4,rgb_pca,0,1
0.7032311,4,rgb_pca,0,1
0.68329716,4,rgb_pca,0,1
0.6739796,4,rgb_pca,0,1
0.6895393,4,rgb_pca,0,1
0.6800133,4,rgb_pca,0,1
0.63736707,4,rgb_pca,0,1
0.6806796,4,rgb_pca,0,1
0.70132136,4,rgb_pca,0,1
0.72038424,4,rgb_pca,0,1
0.6487474,4,rgb_pca,0,1
0.628255,4,rgb_pca,0,1
0.64818704,4,rgb_pca,0,1
0.6510743,4,rgb_pca,0,1
0.73113215,4,rgb_pca,0,1
0.7128769,4,rgb_pca,0,1
0.71181977,4,rgb_pca,0,1
0.7093632,4,rgb_pca,0,1
0.7146046,4,rgb_pca,0,1
0.69052476,4,rgb_pca,0,1
0.730319,4,rgb_pca,0,1
0.6821442,4,rgb_pca,0,1
0.65531427,4,rgb_pca,0,1
0.6422641,4,rgb_pca,0,1
0.6752124,4,rgb_pca,0,1
0.69904435,4,rgb_pca,0,1
0.69498897,4,rgb_pca,0,1
0.7027339,4,rgb_pca,0,1
0.6469852,4,rgb_pca,0,1
0.71824056,4,rgb_pca,0,1
0.6823851,4,rgb_pca,0,1
0.68757,4,rgb_pca,0,1
0.72376615,4,rgb_pca,0,1
0.6942026,4,rgb_pca,0,1
0.6862534,4,rgb_pca,0,1
0.68407595,4,rgb_pca,0,1
0.7074197,4,rgb_pca,0,1
0.6944206,4,rgb_pca,0,1
0.6793109,4,rgb_pca,0,1
0.6859664,4,rgb_pca,0,1
0.66831434,4,rgb_pca,0,1
0.6675994,4,rgb_pca,0,1
0.68330157,4,rgb_pca,0,1
0.65941817,4,rgb_pca,0,1
0.67603904,4,rgb_pca,0,1
0.6638504,4,rgb_pca,0,1
0.6082123,4,rgb_pca,0,1
0.68090045,4,rgb_pca,0,1
0.6835781,4,rgb_pca,0,1
0.7142954,4,rgb_pca,0,1
0.6618924,4,rgb_pca,0,1
0.65673476,4,rgb_pca,0,1
0.62247,4,rgb_pca,0,1
0.6109693,4,rgb_pca,0,1
0.6439339,4,rgb_pca,0,1
0.64964676,4,rgb_pca,0,1
0.66427314,4,rgb_pca,0,1
0.63444376,4,rgb_pca,0,1
0.57502043,4,rgb_pca,0,1
0.642661,4,rgb_pca,0,1
0.63668734,4,rgb_pca,0,1
0.704721,4,rgb_pca,0,1
0.68659407,4,rgb_pca,0,1
0.70841354,4,rgb_pca,0,1
0.7041775,4,rgb_pca,0,1
0.66878426,4,rgb_pca,0,1
0.65108746,4,rgb_pca,0,1
0.6349771,4,rgb_pca,0,1
0.64247495,4,rgb_pca,0,1
0.6044583,4,rgb_pca,0,1
0.6126846,4,rgb_pca,0,1
0.6633719,4,rgb_pca,0,1
0.6949297,4,rgb_pca,0,1
0.7193185,4,rgb_pca,0,1
0.691665,4,rgb_pca,0,1
0.6463355,4,rgb_pca,0,1
0.64445895,4,rgb_pca,0,1
0.6193149,4,rgb_pca,0,1
0.63249844,4,rgb_pca,0,1
0.6057236,4,rgb_pca,0,1
0.6438191,4,rgb_pca,0,1
0.686599,4,rgb_pca,0,1
0.69380504,4,rgb_pca,0,1
0.70549744,4,rgb_pca,0,1
0.6976712,4,rgb_pca,0,1
0.6696674,4,rgb_pca,0,1
0.67188025,4,rgb_pca,0,1
0.6754161,4,rgb_pca,0,1
0.6773578,4,rgb_pca,0,1
0.68310773,4,rgb_pca,0,1
0.67603165,4,rgb_pca,0,1
0.6948285,4,rgb_pca,0,1
0.6980999,4,rgb_pca,0,1
0.70431256,4,rgb_pca,0,1
0.68079066,4,rgb_pca,0,1
0.69831777,4,rgb_pca,0,1
0.6969236,4,rgb_pca,0,1
0.69404745,4,rgb_pca,0,1
0.68666077,4,rgb_pca,0,1
0.67543554,4,rgb_pca,0,1
0.66651845,4,rgb_pca,0,1
0.6724311,4,rgb_pca,0,1
0.68288696,4,rgb_pca,0,1
0.7024469,4,rgb_pca,0,1
0.6346412,4,rgb_pca,0,1
0.62126994,4,rgb_pca,0,1
0.6343695,4,rgb_pca,0,1
0.6428665,4,rgb_pca,0,1
0.6625792,4,rgb_pca,0,1
0.651396,4,rgb_pca,0,1
0.6517964,4,rgb_pca,0,1
0.6398953,4,rgb_pca,0,1
0.6874398,4,rgb_pca,0,1
0.7266747,4,rgb_pca,0,1
0.8163389,5,rgb_pca,0,1
0.78678256,5,rgb_pca,0,1
0.78244734,5,rgb_pca,0,1
0.7935958,5,rgb_pca,0,1
0.80106175,5,rgb_pca,0,1
0.77223885,5,rgb_pca,0,1
0.77878046,5,rgb_pca,0,1
0.7870991,5,rgb_pca,0,1
0.79049885,5,rgb_pca,0,1
0.82403207,5,rgb_pca,0,1
0.8082073,5,rgb_pca,0,1
0.787531,5,rgb_pca,0,1
0.82352006,5,rgb_pca,0,1
0.82139313,5,rgb_pca,0,1
0.82572615,5,rgb_pca,0,1
0.8308263,5,rgb_pca,0,1
0.8267271,5,rgb_pca,0,1
0.84710526,5,rgb_pca,0,1
0.81956226,5,rgb_pca,0,1
0.8028246,5,rgb_pca,0,1
0.82304335,5,rgb_pca,0,1
0.8221845,5,rgb_pca,0,1
0.8369745,5,rgb_pca,0,1
0.8169157,5,rgb_pca,0,1
0.822942,5,rgb_pca,0,1
0.85764587,5,rgb_pca,0,1
0.8280282,5,rgb_pca,0,1
0.8194213,5,rgb_pca,0,1
0.8352585,5,rgb_pca,0,1
0.82700735,5,rgb_pca,0,1
0.8477754,5,rgb_pca,0,1
0.8374194,5,rgb_pca,0,1
0.82268023,5,rgb_pca,0,1
0.84554964,5,rgb_pca,0,1
0.7866203,5,rgb_pca,0,1
0.8220818,5,rgb_pca,0,1
0.8417084,5,rgb_pca,0,1
0.8569034,5,rgb_pca,0,1
0.8387322,5,rgb_pca,0,1
0.83076566,5,rgb_pca,0,1
0.8238169,5,rgb_pca,0,1
0.83129406,5,rgb_pca,0,1
0.8377143,5,rgb_pca,0,1
0.83590025,5,rgb_pca,0,1
0.8231857,5,rgb_pca,0,1
0.82122445,5,rgb_pca,0,1
0.83853763,5,rgb_pca,0,1
0.8120363,5,rgb_pca,0,1
0.80635476,5,rgb_pca,0,1
0.8227581,5,rgb_pca,0,1
0.8060429,5,rgb_pca,0,1
0.7943871,5,rgb_pca,0,1
0.8077232,5,rgb_pca,0,1
0.81050265,5,rgb_pca,0,1
0.8124912,5,rgb_pca,0,1
0.8341779,5,rgb_pca,0,1
0.84454167,5,rgb_pca,0,1
0.8337184,5,rgb_pca,0,1
0.8276361,5,rgb_pca,0,1
0.7797522,5,rgb_pca,0,1
0.8026806,5,rgb_pca,0,1
0.80440545,5,rgb_pca,0,1
0.82130134,5,rgb_pca,0,1
0.8110809,5,rgb_pca,0,1
0.8063954,5,rgb_pca,0,1
0.80158806,5,rgb_pca,0,1
0.8108381,5,rgb_pca,0,1
0.79748225,5,rgb_pca,0,1
0.84472764,5,rgb_pca,0,1
0.8174839,5,rgb_pca,0,1
0.80629325,5,rgb_pca,0,1
0.8269111,5,rgb_pca,0,1
0.7571161,5,rgb_pca,0,1
0.77432555,5,rgb_pca,0,1
0.76469415,5,rgb_pca,0,1
0.79050183,5,rgb_pca,0,1
0.7644713,5,rgb_pca,0,1
0.77038527,5,rgb_pca,0,1
0.79203093,5,rgb_pca,0,1
0.7691627,5,rgb_pca,0,1
0.769796,5,rgb_pca,0,1
0.7637385,5,rgb_pca,0,1
0.8049456,5,rgb_pca,0,1
0.83155644,5,rgb_pca,0,1
0.77128774,5,rgb_pca,0,1
0.7798084,5,rgb_pca,0,1
0.79810864,5,rgb_pca,0,1
0.80796504,5,rgb_pca,0,1
0.7912998,5,rgb_pca,0,1
0.7815895,5,rgb_pca,0,1
0.800893,5,rgb_pca,0,1
0.7548398,5,rgb_pca,0,1
0.7750368,5,rgb_pca,0,1
0.82696927,5,rgb_pca,0,1
0.84596586,5,rgb_pca,0,1
0.82788396,5,rgb_pca,0,1
0.8375947,5,rgb_pca,0,1
0.8433542,5,rgb_pca,0,1
0.8422709,5,rgb_pca,0,1
0.8375076,5,rgb_pca,0,1
0.8597106,5,rgb_pca,0,1
0.82842684,5,rgb_pca,0,1
0.8232422,5,rgb_pca,0,1
0.8565831,5,rgb_pca,0,1
0.8122876,5,rgb_pca,0,1
0.86534035,5,rgb_pca,0,1
0.87606853,5,rgb_pca,0,1
0.8156781,5,rgb_pca,0,1
0.8338822,5,rgb_pca,0,1
0.823725,5,rgb_pca,0,1
0.7911371,5,rgb_pca,0,1
0.79477787,5,rgb_pca,0,1
0.8120792,5,rgb_pca,0,1
0.81198627,5,rgb_pca,0,1
0.7612594,5,rgb_pca,0,1
0.7720417,5,rgb_pca,0,1
0.8035358,5,rgb_pca,0,1
0.8184737,5,rgb_pca,0,1
0.82302797,5,rgb_pca,0,1
0.7943876,5,rgb_pca,0,1
0.80432755,5,rgb_pca,0,1
0.79498273,5,rgb_pca,0,1
0.80576,5,rgb_pca,0,1
0.7795065,5,rgb_pca,0,1
0.7884814,5,rgb_pca,0,1
0.83550525,5,rgb_pca,0,1
0.83635163,5,rgb_pca,0,1
0.8005918,5,rgb_pca,0,1
0.79468614,5,rgb_pca,0,1
0.7924503,5,rgb_pca,0,1
0.8071814,5,rgb_pca,0,1
0.7841147,5,rgb_pca,0,1
0.7893884,5,rgb_pca,0,1
0.8156923,5,rgb_pca,0,1
0.824599,5,rgb_pca,0,1
0.79067105,5,rgb_pca,0,1
0.775074,5,rgb_pca,0,1
0.7885926,5,rgb_pca,0,1
0.8003217,5,rgb_pca,0,1
0.7934102,5,rgb_pca,0,1
0.80017555,5,rgb_pca,0,1
0.77043617,5,rgb_pca,0,1
0.7946806,5,rgb_pca,0,1
0.80485225,5,rgb_pca,0,1
0.7910342,5,rgb_pca,0,1
0.79988456,5,rgb_pca,0,1
0.7988063,5,rgb_pca,0,1
0.8095403,5,rgb_pca,0,1
0.7874744,5,rgb_pca,0,1
0.7935251,5,rgb_pca,0,1
0.8455402,5,rgb_pca,0,1
0.8220117,5,rgb_pca,0,1
0.78617215,5,rgb_pca,0,1
0.7652215,5,rgb_pca,0,1
0.7615522,5,rgb_pca,0,1
0.7652755,5,rgb_pca,0,1
0.78810513,5,rgb_pca,0,1
0.798859,5,rgb_pca,0,1
0.79238915,5,rgb_pca,0,1
0.7764592,5,rgb_pca,0,1
0.7963393,5,rgb_pca,0,1
0.80054843,5,rgb_pca,0,1
0.7881042,5,rgb_pca,0,1
0.7933204,5,rgb_pca,0,1
0.7899412,5,rgb_pca,0,1
0.78920686,5,rgb_pca,0,1
0.7727797,5,rgb_pca,0,1
0.78442764,5,rgb_pca,0,1
0.77250886,5,rgb_pca,0,1
0.79849374,5,rgb_pca,0,1
0.79021657,5,rgb_pca,0,1
0.79981,5,rgb_pca,0,1
0.80555654,5,rgb_pca,0,1
0.7996118,5,rgb_pca,0,1
0.79720736,5,rgb_pca,0,1
0.8128655,5,rgb_pca,0,1
0.8099683,5,rgb_pca,0,1
0.7865928,5,rgb_pca,0,1
0.7670027,5,rgb_pca,0,1
0.7862843,5,rgb_pca,0,1
0.8079685,5,rgb_pca,0,1
0.79986787,5,rgb_pca,0,1
0.7841953,5,rgb_pca,0,1
0.7812133,5,rgb_pca,0,1
0.79214156,5,rgb_pca,0,1
0.8076284,5,rgb_pca,0,1
0.81120956,5,rgb_pca,0,1
0.7998845,5,rgb_pca,0,1
0.78727007,5,rgb_pca,0,1
0.7947247,5,rgb_pca,0,1
0.80846703,5,rgb_pca,0,1
0.7991085,5,rgb_pca,0,1
0.7926127,5,rgb_pca,0,1
0.8021767,5,rgb_pca,0,1
0.7731544,5,rgb_pca,0,1
0.78227806,5,rgb_pca,0,1
0.78032374,5,rgb_pca,0,1
0.7824527,5,rgb_pca,0,1
0.7982419,5,rgb_pca,0,1
0.8174083,5,rgb_pca,0,1
0.7949834,5,rgb_pca,0,1
0.8082646,5,rgb_pca,0,1
0.8150704,5,rgb_pca,0,1
0.78103346,5,rgb_pca,0,1
0.78540504,5,rgb_pca,0,1
0.79210126,5,rgb_pca,0,1
0.7702192,5,rgb_pca,0,1
0.7889384,5,rgb_pca,0,1
0.7778005,5,rgb_pca,0,1
0.7721848,5,rgb_pca,0,1
0.77877,5,rgb_pca,0,1
0.7612613,5,rgb_pca,0,1
0.79327387,5,rgb_pca,0,1
0.79075277,5,rgb_pca,0,1
0.7826176,5,rgb_pca,0,1
0.80179465,5,rgb_pca,0,1
0.8281748,5,rgb_pca,0,1
0.8251294,5,rgb_pca,0,1
0.78531295,5,rgb_pca,0,1
0.7848409,5,rgb_pca,0,1
0.792313,5,rgb_pca,0,1
0.78359175,5,rgb_pca,0,1
0.7903904,5,rgb_pca,0,1
0.80660045,5,rgb_pca,0,1
0.82850707,5,rgb_pca,0,1
0.80597043,5,rgb_pca,0,1
0.82080853,5,rgb_pca,0,1
0.82471764,5,rgb_pca,0,1
0.8361974,5,rgb_pca,0,1
0.8322591,5,rgb_pca,0,1
0.8285594,5,rgb_pca,0,1
0.7978225,5,rgb_pca,0,1
0.8103354,5,rgb_pca,0,1
0.8211554,5,rgb_pca,0,1
0.7941042,5,rgb_pca,0,1
0.80783194,5,rgb_pca,0,1
0.78790635,5,rgb_pca,0,1
0.8052285,5,rgb_pca,0,1
0.7682238,5,rgb_pca,0,1
0.8062798,5,rgb_pca,0,1
0.77567756,5,rgb_pca,0,1
0.80414844,5,rgb_pca,0,1
0.7856466,5,rgb_pca,0,1
0.801645,5,rgb_pca,0,1
0.79383576,5,rgb_pca,0,1
0.81131357,5,rgb_pca,0,1
0.7941195,5,rgb_pca,0,1
0.8088242,5,rgb_pca,0,1
0.7678385,5,rgb_pca,0,1
0.84126925,5,rgb_pca,0,1
0.77104604,5,rgb_pca,0,1
0.80944294,5,rgb_pca,0,1
0.84095556,5,rgb_pca,0,1
0.80073774,5,rgb_pca,0,1
0.82755554,5,rgb_pca,0,1
0.8244211,5,rgb_pca,0,1
0.840523,5,rgb_pca,0,1
0.8185885,5,rgb_pca,0,1
0.835483,5,rgb_pca,0,1
0.8356448,5,rgb_pca,0,1
0.8416057,5,rgb_pca,0,1
0.8038051,5,rgb_pca,0,1
0.842156,5,rgb_pca,0,1
0.83951735,5,rgb_pca,0,1
0.8327903,5,rgb_pca,0,1
0.80745363,5,rgb_pca,0,1
0.82366997,5,rgb_pca,0,1
0.8446038,5,rgb_pca,0,1
0.81379014,5,rgb_pca,0,1
0.82613313,5,rgb_pca,0,1
0.8228439,5,rgb_pca,0,1
0.798354,5,rgb_pca,0,1
0.8136406,5,rgb_pca,0,1
0.7903533,5,rgb_pca,0,1
0.65195787,1,rgb_pca,0,1
0.68646896,1,rgb_pca,0,1
0.6692212,1,rgb_pca,0,1
0.6606736,1,rgb_pca,0,1
0.703156,1,rgb_pca,0,1
0.666365,1,rgb_pca,0,1
0.69768155,1,rgb_pca,0,1
0.68790686,1,rgb_pca,0,1
0.6832583,1,rgb_pca,0,1
0.6013053,1,rgb_pca,0,1
0.6595497,1,rgb_pca,0,1
0.7174495,1,rgb_pca,0,1
0.6974751,1,rgb_pca,0,1
0.72153026,1,rgb_pca,0,1
0.70579946,1,rgb_pca,0,1
0.68988174,1,rgb_pca,0,1
0.6135299,1,rgb_pca,0,1
0.68222755,1,rgb_pca,0,1
0.7167353,1,rgb_pca,0,1
0.67759144,1,rgb_pca,0,1
0.622334,1,rgb_pca,0,1
0.59635025,1,rgb_pca,0,1
0.69683266,1,rgb_pca,0,1
0.68068373,1,rgb_pca,0,1
0.6680907,1,rgb_pca,0,1
0.63386464,1,rgb_pca,0,1
0.6574482,1,rgb_pca,0,1
0.7164585,1,rgb_pca,0,1
0.76278853,1,rgb_pca,0,1
0.71277654,1,rgb_pca,0,1
0.6803243,1,rgb_pca,0,1
0.6556244,1,rgb_pca,0,1
0.664774,1,rgb_pca,0,1
0.65428174,1,rgb_pca,0,1
0.70831126,1,rgb_pca,0,1
0.6748399,1,rgb_pca,0,1
0.58845145,1,rgb_pca,0,1
0.7300243,1,rgb_pca,0,1
0.6825062,1,rgb_pca,0,1
0.6461549,1,rgb_pca,0,1
0.6452664,1,rgb_pca,0,1
0.65466815,1,rgb_pca,0,1
0.6644415,1,rgb_pca,0,1
0.7063029,1,rgb_pca,0,1
0.6531692,1,rgb_pca,0,1
0.5709131,1,rgb_pca,0,1
0.7231277,1,rgb_pca,0,1
0.6815076,1,rgb_pca,0,1
0.67987585,1,rgb_pca,0,1
0.6685597,1,rgb_pca,0,1
0.68822706,1,rgb_pca,0,1
0.6792175,1,rgb_pca,0,1
0.68785304,1,rgb_pca,0,1
0.6824712,1,rgb_pca,0,1
0.63127977,1,rgb_pca,0,1
0.63804936,1,rgb_pca,0,1
0.66459894,1,rgb_pca,0,1
0.6769918,1,rgb_pca,0,1
0.6567205,1,rgb_pca,0,1
0.6826442,1,rgb_pca,0,1
0.73748595,1,rgb_pca,0,1
0.7894276,1,rgb_pca,0,1
0.7345446,1,rgb_pca,0,1
0.6602998,1,rgb_pca,0,1
0.6443074,1,rgb_pca,0,1
0.6357148,1,rgb_pca,0,1
0.6965826,1,rgb_pca,0,1
0.69625235,1,rgb_pca,0,1
0.693257,1,rgb_pca,0,1
0.71627444,1,rgb_pca,0,1
0.69287276,1,rgb_pca,0,1
0.6401324,1,rgb_pca,0,1
0.57599175,1,rgb_pca,0,1
0.60380286,1,rgb_pca,0,1
0.7058823,1,rgb_pca,0,1
0.6883991,1,rgb_pca,0,1
0.6723441,1,rgb_pca,0,1
0.7163085,1,rgb_pca,0,1
0.71229887,1,rgb_pca,0,1
0.6542562,1,rgb_pca,0,1
0.53665674,1,rgb_pca,0,1
0.60530376,1,rgb_pca,0,1
0.74259305,1,rgb_pca,0,1
0.59108627,1,rgb_pca,0,1
0.71115834,1,rgb_pca,0,1
0.7036702,1,rgb_pca,0,1
0.6880997,1,rgb_pca,0,1
0.686573,1,rgb_pca,0,1
0.75291514,1,rgb_pca,0,1
0.76765054,1,rgb_pca,0,1
0.6709746,1,rgb_pca,0,1
0.6690268,1,rgb_pca,0,1
0.7081318,1,rgb_pca,0,1
0.6716663,1,rgb_pca,0,1
0.6518858,1,rgb_pca,0,1
0.74790597,1,rgb_pca,0,1
0.7823277,1,rgb_pca,0,1
0.6654995,1,rgb_pca,0,1
0.6830828,1,rgb_pca,0,1
0.6866456,1,rgb_pca,0,1
0.6176227,1,rgb_pca,0,1
0.6640067,1,rgb_pca,0,1
0.68897676,1,rgb_pca,0,1
0.68603766,1,rgb_pca,0,1
0.6402586,1,rgb_pca,0,1
0.6318296,1,rgb_pca,0,1
0.6714699,1,rgb_pca,0,1
0.68294823,1,rgb_pca,0,1
0.686095,1,rgb_pca,0,1
0.6663524,1,rgb_pca,0,1
0.6693435,1,rgb_pca,0,1
0.7214359,1,rgb_pca,0,1
0.69852334,1,rgb_pca,0,1
0.72220135,1,rgb_pca,0,1
0.72625023,1,rgb_pca,0,1
0.70588624,1,rgb_pca,0,1
0.6745211,1,rgb_pca,0,1
0.64882684,1,rgb_pca,0,1
0.71127176,1,rgb_pca,0,1
0.68994224,1,rgb_pca,0,1
0.601884,1,rgb_pca,0,1
0.72901624,1,rgb_pca,0,1
0.75485164,1,rgb_pca,0,1
0.7412157,1,rgb_pca,0,1
0.7288208,1,rgb_pca,0,1
0.7131803,1,rgb_pca,0,1
0.67703474,1,rgb_pca,0,1
0.7373182,1,rgb_pca,0,1
0.6713941,1,rgb_pca,0,1
0.5804152,1,rgb_pca,0,1
0.7269733,1,rgb_pca,0,1
0.7643153,1,rgb_pca,0,1
0.732221,1,rgb_pca,0,1
0.74121046,1,rgb_pca,0,1
0.71784246,1,rgb_pca,0,1
0.6823437,1,rgb_pca,0,1
0.7000402,1,rgb_pca,0,1
0.67898816,1,rgb_pca,0,1
0.71285975,1,rgb_pca,0,1
0.69146734,1,rgb_pca,0,1
0.7154602,1,rgb_pca,0,1
0.68633693,1,rgb_pca,0,1
0.660063,1,rgb_pca,0,1
0.7030691,1,rgb_pca,0,1
0.68116283,1,rgb_pca,0,1
0.65813035,1,rgb_pca,0,1
0.63181895,1,rgb_pca,0,1
0.66269594,1,rgb_pca,0,1
0.66326964,1,rgb_pca,0,1
0.61709774,1,rgb_pca,0,1
0.65550363,1,rgb_pca,0,1
0.61760694,1,rgb_pca,0,1
0.654176,1,rgb_pca,0,1
0.6363697,1,rgb_pca,0,1
0.62133634,1,rgb_pca,0,1
0.6609187,1,rgb_pca,0,1
0.6585916,1,rgb_pca,0,1
0.6273774,1,rgb_pca,0,1
0.5821041,1,rgb_pca,0,1
0.6314186,1,rgb_pca,0,1
0.660897,1,rgb_pca,0,1
0.6734978,1,rgb_pca,0,1
0.6692438,1,rgb_pca,0,1
0.70604545,1,rgb_pca,0,1
0.6517638,1,rgb_pca,0,1
0.6050334,1,rgb_pca,0,1
0.64080966,1,rgb_pca,0,1
0.6066524,1,rgb_pca,0,1
0.7641599,4,rgb_pca,0,1
0.7172084,4,rgb_pca,0,1
0.71052355,4,rgb_pca,0,1
0.7099929,4,rgb_pca,0,1
0.7121663,4,rgb_pca,0,1
0.65598786,4,rgb_pca,0,1
0.7057861,4,rgb_pca,0,1
0.70664036,4,rgb_pca,0,1
0.69741976,4,rgb_pca,0,1
0.69923997,4,rgb_pca,0,1
0.7550014,4,rgb_pca,0,1
0.74785274,4,rgb_pca,0,1
0.73236394,4,rgb_pca,0,1
0.70679915,4,rgb_pca,0,1
0.66789985,4,rgb_pca,0,1
0.66361165,4,rgb_pca,0,1
0.6000732,4,rgb_pca,0,1
0.68941635,4,rgb_pca,0,1
0.71887195,4,rgb_pca,0,1
0.71721876,4,rgb_pca,0,1
0.6969857,4,rgb_pca,0,1
0.7660866,4,rgb_pca,0,1
0.71199155,4,rgb_pca,0,1
0.6753178,4,rgb_pca,0,1
0.6659228,4,rgb_pca,0,1
0.646883,4,rgb_pca,0,1
0.6525664,4,rgb_pca,0,1
0.63811356,4,rgb_pca,0,1
0.7133903,4,rgb_pca,0,1
0.7244824,4,rgb_pca,0,1
0.7363342,4,rgb_pca,0,1
0.73641694,4,rgb_pca,0,1
0.7410021,4,rgb_pca,0,1
0.69832826,4,rgb_pca,0,1
0.6676308,4,rgb_pca,0,1
0.6740181,4,rgb_pca,0,1
0.669502,4,rgb_pca,0,1
0.6787087,4,rgb_pca,0,1
0.66223025,4,rgb_pca,0,1
0.7267961,4,rgb_pca,0,1
0.6416977,4,rgb_pca,0,1
0.72292256,4,rgb_pca,0,1
0.7233839,4,rgb_pca,0,1
0.6780093,4,rgb_pca,0,1
0.6831243,4,rgb_pca,0,1
0.6733265,4,rgb_pca,0,1
0.6902027,4,rgb_pca,0,1
0.67562383,4,rgb_pca,0,1
0.65653986,4,rgb_pca,0,1
0.673803,4,rgb_pca,0,1
0.6786232,4,rgb_pca,0,1
0.6715877,4,rgb_pca,0,1
0.66789865,4,rgb_pca,0,1
0.64766943,4,rgb_pca,0,1
0.6623628,4,rgb_pca,0,1
0.6661992,4,rgb_pca,0,1
0.6807735,4,rgb_pca,0,1
0.6754894,4,rgb_pca,0,1
0.67327595,4,rgb_pca,0,1
0.66051257,4,rgb_pca,0,1
0.6471673,4,rgb_pca,0,1
0.6731682,4,rgb_pca,0,1
0.66715795,4,rgb_pca,0,1
0.6814697,4,rgb_pca,0,1
0.6932911,4,rgb_pca,0,1
0.67733574,4,rgb_pca,0,1
0.66551423,4,rgb_pca,0,1
0.6588726,4,rgb_pca,0,1
0.67207646,4,rgb_pca,0,1
0.6713993,4,rgb_pca,0,1
0.65753794,4,rgb_pca,0,1
0.6649572,4,rgb_pca,0,1
0.71877813,4,rgb_pca,0,1
0.7449144,4,rgb_pca,0,1
0.7925855,5,rgb_pca,0,1
0.80422574,5,rgb_pca,0,1
0.8113688,5,rgb_pca,0,1
0.8299727,5,rgb_pca,0,1
0.7974199,5,rgb_pca,0,1
0.78706515,5,rgb_pca,0,1
0.79645324,5,rgb_pca,0,1
0.7737576,5,rgb_pca,0,1
0.74478114,5,rgb_pca,0,1
0.81841916,5,rgb_pca,0,1
0.8403771,5,rgb_pca,0,1
0.8596071,5,rgb_pca,0,1
0.8509313,5,rgb_pca,0,1
0.82715696,5,rgb_pca,0,1
0.8128791,5,rgb_pca,0,1
0.8088988,5,rgb_pca,0,1
0.80892766,5,rgb_pca,0,1
0.8126478,5,rgb_pca,0,1
0.853105,5,rgb_pca,0,1
0.8745998,5,rgb_pca,0,1
0.86245453,5,rgb_pca,0,1
0.84319496,5,rgb_pca,0,1
0.8244206,5,rgb_pca,0,1
0.7972647,5,rgb_pca,0,1
0.8156009,5,rgb_pca,0,1
0.8384298,5,rgb_pca,0,1
0.8511513,5,rgb_pca,0,1
0.86760616,5,rgb_pca,0,1
0.8744495,5,rgb_pca,0,1
0.85167104,5,rgb_pca,0,1
0.8323693,5,rgb_pca,0,1
0.7978019,5,rgb_pca,0,1
0.81758726,5,rgb_pca,0,1
0.84259313,5,rgb_pca,0,1
0.80352676,5,rgb_pca,0,1
0.8349966,5,rgb_pca,0,1
0.8478315,5,rgb_pca,0,1
0.8602039,5,rgb_pca,0,1
0.84206194,5,rgb_pca,0,1
0.81516105,5,rgb_pca,0,1
0.7943293,5,rgb_pca,0,1
0.8192134,5,rgb_pca,0,1
0.8312024,5,rgb_pca,0,1
0.8439027,5,rgb_pca,0,1
0.8310144,5,rgb_pca,0,1
0.8097152,5,rgb_pca,0,1
0.8420601,5,rgb_pca,0,1
0.83695585,5,rgb_pca,0,1
0.85413826,5,rgb_pca,0,1
0.85305613,5,rgb_pca,0,1
0.8391368,5,rgb_pca,0,1
0.83292323,5,rgb_pca,0,1
0.8168817,5,rgb_pca,0,1
0.8332145,5,rgb_pca,0,1
0.83816683,5,rgb_pca,0,1
0.8593313,5,rgb_pca,0,1
0.855895,5,rgb_pca,0,1
0.82870114,5,rgb_pca,0,1
0.85983855,5,rgb_pca,0,1
0.8143417,5,rgb_pca,0,1
0.830047,5,rgb_pca,0,1
0.8465459,5,rgb_pca,0,1
0.8390478,5,rgb_pca,0,1
0.829661,5,rgb_pca,0,1
0.8245897,5,rgb_pca,0,1
0.8178971,5,rgb_pca,0,1
0.8149358,5,rgb_pca,0,1
0.8208582,5,rgb_pca,0,1
0.84959495,5,rgb_pca,0,1
0.8476075,5,rgb_pca,0,1
0.8336906,5,rgb_pca,0,1
0.86467516,5,rgb_pca,0,1
0.80426383,5,rgb_pca,0,1
0.80450034,5,rgb_pca,0,1
0.82047355,5,rgb_pca,0,1
0.82955384,5,rgb_pca,0,1
0.82990086,5,rgb_pca,0,1
0.82283896,5,rgb_pca,0,1
0.8138875,5,rgb_pca,0,1
0.8170651,5,rgb_pca,0,1
0.83589065,5,rgb_pca,0,1
0.8334281,5,rgb_pca,0,1
0.83135647,5,rgb_pca,0,1
0.8720001,5,rgb_pca,0,1
0.81804895,5,rgb_pca,0,1
0.82462424,5,rgb_pca,0,1
0.84532815,5,rgb_pca,0,1
0.842185,5,rgb_pca,0,1
0.8376074,5,rgb_pca,0,1
0.8258004,5,rgb_pca,0,1
0.8147223,5,rgb_pca,0,1
0.84831804,5,rgb_pca,0,1
0.8410349,5,rgb_pca,0,1
0.84792054,5,rgb_pca,0,1
0.8787403,5,rgb_pca,0,1
0.8494139,5,rgb_pca,0,1
0.86807835,5,rgb_pca,0,1
0.8609433,5,rgb_pca,0,1
0.853408,5,rgb_pca,0,1
0.8575183,5,rgb_pca,0,1
0.86613643,5,rgb_pca,0,1
0.87019205,5,rgb_pca,0,1
0.8705287,5,rgb_pca,0,1
0.8655095,5,rgb_pca,0,1
0.8649472,5,rgb_pca,0,1
0.87854147,5,rgb_pca,0,1
0.8782786,5,rgb_pca,0,1
0.82052577,5,rgb_pca,0,1
0.7926446,5,rgb_pca,0,1
0.79527295,5,rgb_pca,0,1
0.7808567,5,rgb_pca,0,1
0.77350366,5,rgb_pca,0,1
0.765455,5,rgb_pca,0,1
0.7689367,5,rgb_pca,0,1
0.77120566,5,rgb_pca,0,1
0.7814647,5,rgb_pca,0,1
0.8239883,5,rgb_pca,0,1
0.82321966,5,rgb_pca,0,1
0.8160171,5,rgb_pca,0,1
0.8199123,5,rgb_pca,0,1
0.80727756,5,rgb_pca,0,1
0.7833301,5,rgb_pca,0,1
0.7769072,5,rgb_pca,0,1
0.77794194,5,rgb_pca,0,1
0.78953743,5,rgb_pca,0,1
0.8268415,5,rgb_pca,0,1
0.82774687,5,rgb_pca,0,1
0.8268683,5,rgb_pca,0,1
0.8057728,5,rgb_pca,0,1
0.7663509,5,rgb_pca,0,1
0.7530596,5,rgb_pca,0,1
0.7618458,5,rgb_pca,0,1
0.7939589,5,rgb_pca,0,1
0.8265691,5,rgb_pca,0,1
0.8266387,5,rgb_pca,0,1
0.8363819,5,rgb_pca,0,1
0.8159129,5,rgb_pca,0,1
0.7893258,5,rgb_pca,0,1
0.77730024,5,rgb_pca,0,1
0.7832667,5,rgb_pca,0,1
0.80427396,5,rgb_pca,0,1
0.7719728,5,rgb_pca,0,1
0.8213073,5,rgb_pca,0,1
0.83419013,5,rgb_pca,0,1
0.837142,5,rgb_pca,0,1
0.8133832,5,rgb_pca,0,1
0.79748046,5,rgb_pca,0,1
0.79294884,5,rgb_pca,0,1
0.78314215,5,rgb_pca,0,1
0.8004259,5,rgb_pca,0,1
0.8164522,5,rgb_pca,0,1
0.8139946,5,rgb_pca,0,1
0.8069587,5,rgb_pca,0,1
0.7985532,5,rgb_pca,0,1
0.8165524,5,rgb_pca,0,1
0.8316844,5,rgb_pca,0,1
0.83265364,5,rgb_pca,0,1
0.8373289,5,rgb_pca,0,1
0.81546783,5,rgb_pca,0,1
0.80046475,5,rgb_pca,0,1
0.7959734,5,rgb_pca,0,1
0.7868819,5,rgb_pca,0,1
0.80477554,5,rgb_pca,0,1
0.8401758,5,rgb_pca,0,1
0.82625455,5,rgb_pca,0,1
0.820253,5,rgb_pca,0,1
0.81949466,5,rgb_pca,0,1
0.82971185,5,rgb_pca,0,1
0.83703256,5,rgb_pca,0,1
0.82808757,5,rgb_pca,0,1
0.82433176,5,rgb_pca,0,1
0.8314732,5,rgb_pca,0,1
0.8493695,5,rgb_pca,0,1
0.8275149,5,rgb_pca,0,1
0.81032336,5,rgb_pca,0,1
0.80708194,5,rgb_pca,0,1
0.8025108,5,rgb_pca,0,1
0.80971825,5,rgb_pca,0,1
0.8472989,5,rgb_pca,0,1
0.831182,5,rgb_pca,0,1
0.82193136,5,rgb_pca,0,1
0.81825924,5,rgb_pca,0,1
0.81827223,5,rgb_pca,0,1
0.8128584,5,rgb_pca,0,1
0.7889572,5,rgb_pca,0,1
0.7791897,5,rgb_pca,0,1
0.7970631,5,rgb_pca,0,1
0.837636,5,rgb_pca,0,1
0.8262507,5,rgb_pca,0,1
0.805581,5,rgb_pca,0,1
0.8031198,5,rgb_pca,0,1
0.8179242,5,rgb_pca,0,1
0.8650735,5,rgb_pca,0,1
0.8574927,5,rgb_pca,0,1
0.84905916,5,rgb_pca,0,1
0.82579875,5,rgb_pca,0,1
0.8090358,5,rgb_pca,0,1
0.82026327,5,rgb_pca,0,1
0.82377106,5,rgb_pca,0,1
0.7664645,5,rgb_pca,0,1
0.7904007,5,rgb_pca,0,1
0.79858226,5,rgb_pca,0,1
0.82966554,5,rgb_pca,0,1
0.8098426,5,rgb_pca,0,1
0.77245784,5,rgb_pca,0,1
0.7827269,5,rgb_pca,0,1
0.86716557,5,rgb_pca,0,1
0.8405552,5,rgb_pca,0,1
0.8383066,5,rgb_pca,0,1
0.82599556,5,rgb_pca,0,1
0.81553173,5,rgb_pca,0,1
0.82278377,5,rgb_pca,0,1
0.8306869,5,rgb_pca,0,1
0.8066835,5,rgb_pca,0,1
0.7722617,5,rgb_pca,0,1
0.78665435,5,rgb_pca,0,1
0.822325,5,rgb_pca,0,1
0.80801105,5,rgb_pca,0,1
0.85017645,5,rgb_pca,0,1
0.8266996,5,rgb_pca,0,1
0.82295406,5,rgb_pca,0,1
0.8176677,5,rgb_pca,0,1
0.8102824,5,rgb_pca,0,1
0.79961354,5,rgb_pca,0,1
0.76546884,5,rgb_pca,0,1
0.84728944,5,rgb_pca,0,1
0.8311872,5,rgb_pca,0,1
0.83250874,5,rgb_pca,0,1
0.8404734,5,rgb_pca,0,1
0.82946575,5,rgb_pca,0,1
0.8264814,5,rgb_pca,0,1
0.850561,5,rgb_pca,0,1
0.8257349,5,rgb_pca,0,1
0.83939576,5,rgb_pca,0,1
0.838771,5,rgb_pca,0,1
0.8444175,5,rgb_pca,0,1
0.817204,5,rgb_pca,0,1
0.83109957,5,rgb_pca,0,1
0.8348674,5,rgb_pca,0,1
0.84214187,5,rgb_pca,0,1
0.79073405,5,rgb_pca,0,1
0.831067,5,rgb_pca,0,1
0.786368,5,rgb_pca,0,1
0.81678236,5,rgb_pca,0,1
0.8147477,5,rgb_pca,0,1
0.8398161,5,rgb_pca,0,1
0.82564306,5,rgb_pca,0,1
0.8465076,5,rgb_pca,0,1
0.8350736,5,rgb_pca,0,1
0.86999094,5,rgb_pca,0,1
0.85417676,5,rgb_pca,0,1
0.8330758,5,rgb_pca,0,1
0.8690448,5,rgb_pca,0,1
0.83413076,5,rgb_pca,0,1
0.83146334,5,rgb_pca,0,1
0.85172576,5,rgb_pca,0,1
0.8380592,5,rgb_pca,0,1
0.81473887,5,rgb_pca,0,1
0.82220745,5,rgb_pca,0,1
0.83174706,5,rgb_pca,0,1
0.82052374,5,rgb_pca,0,1
0.80633134,5,rgb_pca,0,1
0.8134669,5,rgb_pca,0,1
0.82105255,5,rgb_pca,0,1
0.8053609,5,rgb_pca,0,1
0.80339533,5,rgb_pca,0,1
0.8290539,5,rgb_pca,0,1
0.82924116,5,rgb_pca,0,1
0.8179214,5,rgb_pca,0,1
0.827,5,rgb_pca,0,1
0.8264665,5,rgb_pca,0,1
0.82715094,5,rgb_pca,0,1
0.8113518,5,rgb_pca,0,1
0.8244182,5,rgb_pca,0,1
0.66073,1,rgb_pca,0,1
0.7001811,1,rgb_pca,0,1
0.71133286,1,rgb_pca,0,1
0.7634371,1,rgb_pca,0,1
0.7030287,1,rgb_pca,0,1
0.69989896,1,rgb_pca,0,1
0.7392504,1,rgb_pca,0,1
0.76657945,1,rgb_pca,0,1
0.7356329,1,rgb_pca,0,1
0.6672724,1,rgb_pca,0,1
0.745883,1,rgb_pca,0,1
0.7035521,1,rgb_pca,0,1
0.68913853,1,rgb_pca,0,1
0.69240826,1,rgb_pca,0,1
0.70822966,1,rgb_pca,0,1
0.73764116,1,rgb_pca,0,1
0.66984713,1,rgb_pca,0,1
0.7555222,1,rgb_pca,0,1
0.70901513,1,rgb_pca,0,1
0.7226372,1,rgb_pca,0,1
0.732775,1,rgb_pca,0,1
0.7160865,1,rgb_pca,0,1
0.79630554,1,rgb_pca,0,1
0.76981866,1,rgb_pca,0,1
0.7735422,1,rgb_pca,0,1
0.7808682,1,rgb_pca,0,1
0.7576004,1,rgb_pca,0,1
0.81983185,1,rgb_pca,0,1
0.76904625,1,rgb_pca,0,1
0.7505802,1,rgb_pca,0,1
0.7664852,1,rgb_pca,0,1
0.76573336,1,rgb_pca,0,1
0.7721693,1,rgb_pca,0,1
0.76514727,1,rgb_pca,0,1
0.80133116,1,rgb_pca,0,1
0.78272176,1,rgb_pca,0,1
0.70524335,1,rgb_pca,0,1
0.76368123,1,rgb_pca,0,1
0.745126,1,rgb_pca,0,1
0.7220617,1,rgb_pca,0,1
0.7588044,1,rgb_pca,0,1
0.77912736,1,rgb_pca,0,1
0.7456646,1,rgb_pca,0,1
0.8060634,1,rgb_pca,0,1
0.8034002,1,rgb_pca,0,1
0.71904075,1,rgb_pca,0,1
0.7620948,1,rgb_pca,0,1
0.7341951,1,rgb_pca,0,1
0.76207745,1,rgb_pca,0,1
0.7754533,1,rgb_pca,0,1
0.7922511,1,rgb_pca,0,1
0.7644986,1,rgb_pca,0,1
0.80971456,1,rgb_pca,0,1
0.69836676,1,rgb_pca,0,1
0.6898184,1,rgb_pca,0,1
0.71358556,1,rgb_pca,0,1
0.7690828,1,rgb_pca,0,1
0.7914466,1,rgb_pca,0,1
0.7436812,1,rgb_pca,0,1
0.81137335,1,rgb_pca,0,1
0.7134224,1,rgb_pca,0,1
0.7212112,1,rgb_pca,0,1
0.68222874,1,rgb_pca,0,1
0.6906345,1,rgb_pca,0,1
0.77320784,1,rgb_pca,0,1
0.74876344,1,rgb_pca,0,1
0.78666383,1,rgb_pca,0,1
0.7646082,1,rgb_pca,0,1
0.72005653,1,rgb_pca,0,1
0.723974,1,rgb_pca,0,1
0.6674782,1,rgb_pca,0,1
0.67134833,1,rgb_pca,0,1
0.72671676,1,rgb_pca,0,1
0.7251992,1,rgb_pca,0,1
0.7619711,1,rgb_pca,0,1
0.7463201,1,rgb_pca,0,1
0.7861712,1,rgb_pca,0,1
0.7979973,1,rgb_pca,0,1
0.7927166,1,rgb_pca,0,1
0.7778122,1,rgb_pca,0,1
0.7651093,1,rgb_pca,0,1
0.72790766,1,rgb_pca,0,1
0.804803,1,rgb_pca,0,1
0.7250997,1,rgb_pca,0,1
0.755159,1,rgb_pca,0,1
0.76912045,1,rgb_pca,0,1
0.73470855,1,rgb_pca,0,1
0.7344604,1,rgb_pca,0,1
0.7271865,1,rgb_pca,0,1
0.7213266,1,rgb_pca,0,1
0.69187605,1,rgb_pca,0,1
0.6857163,1,rgb_pca,0,1
0.7383807,1,rgb_pca,0,1
0.6945069,1,rgb_pca,0,1
0.7393275,1,rgb_pca,0,1
0.6693198,1,rgb_pca,0,1
0.6505978,1,rgb_pca,0,1
0.59611964,1,rgb_pca,0,1
0.6188541,1,rgb_pca,0,1
0.73115295,1,rgb_pca,0,1
0.698403,1,rgb_pca,0,1
0.74335337,1,rgb_pca,0,1
0.5992485,1,rgb_pca,0,1
0.62995046,1,rgb_pca,0,1
0.7337909,1,rgb_pca,0,1
0.71475506,1,rgb_pca,0,1
0.7150222,1,rgb_pca,0,1
0.6557549,1,rgb_pca,0,1
0.6834404,1,rgb_pca,0,1
0.76427084,1,rgb_pca,0,1
0.72487164,1,rgb_pca,0,1
0.7239958,1,rgb_pca,0,1
0.6963868,1,rgb_pca,0,1
0.7053393,1,rgb_pca,0,1
0.7289355,1,rgb_pca,0,1
0.73447,1,rgb_pca,0,1
0.73658335,1,rgb_pca,0,1
0.70554614,1,rgb_pca,0,1
0.7487296,1,rgb_pca,0,1
0.75743854,1,rgb_pca,0,1
0.72336257,1,rgb_pca,0,1
0.66820264,1,rgb_pca,0,1
0.7427175,1,rgb_pca,0,1
0.72782964,1,rgb_pca,0,1
0.7348365,1,rgb_pca,0,1
0.74003595,1,rgb_pca,0,1
0.7045532,1,rgb_pca,0,1
0.77365285,1,rgb_pca,0,1
0.7706049,1,rgb_pca,0,1
0.73961926,1,rgb_pca,0,1
0.72089714,1,rgb_pca,0,1
0.76157343,1,rgb_pca,0,1
0.739036,1,rgb_pca,0,1
0.7457779,1,rgb_pca,0,1
0.74595857,1,rgb_pca,0,1
0.6936991,1,rgb_pca,0,1
0.7281264,1,rgb_pca,0,1
0.6747318,1,rgb_pca,0,1
0.69447714,1,rgb_pca,0,1
0.73369896,1,rgb_pca,0,1
0.76523834,1,rgb_pca,0,1
0.74316245,1,rgb_pca,0,1
0.6978377,1,rgb_pca,0,1
0.721514,1,rgb_pca,0,1
0.6168399,1,rgb_pca,0,1
0.68466413,1,rgb_pca,0,1
0.70219505,1,rgb_pca,0,1
0.6993921,1,rgb_pca,0,1
0.7182634,1,rgb_pca,0,1
0.6982671,1,rgb_pca,0,1
0.7432115,1,rgb_pca,0,1
0.67672384,1,rgb_pca,0,1
0.6308961,1,rgb_pca,0,1
0.6856923,1,rgb_pca,0,1
0.69247127,1,rgb_pca,0,1
0.6801183,1,rgb_pca,0,1
0.7254054,1,rgb_pca,0,1
0.7068428,1,rgb_pca,0,1
0.75580406,1,rgb_pca,0,1
0.70574147,1,rgb_pca,0,1
0.6568312,1,rgb_pca,0,1
0.72708774,1,rgb_pca,0,1
0.7597607,1,rgb_pca,0,1
0.75177914,1,rgb_pca,0,1
0.7502036,1,rgb_pca,0,1
0.702388,1,rgb_pca,0,1
0.7644734,1,rgb_pca,0,1
0.71065235,1,rgb_pca,0,1
0.72800875,1,rgb_pca,0,1
0.73849154,1,rgb_pca,0,1
0.7317158,1,rgb_pca,0,1
0.7379714,1,rgb_pca,0,1
0.75613165,1,rgb_pca,0,1
0.7107123,1,rgb_pca,0,1
0.7274232,1,rgb_pca,0,1
0.7284449,1,rgb_pca,0,1
0.72465044,1,rgb_pca,0,1
0.74037826,1,rgb_pca,0,1
0.66614556,1,rgb_pca,0,1
0.66756606,1,rgb_pca,0,1
0.67504966,1,rgb_pca,0,1
0.7160175,1,rgb_pca,0,1
0.7322347,1,rgb_pca,0,1
0.7361872,1,rgb_pca,0,1
0.75570637,1,rgb_pca,0,1
0.8004304,1,rgb_pca,0,1
0.66474724,1,rgb_pca,0,1
0.65071875,1,rgb_pca,0,1
0.6727315,1,rgb_pca,0,1
0.70361507,1,rgb_pca,0,1
0.7258035,1,rgb_pca,0,1
0.73125756,1,rgb_pca,0,1
0.737654,1,rgb_pca,0,1
0.78904516,1,rgb_pca,0,1
0.6982375,1,rgb_pca,0,1
0.68818665,1,rgb_pca,0,1
0.6766885,1,rgb_pca,0,1
0.6723064,1,rgb_pca,0,1
0.6915443,1,rgb_pca,0,1
0.7084733,1,rgb_pca,0,1
0.73439324,1,rgb_pca,0,1
0.74100083,1,rgb_pca,0,1
0.74651384,1,rgb_pca,0,1
0.78884315,1,rgb_pca,0,1
0.6876522,1,rgb_pca,0,1
0.66988593,1,rgb_pca,0,1
0.6854191,1,rgb_pca,0,1
0.68166244,1,rgb_pca,0,1
0.7227815,1,rgb_pca,0,1
0.714389,1,rgb_pca,0,1
0.75971,1,rgb_pca,0,1
0.7603718,1,rgb_pca,0,1
0.74540675,1,rgb_pca,0,1
0.7952039,1,rgb_pca,0,1
0.6797665,1,rgb_pca,0,1
0.69164145,1,rgb_pca,0,1
0.7211548,1,rgb_pca,0,1
0.7373554,1,rgb_pca,0,1
0.7652426,1,rgb_pca,0,1
0.7429117,1,rgb_pca,0,1
0.7563534,1,rgb_pca,0,1
0.79001033,1,rgb_pca,0,1
0.71797574,1,rgb_pca,0,1
0.74966997,1,rgb_pca,0,1
0.74579436,1,rgb_pca,0,1
0.7796705,1,rgb_pca,0,1
0.77007324,1,rgb_pca,0,1
0.76049393,1,rgb_pca,0,1
0.797319,1,rgb_pca,0,1
0.7275034,1,rgb_pca,0,1
0.7352402,1,rgb_pca,0,1
0.7369438,1,rgb_pca,0,1
0.7331604,1,rgb_pca,0,1
0.7233868,1,rgb_pca,0,1
0.75974536,1,rgb_pca,0,1
0.7392192,1,rgb_pca,0,1
0.75030404,1,rgb_pca,0,1
0.7247329,1,rgb_pca,0,1
0.7227849,1,rgb_pca,0,1
0.7707763,1,rgb_pca,0,1
0.7399988,1,rgb_pca,0,1
0.7287247,1,rgb_pca,0,1
0.75163555,1,rgb_pca,0,1
0.78810203,1,rgb_pca,0,1
0.7165064,1,rgb_pca,0,1
0.74885714,1,rgb_pca,0,1
0.7678307,1,rgb_pca,0,1
0.73954713,1,rgb_pca,0,1
0.76980686,1,rgb_pca,0,1
0.7229191,1,rgb_pca,0,1
0.74956787,1,rgb_pca,0,1
0.73372275,1,rgb_pca,0,1
0.7167495,1,rgb_pca,0,1
0.7441339,1,rgb_pca,0,1
0.7253792,1,rgb_pca,0,1
0.79563653,1,rgb_pca,0,1
0.7561412,1,rgb_pca,0,1
0.73677343,1,rgb_pca,0,1
0.71691644,1,rgb_pca,0,1
0.7594052,1,rgb_pca,0,1
0.67104435,1,rgb_pca,0,1
0.7124909,1,rgb_pca,0,1
0.7553226,1,rgb_pca,0,1
0.7603723,1,rgb_pca,0,1
0.7651824,1,rgb_pca,0,1
0.7322942,1,rgb_pca,0,1
0.73702323,1,rgb_pca,0,1
0.7459474,1,rgb_pca,0,1
0.7857287,1,rgb_pca,0,1
0.68138134,1,rgb_pca,0,1
0.67577267,1,rgb_pca,0,1
0.716885,1,rgb_pca,0,1
0.76655424,1,rgb_pca,0,1
0.7509781,1,rgb_pca,0,1
0.72800815,1,rgb_pca,0,1
0.7512711,1,rgb_pca,0,1
0.7253862,1,rgb_pca,0,1
0.7188626,1,rgb_pca,0,1
0.74759007,1,rgb_pca,0,1
0.7383699,1,rgb_pca,0,1
0.77798927,1,rgb_pca,0,1
0.7488742,1,rgb_pca,0,1
0.7190238,1,rgb_pca,0,1
0.72301793,1,rgb_pca,0,1
0.726313,1,rgb_pca,0,1
0.72373533,1,rgb_pca,0,1
0.7060244,1,rgb_pca,0,1
0.7160755,1,rgb_pca,0,1
0.72009134,1,rgb_pca,0,1
0.7106606,1,rgb_pca,0,1
0.71232337,1,rgb_pca,0,1
0.7273844,1,rgb_pca,0,1
0.7412727,1,rgb_pca,0,1
0.70188594,1,rgb_pca,0,1
0.70906883,1,rgb_pca,0,1
0.752319,1,rgb_pca,0,1
0.7434398,1,rgb_pca,0,1
0.7760788,1,rgb_pca,0,1
0.74142814,1,rgb_pca,0,1
0.7583175,1,rgb_pca,0,1
0.76601267,1,rgb_pca,0,1
0.7500716,1,rgb_pca,0,1
0.73095655,1,rgb_pca,0,1
0.7109722,1,rgb_pca,0,1
0.7153168,1,rgb_pca,0,1
0.69909704,1,rgb_pca,0,1
0.6873207,1,rgb_pca,0,1
0.7119757,1,rgb_pca,0,1
0.71476704,1,rgb_pca,0,1
0.7346328,1,rgb_pca,0,1
0.74907076,1,rgb_pca,0,1
0.76210475,1,rgb_pca,0,1
0.77486247,1,rgb_pca,0,1
0.7681308,1,rgb_pca,0,1
0.74924004,1,rgb_pca,0,1
0.7602841,1,rgb_pca,0,1
0.7605754,1,rgb_pca,0,1
0.78293884,1,rgb_pca,0,1
0.7615457,1,rgb_pca,0,1
0.7714559,1,rgb_pca,0,1
0.74894905,1,rgb_pca,0,1
0.7129246,1,rgb_pca,0,1
0.68053645,1,rgb_pca,0,1
0.63167197,1,rgb_pca,0,1
0.67490184,1,rgb_pca,0,1
0.72942424,1,rgb_pca,0,1
0.72825074,1,rgb_pca,0,1
0.7429527,1,rgb_pca,0,1
0.76620924,1,rgb_pca,0,1
0.7709538,1,rgb_pca,0,1
0.7825786,1,rgb_pca,0,1
0.79171884,1,rgb_pca,0,1
0.7734337,1,rgb_pca,0,1
0.77342373,1,rgb_pca,0,1
0.7627322,1,rgb_pca,0,1
0.7852772,1,rgb_pca,0,1
0.7674861,1,rgb_pca,0,1
0.75108653,1,rgb_pca,0,1
0.73284006,1,rgb_pca,0,1
0.7241396,1,rgb_pca,0,1
0.7196528,1,rgb_pca,0,1
0.6638453,1,rgb_pca,0,1
0.6615348,1,rgb_pca,0,1
0.7413252,1,rgb_pca,0,1
0.72902393,1,rgb_pca,0,1
0.72026825,1,rgb_pca,0,1
0.7402966,1,rgb_pca,0,1
0.75368935,1,rgb_pca,0,1
0.796073,1,rgb_pca,0,1
0.78341496,1,rgb_pca,0,1
0.7881949,1,rgb_pca,0,1
0.760075,1,rgb_pca,0,1
0.77429414,1,rgb_pca,0,1
0.7605554,1,rgb_pca,0,1
0.75850993,1,rgb_pca,0,1
0.7436588,1,rgb_pca,0,1
0.75710464,1,rgb_pca,0,1
0.75191194,1,rgb_pca,0,1
0.68089974,1,rgb_pca,0,1
0.7591878,1,rgb_pca,0,1
0.7889921,1,rgb_pca,0,1
0.776644,1,rgb_pca,0,1
0.77979183,1,rgb_pca,0,1
0.7438046,1,rgb_pca,0,1
0.7633589,1,rgb_pca,0,1
0.7612604,1,rgb_pca,0,1
0.75398207,1,rgb_pca,0,1
0.75474685,1,rgb_pca,0,1
0.74802065,1,rgb_pca,0,1
0.7471943,1,rgb_pca,0,1
0.7063086,1,rgb_pca,0,1
0.77904755,1,rgb_pca,0,1
0.7680863,1,rgb_pca,0,1
0.7836561,1,rgb_pca,0,1
0.7619666,1,rgb_pca,0,1
0.7781327,1,rgb_pca,0,1
0.774706,1,rgb_pca,0,1
0.7805391,1,rgb_pca,0,1
0.76272106,1,rgb_pca,0,1
0.75084126,1,rgb_pca,0,1
0.74460775,1,rgb_pca,0,1
0.7191493,1,rgb_pca,0,1
0.7211122,1,rgb_pca,0,1
0.73196137,1,rgb_pca,0,1
0.7583826,1,rgb_pca,0,1
0.76293486,1,rgb_pca,0,1
0.73160625,1,rgb_pca,0,1
0.75353456,1,rgb_pca,0,1
0.744525,1,rgb_pca,0,1
0.7664938,1,rgb_pca,0,1
0.7404914,1,rgb_pca,0,1
0.7470696,1,rgb_pca,0,1
0.75094587,1,rgb_pca,0,1
0.72435063,1,rgb_pca,0,1
0.7292584,1,rgb_pca,0,1
0.6944382,1,rgb_pca,0,1
0.71973497,1,rgb_pca,0,1
0.69835615,1,rgb_pca,0,1
0.7671165,1,rgb_pca,0,1
0.7433219,1,rgb_pca,0,1
0.75003517,1,rgb_pca,0,1
0.7348853,1,rgb_pca,0,1
0.75421375,1,rgb_pca,0,1
0.76031685,1,rgb_pca,0,1
0.73590547,1,rgb_pca,0,1
0.7361673,1,rgb_pca,0,1
0.69842756,1,rgb_pca,0,1
0.63960826,1,rgb_pca,0,1
0.7428351,1,rgb_pca,0,1
0.73269945,1,rgb_pca,0,1
0.7415877,1,rgb_pca,0,1
0.7515825,1,rgb_pca,0,1
0.77167094,1,rgb_pca,0,1
0.7684981,1,rgb_pca,0,1
0.72570276,1,rgb_pca,0,1
0.7267276,1,rgb_pca,0,1
0.6936617,1,rgb_pca,0,1
0.7336428,1,rgb_pca,0,1
0.7072661,1,rgb_pca,0,1
0.72552323,1,rgb_pca,0,1
0.6937738,1,rgb_pca,0,1
0.7338391,1,rgb_pca,0,1
0.74088645,1,rgb_pca,0,1
0.7057548,1,rgb_pca,0,1
0.74768484,1,rgb_pca,0,1
0.7376915,1,rgb_pca,0,1
0.7523378,1,rgb_pca,0,1
0.7781665,1,rgb_pca,0,1
0.77269566,1,rgb_pca,0,1
0.7550187,1,rgb_pca,0,1
0.7569622,1,rgb_pca,0,1
0.80036014,1,rgb_pca,0,1
0.7836348,1,rgb_pca,0,1
0.7861754,1,rgb_pca,0,1
0.77065516,1,rgb_pca,0,1
0.7813021,1,rgb_pca,0,1
0.72714907,1,rgb_pca,0,1
0.72121054,1,rgb_pca,0,1
0.76283544,1,rgb_pca,0,1
0.7491018,1,rgb_pca,0,1
0.73849356,1,rgb_pca,0,1
0.753577,1,rgb_pca,0,1
0.75458795,1,rgb_pca,0,1
0.78475446,1,rgb_pca,0,1
0.7636364,1,rgb_pca,0,1
0.74702865,1,rgb_pca,0,1
0.7375223,1,rgb_pca,0,1
0.7477306,1,rgb_pca,0,1
0.7370232,1,rgb_pca,0,1
0.72600925,1,rgb_pca,0,1
0.74333525,1,rgb_pca,0,1
0.7511353,1,rgb_pca,0,1
0.7877261,1,rgb_pca,0,1
0.7716971,1,rgb_pca,0,1
0.77258337,1,rgb_pca,0,1
0.74705315,1,rgb_pca,0,1
0.7464179,1,rgb_pca,0,1
0.75980866,1,rgb_pca,0,1
0.74937236,1,rgb_pca,0,1
0.7393576,1,rgb_pca,0,1
0.75718796,1,rgb_pca,0,1
0.76867807,1,rgb_pca,0,1
0.7636861,1,rgb_pca,0,1
0.7509114,1,rgb_pca,0,1
0.7508825,1,rgb_pca,0,1
0.7658807,1,rgb_pca,0,1
0.7554949,1,rgb_pca,0,1
0.73956543,1,rgb_pca,0,1
0.74373686,1,rgb_pca,0,1
0.7456856,1,rgb_pca,0,1
0.7817114,1,rgb_pca,0,1
0.78760016,1,rgb_pca,0,1
0.7726287,1,rgb_pca,0,1
0.7583946,1,rgb_pca,0,1
0.7509641,1,rgb_pca,0,1
0.72333264,1,rgb_pca,0,1
0.7910278,1,rgb_pca,0,1
0.7622601,1,rgb_pca,0,1
0.76054,1,rgb_pca,0,1
0.7622175,1,rgb_pca,0,1
0.73105675,1,rgb_pca,0,1
0.7991842,1,rgb_pca,0,1
0.77671146,1,rgb_pca,0,1
0.7651342,1,rgb_pca,0,1
0.7943135,1,rgb_pca,0,1
0.7540904,1,rgb_pca,0,1
0.7326369,1,rgb_pca,0,1
0.6738569,1,rgb_pca,0,1
0.7872117,1,rgb_pca,0,1
0.75856495,1,rgb_pca,0,1
0.7483073,1,rgb_pca,0,1
0.7760438,1,rgb_pca,0,1
0.7400391,1,rgb_pca,0,1
0.7389927,1,rgb_pca,0,1
0.6827344,1,rgb_pca,0,1
0.78382504,1,rgb_pca,0,1
0.76642275,1,rgb_pca,0,1
0.7332784,1,rgb_pca,0,1
0.74149084,1,rgb_pca,0,1
0.7328664,1,rgb_pca,0,1
0.73603445,1,rgb_pca,0,1
0.7040042,1,rgb_pca,0,1
0.7931067,1,rgb_pca,0,1
0.78368866,1,rgb_pca,0,1
0.7696732,1,rgb_pca,0,1
0.76706636,1,rgb_pca,0,1
0.7497548,1,rgb_pca,0,1
0.74894416,1,rgb_pca,0,1
0.7299701,1,rgb_pca,0,1
0.78275335,1,rgb_pca,0,1
0.5739784,4,rgb_pca,0,1
0.5965961,4,rgb_pca,0,1
0.60040087,4,rgb_pca,0,1
0.54900056,4,rgb_pca,0,1
0.56284213,4,rgb_pca,0,1
0.59737754,4,rgb_pca,0,1
0.6113204,4,rgb_pca,0,1
0.62968475,4,rgb_pca,0,1
0.585749,4,rgb_pca,0,1
0.54951084,4,rgb_pca,0,1
0.58346885,4,rgb_pca,0,1
0.5869602,4,rgb_pca,0,1
0.5729438,4,rgb_pca,0,1
0.5529199,4,rgb_pca,0,1
0.60235035,4,rgb_pca,0,1
0.5777583,4,rgb_pca,0,1
0.5933109,4,rgb_pca,0,1
0.59235275,4,rgb_pca,0,1
0.56606185,4,rgb_pca,0,1
0.55165654,4,rgb_pca,0,1
0.59072185,4,rgb_pca,0,1
0.57109314,4,rgb_pca,0,1
0.61795366,4,rgb_pca,0,1
0.61522967,4,rgb_pca,0,1
0.5760735,4,rgb_pca,0,1
0.5591778,4,rgb_pca,0,1
0.5489285,4,rgb_pca,0,1
0.5228269,4,rgb_pca,0,1
0.5752088,4,rgb_pca,0,1
0.59676576,4,rgb_pca,0,1
0.5751513,4,rgb_pca,0,1
0.61700284,4,rgb_pca,0,1
0.6065124,4,rgb_pca,0,1
0.57592225,4,rgb_pca,0,1
0.5763189,4,rgb_pca,0,1
0.5747567,4,rgb_pca,0,1
0.54745907,4,rgb_pca,0,1
0.59179276,4,rgb_pca,0,1
0.5754209,4,rgb_pca,0,1
0.59256995,4,rgb_pca,0,1
0.5534822,4,rgb_pca,0,1
0.5573422,4,rgb_pca,0,1
0.5285813,4,rgb_pca,0,1
0.48237544,4,rgb_pca,0,1
0.5305577,4,rgb_pca,0,1
0.5258293,4,rgb_pca,0,1
0.58262825,4,rgb_pca,0,1
0.5852976,4,rgb_pca,0,1
0.57078505,4,rgb_pca,0,1
0.5584668,4,rgb_pca,0,1
0.5633184,4,rgb_pca,0,1
0.5398531,4,rgb_pca,0,1
0.49754506,4,rgb_pca,0,1
0.51941085,4,rgb_pca,0,1
0.5139114,4,rgb_pca,0,1
0.57541776,4,rgb_pca,0,1
0.5493858,4,rgb_pca,0,1
0.52367663,4,rgb_pca,0,1
0.6172664,4,rgb_pca,0,1
0.6064583,4,rgb_pca,0,1
0.5311858,4,rgb_pca,0,1
0.52132773,4,rgb_pca,0,1
0.5285662,4,rgb_pca,0,1
0.54487646,4,rgb_pca,0,1
0.56135285,4,rgb_pca,0,1
0.5960075,4,rgb_pca,0,1
0.573967,4,rgb_pca,0,1
0.5778476,4,rgb_pca,0,1
0.5853028,4,rgb_pca,0,1
0.5355047,4,rgb_pca,0,1
0.5356264,4,rgb_pca,0,1
0.54174805,4,rgb_pca,0,1
0.59685636,4,rgb_pca,0,1
0.5649839,4,rgb_pca,0,1
0.5386809,4,rgb_pca,0,1
0.5068053,4,rgb_pca,0,1
0.6193879,4,rgb_pca,0,1
0.64971876,4,rgb_pca,0,1
0.60058486,4,rgb_pca,0,1
0.6101099,4,rgb_pca,0,1
0.5874673,4,rgb_pca,0,1
0.5939533,4,rgb_pca,0,1
0.6314863,4,rgb_pca,0,1
0.66350377,4,rgb_pca,0,1
0.6320065,4,rgb_pca,0,1
0.63551223,4,rgb_pca,0,1
0.61651355,4,rgb_pca,0,1
0.63477486,4,rgb_pca,0,1
0.60856974,4,rgb_pca,0,1
0.64252424,4,rgb_pca,0,1
0.6366918,4,rgb_pca,0,1
0.6332397,4,rgb_pca,0,1
0.63629293,4,rgb_pca,0,1
0.6758187,4,rgb_pca,0,1
0.63660717,4,rgb_pca,0,1
0.6345501,4,rgb_pca,0,1
0.6024403,4,rgb_pca,0,1
0.61030084,4,rgb_pca,0,1
0.6228887,4,rgb_pca,0,1
0.6183435,4,rgb_pca,0,1
0.5990087,4,rgb_pca,0,1
0.63587034,4,rgb_pca,0,1
0.682604,4,rgb_pca,0,1
0.62887394,4,rgb_pca,0,1
0.61479485,4,rgb_pca,0,1
0.6113089,4,rgb_pca,0,1
0.6442249,4,rgb_pca,0,1
0.6424704,4,rgb_pca,0,1
0.6083348,4,rgb_pca,0,1
0.56820333,4,rgb_pca,0,1
0.63769615,4,rgb_pca,0,1
0.6888819,4,rgb_pca,0,1
0.6579711,4,rgb_pca,0,1
0.61503994,4,rgb_pca,0,1
0.65443623,4,rgb_pca,0,1
0.71155244,4,rgb_pca,0,1
0.67544067,4,rgb_pca,0,1
0.6234628,4,rgb_pca,0,1
0.6122186,4,rgb_pca,0,1
0.6666381,4,rgb_pca,0,1
0.6865349,4,rgb_pca,0,1
0.63075346,4,rgb_pca,0,1
0.6212687,4,rgb_pca,0,1
0.65372705,4,rgb_pca,0,1
0.7012656,4,rgb_pca,0,1
0.65988183,4,rgb_pca,0,1
0.6178708,4,rgb_pca,0,1
0.6177723,4,rgb_pca,0,1
0.67717534,4,rgb_pca,0,1
0.6936746,4,rgb_pca,0,1
0.635717,4,rgb_pca,0,1
0.6269311,4,rgb_pca,0,1
0.62350005,4,rgb_pca,0,1
0.63606495,4,rgb_pca,0,1
0.64972067,4,rgb_pca,0,1
0.6287116,4,rgb_pca,0,1
0.57892346,4,rgb_pca,0,1
0.62288827,4,rgb_pca,0,1
0.6659516,4,rgb_pca,0,1
0.6180301,4,rgb_pca,0,1
0.5917721,4,rgb_pca,0,1
0.6129756,4,rgb_pca,0,1
0.6319033,4,rgb_pca,0,1
0.6632411,4,rgb_pca,0,1
0.64985716,4,rgb_pca,0,1
0.57699656,4,rgb_pca,0,1
0.6195357,4,rgb_pca,0,1
0.63508385,4,rgb_pca,0,1
0.56189245,4,rgb_pca,0,1
0.55470574,4,rgb_pca,0,1
0.5334442,4,rgb_pca,0,1
0.5711496,4,rgb_pca,0,1
0.72497725,1,rgb_pca,0,1
0.7097615,1,rgb_pca,0,1
0.72838485,1,rgb_pca,0,1
0.752015,1,rgb_pca,0,1
0.72692055,1,rgb_pca,0,1
0.70732296,1,rgb_pca,0,1
0.70560193,1,rgb_pca,0,1
0.71772665,1,rgb_pca,0,1
0.7424922,1,rgb_pca,0,1
0.69488263,1,rgb_pca,0,1
0.6922407,1,rgb_pca,0,1
0.69834054,1,rgb_pca,0,1
0.7094342,1,rgb_pca,0,1
0.6961236,1,rgb_pca,0,1
0.68951905,1,rgb_pca,0,1
0.7027415,1,rgb_pca,0,1
0.6691346,1,rgb_pca,0,1
0.7143801,1,rgb_pca,0,1
0.6913012,1,rgb_pca,0,1
0.73133504,1,rgb_pca,0,1
0.7617353,1,rgb_pca,0,1
0.70397204,1,rgb_pca,0,1
0.69143796,1,rgb_pca,0,1
0.6945753,1,rgb_pca,0,1
0.66858476,1,rgb_pca,0,1
0.7180759,1,rgb_pca,0,1
0.6453276,1,rgb_pca,0,1
0.6646924,1,rgb_pca,0,1
0.7099058,1,rgb_pca,0,1
0.7098578,1,rgb_pca,0,1
0.752002,1,rgb_pca,0,1
0.7119875,1,rgb_pca,0,1
0.7226959,1,rgb_pca,0,1
0.71791196,1,rgb_pca,0,1
0.71179265,1,rgb_pca,0,1
0.76087904,1,rgb_pca,0,1
0.68931603,1,rgb_pca,0,1
0.6702912,1,rgb_pca,0,1
0.7370353,1,rgb_pca,0,1
0.72618675,1,rgb_pca,0,1
0.7253089,1,rgb_pca,0,1
0.73844826,1,rgb_pca,0,1
0.76339364,1,rgb_pca,0,1
0.77279264,1,rgb_pca,0,1
0.78417003,1,rgb_pca,0,1
0.80641747,1,rgb_pca,0,1
0.7394277,1,rgb_pca,0,1
0.7268256,1,rgb_pca,0,1
0.7510301,1,rgb_pca,0,1
0.7730132,1,rgb_pca,0,1
0.77664876,1,rgb_pca,0,1
0.78047234,1,rgb_pca,0,1
0.7831053,1,rgb_pca,0,1
0.8144803,1,rgb_pca,0,1
0.7465679,1,rgb_pca,0,1
0.7746996,1,rgb_pca,0,1
0.78054845,1,rgb_pca,0,1
0.7672359,1,rgb_pca,0,1
0.75206745,1,rgb_pca,0,1
0.76412,1,rgb_pca,0,1
0.8033223,1,rgb_pca,0,1
0.75576246,1,rgb_pca,0,1
0.7591046,1,rgb_pca,0,1
0.7891898,1,rgb_pca,0,1
0.7694894,1,rgb_pca,0,1
0.7458664,1,rgb_pca,0,1
0.7831714,1,rgb_pca,0,1
0.7793788,1,rgb_pca,0,1
0.79862297,1,rgb_pca,0,1
0.7941183,1,rgb_pca,0,1
0.75895685,1,rgb_pca,0,1
0.7882159,1,rgb_pca,0,1
0.75490415,1,rgb_pca,0,1
0.7404191,1,rgb_pca,0,1
0.7599793,1,rgb_pca,0,1
0.7801535,1,rgb_pca,0,1
0.7338507,1,rgb_pca,0,1
0.75632405,1,rgb_pca,0,1
0.77612174,1,rgb_pca,0,1
0.76980877,1,rgb_pca,0,1
0.79238987,1,rgb_pca,0,1
0.602998,1,rgb_pca,0,1
0.6742071,1,rgb_pca,0,1
0.6876692,1,rgb_pca,0,1
0.595381,1,rgb_pca,0,1
0.66142017,1,rgb_pca,0,1
0.69223374,1,rgb_pca,0,1
0.6960056,1,rgb_pca,0,1
0.70242923,1,rgb_pca,0,1
0.66955817,1,rgb_pca,0,1
0.679077,1,rgb_pca,0,1
0.6861542,1,rgb_pca,0,1
0.6524622,1,rgb_pca,0,1
0.6504067,1,rgb_pca,0,1
0.73109406,1,rgb_pca,0,1
0.70216286,1,rgb_pca,0,1
0.695559,1,rgb_pca,0,1
0.68765754,1,rgb_pca,0,1
0.68381083,1,rgb_pca,0,1
0.697877,1,rgb_pca,0,1
0.701113,1,rgb_pca,0,1
0.6846427,1,rgb_pca,0,1
0.70388335,1,rgb_pca,0,1
0.70007336,1,rgb_pca,0,1
0.7501061,1,rgb_pca,0,1
0.7307136,1,rgb_pca,0,1
0.72591555,1,rgb_pca,0,1
0.7079035,1,rgb_pca,0,1
0.743274,1,rgb_pca,0,1
0.77218306,1,rgb_pca,0,1
0.76783013,1,rgb_pca,0,1
0.76730186,1,rgb_pca,0,1
0.7413566,1,rgb_pca,0,1
0.69129187,1,rgb_pca,0,1
0.61887157,1,rgb_pca,0,1
0.6291821,1,rgb_pca,0,1
0.70648,1,rgb_pca,0,1
0.73346037,1,rgb_pca,0,1
0.6936001,1,rgb_pca,0,1
0.68653756,1,rgb_pca,0,1
0.7165752,1,rgb_pca,0,1
0.69854295,1,rgb_pca,0,1
0.72192204,1,rgb_pca,0,1
0.7385758,1,rgb_pca,0,1
0.72686535,1,rgb_pca,0,1
0.77103555,1,rgb_pca,0,1
0.8038384,1,rgb_pca,0,1
0.7611271,1,rgb_pca,0,1
0.75259936,1,rgb_pca,0,1
0.7556641,1,rgb_pca,0,1
0.7117915,1,rgb_pca,0,1
0.65027964,1,rgb_pca,0,1
0.6492333,1,rgb_pca,0,1
0.7057719,1,rgb_pca,0,1
0.699389,1,rgb_pca,0,1
0.6767758,1,rgb_pca,0,1
0.68388367,1,rgb_pca,0,1
0.7262268,1,rgb_pca,0,1
0.7019497,1,rgb_pca,0,1
0.7046601,1,rgb_pca,0,1
0.72425973,1,rgb_pca,0,1
0.72612464,1,rgb_pca,0,1
0.76663023,1,rgb_pca,0,1
0.744679,1,rgb_pca,0,1
0.7326833,1,rgb_pca,0,1
0.73101556,1,rgb_pca,0,1
0.73931575,1,rgb_pca,0,1
0.7280074,1,rgb_pca,0,1
0.73416245,1,rgb_pca,0,1
0.7448197,1,rgb_pca,0,1
0.71635616,1,rgb_pca,0,1
0.7087009,1,rgb_pca,0,1
0.6951415,1,rgb_pca,0,1
0.6992286,1,rgb_pca,0,1
0.69852555,1,rgb_pca,0,1
0.73118603,1,rgb_pca,0,1
0.78463906,1,rgb_pca,0,1
0.7859036,1,rgb_pca,0,1
0.74057865,1,rgb_pca,0,1
0.69266236,1,rgb_pca,0,1
0.7157472,1,rgb_pca,0,1
0.72170705,1,rgb_pca,0,1
0.7337876,1,rgb_pca,0,1
0.7166188,1,rgb_pca,0,1
0.7304131,1,rgb_pca,0,1
0.75459045,1,rgb_pca,0,1
0.7498573,1,rgb_pca,0,1
0.75998974,1,rgb_pca,0,1
0.7457967,1,rgb_pca,0,1
0.7351353,1,rgb_pca,0,1
0.71939003,1,rgb_pca,0,1
0.7037597,1,rgb_pca,0,1
0.71120906,1,rgb_pca,0,1
0.74673885,1,rgb_pca,0,1
0.76584494,1,rgb_pca,0,1
0.7630336,1,rgb_pca,0,1
0.7207216,1,rgb_pca,0,1
0.6822177,1,rgb_pca,0,1
0.72455555,1,rgb_pca,0,1
0.7346669,1,rgb_pca,0,1
0.70674205,1,rgb_pca,0,1
0.72782534,1,rgb_pca,0,1
0.7522817,1,rgb_pca,0,1
0.7756937,1,rgb_pca,0,1
0.7889428,1,rgb_pca,0,1
0.74277616,1,rgb_pca,0,1
0.7247517,1,rgb_pca,0,1
0.7024552,1,rgb_pca,0,1
0.70134056,1,rgb_pca,0,1
0.7252413,1,rgb_pca,0,1
0.7229247,1,rgb_pca,0,1
0.7202268,1,rgb_pca,0,1
0.6832936,1,rgb_pca,0,1
0.70109284,1,rgb_pca,0,1
0.73586136,1,rgb_pca,0,1
0.76076907,1,rgb_pca,0,1
0.776864,1,rgb_pca,0,1
0.7529055,1,rgb_pca,0,1
0.7472888,1,rgb_pca,0,1
0.74214864,1,rgb_pca,0,1
0.74525225,1,rgb_pca,0,1
0.7418655,1,rgb_pca,0,1
0.7264352,1,rgb_pca,0,1
0.6704304,1,rgb_pca,0,1
0.693658,1,rgb_pca,0,1
0.7265041,1,rgb_pca,0,1
0.7488527,1,rgb_pca,0,1
0.7655679,1,rgb_pca,0,1
0.7645576,1,rgb_pca,0,1
0.7416809,1,rgb_pca,0,1
0.73566914,1,rgb_pca,0,1
0.7414438,1,rgb_pca,0,1
0.7274673,1,rgb_pca,0,1
0.724834,1,rgb_pca,0,1
0.6940541,1,rgb_pca,0,1
0.7091408,1,rgb_pca,0,1
0.7416105,1,rgb_pca,0,1
0.76463675,1,rgb_pca,0,1
0.766909,1,rgb_pca,0,1
0.75737053,1,rgb_pca,0,1
0.7618407,1,rgb_pca,0,1
0.7353382,1,rgb_pca,0,1
0.7239171,1,rgb_pca,0,1
0.7218509,1,rgb_pca,0,1
0.7077944,1,rgb_pca,0,1
0.7060833,1,rgb_pca,0,1
0.6894915,1,rgb_pca,0,1
0.72180295,1,rgb_pca,0,1
0.70972097,1,rgb_pca,0,1
0.73386127,1,rgb_pca,0,1
0.7419841,1,rgb_pca,0,1
0.7567351,1,rgb_pca,0,1
0.7406443,1,rgb_pca,0,1
0.7489039,1,rgb_pca,0,1
0.7672776,1,rgb_pca,0,1
0.7635208,1,rgb_pca,0,1
0.773526,1,rgb_pca,0,1
0.7578499,1,rgb_pca,0,1
0.7806098,1,rgb_pca,0,1
0.6776092,1,rgb_pca,0,1
0.72596306,1,rgb_pca,0,1
0.71879673,1,rgb_pca,0,1
0.7023357,1,rgb_pca,0,1
0.7207648,1,rgb_pca,0,1
0.75617534,1,rgb_pca,0,1
0.76899,1,rgb_pca,0,1
0.79043233,1,rgb_pca,0,1
0.7866094,1,rgb_pca,0,1
0.7708776,1,rgb_pca,0,1
0.7149123,1,rgb_pca,0,1
0.7252948,1,rgb_pca,0,1
0.7147496,1,rgb_pca,0,1
0.67269355,1,rgb_pca,0,1
0.7523149,1,rgb_pca,0,1
0.7755459,1,rgb_pca,0,1
0.6951109,1,rgb_pca,0,1
0.7688172,1,rgb_pca,0,1
0.7701194,1,rgb_pca,0,1
0.7210028,1,rgb_pca,0,1
0.73846024,1,rgb_pca,0,1
0.7516314,1,rgb_pca,0,1
0.7448648,1,rgb_pca,0,1
0.66332054,1,rgb_pca,0,1
0.7196586,1,rgb_pca,0,1
0.7494349,1,rgb_pca,0,1
0.7467421,1,rgb_pca,0,1
0.7328302,1,rgb_pca,0,1
0.7741953,1,rgb_pca,0,1
0.70618457,1,rgb_pca,0,1
0.66084725,1,rgb_pca,0,1
0.67813873,1,rgb_pca,0,1
0.73795456,1,rgb_pca,0,1
0.75904536,1,rgb_pca,0,1
0.733508,1,rgb_pca,0,1
0.7207905,1,rgb_pca,0,1
0.7302773,1,rgb_pca,0,1
0.77520365,1,rgb_pca,0,1
0.7328377,1,rgb_pca,0,1
0.71366787,1,rgb_pca,0,1
0.7122583,1,rgb_pca,0,1
0.75678384,1,rgb_pca,0,1
0.7870541,1,rgb_pca,0,1
0.7793353,1,rgb_pca,0,1
0.75831664,1,rgb_pca,0,1
0.73635566,1,rgb_pca,0,1
0.72852933,1,rgb_pca,0,1
0.80129117,1,rgb_pca,0,1
0.75235236,1,rgb_pca,0,1
0.72865736,1,rgb_pca,0,1
0.71614504,1,rgb_pca,0,1
0.72576326,1,rgb_pca,0,1
0.7725991,1,rgb_pca,0,1
0.7931872,1,rgb_pca,0,1
0.76268315,1,rgb_pca,0,1
0.7942103,1,rgb_pca,0,1
0.7795633,1,rgb_pca,0,1
0.74988115,1,rgb_pca,0,1
0.7336462,1,rgb_pca,0,1
0.73444414,1,rgb_pca,0,1
0.7622548,1,rgb_pca,0,1
0.77432925,1,rgb_pca,0,1
0.74744225,1,rgb_pca,0,1
0.7563568,1,rgb_pca,0,1
0.79098123,1,rgb_pca,0,1
0.7523037,1,rgb_pca,0,1
0.74941117,1,rgb_pca,0,1
0.746909,1,rgb_pca,0,1
0.74338037,1,rgb_pca,0,1
0.80922776,1,rgb_pca,0,1
0.7719807,1,rgb_pca,0,1
0.7638054,1,rgb_pca,0,1
0.8083569,1,rgb_pca,0,1
0.7785995,1,rgb_pca,0,1
0.79327106,1,rgb_pca,0,1
0.76592296,1,rgb_pca,0,1
0.76670456,1,rgb_pca,0,1
0.80639184,1,rgb_pca,0,1
0.79215074,1,rgb_pca,0,1
0.77293754,1,rgb_pca,0,1
0.72631174,1,rgb_pca,0,1
0.78211594,1,rgb_pca,0,1
0.76792324,1,rgb_pca,0,1
0.76491207,1,rgb_pca,0,1
0.76491344,1,rgb_pca,0,1
0.76255924,1,rgb_pca,0,1
0.77432007,1,rgb_pca,0,1
0.76158166,1,rgb_pca,0,1
0.7657835,1,rgb_pca,0,1
0.7612735,1,rgb_pca,0,1
0.76172006,1,rgb_pca,0,1
0.7665046,1,rgb_pca,0,1
0.7625638,1,rgb_pca,0,1
0.7801322,1,rgb_pca,0,1
0.7672621,1,rgb_pca,0,1
0.78240275,1,rgb_pca,0,1
0.75650215,1,rgb_pca,0,1
0.7670049,1,rgb_pca,0,1
0.76763994,1,rgb_pca,0,1
0.7603737,1,rgb_pca,0,1
0.77581155,1,rgb_pca,0,1
0.7529942,1,rgb_pca,0,1
0.7846686,1,rgb_pca,0,1
0.4552367,4,rgb_pca,0,1
0.5252532,4,rgb_pca,0,1
0.5410539,4,rgb_pca,0,1
0.48948804,4,rgb_pca,0,1
0.44046402,4,rgb_pca,0,1
0.47106975,4,rgb_pca,0,1
0.47144902,4,rgb_pca,0,1
0.55068773,4,rgb_pca,0,1
0.5348024,4,rgb_pca,0,1
0.47799718,4,rgb_pca,0,1
0.45235854,4,rgb_pca,0,1
0.48353222,4,rgb_pca,0,1
0.50332797,4,rgb_pca,0,1
0.546845,4,rgb_pca,0,1
0.51018906,4,rgb_pca,0,1
0.45857716,4,rgb_pca,0,1
0.42363617,4,rgb_pca,0,1
0.43697947,4,rgb_pca,0,1
0.45269752,4,rgb_pca,0,1
0.52288175,4,rgb_pca,0,1
0.4746465,4,rgb_pca,0,1
0.41708162,4,rgb_pca,0,1
0.4240716,4,rgb_pca,0,1
0.44055155,4,rgb_pca,0,1
0.45167232,4,rgb_pca,0,1
0.52283347,4,rgb_pca,0,1
0.52610326,4,rgb_pca,0,1
0.54816854,4,rgb_pca,0,1
0.6477927,4,rgb_pca,0,1
0.47700173,4,rgb_pca,0,1
0.4405135,4,rgb_pca,0,1
0.4402911,4,rgb_pca,0,1
0.49897063,4,rgb_pca,0,1
0.5137201,4,rgb_pca,0,1
0.5254078,4,rgb_pca,0,1
0.5039775,4,rgb_pca,0,1
0.55181587,4,rgb_pca,0,1
0.64982986,4,rgb_pca,0,1
0.52242553,4,rgb_pca,0,1
0.48723114,4,rgb_pca,0,1
0.38333255,4,rgb_pca,0,1
0.39135653,4,rgb_pca,0,1
0.4723875,4,rgb_pca,0,1
0.51982903,4,rgb_pca,0,1
0.5116563,4,rgb_pca,0,1
0.5410211,4,rgb_pca,0,1
0.5545852,4,rgb_pca,0,1
0.47716305,4,rgb_pca,0,1
0.4653033,4,rgb_pca,0,1
0.40604702,4,rgb_pca,0,1
0.38604757,4,rgb_pca,0,1
0.43886563,4,rgb_pca,0,1
0.47392672,4,rgb_pca,0,1
0.47472054,4,rgb_pca,0,1
0.48039058,4,rgb_pca,0,1
0.49928516,4,rgb_pca,0,1
0.41321716,4,rgb_pca,0,1
0.45083907,4,rgb_pca,0,1
0.47807407,4,rgb_pca,0,1
0.4740992,4,rgb_pca,0,1
0.45412928,4,rgb_pca,0,1
0.49727255,4,rgb_pca,0,1
0.47153652,4,rgb_pca,0,1
0.4555406,4,rgb_pca,0,1
0.48118466,4,rgb_pca,0,1
0.4258493,4,rgb_pca,0,1
0.4540765,4,rgb_pca,0,1
0.48931688,4,rgb_pca,0,1
0.48265645,4,rgb_pca,0,1
0.47878766,4,rgb_pca,0,1
0.53897095,4,rgb_pca,0,1
0.5131749,4,rgb_pca,0,1
0.56626076,4,rgb_pca,0,1
0.59921324,4,rgb_pca,0,1
0.58601856,4,rgb_pca,0,1
0.59522927,4,rgb_pca,0,1
0.6225236,4,rgb_pca,0,1
0.6191391,4,rgb_pca,0,1
0.539052,4,rgb_pca,0,1
0.55236024,4,rgb_pca,0,1
0.5806037,4,rgb_pca,0,1
0.64173305,4,rgb_pca,0,1
0.63067704,4,rgb_pca,0,1
0.6301723,4,rgb_pca,0,1
0.5320615,4,rgb_pca,0,1
0.5220064,4,rgb_pca,0,1
0.5453054,4,rgb_pca,0,1
0.595536,4,rgb_pca,0,1
0.6131886,4,rgb_pca,0,1
0.64188373,4,rgb_pca,0,1
0.5287605,4,rgb_pca,0,1
0.49981034,4,rgb_pca,0,1
0.5299592,4,rgb_pca,0,1
0.58681226,4,rgb_pca,0,1
0.60869145,4,rgb_pca,0,1
0.612544,4,rgb_pca,0,1
0.5034906,4,rgb_pca,0,1
0.47815368,4,rgb_pca,0,1
0.53199434,4,rgb_pca,0,1
0.58946854,4,rgb_pca,0,1
0.67304295,4,rgb_pca,0,1
0.6584375,4,rgb_pca,0,1
0.60047233,4,rgb_pca,0,1
0.62119293,4,rgb_pca,0,1
0.64594114,4,rgb_pca,0,1
0.5376302,4,rgb_pca,0,1
0.5094535,4,rgb_pca,0,1
0.5150194,4,rgb_pca,0,1
0.5535751,4,rgb_pca,0,1
0.6365606,4,rgb_pca,0,1
0.63167775,4,rgb_pca,0,1
0.6243493,4,rgb_pca,0,1
0.63072896,4,rgb_pca,0,1
0.63222754,4,rgb_pca,0,1
0.56051564,4,rgb_pca,0,1
0.5305259,4,rgb_pca,0,1
0.4756165,4,rgb_pca,0,1
0.48159996,4,rgb_pca,0,1
0.57503676,4,rgb_pca,0,1
0.5981612,4,rgb_pca,0,1
0.60996485,4,rgb_pca,0,1
0.6434524,4,rgb_pca,0,1
0.64911854,4,rgb_pca,0,1
0.548163,4,rgb_pca,0,1
0.5227973,4,rgb_pca,0,1
0.46673137,4,rgb_pca,0,1
0.4656195,4,rgb_pca,0,1
0.5321782,4,rgb_pca,0,1
0.60151756,4,rgb_pca,0,1
0.6396164,4,rgb_pca,0,1
0.64564025,4,rgb_pca,0,1
0.6303287,4,rgb_pca,0,1
0.5793631,4,rgb_pca,0,1
0.5814474,4,rgb_pca,0,1
0.5769079,4,rgb_pca,0,1
0.62892187,4,rgb_pca,0,1
0.61100805,4,rgb_pca,0,1
0.62304926,4,rgb_pca,0,1
0.6433518,4,rgb_pca,0,1
0.6373766,4,rgb_pca,0,1
0.6166045,4,rgb_pca,0,1
0.59474224,4,rgb_pca,0,1
0.582468,4,rgb_pca,0,1
0.57978016,4,rgb_pca,0,1
0.61591625,4,rgb_pca,0,1
0.60003585,4,rgb_pca,0,1
0.64196646,4,rgb_pca,0,1
0.6598908,4,rgb_pca,0,1
0.5573213,4,rgb_pca,0,1
0.55719745,4,rgb_pca,0,1
0.5719098,4,rgb_pca,0,1
0.63631046,4,rgb_pca,0,1
0.73803115,1,rgb_pca,0,1
0.70861566,1,rgb_pca,0,1
0.65658164,1,rgb_pca,0,1
0.60323834,1,rgb_pca,0,1
0.630409,1,rgb_pca,0,1
0.7267877,1,rgb_pca,0,1
0.7260222,1,rgb_pca,0,1
0.7318431,1,rgb_pca,0,1
0.70508826,1,rgb_pca,0,1
0.6207448,1,rgb_pca,0,1
0.55872047,1,rgb_pca,0,1
0.7624484,1,rgb_pca,0,1
0.75518143,1,rgb_pca,0,1
0.76759243,1,rgb_pca,0,1
0.7505702,1,rgb_pca,0,1
0.66988504,1,rgb_pca,0,1
0.59263027,1,rgb_pca,0,1
0.7061235,1,rgb_pca,0,1
0.68963,1,rgb_pca,0,1
0.66481614,1,rgb_pca,0,1
0.5969039,1,rgb_pca,0,1
0.6393002,1,rgb_pca,0,1
0.67676425,1,rgb_pca,0,1
0.68713146,1,rgb_pca,0,1
0.68218476,1,rgb_pca,0,1
0.680019,1,rgb_pca,0,1
0.6087176,1,rgb_pca,0,1
0.5800129,1,rgb_pca,0,1
0.73570347,1,rgb_pca,0,1
0.7287301,1,rgb_pca,0,1
0.71499056,1,rgb_pca,0,1
0.71887326,1,rgb_pca,0,1
0.70575726,1,rgb_pca,0,1
0.64260083,1,rgb_pca,0,1
0.7320182,3,rgb_pca,0,1
0.7203813,3,rgb_pca,0,1
0.7271106,3,rgb_pca,0,1
0.75479406,3,rgb_pca,0,1
0.76642996,3,rgb_pca,0,1
0.69439983,3,rgb_pca,0,1
0.6887745,3,rgb_pca,0,1
0.7407178,3,rgb_pca,0,1
0.7347423,3,rgb_pca,0,1
0.7463614,3,rgb_pca,0,1
0.7790056,3,rgb_pca,0,1
0.7847202,3,rgb_pca,0,1
0.7470656,3,rgb_pca,0,1
0.7229222,3,rgb_pca,0,1
0.73419106,3,rgb_pca,0,1
0.75164455,3,rgb_pca,0,1
0.73505586,3,rgb_pca,0,1
0.7493144,3,rgb_pca,0,1
0.7725975,3,rgb_pca,0,1
0.79275835,3,rgb_pca,0,1
0.79274964,3,rgb_pca,0,1
0.7773807,3,rgb_pca,0,1
0.75161064,3,rgb_pca,0,1
0.6972649,3,rgb_pca,0,1
0.66351897,3,rgb_pca,0,1
0.670071,3,rgb_pca,0,1
0.6661885,3,rgb_pca,0,1
0.7191857,3,rgb_pca,0,1
0.7346608,3,rgb_pca,0,1
0.753672,3,rgb_pca,0,1
0.7699048,3,rgb_pca,0,1
0.8038391,3,rgb_pca,0,1
0.7875558,3,rgb_pca,0,1
0.7700726,3,rgb_pca,0,1
0.7234858,3,rgb_pca,0,1
0.68315816,3,rgb_pca,0,1
0.6654469,3,rgb_pca,0,1
0.65659195,3,rgb_pca,0,1
0.723622,3,rgb_pca,0,1
0.74788284,3,rgb_pca,0,1
0.77248263,3,rgb_pca,0,1
0.79046464,3,rgb_pca,0,1
0.82706887,3,rgb_pca,0,1
0.80282325,3,rgb_pca,0,1
0.7990562,3,rgb_pca,0,1
0.66323483,3,rgb_pca,0,1
0.6386519,3,rgb_pca,0,1
0.6995719,3,rgb_pca,0,1
0.72432804,3,rgb_pca,0,1
0.7653683,3,rgb_pca,0,1
0.7974842,3,rgb_pca,0,1
0.81073403,3,rgb_pca,0,1
0.82668847,3,rgb_pca,0,1
0.85351413,3,rgb_pca,0,1
0.8256868,3,rgb_pca,0,1
0.79879737,3,rgb_pca,0,1
0.6052283,3,rgb_pca,0,1
0.5970626,3,rgb_pca,0,1
0.68603945,3,rgb_pca,0,1
0.7232268,3,rgb_pca,0,1
0.7678987,3,rgb_pca,0,1
0.78584206,3,rgb_pca,0,1
0.7913221,3,rgb_pca,0,1
0.78562987,3,rgb_pca,0,1
0.8220827,3,rgb_pca,0,1
0.8050009,3,rgb_pca,0,1
0.76676816,3,rgb_pca,0,1
0.6314928,3,rgb_pca,0,1
0.63172716,3,rgb_pca,0,1
0.7327646,3,rgb_pca,0,1
0.7560849,3,rgb_pca,0,1
0.7720486,3,rgb_pca,0,1
0.76317173,3,rgb_pca,0,1
0.7595024,3,rgb_pca,0,1
0.7498809,3,rgb_pca,0,1
0.76795536,3,rgb_pca,0,1
0.703407,3,rgb_pca,0,1
0.6884055,3,rgb_pca,0,1
0.75283515,3,rgb_pca,0,1
0.7835113,3,rgb_pca,0,1
0.7883629,3,rgb_pca,0,1
0.7821878,3,rgb_pca,0,1
0.7820449,3,rgb_pca,0,1
0.7813585,3,rgb_pca,0,1
0.7800436,3,rgb_pca,0,1
0.7144705,3,rgb_pca,0,1
0.72781,3,rgb_pca,0,1
0.7179236,3,rgb_pca,0,1
0.7021103,3,rgb_pca,0,1
0.7228975,3,rgb_pca,0,1
0.7131947,3,rgb_pca,0,1
0.72017276,3,rgb_pca,0,1
0.71693814,3,rgb_pca,0,1
0.6868324,3,rgb_pca,0,1
0.69643915,3,rgb_pca,0,1
0.742094,3,rgb_pca,0,1
0.74865234,3,rgb_pca,0,1
0.7342502,3,rgb_pca,0,1
0.7040837,3,rgb_pca,0,1
0.7682446,3,rgb_pca,0,1
0.7528798,3,rgb_pca,0,1
0.7532249,3,rgb_pca,0,1
0.72523534,3,rgb_pca,0,1
0.7312839,3,rgb_pca,0,1
0.7471259,3,rgb_pca,0,1
0.7350546,3,rgb_pca,0,1
0.77606773,3,rgb_pca,0,1
0.76126754,3,rgb_pca,0,1
0.6817126,3,rgb_pca,0,1
0.68279916,3,rgb_pca,0,1
0.66185474,3,rgb_pca,0,1
0.70757437,3,rgb_pca,0,1
0.7406676,3,rgb_pca,0,1
0.71247125,3,rgb_pca,0,1
0.73152447,3,rgb_pca,0,1
0.6609579,3,rgb_pca,0,1
0.5848189,3,rgb_pca,0,1
0.65771115,3,rgb_pca,0,1
0.64009374,3,rgb_pca,0,1
0.7421192,3,rgb_pca,0,1
0.77543736,3,rgb_pca,0,1
0.7660237,3,rgb_pca,0,1
0.75025606,3,rgb_pca,0,1
0.7797055,3,rgb_pca,0,1
0.7020527,3,rgb_pca,0,1
0.63977855,3,rgb_pca,0,1
0.6765413,3,rgb_pca,0,1
0.6640644,3,rgb_pca,0,1
0.7400624,3,rgb_pca,0,1
0.77304244,3,rgb_pca,0,1
0.78757364,3,rgb_pca,0,1
0.80577195,3,rgb_pca,0,1
0.7977433,3,rgb_pca,0,1
0.75941837,3,rgb_pca,0,1
0.6773352,3,rgb_pca,0,1
0.72418535,3,rgb_pca,0,1
0.7186413,3,rgb_pca,0,1
0.7269298,3,rgb_pca,0,1
0.7528578,3,rgb_pca,0,1
0.7989491,3,rgb_pca,0,1
0.8012707,3,rgb_pca,0,1
0.78228265,3,rgb_pca,0,1
0.7737763,3,rgb_pca,0,1
0.7060217,3,rgb_pca,0,1
0.75492775,3,rgb_pca,0,1
0.7310653,3,rgb_pca,0,1
0.7451739,3,rgb_pca,0,1
0.7516682,3,rgb_pca,0,1
0.7828741,3,rgb_pca,0,1
0.80523705,3,rgb_pca,0,1
0.7600106,3,rgb_pca,0,1
0.84211236,3,rgb_pca,0,1
0.79366064,3,rgb_pca,0,1
0.7750541,3,rgb_pca,0,1
0.74129355,3,rgb_pca,0,1
0.7401116,3,rgb_pca,0,1
0.7310852,3,rgb_pca,0,1
0.7305887,3,rgb_pca,0,1
0.8569379,3,rgb_pca,0,1
0.8016031,3,rgb_pca,0,1
0.77516377,3,rgb_pca,0,1
0.7625788,3,rgb_pca,0,1
0.75421584,3,rgb_pca,0,1
0.73120403,3,rgb_pca,0,1
0.7400495,3,rgb_pca,0,1
0.86192846,3,rgb_pca,0,1
0.80723715,3,rgb_pca,0,1
0.7443385,3,rgb_pca,0,1
0.72960865,3,rgb_pca,0,1
0.8716638,3,rgb_pca,0,1
0.84440553,3,rgb_pca,0,1
0.78543425,3,rgb_pca,0,1
0.7621964,3,rgb_pca,0,1
0.85063374,1,rgb_pca,0,1
0.8589473,1,rgb_pca,0,1
0.7846344,1,rgb_pca,0,1
0.82615143,1,rgb_pca,0,1
0.78930074,1,rgb_pca,0,1
0.8239596,1,rgb_pca,0,1
0.80649614,1,rgb_pca,0,1
0.8060183,1,rgb_pca,0,1
0.83687013,1,rgb_pca,0,1
0.7908284,1,rgb_pca,0,1
0.78254956,1,rgb_pca,0,1
0.79030615,1,rgb_pca,0,1
0.82437754,1,rgb_pca,0,1
0.79124,1,rgb_pca,0,1
0.78739107,1,rgb_pca,0,1
0.7936701,1,rgb_pca,0,1
0.8247764,1,rgb_pca,0,1
0.80513895,1,rgb_pca,0,1
0.7952032,1,rgb_pca,0,1
0.80353165,1,rgb_pca,0,1
0.82829785,1,rgb_pca,0,1
0.79435503,1,rgb_pca,0,1
0.8179867,1,rgb_pca,0,1
0.82376695,1,rgb_pca,0,1
0.83299124,1,rgb_pca,0,1
0.8308945,1,rgb_pca,0,1
0.79372823,1,rgb_pca,0,1
0.80661553,1,rgb_pca,0,1
0.80623156,1,rgb_pca,0,1
0.8156244,1,rgb_pca,0,1
0.8350054,1,rgb_pca,0,1
0.8404241,1,rgb_pca,0,1
0.84862506,1,rgb_pca,0,1
0.7732643,1,rgb_pca,0,1
0.7645573,1,rgb_pca,0,1
0.75874966,1,rgb_pca,0,1
0.7511854,1,rgb_pca,0,1
0.7627095,1,rgb_pca,0,1
0.74569654,1,rgb_pca,0,1
0.7847824,1,rgb_pca,0,1
0.7818321,1,rgb_pca,0,1
0.7757436,1,rgb_pca,0,1
0.76468635,1,rgb_pca,0,1
0.76396763,1,rgb_pca,0,1
0.764133,1,rgb_pca,0,1
0.76381874,1,rgb_pca,0,1
0.78265464,1,rgb_pca,0,1
0.75428826,1,rgb_pca,0,1
0.7652151,1,rgb_pca,0,1
0.75507003,1,rgb_pca,0,1
0.7570629,1,rgb_pca,0,1
0.7575401,1,rgb_pca,0,1
0.75958884,1,rgb_pca,0,1
0.765297,1,rgb_pca,0,1
0.7898398,1,rgb_pca,0,1
0.75560343,1,rgb_pca,0,1
0.75853443,1,rgb_pca,0,1
0.74919486,1,rgb_pca,0,1
0.76573014,1,rgb_pca,0,1
0.7587098,1,rgb_pca,0,1
0.75072664,1,rgb_pca,0,1
0.77362204,1,rgb_pca,0,1
0.7252042,1,rgb_pca,0,1
0.7310419,1,rgb_pca,0,1
0.75675154,1,rgb_pca,0,1
0.76059985,1,rgb_pca,0,1
0.7583804,1,rgb_pca,0,1
0.7596998,1,rgb_pca,0,1
0.7821483,1,rgb_pca,0,1
0.762324,1,rgb_pca,0,1
0.7526864,1,rgb_pca,0,1
0.76963687,1,rgb_pca,0,1
0.79402244,1,rgb_pca,0,1
0.7283877,1,rgb_pca,0,1
0.7289971,1,rgb_pca,0,1
0.74690706,1,rgb_pca,0,1
0.75309503,1,rgb_pca,0,1
0.7543733,1,rgb_pca,0,1
0.7455911,1,rgb_pca,0,1
0.76107454,1,rgb_pca,0,1
0.7495283,1,rgb_pca,0,1
0.7531171,1,rgb_pca,0,1
0.7714753,1,rgb_pca,0,1
0.8010714,1,rgb_pca,0,1
0.7442885,1,rgb_pca,0,1
0.76090026,1,rgb_pca,0,1
0.7623941,1,rgb_pca,0,1
0.77503896,1,rgb_pca,0,1
0.7571846,1,rgb_pca,0,1
0.7553634,1,rgb_pca,0,1
0.76633817,1,rgb_pca,0,1
0.75854844,1,rgb_pca,0,1
0.77112114,1,rgb_pca,0,1
0.77371037,1,rgb_pca,0,1
0.73641974,1,rgb_pca,0,1
0.7712037,1,rgb_pca,0,1
0.78718495,1,rgb_pca,0,1
0.79817754,1,rgb_pca,0,1
0.794192,1,rgb_pca,0,1
0.76856315,1,rgb_pca,0,1
0.7532569,1,rgb_pca,0,1
0.7824403,1,rgb_pca,0,1
0.7643281,1,rgb_pca,0,1
0.7771929,1,rgb_pca,0,1
0.7710418,1,rgb_pca,0,1
0.73534966,1,rgb_pca,0,1
0.7551928,1,rgb_pca,0,1
0.78040695,1,rgb_pca,0,1
0.7864325,1,rgb_pca,0,1
0.7712261,1,rgb_pca,0,1
0.73806626,1,rgb_pca,0,1
0.7206942,1,rgb_pca,0,1
0.7555617,1,rgb_pca,0,1
0.7505053,1,rgb_pca,0,1
0.7836317,1,rgb_pca,0,1
0.7557143,1,rgb_pca,0,1
0.69929725,1,rgb_pca,0,1
0.7152682,1,rgb_pca,0,1
0.73404837,1,rgb_pca,0,1
0.73936623,1,rgb_pca,0,1
0.76000917,1,rgb_pca,0,1
0.73315877,1,rgb_pca,0,1
0.7422435,1,rgb_pca,0,1
0.7565557,1,rgb_pca,0,1
0.74788535,1,rgb_pca,0,1
0.8256655,1,rgb_pca,0,1
0.7866666,1,rgb_pca,0,1
0.76457095,1,rgb_pca,0,1
0.78556883,1,rgb_pca,0,1
0.8290137,1,rgb_pca,0,1
0.79480153,1,rgb_pca,0,1
0.78282404,1,rgb_pca,0,1
0.82451975,1,rgb_pca,0,1
0.80367947,1,rgb_pca,0,1
0.82204056,1,rgb_pca,0,1
0.7930149,1,rgb_pca,0,1
0.78375506,1,rgb_pca,0,1
0.8196509,1,rgb_pca,0,1
0.7973987,1,rgb_pca,0,1
0.8285155,1,rgb_pca,0,1
0.80359966,1,rgb_pca,0,1
0.79048145,1,rgb_pca,0,1
0.80388117,1,rgb_pca,0,1
0.80114883,1,rgb_pca,0,1
0.80475885,1,rgb_pca,0,1
0.82994217,1,rgb_pca,0,1
0.81027085,1,rgb_pca,0,1
0.80752635,1,rgb_pca,0,1
0.814576,1,rgb_pca,0,1
0.80749846,1,rgb_pca,0,1
0.8056321,1,rgb_pca,0,1
0.7909735,1,rgb_pca,0,1
0.82237905,1,rgb_pca,0,1
0.79286766,1,rgb_pca,0,1
0.776791,1,rgb_pca,0,1
0.79008645,1,rgb_pca,0,1
0.8069428,1,rgb_pca,0,1
0.80458355,1,rgb_pca,0,1
0.7989135,1,rgb_pca,0,1
0.82636845,1,rgb_pca,0,1
0.80225086,1,rgb_pca,0,1
0.7789317,1,rgb_pca,0,1
0.78485453,1,rgb_pca,0,1
0.82552975,1,rgb_pca,0,1
0.824463,1,rgb_pca,0,1
0.8125938,1,rgb_pca,0,1
0.7792477,1,rgb_pca,0,1
0.776309,1,rgb_pca,0,1
0.79222673,1,rgb_pca,0,1
0.8529057,1,rgb_pca,0,1
0.84185463,1,rgb_pca,0,1
0.8192138,1,rgb_pca,0,1
0.7877336,1,rgb_pca,0,1
0.77288723,1,rgb_pca,0,1
0.8003862,1,rgb_pca,0,1
0.85886115,1,rgb_pca,0,1
0.816098,1,rgb_pca,0,1
0.7880907,1,rgb_pca,0,1
0.7812357,1,rgb_pca,0,1
0.78358495,1,rgb_pca,0,1
0.8254808,1,rgb_pca,0,1
0.78860617,1,rgb_pca,0,1
0.76934695,1,rgb_pca,0,1
0.7663231,1,rgb_pca,0,1
0.71955365,1,rgb_pca,0,1
0.7055073,1,rgb_pca,0,1
0.69385934,1,rgb_pca,0,1
0.6660956,1,rgb_pca,0,1
0.73085153,1,rgb_pca,0,1
0.6859592,1,rgb_pca,0,1
0.6880057,1,rgb_pca,0,1
0.7121669,1,rgb_pca,0,1
0.7310486,1,rgb_pca,0,1
0.6680367,1,rgb_pca,0,1
0.5951376,1,rgb_pca,0,1
0.68280804,1,rgb_pca,0,1
0.6853935,1,rgb_pca,0,1
0.70624673,1,rgb_pca,0,1
0.7293037,1,rgb_pca,0,1
0.70853066,1,rgb_pca,0,1
0.6435811,1,rgb_pca,0,1
0.6874359,1,rgb_pca,0,1
0.6918552,1,rgb_pca,0,1
0.69781274,1,rgb_pca,0,1
0.6933478,1,rgb_pca,0,1
0.7009449,1,rgb_pca,0,1
0.7124526,1,rgb_pca,0,1
0.68168724,1,rgb_pca,0,1
0.62913585,1,rgb_pca,0,1
0.6131429,1,rgb_pca,0,1
0.7115237,1,rgb_pca,0,1
0.70341957,1,rgb_pca,0,1
0.69253415,1,rgb_pca,0,1
0.6715739,1,rgb_pca,0,1
0.676056,1,rgb_pca,0,1
0.7041317,1,rgb_pca,0,1
0.7027566,1,rgb_pca,0,1
0.71043277,1,rgb_pca,0,1
0.70555294,1,rgb_pca,0,1
0.70101804,1,rgb_pca,0,1
0.67178524,1,rgb_pca,0,1
0.6881046,1,rgb_pca,0,1
0.6872176,1,rgb_pca,0,1
0.67270994,1,rgb_pca,0,1
0.6721449,1,rgb_pca,0,1
0.68026507,1,rgb_pca,0,1
0.7097517,1,rgb_pca,0,1
0.6967268,1,rgb_pca,0,1
0.70687354,1,rgb_pca,0,1
0.6806859,1,rgb_pca,0,1
0.66659653,1,rgb_pca,0,1
0.6882485,1,rgb_pca,0,1
0.71256363,1,rgb_pca,0,1
0.68273383,1,rgb_pca,0,1
0.7048808,1,rgb_pca,0,1
0.70764196,1,rgb_pca,0,1
0.66529846,1,rgb_pca,0,1
0.680739,1,rgb_pca,0,1
0.70731866,1,rgb_pca,0,1
0.7203108,1,rgb_pca,0,1
0.7036376,1,rgb_pca,0,1
0.67930293,1,rgb_pca,0,1
0.6603055,1,rgb_pca,0,1
0.6902238,1,rgb_pca,0,1
0.7111445,1,rgb_pca,0,1
0.71885365,1,rgb_pca,0,1
0.6544255,1,rgb_pca,0,1
0.6694925,1,rgb_pca,0,1
0.68118834,1,rgb_pca,0,1
0.71106154,1,rgb_pca,0,1
0.7150422,1,rgb_pca,0,1
0.62844145,1,rgb_pca,0,1
0.677123,1,rgb_pca,0,1
0.67539406,1,rgb_pca,0,1
0.675189,1,rgb_pca,0,1
0.7200915,1,rgb_pca,0,1
0.64775574,1,rgb_pca,0,1
0.6582905,1,rgb_pca,0,1
0.7359619,1,rgb_pca,0,1
0.6931041,1,rgb_pca,0,1
0.68941617,1,rgb_pca,0,1
0.71117514,1,rgb_pca,0,1
0.6789818,1,rgb_pca,0,1
0.69390255,1,rgb_pca,0,1
0.7381935,1,rgb_pca,0,1
0.73661125,1,rgb_pca,0,1
0.744485,1,rgb_pca,0,1
0.7508465,1,rgb_pca,0,1
0.74464464,1,rgb_pca,0,1
0.74390066,1,rgb_pca,0,1
0.70715487,1,rgb_pca,0,1
0.71920073,1,rgb_pca,0,1
0.7189315,1,rgb_pca,0,1
0.6945925,1,rgb_pca,0,1
0.68135965,1,rgb_pca,0,1
0.6934715,1,rgb_pca,0,1
0.689804,1,rgb_pca,0,1
0.6693622,1,rgb_pca,0,1
0.67240727,1,rgb_pca,0,1
0.68543255,1,rgb_pca,0,1
0.68754184,1,rgb_pca,0,1
0.6886776,1,rgb_pca,0,1
0.69633484,1,rgb_pca,0,1
0.6722166,1,rgb_pca,0,1
0.66821223,1,rgb_pca,0,1
0.6712773,1,rgb_pca,0,1
0.6770642,1,rgb_pca,0,1
0.6841378,1,rgb_pca,0,1
0.6760918,1,rgb_pca,0,1
0.67069185,1,rgb_pca,0,1
0.6991615,1,rgb_pca,0,1
0.72066236,1,rgb_pca,0,1
0.70955104,1,rgb_pca,0,1
0.6892473,1,rgb_pca,0,1
0.68665254,1,rgb_pca,0,1
0.70930254,1,rgb_pca,0,1
0.7253978,1,rgb_pca,0,1
0.6962682,1,rgb_pca,0,1
0.68518734,1,rgb_pca,0,1
0.6543404,1,rgb_pca,0,1
0.6602634,1,rgb_pca,0,1
0.7127413,1,rgb_pca,0,1
0.6803465,1,rgb_pca,0,1
0.6953695,1,rgb_pca,0,1
0.73541546,1,rgb_pca,0,1
0.7314197,1,rgb_pca,0,1
0.69731045,1,rgb_pca,0,1
0.6619736,1,rgb_pca,0,1
0.69704485,1,rgb_pca,0,1
0.71900207,1,rgb_pca,0,1
0.6766652,1,rgb_pca,0,1
0.7114067,1,rgb_pca,0,1
0.67360324,1,rgb_pca,0,1
0.66746974,1,rgb_pca,0,1
0.66808724,1,rgb_pca,0,1
0.6993979,1,rgb_pca,0,1
0.7300018,1,rgb_pca,0,1
0.68332785,1,rgb_pca,0,1
0.67916644,1,rgb_pca,0,1
0.6752752,1,rgb_pca,0,1
0.6668681,1,rgb_pca,0,1
0.67931235,1,rgb_pca,0,1
0.7217398,3,rgb_pca,0,1
0.7066673,3,rgb_pca,0,1
0.69516665,3,rgb_pca,0,1
0.6983821,3,rgb_pca,0,1
0.6817342,3,rgb_pca,0,1
0.69112825,3,rgb_pca,0,1
0.74153835,3,rgb_pca,0,1
0.73967355,3,rgb_pca,0,1
0.67875206,3,rgb_pca,0,1
0.67206097,3,rgb_pca,0,1
0.6800125,3,rgb_pca,0,1
0.6891866,3,rgb_pca,0,1
0.6843471,3,rgb_pca,0,1
0.7445243,3,rgb_pca,0,1
0.7540848,3,rgb_pca,0,1
0.70153457,3,rgb_pca,0,1
0.66397357,3,rgb_pca,0,1
0.62308455,3,rgb_pca,0,1
0.61589,3,rgb_pca,0,1
0.6886947,3,rgb_pca,0,1
0.71434784,3,rgb_pca,0,1
0.7756988,3,rgb_pca,0,1
0.7840295,3,rgb_pca,0,1
0.6879039,3,rgb_pca,0,1
0.63061386,3,rgb_pca,0,1
0.5857454,3,rgb_pca,0,1
0.5718185,3,rgb_pca,0,1
0.6065542,3,rgb_pca,0,1
0.60103047,3,rgb_pca,0,1
0.6580179,3,rgb_pca,0,1
0.68050736,3,rgb_pca,0,1
0.72381306,3,rgb_pca,0,1
0.73934525,3,rgb_pca,0,1
0.7540189,3,rgb_pca,0,1
0.7303511,3,rgb_pca,0,1
0.64731765,3,rgb_pca,0,1
0.6106428,3,rgb_pca,0,1
0.60316813,3,rgb_pca,0,1
0.6387392,3,rgb_pca,0,1
0.62078744,3,rgb_pca,0,1
0.685832,3,rgb_pca,0,1
0.69537675,3,rgb_pca,0,1
0.7470641,3,rgb_pca,0,1
0.74165916,3,rgb_pca,0,1
0.76474047,3,rgb_pca,0,1
0.6971261,3,rgb_pca,0,1
0.6433685,3,rgb_pca,0,1
0.6581633,3,rgb_pca,0,1
0.6706053,3,rgb_pca,0,1
0.71231186,3,rgb_pca,0,1
0.726604,3,rgb_pca,0,1
0.74702835,3,rgb_pca,0,1
0.754671,3,rgb_pca,0,1
0.7720959,3,rgb_pca,0,1
0.77365196,3,rgb_pca,0,1
0.8019917,3,rgb_pca,0,1
0.67040735,3,rgb_pca,0,1
0.61607516,3,rgb_pca,0,1
0.6467333,3,rgb_pca,0,1
0.6447778,3,rgb_pca,0,1
0.7064288,3,rgb_pca,0,1
0.7242986,3,rgb_pca,0,1
0.731386,3,rgb_pca,0,1
0.7377957,3,rgb_pca,0,1
0.7541592,3,rgb_pca,0,1
0.7503593,3,rgb_pca,0,1
0.7302499,3,rgb_pca,0,1
0.66638815,3,rgb_pca,0,1
0.66114974,3,rgb_pca,0,1
0.70623296,3,rgb_pca,0,1
0.7297668,3,rgb_pca,0,1
0.76733065,3,rgb_pca,0,1
0.77088106,3,rgb_pca,0,1
0.7788531,3,rgb_pca,0,1
0.7808515,3,rgb_pca,0,1
0.7185532,3,rgb_pca,0,1
0.7040564,3,rgb_pca,0,1
0.671839,3,rgb_pca,0,1
0.74407196,3,rgb_pca,0,1
0.76095164,3,rgb_pca,0,1
0.77184033,3,rgb_pca,0,1
0.76948303,3,rgb_pca,0,1
0.7801398,3,rgb_pca,0,1
0.7819492,3,rgb_pca,0,1
0.7391012,3,rgb_pca,0,1
0.7369349,3,rgb_pca,0,1
0.7565774,3,rgb_pca,0,1
0.7509167,3,rgb_pca,0,1
0.7185138,3,rgb_pca,0,1
0.7728689,3,rgb_pca,0,1
0.79629576,3,rgb_pca,0,1
0.8105562,3,rgb_pca,0,1
0.7759651,3,rgb_pca,0,1
0.7303795,3,rgb_pca,0,1
0.7249097,3,rgb_pca,0,1
0.7831081,3,rgb_pca,0,1
0.75160927,3,rgb_pca,0,1
0.7631713,3,rgb_pca,0,1
0.7372181,3,rgb_pca,0,1
0.71727014,3,rgb_pca,0,1
0.7562442,3,rgb_pca,0,1
0.74864346,3,rgb_pca,0,1
0.7681577,3,rgb_pca,0,1
0.77360225,3,rgb_pca,0,1
0.7897198,3,rgb_pca,0,1
0.74387336,3,rgb_pca,0,1
0.7283776,3,rgb_pca,0,1
0.7487344,3,rgb_pca,0,1
0.74789727,3,rgb_pca,0,1
0.7455336,3,rgb_pca,0,1
0.7203721,3,rgb_pca,0,1
0.7645412,3,rgb_pca,0,1
0.77615666,3,rgb_pca,0,1
0.7927095,3,rgb_pca,0,1
0.7910584,3,rgb_pca,0,1
0.72292316,3,rgb_pca,0,1
0.67123914,3,rgb_pca,0,1
0.6675764,3,rgb_pca,0,1
0.66639394,3,rgb_pca,0,1
0.72379726,3,rgb_pca,0,1
0.73517036,3,rgb_pca,0,1
0.7615104,3,rgb_pca,0,1
0.7810784,3,rgb_pca,0,1
0.82514954,3,rgb_pca,0,1
0.73139083,3,rgb_pca,0,1
0.7087299,3,rgb_pca,0,1
0.6797173,3,rgb_pca,0,1
0.67629427,3,rgb_pca,0,1
0.7315079,3,rgb_pca,0,1
0.7357415,3,rgb_pca,0,1
0.7810073,3,rgb_pca,0,1
0.7823695,3,rgb_pca,0,1
0.81594723,3,rgb_pca,0,1
0.8057467,3,rgb_pca,0,1
0.76930106,3,rgb_pca,0,1
0.7492543,3,rgb_pca,0,1
0.7549336,3,rgb_pca,0,1
0.76497614,3,rgb_pca,0,1
0.76694244,3,rgb_pca,0,1
0.7870116,3,rgb_pca,0,1
0.7997172,3,rgb_pca,0,1
0.80451035,3,rgb_pca,0,1
0.8144624,3,rgb_pca,0,1
0.7691917,3,rgb_pca,0,1
0.76260877,3,rgb_pca,0,1
0.7678549,3,rgb_pca,0,1
0.78280145,3,rgb_pca,0,1
0.7770331,3,rgb_pca,0,1
0.79528606,3,rgb_pca,0,1
0.79961467,3,rgb_pca,0,1
0.7799448,3,rgb_pca,0,1
0.84274185,3,rgb_pca,0,1
0.79720676,3,rgb_pca,0,1
0.7785434,3,rgb_pca,0,1
0.7608851,3,rgb_pca,0,1
0.76744926,3,rgb_pca,0,1
0.77074146,3,rgb_pca,0,1
0.7843389,3,rgb_pca,0,1
0.8438976,3,rgb_pca,0,1
0.81258553,3,rgb_pca,0,1
0.79070985,3,rgb_pca,0,1
0.7747873,3,rgb_pca,0,1
0.7808496,3,rgb_pca,0,1
0.79364526,3,rgb_pca,0,1
0.78876036,3,rgb_pca,0,1
0.8387408,3,rgb_pca,0,1
0.82378066,3,rgb_pca,0,1
0.7884954,3,rgb_pca,0,1
0.7506,3,rgb_pca,0,1
0.8259454,3,rgb_pca,0,1
0.8289056,3,rgb_pca,0,1
0.81917524,3,rgb_pca,0,1
0.78309363,3,rgb_pca,0,1
0.8252933,1,rgb_pca,0,1
0.82288975,1,rgb_pca,0,1
0.7752541,1,rgb_pca,0,1
0.8008761,1,rgb_pca,0,1
0.7906021,1,rgb_pca,0,1
0.8018391,1,rgb_pca,0,1
0.7756476,1,rgb_pca,0,1
0.7802814,1,rgb_pca,0,1
0.79666746,1,rgb_pca,0,1
0.7665795,1,rgb_pca,0,1
0.76703036,1,rgb_pca,0,1
0.78014016,1,rgb_pca,0,1
0.7993088,1,rgb_pca,0,1
0.77054036,1,rgb_pca,0,1
0.77551055,1,rgb_pca,0,1
0.7822743,1,rgb_pca,0,1
0.7884599,1,rgb_pca,0,1
0.79293215,1,rgb_pca,0,1
0.78670114,1,rgb_pca,0,1
0.76659834,1,rgb_pca,0,1
0.7776172,1,rgb_pca,0,1
0.80939484,1,rgb_pca,0,1
0.82243264,1,rgb_pca,0,1
0.8217464,1,rgb_pca,0,1
0.7709997,1,rgb_pca,0,1
0.77704966,1,rgb_pca,0,1
0.8154025,1,rgb_pca,0,1
0.81489766,1,rgb_pca,0,1
0.8195023,1,rgb_pca,0,1
0.772316,1,rgb_pca,0,1
0.7869996,1,rgb_pca,0,1
0.80309117,1,rgb_pca,0,1
0.795045,1,rgb_pca,0,1
0.78560454,1,rgb_pca,0,1
0.7930825,1,rgb_pca,0,1
0.8016111,1,rgb_pca,0,1
0.7852165,1,rgb_pca,0,1
0.7800816,1,rgb_pca,0,1
0.78105724,1,rgb_pca,0,1
0.7776675,1,rgb_pca,0,1
0.79212475,1,rgb_pca,0,1
0.7912661,1,rgb_pca,0,1
0.7663933,1,rgb_pca,0,1
0.78651434,1,rgb_pca,0,1
0.79038507,1,rgb_pca,0,1
0.7692547,1,rgb_pca,0,1
0.78481036,1,rgb_pca,0,1
0.78326255,1,rgb_pca,0,1
0.78887135,1,rgb_pca,0,1
0.77627385,1,rgb_pca,0,1
0.7988378,1,rgb_pca,0,1
0.79263014,1,rgb_pca,0,1
0.7863952,1,rgb_pca,0,1
0.7778481,1,rgb_pca,0,1
0.7753556,1,rgb_pca,0,1
0.77345645,1,rgb_pca,0,1
0.78993976,1,rgb_pca,0,1
0.806798,1,rgb_pca,0,1
0.83267546,1,rgb_pca,0,1
0.8125901,1,rgb_pca,0,1
0.8044504,1,rgb_pca,0,1
0.80663824,1,rgb_pca,0,1
0.6992904,1,rgb_pca,0,1
0.7257273,1,rgb_pca,0,1
0.75825554,1,rgb_pca,0,1
0.7555295,1,rgb_pca,0,1
0.7641252,1,rgb_pca,0,1
0.76680154,1,rgb_pca,0,1
0.8066063,1,rgb_pca,0,1
0.801904,1,rgb_pca,0,1
0.81738186,1,rgb_pca,0,1
0.82125723,1,rgb_pca,0,1
0.8206231,1,rgb_pca,0,1
0.6458006,1,rgb_pca,0,1
0.6743968,1,rgb_pca,0,1
0.73276466,1,rgb_pca,0,1
0.7406148,1,rgb_pca,0,1
0.75214314,1,rgb_pca,0,1
0.75713074,1,rgb_pca,0,1
0.7646666,1,rgb_pca,0,1
0.7790823,1,rgb_pca,0,1
0.7745365,1,rgb_pca,0,1
0.7873778,1,rgb_pca,0,1
0.802167,1,rgb_pca,0,1
0.6927484,1,rgb_pca,0,1
0.6771041,1,rgb_pca,0,1
0.7313642,1,rgb_pca,0,1
0.7452872,1,rgb_pca,0,1
0.7569523,1,rgb_pca,0,1
0.7571534,1,rgb_pca,0,1
0.77146316,1,rgb_pca,0,1
0.7785858,1,rgb_pca,0,1
0.7667202,1,rgb_pca,0,1
0.7765417,1,rgb_pca,0,1
0.7113003,1,rgb_pca,0,1
0.7497573,1,rgb_pca,0,1
0.74365896,1,rgb_pca,0,1
0.72090083,1,rgb_pca,0,1
0.7367163,1,rgb_pca,0,1
0.74582887,1,rgb_pca,0,1
0.749657,1,rgb_pca,0,1
0.7790158,1,rgb_pca,0,1
0.78058743,1,rgb_pca,0,1
0.7584067,1,rgb_pca,0,1
0.7738571,1,rgb_pca,0,1
0.7438775,1,rgb_pca,0,1
0.7596783,1,rgb_pca,0,1
0.7479163,1,rgb_pca,0,1
0.73627555,1,rgb_pca,0,1
0.7482667,1,rgb_pca,0,1
0.76339626,1,rgb_pca,0,1
0.76751435,1,rgb_pca,0,1
0.79612124,1,rgb_pca,0,1
0.77977645,1,rgb_pca,0,1
0.7599633,1,rgb_pca,0,1
0.77052087,1,rgb_pca,0,1
0.80676603,1,rgb_pca,0,1
0.8178674,1,rgb_pca,0,1
0.82821465,1,rgb_pca,0,1
0.7981115,1,rgb_pca,0,1
0.7500758,1,rgb_pca,0,1
0.76850384,1,rgb_pca,0,1
0.78229415,1,rgb_pca,0,1
0.81477576,1,rgb_pca,0,1
0.7898885,1,rgb_pca,0,1
0.81737167,1,rgb_pca,0,1
0.74634326,1,rgb_pca,0,1
0.7072644,1,rgb_pca,0,1
0.7659742,1,rgb_pca,0,1
0.78275573,1,rgb_pca,0,1
0.7362994,1,rgb_pca,0,1
0.69217885,1,rgb_pca,0,1
0.7508426,1,rgb_pca,0,1
0.7496921,1,rgb_pca,0,1
0.76202536,1,rgb_pca,0,1
0.7358493,1,rgb_pca,0,1
0.71217567,1,rgb_pca,0,1
0.71208024,1,rgb_pca,0,1
0.73378444,1,rgb_pca,0,1
0.76153266,1,rgb_pca,0,1
0.7321682,1,rgb_pca,0,1
0.7130209,1,rgb_pca,0,1
0.7281997,1,rgb_pca,0,1
0.7491469,1,rgb_pca,0,1
0.7676814,1,rgb_pca,0,1
0.77007294,1,rgb_pca,0,1
0.73241204,1,rgb_pca,0,1
0.71425986,1,rgb_pca,0,1
0.7241492,1,rgb_pca,0,1
0.7517334,1,rgb_pca,0,1
0.7760285,1,rgb_pca,0,1
0.73405254,1,rgb_pca,0,1
0.7783346,1,rgb_pca,0,1
0.7594776,1,rgb_pca,0,1
0.720551,1,rgb_pca,0,1
0.70970356,1,rgb_pca,0,1
0.7443079,1,rgb_pca,0,1
0.7361052,1,rgb_pca,0,1
0.7608562,1,rgb_pca,0,1
0.80203223,1,rgb_pca,0,1
0.7914363,1,rgb_pca,0,1
0.74233854,1,rgb_pca,0,1
0.72048247,1,rgb_pca,0,1
0.751181,1,rgb_pca,0,1
0.74804544,1,rgb_pca,0,1
0.77262944,1,rgb_pca,0,1
0.7544535,1,rgb_pca,0,1
0.7516741,1,rgb_pca,0,1
0.7150133,1,rgb_pca,0,1
0.729546,1,rgb_pca,0,1
0.75454783,1,rgb_pca,0,1
0.7670781,1,rgb_pca,0,1
0.7391056,1,rgb_pca,0,1
0.70956254,1,rgb_pca,0,1
0.7029456,1,rgb_pca,0,1
0.7453688,1,rgb_pca,0,1
0.7853819,1,rgb_pca,0,1
0.7507649,1,rgb_pca,0,1
0.7089202,1,rgb_pca,0,1
0.70989925,1,rgb_pca,0,1
0.7815512,1,rgb_pca,0,1
0.7581529,1,rgb_pca,0,1
0.72129065,1,rgb_pca,0,1
0.7315266,1,rgb_pca,0,1
0.72941417,1,rgb_pca,0,1
0.7147844,1,rgb_pca,0,1
0.72255903,1,rgb_pca,0,1
0.78019476,1,rgb_pca,0,1
0.7977808,1,rgb_pca,0,1
0.77796936,1,rgb_pca,0,1
0.76193285,1,rgb_pca,0,1
0.69755256,1,rgb_pca,0,1
0.6115271,1,rgb_pca,0,1
0.6767071,1,rgb_pca,0,1
0.642594,1,rgb_pca,0,1
0.669574,1,rgb_pca,0,1
0.72826695,1,rgb_pca,0,1
0.7450337,1,rgb_pca,0,1
0.73754853,1,rgb_pca,0,1
0.7507013,1,rgb_pca,0,1
0.75302535,1,rgb_pca,0,1
0.6955377,1,rgb_pca,0,1
0.68342775,1,rgb_pca,0,1
0.6945827,1,rgb_pca,0,1
0.7199668,1,rgb_pca,0,1
0.7250637,1,rgb_pca,0,1
0.73390204,1,rgb_pca,0,1
0.73226357,1,rgb_pca,0,1
0.73058736,1,rgb_pca,0,1
0.7418942,1,rgb_pca,0,1
0.7157763,1,rgb_pca,0,1
0.7054885,1,rgb_pca,0,1
0.6763837,1,rgb_pca,0,1
0.6420636,1,rgb_pca,0,1
0.66224813,1,rgb_pca,0,1
0.6996777,1,rgb_pca,0,1
0.7130753,1,rgb_pca,0,1
0.7603047,1,rgb_pca,0,1
0.74556863,1,rgb_pca,0,1
0.7447855,1,rgb_pca,0,1
0.7422646,1,rgb_pca,0,1
0.7425419,1,rgb_pca,0,1
0.742588,1,rgb_pca,0,1
0.73836714,1,rgb_pca,0,1
0.6959057,1,rgb_pca,0,1
0.6978823,1,rgb_pca,0,1
0.72656405,1,rgb_pca,0,1
0.76941824,1,rgb_pca,0,1
0.7647729,1,rgb_pca,0,1
0.69255024,1,rgb_pca,0,1
0.69472677,1,rgb_pca,0,1
0.710029,1,rgb_pca,0,1
0.76081467,1,rgb_pca,0,1
0.7381171,1,rgb_pca,0,1
0.7218454,1,rgb_pca,0,1
0.7231682,1,rgb_pca,0,1
0.732754,1,rgb_pca,0,1
0.77149975,1,rgb_pca,0,1
0.7627323,1,rgb_pca,0,1
0.7905681,1,rgb_pca,0,1
0.7835147,1,rgb_pca,0,1
0.7700384,1,rgb_pca,0,1
0.7266919,1,rgb_pca,0,1
0.6065986,1,rgb_pca,0,1
0.55596846,1,rgb_pca,0,1
0.7151998,1,rgb_pca,0,1
0.7522813,1,rgb_pca,0,1
0.7411043,1,rgb_pca,0,1
0.7528562,1,rgb_pca,0,1
0.74339294,1,rgb_pca,0,1
0.7458484,1,rgb_pca,0,1
0.72663355,1,rgb_pca,0,1
0.6534115,1,rgb_pca,0,1
0.59765697,1,rgb_pca,0,1
0.66791296,1,rgb_pca,0,1
0.6674161,1,rgb_pca,0,1
0.6513753,1,rgb_pca,0,1
0.6866039,1,rgb_pca,0,1
0.67941386,1,rgb_pca,0,1
0.69281197,1,rgb_pca,0,1
0.6963367,1,rgb_pca,0,1
0.70674247,1,rgb_pca,0,1
0.70051557,1,rgb_pca,0,1
0.6698624,1,rgb_pca,0,1
0.6175278,1,rgb_pca,0,1
0.56565464,1,rgb_pca,0,1
0.58270955,1,rgb_pca,0,1
0.6619367,1,rgb_pca,0,1
0.6665014,1,rgb_pca,0,1
0.66262746,1,rgb_pca,0,1
0.6863961,1,rgb_pca,0,1
0.68789446,1,rgb_pca,0,1
0.71796006,1,rgb_pca,0,1
0.69136894,1,rgb_pca,0,1
0.703809,1,rgb_pca,0,1
0.70756185,1,rgb_pca,0,1
0.6636949,1,rgb_pca,0,1
0.6408802,1,rgb_pca,0,1
0.67257726,1,rgb_pca,0,1
0.66908836,1,rgb_pca,0,1
0.66606253,1,rgb_pca,0,1
0.6403918,1,rgb_pca,0,1
0.60652363,1,rgb_pca,0,1
0.65248907,1,rgb_pca,0,1
0.65223217,1,rgb_pca,0,1
0.66307175,1,rgb_pca,0,1
0.6538763,1,rgb_pca,0,1
0.66791046,1,rgb_pca,0,1
0.76094365,1,rgb_pca,0,1
0.75098354,1,rgb_pca,0,1
0.7779458,1,rgb_pca,0,1
0.75030625,1,rgb_pca,0,1
0.76356983,1,rgb_pca,0,1
0.79584634,1,rgb_pca,0,1
0.77067614,1,rgb_pca,0,1
0.7585411,1,rgb_pca,0,1
0.75321233,1,rgb_pca,0,1
0.77054656,1,rgb_pca,0,1
0.70938903,1,rgb_pca,0,1
0.7095612,1,rgb_pca,0,1
0.7388214,1,rgb_pca,0,1
0.6788635,1,rgb_pca,0,1
0.71057963,1,rgb_pca,0,1
0.7168548,1,rgb_pca,0,1
0.6966751,1,rgb_pca,0,1
0.707387,1,rgb_pca,0,1
0.74162835,1,rgb_pca,0,1
0.70454574,1,rgb_pca,0,1
0.7619479,1,rgb_pca,0,1
0.767436,1,rgb_pca,0,1
0.77369606,1,rgb_pca,0,1
0.7646555,1,rgb_pca,0,1
0.7543075,1,rgb_pca,0,1
0.74954784,1,rgb_pca,0,1
0.7328696,1,rgb_pca,0,1
0.73488015,1,rgb_pca,0,1
0.70233804,1,rgb_pca,0,1
0.7339514,1,rgb_pca,0,1
0.72754955,1,rgb_pca,0,1
0.7120526,1,rgb_pca,0,1
0.72592914,1,rgb_pca,0,1
0.7073904,1,rgb_pca,0,1
0.70025116,1,rgb_pca,0,1
0.7188052,1,rgb_pca,0,1
0.7254204,1,rgb_pca,0,1
0.71724975,1,rgb_pca,0,1
0.7442047,1,rgb_pca,0,1
0.7071104,1,rgb_pca,0,1
0.6670822,1,rgb_pca,0,1
0.7039872,1,rgb_pca,0,1
0.7203066,1,rgb_pca,0,1
0.6520562,1,rgb_pca,0,1
0.6808429,1,rgb_pca,0,1
0.6916337,1,rgb_pca,0,1
0.68484646,1,rgb_pca,0,1
0.69023526,1,rgb_pca,0,1
0.70260084,1,rgb_pca,0,1
0.7048861,1,rgb_pca,0,1
0.7229567,1,rgb_pca,0,1
0.69382966,1,rgb_pca,0,1
0.6773741,1,rgb_pca,0,1
0.705973,1,rgb_pca,0,1
0.71522,1,rgb_pca,0,1
0.7434162,1,rgb_pca,0,1
0.75400364,1,rgb_pca,0,1
0.71657014,1,rgb_pca,0,1
0.7356508,1,rgb_pca,0,1
0.75960135,1,rgb_pca,0,1
0.7383596,1,rgb_pca,0,1
0.75679934,1,rgb_pca,0,1
0.7801397,1,rgb_pca,0,1
0.77737266,1,rgb_pca,0,1
0.7725065,1,rgb_pca,0,1
0.78129154,1,rgb_pca,0,1
0.77068007,1,rgb_pca,0,1
0.74465597,1,rgb_pca,0,1
0.77975035,1,rgb_pca,0,1
0.744244,1,rgb_pca,0,1
0.7302898,1,rgb_pca,0,1
0.7585572,1,rgb_pca,0,1
0.77945983,1,rgb_pca,0,1
0.7427603,1,rgb_pca,0,1
0.79119897,1,rgb_pca,0,1
0.73192173,1,rgb_pca,0,1
0.73980755,1,rgb_pca,0,1
0.7534897,1,rgb_pca,0,1
0.703769,1,rgb_pca,0,1
0.68978375,1,rgb_pca,0,1
0.70663846,1,rgb_pca,0,1
0.71802837,1,rgb_pca,0,1
0.7196028,1,rgb_pca,0,1
0.7672842,1,rgb_pca,0,1
0.7484954,1,rgb_pca,0,1
0.70848125,1,rgb_pca,0,1
0.70828784,1,rgb_pca,0,1
0.7377131,1,rgb_pca,0,1
0.7108428,1,rgb_pca,0,1
0.7011098,1,rgb_pca,0,1
0.7537463,1,rgb_pca,0,1
0.76323295,1,rgb_pca,0,1
0.78269464,1,rgb_pca,0,1
0.7659209,1,rgb_pca,0,1
0.73858106,1,rgb_pca,0,1
0.75849223,1,rgb_pca,0,1
0.73886836,1,rgb_pca,0,1
0.7193871,1,rgb_pca,0,1
0.7565246,1,rgb_pca,0,1
0.73646295,1,rgb_pca,0,1
0.7058533,1,rgb_pca,0,1
0.7579817,1,rgb_pca,0,1
0.720731,1,rgb_pca,0,1
0.7201033,1,rgb_pca,0,1
0.7241353,1,rgb_pca,0,1
0.71453834,1,rgb_pca,0,1
0.712503,1,rgb_pca,0,1
0.7231447,1,rgb_pca,0,1
0.6500641,6,rgb_sar,0,2
0.619671,6,rgb_sar,0,2
0.6547625,6,rgb_sar,0,2
0.6817586,6,rgb_sar,0,2
0.7289537,6,rgb_sar,0,2
0.218822,6,rgb_sar,0,2
0.21614158,6,rgb_sar,0,2
0.27899894,6,rgb_sar,0,2
0.25282374,6,rgb_sar,0,2
0.41263402,6,rgb_sar,0,2
0.212143,6,rgb_sar,0,2
0.14650264,6,rgb_sar,0,2
0.08570553,6,rgb_sar,0,2
0.10608202,6,rgb_sar,0,2
0.089638844,6,rgb_sar,0,2
0.28058854,6,rgb_sar,0,2
0.22185244,6,rgb_sar,0,2
0.1576769,6,rgb_sar,0,2
0.15302138,6,rgb_sar,0,2
0.1352098,6,rgb_sar,0,2
0.08971975,6,rgb_sar,0,2
0.24338847,6,rgb_sar,0,2
0.23039235,6,rgb_sar,0,2
0.1933071,6,rgb_sar,0,2
0.20743856,6,rgb_sar,0,2
0.2519703,6,rgb_sar,0,2
0.16337115,6,rgb_sar,0,2
0.31135616,6,rgb_sar,0,2
0.098059796,6,rgb_sar,0,2
0.1242124,6,rgb_sar,0,2
0.13304016,6,rgb_sar,0,2
0.14677417,6,rgb_sar,0,2
0.209416,6,rgb_sar,0,2
0.21515858,6,rgb_sar,0,2
0.35992324,6,rgb_sar,0,2
0.13903317,6,rgb_sar,0,2
0.19710086,6,rgb_sar,0,2
0.20701966,6,rgb_sar,0,2
0.2294159,6,rgb_sar,0,2
0.19209117,6,rgb_sar,0,2
0.33296788,6,rgb_sar,0,2
0.18173298,6,rgb_sar,0,2
0.20749277,6,rgb_sar,0,2
0.23350473,6,rgb_sar,0,2
0.26557305,6,rgb_sar,0,2
0.2205827,6,rgb_sar,0,2
0.3655224,6,rgb_sar,0,2
0.154295,6,rgb_sar,0,2
0.16653666,6,rgb_sar,0,2
0.14732203,6,rgb_sar,0,2
0.19896056,6,rgb_sar,0,2
0.17862701,6,rgb_sar,0,2
0.2800923,6,rgb_sar,0,2
0.20609352,6,rgb_sar,0,2
0.18664058,6,rgb_sar,0,2
0.19273823,6,rgb_sar,0,2
0.18527716,6,rgb_sar,0,2
0.3089016,6,rgb_sar,0,2
0.12395519,6,rgb_sar,0,2
0.26933315,6,rgb_sar,0,2
0.20481521,6,rgb_sar,0,2
0.21457046,6,rgb_sar,0,2
0.22241779,6,rgb_sar,0,2
0.3395548,6,rgb_sar,0,2
0.2833503,6,rgb_sar,0,2
0.20100549,6,rgb_sar,0,2
0.1997303,6,rgb_sar,0,2
0.18664908,6,rgb_sar,0,2
0.33074296,6,rgb_sar,0,2
0.2843346,6,rgb_sar,0,2
0.21701774,6,rgb_sar,0,2
0.21180058,6,rgb_sar,0,2
0.17513658,6,rgb_sar,0,2
0.35259622,6,rgb_sar,0,2
0.18312266,2,rgb_sar,0,2
0.13961239,2,rgb_sar,0,2
0.16865781,2,rgb_sar,0,2
0.13559547,2,rgb_sar,0,2
0.046019755,2,rgb_sar,0,2
0.06908506,2,rgb_sar,0,2
0.118873104,2,rgb_sar,0,2
0.004918631,2,rgb_sar,0,2
0.20824112,2,rgb_sar,0,2
0.12917678,2,rgb_sar,0,2
0.0326458,2,rgb_sar,0,2
0.08762422,2,rgb_sar,0,2
0.08102126,2,rgb_sar,0,2
-0.007836536,2,rgb_sar,0,2
-0.12820052,2,rgb_sar,0,2
0.015148455,2,rgb_sar,0,2
0.08734201,2,rgb_sar,0,2
0.033641845,2,rgb_sar,0,2
0.018344626,2,rgb_sar,0,2
0.059168156,2,rgb_sar,0,2
0.21324793,2,rgb_sar,0,2
0.15006074,2,rgb_sar,0,2
0.055212025,2,rgb_sar,0,2
-0.010392889,2,rgb_sar,0,2
-0.029457761,2,rgb_sar,0,2
0.0702586,2,rgb_sar,0,2
0.13318901,2,rgb_sar,0,2
0.6225234,6,rgb_sar,0,2
0.649806,6,rgb_sar,0,2
0.65283144,6,rgb_sar,0,2
0.64775753,6,rgb_sar,0,2
0.6495898,6,rgb_sar,0,2
0.6335935,6,rgb_sar,0,2
0.61835074,6,rgb_sar,0,2
0.20979282,6,rgb_sar,0,2
0.18172759,6,rgb_sar,0,2
0.18855424,6,rgb_sar,0,2
0.19840313,6,rgb_sar,0,2
0.22839677,6,rgb_sar,0,2
0.28826973,6,rgb_sar,0,2
0.28059772,6,rgb_sar,0,2
0.12862706,6,rgb_sar,0,2
0.13683584,6,rgb_sar,0,2
0.12563747,6,rgb_sar,0,2
0.1064488,6,rgb_sar,0,2
0.10448578,6,rgb_sar,0,2
0.13994569,6,rgb_sar,0,2
0.16993794,6,rgb_sar,0,2
0.15615138,6,rgb_sar,0,2
0.18524304,6,rgb_sar,0,2
0.15965065,6,rgb_sar,0,2
0.14078698,6,rgb_sar,0,2
0.12075772,6,rgb_sar,0,2
0.15974629,6,rgb_sar,0,2
0.17540805,6,rgb_sar,0,2
0.25575382,6,rgb_sar,0,2
0.27880353,6,rgb_sar,0,2
0.23713991,6,rgb_sar,0,2
0.22133493,6,rgb_sar,0,2
0.16500211,6,rgb_sar,0,2
0.23652442,6,rgb_sar,0,2
0.26593298,6,rgb_sar,0,2
0.2682046,6,rgb_sar,0,2
0.10779438,6,rgb_sar,0,2
0.10463906,6,rgb_sar,0,2
0.12119932,6,rgb_sar,0,2
0.08964652,6,rgb_sar,0,2
0.13750975,6,rgb_sar,0,2
0.10216305,6,rgb_sar,0,2
0.13855982,6,rgb_sar,0,2
0.2083149,6,rgb_sar,0,2
0.19480747,6,rgb_sar,0,2
0.1728673,6,rgb_sar,0,2
0.19817555,6,rgb_sar,0,2
0.14606136,6,rgb_sar,0,2
0.17601657,6,rgb_sar,0,2
0.16569361,6,rgb_sar,0,2
0.1857979,6,rgb_sar,0,2
0.2463266,6,rgb_sar,0,2
0.2485787,6,rgb_sar,0,2
0.22916462,6,rgb_sar,0,2
0.18682672,6,rgb_sar,0,2
0.2106289,6,rgb_sar,0,2
0.19055127,6,rgb_sar,0,2
0.21073847,6,rgb_sar,0,2
0.21554798,6,rgb_sar,0,2
0.2420572,6,rgb_sar,0,2
0.2679574,6,rgb_sar,0,2
0.24887973,6,rgb_sar,0,2
0.17766279,6,rgb_sar,0,2
0.1751324,6,rgb_sar,0,2
0.20166075,6,rgb_sar,0,2
0.17054293,6,rgb_sar,0,2
0.20290816,6,rgb_sar,0,2
0.20932348,6,rgb_sar,0,2
0.22703524,6,rgb_sar,0,2
0.19652118,6,rgb_sar,0,2
0.20170757,6,rgb_sar,0,2
0.17854263,6,rgb_sar,0,2
0.22708943,6,rgb_sar,0,2
0.22357926,6,rgb_sar,0,2
0.25526693,6,rgb_sar,0,2
0.24335043,6,rgb_sar,0,2
0.2331307,6,rgb_sar,0,2
0.2397058,6,rgb_sar,0,2
0.22933026,6,rgb_sar,0,2
0.22683324,6,rgb_sar,0,2
0.2484422,6,rgb_sar,0,2
0.17518465,6,rgb_sar,0,2
0.22506195,6,rgb_sar,0,2
0.22543406,6,rgb_sar,0,2
0.2618624,6,rgb_sar,0,2
0.34314138,6,rgb_sar,0,2
0.305977,6,rgb_sar,0,2
0.27627593,6,rgb_sar,0,2
0.2551666,6,rgb_sar,0,2
0.20524788,6,rgb_sar,0,2
0.1678548,6,rgb_sar,0,2
0.26626894,6,rgb_sar,0,2
0.22463821,6,rgb_sar,0,2
0.2834021,6,rgb_sar,0,2
0.26877487,6,rgb_sar,0,2
0.23001756,6,rgb_sar,0,2
0.1847583,6,rgb_sar,0,2
0.17822714,6,rgb_sar,0,2
0.1955957,6,rgb_sar,0,2
0.14434451,6,rgb_sar,0,2
0.23699607,6,rgb_sar,0,2
0.25245348,6,rgb_sar,0,2
0.30008918,6,rgb_sar,0,2
0.25720477,6,rgb_sar,0,2
0.24136612,6,rgb_sar,0,2
0.21607384,6,rgb_sar,0,2
0.20573561,6,rgb_sar,0,2
0.2097533,6,rgb_sar,0,2
0.18830702,6,rgb_sar,0,2
0.16584155,2,rgb_sar,0,2
0.15827459,2,rgb_sar,0,2
0.11986424,2,rgb_sar,0,2
0.11037213,2,rgb_sar,0,2
0.047216818,2,rgb_sar,0,2
0.08084331,2,rgb_sar,0,2
0.11481203,2,rgb_sar,0,2
-0.036837164,2,rgb_sar,0,2
0.08586697,2,rgb_sar,0,2
0.09606764,2,rgb_sar,0,2
0.069596335,2,rgb_sar,0,2
-0.023281459,2,rgb_sar,0,2
0.10882798,2,rgb_sar,0,2
0.064347416,2,rgb_sar,0,2
0.024653897,2,rgb_sar,0,2
-0.018470049,2,rgb_sar,0,2
0.122510985,2,rgb_sar,0,2
0.09415252,2,rgb_sar,0,2
-0.003570023,2,rgb_sar,0,2
0.015099965,2,rgb_sar,0,2
0.07861799,2,rgb_sar,0,2
0.035685074,2,rgb_sar,0,2
0.01690471,2,rgb_sar,0,2
-0.03206952,2,rgb_sar,0,2
0.014768459,2,rgb_sar,0,2
0.05301588,2,rgb_sar,0,2
0.04699281,2,rgb_sar,0,2
0.61612076,6,rgb_sar,0,2
0.6052785,6,rgb_sar,0,2
0.34675038,6,rgb_sar,0,2
0.2725681,6,rgb_sar,0,2
0.2900884,6,rgb_sar,0,2
0.32084218,6,rgb_sar,0,2
0.3691284,6,rgb_sar,0,2
0.22328295,6,rgb_sar,0,2
0.32820243,6,rgb_sar,0,2
0.17758384,6,rgb_sar,0,2
0.31196582,6,rgb_sar,0,2
0.18587495,6,rgb_sar,0,2
0.20529419,6,rgb_sar,0,2
0.36335373,6,rgb_sar,0,2
0.24095458,6,rgb_sar,0,2
0.24424654,6,rgb_sar,0,2
0.34340084,6,rgb_sar,0,2
0.22975859,6,rgb_sar,0,2
0.17225173,6,rgb_sar,0,2
0.33796102,6,rgb_sar,0,2
0.24158911,6,rgb_sar,0,2
0.22024488,6,rgb_sar,0,2
0.1897283,6,rgb_sar,0,2
0.3173619,6,rgb_sar,0,2
0.23533241,6,rgb_sar,0,2
0.2756492,6,rgb_sar,0,2
0.22123161,6,rgb_sar,0,2
0.30138737,6,rgb_sar,0,2
0.22025014,6,rgb_sar,0,2
0.24947307,6,rgb_sar,0,2
0.17935555,6,rgb_sar,0,2
0.2906044,6,rgb_sar,0,2
0.24108598,6,rgb_sar,0,2
0.2412423,6,rgb_sar,0,2
0.18511756,6,rgb_sar,0,2
0.08798458,2,rgb_sar,0,2
0.012446083,2,rgb_sar,0,2
0.17943552,2,rgb_sar,0,2
0.07479389,2,rgb_sar,0,2
0.08877074,2,rgb_sar,0,2
-0.036184236,2,rgb_sar,0,2
0.043552145,2,rgb_sar,0,2
0.030617438,2,rgb_sar,0,2
0.093760684,2,rgb_sar,0,2
0.033377804,2,rgb_sar,0,2
0.07907143,2,rgb_sar,0,2
0.08806807,2,rgb_sar,0,2
0.08022814,2,rgb_sar,0,2
0.03459105,2,rgb_sar,0,2
-0.016267847,2,rgb_sar,0,2
-0.017251674,2,rgb_sar,0,2
0.07005809,2,rgb_sar,0,2
0.057717063,2,rgb_sar,0,2
0.031238884,2,rgb_sar,0,2
0.04295391,2,rgb_sar,0,2
0.12442835,2,rgb_sar,0,2
0.058135286,2,rgb_sar,0,2
0.03314869,2,rgb_sar,0,2
-0.043697685,2,rgb_sar,0,2
-0.043063734,2,rgb_sar,0,2
0.005961189,2,rgb_sar,0,2
0.022020385,2,rgb_sar,0,2
0.14243984,2,rgb_sar,0,2
0.13422506,2,rgb_sar,0,2
0.066525646,2,rgb_sar,0,2
0.05641266,2,rgb_sar,0,2
0.036979802,2,rgb_sar,0,2
-0.012931522,2,rgb_sar,0,2
0.07711099,2,rgb_sar,0,2
-0.013511173,2,rgb_sar,0,2
0.040923044,2,rgb_sar,0,2
0.027925307,2,rgb_sar,0,2
0.085800454,2,rgb_sar,0,2
0.14832456,2,rgb_sar,0,2
0.010550767,2,rgb_sar,0,2
-0.06280282,2,rgb_sar,0,2
-0.066706404,2,rgb_sar,0,2
0.06632832,2,rgb_sar,0,2
0.046441257,2,rgb_sar,0,2
0.0034321696,2,rgb_sar,0,2
0.00012056716,2,rgb_sar,0,2
0.08387622,2,rgb_sar,0,2
0.13782993,2,rgb_sar,0,2
0.16013882,2,rgb_sar,0,2
-0.0073138904,2,rgb_sar,0,2
-0.0011185631,2,rgb_sar,0,2
0.060341068,2,rgb_sar,0,2
0.025572004,2,rgb_sar,0,2
0.0641571,2,rgb_sar,0,2
0.23794061,2,rgb_sar,0,2
0.05923818,2,rgb_sar,0,2
0.2543215,2,rgb_sar,0,2
-0.060687233,2,rgb_sar,0,2
0.018235806,2,rgb_sar,0,2
0.020816643,2,rgb_sar,0,2
0.021013323,2,rgb_sar,0,2
0.09816942,2,rgb_sar,0,2
0.14350384,2,rgb_sar,0,2
0.13882287,2,rgb_sar,0,2
0.15629314,2,rgb_sar,0,2
0.10050141,2,rgb_sar,0,2
0.11000664,2,rgb_sar,0,2
0.098827474,2,rgb_sar,0,2
0.109460786,2,rgb_sar,0,2
0.100816935,2,rgb_sar,0,2
0.10830733,2,rgb_sar,0,2
0.14950064,2,rgb_sar,0,2
0.107552856,2,rgb_sar,0,2
0.12485836,2,rgb_sar,0,2
0.076780215,2,rgb_sar,0,2
0.11250763,2,rgb_sar,0,2
0.11073241,2,rgb_sar,0,2
0.07958589,2,rgb_sar,0,2
0.19620475,2,rgb_sar,0,2
0.18443765,2,rgb_sar,0,2
0.117850035,2,rgb_sar,0,2
0.09005166,2,rgb_sar,0,2
0.124592364,2,rgb_sar,0,2
0.251591,2,rgb_sar,0,2
0.18538028,2,rgb_sar,0,2
0.18702039,2,rgb_sar,0,2
0.0903558,2,rgb_sar,0,2
0.09951694,2,rgb_sar,0,2
0.124785036,2,rgb_sar,0,2
0.089817435,2,rgb_sar,0,2
0.102096625,2,rgb_sar,0,2
0.2598564,2,rgb_sar,0,2
0.19186766,2,rgb_sar,0,2
0.12710378,2,rgb_sar,0,2
0.02365665,2,rgb_sar,0,2
0.2129843,2,rgb_sar,0,2
0.18903042,2,rgb_sar,0,2
0.118466735,2,rgb_sar,0,2
0.11678631,2,rgb_sar,0,2
0.092971236,2,rgb_sar,0,2
0.16035621,2,rgb_sar,0,2
0.19289187,2,rgb_sar,0,2
0.13401341,2,rgb_sar,0,2
0.19145279,2,rgb_sar,0,2
0.18109351,2,rgb_sar,0,2
0.13101071,2,rgb_sar,0,2
0.16857821,2,rgb_sar,0,2
0.094594926,2,rgb_sar,0,2
0.12899867,2,rgb_sar,0,2
0.1430158,2,rgb_sar,0,2
0.105735414,2,rgb_sar,0,2
0.12819207,2,rgb_sar,0,2
0.048843354,2,rgb_sar,0,2
0.13352361,2,rgb_sar,0,2
0.14397317,2,rgb_sar,0,2
0.10726582,2,rgb_sar,0,2
0.08339167,2,rgb_sar,0,2
0.116513304,2,rgb_sar,0,2
0.088378124,2,rgb_sar,0,2
0.06235931,2,rgb_sar,0,2
0.08395197,2,rgb_sar,0,2
0.09207632,2,rgb_sar,0,2
0.083168045,2,rgb_sar,0,2
0.16841456,2,rgb_sar,0,2
0.15584451,2,rgb_sar,0,2
0.13366681,2,rgb_sar,0,2
0.04182652,2,rgb_sar,0,2
0.021161513,2,rgb_sar,0,2
0.07768521,2,rgb_sar,0,2
0.020832485,2,rgb_sar,0,2
-0.052733965,2,rgb_sar,0,2
-0.028151503,2,rgb_sar,0,2
0.036078967,2,rgb_sar,0,2
0.13034865,2,rgb_sar,0,2
0.22019112,2,rgb_sar,0,2
0.2482156,2,rgb_sar,0,2
0.1707725,2,rgb_sar,0,2
0.14444984,2,rgb_sar,0,2
0.12260683,2,rgb_sar,0,2
0.08051178,2,rgb_sar,0,2
0.1324267,2,rgb_sar,0,2
0.17530927,2,rgb_sar,0,2
0.08841941,2,rgb_sar,0,2
0.053878486,2,rgb_sar,0,2
0.042033635,2,rgb_sar,0,2
0.10741306,2,rgb_sar,0,2
0.14173579,2,rgb_sar,0,2
0.29618478,2,rgb_sar,0,2
0.34133402,2,rgb_sar,0,2
0.25506514,2,rgb_sar,0,2
0.18148375,2,rgb_sar,0,2
0.0912098,2,rgb_sar,0,2
0.100900546,2,rgb_sar,0,2
0.18621007,2,rgb_sar,0,2
0.2629385,2,rgb_sar,0,2
0.12987596,2,rgb_sar,0,2
0.107224405,2,rgb_sar,0,2
0.12402579,2,rgb_sar,0,2
0.06699628,2,rgb_sar,0,2
0.11515921,2,rgb_sar,0,2
0.18649599,2,rgb_sar,0,2
0.20795298,2,rgb_sar,0,2
0.19368687,2,rgb_sar,0,2
0.18647486,2,rgb_sar,0,2
0.14662531,2,rgb_sar,0,2
0.13903561,2,rgb_sar,0,2
0.122005165,2,rgb_sar,0,2
0.18500523,2,rgb_sar,0,2
0.14610909,2,rgb_sar,0,2
0.18605277,2,rgb_sar,0,2
0.19623941,2,rgb_sar,0,2
0.1213437,2,rgb_sar,0,2
0.19736856,2,rgb_sar,0,2
0.11684552,2,rgb_sar,0,2
0.11795838,2,rgb_sar,0,2
0.295963,2,rgb_sar,0,2
0.2889804,2,rgb_sar,0,2
0.2884297,2,rgb_sar,0,2
0.33232123,2,rgb_sar,0,2
0.3027202,2,rgb_sar,0,2
0.31446636,2,rgb_sar,0,2
0.22487496,2,rgb_sar,0,2
0.2075495,2,rgb_sar,0,2
0.18615681,2,rgb_sar,0,2
0.20757006,2,rgb_sar,0,2
0.27813473,2,rgb_sar,0,2
0.25914407,2,rgb_sar,0,2
0.35198218,2,rgb_sar,0,2
0.27718103,2,rgb_sar,0,2
0.18802246,2,rgb_sar,0,2
-0.009416524,2,rgb_sar,0,2
0.014933307,2,rgb_sar,0,2
0.026661944,2,rgb_sar,0,2
0.054644965,2,rgb_sar,0,2
0.17470229,2,rgb_sar,0,2
0.047618717,2,rgb_sar,0,2
0.07929066,2,rgb_sar,0,2
0.11205892,2,rgb_sar,0,2
0.130563,2,rgb_sar,0,2
0.08837493,2,rgb_sar,0,2
0.095385686,2,rgb_sar,0,2
0.20713142,2,rgb_sar,0,2
0.05237758,2,rgb_sar,0,2
0.052745257,2,rgb_sar,0,2
0.081325844,2,rgb_sar,0,2
0.15376028,2,rgb_sar,0,2
0.06513667,2,rgb_sar,0,2
0.064382076,2,rgb_sar,0,2
0.10877001,2,rgb_sar,0,2
0.18619306,2,rgb_sar,0,2
0.15918504,2,rgb_sar,0,2
0.057099104,2,rgb_sar,0,2
0.08030842,2,rgb_sar,0,2
0.12145586,2,rgb_sar,0,2
0.10882901,2,rgb_sar,0,2
0.15948668,2,rgb_sar,0,2
0.19485381,2,rgb_sar,0,2
0.094664276,2,rgb_sar,0,2
0.12307739,2,rgb_sar,0,2
0.12874606,2,rgb_sar,0,2
0.13673846,2,rgb_sar,0,2
0.13774344,2,rgb_sar,0,2
0.12235068,2,rgb_sar,0,2
0.11431585,2,rgb_sar,0,2
0.08482827,2,rgb_sar,0,2
0.096331075,2,rgb_sar,0,2
0.028836347,2,rgb_sar,0,2
0.061261572,2,rgb_sar,0,2
0.14792591,2,rgb_sar,0,2
0.23297921,2,rgb_sar,0,2
0.2349569,2,rgb_sar,0,2
0.14890015,2,rgb_sar,0,2
0.13999854,2,rgb_sar,0,2
0.15385255,2,rgb_sar,0,2
0.081877306,2,rgb_sar,0,2
0.06828657,2,rgb_sar,0,2
0.101589575,2,rgb_sar,0,2
0.20311052,2,rgb_sar,0,2
0.26495975,2,rgb_sar,0,2
0.15473713,2,rgb_sar,0,2
0.08039383,2,rgb_sar,0,2
0.08833097,2,rgb_sar,0,2
0.08233677,2,rgb_sar,0,2
0.1578539,2,rgb_sar,0,2
0.11551678,2,rgb_sar,0,2
0.18385772,2,rgb_sar,0,2
0.24499501,2,rgb_sar,0,2
0.18147528,2,rgb_sar,0,2
0.08153884,2,rgb_sar,0,2
0.05527472,2,rgb_sar,0,2
0.05446829,2,rgb_sar,0,2
0.113011286,2,rgb_sar,0,2
0.122592755,2,rgb_sar,0,2
0.111122474,2,rgb_sar,0,2
0.14840543,2,rgb_sar,0,2
0.10035985,2,rgb_sar,0,2
0.046883844,2,rgb_sar,0,2
0.07482525,2,rgb_sar,0,2
0.10163641,2,rgb_sar,0,2
0.037037376,2,rgb_sar,0,2
-0.0026405528,2,rgb_sar,0,2
0.03059508,2,rgb_sar,0,2
0.12037572,2,rgb_sar,0,2
0.12743741,2,rgb_sar,0,2
0.21421835,2,rgb_sar,0,2
0.11617403,2,rgb_sar,0,2
0.12284305,2,rgb_sar,0,2
0.1593327,2,rgb_sar,0,2
0.10163139,2,rgb_sar,0,2
0.011789534,2,rgb_sar,0,2
0.11278875,2,rgb_sar,0,2
0.12748465,2,rgb_sar,0,2
0.023630522,2,rgb_sar,0,2
0.0870126,2,rgb_sar,0,2
0.084174335,2,rgb_sar,0,2
0.14396118,2,rgb_sar,0,2
0.15675,2,rgb_sar,0,2
0.28010392,2,rgb_sar,0,2
0.17084669,2,rgb_sar,0,2
0.15621062,2,rgb_sar,0,2
0.15055057,2,rgb_sar,0,2
0.10838674,2,rgb_sar,0,2
0.07258801,2,rgb_sar,0,2
0.12832157,2,rgb_sar,0,2
0.12928331,2,rgb_sar,0,2
0.065628044,2,rgb_sar,0,2
0.11715283,2,rgb_sar,0,2
0.16231814,2,rgb_sar,0,2
0.08284823,2,rgb_sar,0,2
0.12179177,2,rgb_sar,0,2
0.38272214,2,rgb_sar,0,2
0.3068662,2,rgb_sar,0,2
0.2405792,2,rgb_sar,0,2
0.18447983,2,rgb_sar,0,2
0.18415925,2,rgb_sar,0,2
0.17716457,2,rgb_sar,0,2
0.13225102,2,rgb_sar,0,2
0.16314307,2,rgb_sar,0,2
0.120957844,2,rgb_sar,0,2
0.19932675,2,rgb_sar,0,2
0.19938594,2,rgb_sar,0,2
0.12198709,2,rgb_sar,0,2
0.1132744,2,rgb_sar,0,2
0.20913523,2,rgb_sar,0,2
0.2024459,2,rgb_sar,0,2
0.52546746,2,rgb_sar,0,2
0.44577405,2,rgb_sar,0,2
0.3922149,2,rgb_sar,0,2
0.34111175,2,rgb_sar,0,2
0.3139162,2,rgb_sar,0,2
0.3160993,2,rgb_sar,0,2
0.28478348,2,rgb_sar,0,2
0.30552408,2,rgb_sar,0,2
0.25993067,2,rgb_sar,0,2
0.2963852,2,rgb_sar,0,2
0.29656613,2,rgb_sar,0,2
0.28356993,2,rgb_sar,0,2
0.3076085,2,rgb_sar,0,2
0.3305943,2,rgb_sar,0,2
0.25073403,2,rgb_sar,0,2
-0.03013807,7,rgb_sar,0,2
-0.07954166,7,rgb_sar,0,2
-0.030608397,7,rgb_sar,0,2
-0.025902959,7,rgb_sar,0,2
-0.0069389045,7,rgb_sar,0,2
0.17155816,7,rgb_sar,0,2
0.006856721,7,rgb_sar,0,2
0.038899876,7,rgb_sar,0,2
0.09616491,7,rgb_sar,0,2
0.07970873,7,rgb_sar,0,2
0.083834514,7,rgb_sar,0,2
0.025434002,7,rgb_sar,0,2
-0.0048290975,7,rgb_sar,0,2
0.021023888,7,rgb_sar,0,2
0.22758168,7,rgb_sar,0,2
0.2205661,7,rgb_sar,0,2
0.16467068,7,rgb_sar,0,2
0.10189769,7,rgb_sar,0,2
0.016698632,7,rgb_sar,0,2
0.041427158,7,rgb_sar,0,2
0.18690324,7,rgb_sar,0,2
0.11974345,7,rgb_sar,0,2
0.05593256,7,rgb_sar,0,2
-0.092026114,7,rgb_sar,0,2
0.0036163423,7,rgb_sar,0,2
0.06182108,7,rgb_sar,0,2
0.05363599,7,rgb_sar,0,2
0.025897522,7,rgb_sar,0,2
-0.0024192035,7,rgb_sar,0,2
0.028605768,7,rgb_sar,0,2
0.009305745,7,rgb_sar,0,2
-0.017246496,7,rgb_sar,0,2
-0.029588714,7,rgb_sar,0,2
0.048928186,7,rgb_sar,0,2
0.05555208,7,rgb_sar,0,2
-0.013906378,7,rgb_sar,0,2
-0.065184124,7,rgb_sar,0,2
0.05947361,7,rgb_sar,0,2
0.0087998025,7,rgb_sar,0,2
0.09871727,7,rgb_sar,0,2
0.11101562,7,rgb_sar,0,2
0.01687409,7,rgb_sar,0,2
0.05918895,7,rgb_sar,0,2
0.08240977,7,rgb_sar,0,2
0.085623905,7,rgb_sar,0,2
0.0868507,7,rgb_sar,0,2
0.021600423,7,rgb_sar,0,2
0.033626817,7,rgb_sar,0,2
0.116391316,7,rgb_sar,0,2
0.0906059,7,rgb_sar,0,2
0.048621774,7,rgb_sar,0,2
0.028464172,7,rgb_sar,0,2
0.08245479,7,rgb_sar,0,2
0.064459905,7,rgb_sar,0,2
0.03952858,7,rgb_sar,0,2
0.15512627,7,rgb_sar,0,2
0.13321991,7,rgb_sar,0,2
0.1266028,7,rgb_sar,0,2
0.21130511,7,rgb_sar,0,2
0.19082816,7,rgb_sar,0,2
0.19778246,7,rgb_sar,0,2
0.014944187,7,rgb_sar,0,2
0.03937792,7,rgb_sar,0,2
0.004379105,7,rgb_sar,0,2
-0.0232196,7,rgb_sar,0,2
0.025347598,7,rgb_sar,0,2
0.146021,7,rgb_sar,0,2
0.01933495,7,rgb_sar,0,2
-0.065643385,7,rgb_sar,0,2
-0.023320656,7,rgb_sar,0,2
0.017322596,7,rgb_sar,0,2
0.009605499,7,rgb_sar,0,2
-0.03094388,7,rgb_sar,0,2
0.044854846,7,rgb_sar,0,2
0.070596196,7,rgb_sar,0,2
0.24654876,7,rgb_sar,0,2
0.20998816,7,rgb_sar,0,2
0.18115827,7,rgb_sar,0,2
0.15137368,7,rgb_sar,0,2
-0.0034768563,7,rgb_sar,0,2
0.048906885,7,rgb_sar,0,2
0.12902026,7,rgb_sar,0,2
-0.0005722735,7,rgb_sar,0,2
-0.023338787,7,rgb_sar,0,2
-0.09561826,7,rgb_sar,0,2
0.020504693,7,rgb_sar,0,2
0.02452075,7,rgb_sar,0,2
0.039034285,7,rgb_sar,0,2
0.07619193,7,rgb_sar,0,2
0.08193138,7,rgb_sar,0,2
0.09921968,7,rgb_sar,0,2
0.09870666,7,rgb_sar,0,2
-0.044113304,7,rgb_sar,0,2
-0.03406646,7,rgb_sar,0,2
0.061700817,7,rgb_sar,0,2
-0.033048328,7,rgb_sar,0,2
-0.011246643,7,rgb_sar,0,2
-0.01676907,7,rgb_sar,0,2
0.086013846,7,rgb_sar,0,2
0.024290483,7,rgb_sar,0,2
0.108848155,7,rgb_sar,0,2
0.10338269,7,rgb_sar,0,2
0.08728825,7,rgb_sar,0,2
0.07628496,7,rgb_sar,0,2
0.049006663,7,rgb_sar,0,2
0.082541026,7,rgb_sar,0,2
0.08611141,7,rgb_sar,0,2
0.06571561,7,rgb_sar,0,2
0.07301168,7,rgb_sar,0,2
0.10101223,7,rgb_sar,0,2
0.107140064,7,rgb_sar,0,2
0.025217604,7,rgb_sar,0,2
0.06771593,7,rgb_sar,0,2
0.07939525,7,rgb_sar,0,2
0.016893985,7,rgb_sar,0,2
0.05769947,7,rgb_sar,0,2
0.14792079,7,rgb_sar,0,2
0.071578875,7,rgb_sar,0,2
0.15512452,7,rgb_sar,0,2
0.1905951,7,rgb_sar,0,2
0.14587894,7,rgb_sar,0,2
0.20181565,7,rgb_sar,0,2
0.2388404,2,rgb_sar,0,2
0.1275503,2,rgb_sar,0,2
0.26349658,2,rgb_sar,0,2
-0.006301686,2,rgb_sar,0,2
0.052290656,2,rgb_sar,0,2
-0.0016290564,2,rgb_sar,0,2
0.011100615,2,rgb_sar,0,2
0.073589094,2,rgb_sar,0,2
0.11872201,2,rgb_sar,0,2
0.11271788,2,rgb_sar,0,2
0.17085686,2,rgb_sar,0,2
0.11639155,2,rgb_sar,0,2
0.103913486,2,rgb_sar,0,2
0.1322459,2,rgb_sar,0,2
0.22598001,2,rgb_sar,0,2
0.105728924,2,rgb_sar,0,2
0.11107329,2,rgb_sar,0,2
0.101916455,2,rgb_sar,0,2
0.04870247,2,rgb_sar,0,2
0.12751023,2,rgb_sar,0,2
0.1137492,2,rgb_sar,0,2
0.13544285,2,rgb_sar,0,2
0.15375608,2,rgb_sar,0,2
0.17476204,2,rgb_sar,0,2
0.17856412,2,rgb_sar,0,2
0.21420206,2,rgb_sar,0,2
0.12706248,2,rgb_sar,0,2
0.121286,2,rgb_sar,0,2
0.1457654,2,rgb_sar,0,2
0.12307593,2,rgb_sar,0,2
0.1030291,2,rgb_sar,0,2
0.14582787,2,rgb_sar,0,2
0.089030944,2,rgb_sar,0,2
0.08383267,2,rgb_sar,0,2
0.05597509,2,rgb_sar,0,2
0.09519649,2,rgb_sar,0,2
0.12285367,2,rgb_sar,0,2
0.098880865,2,rgb_sar,0,2
0.108936585,2,rgb_sar,0,2
0.13772799,2,rgb_sar,0,2
0.09856489,2,rgb_sar,0,2
0.1262612,2,rgb_sar,0,2
0.13498473,2,rgb_sar,0,2
0.15764028,2,rgb_sar,0,2
0.11600485,2,rgb_sar,0,2
0.15810776,2,rgb_sar,0,2
0.22548681,2,rgb_sar,0,2
0.24290505,2,rgb_sar,0,2
0.09778984,2,rgb_sar,0,2
0.12578867,2,rgb_sar,0,2
0.09116864,2,rgb_sar,0,2
0.10892737,2,rgb_sar,0,2
0.07556485,2,rgb_sar,0,2
0.04497046,2,rgb_sar,0,2
0.16970389,2,rgb_sar,0,2
0.20838037,2,rgb_sar,0,2
0.10419603,2,rgb_sar,0,2
0.06860648,2,rgb_sar,0,2
0.022438575,2,rgb_sar,0,2
0.09880426,2,rgb_sar,0,2
0.057325423,2,rgb_sar,0,2
0.040111944,2,rgb_sar,0,2
0.093238816,2,rgb_sar,0,2
0.08329682,2,rgb_sar,0,2
0.013438081,2,rgb_sar,0,2
0.047580153,2,rgb_sar,0,2
0.067353085,2,rgb_sar,0,2
0.12812835,2,rgb_sar,0,2
0.078057855,2,rgb_sar,0,2
0.10926777,2,rgb_sar,0,2
0.111269206,2,rgb_sar,0,2
0.04551119,2,rgb_sar,0,2
-0.03496306,2,rgb_sar,0,2
-0.011587531,2,rgb_sar,0,2
0.0064284317,2,rgb_sar,0,2
-0.03347535,2,rgb_sar,0,2
0.052336372,2,rgb_sar,0,2
0.050637294,2,rgb_sar,0,2
0.10783626,2,rgb_sar,0,2
0.06956282,2,rgb_sar,0,2
0.119195245,2,rgb_sar,0,2
0.11092634,2,rgb_sar,0,2
0.13811778,2,rgb_sar,0,2
0.08363725,2,rgb_sar,0,2
0.06239991,2,rgb_sar,0,2
0.025606629,2,rgb_sar,0,2
0.042863414,2,rgb_sar,0,2
0.036528576,2,rgb_sar,0,2
0.04806629,2,rgb_sar,0,2
0.1083081,2,rgb_sar,0,2
0.045425646,2,rgb_sar,0,2
0.12017108,2,rgb_sar,0,2
0.109442994,2,rgb_sar,0,2
0.14079916,2,rgb_sar,0,2
0.11377492,2,rgb_sar,0,2
0.16103126,2,rgb_sar,0,2
0.13454267,2,rgb_sar,0,2
0.20050633,2,rgb_sar,0,2
0.10200991,2,rgb_sar,0,2
0.054119833,2,rgb_sar,0,2
0.063073464,2,rgb_sar,0,2
0.03803466,2,rgb_sar,0,2
0.1114238,2,rgb_sar,0,2
0.056017317,2,rgb_sar,0,2
0.06457074,2,rgb_sar,0,2
0.09819497,2,rgb_sar,0,2
0.118508145,2,rgb_sar,0,2
0.09899715,2,rgb_sar,0,2
0.16206393,2,rgb_sar,0,2
0.13392803,2,rgb_sar,0,2
0.21444783,2,rgb_sar,0,2
0.1469196,2,rgb_sar,0,2
0.024587013,2,rgb_sar,0,2
0.092068374,2,rgb_sar,0,2
0.018535238,2,rgb_sar,0,2
0.083784536,2,rgb_sar,0,2
0.12856558,2,rgb_sar,0,2
0.07491812,2,rgb_sar,0,2
0.15154241,2,rgb_sar,0,2
0.12862355,2,rgb_sar,0,2
0.06065117,2,rgb_sar,0,2
0.11156196,2,rgb_sar,0,2
0.14507443,2,rgb_sar,0,2
0.22726232,2,rgb_sar,0,2
0.1808908,2,rgb_sar,0,2
0.21137932,2,rgb_sar,0,2
0.1681189,2,rgb_sar,0,2
0.09698953,2,rgb_sar,0,2
0.16019782,2,rgb_sar,0,2
0.10667655,2,rgb_sar,0,2
0.15297726,2,rgb_sar,0,2
0.21546778,2,rgb_sar,0,2
0.14501162,2,rgb_sar,0,2
0.16043353,2,rgb_sar,0,2
0.18048829,2,rgb_sar,0,2
0.095193684,2,rgb_sar,0,2
0.09042674,2,rgb_sar,0,2
0.0350494,2,rgb_sar,0,2
0.21640761,2,rgb_sar,0,2
0.25150532,2,rgb_sar,0,2
0.19191295,2,rgb_sar,0,2
0.15593481,2,rgb_sar,0,2
0.14511597,2,rgb_sar,0,2
0.1547097,2,rgb_sar,0,2
0.1313811,2,rgb_sar,0,2
0.16148841,2,rgb_sar,0,2
0.20256436,2,rgb_sar,0,2
0.058612514,2,rgb_sar,0,2
0.12301642,2,rgb_sar,0,2
0.14421986,2,rgb_sar,0,2
0.1782762,2,rgb_sar,0,2
0.06757358,2,rgb_sar,0,2
0.1284314,2,rgb_sar,0,2
0.15159374,2,rgb_sar,0,2
0.047303636,2,rgb_sar,0,2
0.16572836,2,rgb_sar,0,2
0.13506776,2,rgb_sar,0,2
0.03496807,2,rgb_sar,0,2
0.06048459,2,rgb_sar,0,2
0.10273397,2,rgb_sar,0,2
0.043282762,2,rgb_sar,0,2
0.13859794,2,rgb_sar,0,2
0.10308575,2,rgb_sar,0,2
0.0062090456,2,rgb_sar,0,2
0.05908428,2,rgb_sar,0,2
0.0674089,2,rgb_sar,0,2
0.06444182,2,rgb_sar,0,2
0.22243953,2,rgb_sar,0,2
0.054845393,2,rgb_sar,0,2
0.11655078,2,rgb_sar,0,2
0.19101769,2,rgb_sar,0,2
0.2021598,2,rgb_sar,0,2
0.132126,2,rgb_sar,0,2
0.14413133,2,rgb_sar,0,2
0.24047253,2,rgb_sar,0,2
0.09367257,2,rgb_sar,0,2
0.16005161,2,rgb_sar,0,2
0.13857247,2,rgb_sar,0,2
0.15198976,2,rgb_sar,0,2
0.13480027,2,rgb_sar,0,2
0.14964187,2,rgb_sar,0,2
0.19997314,2,rgb_sar,0,2
0.11519319,2,rgb_sar,0,2
0.07592145,2,rgb_sar,0,2
0.050313003,2,rgb_sar,0,2
0.11286947,2,rgb_sar,0,2
0.14847913,2,rgb_sar,0,2
0.12612559,2,rgb_sar,0,2
0.13230956,2,rgb_sar,0,2
0.109152324,2,rgb_sar,0,2
0.1185502,2,rgb_sar,0,2
0.027865544,2,rgb_sar,0,2
0.0028397087,2,rgb_sar,0,2
0.14981067,2,rgb_sar,0,2
0.12844858,2,rgb_sar,0,2
0.13151297,2,rgb_sar,0,2
0.1105395,2,rgb_sar,0,2
0.055130653,2,rgb_sar,0,2
0.07714325,2,rgb_sar,0,2
0.163561,2,rgb_sar,0,2
0.14708562,2,rgb_sar,0,2
0.104630575,2,rgb_sar,0,2
0.028650103,2,rgb_sar,0,2
0.10920328,2,rgb_sar,0,2
0.15908039,2,rgb_sar,0,2
0.14841148,2,rgb_sar,0,2
0.068708606,2,rgb_sar,0,2
0.11553277,2,rgb_sar,0,2
0.11743368,2,rgb_sar,0,2
0.16383967,2,rgb_sar,0,2
0.0116221085,2,rgb_sar,0,2
0.08988098,2,rgb_sar,0,2
0.105333045,2,rgb_sar,0,2
0.087460466,2,rgb_sar,0,2
0.10451084,2,rgb_sar,0,2
0.12540478,2,rgb_sar,0,2
0.10422067,2,rgb_sar,0,2
0.12910664,2,rgb_sar,0,2
0.029305708,2,rgb_sar,0,2
0.09397208,2,rgb_sar,0,2
0.07842797,2,rgb_sar,0,2
0.0044528544,2,rgb_sar,0,2
0.023453241,2,rgb_sar,0,2
0.060954906,2,rgb_sar,0,2
0.12089385,2,rgb_sar,0,2
0.06143194,2,rgb_sar,0,2
0.15618429,2,rgb_sar,0,2
0.13167554,2,rgb_sar,0,2
0.10889268,2,rgb_sar,0,2
0.026072495,2,rgb_sar,0,2
0.0055116024,2,rgb_sar,0,2
-0.005092606,2,rgb_sar,0,2
-0.04991629,2,rgb_sar,0,2
-0.0153467925,2,rgb_sar,0,2
0.040357776,2,rgb_sar,0,2
0.1116036,2,rgb_sar,0,2
0.08881804,2,rgb_sar,0,2
0.21666525,2,rgb_sar,0,2
0.109996304,2,rgb_sar,0,2
0.18010145,2,rgb_sar,0,2
0.18377471,2,rgb_sar,0,2
0.15933846,2,rgb_sar,0,2
0.09079386,2,rgb_sar,0,2
0.021754107,2,rgb_sar,0,2
-0.0061462745,2,rgb_sar,0,2
0.042096578,2,rgb_sar,0,2
0.12021333,2,rgb_sar,0,2
0.13946512,2,rgb_sar,0,2
0.14057742,2,rgb_sar,0,2
0.14536381,2,rgb_sar,0,2
0.22025797,2,rgb_sar,0,2
0.13760835,2,rgb_sar,0,2
0.14259666,2,rgb_sar,0,2
0.11949909,2,rgb_sar,0,2
0.16239364,2,rgb_sar,0,2
0.13142718,2,rgb_sar,0,2
0.050469175,2,rgb_sar,0,2
-0.0080715865,2,rgb_sar,0,2
0.059917636,2,rgb_sar,0,2
0.13600224,2,rgb_sar,0,2
0.087463185,2,rgb_sar,0,2
0.057519197,2,rgb_sar,0,2
0.111217506,2,rgb_sar,0,2
0.19655469,2,rgb_sar,0,2
0.13218759,2,rgb_sar,0,2
0.11260451,2,rgb_sar,0,2
0.076340884,2,rgb_sar,0,2
0.1919758,2,rgb_sar,0,2
0.13320963,2,rgb_sar,0,2
0.04635535,2,rgb_sar,0,2
0.009392511,2,rgb_sar,0,2
0.089068964,2,rgb_sar,0,2
0.2501296,2,rgb_sar,0,2
0.19724926,2,rgb_sar,0,2
0.1762701,2,rgb_sar,0,2
0.1858392,2,rgb_sar,0,2
0.09922504,2,rgb_sar,0,2
0.12968071,2,rgb_sar,0,2
0.23311363,2,rgb_sar,0,2
0.18879871,2,rgb_sar,0,2
0.1466909,2,rgb_sar,0,2
0.12005384,2,rgb_sar,0,2
0.22645816,2,rgb_sar,0,2
0.18812087,2,rgb_sar,0,2
0.08943696,2,rgb_sar,0,2
0.045108654,2,rgb_sar,0,2
0.07855969,2,rgb_sar,0,2
0.27787334,2,rgb_sar,0,2
0.20827703,2,rgb_sar,0,2
0.20834467,2,rgb_sar,0,2
0.23512696,2,rgb_sar,0,2
0.16355507,2,rgb_sar,0,2
0.15319785,2,rgb_sar,0,2
0.1501609,2,rgb_sar,0,2
0.09616268,2,rgb_sar,0,2
0.10384728,2,rgb_sar,0,2
0.10127111,2,rgb_sar,0,2
0.17228043,2,rgb_sar,0,2
0.13231003,2,rgb_sar,0,2
0.10444436,2,rgb_sar,0,2
0.08483291,2,rgb_sar,0,2
0.09950813,2,rgb_sar,0,2
0.18503745,2,rgb_sar,0,2
0.11496425,2,rgb_sar,0,2
0.1257224,2,rgb_sar,0,2
0.1981695,2,rgb_sar,0,2
0.15005176,2,rgb_sar,0,2
0.22279353,2,rgb_sar,0,2
0.0701526,2,rgb_sar,0,2
0.17818376,2,rgb_sar,0,2
0.18979053,2,rgb_sar,0,2
0.07168187,2,rgb_sar,0,2
0.15920818,2,rgb_sar,0,2
0.19923773,2,rgb_sar,0,2
0.019494575,2,rgb_sar,0,2
0.14478247,2,rgb_sar,0,2
0.24276549,2,rgb_sar,0,2
0.10664084,2,rgb_sar,0,2
0.17125612,2,rgb_sar,0,2
0.22167075,2,rgb_sar,0,2
0.035820648,7,rgb_sar,0,2
0.06789416,7,rgb_sar,0,2
0.01875444,7,rgb_sar,0,2
-0.049362432,7,rgb_sar,0,2
0.032055967,7,rgb_sar,0,2
0.19697097,7,rgb_sar,0,2
0.10623823,7,rgb_sar,0,2
0.033443544,7,rgb_sar,0,2
0.08792107,7,rgb_sar,0,2
0.10263419,7,rgb_sar,0,2
0.09981762,7,rgb_sar,0,2
-0.01372735,7,rgb_sar,0,2
0.003703354,7,rgb_sar,0,2
0.060118128,7,rgb_sar,0,2
0.19626772,7,rgb_sar,0,2
0.19041201,7,rgb_sar,0,2
0.19103616,7,rgb_sar,0,2
0.18387738,7,rgb_sar,0,2
0.048304442,7,rgb_sar,0,2
0.04318706,7,rgb_sar,0,2
0.1199898,7,rgb_sar,0,2
0.07043247,7,rgb_sar,0,2
-0.008524618,7,rgb_sar,0,2
-0.15023233,7,rgb_sar,0,2
0.017660743,7,rgb_sar,0,2
0.054700732,7,rgb_sar,0,2
0.09305146,7,rgb_sar,0,2
0.1731335,7,rgb_sar,0,2
0.133609,7,rgb_sar,0,2
0.16568127,7,rgb_sar,0,2
0.096582934,7,rgb_sar,0,2
-0.02692921,7,rgb_sar,0,2
-0.036653213,7,rgb_sar,0,2
0.0033418462,7,rgb_sar,0,2
-0.03298164,7,rgb_sar,0,2
-0.12597275,7,rgb_sar,0,2
-0.15454306,7,rgb_sar,0,2
0.023545096,7,rgb_sar,0,2
0.003761487,7,rgb_sar,0,2
0.05798813,7,rgb_sar,0,2
0.13428657,7,rgb_sar,0,2
0.085626215,7,rgb_sar,0,2
0.0376558,7,rgb_sar,0,2
0.03314767,7,rgb_sar,0,2
0.05811457,7,rgb_sar,0,2
0.10393274,7,rgb_sar,0,2
0.104118206,7,rgb_sar,0,2
-0.04476402,7,rgb_sar,0,2
0.018893667,7,rgb_sar,0,2
0.005108623,7,rgb_sar,0,2
0.033509552,7,rgb_sar,0,2
0.041661154,7,rgb_sar,0,2
0.0031562112,7,rgb_sar,0,2
-0.032545596,7,rgb_sar,0,2
0.027165037,7,rgb_sar,0,2
-0.021106118,7,rgb_sar,0,2
0.022308137,7,rgb_sar,0,2
0.024850003,7,rgb_sar,0,2
-0.0594863,7,rgb_sar,0,2
0.014756367,7,rgb_sar,0,2
0.09878799,7,rgb_sar,0,2
0.01872749,7,rgb_sar,0,2
0.0027261898,7,rgb_sar,0,2
-0.06892575,7,rgb_sar,0,2
-0.08123478,7,rgb_sar,0,2
0.05087435,7,rgb_sar,0,2
0.009407857,7,rgb_sar,0,2
0.0029580612,7,rgb_sar,0,2
0.0098683275,7,rgb_sar,0,2
0.030528821,7,rgb_sar,0,2
0.15807028,7,rgb_sar,0,2
-0.022828031,7,rgb_sar,0,2
-0.03338168,7,rgb_sar,0,2
-0.06542081,7,rgb_sar,0,2
0.034176417,7,rgb_sar,0,2
0.20438673,7,rgb_sar,0,2
-0.010397075,7,rgb_sar,0,2
-0.0553084,7,rgb_sar,0,2
0.03276567,7,rgb_sar,0,2
0.025167527,7,rgb_sar,0,2
0.031908885,7,rgb_sar,0,2
0.07895203,7,rgb_sar,0,2
0.0013147481,7,rgb_sar,0,2
0.037253547,7,rgb_sar,0,2
0.0017086715,7,rgb_sar,0,2
-0.036648117,7,rgb_sar,0,2
0.05863226,7,rgb_sar,0,2
0.0566751,7,rgb_sar,0,2
-0.038145307,7,rgb_sar,0,2
-0.017135661,7,rgb_sar,0,2
0.10672736,7,rgb_sar,0,2
0.21609624,7,rgb_sar,0,2
0.1959957,7,rgb_sar,0,2
0.09446987,7,rgb_sar,0,2
0.09600406,7,rgb_sar,0,2
0.011078019,7,rgb_sar,0,2
0.06580833,7,rgb_sar,0,2
0.1071311,7,rgb_sar,0,2
0.018151192,7,rgb_sar,0,2
-0.10023451,7,rgb_sar,0,2
0.0046235174,7,rgb_sar,0,2
0.00899419,7,rgb_sar,0,2
-0.025470328,7,rgb_sar,0,2
-0.06601484,7,rgb_sar,0,2
0.07847598,7,rgb_sar,0,2
0.091818914,7,rgb_sar,0,2
-0.039752793,7,rgb_sar,0,2
-0.010366382,7,rgb_sar,0,2
-0.031131018,7,rgb_sar,0,2
0.014308263,7,rgb_sar,0,2
0.0133949965,7,rgb_sar,0,2
-0.039364897,7,rgb_sar,0,2
-0.11806487,7,rgb_sar,0,2
-0.092177734,7,rgb_sar,0,2
-0.017146144,7,rgb_sar,0,2
0.1093297,7,rgb_sar,0,2
0.15755785,7,rgb_sar,0,2
0.035746105,7,rgb_sar,0,2
0.0066089286,7,rgb_sar,0,2
0.09582202,7,rgb_sar,0,2
0.123070166,7,rgb_sar,0,2
0.15504625,7,rgb_sar,0,2
0.0018972019,7,rgb_sar,0,2
-0.061336588,7,rgb_sar,0,2
0.05992137,7,rgb_sar,0,2
0.038479038,7,rgb_sar,0,2
0.04212892,7,rgb_sar,0,2
0.029361896,7,rgb_sar,0,2
0.0088710515,7,rgb_sar,0,2
-0.06898633,7,rgb_sar,0,2
-0.036608636,7,rgb_sar,0,2
-0.002477469,7,rgb_sar,0,2
0.009918502,7,rgb_sar,0,2
-0.0045562573,7,rgb_sar,0,2
-0.07278106,7,rgb_sar,0,2
-0.020396072,7,rgb_sar,0,2
0.0729356,7,rgb_sar,0,2
0.058640838,7,rgb_sar,0,2
0.0077641937,7,rgb_sar,0,2
-0.033757772,7,rgb_sar,0,2
-0.11775566,7,rgb_sar,0,2
0.042009413,7,rgb_sar,0,2
0.03360431,7,rgb_sar,0,2
-0.0041174423,7,rgb_sar,0,2
-0.01600013,7,rgb_sar,0,2
-0.001974518,7,rgb_sar,0,2
0.14832793,7,rgb_sar,0,2
-0.008646727,7,rgb_sar,0,2
0.0011754856,7,rgb_sar,0,2
0.004062971,7,rgb_sar,0,2
-0.009219963,7,rgb_sar,0,2
0.11351689,7,rgb_sar,0,2
0.27095926,2,rgb_sar,0,2
0.24335004,2,rgb_sar,0,2
0.22686665,2,rgb_sar,0,2
0.2260594,2,rgb_sar,0,2
0.2562677,2,rgb_sar,0,2
0.24152035,2,rgb_sar,0,2
0.25698316,2,rgb_sar,0,2
0.27907032,2,rgb_sar,0,2
0.14898449,2,rgb_sar,0,2
0.1839089,2,rgb_sar,0,2
0.23729633,2,rgb_sar,0,2
0.19786865,2,rgb_sar,0,2
0.26108155,2,rgb_sar,0,2
0.29381973,2,rgb_sar,0,2
0.29458505,2,rgb_sar,0,2
0.067421146,2,rgb_sar,0,2
0.15154488,2,rgb_sar,0,2
0.15624401,2,rgb_sar,0,2
0.20433812,2,rgb_sar,0,2
0.24298158,2,rgb_sar,0,2
0.26655927,2,rgb_sar,0,2
0.04022092,2,rgb_sar,0,2
0.09243045,2,rgb_sar,0,2
0.16048987,2,rgb_sar,0,2
0.1283921,2,rgb_sar,0,2
0.24509029,2,rgb_sar,0,2
0.24933696,2,rgb_sar,0,2
0.40519544,2,rgb_sar,0,2
0.28742456,2,rgb_sar,0,2
0.29712653,2,rgb_sar,0,2
0.2805714,2,rgb_sar,0,2
0.25393987,2,rgb_sar,0,2
0.22349489,2,rgb_sar,0,2
0.25925744,2,rgb_sar,0,2
0.26453233,2,rgb_sar,0,2
0.20994243,2,rgb_sar,0,2
0.23586282,2,rgb_sar,0,2
0.2672122,2,rgb_sar,0,2
0.28245378,2,rgb_sar,0,2
0.28470606,2,rgb_sar,0,2
0.25773454,2,rgb_sar,0,2
0.30137086,2,rgb_sar,0,2
0.14900897,2,rgb_sar,0,2
0.15992995,2,rgb_sar,0,2
0.10344253,2,rgb_sar,0,2
0.04895755,2,rgb_sar,0,2
0.10139656,2,rgb_sar,0,2
0.19316465,2,rgb_sar,0,2
0.0640523,2,rgb_sar,0,2
0.061559446,2,rgb_sar,0,2
0.07866949,2,rgb_sar,0,2
0.021611657,2,rgb_sar,0,2
0.14013743,2,rgb_sar,0,2
0.24440093,2,rgb_sar,0,2
0.15619072,7,rgb_sar,0,2
0.12189922,7,rgb_sar,0,2
0.06135171,7,rgb_sar,0,2
0.070266776,7,rgb_sar,0,2
0.21403971,7,rgb_sar,0,2
0.04664223,7,rgb_sar,0,2
0.046448514,7,rgb_sar,0,2
0.011300905,7,rgb_sar,0,2
-0.013196949,7,rgb_sar,0,2
0.18183993,7,rgb_sar,0,2
-0.009076836,7,rgb_sar,0,2
0.01841244,7,rgb_sar,0,2
-0.0146163115,7,rgb_sar,0,2
0.06545721,7,rgb_sar,0,2
0.13220568,7,rgb_sar,0,2
0.12573007,7,rgb_sar,0,2
0.13501012,7,rgb_sar,0,2
0.1071921,7,rgb_sar,0,2
0.13544637,7,rgb_sar,0,2
0.19089705,7,rgb_sar,0,2
-0.058545865,7,rgb_sar,0,2
0.007489793,7,rgb_sar,0,2
0.060213555,7,rgb_sar,0,2
-0.028928148,7,rgb_sar,0,2
0.09180358,7,rgb_sar,0,2
-0.040155444,7,rgb_sar,0,2
0.0046716034,7,rgb_sar,0,2
-0.0037991628,7,rgb_sar,0,2
0.08668154,7,rgb_sar,0,2
0.13727467,7,rgb_sar,0,2
0.23409438,7,rgb_sar,0,2
0.15561031,7,rgb_sar,0,2
0.19386539,7,rgb_sar,0,2
0.13786206,7,rgb_sar,0,2
0.06455515,7,rgb_sar,0,2
0.061376978,7,rgb_sar,0,2
0.1940825,7,rgb_sar,0,2
0.06914526,7,rgb_sar,0,2
-0.0075378176,7,rgb_sar,0,2
0.070250645,7,rgb_sar,0,2
0.107303225,7,rgb_sar,0,2
0.020153549,7,rgb_sar,0,2
0.20246378,7,rgb_sar,0,2
0.1430476,7,rgb_sar,0,2
0.11671014,7,rgb_sar,0,2
-0.08988771,7,rgb_sar,0,2
-0.09070276,7,rgb_sar,0,2
-0.03163621,7,rgb_sar,0,2
-0.12300909,7,rgb_sar,0,2
0.012035232,7,rgb_sar,0,2
0.043468617,7,rgb_sar,0,2
0.008322608,7,rgb_sar,0,2
-0.04756408,7,rgb_sar,0,2
-0.032533575,7,rgb_sar,0,2
-0.0063477056,7,rgb_sar,0,2
-0.1238614,7,rgb_sar,0,2
0.07018516,7,rgb_sar,0,2
0.13951916,7,rgb_sar,0,2
0.0735694,7,rgb_sar,0,2
0.026880074,7,rgb_sar,0,2
0.13171834,7,rgb_sar,0,2
0.14816728,7,rgb_sar,0,2
0.09267936,7,rgb_sar,0,2
0.23727126,7,rgb_sar,0,2
0.32316718,7,rgb_sar,0,2
0.27950937,7,rgb_sar,0,2
0.18227305,7,rgb_sar,0,2
0.30424613,7,rgb_sar,0,2
0.26726574,7,rgb_sar,0,2
0.21907055,7,rgb_sar,0,2
0.18256253,7,rgb_sar,0,2
0.19498941,7,rgb_sar,0,2
0.20128784,7,rgb_sar,0,2
0.0923921,7,rgb_sar,0,2
0.12397553,7,rgb_sar,0,2
0.1539863,7,rgb_sar,0,2
0.088808134,7,rgb_sar,0,2
0.017457621,7,rgb_sar,0,2
-0.0002652323,7,rgb_sar,0,2
0.076049484,7,rgb_sar,0,2
0.045713045,7,rgb_sar,0,2
0.22574614,7,rgb_sar,0,2
0.1916836,7,rgb_sar,0,2
0.13205492,7,rgb_sar,0,2
-0.08523837,7,rgb_sar,0,2
-0.122311026,7,rgb_sar,0,2
-0.054868594,7,rgb_sar,0,2
-0.109990336,7,rgb_sar,0,2
0.11001421,7,rgb_sar,0,2
0.06606499,7,rgb_sar,0,2
-0.022539878,7,rgb_sar,0,2
-0.086622216,7,rgb_sar,0,2
-0.031747147,7,rgb_sar,0,2
-0.03465296,7,rgb_sar,0,2
-0.10438739,7,rgb_sar,0,2
0.08432398,7,rgb_sar,0,2
0.12020329,7,rgb_sar,0,2
0.05810624,7,rgb_sar,0,2
0.046531755,7,rgb_sar,0,2
0.12778948,7,rgb_sar,0,2
0.117359646,7,rgb_sar,0,2
0.053365298,7,rgb_sar,0,2
0.2803536,7,rgb_sar,0,2
0.30880886,7,rgb_sar,0,2
0.20659152,7,rgb_sar,0,2
0.09981295,7,rgb_sar,0,2
0.21343082,7,rgb_sar,0,2
0.2013938,7,rgb_sar,0,2
0.23167104,8,rgb_sar,0,2
0.24428149,8,rgb_sar,0,2
0.2870229,8,rgb_sar,0,2
0.31105185,8,rgb_sar,0,2
0.0928857,8,rgb_sar,0,2
0.05503028,8,rgb_sar,0,2
-0.1838173,8,rgb_sar,0,2
-0.0049845167,8,rgb_sar,0,2
0.04880051,8,rgb_sar,0,2
0.053924352,8,rgb_sar,0,2
0.0998254,8,rgb_sar,0,2
0.099017,8,rgb_sar,0,2
-0.013478301,8,rgb_sar,0,2
-0.00067103654,8,rgb_sar,0,2
0.066165626,8,rgb_sar,0,2
0.029102013,8,rgb_sar,0,2
0.11084719,8,rgb_sar,0,2
0.08673042,8,rgb_sar,0,2
0.113195404,8,rgb_sar,0,2
0.14055249,8,rgb_sar,0,2
0.1533648,8,rgb_sar,0,2
0.17820793,8,rgb_sar,0,2
0.2013977,8,rgb_sar,0,2
0.17030315,8,rgb_sar,0,2
0.17279185,8,rgb_sar,0,2
0.21746004,8,rgb_sar,0,2
0.26949167,8,rgb_sar,0,2
0.19592223,8,rgb_sar,0,2
0.15198724,8,rgb_sar,0,2
0.1950563,8,rgb_sar,0,2
0.18586804,8,rgb_sar,0,2
0.2380494,8,rgb_sar,0,2
0.22109455,8,rgb_sar,0,2
0.25059795,8,rgb_sar,0,2
0.18721047,8,rgb_sar,0,2
0.14569697,8,rgb_sar,0,2
0.20908743,8,rgb_sar,0,2
0.33565223,8,rgb_sar,0,2
0.39203742,8,rgb_sar,0,2
0.3137167,8,rgb_sar,0,2
0.24363638,8,rgb_sar,0,2
0.28513932,8,rgb_sar,0,2
0.24495073,8,rgb_sar,0,2
0.31258225,8,rgb_sar,0,2
0.30271,8,rgb_sar,0,2
0.29390544,8,rgb_sar,0,2
0.23001893,8,rgb_sar,0,2
0.20315301,8,rgb_sar,0,2
0.31958634,8,rgb_sar,0,2
0.36862904,8,rgb_sar,0,2
0.32622814,8,rgb_sar,0,2
0.27868053,8,rgb_sar,0,2
0.26354182,8,rgb_sar,0,2
0.18919167,8,rgb_sar,0,2
0.20477799,8,rgb_sar,0,2
0.22203621,8,rgb_sar,0,2
0.22993368,8,rgb_sar,0,2
0.22935131,8,rgb_sar,0,2
0.2732042,8,rgb_sar,0,2
0.3172007,8,rgb_sar,0,2
0.34229589,8,rgb_sar,0,2
0.2959845,8,rgb_sar,0,2
0.2390544,8,rgb_sar,0,2
0.22272336,8,rgb_sar,0,2
0.19575512,8,rgb_sar,0,2
0.26278707,8,rgb_sar,0,2
0.258248,8,rgb_sar,0,2
0.22849107,8,rgb_sar,0,2
0.24589112,8,rgb_sar,0,2
0.17841914,8,rgb_sar,0,2
0.19441926,8,rgb_sar,0,2
0.19806468,8,rgb_sar,0,2
0.14339225,8,rgb_sar,0,2
-0.05294741,8,rgb_sar,0,2
-0.15979764,8,rgb_sar,0,2
0.04169286,8,rgb_sar,0,2
0.24826102,8,rgb_sar,0,2
0.2734277,8,rgb_sar,0,2
0.10517025,8,rgb_sar,0,2
0.006072752,8,rgb_sar,0,2
-0.03712841,8,rgb_sar,0,2
0.11347577,8,rgb_sar,0,2
0.22860473,8,rgb_sar,0,2
0.17598283,8,rgb_sar,0,2
0.09908552,8,rgb_sar,0,2
0.095130056,8,rgb_sar,0,2
0.099450976,8,rgb_sar,0,2
0.11379688,8,rgb_sar,0,2
0.19239625,8,rgb_sar,0,2
0.2426975,8,rgb_sar,0,2
0.22825746,8,rgb_sar,0,2
0.1948717,8,rgb_sar,0,2
0.24001406,8,rgb_sar,0,2
0.22601998,8,rgb_sar,0,2
0.08153656,8,rgb_sar,0,2
0.10341319,8,rgb_sar,0,2
0.19162047,8,rgb_sar,0,2
0.23006164,8,rgb_sar,0,2
0.2189006,8,rgb_sar,0,2
0.2704572,8,rgb_sar,0,2
0.23844534,8,rgb_sar,0,2
0.27133012,8,rgb_sar,0,2
0.21975654,8,rgb_sar,0,2
0.15911993,8,rgb_sar,0,2
0.19028887,8,rgb_sar,0,2
0.19268605,8,rgb_sar,0,2
0.20218676,8,rgb_sar,0,2
0.30656296,8,rgb_sar,0,2
0.30539992,8,rgb_sar,0,2
0.23987773,8,rgb_sar,0,2
0.28059983,8,rgb_sar,0,2
0.26942223,8,rgb_sar,0,2
0.2957227,8,rgb_sar,0,2
0.2460491,8,rgb_sar,0,2
0.25687733,8,rgb_sar,0,2
0.251782,8,rgb_sar,0,2
0.21677774,8,rgb_sar,0,2
0.27126366,8,rgb_sar,0,2
0.2874564,8,rgb_sar,0,2
0.21946657,8,rgb_sar,0,2
0.24781919,8,rgb_sar,0,2
0.26865473,8,rgb_sar,0,2
0.24227251,8,rgb_sar,0,2
0.20767176,8,rgb_sar,0,2
0.26324922,8,rgb_sar,0,2
0.27866125,8,rgb_sar,0,2
0.26578078,8,rgb_sar,0,2
0.26189882,8,rgb_sar,0,2
0.31352207,8,rgb_sar,0,2
0.24564132,8,rgb_sar,0,2
0.28056496,8,rgb_sar,0,2
0.27525005,8,rgb_sar,0,2
0.25117695,8,rgb_sar,0,2
0.2030108,8,rgb_sar,0,2
0.24863487,8,rgb_sar,0,2
0.22565272,8,rgb_sar,0,2
0.20403558,7,rgb_sar,0,2
0.22022289,7,rgb_sar,0,2
0.11452993,7,rgb_sar,0,2
0.17136723,7,rgb_sar,0,2
0.026939007,7,rgb_sar,0,2
0.041604914,7,rgb_sar,0,2
0.11963925,7,rgb_sar,0,2
0.17100993,7,rgb_sar,0,2
0.006306775,7,rgb_sar,0,2
-0.04404944,7,rgb_sar,0,2
0.06101142,7,rgb_sar,0,2
0.021525303,7,rgb_sar,0,2
0.19442195,7,rgb_sar,0,2
0.14192924,7,rgb_sar,0,2
0.1457717,7,rgb_sar,0,2
-0.016392767,7,rgb_sar,0,2
-0.08944,7,rgb_sar,0,2
-0.052091457,7,rgb_sar,0,2
-0.1601947,7,rgb_sar,0,2
0.11716004,7,rgb_sar,0,2
0.076317355,7,rgb_sar,0,2
0.023467997,7,rgb_sar,0,2
-0.04078814,7,rgb_sar,0,2
-0.026542999,7,rgb_sar,0,2
-0.019481253,7,rgb_sar,0,2
-0.04734713,7,rgb_sar,0,2
0.019552771,7,rgb_sar,0,2
0.05952258,7,rgb_sar,0,2
0.06747614,7,rgb_sar,0,2
0.025063194,7,rgb_sar,0,2
0.08678907,7,rgb_sar,0,2
0.12947151,7,rgb_sar,0,2
0.119186774,7,rgb_sar,0,2
0.018539272,7,rgb_sar,0,2
0.047076702,7,rgb_sar,0,2
0.056475893,7,rgb_sar,0,2
0.026422076,7,rgb_sar,0,2
0.09042825,7,rgb_sar,0,2
0.05309814,7,rgb_sar,0,2
0.037795067,7,rgb_sar,0,2
0.012113294,7,rgb_sar,0,2
0.063990705,7,rgb_sar,0,2
0.015436854,7,rgb_sar,0,2
0.061780494,7,rgb_sar,0,2
-0.0004772283,7,rgb_sar,0,2
0.0045885146,7,rgb_sar,0,2
0.01901562,7,rgb_sar,0,2
0.0055495724,7,rgb_sar,0,2
0.016049728,7,rgb_sar,0,2
-0.024759863,7,rgb_sar,0,2
0.061130255,7,rgb_sar,0,2
0.06220529,7,rgb_sar,0,2
0.11430304,7,rgb_sar,0,2
0.005435884,7,rgb_sar,0,2
0.07127523,7,rgb_sar,0,2
-0.0004197834,7,rgb_sar,0,2
0.1141461,7,rgb_sar,0,2
0.10703755,7,rgb_sar,0,2
0.019500816,7,rgb_sar,0,2
0.083131626,7,rgb_sar,0,2
0.06128854,7,rgb_sar,0,2
0.270534,7,rgb_sar,0,2
0.25269294,7,rgb_sar,0,2
0.18509553,7,rgb_sar,0,2
0.151679,7,rgb_sar,0,2
0.13821663,7,rgb_sar,0,2
0.049932398,7,rgb_sar,0,2
0.21539892,7,rgb_sar,0,2
0.10430394,7,rgb_sar,0,2
0.03619931,7,rgb_sar,0,2
-0.027674882,7,rgb_sar,0,2
0.07440449,7,rgb_sar,0,2
0.041680902,7,rgb_sar,0,2
0.0860087,7,rgb_sar,0,2
0.13434723,7,rgb_sar,0,2
0.18826413,7,rgb_sar,0,2
0.0078740455,7,rgb_sar,0,2
-0.10222319,7,rgb_sar,0,2
-0.0010871924,7,rgb_sar,0,2
-0.089975074,7,rgb_sar,0,2
0.08484988,7,rgb_sar,0,2
0.112105176,7,rgb_sar,0,2
0.04289866,7,rgb_sar,0,2
0.056897353,7,rgb_sar,0,2
-0.008607622,7,rgb_sar,0,2
-0.015178766,7,rgb_sar,0,2
-0.09618451,7,rgb_sar,0,2
0.067972474,7,rgb_sar,0,2
0.10116452,7,rgb_sar,0,2
0.045368634,7,rgb_sar,0,2
0.09379658,7,rgb_sar,0,2
0.11780722,7,rgb_sar,0,2
0.113776274,7,rgb_sar,0,2
0.05752494,7,rgb_sar,0,2
-0.011249019,7,rgb_sar,0,2
-0.035899103,7,rgb_sar,0,2
0.0745281,7,rgb_sar,0,2
0.0835867,7,rgb_sar,0,2
0.10454908,7,rgb_sar,0,2
-0.04596181,7,rgb_sar,0,2
0.027954437,7,rgb_sar,0,2
0.021815669,7,rgb_sar,0,2
0.13181067,7,rgb_sar,0,2
0.07833627,7,rgb_sar,0,2
0.06882435,7,rgb_sar,0,2
-0.03847208,7,rgb_sar,0,2
-0.0024122968,7,rgb_sar,0,2
0.06200836,7,rgb_sar,0,2
0.035640888,7,rgb_sar,0,2
-0.0138501,7,rgb_sar,0,2
-0.046545587,7,rgb_sar,0,2
0.17503634,7,rgb_sar,0,2
0.1154835,7,rgb_sar,0,2
0.09286525,7,rgb_sar,0,2
0.0035698507,7,rgb_sar,0,2
0.10441413,7,rgb_sar,0,2
0.0011969358,7,rgb_sar,0,2
0.06499399,7,rgb_sar,0,2
-0.011318527,7,rgb_sar,0,2
0.028229715,7,rgb_sar,0,2
0.043762453,7,rgb_sar,0,2
0.02317816,7,rgb_sar,0,2
0.26909733,8,rgb_sar,0,2
0.27856413,8,rgb_sar,0,2
0.3077634,8,rgb_sar,0,2
0.34305513,8,rgb_sar,0,2
0.031308457,8,rgb_sar,0,2
-0.047196377,8,rgb_sar,0,2
-0.13793504,8,rgb_sar,0,2
0.026906546,8,rgb_sar,0,2
0.15914688,8,rgb_sar,0,2
0.1811618,8,rgb_sar,0,2
-0.011913709,8,rgb_sar,0,2
-0.06311425,8,rgb_sar,0,2
-0.009480112,8,rgb_sar,0,2
0.058792174,8,rgb_sar,0,2
0.19963615,8,rgb_sar,0,2
0.17378765,8,rgb_sar,0,2
0.2229493,8,rgb_sar,0,2
0.22578903,8,rgb_sar,0,2
0.2101726,8,rgb_sar,0,2
0.16996735,8,rgb_sar,0,2
0.13605666,8,rgb_sar,0,2
0.10549253,8,rgb_sar,0,2
0.06667405,8,rgb_sar,0,2
0.14423001,8,rgb_sar,0,2
0.1679759,8,rgb_sar,0,2
0.20197737,8,rgb_sar,0,2
0.19170907,8,rgb_sar,0,2
0.17278814,8,rgb_sar,0,2
0.20019999,8,rgb_sar,0,2
0.24835464,8,rgb_sar,0,2
0.2405301,8,rgb_sar,0,2
0.22791259,8,rgb_sar,0,2
0.13742575,8,rgb_sar,0,2
0.15409106,8,rgb_sar,0,2
0.12039485,8,rgb_sar,0,2
0.12088181,8,rgb_sar,0,2
0.23134139,8,rgb_sar,0,2
0.23923072,8,rgb_sar,0,2
0.32635117,8,rgb_sar,0,2
0.21695164,8,rgb_sar,0,2
0.2068268,8,rgb_sar,0,2
0.23096046,8,rgb_sar,0,2
0.22304374,8,rgb_sar,0,2
0.27837366,8,rgb_sar,0,2
0.23278978,8,rgb_sar,0,2
0.24464221,8,rgb_sar,0,2
0.1989693,8,rgb_sar,0,2
0.17749894,8,rgb_sar,0,2
0.19487405,8,rgb_sar,0,2
0.2677909,8,rgb_sar,0,2
0.24767525,8,rgb_sar,0,2
0.18764876,8,rgb_sar,0,2
0.13638666,8,rgb_sar,0,2
0.1611638,8,rgb_sar,0,2
0.25976807,8,rgb_sar,0,2
0.2330382,8,rgb_sar,0,2
0.21864986,8,rgb_sar,0,2
0.17917094,8,rgb_sar,0,2
0.24531332,8,rgb_sar,0,2
0.20693791,8,rgb_sar,0,2
0.23744962,8,rgb_sar,0,2
0.21524963,8,rgb_sar,0,2
0.1375569,8,rgb_sar,0,2
0.16580659,8,rgb_sar,0,2
0.19393253,8,rgb_sar,0,2
0.21558651,8,rgb_sar,0,2
0.1777192,8,rgb_sar,0,2
0.19922328,8,rgb_sar,0,2
0.20583257,8,rgb_sar,0,2
0.10438496,8,rgb_sar,0,2
0.20602247,8,rgb_sar,0,2
0.18127123,8,rgb_sar,0,2
0.012725456,2,rgb_sar,0,2
0.029930143,2,rgb_sar,0,2
0.057502978,2,rgb_sar,0,2
-0.17205453,2,rgb_sar,0,2
0.0806906,2,rgb_sar,0,2
0.11404556,2,rgb_sar,0,2
0.16926879,2,rgb_sar,0,2
0.19168746,2,rgb_sar,0,2
0.11635257,2,rgb_sar,0,2
0.123844534,2,rgb_sar,0,2
5.7042576e-05,2,rgb_sar,0,2
0.0678571,2,rgb_sar,0,2
0.048784934,2,rgb_sar,0,2
0.09939881,2,rgb_sar,0,2
0.12994428,2,rgb_sar,0,2
0.069901325,2,rgb_sar,0,2
0.18267497,2,rgb_sar,0,2
0.20064062,2,rgb_sar,0,2
0.13560751,2,rgb_sar,0,2
0.1335498,2,rgb_sar,0,2
0.2233315,2,rgb_sar,0,2
0.2243245,2,rgb_sar,0,2
0.03215025,2,rgb_sar,0,2
0.07812241,2,rgb_sar,0,2
0.15066582,2,rgb_sar,0,2
0.14932527,2,rgb_sar,0,2
0.25296518,2,rgb_sar,0,2
0.284526,2,rgb_sar,0,2
0.3077475,2,rgb_sar,0,2
0.3279742,2,rgb_sar,0,2
0.3191511,2,rgb_sar,0,2
0.36353916,2,rgb_sar,0,2
0.38008964,2,rgb_sar,0,2
0.26654494,2,rgb_sar,0,2
0.28684986,2,rgb_sar,0,2
0.33949894,2,rgb_sar,0,2
0.3244033,2,rgb_sar,0,2
0.08349483,8,rgb_sar,0,2
-0.018556375,8,rgb_sar,0,2
-0.1743456,8,rgb_sar,0,2
0.043493766,8,rgb_sar,0,2
0.19825715,8,rgb_sar,0,2
0.19605681,8,rgb_sar,0,2
0.06056468,8,rgb_sar,0,2
0.05130527,8,rgb_sar,0,2
-0.019678075,8,rgb_sar,0,2
0.08168236,8,rgb_sar,0,2
0.24580266,8,rgb_sar,0,2
0.20957166,8,rgb_sar,0,2
0.16654527,8,rgb_sar,0,2
0.21657544,8,rgb_sar,0,2
0.23611656,8,rgb_sar,0,2
0.23374927,8,rgb_sar,0,2
0.24904504,8,rgb_sar,0,2
0.27943045,8,rgb_sar,0,2
0.2895627,8,rgb_sar,0,2
0.24008887,8,rgb_sar,0,2
0.245157,8,rgb_sar,0,2
0.2658253,8,rgb_sar,0,2
0.10410166,8,rgb_sar,0,2
0.05898499,8,rgb_sar,0,2
0.11823307,8,rgb_sar,0,2
0.1996249,8,rgb_sar,0,2
0.29372513,8,rgb_sar,0,2
0.35438123,8,rgb_sar,0,2
0.30365086,8,rgb_sar,0,2
0.27064326,8,rgb_sar,0,2
0.21590924,8,rgb_sar,0,2
0.28730738,8,rgb_sar,0,2
0.28372124,8,rgb_sar,0,2
0.27199364,8,rgb_sar,0,2
0.2615996,8,rgb_sar,0,2
0.26360816,8,rgb_sar,0,2
0.2722441,8,rgb_sar,0,2
0.2853573,8,rgb_sar,0,2
0.3159806,8,rgb_sar,0,2
0.27852398,8,rgb_sar,0,2
0.23220813,8,rgb_sar,0,2
0.19897251,8,rgb_sar,0,2
0.29415447,8,rgb_sar,0,2
0.26423824,8,rgb_sar,0,2
0.26477858,8,rgb_sar,0,2
0.24868137,8,rgb_sar,0,2
0.20790629,8,rgb_sar,0,2
0.17287979,8,rgb_sar,0,2
0.22143066,8,rgb_sar,0,2
0.21224326,8,rgb_sar,0,2
0.19943425,8,rgb_sar,0,2
0.16775703,8,rgb_sar,0,2
0.2633703,8,rgb_sar,0,2
0.25902197,8,rgb_sar,0,2
0.22198385,8,rgb_sar,0,2
0.16258001,8,rgb_sar,0,2
0.122676514,8,rgb_sar,0,2
0.14481625,8,rgb_sar,0,2
0.28680295,8,rgb_sar,0,2
0.21788123,8,rgb_sar,0,2
0.14808726,8,rgb_sar,0,2
0.07650162,8,rgb_sar,0,2
0.19368464,8,rgb_sar,0,2
0.2352946,8,rgb_sar,0,2
0.1505959,2,rgb_sar,0,2
0.11054049,2,rgb_sar,0,2
0.105027996,2,rgb_sar,0,2
-0.08420841,2,rgb_sar,0,2
0.14073741,2,rgb_sar,0,2
0.21947752,2,rgb_sar,0,2
0.23019738,2,rgb_sar,0,2
0.30756044,2,rgb_sar,0,2
0.20881659,2,rgb_sar,0,2
0.17990276,2,rgb_sar,0,2
0.08410752,2,rgb_sar,0,2
0.19882423,2,rgb_sar,0,2
0.17231609,2,rgb_sar,0,2
0.18107367,2,rgb_sar,0,2
0.20898533,2,rgb_sar,0,2
0.1299436,2,rgb_sar,0,2
0.18585126,2,rgb_sar,0,2
0.2045547,2,rgb_sar,0,2
0.14880145,2,rgb_sar,0,2
0.15843995,2,rgb_sar,0,2
0.20173496,2,rgb_sar,0,2
0.17134048,2,rgb_sar,0,2
0.0407569,2,rgb_sar,0,2
0.1426343,2,rgb_sar,0,2
0.17248589,2,rgb_sar,0,2
0.17789014,2,rgb_sar,0,2
0.2784146,2,rgb_sar,0,2
0.27465585,2,rgb_sar,0,2
0.31165868,2,rgb_sar,0,2
0.29819408,2,rgb_sar,0,2
0.30907187,2,rgb_sar,0,2
0.34655058,2,rgb_sar,0,2
0.34031367,2,rgb_sar,0,2
0.19560945,2,rgb_sar,0,2
0.24901848,2,rgb_sar,0,2
0.2878698,2,rgb_sar,0,2
0.30606574,2,rgb_sar,0,2
0.11573582,7,rgb_sar,0,2
0.07531308,7,rgb_sar,0,2
0.19693324,7,rgb_sar,0,2
0.14645806,7,rgb_sar,0,2
0.120532125,7,rgb_sar,0,2
0.07744755,7,rgb_sar,0,2
0.06891075,7,rgb_sar,0,2
0.0061406232,7,rgb_sar,0,2
-0.06726244,7,rgb_sar,0,2
-0.0671869,7,rgb_sar,0,2
-0.1031035,7,rgb_sar,0,2
-0.010171641,7,rgb_sar,0,2
-0.005457964,7,rgb_sar,0,2
-0.031329136,7,rgb_sar,0,2
-0.05462946,7,rgb_sar,0,2
-0.027732074,7,rgb_sar,0,2
-0.056954246,7,rgb_sar,0,2
-0.094561145,7,rgb_sar,0,2
-0.030477773,7,rgb_sar,0,2
0.009132688,7,rgb_sar,0,2
-0.028356677,7,rgb_sar,0,2
0.047963835,7,rgb_sar,0,2
0.094955,7,rgb_sar,0,2
0.13510838,7,rgb_sar,0,2
0.20323133,7,rgb_sar,0,2
0.14416978,7,rgb_sar,0,2
0.1436914,7,rgb_sar,0,2
0.17685746,7,rgb_sar,0,2
0.16603595,7,rgb_sar,0,2
0.107696645,7,rgb_sar,0,2
0.017544579,7,rgb_sar,0,2
-0.038068697,7,rgb_sar,0,2
-0.064363286,7,rgb_sar,0,2
0.054330625,7,rgb_sar,0,2
0.13984743,7,rgb_sar,0,2
0.106937364,7,rgb_sar,0,2
0.058379836,7,rgb_sar,0,2
-0.018765183,7,rgb_sar,0,2
0.06293435,7,rgb_sar,0,2
0.080078065,7,rgb_sar,0,2
0.023473367,7,rgb_sar,0,2
-0.0276088,7,rgb_sar,0,2
0.05827137,7,rgb_sar,0,2
0.062291842,7,rgb_sar,0,2
0.02143266,2,rgb_sar,0,2
0.06250025,2,rgb_sar,0,2
0.007743085,2,rgb_sar,0,2
-0.0043912325,2,rgb_sar,0,2
0.14419934,2,rgb_sar,0,2
0.0901035,2,rgb_sar,0,2
0.15407254,2,rgb_sar,0,2
0.18429194,2,rgb_sar,0,2
0.10321852,2,rgb_sar,0,2
0.014422258,2,rgb_sar,0,2
0.057585888,2,rgb_sar,0,2
0.042131905,2,rgb_sar,0,2
0.018822223,2,rgb_sar,0,2
0.12676272,2,rgb_sar,0,2
0.10748893,2,rgb_sar,0,2
0.09660028,2,rgb_sar,0,2
0.16396163,2,rgb_sar,0,2
0.1286444,2,rgb_sar,0,2
0.10666546,2,rgb_sar,0,2
0.1274093,2,rgb_sar,0,2
0.12929212,2,rgb_sar,0,2
0.13906424,2,rgb_sar,0,2
0.047386497,2,rgb_sar,0,2
-0.019240014,2,rgb_sar,0,2
0.034370057,2,rgb_sar,0,2
0.099559724,2,rgb_sar,0,2
0.034250222,2,rgb_sar,0,2
0.024051197,2,rgb_sar,0,2
0.04237511,2,rgb_sar,0,2
0.048815865,2,rgb_sar,0,2
0.08817327,2,rgb_sar,0,2
0.11841936,2,rgb_sar,0,2
0.15849662,2,rgb_sar,0,2
0.0768568,2,rgb_sar,0,2
0.02688726,2,rgb_sar,0,2
0.028736614,2,rgb_sar,0,2
0.033011436,2,rgb_sar,0,2
0.03795459,2,rgb_sar,0,2
0.09324198,2,rgb_sar,0,2
0.0350522,2,rgb_sar,0,2
0.015300969,2,rgb_sar,0,2
0.037984855,2,rgb_sar,0,2
0.11405227,2,rgb_sar,0,2
0.084266916,2,rgb_sar,0,2
0.07525498,2,rgb_sar,0,2
0.020953886,2,rgb_sar,0,2
0.017548693,2,rgb_sar,0,2
0.04412398,2,rgb_sar,0,2
0.02195244,2,rgb_sar,0,2
0.087701194,2,rgb_sar,0,2
0.016975649,2,rgb_sar,0,2
0.03197895,2,rgb_sar,0,2
0.039304744,2,rgb_sar,0,2
0.0380186,2,rgb_sar,0,2
0.123262346,2,rgb_sar,0,2
0.08445445,2,rgb_sar,0,2
0.053773753,2,rgb_sar,0,2
0.10224724,2,rgb_sar,0,2
0.08099818,2,rgb_sar,0,2
0.14704382,2,rgb_sar,0,2
0.18855356,2,rgb_sar,0,2
0.13237268,2,rgb_sar,0,2
-0.0021368451,2,rgb_sar,0,2
0.07744646,2,rgb_sar,0,2
0.06904078,2,rgb_sar,0,2
0.10103683,2,rgb_sar,0,2
0.16173133,2,rgb_sar,0,2
0.06735176,2,rgb_sar,0,2
0.13611063,2,rgb_sar,0,2
0.12586911,2,rgb_sar,0,2
0.027757395,2,rgb_sar,0,2
-0.019923383,2,rgb_sar,0,2
0.01843426,2,rgb_sar,0,2
0.055719957,2,rgb_sar,0,2
0.078415826,2,rgb_sar,0,2
0.23319581,2,rgb_sar,0,2
0.29049134,2,rgb_sar,0,2
0.19353476,2,rgb_sar,0,2
0.115656525,2,rgb_sar,0,2
0.11571725,2,rgb_sar,0,2
0.12353167,2,rgb_sar,0,2
0.0513881,2,rgb_sar,0,2
0.098023176,2,rgb_sar,0,2
0.13777813,2,rgb_sar,0,2
0.16425551,2,rgb_sar,0,2
0.035058558,2,rgb_sar,0,2
0.121825516,2,rgb_sar,0,2
0.15328869,2,rgb_sar,0,2
0.105757624,2,rgb_sar,0,2
0.11036172,2,rgb_sar,0,2
0.118115604,2,rgb_sar,0,2
0.16418144,2,rgb_sar,0,2
0.11163148,2,rgb_sar,0,2
0.15404814,2,rgb_sar,0,2
0.17847216,2,rgb_sar,0,2
0.16096924,2,rgb_sar,0,2
0.068372,2,rgb_sar,0,2
0.1428562,2,rgb_sar,0,2
0.10591712,2,rgb_sar,0,2
0.09477073,2,rgb_sar,0,2
0.15188739,2,rgb_sar,0,2
0.21390708,2,rgb_sar,0,2
0.23220828,2,rgb_sar,0,2
0.26289204,2,rgb_sar,0,2
0.16279146,2,rgb_sar,0,2
0.108033985,2,rgb_sar,0,2
0.16096503,2,rgb_sar,0,2
0.10691016,2,rgb_sar,0,2
0.19529057,2,rgb_sar,0,2
0.06293858,2,rgb_sar,0,2
0.18456185,2,rgb_sar,0,2
0.103368014,2,rgb_sar,0,2
0.14284852,2,rgb_sar,0,2
0.22292814,2,rgb_sar,0,2
0.15998001,2,rgb_sar,0,2
0.17100714,2,rgb_sar,0,2
0.19707991,2,rgb_sar,0,2
0.130971,2,rgb_sar,0,2
0.2322737,2,rgb_sar,0,2
0.22705333,2,rgb_sar,0,2
0.19382286,2,rgb_sar,0,2
0.2563923,2,rgb_sar,0,2
0.34942013,2,rgb_sar,0,2
0.3169007,2,rgb_sar,0,2
0.30002707,2,rgb_sar,0,2
0.35494596,2,rgb_sar,0,2
0.29580274,2,rgb_sar,0,2
0.28106856,2,rgb_sar,0,2
0.10835326,2,rgb_sar,0,2
0.19417118,2,rgb_sar,0,2
0.22278352,2,rgb_sar,0,2
0.0345413,2,rgb_sar,0,2
0.0702564,2,rgb_sar,0,2
0.06331764,2,rgb_sar,0,2
0.13621722,2,rgb_sar,0,2
0.18358399,2,rgb_sar,0,2
0.1632725,2,rgb_sar,0,2
0.107280955,2,rgb_sar,0,2
0.14081964,2,rgb_sar,0,2
0.10332633,2,rgb_sar,0,2
0.20941073,2,rgb_sar,0,2
0.2659297,2,rgb_sar,0,2
0.23611166,2,rgb_sar,0,2
0.21712717,2,rgb_sar,0,2
0.25317928,2,rgb_sar,0,2
0.2608767,2,rgb_sar,0,2
0.24280968,2,rgb_sar,0,2
0.30380243,2,rgb_sar,0,2
0.3455443,2,rgb_sar,0,2
0.35779232,2,rgb_sar,0,2
0.13288414,2,rgb_sar,0,2
0.10512817,2,rgb_sar,0,2
0.15753897,2,rgb_sar,0,2
0.077834554,2,rgb_sar,0,2
0.037580688,2,rgb_sar,0,2
0.12449382,2,rgb_sar,0,2
0.07292539,2,rgb_sar,0,2
0.123921774,2,rgb_sar,0,2
0.09082371,2,rgb_sar,0,2
0.07550036,2,rgb_sar,0,2
0.1175511,2,rgb_sar,0,2
0.11053497,2,rgb_sar,0,2
0.23682496,8,rgb_sar,0,2
0.22142583,8,rgb_sar,0,2
0.24727121,8,rgb_sar,0,2
0.28877866,8,rgb_sar,0,2
0.19088694,8,rgb_sar,0,2
0.24246855,8,rgb_sar,0,2
0.27010068,8,rgb_sar,0,2
0.29836893,8,rgb_sar,0,2
0.43648243,8,rgb_sar,0,2
0.09920844,8,rgb_sar,0,2
0.1396992,8,rgb_sar,0,2
0.19643182,8,rgb_sar,0,2
0.26501375,8,rgb_sar,0,2
0.25854662,8,rgb_sar,0,2
0.30297092,8,rgb_sar,0,2
0.37772822,8,rgb_sar,0,2
0.46657494,8,rgb_sar,0,2
0.06302846,8,rgb_sar,0,2
0.08487986,8,rgb_sar,0,2
0.2089867,8,rgb_sar,0,2
0.262132,8,rgb_sar,0,2
0.24901782,8,rgb_sar,0,2
0.27058357,8,rgb_sar,0,2
0.3404718,8,rgb_sar,0,2
0.45003748,8,rgb_sar,0,2
0.06222095,8,rgb_sar,0,2
0.24837708,8,rgb_sar,0,2
0.30791485,8,rgb_sar,0,2
0.30512667,8,rgb_sar,0,2
0.26146913,8,rgb_sar,0,2
0.2883516,8,rgb_sar,0,2
0.43248582,8,rgb_sar,0,2
0.115278944,8,rgb_sar,0,2
0.26432022,8,rgb_sar,0,2
0.3414291,8,rgb_sar,0,2
0.32635373,8,rgb_sar,0,2
0.29171306,8,rgb_sar,0,2
0.30994353,8,rgb_sar,0,2
0.476494,8,rgb_sar,0,2
0.28868103,8,rgb_sar,0,2
0.36080548,8,rgb_sar,0,2
0.3124681,8,rgb_sar,0,2
0.26565006,8,rgb_sar,0,2
0.3328048,8,rgb_sar,0,2
0.49539527,8,rgb_sar,0,2
0.31749743,8,rgb_sar,0,2
0.25399023,8,rgb_sar,0,2
0.27772343,8,rgb_sar,0,2
0.4351538,8,rgb_sar,0,2
0.1354798,8,rgb_sar,0,2
0.22076353,8,rgb_sar,0,2
0.34002364,8,rgb_sar,0,2
0.38347763,8,rgb_sar,0,2
0.25680473,8,rgb_sar,0,2
0.33211058,8,rgb_sar,0,2
0.3681919,8,rgb_sar,0,2
0.40984726,8,rgb_sar,0,2
0.4184096,8,rgb_sar,0,2
0.13393483,8,rgb_sar,0,2
0.16295503,8,rgb_sar,0,2
0.24284539,8,rgb_sar,0,2
0.3294546,8,rgb_sar,0,2
0.41436285,8,rgb_sar,0,2
0.4368316,8,rgb_sar,0,2
0.46297976,8,rgb_sar,0,2
0.4581712,8,rgb_sar,0,2
0.3724231,8,rgb_sar,0,2
0.09576814,8,rgb_sar,0,2
0.16243124,8,rgb_sar,0,2
0.27818298,8,rgb_sar,0,2
0.35052955,8,rgb_sar,0,2
0.44582146,8,rgb_sar,0,2
0.472692,8,rgb_sar,0,2
0.4624692,8,rgb_sar,0,2
0.46587723,8,rgb_sar,0,2
0.3811956,8,rgb_sar,0,2
0.3809091,8,rgb_sar,0,2
0.3650322,8,rgb_sar,0,2
0.22383201,8,rgb_sar,0,2
0.34797636,8,rgb_sar,0,2
0.3774312,8,rgb_sar,0,2
0.4118036,8,rgb_sar,0,2
0.4156776,8,rgb_sar,0,2
0.39460564,8,rgb_sar,0,2
0.42416748,8,rgb_sar,0,2
0.36712047,8,rgb_sar,0,2
0.36702043,8,rgb_sar,0,2
0.24354964,8,rgb_sar,0,2
0.23149931,8,rgb_sar,0,2
0.36557764,8,rgb_sar,0,2
0.3807417,8,rgb_sar,0,2
0.37372077,8,rgb_sar,0,2
0.36970192,8,rgb_sar,0,2
0.35937425,8,rgb_sar,0,2
0.41340482,8,rgb_sar,0,2
0.36282772,8,rgb_sar,0,2
0.3469056,8,rgb_sar,0,2
0.13341042,8,rgb_sar,0,2
0.4000594,8,rgb_sar,0,2
0.39494565,8,rgb_sar,0,2
0.3483857,8,rgb_sar,0,2
0.3328082,8,rgb_sar,0,2
0.35835546,8,rgb_sar,0,2
0.4229549,8,rgb_sar,0,2
0.38334364,8,rgb_sar,0,2
0.35274094,8,rgb_sar,0,2
0.34892815,8,rgb_sar,0,2
0.37882265,8,rgb_sar,0,2
0.43616617,8,rgb_sar,0,2
0.3703351,8,rgb_sar,0,2
0.52118206,8,rgb_sar,0,2
0.5103761,8,rgb_sar,0,2
0.39042905,8,rgb_sar,0,2
0.30529624,8,rgb_sar,0,2
0.4371192,8,rgb_sar,0,2
0.34579462,8,rgb_sar,0,2
0.1976295,8,rgb_sar,0,2
0.42518783,8,rgb_sar,0,2
0.30928355,8,rgb_sar,0,2
0.07037795,8,rgb_sar,0,2
0.4163178,8,rgb_sar,0,2
0.40431383,8,rgb_sar,0,2
0.25169706,8,rgb_sar,0,2
0.16621986,8,rgb_sar,0,2
0.25159723,8,rgb_sar,0,2
0.29999113,8,rgb_sar,0,2
0.26450223,8,rgb_sar,0,2
0.33026785,8,rgb_sar,0,2
0.3395029,8,rgb_sar,0,2
0.40705338,8,rgb_sar,0,2
0.54484403,8,rgb_sar,0,2
0.106729,8,rgb_sar,0,2
0.12324561,8,rgb_sar,0,2
0.26403505,8,rgb_sar,0,2
0.3010147,8,rgb_sar,0,2
0.38357693,8,rgb_sar,0,2
0.37309873,8,rgb_sar,0,2
0.42074752,8,rgb_sar,0,2
0.5636189,8,rgb_sar,0,2
0.031696647,8,rgb_sar,0,2
0.037801325,8,rgb_sar,0,2
0.23578638,8,rgb_sar,0,2
0.29506138,8,rgb_sar,0,2
0.38699746,8,rgb_sar,0,2
0.39264643,8,rgb_sar,0,2
0.43446624,8,rgb_sar,0,2
0.56593287,8,rgb_sar,0,2
0.18673445,8,rgb_sar,0,2
0.32663387,8,rgb_sar,0,2
0.33517307,8,rgb_sar,0,2
0.34871393,8,rgb_sar,0,2
0.3380402,8,rgb_sar,0,2
0.3654815,8,rgb_sar,0,2
0.5246951,8,rgb_sar,0,2
0.22166899,8,rgb_sar,0,2
0.36640632,8,rgb_sar,0,2
0.35619217,8,rgb_sar,0,2
0.34026802,8,rgb_sar,0,2
0.3487779,8,rgb_sar,0,2
0.35037258,8,rgb_sar,0,2
0.5191992,8,rgb_sar,0,2
0.356988,8,rgb_sar,0,2
0.37278283,8,rgb_sar,0,2
0.3458622,8,rgb_sar,0,2
0.3570013,8,rgb_sar,0,2
0.37185067,8,rgb_sar,0,2
0.5368483,8,rgb_sar,0,2
0.3348413,8,rgb_sar,0,2
0.3475756,8,rgb_sar,0,2
0.34865686,8,rgb_sar,0,2
0.49162677,8,rgb_sar,0,2
0.3805427,8,rgb_sar,0,2
0.38498163,8,rgb_sar,0,2
0.3436699,8,rgb_sar,0,2
0.3418783,8,rgb_sar,0,2
0.359044,8,rgb_sar,0,2
0.35680854,8,rgb_sar,0,2
0.30209017,8,rgb_sar,0,2
0.32621086,8,rgb_sar,0,2
0.33840442,8,rgb_sar,0,2
0.3502329,8,rgb_sar,0,2
0.36089796,8,rgb_sar,0,2
0.3067662,8,rgb_sar,0,2
0.29074323,8,rgb_sar,0,2
0.24015099,8,rgb_sar,0,2
0.23290594,8,rgb_sar,0,2
0.23102549,8,rgb_sar,0,2
0.27681386,8,rgb_sar,0,2
0.26393425,8,rgb_sar,0,2
0.33137897,8,rgb_sar,0,2
0.3187636,8,rgb_sar,0,2
0.28700823,8,rgb_sar,0,2
0.24273196,8,rgb_sar,0,2
0.20012724,8,rgb_sar,0,2
0.1996508,8,rgb_sar,0,2
0.15118396,8,rgb_sar,0,2
0.31250393,8,rgb_sar,0,2
0.3046676,8,rgb_sar,0,2
0.24892181,8,rgb_sar,0,2
0.15694383,8,rgb_sar,0,2
0.17658213,8,rgb_sar,0,2
0.14664438,8,rgb_sar,0,2
0.034933403,8,rgb_sar,0,2
0.3011527,8,rgb_sar,0,2
0.29656482,8,rgb_sar,0,2
0.2338732,8,rgb_sar,0,2
0.2667816,8,rgb_sar,0,2
0.24586755,8,rgb_sar,0,2
0.13028318,8,rgb_sar,0,2
0.25174624,8,rgb_sar,0,2
0.15045282,8,rgb_sar,0,2
0.0469852,8,rgb_sar,0,2
0.15350781,8,rgb_sar,0,2
0.31068254,8,rgb_sar,0,2
0.38578048,8,rgb_sar,0,2
0.36223707,8,rgb_sar,0,2
0.43333295,8,rgb_sar,0,2
0.42722377,8,rgb_sar,0,2
0.3590572,8,rgb_sar,0,2
0.41786456,8,rgb_sar,0,2
0.43374148,8,rgb_sar,0,2
0.13139482,8,rgb_sar,0,2
0.18152186,8,rgb_sar,0,2
0.3882134,8,rgb_sar,0,2
0.3966856,8,rgb_sar,0,2
0.3596209,8,rgb_sar,0,2
0.3390056,8,rgb_sar,0,2
0.38308024,8,rgb_sar,0,2
0.3754891,8,rgb_sar,0,2
0.37685674,8,rgb_sar,0,2
0.1456042,8,rgb_sar,0,2
0.2000112,8,rgb_sar,0,2
0.37251619,8,rgb_sar,0,2
0.36658365,8,rgb_sar,0,2
0.3871513,8,rgb_sar,0,2
0.3549384,8,rgb_sar,0,2
0.390926,8,rgb_sar,0,2
0.39795098,8,rgb_sar,0,2
0.3893025,8,rgb_sar,0,2
0.40376878,8,rgb_sar,0,2
0.26890704,8,rgb_sar,0,2
0.18718877,8,rgb_sar,0,2
0.38142246,8,rgb_sar,0,2
0.3657316,8,rgb_sar,0,2
0.38263226,8,rgb_sar,0,2
0.3599073,8,rgb_sar,0,2
0.394878,8,rgb_sar,0,2
0.39206418,8,rgb_sar,0,2
0.36390874,8,rgb_sar,0,2
0.35409904,8,rgb_sar,0,2
0.20420824,8,rgb_sar,0,2
0.25711152,8,rgb_sar,0,2
0.415083,8,rgb_sar,0,2
0.4075213,8,rgb_sar,0,2
0.38075623,8,rgb_sar,0,2
0.3665611,8,rgb_sar,0,2
0.40684083,8,rgb_sar,0,2
0.39119178,8,rgb_sar,0,2
0.37114558,8,rgb_sar,0,2
0.36074516,8,rgb_sar,0,2
0.2003708,8,rgb_sar,0,2
0.38557985,8,rgb_sar,0,2
0.39154744,8,rgb_sar,0,2
0.40195268,8,rgb_sar,0,2
0.37408307,8,rgb_sar,0,2
0.38691407,8,rgb_sar,0,2
0.3726262,8,rgb_sar,0,2
0.3300647,8,rgb_sar,0,2
0.42179126,8,rgb_sar,0,2
0.39949664,8,rgb_sar,0,2
0.4173758,8,rgb_sar,0,2
0.39010412,8,rgb_sar,0,2
0.331216,8,rgb_sar,0,2
0.4159407,8,rgb_sar,0,2
0.41029632,8,rgb_sar,0,2
0.4021601,8,rgb_sar,0,2
0.38588905,8,rgb_sar,0,2
0.39409778,8,rgb_sar,0,2
0.4299608,8,rgb_sar,0,2
0.3568931,8,rgb_sar,0,2
0.29162902,8,rgb_sar,0,2
0.26137817,8,rgb_sar,0,2
0.38698566,8,rgb_sar,0,2
0.37596098,8,rgb_sar,0,2
0.32783365,8,rgb_sar,0,2
0.32643533,8,rgb_sar,0,2
0.26905978,8,rgb_sar,0,2
0.26446533,8,rgb_sar,0,2
0.2354348,8,rgb_sar,0,2
0.22830877,8,rgb_sar,0,2
0.21163714,8,rgb_sar,0,2
0.32909307,8,rgb_sar,0,2
0.33739018,8,rgb_sar,0,2
0.3032616,8,rgb_sar,0,2
0.27204302,8,rgb_sar,0,2
0.18622273,8,rgb_sar,0,2
0.13942488,8,rgb_sar,0,2
0.19069478,8,rgb_sar,0,2
0.33966604,8,rgb_sar,0,2
0.37875432,8,rgb_sar,0,2
0.2970001,8,rgb_sar,0,2
0.2128739,8,rgb_sar,0,2
0.16401543,8,rgb_sar,0,2
0.13932943,8,rgb_sar,0,2
0.13690904,8,rgb_sar,0,2
0.36272687,8,rgb_sar,0,2
0.37792742,8,rgb_sar,0,2
0.27571827,8,rgb_sar,0,2
0.23488396,8,rgb_sar,0,2
0.1410687,8,rgb_sar,0,2
0.10625251,8,rgb_sar,0,2
0.24971506,8,rgb_sar,0,2
0.0881231,8,rgb_sar,0,2
0.07122486,8,rgb_sar,0,2
0.42691305,8,rgb_sar,0,2
0.42472658,8,rgb_sar,0,2
0.34550956,8,rgb_sar,0,2
0.28867388,8,rgb_sar,0,2
0.4428882,8,rgb_sar,0,2
0.36641294,8,rgb_sar,0,2
0.18106341,8,rgb_sar,0,2
0.45873827,8,rgb_sar,0,2
0.33068782,8,rgb_sar,0,2
0.051871013,8,rgb_sar,0,2
0.45316646,8,rgb_sar,0,2
0.4414817,8,rgb_sar,0,2
0.41543084,2,rgb_sar,0,2
0.5294105,2,rgb_sar,0,2
0.22819278,2,rgb_sar,0,2
0.20123032,2,rgb_sar,0,2
0.21089126,2,rgb_sar,0,2
0.14364149,2,rgb_sar,0,2
0.35705313,2,rgb_sar,0,2
0.33225095,2,rgb_sar,0,2
0.3369507,2,rgb_sar,0,2
0.25990438,2,rgb_sar,0,2
0.46952063,2,rgb_sar,0,2
0.3303459,2,rgb_sar,0,2
0.16402128,2,rgb_sar,0,2
0.58056635,2,rgb_sar,0,2
0.46753854,2,rgb_sar,0,2
0.3304278,2,rgb_sar,0,2
0.33750656,8,rgb_sar,0,2
0.3521021,8,rgb_sar,0,2
0.38893414,8,rgb_sar,0,2
0.44276473,8,rgb_sar,0,2
0.47787914,8,rgb_sar,0,2
0.41491693,8,rgb_sar,0,2
0.28265098,8,rgb_sar,0,2
0.2962442,8,rgb_sar,0,2
0.29572245,8,rgb_sar,0,2
0.32537353,8,rgb_sar,0,2
0.3483042,8,rgb_sar,0,2
0.3407146,8,rgb_sar,0,2
0.33139127,8,rgb_sar,0,2
0.28137594,8,rgb_sar,0,2
0.25857437,8,rgb_sar,0,2
0.25961196,8,rgb_sar,0,2
0.3387152,8,rgb_sar,0,2
0.29478788,8,rgb_sar,0,2
0.3339044,8,rgb_sar,0,2
0.34217966,8,rgb_sar,0,2
0.32044202,8,rgb_sar,0,2
0.2949764,8,rgb_sar,0,2
0.24394156,8,rgb_sar,0,2
0.19643952,8,rgb_sar,0,2
0.21600471,8,rgb_sar,0,2
0.35470557,8,rgb_sar,0,2
0.3361696,8,rgb_sar,0,2
0.3002767,8,rgb_sar,0,2
0.2675504,8,rgb_sar,0,2
0.32074505,8,rgb_sar,0,2
0.2924663,8,rgb_sar,0,2
0.20510337,8,rgb_sar,0,2
0.35836285,8,rgb_sar,0,2
0.33963338,8,rgb_sar,0,2
0.27789366,8,rgb_sar,0,2
0.35432875,8,rgb_sar,0,2
0.29754728,8,rgb_sar,0,2
0.19447011,8,rgb_sar,0,2
0.2959854,8,rgb_sar,0,2
0.15430476,8,rgb_sar,0,2
0.039195154,8,rgb_sar,0,2
0.34625226,8,rgb_sar,0,2
0.32609788,8,rgb_sar,0,2
0.35581076,8,rgb_sar,0,2
0.38664687,8,rgb_sar,0,2
0.383416,8,rgb_sar,0,2
0.3738718,8,rgb_sar,0,2
0.38138387,8,rgb_sar,0,2
0.3754901,8,rgb_sar,0,2
0.30737603,8,rgb_sar,0,2
0.35668337,8,rgb_sar,0,2
0.36414182,8,rgb_sar,0,2
0.35710466,8,rgb_sar,0,2
0.3795923,8,rgb_sar,0,2
0.30051807,8,rgb_sar,0,2
0.30099377,8,rgb_sar,0,2
0.3487275,8,rgb_sar,0,2
0.30452484,8,rgb_sar,0,2
0.2562244,8,rgb_sar,0,2
0.38798833,8,rgb_sar,0,2
0.42051095,8,rgb_sar,0,2
0.38965085,8,rgb_sar,0,2
0.3560579,8,rgb_sar,0,2
0.2080729,8,rgb_sar,0,2
0.17108276,8,rgb_sar,0,2
0.1689877,8,rgb_sar,0,2
0.33486277,8,rgb_sar,0,2
0.38056585,8,rgb_sar,0,2
0.34123117,8,rgb_sar,0,2
0.23992433,8,rgb_sar,0,2
0.16860104,8,rgb_sar,0,2
0.13964689,8,rgb_sar,0,2
0.06692849,8,rgb_sar,0,2
0.3442736,8,rgb_sar,0,2
0.33135912,8,rgb_sar,0,2
0.2675246,8,rgb_sar,0,2
0.23020485,8,rgb_sar,0,2
0.1556651,8,rgb_sar,0,2
0.12139776,8,rgb_sar,0,2
0.22445302,8,rgb_sar,0,2
0.091686085,8,rgb_sar,0,2
0.11324909,8,rgb_sar,0,2
0.35743153,2,rgb_sar,0,2
0.32381424,2,rgb_sar,0,2
0.22527242,2,rgb_sar,0,2
0.13765866,2,rgb_sar,0,2
0.13622479,2,rgb_sar,0,2
0.13340065,2,rgb_sar,0,2
0.18830639,2,rgb_sar,0,2
0.0912244,2,rgb_sar,0,2
0.090671614,2,rgb_sar,0,2
0.11070475,2,rgb_sar,0,2
0.05596682,2,rgb_sar,0,2
0.1706486,2,rgb_sar,0,2
0.26995945,2,rgb_sar,0,2
0.23987684,2,rgb_sar,0,2
0.030187964,2,rgb_sar,0,2
0.03554359,2,rgb_sar,0,2
0.21179584,2,rgb_sar,0,2
0.20783737,2,rgb_sar,0,2
0.15888447,2,rgb_sar,0,2
0.20010251,2,rgb_sar,0,2
0.21241309,2,rgb_sar,0,2
0.28085434,2,rgb_sar,0,2
0.19619551,2,rgb_sar,0,2
0.21673045,2,rgb_sar,0,2
0.23633905,2,rgb_sar,0,2
0.27798364,2,rgb_sar,0,2
0.19217646,2,rgb_sar,0,2
0.14779869,2,rgb_sar,0,2
0.17063984,2,rgb_sar,0,2
0.21265936,2,rgb_sar,0,2
0.2155864,2,rgb_sar,0,2
0.23254725,2,rgb_sar,0,2
0.22909454,2,rgb_sar,0,2
0.18743072,2,rgb_sar,0,2
0.25068015,2,rgb_sar,0,2
0.11833881,2,rgb_sar,0,2
0.09830144,2,rgb_sar,0,2
0.17395116,2,rgb_sar,0,2
0.09539789,2,rgb_sar,0,2
-0.03140789,2,rgb_sar,0,2
0.02426602,2,rgb_sar,0,2
-0.087600924,2,rgb_sar,0,2
0.1082273,2,rgb_sar,0,2
0.0661401,2,rgb_sar,0,2
0.024489747,2,rgb_sar,0,2
-0.13675739,2,rgb_sar,0,2
0.046508662,2,rgb_sar,0,2
0.092320785,2,rgb_sar,0,2
0.1152633,2,rgb_sar,0,2
0.12713185,2,rgb_sar,0,2
0.13243233,2,rgb_sar,0,2
0.18283278,2,rgb_sar,0,2
0.21930452,2,rgb_sar,0,2
0.20235777,2,rgb_sar,0,2
0.16680658,2,rgb_sar,0,2
0.18249907,2,rgb_sar,0,2
0.17519127,2,rgb_sar,0,2
0.18940258,2,rgb_sar,0,2
0.196102,2,rgb_sar,0,2
0.15461072,2,rgb_sar,0,2
0.18263206,2,rgb_sar,0,2
0.1662996,2,rgb_sar,0,2
0.1793735,2,rgb_sar,0,2
0.17438766,2,rgb_sar,0,2
0.20505258,2,rgb_sar,0,2
0.15286255,2,rgb_sar,0,2
0.27120212,2,rgb_sar,0,2
0.31707665,2,rgb_sar,0,2
0.1093453,2,rgb_sar,0,2
-0.02900691,2,rgb_sar,0,2
0.021567218,2,rgb_sar,0,2
0.1208217,2,rgb_sar,0,2
0.087166965,2,rgb_sar,0,2
0.12986422,2,rgb_sar,0,2
0.12376476,2,rgb_sar,0,2
0.14065789,2,rgb_sar,0,2
0.118507534,2,rgb_sar,0,2
0.11881217,2,rgb_sar,0,2
0.15184595,2,rgb_sar,0,2
0.21910338,2,rgb_sar,0,2
0.1198667,2,rgb_sar,0,2
0.14176044,2,rgb_sar,0,2
0.20061465,2,rgb_sar,0,2
0.23202056,2,rgb_sar,0,2
0.20273356,2,rgb_sar,0,2
0.20420082,2,rgb_sar,0,2
0.21232876,2,rgb_sar,0,2
0.19809853,2,rgb_sar,0,2
0.26877993,2,rgb_sar,0,2
0.07951707,2,rgb_sar,0,2
0.28181082,2,rgb_sar,0,2
0.3214249,2,rgb_sar,0,2
0.16616452,2,rgb_sar,0,2
-0.087989576,2,rgb_sar,0,2
0.1063988,2,rgb_sar,0,2
0.14542711,2,rgb_sar,0,2
0.10320023,2,rgb_sar,0,2
0.16900292,2,rgb_sar,0,2
0.1573979,2,rgb_sar,0,2
0.17859702,2,rgb_sar,0,2
0.11866807,2,rgb_sar,0,2
0.16596302,2,rgb_sar,0,2
0.18021071,2,rgb_sar,0,2
0.21560499,2,rgb_sar,0,2
0.18712905,2,rgb_sar,0,2
0.18976414,2,rgb_sar,0,2
0.22990625,2,rgb_sar,0,2
0.21879412,2,rgb_sar,0,2
0.22891198,2,rgb_sar,0,2
0.23494883,2,rgb_sar,0,2
0.22110058,2,rgb_sar,0,2
0.2513325,2,rgb_sar,0,2
0.22276506,7,rgb_sar,0,2
0.21636555,7,rgb_sar,0,2
0.2736656,7,rgb_sar,0,2
0.07429877,7,rgb_sar,0,2
0.05223209,7,rgb_sar,0,2
0.15817344,7,rgb_sar,0,2
0.001933163,7,rgb_sar,0,2
-0.10898046,7,rgb_sar,0,2
0.027564071,7,rgb_sar,0,2
0.28640717,7,rgb_sar,0,2
-0.07242991,7,rgb_sar,0,2
-0.113410085,7,rgb_sar,0,2
-0.02973077,7,rgb_sar,0,2
0.22351566,7,rgb_sar,0,2
-0.025144115,7,rgb_sar,0,2
0.07594901,7,rgb_sar,0,2
0.056469362,7,rgb_sar,0,2
0.20562892,7,rgb_sar,0,2
0.021557424,7,rgb_sar,0,2
0.042467333,7,rgb_sar,0,2
0.043430258,7,rgb_sar,0,2
0.16229153,7,rgb_sar,0,2
0.23983361,7,rgb_sar,0,2
0.28134444,7,rgb_sar,0,2
0.15857191,7,rgb_sar,0,2
0.26085153,7,rgb_sar,0,2
0.23293321,7,rgb_sar,0,2
0.21511438,7,rgb_sar,0,2
0.15095282,7,rgb_sar,0,2
0.08809729,7,rgb_sar,0,2
0.065312974,7,rgb_sar,0,2
0.019830119,7,rgb_sar,0,2
-0.013351734,7,rgb_sar,0,2
0.040325373,7,rgb_sar,0,2
0.041334946,7,rgb_sar,0,2
-0.04697904,7,rgb_sar,0,2
0.04688609,7,rgb_sar,0,2
0.083917625,7,rgb_sar,0,2
0.010220233,7,rgb_sar,0,2
-0.040108,7,rgb_sar,0,2
-0.045189153,7,rgb_sar,0,2
0.14715818,7,rgb_sar,0,2
0.20246756,7,rgb_sar,0,2
0.08607786,7,rgb_sar,0,2
0.07775486,7,rgb_sar,0,2
0.029996226,7,rgb_sar,0,2
-0.07883322,7,rgb_sar,0,2
-0.0070031593,7,rgb_sar,0,2
-0.011752815,7,rgb_sar,0,2
0.003858165,7,rgb_sar,0,2
-0.0715103,7,rgb_sar,0,2
-0.018712062,7,rgb_sar,0,2
0.0002799388,7,rgb_sar,0,2
0.041741572,7,rgb_sar,0,2
-0.0155780325,7,rgb_sar,0,2
-0.03516698,7,rgb_sar,0,2
-0.017122805,7,rgb_sar,0,2
0.009644618,7,rgb_sar,0,2
0.08268754,7,rgb_sar,0,2
-0.06362635,7,rgb_sar,0,2
0.051416613,7,rgb_sar,0,2
0.00087612495,7,rgb_sar,0,2
0.042662513,7,rgb_sar,0,2
0.10587559,7,rgb_sar,0,2
0.045339063,7,rgb_sar,0,2
0.059243023,7,rgb_sar,0,2
0.06746672,7,rgb_sar,0,2
0.098992586,7,rgb_sar,0,2
0.059360318,7,rgb_sar,0,2
0.15629828,7,rgb_sar,0,2
0.05058725,7,rgb_sar,0,2
0.17991967,7,rgb_sar,0,2
0.13908368,7,rgb_sar,0,2
0.16337562,7,rgb_sar,0,2
0.19430435,7,rgb_sar,0,2
0.03182228,7,rgb_sar,0,2
-0.008408889,7,rgb_sar,0,2
-0.088445194,7,rgb_sar,0,2
0.040781446,7,rgb_sar,0,2
-0.0038003046,7,rgb_sar,0,2
-0.039246432,7,rgb_sar,0,2
0.10313218,7,rgb_sar,0,2
-0.032554075,7,rgb_sar,0,2
-0.006046677,7,rgb_sar,0,2
-0.039449498,7,rgb_sar,0,2
0.11277942,7,rgb_sar,0,2
-0.026281321,7,rgb_sar,0,2
0.055670395,7,rgb_sar,0,2
-0.007338213,7,rgb_sar,0,2
0.1829982,7,rgb_sar,0,2
-0.10191819,7,rgb_sar,0,2
-0.058764175,7,rgb_sar,0,2
-0.0039469507,7,rgb_sar,0,2
0.17321181,7,rgb_sar,0,2
0.17584795,7,rgb_sar,0,2
0.22714207,7,rgb_sar,0,2
0.12067057,7,rgb_sar,0,2
0.19359016,7,rgb_sar,0,2
0.27681947,7,rgb_sar,0,2
0.23130944,7,rgb_sar,0,2
-0.024552112,7,rgb_sar,0,2
-0.087801196,7,rgb_sar,0,2
-0.022485126,7,rgb_sar,0,2
-0.0026186109,7,rgb_sar,0,2
-0.08786801,7,rgb_sar,0,2
-0.038795024,7,rgb_sar,0,2
-0.015055334,7,rgb_sar,0,2
-0.058149956,7,rgb_sar,0,2
-0.037814934,7,rgb_sar,0,2
0.009960011,7,rgb_sar,0,2
0.005482819,7,rgb_sar,0,2
-0.0236674,7,rgb_sar,0,2
-0.025029678,7,rgb_sar,0,2
0.003051065,7,rgb_sar,0,2
0.055598103,7,rgb_sar,0,2
0.0123672895,7,rgb_sar,0,2
0.035938915,7,rgb_sar,0,2
0.054634392,7,rgb_sar,0,2
-0.08966063,7,rgb_sar,0,2
-0.09673865,7,rgb_sar,0,2
-0.06404205,7,rgb_sar,0,2
-0.042852584,7,rgb_sar,0,2
-0.07003681,7,rgb_sar,0,2
-0.082420565,7,rgb_sar,0,2
-0.029802147,7,rgb_sar,0,2
0.11945922,7,rgb_sar,0,2
0.21082245,7,rgb_sar,0,2
0.101081185,7,rgb_sar,0,2
-0.08427018,7,rgb_sar,0,2
0.02483086,7,rgb_sar,0,2
0.124288626,7,rgb_sar,0,2
-0.17097402,7,rgb_sar,0,2
-0.003679853,7,rgb_sar,0,2
0.014597759,7,rgb_sar,0,2
0.09165826,7,rgb_sar,0,2
0.14318681,7,rgb_sar,0,2
0.11219973,7,rgb_sar,0,2
0.095259935,7,rgb_sar,0,2
0.05442099,7,rgb_sar,0,2
0.22183132,7,rgb_sar,0,2
0.14587545,7,rgb_sar,0,2
0.13767275,7,rgb_sar,0,2
0.115441374,7,rgb_sar,0,2
0.22905889,7,rgb_sar,0,2
0.2073841,6,rgb_sar,0,2
0.15527171,6,rgb_sar,0,2
0.13080508,6,rgb_sar,0,2
0.16423604,6,rgb_sar,0,2
0.123187006,6,rgb_sar,0,2
0.15000638,6,rgb_sar,0,2
0.20659572,6,rgb_sar,0,2
0.15333351,6,rgb_sar,0,2
0.1684312,6,rgb_sar,0,2
0.18538982,6,rgb_sar,0,2
0.18910988,6,rgb_sar,0,2
0.24549338,6,rgb_sar,0,2
0.2125502,6,rgb_sar,0,2
0.24689975,6,rgb_sar,0,2
0.27491915,6,rgb_sar,0,2
0.24006452,6,rgb_sar,0,2
0.26354158,6,rgb_sar,0,2
0.244706,6,rgb_sar,0,2
0.2422715,6,rgb_sar,0,2
0.24814862,6,rgb_sar,0,2
0.26339138,6,rgb_sar,0,2
0.27142555,6,rgb_sar,0,2
0.20411217,6,rgb_sar,0,2
0.1873121,6,rgb_sar,0,2
0.22027597,6,rgb_sar,0,2
0.24348335,6,rgb_sar,0,2
0.20934102,6,rgb_sar,0,2
0.09319342,6,rgb_sar,0,2
0.10257832,6,rgb_sar,0,2
0.12128201,6,rgb_sar,0,2
0.16794369,6,rgb_sar,0,2
0.21214925,6,rgb_sar,0,2
0.18790151,6,rgb_sar,0,2
0.17043424,6,rgb_sar,0,2
0.13326794,6,rgb_sar,0,2
0.17686854,6,rgb_sar,0,2
0.20319888,6,rgb_sar,0,2
0.24729736,6,rgb_sar,0,2
0.15387431,6,rgb_sar,0,2
0.12731002,6,rgb_sar,0,2
0.10156553,6,rgb_sar,0,2
0.16648504,6,rgb_sar,0,2
0.22917679,6,rgb_sar,0,2
0.14518872,6,rgb_sar,0,2
0.14177814,6,rgb_sar,0,2
0.13953134,6,rgb_sar,0,2
0.21776535,6,rgb_sar,0,2
0.25649923,6,rgb_sar,0,2
0.1635299,6,rgb_sar,0,2
0.15254042,6,rgb_sar,0,2
0.14235272,6,rgb_sar,0,2
0.14090508,6,rgb_sar,0,2
0.10958573,6,rgb_sar,0,2
0.16259207,6,rgb_sar,0,2
0.07322489,6,rgb_sar,0,2
0.08794621,6,rgb_sar,0,2
0.1767613,6,rgb_sar,0,2
0.30641466,6,rgb_sar,0,2
0.29440862,6,rgb_sar,0,2
0.042847496,6,rgb_sar,0,2
0.06772256,6,rgb_sar,0,2
0.17667866,6,rgb_sar,0,2
0.32426044,6,rgb_sar,0,2
0.2615054,6,rgb_sar,0,2
0.21882924,3,rgb_sar,0,2
0.21996406,3,rgb_sar,0,2
0.048327096,3,rgb_sar,0,2
-0.03391774,3,rgb_sar,0,2
-0.08365929,3,rgb_sar,0,2
0.0010952428,3,rgb_sar,0,2
-0.033639006,3,rgb_sar,0,2
-0.09994781,3,rgb_sar,0,2
0.03579458,3,rgb_sar,0,2
0.034828972,3,rgb_sar,0,2
0.041141514,3,rgb_sar,0,2
0.100409,3,rgb_sar,0,2
0.1177186,3,rgb_sar,0,2
0.053165138,3,rgb_sar,0,2
-0.037126537,3,rgb_sar,0,2
-0.034901567,3,rgb_sar,0,2
-0.004168162,3,rgb_sar,0,2
-0.090081185,3,rgb_sar,0,2
-0.065755986,3,rgb_sar,0,2
-0.016102072,3,rgb_sar,0,2
0.03131883,3,rgb_sar,0,2
0.0026178993,3,rgb_sar,0,2
-0.1152813,3,rgb_sar,0,2
-0.0848097,3,rgb_sar,0,2
0.10734652,3,rgb_sar,0,2
0.05165766,3,rgb_sar,0,2
-0.14878847,3,rgb_sar,0,2
-0.10365538,3,rgb_sar,0,2
0.012302423,3,rgb_sar,0,2
0.02628823,3,rgb_sar,0,2
-0.079293914,3,rgb_sar,0,2
-0.005843399,3,rgb_sar,0,2
-0.022092894,3,rgb_sar,0,2
-0.028933508,3,rgb_sar,0,2
0.111876965,3,rgb_sar,0,2
0.12122861,3,rgb_sar,0,2
-0.046715878,3,rgb_sar,0,2
0.016573492,3,rgb_sar,0,2
-0.018914893,3,rgb_sar,0,2
-0.0038277358,3,rgb_sar,0,2
-0.13310295,3,rgb_sar,0,2
-0.12846306,3,rgb_sar,0,2
-0.022007778,3,rgb_sar,0,2
0.052123033,3,rgb_sar,0,2
0.06847142,3,rgb_sar,0,2
0.031387284,3,rgb_sar,0,2
0.025359841,3,rgb_sar,0,2
-0.00951365,3,rgb_sar,0,2
0.012003507,3,rgb_sar,0,2
-0.029468954,3,rgb_sar,0,2
-0.07978378,3,rgb_sar,0,2
0.2428259,3,rgb_sar,0,2
0.34697425,3,rgb_sar,0,2
0.081006415,3,rgb_sar,0,2
0.0009947866,3,rgb_sar,0,2
0.17947978,3,rgb_sar,0,2
0.20352006,3,rgb_sar,0,2
0.29438844,3,rgb_sar,0,2
0.060919993,3,rgb_sar,0,2
0.013022676,3,rgb_sar,0,2
0.22299446,3,rgb_sar,0,2
0.24661466,3,rgb_sar,0,2
0.16591197,3,rgb_sar,0,2
0.0027104635,3,rgb_sar,0,2
-0.022830445,3,rgb_sar,0,2
0.043982025,3,rgb_sar,0,2
0.019929001,3,rgb_sar,0,2
-0.082565665,3,rgb_sar,0,2
0.14599015,3,rgb_sar,0,2
0.07085216,3,rgb_sar,0,2
0.012391813,3,rgb_sar,0,2
0.044570547,3,rgb_sar,0,2
0.15240481,3,rgb_sar,0,2
0.10864836,3,rgb_sar,0,2
0.09186302,3,rgb_sar,0,2
0.062361393,3,rgb_sar,0,2
-0.0157636,3,rgb_sar,0,2
-0.07837318,3,rgb_sar,0,2
-0.057275936,3,rgb_sar,0,2
-0.020775665,3,rgb_sar,0,2
0.08341804,3,rgb_sar,0,2
0.0755342,3,rgb_sar,0,2
-0.039738853,3,rgb_sar,0,2
-0.023301387,3,rgb_sar,0,2
-0.007713724,3,rgb_sar,0,2
-0.05676141,3,rgb_sar,0,2
-0.08208053,3,rgb_sar,0,2
-0.04020858,3,rgb_sar,0,2
0.1070994,3,rgb_sar,0,2
0.024474118,3,rgb_sar,0,2
-0.07834712,3,rgb_sar,0,2
0.07685666,3,rgb_sar,0,2
0.08007338,3,rgb_sar,0,2
0.06189546,3,rgb_sar,0,2
0.0852239,3,rgb_sar,0,2
0.044791594,3,rgb_sar,0,2
-0.06486701,3,rgb_sar,0,2
-0.021412391,3,rgb_sar,0,2
0.005973503,3,rgb_sar,0,2
0.050238118,3,rgb_sar,0,2
-0.095954455,3,rgb_sar,0,2
-0.08587879,3,rgb_sar,0,2
0.06373104,3,rgb_sar,0,2
-0.014855485,3,rgb_sar,0,2
0.0022965968,3,rgb_sar,0,2
-0.021658238,3,rgb_sar,0,2
-0.033899635,3,rgb_sar,0,2
-0.025526538,3,rgb_sar,0,2
-0.03130863,3,rgb_sar,0,2
-0.08484866,3,rgb_sar,0,2
-0.016712962,3,rgb_sar,0,2
0.24065098,3,rgb_sar,0,2
0.23550582,3,rgb_sar,0,2
0.0036643092,3,rgb_sar,0,2
0.0053060874,3,rgb_sar,0,2
0.17530078,3,rgb_sar,0,2
0.21555422,3,rgb_sar,0,2
0.13138911,3,rgb_sar,0,2
7.846579e-05,3,rgb_sar,0,2
0.031051688,3,rgb_sar,0,2
0.28092998,6,rgb_sar,0,2
0.19585223,6,rgb_sar,0,2
0.1436472,6,rgb_sar,0,2
0.07980746,6,rgb_sar,0,2
0.19729932,6,rgb_sar,0,2
0.33026975,6,rgb_sar,0,2
0.31337348,6,rgb_sar,0,2
0.25906974,6,rgb_sar,0,2
0.22689638,6,rgb_sar,0,2
0.17989969,6,rgb_sar,0,2
0.18801329,6,rgb_sar,0,2
0.2784074,6,rgb_sar,0,2
0.24706763,6,rgb_sar,0,2
0.25805035,6,rgb_sar,0,2
0.22601245,6,rgb_sar,0,2
0.2565332,6,rgb_sar,0,2
0.2556672,6,rgb_sar,0,2
0.25744295,6,rgb_sar,0,2
0.23732318,6,rgb_sar,0,2
0.22357263,6,rgb_sar,0,2
0.25308496,6,rgb_sar,0,2
0.22962762,6,rgb_sar,0,2
0.18706217,6,rgb_sar,0,2
0.20777887,6,rgb_sar,0,2
0.22017625,6,rgb_sar,0,2
0.26962432,6,rgb_sar,0,2
0.25207758,6,rgb_sar,0,2
0.13119379,6,rgb_sar,0,2
0.15320934,6,rgb_sar,0,2
0.16155249,6,rgb_sar,0,2
0.21402985,6,rgb_sar,0,2
0.25210008,6,rgb_sar,0,2
0.115437075,6,rgb_sar,0,2
0.14771314,6,rgb_sar,0,2
0.11325185,6,rgb_sar,0,2
0.1010972,6,rgb_sar,0,2
0.115149066,6,rgb_sar,0,2
0.21410337,6,rgb_sar,0,2
0.20530124,6,rgb_sar,0,2
0.20343457,6,rgb_sar,0,2
0.20824748,6,rgb_sar,0,2
0.19785482,6,rgb_sar,0,2
0.19315037,6,rgb_sar,0,2
0.20309357,6,rgb_sar,0,2
0.21481368,6,rgb_sar,0,2
0.3515979,6,rgb_sar,0,2
0.4097516,6,rgb_sar,0,2
0.37895137,6,rgb_sar,0,2
0.26181778,6,rgb_sar,0,2
0.26881415,6,rgb_sar,0,2
0.3090054,6,rgb_sar,0,2
0.26199022,6,rgb_sar,0,2
0.26921013,6,rgb_sar,0,2
0.33250943,6,rgb_sar,0,2
0.16741076,6,rgb_sar,0,2
0.19364911,6,rgb_sar,0,2
0.29765338,6,rgb_sar,0,2
0.3440028,6,rgb_sar,0,2
0.29390678,6,rgb_sar,0,2
0.14165637,6,rgb_sar,0,2
0.15932465,6,rgb_sar,0,2
0.2334819,6,rgb_sar,0,2
0.2641781,6,rgb_sar,0,2
0.31521547,6,rgb_sar,0,2
0.065594204,3,rgb_sar,0,2
0.102141954,3,rgb_sar,0,2
0.053272676,3,rgb_sar,0,2
0.031151544,3,rgb_sar,0,2
-0.05949351,3,rgb_sar,0,2
0.021067385,3,rgb_sar,0,2
-0.05225362,3,rgb_sar,0,2
-0.16140231,3,rgb_sar,0,2
0.034534153,3,rgb_sar,0,2
0.045884844,3,rgb_sar,0,2
0.00647112,3,rgb_sar,0,2
0.055708773,3,rgb_sar,0,2
0.050817363,3,rgb_sar,0,2
0.08435258,3,rgb_sar,0,2
0.045407407,3,rgb_sar,0,2
0.006193296,3,rgb_sar,0,2
0.0019178558,3,rgb_sar,0,2
-0.04808253,3,rgb_sar,0,2
-0.03324945,3,rgb_sar,0,2
-0.00025067758,3,rgb_sar,0,2
-0.043518063,3,rgb_sar,0,2
0.032256007,3,rgb_sar,0,2
-0.038867988,3,rgb_sar,0,2
-0.07001835,3,rgb_sar,0,2
0.072818555,3,rgb_sar,0,2
0.029847823,3,rgb_sar,0,2
-0.07353697,3,rgb_sar,0,2
-0.06263089,3,rgb_sar,0,2
0.020753087,3,rgb_sar,0,2
0.12955742,3,rgb_sar,0,2
0.017229628,3,rgb_sar,0,2
-0.018302664,3,rgb_sar,0,2
0.002847433,3,rgb_sar,0,2
0.055204272,3,rgb_sar,0,2
0.12982771,3,rgb_sar,0,2
0.10561491,3,rgb_sar,0,2
-0.022553064,3,rgb_sar,0,2
0.06400715,3,rgb_sar,0,2
0.0017262548,3,rgb_sar,0,2
-0.029342806,3,rgb_sar,0,2
-0.086025685,3,rgb_sar,0,2
-0.11558013,3,rgb_sar,0,2
-0.024082188,3,rgb_sar,0,2
0.018923722,3,rgb_sar,0,2
0.0144473575,3,rgb_sar,0,2
-0.05422069,3,rgb_sar,0,2
-0.0502719,3,rgb_sar,0,2
-0.045526303,3,rgb_sar,0,2
-0.050585978,3,rgb_sar,0,2
-0.1277532,3,rgb_sar,0,2
-0.11952746,3,rgb_sar,0,2
0.2027232,3,rgb_sar,0,2
0.21914631,3,rgb_sar,0,2
0.1108454,3,rgb_sar,0,2
0.11985147,3,rgb_sar,0,2
0.13857618,3,rgb_sar,0,2
0.17170256,3,rgb_sar,0,2
0.15231812,3,rgb_sar,0,2
0.0831346,3,rgb_sar,0,2
0.07716037,3,rgb_sar,0,2
0.10820738,3,rgb_sar,0,2
0.16019243,3,rgb_sar,0,2
0.12328937,3,rgb_sar,0,2
0.11069107,3,rgb_sar,0,2
-0.08658364,3,rgb_sar,0,2
0.024005027,3,rgb_sar,0,2
0.057321765,3,rgb_sar,0,2
0.01643775,3,rgb_sar,0,2
0.008850712,3,rgb_sar,0,2
0.05641774,3,rgb_sar,0,2
0.010409225,3,rgb_sar,0,2
0.13011453,3,rgb_sar,0,2
0.13671447,3,rgb_sar,0,2
0.09573608,3,rgb_sar,0,2
0.081695385,3,rgb_sar,0,2
0.070993036,3,rgb_sar,0,2
-0.020093206,3,rgb_sar,0,2
-0.0012990478,3,rgb_sar,0,2
-0.042691574,3,rgb_sar,0,2
-0.021963008,3,rgb_sar,0,2
-0.024057515,3,rgb_sar,0,2
-0.024876632,3,rgb_sar,0,2
-0.1212405,3,rgb_sar,0,2
-0.10042264,3,rgb_sar,0,2
0.057308808,3,rgb_sar,0,2
0.028783223,3,rgb_sar,0,2
-0.041760404,3,rgb_sar,0,2
-0.053635024,3,rgb_sar,0,2
0.025228057,3,rgb_sar,0,2
0.041838784,3,rgb_sar,0,2
-0.075727664,3,rgb_sar,0,2
0.023895986,3,rgb_sar,0,2
0.104542255,3,rgb_sar,0,2
0.09301442,3,rgb_sar,0,2
0.16167419,3,rgb_sar,0,2
0.16118656,3,rgb_sar,0,2
-0.039013427,3,rgb_sar,0,2
-0.029199397,3,rgb_sar,0,2
0.042269126,3,rgb_sar,0,2
0.055719957,3,rgb_sar,0,2
-0.13164693,3,rgb_sar,0,2
-0.14733857,3,rgb_sar,0,2
0.045155846,3,rgb_sar,0,2
0.19302277,3,rgb_sar,0,2
0.10311185,3,rgb_sar,0,2
-0.057045862,3,rgb_sar,0,2
-0.05830753,3,rgb_sar,0,2
0.041589294,3,rgb_sar,0,2
0.01754557,3,rgb_sar,0,2
-0.05901787,3,rgb_sar,0,2
-0.061755404,3,rgb_sar,0,2
0.19375539,3,rgb_sar,0,2
0.18828295,3,rgb_sar,0,2
-0.0020082286,3,rgb_sar,0,2
-0.012319658,3,rgb_sar,0,2
0.24766739,3,rgb_sar,0,2
0.24341333,3,rgb_sar,0,2
0.15933639,3,rgb_sar,0,2
-0.0035659447,3,rgb_sar,0,2
0.015909037,3,rgb_sar,0,2
0.050912153,2,rgb_sar,0,2
0.01439441,2,rgb_sar,0,2
0.08892652,2,rgb_sar,0,2
0.1124864,2,rgb_sar,0,2
0.17823333,2,rgb_sar,0,2
0.07254991,2,rgb_sar,0,2
0.034585528,2,rgb_sar,0,2
0.088384524,2,rgb_sar,0,2
0.07737929,2,rgb_sar,0,2
0.16877005,2,rgb_sar,0,2
0.049210533,2,rgb_sar,0,2
0.012664923,2,rgb_sar,0,2
0.07052931,2,rgb_sar,0,2
0.03144455,2,rgb_sar,0,2
0.071388975,2,rgb_sar,0,2
0.09495906,2,rgb_sar,0,2
0.17207223,2,rgb_sar,0,2
0.038867913,2,rgb_sar,0,2
0.05152353,2,rgb_sar,0,2
0.059990376,2,rgb_sar,0,2
0.043658644,2,rgb_sar,0,2
0.074184045,2,rgb_sar,0,2
0.05964963,2,rgb_sar,0,2
0.16268636,2,rgb_sar,0,2
0.11242444,2,rgb_sar,0,2
0.13402487,2,rgb_sar,0,2
0.110760555,2,rgb_sar,0,2
0.089561746,2,rgb_sar,0,2
0.15161122,2,rgb_sar,0,2
0.165981,2,rgb_sar,0,2
0.1407567,2,rgb_sar,0,2
0.31824517,2,rgb_sar,0,2
0.20617738,2,rgb_sar,0,2
0.11094355,2,rgb_sar,0,2
0.07440901,2,rgb_sar,0,2
0.06462577,2,rgb_sar,0,2
0.14129129,2,rgb_sar,0,2
0.17447019,2,rgb_sar,0,2
0.14139135,2,rgb_sar,0,2
0.206071,2,rgb_sar,0,2
0.107596025,2,rgb_sar,0,2
0.1118621,2,rgb_sar,0,2
0.14111704,2,rgb_sar,0,2
0.1754534,2,rgb_sar,0,2
0.254026,2,rgb_sar,0,2
0.20664904,2,rgb_sar,0,2
0.21506482,2,rgb_sar,0,2
0.22011475,2,rgb_sar,0,2
-0.011418309,2,rgb_sar,0,2
0.10188103,2,rgb_sar,0,2
0.24481072,2,rgb_sar,0,2
0.27016413,2,rgb_sar,0,2
0.2834611,2,rgb_sar,0,2
0.27692822,2,rgb_sar,0,2
0.18477164,2,rgb_sar,0,2
0.3168788,2,rgb_sar,0,2
0.022744542,2,rgb_sar,0,2
0.0708525,2,rgb_sar,0,2
0.12200432,2,rgb_sar,0,2
0.14864254,2,rgb_sar,0,2
0.14860536,2,rgb_sar,0,2
0.11890846,2,rgb_sar,0,2
0.18167771,2,rgb_sar,0,2
0.31054643,2,rgb_sar,0,2
0.15416378,2,rgb_sar,0,2
0.1643039,2,rgb_sar,0,2
0.13416992,2,rgb_sar,0,2
0.17483069,2,rgb_sar,0,2
0.15230963,2,rgb_sar,0,2
0.16145001,2,rgb_sar,0,2
0.18607514,2,rgb_sar,0,2
0.13839334,2,rgb_sar,0,2
0.1794328,2,rgb_sar,0,2
0.31252462,2,rgb_sar,0,2
0.18618557,2,rgb_sar,0,2
0.1596718,2,rgb_sar,0,2
0.11381641,2,rgb_sar,0,2
0.1779398,2,rgb_sar,0,2
0.14238085,2,rgb_sar,0,2
0.1460022,2,rgb_sar,0,2
0.18902166,2,rgb_sar,0,2
0.19930772,2,rgb_sar,0,2
0.18631628,2,rgb_sar,0,2
0.2996746,2,rgb_sar,0,2
0.21316138,2,rgb_sar,0,2
0.21995096,2,rgb_sar,0,2
0.17127839,2,rgb_sar,0,2
0.14851159,2,rgb_sar,0,2
0.13933688,2,rgb_sar,0,2
0.08874031,2,rgb_sar,0,2
0.21938677,2,rgb_sar,0,2
0.23570424,2,rgb_sar,0,2
0.22275974,2,rgb_sar,0,2
0.3275614,2,rgb_sar,0,2
0.25383028,2,rgb_sar,0,2
0.24606068,2,rgb_sar,0,2
0.1446045,2,rgb_sar,0,2
0.057225466,2,rgb_sar,0,2
0.1130895,2,rgb_sar,0,2
0.24925646,2,rgb_sar,0,2
0.24375734,2,rgb_sar,0,2
0.2131868,2,rgb_sar,0,2
0.32931912,2,rgb_sar,0,2
-0.0028732065,2,rgb_sar,0,2
0.09371695,2,rgb_sar,0,2
0.2636491,2,rgb_sar,0,2
0.16391802,2,rgb_sar,0,2
0.11667619,2,rgb_sar,0,2
0.05298648,2,rgb_sar,0,2
0.06250217,2,rgb_sar,0,2
0.10155275,2,rgb_sar,0,2
0.10463333,2,rgb_sar,0,2
0.13698548,2,rgb_sar,0,2
0.07748249,2,rgb_sar,0,2
0.07219983,2,rgb_sar,0,2
0.18814428,2,rgb_sar,0,2
0.16863437,2,rgb_sar,0,2
0.12322303,2,rgb_sar,0,2
0.07914963,2,rgb_sar,0,2
0.0990848,2,rgb_sar,0,2
0.10490836,2,rgb_sar,0,2
-0.0068938695,2,rgb_sar,0,2
0.13952377,2,rgb_sar,0,2
0.12914462,2,rgb_sar,0,2
0.1438246,2,rgb_sar,0,2
0.07959128,2,rgb_sar,0,2
0.08513241,2,rgb_sar,0,2
0.09533046,2,rgb_sar,0,2
-0.021107376,2,rgb_sar,0,2
0.103683695,2,rgb_sar,0,2
0.086786546,2,rgb_sar,0,2
0.037778933,2,rgb_sar,0,2
0.06895988,2,rgb_sar,0,2
0.13534267,2,rgb_sar,0,2
0.15315464,2,rgb_sar,0,2
0.074235685,2,rgb_sar,0,2
0.24718201,2,rgb_sar,0,2
0.25599834,2,rgb_sar,0,2
0.07528512,2,rgb_sar,0,2
0.11346434,2,rgb_sar,0,2
0.10705912,2,rgb_sar,0,2
0.08516588,2,rgb_sar,0,2
0.19323985,2,rgb_sar,0,2
0.017360128,2,rgb_sar,0,2
0.051013596,2,rgb_sar,0,2
0.04713218,2,rgb_sar,0,2
0.0122776795,2,rgb_sar,0,2
0.2660414,2,rgb_sar,0,2
0.30296248,2,rgb_sar,0,2
0.1453466,2,rgb_sar,0,2
-0.020432392,2,rgb_sar,0,2
0.12009308,2,rgb_sar,0,2
0.10226538,2,rgb_sar,0,2
0.17812574,2,rgb_sar,0,2
-0.0062958524,2,rgb_sar,0,2
0.009550292,2,rgb_sar,0,2
0.12403107,2,rgb_sar,0,2
0.102743484,2,rgb_sar,0,2
0.20455098,2,rgb_sar,0,2
0.16565849,2,rgb_sar,0,2
0.1316874,2,rgb_sar,0,2
-0.028949955,2,rgb_sar,0,2
0.09314131,2,rgb_sar,0,2
0.11234548,2,rgb_sar,0,2
0.141579,2,rgb_sar,0,2
0.13150604,2,rgb_sar,0,2
0.2029908,2,rgb_sar,0,2
0.061298892,2,rgb_sar,0,2
0.06177049,2,rgb_sar,0,2
0.15754706,2,rgb_sar,0,2
0.12780368,2,rgb_sar,0,2
0.18502587,2,rgb_sar,0,2
0.15490484,2,rgb_sar,0,2
0.13867146,2,rgb_sar,0,2
0.10493898,2,rgb_sar,0,2
0.16155168,2,rgb_sar,0,2
0.18138272,2,rgb_sar,0,2
0.21792686,2,rgb_sar,0,2
0.13275492,2,rgb_sar,0,2
0.16659842,2,rgb_sar,0,2
0.12978625,2,rgb_sar,0,2
0.12210782,2,rgb_sar,0,2
0.13523115,2,rgb_sar,0,2
0.10619461,2,rgb_sar,0,2
0.15997769,2,rgb_sar,0,2
0.11705887,2,rgb_sar,0,2
0.10873601,2,rgb_sar,0,2
0.1070358,2,rgb_sar,0,2
0.17017572,2,rgb_sar,0,2
0.17549026,2,rgb_sar,0,2
0.11191949,2,rgb_sar,0,2
0.15091468,2,rgb_sar,0,2
0.23598936,2,rgb_sar,0,2
0.19094387,2,rgb_sar,0,2
0.20150137,2,rgb_sar,0,2
0.18069226,2,rgb_sar,0,2
0.18245283,2,rgb_sar,0,2
0.21247333,2,rgb_sar,0,2
0.15496975,2,rgb_sar,0,2
0.21131268,2,rgb_sar,0,2
0.1699706,2,rgb_sar,0,2
0.14271054,2,rgb_sar,0,2
0.12924388,2,rgb_sar,0,2
0.17421356,2,rgb_sar,0,2
0.1988273,2,rgb_sar,0,2
0.14332163,2,rgb_sar,0,2
0.17417228,2,rgb_sar,0,2
0.24695134,2,rgb_sar,0,2
0.22681007,2,rgb_sar,0,2
0.20023265,2,rgb_sar,0,2
0.16539884,2,rgb_sar,0,2
0.18681803,2,rgb_sar,0,2
0.16088265,2,rgb_sar,0,2
0.12096953,2,rgb_sar,0,2
0.21050775,2,rgb_sar,0,2
0.16346127,2,rgb_sar,0,2
0.15067534,2,rgb_sar,0,2
0.14908175,2,rgb_sar,0,2
0.18929559,2,rgb_sar,0,2
0.19995314,2,rgb_sar,0,2
0.16985974,2,rgb_sar,0,2
0.17812712,2,rgb_sar,0,2
0.16028506,2,rgb_sar,0,2
0.21365188,2,rgb_sar,0,2
0.22028117,2,rgb_sar,0,2
0.15252736,2,rgb_sar,0,2
0.12609938,2,rgb_sar,0,2
0.107497536,2,rgb_sar,0,2
0.05978192,2,rgb_sar,0,2
0.18038732,2,rgb_sar,0,2
0.1710565,2,rgb_sar,0,2
0.12492419,2,rgb_sar,0,2
0.17720056,2,rgb_sar,0,2
0.25930688,2,rgb_sar,0,2
0.24398851,2,rgb_sar,0,2
0.15684862,2,rgb_sar,0,2
0.1799536,2,rgb_sar,0,2
0.20978601,2,rgb_sar,0,2
0.08723059,2,rgb_sar,0,2
0.0024794182,2,rgb_sar,0,2
0.112588465,2,rgb_sar,0,2
0.2239272,2,rgb_sar,0,2
0.18500558,2,rgb_sar,0,2
0.18138216,2,rgb_sar,0,2
0.25161096,2,rgb_sar,0,2
0.3113737,2,rgb_sar,0,2
0.25927812,2,rgb_sar,0,2
0.14723112,2,rgb_sar,0,2
0.009151412,2,rgb_sar,0,2
0.103161424,2,rgb_sar,0,2
0.22943765,2,rgb_sar,0,2
0.10063398,2,rgb_sar,0,2
0.049790926,2,rgb_sar,0,2
0.30585667,2,rgb_sar,0,2
0.21077089,2,rgb_sar,0,2
0.14891616,2,rgb_sar,0,2
0.31498843,2,rgb_sar,0,2
0.21410993,2,rgb_sar,0,2
0.18248688,2,rgb_sar,0,2
0.2883966,2,rgb_sar,0,2
0.198583,2,rgb_sar,0,2
0.17479649,2,rgb_sar,0,2
0.1885834,2,rgb_sar,0,2
0.19320646,2,rgb_sar,0,2
0.26263657,2,rgb_sar,0,2
0.13905959,2,rgb_sar,0,2
0.15337342,2,rgb_sar,0,2
0.21926892,2,rgb_sar,0,2
0.1833444,2,rgb_sar,0,2
0.2559664,2,rgb_sar,0,2
0.14869986,2,rgb_sar,0,2
0.12333531,2,rgb_sar,0,2
0.18049264,2,rgb_sar,0,2
0.11839986,2,rgb_sar,0,2
0.26460904,2,rgb_sar,0,2
0.14978465,2,rgb_sar,0,2
0.15949881,2,rgb_sar,0,2
0.17535482,2,rgb_sar,0,2
0.17607749,2,rgb_sar,0,2
0.275586,2,rgb_sar,0,2
0.16406456,2,rgb_sar,0,2
0.14458781,2,rgb_sar,0,2
0.16974497,2,rgb_sar,0,2
0.18676934,2,rgb_sar,0,2
0.30811676,2,rgb_sar,0,2
0.19561632,2,rgb_sar,0,2
0.18386328,2,rgb_sar,0,2
0.32837224,2,rgb_sar,0,2
0.19517806,2,rgb_sar,0,2
0.14410864,2,rgb_sar,0,2
0.24926174,6,rgb_sar,0,2
0.1993589,6,rgb_sar,0,2
0.2521312,6,rgb_sar,0,2
0.26143354,6,rgb_sar,0,2
0.19082558,6,rgb_sar,0,2
0.2351445,6,rgb_sar,0,2
0.18969032,6,rgb_sar,0,2
0.22756135,6,rgb_sar,0,2
0.21909742,6,rgb_sar,0,2
0.19847143,6,rgb_sar,0,2
0.2311252,6,rgb_sar,0,2
0.24168804,6,rgb_sar,0,2
0.23981142,6,rgb_sar,0,2
0.22222658,6,rgb_sar,0,2
0.24378859,6,rgb_sar,0,2
0.22942466,6,rgb_sar,0,2
0.2324839,6,rgb_sar,0,2
0.21020043,6,rgb_sar,0,2
0.2440016,6,rgb_sar,0,2
0.24687167,6,rgb_sar,0,2
0.253244,6,rgb_sar,0,2
0.2560013,6,rgb_sar,0,2
0.240357,6,rgb_sar,0,2
0.28420255,6,rgb_sar,0,2
0.2993051,6,rgb_sar,0,2
0.29422343,6,rgb_sar,0,2
0.21991128,6,rgb_sar,0,2
0.22031578,6,rgb_sar,0,2
0.2766564,6,rgb_sar,0,2
0.25457984,6,rgb_sar,0,2
0.27024466,6,rgb_sar,0,2
0.23734409,6,rgb_sar,0,2
0.32748258,6,rgb_sar,0,2
0.22601448,6,rgb_sar,0,2
0.1722157,6,rgb_sar,0,2
0.28544372,6,rgb_sar,0,2
0.30865932,6,rgb_sar,0,2
0.32182878,6,rgb_sar,0,2
0.23746288,6,rgb_sar,0,2
0.12109112,6,rgb_sar,0,2
0.11641737,6,rgb_sar,0,2
0.2733823,6,rgb_sar,0,2
0.313151,6,rgb_sar,0,2
0.2517431,6,rgb_sar,0,2
0.2726513,6,rgb_sar,0,2
0.27903062,6,rgb_sar,0,2
0.23612186,6,rgb_sar,0,2
0.2670708,6,rgb_sar,0,2
0.26268345,6,rgb_sar,0,2
0.2730399,6,rgb_sar,0,2
0.21316041,6,rgb_sar,0,2
0.21089454,6,rgb_sar,0,2
0.17583364,6,rgb_sar,0,2
0.20075606,6,rgb_sar,0,2
0.24609178,6,rgb_sar,0,2
0.21296176,6,rgb_sar,0,2
0.23256667,6,rgb_sar,0,2
0.18659171,6,rgb_sar,0,2
0.20911503,6,rgb_sar,0,2
0.20967266,6,rgb_sar,0,2
0.22515762,6,rgb_sar,0,2
0.26769626,6,rgb_sar,0,2
0.21588,6,rgb_sar,0,2
0.20956281,6,rgb_sar,0,2
0.23300052,6,rgb_sar,0,2
0.21820924,6,rgb_sar,0,2
0.17786333,6,rgb_sar,0,2
0.22483385,6,rgb_sar,0,2
0.18967727,6,rgb_sar,0,2
0.20548487,6,rgb_sar,0,2
0.26801908,6,rgb_sar,0,2
0.2654543,6,rgb_sar,0,2
0.20263949,6,rgb_sar,0,2
0.25004163,6,rgb_sar,0,2
0.23042843,6,rgb_sar,0,2
0.2714051,6,rgb_sar,0,2
0.2727677,6,rgb_sar,0,2
0.25992766,6,rgb_sar,0,2
0.24785513,6,rgb_sar,0,2
0.18844506,6,rgb_sar,0,2
0.24978982,6,rgb_sar,0,2
0.30612898,6,rgb_sar,0,2
0.31965917,6,rgb_sar,0,2
0.26704225,6,rgb_sar,0,2
0.24770671,6,rgb_sar,0,2
0.21846896,6,rgb_sar,0,2
0.21687174,6,rgb_sar,0,2
0.24710537,6,rgb_sar,0,2
0.23034196,6,rgb_sar,0,2
0.20962672,6,rgb_sar,0,2
0.26493323,6,rgb_sar,0,2
0.23387286,6,rgb_sar,0,2
0.24888925,6,rgb_sar,0,2
0.22062024,6,rgb_sar,0,2
0.23253882,6,rgb_sar,0,2
0.23881803,6,rgb_sar,0,2
0.22088908,6,rgb_sar,0,2
0.2346391,6,rgb_sar,0,2
0.12371874,2,rgb_sar,0,2
0.074378125,2,rgb_sar,0,2
0.12574537,2,rgb_sar,0,2
0.13488255,2,rgb_sar,0,2
0.13342553,2,rgb_sar,0,2
0.091774195,2,rgb_sar,0,2
0.08795737,2,rgb_sar,0,2
0.1287764,2,rgb_sar,0,2
0.13661227,2,rgb_sar,0,2
0.092464045,2,rgb_sar,0,2
0.08609326,2,rgb_sar,0,2
0.042631265,2,rgb_sar,0,2
0.04356639,2,rgb_sar,0,2
0.021874439,2,rgb_sar,0,2
0.1095787,2,rgb_sar,0,2
0.1430803,2,rgb_sar,0,2
0.12668529,2,rgb_sar,0,2
0.026645416,2,rgb_sar,0,2
0.059653934,2,rgb_sar,0,2
0.13053182,2,rgb_sar,0,2
0.0074396227,2,rgb_sar,0,2
0.058209546,2,rgb_sar,0,2
0.09929308,2,rgb_sar,0,2
0.13171145,2,rgb_sar,0,2
0.06154798,2,rgb_sar,0,2
0.19940835,2,rgb_sar,0,2
0.210774,2,rgb_sar,0,2
0.11131859,2,rgb_sar,0,2
0.15416494,2,rgb_sar,0,2
0.12870534,2,rgb_sar,0,2
0.06344833,2,rgb_sar,0,2
0.22537425,2,rgb_sar,0,2
0.1443347,2,rgb_sar,0,2
0.1505627,2,rgb_sar,0,2
0.18770285,2,rgb_sar,0,2
0.115339905,2,rgb_sar,0,2
0.17212987,2,rgb_sar,0,2
0.14053783,2,rgb_sar,0,2
0.05951237,2,rgb_sar,0,2
0.1866505,2,rgb_sar,0,2
0.011331176,2,rgb_sar,0,2
0.07484178,2,rgb_sar,0,2
0.1834658,2,rgb_sar,0,2
0.123298,2,rgb_sar,0,2
0.17036062,2,rgb_sar,0,2
0.14246544,2,rgb_sar,0,2
0.118578985,2,rgb_sar,0,2
0.18008478,2,rgb_sar,0,2
0.008632634,2,rgb_sar,0,2
0.06890808,2,rgb_sar,0,2
0.1530734,2,rgb_sar,0,2
0.14026941,2,rgb_sar,0,2
0.1557074,2,rgb_sar,0,2
0.13109271,2,rgb_sar,0,2
0.05597251,2,rgb_sar,0,2
0.17706245,2,rgb_sar,0,2
0.069013774,2,rgb_sar,0,2
0.114794336,2,rgb_sar,0,2
0.14513223,2,rgb_sar,0,2
0.12795651,2,rgb_sar,0,2
0.15510663,2,rgb_sar,0,2
0.09705787,2,rgb_sar,0,2
0.05323585,2,rgb_sar,0,2
0.20373231,2,rgb_sar,0,2
0.13264126,2,rgb_sar,0,2
0.18908471,2,rgb_sar,0,2
0.12743543,2,rgb_sar,0,2
0.1549736,2,rgb_sar,0,2
0.21582511,2,rgb_sar,0,2
0.1477776,2,rgb_sar,0,2
0.1439397,2,rgb_sar,0,2
0.10829899,2,rgb_sar,0,2
0.094550736,2,rgb_sar,0,2
0.23374628,2,rgb_sar,0,2
0.10067999,2,rgb_sar,0,2
0.10127494,2,rgb_sar,0,2
0.07582274,2,rgb_sar,0,2
0.07906075,2,rgb_sar,0,2
0.23742248,2,rgb_sar,0,2
0.15120317,2,rgb_sar,0,2
0.101031765,2,rgb_sar,0,2
0.08833527,2,rgb_sar,0,2
0.1364793,2,rgb_sar,0,2
0.2486085,2,rgb_sar,0,2
0.13491622,2,rgb_sar,0,2
0.11766122,2,rgb_sar,0,2
0.15234181,2,rgb_sar,0,2
0.087681204,2,rgb_sar,0,2
0.18477646,2,rgb_sar,0,2
0.087540984,2,rgb_sar,0,2
0.09640784,2,rgb_sar,0,2
0.08965641,2,rgb_sar,0,2
0.1347701,2,rgb_sar,0,2
0.25613734,2,rgb_sar,0,2
0.11110714,2,rgb_sar,0,2
0.10559821,2,rgb_sar,0,2
0.1254288,2,rgb_sar,0,2
0.092497244,2,rgb_sar,0,2
0.12241879,2,rgb_sar,0,2
0.22087012,2,rgb_sar,0,2
0.16267937,2,rgb_sar,0,2
0.10682541,2,rgb_sar,0,2
0.2860273,2,rgb_sar,0,2
0.024874024,2,rgb_sar,0,2
0.08957111,2,rgb_sar,0,2
0.20361623,2,rgb_sar,0,2
0.11172083,2,rgb_sar,0,2
0.004996402,2,rgb_sar,0,2
0.09444532,2,rgb_sar,0,2
0.015845941,2,rgb_sar,0,2
0.10711327,2,rgb_sar,0,2
0.14145711,2,rgb_sar,0,2
0.17381635,2,rgb_sar,0,2
0.122947335,2,rgb_sar,0,2
0.067093804,2,rgb_sar,0,2
0.1112801,2,rgb_sar,0,2
0.15405627,2,rgb_sar,0,2
0.14489505,2,rgb_sar,0,2
0.14981493,2,rgb_sar,0,2
0.06957525,2,rgb_sar,0,2
0.1174607,2,rgb_sar,0,2
0.042170443,2,rgb_sar,0,2
0.13012165,2,rgb_sar,0,2
0.16468221,2,rgb_sar,0,2
0.08799892,2,rgb_sar,0,2
0.107341476,2,rgb_sar,0,2
0.0889554,2,rgb_sar,0,2
0.12830801,2,rgb_sar,0,2
0.060856484,2,rgb_sar,0,2
0.1719812,2,rgb_sar,0,2
0.16157898,2,rgb_sar,0,2
0.09949334,2,rgb_sar,0,2
0.09692373,2,rgb_sar,0,2
0.10434778,2,rgb_sar,0,2
0.16294584,2,rgb_sar,0,2
0.10023019,2,rgb_sar,0,2
0.19985488,2,rgb_sar,0,2
0.16659744,2,rgb_sar,0,2
0.052962825,2,rgb_sar,0,2
0.046820007,2,rgb_sar,0,2
0.10715357,2,rgb_sar,0,2
0.1692881,2,rgb_sar,0,2
0.15455794,2,rgb_sar,0,2
0.023326587,2,rgb_sar,0,2
0.06892947,2,rgb_sar,0,2
0.14066173,2,rgb_sar,0,2
0.09639017,2,rgb_sar,0,2
0.21827307,2,rgb_sar,0,2
0.18779361,2,rgb_sar,0,2
0.080247656,2,rgb_sar,0,2
0.049601164,2,rgb_sar,0,2
0.13653049,2,rgb_sar,0,2
0.19830114,2,rgb_sar,0,2
0.16404888,2,rgb_sar,0,2
-0.06508206,2,rgb_sar,0,2
0.02179335,2,rgb_sar,0,2
0.1336273,2,rgb_sar,0,2
0.12417199,2,rgb_sar,0,2
0.21281861,2,rgb_sar,0,2
0.16297138,2,rgb_sar,0,2
0.07401416,2,rgb_sar,0,2
0.037706304,2,rgb_sar,0,2
0.12134935,2,rgb_sar,0,2
0.13117579,2,rgb_sar,0,2
0.109174,2,rgb_sar,0,2
0.13525274,2,rgb_sar,0,2
0.150469,2,rgb_sar,0,2
-0.04447879,2,rgb_sar,0,2
0.025393354,2,rgb_sar,0,2
0.17135149,2,rgb_sar,0,2
0.14046872,2,rgb_sar,0,2
0.23982105,2,rgb_sar,0,2
0.20782039,2,rgb_sar,0,2
0.12710646,2,rgb_sar,0,2
0.10697577,2,rgb_sar,0,2
0.16777383,2,rgb_sar,0,2
0.19033158,2,rgb_sar,0,2
0.16935548,2,rgb_sar,0,2
0.16886197,2,rgb_sar,0,2
0.14251487,2,rgb_sar,0,2
0.07883587,2,rgb_sar,0,2
0.109580725,2,rgb_sar,0,2
0.14644955,2,rgb_sar,0,2
0.12898636,2,rgb_sar,0,2
0.18700376,2,rgb_sar,0,2
0.16439009,2,rgb_sar,0,2
0.14255619,2,rgb_sar,0,2
0.15531117,2,rgb_sar,0,2
0.18718651,2,rgb_sar,0,2
0.21843556,2,rgb_sar,0,2
0.124467835,2,rgb_sar,0,2
0.13869992,2,rgb_sar,0,2
0.112165265,2,rgb_sar,0,2
0.14713359,2,rgb_sar,0,2
0.12719217,2,rgb_sar,0,2
0.17166567,2,rgb_sar,0,2
0.19617982,2,rgb_sar,0,2
0.21142966,2,rgb_sar,0,2
0.14020288,2,rgb_sar,0,2
0.14519301,2,rgb_sar,0,2
0.11176007,2,rgb_sar,0,2
0.13448918,2,rgb_sar,0,2
0.1717748,2,rgb_sar,0,2
0.14136808,2,rgb_sar,0,2
0.18579571,2,rgb_sar,0,2
0.14064647,2,rgb_sar,0,2
0.15719745,2,rgb_sar,0,2
0.13777736,2,rgb_sar,0,2
0.14625137,2,rgb_sar,0,2
0.10391098,2,rgb_sar,0,2
0.16449459,2,rgb_sar,0,2
0.16514555,2,rgb_sar,0,2
0.16412102,2,rgb_sar,0,2
0.09468614,2,rgb_sar,0,2
0.11829909,2,rgb_sar,0,2
0.13518508,2,rgb_sar,0,2
0.19196987,2,rgb_sar,0,2
0.20968744,2,rgb_sar,0,2
0.18581052,2,rgb_sar,0,2
0.20505174,2,rgb_sar,0,2
0.21092191,2,rgb_sar,0,2
0.2510876,2,rgb_sar,0,2
0.22100933,2,rgb_sar,0,2
0.15831953,2,rgb_sar,0,2
0.19097325,2,rgb_sar,0,2
0.21412599,2,rgb_sar,0,2
0.14353886,2,rgb_sar,0,2
0.08236906,2,rgb_sar,0,2
0.035939295,2,rgb_sar,0,2
0.17648944,2,rgb_sar,0,2
0.18969935,2,rgb_sar,0,2
0.2382972,2,rgb_sar,0,2
0.21589711,2,rgb_sar,0,2
0.16994639,2,rgb_sar,0,2
0.16259308,2,rgb_sar,0,2
0.12262767,2,rgb_sar,0,2
0.15976135,2,rgb_sar,0,2
0.21504298,2,rgb_sar,0,2
0.18170959,2,rgb_sar,0,2
-0.010883883,2,rgb_sar,0,2
0.018409342,2,rgb_sar,0,2
0.20250714,2,rgb_sar,0,2
0.15727706,2,rgb_sar,0,2
0.1352647,2,rgb_sar,0,2
0.14229518,2,rgb_sar,0,2
0.12205825,2,rgb_sar,0,2
0.13476834,2,rgb_sar,0,2
0.15195209,2,rgb_sar,0,2
-0.04267958,2,rgb_sar,0,2
0.042651005,2,rgb_sar,0,2
0.24586184,2,rgb_sar,0,2
0.09446435,2,rgb_sar,0,2
0.04406303,2,rgb_sar,0,2
0.27523643,2,rgb_sar,0,2
0.1273884,2,rgb_sar,0,2
0.118102655,2,rgb_sar,0,2
0.30200386,2,rgb_sar,0,2
0.15603226,2,rgb_sar,0,2
0.11299675,2,rgb_sar,0,2
0.2893468,2,rgb_sar,0,2
0.089503095,2,rgb_sar,0,2
0.08956136,2,rgb_sar,0,2
0.15723617,2,rgb_sar,0,2
0.20524752,2,rgb_sar,0,2
0.26537335,2,rgb_sar,0,2
0.10890159,2,rgb_sar,0,2
0.09728185,2,rgb_sar,0,2
0.13756096,2,rgb_sar,0,2
0.18045485,2,rgb_sar,0,2
0.26751298,2,rgb_sar,0,2
0.11536505,2,rgb_sar,0,2
0.06180098,2,rgb_sar,0,2
0.10466354,2,rgb_sar,0,2
0.10795471,2,rgb_sar,0,2
0.30883914,2,rgb_sar,0,2
0.14077048,2,rgb_sar,0,2
0.11010152,2,rgb_sar,0,2
0.16225158,2,rgb_sar,0,2
0.14495835,2,rgb_sar,0,2
0.29749128,2,rgb_sar,0,2
0.16030002,2,rgb_sar,0,2
0.12436336,2,rgb_sar,0,2
0.18944623,2,rgb_sar,0,2
0.15634502,2,rgb_sar,0,2
0.2959537,2,rgb_sar,0,2
0.12056576,2,rgb_sar,0,2
0.17973953,2,rgb_sar,0,2
0.31181836,2,rgb_sar,0,2
0.15579328,2,rgb_sar,0,2
0.1678317,2,rgb_sar,0,2
0.184344,6,rgb_sar,0,2
0.1453944,6,rgb_sar,0,2
0.21869048,6,rgb_sar,0,2
0.2218425,6,rgb_sar,0,2
0.2092844,6,rgb_sar,0,2
0.20706359,6,rgb_sar,0,2
0.16579819,6,rgb_sar,0,2
0.23067187,6,rgb_sar,0,2
0.20357323,6,rgb_sar,0,2
0.2414127,6,rgb_sar,0,2
0.25110045,6,rgb_sar,0,2
0.2552898,6,rgb_sar,0,2
0.27427822,6,rgb_sar,0,2
0.2359626,6,rgb_sar,0,2
0.24246244,6,rgb_sar,0,2
0.2318432,6,rgb_sar,0,2
0.26953828,6,rgb_sar,0,2
0.28614116,6,rgb_sar,0,2
0.21693674,6,rgb_sar,0,2
0.2703336,6,rgb_sar,0,2
0.26402715,6,rgb_sar,0,2
0.28186688,6,rgb_sar,0,2
0.2760418,6,rgb_sar,0,2
0.28485733,6,rgb_sar,0,2
0.2620902,6,rgb_sar,0,2
0.2354027,6,rgb_sar,0,2
0.30051926,6,rgb_sar,0,2
0.3119809,6,rgb_sar,0,2
0.2688177,6,rgb_sar,0,2
0.25973448,6,rgb_sar,0,2
0.32035053,6,rgb_sar,0,2
0.30312482,6,rgb_sar,0,2
0.21688884,6,rgb_sar,0,2
0.29069504,6,rgb_sar,0,2
0.3270027,6,rgb_sar,0,2
0.26220703,6,rgb_sar,0,2
0.23452675,6,rgb_sar,0,2
0.3427781,6,rgb_sar,0,2
0.1971672,6,rgb_sar,0,2
0.1698032,6,rgb_sar,0,2
0.20234242,6,rgb_sar,0,2
0.22757047,6,rgb_sar,0,2
0.18839169,6,rgb_sar,0,2
0.24816403,6,rgb_sar,0,2
0.20981139,6,rgb_sar,0,2
0.18714958,6,rgb_sar,0,2
0.21218547,6,rgb_sar,0,2
0.19609214,6,rgb_sar,0,2
0.1585342,6,rgb_sar,0,2
0.21766412,6,rgb_sar,0,2
0.20303711,6,rgb_sar,0,2
0.22693765,6,rgb_sar,0,2
0.21239439,6,rgb_sar,0,2
0.20564312,6,rgb_sar,0,2
0.2252014,6,rgb_sar,0,2
0.21365124,6,rgb_sar,0,2
0.25802174,6,rgb_sar,0,2
0.25618526,6,rgb_sar,0,2
0.27805433,6,rgb_sar,0,2
0.2798641,6,rgb_sar,0,2
0.26991615,6,rgb_sar,0,2
0.24924761,6,rgb_sar,0,2
0.26015943,6,rgb_sar,0,2
0.26445448,6,rgb_sar,0,2
0.24071905,6,rgb_sar,0,2
0.22255236,6,rgb_sar,0,2
0.2114114,6,rgb_sar,0,2
0.2565206,6,rgb_sar,0,2
0.25284165,6,rgb_sar,0,2
0.22841737,6,rgb_sar,0,2
0.26357833,6,rgb_sar,0,2
0.23800392,6,rgb_sar,0,2
0.22809893,6,rgb_sar,0,2
0.24965732,6,rgb_sar,0,2
0.28862172,6,rgb_sar,0,2
0.2734661,6,rgb_sar,0,2
0.26909277,6,rgb_sar,0,2
0.307434,6,rgb_sar,0,2
0.28025076,6,rgb_sar,0,2
0.28341722,6,rgb_sar,0,2
0.28576323,6,rgb_sar,0,2
0.2525982,6,rgb_sar,0,2
0.27060568,6,rgb_sar,0,2
0.28451568,6,rgb_sar,0,2
0.24646625,6,rgb_sar,0,2
0.25807962,6,rgb_sar,0,2
0.3269037,6,rgb_sar,0,2
0.22218648,6,rgb_sar,0,2
0.27264547,6,rgb_sar,0,2
0.30776107,6,rgb_sar,0,2
0.24438478,6,rgb_sar,0,2
0.2567553,6,rgb_sar,0,2
0.284204,6,rgb_sar,0,2
0.23968068,6,rgb_sar,0,2
0.2200751,6,rgb_sar,0,2
0.25335354,6,rgb_sar,0,2
0.27502757,6,rgb_sar,0,2
0.23833174,6,rgb_sar,0,2
0.14679071,4,rgb_sar,0,2
0.18906866,4,rgb_sar,0,2
0.20195864,4,rgb_sar,0,2
0.23253603,4,rgb_sar,0,2
0.24178796,4,rgb_sar,0,2
0.25118196,4,rgb_sar,0,2
0.20269164,4,rgb_sar,0,2
0.34357744,4,rgb_sar,0,2
0.21251902,4,rgb_sar,0,2
0.21725485,4,rgb_sar,0,2
0.17621991,4,rgb_sar,0,2
0.35663098,4,rgb_sar,0,2
0.21749905,4,rgb_sar,0,2
0.22166544,4,rgb_sar,0,2
0.20653857,4,rgb_sar,0,2
0.3484515,4,rgb_sar,0,2
0.19210246,4,rgb_sar,0,2
0.20635688,4,rgb_sar,0,2
0.223624,4,rgb_sar,0,2
0.3779339,4,rgb_sar,0,2
0.14834815,4,rgb_sar,0,2
0.18342902,4,rgb_sar,0,2
0.19683509,4,rgb_sar,0,2
0.36742347,4,rgb_sar,0,2
0.18062936,4,rgb_sar,0,2
0.16970515,4,rgb_sar,0,2
0.20717788,4,rgb_sar,0,2
0.41493037,4,rgb_sar,0,2
0.23961598,4,rgb_sar,0,2
0.28506997,4,rgb_sar,0,2
0.23680022,4,rgb_sar,0,2
0.36732173,4,rgb_sar,0,2
0.19674343,4,rgb_sar,0,2
0.20226938,4,rgb_sar,0,2
0.22063053,4,rgb_sar,0,2
0.22491515,4,rgb_sar,0,2
0.18690827,4,rgb_sar,0,2
0.25385803,4,rgb_sar,0,2
0.23510745,4,rgb_sar,0,2
0.1876916,4,rgb_sar,0,2
0.21268842,4,rgb_sar,0,2
0.2575916,4,rgb_sar,0,2
0.2461201,4,rgb_sar,0,2
0.2407352,4,rgb_sar,0,2
0.19427928,4,rgb_sar,0,2
0.115068145,4,rgb_sar,0,2
0.20477608,4,rgb_sar,0,2
0.18860444,4,rgb_sar,0,2
0.23902385,4,rgb_sar,0,2
0.23954129,4,rgb_sar,0,2
0.19158295,4,rgb_sar,0,2
0.11092957,4,rgb_sar,0,2
0.22143377,4,rgb_sar,0,2
0.21895021,4,rgb_sar,0,2
0.24300246,4,rgb_sar,0,2
0.24569848,4,rgb_sar,0,2
0.24083568,4,rgb_sar,0,2
0.1551719,4,rgb_sar,0,2
0.19379382,4,rgb_sar,0,2
0.22346973,4,rgb_sar,0,2
0.19693288,4,rgb_sar,0,2
0.21613623,4,rgb_sar,0,2
0.24648724,4,rgb_sar,0,2
0.25760025,4,rgb_sar,0,2
0.27074724,4,rgb_sar,0,2
0.30494595,4,rgb_sar,0,2
0.21389759,4,rgb_sar,0,2
0.27264738,4,rgb_sar,0,2
0.25296453,4,rgb_sar,0,2
0.2601774,4,rgb_sar,0,2
0.28167224,4,rgb_sar,0,2
0.28783137,4,rgb_sar,0,2
0.276544,4,rgb_sar,0,2
0.29096094,4,rgb_sar,0,2
0.25626123,4,rgb_sar,0,2
0.29855546,4,rgb_sar,0,2
0.23734526,4,rgb_sar,0,2
0.21708018,4,rgb_sar,0,2
0.22361217,4,rgb_sar,0,2
0.23871431,4,rgb_sar,0,2
0.29112428,4,rgb_sar,0,2
0.28808182,4,rgb_sar,0,2
0.28843528,4,rgb_sar,0,2
0.26856637,4,rgb_sar,0,2
0.2329506,4,rgb_sar,0,2
0.24395241,4,rgb_sar,0,2
0.28324026,4,rgb_sar,0,2
0.3286153,4,rgb_sar,0,2
0.2948761,4,rgb_sar,0,2
0.29778624,4,rgb_sar,0,2
0.26130688,4,rgb_sar,0,2
0.30040857,4,rgb_sar,0,2
0.31034178,4,rgb_sar,0,2
0.29047897,4,rgb_sar,0,2
0.3201186,4,rgb_sar,0,2
0.2773379,4,rgb_sar,0,2
0.2117855,4,rgb_sar,0,2
0.18112268,4,rgb_sar,0,2
0.22191939,4,rgb_sar,0,2
0.33463836,4,rgb_sar,0,2
0.29181147,4,rgb_sar,0,2
0.27211475,4,rgb_sar,0,2
0.2032193,4,rgb_sar,0,2
0.18762733,4,rgb_sar,0,2
0.25120726,4,rgb_sar,0,2
0.15486735,4,rgb_sar,0,2
0.21764073,4,rgb_sar,0,2
0.1659373,4,rgb_sar,0,2
0.18589851,4,rgb_sar,0,2
0.16871126,4,rgb_sar,0,2
0.21225762,4,rgb_sar,0,2
0.20637345,4,rgb_sar,0,2
0.18624255,4,rgb_sar,0,2
0.18132299,4,rgb_sar,0,2
0.22581446,4,rgb_sar,0,2
0.21045274,4,rgb_sar,0,2
0.11872986,4,rgb_sar,0,2
0.1362611,4,rgb_sar,0,2
0.18399273,4,rgb_sar,0,2
0.19706765,4,rgb_sar,0,2
0.14919868,4,rgb_sar,0,2
0.16982967,4,rgb_sar,0,2
0.19920063,4,rgb_sar,0,2
0.20918953,4,rgb_sar,0,2
0.28264356,4,rgb_sar,0,2
0.17918763,4,rgb_sar,0,2
0.21032853,4,rgb_sar,0,2
0.2643789,4,rgb_sar,0,2
0.26406616,4,rgb_sar,0,2
0.34576428,4,rgb_sar,0,2
0.21586722,4,rgb_sar,0,2
0.23409528,4,rgb_sar,0,2
0.2772344,4,rgb_sar,0,2
0.33118862,4,rgb_sar,0,2
0.16997191,4,rgb_sar,0,2
0.16054463,4,rgb_sar,0,2
0.3243146,4,rgb_sar,0,2
0.17715302,4,rgb_sar,0,2
0.21134202,4,rgb_sar,0,2
0.38335392,4,rgb_sar,0,2
0.25549948,4,rgb_sar,0,2
0.19590083,4,rgb_sar,0,2
0.3513886,4,rgb_sar,0,2
0.31704712,4,rgb_sar,0,2
0.06888274,4,rgb_sar,0,2
0.18447052,4,rgb_sar,0,2
0.13668332,4,rgb_sar,0,2
0.20643312,4,rgb_sar,0,2
0.22421294,4,rgb_sar,0,2
0.23752871,4,rgb_sar,0,2
0.30893153,4,rgb_sar,0,2
0.40008074,4,rgb_sar,0,2
0.23582467,4,rgb_sar,0,2
0.2637794,4,rgb_sar,0,2
0.32325143,4,rgb_sar,0,2
0.385195,4,rgb_sar,0,2
0.3203943,4,rgb_sar,0,2
0.28557935,4,rgb_sar,0,2
0.2026155,4,rgb_sar,0,2
0.32897145,4,rgb_sar,0,2
0.30193716,4,rgb_sar,0,2
0.25625715,4,rgb_sar,0,2
0.23013419,4,rgb_sar,0,2
0.3842746,4,rgb_sar,0,2
0.28424543,4,rgb_sar,0,2
0.33100557,4,rgb_sar,0,2
0.35225046,4,rgb_sar,0,2
0.4627625,4,rgb_sar,0,2
0.25161427,4,rgb_sar,0,2
0.32409838,4,rgb_sar,0,2
0.35415438,4,rgb_sar,0,2
0.42035306,4,rgb_sar,0,2
0.23802055,4,rgb_sar,0,2
0.26924393,4,rgb_sar,0,2
0.23918019,4,rgb_sar,0,2
0.28974885,4,rgb_sar,0,2
0.24639015,4,rgb_sar,0,2
0.22704726,4,rgb_sar,0,2
0.23822281,4,rgb_sar,0,2
0.24611016,4,rgb_sar,0,2
0.197503,4,rgb_sar,0,2
0.15825729,4,rgb_sar,0,2
0.23320124,4,rgb_sar,0,2
0.29804534,4,rgb_sar,0,2
0.23205394,4,rgb_sar,0,2
0.18728128,4,rgb_sar,0,2
0.21674377,4,rgb_sar,0,2
0.2800367,4,rgb_sar,0,2
0.118445024,4,rgb_sar,0,2
0.12763774,4,rgb_sar,0,2
0.23999178,4,rgb_sar,0,2
0.20980206,4,rgb_sar,0,2
0.25609657,4,rgb_sar,0,2
0.22573766,4,rgb_sar,0,2
0.18675661,4,rgb_sar,0,2
0.1567832,4,rgb_sar,0,2
0.29317752,4,rgb_sar,0,2
0.22739083,4,rgb_sar,0,2
0.2447019,4,rgb_sar,0,2
0.14031851,4,rgb_sar,0,2
0.25318873,4,rgb_sar,0,2
0.21308184,4,rgb_sar,0,2
0.2644783,4,rgb_sar,0,2
0.26378727,4,rgb_sar,0,2
0.23743185,4,rgb_sar,0,2
0.23169264,4,rgb_sar,0,2
0.24587624,4,rgb_sar,0,2
0.26522166,4,rgb_sar,0,2
0.19755077,4,rgb_sar,0,2
0.30169058,4,rgb_sar,0,2
0.2675304,4,rgb_sar,0,2
0.31197393,4,rgb_sar,0,2
0.28762197,4,rgb_sar,0,2
0.25419295,4,rgb_sar,0,2
0.19788772,4,rgb_sar,0,2
0.20124605,4,rgb_sar,0,2
0.25873995,4,rgb_sar,0,2
0.26568544,4,rgb_sar,0,2
0.22984341,4,rgb_sar,0,2
0.24842983,4,rgb_sar,0,2
0.23993406,4,rgb_sar,0,2
0.26084873,4,rgb_sar,0,2
0.24040937,4,rgb_sar,0,2
0.18383761,4,rgb_sar,0,2
0.3287993,4,rgb_sar,0,2
0.2681798,4,rgb_sar,0,2
0.30403483,4,rgb_sar,0,2
0.25628996,4,rgb_sar,0,2
0.24538782,4,rgb_sar,0,2
0.24759975,4,rgb_sar,0,2
0.2248024,4,rgb_sar,0,2
0.38515434,4,rgb_sar,0,2
0.35528368,4,rgb_sar,0,2
0.30978858,4,rgb_sar,0,2
0.26506644,4,rgb_sar,0,2
0.2393225,4,rgb_sar,0,2
0.2445165,4,rgb_sar,0,2
0.25252655,4,rgb_sar,0,2
0.40640435,4,rgb_sar,0,2
0.3258054,4,rgb_sar,0,2
0.29611808,4,rgb_sar,0,2
0.24451694,4,rgb_sar,0,2
0.20404214,4,rgb_sar,0,2
0.3042234,4,rgb_sar,0,2
0.24708311,4,rgb_sar,0,2
0.22700836,4,rgb_sar,0,2
0.17460296,4,rgb_sar,0,2
0.21539932,4,rgb_sar,0,2
0.19749013,4,rgb_sar,0,2
0.22938791,4,rgb_sar,0,2
0.19412078,4,rgb_sar,0,2
0.22682953,4,rgb_sar,0,2
0.15872483,4,rgb_sar,0,2
0.14561042,4,rgb_sar,0,2
0.19932741,4,rgb_sar,0,2
0.22817525,4,rgb_sar,0,2
0.17726569,4,rgb_sar,0,2
0.15712918,4,rgb_sar,0,2
0.19495098,4,rgb_sar,0,2
0.2201043,4,rgb_sar,0,2
0.122197464,4,rgb_sar,0,2
0.13443778,4,rgb_sar,0,2
0.1807178,4,rgb_sar,0,2
0.18615308,4,rgb_sar,0,2
0.21148218,4,rgb_sar,0,2
0.21767393,4,rgb_sar,0,2
0.3132547,4,rgb_sar,0,2
0.23477182,4,rgb_sar,0,2
0.28862324,4,rgb_sar,0,2
0.21316622,4,rgb_sar,0,2
0.21184498,4,rgb_sar,0,2
0.3172741,4,rgb_sar,0,2
0.2932716,4,rgb_sar,0,2
0.31011024,4,rgb_sar,0,2
0.23321451,4,rgb_sar,0,2
0.23868921,4,rgb_sar,0,2
0.27296636,4,rgb_sar,0,2
0.29712775,4,rgb_sar,0,2
0.20985878,4,rgb_sar,0,2
0.2282832,4,rgb_sar,0,2
0.3184663,4,rgb_sar,0,2
0.17108098,4,rgb_sar,0,2
0.19507672,4,rgb_sar,0,2
0.31124383,4,rgb_sar,0,2
0.1501992,4,rgb_sar,0,2
0.1422202,4,rgb_sar,0,2
0.26153284,4,rgb_sar,0,2
0.24826354,4,rgb_sar,0,2
0.24021025,6,rgb_sar,0,2
0.23808937,6,rgb_sar,0,2
0.36687398,6,rgb_sar,0,2
0.24736604,6,rgb_sar,0,2
0.24609989,6,rgb_sar,0,2
0.36931264,6,rgb_sar,0,2
0.36044127,6,rgb_sar,0,2
0.38117075,6,rgb_sar,0,2
0.2975629,6,rgb_sar,0,2
0.16197081,6,rgb_sar,0,2
0.008979759,6,rgb_sar,0,2
-0.05656148,6,rgb_sar,0,2
0.010882479,6,rgb_sar,0,2
0.2918027,6,rgb_sar,0,2
0.22662497,6,rgb_sar,0,2
0.18732035,6,rgb_sar,0,2
0.14480488,6,rgb_sar,0,2
0.17435135,6,rgb_sar,0,2
0.20692867,6,rgb_sar,0,2
0.21477534,6,rgb_sar,0,2
0.21476117,6,rgb_sar,0,2
0.26691204,6,rgb_sar,0,2
0.2294738,6,rgb_sar,0,2
0.21347949,6,rgb_sar,0,2
0.28201488,6,rgb_sar,0,2
0.25344706,6,rgb_sar,0,2
0.25453788,6,rgb_sar,0,2
0.22709978,6,rgb_sar,0,2
0.14527006,6,rgb_sar,0,2
0.24255198,6,rgb_sar,0,2
0.11343953,6,rgb_sar,0,2
0.05536123,6,rgb_sar,0,2
0.31510025,6,rgb_sar,0,2
0.18116787,6,rgb_sar,0,2
0.33569384,6,rgb_sar,0,2
0.22994928,6,rgb_sar,0,2
0.21052748,6,rgb_sar,0,2
0.1790736,6,rgb_sar,0,2
0.11750078,6,rgb_sar,0,2
0.39730668,6,rgb_sar,0,2
0.27751654,6,rgb_sar,0,2
0.23409855,6,rgb_sar,0,2
0.18758677,6,rgb_sar,0,2
0.19057351,6,rgb_sar,0,2
0.2979411,6,rgb_sar,0,2
0.2242561,6,rgb_sar,0,2
0.3854859,6,rgb_sar,0,2
0.3023147,6,rgb_sar,0,2
0.2751307,6,rgb_sar,0,2
0.4011902,6,rgb_sar,0,2
0.4413923,6,rgb_sar,0,2
0.4228,6,rgb_sar,0,2
0.34176016,6,rgb_sar,0,2
0.20005095,6,rgb_sar,0,2
0.106161475,6,rgb_sar,0,2
-0.062058456,6,rgb_sar,0,2
0.022689488,6,rgb_sar,0,2
0.3715044,6,rgb_sar,0,2
0.2831949,6,rgb_sar,0,2
0.24810562,6,rgb_sar,0,2
0.08313133,6,rgb_sar,0,2
0.10518835,6,rgb_sar,0,2
0.2988134,6,rgb_sar,0,2
0.195941,6,rgb_sar,0,2
0.14600125,6,rgb_sar,0,2
0.20359528,6,rgb_sar,0,2
0.22390893,6,rgb_sar,0,2
0.15669312,6,rgb_sar,0,2
0.27980205,6,rgb_sar,0,2
0.3063327,6,rgb_sar,0,2
0.25548303,6,rgb_sar,0,2
0.1821075,6,rgb_sar,0,2
0.05803384,6,rgb_sar,0,2
0.173167,6,rgb_sar,0,2
0.13510603,6,rgb_sar,0,2
0.032242425,6,rgb_sar,0,2
0.2902683,6,rgb_sar,0,2
0.11583149,6,rgb_sar,0,2
0.3057906,6,rgb_sar,0,2
0.14978632,6,rgb_sar,0,2
0.21684945,6,rgb_sar,0,2
0.2345089,6,rgb_sar,0,2
0.31254128,6,rgb_sar,0,2
0.3465475,6,rgb_sar,0,2
0.1866507,6,rgb_sar,0,2
0.20734009,6,rgb_sar,0,2
0.09460291,6,rgb_sar,0,2
0.23137063,6,rgb_sar,0,2
0.20938408,6,rgb_sar,0,2
0.15275736,6,rgb_sar,0,2
0.174196,6,rgb_sar,0,2
0.21819815,6,rgb_sar,0,2
0.18535826,6,rgb_sar,0,2
0.15451218,6,rgb_sar,0,2
0.1965657,6,rgb_sar,0,2
0.13707481,6,rgb_sar,0,2
0.2195704,6,rgb_sar,0,2
0.19933003,6,rgb_sar,0,2
0.23007277,6,rgb_sar,0,2
0.1867471,6,rgb_sar,0,2
0.2600564,6,rgb_sar,0,2
0.25130674,6,rgb_sar,0,2
0.25962675,6,rgb_sar,0,2
0.16148327,6,rgb_sar,0,2
0.09491214,6,rgb_sar,0,2
0.11351226,6,rgb_sar,0,2
0.18210052,6,rgb_sar,0,2
0.09494326,6,rgb_sar,0,2
0.18090013,6,rgb_sar,0,2
0.22465083,6,rgb_sar,0,2
0.18503988,6,rgb_sar,0,2
0.12553397,6,rgb_sar,0,2
0.09399687,6,rgb_sar,0,2
0.11309868,6,rgb_sar,0,2
0.08289627,6,rgb_sar,0,2
0.04390844,6,rgb_sar,0,2
0.18616039,6,rgb_sar,0,2
0.27206665,6,rgb_sar,0,2
0.18867457,6,rgb_sar,0,2
0.10742384,6,rgb_sar,0,2
0.08832633,6,rgb_sar,0,2
0.09995444,6,rgb_sar,0,2
0.13499583,6,rgb_sar,0,2
0.13553289,6,rgb_sar,0,2
0.22842094,6,rgb_sar,0,2
0.19889253,6,rgb_sar,0,2
0.16449279,6,rgb_sar,0,2
0.070255086,6,rgb_sar,0,2
0.082232416,6,rgb_sar,0,2
0.09697248,6,rgb_sar,0,2
0.12868378,6,rgb_sar,0,2
0.16824606,6,rgb_sar,0,2
0.1237535,6,rgb_sar,0,2
0.055583104,6,rgb_sar,0,2
0.07266101,6,rgb_sar,0,2
0.08016894,6,rgb_sar,0,2
0.07570356,6,rgb_sar,0,2
0.13287018,6,rgb_sar,0,2
0.18384637,6,rgb_sar,0,2
0.23092791,6,rgb_sar,0,2
0.078576826,6,rgb_sar,0,2
0.09220043,6,rgb_sar,0,2
0.18558288,6,rgb_sar,0,2
0.13602664,6,rgb_sar,0,2
0.096597485,6,rgb_sar,0,2
0.14584133,6,rgb_sar,0,2
0.15498495,6,rgb_sar,0,2
0.22370687,6,rgb_sar,0,2
0.098986216,6,rgb_sar,0,2
0.14915429,6,rgb_sar,0,2
0.15311885,6,rgb_sar,0,2
0.2397371,6,rgb_sar,0,2
0.10341395,6,rgb_sar,0,2
0.14190039,6,rgb_sar,0,2
0.12083103,6,rgb_sar,0,2
0.1456108,6,rgb_sar,0,2
0.19027086,6,rgb_sar,0,2
0.1198767,6,rgb_sar,0,2
0.17282519,6,rgb_sar,0,2
0.13231756,6,rgb_sar,0,2
0.22438338,6,rgb_sar,0,2
0.17993224,6,rgb_sar,0,2
0.19037811,6,rgb_sar,0,2
0.15702124,6,rgb_sar,0,2
0.20266238,6,rgb_sar,0,2
0.19336556,6,rgb_sar,0,2
0.18878171,6,rgb_sar,0,2
0.17913952,6,rgb_sar,0,2
0.23716652,6,rgb_sar,0,2
0.2563032,6,rgb_sar,0,2
0.24802077,6,rgb_sar,0,2
0.15657327,6,rgb_sar,0,2
0.072022244,6,rgb_sar,0,2
0.086367495,6,rgb_sar,0,2
0.09748708,6,rgb_sar,0,2
-0.047594603,6,rgb_sar,0,2
0.22559667,6,rgb_sar,0,2
0.20858677,6,rgb_sar,0,2
0.17334251,6,rgb_sar,0,2
0.1273156,6,rgb_sar,0,2
0.10243003,6,rgb_sar,0,2
0.1532727,6,rgb_sar,0,2
0.1737362,6,rgb_sar,0,2
0.08180538,6,rgb_sar,0,2
0.15163152,6,rgb_sar,0,2
0.16207615,6,rgb_sar,0,2
0.15521064,6,rgb_sar,0,2
0.115343995,6,rgb_sar,0,2
0.107871935,6,rgb_sar,0,2
0.12454715,6,rgb_sar,0,2
0.1437118,6,rgb_sar,0,2
0.16818574,6,rgb_sar,0,2
0.17034143,6,rgb_sar,0,2
0.13493814,6,rgb_sar,0,2
0.1385062,6,rgb_sar,0,2
0.12188277,6,rgb_sar,0,2
0.114449605,6,rgb_sar,0,2
0.10070434,6,rgb_sar,0,2
0.14784247,6,rgb_sar,0,2
0.19761148,6,rgb_sar,0,2
0.23911172,6,rgb_sar,0,2
0.23480709,6,rgb_sar,0,2
0.263445,6,rgb_sar,0,2
0.24472006,6,rgb_sar,0,2
0.20189658,6,rgb_sar,0,2
0.13673694,6,rgb_sar,0,2
0.18368,6,rgb_sar,0,2
0.29368496,6,rgb_sar,0,2
0.18407643,6,rgb_sar,0,2
0.15705141,6,rgb_sar,0,2
0.23511425,6,rgb_sar,0,2
0.25344133,6,rgb_sar,0,2
0.21867615,6,rgb_sar,0,2
0.1559659,6,rgb_sar,0,2
0.138126,6,rgb_sar,0,2
0.30518824,6,rgb_sar,0,2
0.18826064,6,rgb_sar,0,2
0.17931148,6,rgb_sar,0,2
0.1946993,6,rgb_sar,0,2
0.3329257,6,rgb_sar,0,2
0.18143602,6,rgb_sar,0,2
0.17150284,6,rgb_sar,0,2
0.1658256,6,rgb_sar,0,2
0.20343262,6,rgb_sar,0,2
0.109872036,5,rgb_sar,0,2
0.103195265,5,rgb_sar,0,2
0.11599343,5,rgb_sar,0,2
0.14767484,5,rgb_sar,0,2
0.21563238,5,rgb_sar,0,2
0.17419468,5,rgb_sar,0,2
0.11665375,5,rgb_sar,0,2
0.14816484,5,rgb_sar,0,2
0.24657509,5,rgb_sar,0,2
0.2073939,5,rgb_sar,0,2
0.13175365,5,rgb_sar,0,2
0.13941166,5,rgb_sar,0,2
0.16687182,5,rgb_sar,0,2
0.1609284,5,rgb_sar,0,2
0.14666638,5,rgb_sar,0,2
0.14254609,5,rgb_sar,0,2
0.19721012,5,rgb_sar,0,2
0.21057227,5,rgb_sar,0,2
0.22684696,5,rgb_sar,0,2
0.19275138,5,rgb_sar,0,2
0.20595124,5,rgb_sar,0,2
0.1723234,5,rgb_sar,0,2
0.09749997,5,rgb_sar,0,2
0.11019009,5,rgb_sar,0,2
0.21501094,5,rgb_sar,0,2
0.19459134,5,rgb_sar,0,2
0.10888223,5,rgb_sar,0,2
0.0846709,5,rgb_sar,0,2
0.13950324,5,rgb_sar,0,2
0.15582418,5,rgb_sar,0,2
0.14319679,5,rgb_sar,0,2
0.10257535,5,rgb_sar,0,2
0.12914889,5,rgb_sar,0,2
0.080853045,5,rgb_sar,0,2
0.11471579,5,rgb_sar,0,2
0.0659084,5,rgb_sar,0,2
0.09610131,5,rgb_sar,0,2
0.17503515,6,rgb_sar,0,2
0.14406002,6,rgb_sar,0,2
0.15916891,6,rgb_sar,0,2
0.16482715,6,rgb_sar,0,2
0.12317859,6,rgb_sar,0,2
0.024926065,6,rgb_sar,0,2
0.09451896,6,rgb_sar,0,2
0.100655034,6,rgb_sar,0,2
0.1174158,6,rgb_sar,0,2
-0.0006082617,6,rgb_sar,0,2
0.112321556,6,rgb_sar,0,2
0.117260695,6,rgb_sar,0,2
0.16400619,6,rgb_sar,0,2
0.09729296,6,rgb_sar,0,2
0.14542636,6,rgb_sar,0,2
0.13028239,6,rgb_sar,0,2
0.09357746,6,rgb_sar,0,2
0.20598197,6,rgb_sar,0,2
0.24049488,6,rgb_sar,0,2
0.14843819,6,rgb_sar,0,2
0.14555246,6,rgb_sar,0,2
0.11574276,6,rgb_sar,0,2
0.10540607,6,rgb_sar,0,2
0.0822039,6,rgb_sar,0,2
0.09232946,6,rgb_sar,0,2
0.17272392,6,rgb_sar,0,2
0.15558456,6,rgb_sar,0,2
0.07194643,6,rgb_sar,0,2
0.20435317,6,rgb_sar,0,2
0.20104942,6,rgb_sar,0,2
0.22200678,6,rgb_sar,0,2
0.14028367,6,rgb_sar,0,2
0.1518408,6,rgb_sar,0,2
0.115388855,6,rgb_sar,0,2
0.14290214,6,rgb_sar,0,2
0.17050508,6,rgb_sar,0,2
0.23809844,6,rgb_sar,0,2
0.12631223,6,rgb_sar,0,2
0.23008315,6,rgb_sar,0,2
0.21896726,6,rgb_sar,0,2
0.2076414,6,rgb_sar,0,2
0.1120422,6,rgb_sar,0,2
0.14642788,6,rgb_sar,0,2
0.2015655,6,rgb_sar,0,2
0.12486569,6,rgb_sar,0,2
0.07817674,6,rgb_sar,0,2
0.22103307,6,rgb_sar,0,2
0.26028132,6,rgb_sar,0,2
0.23892885,6,rgb_sar,0,2
0.17122632,6,rgb_sar,0,2
0.13892417,6,rgb_sar,0,2
0.2192955,6,rgb_sar,0,2
0.06637396,6,rgb_sar,0,2
0.084259994,6,rgb_sar,0,2
0.21770574,6,rgb_sar,0,2
0.21568492,6,rgb_sar,0,2
0.20018771,6,rgb_sar,0,2
0.14083897,6,rgb_sar,0,2
0.14188841,6,rgb_sar,0,2
0.21798444,6,rgb_sar,0,2
0.15444633,6,rgb_sar,0,2
0.17366153,6,rgb_sar,0,2
0.16017969,6,rgb_sar,0,2
0.18309146,6,rgb_sar,0,2
0.16403237,6,rgb_sar,0,2
0.16761795,6,rgb_sar,0,2
0.22136247,6,rgb_sar,0,2
0.17186296,6,rgb_sar,0,2
0.18330629,5,rgb_sar,0,2
0.14588884,5,rgb_sar,0,2
0.06917634,5,rgb_sar,0,2
0.026595706,5,rgb_sar,0,2
0.13693589,5,rgb_sar,0,2
0.13164711,5,rgb_sar,0,2
0.157444,5,rgb_sar,0,2
0.121379,5,rgb_sar,0,2
0.17931846,5,rgb_sar,0,2
0.15462711,5,rgb_sar,0,2
0.09437606,5,rgb_sar,0,2
0.04456705,5,rgb_sar,0,2
0.12938379,5,rgb_sar,0,2
0.1767978,5,rgb_sar,0,2
0.10658623,5,rgb_sar,0,2
0.085531026,5,rgb_sar,0,2
0.093640104,5,rgb_sar,0,2
0.16117093,5,rgb_sar,0,2
0.13302213,5,rgb_sar,0,2
0.08349223,5,rgb_sar,0,2
0.07827163,5,rgb_sar,0,2
0.11668816,5,rgb_sar,0,2
0.061654728,5,rgb_sar,0,2
0.09827988,5,rgb_sar,0,2
0.10917939,5,rgb_sar,0,2
0.17273036,5,rgb_sar,0,2
0.1366072,5,rgb_sar,0,2
0.124077514,5,rgb_sar,0,2
0.03998691,5,rgb_sar,0,2
0.094856545,5,rgb_sar,0,2
0.08230549,5,rgb_sar,0,2
0.11394649,5,rgb_sar,0,2
0.18901901,5,rgb_sar,0,2
0.05068763,5,rgb_sar,0,2
0.12632304,5,rgb_sar,0,2
0.03646403,5,rgb_sar,0,2
0.10086869,5,rgb_sar,0,2
0.17622739,6,rgb_sar,0,2
0.092563964,6,rgb_sar,0,2
0.14195575,6,rgb_sar,0,2
0.16754033,6,rgb_sar,0,2
0.15022348,6,rgb_sar,0,2
0.060308658,6,rgb_sar,0,2
0.076301515,6,rgb_sar,0,2
0.124947995,6,rgb_sar,0,2
0.14823988,6,rgb_sar,0,2
0.08877071,6,rgb_sar,0,2
0.11494064,6,rgb_sar,0,2
0.13137753,6,rgb_sar,0,2
0.16507313,6,rgb_sar,0,2
0.074790016,6,rgb_sar,0,2
0.1190551,6,rgb_sar,0,2
0.13505745,6,rgb_sar,0,2
0.12830833,6,rgb_sar,0,2
0.20107836,6,rgb_sar,0,2
0.19341922,6,rgb_sar,0,2
0.0545014,6,rgb_sar,0,2
0.14738971,6,rgb_sar,0,2
0.073280066,6,rgb_sar,0,2
0.08732033,6,rgb_sar,0,2
0.09550038,6,rgb_sar,0,2
0.14379546,6,rgb_sar,0,2
0.22234514,6,rgb_sar,0,2
0.25933367,6,rgb_sar,0,2
0.17701893,6,rgb_sar,0,2
0.15077561,6,rgb_sar,0,2
0.14210926,6,rgb_sar,0,2
0.14931968,6,rgb_sar,0,2
0.14913777,6,rgb_sar,0,2
0.15904954,6,rgb_sar,0,2
0.23716336,6,rgb_sar,0,2
0.23389247,6,rgb_sar,0,2
0.17305374,6,rgb_sar,0,2
0.14671908,6,rgb_sar,0,2
0.16440937,6,rgb_sar,0,2
0.16757908,6,rgb_sar,0,2
0.17813349,6,rgb_sar,0,2
0.13175577,6,rgb_sar,0,2
0.14116764,6,rgb_sar,0,2
0.1791512,6,rgb_sar,0,2
0.18651143,6,rgb_sar,0,2
0.18976709,6,rgb_sar,0,2
0.2777294,6,rgb_sar,0,2
0.24960952,6,rgb_sar,0,2
0.22681955,6,rgb_sar,0,2
0.18811405,6,rgb_sar,0,2
0.1427637,6,rgb_sar,0,2
0.21708569,6,rgb_sar,0,2
0.29534668,6,rgb_sar,0,2
0.17844635,6,rgb_sar,0,2
0.19358066,6,rgb_sar,0,2
0.19967718,6,rgb_sar,0,2
0.21122277,6,rgb_sar,0,2
0.1986629,6,rgb_sar,0,2
0.11821028,6,rgb_sar,0,2
0.19627109,6,rgb_sar,0,2
0.30218664,6,rgb_sar,0,2
0.17099474,6,rgb_sar,0,2
0.21929206,6,rgb_sar,0,2
0.256319,6,rgb_sar,0,2
0.24599862,6,rgb_sar,0,2
0.22822443,6,rgb_sar,0,2
0.2673952,6,rgb_sar,0,2
0.21891955,6,rgb_sar,0,2
0.19484167,6,rgb_sar,0,2
0.14493407,7,rgb_sar,0,2
0.16442648,7,rgb_sar,0,2
0.15683557,7,rgb_sar,0,2
0.10039742,7,rgb_sar,0,2
0.070271656,7,rgb_sar,0,2
0.037646607,7,rgb_sar,0,2
0.026735123,7,rgb_sar,0,2
0.2196899,7,rgb_sar,0,2
0.2612052,7,rgb_sar,0,2
0.16717121,7,rgb_sar,0,2
0.13887222,7,rgb_sar,0,2
0.10412457,7,rgb_sar,0,2
0.06941356,7,rgb_sar,0,2
0.067700215,7,rgb_sar,0,2
0.0461278,7,rgb_sar,0,2
0.25168085,7,rgb_sar,0,2
0.3251916,7,rgb_sar,0,2
0.34064183,7,rgb_sar,0,2
0.26296794,7,rgb_sar,0,2
0.24879779,7,rgb_sar,0,2
0.19820681,7,rgb_sar,0,2
0.18019402,7,rgb_sar,0,2
0.19749863,7,rgb_sar,0,2
0.2470403,7,rgb_sar,0,2
0.19316205,7,rgb_sar,0,2
0.17686437,7,rgb_sar,0,2
0.12853903,7,rgb_sar,0,2
0.13139537,7,rgb_sar,0,2
0.10759041,7,rgb_sar,0,2
0.1017791,7,rgb_sar,0,2
0.07653343,7,rgb_sar,0,2
0.1809862,7,rgb_sar,0,2
0.19365452,7,rgb_sar,0,2
0.16197386,7,rgb_sar,0,2
0.11289391,7,rgb_sar,0,2
0.09511903,7,rgb_sar,0,2
0.03540579,7,rgb_sar,0,2
0.06737078,7,rgb_sar,0,2
0.04910916,7,rgb_sar,0,2
0.25909466,7,rgb_sar,0,2
0.23028052,7,rgb_sar,0,2
0.25587288,7,rgb_sar,0,2
0.23745897,7,rgb_sar,0,2
0.2175646,7,rgb_sar,0,2
0.18048027,7,rgb_sar,0,2
0.12947935,7,rgb_sar,0,2
0.16600236,7,rgb_sar,0,2
0.2570743,7,rgb_sar,0,2
0.13006264,7,rgb_sar,0,2
0.058170076,7,rgb_sar,0,2
0.2735671,7,rgb_sar,0,2
0.1716517,7,rgb_sar,0,2
0.106131524,5,rgb_sar,0,2
0.14164919,5,rgb_sar,0,2
0.1777784,5,rgb_sar,0,2
0.13812701,5,rgb_sar,0,2
0.13741452,5,rgb_sar,0,2
0.1829781,5,rgb_sar,0,2
0.2509431,5,rgb_sar,0,2
0.17220134,5,rgb_sar,0,2
0.15569884,5,rgb_sar,0,2
0.18564092,5,rgb_sar,0,2
0.27294907,5,rgb_sar,0,2
0.21035062,5,rgb_sar,0,2
0.24030165,5,rgb_sar,0,2
0.23491508,5,rgb_sar,0,2
0.18910608,5,rgb_sar,0,2
0.15659404,5,rgb_sar,0,2
0.17885113,5,rgb_sar,0,2
0.19634172,5,rgb_sar,0,2
0.16358502,5,rgb_sar,0,2
0.13542835,5,rgb_sar,0,2
0.15029812,5,rgb_sar,0,2
0.21357435,5,rgb_sar,0,2
0.21846804,5,rgb_sar,0,2
0.14965466,5,rgb_sar,0,2
0.19148532,5,rgb_sar,0,2
0.18164134,5,rgb_sar,0,2
0.109669566,5,rgb_sar,0,2
0.11036839,5,rgb_sar,0,2
0.20171142,5,rgb_sar,0,2
0.17097256,5,rgb_sar,0,2
0.036795706,5,rgb_sar,0,2
0.06742948,5,rgb_sar,0,2
0.06899857,5,rgb_sar,0,2
0.049747117,5,rgb_sar,0,2
0.09460653,5,rgb_sar,0,2
0.12782481,5,rgb_sar,0,2
0.16434468,5,rgb_sar,0,2
0.18567875,5,rgb_sar,0,2
0.15958743,5,rgb_sar,0,2
0.13643083,5,rgb_sar,0,2
0.18134996,5,rgb_sar,0,2
0.1812059,5,rgb_sar,0,2
0.15502207,5,rgb_sar,0,2
0.1726703,5,rgb_sar,0,2
0.20261562,5,rgb_sar,0,2
0.18637195,5,rgb_sar,0,2
0.17719588,5,rgb_sar,0,2
0.21383043,5,rgb_sar,0,2
0.24477887,5,rgb_sar,0,2
0.21489158,5,rgb_sar,0,2
0.21609654,5,rgb_sar,0,2
0.23201904,5,rgb_sar,0,2
0.2495732,5,rgb_sar,0,2
0.16316444,5,rgb_sar,0,2
0.18257862,5,rgb_sar,0,2
0.16731782,5,rgb_sar,0,2
0.13685127,5,rgb_sar,0,2
0.13749453,5,rgb_sar,0,2
0.16568242,5,rgb_sar,0,2
0.13304731,5,rgb_sar,0,2
0.06908247,5,rgb_sar,0,2
0.17907682,5,rgb_sar,0,2
0.18637495,5,rgb_sar,0,2
0.094471306,5,rgb_sar,0,2
0.058495443,5,rgb_sar,0,2
0.15250494,5,rgb_sar,0,2
0.16923097,5,rgb_sar,0,2
0.05168563,5,rgb_sar,0,2
0.11860268,5,rgb_sar,0,2
0.13408631,5,rgb_sar,0,2
0.101490654,5,rgb_sar,0,2
0.10645422,5,rgb_sar,0,2
0.058165632,5,rgb_sar,0,2
0.16438448,5,rgb_sar,0,2
-0.019609652,3,rgb_sar,0,2
0.13554856,3,rgb_sar,0,2
0.012400644,3,rgb_sar,0,2
0.100152716,3,rgb_sar,0,2
-0.0053461157,3,rgb_sar,0,2
0.055062495,3,rgb_sar,0,2
0.30313286,3,rgb_sar,0,2
0.09968351,3,rgb_sar,0,2
-0.046586562,3,rgb_sar,0,2
0.014054054,3,rgb_sar,0,2
0.055538,3,rgb_sar,0,2
0.023043457,3,rgb_sar,0,2
0.052288726,3,rgb_sar,0,2
0.21593729,3,rgb_sar,0,2
0.10086906,3,rgb_sar,0,2
0.015243936,3,rgb_sar,0,2
0.07425283,3,rgb_sar,0,2
0.0588435,3,rgb_sar,0,2
0.031345744,3,rgb_sar,0,2
-0.0010761805,3,rgb_sar,0,2
0.06767421,3,rgb_sar,0,2
0.008932823,3,rgb_sar,0,2
-0.024450552,3,rgb_sar,0,2
0.050001413,3,rgb_sar,0,2
0.0031889828,3,rgb_sar,0,2
0.008483663,3,rgb_sar,0,2
-0.023686113,3,rgb_sar,0,2
0.11428853,3,rgb_sar,0,2
-0.029783068,3,rgb_sar,0,2
-0.046364397,3,rgb_sar,0,2
-0.07933323,3,rgb_sar,0,2
-0.04788959,3,rgb_sar,0,2
0.0004565809,3,rgb_sar,0,2
0.03836566,3,rgb_sar,0,2
0.037330966,3,rgb_sar,0,2
0.13051334,3,rgb_sar,0,2
0.017579805,3,rgb_sar,0,2
0.047663882,3,rgb_sar,0,2
0.018147582,3,rgb_sar,0,2
0.03624709,3,rgb_sar,0,2
-0.027286457,3,rgb_sar,0,2
-0.06670151,3,rgb_sar,0,2
-0.03612655,3,rgb_sar,0,2
-0.031875163,3,rgb_sar,0,2
0.044827946,3,rgb_sar,0,2
0.12641273,3,rgb_sar,0,2
-0.07099202,3,rgb_sar,0,2
-0.044570394,3,rgb_sar,0,2
0.00051813945,3,rgb_sar,0,2
0.021216277,3,rgb_sar,0,2
-0.026137566,3,rgb_sar,0,2
-0.030336058,3,rgb_sar,0,2
0.013286941,3,rgb_sar,0,2
0.008767435,3,rgb_sar,0,2
0.17537454,3,rgb_sar,0,2
0.28237453,3,rgb_sar,0,2
0.017923849,3,rgb_sar,0,2
-0.065163165,3,rgb_sar,0,2
-0.018107269,3,rgb_sar,0,2
0.021266997,3,rgb_sar,0,2
-0.028084263,3,rgb_sar,0,2
-0.006084224,3,rgb_sar,0,2
0.06392509,3,rgb_sar,0,2
0.09889807,3,rgb_sar,0,2
0.26898387,3,rgb_sar,0,2
0.342611,3,rgb_sar,0,2
-0.11005694,3,rgb_sar,0,2
-0.08663846,3,rgb_sar,0,2
0.010250683,3,rgb_sar,0,2
0.031326585,3,rgb_sar,0,2
-0.033029176,3,rgb_sar,0,2
0.0035826964,3,rgb_sar,0,2
0.033752516,3,rgb_sar,0,2
-0.027256446,3,rgb_sar,0,2
0.083386876,3,rgb_sar,0,2
0.15649357,3,rgb_sar,0,2
0.071956396,3,rgb_sar,0,2
0.050171055,3,rgb_sar,0,2
0.11407524,3,rgb_sar,0,2
0.10332579,3,rgb_sar,0,2
0.060122564,3,rgb_sar,0,2
0.095711105,3,rgb_sar,0,2
0.117015466,3,rgb_sar,0,2
0.10213916,3,rgb_sar,0,2
0.17711753,3,rgb_sar,0,2
0.2781315,3,rgb_sar,0,2
-0.032695256,3,rgb_sar,0,2
-0.023573369,3,rgb_sar,0,2
0.1055687,3,rgb_sar,0,2
0.12832649,3,rgb_sar,0,2
0.08234876,3,rgb_sar,0,2
0.1256861,3,rgb_sar,0,2
0.23358381,3,rgb_sar,0,2
0.0051267575,3,rgb_sar,0,2
0.013243665,3,rgb_sar,0,2
0.06096979,3,rgb_sar,0,2
0.04943742,3,rgb_sar,0,2
0.038462833,3,rgb_sar,0,2
0.010112228,3,rgb_sar,0,2
0.17323346,3,rgb_sar,0,2
0.043566097,3,rgb_sar,0,2
-0.0011521224,3,rgb_sar,0,2
0.04110168,3,rgb_sar,0,2
0.087649845,3,rgb_sar,0,2
0.08434587,3,rgb_sar,0,2
0.013785563,3,rgb_sar,0,2
0.084970504,3,rgb_sar,0,2
0.0065263333,3,rgb_sar,0,2
-0.018478565,3,rgb_sar,0,2
-0.007684443,3,rgb_sar,0,2
0.021949641,3,rgb_sar,0,2
-0.042878374,3,rgb_sar,0,2
-0.1188601,3,rgb_sar,0,2
-0.039960105,3,rgb_sar,0,2
0.025885802,3,rgb_sar,0,2
-0.06700173,3,rgb_sar,0,2
-0.07521123,3,rgb_sar,0,2
-0.061259173,3,rgb_sar,0,2
-0.05080716,3,rgb_sar,0,2
-0.03307504,3,rgb_sar,0,2
0.0042197146,3,rgb_sar,0,2
0.04442959,3,rgb_sar,0,2
0.041643463,3,rgb_sar,0,2
0.042819966,3,rgb_sar,0,2
-0.08164807,3,rgb_sar,0,2
-0.05461329,3,rgb_sar,0,2
-0.02215153,3,rgb_sar,0,2
0.020584807,3,rgb_sar,0,2
-0.012607714,3,rgb_sar,0,2
-0.033932865,3,rgb_sar,0,2
-0.027631318,3,rgb_sar,0,2
-0.037529685,3,rgb_sar,0,2
0.0275862,3,rgb_sar,0,2
-0.047746826,3,rgb_sar,0,2
-0.1020387,3,rgb_sar,0,2
-0.1217791,3,rgb_sar,0,2
-0.02637446,3,rgb_sar,0,2
-0.034563027,3,rgb_sar,0,2
-0.026046066,3,rgb_sar,0,2
0.015129164,3,rgb_sar,0,2
0.029470721,3,rgb_sar,0,2
-0.027251853,3,rgb_sar,0,2
-0.04610294,3,rgb_sar,0,2
0.0101215225,3,rgb_sar,0,2
0.20800248,3,rgb_sar,0,2
0.11583862,3,rgb_sar,0,2
-0.0019071205,3,rgb_sar,0,2
0.017821593,3,rgb_sar,0,2
0.0768382,3,rgb_sar,0,2
0.00854863,3,rgb_sar,0,2
-0.0079635605,3,rgb_sar,0,2
0.02080916,3,rgb_sar,0,2
0.057890184,3,rgb_sar,0,2
0.00012889318,3,rgb_sar,0,2
-0.017715406,3,rgb_sar,0,2
0.078125395,3,rgb_sar,0,2
0.30218917,3,rgb_sar,0,2
0.1671931,3,rgb_sar,0,2
0.039743662,3,rgb_sar,0,2
0.1070016,3,rgb_sar,0,2
0.33026725,3,rgb_sar,0,2
-0.13443986,3,rgb_sar,0,2
-0.04806277,3,rgb_sar,0,2
-0.028031873,3,rgb_sar,0,2
-0.015296608,3,rgb_sar,0,2
0.017958403,3,rgb_sar,0,2
-0.0014181174,3,rgb_sar,0,2
-0.02500968,3,rgb_sar,0,2
-0.010213455,3,rgb_sar,0,2
0.18975458,3,rgb_sar,0,2
0.06992164,3,rgb_sar,0,2
0.023787234,3,rgb_sar,0,2
0.20509455,3,rgb_sar,0,2
0.38835618,3,rgb_sar,0,2
0.053586982,3,rgb_sar,0,2
0.0349043,3,rgb_sar,0,2
0.06025447,3,rgb_sar,0,2
0.09318863,3,rgb_sar,0,2
0.07040139,3,rgb_sar,0,2
0.07417619,3,rgb_sar,0,2
0.07602496,3,rgb_sar,0,2
0.113340594,3,rgb_sar,0,2
0.24035668,3,rgb_sar,0,2
0.13763216,3,rgb_sar,0,2
0.16175967,3,rgb_sar,0,2
0.26990137,3,rgb_sar,0,2
0.30913576,3,rgb_sar,0,2
0.034639385,3,rgb_sar,0,2
-0.03126072,3,rgb_sar,0,2
-0.080963746,3,rgb_sar,0,2
-0.09281573,3,rgb_sar,0,2
0.033587106,3,rgb_sar,0,2
-0.034690447,3,rgb_sar,0,2
0.0194145,3,rgb_sar,0,2
0.08906402,3,rgb_sar,0,2
0.33311903,3,rgb_sar,0,2
0.25833726,3,rgb_sar,0,2
0.32968515,3,rgb_sar,0,2
0.40533763,3,rgb_sar,0,2
0.40954125,3,rgb_sar,0,2
0.41991547,3,rgb_sar,0,2
0.34113663,3,rgb_sar,0,2
0.20959684,7,rgb_sar,0,2
0.2007249,7,rgb_sar,0,2
0.2154474,7,rgb_sar,0,2
0.16188222,7,rgb_sar,0,2
0.06478235,7,rgb_sar,0,2
0.06590173,7,rgb_sar,0,2
0.06884472,7,rgb_sar,0,2
0.122465864,7,rgb_sar,0,2
0.13018551,7,rgb_sar,0,2
0.120512664,7,rgb_sar,0,2
0.12116435,7,rgb_sar,0,2
0.11530922,7,rgb_sar,0,2
0.056859314,7,rgb_sar,0,2
0.031153498,7,rgb_sar,0,2
0.024960814,7,rgb_sar,0,2
0.15812686,7,rgb_sar,0,2
0.13810301,7,rgb_sar,0,2
0.11333878,7,rgb_sar,0,2
0.1274761,7,rgb_sar,0,2
0.1425308,7,rgb_sar,0,2
0.12797453,7,rgb_sar,0,2
0.06429506,7,rgb_sar,0,2
0.0423088,7,rgb_sar,0,2
0.10886722,7,rgb_sar,0,2
0.13935713,7,rgb_sar,0,2
0.15450825,7,rgb_sar,0,2
0.11467176,7,rgb_sar,0,2
0.15377635,7,rgb_sar,0,2
0.1911304,7,rgb_sar,0,2
0.12327331,7,rgb_sar,0,2
0.04460854,7,rgb_sar,0,2
0.021481134,7,rgb_sar,0,2
0.061990716,7,rgb_sar,0,2
0.12859602,7,rgb_sar,0,2
0.14494354,7,rgb_sar,0,2
0.11844842,7,rgb_sar,0,2
0.1463118,7,rgb_sar,0,2
0.13146424,7,rgb_sar,0,2
0.039238587,7,rgb_sar,0,2
-0.0011431817,7,rgb_sar,0,2
-0.0007503852,7,rgb_sar,0,2
-0.043467782,7,rgb_sar,0,2
0.12075442,7,rgb_sar,0,2
0.14077337,7,rgb_sar,0,2
0.13632064,7,rgb_sar,0,2
0.14243463,7,rgb_sar,0,2
0.09312489,7,rgb_sar,0,2
0.018947013,7,rgb_sar,0,2
0.017965607,7,rgb_sar,0,2
0.016784877,7,rgb_sar,0,2
-0.039447732,7,rgb_sar,0,2
0.10349367,7,rgb_sar,0,2
0.11785936,7,rgb_sar,0,2
0.12584013,7,rgb_sar,0,2
0.12781915,7,rgb_sar,0,2
0.0875725,7,rgb_sar,0,2
0.026454674,7,rgb_sar,0,2
0.038411308,7,rgb_sar,0,2
0.047566116,7,rgb_sar,0,2
-0.003993124,7,rgb_sar,0,2
0.09048945,7,rgb_sar,0,2
0.11570293,7,rgb_sar,0,2
0.06623239,7,rgb_sar,0,2
0.06286259,7,rgb_sar,0,2
0.03938733,7,rgb_sar,0,2
-0.01615104,7,rgb_sar,0,2
-0.014304433,7,rgb_sar,0,2
0.043598603,7,rgb_sar,0,2
0.018448574,7,rgb_sar,0,2
0.17098361,3,rgb_sar,0,2
0.13878307,3,rgb_sar,0,2
0.014508419,3,rgb_sar,0,2
-0.13564773,3,rgb_sar,0,2
-0.031254873,3,rgb_sar,0,2
0.018807275,3,rgb_sar,0,2
-0.08129184,3,rgb_sar,0,2
-0.12601097,3,rgb_sar,0,2
-0.04533427,3,rgb_sar,0,2
0.1260863,3,rgb_sar,0,2
0.14300638,3,rgb_sar,0,2
0.099334635,3,rgb_sar,0,2
-0.020423092,3,rgb_sar,0,2
-0.03774427,3,rgb_sar,0,2
0.020700024,3,rgb_sar,0,2
-0.031690218,3,rgb_sar,0,2
-0.16739413,3,rgb_sar,0,2
-0.16886474,3,rgb_sar,0,2
0.15935509,3,rgb_sar,0,2
0.14917383,3,rgb_sar,0,2
0.1123196,3,rgb_sar,0,2
0.023887878,3,rgb_sar,0,2
-0.02567916,3,rgb_sar,0,2
-0.06634106,3,rgb_sar,0,2
-0.06658662,3,rgb_sar,0,2
-0.0127385035,3,rgb_sar,0,2
-0.09947442,3,rgb_sar,0,2
-0.047182497,3,rgb_sar,0,2
0.04015542,3,rgb_sar,0,2
0.18237051,3,rgb_sar,0,2
0.1378759,3,rgb_sar,0,2
0.07606913,3,rgb_sar,0,2
0.056498446,3,rgb_sar,0,2
0.03700529,3,rgb_sar,0,2
-0.043461725,3,rgb_sar,0,2
-0.048501834,3,rgb_sar,0,2
0.069798,3,rgb_sar,0,2
-0.011287199,3,rgb_sar,0,2
-0.037820064,3,rgb_sar,0,2
0.0178291,3,rgb_sar,0,2
0.13429008,3,rgb_sar,0,2
0.13606244,3,rgb_sar,0,2
0.121221386,3,rgb_sar,0,2
0.121206485,3,rgb_sar,0,2
0.117648244,3,rgb_sar,0,2
0.099081576,3,rgb_sar,0,2
0.010722954,3,rgb_sar,0,2
0.00380411,3,rgb_sar,0,2
-0.0026166048,3,rgb_sar,0,2
-0.12975906,3,rgb_sar,0,2
0.00041099638,3,rgb_sar,0,2
-0.02311552,3,rgb_sar,0,2
0.12799636,3,rgb_sar,0,2
0.12635836,3,rgb_sar,0,2
0.082325324,3,rgb_sar,0,2
0.13574412,3,rgb_sar,0,2
0.15480484,3,rgb_sar,0,2
0.050038524,3,rgb_sar,0,2
0.0034239627,3,rgb_sar,0,2
0.090063795,3,rgb_sar,0,2
0.010632448,3,rgb_sar,0,2
-0.10615753,3,rgb_sar,0,2
0.013049463,3,rgb_sar,0,2
-0.03590559,3,rgb_sar,0,2
0.10162026,3,rgb_sar,0,2
0.19279715,3,rgb_sar,0,2
0.17601852,3,rgb_sar,0,2
0.12571865,3,rgb_sar,0,2
0.14084262,3,rgb_sar,0,2
0.094064265,3,rgb_sar,0,2
-0.0035487562,3,rgb_sar,0,2
0.094715916,3,rgb_sar,0,2
0.078164354,3,rgb_sar,0,2
-0.0065154843,3,rgb_sar,0,2
0.019014424,3,rgb_sar,0,2
0.045026943,3,rgb_sar,0,2
-0.013453334,3,rgb_sar,0,2
0.092642784,3,rgb_sar,0,2
0.18246256,3,rgb_sar,0,2
0.19117087,3,rgb_sar,0,2
0.17038798,3,rgb_sar,0,2
0.1652189,3,rgb_sar,0,2
0.07600801,3,rgb_sar,0,2
-0.01508734,3,rgb_sar,0,2
-0.023269366,3,rgb_sar,0,2
-0.049207933,3,rgb_sar,0,2
-0.048251353,3,rgb_sar,0,2
-0.024831599,3,rgb_sar,0,2
0.20732148,3,rgb_sar,0,2
0.20391338,3,rgb_sar,0,2
0.18781197,3,rgb_sar,0,2
0.09148164,3,rgb_sar,0,2
0.03192943,3,rgb_sar,0,2
-0.023280507,3,rgb_sar,0,2
0.021497756,3,rgb_sar,0,2
-0.11485402,3,rgb_sar,0,2
-0.11392498,3,rgb_sar,0,2
0.0136700375,3,rgb_sar,0,2
0.17309192,3,rgb_sar,0,2
0.18724787,3,rgb_sar,0,2
0.17779452,3,rgb_sar,0,2
0.061805263,3,rgb_sar,0,2
-0.022954768,3,rgb_sar,0,2
-0.06555287,3,rgb_sar,0,2
0.033292316,3,rgb_sar,0,2
-0.031946678,3,rgb_sar,0,2
-0.031723768,3,rgb_sar,0,2
0.16913109,3,rgb_sar,0,2
0.16707596,3,rgb_sar,0,2
0.19632041,3,rgb_sar,0,2
0.05730976,3,rgb_sar,0,2
0.072565325,3,rgb_sar,0,2
0.07079236,3,rgb_sar,0,2
0.017787687,3,rgb_sar,0,2
0.22342053,3,rgb_sar,0,2
0.20336741,3,rgb_sar,0,2
0.2437672,3,rgb_sar,0,2
0.07627462,3,rgb_sar,0,2
0.048494346,3,rgb_sar,0,2
-0.017076991,3,rgb_sar,0,2
-0.031065471,3,rgb_sar,0,2
0.15261789,3,rgb_sar,0,2
0.10645372,3,rgb_sar,0,2
-0.026406828,3,rgb_sar,0,2
0.051222663,3,rgb_sar,0,2
-0.079913385,3,rgb_sar,0,2
-0.022299223,3,rgb_sar,0,2
0.070013456,3,rgb_sar,0,2
-0.0038381396,3,rgb_sar,0,2
0.07771896,3,rgb_sar,0,2
0.03196322,3,rgb_sar,0,2
0.03130344,3,rgb_sar,0,2
-0.04161103,3,rgb_sar,0,2
0.18098614,7,rgb_sar,0,2
0.17169249,7,rgb_sar,0,2
0.13524774,7,rgb_sar,0,2
0.10944486,7,rgb_sar,0,2
0.07463434,7,rgb_sar,0,2
0.10742314,7,rgb_sar,0,2
0.08551883,7,rgb_sar,0,2
0.19740206,7,rgb_sar,0,2
0.20399395,7,rgb_sar,0,2
0.19711977,7,rgb_sar,0,2
0.14419514,7,rgb_sar,0,2
0.08026221,7,rgb_sar,0,2
0.035224408,7,rgb_sar,0,2
0.06222181,7,rgb_sar,0,2
0.053236876,7,rgb_sar,0,2
0.22138812,7,rgb_sar,0,2
0.19633454,7,rgb_sar,0,2
0.19486101,7,rgb_sar,0,2
0.16874585,7,rgb_sar,0,2
0.13398737,7,rgb_sar,0,2
0.088916376,7,rgb_sar,0,2
0.035902627,7,rgb_sar,0,2
0.045130566,7,rgb_sar,0,2
0.099246785,7,rgb_sar,0,2
-0.020993026,7,rgb_sar,0,2
-0.15306148,7,rgb_sar,0,2
0.23208904,7,rgb_sar,0,2
0.19121984,7,rgb_sar,0,2
0.17268977,7,rgb_sar,0,2
0.15085319,7,rgb_sar,0,2
0.13517064,7,rgb_sar,0,2
0.11770974,7,rgb_sar,0,2
0.05003795,7,rgb_sar,0,2
0.05562836,7,rgb_sar,0,2
0.11312856,7,rgb_sar,0,2
-0.035189502,7,rgb_sar,0,2
-0.06859644,7,rgb_sar,0,2
0.25921714,7,rgb_sar,0,2
0.18731442,7,rgb_sar,0,2
0.15066807,7,rgb_sar,0,2
0.146341,7,rgb_sar,0,2
0.13671859,7,rgb_sar,0,2
0.108565256,7,rgb_sar,0,2
0.02422003,7,rgb_sar,0,2
0.055824257,7,rgb_sar,0,2
0.029461786,7,rgb_sar,0,2
-0.05405098,7,rgb_sar,0,2
-0.05065952,7,rgb_sar,0,2
0.286228,7,rgb_sar,0,2
0.18001845,7,rgb_sar,0,2
0.18009675,7,rgb_sar,0,2
0.21437639,7,rgb_sar,0,2
0.20250419,7,rgb_sar,0,2
0.11125043,7,rgb_sar,0,2
0.022680992,7,rgb_sar,0,2
0.07632118,7,rgb_sar,0,2
0.049247384,7,rgb_sar,0,2
-0.072937,7,rgb_sar,0,2
-0.07356443,7,rgb_sar,0,2
0.25556684,7,rgb_sar,0,2
0.21176021,7,rgb_sar,0,2
0.19798437,7,rgb_sar,0,2
0.22729442,7,rgb_sar,0,2
0.2182872,7,rgb_sar,0,2
0.117462054,7,rgb_sar,0,2
0.02961534,7,rgb_sar,0,2
0.102803856,7,rgb_sar,0,2
0.047067247,7,rgb_sar,0,2
5.6911726e-05,7,rgb_sar,0,2
-0.008024525,7,rgb_sar,0,2
0.052941833,7,rgb_sar,0,2
-0.015786542,7,rgb_sar,0,2
-0.045105204,7,rgb_sar,0,2
-0.030751236,7,rgb_sar,0,2
-0.034960695,7,rgb_sar,0,2
0.15817875,7,rgb_sar,0,2
0.16965806,7,rgb_sar,0,2
0.14972895,7,rgb_sar,0,2
0.14487398,7,rgb_sar,0,2
0.18622729,7,rgb_sar,0,2
0.16021836,7,rgb_sar,0,2
0.08913946,7,rgb_sar,0,2
0.03454043,7,rgb_sar,0,2
0.1510562,7,rgb_sar,0,2
0.097631134,7,rgb_sar,0,2
-0.06822348,7,rgb_sar,0,2
0.05934438,7,rgb_sar,0,2
0.08749725,7,rgb_sar,0,2
-0.007265581,7,rgb_sar,0,2
-0.0925792,7,rgb_sar,0,2
-0.10218079,7,rgb_sar,0,2
-0.051261567,7,rgb_sar,0,2
-0.03590274,7,rgb_sar,0,2
0.04169763,7,rgb_sar,0,2
-0.041443236,7,rgb_sar,0,2
-0.073795274,7,rgb_sar,0,2
-0.07587972,7,rgb_sar,0,2
-0.079236545,7,rgb_sar,0,2
-0.07145207,7,rgb_sar,0,2
0.21056522,7,rgb_sar,0,2
0.022807153,7,rgb_sar,0,2
-0.060889155,7,rgb_sar,0,2
-0.1310198,7,rgb_sar,0,2
-0.11828044,7,rgb_sar,0,2
-0.08146934,7,rgb_sar,0,2
0.07258637,7,rgb_sar,0,2
0.30498588,7,rgb_sar,0,2
0.2244358,7,rgb_sar,0,2
0.04648742,7,rgb_sar,0,2
-0.027598873,7,rgb_sar,0,2
-0.11019836,7,rgb_sar,0,2
0.0015098937,7,rgb_sar,0,2
0.12659669,7,rgb_sar,0,2
0.07723144,7,rgb_sar,0,2
0.086322725,7,rgb_sar,0,2
-0.016628074,7,rgb_sar,0,2
-0.06684755,7,rgb_sar,0,2
-0.05680235,7,rgb_sar,0,2
0.043210812,7,rgb_sar,0,2
0.023088295,7,rgb_sar,0,2
0.045377433,7,rgb_sar,0,2
-0.10538649,7,rgb_sar,0,2
-0.12924531,7,rgb_sar,0,2
0.14817274,3,rgb_sar,0,2
0.12528649,3,rgb_sar,0,2
0.08218184,3,rgb_sar,0,2
-0.07931878,3,rgb_sar,0,2
-0.013614168,3,rgb_sar,0,2
-0.030009942,3,rgb_sar,0,2
-0.07259288,3,rgb_sar,0,2
-0.08560507,3,rgb_sar,0,2
-0.021522867,3,rgb_sar,0,2
0.039658494,7,rgb_sar,0,2
0.08826925,7,rgb_sar,0,2
0.14287797,3,rgb_sar,0,2
0.083425835,3,rgb_sar,0,2
-0.005824724,3,rgb_sar,0,2
-0.08240157,3,rgb_sar,0,2
-0.03618007,3,rgb_sar,0,2
-0.02507906,3,rgb_sar,0,2
-0.048290163,3,rgb_sar,0,2
-0.13700259,3,rgb_sar,0,2
-0.122672155,3,rgb_sar,0,2
0.13974005,3,rgb_sar,0,2
0.068303026,3,rgb_sar,0,2
0.0006193258,3,rgb_sar,0,2
-0.030859813,3,rgb_sar,0,2
-0.04319178,3,rgb_sar,0,2
-0.080512494,3,rgb_sar,0,2
-0.04163312,3,rgb_sar,0,2
0.057117,3,rgb_sar,0,2
-0.059119582,3,rgb_sar,0,2
-0.018523155,3,rgb_sar,0,2
0.04987924,3,rgb_sar,0,2
0.13992271,3,rgb_sar,0,2
0.031643428,3,rgb_sar,0,2
-0.019439928,3,rgb_sar,0,2
0.017155148,3,rgb_sar,0,2
-0.01763834,3,rgb_sar,0,2
-0.033666708,3,rgb_sar,0,2
-0.010428369,3,rgb_sar,0,2
0.13095404,3,rgb_sar,0,2
-0.059507146,3,rgb_sar,0,2
-0.092061676,3,rgb_sar,0,2
0.090860516,3,rgb_sar,0,2
0.045578565,3,rgb_sar,0,2
0.10571669,3,rgb_sar,0,2
0.02730707,3,rgb_sar,0,2
-0.01695276,3,rgb_sar,0,2
-0.014792649,3,rgb_sar,0,2
-0.015434731,3,rgb_sar,0,2
-0.030109348,3,rgb_sar,0,2
0.024212316,3,rgb_sar,0,2
0.011997728,3,rgb_sar,0,2
-0.101669,3,rgb_sar,0,2
-0.014194796,3,rgb_sar,0,2
0.086410105,3,rgb_sar,0,2
0.041509353,3,rgb_sar,0,2
0.122912355,3,rgb_sar,0,2
0.11960495,3,rgb_sar,0,2
0.09412793,3,rgb_sar,0,2
0.019810544,3,rgb_sar,0,2
-0.039610337,3,rgb_sar,0,2
-0.027823508,3,rgb_sar,0,2
0.054891884,3,rgb_sar,0,2
-0.020434467,3,rgb_sar,0,2
-0.11637412,3,rgb_sar,0,2
-0.037095997,3,rgb_sar,0,2
-0.06845215,3,rgb_sar,0,2
0.09566679,3,rgb_sar,0,2
0.19016194,3,rgb_sar,0,2
0.21657929,3,rgb_sar,0,2
0.19342677,3,rgb_sar,0,2
0.18555515,3,rgb_sar,0,2
0.04821694,3,rgb_sar,0,2
-0.059428148,3,rgb_sar,0,2
0.052311707,3,rgb_sar,0,2
0.099248394,3,rgb_sar,0,2
0.009128084,3,rgb_sar,0,2
0.03688992,3,rgb_sar,0,2
0.026850214,3,rgb_sar,0,2
-0.008493459,3,rgb_sar,0,2
0.14815083,3,rgb_sar,0,2
0.21186718,3,rgb_sar,0,2
0.22240955,3,rgb_sar,0,2
0.19872922,3,rgb_sar,0,2
0.1951246,3,rgb_sar,0,2
0.076959684,3,rgb_sar,0,2
-0.04493378,3,rgb_sar,0,2
0.026850916,3,rgb_sar,0,2
0.0356759,3,rgb_sar,0,2
0.008927995,3,rgb_sar,0,2
-0.002156455,3,rgb_sar,0,2
0.16841078,3,rgb_sar,0,2
0.18869542,3,rgb_sar,0,2
0.22144656,3,rgb_sar,0,2
0.07078208,3,rgb_sar,0,2
0.027643332,3,rgb_sar,0,2
-0.03654835,3,rgb_sar,0,2
-0.066439256,3,rgb_sar,0,2
-0.14986393,3,rgb_sar,0,2
-0.15709639,3,rgb_sar,0,2
-0.09294237,3,rgb_sar,0,2
0.14863265,3,rgb_sar,0,2
0.16108823,3,rgb_sar,0,2
0.16753122,3,rgb_sar,0,2
-0.010359153,3,rgb_sar,0,2
-0.0565719,3,rgb_sar,0,2
-0.09217484,3,rgb_sar,0,2
-0.016793778,3,rgb_sar,0,2
-0.006585233,3,rgb_sar,0,2
-0.06009163,3,rgb_sar,0,2
0.15274552,3,rgb_sar,0,2
0.08530457,3,rgb_sar,0,2
0.13021794,3,rgb_sar,0,2
-0.025017887,3,rgb_sar,0,2
-0.0124195535,3,rgb_sar,0,2
-0.01379779,3,rgb_sar,0,2
-0.0197728,3,rgb_sar,0,2
0.13909876,3,rgb_sar,0,2
0.1002228,3,rgb_sar,0,2
0.11885101,3,rgb_sar,0,2
-0.030408464,3,rgb_sar,0,2
-0.05019281,3,rgb_sar,0,2
-0.059599355,3,rgb_sar,0,2
-0.07563254,3,rgb_sar,0,2
0.09832066,3,rgb_sar,0,2
0.046829704,3,rgb_sar,0,2
-0.05205755,3,rgb_sar,0,2
0.020312235,3,rgb_sar,0,2
-0.057615526,3,rgb_sar,0,2
-0.0025201254,3,rgb_sar,0,2
-0.03601321,3,rgb_sar,0,2
-0.036290992,3,rgb_sar,0,2
0.056861345,3,rgb_sar,0,2
-0.016113037,3,rgb_sar,0,2
0.022942442,3,rgb_sar,0,2
0.008256476,3,rgb_sar,0,2
-0.078192234,7,rgb_sar,0,2
-0.17767072,7,rgb_sar,0,2
-0.056468777,7,rgb_sar,0,2
-0.039529305,7,rgb_sar,0,2
-0.046381705,7,rgb_sar,0,2
-0.0068330304,7,rgb_sar,0,2
-0.0809951,7,rgb_sar,0,2
-0.05210766,7,rgb_sar,0,2
-0.027201328,7,rgb_sar,0,2
-0.04591328,7,rgb_sar,0,2
-0.015491556,7,rgb_sar,0,2
-0.045806754,7,rgb_sar,0,2
-0.06193127,7,rgb_sar,0,2
0.021136194,7,rgb_sar,0,2
0.026508834,7,rgb_sar,0,2
0.0936233,7,rgb_sar,0,2
-0.04066219,7,rgb_sar,0,2
0.021977995,7,rgb_sar,0,2
0.02132009,7,rgb_sar,0,2
-0.060797177,7,rgb_sar,0,2
-0.09120131,7,rgb_sar,0,2
-0.08299198,7,rgb_sar,0,2
-0.06638067,7,rgb_sar,0,2
-0.077528015,7,rgb_sar,0,2
0.1953646,7,rgb_sar,0,2
-0.015070315,7,rgb_sar,0,2
-0.080543324,7,rgb_sar,0,2
-0.06310741,7,rgb_sar,0,2
-0.081773736,7,rgb_sar,0,2
-0.07991304,7,rgb_sar,0,2
0.2744536,7,rgb_sar,0,2
-0.03894906,7,rgb_sar,0,2
-0.08391544,7,rgb_sar,0,2
-0.14077201,7,rgb_sar,0,2
-0.108674236,7,rgb_sar,0,2
-0.035503875,7,rgb_sar,0,2
0.18105786,7,rgb_sar,0,2
0.29368842,7,rgb_sar,0,2
0.15169016,7,rgb_sar,0,2
-0.062168397,7,rgb_sar,0,2
-0.09027081,7,rgb_sar,0,2
-0.22413708,7,rgb_sar,0,2
0.03577912,7,rgb_sar,0,2
0.08949557,7,rgb_sar,0,2
-0.069761835,7,rgb_sar,0,2
-0.049515348,7,rgb_sar,0,2
-0.10414877,7,rgb_sar,0,2
-0.21008472,7,rgb_sar,0,2
-0.048564732,7,rgb_sar,0,2
-0.00015668292,7,rgb_sar,0,2
-0.06288433,7,rgb_sar,0,2
0.03650646,7,rgb_sar,0,2
-0.11880152,7,rgb_sar,0,2
-0.15599337,7,rgb_sar,0,2
0.028501362,7,rgb_sar,0,2
0.11898807,7,rgb_sar,0,2
0.21728726,5,rgb_sar,0,2
0.18616986,5,rgb_sar,0,2
0.16077882,5,rgb_sar,0,2
0.16604544,5,rgb_sar,0,2
0.12026986,5,rgb_sar,0,2
0.15589821,5,rgb_sar,0,2
0.10378822,5,rgb_sar,0,2
0.18526179,5,rgb_sar,0,2
0.13890074,5,rgb_sar,0,2
0.2565869,5,rgb_sar,0,2
0.30886382,5,rgb_sar,0,2
0.26432794,5,rgb_sar,0,2
0.17546535,5,rgb_sar,0,2
0.24855042,5,rgb_sar,0,2
0.28659648,5,rgb_sar,0,2
0.2524797,5,rgb_sar,0,2
0.2858839,5,rgb_sar,0,2
0.18207505,5,rgb_sar,0,2
0.24386832,5,rgb_sar,0,2
0.29145432,5,rgb_sar,0,2
0.28768986,5,rgb_sar,0,2
0.32268453,5,rgb_sar,0,2
0.3607754,5,rgb_sar,0,2
0.20227306,5,rgb_sar,0,2
0.292803,5,rgb_sar,0,2
0.33956462,5,rgb_sar,0,2
0.308414,5,rgb_sar,0,2
0.3277197,5,rgb_sar,0,2
0.33751866,5,rgb_sar,0,2
0.18762782,5,rgb_sar,0,2
0.26845586,5,rgb_sar,0,2
0.30975595,5,rgb_sar,0,2
0.2857595,5,rgb_sar,0,2
0.31984806,5,rgb_sar,0,2
0.32103258,5,rgb_sar,0,2
0.18778847,5,rgb_sar,0,2
0.27383086,5,rgb_sar,0,2
0.31763393,5,rgb_sar,0,2
0.30366167,5,rgb_sar,0,2
0.32176366,5,rgb_sar,0,2
0.17771111,5,rgb_sar,0,2
0.24366511,5,rgb_sar,0,2
0.2642848,5,rgb_sar,0,2
0.25372708,5,rgb_sar,0,2
0.23893522,5,rgb_sar,0,2
0.21662317,5,rgb_sar,0,2
0.18104027,5,rgb_sar,0,2
0.22190896,5,rgb_sar,0,2
0.23579115,5,rgb_sar,0,2
0.20141351,5,rgb_sar,0,2
0.1162665,5,rgb_sar,0,2
0.15298356,5,rgb_sar,0,2
0.20227927,5,rgb_sar,0,2
0.16591395,5,rgb_sar,0,2
0.09458385,5,rgb_sar,0,2
0.12943713,5,rgb_sar,0,2
0.15996179,5,rgb_sar,0,2
0.16620941,5,rgb_sar,0,2
0.19250618,5,rgb_sar,0,2
0.18887717,5,rgb_sar,0,2
0.1917089,5,rgb_sar,0,2
0.18987799,5,rgb_sar,0,2
0.19822621,5,rgb_sar,0,2
0.18483615,5,rgb_sar,0,2
0.23394796,5,rgb_sar,0,2
0.2255213,5,rgb_sar,0,2
0.22640115,5,rgb_sar,0,2
0.22191246,5,rgb_sar,0,2
0.1546793,5,rgb_sar,0,2
0.17145541,5,rgb_sar,0,2
0.17783721,5,rgb_sar,0,2
0.22212239,5,rgb_sar,0,2
0.18885475,5,rgb_sar,0,2
0.20292512,5,rgb_sar,0,2
0.24198157,5,rgb_sar,0,2
0.090405,5,rgb_sar,0,2
0.18625762,5,rgb_sar,0,2
0.23034969,5,rgb_sar,0,2
0.22597376,5,rgb_sar,0,2
0.20321411,5,rgb_sar,0,2
0.24793112,5,rgb_sar,0,2
0.07576738,5,rgb_sar,0,2
0.19556138,5,rgb_sar,0,2
0.25747436,5,rgb_sar,0,2
0.2574162,5,rgb_sar,0,2
0.24932869,5,rgb_sar,0,2
0.30845672,5,rgb_sar,0,2
0.109671205,5,rgb_sar,0,2
0.21768138,5,rgb_sar,0,2
0.22540548,5,rgb_sar,0,2
0.20601839,5,rgb_sar,0,2
0.29640645,5,rgb_sar,0,2
0.34783533,5,rgb_sar,0,2
0.17697313,5,rgb_sar,0,2
0.28478354,5,rgb_sar,0,2
0.26053756,5,rgb_sar,0,2
0.24658252,5,rgb_sar,0,2
0.32776272,5,rgb_sar,0,2
0.17716733,5,rgb_sar,0,2
0.25252992,5,rgb_sar,0,2
0.2924205,5,rgb_sar,0,2
0.30192482,5,rgb_sar,0,2
0.34541148,5,rgb_sar,0,2
0.2994289,5,rgb_sar,0,2
0.21277672,5,rgb_sar,0,2
0.25559175,5,rgb_sar,0,2
0.2774639,5,rgb_sar,0,2
0.34037554,5,rgb_sar,0,2
0.18685852,5,rgb_sar,0,2
0.23158972,5,rgb_sar,0,2
0.27225614,5,rgb_sar,0,2
0.2868809,5,rgb_sar,0,2
0.1459943,5,rgb_sar,0,2
0.22171539,5,rgb_sar,0,2
0.16369362,5,rgb_sar,0,2
0.23327383,5,rgb_sar,0,2
-0.14405772,3,rgb_sar,0,2
0.0046957918,3,rgb_sar,0,2
-0.05696497,3,rgb_sar,0,2
0.016049094,3,rgb_sar,0,2
0.12814087,3,rgb_sar,0,2
0.12667109,3,rgb_sar,0,2
0.28015357,3,rgb_sar,0,2
0.10742052,3,rgb_sar,0,2
0.009522328,3,rgb_sar,0,2
0.07035575,3,rgb_sar,0,2
0.0894275,3,rgb_sar,0,2
0.07628073,3,rgb_sar,0,2
0.044569,3,rgb_sar,0,2
0.105529115,3,rgb_sar,0,2
0.06982159,3,rgb_sar,0,2
-0.023519091,3,rgb_sar,0,2
-0.02582572,3,rgb_sar,0,2
0.013814783,3,rgb_sar,0,2
0.03849627,3,rgb_sar,0,2
8.270051e-05,3,rgb_sar,0,2
0.028395405,3,rgb_sar,0,2
0.016364526,3,rgb_sar,0,2
-0.034426495,3,rgb_sar,0,2
-0.010261992,3,rgb_sar,0,2
0.01243791,3,rgb_sar,0,2
0.040032886,3,rgb_sar,0,2
0.02379518,3,rgb_sar,0,2
0.12046082,3,rgb_sar,0,2
-0.05672761,3,rgb_sar,0,2
-0.03227495,3,rgb_sar,0,2
0.008425156,3,rgb_sar,0,2
-0.023457563,3,rgb_sar,0,2
0.021056589,3,rgb_sar,0,2
0.05330952,3,rgb_sar,0,2
0.0430211,3,rgb_sar,0,2
0.12902568,3,rgb_sar,0,2
-0.058460224,3,rgb_sar,0,2
-0.08054258,3,rgb_sar,0,2
-0.030154338,3,rgb_sar,0,2
0.06339319,3,rgb_sar,0,2
0.012778179,3,rgb_sar,0,2
-0.026598219,3,rgb_sar,0,2
-0.030672751,3,rgb_sar,0,2
-0.044198938,3,rgb_sar,0,2
0.020099819,3,rgb_sar,0,2
0.12598088,3,rgb_sar,0,2
-0.04661586,3,rgb_sar,0,2
-0.055035084,3,rgb_sar,0,2
0.005471226,3,rgb_sar,0,2
0.081162795,3,rgb_sar,0,2
-0.042332366,3,rgb_sar,0,2
-0.050091896,3,rgb_sar,0,2
0.041088536,3,rgb_sar,0,2
0.055841602,3,rgb_sar,0,2
0.18667239,3,rgb_sar,0,2
0.29061094,3,rgb_sar,0,2
-0.056684867,3,rgb_sar,0,2
-0.07243628,3,rgb_sar,0,2
0.029933285,3,rgb_sar,0,2
0.08486453,3,rgb_sar,0,2
-0.04093068,3,rgb_sar,0,2
-0.074684635,3,rgb_sar,0,2
0.0824038,3,rgb_sar,0,2
0.13871276,3,rgb_sar,0,2
0.29783428,3,rgb_sar,0,2
0.29718393,3,rgb_sar,0,2
-0.08885352,3,rgb_sar,0,2
-0.08022582,3,rgb_sar,0,2
-0.03664214,3,rgb_sar,0,2
0.029219355,3,rgb_sar,0,2
-0.056239948,3,rgb_sar,0,2
-0.07531388,3,rgb_sar,0,2
-0.027716184,3,rgb_sar,0,2
-0.03505829,3,rgb_sar,0,2
0.0855629,3,rgb_sar,0,2
0.13703057,3,rgb_sar,0,2
0.022785919,3,rgb_sar,0,2
-0.046019148,3,rgb_sar,0,2
8.5468404e-05,3,rgb_sar,0,2
0.007913461,3,rgb_sar,0,2
-0.056429133,3,rgb_sar,0,2
-0.059297867,3,rgb_sar,0,2
0.0009701587,3,rgb_sar,0,2
-0.045388617,3,rgb_sar,0,2
0.034939468,3,rgb_sar,0,2
0.10456933,3,rgb_sar,0,2
0.0022613257,3,rgb_sar,0,2
-0.02537277,3,rgb_sar,0,2
-0.057314467,3,rgb_sar,0,2
-0.037081793,3,rgb_sar,0,2
-0.049811393,3,rgb_sar,0,2
-0.05475875,3,rgb_sar,0,2
-0.033751138,3,rgb_sar,0,2
-0.0636494,3,rgb_sar,0,2
-0.06194938,3,rgb_sar,0,2
0.09531031,3,rgb_sar,0,2
-0.014235494,3,rgb_sar,0,2
-0.09151973,3,rgb_sar,0,2
-0.068071745,3,rgb_sar,0,2
-0.038620725,3,rgb_sar,0,2
-0.02798776,3,rgb_sar,0,2
-0.0756948,3,rgb_sar,0,2
-0.044861417,3,rgb_sar,0,2
0.11070034,3,rgb_sar,0,2
0.1680159,3,rgb_sar,0,2
0.0951044,3,rgb_sar,0,2
-0.09480022,3,rgb_sar,0,2
-0.021188283,3,rgb_sar,0,2
0.020366142,3,rgb_sar,0,2
-0.02642179,3,rgb_sar,0,2
-0.02395302,3,rgb_sar,0,2
0.111994915,3,rgb_sar,0,2
0.15202634,3,rgb_sar,0,2
-0.07409765,3,rgb_sar,0,2
-0.027769476,3,rgb_sar,0,2
0.032865044,3,rgb_sar,0,2
0.01183361,3,rgb_sar,0,2
0.030845728,3,rgb_sar,0,2
0.17968552,3,rgb_sar,0,2
0.002558319,3,rgb_sar,0,2
-0.0053271595,3,rgb_sar,0,2
-0.0148545075,3,rgb_sar,0,2
0.021847878,3,rgb_sar,0,2
0.14037298,3,rgb_sar,0,2
-0.036316663,3,rgb_sar,0,2
-0.036592357,3,rgb_sar,0,2
-0.037978716,3,rgb_sar,0,2
0.024808515,3,rgb_sar,0,2
0.16170152,3,rgb_sar,0,2
-0.044854403,3,rgb_sar,0,2
0.07822348,3,rgb_sar,0,2
0.00045101158,3,rgb_sar,0,2
0.08947735,3,rgb_sar,0,2
0.009355679,3,rgb_sar,0,2
0.06587874,3,rgb_sar,0,2
0.25093716,3,rgb_sar,0,2
0.042920128,3,rgb_sar,0,2
-0.025633866,3,rgb_sar,0,2
0.0423745,3,rgb_sar,0,2
0.07410703,3,rgb_sar,0,2
0.053997442,3,rgb_sar,0,2
0.048217855,3,rgb_sar,0,2
0.06055972,3,rgb_sar,0,2
0.0038046483,3,rgb_sar,0,2
-0.003976429,3,rgb_sar,0,2
0.07272829,3,rgb_sar,0,2
0.10829502,3,rgb_sar,0,2
0.080682956,3,rgb_sar,0,2
-0.011444846,3,rgb_sar,0,2
-0.007894205,3,rgb_sar,0,2
0.055461854,3,rgb_sar,0,2
-0.0003056936,3,rgb_sar,0,2
0.010521445,3,rgb_sar,0,2
0.070865765,3,rgb_sar,0,2
0.014826338,3,rgb_sar,0,2
-0.030962724,3,rgb_sar,0,2
-0.03344327,3,rgb_sar,0,2
-0.09021032,3,rgb_sar,0,2
-0.08885101,3,rgb_sar,0,2
-0.039960407,3,rgb_sar,0,2
-0.050861567,3,rgb_sar,0,2
-0.07701908,3,rgb_sar,0,2
0.060612023,3,rgb_sar,0,2
0.024152923,3,rgb_sar,0,2
-0.020678818,3,rgb_sar,0,2
-0.00079690106,3,rgb_sar,0,2
-0.029346276,3,rgb_sar,0,2
-0.11095567,3,rgb_sar,0,2
-0.075156234,3,rgb_sar,0,2
-0.085924745,3,rgb_sar,0,2
-0.023838028,3,rgb_sar,0,2
-0.01193143,3,rgb_sar,0,2
-0.03571306,3,rgb_sar,0,2
0.009223994,3,rgb_sar,0,2
-0.048330482,3,rgb_sar,0,2
-0.018561777,3,rgb_sar,0,2
-0.02595264,3,rgb_sar,0,2
-0.06899958,3,rgb_sar,0,2
-0.120183855,3,rgb_sar,0,2
-0.06135701,3,rgb_sar,0,2
-0.030261386,3,rgb_sar,0,2
-0.025157062,3,rgb_sar,0,2
-0.027148765,3,rgb_sar,0,2
-0.06805923,3,rgb_sar,0,2
-0.07906408,3,rgb_sar,0,2
-0.02674716,3,rgb_sar,0,2
-0.01551725,3,rgb_sar,0,2
0.12155034,3,rgb_sar,0,2
0.040562235,3,rgb_sar,0,2
-0.064769045,3,rgb_sar,0,2
-0.08918457,3,rgb_sar,0,2
-0.045778528,3,rgb_sar,0,2
-0.045007277,3,rgb_sar,0,2
-0.02608044,3,rgb_sar,0,2
-0.0059949392,3,rgb_sar,0,2
-0.05359342,3,rgb_sar,0,2
-0.03538094,3,rgb_sar,0,2
0.039300464,3,rgb_sar,0,2
0.077988,3,rgb_sar,0,2
0.23768476,3,rgb_sar,0,2
0.0996843,3,rgb_sar,0,2
-0.027504826,3,rgb_sar,0,2
-0.00843833,3,rgb_sar,0,2
0.29118702,3,rgb_sar,0,2
-0.079845,3,rgb_sar,0,2
-0.0775797,3,rgb_sar,0,2
-0.053427972,3,rgb_sar,0,2
-0.0115958825,3,rgb_sar,0,2
-0.051507115,3,rgb_sar,0,2
-0.033698134,3,rgb_sar,0,2
-0.030204473,3,rgb_sar,0,2
-0.042743202,3,rgb_sar,0,2
0.089771174,3,rgb_sar,0,2
-0.033921286,3,rgb_sar,0,2
-0.020836264,3,rgb_sar,0,2
0.14121933,3,rgb_sar,0,2
0.33001977,3,rgb_sar,0,2
-0.027323022,3,rgb_sar,0,2
-0.06654374,3,rgb_sar,0,2
-0.043245547,3,rgb_sar,0,2
-0.008674681,3,rgb_sar,0,2
-0.050785515,3,rgb_sar,0,2
-0.016103603,3,rgb_sar,0,2
-0.0080624875,3,rgb_sar,0,2
-0.040967546,3,rgb_sar,0,2
0.012903701,3,rgb_sar,0,2
-0.051971927,3,rgb_sar,0,2
-0.0029488355,3,rgb_sar,0,2
0.05964775,3,rgb_sar,0,2
0.06637773,3,rgb_sar,0,2
-0.07556867,3,rgb_sar,0,2
-0.07150018,3,rgb_sar,0,2
-0.061523512,3,rgb_sar,0,2
-0.042540997,3,rgb_sar,0,2
-0.0071894564,3,rgb_sar,0,2
0.060096536,3,rgb_sar,0,2
0.01717738,3,rgb_sar,0,2
-0.020166451,3,rgb_sar,0,2
-0.04741338,3,rgb_sar,0,2
-0.08135483,3,rgb_sar,0,2
-0.0635977,3,rgb_sar,0,2
-0.029423416,3,rgb_sar,0,2
-0.022703413,3,rgb_sar,0,2
-0.022591816,3,rgb_sar,0,2
-0.03549631,3,rgb_sar,0,2
0.041870266,3,rgb_sar,0,2
0.101863265,3,rgb_sar,0,2
0.055017833,3,rgb_sar,0,2
0.031834856,3,rgb_sar,0,2
0.014936175,3,rgb_sar,0,2
0.011114685,3,rgb_sar,0,2
-0.00042887777,3,rgb_sar,0,2
0.0043904707,3,rgb_sar,0,2
0.030663913,3,rgb_sar,0,2
0.15921657,3,rgb_sar,0,2
0.13742855,3,rgb_sar,0,2
0.043663666,3,rgb_sar,0,2
0.1009673,3,rgb_sar,0,2
0.06263207,3,rgb_sar,0,2
0.053860348,3,rgb_sar,0,2
0.07298023,3,rgb_sar,0,2
0.09428005,3,rgb_sar,0,2
0.03530223,3,rgb_sar,0,2
0.013509244,3,rgb_sar,0,2
0.13122076,3,rgb_sar,0,2
0.03538667,3,rgb_sar,0,2
0.076910384,3,rgb_sar,0,2
0.043622542,3,rgb_sar,0,2
0.062087048,3,rgb_sar,0,2
0.054465108,3,rgb_sar,0,2
0.084976524,3,rgb_sar,0,2
0.07117488,3,rgb_sar,0,2
0.09848288,3,rgb_sar,0,2
0.10297171,3,rgb_sar,0,2
0.10156296,3,rgb_sar,0,2
0.07364572,3,rgb_sar,0,2
0.07057823,3,rgb_sar,0,2
0.10918453,3,rgb_sar,0,2
0.15371946,3,rgb_sar,0,2
0.12490219,3,rgb_sar,0,2
0.07980629,3,rgb_sar,0,2
0.07276433,3,rgb_sar,0,2
-0.012890777,3,rgb_sar,0,2
0.041973643,3,rgb_sar,0,2
-0.008065946,3,rgb_sar,0,2
-0.08518074,3,rgb_sar,0,2
0.013540986,3,rgb_sar,0,2
-0.091068365,3,rgb_sar,0,2
-0.033830713,3,rgb_sar,0,2
-0.026587669,3,rgb_sar,0,2
0.34507757,3,rgb_sar,0,2
0.018427633,3,rgb_sar,0,2
0.11225914,3,rgb_sar,0,2
0.38529024,3,rgb_sar,0,2
0.0755874,3,rgb_sar,0,2
0.09975446,3,rgb_sar,0,2
0.16239199,3,rgb_sar,0,2
0.028932761,3,rgb_sar,0,2
0.024565136,3,rgb_sar,0,2
-0.03233404,3,rgb_sar,0,2
0.04781593,3,rgb_sar,0,2
0.05653072,3,rgb_sar,0,2
0.022229329,3,rgb_sar,0,2
0.08653209,3,rgb_sar,0,2
0.08012434,3,rgb_sar,0,2
0.10730335,3,rgb_sar,0,2
0.008699402,3,rgb_sar,0,2
0.13214785,3,rgb_sar,0,2
0.03572354,3,rgb_sar,0,2
0.15483299,3,rgb_sar,0,2
0.0012537669,3,rgb_sar,0,2
0.12890922,3,rgb_sar,0,2
0.03431183,3,rgb_sar,0,2
0.12599526,3,rgb_sar,0,2
0.17656808,7,rgb_sar,0,2
0.19157127,7,rgb_sar,0,2
0.21632081,7,rgb_sar,0,2
0.24852858,7,rgb_sar,0,2
0.30715525,7,rgb_sar,0,2
0.3133284,7,rgb_sar,0,2
0.2576356,7,rgb_sar,0,2
0.23796485,7,rgb_sar,0,2
0.2153879,7,rgb_sar,0,2
0.0875492,7,rgb_sar,0,2
0.10337736,7,rgb_sar,0,2
0.09670482,7,rgb_sar,0,2
0.1640684,7,rgb_sar,0,2
0.21773967,7,rgb_sar,0,2
0.16945447,7,rgb_sar,0,2
0.06009291,7,rgb_sar,0,2
0.09810074,7,rgb_sar,0,2
0.114397794,7,rgb_sar,0,2
0.14027038,7,rgb_sar,0,2
0.08106738,7,rgb_sar,0,2
0.06774309,7,rgb_sar,0,2
0.09436966,7,rgb_sar,0,2
0.0991738,7,rgb_sar,0,2
0.03769476,7,rgb_sar,0,2
-0.03440624,7,rgb_sar,0,2
0.019359281,7,rgb_sar,0,2
0.03000517,7,rgb_sar,0,2
0.18239853,7,rgb_sar,0,2
0.095253624,7,rgb_sar,0,2
0.0706604,7,rgb_sar,0,2
0.09402611,7,rgb_sar,0,2
0.08692446,7,rgb_sar,0,2
0.03912213,7,rgb_sar,0,2
0.01112913,7,rgb_sar,0,2
0.0575976,7,rgb_sar,0,2
-0.017458228,7,rgb_sar,0,2
0.17560545,7,rgb_sar,0,2
0.11915479,7,rgb_sar,0,2
0.06695174,7,rgb_sar,0,2
0.0647479,7,rgb_sar,0,2
0.0575462,7,rgb_sar,0,2
0.039825708,7,rgb_sar,0,2
0.014752412,7,rgb_sar,0,2
0.035592012,7,rgb_sar,0,2
-0.02255013,7,rgb_sar,0,2
0.17290115,3,rgb_sar,0,2
0.13959378,3,rgb_sar,0,2
0.0574253,3,rgb_sar,0,2
-0.054531455,3,rgb_sar,0,2
-0.012927907,3,rgb_sar,0,2
0.001688119,3,rgb_sar,0,2
-0.04523471,3,rgb_sar,0,2
-0.059201267,3,rgb_sar,0,2
-0.04209122,3,rgb_sar,0,2
0.22086579,3,rgb_sar,0,2
0.12634543,3,rgb_sar,0,2
0.014867855,3,rgb_sar,0,2
-0.098968536,3,rgb_sar,0,2
-0.08128079,3,rgb_sar,0,2
0.011440181,3,rgb_sar,0,2
0.0061807176,3,rgb_sar,0,2
-0.120305456,3,rgb_sar,0,2
-0.15268311,3,rgb_sar,0,2
0.16520633,3,rgb_sar,0,2
0.097961925,3,rgb_sar,0,2
-0.008783776,3,rgb_sar,0,2
-0.02857269,3,rgb_sar,0,2
-0.032946605,3,rgb_sar,0,2
-0.05550821,3,rgb_sar,0,2
-0.01713782,3,rgb_sar,0,2
0.023859998,3,rgb_sar,0,2
-0.051963396,3,rgb_sar,0,2
0.00903102,3,rgb_sar,0,2
0.060298447,3,rgb_sar,0,2
0.13836446,3,rgb_sar,0,2
0.049839605,3,rgb_sar,0,2
-0.042142816,3,rgb_sar,0,2
-0.017226048,3,rgb_sar,0,2
0.05256066,3,rgb_sar,0,2
-0.003272131,3,rgb_sar,0,2
-0.07955064,3,rgb_sar,0,2
0.007896859,3,rgb_sar,0,2
-0.11163856,3,rgb_sar,0,2
0.031078786,3,rgb_sar,0,2
0.17390251,3,rgb_sar,0,2
0.08847064,3,rgb_sar,0,2
0.107353255,3,rgb_sar,0,2
0.04900617,3,rgb_sar,0,2
-0.060259197,3,rgb_sar,0,2
0.029997578,3,rgb_sar,0,2
0.09643414,3,rgb_sar,0,2
0.0030967258,3,rgb_sar,0,2
0.008914271,3,rgb_sar,0,2
-0.028438415,3,rgb_sar,0,2
-0.133599,3,rgb_sar,0,2
0.12713623,3,rgb_sar,0,2
0.1756587,3,rgb_sar,0,2
0.11549459,3,rgb_sar,0,2
0.13058251,3,rgb_sar,0,2
0.08536875,3,rgb_sar,0,2
-0.0013954826,3,rgb_sar,0,2
0.09726801,3,rgb_sar,0,2
0.025606297,3,rgb_sar,0,2
0.0013630651,3,rgb_sar,0,2
0.10261462,3,rgb_sar,0,2
-0.07809904,3,rgb_sar,0,2
-0.07548238,3,rgb_sar,0,2
0.14023387,3,rgb_sar,0,2
0.063673854,3,rgb_sar,0,2
0.14021423,3,rgb_sar,0,2
0.15024528,3,rgb_sar,0,2
0.14323662,3,rgb_sar,0,2
0.16056834,3,rgb_sar,0,2
0.15499088,3,rgb_sar,0,2
0.061279777,3,rgb_sar,0,2
-0.07699514,3,rgb_sar,0,2
-0.006597638,3,rgb_sar,0,2
0.024318708,3,rgb_sar,0,2
-0.009344427,3,rgb_sar,0,2
0.026426354,3,rgb_sar,0,2
0.13888171,3,rgb_sar,0,2
0.042387255,3,rgb_sar,0,2
0.1576525,3,rgb_sar,0,2
0.15489149,3,rgb_sar,0,2
0.18295929,3,rgb_sar,0,2
0.22263587,3,rgb_sar,0,2
0.21910748,3,rgb_sar,0,2
0.0790169,3,rgb_sar,0,2
-0.078917384,3,rgb_sar,0,2
-0.081454694,3,rgb_sar,0,2
-0.051508285,3,rgb_sar,0,2
-0.016943332,3,rgb_sar,0,2
0.026052522,3,rgb_sar,0,2
0.13692793,3,rgb_sar,0,2
0.10280071,3,rgb_sar,0,2
0.13215335,3,rgb_sar,0,2
0.08293841,3,rgb_sar,0,2
-0.0023979098,3,rgb_sar,0,2
-0.033522245,3,rgb_sar,0,2
-0.044841684,3,rgb_sar,0,2
-0.1594723,3,rgb_sar,0,2
-0.17472754,3,rgb_sar,0,2
0.013054272,3,rgb_sar,0,2
0.16878754,3,rgb_sar,0,2
0.13264084,3,rgb_sar,0,2
0.10808213,3,rgb_sar,0,2
0.014813997,3,rgb_sar,0,2
-0.028113123,3,rgb_sar,0,2
-0.07055412,3,rgb_sar,0,2
0.0069330446,3,rgb_sar,0,2
0.027098935,3,rgb_sar,0,2
-0.021686744,3,rgb_sar,0,2
0.156843,3,rgb_sar,0,2
0.15279183,3,rgb_sar,0,2
0.15528008,3,rgb_sar,0,2
0.070739865,3,rgb_sar,0,2
0.09930734,3,rgb_sar,0,2
0.04575192,3,rgb_sar,0,2
-0.020750288,3,rgb_sar,0,2
0.15601392,3,rgb_sar,0,2
0.13325894,3,rgb_sar,0,2
0.19044922,3,rgb_sar,0,2
0.07347588,3,rgb_sar,0,2
0.025438976,3,rgb_sar,0,2
-0.08737806,3,rgb_sar,0,2
-0.016338732,3,rgb_sar,0,2
0.15782312,3,rgb_sar,0,2
0.15288255,3,rgb_sar,0,2
-0.04445529,3,rgb_sar,0,2
0.044965915,3,rgb_sar,0,2
-0.10180536,3,rgb_sar,0,2
-0.04737594,3,rgb_sar,0,2
-0.0009932332,3,rgb_sar,0,2
-0.03523636,3,rgb_sar,0,2
0.05968471,3,rgb_sar,0,2
-0.009033924,3,rgb_sar,0,2
0.024849847,3,rgb_sar,0,2
-0.023034677,3,rgb_sar,0,2
0.30243772,3,rgb_sar,0,2
0.29463637,3,rgb_sar,0,2
0.01564978,3,rgb_sar,0,2
0.14285845,3,rgb_sar,0,2
0.2143465,3,rgb_sar,0,2
0.08687186,3,rgb_sar,0,2
0.14594272,3,rgb_sar,0,2
-0.0034457892,3,rgb_sar,0,2
0.009764656,3,rgb_sar,0,2
-0.052674305,3,rgb_sar,0,2
0.06290056,3,rgb_sar,0,2
0.29242092,3,rgb_sar,0,2
0.010394188,3,rgb_sar,0,2
-0.008860771,3,rgb_sar,0,2
-0.026222473,3,rgb_sar,0,2
-0.058883782,3,rgb_sar,0,2
0.045900285,3,rgb_sar,0,2
0.18737619,3,rgb_sar,0,2
0.013840086,3,rgb_sar,0,2
-0.05016865,3,rgb_sar,0,2
-0.068103835,3,rgb_sar,0,2
0.20740493,3,rgb_sar,0,2
0.17549239,3,rgb_sar,0,2
-0.024178842,3,rgb_sar,0,2
0.019963428,3,rgb_sar,0,2
0.059396483,3,rgb_sar,0,2
-0.05893901,3,rgb_sar,0,2
-0.045179732,3,rgb_sar,0,2
-0.027286138,3,rgb_sar,0,2
0.00042779557,3,rgb_sar,0,2
0.3116842,3,rgb_sar,0,2
0.16398445,3,rgb_sar,0,2
-0.03820907,3,rgb_sar,0,2
0.0562142,3,rgb_sar,0,2
0.029030582,3,rgb_sar,0,2
-0.086851105,3,rgb_sar,0,2
-0.039249882,3,rgb_sar,0,2
-0.047762655,3,rgb_sar,0,2
0.017260162,3,rgb_sar,0,2
0.15389775,3,rgb_sar,0,2
0.004343115,3,rgb_sar,0,2
0.025850113,3,rgb_sar,0,2
0.20101331,3,rgb_sar,0,2
0.10951609,3,rgb_sar,0,2
-0.018608274,3,rgb_sar,0,2
-0.020451834,3,rgb_sar,0,2
-0.013130294,3,rgb_sar,0,2
-0.010396864,3,rgb_sar,0,2
-0.043793395,3,rgb_sar,0,2
0.026653767,3,rgb_sar,0,2
-0.13034393,3,rgb_sar,0,2
0.01322856,3,rgb_sar,0,2
0.17279744,3,rgb_sar,0,2
-0.024940902,3,rgb_sar,0,2
0.003253203,3,rgb_sar,0,2
-0.04054586,3,rgb_sar,0,2
0.029216059,3,rgb_sar,0,2
0.04992777,3,rgb_sar,0,2
-0.050915383,3,rgb_sar,0,2
0.16289483,3,rgb_sar,0,2
0.22500089,7,rgb_sar,0,2
0.24137907,7,rgb_sar,0,2
0.27586037,7,rgb_sar,0,2
0.3405671,7,rgb_sar,0,2
0.35089195,7,rgb_sar,0,2
0.24024798,7,rgb_sar,0,2
0.19312659,7,rgb_sar,0,2
0.19496143,7,rgb_sar,0,2
0.17132057,7,rgb_sar,0,2
0.13614888,7,rgb_sar,0,2
0.09910233,7,rgb_sar,0,2
0.11087996,7,rgb_sar,0,2
0.09730741,7,rgb_sar,0,2
0.11897709,7,rgb_sar,0,2
0.17150296,7,rgb_sar,0,2
0.18922557,7,rgb_sar,0,2
0.09877235,7,rgb_sar,0,2
0.0488692,7,rgb_sar,0,2
0.0781125,7,rgb_sar,0,2
0.053674668,7,rgb_sar,0,2
0.029460073,7,rgb_sar,0,2
-0.0108187,7,rgb_sar,0,2
0.073380485,7,rgb_sar,0,2
0.057663128,7,rgb_sar,0,2
0.06689785,7,rgb_sar,0,2
0.08443663,7,rgb_sar,0,2
0.05854131,7,rgb_sar,0,2
0.052798476,7,rgb_sar,0,2
0.027170425,7,rgb_sar,0,2
0.038652092,7,rgb_sar,0,2
0.006229234,7,rgb_sar,0,2
0.01998379,7,rgb_sar,0,2
-0.0519909,7,rgb_sar,0,2
0.08269571,7,rgb_sar,0,2
0.0591487,7,rgb_sar,0,2
0.07104538,7,rgb_sar,0,2
0.08892532,7,rgb_sar,0,2
0.08329748,7,rgb_sar,0,2
0.079563536,7,rgb_sar,0,2
0.047508705,7,rgb_sar,0,2
0.070038565,7,rgb_sar,0,2
0.013643637,7,rgb_sar,0,2
-0.015522238,7,rgb_sar,0,2
-0.006314229,7,rgb_sar,0,2
0.07054531,7,rgb_sar,0,2
0.008771711,7,rgb_sar,0,2
-0.056073036,7,rgb_sar,0,2
-0.022395238,7,rgb_sar,0,2
-0.056743287,7,rgb_sar,0,2
0.0473041,7,rgb_sar,0,2
0.076978475,7,rgb_sar,0,2
0.060847618,7,rgb_sar,0,2
0.06936954,7,rgb_sar,0,2
0.100200735,7,rgb_sar,0,2
0.08553383,7,rgb_sar,0,2
0.04501385,7,rgb_sar,0,2
0.03227625,7,rgb_sar,0,2
0.062265113,7,rgb_sar,0,2
0.017421091,7,rgb_sar,0,2
-0.07204228,7,rgb_sar,0,2
0.109439164,7,rgb_sar,0,2
0.13570844,7,rgb_sar,0,2
0.014082465,7,rgb_sar,0,2
-0.031509794,7,rgb_sar,0,2
-0.07051246,7,rgb_sar,0,2
-0.024236985,7,rgb_sar,0,2
0.02241913,7,rgb_sar,0,2
0.23717667,7,rgb_sar,0,2
0.02715236,7,rgb_sar,0,2
-0.040845536,7,rgb_sar,0,2
-0.08310819,7,rgb_sar,0,2
-0.05608588,7,rgb_sar,0,2
0.0024941768,7,rgb_sar,0,2
0.3490623,7,rgb_sar,0,2
0.05271291,7,rgb_sar,0,2
-0.07446383,7,rgb_sar,0,2
-0.12993719,7,rgb_sar,0,2
-0.08752199,7,rgb_sar,0,2
-0.027102664,7,rgb_sar,0,2
0.2622035,7,rgb_sar,0,2
0.34137756,7,rgb_sar,0,2
0.2939799,7,rgb_sar,0,2
0.0018851552,7,rgb_sar,0,2
-0.10091557,7,rgb_sar,0,2
-0.18428582,7,rgb_sar,0,2
-0.046032462,7,rgb_sar,0,2
0.00010075141,7,rgb_sar,0,2
0.059694253,7,rgb_sar,0,2
-0.0127957165,7,rgb_sar,0,2
-0.17338878,7,rgb_sar,0,2
-0.17533025,7,rgb_sar,0,2
-0.06820883,7,rgb_sar,0,2
-0.051900506,7,rgb_sar,0,2
0.0039050616,7,rgb_sar,0,2
-0.009816727,7,rgb_sar,0,2
-0.19267182,7,rgb_sar,0,2
-0.20359334,7,rgb_sar,0,2
0.1323099,3,rgb_sar,0,2
0.114196,3,rgb_sar,0,2
0.018847853,3,rgb_sar,0,2
-0.103092864,3,rgb_sar,0,2
0.05332743,3,rgb_sar,0,2
0.041952282,3,rgb_sar,0,2
-0.08979547,3,rgb_sar,0,2
-0.10774433,3,rgb_sar,0,2
-0.03427922,3,rgb_sar,0,2
0.038427528,7,rgb_sar,0,2
0.18218823,7,rgb_sar,0,2
0.18614973,3,rgb_sar,0,2
0.04119874,3,rgb_sar,0,2
-0.022594169,3,rgb_sar,0,2
-0.12365058,3,rgb_sar,0,2
-0.02790266,3,rgb_sar,0,2
0.020461539,3,rgb_sar,0,2
-0.006274945,3,rgb_sar,0,2
-0.13718721,3,rgb_sar,0,2
-0.111067384,3,rgb_sar,0,2
0.28899258,3,rgb_sar,0,2
0.16174477,3,rgb_sar,0,2
0.024221253,3,rgb_sar,0,2
0.0022264868,3,rgb_sar,0,2
0.004347725,3,rgb_sar,0,2
-0.061765455,3,rgb_sar,0,2
0.0017010756,3,rgb_sar,0,2
0.1286208,3,rgb_sar,0,2
-0.0015610997,3,rgb_sar,0,2
-0.019651981,3,rgb_sar,0,2
0.020224966,3,rgb_sar,0,2
0.2680645,3,rgb_sar,0,2
0.08788632,3,rgb_sar,0,2
0.012658773,3,rgb_sar,0,2
0.05985422,3,rgb_sar,0,2
0.0134411175,3,rgb_sar,0,2
-0.023907892,3,rgb_sar,0,2
-0.025555354,3,rgb_sar,0,2
0.15164286,3,rgb_sar,0,2
-0.009451294,3,rgb_sar,0,2
-0.054229483,3,rgb_sar,0,2
0.063005984,3,rgb_sar,0,2
0.13236386,3,rgb_sar,0,2
0.1722612,3,rgb_sar,0,2
0.093042865,3,rgb_sar,0,2
0.07719181,3,rgb_sar,0,2
0.15590146,3,rgb_sar,0,2
0.12931862,3,rgb_sar,0,2
0.020253912,3,rgb_sar,0,2
0.05348319,3,rgb_sar,0,2
0.10408993,3,rgb_sar,0,2
-0.10926926,3,rgb_sar,0,2
-0.0034743808,3,rgb_sar,0,2
0.06594666,3,rgb_sar,0,2
0.105764635,3,rgb_sar,0,2
0.12998374,3,rgb_sar,0,2
0.15196937,3,rgb_sar,0,2
0.10583679,3,rgb_sar,0,2
0.09530284,3,rgb_sar,0,2
0.039093472,3,rgb_sar,0,2
-0.0066301003,3,rgb_sar,0,2
0.07077199,3,rgb_sar,0,2
0.033907868,3,rgb_sar,0,2
-0.046237815,3,rgb_sar,0,2
-0.008690734,3,rgb_sar,0,2
-0.0021276902,3,rgb_sar,0,2
0.14169899,3,rgb_sar,0,2
0.07051316,3,rgb_sar,0,2
0.10826264,3,rgb_sar,0,2
0.22795969,3,rgb_sar,0,2
0.16377035,3,rgb_sar,0,2
0.072373085,3,rgb_sar,0,2
-0.03658752,3,rgb_sar,0,2
0.024415035,3,rgb_sar,0,2
0.030053714,3,rgb_sar,0,2
0.028645925,3,rgb_sar,0,2
0.07775234,3,rgb_sar,0,2
-0.03308594,3,rgb_sar,0,2
-0.050715502,3,rgb_sar,0,2
0.09161371,3,rgb_sar,0,2
0.054658048,3,rgb_sar,0,2
0.08051525,3,rgb_sar,0,2
0.22433726,3,rgb_sar,0,2
0.1631992,3,rgb_sar,0,2
0.09265101,3,rgb_sar,0,2
0.010352887,3,rgb_sar,0,2
0.021715865,3,rgb_sar,0,2
-0.0057781246,3,rgb_sar,0,2
-0.021329492,3,rgb_sar,0,2
0.105587065,3,rgb_sar,0,2
0.04406649,3,rgb_sar,0,2
0.06986279,3,rgb_sar,0,2
0.10376413,3,rgb_sar,0,2
0.07840888,3,rgb_sar,0,2
0.04279746,3,rgb_sar,0,2
0.023549533,3,rgb_sar,0,2
0.01424972,3,rgb_sar,0,2
-0.024698706,3,rgb_sar,0,2
-0.0941297,3,rgb_sar,0,2
-0.043751556,3,rgb_sar,0,2
0.06003978,3,rgb_sar,0,2
0.06045244,3,rgb_sar,0,2
0.06465466,3,rgb_sar,0,2
0.00262497,3,rgb_sar,0,2
-0.019573601,3,rgb_sar,0,2
-0.070975885,3,rgb_sar,0,2
-0.01041516,3,rgb_sar,0,2
0.08779774,3,rgb_sar,0,2
0.059509367,3,rgb_sar,0,2
0.07431273,3,rgb_sar,0,2
0.13909093,3,rgb_sar,0,2
0.15632021,3,rgb_sar,0,2
0.0059283134,3,rgb_sar,0,2
0.066252634,3,rgb_sar,0,2
0.023150459,3,rgb_sar,0,2
-0.05323297,3,rgb_sar,0,2
0.18700692,3,rgb_sar,0,2
0.21714333,3,rgb_sar,0,2
0.1975126,3,rgb_sar,0,2
0.031188644,3,rgb_sar,0,2
0.03614338,3,rgb_sar,0,2
-0.0073310975,3,rgb_sar,0,2
-0.10359748,3,rgb_sar,0,2
0.12926762,3,rgb_sar,0,2
0.066284455,3,rgb_sar,0,2
-0.039494667,3,rgb_sar,0,2
0.0400877,3,rgb_sar,0,2
-0.032881737,3,rgb_sar,0,2
-0.040498853,3,rgb_sar,0,2
-0.039229173,3,rgb_sar,0,2
-0.071281984,3,rgb_sar,0,2
0.012006638,3,rgb_sar,0,2
-0.008067001,3,rgb_sar,0,2
-0.008295927,3,rgb_sar,0,2
0.0038055964,3,rgb_sar,0,2
0.38803977,3,rgb_sar,0,2
0.34639457,3,rgb_sar,0,2
0.10384197,3,rgb_sar,0,2
0.18717921,3,rgb_sar,0,2
0.113808565,3,rgb_sar,0,2
0.035106663,3,rgb_sar,0,2
0.07525207,3,rgb_sar,0,2
0.018075299,3,rgb_sar,0,2
-0.08608149,3,rgb_sar,0,2
-0.030201856,3,rgb_sar,0,2
0.04819905,3,rgb_sar,0,2
0.06422505,3,rgb_sar,0,2
-0.13555664,3,rgb_sar,0,2
0.051311977,3,rgb_sar,0,2
-0.049402982,3,rgb_sar,0,2
-0.05193311,3,rgb_sar,0,2
0.001662435,3,rgb_sar,0,2
-0.0067016277,3,rgb_sar,0,2
-0.086022854,3,rgb_sar,0,2
0.3883664,3,rgb_sar,0,2
0.27141988,3,rgb_sar,0,2
-0.03916499,3,rgb_sar,0,2
0.004863089,3,rgb_sar,0,2
0.009550231,3,rgb_sar,0,2
-0.12944576,3,rgb_sar,0,2
-0.08187322,3,rgb_sar,0,2
0.44618154,3,rgb_sar,0,2
0.2752853,3,rgb_sar,0,2
-0.043113798,3,rgb_sar,0,2
0.06456346,3,rgb_sar,0,2
0.062034637,3,rgb_sar,0,2
-0.06766317,3,rgb_sar,0,2
-0.010546185,3,rgb_sar,0,2
0.27155486,3,rgb_sar,0,2
0.026201762,3,rgb_sar,0,2
0.057511948,3,rgb_sar,0,2
0.15682249,3,rgb_sar,0,2
0.057309534,3,rgb_sar,0,2
-0.049551662,3,rgb_sar,0,2
-0.025310729,3,rgb_sar,0,2
0.053275198,3,rgb_sar,0,2
0.12299843,3,rgb_sar,0,2
-0.009157348,3,rgb_sar,0,2
0.07971692,3,rgb_sar,0,2
0.13435873,3,rgb_sar,0,2
-0.061196644,3,rgb_sar,0,2
-0.029882565,3,rgb_sar,0,2
0.005006328,3,rgb_sar,0,2
0.098951496,3,rgb_sar,0,2
0.06248262,3,rgb_sar,0,2
0.102941364,3,rgb_sar,0,2
0.19943413,3,rgb_sar,0,2
0.081949,7,rgb_sar,0,2
0.12956241,7,rgb_sar,0,2
-0.023432497,7,rgb_sar,0,2
-0.02489294,7,rgb_sar,0,2
-0.037018366,7,rgb_sar,0,2
-0.050874,7,rgb_sar,0,2
-0.0056263115,7,rgb_sar,0,2
-0.002041893,7,rgb_sar,0,2
-0.011632574,7,rgb_sar,0,2
-0.059686683,7,rgb_sar,0,2
-0.08138112,7,rgb_sar,0,2
-0.051233657,7,rgb_sar,0,2
-0.1258454,7,rgb_sar,0,2
0.039936244,7,rgb_sar,0,2
-0.014583688,7,rgb_sar,0,2
0.048572086,7,rgb_sar,0,2
0.02787703,7,rgb_sar,0,2
-0.043730516,7,rgb_sar,0,2
-0.072726525,7,rgb_sar,0,2
-0.124217175,7,rgb_sar,0,2
-0.100240864,7,rgb_sar,0,2
-0.112505406,7,rgb_sar,0,2
0.22401178,7,rgb_sar,0,2
0.058326405,7,rgb_sar,0,2
-0.034453034,7,rgb_sar,0,2
-0.113017276,7,rgb_sar,0,2
-0.105370596,7,rgb_sar,0,2
-0.08384907,7,rgb_sar,0,2
0.28395963,7,rgb_sar,0,2
-0.022815181,7,rgb_sar,0,2
-0.084191315,7,rgb_sar,0,2
-0.10301046,7,rgb_sar,0,2
-0.032329507,7,rgb_sar,0,2
0.013981216,7,rgb_sar,0,2
0.12585245,7,rgb_sar,0,2
0.30792317,7,rgb_sar,0,2
0.18535376,7,rgb_sar,0,2
0.0161108,7,rgb_sar,0,2
-0.053428642,7,rgb_sar,0,2
-0.112837404,7,rgb_sar,0,2
-0.010758139,7,rgb_sar,0,2
0.09846638,7,rgb_sar,0,2
0.08023596,7,rgb_sar,0,2
0.081322506,7,rgb_sar,0,2
0.023691058,7,rgb_sar,0,2
-0.013841506,7,rgb_sar,0,2
-0.060610395,7,rgb_sar,0,2
0.013294278,7,rgb_sar,0,2
0.026833618,7,rgb_sar,0,2
-0.013051301,7,rgb_sar,0,2
-0.07001444,7,rgb_sar,0,2
-0.119147055,7,rgb_sar,0,2
0.07886625,7,rgb_sar,0,2
0.15277028,7,rgb_sar,0,2
0.32948774,5,rgb_sar,0,2
0.2572493,5,rgb_sar,0,2
0.29280567,5,rgb_sar,0,2
0.27013606,5,rgb_sar,0,2
0.2402513,5,rgb_sar,0,2
0.28131622,5,rgb_sar,0,2
0.20806976,5,rgb_sar,0,2
0.28508228,5,rgb_sar,0,2
0.2272811,5,rgb_sar,0,2
0.2911343,5,rgb_sar,0,2
0.25015074,5,rgb_sar,0,2
0.28284955,5,rgb_sar,0,2
0.24366562,5,rgb_sar,0,2
0.26660532,5,rgb_sar,0,2
0.23443925,5,rgb_sar,0,2
0.233805,5,rgb_sar,0,2
0.26954445,5,rgb_sar,0,2
0.20740922,5,rgb_sar,0,2
0.23623827,5,rgb_sar,0,2
0.17840728,5,rgb_sar,0,2
0.16513644,5,rgb_sar,0,2
0.28162843,5,rgb_sar,0,2
0.3145939,5,rgb_sar,0,2
0.22859505,5,rgb_sar,0,2
0.29458302,5,rgb_sar,0,2
0.22305422,5,rgb_sar,0,2
0.22122508,5,rgb_sar,0,2
0.3037923,5,rgb_sar,0,2
0.32369506,5,rgb_sar,0,2
0.22639315,5,rgb_sar,0,2
0.33173767,5,rgb_sar,0,2
0.2755676,5,rgb_sar,0,2
0.28316388,5,rgb_sar,0,2
0.3105076,5,rgb_sar,0,2
0.29328138,5,rgb_sar,0,2
0.23352608,5,rgb_sar,0,2
0.29432344,5,rgb_sar,0,2
0.256198,5,rgb_sar,0,2
0.2865138,5,rgb_sar,0,2
0.32313454,5,rgb_sar,0,2
0.22568685,5,rgb_sar,0,2
0.23448423,5,rgb_sar,0,2
0.25282198,5,rgb_sar,0,2
0.30243838,5,rgb_sar,0,2
0.32775187,5,rgb_sar,0,2
0.26566088,5,rgb_sar,0,2
0.23712754,5,rgb_sar,0,2
0.2973971,5,rgb_sar,0,2
0.3108055,5,rgb_sar,0,2
0.25050437,5,rgb_sar,0,2
0.14286892,5,rgb_sar,0,2
0.1553562,5,rgb_sar,0,2
0.26205218,5,rgb_sar,0,2
0.17880319,5,rgb_sar,0,2
0.07884047,5,rgb_sar,0,2
0.078487106,5,rgb_sar,0,2
0.08850817,5,rgb_sar,0,2
0.13466188,5,rgb_sar,0,2
0.1317403,5,rgb_sar,0,2
0.16185135,5,rgb_sar,0,2
0.15243256,5,rgb_sar,0,2
0.15021282,5,rgb_sar,0,2
0.17158526,5,rgb_sar,0,2
0.16817296,5,rgb_sar,0,2
0.13678044,5,rgb_sar,0,2
0.17080607,5,rgb_sar,0,2
0.14156193,5,rgb_sar,0,2
0.19560009,5,rgb_sar,0,2
0.2570901,5,rgb_sar,0,2
0.28141212,5,rgb_sar,0,2
0.1440854,5,rgb_sar,0,2
0.19481531,5,rgb_sar,0,2
0.2654271,5,rgb_sar,0,2
0.25471973,5,rgb_sar,0,2
0.32036194,5,rgb_sar,0,2
0.12509985,5,rgb_sar,0,2
0.18164438,5,rgb_sar,0,2
0.24951391,5,rgb_sar,0,2
0.23259154,5,rgb_sar,0,2
0.33683646,5,rgb_sar,0,2
0.32849944,5,rgb_sar,0,2
0.16624114,5,rgb_sar,0,2
0.25099826,5,rgb_sar,0,2
0.31452817,5,rgb_sar,0,2
0.2720041,5,rgb_sar,0,2
0.3733985,5,rgb_sar,0,2
0.32992288,5,rgb_sar,0,2
0.20314248,5,rgb_sar,0,2
0.3030628,5,rgb_sar,0,2
0.3033651,5,rgb_sar,0,2
0.3027511,5,rgb_sar,0,2
0.36760464,5,rgb_sar,0,2
0.31834167,5,rgb_sar,0,2
0.23126629,5,rgb_sar,0,2
0.33274266,5,rgb_sar,0,2
0.33363667,5,rgb_sar,0,2
0.3022067,5,rgb_sar,0,2
0.34716508,5,rgb_sar,0,2
0.23903923,5,rgb_sar,0,2
0.30530345,5,rgb_sar,0,2
0.41176337,5,rgb_sar,0,2
0.34969127,5,rgb_sar,0,2
0.30384123,5,rgb_sar,0,2
0.27010113,5,rgb_sar,0,2
0.18274575,5,rgb_sar,0,2
0.27285203,5,rgb_sar,0,2
0.3616334,5,rgb_sar,0,2
0.265342,5,rgb_sar,0,2
0.16248938,5,rgb_sar,0,2
0.22746533,5,rgb_sar,0,2
0.2747416,5,rgb_sar,0,2
0.24174604,5,rgb_sar,0,2
0.18243863,5,rgb_sar,0,2
0.22780968,5,rgb_sar,0,2
0.22853935,5,rgb_sar,0,2
0.3141358,5,rgb_sar,0,2
0.33435285,5,rgb_sar,0,2
0.31021345,5,rgb_sar,0,2
0.40451777,5,rgb_sar,0,2
0.3522477,5,rgb_sar,0,2
0.3124118,5,rgb_sar,0,2
0.31222963,5,rgb_sar,0,2
0.2932179,5,rgb_sar,0,2
0.20462233,5,rgb_sar,0,2
0.35768244,5,rgb_sar,0,2
0.3612974,5,rgb_sar,0,2
0.36086088,5,rgb_sar,0,2
0.3245522,5,rgb_sar,0,2
0.31663275,5,rgb_sar,0,2
0.29689565,5,rgb_sar,0,2
0.269748,5,rgb_sar,0,2
0.21253233,5,rgb_sar,0,2
0.1930305,5,rgb_sar,0,2
0.21226878,5,rgb_sar,0,2
0.19425908,5,rgb_sar,0,2
0.3289667,5,rgb_sar,0,2
0.31648374,5,rgb_sar,0,2
0.31162095,5,rgb_sar,0,2
0.31393823,5,rgb_sar,0,2
0.3433192,5,rgb_sar,0,2
0.27915716,5,rgb_sar,0,2
0.32050377,5,rgb_sar,0,2
0.36262488,5,rgb_sar,0,2
0.31461763,5,rgb_sar,0,2
0.21697865,5,rgb_sar,0,2
0.20127824,5,rgb_sar,0,2
0.18582438,5,rgb_sar,0,2
0.14731334,5,rgb_sar,0,2
0.31950992,5,rgb_sar,0,2
0.30597353,5,rgb_sar,0,2
0.3277213,5,rgb_sar,0,2
0.32145697,5,rgb_sar,0,2
0.32435852,5,rgb_sar,0,2
0.26785558,5,rgb_sar,0,2
0.2932127,5,rgb_sar,0,2
0.31131518,5,rgb_sar,0,2
0.3076471,5,rgb_sar,0,2
0.24504101,5,rgb_sar,0,2
0.17411312,5,rgb_sar,0,2
0.12721093,5,rgb_sar,0,2
0.10307006,5,rgb_sar,0,2
0.31019443,5,rgb_sar,0,2
0.31217545,5,rgb_sar,0,2
0.37750632,5,rgb_sar,0,2
0.35666218,5,rgb_sar,0,2
0.35983315,5,rgb_sar,0,2
0.2654528,5,rgb_sar,0,2
0.2619208,5,rgb_sar,0,2
0.24154778,5,rgb_sar,0,2
0.23722996,5,rgb_sar,0,2
0.22421937,5,rgb_sar,0,2
0.15660556,5,rgb_sar,0,2
0.13135077,5,rgb_sar,0,2
0.12451891,5,rgb_sar,0,2
0.33996892,5,rgb_sar,0,2
0.31790227,5,rgb_sar,0,2
0.32612047,5,rgb_sar,0,2
0.34592402,5,rgb_sar,0,2
0.3549012,5,rgb_sar,0,2
0.23275433,5,rgb_sar,0,2
0.21701832,5,rgb_sar,0,2
0.15935412,5,rgb_sar,0,2
0.17120917,5,rgb_sar,0,2
0.17051557,5,rgb_sar,0,2
0.09352011,5,rgb_sar,0,2
0.31810945,5,rgb_sar,0,2
0.32604507,5,rgb_sar,0,2
0.3206952,5,rgb_sar,0,2
0.30996314,5,rgb_sar,0,2
0.21559942,5,rgb_sar,0,2
0.2021976,5,rgb_sar,0,2
0.15592566,5,rgb_sar,0,2
0.16218866,5,rgb_sar,0,2
0.18301944,5,rgb_sar,0,2
0.10100653,5,rgb_sar,0,2
0.2709403,5,rgb_sar,0,2
0.29749608,5,rgb_sar,0,2
0.32454807,5,rgb_sar,0,2
0.2903738,5,rgb_sar,0,2
0.24065286,5,rgb_sar,0,2
0.22240129,5,rgb_sar,0,2
0.18169315,5,rgb_sar,0,2
0.13721871,5,rgb_sar,0,2
0.12944558,5,rgb_sar,0,2
0.100769274,5,rgb_sar,0,2
0.31254464,5,rgb_sar,0,2
0.2979465,5,rgb_sar,0,2
0.22331077,5,rgb_sar,0,2
0.17671584,5,rgb_sar,0,2
0.15858893,5,rgb_sar,0,2
0.14949483,5,rgb_sar,0,2
0.2265152,5,rgb_sar,0,2
0.15692374,5,rgb_sar,0,2
0.18613243,5,rgb_sar,0,2
0.1975275,5,rgb_sar,0,2
0.30147672,5,rgb_sar,0,2
0.26475403,5,rgb_sar,0,2
0.26596656,5,rgb_sar,0,2
0.22443679,5,rgb_sar,0,2
0.21420844,5,rgb_sar,0,2
0.17991927,5,rgb_sar,0,2
0.16744238,5,rgb_sar,0,2
0.17880708,5,rgb_sar,0,2
0.25664118,5,rgb_sar,0,2
0.24534778,5,rgb_sar,0,2
0.29347405,5,rgb_sar,0,2
0.24313681,5,rgb_sar,0,2
0.2327213,5,rgb_sar,0,2
0.2208436,5,rgb_sar,0,2
0.18344429,5,rgb_sar,0,2
0.17945965,5,rgb_sar,0,2
0.1606468,5,rgb_sar,0,2
0.2033754,5,rgb_sar,0,2
0.17497942,5,rgb_sar,0,2
0.23009731,5,rgb_sar,0,2
0.25561196,5,rgb_sar,0,2
0.266543,5,rgb_sar,0,2
0.23393303,5,rgb_sar,0,2
0.27011782,5,rgb_sar,0,2
0.239072,5,rgb_sar,0,2
0.24884057,5,rgb_sar,0,2
0.21062358,5,rgb_sar,0,2
0.2103928,5,rgb_sar,0,2
0.19607347,5,rgb_sar,0,2
0.16689478,5,rgb_sar,0,2
0.26013038,5,rgb_sar,0,2
0.21607502,5,rgb_sar,0,2
0.26344255,5,rgb_sar,0,2
0.30411717,5,rgb_sar,0,2
0.32319105,5,rgb_sar,0,2
0.29571325,5,rgb_sar,0,2
0.29930973,5,rgb_sar,0,2
0.2548109,5,rgb_sar,0,2
0.25412744,5,rgb_sar,0,2
0.21179852,5,rgb_sar,0,2
0.23051146,5,rgb_sar,0,2
0.2562838,5,rgb_sar,0,2
0.2476179,5,rgb_sar,0,2
0.31150508,5,rgb_sar,0,2
0.21217845,5,rgb_sar,0,2
0.2843544,5,rgb_sar,0,2
0.2711429,5,rgb_sar,0,2
0.29068822,5,rgb_sar,0,2
0.26693118,5,rgb_sar,0,2
0.30954832,5,rgb_sar,0,2
0.26336867,5,rgb_sar,0,2
0.24559033,5,rgb_sar,0,2
0.21444556,5,rgb_sar,0,2
0.2096774,5,rgb_sar,0,2
0.2809493,5,rgb_sar,0,2
0.2292786,5,rgb_sar,0,2
0.246984,5,rgb_sar,0,2
0.20092365,5,rgb_sar,0,2
0.24522123,5,rgb_sar,0,2
0.23687202,5,rgb_sar,0,2
0.25768077,5,rgb_sar,0,2
0.2547964,5,rgb_sar,0,2
0.2843098,5,rgb_sar,0,2
0.21975306,5,rgb_sar,0,2
0.21630599,5,rgb_sar,0,2
0.18332833,5,rgb_sar,0,2
0.19763258,5,rgb_sar,0,2
0.24049409,5,rgb_sar,0,2
0.19014364,5,rgb_sar,0,2
0.24305351,5,rgb_sar,0,2
0.29590055,5,rgb_sar,0,2
0.27656972,5,rgb_sar,0,2
0.3201935,5,rgb_sar,0,2
0.2218495,5,rgb_sar,0,2
0.24902263,5,rgb_sar,0,2
0.20513049,5,rgb_sar,0,2
0.20545752,5,rgb_sar,0,2
0.23709792,5,rgb_sar,0,2
0.17544228,5,rgb_sar,0,2
0.26380238,5,rgb_sar,0,2
0.28407943,5,rgb_sar,0,2
0.26032215,5,rgb_sar,0,2
0.29613608,5,rgb_sar,0,2
0.18618971,5,rgb_sar,0,2
0.1994999,5,rgb_sar,0,2
0.18390845,5,rgb_sar,0,2
0.20918024,5,rgb_sar,0,2
0.21267301,5,rgb_sar,0,2
0.14279339,5,rgb_sar,0,2
0.23072374,5,rgb_sar,0,2
0.27006763,5,rgb_sar,0,2
0.2053957,5,rgb_sar,0,2
0.17338559,5,rgb_sar,0,2
0.19891879,5,rgb_sar,0,2
0.1622299,5,rgb_sar,0,2
0.23846695,5,rgb_sar,0,2
0.20051423,5,rgb_sar,0,2
0.21147981,5,rgb_sar,0,2
0.18865411,5,rgb_sar,0,2
0.09794557,3,rgb_sar,0,2
0.13298933,3,rgb_sar,0,2
0.14958976,3,rgb_sar,0,2
0.15092663,3,rgb_sar,0,2
0.14076596,3,rgb_sar,0,2
0.18391779,3,rgb_sar,0,2
0.11246425,3,rgb_sar,0,2
0.041401934,3,rgb_sar,0,2
-0.0012420025,3,rgb_sar,0,2
0.19177009,3,rgb_sar,0,2
0.040178873,3,rgb_sar,0,2
-0.030866345,3,rgb_sar,0,2
0.002114335,3,rgb_sar,0,2
0.062144235,3,rgb_sar,0,2
0.043183655,3,rgb_sar,0,2
0.013077714,3,rgb_sar,0,2
-0.042968698,3,rgb_sar,0,2
0.16140895,3,rgb_sar,0,2
0.13699102,3,rgb_sar,0,2
0.12658331,3,rgb_sar,0,2
-0.0010819212,3,rgb_sar,0,2
0.056654718,3,rgb_sar,0,2
0.046770174,3,rgb_sar,0,2
0.056779463,3,rgb_sar,0,2
0.010819234,3,rgb_sar,0,2
0.16345562,3,rgb_sar,0,2
0.13615447,3,rgb_sar,0,2
-0.005359954,3,rgb_sar,0,2
0.067041464,3,rgb_sar,0,2
0.039180316,3,rgb_sar,0,2
0.048033208,3,rgb_sar,0,2
0.00757223,3,rgb_sar,0,2
0.16815843,3,rgb_sar,0,2
0.028198838,3,rgb_sar,0,2
0.07509476,3,rgb_sar,0,2
0.071148925,3,rgb_sar,0,2
0.058646407,3,rgb_sar,0,2
0.192893,3,rgb_sar,0,2
-0.011198599,3,rgb_sar,0,2
0.016999148,3,rgb_sar,0,2
0.0061213262,3,rgb_sar,0,2
0.015177069,3,rgb_sar,0,2
0.17479174,3,rgb_sar,0,2
0.13636822,3,rgb_sar,0,2
0.1072251,3,rgb_sar,0,2
0.049211826,3,rgb_sar,0,2
0.04658249,3,rgb_sar,0,2
0.11355315,3,rgb_sar,0,2
0.15282646,3,rgb_sar,0,2
0.17158648,3,rgb_sar,0,2
0.17693278,3,rgb_sar,0,2
0.1356517,3,rgb_sar,0,2
0.121248804,3,rgb_sar,0,2
0.10007339,3,rgb_sar,0,2
0.10375361,3,rgb_sar,0,2
0.15246896,3,rgb_sar,0,2
-0.0042659994,3,rgb_sar,0,2
-0.08119394,3,rgb_sar,0,2
0.015762962,3,rgb_sar,0,2
0.082196295,3,rgb_sar,0,2
0.08831847,3,rgb_sar,0,2
0.10628844,3,rgb_sar,0,2
0.04091049,3,rgb_sar,0,2
0.03162406,3,rgb_sar,0,2
0.03486397,3,rgb_sar,0,2
0.040399473,3,rgb_sar,0,2
0.054678213,3,rgb_sar,0,2
0.1302519,3,rgb_sar,0,2
0.07273825,3,rgb_sar,0,2
0.006905443,3,rgb_sar,0,2
0.097384155,3,rgb_sar,0,2
0.09864937,3,rgb_sar,0,2
0.09794939,3,rgb_sar,0,2
0.03660185,3,rgb_sar,0,2
0.02071088,3,rgb_sar,0,2
0.059322897,3,rgb_sar,0,2
0.051467746,3,rgb_sar,0,2
0.08415008,3,rgb_sar,0,2
-0.0060217194,3,rgb_sar,0,2
0.06960841,3,rgb_sar,0,2
0.06024661,3,rgb_sar,0,2
0.110816844,3,rgb_sar,0,2
0.06822577,3,rgb_sar,0,2
0.08192884,3,rgb_sar,0,2
0.108475655,3,rgb_sar,0,2
0.08183719,3,rgb_sar,0,2
0.071258396,3,rgb_sar,0,2
0.11039152,3,rgb_sar,0,2
0.1291318,3,rgb_sar,0,2
0.14133865,3,rgb_sar,0,2
0.10784426,3,rgb_sar,0,2
0.07342212,3,rgb_sar,0,2
0.100619994,3,rgb_sar,0,2
0.12710959,3,rgb_sar,0,2
0.13884227,3,rgb_sar,0,2
0.33692795,3,rgb_sar,0,2
0.2415335,3,rgb_sar,0,2
0.19739532,3,rgb_sar,0,2
0.21767132,3,rgb_sar,0,2
0.13636954,3,rgb_sar,0,2
0.08822286,3,rgb_sar,0,2
0.19379644,3,rgb_sar,0,2
0.15707396,3,rgb_sar,0,2
0.21914592,3,rgb_sar,0,2
-0.017431414,3,rgb_sar,0,2
0.12080516,3,rgb_sar,0,2
-0.0033654198,3,rgb_sar,0,2
0.1483109,3,rgb_sar,0,2
0.023201497,3,rgb_sar,0,2
0.15965447,3,rgb_sar,0,2
0.072858565,3,rgb_sar,0,2
0.115960255,3,rgb_sar,0,2
0.3511022,3,rgb_sar,0,2
0.46158874,3,rgb_sar,0,2
0.09716886,3,rgb_sar,0,2
0.1725448,3,rgb_sar,0,2
0.30063647,3,rgb_sar,0,2
0.092314556,3,rgb_sar,0,2
0.06482892,3,rgb_sar,0,2
-0.055541772,3,rgb_sar,0,2
-0.034784608,3,rgb_sar,0,2
0.007548921,3,rgb_sar,0,2
0.05523886,3,rgb_sar,0,2
0.17714013,3,rgb_sar,0,2
0.09679024,3,rgb_sar,0,2
-0.019609002,3,rgb_sar,0,2
-0.04625749,3,rgb_sar,0,2
-0.014297705,3,rgb_sar,0,2
-0.004348716,3,rgb_sar,0,2
0.058254912,3,rgb_sar,0,2
0.054800965,3,rgb_sar,0,2
-0.037942626,3,rgb_sar,0,2
-0.014226647,3,rgb_sar,0,2
0.28878987,3,rgb_sar,0,2
0.2593903,3,rgb_sar,0,2
-0.08791147,3,rgb_sar,0,2
-0.084296115,3,rgb_sar,0,2
-0.018138697,3,rgb_sar,0,2
-0.062271833,3,rgb_sar,0,2
0.0041449377,3,rgb_sar,0,2
-0.06462988,3,rgb_sar,0,2
0.060252186,3,rgb_sar,0,2
0.3737074,3,rgb_sar,0,2
0.25806734,3,rgb_sar,0,2
-0.06938428,3,rgb_sar,0,2
0.003328476,3,rgb_sar,0,2
0.031249981,3,rgb_sar,0,2
-0.051436797,3,rgb_sar,0,2
0.004718125,3,rgb_sar,0,2
-0.07024762,3,rgb_sar,0,2
0.020725947,3,rgb_sar,0,2
0.20328608,3,rgb_sar,0,2
0.032590337,3,rgb_sar,0,2
-0.005419174,3,rgb_sar,0,2
0.115400404,3,rgb_sar,0,2
0.057120893,3,rgb_sar,0,2
-0.027633747,3,rgb_sar,0,2
-0.040269487,3,rgb_sar,0,2
-0.06215817,3,rgb_sar,0,2
0.044197362,3,rgb_sar,0,2
-0.044943836,3,rgb_sar,0,2
0.057813916,3,rgb_sar,0,2
-0.035514638,3,rgb_sar,0,2
-0.033959627,3,rgb_sar,0,2
0.09914288,3,rgb_sar,0,2
-0.032110855,3,rgb_sar,0,2
-0.05954023,3,rgb_sar,0,2
-0.066992894,3,rgb_sar,0,2
0.009555109,3,rgb_sar,0,2
0.014456222,3,rgb_sar,0,2
-0.06980777,3,rgb_sar,0,2
0.06361238,3,rgb_sar,0,2
0.28631654,4,rgb_sar,0,2
0.25273758,4,rgb_sar,0,2
0.26266214,4,rgb_sar,0,2
0.4537725,4,rgb_sar,0,2
0.32876384,4,rgb_sar,0,2
0.25246474,4,rgb_sar,0,2
0.2494876,4,rgb_sar,0,2
0.4415976,4,rgb_sar,0,2
0.2815015,4,rgb_sar,0,2
0.31894064,4,rgb_sar,0,2
0.3035353,4,rgb_sar,0,2
0.29896027,4,rgb_sar,0,2
0.47507268,4,rgb_sar,0,2
0.45446733,4,rgb_sar,0,2
0.4621585,4,rgb_sar,0,2
0.47490296,4,rgb_sar,0,2
0.47899494,4,rgb_sar,0,2
0.60801524,4,rgb_sar,0,2
0.51154494,3,rgb_sar,0,2
0.4950127,3,rgb_sar,0,2
0.07882832,3,rgb_sar,0,2
0.33387268,3,rgb_sar,0,2
0.30290562,3,rgb_sar,0,2
0.053066917,3,rgb_sar,0,2
-0.01894861,3,rgb_sar,0,2
0.090136826,3,rgb_sar,0,2
0.05196985,3,rgb_sar,0,2
0.023112342,3,rgb_sar,0,2
0.06244453,3,rgb_sar,0,2
0.19846712,3,rgb_sar,0,2
0.023863927,3,rgb_sar,0,2
0.061346292,3,rgb_sar,0,2
-0.021099536,3,rgb_sar,0,2
0.03240378,3,rgb_sar,0,2
0.030006709,3,rgb_sar,0,2
0.02335509,3,rgb_sar,0,2
-0.039211184,3,rgb_sar,0,2
0.13954958,3,rgb_sar,0,2
0.04011763,3,rgb_sar,0,2
-0.063179985,3,rgb_sar,0,2
-0.06124384,3,rgb_sar,0,2
-0.056206692,3,rgb_sar,0,2
-0.06592424,3,rgb_sar,0,2
-0.07876124,3,rgb_sar,0,2
0.25422877,3,rgb_sar,0,2
0.0047251172,3,rgb_sar,0,2
-0.12102798,3,rgb_sar,0,2
-0.04770182,3,rgb_sar,0,2
-0.006782843,3,rgb_sar,0,2
-0.015770089,3,rgb_sar,0,2
-0.051167145,3,rgb_sar,0,2
0.1909093,3,rgb_sar,0,2
-0.082032196,3,rgb_sar,0,2
-0.06426215,3,rgb_sar,0,2
0.04612565,3,rgb_sar,0,2
0.011797169,3,rgb_sar,0,2
-0.05653196,3,rgb_sar,0,2
-0.047713235,3,rgb_sar,0,2
-0.08272824,3,rgb_sar,0,2
0.082820565,3,rgb_sar,0,2
-0.08779265,3,rgb_sar,0,2
0.017937368,3,rgb_sar,0,2
0.04306881,3,rgb_sar,0,2
-0.015100902,3,rgb_sar,0,2
0.008461736,3,rgb_sar,0,2
-0.047051847,3,rgb_sar,0,2
0.04840926,3,rgb_sar,0,2
0.057396494,3,rgb_sar,0,2
0.0503356,3,rgb_sar,0,2
0.23702282,3,rgb_sar,0,2
0.3525145,4,rgb_sar,0,2
0.28203243,4,rgb_sar,0,2
0.27673787,4,rgb_sar,0,2
0.36215374,4,rgb_sar,0,2
0.36058813,4,rgb_sar,0,2
0.26570296,4,rgb_sar,0,2
0.3013314,4,rgb_sar,0,2
0.25667155,4,rgb_sar,0,2
0.32962453,4,rgb_sar,0,2
0.26706845,4,rgb_sar,0,2
0.34760752,4,rgb_sar,0,2
0.4068387,4,rgb_sar,0,2
0.33733732,4,rgb_sar,0,2
0.32059866,4,rgb_sar,0,2
0.31885177,4,rgb_sar,0,2
0.3321605,4,rgb_sar,0,2
0.27165228,4,rgb_sar,0,2
0.3203659,4,rgb_sar,0,2
0.2697088,4,rgb_sar,0,2
0.38597384,4,rgb_sar,0,2
0.47145915,4,rgb_sar,0,2
0.40081924,4,rgb_sar,0,2
0.3353268,4,rgb_sar,0,2
0.3007987,4,rgb_sar,0,2
0.30287325,4,rgb_sar,0,2
0.3496078,4,rgb_sar,0,2
0.3478379,4,rgb_sar,0,2
0.33665878,4,rgb_sar,0,2
0.31993076,4,rgb_sar,0,2
0.31860584,4,rgb_sar,0,2
0.3655193,4,rgb_sar,0,2
0.32554862,4,rgb_sar,0,2
0.3083315,4,rgb_sar,0,2
0.34074187,4,rgb_sar,0,2
0.509664,4,rgb_sar,0,2
0.54872644,4,rgb_sar,0,2
0.5295929,4,rgb_sar,0,2
0.50580657,4,rgb_sar,0,2
0.49131012,4,rgb_sar,0,2
0.48170716,4,rgb_sar,0,2
0.5055855,4,rgb_sar,0,2
0.4955003,4,rgb_sar,0,2
0.50911784,4,rgb_sar,0,2
0.51899797,4,rgb_sar,0,2
0.38424212,4,rgb_sar,0,2
0.47291255,4,rgb_sar,0,2
0.38153002,4,rgb_sar,0,2
0.38811594,4,rgb_sar,0,2
0.416872,4,rgb_sar,0,2
0.4519184,4,rgb_sar,0,2
0.4355079,4,rgb_sar,0,2
0.29944336,4,rgb_sar,0,2
0.33384317,4,rgb_sar,0,2
0.3773353,4,rgb_sar,0,2
0.3809306,4,rgb_sar,0,2
0.46663588,4,rgb_sar,0,2
0.35243446,4,rgb_sar,0,2
0.37381548,4,rgb_sar,0,2
0.40455943,4,rgb_sar,0,2
0.378375,4,rgb_sar,0,2
0.5590883,4,rgb_sar,0,2
0.45593777,4,rgb_sar,0,2
0.42793348,4,rgb_sar,0,2
0.43467093,4,rgb_sar,0,2
0.39397037,4,rgb_sar,0,2
0.6731032,4,rgb_sar,0,2
0.5983235,4,rgb_sar,0,2
0.55745673,4,rgb_sar,0,2
0.5393618,4,rgb_sar,0,2
0.48031056,4,rgb_sar,0,2
0.29763737,5,rgb_sar,0,2
0.2660664,5,rgb_sar,0,2
0.30649424,5,rgb_sar,0,2
0.275899,5,rgb_sar,0,2
0.2938742,5,rgb_sar,0,2
0.29996887,5,rgb_sar,0,2
0.23526157,5,rgb_sar,0,2
0.20706493,5,rgb_sar,0,2
0.31126687,5,rgb_sar,0,2
0.2501629,5,rgb_sar,0,2
0.28662887,5,rgb_sar,0,2
0.33071184,5,rgb_sar,0,2
0.30103692,5,rgb_sar,0,2
0.27611697,5,rgb_sar,0,2
0.2255096,5,rgb_sar,0,2
0.21936615,5,rgb_sar,0,2
0.19515558,5,rgb_sar,0,2
0.13792811,5,rgb_sar,0,2
0.1356624,5,rgb_sar,0,2
0.2940309,5,rgb_sar,0,2
0.33296946,5,rgb_sar,0,2
0.3626166,5,rgb_sar,0,2
0.3537349,5,rgb_sar,0,2
0.35438627,5,rgb_sar,0,2
0.33730483,5,rgb_sar,0,2
0.28263688,5,rgb_sar,0,2
0.21040677,5,rgb_sar,0,2
0.16843233,5,rgb_sar,0,2
0.17353827,5,rgb_sar,0,2
0.15176529,5,rgb_sar,0,2
0.15429187,5,rgb_sar,0,2
0.09723279,5,rgb_sar,0,2
0.3056461,5,rgb_sar,0,2
0.3241145,5,rgb_sar,0,2
0.35565567,5,rgb_sar,0,2
0.34268138,5,rgb_sar,0,2
0.35461092,5,rgb_sar,0,2
0.27331573,5,rgb_sar,0,2
0.25978464,5,rgb_sar,0,2
0.19309701,5,rgb_sar,0,2
0.1806829,5,rgb_sar,0,2
0.17911835,5,rgb_sar,0,2
0.13988063,5,rgb_sar,0,2
0.16246222,5,rgb_sar,0,2
0.16375586,5,rgb_sar,0,2
0.33574703,5,rgb_sar,0,2
0.32444465,5,rgb_sar,0,2
0.36107045,5,rgb_sar,0,2
0.31907773,5,rgb_sar,0,2
0.30766302,5,rgb_sar,0,2
0.26230443,5,rgb_sar,0,2
0.23708415,5,rgb_sar,0,2
0.17130789,5,rgb_sar,0,2
0.17871238,5,rgb_sar,0,2
0.26292017,5,rgb_sar,0,2
0.2611705,5,rgb_sar,0,2
0.23236085,5,rgb_sar,0,2
0.20048007,5,rgb_sar,0,2
0.38262966,5,rgb_sar,0,2
0.32295722,5,rgb_sar,0,2
0.36859632,5,rgb_sar,0,2
0.33362716,5,rgb_sar,0,2
0.3822065,5,rgb_sar,0,2
0.309461,5,rgb_sar,0,2
0.24397139,5,rgb_sar,0,2
0.16825595,5,rgb_sar,0,2
0.17709216,5,rgb_sar,0,2
0.20133814,5,rgb_sar,0,2
0.19440626,5,rgb_sar,0,2
0.28399196,5,rgb_sar,0,2
0.313425,5,rgb_sar,0,2
0.3678963,5,rgb_sar,0,2
0.372261,5,rgb_sar,0,2
0.25727436,5,rgb_sar,0,2
0.19913524,5,rgb_sar,0,2
0.18580116,5,rgb_sar,0,2
0.18447483,5,rgb_sar,0,2
0.1775813,5,rgb_sar,0,2
0.10877551,5,rgb_sar,0,2
0.2625285,5,rgb_sar,0,2
0.29623228,5,rgb_sar,0,2
0.3663544,5,rgb_sar,0,2
0.34386897,5,rgb_sar,0,2
0.21189862,5,rgb_sar,0,2
0.16377145,5,rgb_sar,0,2
0.15796511,5,rgb_sar,0,2
0.11449586,5,rgb_sar,0,2
0.08322577,5,rgb_sar,0,2
0.058342718,5,rgb_sar,0,2
0.16654572,5,rgb_sar,0,2
0.14193465,5,rgb_sar,0,2
0.14890426,5,rgb_sar,0,2
0.09845707,5,rgb_sar,0,2
0.10644075,5,rgb_sar,0,2
0.09017556,5,rgb_sar,0,2
0.16897084,5,rgb_sar,0,2
0.11708941,5,rgb_sar,0,2
0.12240939,5,rgb_sar,0,2
0.13318779,5,rgb_sar,0,2
0.25540262,5,rgb_sar,0,2
0.34014273,5,rgb_sar,0,2
0.36306986,5,rgb_sar,0,2
0.3260799,5,rgb_sar,0,2
0.28580153,5,rgb_sar,0,2
0.34679276,5,rgb_sar,0,2
0.39001176,5,rgb_sar,0,2
0.2885297,5,rgb_sar,0,2
0.2921177,5,rgb_sar,0,2
0.3142132,5,rgb_sar,0,2
0.36092073,5,rgb_sar,0,2
0.3333273,5,rgb_sar,0,2
0.3100301,5,rgb_sar,0,2
0.32747546,5,rgb_sar,0,2
0.282645,5,rgb_sar,0,2
0.21736202,5,rgb_sar,0,2
0.22677547,5,rgb_sar,0,2
0.21608984,5,rgb_sar,0,2
0.18781877,5,rgb_sar,0,2
0.24198353,5,rgb_sar,0,2
0.2996663,5,rgb_sar,0,2
0.33275753,5,rgb_sar,0,2
0.2886768,5,rgb_sar,0,2
0.3174994,5,rgb_sar,0,2
0.31765193,5,rgb_sar,0,2
0.2851419,5,rgb_sar,0,2
0.3162251,5,rgb_sar,0,2
0.29905644,5,rgb_sar,0,2
0.24186115,5,rgb_sar,0,2
0.21435004,5,rgb_sar,0,2
0.19089097,5,rgb_sar,0,2
0.13309115,5,rgb_sar,0,2
0.28948212,5,rgb_sar,0,2
0.3413214,5,rgb_sar,0,2
0.40836328,5,rgb_sar,0,2
0.34785113,5,rgb_sar,0,2
0.34915558,5,rgb_sar,0,2
0.34476233,5,rgb_sar,0,2
0.3080116,5,rgb_sar,0,2
0.2666971,5,rgb_sar,0,2
0.29719374,5,rgb_sar,0,2
0.27957827,5,rgb_sar,0,2
0.26883617,5,rgb_sar,0,2
0.23825075,5,rgb_sar,0,2
0.15907492,5,rgb_sar,0,2
0.2569878,5,rgb_sar,0,2
0.34578514,5,rgb_sar,0,2
0.40891623,5,rgb_sar,0,2
0.3319922,5,rgb_sar,0,2
0.34865087,5,rgb_sar,0,2
0.38664758,5,rgb_sar,0,2
0.3356653,5,rgb_sar,0,2
0.22835171,5,rgb_sar,0,2
0.26792037,5,rgb_sar,0,2
0.28270552,5,rgb_sar,0,2
0.2096661,5,rgb_sar,0,2
0.23102832,5,rgb_sar,0,2
0.1922005,5,rgb_sar,0,2
0.22743326,5,rgb_sar,0,2
0.26498032,5,rgb_sar,0,2
0.33205056,5,rgb_sar,0,2
0.30081618,5,rgb_sar,0,2
0.3073344,5,rgb_sar,0,2
0.32055444,5,rgb_sar,0,2
0.30581507,5,rgb_sar,0,2
0.168954,5,rgb_sar,0,2
0.21495251,5,rgb_sar,0,2
0.2846913,5,rgb_sar,0,2
0.26174134,5,rgb_sar,0,2
0.26428503,5,rgb_sar,0,2
0.2963343,5,rgb_sar,0,2
0.29951596,5,rgb_sar,0,2
0.30618906,5,rgb_sar,0,2
0.2719835,5,rgb_sar,0,2
0.2831242,5,rgb_sar,0,2
0.2245593,5,rgb_sar,0,2
0.19296184,5,rgb_sar,0,2
0.20842779,5,rgb_sar,0,2
0.17462417,5,rgb_sar,0,2
0.2793358,5,rgb_sar,0,2
0.2752208,5,rgb_sar,0,2
0.24616434,5,rgb_sar,0,2
0.2563979,5,rgb_sar,0,2
0.25512725,5,rgb_sar,0,2
0.2564198,5,rgb_sar,0,2
0.21311614,5,rgb_sar,0,2
0.13767305,5,rgb_sar,0,2
0.12379713,5,rgb_sar,0,2
0.13263997,5,rgb_sar,0,2
0.19052452,5,rgb_sar,0,2
0.18425032,5,rgb_sar,0,2
0.18520118,5,rgb_sar,0,2
0.109258085,5,rgb_sar,0,2
0.111202694,5,rgb_sar,0,2
0.11069071,5,rgb_sar,0,2
0.1584197,5,rgb_sar,0,2
0.1396636,5,rgb_sar,0,2
0.19271454,5,rgb_sar,0,2
0.15724899,5,rgb_sar,0,2
0.27447462,4,rgb_sar,0,2
0.3317624,4,rgb_sar,0,2
0.387766,4,rgb_sar,0,2
0.52963114,4,rgb_sar,0,2
0.3023274,4,rgb_sar,0,2
0.3140867,4,rgb_sar,0,2
0.3894703,4,rgb_sar,0,2
0.5211488,4,rgb_sar,0,2
0.35852152,4,rgb_sar,0,2
0.36732218,4,rgb_sar,0,2
0.37754667,4,rgb_sar,0,2
0.41692716,4,rgb_sar,0,2
0.5604687,4,rgb_sar,0,2
0.33479655,4,rgb_sar,0,2
0.36743993,4,rgb_sar,0,2
0.36813575,4,rgb_sar,0,2
0.42908806,4,rgb_sar,0,2
0.56528896,4,rgb_sar,0,2
0.43932596,4,rgb_sar,0,2
0.3898048,4,rgb_sar,0,2
0.40804285,4,rgb_sar,0,2
0.3984528,4,rgb_sar,0,2
0.41592008,4,rgb_sar,0,2
0.5751406,4,rgb_sar,0,2
0.49727184,4,rgb_sar,0,2
0.43116388,4,rgb_sar,0,2
0.4453383,4,rgb_sar,0,2
0.39700496,4,rgb_sar,0,2
0.4162869,4,rgb_sar,0,2
0.56546175,4,rgb_sar,0,2
0.4306482,4,rgb_sar,0,2
0.4220518,4,rgb_sar,0,2
0.38980067,4,rgb_sar,0,2
0.44438326,4,rgb_sar,0,2
0.44520473,4,rgb_sar,0,2
0.421465,4,rgb_sar,0,2
0.4277246,4,rgb_sar,0,2
0.506667,4,rgb_sar,0,2
0.5306953,4,rgb_sar,0,2
0.40368396,4,rgb_sar,0,2
0.38958544,4,rgb_sar,0,2
0.411739,4,rgb_sar,0,2
0.4208048,4,rgb_sar,0,2
0.43588418,4,rgb_sar,0,2
0.444318,4,rgb_sar,0,2
0.41388366,4,rgb_sar,0,2
0.4009774,4,rgb_sar,0,2
0.44306156,4,rgb_sar,0,2
0.31103712,4,rgb_sar,0,2
0.32517502,4,rgb_sar,0,2
0.3477773,4,rgb_sar,0,2
0.32398784,4,rgb_sar,0,2
0.3367905,4,rgb_sar,0,2
0.34927958,4,rgb_sar,0,2
0.37683874,4,rgb_sar,0,2
0.36540923,4,rgb_sar,0,2
0.43041292,4,rgb_sar,0,2
0.44105437,4,rgb_sar,0,2
0.41126513,4,rgb_sar,0,2
0.4105779,4,rgb_sar,0,2
0.35732803,4,rgb_sar,0,2
0.34903425,4,rgb_sar,0,2
0.32784078,4,rgb_sar,0,2
0.4009624,4,rgb_sar,0,2
0.39480495,4,rgb_sar,0,2
0.4363953,4,rgb_sar,0,2
0.44300038,4,rgb_sar,0,2
0.39298552,4,rgb_sar,0,2
0.3846925,4,rgb_sar,0,2
0.38831,4,rgb_sar,0,2
0.41972303,4,rgb_sar,0,2
0.43701655,4,rgb_sar,0,2
0.3948565,4,rgb_sar,0,2
0.4030115,4,rgb_sar,0,2
0.3954389,4,rgb_sar,0,2
0.39516616,4,rgb_sar,0,2
0.41131103,4,rgb_sar,0,2
0.3695371,4,rgb_sar,0,2
0.39046192,4,rgb_sar,0,2
0.41417158,4,rgb_sar,0,2
0.50273526,4,rgb_sar,0,2
0.5096234,4,rgb_sar,0,2
0.41032135,4,rgb_sar,0,2
0.3925714,4,rgb_sar,0,2
0.40270266,4,rgb_sar,0,2
0.4228742,4,rgb_sar,0,2
0.4263467,4,rgb_sar,0,2
0.36714697,4,rgb_sar,0,2
0.4146211,4,rgb_sar,0,2
0.42699093,4,rgb_sar,0,2
0.4926502,4,rgb_sar,0,2
0.45668083,4,rgb_sar,0,2
0.45575553,4,rgb_sar,0,2
0.44207257,4,rgb_sar,0,2
0.37798446,4,rgb_sar,0,2
0.36501613,4,rgb_sar,0,2
0.41118127,4,rgb_sar,0,2
0.43738014,4,rgb_sar,0,2
0.36743793,4,rgb_sar,0,2
0.42231533,4,rgb_sar,0,2
0.4912567,4,rgb_sar,0,2
0.5423297,4,rgb_sar,0,2
0.42069077,4,rgb_sar,0,2
0.5007117,4,rgb_sar,0,2
0.4687215,4,rgb_sar,0,2
0.41275674,4,rgb_sar,0,2
0.36752114,4,rgb_sar,0,2
0.444662,4,rgb_sar,0,2
0.47885197,4,rgb_sar,0,2
0.40153927,4,rgb_sar,0,2
0.46436828,4,rgb_sar,0,2
0.49107173,4,rgb_sar,0,2
0.5169561,4,rgb_sar,0,2
0.44789624,4,rgb_sar,0,2
0.51298857,4,rgb_sar,0,2
0.48142397,4,rgb_sar,0,2
0.44130534,4,rgb_sar,0,2
0.41007254,4,rgb_sar,0,2
0.36667663,4,rgb_sar,0,2
0.41488722,4,rgb_sar,0,2
0.4529533,4,rgb_sar,0,2
0.47866622,4,rgb_sar,0,2
0.4776913,4,rgb_sar,0,2
0.4992556,4,rgb_sar,0,2
0.50294423,4,rgb_sar,0,2
0.48641494,4,rgb_sar,0,2
0.44532996,4,rgb_sar,0,2
0.3937146,4,rgb_sar,0,2
0.4227156,4,rgb_sar,0,2
0.44208065,4,rgb_sar,0,2
0.47547394,4,rgb_sar,0,2
0.48956454,4,rgb_sar,0,2
0.50124246,4,rgb_sar,0,2
0.49288177,4,rgb_sar,0,2
0.51730996,4,rgb_sar,0,2
0.50543165,4,rgb_sar,0,2
0.44531852,4,rgb_sar,0,2
0.510556,4,rgb_sar,0,2
0.53479993,4,rgb_sar,0,2
0.46381265,4,rgb_sar,0,2
0.47205698,4,rgb_sar,0,2
0.43369913,4,rgb_sar,0,2
0.37654543,4,rgb_sar,0,2
0.38999096,4,rgb_sar,0,2
0.3429543,4,rgb_sar,0,2
0.36420578,4,rgb_sar,0,2
0.38739824,4,rgb_sar,0,2
0.42783007,4,rgb_sar,0,2
0.4859257,4,rgb_sar,0,2
0.38679612,4,rgb_sar,0,2
0.41067132,4,rgb_sar,0,2
0.42874664,4,rgb_sar,0,2
0.43543044,4,rgb_sar,0,2
0.49480003,4,rgb_sar,0,2
0.38197696,4,rgb_sar,0,2
0.3929662,4,rgb_sar,0,2
0.40306753,4,rgb_sar,0,2
0.42422163,4,rgb_sar,0,2
0.52209735,4,rgb_sar,0,2
0.42080408,4,rgb_sar,0,2
0.42364407,4,rgb_sar,0,2
0.39368987,4,rgb_sar,0,2
0.410202,4,rgb_sar,0,2
0.53503954,4,rgb_sar,0,2
0.45753306,4,rgb_sar,0,2
0.43246767,4,rgb_sar,0,2
0.4167896,4,rgb_sar,0,2
0.43792045,4,rgb_sar,0,2
0.5706888,4,rgb_sar,0,2
0.4563054,4,rgb_sar,0,2
0.3986325,4,rgb_sar,0,2
0.40727186,4,rgb_sar,0,2
0.39683846,4,rgb_sar,0,2
0.59460986,4,rgb_sar,0,2
0.48963687,4,rgb_sar,0,2
0.41312698,4,rgb_sar,0,2
0.43390754,4,rgb_sar,0,2
0.41648424,4,rgb_sar,0,2
0.5896121,4,rgb_sar,0,2
0.48934937,4,rgb_sar,0,2
0.4405902,4,rgb_sar,0,2
0.4586569,4,rgb_sar,0,2
0.4292509,4,rgb_sar,0,2
0.5717986,4,rgb_sar,0,2
0.47542256,4,rgb_sar,0,2
0.4620539,4,rgb_sar,0,2
0.48505718,4,rgb_sar,0,2
0.4745026,4,rgb_sar,0,2
0.46481815,4,rgb_sar,0,2
0.5383405,4,rgb_sar,0,2
0.4968257,4,rgb_sar,0,2
0.4271286,4,rgb_sar,0,2
0.41445753,4,rgb_sar,0,2
0.38575506,4,rgb_sar,0,2
0.42879224,4,rgb_sar,0,2
0.4735937,4,rgb_sar,0,2
0.44392538,4,rgb_sar,0,2
0.3903935,4,rgb_sar,0,2
0.3962452,4,rgb_sar,0,2
0.33964688,4,rgb_sar,0,2
0.4726016,4,rgb_sar,0,2
0.43362328,4,rgb_sar,0,2
0.3710922,4,rgb_sar,0,2
0.34537005,4,rgb_sar,0,2
0.33359438,4,rgb_sar,0,2
0.23442361,4,rgb_sar,0,2
0.12550998,4,rgb_sar,0,2
0.119197026,4,rgb_sar,0,2
0.09526605,4,rgb_sar,0,2
0.47658587,4,rgb_sar,0,2
0.4118877,4,rgb_sar,0,2
0.36044857,4,rgb_sar,0,2
0.3227722,4,rgb_sar,0,2
0.2942571,4,rgb_sar,0,2
0.22261205,4,rgb_sar,0,2
0.1661565,4,rgb_sar,0,2
0.047331236,4,rgb_sar,0,2
0.13014637,4,rgb_sar,0,2
0.26906663,4,rgb_sar,0,2
0.20426567,4,rgb_sar,0,2
0.09979294,4,rgb_sar,0,2
0.08263685,4,rgb_sar,0,2
0.14508848,4,rgb_sar,0,2
0.04422108,4,rgb_sar,0,2
0.04247883,4,rgb_sar,0,2
0.11250244,4,rgb_sar,0,2
0.36641556,4,rgb_sar,0,2
0.3723954,4,rgb_sar,0,2
0.45739982,4,rgb_sar,0,2
0.47597814,4,rgb_sar,0,2
0.52324826,4,rgb_sar,0,2
0.61810213,4,rgb_sar,0,2
0.42975688,4,rgb_sar,0,2
0.42410976,4,rgb_sar,0,2
0.41922355,4,rgb_sar,0,2
0.4241401,4,rgb_sar,0,2
0.40705627,4,rgb_sar,0,2
0.33790696,4,rgb_sar,0,2
0.44163707,4,rgb_sar,0,2
0.41554987,4,rgb_sar,0,2
0.39675763,4,rgb_sar,0,2
0.4159372,4,rgb_sar,0,2
0.41685444,4,rgb_sar,0,2
0.35078803,4,rgb_sar,0,2
0.37807888,4,rgb_sar,0,2
0.36656564,4,rgb_sar,0,2
0.375287,4,rgb_sar,0,2
0.37928644,4,rgb_sar,0,2
0.30338508,4,rgb_sar,0,2
0.24880913,4,rgb_sar,0,2
0.17203915,4,rgb_sar,0,2
0.06972629,4,rgb_sar,0,2
0.06796755,4,rgb_sar,0,2
0.34121197,4,rgb_sar,0,2
0.28234088,4,rgb_sar,0,2
0.25300556,4,rgb_sar,0,2
0.19601998,4,rgb_sar,0,2
0.14301819,4,rgb_sar,0,2
0.06292844,4,rgb_sar,0,2
0.040941834,4,rgb_sar,0,2
0.014094135,4,rgb_sar,0,2
0.036963664,4,rgb_sar,0,2
0.17938024,4,rgb_sar,0,2
0.12338787,4,rgb_sar,0,2
0.0414052,4,rgb_sar,0,2
0.012975006,4,rgb_sar,0,2
0.0634274,4,rgb_sar,0,2
0.054771777,4,rgb_sar,0,2
-0.004569426,4,rgb_sar,0,2
0.05071104,4,rgb_sar,0,2
0.31062496,4,rgb_sar,0,2
0.27462995,4,rgb_sar,0,2
0.31767714,4,rgb_sar,0,2
0.32707813,4,rgb_sar,0,2
0.30055618,4,rgb_sar,0,2
0.25690952,4,rgb_sar,0,2
0.3119659,4,rgb_sar,0,2
0.31022096,4,rgb_sar,0,2
0.2616201,4,rgb_sar,0,2
0.2718771,4,rgb_sar,0,2
0.26897463,4,rgb_sar,0,2
0.27293622,4,rgb_sar,0,2
0.35723,4,rgb_sar,0,2
0.44402856,4,rgb_sar,0,2
0.3272702,4,rgb_sar,0,2
0.25016832,4,rgb_sar,0,2
0.21002904,4,rgb_sar,0,2
0.23647547,4,rgb_sar,0,2
0.2259106,4,rgb_sar,0,2
0.26613468,4,rgb_sar,0,2
0.1305224,4,rgb_sar,0,2
0.074533835,4,rgb_sar,0,2
0.0993071,4,rgb_sar,0,2
0.057118148,4,rgb_sar,0,2
0.3032624,4,rgb_sar,0,2
0.430642,4,rgb_sar,0,2
0.500401,4,rgb_sar,0,2
0.37547508,4,rgb_sar,0,2
0.24750149,4,rgb_sar,0,2
0.18093912,4,rgb_sar,0,2
0.20771047,4,rgb_sar,0,2
0.22303727,4,rgb_sar,0,2
0.24344143,4,rgb_sar,0,2
0.11709761,4,rgb_sar,0,2
0.10893275,4,rgb_sar,0,2
0.07111431,4,rgb_sar,0,2
0.047016233,4,rgb_sar,0,2
0.3204159,4,rgb_sar,0,2
0.33224466,4,rgb_sar,0,2
0.36710465,4,rgb_sar,0,2
0.314045,4,rgb_sar,0,2
0.26266694,4,rgb_sar,0,2
0.22800422,4,rgb_sar,0,2
0.23734248,4,rgb_sar,0,2
0.16730633,4,rgb_sar,0,2
0.19124252,4,rgb_sar,0,2
0.18312648,4,rgb_sar,0,2
0.1681663,4,rgb_sar,0,2
0.4404912,4,rgb_sar,0,2
0.43945006,4,rgb_sar,0,2
0.4460888,4,rgb_sar,0,2
0.4296823,4,rgb_sar,0,2
0.42594126,4,rgb_sar,0,2
0.38695717,4,rgb_sar,0,2
0.3944764,4,rgb_sar,0,2
0.28029,4,rgb_sar,0,2
0.28057814,4,rgb_sar,0,2
0.28291005,4,rgb_sar,0,2
0.2827203,4,rgb_sar,0,2
0.42426842,4,rgb_sar,0,2
0.27018446,4,rgb_sar,0,2
0.2959711,4,rgb_sar,0,2
0.45104986,4,rgb_sar,0,2
0.303308,4,rgb_sar,0,2
0.29566923,4,rgb_sar,0,2
0.29781416,4,rgb_sar,0,2
0.22976328,4,rgb_sar,0,2
0.23206136,4,rgb_sar,0,2
0.43665892,4,rgb_sar,0,2
0.2899372,4,rgb_sar,0,2
0.2858261,4,rgb_sar,0,2
0.27459982,4,rgb_sar,0,2
0.18452846,4,rgb_sar,0,2
0.10536414,4,rgb_sar,0,2
0.16667783,4,rgb_sar,0,2
0.18975194,4,rgb_sar,0,2
0.13340098,4,rgb_sar,0,2
0.08680744,4,rgb_sar,0,2
0.122430705,4,rgb_sar,0,2
0.066607244,4,rgb_sar,0,2
0.44781005,4,rgb_sar,0,2
0.29061568,4,rgb_sar,0,2
0.27973202,4,rgb_sar,0,2
0.24188375,4,rgb_sar,0,2
0.19631135,4,rgb_sar,0,2
0.1232986,4,rgb_sar,0,2
0.09715351,4,rgb_sar,0,2
0.118014656,4,rgb_sar,0,2
0.070812486,4,rgb_sar,0,2
0.032326795,4,rgb_sar,0,2
0.08299446,4,rgb_sar,0,2
0.03975007,4,rgb_sar,0,2
0.56349653,4,rgb_sar,0,2
0.46373814,4,rgb_sar,0,2
0.38742447,4,rgb_sar,0,2
0.33857995,4,rgb_sar,0,2
0.31855014,4,rgb_sar,0,2
0.23331176,4,rgb_sar,0,2
0.112490244,4,rgb_sar,0,2
0.16294858,4,rgb_sar,0,2
0.08475728,4,rgb_sar,0,2
0.06976727,4,rgb_sar,0,2
0.68646544,4,rgb_sar,0,2
0.61261207,4,rgb_sar,0,2
0.53119624,4,rgb_sar,0,2
0.48168954,4,rgb_sar,0,2
0.4245522,4,rgb_sar,0,2
0.3573892,4,rgb_sar,0,2
0.259252,4,rgb_sar,0,2
0.28972822,4,rgb_sar,0,2
0.23280554,4,rgb_sar,0,2
0.24349275,4,rgb_sar,0,2
0.625515,4,rgb_sar,0,2
0.6197527,4,rgb_sar,0,2
0.5904858,4,rgb_sar,0,2
0.56161606,4,rgb_sar,0,2
0.54650944,4,rgb_sar,0,2
0.67228794,4,rgb_sar,0,2
0.4417494,4,rgb_sar,0,2
0.4563498,4,rgb_sar,0,2
0.43200827,4,rgb_sar,0,2
0.40926793,4,rgb_sar,0,2
0.42820874,4,rgb_sar,0,2
0.60399294,4,rgb_sar,0,2
0.42328328,4,rgb_sar,0,2
0.4546007,4,rgb_sar,0,2
0.44892657,4,rgb_sar,0,2
0.4178668,4,rgb_sar,0,2
0.41021153,4,rgb_sar,0,2
0.5348426,4,rgb_sar,0,2
0.5022682,4,rgb_sar,0,2
0.44204965,4,rgb_sar,0,2
0.48413008,4,rgb_sar,0,2
0.5647348,4,rgb_sar,0,2
0.5299035,4,rgb_sar,0,2
0.44147676,4,rgb_sar,0,2
0.47061703,4,rgb_sar,0,2
0.54548943,4,rgb_sar,0,2
0.458468,4,rgb_sar,0,2
0.46723166,4,rgb_sar,0,2
0.40623403,4,rgb_sar,0,2
0.41307962,4,rgb_sar,0,2
0.6023475,4,rgb_sar,0,2
0.5756153,4,rgb_sar,0,2
0.5310107,4,rgb_sar,0,2
0.530468,4,rgb_sar,0,2
0.56489664,4,rgb_sar,0,2
0.5643219,4,rgb_sar,0,2
0.5632006,4,rgb_sar,0,2
0.5843099,4,rgb_sar,0,2
0.57619286,4,rgb_sar,0,2
0.53235465,4,rgb_sar,0,2
0.54530954,4,rgb_sar,0,2
0.53650135,4,rgb_sar,0,2
0.523371,4,rgb_sar,0,2
0.44943935,4,rgb_sar,0,2
0.44366565,4,rgb_sar,0,2
0.45343763,4,rgb_sar,0,2
0.42822477,4,rgb_sar,0,2
0.42935944,4,rgb_sar,0,2
0.48757336,4,rgb_sar,0,2
0.46573043,4,rgb_sar,0,2
0.414384,4,rgb_sar,0,2
0.46556798,4,rgb_sar,0,2
0.54053855,4,rgb_sar,0,2
0.50816226,4,rgb_sar,0,2
0.4707024,4,rgb_sar,0,2
0.4807064,4,rgb_sar,0,2
0.50554764,4,rgb_sar,0,2
0.42715234,4,rgb_sar,0,2
0.42061672,4,rgb_sar,0,2
0.45678958,4,rgb_sar,0,2
0.51180124,4,rgb_sar,0,2
0.5157263,4,rgb_sar,0,2
0.4962245,4,rgb_sar,0,2
0.4587959,4,rgb_sar,0,2
0.47596452,4,rgb_sar,0,2
0.50855887,4,rgb_sar,0,2
0.51030946,4,rgb_sar,0,2
0.4596774,4,rgb_sar,0,2
0.47526953,4,rgb_sar,0,2
0.48687428,4,rgb_sar,0,2
0.4892563,4,rgb_sar,0,2
0.47675955,4,rgb_sar,0,2
0.44850695,4,rgb_sar,0,2
0.48526308,4,rgb_sar,0,2
0.49083143,4,rgb_sar,0,2
0.4831211,4,rgb_sar,0,2
0.5202435,4,rgb_sar,0,2
0.50907767,4,rgb_sar,0,2
0.4796602,4,rgb_sar,0,2
0.46027982,4,rgb_sar,0,2
0.71715474,4,rgb_sar,0,2
0.6464165,4,rgb_sar,0,2
0.6051377,4,rgb_sar,0,2
0.5995889,4,rgb_sar,0,2
0.5636568,4,rgb_sar,0,2
0.66903853,4,rgb_sar,0,2
0.53054297,4,rgb_sar,0,2
0.48769337,4,rgb_sar,0,2
0.477329,4,rgb_sar,0,2
0.4240175,4,rgb_sar,0,2
0.6439053,4,rgb_sar,0,2
0.4991908,4,rgb_sar,0,2
0.44827905,4,rgb_sar,0,2
0.44340518,4,rgb_sar,0,2
0.43452483,4,rgb_sar,0,2
0.6363917,4,rgb_sar,0,2
0.50748456,4,rgb_sar,0,2
0.4465691,4,rgb_sar,0,2
0.4657992,4,rgb_sar,0,2
0.4818415,4,rgb_sar,0,2
0.53933185,4,rgb_sar,0,2
0.5061639,4,rgb_sar,0,2
0.46948212,4,rgb_sar,0,2
0.5555066,4,rgb_sar,0,2
0.5089887,4,rgb_sar,0,2
0.45835403,4,rgb_sar,0,2
0.4811687,4,rgb_sar,0,2
0.47050327,4,rgb_sar,0,2
0.39150178,4,rgb_sar,0,2
0.47382385,4,rgb_sar,0,2
0.41932565,4,rgb_sar,0,2
0.33412367,4,rgb_sar,0,2
0.49275374,4,rgb_sar,0,2
0.36938426,4,rgb_sar,0,2
0.36774498,4,rgb_sar,0,2
0.3575033,4,rgb_sar,0,2
0.30172816,4,rgb_sar,0,2
0.21164563,4,rgb_sar,0,2
0.19189778,4,rgb_sar,0,2
0.13086165,4,rgb_sar,0,2
0.15045826,4,rgb_sar,0,2
0.40517455,4,rgb_sar,0,2
0.29404047,4,rgb_sar,0,2
0.31365255,4,rgb_sar,0,2
0.2817424,4,rgb_sar,0,2
0.21577965,4,rgb_sar,0,2
0.12555006,4,rgb_sar,0,2
0.052465122,4,rgb_sar,0,2
0.01136579,4,rgb_sar,0,2
0.108429246,4,rgb_sar,0,2
0.26629245,4,rgb_sar,0,2
0.28155503,4,rgb_sar,0,2
0.22885224,4,rgb_sar,0,2
0.12450669,4,rgb_sar,0,2
0.09608777,4,rgb_sar,0,2
0.11591894,4,rgb_sar,0,2
0.07980034,4,rgb_sar,0,2
0.1018328,4,rgb_sar,0,2
0.33532017,4,rgb_sar,0,2
0.3397359,4,rgb_sar,0,2
0.3701762,4,rgb_sar,0,2
0.3836087,4,rgb_sar,0,2
0.38136393,4,rgb_sar,0,2
0.37028337,4,rgb_sar,0,2
0.4072911,4,rgb_sar,0,2
0.40333426,4,rgb_sar,0,2
0.37589544,4,rgb_sar,0,2
0.40024573,4,rgb_sar,0,2
0.39231715,4,rgb_sar,0,2
0.39260668,4,rgb_sar,0,2
0.3803631,4,rgb_sar,0,2
0.35227218,4,rgb_sar,0,2
0.3646878,4,rgb_sar,0,2
0.3986859,4,rgb_sar,0,2
0.37129673,4,rgb_sar,0,2
0.46928304,4,rgb_sar,0,2
0.46217313,4,rgb_sar,0,2
0.38756013,4,rgb_sar,0,2
0.35051644,4,rgb_sar,0,2
0.35202157,4,rgb_sar,0,2
0.312132,4,rgb_sar,0,2
0.45717245,4,rgb_sar,0,2
0.439331,4,rgb_sar,0,2
0.398264,4,rgb_sar,0,2
0.31921074,4,rgb_sar,0,2
0.2780488,4,rgb_sar,0,2
0.25149605,4,rgb_sar,0,2
0.13581085,4,rgb_sar,0,2
-0.017676672,4,rgb_sar,0,2
-0.060132917,4,rgb_sar,0,2
0.3565491,4,rgb_sar,0,2
0.31722325,4,rgb_sar,0,2
0.2834707,4,rgb_sar,0,2
0.19376771,4,rgb_sar,0,2
0.118401356,4,rgb_sar,0,2
0.024023047,4,rgb_sar,0,2
0.0027952623,4,rgb_sar,0,2
-0.028015243,4,rgb_sar,0,2
-0.012535143,4,rgb_sar,0,2
0.23386364,4,rgb_sar,0,2
0.1809653,4,rgb_sar,0,2
0.11301772,4,rgb_sar,0,2
0.09058105,4,rgb_sar,0,2
0.13750398,4,rgb_sar,0,2
0.10653731,4,rgb_sar,0,2
0.043953635,4,rgb_sar,0,2
0.13204634,4,rgb_sar,0,2
0.21106341,4,rgb_sar,0,2
0.23634747,4,rgb_sar,0,2
0.24936362,4,rgb_sar,0,2
0.25428337,4,rgb_sar,0,2
0.23177975,4,rgb_sar,0,2
0.25134343,4,rgb_sar,0,2
0.21836942,4,rgb_sar,0,2
0.23900932,4,rgb_sar,0,2
0.2623294,4,rgb_sar,0,2
0.21569361,4,rgb_sar,0,2
0.21845719,4,rgb_sar,0,2
0.33832398,4,rgb_sar,0,2
0.33367229,4,rgb_sar,0,2
0.304206,4,rgb_sar,0,2
0.26383236,4,rgb_sar,0,2
0.23850992,4,rgb_sar,0,2
0.14137045,4,rgb_sar,0,2
0.13839677,4,rgb_sar,0,2
0.19649771,4,rgb_sar,0,2
0.18656254,4,rgb_sar,0,2
0.22509061,4,rgb_sar,0,2
0.16836041,4,rgb_sar,0,2
0.17931318,4,rgb_sar,0,2
0.120175704,4,rgb_sar,0,2
0.30129457,4,rgb_sar,0,2
0.26995742,4,rgb_sar,0,2
0.24302322,4,rgb_sar,0,2
0.2424143,4,rgb_sar,0,2
0.22668386,4,rgb_sar,0,2
0.20232758,4,rgb_sar,0,2
0.19609371,4,rgb_sar,0,2
0.14074641,4,rgb_sar,0,2
0.140017,4,rgb_sar,0,2
0.16943115,4,rgb_sar,0,2
0.15425849,4,rgb_sar,0,2
0.15119123,4,rgb_sar,0,2
0.08472465,4,rgb_sar,0,2
0.18473138,4,rgb_sar,0,2
0.13529772,4,rgb_sar,0,2
0.15896301,4,rgb_sar,0,2
0.19294474,4,rgb_sar,0,2
0.23985559,4,rgb_sar,0,2
0.2596069,4,rgb_sar,0,2
0.18939158,4,rgb_sar,0,2
0.07771914,4,rgb_sar,0,2
0.08165714,4,rgb_sar,0,2
0.08349637,4,rgb_sar,0,2
0.055692043,4,rgb_sar,0,2
0.18845992,4,rgb_sar,0,2
0.1341048,4,rgb_sar,0,2
0.18229154,4,rgb_sar,0,2
0.15957698,4,rgb_sar,0,2
0.18463215,4,rgb_sar,0,2
0.19556338,4,rgb_sar,0,2
0.11297256,4,rgb_sar,0,2
0.035901442,4,rgb_sar,0,2
0.11189648,4,rgb_sar,0,2
0.121080235,4,rgb_sar,0,2
0.09432551,4,rgb_sar,0,2
0.18700458,4,rgb_sar,0,2
0.14562412,4,rgb_sar,0,2
0.2063862,4,rgb_sar,0,2
0.27103782,4,rgb_sar,0,2
0.28569835,4,rgb_sar,0,2
0.20701593,4,rgb_sar,0,2
0.1707723,4,rgb_sar,0,2
0.12056977,4,rgb_sar,0,2
0.17015463,4,rgb_sar,0,2
0.16824454,4,rgb_sar,0,2
0.14290178,4,rgb_sar,0,2
0.2013826,4,rgb_sar,0,2
0.16308919,4,rgb_sar,0,2
0.1982589,4,rgb_sar,0,2
0.2426292,4,rgb_sar,0,2
0.25997895,4,rgb_sar,0,2
0.21452375,4,rgb_sar,0,2
0.24006328,4,rgb_sar,0,2
0.09524339,4,rgb_sar,0,2
0.15833315,4,rgb_sar,0,2
0.123195805,4,rgb_sar,0,2
0.15884265,4,rgb_sar,0,2
0.2485905,4,rgb_sar,0,2
0.1625542,4,rgb_sar,0,2
0.1851391,4,rgb_sar,0,2
0.18898499,4,rgb_sar,0,2
0.20472938,4,rgb_sar,0,2
0.2118828,4,rgb_sar,0,2
0.26727593,4,rgb_sar,0,2
0.18357652,4,rgb_sar,0,2
0.1401399,4,rgb_sar,0,2
0.122846864,4,rgb_sar,0,2
0.14116982,4,rgb_sar,0,2
0.24280794,4,rgb_sar,0,2
0.15862757,4,rgb_sar,0,2
0.19668481,4,rgb_sar,0,2
0.14644973,4,rgb_sar,0,2
0.37639815,4,rgb_sar,0,2
0.25098985,4,rgb_sar,0,2
0.25569877,4,rgb_sar,0,2
0.37770537,4,rgb_sar,0,2
0.24851072,4,rgb_sar,0,2
0.22666557,4,rgb_sar,0,2
0.2244959,4,rgb_sar,0,2
0.23858395,4,rgb_sar,0,2
0.24552435,4,rgb_sar,0,2
0.37887472,4,rgb_sar,0,2
0.27047148,4,rgb_sar,0,2
0.24086034,4,rgb_sar,0,2
0.23579733,4,rgb_sar,0,2
0.24114364,4,rgb_sar,0,2
0.22241303,4,rgb_sar,0,2
0.119564325,4,rgb_sar,0,2
0.12863886,4,rgb_sar,0,2
0.06551666,4,rgb_sar,0,2
0.06145876,4,rgb_sar,0,2
0.17190403,4,rgb_sar,0,2
0.1581212,4,rgb_sar,0,2
0.39050823,4,rgb_sar,0,2
0.28666294,4,rgb_sar,0,2
0.26626122,4,rgb_sar,0,2
0.2631363,4,rgb_sar,0,2
0.29294753,4,rgb_sar,0,2
0.2753675,4,rgb_sar,0,2
0.1577596,4,rgb_sar,0,2
0.14049748,4,rgb_sar,0,2
0.043330338,4,rgb_sar,0,2
0.077333584,4,rgb_sar,0,2
0.13514979,4,rgb_sar,0,2
0.16479571,4,rgb_sar,0,2
0.37097776,4,rgb_sar,0,2
0.30374312,4,rgb_sar,0,2
0.29490373,4,rgb_sar,0,2
0.2582044,4,rgb_sar,0,2
0.27819702,4,rgb_sar,0,2
0.25389594,4,rgb_sar,0,2
0.14603147,4,rgb_sar,0,2
0.16651201,4,rgb_sar,0,2
0.097519964,4,rgb_sar,0,2
0.14133655,4,rgb_sar,0,2
0.36528313,4,rgb_sar,0,2
0.3040007,4,rgb_sar,0,2
0.25504214,4,rgb_sar,0,2
0.23561038,4,rgb_sar,0,2
0.28144827,4,rgb_sar,0,2
0.26246262,4,rgb_sar,0,2
0.15379316,4,rgb_sar,0,2
0.1624167,4,rgb_sar,0,2
0.096117385,4,rgb_sar,0,2
0.098853834,4,rgb_sar,0,2
0.31965712,4,rgb_sar,0,2
0.25431383,4,rgb_sar,0,2
0.19945127,4,rgb_sar,0,2
0.22398889,4,rgb_sar,0,2
0.2252342,4,rgb_sar,0,2
0.22084473,4,rgb_sar,0,2
0.18716596,4,rgb_sar,0,2
0.174792,4,rgb_sar,0,2
0.15366241,4,rgb_sar,0,2
0.14114498,4,rgb_sar,0,2
0.31977123,4,rgb_sar,0,2
0.23033167,4,rgb_sar,0,2
0.16505146,4,rgb_sar,0,2
0.19681212,4,rgb_sar,0,2
0.17689739,4,rgb_sar,0,2
0.20611578,4,rgb_sar,0,2
0.17402919,4,rgb_sar,0,2
0.1593883,4,rgb_sar,0,2
0.13769674,4,rgb_sar,0,2
0.09462981,4,rgb_sar,0,2
0.30129814,4,rgb_sar,0,2
0.20719689,4,rgb_sar,0,2
0.17393057,4,rgb_sar,0,2
0.21277979,4,rgb_sar,0,2
0.17960498,4,rgb_sar,0,2
0.21525602,4,rgb_sar,0,2
0.14936326,4,rgb_sar,0,2
0.12767617,4,rgb_sar,0,2
0.111262776,4,rgb_sar,0,2
0.06999083,4,rgb_sar,0,2
0.30156416,4,rgb_sar,0,2
0.3098137,4,rgb_sar,0,2
0.15750557,5,rgb_sar,0,2
0.063544214,5,rgb_sar,0,2
0.01389445,5,rgb_sar,0,2
0.047066752,5,rgb_sar,0,2
0.102691986,5,rgb_sar,0,2
0.04985889,5,rgb_sar,0,2
0.14306132,5,rgb_sar,0,2
0.20520663,5,rgb_sar,0,2
0.21567658,5,rgb_sar,0,2
0.14115447,5,rgb_sar,0,2
0.08604375,5,rgb_sar,0,2
0.0338437,5,rgb_sar,0,2
0.10256067,5,rgb_sar,0,2
0.09077661,5,rgb_sar,0,2
-0.009804614,5,rgb_sar,0,2
0.10344668,5,rgb_sar,0,2
0.23146863,5,rgb_sar,0,2
0.26440918,5,rgb_sar,0,2
0.0786283,5,rgb_sar,0,2
0.06812386,5,rgb_sar,0,2
0.07668474,5,rgb_sar,0,2
0.117552355,5,rgb_sar,0,2
0.12863734,5,rgb_sar,0,2
0.14401783,5,rgb_sar,0,2
0.26136455,5,rgb_sar,0,2
0.28814387,5,rgb_sar,0,2
0.051571183,5,rgb_sar,0,2
0.09052274,5,rgb_sar,0,2
0.0031719003,5,rgb_sar,0,2
0.03073412,5,rgb_sar,0,2
0.105284244,5,rgb_sar,0,2
0.1656985,5,rgb_sar,0,2
0.25350362,5,rgb_sar,0,2
0.28095767,5,rgb_sar,0,2
0.29392064,5,rgb_sar,0,2
0.12412019,5,rgb_sar,0,2
0.20525926,5,rgb_sar,0,2
0.14675009,5,rgb_sar,0,2
0.1757622,5,rgb_sar,0,2
0.16534168,5,rgb_sar,0,2
0.19492902,5,rgb_sar,0,2
0.3118746,5,rgb_sar,0,2
0.33227658,5,rgb_sar,0,2
0.26739836,5,rgb_sar,0,2
0.22840506,5,rgb_sar,0,2
0.3102956,5,rgb_sar,0,2
0.4552719,5,rgb_sar,0,2
0.0677471,5,rgb_sar,0,2
0.121993944,5,rgb_sar,0,2
0.16250765,5,rgb_sar,0,2
0.16941002,5,rgb_sar,0,2
0.17821231,5,rgb_sar,0,2
0.22564757,5,rgb_sar,0,2
0.34310693,5,rgb_sar,0,2
0.3428075,5,rgb_sar,0,2
0.2551574,5,rgb_sar,0,2
0.28741553,5,rgb_sar,0,2
0.3398292,5,rgb_sar,0,2
0.4668445,5,rgb_sar,0,2
0.16300686,5,rgb_sar,0,2
0.082308784,5,rgb_sar,0,2
0.1634255,5,rgb_sar,0,2
0.19586803,5,rgb_sar,0,2
0.22914398,5,rgb_sar,0,2
0.24919236,5,rgb_sar,0,2
0.2600991,5,rgb_sar,0,2
0.3507828,5,rgb_sar,0,2
0.3406047,5,rgb_sar,0,2
0.2793736,5,rgb_sar,0,2
0.25821012,5,rgb_sar,0,2
0.32308078,5,rgb_sar,0,2
0.49331388,5,rgb_sar,0,2
0.21739465,5,rgb_sar,0,2
0.18112394,5,rgb_sar,0,2
0.25260293,5,rgb_sar,0,2
0.24428166,5,rgb_sar,0,2
0.2695977,5,rgb_sar,0,2
0.31358534,5,rgb_sar,0,2
0.3228498,5,rgb_sar,0,2
0.32639557,5,rgb_sar,0,2
0.23724866,5,rgb_sar,0,2
0.22330596,5,rgb_sar,0,2
0.33367416,5,rgb_sar,0,2
0.4468149,5,rgb_sar,0,2
0.22586817,5,rgb_sar,0,2
0.22118634,5,rgb_sar,0,2
0.34025276,5,rgb_sar,0,2
0.34246603,5,rgb_sar,0,2
0.3170837,5,rgb_sar,0,2
0.30203593,5,rgb_sar,0,2
0.33330926,5,rgb_sar,0,2
0.24673185,5,rgb_sar,0,2
0.27687865,5,rgb_sar,0,2
0.36710483,5,rgb_sar,0,2
0.47048622,5,rgb_sar,0,2
0.27100998,5,rgb_sar,0,2
0.34172612,5,rgb_sar,0,2
0.36291486,5,rgb_sar,0,2
0.43857038,5,rgb_sar,0,2
0.34208485,5,rgb_sar,0,2
0.43650824,5,rgb_sar,0,2
0.32780716,5,rgb_sar,0,2
0.33255163,5,rgb_sar,0,2
0.43317688,5,rgb_sar,0,2
0.36328536,5,rgb_sar,0,2
0.48044738,5,rgb_sar,0,2
0.47070402,5,rgb_sar,0,2
0.18922582,5,rgb_sar,0,2
0.055014595,5,rgb_sar,0,2
-0.025272327,5,rgb_sar,0,2
0.011591579,5,rgb_sar,0,2
0.080911785,5,rgb_sar,0,2
0.01621702,5,rgb_sar,0,2
0.09719921,5,rgb_sar,0,2
0.19392309,5,rgb_sar,0,2
0.16338767,5,rgb_sar,0,2
0.2387712,5,rgb_sar,0,2
0.10284775,5,rgb_sar,0,2
0.039177954,5,rgb_sar,0,2
0.08691625,5,rgb_sar,0,2
0.114777155,5,rgb_sar,0,2
0.06533826,5,rgb_sar,0,2
0.20476858,5,rgb_sar,0,2
0.22765331,5,rgb_sar,0,2
0.18875378,5,rgb_sar,0,2
0.07335356,5,rgb_sar,0,2
0.07378897,5,rgb_sar,0,2
0.10074617,5,rgb_sar,0,2
0.12203264,5,rgb_sar,0,2
0.1383472,5,rgb_sar,0,2
0.2276326,5,rgb_sar,0,2
0.26672906,5,rgb_sar,0,2
0.22070166,5,rgb_sar,0,2
0.082763135,5,rgb_sar,0,2
0.14218993,5,rgb_sar,0,2
0.018610938,5,rgb_sar,0,2
0.073637374,5,rgb_sar,0,2
0.27557984,5,rgb_sar,0,2
0.32301688,5,rgb_sar,0,2
0.33016795,5,rgb_sar,0,2
0.2696544,5,rgb_sar,0,2
0.260502,5,rgb_sar,0,2
0.146404,5,rgb_sar,0,2
0.18890426,5,rgb_sar,0,2
0.20122631,5,rgb_sar,0,2
0.26707935,5,rgb_sar,0,2
0.37212968,5,rgb_sar,0,2
0.37757105,5,rgb_sar,0,2
0.3391629,5,rgb_sar,0,2
0.28585678,5,rgb_sar,0,2
0.39131165,5,rgb_sar,0,2
0.3132861,5,rgb_sar,0,2
0.28985894,5,rgb_sar,0,2
0.29042557,5,rgb_sar,0,2
0.30921692,5,rgb_sar,0,2
0.20018744,5,rgb_sar,0,2
0.2225812,5,rgb_sar,0,2
0.25555232,5,rgb_sar,0,2
0.28372455,5,rgb_sar,0,2
0.20967788,5,rgb_sar,0,2
0.24374273,5,rgb_sar,0,2
0.33722088,5,rgb_sar,0,2
0.26931697,5,rgb_sar,0,2
0.32529637,5,rgb_sar,0,2
0.29792506,5,rgb_sar,0,2
0.3351444,5,rgb_sar,0,2
0.33035475,5,rgb_sar,0,2
0.35901833,5,rgb_sar,0,2
0.39647657,5,rgb_sar,0,2
0.14619139,5,rgb_sar,0,2
0.14788416,5,rgb_sar,0,2
0.19612652,5,rgb_sar,0,2
0.2410418,5,rgb_sar,0,2
0.23173684,5,rgb_sar,0,2
0.2568594,5,rgb_sar,0,2
0.26137775,5,rgb_sar,0,2
0.33824146,5,rgb_sar,0,2
0.28785032,5,rgb_sar,0,2
0.32640845,5,rgb_sar,0,2
0.3057786,5,rgb_sar,0,2
0.3790358,5,rgb_sar,0,2
0.3764748,5,rgb_sar,0,2
0.31525403,5,rgb_sar,0,2
0.3674344,5,rgb_sar,0,2
0.16082114,5,rgb_sar,0,2
0.16082475,5,rgb_sar,0,2
0.2383627,5,rgb_sar,0,2
0.26459032,5,rgb_sar,0,2
0.23494463,5,rgb_sar,0,2
0.26769024,5,rgb_sar,0,2
0.26889232,5,rgb_sar,0,2
0.3138858,5,rgb_sar,0,2
0.39187375,5,rgb_sar,0,2
0.36463946,5,rgb_sar,0,2
0.33829385,5,rgb_sar,0,2
0.35046655,5,rgb_sar,0,2
0.30818695,5,rgb_sar,0,2
0.3547789,5,rgb_sar,0,2
0.39989877,5,rgb_sar,0,2
0.19721483,5,rgb_sar,0,2
0.17942671,5,rgb_sar,0,2
0.24930233,5,rgb_sar,0,2
0.29493624,5,rgb_sar,0,2
0.2731739,5,rgb_sar,0,2
0.25403786,5,rgb_sar,0,2
0.26976278,5,rgb_sar,0,2
0.4258253,5,rgb_sar,0,2
0.44535244,5,rgb_sar,0,2
0.38512045,5,rgb_sar,0,2
0.3715885,5,rgb_sar,0,2
0.32258743,5,rgb_sar,0,2
0.3475571,5,rgb_sar,0,2
0.41577035,5,rgb_sar,0,2
0.41400284,5,rgb_sar,0,2
0.15422943,5,rgb_sar,0,2
0.19497406,5,rgb_sar,0,2
0.28987873,5,rgb_sar,0,2
0.3075101,5,rgb_sar,0,2
0.3547551,5,rgb_sar,0,2
0.3544352,5,rgb_sar,0,2
0.33385062,5,rgb_sar,0,2
0.3297731,5,rgb_sar,0,2
0.36438698,5,rgb_sar,0,2
0.33863577,5,rgb_sar,0,2
0.23367986,5,rgb_sar,0,2
0.3055628,5,rgb_sar,0,2
0.34063834,5,rgb_sar,0,2
0.33088148,5,rgb_sar,0,2
0.39084157,5,rgb_sar,0,2
0.44302136,5,rgb_sar,0,2
0.3939979,5,rgb_sar,0,2
0.32109624,5,rgb_sar,0,2
0.3661669,5,rgb_sar,0,2
0.39311308,5,rgb_sar,0,2
0.38323677,5,rgb_sar,0,2
0.33237863,5,rgb_sar,0,2
0.4088642,5,rgb_sar,0,2
0.41402656,5,rgb_sar,0,2
0.3941586,5,rgb_sar,0,2
0.33594492,5,rgb_sar,0,2
0.42549086,5,rgb_sar,0,2
0.32876503,5,rgb_sar,0,2
0.45004898,5,rgb_sar,0,2
0.31702182,5,rgb_sar,0,2
0.37944964,5,rgb_sar,0,2
0.4469439,5,rgb_sar,0,2
0.31528184,5,rgb_sar,0,2
0.4781217,5,rgb_sar,0,2
0.34600452,5,rgb_sar,0,2
0.5146462,5,rgb_sar,0,2
0.43726996,5,rgb_sar,0,2
0.36777297,5,rgb_sar,0,2
0.5225921,5,rgb_sar,0,2
0.4324078,5,rgb_sar,0,2
0.4024136,5,rgb_sar,0,2
0.40092826,5,rgb_sar,0,2
0.4839195,5,rgb_sar,0,2
0.36758056,5,rgb_sar,0,2
0.3844691,5,rgb_sar,0,2
0.39258334,5,rgb_sar,0,2
0.4410299,5,rgb_sar,0,2
0.31374776,5,rgb_sar,0,2
0.35596788,5,rgb_sar,0,2
0.38981998,5,rgb_sar,0,2
0.42030868,5,rgb_sar,0,2
0.2964825,5,rgb_sar,0,2
0.29611778,5,rgb_sar,0,2
0.41069508,5,rgb_sar,0,2
0.3002845,5,rgb_sar,0,2
0.32923976,5,rgb_sar,0,2
0.26518148,5,rgb_sar,0,2
0.30487567,5,rgb_sar,0,2
0.2939328,5,rgb_sar,0,2
0.3306219,5,rgb_sar,0,2
0.20848662,1,rgb_sar,0,2
0.22265941,1,rgb_sar,0,2
0.199348,1,rgb_sar,0,2
0.17767495,1,rgb_sar,0,2
0.09085859,1,rgb_sar,0,2
0.08066794,1,rgb_sar,0,2
0.17827156,1,rgb_sar,0,2
0.17026202,1,rgb_sar,0,2
0.21075088,1,rgb_sar,0,2
0.19654946,1,rgb_sar,0,2
0.21892132,1,rgb_sar,0,2
0.096286096,1,rgb_sar,0,2
0.10728783,1,rgb_sar,0,2
0.14228277,1,rgb_sar,0,2
0.13447544,1,rgb_sar,0,2
0.19956729,1,rgb_sar,0,2
0.20966494,1,rgb_sar,0,2
0.26011857,1,rgb_sar,0,2
0.15446183,1,rgb_sar,0,2
0.1534242,1,rgb_sar,0,2
0.24246483,1,rgb_sar,0,2
0.23034662,1,rgb_sar,0,2
0.24554664,1,rgb_sar,0,2
0.13293436,1,rgb_sar,0,2
0.14803353,1,rgb_sar,0,2
0.24932793,1,rgb_sar,0,2
0.23733383,1,rgb_sar,0,2
0.22214547,1,rgb_sar,0,2
0.040684074,1,rgb_sar,0,2
0.07185579,1,rgb_sar,0,2
0.20610961,1,rgb_sar,0,2
0.18385132,1,rgb_sar,0,2
0.19833791,1,rgb_sar,0,2
0.1808851,1,rgb_sar,0,2
0.16140637,1,rgb_sar,0,2
0.24903582,1,rgb_sar,0,2
0.23801808,1,rgb_sar,0,2
0.016636478,1,rgb_sar,0,2
0.040588893,1,rgb_sar,0,2
0.25387383,1,rgb_sar,0,2
0.24884316,1,rgb_sar,0,2
0.22610277,1,rgb_sar,0,2
0.23373766,1,rgb_sar,0,2
0.17631328,1,rgb_sar,0,2
0.23840943,1,rgb_sar,0,2
0.24355909,1,rgb_sar,0,2
0.060820673,1,rgb_sar,0,2
0.03309863,1,rgb_sar,0,2
0.20606758,1,rgb_sar,0,2
0.24784479,1,rgb_sar,0,2
0.26059914,1,rgb_sar,0,2
0.24616544,1,rgb_sar,0,2
0.21631525,1,rgb_sar,0,2
-0.03620626,1,rgb_sar,0,2
0.030328425,1,rgb_sar,0,2
0.16227737,1,rgb_sar,0,2
0.23349091,1,rgb_sar,0,2
0.28137475,1,rgb_sar,0,2
0.27190062,1,rgb_sar,0,2
0.2030783,1,rgb_sar,0,2
0.15581653,1,rgb_sar,0,2
0.12324509,1,rgb_sar,0,2
0.09370748,1,rgb_sar,0,2
0.09098575,1,rgb_sar,0,2
0.2940526,1,rgb_sar,0,2
0.3008632,1,rgb_sar,0,2
0.22558674,1,rgb_sar,0,2
0.2762893,1,rgb_sar,0,2
0.07231807,1,rgb_sar,0,2
0.0968036,1,rgb_sar,0,2
0.17007428,1,rgb_sar,0,2
0.19084072,1,rgb_sar,0,2
0.30006605,1,rgb_sar,0,2
0.23156244,1,rgb_sar,0,2
0.1742237,1,rgb_sar,0,2
0.29860178,1,rgb_sar,0,2
0.16138804,1,rgb_sar,0,2
0.17953223,1,rgb_sar,0,2
0.26754314,1,rgb_sar,0,2
0.2464898,1,rgb_sar,0,2
0.29117545,1,rgb_sar,0,2
0.22985208,1,rgb_sar,0,2
0.23896989,1,rgb_sar,0,2
0.27553168,1,rgb_sar,0,2
0.17511687,1,rgb_sar,0,2
0.23494829,1,rgb_sar,0,2
0.115783304,1,rgb_sar,0,2
0.20724982,1,rgb_sar,0,2
0.113543406,1,rgb_sar,0,2
0.10480134,1,rgb_sar,0,2
0.15745917,1,rgb_sar,0,2
0.20911004,1,rgb_sar,0,2
0.15155539,1,rgb_sar,0,2
0.23131478,1,rgb_sar,0,2
0.2966147,1,rgb_sar,0,2
0.12649353,1,rgb_sar,0,2
0.15383591,1,rgb_sar,0,2
0.2012597,1,rgb_sar,0,2
0.2537382,1,rgb_sar,0,2
0.22500154,1,rgb_sar,0,2
0.24610415,1,rgb_sar,0,2
0.28891802,1,rgb_sar,0,2
0.2273702,1,rgb_sar,0,2
0.26920205,1,rgb_sar,0,2
0.26950154,1,rgb_sar,0,2
0.27068204,1,rgb_sar,0,2
0.2548781,1,rgb_sar,0,2
0.24818608,1,rgb_sar,0,2
0.27739888,1,rgb_sar,0,2
0.3024906,1,rgb_sar,0,2
0.27828476,1,rgb_sar,0,2
0.27432346,1,rgb_sar,0,2
0.13784474,1,rgb_sar,0,2
0.1831339,1,rgb_sar,0,2
0.22322533,1,rgb_sar,0,2
0.22692074,1,rgb_sar,0,2
0.27126282,1,rgb_sar,0,2
0.27610728,1,rgb_sar,0,2
0.28677833,1,rgb_sar,0,2
0.1676391,1,rgb_sar,0,2
0.19409814,1,rgb_sar,0,2
0.10222602,1,rgb_sar,0,2
0.16414066,1,rgb_sar,0,2
0.2351158,1,rgb_sar,0,2
0.2790572,1,rgb_sar,0,2
0.31618217,1,rgb_sar,0,2
0.29484433,1,rgb_sar,0,2
0.2760937,1,rgb_sar,0,2
0.23182407,1,rgb_sar,0,2
0.25283405,1,rgb_sar,0,2
0.10737826,1,rgb_sar,0,2
0.12870872,1,rgb_sar,0,2
0.20867565,1,rgb_sar,0,2
0.27502525,1,rgb_sar,0,2
0.30163258,1,rgb_sar,0,2
0.306368,1,rgb_sar,0,2
0.24361025,1,rgb_sar,0,2
0.07396412,1,rgb_sar,0,2
0.1257425,1,rgb_sar,0,2
0.18188867,1,rgb_sar,0,2
0.24686214,1,rgb_sar,0,2
0.27466887,1,rgb_sar,0,2
0.25025722,1,rgb_sar,0,2
0.21309434,1,rgb_sar,0,2
0.14291553,1,rgb_sar,0,2
0.11372503,1,rgb_sar,0,2
0.07122124,1,rgb_sar,0,2
0.105416,1,rgb_sar,0,2
0.26322624,1,rgb_sar,0,2
0.1674358,1,rgb_sar,0,2
0.20836681,1,rgb_sar,0,2
0.2869357,1,rgb_sar,0,2
0.17683016,1,rgb_sar,0,2
0.15219954,1,rgb_sar,0,2
0.1108688,1,rgb_sar,0,2
0.15925166,1,rgb_sar,0,2
0.30352372,1,rgb_sar,0,2
0.24907637,1,rgb_sar,0,2
0.2266191,1,rgb_sar,0,2
0.2870925,1,rgb_sar,0,2
0.16538131,1,rgb_sar,0,2
0.12665495,1,rgb_sar,0,2
0.1704869,1,rgb_sar,0,2
0.26843733,1,rgb_sar,0,2
0.24304739,1,rgb_sar,0,2
0.2385203,1,rgb_sar,0,2
0.20890555,1,rgb_sar,0,2
0.19278763,1,rgb_sar,0,2
0.52177536,4,rgb_sar,0,2
0.41665632,4,rgb_sar,0,2
0.39140004,4,rgb_sar,0,2
0.37982947,4,rgb_sar,0,2
0.33986318,4,rgb_sar,0,2
0.28423506,4,rgb_sar,0,2
0.22922055,4,rgb_sar,0,2
0.25797382,4,rgb_sar,0,2
0.309834,4,rgb_sar,0,2
0.30275846,4,rgb_sar,0,2
0.30521172,4,rgb_sar,0,2
0.30769247,4,rgb_sar,0,2
0.3026574,4,rgb_sar,0,2
0.32163483,4,rgb_sar,0,2
0.2968862,4,rgb_sar,0,2
0.30592093,4,rgb_sar,0,2
0.15908596,4,rgb_sar,0,2
0.071045704,4,rgb_sar,0,2
0.15960383,4,rgb_sar,0,2
0.20127285,4,rgb_sar,0,2
0.1551861,4,rgb_sar,0,2
0.117458425,4,rgb_sar,0,2
0.10063347,4,rgb_sar,0,2
0.08051701,4,rgb_sar,0,2
0.14735821,4,rgb_sar,0,2
0.13155723,4,rgb_sar,0,2
0.11955557,4,rgb_sar,0,2
0.18149269,4,rgb_sar,0,2
0.15349479,4,rgb_sar,0,2
0.18528649,4,rgb_sar,0,2
0.17500901,4,rgb_sar,0,2
0.20225331,4,rgb_sar,0,2
0.10780378,4,rgb_sar,0,2
0.064465895,4,rgb_sar,0,2
0.0693914,4,rgb_sar,0,2
0.11412614,4,rgb_sar,0,2
0.07027885,4,rgb_sar,0,2
-0.0019761603,4,rgb_sar,0,2
0.21715169,4,rgb_sar,0,2
0.18872745,4,rgb_sar,0,2
0.16560858,4,rgb_sar,0,2
0.13070154,4,rgb_sar,0,2
0.4127565,4,rgb_sar,0,2
0.3263029,4,rgb_sar,0,2
0.28906602,4,rgb_sar,0,2
0.3194486,4,rgb_sar,0,2
0.2774276,4,rgb_sar,0,2
0.28543884,4,rgb_sar,0,2
0.27916718,4,rgb_sar,0,2
0.30097568,4,rgb_sar,0,2
0.3073445,4,rgb_sar,0,2
0.31454507,4,rgb_sar,0,2
0.33650014,4,rgb_sar,0,2
0.24413005,4,rgb_sar,0,2
0.19364801,4,rgb_sar,0,2
0.18709658,4,rgb_sar,0,2
0.12225987,4,rgb_sar,0,2
0.13901213,4,rgb_sar,0,2
0.13199066,4,rgb_sar,0,2
0.14165369,4,rgb_sar,0,2
0.12433859,4,rgb_sar,0,2
0.15272507,4,rgb_sar,0,2
0.2652796,4,rgb_sar,0,2
0.1615879,4,rgb_sar,0,2
0.095265076,4,rgb_sar,0,2
0.100438654,4,rgb_sar,0,2
0.06530603,4,rgb_sar,0,2
0.0694334,4,rgb_sar,0,2
0.030833384,4,rgb_sar,0,2
0.04925702,4,rgb_sar,0,2
0.08330779,4,rgb_sar,0,2
0.042643055,4,rgb_sar,0,2
0.23579526,4,rgb_sar,0,2
0.20204109,4,rgb_sar,0,2
0.21628585,5,rgb_sar,0,2
0.10422423,5,rgb_sar,0,2
0.060085725,5,rgb_sar,0,2
0.10016251,5,rgb_sar,0,2
0.09271875,5,rgb_sar,0,2
0.1665333,5,rgb_sar,0,2
0.26968104,5,rgb_sar,0,2
0.30585718,5,rgb_sar,0,2
0.2541988,5,rgb_sar,0,2
0.15276766,5,rgb_sar,0,2
0.12770729,5,rgb_sar,0,2
0.07757953,5,rgb_sar,0,2
0.11806737,5,rgb_sar,0,2
0.058617026,5,rgb_sar,0,2
0.012657808,5,rgb_sar,0,2
0.17264624,5,rgb_sar,0,2
0.24527973,5,rgb_sar,0,2
0.17486641,5,rgb_sar,0,2
0.15196317,5,rgb_sar,0,2
0.12548798,5,rgb_sar,0,2
0.12435353,5,rgb_sar,0,2
0.022132166,5,rgb_sar,0,2
0.052549616,5,rgb_sar,0,2
0.19265458,5,rgb_sar,0,2
0.24948436,5,rgb_sar,0,2
0.18668121,5,rgb_sar,0,2
0.22103909,5,rgb_sar,0,2
0.21237293,5,rgb_sar,0,2
0.084729254,5,rgb_sar,0,2
0.06162358,5,rgb_sar,0,2
0.16358912,5,rgb_sar,0,2
0.22497752,5,rgb_sar,0,2
0.28955865,5,rgb_sar,0,2
0.27446193,5,rgb_sar,0,2
0.29315227,5,rgb_sar,0,2
0.20209375,5,rgb_sar,0,2
0.28108203,5,rgb_sar,0,2
0.20983762,5,rgb_sar,0,2
0.18988085,5,rgb_sar,0,2
0.20148891,5,rgb_sar,0,2
0.24568947,5,rgb_sar,0,2
0.2851568,5,rgb_sar,0,2
0.26804954,5,rgb_sar,0,2
0.27941653,5,rgb_sar,0,2
0.2917441,5,rgb_sar,0,2
0.2906082,5,rgb_sar,0,2
0.4432588,5,rgb_sar,0,2
0.20247826,5,rgb_sar,0,2
0.2170532,5,rgb_sar,0,2
0.15794145,5,rgb_sar,0,2
0.1863606,5,rgb_sar,0,2
0.26177007,5,rgb_sar,0,2
0.27949432,5,rgb_sar,0,2
0.28397775,5,rgb_sar,0,2
0.27910292,5,rgb_sar,0,2
0.26990777,5,rgb_sar,0,2
0.2721337,5,rgb_sar,0,2
0.32053202,5,rgb_sar,0,2
0.48360634,5,rgb_sar,0,2
0.19065745,5,rgb_sar,0,2
0.20872548,5,rgb_sar,0,2
0.19930953,5,rgb_sar,0,2
0.12204238,5,rgb_sar,0,2
0.17196673,5,rgb_sar,0,2
0.24246652,5,rgb_sar,0,2
0.2806289,5,rgb_sar,0,2
0.26194698,5,rgb_sar,0,2
0.24407886,5,rgb_sar,0,2
0.21237263,5,rgb_sar,0,2
0.21925989,5,rgb_sar,0,2
0.33760804,5,rgb_sar,0,2
0.5023322,5,rgb_sar,0,2
0.2122207,5,rgb_sar,0,2
0.26047155,5,rgb_sar,0,2
0.25937563,5,rgb_sar,0,2
0.22107534,5,rgb_sar,0,2
0.30412567,5,rgb_sar,0,2
0.3098104,5,rgb_sar,0,2
0.32032484,5,rgb_sar,0,2
0.3468601,5,rgb_sar,0,2
0.22295609,5,rgb_sar,0,2
0.22513852,5,rgb_sar,0,2
0.34020895,5,rgb_sar,0,2
0.5124196,5,rgb_sar,0,2
0.19378209,5,rgb_sar,0,2
0.25276762,5,rgb_sar,0,2
0.2879327,5,rgb_sar,0,2
0.23907216,5,rgb_sar,0,2
0.32908252,5,rgb_sar,0,2
0.3407479,5,rgb_sar,0,2
0.35348606,5,rgb_sar,0,2
0.27858764,5,rgb_sar,0,2
0.28308347,5,rgb_sar,0,2
0.35475588,5,rgb_sar,0,2
0.52572656,5,rgb_sar,0,2
0.25640798,5,rgb_sar,0,2
0.30358973,5,rgb_sar,0,2
0.2839057,5,rgb_sar,0,2
0.32495624,5,rgb_sar,0,2
0.3324087,5,rgb_sar,0,2
0.5009959,5,rgb_sar,0,2
0.31086352,5,rgb_sar,0,2
0.35232013,5,rgb_sar,0,2
0.498244,5,rgb_sar,0,2
0.3449524,5,rgb_sar,0,2
0.5071465,5,rgb_sar,0,2
0.47856492,5,rgb_sar,0,2
0.2991001,5,rgb_sar,0,2
0.19853479,5,rgb_sar,0,2
0.11726524,5,rgb_sar,0,2
0.07503447,5,rgb_sar,0,2
0.13835174,5,rgb_sar,0,2
0.16811965,5,rgb_sar,0,2
0.22090931,5,rgb_sar,0,2
0.22916347,5,rgb_sar,0,2
0.20486891,5,rgb_sar,0,2
0.15409094,5,rgb_sar,0,2
0.09934846,5,rgb_sar,0,2
0.007928783,5,rgb_sar,0,2
0.07105633,5,rgb_sar,0,2
0.07168268,5,rgb_sar,0,2
0.0756258,5,rgb_sar,0,2
0.1629383,5,rgb_sar,0,2
0.2887926,5,rgb_sar,0,2
0.26737332,5,rgb_sar,0,2
0.11736669,5,rgb_sar,0,2
0.06433657,5,rgb_sar,0,2
0.045295954,5,rgb_sar,0,2
0.044864815,5,rgb_sar,0,2
0.12501943,5,rgb_sar,0,2
0.19368808,5,rgb_sar,0,2
0.29064736,5,rgb_sar,0,2
0.28491372,5,rgb_sar,0,2
0.072827086,5,rgb_sar,0,2
0.06647824,5,rgb_sar,0,2
0.021099474,5,rgb_sar,0,2
0.0036194734,5,rgb_sar,0,2
0.15898809,5,rgb_sar,0,2
0.25312233,5,rgb_sar,0,2
0.32583386,5,rgb_sar,0,2
0.30789793,5,rgb_sar,0,2
0.28518695,5,rgb_sar,0,2
0.18998885,5,rgb_sar,0,2
0.21167979,5,rgb_sar,0,2
0.1840537,5,rgb_sar,0,2
0.19480865,5,rgb_sar,0,2
0.26312888,5,rgb_sar,0,2
0.29713368,5,rgb_sar,0,2
0.3575189,5,rgb_sar,0,2
0.3499796,5,rgb_sar,0,2
0.30159247,5,rgb_sar,0,2
0.3031186,5,rgb_sar,0,2
0.3056675,5,rgb_sar,0,2
0.3402939,5,rgb_sar,0,2
0.32131252,5,rgb_sar,0,2
0.31476364,5,rgb_sar,0,2
0.2890255,5,rgb_sar,0,2
0.22167562,5,rgb_sar,0,2
0.2633255,5,rgb_sar,0,2
0.32610607,5,rgb_sar,0,2
0.3306203,5,rgb_sar,0,2
0.35513023,5,rgb_sar,0,2
0.34378296,5,rgb_sar,0,2
0.2865351,5,rgb_sar,0,2
0.265015,5,rgb_sar,0,2
0.28697798,5,rgb_sar,0,2
0.35060424,5,rgb_sar,0,2
0.35334486,5,rgb_sar,0,2
0.34546742,5,rgb_sar,0,2
0.33748662,5,rgb_sar,0,2
0.38054448,5,rgb_sar,0,2
0.37249264,5,rgb_sar,0,2
0.29958075,5,rgb_sar,0,2
0.31673378,5,rgb_sar,0,2
0.36354786,5,rgb_sar,0,2
0.38564563,5,rgb_sar,0,2
0.40909576,5,rgb_sar,0,2
0.38537437,5,rgb_sar,0,2
0.3277118,5,rgb_sar,0,2
0.29216558,5,rgb_sar,0,2
0.31572992,5,rgb_sar,0,2
0.4004686,5,rgb_sar,0,2
0.3702923,5,rgb_sar,0,2
0.34130853,5,rgb_sar,0,2
0.28158498,5,rgb_sar,0,2
0.356272,5,rgb_sar,0,2
0.34788677,5,rgb_sar,0,2
0.37590396,5,rgb_sar,0,2
0.3733133,5,rgb_sar,0,2
0.40634173,5,rgb_sar,0,2
0.44427085,5,rgb_sar,0,2
0.44231537,5,rgb_sar,0,2
0.33117795,5,rgb_sar,0,2
0.32372883,5,rgb_sar,0,2
0.31082106,5,rgb_sar,0,2
0.3431719,5,rgb_sar,0,2
0.35578096,5,rgb_sar,0,2
0.39862248,5,rgb_sar,0,2
0.35055825,5,rgb_sar,0,2
0.24272734,5,rgb_sar,0,2
0.33187985,5,rgb_sar,0,2
0.33248907,5,rgb_sar,0,2
0.36292565,5,rgb_sar,0,2
0.37188828,5,rgb_sar,0,2
0.37693056,5,rgb_sar,0,2
0.3936304,5,rgb_sar,0,2
0.39871937,5,rgb_sar,0,2
0.3400511,5,rgb_sar,0,2
0.31229475,5,rgb_sar,0,2
0.35854,5,rgb_sar,0,2
0.36668336,5,rgb_sar,0,2
0.4096989,5,rgb_sar,0,2
0.37154752,5,rgb_sar,0,2
0.40127513,5,rgb_sar,0,2
0.2906841,5,rgb_sar,0,2
0.2985568,5,rgb_sar,0,2
0.32878458,5,rgb_sar,0,2
0.35834748,5,rgb_sar,0,2
0.30951568,5,rgb_sar,0,2
0.346797,5,rgb_sar,0,2
0.34360534,5,rgb_sar,0,2
0.36110985,5,rgb_sar,0,2
0.34203422,5,rgb_sar,0,2
0.40521467,5,rgb_sar,0,2
0.24924341,5,rgb_sar,0,2
0.30441684,5,rgb_sar,0,2
0.3348779,5,rgb_sar,0,2
0.3361801,5,rgb_sar,0,2
0.37730688,5,rgb_sar,0,2
0.35683137,5,rgb_sar,0,2
0.39117432,5,rgb_sar,0,2
0.33458102,5,rgb_sar,0,2
0.3735965,5,rgb_sar,0,2
0.3571166,5,rgb_sar,0,2
0.37620538,5,rgb_sar,0,2
0.33114392,5,rgb_sar,0,2
0.3812763,5,rgb_sar,0,2
0.345473,5,rgb_sar,0,2
0.38342595,5,rgb_sar,0,2
0.34436586,5,rgb_sar,0,2
0.41097957,5,rgb_sar,0,2
0.38570935,5,rgb_sar,0,2
0.39804846,5,rgb_sar,0,2
0.3539071,5,rgb_sar,0,2
0.3853988,5,rgb_sar,0,2
0.4506991,5,rgb_sar,0,2
0.29832417,5,rgb_sar,0,2
0.45590192,5,rgb_sar,0,2
0.30782968,5,rgb_sar,0,2
0.46708658,5,rgb_sar,0,2
0.3166681,5,rgb_sar,0,2
0.3026346,5,rgb_sar,0,2
0.45513785,5,rgb_sar,0,2
0.2874925,5,rgb_sar,0,2
0.33908883,5,rgb_sar,0,2
0.39213547,5,rgb_sar,0,2
0.44657493,5,rgb_sar,0,2
0.2975958,5,rgb_sar,0,2
0.35902238,5,rgb_sar,0,2
0.39574116,5,rgb_sar,0,2
0.44745624,5,rgb_sar,0,2
0.31504643,5,rgb_sar,0,2
0.36201906,5,rgb_sar,0,2
0.3829857,5,rgb_sar,0,2
0.4497807,5,rgb_sar,0,2
0.31723997,5,rgb_sar,0,2
0.3627068,5,rgb_sar,0,2
0.46804714,5,rgb_sar,0,2
0.32105982,5,rgb_sar,0,2
0.3428583,5,rgb_sar,0,2
0.3016025,5,rgb_sar,0,2
0.35291284,5,rgb_sar,0,2
0.28754085,5,rgb_sar,0,2
0.39317274,5,rgb_sar,0,2
0.17064914,1,rgb_sar,0,2
0.16287607,1,rgb_sar,0,2
0.22361052,1,rgb_sar,0,2
0.17634228,1,rgb_sar,0,2
0.20107418,1,rgb_sar,0,2
0.2803871,1,rgb_sar,0,2
0.2935902,1,rgb_sar,0,2
0.23499095,1,rgb_sar,0,2
0.23073544,1,rgb_sar,0,2
0.19829248,1,rgb_sar,0,2
0.24757716,1,rgb_sar,0,2
0.22605231,1,rgb_sar,0,2
0.24588479,1,rgb_sar,0,2
0.19448523,1,rgb_sar,0,2
0.17409378,1,rgb_sar,0,2
0.18885607,1,rgb_sar,0,2
0.15583923,1,rgb_sar,0,2
0.25575396,1,rgb_sar,0,2
0.20590684,1,rgb_sar,0,2
0.19201024,1,rgb_sar,0,2
0.24694768,1,rgb_sar,0,2
0.19602868,1,rgb_sar,0,2
0.23444767,1,rgb_sar,0,2
0.18766874,1,rgb_sar,0,2
0.13958457,1,rgb_sar,0,2
0.1942133,1,rgb_sar,0,2
0.14200903,1,rgb_sar,0,2
0.19953698,1,rgb_sar,0,2
0.019973425,1,rgb_sar,0,2
0.019095983,1,rgb_sar,0,2
0.18947843,1,rgb_sar,0,2
0.1790267,1,rgb_sar,0,2
0.20146966,1,rgb_sar,0,2
0.11165746,1,rgb_sar,0,2
0.18690577,1,rgb_sar,0,2
0.21073768,1,rgb_sar,0,2
0.090619385,1,rgb_sar,0,2
-0.040262688,1,rgb_sar,0,2
-0.07207659,1,rgb_sar,0,2
0.08801795,1,rgb_sar,0,2
0.14197464,1,rgb_sar,0,2
0.23613933,1,rgb_sar,0,2
0.13762861,1,rgb_sar,0,2
0.1584258,1,rgb_sar,0,2
0.19068754,1,rgb_sar,0,2
0.05814529,1,rgb_sar,0,2
0.08664012,1,rgb_sar,0,2
0.0020130686,1,rgb_sar,0,2
0.064143404,1,rgb_sar,0,2
0.14972556,1,rgb_sar,0,2
0.15949817,1,rgb_sar,0,2
0.10483049,1,rgb_sar,0,2
0.17910296,1,rgb_sar,0,2
0.022728933,1,rgb_sar,0,2
-0.00700867,1,rgb_sar,0,2
0.06340666,1,rgb_sar,0,2
0.093010664,1,rgb_sar,0,2
0.1420645,1,rgb_sar,0,2
0.086160064,1,rgb_sar,0,2
0.06844252,1,rgb_sar,0,2
0.2786091,1,rgb_sar,0,2
0.18103805,1,rgb_sar,0,2
0.12792993,1,rgb_sar,0,2
0.1502182,1,rgb_sar,0,2
0.21571435,1,rgb_sar,0,2
0.19376916,1,rgb_sar,0,2
0.14874113,1,rgb_sar,0,2
0.13798228,1,rgb_sar,0,2
0.107388884,1,rgb_sar,0,2
0.055374894,1,rgb_sar,0,2
0.13357885,1,rgb_sar,0,2
0.21222377,1,rgb_sar,0,2
0.24914892,1,rgb_sar,0,2
0.19075584,1,rgb_sar,0,2
0.16095074,1,rgb_sar,0,2
0.20537598,1,rgb_sar,0,2
0.010872775,1,rgb_sar,0,2
0.018838799,1,rgb_sar,0,2
0.13272323,1,rgb_sar,0,2
0.18623626,1,rgb_sar,0,2
0.25457948,1,rgb_sar,0,2
0.2435084,1,rgb_sar,0,2
0.18892282,1,rgb_sar,0,2
0.24473062,1,rgb_sar,0,2
0.20053168,1,rgb_sar,0,2
0.17617339,1,rgb_sar,0,2
0.24426913,1,rgb_sar,0,2
0.19680867,1,rgb_sar,0,2
0.1668796,1,rgb_sar,0,2
0.16702597,1,rgb_sar,0,2
0.2729558,1,rgb_sar,0,2
0.23591574,1,rgb_sar,0,2
0.23185626,1,rgb_sar,0,2
0.20726717,1,rgb_sar,0,2
0.21268699,1,rgb_sar,0,2
0.24287494,1,rgb_sar,0,2
0.2364845,1,rgb_sar,0,2
0.2787416,1,rgb_sar,0,2
0.2279737,1,rgb_sar,0,2
0.23288879,1,rgb_sar,0,2
0.21141893,1,rgb_sar,0,2
0.22066218,1,rgb_sar,0,2
0.39944875,1,rgb_sar,0,2
0.35047573,1,rgb_sar,0,2
0.24986255,1,rgb_sar,0,2
0.2007358,1,rgb_sar,0,2
0.24519141,1,rgb_sar,0,2
0.34683365,1,rgb_sar,0,2
0.33503354,1,rgb_sar,0,2
0.29309702,1,rgb_sar,0,2
0.2514722,1,rgb_sar,0,2
0.24702686,1,rgb_sar,0,2
0.03291945,1,rgb_sar,0,2
0.04303355,1,rgb_sar,0,2
0.20237815,1,rgb_sar,0,2
0.21975242,1,rgb_sar,0,2
0.25329846,1,rgb_sar,0,2
0.20793603,1,rgb_sar,0,2
0.19025627,1,rgb_sar,0,2
0.14432931,1,rgb_sar,0,2
0.14155665,1,rgb_sar,0,2
0.0191957,1,rgb_sar,0,2
0.025571436,1,rgb_sar,0,2
0.14025246,1,rgb_sar,0,2
0.22460951,1,rgb_sar,0,2
0.27303153,1,rgb_sar,0,2
0.21765365,1,rgb_sar,0,2
0.09336531,1,rgb_sar,0,2
0.08046156,1,rgb_sar,0,2
0.15721165,1,rgb_sar,0,2
0.09254352,1,rgb_sar,0,2
0.110578,1,rgb_sar,0,2
0.1611037,1,rgb_sar,0,2
0.17002016,1,rgb_sar,0,2
0.24527451,1,rgb_sar,0,2
0.20338348,1,rgb_sar,0,2
0.14062864,1,rgb_sar,0,2
0.028770473,1,rgb_sar,0,2
0.0627314,1,rgb_sar,0,2
0.1203781,1,rgb_sar,0,2
0.21270986,1,rgb_sar,0,2
0.2774536,1,rgb_sar,0,2
0.16839187,1,rgb_sar,0,2
0.07842989,1,rgb_sar,0,2
0.14264987,1,rgb_sar,0,2
0.100947425,1,rgb_sar,0,2
0.03526453,1,rgb_sar,0,2
0.031779736,1,rgb_sar,0,2
0.22991231,1,rgb_sar,0,2
0.118980825,1,rgb_sar,0,2
0.07148031,1,rgb_sar,0,2
0.1742563,1,rgb_sar,0,2
0.13414775,1,rgb_sar,0,2
0.10795856,1,rgb_sar,0,2
0.057006355,1,rgb_sar,0,2
0.03457001,1,rgb_sar,0,2
0.23899274,1,rgb_sar,0,2
0.1656441,1,rgb_sar,0,2
0.11352678,1,rgb_sar,0,2
0.1985131,1,rgb_sar,0,2
0.09688698,1,rgb_sar,0,2
0.15292741,1,rgb_sar,0,2
0.22191794,1,rgb_sar,0,2
0.19368121,1,rgb_sar,0,2
0.30010113,1,rgb_sar,0,2
0.22867838,1,rgb_sar,0,2
0.17099676,1,rgb_sar,0,2
0.16420701,1,rgb_sar,0,2
0.39384097,1,rgb_sar,0,2
0.4313481,1,rgb_sar,0,2
0.42943352,1,rgb_sar,0,2
0.41479114,1,rgb_sar,0,2
0.43861794,1,rgb_sar,0,2
0.41016132,1,rgb_sar,0,2
0.41527563,1,rgb_sar,0,2
0.43094638,1,rgb_sar,0,2
0.41393793,1,rgb_sar,0,2
0.40957725,1,rgb_sar,0,2
0.43485525,1,rgb_sar,0,2
0.44163144,1,rgb_sar,0,2
0.4087251,1,rgb_sar,0,2
0.4296267,1,rgb_sar,0,2
0.44294375,1,rgb_sar,0,2
0.4332024,1,rgb_sar,0,2
0.4078516,1,rgb_sar,0,2
0.52960527,1,rgb_sar,0,2
0.45567185,1,rgb_sar,0,2
0.44488257,1,rgb_sar,0,2
0.44612065,1,rgb_sar,0,2
0.45116106,1,rgb_sar,0,2
0.44932717,1,rgb_sar,0,2
0.45665586,1,rgb_sar,0,2
0.44157273,1,rgb_sar,0,2
0.5329208,1,rgb_sar,0,2
0.5242272,1,rgb_sar,0,2
0.48896256,1,rgb_sar,0,2
0.44318047,1,rgb_sar,0,2
0.42102224,1,rgb_sar,0,2
0.40420026,1,rgb_sar,0,2
0.39127153,1,rgb_sar,0,2
0.41624445,1,rgb_sar,0,2
0.42328537,1,rgb_sar,0,2
0.41107842,1,rgb_sar,0,2
0.5031563,1,rgb_sar,0,2
0.5324456,1,rgb_sar,0,2
0.4680845,1,rgb_sar,0,2
0.4310016,1,rgb_sar,0,2
0.4141198,1,rgb_sar,0,2
0.3723094,1,rgb_sar,0,2
0.3551004,1,rgb_sar,0,2
0.3936363,1,rgb_sar,0,2
0.41053188,1,rgb_sar,0,2
0.39029217,1,rgb_sar,0,2
0.48932895,1,rgb_sar,0,2
0.39773637,1,rgb_sar,0,2
0.37280023,1,rgb_sar,0,2
0.3034343,1,rgb_sar,0,2
0.30297673,1,rgb_sar,0,2
0.3568772,1,rgb_sar,0,2
0.38625044,1,rgb_sar,0,2
0.4282915,1,rgb_sar,0,2
0.51230264,1,rgb_sar,0,2
0.38253248,1,rgb_sar,0,2
0.30469054,1,rgb_sar,0,2
0.2897598,1,rgb_sar,0,2
0.38088495,1,rgb_sar,0,2
0.3964891,1,rgb_sar,0,2
0.4034506,1,rgb_sar,0,2
0.5286821,1,rgb_sar,0,2
0.39684963,1,rgb_sar,0,2
0.37624764,1,rgb_sar,0,2
0.40955538,1,rgb_sar,0,2
0.41908082,1,rgb_sar,0,2
0.42158592,1,rgb_sar,0,2
0.51603395,1,rgb_sar,0,2
0.37506196,1,rgb_sar,0,2
0.36644304,1,rgb_sar,0,2
0.3375627,1,rgb_sar,0,2
0.35064685,1,rgb_sar,0,2
0.49917835,1,rgb_sar,0,2
0.3389493,1,rgb_sar,0,2
0.32696205,1,rgb_sar,0,2
0.34795654,1,rgb_sar,0,2
0.49783623,1,rgb_sar,0,2
0.3433286,1,rgb_sar,0,2
0.38001472,1,rgb_sar,0,2
0.49592483,1,rgb_sar,0,2
0.40800577,1,rgb_sar,0,2
0.51485336,1,rgb_sar,0,2
0.4180439,1,rgb_sar,0,2
0.39283907,1,rgb_sar,0,2
0.3979251,1,rgb_sar,0,2
0.46007854,1,rgb_sar,0,2
0.4262553,1,rgb_sar,0,2
0.42533332,1,rgb_sar,0,2
0.4368992,1,rgb_sar,0,2
0.39512455,1,rgb_sar,0,2
0.39013672,1,rgb_sar,0,2
0.40341896,1,rgb_sar,0,2
0.3773408,1,rgb_sar,0,2
0.4491273,1,rgb_sar,0,2
0.4554711,1,rgb_sar,0,2
0.4029019,1,rgb_sar,0,2
0.43931672,1,rgb_sar,0,2
0.4310666,1,rgb_sar,0,2
0.41243482,1,rgb_sar,0,2
0.42524293,1,rgb_sar,0,2
0.44653833,1,rgb_sar,0,2
0.42175737,1,rgb_sar,0,2
0.42861786,1,rgb_sar,0,2
0.47150433,1,rgb_sar,0,2
0.4706362,1,rgb_sar,0,2
0.43297106,1,rgb_sar,0,2
0.44449317,1,rgb_sar,0,2
0.44863123,1,rgb_sar,0,2
0.4426456,1,rgb_sar,0,2
0.4309104,1,rgb_sar,0,2
0.42922997,1,rgb_sar,0,2
0.43781513,1,rgb_sar,0,2
0.4293155,1,rgb_sar,0,2
0.40769964,1,rgb_sar,0,2
0.45427188,1,rgb_sar,0,2
0.516076,1,rgb_sar,0,2
0.5025046,1,rgb_sar,0,2
0.41970742,1,rgb_sar,0,2
0.41562873,1,rgb_sar,0,2
0.4262244,1,rgb_sar,0,2
0.44454983,1,rgb_sar,0,2
0.44597524,1,rgb_sar,0,2
0.45271957,1,rgb_sar,0,2
0.45258462,1,rgb_sar,0,2
0.4993204,1,rgb_sar,0,2
0.4632579,1,rgb_sar,0,2
0.41728336,1,rgb_sar,0,2
0.40295875,1,rgb_sar,0,2
0.41253048,1,rgb_sar,0,2
0.42007533,1,rgb_sar,0,2
0.37679112,1,rgb_sar,0,2
0.43552363,1,rgb_sar,0,2
0.5295952,1,rgb_sar,0,2
0.52357316,1,rgb_sar,0,2
0.41619855,1,rgb_sar,0,2
0.40166745,1,rgb_sar,0,2
0.42514992,1,rgb_sar,0,2
0.43851328,1,rgb_sar,0,2
0.44107556,1,rgb_sar,0,2
0.44589353,1,rgb_sar,0,2
0.43278432,1,rgb_sar,0,2
0.42484128,1,rgb_sar,0,2
0.50835305,1,rgb_sar,0,2
0.51787937,1,rgb_sar,0,2
0.49326336,1,rgb_sar,0,2
0.45943147,1,rgb_sar,0,2
0.43323225,1,rgb_sar,0,2
0.4020131,1,rgb_sar,0,2
0.4007681,1,rgb_sar,0,2
0.4023363,1,rgb_sar,0,2
0.37404442,1,rgb_sar,0,2
0.4139914,1,rgb_sar,0,2
0.5042562,1,rgb_sar,0,2
0.47944504,1,rgb_sar,0,2
0.40436825,1,rgb_sar,0,2
0.41063422,1,rgb_sar,0,2
0.43283528,1,rgb_sar,0,2
0.43502015,1,rgb_sar,0,2
0.42394483,1,rgb_sar,0,2
0.43682492,1,rgb_sar,0,2
0.51029915,1,rgb_sar,0,2
0.50325024,1,rgb_sar,0,2
0.45377398,1,rgb_sar,0,2
0.4186454,1,rgb_sar,0,2
0.406566,1,rgb_sar,0,2
0.39371672,1,rgb_sar,0,2
0.37888056,1,rgb_sar,0,2
0.3633486,1,rgb_sar,0,2
0.34935734,1,rgb_sar,0,2
0.38442445,1,rgb_sar,0,2
0.4551692,1,rgb_sar,0,2
0.43874037,1,rgb_sar,0,2
0.39511946,1,rgb_sar,0,2
0.42044365,1,rgb_sar,0,2
0.43126094,1,rgb_sar,0,2
0.42937374,1,rgb_sar,0,2
0.43554866,1,rgb_sar,0,2
0.41736513,1,rgb_sar,0,2
0.46605766,1,rgb_sar,0,2
0.39874178,1,rgb_sar,0,2
0.36320287,1,rgb_sar,0,2
0.31278887,1,rgb_sar,0,2
0.31650102,1,rgb_sar,0,2
0.3405371,1,rgb_sar,0,2
0.32670614,1,rgb_sar,0,2
0.3372125,1,rgb_sar,0,2
0.36325368,1,rgb_sar,0,2
0.35658205,1,rgb_sar,0,2
0.36376047,1,rgb_sar,0,2
0.35022575,1,rgb_sar,0,2
0.3703466,1,rgb_sar,0,2
0.39759427,1,rgb_sar,0,2
0.35470137,1,rgb_sar,0,2
0.26231235,1,rgb_sar,0,2
0.25641888,1,rgb_sar,0,2
0.2889005,1,rgb_sar,0,2
0.2971359,1,rgb_sar,0,2
0.32374084,1,rgb_sar,0,2
0.37033457,1,rgb_sar,0,2
0.36909455,1,rgb_sar,0,2
0.3746198,1,rgb_sar,0,2
0.34652126,1,rgb_sar,0,2
0.3321079,1,rgb_sar,0,2
0.3604312,1,rgb_sar,0,2
0.2908958,1,rgb_sar,0,2
0.28492418,1,rgb_sar,0,2
0.30986026,1,rgb_sar,0,2
0.3259253,1,rgb_sar,0,2
0.33768803,1,rgb_sar,0,2
0.38600272,1,rgb_sar,0,2
0.3833424,1,rgb_sar,0,2
0.39678943,1,rgb_sar,0,2
0.35359982,1,rgb_sar,0,2
0.32371515,1,rgb_sar,0,2
0.33792514,1,rgb_sar,0,2
0.37110615,1,rgb_sar,0,2
0.4090255,1,rgb_sar,0,2
0.3278284,1,rgb_sar,0,2
0.3603155,1,rgb_sar,0,2
0.36443028,1,rgb_sar,0,2
0.363926,1,rgb_sar,0,2
0.38571644,1,rgb_sar,0,2
0.38835242,1,rgb_sar,0,2
0.4131463,1,rgb_sar,0,2
0.3779009,1,rgb_sar,0,2
0.3455133,1,rgb_sar,0,2
0.36612725,1,rgb_sar,0,2
0.39928576,1,rgb_sar,0,2
0.39736077,1,rgb_sar,0,2
0.38344812,1,rgb_sar,0,2
0.39248437,1,rgb_sar,0,2
0.38113078,1,rgb_sar,0,2
0.39054024,1,rgb_sar,0,2
0.3817948,1,rgb_sar,0,2
0.40404055,1,rgb_sar,0,2
0.35081226,1,rgb_sar,0,2
0.3385365,1,rgb_sar,0,2
0.3707711,1,rgb_sar,0,2
0.4066374,1,rgb_sar,0,2
0.44570985,1,rgb_sar,0,2
0.39395797,1,rgb_sar,0,2
0.36094987,1,rgb_sar,0,2
0.3844136,1,rgb_sar,0,2
0.3822888,1,rgb_sar,0,2
0.4115606,1,rgb_sar,0,2
0.38742894,1,rgb_sar,0,2
0.3861847,1,rgb_sar,0,2
0.3944084,1,rgb_sar,0,2
0.39460146,1,rgb_sar,0,2
0.4668018,1,rgb_sar,0,2
0.3636666,1,rgb_sar,0,2
0.37319195,1,rgb_sar,0,2
0.42052042,1,rgb_sar,0,2
0.36324057,1,rgb_sar,0,2
0.38241988,1,rgb_sar,0,2
0.36093608,1,rgb_sar,0,2
0.3531335,1,rgb_sar,0,2
0.39822274,1,rgb_sar,0,2
0.36932433,1,rgb_sar,0,2
0.396622,1,rgb_sar,0,2
0.40248382,1,rgb_sar,0,2
0.41410464,1,rgb_sar,0,2
0.37120253,1,rgb_sar,0,2
0.4584756,1,rgb_sar,0,2
0.48701185,1,rgb_sar,0,2
0.44465518,1,rgb_sar,0,2
0.44659758,1,rgb_sar,0,2
0.4158757,1,rgb_sar,0,2
0.49395478,1,rgb_sar,0,2
0.41686755,1,rgb_sar,0,2
0.39354092,1,rgb_sar,0,2
0.45485908,1,rgb_sar,0,2
0.43363196,1,rgb_sar,0,2
0.42815194,1,rgb_sar,0,2
0.4267508,1,rgb_sar,0,2
0.43009388,1,rgb_sar,0,2
0.43176636,1,rgb_sar,0,2
0.4965886,1,rgb_sar,0,2
0.42472324,1,rgb_sar,0,2
0.3972091,1,rgb_sar,0,2
0.43998083,1,rgb_sar,0,2
0.42229354,1,rgb_sar,0,2
0.42847705,1,rgb_sar,0,2
0.423952,1,rgb_sar,0,2
0.4483481,1,rgb_sar,0,2
0.4617653,1,rgb_sar,0,2
0.45006192,1,rgb_sar,0,2
0.49535197,1,rgb_sar,0,2
0.41455922,1,rgb_sar,0,2
0.37793788,1,rgb_sar,0,2
0.42356616,1,rgb_sar,0,2
0.41806817,1,rgb_sar,0,2
0.40275836,1,rgb_sar,0,2
0.41214272,1,rgb_sar,0,2
0.4658453,1,rgb_sar,0,2
0.50499034,1,rgb_sar,0,2
0.43409613,1,rgb_sar,0,2
0.38796723,1,rgb_sar,0,2
0.41876957,1,rgb_sar,0,2
0.42808628,1,rgb_sar,0,2
0.4126913,1,rgb_sar,0,2
0.4243405,1,rgb_sar,0,2
0.4584586,1,rgb_sar,0,2
0.446387,1,rgb_sar,0,2
0.49889794,1,rgb_sar,0,2
0.42421758,1,rgb_sar,0,2
0.3532869,1,rgb_sar,0,2
0.36984923,1,rgb_sar,0,2
0.39404187,1,rgb_sar,0,2
0.48361176,1,rgb_sar,0,2
0.3880766,1,rgb_sar,0,2
0.35670143,1,rgb_sar,0,2
0.38798258,1,rgb_sar,0,2
0.4133282,1,rgb_sar,0,2
0.46986604,1,rgb_sar,0,2
0.3675942,1,rgb_sar,0,2
0.33424327,1,rgb_sar,0,2
0.39600888,1,rgb_sar,0,2
0.41792285,1,rgb_sar,0,2
0.44102782,1,rgb_sar,0,2
0.47141576,1,rgb_sar,0,2
0.49224597,1,rgb_sar,0,2
0.3773446,1,rgb_sar,0,2
0.31351513,1,rgb_sar,0,2
0.32011515,1,rgb_sar,0,2
0.35353932,1,rgb_sar,0,2
0.4304486,1,rgb_sar,0,2
0.469168,1,rgb_sar,0,2
0.52140415,1,rgb_sar,0,2
0.3757014,1,rgb_sar,0,2
0.30435157,1,rgb_sar,0,2
0.31286138,1,rgb_sar,0,2
0.30641425,1,rgb_sar,0,2
0.37820563,1,rgb_sar,0,2
0.4224346,1,rgb_sar,0,2
0.51977277,1,rgb_sar,0,2
0.3765604,1,rgb_sar,0,2
0.3474754,1,rgb_sar,0,2
0.35128832,1,rgb_sar,0,2
0.31867212,1,rgb_sar,0,2
0.35739958,1,rgb_sar,0,2
0.40240884,1,rgb_sar,0,2
0.5174877,1,rgb_sar,0,2
0.35705835,4,rgb_sar,0,2
0.34456357,4,rgb_sar,0,2
0.29961637,4,rgb_sar,0,2
0.35813737,4,rgb_sar,0,2
0.22493711,4,rgb_sar,0,2
0.24358273,4,rgb_sar,0,2
0.35151768,4,rgb_sar,0,2
0.35506982,4,rgb_sar,0,2
0.21062422,4,rgb_sar,0,2
0.32559094,4,rgb_sar,0,2
0.20752797,4,rgb_sar,0,2
0.22667041,4,rgb_sar,0,2
0.32904628,4,rgb_sar,0,2
0.31059676,4,rgb_sar,0,2
0.2512455,4,rgb_sar,0,2
0.32131892,4,rgb_sar,0,2
0.20990096,4,rgb_sar,0,2
0.24178374,4,rgb_sar,0,2
0.32076415,4,rgb_sar,0,2
0.32096225,4,rgb_sar,0,2
0.24536893,4,rgb_sar,0,2
0.28180793,4,rgb_sar,0,2
0.26520267,4,rgb_sar,0,2
0.27144933,4,rgb_sar,0,2
0.2984251,4,rgb_sar,0,2
0.31060117,4,rgb_sar,0,2
0.32003862,4,rgb_sar,0,2
0.33180815,4,rgb_sar,0,2
0.23766665,4,rgb_sar,0,2
0.28245378,4,rgb_sar,0,2
0.30795595,4,rgb_sar,0,2
0.26374593,4,rgb_sar,0,2
0.25058687,4,rgb_sar,0,2
0.29987714,4,rgb_sar,0,2
0.30383658,4,rgb_sar,0,2
0.31553915,4,rgb_sar,0,2
0.3506301,4,rgb_sar,0,2
0.2783286,4,rgb_sar,0,2
0.2429407,4,rgb_sar,0,2
0.28125477,4,rgb_sar,0,2
0.24594264,4,rgb_sar,0,2
0.28457066,4,rgb_sar,0,2
0.3146938,4,rgb_sar,0,2
0.25530383,4,rgb_sar,0,2
0.26757318,4,rgb_sar,0,2
0.30842108,4,rgb_sar,0,2
0.28002292,4,rgb_sar,0,2
0.28998786,4,rgb_sar,0,2
0.31545505,4,rgb_sar,0,2
0.27755138,4,rgb_sar,0,2
0.3198658,4,rgb_sar,0,2
0.37947673,4,rgb_sar,0,2
0.3061023,4,rgb_sar,0,2
0.28421456,4,rgb_sar,0,2
0.32196295,4,rgb_sar,0,2
0.3180284,4,rgb_sar,0,2
0.35137004,4,rgb_sar,0,2
0.3655964,4,rgb_sar,0,2
0.37352479,4,rgb_sar,0,2
0.34560728,4,rgb_sar,0,2
0.3432163,4,rgb_sar,0,2
0.32840887,4,rgb_sar,0,2
0.3453915,4,rgb_sar,0,2
0.38049716,4,rgb_sar,0,2
0.3620032,4,rgb_sar,0,2
0.34581062,4,rgb_sar,0,2
0.31745034,4,rgb_sar,0,2
0.30801803,4,rgb_sar,0,2
0.35736352,4,rgb_sar,0,2
0.34165564,4,rgb_sar,0,2
0.35319382,4,rgb_sar,0,2
0.37731257,4,rgb_sar,0,2
0.34287226,4,rgb_sar,0,2
0.34512818,4,rgb_sar,0,2
0.37895632,4,rgb_sar,0,2
0.36177278,4,rgb_sar,0,2
0.26464918,4,rgb_sar,0,2
0.2977046,4,rgb_sar,0,2
0.2141505,4,rgb_sar,0,2
0.24642566,4,rgb_sar,0,2
0.18426792,4,rgb_sar,0,2
0.16755968,4,rgb_sar,0,2
0.2313255,4,rgb_sar,0,2
0.26920322,4,rgb_sar,0,2
0.1963224,4,rgb_sar,0,2
0.23542961,4,rgb_sar,0,2
0.21655825,4,rgb_sar,0,2
0.19021638,4,rgb_sar,0,2
0.24262103,4,rgb_sar,0,2
0.2701166,4,rgb_sar,0,2
0.23026572,4,rgb_sar,0,2
0.2901777,4,rgb_sar,0,2
0.270199,4,rgb_sar,0,2
0.28453723,4,rgb_sar,0,2
0.29678887,4,rgb_sar,0,2
0.29065606,4,rgb_sar,0,2
0.25809902,4,rgb_sar,0,2
0.3044654,4,rgb_sar,0,2
0.3625407,4,rgb_sar,0,2
0.33998728,4,rgb_sar,0,2
0.32993057,4,rgb_sar,0,2
0.327343,4,rgb_sar,0,2
0.32131284,4,rgb_sar,0,2
0.3102656,4,rgb_sar,0,2
0.22935699,4,rgb_sar,0,2
0.28060156,4,rgb_sar,0,2
0.31800553,4,rgb_sar,0,2
0.3756147,4,rgb_sar,0,2
0.3347779,4,rgb_sar,0,2
0.30378583,4,rgb_sar,0,2
0.2719874,4,rgb_sar,0,2
0.30570912,4,rgb_sar,0,2
0.3554809,4,rgb_sar,0,2
0.28563026,4,rgb_sar,0,2
0.35636103,4,rgb_sar,0,2
0.38343647,4,rgb_sar,0,2
0.31761873,4,rgb_sar,0,2
0.27143663,4,rgb_sar,0,2
0.24437341,4,rgb_sar,0,2
0.22160898,4,rgb_sar,0,2
0.25599605,4,rgb_sar,0,2
0.29623473,4,rgb_sar,0,2
0.33768106,4,rgb_sar,0,2
0.381129,4,rgb_sar,0,2
0.39594886,4,rgb_sar,0,2
0.3253999,4,rgb_sar,0,2
0.27953374,4,rgb_sar,0,2
0.26863977,4,rgb_sar,0,2
0.29557523,4,rgb_sar,0,2
0.34238666,4,rgb_sar,0,2
0.3423958,4,rgb_sar,0,2
0.3775356,4,rgb_sar,0,2
0.36629164,4,rgb_sar,0,2
0.36185282,4,rgb_sar,0,2
0.36402547,4,rgb_sar,0,2
0.3235147,4,rgb_sar,0,2
0.30271518,4,rgb_sar,0,2
0.3333751,4,rgb_sar,0,2
0.37965682,4,rgb_sar,0,2
0.3673517,4,rgb_sar,0,2
0.31765854,4,rgb_sar,0,2
0.3806151,4,rgb_sar,0,2
0.37465692,4,rgb_sar,0,2
0.42999306,4,rgb_sar,0,2
0.42262352,4,rgb_sar,0,2
0.36017007,4,rgb_sar,0,2
0.35370117,4,rgb_sar,0,2
0.35520887,4,rgb_sar,0,2
0.38347504,4,rgb_sar,0,2
0.39070156,4,rgb_sar,0,2
0.3740896,4,rgb_sar,0,2
0.33989275,4,rgb_sar,0,2
0.43681088,1,rgb_sar,0,2
0.46139345,1,rgb_sar,0,2
0.45931843,1,rgb_sar,0,2
0.46768248,1,rgb_sar,0,2
0.4413211,1,rgb_sar,0,2
0.44228816,1,rgb_sar,0,2
0.4886627,1,rgb_sar,0,2
0.46201,1,rgb_sar,0,2
0.47168058,1,rgb_sar,0,2
0.4507782,1,rgb_sar,0,2
0.49294567,1,rgb_sar,0,2
0.511733,1,rgb_sar,0,2
0.5335314,1,rgb_sar,0,2
0.5471207,1,rgb_sar,0,2
0.47452098,1,rgb_sar,0,2
0.4811241,1,rgb_sar,0,2
0.47495246,1,rgb_sar,0,2
0.5510453,1,rgb_sar,0,2
0.5018796,1,rgb_sar,0,2
0.551286,1,rgb_sar,0,2
0.57006866,1,rgb_sar,0,2
0.5319504,1,rgb_sar,0,2
0.4615515,1,rgb_sar,0,2
0.45998114,1,rgb_sar,0,2
0.47066623,1,rgb_sar,0,2
0.5500226,1,rgb_sar,0,2
0.44249064,1,rgb_sar,0,2
0.4295128,1,rgb_sar,0,2
0.49594253,1,rgb_sar,0,2
0.48279804,1,rgb_sar,0,2
0.5059134,1,rgb_sar,0,2
0.46776545,1,rgb_sar,0,2
0.42194247,1,rgb_sar,0,2
0.43027687,1,rgb_sar,0,2
0.46218586,1,rgb_sar,0,2
0.5566021,1,rgb_sar,0,2
0.4760286,1,rgb_sar,0,2
0.45109746,1,rgb_sar,0,2
0.4951256,1,rgb_sar,0,2
0.47941184,1,rgb_sar,0,2
0.4417097,1,rgb_sar,0,2
0.42724168,1,rgb_sar,0,2
0.40212062,1,rgb_sar,0,2
0.43758637,1,rgb_sar,0,2
0.49813104,1,rgb_sar,0,2
0.5724514,1,rgb_sar,0,2
0.46949828,1,rgb_sar,0,2
0.43772754,1,rgb_sar,0,2
0.3491127,1,rgb_sar,0,2
0.31921035,1,rgb_sar,0,2
0.3516156,1,rgb_sar,0,2
0.3993104,1,rgb_sar,0,2
0.47612628,1,rgb_sar,0,2
0.57121134,1,rgb_sar,0,2
0.4301244,1,rgb_sar,0,2
0.3592255,1,rgb_sar,0,2
0.3230766,1,rgb_sar,0,2
0.32451814,1,rgb_sar,0,2
0.33978233,1,rgb_sar,0,2
0.4346381,1,rgb_sar,0,2
0.5582661,1,rgb_sar,0,2
0.38421783,1,rgb_sar,0,2
0.358319,1,rgb_sar,0,2
0.3648625,1,rgb_sar,0,2
0.3623516,1,rgb_sar,0,2
0.41613838,1,rgb_sar,0,2
0.51264596,1,rgb_sar,0,2
0.39551896,1,rgb_sar,0,2
0.42910737,1,rgb_sar,0,2
0.41798148,1,rgb_sar,0,2
0.4329161,1,rgb_sar,0,2
0.50361633,1,rgb_sar,0,2
0.52060235,1,rgb_sar,0,2
0.47371072,1,rgb_sar,0,2
0.38421315,1,rgb_sar,0,2
0.46956694,1,rgb_sar,0,2
0.42335904,1,rgb_sar,0,2
0.36630884,1,rgb_sar,0,2
0.47119328,1,rgb_sar,0,2
0.449748,1,rgb_sar,0,2
0.54782724,1,rgb_sar,0,2
0.46028274,1,rgb_sar,0,2
0.46229857,1,rgb_sar,0,2
0.45787674,1,rgb_sar,0,2
0.47866112,1,rgb_sar,0,2
0.4721612,1,rgb_sar,0,2
0.45894963,1,rgb_sar,0,2
0.4365511,1,rgb_sar,0,2
0.42721742,1,rgb_sar,0,2
0.4587769,1,rgb_sar,0,2
0.43648362,1,rgb_sar,0,2
0.46844152,1,rgb_sar,0,2
0.47473013,1,rgb_sar,0,2
0.5065208,1,rgb_sar,0,2
0.5222527,1,rgb_sar,0,2
0.50275993,1,rgb_sar,0,2
0.46554986,1,rgb_sar,0,2
0.44656536,1,rgb_sar,0,2
0.49765554,1,rgb_sar,0,2
0.49362448,1,rgb_sar,0,2
0.51437765,1,rgb_sar,0,2
0.5160994,1,rgb_sar,0,2
0.4833976,1,rgb_sar,0,2
0.49841148,1,rgb_sar,0,2
0.5326592,1,rgb_sar,0,2
0.5038333,1,rgb_sar,0,2
0.47026223,1,rgb_sar,0,2
0.46511045,1,rgb_sar,0,2
0.50296855,1,rgb_sar,0,2
0.51621664,1,rgb_sar,0,2
0.5431808,1,rgb_sar,0,2
0.5207548,1,rgb_sar,0,2
0.5324014,1,rgb_sar,0,2
0.51661456,1,rgb_sar,0,2
0.53007776,1,rgb_sar,0,2
0.5411185,1,rgb_sar,0,2
0.51632607,1,rgb_sar,0,2
0.54885226,1,rgb_sar,0,2
0.5222126,1,rgb_sar,0,2
0.5260377,1,rgb_sar,0,2
0.50917435,1,rgb_sar,0,2
0.5093887,1,rgb_sar,0,2
0.5038895,1,rgb_sar,0,2
0.48281544,1,rgb_sar,0,2
0.45754325,1,rgb_sar,0,2
0.51038384,1,rgb_sar,0,2
0.51739407,1,rgb_sar,0,2
0.5004833,1,rgb_sar,0,2
0.4883982,1,rgb_sar,0,2
0.5692138,1,rgb_sar,0,2
0.5543057,1,rgb_sar,0,2
0.5409653,1,rgb_sar,0,2
0.53283703,1,rgb_sar,0,2
0.49174955,1,rgb_sar,0,2
0.50590056,1,rgb_sar,0,2
0.50312304,1,rgb_sar,0,2
0.5313468,1,rgb_sar,0,2
0.5300414,1,rgb_sar,0,2
0.5364867,1,rgb_sar,0,2
0.5188142,1,rgb_sar,0,2
0.50268453,1,rgb_sar,0,2
0.52687573,1,rgb_sar,0,2
0.49081713,1,rgb_sar,0,2
0.47551343,1,rgb_sar,0,2
0.4586503,1,rgb_sar,0,2
0.45154014,1,rgb_sar,0,2
0.43496564,1,rgb_sar,0,2
0.4750059,1,rgb_sar,0,2
0.49367145,1,rgb_sar,0,2
0.5210488,1,rgb_sar,0,2
0.49530125,1,rgb_sar,0,2
0.48774153,1,rgb_sar,0,2
0.48278415,1,rgb_sar,0,2
0.48647165,1,rgb_sar,0,2
0.48992127,1,rgb_sar,0,2
0.49787635,1,rgb_sar,0,2
0.5739882,1,rgb_sar,0,2
0.5791786,1,rgb_sar,0,2
0.55725646,1,rgb_sar,0,2
0.5157663,1,rgb_sar,0,2
0.44132203,1,rgb_sar,0,2
0.45604432,1,rgb_sar,0,2
0.4856184,1,rgb_sar,0,2
0.44798175,1,rgb_sar,0,2
0.42138523,1,rgb_sar,0,2
0.48664877,1,rgb_sar,0,2
0.4981944,1,rgb_sar,0,2
0.49755526,1,rgb_sar,0,2
0.47721708,1,rgb_sar,0,2
0.47124678,1,rgb_sar,0,2
0.47826186,1,rgb_sar,0,2
0.47047776,1,rgb_sar,0,2
0.47877306,1,rgb_sar,0,2
0.50095516,1,rgb_sar,0,2
0.53582394,1,rgb_sar,0,2
0.54692096,1,rgb_sar,0,2
0.5447524,1,rgb_sar,0,2
0.51544327,1,rgb_sar,0,2
0.44370875,1,rgb_sar,0,2
0.47137982,1,rgb_sar,0,2
0.40785733,1,rgb_sar,0,2
0.37684774,1,rgb_sar,0,2
0.38137516,1,rgb_sar,0,2
0.4113071,1,rgb_sar,0,2
0.47376654,1,rgb_sar,0,2
0.46704283,1,rgb_sar,0,2
0.4744138,1,rgb_sar,0,2
0.4731289,1,rgb_sar,0,2
0.43252113,1,rgb_sar,0,2
0.4456855,1,rgb_sar,0,2
0.4768604,1,rgb_sar,0,2
0.40512642,1,rgb_sar,0,2
0.38173902,1,rgb_sar,0,2
0.35884172,1,rgb_sar,0,2
0.36780065,1,rgb_sar,0,2
0.37060058,1,rgb_sar,0,2
0.4029193,1,rgb_sar,0,2
0.4484496,1,rgb_sar,0,2
0.47529858,1,rgb_sar,0,2
0.4684158,1,rgb_sar,0,2
0.42216635,1,rgb_sar,0,2
0.43511105,1,rgb_sar,0,2
0.4333848,1,rgb_sar,0,2
0.45691025,1,rgb_sar,0,2
0.39586553,1,rgb_sar,0,2
0.37613073,1,rgb_sar,0,2
0.3903789,1,rgb_sar,0,2
0.42784292,1,rgb_sar,0,2
0.45123148,1,rgb_sar,0,2
0.4278698,1,rgb_sar,0,2
0.42525727,1,rgb_sar,0,2
0.4186807,1,rgb_sar,0,2
0.40743822,1,rgb_sar,0,2
0.43593502,1,rgb_sar,0,2
0.5033242,1,rgb_sar,0,2
0.567902,1,rgb_sar,0,2
0.49345306,1,rgb_sar,0,2
0.49186462,1,rgb_sar,0,2
0.4502847,1,rgb_sar,0,2
0.4545642,1,rgb_sar,0,2
0.46614236,1,rgb_sar,0,2
0.42729548,1,rgb_sar,0,2
0.39534423,1,rgb_sar,0,2
0.39175153,1,rgb_sar,0,2
0.38781267,1,rgb_sar,0,2
0.4339901,1,rgb_sar,0,2
0.4834509,1,rgb_sar,0,2
0.52149665,1,rgb_sar,0,2
0.47542876,1,rgb_sar,0,2
0.4571319,1,rgb_sar,0,2
0.41285285,1,rgb_sar,0,2
0.4391427,1,rgb_sar,0,2
0.43672323,1,rgb_sar,0,2
0.40543133,1,rgb_sar,0,2
0.3459214,1,rgb_sar,0,2
0.31037176,1,rgb_sar,0,2
0.39167726,1,rgb_sar,0,2
0.48247296,1,rgb_sar,0,2
0.5069314,1,rgb_sar,0,2
0.43261832,1,rgb_sar,0,2
0.43130833,1,rgb_sar,0,2
0.42592132,1,rgb_sar,0,2
0.4134907,1,rgb_sar,0,2
0.38469625,1,rgb_sar,0,2
0.33702272,1,rgb_sar,0,2
0.34890923,1,rgb_sar,0,2
0.45211852,1,rgb_sar,0,2
0.5259249,1,rgb_sar,0,2
0.50385654,1,rgb_sar,0,2
0.45744514,1,rgb_sar,0,2
0.4555671,1,rgb_sar,0,2
0.43771595,1,rgb_sar,0,2
0.47936773,1,rgb_sar,0,2
0.47973436,1,rgb_sar,0,2
0.4888782,1,rgb_sar,0,2
0.5093576,1,rgb_sar,0,2
0.49870032,1,rgb_sar,0,2
0.50873446,1,rgb_sar,0,2
0.5336073,1,rgb_sar,0,2
0.5118321,1,rgb_sar,0,2
0.4979722,1,rgb_sar,0,2
0.5252001,1,rgb_sar,0,2
0.50951016,1,rgb_sar,0,2
0.51993203,1,rgb_sar,0,2
0.5172166,1,rgb_sar,0,2
0.5314932,1,rgb_sar,0,2
0.565859,1,rgb_sar,0,2
0.5452038,1,rgb_sar,0,2
0.47051036,1,rgb_sar,0,2
0.466575,1,rgb_sar,0,2
0.4873067,1,rgb_sar,0,2
0.5062072,1,rgb_sar,0,2
0.5055095,1,rgb_sar,0,2
0.5351389,1,rgb_sar,0,2
0.5611732,1,rgb_sar,0,2
0.58418536,1,rgb_sar,0,2
0.5320188,1,rgb_sar,0,2
0.44770128,1,rgb_sar,0,2
0.48921517,1,rgb_sar,0,2
0.48767883,1,rgb_sar,0,2
0.5090341,1,rgb_sar,0,2
0.51275146,1,rgb_sar,0,2
0.5419797,1,rgb_sar,0,2
0.54308844,1,rgb_sar,0,2
0.5489282,1,rgb_sar,0,2
0.56380683,1,rgb_sar,0,2
0.5193218,1,rgb_sar,0,2
0.43124333,1,rgb_sar,0,2
0.4570365,1,rgb_sar,0,2
0.4555458,1,rgb_sar,0,2
0.4810226,1,rgb_sar,0,2
0.4787366,1,rgb_sar,0,2
0.51966655,1,rgb_sar,0,2
0.51751363,1,rgb_sar,0,2
0.52577746,1,rgb_sar,0,2
0.43519476,1,rgb_sar,0,2
0.44686973,1,rgb_sar,0,2
0.4298142,1,rgb_sar,0,2
0.45877463,1,rgb_sar,0,2
0.46528363,1,rgb_sar,0,2
0.4885185,1,rgb_sar,0,2
0.49410814,1,rgb_sar,0,2
0.5292257,1,rgb_sar,0,2
0.52400166,1,rgb_sar,0,2
0.42630762,1,rgb_sar,0,2
0.42240846,1,rgb_sar,0,2
0.40382835,1,rgb_sar,0,2
0.48344362,1,rgb_sar,0,2
0.5320099,1,rgb_sar,0,2
0.4310593,1,rgb_sar,0,2
0.40341902,1,rgb_sar,0,2
0.45204774,1,rgb_sar,0,2
0.49694532,1,rgb_sar,0,2
0.50398195,1,rgb_sar,0,2
0.3925455,1,rgb_sar,0,2
0.37941104,1,rgb_sar,0,2
0.41765624,1,rgb_sar,0,2
0.45748314,1,rgb_sar,0,2
0.47566193,1,rgb_sar,0,2
0.5033991,1,rgb_sar,0,2
0.50916207,1,rgb_sar,0,2
0.40617985,1,rgb_sar,0,2
0.3699324,1,rgb_sar,0,2
0.3501392,1,rgb_sar,0,2
0.40777963,1,rgb_sar,0,2
0.45178983,1,rgb_sar,0,2
0.5225875,1,rgb_sar,0,2
0.51491654,1,rgb_sar,0,2
0.40969008,1,rgb_sar,0,2
0.37699825,1,rgb_sar,0,2
0.35978568,1,rgb_sar,0,2
0.36868462,1,rgb_sar,0,2
0.36883467,1,rgb_sar,0,2
0.4714601,1,rgb_sar,0,2
0.5255611,1,rgb_sar,0,2
0.39398503,1,rgb_sar,0,2
0.364047,1,rgb_sar,0,2
0.39608157,1,rgb_sar,0,2
0.40268126,1,rgb_sar,0,2
0.40447664,1,rgb_sar,0,2
0.45067906,1,rgb_sar,0,2
0.56530344,1,rgb_sar,0,2
0.2581231,4,rgb_sar,0,2
0.21960914,4,rgb_sar,0,2
0.32313618,4,rgb_sar,0,2
0.27257058,4,rgb_sar,0,2
0.26604018,4,rgb_sar,0,2
0.34881765,4,rgb_sar,0,2
0.28458777,4,rgb_sar,0,2
0.255938,4,rgb_sar,0,2
0.4048434,4,rgb_sar,0,2
0.3517117,4,rgb_sar,0,2
0.3547059,4,rgb_sar,0,2
0.44626117,4,rgb_sar,0,2
0.34179017,4,rgb_sar,0,2
0.27648258,4,rgb_sar,0,2
0.39313036,4,rgb_sar,0,2
0.33514583,4,rgb_sar,0,2
0.30834186,4,rgb_sar,0,2
0.398728,4,rgb_sar,0,2
0.29793072,4,rgb_sar,0,2
0.22431143,4,rgb_sar,0,2
0.3864724,4,rgb_sar,0,2
0.33117664,4,rgb_sar,0,2
0.27544853,4,rgb_sar,0,2
0.33046964,4,rgb_sar,0,2
0.3192684,4,rgb_sar,0,2
0.27874824,4,rgb_sar,0,2
0.19339783,4,rgb_sar,0,2
0.18066877,4,rgb_sar,0,2
0.15823765,4,rgb_sar,0,2
0.42202863,4,rgb_sar,0,2
0.3621334,4,rgb_sar,0,2
0.29125506,4,rgb_sar,0,2
0.35377306,4,rgb_sar,0,2
0.3285586,4,rgb_sar,0,2
0.28285658,4,rgb_sar,0,2
0.22276191,4,rgb_sar,0,2
0.22731192,4,rgb_sar,0,2
0.19687334,4,rgb_sar,0,2
0.43739712,4,rgb_sar,0,2
0.35517704,4,rgb_sar,0,2
0.2300821,4,rgb_sar,0,2
0.26656744,4,rgb_sar,0,2
0.2966968,4,rgb_sar,0,2
0.27563608,4,rgb_sar,0,2
0.25521982,4,rgb_sar,0,2
0.24809365,4,rgb_sar,0,2
0.23160255,4,rgb_sar,0,2
0.36142278,4,rgb_sar,0,2
0.32867604,4,rgb_sar,0,2
0.2500708,4,rgb_sar,0,2
0.2733082,4,rgb_sar,0,2
0.26555896,4,rgb_sar,0,2
0.2960432,4,rgb_sar,0,2
0.31793794,4,rgb_sar,0,2
0.27011645,4,rgb_sar,0,2
0.2617187,4,rgb_sar,0,2
0.3402183,4,rgb_sar,0,2
0.35268742,4,rgb_sar,0,2
0.33307552,4,rgb_sar,0,2
0.36618295,4,rgb_sar,0,2
0.32373345,4,rgb_sar,0,2
0.3044336,4,rgb_sar,0,2
0.3152188,4,rgb_sar,0,2
0.2758845,4,rgb_sar,0,2
0.23753342,4,rgb_sar,0,2
0.38127768,4,rgb_sar,0,2
0.37618265,4,rgb_sar,0,2
0.35370958,4,rgb_sar,0,2
0.38900304,4,rgb_sar,0,2
0.35058632,4,rgb_sar,0,2
0.32140452,4,rgb_sar,0,2
0.33986714,4,rgb_sar,0,2
0.40157765,4,rgb_sar,0,2
0.47547525,4,rgb_sar,0,2
0.46033743,4,rgb_sar,0,2
0.42851225,4,rgb_sar,0,2
0.2837153,4,rgb_sar,0,2
0.29182607,4,rgb_sar,0,2
0.2820807,4,rgb_sar,0,2
0.25405288,4,rgb_sar,0,2
0.13942006,4,rgb_sar,0,2
0.23240958,4,rgb_sar,0,2
0.29390427,4,rgb_sar,0,2
0.29640985,4,rgb_sar,0,2
0.25363648,4,rgb_sar,0,2
0.26686794,4,rgb_sar,0,2
0.21681282,4,rgb_sar,0,2
0.26852998,4,rgb_sar,0,2
0.28590822,4,rgb_sar,0,2
0.33944714,4,rgb_sar,0,2
0.27354792,4,rgb_sar,0,2
0.2835642,4,rgb_sar,0,2
0.2875663,4,rgb_sar,0,2
0.33498734,4,rgb_sar,0,2
0.33879536,4,rgb_sar,0,2
0.36426213,4,rgb_sar,0,2
0.26803306,4,rgb_sar,0,2
0.27426884,4,rgb_sar,0,2
0.31017673,4,rgb_sar,0,2
0.3483842,4,rgb_sar,0,2
0.41925418,4,rgb_sar,0,2
0.4128187,4,rgb_sar,0,2
0.35019046,4,rgb_sar,0,2
0.36614102,4,rgb_sar,0,2
0.264095,4,rgb_sar,0,2
0.24947461,4,rgb_sar,0,2
0.24820063,4,rgb_sar,0,2
0.25516382,4,rgb_sar,0,2
0.30832094,4,rgb_sar,0,2
0.3601886,4,rgb_sar,0,2
0.39040315,4,rgb_sar,0,2
0.3272343,4,rgb_sar,0,2
0.3299939,4,rgb_sar,0,2
0.27573425,4,rgb_sar,0,2
0.23769408,4,rgb_sar,0,2
0.20754088,4,rgb_sar,0,2
0.22791624,4,rgb_sar,0,2
0.23208557,4,rgb_sar,0,2
0.2112247,4,rgb_sar,0,2
0.24860448,4,rgb_sar,0,2
0.33917117,4,rgb_sar,0,2
0.33562338,4,rgb_sar,0,2
0.26604128,4,rgb_sar,0,2
0.22209293,4,rgb_sar,0,2
0.20146985,4,rgb_sar,0,2
0.2479884,4,rgb_sar,0,2
0.25971007,4,rgb_sar,0,2
0.2300977,4,rgb_sar,0,2
0.2543208,4,rgb_sar,0,2
0.3582297,4,rgb_sar,0,2
0.38254654,4,rgb_sar,0,2
0.28526366,4,rgb_sar,0,2
0.293219,4,rgb_sar,0,2
0.27256072,4,rgb_sar,0,2
0.32494152,4,rgb_sar,0,2
0.36934173,4,rgb_sar,0,2
0.28537098,4,rgb_sar,0,2
0.22511484,4,rgb_sar,0,2
0.29198492,4,rgb_sar,0,2
0.32064062,4,rgb_sar,0,2
0.32486242,4,rgb_sar,0,2
0.31566226,4,rgb_sar,0,2
0.27746645,4,rgb_sar,0,2
0.3077138,4,rgb_sar,0,2
0.3103705,4,rgb_sar,0,2
0.24133831,4,rgb_sar,0,2
0.22073762,4,rgb_sar,0,2
0.28781664,4,rgb_sar,0,2
0.31571335,4,rgb_sar,0,2
0.29836917,4,rgb_sar,0,2
0.29307204,4,rgb_sar,0,2
0.25162172,4,rgb_sar,0,2
0.35428077,1,rgb_sar,0,2
0.2585544,1,rgb_sar,0,2
0.16289721,1,rgb_sar,0,2
0.110606745,1,rgb_sar,0,2
0.083297834,1,rgb_sar,0,2
0.4131397,1,rgb_sar,0,2
0.36135674,1,rgb_sar,0,2
0.3658753,1,rgb_sar,0,2
0.33674172,1,rgb_sar,0,2
0.24759525,1,rgb_sar,0,2
0.1846369,1,rgb_sar,0,2
0.5370125,1,rgb_sar,0,2
0.48035654,1,rgb_sar,0,2
0.49727386,1,rgb_sar,0,2
0.4765947,1,rgb_sar,0,2
0.4275981,1,rgb_sar,0,2
0.39621925,1,rgb_sar,0,2
0.22154263,1,rgb_sar,0,2
0.16625261,1,rgb_sar,0,2
0.13555028,1,rgb_sar,0,2
0.09321666,1,rgb_sar,0,2
0.091282465,1,rgb_sar,0,2
0.2576195,1,rgb_sar,0,2
0.2455247,1,rgb_sar,0,2
0.23331803,1,rgb_sar,0,2
0.22808503,1,rgb_sar,0,2
0.21875077,1,rgb_sar,0,2
0.14755473,1,rgb_sar,0,2
0.40687436,1,rgb_sar,0,2
0.38343048,1,rgb_sar,0,2
0.3896647,1,rgb_sar,0,2
0.37613982,1,rgb_sar,0,2
0.39348042,1,rgb_sar,0,2
0.30797482,1,rgb_sar,0,2
-0.030802337,3,rgb_sar,0,2
-0.109855846,3,rgb_sar,0,2
0.049609847,3,rgb_sar,0,2
0.1739164,3,rgb_sar,0,2
0.14455652,3,rgb_sar,0,2
-0.021148704,3,rgb_sar,0,2
-0.12720694,3,rgb_sar,0,2
-0.046351183,3,rgb_sar,0,2
-0.11465235,3,rgb_sar,0,2
-0.10976617,3,rgb_sar,0,2
0.046980515,3,rgb_sar,0,2
0.13604517,3,rgb_sar,0,2
0.02361542,3,rgb_sar,0,2
-0.00542995,3,rgb_sar,0,2
0.2823633,3,rgb_sar,0,2
0.19971514,3,rgb_sar,0,2
-0.09571932,3,rgb_sar,0,2
-0.12091915,3,rgb_sar,0,2
-0.022545349,3,rgb_sar,0,2
0.085169405,3,rgb_sar,0,2
0.13273071,3,rgb_sar,0,2
0.19458199,3,rgb_sar,0,2
0.012465304,3,rgb_sar,0,2
0.2178157,3,rgb_sar,0,2
0.33918363,3,rgb_sar,0,2
0.0784784,3,rgb_sar,0,2
-0.09473643,3,rgb_sar,0,2
-0.04613127,3,rgb_sar,0,2
-0.010401518,3,rgb_sar,0,2
0.04452693,3,rgb_sar,0,2
0.07543159,3,rgb_sar,0,2
0.12067194,3,rgb_sar,0,2
-0.023663353,3,rgb_sar,0,2
-0.14850107,3,rgb_sar,0,2
0.19381884,3,rgb_sar,0,2
0.17577419,3,rgb_sar,0,2
-0.068757504,3,rgb_sar,0,2
-0.11003266,3,rgb_sar,0,2
-0.028406627,3,rgb_sar,0,2
0.050645173,3,rgb_sar,0,2
0.053591464,3,rgb_sar,0,2
-0.019683689,3,rgb_sar,0,2
-0.0716099,3,rgb_sar,0,2
-0.049869347,3,rgb_sar,0,2
0.010866449,3,rgb_sar,0,2
-0.025874253,3,rgb_sar,0,2
-0.045294076,3,rgb_sar,0,2
-0.09494593,3,rgb_sar,0,2
-0.11686163,3,rgb_sar,0,2
-0.04922127,3,rgb_sar,0,2
0.11289175,3,rgb_sar,0,2
0.10488932,3,rgb_sar,0,2
-0.06710702,3,rgb_sar,0,2
0.03592106,3,rgb_sar,0,2
0.23226069,3,rgb_sar,0,2
0.2548204,3,rgb_sar,0,2
-0.043751087,3,rgb_sar,0,2
-0.06467084,3,rgb_sar,0,2
-0.13042414,3,rgb_sar,0,2
-0.066801846,3,rgb_sar,0,2
0.09992316,3,rgb_sar,0,2
0.29748642,3,rgb_sar,0,2
0.17999834,3,rgb_sar,0,2
0.015343564,3,rgb_sar,0,2
0.20581079,3,rgb_sar,0,2
0.29942748,3,rgb_sar,0,2
0.17501281,3,rgb_sar,0,2
-0.04552519,3,rgb_sar,0,2
-0.09122773,3,rgb_sar,0,2
-0.03538625,3,rgb_sar,0,2
0.11618029,3,rgb_sar,0,2
0.3440641,3,rgb_sar,0,2
0.42226005,3,rgb_sar,0,2
0.17487009,3,rgb_sar,0,2
-0.0128328875,3,rgb_sar,0,2
0.085999586,3,rgb_sar,0,2
-0.0949063,3,rgb_sar,0,2
0.042284094,3,rgb_sar,0,2
0.16328704,3,rgb_sar,0,2
0.26887473,3,rgb_sar,0,2
0.38059813,3,rgb_sar,0,2
0.2897709,3,rgb_sar,0,2
0.054868184,3,rgb_sar,0,2
-0.107028976,3,rgb_sar,0,2
-0.027415838,3,rgb_sar,0,2
0.40322548,3,rgb_sar,0,2
0.4705364,3,rgb_sar,0,2
0.42990553,3,rgb_sar,0,2
0.24109013,3,rgb_sar,0,2
0.45972738,3,rgb_sar,0,2
0.4752897,3,rgb_sar,0,2
0.45026183,3,rgb_sar,0,2
0.35911936,3,rgb_sar,0,2
0.17362572,3,rgb_sar,0,2
-0.030488431,3,rgb_sar,0,2
0.13219172,3,rgb_sar,0,2
0.25301197,3,rgb_sar,0,2
0.14264947,3,rgb_sar,0,2
-0.045225397,3,rgb_sar,0,2
-0.06201049,3,rgb_sar,0,2
0.18724194,3,rgb_sar,0,2
0.043255232,3,rgb_sar,0,2
-0.027196333,3,rgb_sar,0,2
0.035732035,3,rgb_sar,0,2
0.109039776,3,rgb_sar,0,2
0.008920287,3,rgb_sar,0,2
-0.013245707,3,rgb_sar,0,2
0.23258945,3,rgb_sar,0,2
0.004761258,3,rgb_sar,0,2
-0.055953644,3,rgb_sar,0,2
-0.013114734,3,rgb_sar,0,2
0.18932417,3,rgb_sar,0,2
0.16160345,3,rgb_sar,0,2
0.05188392,3,rgb_sar,0,2
-0.048964612,3,rgb_sar,0,2
0.24007602,3,rgb_sar,0,2
-0.02518262,3,rgb_sar,0,2
-0.032978065,3,rgb_sar,0,2
0.032220036,3,rgb_sar,0,2
0.24606945,3,rgb_sar,0,2
0.1379621,3,rgb_sar,0,2
-0.0016901176,3,rgb_sar,0,2
-0.047425855,3,rgb_sar,0,2
-0.09162088,3,rgb_sar,0,2
0.2173507,3,rgb_sar,0,2
0.027796892,3,rgb_sar,0,2
-0.041446194,3,rgb_sar,0,2
0.07822612,3,rgb_sar,0,2
0.2587783,3,rgb_sar,0,2
0.10495373,3,rgb_sar,0,2
-0.04224042,3,rgb_sar,0,2
0.052672606,3,rgb_sar,0,2
0.09027538,3,rgb_sar,0,2
0.14572272,3,rgb_sar,0,2
-0.021580348,3,rgb_sar,0,2
-0.04149217,3,rgb_sar,0,2
0.06995051,3,rgb_sar,0,2
0.32640553,3,rgb_sar,0,2
0.15782568,3,rgb_sar,0,2
0.06717778,3,rgb_sar,0,2
0.27349317,3,rgb_sar,0,2
0.33723688,3,rgb_sar,0,2
0.10422853,3,rgb_sar,0,2
-0.013836566,3,rgb_sar,0,2
0.06149069,3,rgb_sar,0,2
0.257389,3,rgb_sar,0,2
0.35884088,3,rgb_sar,0,2
0.16964856,3,rgb_sar,0,2
0.16367479,3,rgb_sar,0,2
0.3041825,3,rgb_sar,0,2
0.25385067,3,rgb_sar,0,2
0.18974145,3,rgb_sar,0,2
0.17695221,3,rgb_sar,0,2
0.36132517,3,rgb_sar,0,2
0.43919712,3,rgb_sar,0,2
0.21104507,3,rgb_sar,0,2
0.0019048564,3,rgb_sar,0,2
0.03703097,3,rgb_sar,0,2
0.27800018,3,rgb_sar,0,2
0.3547774,3,rgb_sar,0,2
0.40005222,3,rgb_sar,0,2
0.27418295,3,rgb_sar,0,2
-0.019215498,3,rgb_sar,0,2
-0.13322169,3,rgb_sar,0,2
-0.08146558,3,rgb_sar,0,2
0.5714072,3,rgb_sar,0,2
0.52977765,3,rgb_sar,0,2
0.42769375,3,rgb_sar,0,2
0.22933428,3,rgb_sar,0,2
0.6633612,3,rgb_sar,0,2
0.5962078,3,rgb_sar,0,2
0.44567046,3,rgb_sar,0,2
0.3172748,3,rgb_sar,0,2
0.64983916,1,rgb_sar,0,2
0.6448877,1,rgb_sar,0,2
0.49440575,1,rgb_sar,0,2
0.6029457,1,rgb_sar,0,2
0.45117876,1,rgb_sar,0,2
0.59250987,1,rgb_sar,0,2
0.46063107,1,rgb_sar,0,2
0.46670341,1,rgb_sar,0,2
0.59933984,1,rgb_sar,0,2
0.4491936,1,rgb_sar,0,2
0.4591577,1,rgb_sar,0,2
0.47624487,1,rgb_sar,0,2
0.60796773,1,rgb_sar,0,2
0.44283146,1,rgb_sar,0,2
0.47166258,1,rgb_sar,0,2
0.49752828,1,rgb_sar,0,2
0.62424636,1,rgb_sar,0,2
0.4832374,1,rgb_sar,0,2
0.47468147,1,rgb_sar,0,2
0.5076914,1,rgb_sar,0,2
0.6458176,1,rgb_sar,0,2
0.53959036,1,rgb_sar,0,2
0.5067664,1,rgb_sar,0,2
0.52908313,1,rgb_sar,0,2
0.5459814,1,rgb_sar,0,2
0.6469957,1,rgb_sar,0,2
0.56782496,1,rgb_sar,0,2
0.48337263,1,rgb_sar,0,2
0.50974274,1,rgb_sar,0,2
0.5240832,1,rgb_sar,0,2
0.6329802,1,rgb_sar,0,2
0.61859864,1,rgb_sar,0,2
0.63548684,1,rgb_sar,0,2
0.50518334,1,rgb_sar,0,2
0.49590176,1,rgb_sar,0,2
0.49634194,1,rgb_sar,0,2
0.5092043,1,rgb_sar,0,2
0.4867561,1,rgb_sar,0,2
0.48027003,1,rgb_sar,0,2
0.45294917,1,rgb_sar,0,2
0.46205094,1,rgb_sar,0,2
0.4974285,1,rgb_sar,0,2
0.5116243,1,rgb_sar,0,2
0.5006301,1,rgb_sar,0,2
0.488377,1,rgb_sar,0,2
0.49033055,1,rgb_sar,0,2
0.48987788,1,rgb_sar,0,2
0.4568542,1,rgb_sar,0,2
0.5066466,1,rgb_sar,0,2
0.5122982,1,rgb_sar,0,2
0.4986706,1,rgb_sar,0,2
0.4836704,1,rgb_sar,0,2
0.49527574,1,rgb_sar,0,2
0.49419495,1,rgb_sar,0,2
0.51552206,1,rgb_sar,0,2
0.4762106,1,rgb_sar,0,2
0.5059377,1,rgb_sar,0,2
0.49561214,1,rgb_sar,0,2
0.48320565,1,rgb_sar,0,2
0.5015443,1,rgb_sar,0,2
0.51308465,1,rgb_sar,0,2
0.5289332,1,rgb_sar,0,2
0.52455544,1,rgb_sar,0,2
0.5215042,1,rgb_sar,0,2
0.50784487,1,rgb_sar,0,2
0.47019216,1,rgb_sar,0,2
0.48798916,1,rgb_sar,0,2
0.4880382,1,rgb_sar,0,2
0.5100112,1,rgb_sar,0,2
0.5154641,1,rgb_sar,0,2
0.5200429,1,rgb_sar,0,2
0.4983337,1,rgb_sar,0,2
0.5180911,1,rgb_sar,0,2
0.5454604,1,rgb_sar,0,2
0.5368018,1,rgb_sar,0,2
0.51600695,1,rgb_sar,0,2
0.471817,1,rgb_sar,0,2
0.53531396,1,rgb_sar,0,2
0.54861677,1,rgb_sar,0,2
0.55163765,1,rgb_sar,0,2
0.5416452,1,rgb_sar,0,2
0.5051483,1,rgb_sar,0,2
0.48933437,1,rgb_sar,0,2
0.48113716,1,rgb_sar,0,2
0.52851,1,rgb_sar,0,2
0.5308846,1,rgb_sar,0,2
0.46650097,1,rgb_sar,0,2
0.44407594,1,rgb_sar,0,2
0.51021194,1,rgb_sar,0,2
0.53713846,1,rgb_sar,0,2
0.5579331,1,rgb_sar,0,2
0.5211102,1,rgb_sar,0,2
0.49780908,1,rgb_sar,0,2
0.49014014,1,rgb_sar,0,2
0.50626713,1,rgb_sar,0,2
0.5557885,1,rgb_sar,0,2
0.5693126,1,rgb_sar,0,2
0.57637167,1,rgb_sar,0,2
0.5369793,1,rgb_sar,0,2
0.5080123,1,rgb_sar,0,2
0.5200541,1,rgb_sar,0,2
0.52739453,1,rgb_sar,0,2
0.49474418,1,rgb_sar,0,2
0.47073913,1,rgb_sar,0,2
0.47166455,1,rgb_sar,0,2
0.54282236,1,rgb_sar,0,2
0.53863937,1,rgb_sar,0,2
0.5397364,1,rgb_sar,0,2
0.5591414,1,rgb_sar,0,2
0.5085898,1,rgb_sar,0,2
0.476175,1,rgb_sar,0,2
0.49454048,1,rgb_sar,0,2
0.5022693,1,rgb_sar,0,2
0.47570473,1,rgb_sar,0,2
0.46887484,1,rgb_sar,0,2
0.48662686,1,rgb_sar,0,2
0.54201365,1,rgb_sar,0,2
0.58747953,1,rgb_sar,0,2
0.52199805,1,rgb_sar,0,2
0.48078746,1,rgb_sar,0,2
0.5073651,1,rgb_sar,0,2
0.5905415,1,rgb_sar,0,2
0.6186238,1,rgb_sar,0,2
0.54730594,1,rgb_sar,0,2
0.47679615,1,rgb_sar,0,2
0.5782105,1,rgb_sar,0,2
0.49151453,1,rgb_sar,0,2
0.4501505,1,rgb_sar,0,2
0.43482333,1,rgb_sar,0,2
0.56444126,1,rgb_sar,0,2
0.47186747,1,rgb_sar,0,2
0.4550407,1,rgb_sar,0,2
0.47697568,1,rgb_sar,0,2
0.4816717,1,rgb_sar,0,2
0.57652533,1,rgb_sar,0,2
0.46922603,1,rgb_sar,0,2
0.4546166,1,rgb_sar,0,2
0.4719125,1,rgb_sar,0,2
0.4792692,1,rgb_sar,0,2
0.6131626,1,rgb_sar,0,2
0.48565024,1,rgb_sar,0,2
0.47161788,1,rgb_sar,0,2
0.4829991,1,rgb_sar,0,2
0.47900864,1,rgb_sar,0,2
0.48853093,1,rgb_sar,0,2
0.6142763,1,rgb_sar,0,2
0.4987888,1,rgb_sar,0,2
0.4954712,1,rgb_sar,0,2
0.5041541,1,rgb_sar,0,2
0.47838715,1,rgb_sar,0,2
0.4787555,1,rgb_sar,0,2
0.48331517,1,rgb_sar,0,2
0.6007556,1,rgb_sar,0,2
0.5111702,1,rgb_sar,0,2
0.46627778,1,rgb_sar,0,2
0.48603094,1,rgb_sar,0,2
0.49488485,1,rgb_sar,0,2
0.48877984,1,rgb_sar,0,2
0.49782524,1,rgb_sar,0,2
0.58185184,1,rgb_sar,0,2
0.5385291,1,rgb_sar,0,2
0.49453092,1,rgb_sar,0,2
0.48541102,1,rgb_sar,0,2
0.49448127,1,rgb_sar,0,2
0.51321346,1,rgb_sar,0,2
0.5659947,1,rgb_sar,0,2
0.50879776,1,rgb_sar,0,2
0.52665675,1,rgb_sar,0,2
0.5028685,1,rgb_sar,0,2
0.5322888,1,rgb_sar,0,2
0.5400824,1,rgb_sar,0,2
0.57522225,1,rgb_sar,0,2
0.50475246,1,rgb_sar,0,2
0.49412906,1,rgb_sar,0,2
0.5021812,1,rgb_sar,0,2
0.54508233,1,rgb_sar,0,2
0.55966866,1,rgb_sar,0,2
0.48472708,1,rgb_sar,0,2
0.45846468,1,rgb_sar,0,2
0.48468485,1,rgb_sar,0,2
0.5719589,1,rgb_sar,0,2
0.47508448,1,rgb_sar,0,2
0.4319864,1,rgb_sar,0,2
0.44969904,1,rgb_sar,0,2
0.3171056,1,rgb_sar,0,2
0.21891859,1,rgb_sar,0,2
0.1700156,1,rgb_sar,0,2
0.11853133,1,rgb_sar,0,2
0.15540475,1,rgb_sar,0,2
0.39318565,1,rgb_sar,0,2
0.3379627,1,rgb_sar,0,2
0.33548135,1,rgb_sar,0,2
0.30671075,1,rgb_sar,0,2
0.160074,1,rgb_sar,0,2
0.02398419,1,rgb_sar,0,2
0.44023958,1,rgb_sar,0,2
0.40551874,1,rgb_sar,0,2
0.4072926,1,rgb_sar,0,2
0.3447941,1,rgb_sar,0,2
0.26915953,1,rgb_sar,0,2
0.13078472,1,rgb_sar,0,2
0.45445302,1,rgb_sar,0,2
0.4227996,1,rgb_sar,0,2
0.40207094,1,rgb_sar,0,2
0.38088253,1,rgb_sar,0,2
0.36485893,1,rgb_sar,0,2
0.31864786,1,rgb_sar,0,2
0.21282692,1,rgb_sar,0,2
0.15157953,1,rgb_sar,0,2
0.19674739,1,rgb_sar,0,2
0.47455877,1,rgb_sar,0,2
0.47360078,1,rgb_sar,0,2
0.41775584,1,rgb_sar,0,2
0.39544716,1,rgb_sar,0,2
0.40887237,1,rgb_sar,0,2
0.36871344,1,rgb_sar,0,2
0.3380127,1,rgb_sar,0,2
0.28516605,1,rgb_sar,0,2
0.25832957,1,rgb_sar,0,2
0.4768142,1,rgb_sar,0,2
0.45275074,1,rgb_sar,0,2
0.42886597,1,rgb_sar,0,2
0.44643,1,rgb_sar,0,2
0.42223006,1,rgb_sar,0,2
0.38037038,1,rgb_sar,0,2
0.3647492,1,rgb_sar,0,2
0.34105974,1,rgb_sar,0,2
0.29488844,1,rgb_sar,0,2
0.22782187,1,rgb_sar,0,2
0.17089312,1,rgb_sar,0,2
0.05494746,1,rgb_sar,0,2
0.04921534,1,rgb_sar,0,2
0.45070696,1,rgb_sar,0,2
0.42241353,1,rgb_sar,0,2
0.4571681,1,rgb_sar,0,2
0.4740616,1,rgb_sar,0,2
0.42637998,1,rgb_sar,0,2
0.39866,1,rgb_sar,0,2
0.4290222,1,rgb_sar,0,2
0.39568323,1,rgb_sar,0,2
0.33360517,1,rgb_sar,0,2
0.14501908,1,rgb_sar,0,2
0.08869788,1,rgb_sar,0,2
0.44501603,1,rgb_sar,0,2
0.47064573,1,rgb_sar,0,2
0.48015428,1,rgb_sar,0,2
0.25155592,1,rgb_sar,0,2
0.1991641,1,rgb_sar,0,2
0.46290237,1,rgb_sar,0,2
0.47770983,1,rgb_sar,0,2
0.48476022,1,rgb_sar,0,2
0.37032762,1,rgb_sar,0,2
0.29029015,1,rgb_sar,0,2
0.22562265,1,rgb_sar,0,2
0.18500897,1,rgb_sar,0,2
0.19437233,1,rgb_sar,0,2
0.079245046,1,rgb_sar,0,2
0.015115399,1,rgb_sar,0,2
0.46438044,1,rgb_sar,0,2
0.31957746,1,rgb_sar,0,2
0.29387486,1,rgb_sar,0,2
0.27996436,1,rgb_sar,0,2
0.16466545,1,rgb_sar,0,2
0.1039064,1,rgb_sar,0,2
0.46983236,1,rgb_sar,0,2
0.4209952,1,rgb_sar,0,2
0.4407535,1,rgb_sar,0,2
0.3921916,1,rgb_sar,0,2
0.33691204,1,rgb_sar,0,2
0.21624753,1,rgb_sar,0,2
0.4112031,1,rgb_sar,0,2
0.40678197,1,rgb_sar,0,2
0.3938648,1,rgb_sar,0,2
0.36856186,1,rgb_sar,0,2
0.3446912,1,rgb_sar,0,2
0.25656408,1,rgb_sar,0,2
0.1629732,1,rgb_sar,0,2
0.098755226,1,rgb_sar,0,2
0.09335886,1,rgb_sar,0,2
0.4227317,1,rgb_sar,0,2
0.41131902,1,rgb_sar,0,2
0.40642107,1,rgb_sar,0,2
0.39724714,1,rgb_sar,0,2
0.4230194,1,rgb_sar,0,2
0.3317936,1,rgb_sar,0,2
0.25856715,1,rgb_sar,0,2
0.21493722,1,rgb_sar,0,2
0.1883475,1,rgb_sar,0,2
0.4357981,1,rgb_sar,0,2
0.45704353,1,rgb_sar,0,2
0.4810387,1,rgb_sar,0,2
0.49409056,1,rgb_sar,0,2
0.4680777,1,rgb_sar,0,2
0.36884636,1,rgb_sar,0,2
0.31054756,1,rgb_sar,0,2
0.3500147,1,rgb_sar,0,2
0.36297584,1,rgb_sar,0,2
0.280621,1,rgb_sar,0,2
0.20458269,1,rgb_sar,0,2
0.019578423,1,rgb_sar,0,2
0.07808215,1,rgb_sar,0,2
0.47198915,1,rgb_sar,0,2
0.4483909,1,rgb_sar,0,2
0.48881352,1,rgb_sar,0,2
0.5098088,1,rgb_sar,0,2
0.48951107,1,rgb_sar,0,2
0.42355406,1,rgb_sar,0,2
0.37868506,1,rgb_sar,0,2
0.42274404,1,rgb_sar,0,2
0.41118464,1,rgb_sar,0,2
0.11147063,1,rgb_sar,0,2
0.14074388,1,rgb_sar,0,2
0.46020424,1,rgb_sar,0,2
0.4502623,1,rgb_sar,0,2
0.40498236,1,rgb_sar,0,2
0.32256576,1,rgb_sar,0,2
0.29931223,1,rgb_sar,0,2
0.46387577,1,rgb_sar,0,2
0.45616853,1,rgb_sar,0,2
0.4438601,1,rgb_sar,0,2
0.33708286,1,rgb_sar,0,2
0.28495663,1,rgb_sar,0,2
0.08139652,3,rgb_sar,0,2
-0.06123408,3,rgb_sar,0,2
0.002647439,3,rgb_sar,0,2
0.15279955,3,rgb_sar,0,2
0.10861431,3,rgb_sar,0,2
-0.027863022,3,rgb_sar,0,2
-0.022887856,3,rgb_sar,0,2
0.020961218,3,rgb_sar,0,2
-0.020616941,3,rgb_sar,0,2
-0.103913344,3,rgb_sar,0,2
-0.017915128,3,rgb_sar,0,2
0.0633397,3,rgb_sar,0,2
-0.050294567,3,rgb_sar,0,2
-0.084864736,3,rgb_sar,0,2
0.2275302,3,rgb_sar,0,2
0.21219596,3,rgb_sar,0,2
-0.0117398705,3,rgb_sar,0,2
-0.11352275,3,rgb_sar,0,2
-0.005861423,3,rgb_sar,0,2
0.12254581,3,rgb_sar,0,2
0.07125513,3,rgb_sar,0,2
0.037292928,3,rgb_sar,0,2
-0.107174814,3,rgb_sar,0,2
0.12913346,3,rgb_sar,0,2
0.23504765,3,rgb_sar,0,2
0.08739311,3,rgb_sar,0,2
-0.11454238,3,rgb_sar,0,2
-0.066215724,3,rgb_sar,0,2
0.08012371,3,rgb_sar,0,2
0.115731835,3,rgb_sar,0,2
0.029545382,3,rgb_sar,0,2
0.023325661,3,rgb_sar,0,2
-0.03980403,3,rgb_sar,0,2
-0.1487588,3,rgb_sar,0,2
0.11569517,3,rgb_sar,0,2
0.13058399,3,rgb_sar,0,2
-0.03224091,3,rgb_sar,0,2
-0.16318086,3,rgb_sar,0,2
-0.07683785,3,rgb_sar,0,2
0.08697525,3,rgb_sar,0,2
0.106107906,3,rgb_sar,0,2
-0.047193635,3,rgb_sar,0,2
-0.06865564,3,rgb_sar,0,2
0.01995796,3,rgb_sar,0,2
0.02384206,3,rgb_sar,0,2
-0.10104859,3,rgb_sar,0,2
-0.0857884,3,rgb_sar,0,2
-0.08911921,3,rgb_sar,0,2
-0.14411414,3,rgb_sar,0,2
-0.06103043,3,rgb_sar,0,2
0.13174933,3,rgb_sar,0,2
0.25626242,3,rgb_sar,0,2
0.07787364,3,rgb_sar,0,2
0.047037818,3,rgb_sar,0,2
0.28356546,3,rgb_sar,0,2
0.39688936,3,rgb_sar,0,2
-0.11076663,3,rgb_sar,0,2
-0.11697617,3,rgb_sar,0,2
-0.115583524,3,rgb_sar,0,2
-0.06537092,3,rgb_sar,0,2
0.08143906,3,rgb_sar,0,2
0.2780992,3,rgb_sar,0,2
0.3076203,3,rgb_sar,0,2
0.15031445,3,rgb_sar,0,2
0.16451687,3,rgb_sar,0,2
0.3219847,3,rgb_sar,0,2
0.29365718,3,rgb_sar,0,2
-0.10129838,3,rgb_sar,0,2
-0.11091362,3,rgb_sar,0,2
-0.00286147,3,rgb_sar,0,2
0.16009304,3,rgb_sar,0,2
0.40154797,3,rgb_sar,0,2
0.45576793,3,rgb_sar,0,2
0.22417215,3,rgb_sar,0,2
0.012907101,3,rgb_sar,0,2
0.08245368,3,rgb_sar,0,2
-0.08558065,3,rgb_sar,0,2
0.051901802,3,rgb_sar,0,2
0.22437751,3,rgb_sar,0,2
0.32687283,3,rgb_sar,0,2
0.4074278,3,rgb_sar,0,2
0.32463667,3,rgb_sar,0,2
0.023275197,3,rgb_sar,0,2
-0.08821615,3,rgb_sar,0,2
-0.07644409,3,rgb_sar,0,2
0.39427143,3,rgb_sar,0,2
0.46459544,3,rgb_sar,0,2
0.39021212,3,rgb_sar,0,2
0.19072324,3,rgb_sar,0,2
0.2923771,3,rgb_sar,0,2
0.34765103,3,rgb_sar,0,2
0.28695092,3,rgb_sar,0,2
0.11684458,3,rgb_sar,0,2
0.14535697,3,rgb_sar,0,2
-0.11375743,3,rgb_sar,0,2
0.04943349,3,rgb_sar,0,2
0.15005107,3,rgb_sar,0,2
0.075943515,3,rgb_sar,0,2
-0.02542802,3,rgb_sar,0,2
-0.014323818,3,rgb_sar,0,2
0.2242782,3,rgb_sar,0,2
-0.020467743,3,rgb_sar,0,2
-0.053667862,3,rgb_sar,0,2
0.051066436,3,rgb_sar,0,2
0.10301518,3,rgb_sar,0,2
-0.014381774,3,rgb_sar,0,2
0.041851368,3,rgb_sar,0,2
0.29215804,3,rgb_sar,0,2
-0.018748928,3,rgb_sar,0,2
-0.09661992,3,rgb_sar,0,2
-0.004257947,3,rgb_sar,0,2
0.08790729,3,rgb_sar,0,2
0.110637695,3,rgb_sar,0,2
0.07731328,3,rgb_sar,0,2
-0.014887432,3,rgb_sar,0,2
0.20268695,3,rgb_sar,0,2
-0.06528862,3,rgb_sar,0,2
-0.06336588,3,rgb_sar,0,2
0.039676353,3,rgb_sar,0,2
0.057763495,3,rgb_sar,0,2
0.077538595,3,rgb_sar,0,2
0.03853136,3,rgb_sar,0,2
-0.03413505,3,rgb_sar,0,2
0.001598346,3,rgb_sar,0,2
0.13468541,3,rgb_sar,0,2
-0.06719831,3,rgb_sar,0,2
-0.10153301,3,rgb_sar,0,2
0.021942325,3,rgb_sar,0,2
0.011320115,3,rgb_sar,0,2
-0.020596825,3,rgb_sar,0,2
-0.04029222,3,rgb_sar,0,2
-0.007486617,3,rgb_sar,0,2
0.13673162,3,rgb_sar,0,2
0.074746385,3,rgb_sar,0,2
-0.11598261,3,rgb_sar,0,2
-0.010549934,3,rgb_sar,0,2
0.1603297,3,rgb_sar,0,2
0.18797594,3,rgb_sar,0,2
0.07876315,3,rgb_sar,0,2
0.06688459,3,rgb_sar,0,2
0.29412025,3,rgb_sar,0,2
0.41459727,3,rgb_sar,0,2
0.058579348,3,rgb_sar,0,2
-0.032517057,3,rgb_sar,0,2
0.12424071,3,rgb_sar,0,2
0.2613111,3,rgb_sar,0,2
0.20642534,3,rgb_sar,0,2
0.12979431,3,rgb_sar,0,2
0.17224076,3,rgb_sar,0,2
0.32332402,3,rgb_sar,0,2
0.28822133,3,rgb_sar,0,2
0.10313851,3,rgb_sar,0,2
0.1441852,3,rgb_sar,0,2
0.35837382,3,rgb_sar,0,2
0.44784707,3,rgb_sar,0,2
0.23490012,3,rgb_sar,0,2
0.054723747,3,rgb_sar,0,2
0.04877094,3,rgb_sar,0,2
0.18999976,3,rgb_sar,0,2
0.25949064,3,rgb_sar,0,2
0.41344345,3,rgb_sar,0,2
0.4091115,3,rgb_sar,0,2
0.16196561,3,rgb_sar,0,2
0.017023146,3,rgb_sar,0,2
-0.0060901884,3,rgb_sar,0,2
0.43341935,3,rgb_sar,0,2
0.38257337,3,rgb_sar,0,2
0.41883683,3,rgb_sar,0,2
0.28188124,3,rgb_sar,0,2
0.41377726,3,rgb_sar,0,2
0.28718835,3,rgb_sar,0,2
0.3105365,3,rgb_sar,0,2
0.10736221,3,rgb_sar,0,2
0.62487125,1,rgb_sar,0,2
0.60994595,1,rgb_sar,0,2
0.49767882,1,rgb_sar,0,2
0.5796132,1,rgb_sar,0,2
0.51346,1,rgb_sar,0,2
0.57037306,1,rgb_sar,0,2
0.52596307,1,rgb_sar,0,2
0.45657012,1,rgb_sar,0,2
0.5452766,1,rgb_sar,0,2
0.5351937,1,rgb_sar,0,2
0.484573,1,rgb_sar,0,2
0.43608493,1,rgb_sar,0,2
0.56987685,1,rgb_sar,0,2
0.5080108,1,rgb_sar,0,2
0.5046295,1,rgb_sar,0,2
0.52587885,1,rgb_sar,0,2
0.6289066,1,rgb_sar,0,2
0.5177925,1,rgb_sar,0,2
0.534073,1,rgb_sar,0,2
0.546306,1,rgb_sar,0,2
0.5992795,1,rgb_sar,0,2
0.5075842,1,rgb_sar,0,2
0.55310524,1,rgb_sar,0,2
0.5781833,1,rgb_sar,0,2
0.5515822,1,rgb_sar,0,2
0.57656246,1,rgb_sar,0,2
0.53372025,1,rgb_sar,0,2
0.5335377,1,rgb_sar,0,2
0.54043376,1,rgb_sar,0,2
0.5163075,1,rgb_sar,0,2
0.58603525,1,rgb_sar,0,2
0.60552603,1,rgb_sar,0,2
0.60607576,1,rgb_sar,0,2
0.5276562,1,rgb_sar,0,2
0.5250405,1,rgb_sar,0,2
0.5083647,1,rgb_sar,0,2
0.5170229,1,rgb_sar,0,2
0.44827107,1,rgb_sar,0,2
0.44214883,1,rgb_sar,0,2
0.48339003,1,rgb_sar,0,2
0.4995719,1,rgb_sar,0,2
0.45760065,1,rgb_sar,0,2
0.4679567,1,rgb_sar,0,2
0.47660214,1,rgb_sar,0,2
0.47267413,1,rgb_sar,0,2
0.43793428,1,rgb_sar,0,2
0.5032618,1,rgb_sar,0,2
0.5075731,1,rgb_sar,0,2
0.46356356,1,rgb_sar,0,2
0.43278167,1,rgb_sar,0,2
0.45889813,1,rgb_sar,0,2
0.47549173,1,rgb_sar,0,2
0.4579558,1,rgb_sar,0,2
0.52922237,1,rgb_sar,0,2
0.4715266,1,rgb_sar,0,2
0.4828334,1,rgb_sar,0,2
0.4779358,1,rgb_sar,0,2
0.4683329,1,rgb_sar,0,2
0.45980924,1,rgb_sar,0,2
0.45970014,1,rgb_sar,0,2
0.4531836,1,rgb_sar,0,2
0.45003235,1,rgb_sar,0,2
0.533975,1,rgb_sar,0,2
0.5247348,1,rgb_sar,0,2
0.5126848,1,rgb_sar,0,2
0.4977808,1,rgb_sar,0,2
0.48699147,1,rgb_sar,0,2
0.47831202,1,rgb_sar,0,2
0.470047,1,rgb_sar,0,2
0.47333524,1,rgb_sar,0,2
0.46550292,1,rgb_sar,0,2
0.4903634,1,rgb_sar,0,2
0.4565029,1,rgb_sar,0,2
0.5593114,1,rgb_sar,0,2
0.5470573,1,rgb_sar,0,2
0.52929455,1,rgb_sar,0,2
0.52800775,1,rgb_sar,0,2
0.49346417,1,rgb_sar,0,2
0.499161,1,rgb_sar,0,2
0.46940973,1,rgb_sar,0,2
0.5127226,1,rgb_sar,0,2
0.44566703,1,rgb_sar,0,2
0.42704952,1,rgb_sar,0,2
0.46365842,1,rgb_sar,0,2
0.5822426,1,rgb_sar,0,2
0.53524613,1,rgb_sar,0,2
0.51774,1,rgb_sar,0,2
0.5220196,1,rgb_sar,0,2
0.48798308,1,rgb_sar,0,2
0.48791373,1,rgb_sar,0,2
0.44005296,1,rgb_sar,0,2
0.4848569,1,rgb_sar,0,2
0.4299028,1,rgb_sar,0,2
0.42037937,1,rgb_sar,0,2
0.5495238,1,rgb_sar,0,2
0.51775175,1,rgb_sar,0,2
0.4807105,1,rgb_sar,0,2
0.5166957,1,rgb_sar,0,2
0.51951313,1,rgb_sar,0,2
0.5004152,1,rgb_sar,0,2
0.5008293,1,rgb_sar,0,2
0.4739836,1,rgb_sar,0,2
0.50007796,1,rgb_sar,0,2
0.44212225,1,rgb_sar,0,2
0.42075315,1,rgb_sar,0,2
0.5539632,1,rgb_sar,0,2
0.46644968,1,rgb_sar,0,2
0.4699226,1,rgb_sar,0,2
0.51198673,1,rgb_sar,0,2
0.52204216,1,rgb_sar,0,2
0.5008139,1,rgb_sar,0,2
0.49277872,1,rgb_sar,0,2
0.46847966,1,rgb_sar,0,2
0.46951917,1,rgb_sar,0,2
0.43615574,1,rgb_sar,0,2
0.5750736,1,rgb_sar,0,2
0.5480854,1,rgb_sar,0,2
0.5374745,1,rgb_sar,0,2
0.4398102,1,rgb_sar,0,2
0.41976875,1,rgb_sar,0,2
0.5598034,1,rgb_sar,0,2
0.52123404,1,rgb_sar,0,2
0.49552223,1,rgb_sar,0,2
0.443408,1,rgb_sar,0,2
0.46954125,1,rgb_sar,0,2
0.58914614,1,rgb_sar,0,2
0.498548,1,rgb_sar,0,2
0.44620126,1,rgb_sar,0,2
0.49007857,1,rgb_sar,0,2
0.561736,1,rgb_sar,0,2
0.46198857,1,rgb_sar,0,2
0.44301212,1,rgb_sar,0,2
0.49341857,1,rgb_sar,0,2
0.50305206,1,rgb_sar,0,2
0.55992264,1,rgb_sar,0,2
0.47937602,1,rgb_sar,0,2
0.4448604,1,rgb_sar,0,2
0.44951797,1,rgb_sar,0,2
0.46623605,1,rgb_sar,0,2
0.5652194,1,rgb_sar,0,2
0.47899473,1,rgb_sar,0,2
0.469948,1,rgb_sar,0,2
0.48013726,1,rgb_sar,0,2
0.45101362,1,rgb_sar,0,2
0.40395403,1,rgb_sar,0,2
0.5785247,1,rgb_sar,0,2
0.45275077,1,rgb_sar,0,2
0.46879005,1,rgb_sar,0,2
0.5062105,1,rgb_sar,0,2
0.44855648,1,rgb_sar,0,2
0.4227651,1,rgb_sar,0,2
0.46473286,1,rgb_sar,0,2
0.59169173,1,rgb_sar,0,2
0.49559423,1,rgb_sar,0,2
0.43903896,1,rgb_sar,0,2
0.46995467,1,rgb_sar,0,2
0.4750831,1,rgb_sar,0,2
0.4248486,1,rgb_sar,0,2
0.43127912,1,rgb_sar,0,2
0.59303427,1,rgb_sar,0,2
0.53020763,1,rgb_sar,0,2
0.4260722,1,rgb_sar,0,2
0.4622072,1,rgb_sar,0,2
0.4939256,1,rgb_sar,0,2
0.43208045,1,rgb_sar,0,2
0.5607908,1,rgb_sar,0,2
0.47208673,1,rgb_sar,0,2
0.40574577,1,rgb_sar,0,2
0.42923552,1,rgb_sar,0,2
0.42105126,1,rgb_sar,0,2
0.41412604,1,rgb_sar,0,2
0.5584122,1,rgb_sar,0,2
0.48143846,1,rgb_sar,0,2
0.41341913,1,rgb_sar,0,2
0.41772592,1,rgb_sar,0,2
0.42226315,1,rgb_sar,0,2
0.5520735,1,rgb_sar,0,2
0.47513515,1,rgb_sar,0,2
0.4393748,1,rgb_sar,0,2
0.43775976,1,rgb_sar,0,2
0.5566844,1,rgb_sar,0,2
0.47062302,1,rgb_sar,0,2
0.4256855,1,rgb_sar,0,2
0.4172693,1,rgb_sar,0,2
0.5605506,1,rgb_sar,0,2
0.5499761,1,rgb_sar,0,2
0.5414944,1,rgb_sar,0,2
0.5138897,1,rgb_sar,0,2
0.4968521,1,rgb_sar,0,2
0.49885038,1,rgb_sar,0,2
0.45206624,1,rgb_sar,0,2
0.370095,1,rgb_sar,0,2
0.3703121,1,rgb_sar,0,2
0.4389133,1,rgb_sar,0,2
0.4089551,1,rgb_sar,0,2
0.37496936,1,rgb_sar,0,2
0.33972198,1,rgb_sar,0,2
0.37349254,1,rgb_sar,0,2
0.4246176,1,rgb_sar,0,2
0.39577842,1,rgb_sar,0,2
0.36565647,1,rgb_sar,0,2
0.3256437,1,rgb_sar,0,2
0.4115792,1,rgb_sar,0,2
0.39973265,1,rgb_sar,0,2
0.3790121,1,rgb_sar,0,2
0.37619942,1,rgb_sar,0,2
0.42409182,1,rgb_sar,0,2
0.4245926,1,rgb_sar,0,2
0.3903483,1,rgb_sar,0,2
0.3510878,1,rgb_sar,0,2
0.30647516,1,rgb_sar,0,2
0.23940644,1,rgb_sar,0,2
0.123239845,1,rgb_sar,0,2
-0.00461483,1,rgb_sar,0,2
0.03171341,1,rgb_sar,0,2
0.4260823,1,rgb_sar,0,2
0.42739755,1,rgb_sar,0,2
0.4517885,1,rgb_sar,0,2
0.43533498,1,rgb_sar,0,2
0.469556,1,rgb_sar,0,2
0.44220158,1,rgb_sar,0,2
0.4244884,1,rgb_sar,0,2
0.38871104,1,rgb_sar,0,2
0.3295968,1,rgb_sar,0,2
0.03991642,1,rgb_sar,0,2
0.029350694,1,rgb_sar,0,2
0.4615716,1,rgb_sar,0,2
0.46826753,1,rgb_sar,0,2
0.5176053,1,rgb_sar,0,2
0.24267326,1,rgb_sar,0,2
0.22534624,1,rgb_sar,0,2
0.4743117,1,rgb_sar,0,2
0.45960695,1,rgb_sar,0,2
0.49098146,1,rgb_sar,0,2
0.29815423,1,rgb_sar,0,2
0.27533528,1,rgb_sar,0,2
0.5112909,1,rgb_sar,0,2
0.5220968,1,rgb_sar,0,2
0.5482559,1,rgb_sar,0,2
0.53123003,1,rgb_sar,0,2
0.5019474,1,rgb_sar,0,2
0.46711615,1,rgb_sar,0,2
0.44315892,1,rgb_sar,0,2
0.37954837,1,rgb_sar,0,2
0.33757466,1,rgb_sar,0,2
0.40940356,1,rgb_sar,0,2
0.42944235,1,rgb_sar,0,2
0.46717775,1,rgb_sar,0,2
0.41635418,1,rgb_sar,0,2
0.3765284,1,rgb_sar,0,2
0.3413673,1,rgb_sar,0,2
0.28708637,1,rgb_sar,0,2
0.22349901,1,rgb_sar,0,2
0.20587395,1,rgb_sar,0,2
0.43946218,1,rgb_sar,0,2
0.39219812,1,rgb_sar,0,2
0.39694107,1,rgb_sar,0,2
0.39602116,1,rgb_sar,0,2
0.40288913,1,rgb_sar,0,2
0.3654241,1,rgb_sar,0,2
0.31661338,1,rgb_sar,0,2
0.2793883,1,rgb_sar,0,2
0.26187384,1,rgb_sar,0,2
0.20898959,1,rgb_sar,0,2
0.16713116,1,rgb_sar,0,2
0.061732665,1,rgb_sar,0,2
0.08068526,1,rgb_sar,0,2
0.4389244,1,rgb_sar,0,2
0.3752774,1,rgb_sar,0,2
0.39179555,1,rgb_sar,0,2
0.41095635,1,rgb_sar,0,2
0.4427778,1,rgb_sar,0,2
0.43860498,1,rgb_sar,0,2
0.38650876,1,rgb_sar,0,2
0.3053879,1,rgb_sar,0,2
0.32883996,1,rgb_sar,0,2
0.119112074,1,rgb_sar,0,2
0.079012856,1,rgb_sar,0,2
0.40721732,1,rgb_sar,0,2
0.41605186,1,rgb_sar,0,2
0.4267363,1,rgb_sar,0,2
0.2769925,1,rgb_sar,0,2
0.198151,1,rgb_sar,0,2
0.44448525,1,rgb_sar,0,2
0.44684732,1,rgb_sar,0,2
0.4598768,1,rgb_sar,0,2
0.32119644,1,rgb_sar,0,2
0.28638422,1,rgb_sar,0,2
0.39179736,1,rgb_sar,0,2
0.35693824,1,rgb_sar,0,2
0.41603974,1,rgb_sar,0,2
0.38779676,1,rgb_sar,0,2
0.35177526,1,rgb_sar,0,2
0.42872486,1,rgb_sar,0,2
0.42139602,1,rgb_sar,0,2
0.26256084,1,rgb_sar,0,2
0.3395054,1,rgb_sar,0,2
0.41056895,1,rgb_sar,0,2
0.24840541,1,rgb_sar,0,2
0.27772754,1,rgb_sar,0,2
0.40405014,1,rgb_sar,0,2
0.25512162,1,rgb_sar,0,2
0.26788896,1,rgb_sar,0,2
0.43850017,1,rgb_sar,0,2
0.24953158,1,rgb_sar,0,2
0.2481592,1,rgb_sar,0,2
0.402084,1,rgb_sar,0,2
0.24330081,1,rgb_sar,0,2
0.28587675,1,rgb_sar,0,2
0.3332383,1,rgb_sar,0,2
0.2454651,1,rgb_sar,0,2
0.29113674,1,rgb_sar,0,2
0.2617801,1,rgb_sar,0,2
0.19865236,1,rgb_sar,0,2
0.18953133,1,rgb_sar,0,2
0.34701407,1,rgb_sar,0,2
0.33642712,1,rgb_sar,0,2
0.32125422,1,rgb_sar,0,2
0.35257238,1,rgb_sar,0,2
0.35700893,1,rgb_sar,0,2
0.27746087,1,rgb_sar,0,2
0.41451156,1,rgb_sar,0,2
0.3586306,1,rgb_sar,0,2
0.26644075,1,rgb_sar,0,2
0.42927814,1,rgb_sar,0,2
0.38525787,1,rgb_sar,0,2
0.32462186,1,rgb_sar,0,2
0.41546127,1,rgb_sar,0,2
0.39976215,1,rgb_sar,0,2
0.32759315,1,rgb_sar,0,2
0.40499747,1,rgb_sar,0,2
0.3743088,1,rgb_sar,0,2
0.32208765,1,rgb_sar,0,2
0.3717485,1,rgb_sar,0,2
0.37827516,1,rgb_sar,0,2
0.3473693,1,rgb_sar,0,2
0.30037463,1,rgb_sar,0,2
0.33545235,1,rgb_sar,0,2
0.34056228,1,rgb_sar,0,2
0.17690258,1,rgb_sar,0,2
0.24505752,1,rgb_sar,0,2
0.2531222,1,rgb_sar,0,2
0.34331635,1,rgb_sar,0,2
0.3474643,1,rgb_sar,0,2
0.3540697,1,rgb_sar,0,2
0.29200053,1,rgb_sar,0,2
0.25305653,1,rgb_sar,0,2
0.27304345,1,rgb_sar,0,2
0.31904832,1,rgb_sar,0,2
0.2555542,1,rgb_sar,0,2
0.22676769,1,rgb_sar,0,2
0.24167368,1,rgb_sar,0,2
0.24686283,1,rgb_sar,0,2
0.2079627,1,rgb_sar,0,2
0.2971519,1,rgb_sar,0,2
0.18261111,1,rgb_sar,0,2
0.1894634,1,rgb_sar,0,2
0.32078713,1,rgb_sar,0,2
0.23579603,1,rgb_sar,0,2
0.23269728,1,rgb_sar,0,2
0.2606883,1,rgb_sar,0,2
0.22062778,1,rgb_sar,0,2
0.21177012,1,rgb_sar,0,2
0.28911954,1,rgb_sar,0,2
0.2222655,1,rgb_sar,0,2
0.18175548,1,rgb_sar,0,2
0.19846654,1,rgb_sar,0,2
0.1413734,1,rgb_sar,0,2
0.11759642,1,rgb_sar,0,2
0.27884388,1,rgb_sar,0,2
0.27113962,1,rgb_sar,0,2
0.3285632,1,rgb_sar,0,2
0.28872803,1,rgb_sar,0,2
0.2624676,1,rgb_sar,0,2
0.24954373,1,rgb_sar,0,2
0.29766205,1,rgb_sar,0,2
0.26510668,1,rgb_sar,0,2
0.24157798,1,rgb_sar,0,2
0.2955843,1,rgb_sar,0,2
0.2565201,1,rgb_sar,0,2
0.22525863,1,rgb_sar,0,2
0.30826753,1,rgb_sar,0,2
0.2801376,1,rgb_sar,0,2
0.19428134,1,rgb_sar,0,2
0.31185713,1,rgb_sar,0,2
0.25597584,1,rgb_sar,0,2
0.1531524,1,rgb_sar,0,2
0.3224492,1,rgb_sar,0,2
0.22759658,1,rgb_sar,0,2
0.12146348,1,rgb_sar,0,2
0.34551603,1,rgb_sar,0,2
0.21276876,1,rgb_sar,0,2
0.122376904,1,rgb_sar,0,2
0.29370704,1,rgb_sar,0,2
0.16318023,1,rgb_sar,0,2
0.10461196,1,rgb_sar,0,2
0.5898181,6,pca_sar,1,2
0.5558443,6,pca_sar,1,2
0.5901082,6,pca_sar,1,2
0.63073665,6,pca_sar,1,2
0.6976175,6,pca_sar,1,2
0.20839068,6,pca_sar,1,2
0.20715985,6,pca_sar,1,2
0.26225257,6,pca_sar,1,2
0.30999455,6,pca_sar,1,2
0.41795874,6,pca_sar,1,2
0.17892262,6,pca_sar,1,2
0.17807703,6,pca_sar,1,2
0.1231637,6,pca_sar,1,2
0.13023296,6,pca_sar,1,2
0.15657535,6,pca_sar,1,2
0.32245272,6,pca_sar,1,2
0.14404388,6,pca_sar,1,2
0.15022522,6,pca_sar,1,2
0.17017725,6,pca_sar,1,2
0.15928236,6,pca_sar,1,2
0.14096704,6,pca_sar,1,2
0.2829387,6,pca_sar,1,2
0.1673192,6,pca_sar,1,2
0.1719583,6,pca_sar,1,2
0.20132872,6,pca_sar,1,2
0.23916373,6,pca_sar,1,2
0.16913256,6,pca_sar,1,2
0.29741663,6,pca_sar,1,2
0.035842948,6,pca_sar,1,2
0.09591938,6,pca_sar,1,2
0.13404235,6,pca_sar,1,2
0.1461184,6,pca_sar,1,2
0.1953628,6,pca_sar,1,2
0.16817747,6,pca_sar,1,2
0.27932686,6,pca_sar,1,2
0.15766951,6,pca_sar,1,2
0.18866919,6,pca_sar,1,2
0.17077997,6,pca_sar,1,2
0.159375,6,pca_sar,1,2
0.122826934,6,pca_sar,1,2
0.26103204,6,pca_sar,1,2
0.1698235,6,pca_sar,1,2
0.18011343,6,pca_sar,1,2
0.18716899,6,pca_sar,1,2
0.1957878,6,pca_sar,1,2
0.16478172,6,pca_sar,1,2
0.33191052,6,pca_sar,1,2
0.110479236,6,pca_sar,1,2
0.122975975,6,pca_sar,1,2
0.12018493,6,pca_sar,1,2
0.1462588,6,pca_sar,1,2
0.13237174,6,pca_sar,1,2
0.26810902,6,pca_sar,1,2
0.16969822,6,pca_sar,1,2
0.15401642,6,pca_sar,1,2
0.14992638,6,pca_sar,1,2
0.14768118,6,pca_sar,1,2
0.27203444,6,pca_sar,1,2
0.1016124,6,pca_sar,1,2
0.19681704,6,pca_sar,1,2
0.18643826,6,pca_sar,1,2
0.1759479,6,pca_sar,1,2
0.19128376,6,pca_sar,1,2
0.26710472,6,pca_sar,1,2
0.19680479,6,pca_sar,1,2
0.1702025,6,pca_sar,1,2
0.17090231,6,pca_sar,1,2
0.15204352,6,pca_sar,1,2
0.26569182,6,pca_sar,1,2
0.18430048,6,pca_sar,1,2
0.20901816,6,pca_sar,1,2
0.2149742,6,pca_sar,1,2
0.19392611,6,pca_sar,1,2
0.3084208,6,pca_sar,1,2
0.10228163,2,pca_sar,1,2
0.10777036,2,pca_sar,1,2
0.0158927,2,pca_sar,1,2
0.032950655,2,pca_sar,1,2
-0.006520832,2,pca_sar,1,2
0.048607163,2,pca_sar,1,2
0.09627342,2,pca_sar,1,2
-0.026816145,2,pca_sar,1,2
0.17112248,2,pca_sar,1,2
0.1260438,2,pca_sar,1,2
0.044646822,2,pca_sar,1,2
0.067069374,2,pca_sar,1,2
0.028190015,2,pca_sar,1,2
-0.015121836,2,pca_sar,1,2
-0.081107005,2,pca_sar,1,2
0.020228624,2,pca_sar,1,2
0.042010155,2,pca_sar,1,2
0.0046439692,2,pca_sar,1,2
0.0049552703,2,pca_sar,1,2
0.038578734,2,pca_sar,1,2
0.11556831,2,pca_sar,1,2
0.07960571,2,pca_sar,1,2
0.0025250968,2,pca_sar,1,2
-0.056444936,2,pca_sar,1,2
0.01978896,2,pca_sar,1,2
0.06173623,2,pca_sar,1,2
0.06594397,2,pca_sar,1,2
0.5710747,6,pca_sar,1,2
0.608402,6,pca_sar,1,2
0.6129658,6,pca_sar,1,2
0.61003697,6,pca_sar,1,2
0.6339818,6,pca_sar,1,2
0.61250234,6,pca_sar,1,2
0.6136683,6,pca_sar,1,2
0.25491828,6,pca_sar,1,2
0.21218269,6,pca_sar,1,2
0.21111345,6,pca_sar,1,2
0.19867444,6,pca_sar,1,2
0.2620891,6,pca_sar,1,2
0.30193564,6,pca_sar,1,2
0.30120307,6,pca_sar,1,2
0.20282067,6,pca_sar,1,2
0.21126553,6,pca_sar,1,2
0.1738,6,pca_sar,1,2
0.14632386,6,pca_sar,1,2
0.14983779,6,pca_sar,1,2
0.20653942,6,pca_sar,1,2
0.22007273,6,pca_sar,1,2
0.1892604,6,pca_sar,1,2
0.20118925,6,pca_sar,1,2
0.16865773,6,pca_sar,1,2
0.15258476,6,pca_sar,1,2
0.10355165,6,pca_sar,1,2
0.15540351,6,pca_sar,1,2
0.14284587,6,pca_sar,1,2
0.2086359,6,pca_sar,1,2
0.23733465,6,pca_sar,1,2
0.17953941,6,pca_sar,1,2
0.15917413,6,pca_sar,1,2
0.10710095,6,pca_sar,1,2
0.19361864,6,pca_sar,1,2
0.19977662,6,pca_sar,1,2
0.2047984,6,pca_sar,1,2
0.09220796,6,pca_sar,1,2
0.087350026,6,pca_sar,1,2
0.10275538,6,pca_sar,1,2
0.0778387,6,pca_sar,1,2
0.11454879,6,pca_sar,1,2
0.082036465,6,pca_sar,1,2
0.111913785,6,pca_sar,1,2
0.16010934,6,pca_sar,1,2
0.18463479,6,pca_sar,1,2
0.16623731,6,pca_sar,1,2
0.20575643,6,pca_sar,1,2
0.15250501,6,pca_sar,1,2
0.15946823,6,pca_sar,1,2
0.13855584,6,pca_sar,1,2
0.13360198,6,pca_sar,1,2
0.16930251,6,pca_sar,1,2
0.19995043,6,pca_sar,1,2
0.1548816,6,pca_sar,1,2
0.17960736,6,pca_sar,1,2
0.21280876,6,pca_sar,1,2
0.18799251,6,pca_sar,1,2
0.18736106,6,pca_sar,1,2
0.18483484,6,pca_sar,1,2
0.18431672,6,pca_sar,1,2
0.19324003,6,pca_sar,1,2
0.17604296,6,pca_sar,1,2
0.15635736,6,pca_sar,1,2
0.12009349,6,pca_sar,1,2
0.16384721,6,pca_sar,1,2
0.13858142,6,pca_sar,1,2
0.15348049,6,pca_sar,1,2
0.16768052,6,pca_sar,1,2
0.14528997,6,pca_sar,1,2
0.098414995,6,pca_sar,1,2
0.10087568,6,pca_sar,1,2
0.12280085,6,pca_sar,1,2
0.22005658,6,pca_sar,1,2
0.23186848,6,pca_sar,1,2
0.21365827,6,pca_sar,1,2
0.14836438,6,pca_sar,1,2
0.10559608,6,pca_sar,1,2
0.06251508,6,pca_sar,1,2
0.06277613,6,pca_sar,1,2
0.16841118,6,pca_sar,1,2
0.21357836,6,pca_sar,1,2
0.18284568,6,pca_sar,1,2
0.25381443,6,pca_sar,1,2
0.23924638,6,pca_sar,1,2
0.20783907,6,pca_sar,1,2
0.2760129,6,pca_sar,1,2
0.22216609,6,pca_sar,1,2
0.14420095,6,pca_sar,1,2
0.12104619,6,pca_sar,1,2
0.14278817,6,pca_sar,1,2
0.11977814,6,pca_sar,1,2
0.18821676,6,pca_sar,1,2
0.1838511,6,pca_sar,1,2
0.23481151,6,pca_sar,1,2
0.24267094,6,pca_sar,1,2
0.20376143,6,pca_sar,1,2
0.1585572,6,pca_sar,1,2
0.13277268,6,pca_sar,1,2
0.120409705,6,pca_sar,1,2
0.10510899,6,pca_sar,1,2
0.18852897,6,pca_sar,1,2
0.18439873,6,pca_sar,1,2
0.19444981,6,pca_sar,1,2
0.18368772,6,pca_sar,1,2
0.20722198,6,pca_sar,1,2
0.1887715,6,pca_sar,1,2
0.17454222,6,pca_sar,1,2
0.14487298,6,pca_sar,1,2
0.1629227,6,pca_sar,1,2
0.14289096,2,pca_sar,1,2
0.12067258,2,pca_sar,1,2
0.052044027,2,pca_sar,1,2
0.029555654,2,pca_sar,1,2
-0.023046471,2,pca_sar,1,2
-0.011957413,2,pca_sar,1,2
0.033447936,2,pca_sar,1,2
-0.042635374,2,pca_sar,1,2
0.062326886,2,pca_sar,1,2
0.005913517,2,pca_sar,1,2
-0.027970877,2,pca_sar,1,2
0.010493831,2,pca_sar,1,2
0.061298776,2,pca_sar,1,2
-0.025423745,2,pca_sar,1,2
-0.095305644,2,pca_sar,1,2
-0.022164736,2,pca_sar,1,2
0.13256095,2,pca_sar,1,2
0.0734141,2,pca_sar,1,2
0.0058779866,2,pca_sar,1,2
0.07333969,2,pca_sar,1,2
0.09849463,2,pca_sar,1,2
0.051742505,2,pca_sar,1,2
0.08556926,2,pca_sar,1,2
0.04505071,2,pca_sar,1,2
0.06967006,2,pca_sar,1,2
0.003585171,2,pca_sar,1,2
0.037398607,2,pca_sar,1,2
0.65410197,6,pca_sar,1,2
0.6049143,6,pca_sar,1,2
0.35282412,6,pca_sar,1,2
0.29512256,6,pca_sar,1,2
0.24851927,6,pca_sar,1,2
0.2022598,6,pca_sar,1,2
0.24343367,6,pca_sar,1,2
0.14489064,6,pca_sar,1,2
0.2457647,6,pca_sar,1,2
0.12732784,6,pca_sar,1,2
0.25618273,6,pca_sar,1,2
0.20279488,6,pca_sar,1,2
0.1822839,6,pca_sar,1,2
0.28945073,6,pca_sar,1,2
0.24232408,6,pca_sar,1,2
0.21206984,6,pca_sar,1,2
0.29615152,6,pca_sar,1,2
0.19724584,6,pca_sar,1,2
0.15473005,6,pca_sar,1,2
0.31601512,6,pca_sar,1,2
0.22359578,6,pca_sar,1,2
0.17841773,6,pca_sar,1,2
0.19007978,6,pca_sar,1,2
0.28780484,6,pca_sar,1,2
0.24798602,6,pca_sar,1,2
0.2233802,6,pca_sar,1,2
0.19248733,6,pca_sar,1,2
0.27441314,6,pca_sar,1,2
0.25024092,6,pca_sar,1,2
0.23406474,6,pca_sar,1,2
0.1832088,6,pca_sar,1,2
0.2675435,6,pca_sar,1,2
0.2642449,6,pca_sar,1,2
0.22414443,6,pca_sar,1,2
0.23116583,6,pca_sar,1,2
0.09719689,2,pca_sar,1,2
0.06886055,2,pca_sar,1,2
0.12263058,2,pca_sar,1,2
0.08017354,2,pca_sar,1,2
0.030060451,2,pca_sar,1,2
-0.0057016145,2,pca_sar,1,2
0.04886754,2,pca_sar,1,2
0.06716362,2,pca_sar,1,2
0.096629456,2,pca_sar,1,2
0.09570763,2,pca_sar,1,2
0.012325417,2,pca_sar,1,2
0.08578564,2,pca_sar,1,2
0.06794253,2,pca_sar,1,2
0.019787833,2,pca_sar,1,2
-0.13889022,2,pca_sar,1,2
0.007889386,2,pca_sar,1,2
0.03483915,2,pca_sar,1,2
0.030876733,2,pca_sar,1,2
0.04103139,2,pca_sar,1,2
0.097067505,2,pca_sar,1,2
0.029984033,2,pca_sar,1,2
0.018098913,2,pca_sar,1,2
-0.0073740194,2,pca_sar,1,2
0.0010205768,2,pca_sar,1,2
0.05000448,2,pca_sar,1,2
-0.059352554,2,pca_sar,1,2
-0.045873005,2,pca_sar,1,2
0.0678197,2,pca_sar,1,2
0.06615694,2,pca_sar,1,2
0.025466908,2,pca_sar,1,2
0.04607803,2,pca_sar,1,2
-0.0171595,2,pca_sar,1,2
-0.01202851,2,pca_sar,1,2
0.068544894,2,pca_sar,1,2
-0.0027130134,2,pca_sar,1,2
0.03933824,2,pca_sar,1,2
0.040889557,2,pca_sar,1,2
0.081610315,2,pca_sar,1,2
0.083058126,2,pca_sar,1,2
-0.026368335,2,pca_sar,1,2
-0.09695015,2,pca_sar,1,2
-0.048118822,2,pca_sar,1,2
0.038977675,2,pca_sar,1,2
-0.034885436,2,pca_sar,1,2
-0.088178575,2,pca_sar,1,2
-0.014606781,2,pca_sar,1,2
0.022306047,2,pca_sar,1,2
0.06031446,2,pca_sar,1,2
0.056784086,2,pca_sar,1,2
0.053833857,2,pca_sar,1,2
-0.0058438582,2,pca_sar,1,2
0.0123335235,2,pca_sar,1,2
0.003549785,2,pca_sar,1,2
0.012477744,2,pca_sar,1,2
0.2887671,2,pca_sar,1,2
0.068465985,2,pca_sar,1,2
0.28692716,2,pca_sar,1,2
0.042072147,2,pca_sar,1,2
0.062304094,2,pca_sar,1,2
0.10139037,2,pca_sar,1,2
0.097112596,2,pca_sar,1,2
0.08706358,2,pca_sar,1,2
0.15000746,2,pca_sar,1,2
0.15469284,2,pca_sar,1,2
0.17989774,2,pca_sar,1,2
0.12487635,2,pca_sar,1,2
0.13002355,2,pca_sar,1,2
0.11513935,2,pca_sar,1,2
0.08040055,2,pca_sar,1,2
0.020034788,2,pca_sar,1,2
0.068069376,2,pca_sar,1,2
0.1530899,2,pca_sar,1,2
0.15874362,2,pca_sar,1,2
0.17935571,2,pca_sar,1,2
0.11372631,2,pca_sar,1,2
0.13094023,2,pca_sar,1,2
0.12303498,2,pca_sar,1,2
0.08107995,2,pca_sar,1,2
0.120159164,2,pca_sar,1,2
0.16687542,2,pca_sar,1,2
0.13374881,2,pca_sar,1,2
0.09823506,2,pca_sar,1,2
0.07451035,2,pca_sar,1,2
0.13232644,2,pca_sar,1,2
0.08920484,2,pca_sar,1,2
0.1272312,2,pca_sar,1,2
0.093378045,2,pca_sar,1,2
0.11333977,2,pca_sar,1,2
0.12964797,2,pca_sar,1,2
0.09192243,2,pca_sar,1,2
0.08505481,2,pca_sar,1,2
0.12244317,2,pca_sar,1,2
0.08157768,2,pca_sar,1,2
0.09685375,2,pca_sar,1,2
0.025884576,2,pca_sar,1,2
0.19422276,2,pca_sar,1,2
0.17167905,2,pca_sar,1,2
0.124676004,2,pca_sar,1,2
0.10217617,2,pca_sar,1,2
0.07109234,2,pca_sar,1,2
0.08579101,2,pca_sar,1,2
0.09819168,2,pca_sar,1,2
0.074373074,2,pca_sar,1,2
0.19664365,2,pca_sar,1,2
0.17866535,2,pca_sar,1,2
0.14287277,2,pca_sar,1,2
0.15239932,2,pca_sar,1,2
0.100420974,2,pca_sar,1,2
0.09544281,2,pca_sar,1,2
0.08800894,2,pca_sar,1,2
0.059823968,2,pca_sar,1,2
0.06707272,2,pca_sar,1,2
0.06350405,2,pca_sar,1,2
0.124543816,2,pca_sar,1,2
0.10547871,2,pca_sar,1,2
0.05344125,2,pca_sar,1,2
0.06430397,2,pca_sar,1,2
0.064536296,2,pca_sar,1,2
0.026171003,2,pca_sar,1,2
0.014355556,2,pca_sar,1,2
0.017991045,2,pca_sar,1,2
0.043357152,2,pca_sar,1,2
0.0121390065,2,pca_sar,1,2
0.14422618,2,pca_sar,1,2
0.13270113,2,pca_sar,1,2
0.10135409,2,pca_sar,1,2
0.010416158,2,pca_sar,1,2
0.008674182,2,pca_sar,1,2
0.084454164,2,pca_sar,1,2
0.04374741,2,pca_sar,1,2
0.030940374,2,pca_sar,1,2
-0.024168745,2,pca_sar,1,2
0.00043201912,2,pca_sar,1,2
0.030193657,2,pca_sar,1,2
0.21685168,2,pca_sar,1,2
0.20718679,2,pca_sar,1,2
0.17780674,2,pca_sar,1,2
0.17810574,2,pca_sar,1,2
0.1270194,2,pca_sar,1,2
0.09467021,2,pca_sar,1,2
0.026890919,2,pca_sar,1,2
0.040474083,2,pca_sar,1,2
-0.015167352,2,pca_sar,1,2
0.007735949,2,pca_sar,1,2
-0.0076061566,2,pca_sar,1,2
0.015895259,2,pca_sar,1,2
0.0491576,2,pca_sar,1,2
0.21596085,2,pca_sar,1,2
0.25445348,2,pca_sar,1,2
0.21486266,2,pca_sar,1,2
0.17894393,2,pca_sar,1,2
0.09664775,2,pca_sar,1,2
0.12980457,2,pca_sar,1,2
0.100192964,2,pca_sar,1,2
0.103578374,2,pca_sar,1,2
0.03352719,2,pca_sar,1,2
0.08054441,2,pca_sar,1,2
0.0633678,2,pca_sar,1,2
0.03434319,2,pca_sar,1,2
0.074383676,2,pca_sar,1,2
0.1612117,2,pca_sar,1,2
0.16455525,2,pca_sar,1,2
0.16818763,2,pca_sar,1,2
0.14374748,2,pca_sar,1,2
0.1227281,2,pca_sar,1,2
0.1265238,2,pca_sar,1,2
0.041871198,2,pca_sar,1,2
0.061422393,2,pca_sar,1,2
0.05148804,2,pca_sar,1,2
0.06921087,2,pca_sar,1,2
0.07446034,2,pca_sar,1,2
0.07407377,2,pca_sar,1,2
0.13620164,2,pca_sar,1,2
-0.044167414,2,pca_sar,1,2
-0.018228501,2,pca_sar,1,2
0.25158668,2,pca_sar,1,2
0.2466978,2,pca_sar,1,2
0.2400395,2,pca_sar,1,2
0.21492073,2,pca_sar,1,2
0.2670231,2,pca_sar,1,2
0.27413213,2,pca_sar,1,2
0.18659976,2,pca_sar,1,2
0.13678208,2,pca_sar,1,2
0.09944998,2,pca_sar,1,2
0.101965085,2,pca_sar,1,2
0.15150166,2,pca_sar,1,2
0.19653398,2,pca_sar,1,2
0.29660827,2,pca_sar,1,2
0.13201372,2,pca_sar,1,2
0.041601684,2,pca_sar,1,2
0.0448886,2,pca_sar,1,2
0.06482542,2,pca_sar,1,2
0.06393996,2,pca_sar,1,2
0.11883521,2,pca_sar,1,2
0.17479935,2,pca_sar,1,2
0.08947017,2,pca_sar,1,2
0.11867463,2,pca_sar,1,2
0.12687036,2,pca_sar,1,2
0.18583891,2,pca_sar,1,2
0.16902359,2,pca_sar,1,2
0.13212663,2,pca_sar,1,2
0.19727194,2,pca_sar,1,2
0.07792771,2,pca_sar,1,2
0.095716834,2,pca_sar,1,2
0.13071613,2,pca_sar,1,2
0.19545408,2,pca_sar,1,2
0.10243305,2,pca_sar,1,2
0.10383013,2,pca_sar,1,2
0.15339951,2,pca_sar,1,2
0.1820596,2,pca_sar,1,2
0.14831308,2,pca_sar,1,2
0.048234012,2,pca_sar,1,2
0.13015054,2,pca_sar,1,2
0.17096493,2,pca_sar,1,2
0.20142275,2,pca_sar,1,2
0.20293073,2,pca_sar,1,2
0.16105671,2,pca_sar,1,2
0.15494017,2,pca_sar,1,2
0.0912749,2,pca_sar,1,2
0.0679022,2,pca_sar,1,2
0.15401983,2,pca_sar,1,2
0.16832747,2,pca_sar,1,2
0.2196809,2,pca_sar,1,2
0.19065365,2,pca_sar,1,2
0.08248075,2,pca_sar,1,2
0.14299105,2,pca_sar,1,2
0.10595736,2,pca_sar,1,2
0.12006263,2,pca_sar,1,2
0.09794174,2,pca_sar,1,2
0.139304,2,pca_sar,1,2
0.202667,2,pca_sar,1,2
0.14561053,2,pca_sar,1,2
0.16871327,2,pca_sar,1,2
0.1826828,2,pca_sar,1,2
0.13459587,2,pca_sar,1,2
0.14364175,2,pca_sar,1,2
0.082194805,2,pca_sar,1,2
0.17078623,2,pca_sar,1,2
0.22994465,2,pca_sar,1,2
0.12696487,2,pca_sar,1,2
0.113385916,2,pca_sar,1,2
0.13232611,2,pca_sar,1,2
0.08292923,2,pca_sar,1,2
0.19392826,2,pca_sar,1,2
0.11385056,2,pca_sar,1,2
0.18107742,2,pca_sar,1,2
0.20363706,2,pca_sar,1,2
0.11878207,2,pca_sar,1,2
0.07435474,2,pca_sar,1,2
0.043564618,2,pca_sar,1,2
0.06849214,2,pca_sar,1,2
0.086801976,2,pca_sar,1,2
0.122588776,2,pca_sar,1,2
0.12611273,2,pca_sar,1,2
0.18244874,2,pca_sar,1,2
0.10673139,2,pca_sar,1,2
0.09596223,2,pca_sar,1,2
0.112449266,2,pca_sar,1,2
0.1324918,2,pca_sar,1,2
0.03952108,2,pca_sar,1,2
-0.0066480935,2,pca_sar,1,2
0.06752561,2,pca_sar,1,2
0.10572414,2,pca_sar,1,2
0.11676914,2,pca_sar,1,2
0.22259445,2,pca_sar,1,2
0.11418791,2,pca_sar,1,2
0.13249351,2,pca_sar,1,2
0.18772823,2,pca_sar,1,2
0.15120512,2,pca_sar,1,2
0.073710576,2,pca_sar,1,2
0.055356756,2,pca_sar,1,2
0.10192688,2,pca_sar,1,2
0.029712664,2,pca_sar,1,2
0.003478988,2,pca_sar,1,2
0.08248457,2,pca_sar,1,2
0.10781026,2,pca_sar,1,2
0.07639554,2,pca_sar,1,2
0.26260188,2,pca_sar,1,2
0.12188195,2,pca_sar,1,2
0.13198149,2,pca_sar,1,2
0.12688452,2,pca_sar,1,2
0.12889734,2,pca_sar,1,2
0.11160491,2,pca_sar,1,2
0.029646765,2,pca_sar,1,2
0.08987712,2,pca_sar,1,2
0.0469594,2,pca_sar,1,2
0.022857899,2,pca_sar,1,2
0.099314585,2,pca_sar,1,2
0.061033368,2,pca_sar,1,2
0.065962195,2,pca_sar,1,2
0.27188104,2,pca_sar,1,2
0.16045249,2,pca_sar,1,2
0.15592179,2,pca_sar,1,2
0.12283096,2,pca_sar,1,2
0.12664565,2,pca_sar,1,2
0.13259357,2,pca_sar,1,2
0.07681157,2,pca_sar,1,2
0.12958671,2,pca_sar,1,2
0.029832888,2,pca_sar,1,2
0.03782879,2,pca_sar,1,2
0.11312154,2,pca_sar,1,2
0.0653122,2,pca_sar,1,2
0.100824006,2,pca_sar,1,2
0.06603032,2,pca_sar,1,2
0.11680759,2,pca_sar,1,2
0.3989148,2,pca_sar,1,2
0.30383816,2,pca_sar,1,2
0.3037609,2,pca_sar,1,2
0.2705595,2,pca_sar,1,2
0.2530051,2,pca_sar,1,2
0.26354685,2,pca_sar,1,2
0.26545727,2,pca_sar,1,2
0.27662688,2,pca_sar,1,2
0.17678818,2,pca_sar,1,2
0.13783711,2,pca_sar,1,2
0.21120495,2,pca_sar,1,2
0.20605382,2,pca_sar,1,2
0.26301852,2,pca_sar,1,2
0.19165328,2,pca_sar,1,2
0.11571286,2,pca_sar,1,2
0.061244257,7,pca_sar,1,2
-0.023824345,7,pca_sar,1,2
-0.025929268,7,pca_sar,1,2
0.024115944,7,pca_sar,1,2
0.16112867,7,pca_sar,1,2
0.15772411,7,pca_sar,1,2
0.08129177,7,pca_sar,1,2
-0.00015573204,7,pca_sar,1,2
0.014894661,7,pca_sar,1,2
0.029143274,7,pca_sar,1,2
0.1503958,7,pca_sar,1,2
0.16018039,7,pca_sar,1,2
0.11915772,7,pca_sar,1,2
0.123043984,7,pca_sar,1,2
0.100187965,7,pca_sar,1,2
0.063496456,7,pca_sar,1,2
0.014977001,7,pca_sar,1,2
0.03762098,7,pca_sar,1,2
0.066233605,7,pca_sar,1,2
0.016779251,7,pca_sar,1,2
0.06679932,7,pca_sar,1,2
0.14852467,7,pca_sar,1,2
0.17391056,7,pca_sar,1,2
-0.020486362,7,pca_sar,1,2
0.092698306,7,pca_sar,1,2
0.17889416,7,pca_sar,1,2
0.13747174,7,pca_sar,1,2
0.046933863,7,pca_sar,1,2
0.027217515,7,pca_sar,1,2
0.06252864,7,pca_sar,1,2
0.06683757,7,pca_sar,1,2
0.11746147,7,pca_sar,1,2
0.09980419,7,pca_sar,1,2
0.11357942,7,pca_sar,1,2
0.14411655,7,pca_sar,1,2
0.16308153,7,pca_sar,1,2
0.07833572,7,pca_sar,1,2
0.11383639,7,pca_sar,1,2
0.03295967,7,pca_sar,1,2
0.11801273,7,pca_sar,1,2
0.14625904,7,pca_sar,1,2
0.09176962,7,pca_sar,1,2
0.14764786,7,pca_sar,1,2
0.11239981,7,pca_sar,1,2
0.11841032,7,pca_sar,1,2
0.1184129,7,pca_sar,1,2
0.076999135,7,pca_sar,1,2
0.13455361,7,pca_sar,1,2
0.15460087,7,pca_sar,1,2
0.12795927,7,pca_sar,1,2
0.11644606,7,pca_sar,1,2
0.099871114,7,pca_sar,1,2
0.11031078,7,pca_sar,1,2
0.11090408,7,pca_sar,1,2
0.093091965,7,pca_sar,1,2
0.20304286,7,pca_sar,1,2
0.17933977,7,pca_sar,1,2
0.16649513,7,pca_sar,1,2
0.17858073,7,pca_sar,1,2
0.14858863,7,pca_sar,1,2
0.2158916,7,pca_sar,1,2
0.08523737,7,pca_sar,1,2
0.10165415,7,pca_sar,1,2
0.036447976,7,pca_sar,1,2
0.082562625,7,pca_sar,1,2
0.15304127,7,pca_sar,1,2
0.19376136,7,pca_sar,1,2
0.15037495,7,pca_sar,1,2
0.014391519,7,pca_sar,1,2
0.04958675,7,pca_sar,1,2
0.1134442,7,pca_sar,1,2
0.13339788,7,pca_sar,1,2
0.11835319,7,pca_sar,1,2
0.11531682,7,pca_sar,1,2
0.13390593,7,pca_sar,1,2
0.18161339,7,pca_sar,1,2
0.12733987,7,pca_sar,1,2
0.07151717,7,pca_sar,1,2
0.152612,7,pca_sar,1,2
0.102593675,7,pca_sar,1,2
0.11103274,7,pca_sar,1,2
0.16631065,7,pca_sar,1,2
0.15953399,7,pca_sar,1,2
0.103740185,7,pca_sar,1,2
0.010499979,7,pca_sar,1,2
0.093613625,7,pca_sar,1,2
0.117010415,7,pca_sar,1,2
0.09121987,7,pca_sar,1,2
0.099244855,7,pca_sar,1,2
0.1005385,7,pca_sar,1,2
0.115085095,7,pca_sar,1,2
0.18066809,7,pca_sar,1,2
0.1267753,7,pca_sar,1,2
0.10066217,7,pca_sar,1,2
0.094646595,7,pca_sar,1,2
0.07968705,7,pca_sar,1,2
0.10747162,7,pca_sar,1,2
0.0300642,7,pca_sar,1,2
0.0967617,7,pca_sar,1,2
0.054029007,7,pca_sar,1,2
0.095068395,7,pca_sar,1,2
0.071142614,7,pca_sar,1,2
0.11108293,7,pca_sar,1,2
0.13522053,7,pca_sar,1,2
0.107768625,7,pca_sar,1,2
0.10063258,7,pca_sar,1,2
0.07350583,7,pca_sar,1,2
0.115937345,7,pca_sar,1,2
0.17177768,7,pca_sar,1,2
0.110219344,7,pca_sar,1,2
0.09146379,7,pca_sar,1,2
0.09784323,7,pca_sar,1,2
0.1138361,7,pca_sar,1,2
0.09921525,7,pca_sar,1,2
0.091861844,7,pca_sar,1,2
0.07862246,7,pca_sar,1,2
0.17095703,7,pca_sar,1,2
0.17205746,7,pca_sar,1,2
0.21760225,7,pca_sar,1,2
0.18802468,7,pca_sar,1,2
0.120602,7,pca_sar,1,2
0.20798446,7,pca_sar,1,2
0.28962547,2,pca_sar,1,2
0.10279417,2,pca_sar,1,2
0.29440743,2,pca_sar,1,2
0.0390818,2,pca_sar,1,2
0.08118091,2,pca_sar,1,2
0.04432894,2,pca_sar,1,2
0.07177181,2,pca_sar,1,2
0.116461754,2,pca_sar,1,2
0.1250235,2,pca_sar,1,2
0.106532,2,pca_sar,1,2
0.15339091,2,pca_sar,1,2
0.09910004,2,pca_sar,1,2
0.098886065,2,pca_sar,1,2
0.0819318,2,pca_sar,1,2
0.107413545,2,pca_sar,1,2
0.091615096,2,pca_sar,1,2
0.11248587,2,pca_sar,1,2
0.13848738,2,pca_sar,1,2
0.11350813,2,pca_sar,1,2
0.13534006,2,pca_sar,1,2
0.10148463,2,pca_sar,1,2
0.1446133,2,pca_sar,1,2
0.12331122,2,pca_sar,1,2
0.0949602,2,pca_sar,1,2
0.13702255,2,pca_sar,1,2
0.16040203,2,pca_sar,1,2
0.10476857,2,pca_sar,1,2
0.055666078,2,pca_sar,1,2
0.059189864,2,pca_sar,1,2
0.12139443,2,pca_sar,1,2
0.09104152,2,pca_sar,1,2
0.11148279,2,pca_sar,1,2
0.077662796,2,pca_sar,1,2
0.17467088,2,pca_sar,1,2
0.07353182,2,pca_sar,1,2
0.045912843,2,pca_sar,1,2
0.08647014,2,pca_sar,1,2
0.08296055,2,pca_sar,1,2
0.06789293,2,pca_sar,1,2
0.09876907,2,pca_sar,1,2
0.03879766,2,pca_sar,1,2
0.09646995,2,pca_sar,1,2
0.12428843,2,pca_sar,1,2
0.17965579,2,pca_sar,1,2
0.06978906,2,pca_sar,1,2
0.050947867,2,pca_sar,1,2
0.11690453,2,pca_sar,1,2
0.13969597,2,pca_sar,1,2
0.079526,2,pca_sar,1,2
0.10441881,2,pca_sar,1,2
0.095128275,2,pca_sar,1,2
0.1073117,2,pca_sar,1,2
0.017369138,2,pca_sar,1,2
-0.014842579,2,pca_sar,1,2
0.09992699,2,pca_sar,1,2
0.106573395,2,pca_sar,1,2
0.09638722,2,pca_sar,1,2
0.10825819,2,pca_sar,1,2
0.021864139,2,pca_sar,1,2
0.114019126,2,pca_sar,1,2
0.06191506,2,pca_sar,1,2
0.011323124,2,pca_sar,1,2
0.035848007,2,pca_sar,1,2
-0.018934412,2,pca_sar,1,2
-0.0040507168,2,pca_sar,1,2
0.06365381,2,pca_sar,1,2
0.08390772,2,pca_sar,1,2
0.111555696,2,pca_sar,1,2
0.15815416,2,pca_sar,1,2
0.11995873,2,pca_sar,1,2
0.1099654,2,pca_sar,1,2
0.046471503,2,pca_sar,1,2
-0.028986506,2,pca_sar,1,2
-0.02790086,2,pca_sar,1,2
-0.041314963,2,pca_sar,1,2
-0.037846223,2,pca_sar,1,2
0.057516523,2,pca_sar,1,2
0.088830456,2,pca_sar,1,2
0.11458623,2,pca_sar,1,2
0.13596255,2,pca_sar,1,2
0.16373877,2,pca_sar,1,2
0.14718854,2,pca_sar,1,2
0.17740175,2,pca_sar,1,2
0.13231975,2,pca_sar,1,2
0.08040723,2,pca_sar,1,2
0.019533023,2,pca_sar,1,2
0.005045281,2,pca_sar,1,2
0.05395671,2,pca_sar,1,2
-0.002557084,2,pca_sar,1,2
0.0058570933,2,pca_sar,1,2
0.03154958,2,pca_sar,1,2
0.051157862,2,pca_sar,1,2
0.08760457,2,pca_sar,1,2
0.12850696,2,pca_sar,1,2
0.10514815,2,pca_sar,1,2
0.1567044,2,pca_sar,1,2
0.10128829,2,pca_sar,1,2
0.087247744,2,pca_sar,1,2
0.053443313,2,pca_sar,1,2
0.05336158,2,pca_sar,1,2
0.058255367,2,pca_sar,1,2
-0.010178357,2,pca_sar,1,2
0.05108189,2,pca_sar,1,2
0.05876731,2,pca_sar,1,2
0.015805595,2,pca_sar,1,2
0.05155891,2,pca_sar,1,2
0.13226396,2,pca_sar,1,2
0.11343656,2,pca_sar,1,2
0.1349096,2,pca_sar,1,2
0.10947521,2,pca_sar,1,2
0.13301343,2,pca_sar,1,2
0.09091121,2,pca_sar,1,2
0.022509068,2,pca_sar,1,2
0.13745107,2,pca_sar,1,2
0.05669052,2,pca_sar,1,2
0.09061182,2,pca_sar,1,2
0.12943318,2,pca_sar,1,2
0.091318525,2,pca_sar,1,2
0.18418205,2,pca_sar,1,2
0.07307875,2,pca_sar,1,2
0.068594575,2,pca_sar,1,2
0.13521323,2,pca_sar,1,2
0.13079727,2,pca_sar,1,2
0.17727843,2,pca_sar,1,2
0.14832993,2,pca_sar,1,2
0.15449381,2,pca_sar,1,2
0.12761809,2,pca_sar,1,2
0.10475564,2,pca_sar,1,2
0.18726002,2,pca_sar,1,2
0.12083398,2,pca_sar,1,2
0.119995445,2,pca_sar,1,2
0.14747036,2,pca_sar,1,2
0.11821105,2,pca_sar,1,2
0.1672534,2,pca_sar,1,2
0.014194018,2,pca_sar,1,2
0.047498778,2,pca_sar,1,2
0.13035639,2,pca_sar,1,2
0.045989286,2,pca_sar,1,2
0.1414121,2,pca_sar,1,2
0.13625184,2,pca_sar,1,2
0.10832515,2,pca_sar,1,2
0.08366974,2,pca_sar,1,2
0.123312145,2,pca_sar,1,2
0.15139677,2,pca_sar,1,2
0.096080825,2,pca_sar,1,2
0.100550726,2,pca_sar,1,2
0.12415836,2,pca_sar,1,2
0.038568884,2,pca_sar,1,2
0.146498,2,pca_sar,1,2
-0.0008620955,2,pca_sar,1,2
0.11318751,2,pca_sar,1,2
0.05637292,2,pca_sar,1,2
0.14253317,2,pca_sar,1,2
0.123385,2,pca_sar,1,2
0.026439995,2,pca_sar,1,2
0.08843498,2,pca_sar,1,2
0.15723476,2,pca_sar,1,2
0.09389292,2,pca_sar,1,2
0.1554732,2,pca_sar,1,2
0.16393197,2,pca_sar,1,2
0.06307201,2,pca_sar,1,2
0.12563805,2,pca_sar,1,2
0.121681556,2,pca_sar,1,2
0.104226306,2,pca_sar,1,2
0.14134668,2,pca_sar,1,2
0.1430443,2,pca_sar,1,2
0.12772799,2,pca_sar,1,2
0.23692778,2,pca_sar,1,2
0.1269748,2,pca_sar,1,2
0.1561456,2,pca_sar,1,2
0.16152184,2,pca_sar,1,2
0.17260706,2,pca_sar,1,2
0.15072629,2,pca_sar,1,2
0.17134905,2,pca_sar,1,2
0.2394383,2,pca_sar,1,2
0.15245138,2,pca_sar,1,2
0.2173068,2,pca_sar,1,2
0.20319211,2,pca_sar,1,2
0.17187265,2,pca_sar,1,2
0.15834579,2,pca_sar,1,2
0.19534469,2,pca_sar,1,2
0.2251254,2,pca_sar,1,2
0.1539725,2,pca_sar,1,2
0.10726757,2,pca_sar,1,2
0.04797849,2,pca_sar,1,2
0.14650655,2,pca_sar,1,2
0.20601837,2,pca_sar,1,2
0.2164202,2,pca_sar,1,2
0.18864316,2,pca_sar,1,2
0.12666292,2,pca_sar,1,2
0.17870572,2,pca_sar,1,2
0.07403918,2,pca_sar,1,2
0.021521373,2,pca_sar,1,2
0.15664008,2,pca_sar,1,2
0.17275874,2,pca_sar,1,2
0.19850835,2,pca_sar,1,2
0.16015126,2,pca_sar,1,2
0.10108158,2,pca_sar,1,2
0.11564873,2,pca_sar,1,2
0.15051599,2,pca_sar,1,2
0.14032027,2,pca_sar,1,2
0.1371413,2,pca_sar,1,2
0.08699271,2,pca_sar,1,2
0.11865934,2,pca_sar,1,2
0.14713079,2,pca_sar,1,2
0.181371,2,pca_sar,1,2
0.11880036,2,pca_sar,1,2
0.1321054,2,pca_sar,1,2
0.11811729,2,pca_sar,1,2
0.17736426,2,pca_sar,1,2
0.0733978,2,pca_sar,1,2
0.1121582,2,pca_sar,1,2
0.11985245,2,pca_sar,1,2
0.13075405,2,pca_sar,1,2
0.12973955,2,pca_sar,1,2
0.105223596,2,pca_sar,1,2
0.13237068,2,pca_sar,1,2
0.14237922,2,pca_sar,1,2
0.1017303,2,pca_sar,1,2
0.117469944,2,pca_sar,1,2
0.09109398,2,pca_sar,1,2
0.044432804,2,pca_sar,1,2
0.048239753,2,pca_sar,1,2
0.04751843,2,pca_sar,1,2
0.12095893,2,pca_sar,1,2
0.10014418,2,pca_sar,1,2
0.17972495,2,pca_sar,1,2
0.1647647,2,pca_sar,1,2
0.17010759,2,pca_sar,1,2
0.11497192,2,pca_sar,1,2
0.06492523,2,pca_sar,1,2
0.042156324,2,pca_sar,1,2
0.0019605383,2,pca_sar,1,2
0.06721055,2,pca_sar,1,2
0.072180465,2,pca_sar,1,2
0.111671,2,pca_sar,1,2
0.10945826,2,pca_sar,1,2
0.2111854,2,pca_sar,1,2
0.14473283,2,pca_sar,1,2
0.19462293,2,pca_sar,1,2
0.20722355,2,pca_sar,1,2
0.16969523,2,pca_sar,1,2
0.112038024,2,pca_sar,1,2
0.07036736,2,pca_sar,1,2
0.020854607,2,pca_sar,1,2
0.042908683,2,pca_sar,1,2
0.13636152,2,pca_sar,1,2
0.12854406,2,pca_sar,1,2
0.11512612,2,pca_sar,1,2
0.09745784,2,pca_sar,1,2
0.2106845,2,pca_sar,1,2
0.1699101,2,pca_sar,1,2
0.16924524,2,pca_sar,1,2
0.137763,2,pca_sar,1,2
0.13226496,2,pca_sar,1,2
0.12711181,2,pca_sar,1,2
0.06871145,2,pca_sar,1,2
0.04134672,2,pca_sar,1,2
0.084175296,2,pca_sar,1,2
0.163388,2,pca_sar,1,2
0.15754086,2,pca_sar,1,2
0.102819234,2,pca_sar,1,2
0.10072661,2,pca_sar,1,2
0.22497949,2,pca_sar,1,2
0.19494252,2,pca_sar,1,2
0.1745777,2,pca_sar,1,2
0.107058294,2,pca_sar,1,2
0.10623128,2,pca_sar,1,2
0.09537988,2,pca_sar,1,2
0.10420473,2,pca_sar,1,2
0.09760487,2,pca_sar,1,2
0.1047494,2,pca_sar,1,2
0.18795794,2,pca_sar,1,2
0.24039769,2,pca_sar,1,2
0.18691243,2,pca_sar,1,2
0.21255162,2,pca_sar,1,2
0.024091046,2,pca_sar,1,2
0.028754907,2,pca_sar,1,2
0.2453162,2,pca_sar,1,2
0.22097087,2,pca_sar,1,2
0.22691095,2,pca_sar,1,2
0.17661202,2,pca_sar,1,2
0.16335264,2,pca_sar,1,2
0.14317133,2,pca_sar,1,2
0.121519394,2,pca_sar,1,2
0.10893902,2,pca_sar,1,2
0.11757627,2,pca_sar,1,2
0.21228825,2,pca_sar,1,2
0.24789596,2,pca_sar,1,2
0.22776435,2,pca_sar,1,2
0.21425107,2,pca_sar,1,2
0.027820148,2,pca_sar,1,2
0.044961624,2,pca_sar,1,2
0.1407089,2,pca_sar,1,2
0.089160286,2,pca_sar,1,2
0.15814503,2,pca_sar,1,2
0.13752708,2,pca_sar,1,2
0.15740302,2,pca_sar,1,2
0.12899457,2,pca_sar,1,2
0.13142076,2,pca_sar,1,2
0.0960129,2,pca_sar,1,2
0.10046325,2,pca_sar,1,2
0.15180686,2,pca_sar,1,2
0.13914019,2,pca_sar,1,2
0.090932205,2,pca_sar,1,2
0.12696108,2,pca_sar,1,2
0.032473397,2,pca_sar,1,2
0.11360201,2,pca_sar,1,2
0.030775266,2,pca_sar,1,2
0.15605143,2,pca_sar,1,2
0.093169376,2,pca_sar,1,2
0.011019593,2,pca_sar,1,2
0.06896177,2,pca_sar,1,2
0.18139672,2,pca_sar,1,2
0.15148544,2,pca_sar,1,2
0.18697622,2,pca_sar,1,2
0.15252925,2,pca_sar,1,2
0.10247758,2,pca_sar,1,2
0.107932255,2,pca_sar,1,2
0.15626803,2,pca_sar,1,2
-0.006816387,7,pca_sar,1,2
0.014389186,7,pca_sar,1,2
0.03945177,7,pca_sar,1,2
0.05936331,7,pca_sar,1,2
0.19811237,7,pca_sar,1,2
0.1326291,7,pca_sar,1,2
0.09023522,7,pca_sar,1,2
0.030991808,7,pca_sar,1,2
0.087442115,7,pca_sar,1,2
0.1283266,7,pca_sar,1,2
0.19279826,7,pca_sar,1,2
0.14687607,7,pca_sar,1,2
0.15932018,7,pca_sar,1,2
0.15783201,7,pca_sar,1,2
0.13018137,7,pca_sar,1,2
0.13502356,7,pca_sar,1,2
0.18764174,7,pca_sar,1,2
0.16606468,7,pca_sar,1,2
0.09148232,7,pca_sar,1,2
0.11632695,7,pca_sar,1,2
0.16012534,7,pca_sar,1,2
0.14732233,7,pca_sar,1,2
0.09124663,7,pca_sar,1,2
0.0024663908,7,pca_sar,1,2
0.13048376,7,pca_sar,1,2
0.1983831,7,pca_sar,1,2
0.1681691,7,pca_sar,1,2
0.13631526,7,pca_sar,1,2
0.100216046,7,pca_sar,1,2
0.17899045,7,pca_sar,1,2
0.13800244,7,pca_sar,1,2
0.12796624,7,pca_sar,1,2
0.14308128,7,pca_sar,1,2
0.13554928,7,pca_sar,1,2
0.10436691,7,pca_sar,1,2
0.01657404,7,pca_sar,1,2
-0.08136276,7,pca_sar,1,2
0.059898444,7,pca_sar,1,2
0.112925395,7,pca_sar,1,2
0.11187007,7,pca_sar,1,2
0.18523839,7,pca_sar,1,2
0.15160695,7,pca_sar,1,2
0.085245244,7,pca_sar,1,2
0.13746986,7,pca_sar,1,2
0.16632995,7,pca_sar,1,2
0.20242915,7,pca_sar,1,2
0.15536496,7,pca_sar,1,2
0.015215113,7,pca_sar,1,2
0.11356032,7,pca_sar,1,2
0.061547097,7,pca_sar,1,2
0.1096445,7,pca_sar,1,2
0.15049742,7,pca_sar,1,2
0.12845287,7,pca_sar,1,2
0.054146297,7,pca_sar,1,2
0.047397718,7,pca_sar,1,2
0.027426764,7,pca_sar,1,2
0.1055737,7,pca_sar,1,2
0.15701848,7,pca_sar,1,2
0.086237505,7,pca_sar,1,2
0.098168686,7,pca_sar,1,2
0.09555854,7,pca_sar,1,2
0.09283388,7,pca_sar,1,2
0.12891278,7,pca_sar,1,2
0.048441604,7,pca_sar,1,2
0.011850283,7,pca_sar,1,2
0.025607519,7,pca_sar,1,2
0.13200693,7,pca_sar,1,2
0.1520911,7,pca_sar,1,2
0.10383932,7,pca_sar,1,2
0.08610546,7,pca_sar,1,2
0.1249196,7,pca_sar,1,2
0.18009847,7,pca_sar,1,2
0.14107284,7,pca_sar,1,2
0.023896245,7,pca_sar,1,2
0.043810323,7,pca_sar,1,2
0.17775616,7,pca_sar,1,2
-0.0072430763,7,pca_sar,1,2
-0.022304326,7,pca_sar,1,2
0.05324737,7,pca_sar,1,2
0.07736194,7,pca_sar,1,2
0.09892601,7,pca_sar,1,2
0.09365839,7,pca_sar,1,2
0.05760396,7,pca_sar,1,2
0.1227541,7,pca_sar,1,2
0.06218352,7,pca_sar,1,2
0.038751457,7,pca_sar,1,2
0.06914505,7,pca_sar,1,2
0.13576439,7,pca_sar,1,2
0.051296372,7,pca_sar,1,2
0.113679335,7,pca_sar,1,2
0.06523891,7,pca_sar,1,2
0.13018551,7,pca_sar,1,2
0.12323445,7,pca_sar,1,2
0.10777657,7,pca_sar,1,2
0.15932514,7,pca_sar,1,2
0.068904944,7,pca_sar,1,2
0.09546871,7,pca_sar,1,2
0.15968968,7,pca_sar,1,2
0.14114527,7,pca_sar,1,2
0.04233636,7,pca_sar,1,2
0.0600495,7,pca_sar,1,2
0.1235101,7,pca_sar,1,2
0.075150944,7,pca_sar,1,2
0.00069120526,7,pca_sar,1,2
0.12619013,7,pca_sar,1,2
0.13499238,7,pca_sar,1,2
0.05602244,7,pca_sar,1,2
0.083134286,7,pca_sar,1,2
0.09921819,7,pca_sar,1,2
0.08802934,7,pca_sar,1,2
0.13529599,7,pca_sar,1,2
0.100721166,7,pca_sar,1,2
0.03930165,7,pca_sar,1,2
-0.005608231,7,pca_sar,1,2
0.04514308,7,pca_sar,1,2
0.111111134,7,pca_sar,1,2
0.12225494,7,pca_sar,1,2
0.05179897,7,pca_sar,1,2
0.014460918,7,pca_sar,1,2
0.12641364,7,pca_sar,1,2
0.14644219,7,pca_sar,1,2
0.1308194,7,pca_sar,1,2
0.030426342,7,pca_sar,1,2
0.0010683835,7,pca_sar,1,2
0.09905355,7,pca_sar,1,2
0.053527452,7,pca_sar,1,2
0.12934926,7,pca_sar,1,2
0.15793994,7,pca_sar,1,2
0.048258193,7,pca_sar,1,2
-0.029855441,7,pca_sar,1,2
0.022719366,7,pca_sar,1,2
0.0411471,7,pca_sar,1,2
0.12881479,7,pca_sar,1,2
0.15411808,7,pca_sar,1,2
0.011006935,7,pca_sar,1,2
-0.071354896,7,pca_sar,1,2
-0.013335297,7,pca_sar,1,2
0.14631855,7,pca_sar,1,2
0.18238759,7,pca_sar,1,2
0.07283768,7,pca_sar,1,2
-0.07475872,7,pca_sar,1,2
-0.009950994,7,pca_sar,1,2
0.15211773,7,pca_sar,1,2
0.17285421,7,pca_sar,1,2
0.089580074,7,pca_sar,1,2
-0.028507475,7,pca_sar,1,2
0.045513265,7,pca_sar,1,2
0.12592566,7,pca_sar,1,2
0.14087456,7,pca_sar,1,2
0.024798276,7,pca_sar,1,2
-0.052127708,7,pca_sar,1,2
0.06847878,7,pca_sar,1,2
0.22642888,2,pca_sar,1,2
0.19847558,2,pca_sar,1,2
0.20668992,2,pca_sar,1,2
0.23241471,2,pca_sar,1,2
0.21751846,2,pca_sar,1,2
0.1964873,2,pca_sar,1,2
0.23318894,2,pca_sar,1,2
0.2554315,2,pca_sar,1,2
0.13259652,2,pca_sar,1,2
0.14656551,2,pca_sar,1,2
0.17729121,2,pca_sar,1,2
0.13907868,2,pca_sar,1,2
0.16802907,2,pca_sar,1,2
0.14876091,2,pca_sar,1,2
0.1799911,2,pca_sar,1,2
0.066599555,2,pca_sar,1,2
0.103468485,2,pca_sar,1,2
0.09376362,2,pca_sar,1,2
0.079995155,2,pca_sar,1,2
0.051176365,2,pca_sar,1,2
0.111997545,2,pca_sar,1,2
0.09981936,2,pca_sar,1,2
0.11951492,2,pca_sar,1,2
0.10149755,2,pca_sar,1,2
-0.0054746754,2,pca_sar,1,2
0.055331573,2,pca_sar,1,2
0.14311196,2,pca_sar,1,2
0.28424424,2,pca_sar,1,2
0.17935285,2,pca_sar,1,2
0.1902822,2,pca_sar,1,2
0.20908451,2,pca_sar,1,2
0.21829842,2,pca_sar,1,2
0.20089929,2,pca_sar,1,2
0.20973682,2,pca_sar,1,2
0.20375682,2,pca_sar,1,2
0.13288522,2,pca_sar,1,2
0.12674764,2,pca_sar,1,2
0.1357893,2,pca_sar,1,2
0.11176784,2,pca_sar,1,2
0.15509093,2,pca_sar,1,2
0.1433013,2,pca_sar,1,2
0.20632032,2,pca_sar,1,2
0.09961252,2,pca_sar,1,2
0.10280389,2,pca_sar,1,2
0.06932202,2,pca_sar,1,2
-0.0023321658,2,pca_sar,1,2
0.011667961,2,pca_sar,1,2
0.104097955,2,pca_sar,1,2
0.15201691,2,pca_sar,1,2
0.14223568,2,pca_sar,1,2
0.11069955,2,pca_sar,1,2
0.012456488,2,pca_sar,1,2
0.051306915,2,pca_sar,1,2
0.12799923,2,pca_sar,1,2
0.19221732,7,pca_sar,1,2
0.19791988,7,pca_sar,1,2
0.069863245,7,pca_sar,1,2
-0.008658232,7,pca_sar,1,2
0.08858338,7,pca_sar,1,2
0.15792663,7,pca_sar,1,2
0.1671197,7,pca_sar,1,2
0.04079403,7,pca_sar,1,2
-0.042298358,7,pca_sar,1,2
0.05491729,7,pca_sar,1,2
0.114926994,7,pca_sar,1,2
0.12770168,7,pca_sar,1,2
0.05049181,7,pca_sar,1,2
-0.029182212,7,pca_sar,1,2
0.029579908,7,pca_sar,1,2
0.20468071,7,pca_sar,1,2
0.21918681,7,pca_sar,1,2
0.09928799,7,pca_sar,1,2
0.07233927,7,pca_sar,1,2
0.110416695,7,pca_sar,1,2
0.08534527,7,pca_sar,1,2
0.18784392,7,pca_sar,1,2
0.08253481,7,pca_sar,1,2
-0.06966699,7,pca_sar,1,2
0.025767807,7,pca_sar,1,2
0.13799521,7,pca_sar,1,2
0.19370483,7,pca_sar,1,2
0.0801567,7,pca_sar,1,2
-0.017284345,7,pca_sar,1,2
0.04099127,7,pca_sar,1,2
0.17886083,7,pca_sar,1,2
0.10525803,7,pca_sar,1,2
0.16902529,7,pca_sar,1,2
0.13563436,7,pca_sar,1,2
0.047874168,7,pca_sar,1,2
0.065371946,7,pca_sar,1,2
0.13871588,7,pca_sar,1,2
0.10904587,7,pca_sar,1,2
-0.013892119,7,pca_sar,1,2
-0.023358863,7,pca_sar,1,2
0.0719631,7,pca_sar,1,2
0.07305372,7,pca_sar,1,2
0.09443833,7,pca_sar,1,2
0.0893783,7,pca_sar,1,2
0.13632464,7,pca_sar,1,2
-0.029953009,7,pca_sar,1,2
-0.090196416,7,pca_sar,1,2
-0.004221526,7,pca_sar,1,2
-0.017929759,7,pca_sar,1,2
-0.032029178,7,pca_sar,1,2
0.017436597,7,pca_sar,1,2
0.029680504,7,pca_sar,1,2
-0.037779618,7,pca_sar,1,2
-0.04143577,7,pca_sar,1,2
0.040951546,7,pca_sar,1,2
-0.053322993,7,pca_sar,1,2
0.057650905,7,pca_sar,1,2
0.11641836,7,pca_sar,1,2
0.11330582,7,pca_sar,1,2
0.05756495,7,pca_sar,1,2
0.0968387,7,pca_sar,1,2
0.058378305,7,pca_sar,1,2
0.005068846,7,pca_sar,1,2
0.2171209,7,pca_sar,1,2
0.32417297,7,pca_sar,1,2
0.28105432,7,pca_sar,1,2
0.1526777,7,pca_sar,1,2
0.23743123,7,pca_sar,1,2
0.21702914,7,pca_sar,1,2
0.15490016,7,pca_sar,1,2
0.15262222,7,pca_sar,1,2
0.13480535,7,pca_sar,1,2
0.13814327,7,pca_sar,1,2
0.0653459,7,pca_sar,1,2
0.10087809,7,pca_sar,1,2
0.10808522,7,pca_sar,1,2
0.09282747,7,pca_sar,1,2
0.03604269,7,pca_sar,1,2
-0.016183976,7,pca_sar,1,2
0.0977184,7,pca_sar,1,2
0.10802251,7,pca_sar,1,2
0.18455687,7,pca_sar,1,2
0.15991691,7,pca_sar,1,2
0.13417454,7,pca_sar,1,2
-0.026807655,7,pca_sar,1,2
-0.12682194,7,pca_sar,1,2
0.003883345,7,pca_sar,1,2
0.005489971,7,pca_sar,1,2
0.12291521,7,pca_sar,1,2
0.11614583,7,pca_sar,1,2
0.03405136,7,pca_sar,1,2
-0.045713935,7,pca_sar,1,2
-0.053315524,7,pca_sar,1,2
0.023086026,7,pca_sar,1,2
-0.027550489,7,pca_sar,1,2
0.100242406,7,pca_sar,1,2
0.1284703,7,pca_sar,1,2
0.06239503,7,pca_sar,1,2
0.04774092,7,pca_sar,1,2
0.075337574,7,pca_sar,1,2
0.08339311,7,pca_sar,1,2
0.00928086,7,pca_sar,1,2
0.25795966,7,pca_sar,1,2
0.26905224,7,pca_sar,1,2
0.22878537,7,pca_sar,1,2
0.105576985,7,pca_sar,1,2
0.18805113,7,pca_sar,1,2
0.21552815,7,pca_sar,1,2
0.20644677,8,pca_sar,1,2
0.2729069,8,pca_sar,1,2
0.28464115,8,pca_sar,1,2
0.22847304,8,pca_sar,1,2
0.07982737,8,pca_sar,1,2
0.04660048,8,pca_sar,1,2
-0.11171217,8,pca_sar,1,2
-0.04466635,8,pca_sar,1,2
0.054552138,8,pca_sar,1,2
-0.015855132,8,pca_sar,1,2
0.03836502,8,pca_sar,1,2
0.086436905,8,pca_sar,1,2
0.014306314,8,pca_sar,1,2
0.011166543,8,pca_sar,1,2
0.110202104,8,pca_sar,1,2
-0.048070297,8,pca_sar,1,2
0.02419457,8,pca_sar,1,2
0.0028840043,8,pca_sar,1,2
0.075955,8,pca_sar,1,2
0.05717144,8,pca_sar,1,2
0.05167999,8,pca_sar,1,2
0.101774156,8,pca_sar,1,2
0.1303803,8,pca_sar,1,2
0.06549775,8,pca_sar,1,2
0.043474395,8,pca_sar,1,2
0.14935887,8,pca_sar,1,2
0.11367155,8,pca_sar,1,2
0.07619583,8,pca_sar,1,2
0.08519196,8,pca_sar,1,2
0.1033657,8,pca_sar,1,2
0.113509074,8,pca_sar,1,2
0.15883932,8,pca_sar,1,2
0.121303186,8,pca_sar,1,2
0.15134671,8,pca_sar,1,2
0.087887324,8,pca_sar,1,2
0.15049854,8,pca_sar,1,2
0.028247561,8,pca_sar,1,2
0.10688087,8,pca_sar,1,2
0.17518604,8,pca_sar,1,2
0.121768974,8,pca_sar,1,2
0.1021539,8,pca_sar,1,2
0.09383841,8,pca_sar,1,2
0.05081343,8,pca_sar,1,2
0.105125695,8,pca_sar,1,2
0.0944092,8,pca_sar,1,2
0.12159368,8,pca_sar,1,2
0.057885207,8,pca_sar,1,2
0.070799865,8,pca_sar,1,2
0.19239296,8,pca_sar,1,2
0.23414673,8,pca_sar,1,2
0.24288335,8,pca_sar,1,2
0.205737,8,pca_sar,1,2
0.17537996,8,pca_sar,1,2
0.09199823,8,pca_sar,1,2
0.14289635,8,pca_sar,1,2
0.14807254,8,pca_sar,1,2
0.16406173,8,pca_sar,1,2
0.092702314,8,pca_sar,1,2
0.06201817,8,pca_sar,1,2
0.15881532,8,pca_sar,1,2
0.21078736,8,pca_sar,1,2
0.19431925,8,pca_sar,1,2
0.16503853,8,pca_sar,1,2
0.13835114,8,pca_sar,1,2
0.04293763,8,pca_sar,1,2
0.108089164,8,pca_sar,1,2
0.11576033,8,pca_sar,1,2
0.14199989,8,pca_sar,1,2
0.17041609,8,pca_sar,1,2
0.14940864,8,pca_sar,1,2
0.1527842,8,pca_sar,1,2
0.08051664,8,pca_sar,1,2
0.06666116,8,pca_sar,1,2
0.015150845,8,pca_sar,1,2
-0.109522566,8,pca_sar,1,2
-0.0041193515,8,pca_sar,1,2
0.09101567,8,pca_sar,1,2
0.07877064,8,pca_sar,1,2
0.078770794,8,pca_sar,1,2
0.06213996,8,pca_sar,1,2
-0.032438733,8,pca_sar,1,2
0.03753878,8,pca_sar,1,2
0.08291735,8,pca_sar,1,2
0.038348384,8,pca_sar,1,2
0.017719474,8,pca_sar,1,2
-0.0059351027,8,pca_sar,1,2
0.086479485,8,pca_sar,1,2
0.105651796,8,pca_sar,1,2
0.12280566,8,pca_sar,1,2
0.12422285,8,pca_sar,1,2
0.15343845,8,pca_sar,1,2
0.1326176,8,pca_sar,1,2
0.14167081,8,pca_sar,1,2
0.084067725,8,pca_sar,1,2
0.02713536,8,pca_sar,1,2
0.09114074,8,pca_sar,1,2
0.23872283,8,pca_sar,1,2
0.21944171,8,pca_sar,1,2
0.18367592,8,pca_sar,1,2
0.17621166,8,pca_sar,1,2
0.17901771,8,pca_sar,1,2
0.21418285,8,pca_sar,1,2
0.10944827,8,pca_sar,1,2
0.039421357,8,pca_sar,1,2
0.045474626,8,pca_sar,1,2
0.12176026,8,pca_sar,1,2
0.1435708,8,pca_sar,1,2
0.2311734,8,pca_sar,1,2
0.2136291,8,pca_sar,1,2
0.14685938,8,pca_sar,1,2
0.13328516,8,pca_sar,1,2
0.14780295,8,pca_sar,1,2
0.18140295,8,pca_sar,1,2
0.10092242,8,pca_sar,1,2
0.15470448,8,pca_sar,1,2
0.20487154,8,pca_sar,1,2
0.19386527,8,pca_sar,1,2
0.23887438,8,pca_sar,1,2
0.23589912,8,pca_sar,1,2
0.12538677,8,pca_sar,1,2
0.16120459,8,pca_sar,1,2
0.18375793,8,pca_sar,1,2
0.18944111,8,pca_sar,1,2
0.13714454,8,pca_sar,1,2
0.15366629,8,pca_sar,1,2
0.16932744,8,pca_sar,1,2
0.14125028,8,pca_sar,1,2
0.1496847,8,pca_sar,1,2
0.17094806,8,pca_sar,1,2
0.08008055,8,pca_sar,1,2
0.17161366,8,pca_sar,1,2
0.19616163,8,pca_sar,1,2
0.117849246,8,pca_sar,1,2
0.055260845,8,pca_sar,1,2
0.09286542,8,pca_sar,1,2
0.069592714,8,pca_sar,1,2
0.16694386,7,pca_sar,1,2
0.16068482,7,pca_sar,1,2
0.14994195,7,pca_sar,1,2
0.16759473,7,pca_sar,1,2
0.06253439,7,pca_sar,1,2
0.14595893,7,pca_sar,1,2
0.15562117,7,pca_sar,1,2
0.17359981,7,pca_sar,1,2
0.049234502,7,pca_sar,1,2
-0.03065933,7,pca_sar,1,2
0.083332956,7,pca_sar,1,2
0.055816665,7,pca_sar,1,2
0.21038854,7,pca_sar,1,2
0.1588641,7,pca_sar,1,2
0.17046377,7,pca_sar,1,2
0.022020366,7,pca_sar,1,2
-0.08821905,7,pca_sar,1,2
0.071819775,7,pca_sar,1,2
-0.017581463,7,pca_sar,1,2
0.10826138,7,pca_sar,1,2
0.10463921,7,pca_sar,1,2
0.08354303,7,pca_sar,1,2
0.011965342,7,pca_sar,1,2
-0.017871352,7,pca_sar,1,2
0.09747873,7,pca_sar,1,2
0.054568272,7,pca_sar,1,2
0.0013569267,7,pca_sar,1,2
0.05384071,7,pca_sar,1,2
0.07044677,7,pca_sar,1,2
0.052386567,7,pca_sar,1,2
0.03253666,7,pca_sar,1,2
0.13042825,7,pca_sar,1,2
0.08017841,7,pca_sar,1,2
-0.029408323,7,pca_sar,1,2
0.081330985,7,pca_sar,1,2
0.0932422,7,pca_sar,1,2
-0.0020694695,7,pca_sar,1,2
0.10249506,7,pca_sar,1,2
0.037054103,7,pca_sar,1,2
-0.013749118,7,pca_sar,1,2
0.044888847,7,pca_sar,1,2
0.08836839,7,pca_sar,1,2
0.03864792,7,pca_sar,1,2
0.06634903,7,pca_sar,1,2
0.0075251125,7,pca_sar,1,2
0.04486365,7,pca_sar,1,2
0.049651824,7,pca_sar,1,2
0.056155425,7,pca_sar,1,2
0.06847565,7,pca_sar,1,2
-0.017731152,7,pca_sar,1,2
0.068224356,7,pca_sar,1,2
0.083907716,7,pca_sar,1,2
0.1638318,7,pca_sar,1,2
0.05354853,7,pca_sar,1,2
0.02440396,7,pca_sar,1,2
0.012357829,7,pca_sar,1,2
0.1491845,7,pca_sar,1,2
0.13374391,7,pca_sar,1,2
0.00086639915,7,pca_sar,1,2
0.10379768,7,pca_sar,1,2
0.07110518,7,pca_sar,1,2
0.1906444,7,pca_sar,1,2
0.20624581,7,pca_sar,1,2
0.15980655,7,pca_sar,1,2
0.12651345,7,pca_sar,1,2
0.15024582,7,pca_sar,1,2
0.12804523,7,pca_sar,1,2
0.16969568,7,pca_sar,1,2
0.11029174,7,pca_sar,1,2
0.053654592,7,pca_sar,1,2
0.037549525,7,pca_sar,1,2
0.14910194,7,pca_sar,1,2
0.12140026,7,pca_sar,1,2
0.18815923,7,pca_sar,1,2
0.15757251,7,pca_sar,1,2
0.18497825,7,pca_sar,1,2
0.007155085,7,pca_sar,1,2
-0.022807207,7,pca_sar,1,2
0.07963157,7,pca_sar,1,2
0.01972229,7,pca_sar,1,2
0.21863472,7,pca_sar,1,2
0.1824817,7,pca_sar,1,2
0.094659016,7,pca_sar,1,2
0.03935439,7,pca_sar,1,2
0.007969907,7,pca_sar,1,2
0.03706137,7,pca_sar,1,2
0.023693983,7,pca_sar,1,2
0.16697907,7,pca_sar,1,2
0.08916873,7,pca_sar,1,2
0.067387365,7,pca_sar,1,2
0.10052007,7,pca_sar,1,2
0.09054379,7,pca_sar,1,2
0.15339544,7,pca_sar,1,2
0.08005477,7,pca_sar,1,2
-0.04090667,7,pca_sar,1,2
0.050049093,7,pca_sar,1,2
0.070852235,7,pca_sar,1,2
0.03860915,7,pca_sar,1,2
0.11738659,7,pca_sar,1,2
0.010578165,7,pca_sar,1,2
0.06005389,7,pca_sar,1,2
0.088638104,7,pca_sar,1,2
0.13476354,7,pca_sar,1,2
0.08909576,7,pca_sar,1,2
0.08816557,7,pca_sar,1,2
0.002797164,7,pca_sar,1,2
0.09129274,7,pca_sar,1,2
0.1160548,7,pca_sar,1,2
0.10888557,7,pca_sar,1,2
0.071075015,7,pca_sar,1,2
-0.0033103935,7,pca_sar,1,2
0.15099598,7,pca_sar,1,2
0.08248624,7,pca_sar,1,2
0.08025517,7,pca_sar,1,2
0.011440281,7,pca_sar,1,2
0.04037328,7,pca_sar,1,2
-0.014621513,7,pca_sar,1,2
0.091367796,7,pca_sar,1,2
0.04659043,7,pca_sar,1,2
0.0462307,7,pca_sar,1,2
0.104516506,7,pca_sar,1,2
0.08809476,7,pca_sar,1,2
0.1777635,8,pca_sar,1,2
0.25805172,8,pca_sar,1,2
0.27151826,8,pca_sar,1,2
0.24504936,8,pca_sar,1,2
0.11257788,8,pca_sar,1,2
0.05058372,8,pca_sar,1,2
-0.06685384,8,pca_sar,1,2
0.051318496,8,pca_sar,1,2
0.048927225,8,pca_sar,1,2
0.019056678,8,pca_sar,1,2
0.057491094,8,pca_sar,1,2
0.052973945,8,pca_sar,1,2
0.034300633,8,pca_sar,1,2
0.09950546,8,pca_sar,1,2
0.11694507,8,pca_sar,1,2
0.02923168,8,pca_sar,1,2
0.1341791,8,pca_sar,1,2
0.07900098,8,pca_sar,1,2
0.08170723,8,pca_sar,1,2
0.068643205,8,pca_sar,1,2
0.095484,8,pca_sar,1,2
0.10025527,8,pca_sar,1,2
0.06680055,8,pca_sar,1,2
0.06800914,8,pca_sar,1,2
0.085598595,8,pca_sar,1,2
0.09416105,8,pca_sar,1,2
0.09383509,8,pca_sar,1,2
0.037185278,8,pca_sar,1,2
0.058004275,8,pca_sar,1,2
0.14280383,8,pca_sar,1,2
0.15894724,8,pca_sar,1,2
0.21258387,8,pca_sar,1,2
0.12452535,8,pca_sar,1,2
0.08892362,8,pca_sar,1,2
0.028853603,8,pca_sar,1,2
0.051702157,8,pca_sar,1,2
0.070277035,8,pca_sar,1,2
0.09831506,8,pca_sar,1,2
0.18446444,8,pca_sar,1,2
0.06631034,8,pca_sar,1,2
0.066757396,8,pca_sar,1,2
0.13463388,8,pca_sar,1,2
0.13198814,8,pca_sar,1,2
0.2089295,8,pca_sar,1,2
0.16178043,8,pca_sar,1,2
0.13187826,8,pca_sar,1,2
0.10155356,8,pca_sar,1,2
0.10961649,8,pca_sar,1,2
0.11044089,8,pca_sar,1,2
0.13235843,8,pca_sar,1,2
0.117295645,8,pca_sar,1,2
0.11239696,8,pca_sar,1,2
0.13030471,8,pca_sar,1,2
0.13385177,8,pca_sar,1,2
0.2502975,8,pca_sar,1,2
0.1782102,8,pca_sar,1,2
0.16008979,8,pca_sar,1,2
0.107155755,8,pca_sar,1,2
0.0894423,8,pca_sar,1,2
0.08184845,8,pca_sar,1,2
0.118576206,8,pca_sar,1,2
0.123959616,8,pca_sar,1,2
0.099877775,8,pca_sar,1,2
0.14297876,8,pca_sar,1,2
0.10192953,8,pca_sar,1,2
0.11987731,8,pca_sar,1,2
0.08279873,8,pca_sar,1,2
0.10940711,8,pca_sar,1,2
0.11807478,8,pca_sar,1,2
0.065705255,8,pca_sar,1,2
0.16695872,8,pca_sar,1,2
0.12325311,8,pca_sar,1,2
0.057578105,2,pca_sar,1,2
0.11065881,2,pca_sar,1,2
0.07043429,2,pca_sar,1,2
-0.13160357,2,pca_sar,1,2
0.049305804,2,pca_sar,1,2
0.03757022,2,pca_sar,1,2
0.0386599,2,pca_sar,1,2
0.023591133,2,pca_sar,1,2
0.04037258,2,pca_sar,1,2
0.1146196,2,pca_sar,1,2
-0.076378465,2,pca_sar,1,2
-0.043806743,2,pca_sar,1,2
0.02395953,2,pca_sar,1,2
0.043963287,2,pca_sar,1,2
0.023029465,2,pca_sar,1,2
0.084147915,2,pca_sar,1,2
0.108024366,2,pca_sar,1,2
0.0913627,2,pca_sar,1,2
0.013108802,2,pca_sar,1,2
0.027555022,2,pca_sar,1,2
-0.012507804,2,pca_sar,1,2
-0.06218849,2,pca_sar,1,2
-0.069986224,2,pca_sar,1,2
0.03231528,2,pca_sar,1,2
0.043973766,2,pca_sar,1,2
0.063645065,2,pca_sar,1,2
0.30241922,2,pca_sar,1,2
0.27540272,2,pca_sar,1,2
0.2942412,2,pca_sar,1,2
0.29237938,2,pca_sar,1,2
0.2664467,2,pca_sar,1,2
0.16229913,2,pca_sar,1,2
0.1362734,2,pca_sar,1,2
0.15346837,2,pca_sar,1,2
0.23651022,2,pca_sar,1,2
0.29887426,2,pca_sar,1,2
0.2990641,2,pca_sar,1,2
0.11048683,8,pca_sar,1,2
0.08980198,8,pca_sar,1,2
-0.12540278,8,pca_sar,1,2
-0.0060193334,8,pca_sar,1,2
0.053194404,8,pca_sar,1,2
0.02925992,8,pca_sar,1,2
0.05798501,8,pca_sar,1,2
0.056401607,8,pca_sar,1,2
-0.024011146,8,pca_sar,1,2
0.023574125,8,pca_sar,1,2
0.14138186,8,pca_sar,1,2
0.06307563,8,pca_sar,1,2
0.123649925,8,pca_sar,1,2
0.16527829,8,pca_sar,1,2
0.23605096,8,pca_sar,1,2
0.20110436,8,pca_sar,1,2
0.17811489,8,pca_sar,1,2
0.17823991,8,pca_sar,1,2
0.20829211,8,pca_sar,1,2
0.16057803,8,pca_sar,1,2
0.19981627,8,pca_sar,1,2
0.15479651,8,pca_sar,1,2
0.014760911,8,pca_sar,1,2
0.033236235,8,pca_sar,1,2
0.10723047,8,pca_sar,1,2
0.1831405,8,pca_sar,1,2
0.22508076,8,pca_sar,1,2
0.25389516,8,pca_sar,1,2
0.22714144,8,pca_sar,1,2
0.18267423,8,pca_sar,1,2
0.1327505,8,pca_sar,1,2
0.16500488,8,pca_sar,1,2
0.05535692,8,pca_sar,1,2
0.14451791,8,pca_sar,1,2
0.17823666,8,pca_sar,1,2
0.1501674,8,pca_sar,1,2
0.21422967,8,pca_sar,1,2
0.27188033,8,pca_sar,1,2
0.29898742,8,pca_sar,1,2
0.23641683,8,pca_sar,1,2
0.13899928,8,pca_sar,1,2
0.08568267,8,pca_sar,1,2
0.1267752,8,pca_sar,1,2
0.18218552,8,pca_sar,1,2
0.18570107,8,pca_sar,1,2
0.16005436,8,pca_sar,1,2
0.13967252,8,pca_sar,1,2
0.14245817,8,pca_sar,1,2
0.21856439,8,pca_sar,1,2
0.16443855,8,pca_sar,1,2
0.13655555,8,pca_sar,1,2
0.052808426,8,pca_sar,1,2
0.106342755,8,pca_sar,1,2
0.11562765,8,pca_sar,1,2
0.08690426,8,pca_sar,1,2
0.047749188,8,pca_sar,1,2
0.012807466,8,pca_sar,1,2
-0.011342488,8,pca_sar,1,2
0.15706247,8,pca_sar,1,2
0.10082134,8,pca_sar,1,2
0.07213485,8,pca_sar,1,2
0.024299486,8,pca_sar,1,2
0.045357965,8,pca_sar,1,2
0.031653725,8,pca_sar,1,2
0.1927368,2,pca_sar,1,2
0.16159719,2,pca_sar,1,2
0.18181996,2,pca_sar,1,2
-0.036223315,2,pca_sar,1,2
-0.0055454783,2,pca_sar,1,2
0.043357104,2,pca_sar,1,2
0.09291598,2,pca_sar,1,2
0.10812822,2,pca_sar,1,2
0.11881701,2,pca_sar,1,2
0.17060272,2,pca_sar,1,2
0.011298249,2,pca_sar,1,2
-0.072054476,2,pca_sar,1,2
0.008733142,2,pca_sar,1,2
0.03698772,2,pca_sar,1,2
0.058280814,2,pca_sar,1,2
0.068444096,2,pca_sar,1,2
0.09976207,2,pca_sar,1,2
0.10497743,2,pca_sar,1,2
0.09810153,2,pca_sar,1,2
0.113610476,2,pca_sar,1,2
0.11336957,2,pca_sar,1,2
0.08808006,2,pca_sar,1,2
0.06532052,2,pca_sar,1,2
0.117940694,2,pca_sar,1,2
0.073909044,2,pca_sar,1,2
0.12158073,2,pca_sar,1,2
0.28492838,2,pca_sar,1,2
0.23338965,2,pca_sar,1,2
0.29526353,2,pca_sar,1,2
0.30992246,2,pca_sar,1,2
0.3382164,2,pca_sar,1,2
0.3711914,2,pca_sar,1,2
0.3320319,2,pca_sar,1,2
0.22482552,2,pca_sar,1,2
0.27893534,2,pca_sar,1,2
0.27145335,2,pca_sar,1,2
0.29503584,2,pca_sar,1,2
0.14030363,7,pca_sar,1,2
0.1266563,7,pca_sar,1,2
0.19386515,7,pca_sar,1,2
0.118857116,7,pca_sar,1,2
0.080181696,7,pca_sar,1,2
0.05695041,7,pca_sar,1,2
0.10861812,7,pca_sar,1,2
0.036911085,7,pca_sar,1,2
-0.054676265,7,pca_sar,1,2
-0.08610488,7,pca_sar,1,2
-0.09557071,7,pca_sar,1,2
0.040361717,7,pca_sar,1,2
-0.00884534,7,pca_sar,1,2
-0.012176845,7,pca_sar,1,2
0.012972269,7,pca_sar,1,2
-0.010952897,7,pca_sar,1,2
-0.034357484,7,pca_sar,1,2
-0.04723639,7,pca_sar,1,2
0.035358887,7,pca_sar,1,2
-0.0037443899,7,pca_sar,1,2
0.010469016,7,pca_sar,1,2
0.05373862,7,pca_sar,1,2
0.071673505,7,pca_sar,1,2
0.08922013,7,pca_sar,1,2
0.16725573,7,pca_sar,1,2
0.11932513,7,pca_sar,1,2
0.11798688,7,pca_sar,1,2
0.1586251,7,pca_sar,1,2
0.11268942,7,pca_sar,1,2
0.07408824,7,pca_sar,1,2
0.008960942,7,pca_sar,1,2
-0.013400108,7,pca_sar,1,2
0.0065400563,7,pca_sar,1,2
0.010802849,7,pca_sar,1,2
0.067924134,7,pca_sar,1,2
0.0587707,7,pca_sar,1,2
0.047663026,7,pca_sar,1,2
-0.021229504,7,pca_sar,1,2
0.060127158,7,pca_sar,1,2
0.041380424,7,pca_sar,1,2
0.022286974,7,pca_sar,1,2
0.027887318,7,pca_sar,1,2
0.08117004,7,pca_sar,1,2
0.10262184,7,pca_sar,1,2
0.12058987,2,pca_sar,1,2
0.102952085,2,pca_sar,1,2
0.14280945,2,pca_sar,1,2
-0.07271912,2,pca_sar,1,2
0.04876431,2,pca_sar,1,2
-0.0065995045,2,pca_sar,1,2
0.09200387,2,pca_sar,1,2
0.06111883,2,pca_sar,1,2
0.053326245,2,pca_sar,1,2
0.10534774,2,pca_sar,1,2
0.008164419,2,pca_sar,1,2
-0.052358687,2,pca_sar,1,2
-0.06409416,2,pca_sar,1,2
0.074415684,2,pca_sar,1,2
0.0022218637,2,pca_sar,1,2
0.024220813,2,pca_sar,1,2
0.05797277,2,pca_sar,1,2
0.05750658,2,pca_sar,1,2
0.034888193,2,pca_sar,1,2
0.025919309,2,pca_sar,1,2
0.016391527,2,pca_sar,1,2
0.03529036,2,pca_sar,1,2
0.046076488,2,pca_sar,1,2
0.028886557,2,pca_sar,1,2
0.03916894,2,pca_sar,1,2
0.08220146,2,pca_sar,1,2
0.0033231415,2,pca_sar,1,2
-0.04547328,2,pca_sar,1,2
-0.041211456,2,pca_sar,1,2
-0.05917881,2,pca_sar,1,2
-0.008208441,2,pca_sar,1,2
0.021389853,2,pca_sar,1,2
0.030020405,2,pca_sar,1,2
0.047763437,2,pca_sar,1,2
0.066362284,2,pca_sar,1,2
0.027257938,2,pca_sar,1,2
-0.013593666,2,pca_sar,1,2
-0.06680776,2,pca_sar,1,2
-0.004848387,2,pca_sar,1,2
-0.05627464,2,pca_sar,1,2
-0.05472092,2,pca_sar,1,2
-0.057670236,2,pca_sar,1,2
-0.06534344,2,pca_sar,1,2
-0.01594124,2,pca_sar,1,2
0.04769185,2,pca_sar,1,2
0.006873388,2,pca_sar,1,2
-0.04804577,2,pca_sar,1,2
0.007979291,2,pca_sar,1,2
0.0022474416,2,pca_sar,1,2
0.048075948,2,pca_sar,1,2
0.0033113472,2,pca_sar,1,2
0.044287447,2,pca_sar,1,2
0.06212791,2,pca_sar,1,2
0.09126732,2,pca_sar,1,2
0.097318694,2,pca_sar,1,2
0.06996662,2,pca_sar,1,2
0.11452532,2,pca_sar,1,2
0.13748266,2,pca_sar,1,2
0.092746176,2,pca_sar,1,2
0.14703879,2,pca_sar,1,2
0.15746388,2,pca_sar,1,2
0.16516234,2,pca_sar,1,2
-0.013217483,2,pca_sar,1,2
0.05468168,2,pca_sar,1,2
0.04385855,2,pca_sar,1,2
0.08104123,2,pca_sar,1,2
0.11649451,2,pca_sar,1,2
0.08135473,2,pca_sar,1,2
0.17761616,2,pca_sar,1,2
0.008930311,2,pca_sar,1,2
-0.070744656,2,pca_sar,1,2
-0.078519136,2,pca_sar,1,2
-0.041914772,2,pca_sar,1,2
-0.0131489085,2,pca_sar,1,2
-0.005008897,2,pca_sar,1,2
0.08267689,2,pca_sar,1,2
0.18570596,2,pca_sar,1,2
0.11212578,2,pca_sar,1,2
0.057182506,2,pca_sar,1,2
0.08202255,2,pca_sar,1,2
0.07063888,2,pca_sar,1,2
0.060935415,2,pca_sar,1,2
0.12315437,2,pca_sar,1,2
0.056890044,2,pca_sar,1,2
0.09313079,2,pca_sar,1,2
0.05953473,2,pca_sar,1,2
0.068260506,2,pca_sar,1,2
0.106645845,2,pca_sar,1,2
0.04028856,2,pca_sar,1,2
0.024815585,2,pca_sar,1,2
0.09957296,2,pca_sar,1,2
0.11817323,2,pca_sar,1,2
0.14931084,2,pca_sar,1,2
0.15038124,2,pca_sar,1,2
0.07483558,2,pca_sar,1,2
0.056593195,2,pca_sar,1,2
0.006680887,2,pca_sar,1,2
0.04944233,2,pca_sar,1,2
-0.018250473,2,pca_sar,1,2
-0.038050026,2,pca_sar,1,2
-0.022112167,2,pca_sar,1,2
0.03279391,2,pca_sar,1,2
0.16452444,2,pca_sar,1,2
0.21739045,2,pca_sar,1,2
0.09541463,2,pca_sar,1,2
0.037268884,2,pca_sar,1,2
0.032984495,2,pca_sar,1,2
-0.0013988987,2,pca_sar,1,2
-0.0020591114,2,pca_sar,1,2
0.022212142,2,pca_sar,1,2
0.022768613,2,pca_sar,1,2
0.036482703,2,pca_sar,1,2
-0.033671856,2,pca_sar,1,2
0.031834945,2,pca_sar,1,2
0.062595785,2,pca_sar,1,2
0.08754322,2,pca_sar,1,2
0.1455729,2,pca_sar,1,2
0.11395539,2,pca_sar,1,2
0.17319971,2,pca_sar,1,2
0.20434636,2,pca_sar,1,2
0.14025016,2,pca_sar,1,2
0.124447316,2,pca_sar,1,2
0.14887339,2,pca_sar,1,2
0.12194103,2,pca_sar,1,2
0.1456207,2,pca_sar,1,2
0.221852,2,pca_sar,1,2
0.25671348,2,pca_sar,1,2
0.24814673,2,pca_sar,1,2
0.05142555,2,pca_sar,1,2
0.013623363,2,pca_sar,1,2
0.013222082,2,pca_sar,1,2
-0.013687197,2,pca_sar,1,2
-0.038295344,2,pca_sar,1,2
0.0144505985,2,pca_sar,1,2
-0.053704124,2,pca_sar,1,2
-0.07286872,2,pca_sar,1,2
-0.08414988,2,pca_sar,1,2
0.06853652,2,pca_sar,1,2
0.049735084,2,pca_sar,1,2
-0.004171429,2,pca_sar,1,2
0.16352731,2,pca_sar,1,2
0.20978072,2,pca_sar,1,2
0.20861721,2,pca_sar,1,2
0.16193236,2,pca_sar,1,2
0.18961951,2,pca_sar,1,2
0.19134155,2,pca_sar,1,2
0.20849562,2,pca_sar,1,2
0.28643966,2,pca_sar,1,2
0.2634116,2,pca_sar,1,2
0.234783,2,pca_sar,1,2
0.09790881,2,pca_sar,1,2
0.064405695,2,pca_sar,1,2
0.105033904,2,pca_sar,1,2
0.013612721,2,pca_sar,1,2
0.03574772,2,pca_sar,1,2
0.07872572,2,pca_sar,1,2
0.060049165,2,pca_sar,1,2
0.054443263,2,pca_sar,1,2
0.032001093,2,pca_sar,1,2
0.05014335,2,pca_sar,1,2
0.076106235,2,pca_sar,1,2
0.045166757,2,pca_sar,1,2
0.049769014,8,pca_sar,1,2
-0.020420384,8,pca_sar,1,2
0.0056362534,8,pca_sar,1,2
0.0904931,8,pca_sar,1,2
-0.02890085,8,pca_sar,1,2
0.013659805,8,pca_sar,1,2
0.08542186,8,pca_sar,1,2
0.07306577,8,pca_sar,1,2
0.26600078,8,pca_sar,1,2
0.010555867,8,pca_sar,1,2
-0.02120673,8,pca_sar,1,2
0.03906243,8,pca_sar,1,2
0.056802537,8,pca_sar,1,2
0.1141957,8,pca_sar,1,2
0.20252818,8,pca_sar,1,2
0.20831305,8,pca_sar,1,2
0.33366388,8,pca_sar,1,2
-0.011714071,8,pca_sar,1,2
-0.060874265,8,pca_sar,1,2
0.063207634,8,pca_sar,1,2
0.09560341,8,pca_sar,1,2
0.13392727,8,pca_sar,1,2
0.1841436,8,pca_sar,1,2
0.20674773,8,pca_sar,1,2
0.35455173,8,pca_sar,1,2
-0.082120344,8,pca_sar,1,2
0.094252296,8,pca_sar,1,2
0.18307391,8,pca_sar,1,2
0.19850403,8,pca_sar,1,2
0.18215097,8,pca_sar,1,2
0.13336566,8,pca_sar,1,2
0.2993415,8,pca_sar,1,2
-0.038060598,8,pca_sar,1,2
0.08503508,8,pca_sar,1,2
0.1855056,8,pca_sar,1,2
0.16926834,8,pca_sar,1,2
0.17189357,8,pca_sar,1,2
0.1352599,8,pca_sar,1,2
0.33122414,8,pca_sar,1,2
0.14791638,8,pca_sar,1,2
0.24509431,8,pca_sar,1,2
0.17518874,8,pca_sar,1,2
0.16578403,8,pca_sar,1,2
0.20534126,8,pca_sar,1,2
0.38925308,8,pca_sar,1,2
0.14088446,8,pca_sar,1,2
0.1237818,8,pca_sar,1,2
0.1275205,8,pca_sar,1,2
0.294078,8,pca_sar,1,2
-0.02632074,8,pca_sar,1,2
-0.044541262,8,pca_sar,1,2
0.09513931,8,pca_sar,1,2
0.10985975,8,pca_sar,1,2
-0.013133954,8,pca_sar,1,2
0.09224217,8,pca_sar,1,2
0.12857284,8,pca_sar,1,2
0.16574384,8,pca_sar,1,2
0.15093863,8,pca_sar,1,2
0.08988461,8,pca_sar,1,2
-0.022430532,8,pca_sar,1,2
0.021200813,8,pca_sar,1,2
0.030375186,8,pca_sar,1,2
0.18810983,8,pca_sar,1,2
0.23300669,8,pca_sar,1,2
0.23689765,8,pca_sar,1,2
0.21144038,8,pca_sar,1,2
0.10612793,8,pca_sar,1,2
0.08647543,8,pca_sar,1,2
-0.027416537,8,pca_sar,1,2
0.06586869,8,pca_sar,1,2
0.05113902,8,pca_sar,1,2
0.20795217,8,pca_sar,1,2
0.27007875,8,pca_sar,1,2
0.23951848,8,pca_sar,1,2
0.2057876,8,pca_sar,1,2
0.099619575,8,pca_sar,1,2
0.0866692,8,pca_sar,1,2
0.089962795,8,pca_sar,1,2
-0.0064829066,8,pca_sar,1,2
0.1490662,8,pca_sar,1,2
0.12450792,8,pca_sar,1,2
0.18565246,8,pca_sar,1,2
0.20760927,8,pca_sar,1,2
0.1854268,8,pca_sar,1,2
0.20331934,8,pca_sar,1,2
0.15236384,8,pca_sar,1,2
0.06314767,8,pca_sar,1,2
0.03039532,8,pca_sar,1,2
-0.01778718,8,pca_sar,1,2
0.15440975,8,pca_sar,1,2
0.14009914,8,pca_sar,1,2
0.15900244,8,pca_sar,1,2
0.1730519,8,pca_sar,1,2
0.12491794,8,pca_sar,1,2
0.13555062,8,pca_sar,1,2
0.095486686,8,pca_sar,1,2
0.070587836,8,pca_sar,1,2
-0.027187396,8,pca_sar,1,2
0.24064739,8,pca_sar,1,2
0.18721658,8,pca_sar,1,2
0.13533583,8,pca_sar,1,2
0.14424294,8,pca_sar,1,2
0.17185792,8,pca_sar,1,2
0.20868164,8,pca_sar,1,2
0.17201415,8,pca_sar,1,2
0.10597535,8,pca_sar,1,2
0.11803094,8,pca_sar,1,2
0.21498452,8,pca_sar,1,2
0.2816219,8,pca_sar,1,2
0.21418941,8,pca_sar,1,2
0.31743956,8,pca_sar,1,2
0.27074695,8,pca_sar,1,2
0.22369742,8,pca_sar,1,2
0.15396076,8,pca_sar,1,2
0.16736916,8,pca_sar,1,2
0.123882815,8,pca_sar,1,2
0.053519815,8,pca_sar,1,2
0.16883647,8,pca_sar,1,2
0.12068178,8,pca_sar,1,2
-0.054726236,8,pca_sar,1,2
0.18133712,8,pca_sar,1,2
0.1972759,8,pca_sar,1,2
0.16882463,8,pca_sar,1,2
0.085159585,8,pca_sar,1,2
0.12210569,8,pca_sar,1,2
0.10105918,8,pca_sar,1,2
0.11952194,8,pca_sar,1,2
0.1571926,8,pca_sar,1,2
0.12921333,8,pca_sar,1,2
0.27033684,8,pca_sar,1,2
0.45440793,8,pca_sar,1,2
0.026651254,8,pca_sar,1,2
-0.04132319,8,pca_sar,1,2
0.06316455,8,pca_sar,1,2
0.13667746,8,pca_sar,1,2
0.26400036,8,pca_sar,1,2
0.23197877,8,pca_sar,1,2
0.29890448,8,pca_sar,1,2
0.48288602,8,pca_sar,1,2
0.008890843,8,pca_sar,1,2
-0.06552451,8,pca_sar,1,2
0.110575385,8,pca_sar,1,2
0.14716226,8,pca_sar,1,2
0.24124779,8,pca_sar,1,2
0.24750847,8,pca_sar,1,2
0.30777502,8,pca_sar,1,2
0.47044975,8,pca_sar,1,2
0.028707251,8,pca_sar,1,2
0.18558821,8,pca_sar,1,2
0.17526266,8,pca_sar,1,2
0.17197496,8,pca_sar,1,2
0.17440626,8,pca_sar,1,2
0.21596381,8,pca_sar,1,2
0.41272032,8,pca_sar,1,2
0.027014568,8,pca_sar,1,2
0.21707238,8,pca_sar,1,2
0.2162056,8,pca_sar,1,2
0.16383567,8,pca_sar,1,2
0.15700978,8,pca_sar,1,2
0.17601761,8,pca_sar,1,2
0.4216863,8,pca_sar,1,2
0.20488432,8,pca_sar,1,2
0.22242048,8,pca_sar,1,2
0.14676194,8,pca_sar,1,2
0.14071901,8,pca_sar,1,2
0.14996478,8,pca_sar,1,2
0.41308758,8,pca_sar,1,2
0.12796174,8,pca_sar,1,2
0.12079211,8,pca_sar,1,2
0.11565019,8,pca_sar,1,2
0.32608807,8,pca_sar,1,2
0.2766137,8,pca_sar,1,2
0.27555382,8,pca_sar,1,2
0.22848691,8,pca_sar,1,2
0.19438274,8,pca_sar,1,2
0.20305625,8,pca_sar,1,2
0.188862,8,pca_sar,1,2
0.15177923,8,pca_sar,1,2
0.11645877,8,pca_sar,1,2
0.0804128,8,pca_sar,1,2
0.21856362,8,pca_sar,1,2
0.23472983,8,pca_sar,1,2
0.19439498,8,pca_sar,1,2
0.17167097,8,pca_sar,1,2
0.087845154,8,pca_sar,1,2
0.0104259215,8,pca_sar,1,2
0.021095403,8,pca_sar,1,2
-0.016339362,8,pca_sar,1,2
-0.017272443,8,pca_sar,1,2
0.1889185,8,pca_sar,1,2
0.16432132,8,pca_sar,1,2
0.13433155,8,pca_sar,1,2
0.09831409,8,pca_sar,1,2
0.057241198,8,pca_sar,1,2
0.0013807975,8,pca_sar,1,2
-0.042998318,8,pca_sar,1,2
0.13694096,8,pca_sar,1,2
0.113006875,8,pca_sar,1,2
0.07486363,8,pca_sar,1,2
0.0033776667,8,pca_sar,1,2
0.096908584,8,pca_sar,1,2
0.053093694,8,pca_sar,1,2
-0.03212375,8,pca_sar,1,2
0.10424268,8,pca_sar,1,2
0.102057174,8,pca_sar,1,2
0.09545614,8,pca_sar,1,2
0.092140585,8,pca_sar,1,2
0.05110328,8,pca_sar,1,2
-0.06751215,8,pca_sar,1,2
0.16913,8,pca_sar,1,2
0.05077598,8,pca_sar,1,2
-0.087376386,8,pca_sar,1,2
0.019900195,8,pca_sar,1,2
0.1624481,8,pca_sar,1,2
0.17947772,8,pca_sar,1,2
0.21275653,8,pca_sar,1,2
0.27924424,8,pca_sar,1,2
0.22691858,8,pca_sar,1,2
0.1883344,8,pca_sar,1,2
0.2219315,8,pca_sar,1,2
0.24938335,8,pca_sar,1,2
0.00090450794,8,pca_sar,1,2
-0.0067088176,8,pca_sar,1,2
0.15510355,8,pca_sar,1,2
0.18815304,8,pca_sar,1,2
0.12950128,8,pca_sar,1,2
0.15466198,8,pca_sar,1,2
0.15351683,8,pca_sar,1,2
0.16376022,8,pca_sar,1,2
0.18273303,8,pca_sar,1,2
-0.008250926,8,pca_sar,1,2
-0.013378438,8,pca_sar,1,2
0.087313265,8,pca_sar,1,2
0.11059375,8,pca_sar,1,2
0.14132659,8,pca_sar,1,2
0.16773388,8,pca_sar,1,2
0.15539369,8,pca_sar,1,2
0.1707679,8,pca_sar,1,2
0.19145334,8,pca_sar,1,2
0.17448635,8,pca_sar,1,2
0.11453699,8,pca_sar,1,2
-0.03282076,8,pca_sar,1,2
0.1213576,8,pca_sar,1,2
0.15198198,8,pca_sar,1,2
0.14822266,8,pca_sar,1,2
0.17196566,8,pca_sar,1,2
0.16748342,8,pca_sar,1,2
0.166601,8,pca_sar,1,2
0.1903817,8,pca_sar,1,2
0.17096603,8,pca_sar,1,2
0.11651318,8,pca_sar,1,2
0.016947646,8,pca_sar,1,2
0.15764114,8,pca_sar,1,2
0.21513571,8,pca_sar,1,2
0.15774198,8,pca_sar,1,2
0.15753034,8,pca_sar,1,2
0.1706064,8,pca_sar,1,2
0.17468351,8,pca_sar,1,2
0.1509153,8,pca_sar,1,2
0.16056961,8,pca_sar,1,2
0.030033857,8,pca_sar,1,2
0.15232742,8,pca_sar,1,2
0.21077582,8,pca_sar,1,2
0.14652869,8,pca_sar,1,2
0.14921463,8,pca_sar,1,2
0.16424246,8,pca_sar,1,2
0.12581831,8,pca_sar,1,2
0.056982033,8,pca_sar,1,2
0.17522696,8,pca_sar,1,2
0.15881906,8,pca_sar,1,2
0.18136743,8,pca_sar,1,2
0.15612395,8,pca_sar,1,2
0.0981062,8,pca_sar,1,2
0.31322223,8,pca_sar,1,2
0.3005271,8,pca_sar,1,2
0.29779488,8,pca_sar,1,2
0.2334064,8,pca_sar,1,2
0.22679374,8,pca_sar,1,2
0.282933,8,pca_sar,1,2
0.16185386,8,pca_sar,1,2
0.09854108,8,pca_sar,1,2
0.030677944,8,pca_sar,1,2
0.23885605,8,pca_sar,1,2
0.21199405,8,pca_sar,1,2
0.17741778,8,pca_sar,1,2
0.16078298,8,pca_sar,1,2
0.13560948,8,pca_sar,1,2
0.09681411,8,pca_sar,1,2
0.035046674,8,pca_sar,1,2
-0.012311141,8,pca_sar,1,2
0.0027455436,8,pca_sar,1,2
0.19062558,8,pca_sar,1,2
0.18791872,8,pca_sar,1,2
0.16547611,8,pca_sar,1,2
0.12268468,8,pca_sar,1,2
0.080102906,8,pca_sar,1,2
0.023475707,8,pca_sar,1,2
0.0076567708,8,pca_sar,1,2
0.21187367,8,pca_sar,1,2
0.24629945,8,pca_sar,1,2
0.2093482,8,pca_sar,1,2
0.09774629,8,pca_sar,1,2
0.058036834,8,pca_sar,1,2
0.039353415,8,pca_sar,1,2
0.02120796,8,pca_sar,1,2
0.23481932,8,pca_sar,1,2
0.24927348,8,pca_sar,1,2
0.17920193,8,pca_sar,1,2
0.1197397,8,pca_sar,1,2
0.03157115,8,pca_sar,1,2
-0.00091457367,8,pca_sar,1,2
0.19410086,8,pca_sar,1,2
0.019524975,8,pca_sar,1,2
-0.06932203,8,pca_sar,1,2
0.23160893,8,pca_sar,1,2
0.2199539,8,pca_sar,1,2
0.14253733,8,pca_sar,1,2
0.13899192,8,pca_sar,1,2
0.20945427,8,pca_sar,1,2
0.11695233,8,pca_sar,1,2
0.10052632,8,pca_sar,1,2
0.2293128,8,pca_sar,1,2
0.12292452,8,pca_sar,1,2
0.057694547,8,pca_sar,1,2
0.22223231,8,pca_sar,1,2
0.21206684,8,pca_sar,1,2
0.33741593,2,pca_sar,1,2
0.45922855,2,pca_sar,1,2
0.08281661,2,pca_sar,1,2
0.027146775,2,pca_sar,1,2
0.01001793,2,pca_sar,1,2
-0.010159684,2,pca_sar,1,2
0.26756245,2,pca_sar,1,2
0.23630372,2,pca_sar,1,2
0.21186852,2,pca_sar,1,2
0.18726651,2,pca_sar,1,2
0.21729822,2,pca_sar,1,2
0.07114591,2,pca_sar,1,2
-0.039724093,2,pca_sar,1,2
0.35500595,2,pca_sar,1,2
0.22821285,2,pca_sar,1,2
0.120972015,2,pca_sar,1,2
0.2396294,8,pca_sar,1,2
0.27536142,8,pca_sar,1,2
0.3021407,8,pca_sar,1,2
0.36238945,8,pca_sar,1,2
0.4090615,8,pca_sar,1,2
0.3074729,8,pca_sar,1,2
0.16393219,8,pca_sar,1,2
0.15012878,8,pca_sar,1,2
0.11641587,8,pca_sar,1,2
0.16474405,8,pca_sar,1,2
0.2189833,8,pca_sar,1,2
0.24175273,8,pca_sar,1,2
0.21849227,8,pca_sar,1,2
0.17001012,8,pca_sar,1,2
0.08526077,8,pca_sar,1,2
0.11129188,8,pca_sar,1,2
0.14260533,8,pca_sar,1,2
0.09428656,8,pca_sar,1,2
0.18488371,8,pca_sar,1,2
0.20074673,8,pca_sar,1,2
0.19190791,8,pca_sar,1,2
0.14630744,8,pca_sar,1,2
0.12658648,8,pca_sar,1,2
0.03498607,8,pca_sar,1,2
0.0035648767,8,pca_sar,1,2
0.18604341,8,pca_sar,1,2
0.16429576,8,pca_sar,1,2
0.13382629,8,pca_sar,1,2
0.080052994,8,pca_sar,1,2
0.14079933,8,pca_sar,1,2
0.08453782,8,pca_sar,1,2
-0.0167558,8,pca_sar,1,2
0.15205245,8,pca_sar,1,2
0.17067869,8,pca_sar,1,2
0.12473887,8,pca_sar,1,2
0.19842559,8,pca_sar,1,2
0.2059208,8,pca_sar,1,2
0.11219837,8,pca_sar,1,2
0.16557543,8,pca_sar,1,2
0.11964174,8,pca_sar,1,2
-0.06346969,8,pca_sar,1,2
0.18490967,8,pca_sar,1,2
0.1472381,8,pca_sar,1,2
0.18616,8,pca_sar,1,2
0.1998115,8,pca_sar,1,2
0.20308454,8,pca_sar,1,2
0.17102109,8,pca_sar,1,2
0.18218768,8,pca_sar,1,2
0.16315396,8,pca_sar,1,2
0.12681472,8,pca_sar,1,2
0.14066146,8,pca_sar,1,2
0.14780188,8,pca_sar,1,2
0.16237186,8,pca_sar,1,2
0.15915775,8,pca_sar,1,2
0.10117552,8,pca_sar,1,2
0.05801985,8,pca_sar,1,2
0.098906055,8,pca_sar,1,2
0.067094214,8,pca_sar,1,2
0.09837866,8,pca_sar,1,2
0.19365963,8,pca_sar,1,2
0.24338554,8,pca_sar,1,2
0.19548216,8,pca_sar,1,2
0.10157885,8,pca_sar,1,2
0.001837058,8,pca_sar,1,2
-0.0015063267,8,pca_sar,1,2
-0.048502628,8,pca_sar,1,2
0.18935633,8,pca_sar,1,2
0.22441971,8,pca_sar,1,2
0.2104624,8,pca_sar,1,2
0.01975926,8,pca_sar,1,2
-0.045784682,8,pca_sar,1,2
0.0033552242,8,pca_sar,1,2
-0.0049686776,8,pca_sar,1,2
0.15344456,8,pca_sar,1,2
0.13346945,8,pca_sar,1,2
0.08818808,8,pca_sar,1,2
0.06610844,8,pca_sar,1,2
-0.008251134,8,pca_sar,1,2
-0.02625209,8,pca_sar,1,2
0.054936178,8,pca_sar,1,2
-0.027526561,8,pca_sar,1,2
-0.07764954,8,pca_sar,1,2
0.22627072,2,pca_sar,1,2
0.19187318,2,pca_sar,1,2
0.08529232,2,pca_sar,1,2
0.020445174,2,pca_sar,1,2
0.028754111,2,pca_sar,1,2
0.029033251,2,pca_sar,1,2
0.14863957,2,pca_sar,1,2
0.057726827,2,pca_sar,1,2
0.008463847,2,pca_sar,1,2
0.01822982,2,pca_sar,1,2
-0.012086584,2,pca_sar,1,2
0.06524564,2,pca_sar,1,2
0.12902446,2,pca_sar,1,2
0.056404788,2,pca_sar,1,2
0.020133395,2,pca_sar,1,2
0.03894897,2,pca_sar,1,2
0.12063974,2,pca_sar,1,2
0.027253753,2,pca_sar,1,2
0.14691833,2,pca_sar,1,2
0.11227077,2,pca_sar,1,2
0.06859623,2,pca_sar,1,2
0.17470956,2,pca_sar,1,2
0.11213159,2,pca_sar,1,2
0.09682274,2,pca_sar,1,2
0.102518216,2,pca_sar,1,2
0.11342573,2,pca_sar,1,2
-0.032364227,2,pca_sar,1,2
0.016007174,2,pca_sar,1,2
0.04672699,2,pca_sar,1,2
0.07729997,2,pca_sar,1,2
0.061847344,2,pca_sar,1,2
0.114263974,2,pca_sar,1,2
0.16561273,2,pca_sar,1,2
0.09821089,2,pca_sar,1,2
0.15538253,2,pca_sar,1,2
0.043298617,2,pca_sar,1,2
0.11733669,2,pca_sar,1,2
0.1002948,2,pca_sar,1,2
-0.011455188,2,pca_sar,1,2
-0.018812152,2,pca_sar,1,2
-0.006785798,2,pca_sar,1,2
-0.11387943,2,pca_sar,1,2
0.08841203,2,pca_sar,1,2
0.00030222163,2,pca_sar,1,2
-0.0044064736,2,pca_sar,1,2
-0.14023422,2,pca_sar,1,2
0.05278284,2,pca_sar,1,2
0.02694047,2,pca_sar,1,2
0.06142357,2,pca_sar,1,2
0.08850345,2,pca_sar,1,2
0.13597497,2,pca_sar,1,2
0.09562889,2,pca_sar,1,2
0.099760935,2,pca_sar,1,2
0.13585329,2,pca_sar,1,2
0.15316662,2,pca_sar,1,2
0.1054339,2,pca_sar,1,2
0.08900489,2,pca_sar,1,2
0.13100979,2,pca_sar,1,2
0.15657261,2,pca_sar,1,2
0.0900176,2,pca_sar,1,2
0.1554678,2,pca_sar,1,2
0.10684271,2,pca_sar,1,2
0.1375202,2,pca_sar,1,2
0.13379887,2,pca_sar,1,2
0.15189295,2,pca_sar,1,2
0.08352107,2,pca_sar,1,2
0.20815761,2,pca_sar,1,2
0.22788638,2,pca_sar,1,2
0.057726186,2,pca_sar,1,2
-0.08436698,2,pca_sar,1,2
-0.03058366,2,pca_sar,1,2
0.042726696,2,pca_sar,1,2
0.015703816,2,pca_sar,1,2
0.08235171,2,pca_sar,1,2
0.09845721,2,pca_sar,1,2
0.06512958,2,pca_sar,1,2
0.033931907,2,pca_sar,1,2
0.06653435,2,pca_sar,1,2
0.09768358,2,pca_sar,1,2
0.09110854,2,pca_sar,1,2
0.077750586,2,pca_sar,1,2
0.04106737,2,pca_sar,1,2
0.08981218,2,pca_sar,1,2
0.079488516,2,pca_sar,1,2
0.0752045,2,pca_sar,1,2
0.06942271,2,pca_sar,1,2
0.049313784,2,pca_sar,1,2
0.13232395,2,pca_sar,1,2
0.18528852,2,pca_sar,1,2
0.08024813,2,pca_sar,1,2
0.27475935,2,pca_sar,1,2
0.28109157,2,pca_sar,1,2
0.1077365,2,pca_sar,1,2
-0.042294156,2,pca_sar,1,2
0.12143854,2,pca_sar,1,2
0.11544061,2,pca_sar,1,2
0.07803035,2,pca_sar,1,2
0.1538648,2,pca_sar,1,2
0.12839967,2,pca_sar,1,2
0.14066613,2,pca_sar,1,2
0.0686953,2,pca_sar,1,2
0.09566803,2,pca_sar,1,2
0.112898216,2,pca_sar,1,2
0.17427371,2,pca_sar,1,2
0.10810947,2,pca_sar,1,2
0.08343114,2,pca_sar,1,2
0.1402373,2,pca_sar,1,2
0.17885159,2,pca_sar,1,2
0.144831,2,pca_sar,1,2
0.18405452,2,pca_sar,1,2
0.19578241,2,pca_sar,1,2
0.18892874,2,pca_sar,1,2
0.23027167,7,pca_sar,1,2
0.23727405,7,pca_sar,1,2
0.18838874,7,pca_sar,1,2
0.09008608,7,pca_sar,1,2
0.09265295,7,pca_sar,1,2
0.11088682,7,pca_sar,1,2
0.060500853,7,pca_sar,1,2
0.03406185,7,pca_sar,1,2
0.08888334,7,pca_sar,1,2
0.32873803,7,pca_sar,1,2
-0.024934756,7,pca_sar,1,2
0.00067874976,7,pca_sar,1,2
0.09932415,7,pca_sar,1,2
0.33342382,7,pca_sar,1,2
0.0037808456,7,pca_sar,1,2
0.13474855,7,pca_sar,1,2
0.12227809,7,pca_sar,1,2
0.3045494,7,pca_sar,1,2
-0.06472125,7,pca_sar,1,2
-0.00097304117,7,pca_sar,1,2
-0.00069590565,7,pca_sar,1,2
0.18274611,7,pca_sar,1,2
0.13923381,7,pca_sar,1,2
0.1445305,7,pca_sar,1,2
0.11137403,7,pca_sar,1,2
0.25704268,7,pca_sar,1,2
0.22579953,7,pca_sar,1,2
0.19187926,7,pca_sar,1,2
0.116298206,7,pca_sar,1,2
0.1021152,7,pca_sar,1,2
0.109904334,7,pca_sar,1,2
0.08804601,7,pca_sar,1,2
0.11860785,7,pca_sar,1,2
0.13018729,7,pca_sar,1,2
0.17470445,7,pca_sar,1,2
0.010812052,7,pca_sar,1,2
0.030028282,7,pca_sar,1,2
0.060795404,7,pca_sar,1,2
0.043448623,7,pca_sar,1,2
0.035725243,7,pca_sar,1,2
-0.021364918,7,pca_sar,1,2
0.03140091,7,pca_sar,1,2
0.071401805,7,pca_sar,1,2
0.03134164,7,pca_sar,1,2
0.10944453,7,pca_sar,1,2
0.028608983,7,pca_sar,1,2
-0.107743755,7,pca_sar,1,2
-0.024416119,7,pca_sar,1,2
-0.008105488,7,pca_sar,1,2
0.056436785,7,pca_sar,1,2
-0.003403292,7,pca_sar,1,2
-0.016425144,7,pca_sar,1,2
-0.06576949,7,pca_sar,1,2
-0.050922494,7,pca_sar,1,2
0.05329059,7,pca_sar,1,2
0.042493463,7,pca_sar,1,2
-0.017466165,7,pca_sar,1,2
-0.014340371,7,pca_sar,1,2
0.036468603,7,pca_sar,1,2
-0.04875046,7,pca_sar,1,2
0.0059448555,7,pca_sar,1,2
0.048217643,7,pca_sar,1,2
0.080395505,7,pca_sar,1,2
0.105328366,7,pca_sar,1,2
0.044524316,7,pca_sar,1,2
0.049872566,7,pca_sar,1,2
0.03792432,7,pca_sar,1,2
0.113755204,7,pca_sar,1,2
0.098495886,7,pca_sar,1,2
0.14339277,7,pca_sar,1,2
0.024417026,7,pca_sar,1,2
0.14193743,7,pca_sar,1,2
0.12608646,7,pca_sar,1,2
0.058035865,7,pca_sar,1,2
0.07378689,7,pca_sar,1,2
0.030072471,7,pca_sar,1,2
0.009799226,7,pca_sar,1,2
-0.026317375,7,pca_sar,1,2
0.06807241,7,pca_sar,1,2
0.0395133,7,pca_sar,1,2
-0.020771213,7,pca_sar,1,2
0.2098608,7,pca_sar,1,2
0.024669781,7,pca_sar,1,2
0.06430503,7,pca_sar,1,2
-0.008370487,7,pca_sar,1,2
0.19944954,7,pca_sar,1,2
0.06673871,7,pca_sar,1,2
0.12021913,7,pca_sar,1,2
0.023619503,7,pca_sar,1,2
0.25248843,7,pca_sar,1,2
-0.094137706,7,pca_sar,1,2
-0.031918257,7,pca_sar,1,2
0.0039235037,7,pca_sar,1,2
0.25631356,7,pca_sar,1,2
0.23280169,7,pca_sar,1,2
0.24543414,7,pca_sar,1,2
0.13525856,7,pca_sar,1,2
0.23503402,7,pca_sar,1,2
0.19772723,7,pca_sar,1,2
0.17168398,7,pca_sar,1,2
0.058624897,7,pca_sar,1,2
-0.0056247488,7,pca_sar,1,2
0.054775186,7,pca_sar,1,2
0.03676509,7,pca_sar,1,2
0.03501373,7,pca_sar,1,2
0.07801612,7,pca_sar,1,2
0.16093203,7,pca_sar,1,2
0.03494808,7,pca_sar,1,2
0.043338165,7,pca_sar,1,2
0.07068965,7,pca_sar,1,2
0.09084003,7,pca_sar,1,2
0.1032196,7,pca_sar,1,2
-0.010229513,7,pca_sar,1,2
0.061762385,7,pca_sar,1,2
0.06359257,7,pca_sar,1,2
0.03703884,7,pca_sar,1,2
0.10839002,7,pca_sar,1,2
0.04199979,7,pca_sar,1,2
-0.070655815,7,pca_sar,1,2
-0.036572084,7,pca_sar,1,2
-0.04775826,7,pca_sar,1,2
0.004601633,7,pca_sar,1,2
-0.018449422,7,pca_sar,1,2
-0.02932728,7,pca_sar,1,2
-0.03183654,7,pca_sar,1,2
0.041717056,7,pca_sar,1,2
0.11455598,7,pca_sar,1,2
0.07025979,7,pca_sar,1,2
-0.04244355,7,pca_sar,1,2
0.021966625,7,pca_sar,1,2
0.03510585,7,pca_sar,1,2
-0.07548921,7,pca_sar,1,2
0.010553267,7,pca_sar,1,2
0.15077591,7,pca_sar,1,2
0.15957418,7,pca_sar,1,2
0.21726562,7,pca_sar,1,2
0.13882536,7,pca_sar,1,2
0.11018906,7,pca_sar,1,2
0.10723837,7,pca_sar,1,2
0.25778311,7,pca_sar,1,2
0.26012152,7,pca_sar,1,2
0.11575459,7,pca_sar,1,2
0.0013855137,7,pca_sar,1,2
0.14624333,7,pca_sar,1,2
0.17975926,6,pca_sar,1,2
0.16035344,6,pca_sar,1,2
0.14045963,6,pca_sar,1,2
0.14331077,6,pca_sar,1,2
0.17440756,6,pca_sar,1,2
0.18927863,6,pca_sar,1,2
0.19718525,6,pca_sar,1,2
0.20947875,6,pca_sar,1,2
0.16749547,6,pca_sar,1,2
0.17052053,6,pca_sar,1,2
0.24640879,6,pca_sar,1,2
0.15876216,6,pca_sar,1,2
0.13905166,6,pca_sar,1,2
0.23011345,6,pca_sar,1,2
0.24741177,6,pca_sar,1,2
0.2267618,6,pca_sar,1,2
0.14320502,6,pca_sar,1,2
0.1335079,6,pca_sar,1,2
0.20964211,6,pca_sar,1,2
0.157573,6,pca_sar,1,2
0.17590041,6,pca_sar,1,2
0.21596901,6,pca_sar,1,2
0.14623936,6,pca_sar,1,2
0.15503961,6,pca_sar,1,2
0.1907126,6,pca_sar,1,2
0.23772828,6,pca_sar,1,2
0.2608918,6,pca_sar,1,2
0.0694163,6,pca_sar,1,2
0.10911614,6,pca_sar,1,2
0.17459765,6,pca_sar,1,2
0.19021341,6,pca_sar,1,2
0.23777093,6,pca_sar,1,2
0.21954039,6,pca_sar,1,2
0.19854137,6,pca_sar,1,2
0.1510613,6,pca_sar,1,2
0.17349815,6,pca_sar,1,2
0.250368,6,pca_sar,1,2
0.24734706,6,pca_sar,1,2
0.2046347,6,pca_sar,1,2
0.2021636,6,pca_sar,1,2
0.19604073,6,pca_sar,1,2
0.2420505,6,pca_sar,1,2
0.3159821,6,pca_sar,1,2
0.17977528,6,pca_sar,1,2
0.183644,6,pca_sar,1,2
0.20626916,6,pca_sar,1,2
0.27303064,6,pca_sar,1,2
0.36095983,6,pca_sar,1,2
0.1936711,6,pca_sar,1,2
0.20463265,6,pca_sar,1,2
0.2141614,6,pca_sar,1,2
0.16407377,6,pca_sar,1,2
0.1752274,6,pca_sar,1,2
0.23058645,6,pca_sar,1,2
0.087613896,6,pca_sar,1,2
0.122619346,6,pca_sar,1,2
0.2198552,6,pca_sar,1,2
0.27646276,6,pca_sar,1,2
0.2608496,6,pca_sar,1,2
0.062126175,6,pca_sar,1,2
0.08187488,6,pca_sar,1,2
0.22497551,6,pca_sar,1,2
0.29631692,6,pca_sar,1,2
0.20736927,6,pca_sar,1,2
0.16027993,3,pca_sar,1,2
0.08725412,3,pca_sar,1,2
0.028475733,3,pca_sar,1,2
-0.015525136,3,pca_sar,1,2
-0.020755172,3,pca_sar,1,2
-0.0028192997,3,pca_sar,1,2
-0.03259721,3,pca_sar,1,2
-0.07900362,3,pca_sar,1,2
0.02127542,3,pca_sar,1,2
0.0200722,3,pca_sar,1,2
0.03730029,3,pca_sar,1,2
0.08455934,3,pca_sar,1,2
0.037036754,3,pca_sar,1,2
-0.011808636,3,pca_sar,1,2
-0.048233736,3,pca_sar,1,2
-0.000560442,3,pca_sar,1,2
0.0039902925,3,pca_sar,1,2
-0.055803478,3,pca_sar,1,2
-0.042394467,3,pca_sar,1,2
-0.034211434,3,pca_sar,1,2
-0.044727292,3,pca_sar,1,2
-0.04034002,3,pca_sar,1,2
-0.11790895,3,pca_sar,1,2
-0.07125443,3,pca_sar,1,2
0.15175557,3,pca_sar,1,2
0.048742082,3,pca_sar,1,2
-0.041970618,3,pca_sar,1,2
-0.033937335,3,pca_sar,1,2
0.051639035,3,pca_sar,1,2
0.055707753,3,pca_sar,1,2
-0.076080896,3,pca_sar,1,2
-0.06585169,3,pca_sar,1,2
0.0064646658,3,pca_sar,1,2
0.0054720864,3,pca_sar,1,2
0.11272118,3,pca_sar,1,2
0.08314351,3,pca_sar,1,2
-0.028302759,3,pca_sar,1,2
0.052844264,3,pca_sar,1,2
0.081889175,3,pca_sar,1,2
0.08805523,3,pca_sar,1,2
-0.07603972,3,pca_sar,1,2
-0.052355595,3,pca_sar,1,2
0.012384228,3,pca_sar,1,2
0.03151113,3,pca_sar,1,2
0.00015008822,3,pca_sar,1,2
-0.0095023345,3,pca_sar,1,2
0.06216797,3,pca_sar,1,2
0.06653227,3,pca_sar,1,2
0.08079286,3,pca_sar,1,2
0.013145763,3,pca_sar,1,2
-0.011997296,3,pca_sar,1,2
0.16183275,3,pca_sar,1,2
0.26109758,3,pca_sar,1,2
0.054464884,3,pca_sar,1,2
-0.005044127,3,pca_sar,1,2
0.10020965,3,pca_sar,1,2
0.07921137,3,pca_sar,1,2
0.1184341,3,pca_sar,1,2
0.043083243,3,pca_sar,1,2
0.03493496,3,pca_sar,1,2
0.27078182,3,pca_sar,1,2
0.18479902,3,pca_sar,1,2
0.07718898,3,pca_sar,1,2
-0.015433643,3,pca_sar,1,2
0.114049524,3,pca_sar,1,2
0.06977534,3,pca_sar,1,2
0.021376569,3,pca_sar,1,2
-0.031478148,3,pca_sar,1,2
0.1394452,3,pca_sar,1,2
0.060236014,3,pca_sar,1,2
0.028990325,3,pca_sar,1,2
0.051680584,3,pca_sar,1,2
0.10037892,3,pca_sar,1,2
0.07199999,3,pca_sar,1,2
0.06503998,3,pca_sar,1,2
0.05643141,3,pca_sar,1,2
-0.006585989,3,pca_sar,1,2
-0.06569195,3,pca_sar,1,2
-0.0043098927,3,pca_sar,1,2
-0.016052518,3,pca_sar,1,2
0.03729646,3,pca_sar,1,2
0.0658399,3,pca_sar,1,2
-0.075260706,3,pca_sar,1,2
-0.038470045,3,pca_sar,1,2
-0.03303942,3,pca_sar,1,2
-0.03073882,3,pca_sar,1,2
0.03756112,3,pca_sar,1,2
0.03643112,3,pca_sar,1,2
0.11852689,3,pca_sar,1,2
0.11569503,3,pca_sar,1,2
-0.07578805,3,pca_sar,1,2
-0.03151478,3,pca_sar,1,2
0.0938843,3,pca_sar,1,2
0.07224047,3,pca_sar,1,2
0.049810626,3,pca_sar,1,2
0.036003754,3,pca_sar,1,2
0.012567713,3,pca_sar,1,2
0.049466282,3,pca_sar,1,2
0.0902455,3,pca_sar,1,2
0.13442646,3,pca_sar,1,2
-0.040225342,3,pca_sar,1,2
-0.06789663,3,pca_sar,1,2
0.07036919,3,pca_sar,1,2
0.013672069,3,pca_sar,1,2
-0.017417487,3,pca_sar,1,2
-0.009742132,3,pca_sar,1,2
0.036922805,3,pca_sar,1,2
0.08231823,3,pca_sar,1,2
0.1226918,3,pca_sar,1,2
0.00025655515,3,pca_sar,1,2
0.020299004,3,pca_sar,1,2
0.15076484,3,pca_sar,1,2
0.19221272,3,pca_sar,1,2
0.055649146,3,pca_sar,1,2
0.07014338,3,pca_sar,1,2
0.118644275,3,pca_sar,1,2
0.022953764,3,pca_sar,1,2
0.041474175,3,pca_sar,1,2
0.03136999,3,pca_sar,1,2
0.052472644,3,pca_sar,1,2
0.21978709,6,pca_sar,1,2
0.13759065,6,pca_sar,1,2
0.11485601,6,pca_sar,1,2
0.0855292,6,pca_sar,1,2
0.16294461,6,pca_sar,1,2
0.20447017,6,pca_sar,1,2
0.16756792,6,pca_sar,1,2
0.14344314,6,pca_sar,1,2
0.1358793,6,pca_sar,1,2
0.13057542,6,pca_sar,1,2
0.1602501,6,pca_sar,1,2
0.106662855,6,pca_sar,1,2
0.15005171,6,pca_sar,1,2
0.04435795,6,pca_sar,1,2
0.075987354,6,pca_sar,1,2
0.22351873,6,pca_sar,1,2
0.1349132,6,pca_sar,1,2
0.17406136,6,pca_sar,1,2
0.019665726,6,pca_sar,1,2
0.15794894,6,pca_sar,1,2
0.20388861,6,pca_sar,1,2
0.01975556,6,pca_sar,1,2
0.15417615,6,pca_sar,1,2
0.2035245,6,pca_sar,1,2
0.120206505,6,pca_sar,1,2
0.15952289,6,pca_sar,1,2
0.22206083,6,pca_sar,1,2
0.10641648,6,pca_sar,1,2
0.15669285,6,pca_sar,1,2
0.15043832,6,pca_sar,1,2
0.2137109,6,pca_sar,1,2
0.29652226,6,pca_sar,1,2
0.097226724,6,pca_sar,1,2
0.11353252,6,pca_sar,1,2
0.097265944,6,pca_sar,1,2
0.06853562,6,pca_sar,1,2
0.11079431,6,pca_sar,1,2
0.12909281,6,pca_sar,1,2
0.12678029,6,pca_sar,1,2
0.19808003,6,pca_sar,1,2
0.17814642,6,pca_sar,1,2
0.1921566,6,pca_sar,1,2
0.22267431,6,pca_sar,1,2
0.17067638,6,pca_sar,1,2
0.23879066,6,pca_sar,1,2
0.25767106,6,pca_sar,1,2
0.2949655,6,pca_sar,1,2
0.26341876,6,pca_sar,1,2
0.2401057,6,pca_sar,1,2
0.253173,6,pca_sar,1,2
0.23992287,6,pca_sar,1,2
0.28442773,6,pca_sar,1,2
0.28962588,6,pca_sar,1,2
0.29938397,6,pca_sar,1,2
0.24434136,6,pca_sar,1,2
0.23915114,6,pca_sar,1,2
0.29004365,6,pca_sar,1,2
0.3218689,6,pca_sar,1,2
0.31782377,6,pca_sar,1,2
0.13583615,6,pca_sar,1,2
0.11952472,6,pca_sar,1,2
0.20539086,6,pca_sar,1,2
0.22408605,6,pca_sar,1,2
0.2888463,6,pca_sar,1,2
0.06627908,3,pca_sar,1,2
0.010328407,3,pca_sar,1,2
0.061181515,3,pca_sar,1,2
0.06311933,3,pca_sar,1,2
0.038620375,3,pca_sar,1,2
0.069446445,3,pca_sar,1,2
0.013282263,3,pca_sar,1,2
-0.08763471,3,pca_sar,1,2
0.022631105,3,pca_sar,1,2
0.021581262,3,pca_sar,1,2
0.06339167,3,pca_sar,1,2
0.066196665,3,pca_sar,1,2
0.03836235,3,pca_sar,1,2
0.0610495,3,pca_sar,1,2
0.03309194,3,pca_sar,1,2
0.03706921,3,pca_sar,1,2
-0.00912291,3,pca_sar,1,2
-0.047310166,3,pca_sar,1,2
0.041751556,3,pca_sar,1,2
0.043055456,3,pca_sar,1,2
-0.035958443,3,pca_sar,1,2
0.043985136,3,pca_sar,1,2
-0.036249973,3,pca_sar,1,2
-0.053959243,3,pca_sar,1,2
0.07136212,3,pca_sar,1,2
0.023740474,3,pca_sar,1,2
0.020361818,3,pca_sar,1,2
0.035361134,3,pca_sar,1,2
0.043128707,3,pca_sar,1,2
0.15802422,3,pca_sar,1,2
-0.0012851413,3,pca_sar,1,2
-0.09107129,3,pca_sar,1,2
0.03688451,3,pca_sar,1,2
0.042517483,3,pca_sar,1,2
0.1289351,3,pca_sar,1,2
0.098681174,3,pca_sar,1,2
-0.005701706,3,pca_sar,1,2
0.07610877,3,pca_sar,1,2
0.077643596,3,pca_sar,1,2
0.07712884,3,pca_sar,1,2
-0.046510324,3,pca_sar,1,2
-0.092770755,3,pca_sar,1,2
0.010454174,3,pca_sar,1,2
-0.0025856197,3,pca_sar,1,2
-0.03012151,3,pca_sar,1,2
-0.08873336,3,pca_sar,1,2
-0.041885853,3,pca_sar,1,2
0.04297392,3,pca_sar,1,2
0.059382766,3,pca_sar,1,2
-0.020193204,3,pca_sar,1,2
-0.040231507,3,pca_sar,1,2
0.16850536,3,pca_sar,1,2
0.15866645,3,pca_sar,1,2
0.11681836,3,pca_sar,1,2
0.15541607,3,pca_sar,1,2
0.1555143,3,pca_sar,1,2
0.11062612,3,pca_sar,1,2
0.07896066,3,pca_sar,1,2
0.079950064,3,pca_sar,1,2
0.129343,3,pca_sar,1,2
0.14598233,3,pca_sar,1,2
0.14894894,3,pca_sar,1,2
0.16359477,3,pca_sar,1,2
0.1616942,3,pca_sar,1,2
0.029412763,3,pca_sar,1,2
0.1025772,3,pca_sar,1,2
0.15806828,3,pca_sar,1,2
0.11780841,3,pca_sar,1,2
0.03671225,3,pca_sar,1,2
0.11465222,3,pca_sar,1,2
0.08626057,3,pca_sar,1,2
0.12820676,3,pca_sar,1,2
0.1045398,3,pca_sar,1,2
0.11079036,3,pca_sar,1,2
0.08305618,3,pca_sar,1,2
0.07922065,3,pca_sar,1,2
0.02628665,3,pca_sar,1,2
0.077094726,3,pca_sar,1,2
0.047479488,3,pca_sar,1,2
0.021305434,3,pca_sar,1,2
0.042393565,3,pca_sar,1,2
0.07249842,3,pca_sar,1,2
0.005354196,3,pca_sar,1,2
0.004387172,3,pca_sar,1,2
0.08486909,3,pca_sar,1,2
0.064892106,3,pca_sar,1,2
0.08614747,3,pca_sar,1,2
0.07383062,3,pca_sar,1,2
0.11770399,3,pca_sar,1,2
0.14887148,3,pca_sar,1,2
0.024546381,3,pca_sar,1,2
-0.0012267139,3,pca_sar,1,2
0.041356098,3,pca_sar,1,2
0.016652847,3,pca_sar,1,2
0.10182828,3,pca_sar,1,2
0.12022096,3,pca_sar,1,2
0.023251709,3,pca_sar,1,2
0.06672461,3,pca_sar,1,2
0.13911548,3,pca_sar,1,2
0.1609894,3,pca_sar,1,2
-0.016271148,3,pca_sar,1,2
-0.051009808,3,pca_sar,1,2
0.109754294,3,pca_sar,1,2
0.06581117,3,pca_sar,1,2
0.019542143,3,pca_sar,1,2
-0.023221212,3,pca_sar,1,2
0.03141146,3,pca_sar,1,2
0.108082026,3,pca_sar,1,2
0.10694146,3,pca_sar,1,2
0.020957297,3,pca_sar,1,2
0.018112388,3,pca_sar,1,2
0.08746302,3,pca_sar,1,2
0.14414313,3,pca_sar,1,2
0.059278302,3,pca_sar,1,2
0.03666941,3,pca_sar,1,2
0.14190418,3,pca_sar,1,2
0.15354402,3,pca_sar,1,2
0.109430745,3,pca_sar,1,2
0.025487008,3,pca_sar,1,2
0.05655941,3,pca_sar,1,2
0.10438219,2,pca_sar,1,2
0.07206564,2,pca_sar,1,2
0.073801786,2,pca_sar,1,2
0.06512313,2,pca_sar,1,2
0.09634474,2,pca_sar,1,2
0.1253874,2,pca_sar,1,2
0.09311226,2,pca_sar,1,2
0.1036375,2,pca_sar,1,2
0.0919211,2,pca_sar,1,2
0.19577965,2,pca_sar,1,2
0.09858338,2,pca_sar,1,2
0.1097853,2,pca_sar,1,2
0.14091909,2,pca_sar,1,2
0.11962462,2,pca_sar,1,2
0.14592373,2,pca_sar,1,2
0.12826915,2,pca_sar,1,2
0.18307593,2,pca_sar,1,2
0.061649535,2,pca_sar,1,2
0.105930105,2,pca_sar,1,2
0.12462968,2,pca_sar,1,2
0.070522994,2,pca_sar,1,2
0.13059011,2,pca_sar,1,2
0.07132946,2,pca_sar,1,2
0.09356199,2,pca_sar,1,2
0.14984702,2,pca_sar,1,2
0.13790141,2,pca_sar,1,2
0.12491609,2,pca_sar,1,2
0.061504077,2,pca_sar,1,2
0.13476208,2,pca_sar,1,2
0.16292585,2,pca_sar,1,2
0.13377118,2,pca_sar,1,2
0.30926186,2,pca_sar,1,2
0.16871259,2,pca_sar,1,2
0.094989195,2,pca_sar,1,2
0.10154227,2,pca_sar,1,2
0.058537886,2,pca_sar,1,2
0.1168521,2,pca_sar,1,2
0.1688521,2,pca_sar,1,2
0.15229137,2,pca_sar,1,2
0.22253802,2,pca_sar,1,2
0.058100782,2,pca_sar,1,2
0.09221877,2,pca_sar,1,2
0.094579615,2,pca_sar,1,2
0.068324916,2,pca_sar,1,2
0.17892173,2,pca_sar,1,2
0.15088364,2,pca_sar,1,2
0.22254282,2,pca_sar,1,2
0.23122293,2,pca_sar,1,2
-0.027801309,2,pca_sar,1,2
0.058612958,2,pca_sar,1,2
0.15677993,2,pca_sar,1,2
0.14236768,2,pca_sar,1,2
0.19865221,2,pca_sar,1,2
0.19267628,2,pca_sar,1,2
0.1333237,2,pca_sar,1,2
0.29221815,2,pca_sar,1,2
0.06870568,2,pca_sar,1,2
0.08975439,2,pca_sar,1,2
0.09651336,2,pca_sar,1,2
0.1271787,2,pca_sar,1,2
0.12038724,2,pca_sar,1,2
0.107657805,2,pca_sar,1,2
0.119050056,2,pca_sar,1,2
0.24009182,2,pca_sar,1,2
0.10239738,2,pca_sar,1,2
0.14129294,2,pca_sar,1,2
0.18111706,2,pca_sar,1,2
0.21401957,2,pca_sar,1,2
0.17757481,2,pca_sar,1,2
0.15564497,2,pca_sar,1,2
0.13320276,2,pca_sar,1,2
0.08667843,2,pca_sar,1,2
0.088553555,2,pca_sar,1,2
0.23260042,2,pca_sar,1,2
0.18253295,2,pca_sar,1,2
0.15978938,2,pca_sar,1,2
0.11072473,2,pca_sar,1,2
0.19528921,2,pca_sar,1,2
0.1334049,2,pca_sar,1,2
0.106929414,2,pca_sar,1,2
0.11358499,2,pca_sar,1,2
0.12364422,2,pca_sar,1,2
0.124112956,2,pca_sar,1,2
0.24918461,2,pca_sar,1,2
0.20010096,2,pca_sar,1,2
0.20120248,2,pca_sar,1,2
0.17634818,2,pca_sar,1,2
0.16575772,2,pca_sar,1,2
0.074744426,2,pca_sar,1,2
0.03334213,2,pca_sar,1,2
0.1123212,2,pca_sar,1,2
0.09774603,2,pca_sar,1,2
0.13718839,2,pca_sar,1,2
0.2808017,2,pca_sar,1,2
0.21103358,2,pca_sar,1,2
0.19363329,2,pca_sar,1,2
0.14112855,2,pca_sar,1,2
-0.069177665,2,pca_sar,1,2
0.09485498,2,pca_sar,1,2
0.1130466,2,pca_sar,1,2
0.106505975,2,pca_sar,1,2
0.13673156,2,pca_sar,1,2
0.3242008,2,pca_sar,1,2
-0.023459706,2,pca_sar,1,2
0.075377986,2,pca_sar,1,2
0.16252932,2,pca_sar,1,2
0.20743972,2,pca_sar,1,2
0.14738199,2,pca_sar,1,2
0.07724686,2,pca_sar,1,2
0.058484327,2,pca_sar,1,2
0.059355397,2,pca_sar,1,2
0.04753259,2,pca_sar,1,2
0.09371202,2,pca_sar,1,2
0.11015923,2,pca_sar,1,2
0.04903592,2,pca_sar,1,2
0.12954915,2,pca_sar,1,2
0.11367282,2,pca_sar,1,2
0.09902865,2,pca_sar,1,2
0.10080263,2,pca_sar,1,2
0.1782065,2,pca_sar,1,2
0.19085597,2,pca_sar,1,2
0.055437088,2,pca_sar,1,2
0.12531136,2,pca_sar,1,2
0.11603917,2,pca_sar,1,2
0.107156835,2,pca_sar,1,2
0.09625149,2,pca_sar,1,2
0.1121033,2,pca_sar,1,2
0.12299308,2,pca_sar,1,2
0.024494737,2,pca_sar,1,2
0.09622231,2,pca_sar,1,2
0.0979708,2,pca_sar,1,2
0.051782396,2,pca_sar,1,2
0.1443151,2,pca_sar,1,2
0.12648396,2,pca_sar,1,2
0.11839616,2,pca_sar,1,2
0.04785998,2,pca_sar,1,2
0.14598066,2,pca_sar,1,2
0.1428999,2,pca_sar,1,2
0.026534693,2,pca_sar,1,2
0.13707691,2,pca_sar,1,2
0.14008313,2,pca_sar,1,2
0.068243,2,pca_sar,1,2
0.08414969,2,pca_sar,1,2
0.09859296,2,pca_sar,1,2
0.123009495,2,pca_sar,1,2
0.044376127,2,pca_sar,1,2
0.0093322825,2,pca_sar,1,2
0.14183982,2,pca_sar,1,2
0.13886832,2,pca_sar,1,2
0.031358294,2,pca_sar,1,2
0.005789185,2,pca_sar,1,2
0.17936106,2,pca_sar,1,2
0.15203795,2,pca_sar,1,2
0.12207744,2,pca_sar,1,2
0.07217984,2,pca_sar,1,2
0.012172636,2,pca_sar,1,2
0.09148511,2,pca_sar,1,2
0.057641022,2,pca_sar,1,2
0.11581363,2,pca_sar,1,2
0.09937538,2,pca_sar,1,2
0.078451976,2,pca_sar,1,2
-0.0011989092,2,pca_sar,1,2
0.18918419,2,pca_sar,1,2
0.18068755,2,pca_sar,1,2
0.09761414,2,pca_sar,1,2
0.15019646,2,pca_sar,1,2
0.09562687,2,pca_sar,1,2
0.034902632,2,pca_sar,1,2
0.010630561,2,pca_sar,1,2
0.15106227,2,pca_sar,1,2
0.124883056,2,pca_sar,1,2
0.14792337,2,pca_sar,1,2
0.09009928,2,pca_sar,1,2
0.08428094,2,pca_sar,1,2
0.09520385,2,pca_sar,1,2
0.19793087,2,pca_sar,1,2
0.22601032,2,pca_sar,1,2
0.19303057,2,pca_sar,1,2
0.19311059,2,pca_sar,1,2
0.118025355,2,pca_sar,1,2
0.08681084,2,pca_sar,1,2
0.08380547,2,pca_sar,1,2
0.1180169,2,pca_sar,1,2
0.09702803,2,pca_sar,1,2
0.1559858,2,pca_sar,1,2
0.07364567,2,pca_sar,1,2
0.05020722,2,pca_sar,1,2
0.09604721,2,pca_sar,1,2
0.14211375,2,pca_sar,1,2
0.14294629,2,pca_sar,1,2
0.1074328,2,pca_sar,1,2
0.1709235,2,pca_sar,1,2
0.15570591,2,pca_sar,1,2
0.12238281,2,pca_sar,1,2
0.15853241,2,pca_sar,1,2
0.14223358,2,pca_sar,1,2
0.1672025,2,pca_sar,1,2
0.18377714,2,pca_sar,1,2
0.1099417,2,pca_sar,1,2
0.13877946,2,pca_sar,1,2
0.08347111,2,pca_sar,1,2
0.09720865,2,pca_sar,1,2
0.13626452,2,pca_sar,1,2
0.15216167,2,pca_sar,1,2
0.15152591,2,pca_sar,1,2
0.14776862,2,pca_sar,1,2
0.19715542,2,pca_sar,1,2
0.17945297,2,pca_sar,1,2
0.16684644,2,pca_sar,1,2
0.16701174,2,pca_sar,1,2
0.114417,2,pca_sar,1,2
0.20342036,2,pca_sar,1,2
0.15887387,2,pca_sar,1,2
0.12925026,2,pca_sar,1,2
0.12693346,2,pca_sar,1,2
0.102339536,2,pca_sar,1,2
0.07615022,2,pca_sar,1,2
0.10223109,2,pca_sar,1,2
0.109981775,2,pca_sar,1,2
0.11217673,2,pca_sar,1,2
0.1526519,2,pca_sar,1,2
0.15767448,2,pca_sar,1,2
0.12731647,2,pca_sar,1,2
0.23873818,2,pca_sar,1,2
0.22643802,2,pca_sar,1,2
0.15933393,2,pca_sar,1,2
0.19667965,2,pca_sar,1,2
0.13158718,2,pca_sar,1,2
0.08809381,2,pca_sar,1,2
0.09484163,2,pca_sar,1,2
0.080650866,2,pca_sar,1,2
0.042508766,2,pca_sar,1,2
0.08575496,2,pca_sar,1,2
0.093336664,2,pca_sar,1,2
0.104625076,2,pca_sar,1,2
0.114947215,2,pca_sar,1,2
0.19218603,2,pca_sar,1,2
0.18086588,2,pca_sar,1,2
0.1254607,2,pca_sar,1,2
0.030725963,2,pca_sar,1,2
0.11485264,2,pca_sar,1,2
0.09883991,2,pca_sar,1,2
0.02003784,2,pca_sar,1,2
0.05572614,2,pca_sar,1,2
0.14830458,2,pca_sar,1,2
0.18807834,2,pca_sar,1,2
0.16304338,2,pca_sar,1,2
0.10926126,2,pca_sar,1,2
0.030653208,2,pca_sar,1,2
0.12818906,2,pca_sar,1,2
0.161179,2,pca_sar,1,2
0.12257251,2,pca_sar,1,2
0.07874963,2,pca_sar,1,2
0.32583007,2,pca_sar,1,2
0.23492166,2,pca_sar,1,2
0.09876584,2,pca_sar,1,2
0.326555,2,pca_sar,1,2
0.22726643,2,pca_sar,1,2
0.12745349,2,pca_sar,1,2
0.27402133,2,pca_sar,1,2
0.16253705,2,pca_sar,1,2
0.098435596,2,pca_sar,1,2
0.13269538,2,pca_sar,1,2
0.09788626,2,pca_sar,1,2
0.23759595,2,pca_sar,1,2
0.10853431,2,pca_sar,1,2
0.089690864,2,pca_sar,1,2
0.17285085,2,pca_sar,1,2
0.08391588,2,pca_sar,1,2
0.28016728,2,pca_sar,1,2
0.165912,2,pca_sar,1,2
0.10586672,2,pca_sar,1,2
0.16895835,2,pca_sar,1,2
0.10047068,2,pca_sar,1,2
0.28342614,2,pca_sar,1,2
0.17998736,2,pca_sar,1,2
0.16276348,2,pca_sar,1,2
0.17861474,2,pca_sar,1,2
0.17265342,2,pca_sar,1,2
0.2945966,2,pca_sar,1,2
0.19387397,2,pca_sar,1,2
0.15394026,2,pca_sar,1,2
0.19297999,2,pca_sar,1,2
0.20267823,2,pca_sar,1,2
0.31144887,2,pca_sar,1,2
0.20210399,2,pca_sar,1,2
0.156221,2,pca_sar,1,2
0.300669,2,pca_sar,1,2
0.20790175,2,pca_sar,1,2
0.15384877,2,pca_sar,1,2
0.24385956,6,pca_sar,1,2
0.21027526,6,pca_sar,1,2
0.18774381,6,pca_sar,1,2
0.178286,6,pca_sar,1,2
0.2104659,6,pca_sar,1,2
0.2642123,6,pca_sar,1,2
0.21511732,6,pca_sar,1,2
0.20974809,6,pca_sar,1,2
0.19647482,6,pca_sar,1,2
0.14917012,6,pca_sar,1,2
0.17108324,6,pca_sar,1,2
0.21093076,6,pca_sar,1,2
0.22653079,6,pca_sar,1,2
0.19182168,6,pca_sar,1,2
0.21004587,6,pca_sar,1,2
0.1996862,6,pca_sar,1,2
0.21138562,6,pca_sar,1,2
0.2054547,6,pca_sar,1,2
0.15959501,6,pca_sar,1,2
0.15923427,6,pca_sar,1,2
0.2165975,6,pca_sar,1,2
0.23057418,6,pca_sar,1,2
0.20744187,6,pca_sar,1,2
0.21447036,6,pca_sar,1,2
0.24271071,6,pca_sar,1,2
0.16895314,6,pca_sar,1,2
0.11683567,6,pca_sar,1,2
0.19141111,6,pca_sar,1,2
0.2054668,6,pca_sar,1,2
0.18694904,6,pca_sar,1,2
0.23138666,6,pca_sar,1,2
0.22100544,6,pca_sar,1,2
0.17785989,6,pca_sar,1,2
0.1430332,6,pca_sar,1,2
0.13702978,6,pca_sar,1,2
0.16577262,6,pca_sar,1,2
0.18565796,6,pca_sar,1,2
0.2398467,6,pca_sar,1,2
0.14364825,6,pca_sar,1,2
0.1332452,6,pca_sar,1,2
0.1596491,6,pca_sar,1,2
0.17215416,6,pca_sar,1,2
0.20147176,6,pca_sar,1,2
0.17915905,6,pca_sar,1,2
0.18550146,6,pca_sar,1,2
0.21313801,6,pca_sar,1,2
0.1948275,6,pca_sar,1,2
0.19028452,6,pca_sar,1,2
0.20578945,6,pca_sar,1,2
0.31100544,6,pca_sar,1,2
0.24610916,6,pca_sar,1,2
0.24377123,6,pca_sar,1,2
0.20117624,6,pca_sar,1,2
0.28019208,6,pca_sar,1,2
0.33714402,6,pca_sar,1,2
0.28593153,6,pca_sar,1,2
0.27274308,6,pca_sar,1,2
0.21640763,6,pca_sar,1,2
0.2567321,6,pca_sar,1,2
0.26237273,6,pca_sar,1,2
0.2749074,6,pca_sar,1,2
0.29961962,6,pca_sar,1,2
0.28031814,6,pca_sar,1,2
0.267761,6,pca_sar,1,2
0.23459141,6,pca_sar,1,2
0.20546171,6,pca_sar,1,2
0.1669842,6,pca_sar,1,2
0.26492035,6,pca_sar,1,2
0.25432065,6,pca_sar,1,2
0.27315277,6,pca_sar,1,2
0.31360146,6,pca_sar,1,2
0.35187364,6,pca_sar,1,2
0.3025694,6,pca_sar,1,2
0.2661755,6,pca_sar,1,2
0.2538811,6,pca_sar,1,2
0.2957947,6,pca_sar,1,2
0.28922796,6,pca_sar,1,2
0.2898069,6,pca_sar,1,2
0.32234693,6,pca_sar,1,2
0.2858574,6,pca_sar,1,2
0.26508254,6,pca_sar,1,2
0.30919808,6,pca_sar,1,2
0.3234917,6,pca_sar,1,2
0.29460037,6,pca_sar,1,2
0.2807738,6,pca_sar,1,2
0.27053776,6,pca_sar,1,2
0.29727626,6,pca_sar,1,2
0.25669634,6,pca_sar,1,2
0.28194165,6,pca_sar,1,2
0.294073,6,pca_sar,1,2
0.30851847,6,pca_sar,1,2
0.2781648,6,pca_sar,1,2
0.3301381,6,pca_sar,1,2
0.28536913,6,pca_sar,1,2
0.2588897,6,pca_sar,1,2
0.2898028,6,pca_sar,1,2
0.26260793,6,pca_sar,1,2
0.2450365,6,pca_sar,1,2
0.08284041,2,pca_sar,1,2
0.08330156,2,pca_sar,1,2
0.12073842,2,pca_sar,1,2
0.1311004,2,pca_sar,1,2
0.15562278,2,pca_sar,1,2
0.14409801,2,pca_sar,1,2
0.11760679,2,pca_sar,1,2
0.120192334,2,pca_sar,1,2
0.13267508,2,pca_sar,1,2
0.11654511,2,pca_sar,1,2
0.07479329,2,pca_sar,1,2
0.05278328,2,pca_sar,1,2
0.096661896,2,pca_sar,1,2
0.078267395,2,pca_sar,1,2
0.09200739,2,pca_sar,1,2
0.12564176,2,pca_sar,1,2
0.1484504,2,pca_sar,1,2
0.022071615,2,pca_sar,1,2
0.041513775,2,pca_sar,1,2
0.11873126,2,pca_sar,1,2
0.030774392,2,pca_sar,1,2
0.068785414,2,pca_sar,1,2
0.089770526,2,pca_sar,1,2
0.122864544,2,pca_sar,1,2
0.08294524,2,pca_sar,1,2
0.15051438,2,pca_sar,1,2
0.14776534,2,pca_sar,1,2
0.08270985,2,pca_sar,1,2
0.17423657,2,pca_sar,1,2
0.14074539,2,pca_sar,1,2
0.096211836,2,pca_sar,1,2
0.26527634,2,pca_sar,1,2
0.08516729,2,pca_sar,1,2
0.13005018,2,pca_sar,1,2
0.08808099,2,pca_sar,1,2
0.06460086,2,pca_sar,1,2
0.16461584,2,pca_sar,1,2
0.18792813,2,pca_sar,1,2
0.07836216,2,pca_sar,1,2
0.19169042,2,pca_sar,1,2
0.013368443,2,pca_sar,1,2
0.06272787,2,pca_sar,1,2
0.12046956,2,pca_sar,1,2
0.09625687,2,pca_sar,1,2
0.15651964,2,pca_sar,1,2
0.14604156,2,pca_sar,1,2
0.14051174,2,pca_sar,1,2
0.19934797,2,pca_sar,1,2
-0.0041694995,2,pca_sar,1,2
0.07071602,2,pca_sar,1,2
0.1145682,2,pca_sar,1,2
0.107826695,2,pca_sar,1,2
0.119696364,2,pca_sar,1,2
0.15366001,2,pca_sar,1,2
0.1232574,2,pca_sar,1,2
0.24579109,2,pca_sar,1,2
0.047281154,2,pca_sar,1,2
0.117845476,2,pca_sar,1,2
0.07973386,2,pca_sar,1,2
0.06717904,2,pca_sar,1,2
0.058229465,2,pca_sar,1,2
0.07012251,2,pca_sar,1,2
0.07861171,2,pca_sar,1,2
0.26400942,2,pca_sar,1,2
0.077316254,2,pca_sar,1,2
0.15916616,2,pca_sar,1,2
0.11568482,2,pca_sar,1,2
0.14640175,2,pca_sar,1,2
0.118741274,2,pca_sar,1,2
0.07542021,2,pca_sar,1,2
0.08381431,2,pca_sar,1,2
0.07507134,2,pca_sar,1,2
0.09574783,2,pca_sar,1,2
0.28079778,2,pca_sar,1,2
0.10413032,2,pca_sar,1,2
0.14285062,2,pca_sar,1,2
0.04932933,2,pca_sar,1,2
0.055967394,2,pca_sar,1,2
0.12236623,2,pca_sar,1,2
0.057765342,2,pca_sar,1,2
0.05979479,2,pca_sar,1,2
0.075630665,2,pca_sar,1,2
0.11127199,2,pca_sar,1,2
0.2261402,2,pca_sar,1,2
0.118091725,2,pca_sar,1,2
0.12699853,2,pca_sar,1,2
0.094928265,2,pca_sar,1,2
0.076237194,2,pca_sar,1,2
0.1281271,2,pca_sar,1,2
0.030077018,2,pca_sar,1,2
0.07237745,2,pca_sar,1,2
0.04584327,2,pca_sar,1,2
0.07924448,2,pca_sar,1,2
0.22071116,2,pca_sar,1,2
0.05197593,2,pca_sar,1,2
0.08330701,2,pca_sar,1,2
0.12832996,2,pca_sar,1,2
-0.018419206,2,pca_sar,1,2
0.07412957,2,pca_sar,1,2
0.08948416,2,pca_sar,1,2
0.067473896,2,pca_sar,1,2
0.047650557,2,pca_sar,1,2
0.22375971,2,pca_sar,1,2
-0.0006258376,2,pca_sar,1,2
0.0580328,2,pca_sar,1,2
0.04427079,2,pca_sar,1,2
0.09937004,2,pca_sar,1,2
0.057485465,2,pca_sar,1,2
0.05697012,2,pca_sar,1,2
0.055405952,2,pca_sar,1,2
0.13248673,2,pca_sar,1,2
0.10852954,2,pca_sar,1,2
0.14493889,2,pca_sar,1,2
0.11370227,2,pca_sar,1,2
0.12158309,2,pca_sar,1,2
0.1483644,2,pca_sar,1,2
0.10769682,2,pca_sar,1,2
0.15628444,2,pca_sar,1,2
0.13535693,2,pca_sar,1,2
0.08378214,2,pca_sar,1,2
0.12228047,2,pca_sar,1,2
0.11898042,2,pca_sar,1,2
0.164325,2,pca_sar,1,2
0.14586231,2,pca_sar,1,2
0.1190415,2,pca_sar,1,2
0.09716447,2,pca_sar,1,2
0.07938923,2,pca_sar,1,2
0.117985114,2,pca_sar,1,2
0.13968256,2,pca_sar,1,2
0.18134211,2,pca_sar,1,2
0.12221739,2,pca_sar,1,2
0.11055616,2,pca_sar,1,2
0.076435454,2,pca_sar,1,2
0.101646915,2,pca_sar,1,2
0.1358316,2,pca_sar,1,2
0.12608713,2,pca_sar,1,2
0.18077376,2,pca_sar,1,2
0.117094085,2,pca_sar,1,2
0.024325497,2,pca_sar,1,2
0.027190741,2,pca_sar,1,2
0.09544009,2,pca_sar,1,2
0.03446585,2,pca_sar,1,2
0.028999943,2,pca_sar,1,2
0.09832445,2,pca_sar,1,2
0.055723302,2,pca_sar,1,2
0.073185734,2,pca_sar,1,2
0.14952236,2,pca_sar,1,2
0.23038568,2,pca_sar,1,2
0.17531013,2,pca_sar,1,2
0.06740528,2,pca_sar,1,2
0.020512912,2,pca_sar,1,2
0.09443204,2,pca_sar,1,2
0.07150761,2,pca_sar,1,2
0.064559855,2,pca_sar,1,2
0.03685605,2,pca_sar,1,2
0.043041788,2,pca_sar,1,2
0.04914183,2,pca_sar,1,2
0.08743199,2,pca_sar,1,2
0.18387452,2,pca_sar,1,2
0.14473447,2,pca_sar,1,2
0.083119795,2,pca_sar,1,2
0.08003633,2,pca_sar,1,2
0.13660678,2,pca_sar,1,2
0.13747132,2,pca_sar,1,2
0.10200688,2,pca_sar,1,2
0.09848715,2,pca_sar,1,2
0.042414736,2,pca_sar,1,2
0.033530556,2,pca_sar,1,2
0.06859419,2,pca_sar,1,2
0.13713107,2,pca_sar,1,2
0.1395066,2,pca_sar,1,2
0.18200816,2,pca_sar,1,2
0.17256692,2,pca_sar,1,2
0.12233421,2,pca_sar,1,2
0.11730771,2,pca_sar,1,2
0.17140363,2,pca_sar,1,2
0.20761885,2,pca_sar,1,2
0.20122865,2,pca_sar,1,2
0.17931703,2,pca_sar,1,2
0.10087139,2,pca_sar,1,2
0.055217333,2,pca_sar,1,2
0.047462456,2,pca_sar,1,2
0.08258471,2,pca_sar,1,2
0.12708786,2,pca_sar,1,2
0.13790175,2,pca_sar,1,2
0.11220519,2,pca_sar,1,2
0.16821088,2,pca_sar,1,2
0.17719653,2,pca_sar,1,2
0.19749495,2,pca_sar,1,2
0.2301739,2,pca_sar,1,2
0.19074458,2,pca_sar,1,2
0.19425318,2,pca_sar,1,2
0.12263509,2,pca_sar,1,2
0.089757025,2,pca_sar,1,2
0.10376857,2,pca_sar,1,2
0.11242746,2,pca_sar,1,2
0.081382886,2,pca_sar,1,2
0.10720153,2,pca_sar,1,2
0.13465454,2,pca_sar,1,2
0.11026034,2,pca_sar,1,2
0.07092892,2,pca_sar,1,2
0.12456413,2,pca_sar,1,2
0.16277319,2,pca_sar,1,2
0.1376617,2,pca_sar,1,2
0.20225939,2,pca_sar,1,2
0.19384162,2,pca_sar,1,2
0.20479932,2,pca_sar,1,2
0.13984534,2,pca_sar,1,2
0.11510734,2,pca_sar,1,2
0.090494536,2,pca_sar,1,2
0.0693344,2,pca_sar,1,2
0.071914725,2,pca_sar,1,2
0.07139413,2,pca_sar,1,2
0.084000885,2,pca_sar,1,2
0.07736497,2,pca_sar,1,2
0.11155239,2,pca_sar,1,2
0.16465947,2,pca_sar,1,2
0.14138731,2,pca_sar,1,2
0.12590426,2,pca_sar,1,2
0.14978233,2,pca_sar,1,2
0.23739664,2,pca_sar,1,2
0.28861377,2,pca_sar,1,2
0.14649785,2,pca_sar,1,2
0.18268204,2,pca_sar,1,2
0.21100801,2,pca_sar,1,2
0.13100585,2,pca_sar,1,2
0.09255503,2,pca_sar,1,2
0.06605809,2,pca_sar,1,2
0.036961317,2,pca_sar,1,2
0.07333862,2,pca_sar,1,2
0.034757283,2,pca_sar,1,2
0.10167832,2,pca_sar,1,2
0.07776055,2,pca_sar,1,2
0.09285719,2,pca_sar,1,2
0.1419979,2,pca_sar,1,2
0.17182998,2,pca_sar,1,2
0.24012569,2,pca_sar,1,2
0.26160294,2,pca_sar,1,2
0.1667648,2,pca_sar,1,2
-0.048282087,2,pca_sar,1,2
0.06733003,2,pca_sar,1,2
0.055911537,2,pca_sar,1,2
0.01718923,2,pca_sar,1,2
0.06791286,2,pca_sar,1,2
0.057867363,2,pca_sar,1,2
0.15824068,2,pca_sar,1,2
0.1934242,2,pca_sar,1,2
0.16918641,2,pca_sar,1,2
0.010669158,2,pca_sar,1,2
0.06031828,2,pca_sar,1,2
0.09240505,2,pca_sar,1,2
0.13575658,2,pca_sar,1,2
0.1260147,2,pca_sar,1,2
0.3216398,2,pca_sar,1,2
0.20749462,2,pca_sar,1,2
0.1699292,2,pca_sar,1,2
0.31367025,2,pca_sar,1,2
0.19566543,2,pca_sar,1,2
0.15040334,2,pca_sar,1,2
0.29077488,2,pca_sar,1,2
0.16025332,2,pca_sar,1,2
0.12344088,2,pca_sar,1,2
0.16163732,2,pca_sar,1,2
0.159309,2,pca_sar,1,2
0.27052304,2,pca_sar,1,2
0.17267114,2,pca_sar,1,2
0.121878564,2,pca_sar,1,2
0.10184835,2,pca_sar,1,2
0.12836412,2,pca_sar,1,2
0.29133585,2,pca_sar,1,2
0.19372669,2,pca_sar,1,2
0.16213074,2,pca_sar,1,2
0.14902177,2,pca_sar,1,2
0.163061,2,pca_sar,1,2
0.29026738,2,pca_sar,1,2
0.14631711,2,pca_sar,1,2
0.16036594,2,pca_sar,1,2
0.18523704,2,pca_sar,1,2
0.15498042,2,pca_sar,1,2
0.27319813,2,pca_sar,1,2
0.14008349,2,pca_sar,1,2
0.15065172,2,pca_sar,1,2
0.17062405,2,pca_sar,1,2
0.17329152,2,pca_sar,1,2
0.28464437,2,pca_sar,1,2
0.17703745,2,pca_sar,1,2
0.2197979,2,pca_sar,1,2
0.30504453,2,pca_sar,1,2
0.23038286,2,pca_sar,1,2
0.23256643,2,pca_sar,1,2
0.22208706,6,pca_sar,1,2
0.22158307,6,pca_sar,1,2
0.22162294,6,pca_sar,1,2
0.1890317,6,pca_sar,1,2
0.19541952,6,pca_sar,1,2
0.2165048,6,pca_sar,1,2
0.224658,6,pca_sar,1,2
0.2701367,6,pca_sar,1,2
0.2124154,6,pca_sar,1,2
0.16584426,6,pca_sar,1,2
0.17556316,6,pca_sar,1,2
0.20092271,6,pca_sar,1,2
0.22736673,6,pca_sar,1,2
0.20309655,6,pca_sar,1,2
0.21816383,6,pca_sar,1,2
0.20692301,6,pca_sar,1,2
0.24149922,6,pca_sar,1,2
0.23218289,6,pca_sar,1,2
0.15186313,6,pca_sar,1,2
0.19026455,6,pca_sar,1,2
0.19250834,6,pca_sar,1,2
0.22657305,6,pca_sar,1,2
0.24894214,6,pca_sar,1,2
0.24947846,6,pca_sar,1,2
0.21622992,6,pca_sar,1,2
0.18832098,6,pca_sar,1,2
0.20861731,6,pca_sar,1,2
0.2260736,6,pca_sar,1,2
0.23649104,6,pca_sar,1,2
0.23886867,6,pca_sar,1,2
0.2698372,6,pca_sar,1,2
0.25840035,6,pca_sar,1,2
0.19686969,6,pca_sar,1,2
0.20163763,6,pca_sar,1,2
0.24159425,6,pca_sar,1,2
0.22899607,6,pca_sar,1,2
0.24161947,6,pca_sar,1,2
0.29614675,6,pca_sar,1,2
0.17076439,6,pca_sar,1,2
0.12651253,6,pca_sar,1,2
0.16398454,6,pca_sar,1,2
0.17017296,6,pca_sar,1,2
0.18153822,6,pca_sar,1,2
0.17388833,6,pca_sar,1,2
0.17019626,6,pca_sar,1,2
0.15858716,6,pca_sar,1,2
0.14588398,6,pca_sar,1,2
0.14932835,6,pca_sar,1,2
0.115094215,6,pca_sar,1,2
0.20772636,6,pca_sar,1,2
0.17371914,6,pca_sar,1,2
0.20814133,6,pca_sar,1,2
0.20081225,6,pca_sar,1,2
0.14059436,6,pca_sar,1,2
0.23568964,6,pca_sar,1,2
0.20535406,6,pca_sar,1,2
0.24025619,6,pca_sar,1,2
0.2371262,6,pca_sar,1,2
0.20504394,6,pca_sar,1,2
0.27072144,6,pca_sar,1,2
0.23382069,6,pca_sar,1,2
0.24293649,6,pca_sar,1,2
0.2389971,6,pca_sar,1,2
0.24107864,6,pca_sar,1,2
0.2078462,6,pca_sar,1,2
0.2157388,6,pca_sar,1,2
0.20152093,6,pca_sar,1,2
0.23122668,6,pca_sar,1,2
0.25062054,6,pca_sar,1,2
0.17346746,6,pca_sar,1,2
0.23029491,6,pca_sar,1,2
0.18314442,6,pca_sar,1,2
0.19375119,6,pca_sar,1,2
0.22003612,6,pca_sar,1,2
0.27770674,6,pca_sar,1,2
0.23099802,6,pca_sar,1,2
0.18338147,6,pca_sar,1,2
0.24280347,6,pca_sar,1,2
0.17743042,6,pca_sar,1,2
0.15313147,6,pca_sar,1,2
0.17904082,6,pca_sar,1,2
0.26745325,6,pca_sar,1,2
0.270294,6,pca_sar,1,2
0.24981047,6,pca_sar,1,2
0.20038569,6,pca_sar,1,2
0.16845974,6,pca_sar,1,2
0.19882476,6,pca_sar,1,2
0.27751112,6,pca_sar,1,2
0.22564828,6,pca_sar,1,2
0.19672298,6,pca_sar,1,2
0.22896788,6,pca_sar,1,2
0.24680293,6,pca_sar,1,2
0.23349714,6,pca_sar,1,2
0.1745955,6,pca_sar,1,2
0.16061477,6,pca_sar,1,2
0.17379865,6,pca_sar,1,2
0.19213068,6,pca_sar,1,2
0.13655905,6,pca_sar,1,2
0.10561129,4,pca_sar,1,2
0.11566447,4,pca_sar,1,2
0.123847574,4,pca_sar,1,2
0.1355502,4,pca_sar,1,2
0.16253343,4,pca_sar,1,2
0.17196496,4,pca_sar,1,2
0.17922111,4,pca_sar,1,2
0.2788294,4,pca_sar,1,2
0.20110625,4,pca_sar,1,2
0.1831741,4,pca_sar,1,2
0.18167424,4,pca_sar,1,2
0.29246545,4,pca_sar,1,2
0.26615065,4,pca_sar,1,2
0.24061583,4,pca_sar,1,2
0.20922798,4,pca_sar,1,2
0.30783516,4,pca_sar,1,2
0.19407141,4,pca_sar,1,2
0.20014563,4,pca_sar,1,2
0.19541907,4,pca_sar,1,2
0.31640264,4,pca_sar,1,2
0.1698579,4,pca_sar,1,2
0.2389628,4,pca_sar,1,2
0.24679674,4,pca_sar,1,2
0.33296454,4,pca_sar,1,2
0.15513316,4,pca_sar,1,2
0.15384147,4,pca_sar,1,2
0.14027515,4,pca_sar,1,2
0.3374348,4,pca_sar,1,2
0.16344318,4,pca_sar,1,2
0.22027016,4,pca_sar,1,2
0.15546054,4,pca_sar,1,2
0.3103869,4,pca_sar,1,2
0.12831654,4,pca_sar,1,2
0.12295063,4,pca_sar,1,2
0.15815747,4,pca_sar,1,2
0.1298331,4,pca_sar,1,2
0.14917237,4,pca_sar,1,2
0.13404387,4,pca_sar,1,2
0.17839456,4,pca_sar,1,2
0.12988007,4,pca_sar,1,2
0.13974997,4,pca_sar,1,2
0.11993894,4,pca_sar,1,2
0.16736203,4,pca_sar,1,2
0.15127014,4,pca_sar,1,2
0.12484588,4,pca_sar,1,2
0.09553679,4,pca_sar,1,2
0.1189055,4,pca_sar,1,2
0.15798335,4,pca_sar,1,2
0.14536485,4,pca_sar,1,2
0.14223379,4,pca_sar,1,2
0.093364954,4,pca_sar,1,2
0.07430242,4,pca_sar,1,2
0.16716413,4,pca_sar,1,2
0.18569827,4,pca_sar,1,2
0.16411082,4,pca_sar,1,2
0.17611052,4,pca_sar,1,2
0.14098732,4,pca_sar,1,2
0.098029755,4,pca_sar,1,2
0.14678344,4,pca_sar,1,2
0.16658576,4,pca_sar,1,2
0.20056324,4,pca_sar,1,2
0.17625989,4,pca_sar,1,2
0.17962618,4,pca_sar,1,2
0.15453726,4,pca_sar,1,2
0.16875343,4,pca_sar,1,2
0.1649581,4,pca_sar,1,2
0.10680024,4,pca_sar,1,2
0.17218725,4,pca_sar,1,2
0.17540431,4,pca_sar,1,2
0.2571996,4,pca_sar,1,2
0.2547273,4,pca_sar,1,2
0.23352411,4,pca_sar,1,2
0.17793393,4,pca_sar,1,2
0.121452,4,pca_sar,1,2
0.12433302,4,pca_sar,1,2
0.17091861,4,pca_sar,1,2
0.15811753,4,pca_sar,1,2
0.19274892,4,pca_sar,1,2
0.18107018,4,pca_sar,1,2
0.14750436,4,pca_sar,1,2
0.11733033,4,pca_sar,1,2
0.16717958,4,pca_sar,1,2
0.20165801,4,pca_sar,1,2
0.18087672,4,pca_sar,1,2
0.12647355,4,pca_sar,1,2
0.10077977,4,pca_sar,1,2
0.11969754,4,pca_sar,1,2
0.15152724,4,pca_sar,1,2
0.19795376,4,pca_sar,1,2
0.28035522,4,pca_sar,1,2
0.24338977,4,pca_sar,1,2
0.203186,4,pca_sar,1,2
0.15087548,4,pca_sar,1,2
0.14348713,4,pca_sar,1,2
0.1939629,4,pca_sar,1,2
0.21086548,4,pca_sar,1,2
0.20605026,4,pca_sar,1,2
0.16155179,4,pca_sar,1,2
0.14116278,4,pca_sar,1,2
0.18691625,4,pca_sar,1,2
0.20589772,4,pca_sar,1,2
0.23510501,4,pca_sar,1,2
0.19045654,4,pca_sar,1,2
0.17579865,4,pca_sar,1,2
0.23898906,4,pca_sar,1,2
0.15283601,4,pca_sar,1,2
0.18616594,4,pca_sar,1,2
0.14270772,4,pca_sar,1,2
0.093780525,4,pca_sar,1,2
0.10943408,4,pca_sar,1,2
0.17161353,4,pca_sar,1,2
0.1468214,4,pca_sar,1,2
0.07498802,4,pca_sar,1,2
0.12586126,4,pca_sar,1,2
0.1695773,4,pca_sar,1,2
0.15077157,4,pca_sar,1,2
0.15968686,4,pca_sar,1,2
0.13075691,4,pca_sar,1,2
0.107612,4,pca_sar,1,2
0.10536232,4,pca_sar,1,2
0.13662757,4,pca_sar,1,2
0.13551751,4,pca_sar,1,2
0.1315687,4,pca_sar,1,2
0.1044476,4,pca_sar,1,2
0.25531626,4,pca_sar,1,2
0.11145052,4,pca_sar,1,2
0.086521566,4,pca_sar,1,2
0.14318255,4,pca_sar,1,2
0.124620214,4,pca_sar,1,2
0.28284252,4,pca_sar,1,2
0.12282213,4,pca_sar,1,2
0.12249738,4,pca_sar,1,2
0.12486938,4,pca_sar,1,2
0.25935417,4,pca_sar,1,2
0.113483235,4,pca_sar,1,2
0.12925753,4,pca_sar,1,2
0.27293128,4,pca_sar,1,2
0.13699967,4,pca_sar,1,2
0.17821252,4,pca_sar,1,2
0.2794998,4,pca_sar,1,2
0.14691682,4,pca_sar,1,2
0.13593964,4,pca_sar,1,2
0.20853782,4,pca_sar,1,2
0.1807191,4,pca_sar,1,2
0.054313466,4,pca_sar,1,2
0.08119429,4,pca_sar,1,2
0.010815982,4,pca_sar,1,2
0.049961876,4,pca_sar,1,2
0.17050268,4,pca_sar,1,2
0.11620198,4,pca_sar,1,2
0.07655507,4,pca_sar,1,2
0.2599657,4,pca_sar,1,2
0.17037076,4,pca_sar,1,2
0.16063625,4,pca_sar,1,2
0.095484346,4,pca_sar,1,2
0.24862629,4,pca_sar,1,2
0.14507198,4,pca_sar,1,2
0.10462169,4,pca_sar,1,2
0.06616647,4,pca_sar,1,2
0.23119645,4,pca_sar,1,2
0.14628665,4,pca_sar,1,2
0.10614034,4,pca_sar,1,2
0.11800035,4,pca_sar,1,2
0.27320772,4,pca_sar,1,2
0.14047322,4,pca_sar,1,2
0.19597338,4,pca_sar,1,2
0.20254147,4,pca_sar,1,2
0.300605,4,pca_sar,1,2
0.14731696,4,pca_sar,1,2
0.14097199,4,pca_sar,1,2
0.120642625,4,pca_sar,1,2
0.22682592,4,pca_sar,1,2
0.17935553,4,pca_sar,1,2
0.15047419,4,pca_sar,1,2
0.023639685,4,pca_sar,1,2
0.1310578,4,pca_sar,1,2
0.13792811,4,pca_sar,1,2
0.13966535,4,pca_sar,1,2
0.13684976,4,pca_sar,1,2
0.15710275,4,pca_sar,1,2
0.11813299,4,pca_sar,1,2
0.116805576,4,pca_sar,1,2
0.1792517,4,pca_sar,1,2
0.23655519,4,pca_sar,1,2
0.1526229,4,pca_sar,1,2
0.1513823,4,pca_sar,1,2
0.18698096,4,pca_sar,1,2
0.21715361,4,pca_sar,1,2
-0.013068655,4,pca_sar,1,2
-0.008269399,4,pca_sar,1,2
0.07190144,4,pca_sar,1,2
0.054039292,4,pca_sar,1,2
0.0929051,4,pca_sar,1,2
0.11998331,4,pca_sar,1,2
0.03344731,4,pca_sar,1,2
0.057281263,4,pca_sar,1,2
0.053726427,4,pca_sar,1,2
0.030926574,4,pca_sar,1,2
0.053565945,4,pca_sar,1,2
0.021845782,4,pca_sar,1,2
0.11097111,4,pca_sar,1,2
0.10129732,4,pca_sar,1,2
0.08910704,4,pca_sar,1,2
0.109758556,4,pca_sar,1,2
0.10310471,4,pca_sar,1,2
0.08177617,4,pca_sar,1,2
0.08768697,4,pca_sar,1,2
0.09961681,4,pca_sar,1,2
0.060948282,4,pca_sar,1,2
0.20073146,4,pca_sar,1,2
0.13735387,4,pca_sar,1,2
0.11119437,4,pca_sar,1,2
0.16526392,4,pca_sar,1,2
0.18027994,4,pca_sar,1,2
0.13242945,4,pca_sar,1,2
0.11028579,4,pca_sar,1,2
0.115967035,4,pca_sar,1,2
0.122768775,4,pca_sar,1,2
0.087268114,4,pca_sar,1,2
0.115362294,4,pca_sar,1,2
0.16243523,4,pca_sar,1,2
0.19857311,4,pca_sar,1,2
0.21106464,4,pca_sar,1,2
0.16238064,4,pca_sar,1,2
0.11491912,4,pca_sar,1,2
0.08728819,4,pca_sar,1,2
0.13601416,4,pca_sar,1,2
0.13589147,4,pca_sar,1,2
0.14044476,4,pca_sar,1,2
0.13637534,4,pca_sar,1,2
0.16379374,4,pca_sar,1,2
0.15701073,4,pca_sar,1,2
0.16572458,4,pca_sar,1,2
0.1803469,4,pca_sar,1,2
0.17523903,4,pca_sar,1,2
0.15430395,4,pca_sar,1,2
0.15430778,4,pca_sar,1,2
0.16531481,4,pca_sar,1,2
0.20953542,4,pca_sar,1,2
0.14654326,4,pca_sar,1,2
0.17954212,4,pca_sar,1,2
0.15846547,4,pca_sar,1,2
0.1231548,4,pca_sar,1,2
0.14645725,4,pca_sar,1,2
0.08940904,4,pca_sar,1,2
0.06956616,4,pca_sar,1,2
0.068606935,4,pca_sar,1,2
0.062394142,4,pca_sar,1,2
0.12982103,4,pca_sar,1,2
0.05741115,4,pca_sar,1,2
0.17689455,4,pca_sar,1,2
0.13421614,4,pca_sar,1,2
0.14668201,4,pca_sar,1,2
0.10201344,4,pca_sar,1,2
0.16985017,4,pca_sar,1,2
0.17369685,4,pca_sar,1,2
0.13629523,4,pca_sar,1,2
0.08972968,4,pca_sar,1,2
0.16764347,4,pca_sar,1,2
0.16894986,4,pca_sar,1,2
0.06165238,4,pca_sar,1,2
0.10722645,4,pca_sar,1,2
0.13365169,4,pca_sar,1,2
0.12263148,4,pca_sar,1,2
0.09709622,4,pca_sar,1,2
0.11109536,4,pca_sar,1,2
0.12954734,4,pca_sar,1,2
0.09212776,4,pca_sar,1,2
0.2646981,4,pca_sar,1,2
0.21838003,4,pca_sar,1,2
0.14873143,4,pca_sar,1,2
0.15554334,4,pca_sar,1,2
0.10556795,4,pca_sar,1,2
0.2864666,4,pca_sar,1,2
0.21232443,4,pca_sar,1,2
0.21507952,4,pca_sar,1,2
0.20618753,4,pca_sar,1,2
0.2613137,4,pca_sar,1,2
0.14726143,4,pca_sar,1,2
0.21068236,4,pca_sar,1,2
0.26826474,4,pca_sar,1,2
0.10516055,4,pca_sar,1,2
0.15668839,4,pca_sar,1,2
0.22937264,4,pca_sar,1,2
0.1413056,4,pca_sar,1,2
0.17036483,4,pca_sar,1,2
0.21011388,4,pca_sar,1,2
0.15481335,4,pca_sar,1,2
0.23136105,6,pca_sar,1,2
0.24754252,6,pca_sar,1,2
0.34166443,6,pca_sar,1,2
0.29212317,6,pca_sar,1,2
0.25323218,6,pca_sar,1,2
0.3386478,6,pca_sar,1,2
0.398587,6,pca_sar,1,2
0.40285075,6,pca_sar,1,2
0.17057702,6,pca_sar,1,2
0.12610155,6,pca_sar,1,2
0.013743585,6,pca_sar,1,2
-0.07840663,6,pca_sar,1,2
0.04312271,6,pca_sar,1,2
0.10952127,6,pca_sar,1,2
0.13723162,6,pca_sar,1,2
0.1302159,6,pca_sar,1,2
0.053794302,6,pca_sar,1,2
0.10661872,6,pca_sar,1,2
0.19101474,6,pca_sar,1,2
0.12656118,6,pca_sar,1,2
0.097352654,6,pca_sar,1,2
0.17915788,6,pca_sar,1,2
0.14552358,6,pca_sar,1,2
0.20441584,6,pca_sar,1,2
0.20691404,6,pca_sar,1,2
0.1747928,6,pca_sar,1,2
0.17859617,6,pca_sar,1,2
0.14064851,6,pca_sar,1,2
0.09320393,6,pca_sar,1,2
0.11352496,6,pca_sar,1,2
0.03249024,6,pca_sar,1,2
0.03396248,6,pca_sar,1,2
0.21422106,6,pca_sar,1,2
0.12569974,6,pca_sar,1,2
0.20309675,6,pca_sar,1,2
0.1368196,6,pca_sar,1,2
0.16860926,6,pca_sar,1,2
0.19845618,6,pca_sar,1,2
0.07465941,6,pca_sar,1,2
0.25401428,6,pca_sar,1,2
0.13044587,6,pca_sar,1,2
0.116976306,6,pca_sar,1,2
0.17107439,6,pca_sar,1,2
0.08059476,6,pca_sar,1,2
0.23974994,6,pca_sar,1,2
0.2216608,6,pca_sar,1,2
0.32878423,6,pca_sar,1,2
0.2777349,6,pca_sar,1,2
0.2685452,6,pca_sar,1,2
0.3219231,6,pca_sar,1,2
0.31182766,6,pca_sar,1,2
0.3131551,6,pca_sar,1,2
0.16515557,6,pca_sar,1,2
0.1311071,6,pca_sar,1,2
0.045986418,6,pca_sar,1,2
-0.0782139,6,pca_sar,1,2
0.019035779,6,pca_sar,1,2
0.15183447,6,pca_sar,1,2
0.1633559,6,pca_sar,1,2
0.16265029,6,pca_sar,1,2
0.04519041,6,pca_sar,1,2
0.06534146,6,pca_sar,1,2
0.25674242,6,pca_sar,1,2
0.15038355,6,pca_sar,1,2
0.1294517,6,pca_sar,1,2
0.14834878,6,pca_sar,1,2
0.14786536,6,pca_sar,1,2
0.1155883,6,pca_sar,1,2
0.18631902,6,pca_sar,1,2
0.18557566,6,pca_sar,1,2
0.18208173,6,pca_sar,1,2
0.10781498,6,pca_sar,1,2
0.03437265,6,pca_sar,1,2
0.14257306,6,pca_sar,1,2
0.11614094,6,pca_sar,1,2
0.03137097,6,pca_sar,1,2
0.22837359,6,pca_sar,1,2
0.09662159,6,pca_sar,1,2
0.20028567,6,pca_sar,1,2
0.08037925,6,pca_sar,1,2
0.16193783,6,pca_sar,1,2
0.1319407,6,pca_sar,1,2
0.20171453,6,pca_sar,1,2
0.23659815,6,pca_sar,1,2
0.12754205,6,pca_sar,1,2
0.16904959,6,pca_sar,1,2
0.04912537,6,pca_sar,1,2
0.14472377,6,pca_sar,1,2
0.06698195,6,pca_sar,1,2
0.04736734,6,pca_sar,1,2
0.06281878,6,pca_sar,1,2
0.096064575,6,pca_sar,1,2
0.072203286,6,pca_sar,1,2
0.05073463,6,pca_sar,1,2
0.07529134,6,pca_sar,1,2
0.025299333,6,pca_sar,1,2
0.06928252,6,pca_sar,1,2
0.05704481,6,pca_sar,1,2
0.08575673,6,pca_sar,1,2
0.04910116,6,pca_sar,1,2
0.0901567,6,pca_sar,1,2
0.09211777,6,pca_sar,1,2
0.103835836,6,pca_sar,1,2
0.064712845,6,pca_sar,1,2
0.022472177,6,pca_sar,1,2
0.06037335,6,pca_sar,1,2
0.07900886,6,pca_sar,1,2
0.0062506516,6,pca_sar,1,2
0.055596173,6,pca_sar,1,2
0.10073018,6,pca_sar,1,2
0.075752504,6,pca_sar,1,2
0.05487252,6,pca_sar,1,2
0.040953495,6,pca_sar,1,2
0.065505065,6,pca_sar,1,2
0.035636127,6,pca_sar,1,2
0.0034409664,6,pca_sar,1,2
0.07533609,6,pca_sar,1,2
0.18750331,6,pca_sar,1,2
0.091796845,6,pca_sar,1,2
0.003077086,6,pca_sar,1,2
0.01967239,6,pca_sar,1,2
0.030663734,6,pca_sar,1,2
0.044819616,6,pca_sar,1,2
0.04491967,6,pca_sar,1,2
0.09062897,6,pca_sar,1,2
0.06084761,6,pca_sar,1,2
0.023129191,6,pca_sar,1,2
-0.022041261,6,pca_sar,1,2
-0.008430755,6,pca_sar,1,2
0.0102842245,6,pca_sar,1,2
0.074177966,6,pca_sar,1,2
0.082528085,6,pca_sar,1,2
0.053487048,6,pca_sar,1,2
0.025921497,6,pca_sar,1,2
0.056656383,6,pca_sar,1,2
0.035249524,6,pca_sar,1,2
0.032029115,6,pca_sar,1,2
0.0956593,6,pca_sar,1,2
0.15694231,6,pca_sar,1,2
0.16329676,6,pca_sar,1,2
0.021312572,6,pca_sar,1,2
0.10111035,6,pca_sar,1,2
0.19403964,6,pca_sar,1,2
0.10172785,6,pca_sar,1,2
0.05345148,6,pca_sar,1,2
0.11869208,6,pca_sar,1,2
0.12070927,6,pca_sar,1,2
0.13924818,6,pca_sar,1,2
0.059552684,6,pca_sar,1,2
0.08721842,6,pca_sar,1,2
0.08116539,6,pca_sar,1,2
0.13724783,6,pca_sar,1,2
0.049987562,6,pca_sar,1,2
0.07471851,6,pca_sar,1,2
0.08698431,6,pca_sar,1,2
0.1182846,6,pca_sar,1,2
0.12726317,6,pca_sar,1,2
0.056094564,6,pca_sar,1,2
0.04951711,6,pca_sar,1,2
0.029727943,6,pca_sar,1,2
0.113049366,6,pca_sar,1,2
0.08671435,6,pca_sar,1,2
0.08673605,6,pca_sar,1,2
0.05422751,6,pca_sar,1,2
0.07870065,6,pca_sar,1,2
0.097475015,6,pca_sar,1,2
0.1079061,6,pca_sar,1,2
0.11201654,6,pca_sar,1,2
0.037839063,6,pca_sar,1,2
0.06682997,6,pca_sar,1,2
0.12570736,6,pca_sar,1,2
0.1123192,6,pca_sar,1,2
0.098009735,6,pca_sar,1,2
0.0676956,6,pca_sar,1,2
0.11005765,6,pca_sar,1,2
-0.016424118,6,pca_sar,1,2
0.07698228,6,pca_sar,1,2
0.049280338,6,pca_sar,1,2
0.066611156,6,pca_sar,1,2
0.095810264,6,pca_sar,1,2
0.12200949,6,pca_sar,1,2
0.096968725,6,pca_sar,1,2
0.14967434,6,pca_sar,1,2
0.07149715,6,pca_sar,1,2
0.090308085,6,pca_sar,1,2
0.13346076,6,pca_sar,1,2
0.14329739,6,pca_sar,1,2
0.17252195,6,pca_sar,1,2
0.18425556,6,pca_sar,1,2
0.1263594,6,pca_sar,1,2
0.17583126,6,pca_sar,1,2
0.14598599,6,pca_sar,1,2
0.08163743,6,pca_sar,1,2
0.08104092,6,pca_sar,1,2
0.09564975,6,pca_sar,1,2
0.170245,6,pca_sar,1,2
0.16483378,6,pca_sar,1,2
0.12380688,6,pca_sar,1,2
0.17074274,6,pca_sar,1,2
0.15523118,6,pca_sar,1,2
0.045648515,6,pca_sar,1,2
0.15662062,6,pca_sar,1,2
0.2413901,6,pca_sar,1,2
0.1956714,6,pca_sar,1,2
0.14274918,6,pca_sar,1,2
0.07982797,6,pca_sar,1,2
0.13259661,6,pca_sar,1,2
0.20868918,6,pca_sar,1,2
0.07472318,6,pca_sar,1,2
0.11776499,6,pca_sar,1,2
0.18098724,6,pca_sar,1,2
0.16641,6,pca_sar,1,2
0.1550313,6,pca_sar,1,2
0.12864728,6,pca_sar,1,2
0.15225217,6,pca_sar,1,2
0.2355429,6,pca_sar,1,2
0.11787768,6,pca_sar,1,2
0.10957135,6,pca_sar,1,2
0.09152366,6,pca_sar,1,2
0.14279053,6,pca_sar,1,2
0.14731972,6,pca_sar,1,2
0.13249132,6,pca_sar,1,2
0.07730916,6,pca_sar,1,2
0.05217261,6,pca_sar,1,2
0.15636745,5,pca_sar,1,2
0.14199907,5,pca_sar,1,2
0.16813593,5,pca_sar,1,2
0.15960604,5,pca_sar,1,2
0.14332056,5,pca_sar,1,2
0.13339502,5,pca_sar,1,2
0.1268145,5,pca_sar,1,2
0.14656182,5,pca_sar,1,2
0.1926341,5,pca_sar,1,2
0.18640205,5,pca_sar,1,2
0.16332816,5,pca_sar,1,2
0.14137867,5,pca_sar,1,2
0.14447112,5,pca_sar,1,2
0.18949014,5,pca_sar,1,2
0.12303167,5,pca_sar,1,2
0.12238443,5,pca_sar,1,2
0.1841268,5,pca_sar,1,2
0.2260331,5,pca_sar,1,2
0.1961255,5,pca_sar,1,2
0.14241794,5,pca_sar,1,2
0.21415493,5,pca_sar,1,2
0.24662234,5,pca_sar,1,2
0.11483552,5,pca_sar,1,2
0.07925443,5,pca_sar,1,2
0.237215,5,pca_sar,1,2
0.25623727,5,pca_sar,1,2
0.10374146,5,pca_sar,1,2
0.05510117,5,pca_sar,1,2
0.17783697,5,pca_sar,1,2
0.19017142,5,pca_sar,1,2
0.12300649,5,pca_sar,1,2
0.11991464,5,pca_sar,1,2
0.15677999,5,pca_sar,1,2
0.076495275,5,pca_sar,1,2
0.106002815,5,pca_sar,1,2
0.059680622,5,pca_sar,1,2
0.101542965,5,pca_sar,1,2
0.03711784,6,pca_sar,1,2
0.07380627,6,pca_sar,1,2
0.11645287,6,pca_sar,1,2
0.13796104,6,pca_sar,1,2
0.021456847,6,pca_sar,1,2
0.04279175,6,pca_sar,1,2
0.07916316,6,pca_sar,1,2
0.06293377,6,pca_sar,1,2
0.023150843,6,pca_sar,1,2
-0.0007928163,6,pca_sar,1,2
0.031297322,6,pca_sar,1,2
0.023677543,6,pca_sar,1,2
0.06982437,6,pca_sar,1,2
0.03503103,6,pca_sar,1,2
0.054825105,6,pca_sar,1,2
0.04652191,6,pca_sar,1,2
0.060218792,6,pca_sar,1,2
0.083884105,6,pca_sar,1,2
0.12671484,6,pca_sar,1,2
0.07713984,6,pca_sar,1,2
0.089378275,6,pca_sar,1,2
0.06500317,6,pca_sar,1,2
0.044154786,6,pca_sar,1,2
0.05326582,6,pca_sar,1,2
0.06777915,6,pca_sar,1,2
0.08708078,6,pca_sar,1,2
0.10094999,6,pca_sar,1,2
0.04591535,6,pca_sar,1,2
0.0850773,6,pca_sar,1,2
0.15232834,6,pca_sar,1,2
0.20627522,6,pca_sar,1,2
0.11010325,6,pca_sar,1,2
0.085660204,6,pca_sar,1,2
0.0652318,6,pca_sar,1,2
0.0901531,6,pca_sar,1,2
0.08130401,6,pca_sar,1,2
0.08064239,6,pca_sar,1,2
0.049491346,6,pca_sar,1,2
0.17988896,6,pca_sar,1,2
0.11988798,6,pca_sar,1,2
0.10386598,6,pca_sar,1,2
0.051256444,6,pca_sar,1,2
0.06556523,6,pca_sar,1,2
0.106615275,6,pca_sar,1,2
0.020720419,6,pca_sar,1,2
0.059844766,6,pca_sar,1,2
0.17606474,6,pca_sar,1,2
0.14521354,6,pca_sar,1,2
0.14552376,6,pca_sar,1,2
0.1045949,6,pca_sar,1,2
0.09947653,6,pca_sar,1,2
0.17940769,6,pca_sar,1,2
0.0027740877,6,pca_sar,1,2
0.10535108,6,pca_sar,1,2
0.22661972,6,pca_sar,1,2
0.19522655,6,pca_sar,1,2
0.16283387,6,pca_sar,1,2
0.11677133,6,pca_sar,1,2
0.12649293,6,pca_sar,1,2
0.21001202,6,pca_sar,1,2
0.1870713,6,pca_sar,1,2
0.18530019,6,pca_sar,1,2
0.14765221,6,pca_sar,1,2
0.1696328,6,pca_sar,1,2
0.1710345,6,pca_sar,1,2
0.16960275,6,pca_sar,1,2
0.16805485,6,pca_sar,1,2
0.161717,6,pca_sar,1,2
0.13487217,5,pca_sar,1,2
0.14660189,5,pca_sar,1,2
0.124722004,5,pca_sar,1,2
0.082877785,5,pca_sar,1,2
0.17755467,5,pca_sar,1,2
0.21685736,5,pca_sar,1,2
0.18036744,5,pca_sar,1,2
0.13805263,5,pca_sar,1,2
0.25455242,5,pca_sar,1,2
0.2821582,5,pca_sar,1,2
0.20263633,5,pca_sar,1,2
0.14642943,5,pca_sar,1,2
0.17667225,5,pca_sar,1,2
0.22882278,5,pca_sar,1,2
0.07875794,5,pca_sar,1,2
0.0466874,5,pca_sar,1,2
0.14733477,5,pca_sar,1,2
0.21367092,5,pca_sar,1,2
0.10230074,5,pca_sar,1,2
0.06586018,5,pca_sar,1,2
0.134256,5,pca_sar,1,2
0.17717555,5,pca_sar,1,2
0.089977905,5,pca_sar,1,2
0.09070298,5,pca_sar,1,2
0.13352475,5,pca_sar,1,2
0.17123345,5,pca_sar,1,2
0.09570286,5,pca_sar,1,2
0.07941179,5,pca_sar,1,2
0.06136444,5,pca_sar,1,2
0.091034845,5,pca_sar,1,2
0.040268928,5,pca_sar,1,2
0.1275667,5,pca_sar,1,2
0.21171027,5,pca_sar,1,2
0.11272901,5,pca_sar,1,2
0.16457322,5,pca_sar,1,2
0.085635856,5,pca_sar,1,2
0.13604684,5,pca_sar,1,2
0.07468714,6,pca_sar,1,2
-0.015383843,6,pca_sar,1,2
0.0069094673,6,pca_sar,1,2
0.04187935,6,pca_sar,1,2
0.06723934,6,pca_sar,1,2
-0.03034141,6,pca_sar,1,2
-0.022605546,6,pca_sar,1,2
0.024108604,6,pca_sar,1,2
0.07389716,6,pca_sar,1,2
-0.0029486716,6,pca_sar,1,2
0.0030589327,6,pca_sar,1,2
0.0072865635,6,pca_sar,1,2
0.12178798,6,pca_sar,1,2
0.06347747,6,pca_sar,1,2
0.09917826,6,pca_sar,1,2
0.0764359,6,pca_sar,1,2
0.095612526,6,pca_sar,1,2
0.10581945,6,pca_sar,1,2
0.13272975,6,pca_sar,1,2
0.009372696,6,pca_sar,1,2
0.08914681,6,pca_sar,1,2
0.055091433,6,pca_sar,1,2
0.083560765,6,pca_sar,1,2
0.07262398,6,pca_sar,1,2
0.10199841,6,pca_sar,1,2
0.13207541,6,pca_sar,1,2
0.18475282,6,pca_sar,1,2
0.07392864,6,pca_sar,1,2
0.08603518,6,pca_sar,1,2
0.10998866,6,pca_sar,1,2
0.11668688,6,pca_sar,1,2
0.11789777,6,pca_sar,1,2
0.08602174,6,pca_sar,1,2
0.124735735,6,pca_sar,1,2
0.15723588,6,pca_sar,1,2
0.018880516,6,pca_sar,1,2
0.080808446,6,pca_sar,1,2
0.1250364,6,pca_sar,1,2
0.15769392,6,pca_sar,1,2
0.14658214,6,pca_sar,1,2
0.10294187,6,pca_sar,1,2
0.10140953,6,pca_sar,1,2
0.13305272,6,pca_sar,1,2
0.07873997,6,pca_sar,1,2
0.11489805,6,pca_sar,1,2
0.19923869,6,pca_sar,1,2
0.20327076,6,pca_sar,1,2
0.151666,6,pca_sar,1,2
0.12024094,6,pca_sar,1,2
0.103011064,6,pca_sar,1,2
0.18065952,6,pca_sar,1,2
0.15526709,6,pca_sar,1,2
0.11656792,6,pca_sar,1,2
0.12411967,6,pca_sar,1,2
0.16180557,6,pca_sar,1,2
0.18270433,6,pca_sar,1,2
0.14449114,6,pca_sar,1,2
0.08140881,6,pca_sar,1,2
0.16313143,6,pca_sar,1,2
0.19880211,6,pca_sar,1,2
0.16387501,6,pca_sar,1,2
0.14156377,6,pca_sar,1,2
0.13971218,6,pca_sar,1,2
0.14646411,6,pca_sar,1,2
0.19439772,6,pca_sar,1,2
0.16954522,6,pca_sar,1,2
0.15115803,6,pca_sar,1,2
0.11266247,6,pca_sar,1,2
0.10725565,7,pca_sar,1,2
0.11497529,7,pca_sar,1,2
0.14786236,7,pca_sar,1,2
0.11196856,7,pca_sar,1,2
0.059961982,7,pca_sar,1,2
0.00564678,7,pca_sar,1,2
0.042404793,7,pca_sar,1,2
0.18017815,7,pca_sar,1,2
0.18936732,7,pca_sar,1,2
0.1464338,7,pca_sar,1,2
0.14863221,7,pca_sar,1,2
0.07631968,7,pca_sar,1,2
0.04058385,7,pca_sar,1,2
0.05860987,7,pca_sar,1,2
0.10021123,7,pca_sar,1,2
0.22899622,7,pca_sar,1,2
0.27843595,7,pca_sar,1,2
0.2923538,7,pca_sar,1,2
0.23329568,7,pca_sar,1,2
0.23908351,7,pca_sar,1,2
0.18994534,7,pca_sar,1,2
0.18336272,7,pca_sar,1,2
0.22501934,7,pca_sar,1,2
0.30198836,7,pca_sar,1,2
0.16561684,7,pca_sar,1,2
0.15431347,7,pca_sar,1,2
0.13269603,7,pca_sar,1,2
0.07076924,7,pca_sar,1,2
0.02153771,7,pca_sar,1,2
0.017971136,7,pca_sar,1,2
0.053309876,7,pca_sar,1,2
0.19881737,7,pca_sar,1,2
0.20639335,7,pca_sar,1,2
0.16600573,7,pca_sar,1,2
0.10217501,7,pca_sar,1,2
0.021127034,7,pca_sar,1,2
-0.016214682,7,pca_sar,1,2
-0.012935067,7,pca_sar,1,2
0.022798797,7,pca_sar,1,2
0.2672348,7,pca_sar,1,2
0.2217251,7,pca_sar,1,2
0.22885963,7,pca_sar,1,2
0.22081172,7,pca_sar,1,2
0.19246902,7,pca_sar,1,2
0.15193108,7,pca_sar,1,2
0.14719737,7,pca_sar,1,2
0.13930765,7,pca_sar,1,2
0.11874084,7,pca_sar,1,2
0.13442253,7,pca_sar,1,2
0.13523696,7,pca_sar,1,2
0.16516376,7,pca_sar,1,2
0.16642627,7,pca_sar,1,2
0.100532226,5,pca_sar,1,2
0.100601524,5,pca_sar,1,2
0.18431193,5,pca_sar,1,2
0.13514654,5,pca_sar,1,2
0.1366846,5,pca_sar,1,2
0.1511353,5,pca_sar,1,2
0.23161843,5,pca_sar,1,2
0.16918907,5,pca_sar,1,2
0.2017748,5,pca_sar,1,2
0.1710083,5,pca_sar,1,2
0.2809679,5,pca_sar,1,2
0.2088163,5,pca_sar,1,2
0.26959768,5,pca_sar,1,2
0.26840574,5,pca_sar,1,2
0.1968369,5,pca_sar,1,2
0.1405712,5,pca_sar,1,2
0.23586956,5,pca_sar,1,2
0.26445705,5,pca_sar,1,2
0.19681004,5,pca_sar,1,2
0.16678897,5,pca_sar,1,2
0.20537221,5,pca_sar,1,2
0.24718407,5,pca_sar,1,2
0.18990967,5,pca_sar,1,2
0.12066443,5,pca_sar,1,2
0.21248023,5,pca_sar,1,2
0.19344077,5,pca_sar,1,2
0.078676045,5,pca_sar,1,2
0.046118155,5,pca_sar,1,2
0.2517114,5,pca_sar,1,2
0.23266052,5,pca_sar,1,2
0.033161677,5,pca_sar,1,2
0.08334447,5,pca_sar,1,2
0.110309355,5,pca_sar,1,2
0.047547385,5,pca_sar,1,2
0.07800375,5,pca_sar,1,2
0.11038924,5,pca_sar,1,2
0.10858705,5,pca_sar,1,2
0.18648487,5,pca_sar,1,2
0.18394427,5,pca_sar,1,2
0.17513132,5,pca_sar,1,2
0.23200497,5,pca_sar,1,2
0.22594276,5,pca_sar,1,2
0.2078903,5,pca_sar,1,2
0.17833112,5,pca_sar,1,2
0.23749405,5,pca_sar,1,2
0.24318154,5,pca_sar,1,2
0.28038007,5,pca_sar,1,2
0.2597885,5,pca_sar,1,2
0.28455192,5,pca_sar,1,2
0.2165184,5,pca_sar,1,2
0.26637733,5,pca_sar,1,2
0.2233926,5,pca_sar,1,2
0.25022408,5,pca_sar,1,2
0.20851144,5,pca_sar,1,2
0.26251906,5,pca_sar,1,2
0.2033231,5,pca_sar,1,2
0.16924131,5,pca_sar,1,2
0.15203176,5,pca_sar,1,2
0.2015542,5,pca_sar,1,2
0.15524644,5,pca_sar,1,2
0.10806731,5,pca_sar,1,2
0.17565393,5,pca_sar,1,2
0.20308466,5,pca_sar,1,2
0.08864577,5,pca_sar,1,2
0.07456988,5,pca_sar,1,2
0.16219486,5,pca_sar,1,2
0.20839663,5,pca_sar,1,2
0.07998541,5,pca_sar,1,2
0.09455743,5,pca_sar,1,2
0.13672593,5,pca_sar,1,2
0.0875389,5,pca_sar,1,2
0.11300316,5,pca_sar,1,2
0.043603476,5,pca_sar,1,2
0.13503121,5,pca_sar,1,2
0.030041484,3,pca_sar,1,2
0.0871948,3,pca_sar,1,2
0.05283531,3,pca_sar,1,2
0.069075294,3,pca_sar,1,2
0.042702008,3,pca_sar,1,2
0.07191506,3,pca_sar,1,2
0.15508354,3,pca_sar,1,2
0.06616968,3,pca_sar,1,2
-0.041864224,3,pca_sar,1,2
0.027515879,3,pca_sar,1,2
0.10242355,3,pca_sar,1,2
0.05311394,3,pca_sar,1,2
-0.023483664,3,pca_sar,1,2
0.12993872,3,pca_sar,1,2
0.09983902,3,pca_sar,1,2
0.033387776,3,pca_sar,1,2
0.09262675,3,pca_sar,1,2
0.12625663,3,pca_sar,1,2
0.13242833,3,pca_sar,1,2
0.008206863,3,pca_sar,1,2
0.045227762,3,pca_sar,1,2
0.057563487,3,pca_sar,1,2
0.04904981,3,pca_sar,1,2
0.06987011,3,pca_sar,1,2
0.08205348,3,pca_sar,1,2
0.10101512,3,pca_sar,1,2
0.047606733,3,pca_sar,1,2
0.19207944,3,pca_sar,1,2
0.058204234,3,pca_sar,1,2
0.07906575,3,pca_sar,1,2
0.015108112,3,pca_sar,1,2
0.011389837,3,pca_sar,1,2
0.09891245,3,pca_sar,1,2
0.13914835,3,pca_sar,1,2
0.13034105,3,pca_sar,1,2
0.19385415,3,pca_sar,1,2
0.06157671,3,pca_sar,1,2
0.09408018,3,pca_sar,1,2
0.11666808,3,pca_sar,1,2
0.17210115,3,pca_sar,1,2
0.096849546,3,pca_sar,1,2
0.053696275,3,pca_sar,1,2
0.082688764,3,pca_sar,1,2
0.06871976,3,pca_sar,1,2
0.10300632,3,pca_sar,1,2
0.20035061,3,pca_sar,1,2
0.034496114,3,pca_sar,1,2
0.017352924,3,pca_sar,1,2
0.121359736,3,pca_sar,1,2
0.18387574,3,pca_sar,1,2
0.15128717,3,pca_sar,1,2
0.12899464,3,pca_sar,1,2
0.068025246,3,pca_sar,1,2
0.032948576,3,pca_sar,1,2
0.11931415,3,pca_sar,1,2
0.24155635,3,pca_sar,1,2
0.09238321,3,pca_sar,1,2
0.021082306,3,pca_sar,1,2
0.1204281,3,pca_sar,1,2
0.17807487,3,pca_sar,1,2
0.14590621,3,pca_sar,1,2
0.18137053,3,pca_sar,1,2
0.1594558,3,pca_sar,1,2
0.08058047,3,pca_sar,1,2
0.17328961,3,pca_sar,1,2
0.26448146,3,pca_sar,1,2
0.009158537,3,pca_sar,1,2
0.0009882189,3,pca_sar,1,2
0.14614001,3,pca_sar,1,2
0.19491565,3,pca_sar,1,2
0.141252,3,pca_sar,1,2
0.15220985,3,pca_sar,1,2
0.09073137,3,pca_sar,1,2
0.02234482,3,pca_sar,1,2
0.11400312,3,pca_sar,1,2
0.18841952,3,pca_sar,1,2
0.17098714,3,pca_sar,1,2
0.13392779,3,pca_sar,1,2
0.28057885,3,pca_sar,1,2
0.3076595,3,pca_sar,1,2
0.21333198,3,pca_sar,1,2
0.21904093,3,pca_sar,1,2
0.18869573,3,pca_sar,1,2
0.20563065,3,pca_sar,1,2
0.2407738,3,pca_sar,1,2
0.34727958,3,pca_sar,1,2
0.037554793,3,pca_sar,1,2
0.029202498,3,pca_sar,1,2
0.12626818,3,pca_sar,1,2
0.112854004,3,pca_sar,1,2
0.08111311,3,pca_sar,1,2
0.07300431,3,pca_sar,1,2
0.085808575,3,pca_sar,1,2
-0.00740882,3,pca_sar,1,2
0.084664986,3,pca_sar,1,2
0.120631225,3,pca_sar,1,2
0.07263795,3,pca_sar,1,2
0.048954196,3,pca_sar,1,2
-0.01329653,3,pca_sar,1,2
0.106631875,3,pca_sar,1,2
0.06782204,3,pca_sar,1,2
0.07395594,3,pca_sar,1,2
0.080892086,3,pca_sar,1,2
0.103842765,3,pca_sar,1,2
0.11427739,3,pca_sar,1,2
0.070194684,3,pca_sar,1,2
0.05965007,3,pca_sar,1,2
0.065920204,3,pca_sar,1,2
0.083572656,3,pca_sar,1,2
0.073845334,3,pca_sar,1,2
0.09999682,3,pca_sar,1,2
0.08156297,3,pca_sar,1,2
0.017801542,3,pca_sar,1,2
0.045711707,3,pca_sar,1,2
0.07376303,3,pca_sar,1,2
0.00045799743,3,pca_sar,1,2
0.03149566,3,pca_sar,1,2
0.050812818,3,pca_sar,1,2
0.06722428,3,pca_sar,1,2
0.04767725,3,pca_sar,1,2
0.06644021,3,pca_sar,1,2
0.08932823,3,pca_sar,1,2
0.103868745,3,pca_sar,1,2
0.08266413,3,pca_sar,1,2
-0.028454911,3,pca_sar,1,2
-0.034797404,3,pca_sar,1,2
0.0525378,3,pca_sar,1,2
0.10138852,3,pca_sar,1,2
0.096143514,3,pca_sar,1,2
0.085548624,3,pca_sar,1,2
0.028553896,3,pca_sar,1,2
0.022269027,3,pca_sar,1,2
0.07218538,3,pca_sar,1,2
0.06266926,3,pca_sar,1,2
0.0042938925,3,pca_sar,1,2
0.037700277,3,pca_sar,1,2
0.02120991,3,pca_sar,1,2
-0.01426943,3,pca_sar,1,2
0.0937787,3,pca_sar,1,2
0.14965299,3,pca_sar,1,2
0.14634234,3,pca_sar,1,2
0.071759336,3,pca_sar,1,2
-0.050032265,3,pca_sar,1,2
-0.026558697,3,pca_sar,1,2
0.088487186,3,pca_sar,1,2
0.08215076,3,pca_sar,1,2
0.08041439,3,pca_sar,1,2
0.09636423,3,pca_sar,1,2
0.073616475,3,pca_sar,1,2
0.044313725,3,pca_sar,1,2
0.07939665,3,pca_sar,1,2
0.15139386,3,pca_sar,1,2
0.19611448,3,pca_sar,1,2
0.130314,3,pca_sar,1,2
-0.010704865,3,pca_sar,1,2
0.041050732,3,pca_sar,1,2
0.22931048,3,pca_sar,1,2
0.15290472,3,pca_sar,1,2
0.042108223,3,pca_sar,1,2
0.11760909,3,pca_sar,1,2
0.21576641,3,pca_sar,1,2
-0.05601909,3,pca_sar,1,2
0.006430149,3,pca_sar,1,2
0.084043205,3,pca_sar,1,2
0.12276204,3,pca_sar,1,2
0.17389604,3,pca_sar,1,2
0.13152203,3,pca_sar,1,2
-0.002462308,3,pca_sar,1,2
-0.054045327,3,pca_sar,1,2
0.07859246,3,pca_sar,1,2
0.052644588,3,pca_sar,1,2
0.0152820945,3,pca_sar,1,2
0.1597062,3,pca_sar,1,2
0.2697318,3,pca_sar,1,2
0.09222171,3,pca_sar,1,2
0.093879476,3,pca_sar,1,2
0.1596927,3,pca_sar,1,2
0.24332878,3,pca_sar,1,2
0.24624994,3,pca_sar,1,2
0.23142725,3,pca_sar,1,2
0.14716879,3,pca_sar,1,2
0.17683241,3,pca_sar,1,2
0.2347243,3,pca_sar,1,2
0.18085116,3,pca_sar,1,2
0.19015485,3,pca_sar,1,2
0.27763432,3,pca_sar,1,2
0.29842502,3,pca_sar,1,2
0.061856963,3,pca_sar,1,2
0.0118785,3,pca_sar,1,2
-0.0017103599,3,pca_sar,1,2
-0.06220389,3,pca_sar,1,2
0.02425653,3,pca_sar,1,2
-0.06490834,3,pca_sar,1,2
0.0016541407,3,pca_sar,1,2
-0.025989816,3,pca_sar,1,2
0.14844626,3,pca_sar,1,2
0.22504297,3,pca_sar,1,2
0.13879672,3,pca_sar,1,2
0.16321677,3,pca_sar,1,2
0.3977872,3,pca_sar,1,2
0.27603626,3,pca_sar,1,2
0.22449166,3,pca_sar,1,2
0.17309973,7,pca_sar,1,2
0.1413688,7,pca_sar,1,2
0.128636,7,pca_sar,1,2
0.060492724,7,pca_sar,1,2
0.00038546324,7,pca_sar,1,2
0.05111389,7,pca_sar,1,2
0.062120162,7,pca_sar,1,2
0.08717041,7,pca_sar,1,2
0.13135342,7,pca_sar,1,2
0.11899278,7,pca_sar,1,2
0.12605742,7,pca_sar,1,2
0.030155359,7,pca_sar,1,2
0.031655587,7,pca_sar,1,2
0.006519597,7,pca_sar,1,2
-0.012352377,7,pca_sar,1,2
0.13239124,7,pca_sar,1,2
0.096650064,7,pca_sar,1,2
0.12645967,7,pca_sar,1,2
0.1709317,7,pca_sar,1,2
0.18749078,7,pca_sar,1,2
0.050830126,7,pca_sar,1,2
0.044888124,7,pca_sar,1,2
-0.0028031347,7,pca_sar,1,2
0.0712588,7,pca_sar,1,2
0.105503574,7,pca_sar,1,2
0.11022177,7,pca_sar,1,2
0.099380314,7,pca_sar,1,2
0.15903328,7,pca_sar,1,2
0.24201287,7,pca_sar,1,2
0.09087302,7,pca_sar,1,2
0.02728225,7,pca_sar,1,2
-0.031842805,7,pca_sar,1,2
0.062239207,7,pca_sar,1,2
0.11755046,7,pca_sar,1,2
0.124532476,7,pca_sar,1,2
0.13218684,7,pca_sar,1,2
0.14511675,7,pca_sar,1,2
0.17950813,7,pca_sar,1,2
0.06611201,7,pca_sar,1,2
0.07637078,7,pca_sar,1,2
0.049356125,7,pca_sar,1,2
0.020485329,7,pca_sar,1,2
0.15500504,7,pca_sar,1,2
0.1209966,7,pca_sar,1,2
0.12801114,7,pca_sar,1,2
0.15429279,7,pca_sar,1,2
0.13384205,7,pca_sar,1,2
0.07753342,7,pca_sar,1,2
0.09345256,7,pca_sar,1,2
0.023654466,7,pca_sar,1,2
-0.0021662097,7,pca_sar,1,2
0.13090202,7,pca_sar,1,2
0.11221425,7,pca_sar,1,2
0.1087489,7,pca_sar,1,2
0.11377619,7,pca_sar,1,2
0.10170175,7,pca_sar,1,2
0.04875523,7,pca_sar,1,2
0.052224096,7,pca_sar,1,2
0.051147424,7,pca_sar,1,2
0.023768274,7,pca_sar,1,2
0.11081359,7,pca_sar,1,2
0.09903483,7,pca_sar,1,2
0.053465273,7,pca_sar,1,2
0.05021767,7,pca_sar,1,2
0.054473065,7,pca_sar,1,2
-0.0012455788,7,pca_sar,1,2
0.0153489085,7,pca_sar,1,2
0.09663351,7,pca_sar,1,2
0.072564386,7,pca_sar,1,2
0.1335947,3,pca_sar,1,2
0.078616284,3,pca_sar,1,2
-0.0063214265,3,pca_sar,1,2
-0.082302146,3,pca_sar,1,2
0.004993003,3,pca_sar,1,2
0.06564604,3,pca_sar,1,2
-0.007300077,3,pca_sar,1,2
-0.08690782,3,pca_sar,1,2
-0.021902636,3,pca_sar,1,2
0.17249694,3,pca_sar,1,2
0.11879671,3,pca_sar,1,2
0.113368064,3,pca_sar,1,2
-0.020494353,3,pca_sar,1,2
-0.035373643,3,pca_sar,1,2
0.045740195,3,pca_sar,1,2
0.0280439,3,pca_sar,1,2
-0.09213337,3,pca_sar,1,2
-0.08915592,3,pca_sar,1,2
0.14391069,3,pca_sar,1,2
0.046673797,3,pca_sar,1,2
0.03188737,3,pca_sar,1,2
0.030626247,3,pca_sar,1,2
0.008218043,3,pca_sar,1,2
-0.011076622,3,pca_sar,1,2
0.018437613,3,pca_sar,1,2
-0.010604072,3,pca_sar,1,2
-0.055817217,3,pca_sar,1,2
-0.02130504,3,pca_sar,1,2
0.014025848,3,pca_sar,1,2
0.15321064,3,pca_sar,1,2
0.07463751,3,pca_sar,1,2
0.021883637,3,pca_sar,1,2
0.0771676,3,pca_sar,1,2
0.07334712,3,pca_sar,1,2
-0.023125052,3,pca_sar,1,2
0.0036094002,3,pca_sar,1,2
0.08568714,3,pca_sar,1,2
0.050424196,3,pca_sar,1,2
0.012517466,3,pca_sar,1,2
0.07581718,3,pca_sar,1,2
0.0622162,3,pca_sar,1,2
0.07392938,3,pca_sar,1,2
0.07038243,3,pca_sar,1,2
0.05298459,3,pca_sar,1,2
0.06529482,3,pca_sar,1,2
0.03869738,3,pca_sar,1,2
-0.013611706,3,pca_sar,1,2
0.07779042,3,pca_sar,1,2
0.07875195,3,pca_sar,1,2
-0.04889672,3,pca_sar,1,2
-0.019042354,3,pca_sar,1,2
-0.035975188,3,pca_sar,1,2
0.039544947,3,pca_sar,1,2
0.042659037,3,pca_sar,1,2
0.04518065,3,pca_sar,1,2
0.060877867,3,pca_sar,1,2
0.11039699,3,pca_sar,1,2
0.031403664,3,pca_sar,1,2
0.02251685,3,pca_sar,1,2
0.11165835,3,pca_sar,1,2
0.0007941397,3,pca_sar,1,2
-0.09506732,3,pca_sar,1,2
0.0066242963,3,pca_sar,1,2
-0.041398607,3,pca_sar,1,2
-0.020650562,3,pca_sar,1,2
0.075449035,3,pca_sar,1,2
0.09966734,3,pca_sar,1,2
0.063117996,3,pca_sar,1,2
0.0527767,3,pca_sar,1,2
0.059934445,3,pca_sar,1,2
0.016381592,3,pca_sar,1,2
0.09127967,3,pca_sar,1,2
0.04882767,3,pca_sar,1,2
-0.035421982,3,pca_sar,1,2
0.02063299,3,pca_sar,1,2
-0.0047450047,3,pca_sar,1,2
-0.065702796,3,pca_sar,1,2
-0.01606198,3,pca_sar,1,2
0.0708227,3,pca_sar,1,2
0.114656106,3,pca_sar,1,2
0.09511193,3,pca_sar,1,2
0.097973704,3,pca_sar,1,2
0.04077638,3,pca_sar,1,2
0.00033151172,3,pca_sar,1,2
-0.01433029,3,pca_sar,1,2
-0.021613806,3,pca_sar,1,2
-0.006669786,3,pca_sar,1,2
0.019005414,3,pca_sar,1,2
0.11374313,3,pca_sar,1,2
0.12747994,3,pca_sar,1,2
0.11388561,3,pca_sar,1,2
0.067535184,3,pca_sar,1,2
0.0316182,3,pca_sar,1,2
-0.010153834,3,pca_sar,1,2
-0.007996727,3,pca_sar,1,2
-0.11620898,3,pca_sar,1,2
-0.077223,3,pca_sar,1,2
0.054563813,3,pca_sar,1,2
0.077517025,3,pca_sar,1,2
0.094478644,3,pca_sar,1,2
0.10634625,3,pca_sar,1,2
0.0274375,3,pca_sar,1,2
-0.0018445961,3,pca_sar,1,2
-0.031056516,3,pca_sar,1,2
-0.01913088,3,pca_sar,1,2
-0.01953065,3,pca_sar,1,2
-0.041621562,3,pca_sar,1,2
0.115194574,3,pca_sar,1,2
0.074538104,3,pca_sar,1,2
0.1002665,3,pca_sar,1,2
-0.008532608,3,pca_sar,1,2
0.028647173,3,pca_sar,1,2
0.09968071,3,pca_sar,1,2
-0.021702364,3,pca_sar,1,2
0.13488585,3,pca_sar,1,2
0.06672943,3,pca_sar,1,2
0.109583884,3,pca_sar,1,2
0.006970715,3,pca_sar,1,2
0.018325146,3,pca_sar,1,2
0.040113226,3,pca_sar,1,2
-0.07247837,3,pca_sar,1,2
0.06822307,3,pca_sar,1,2
0.0031903796,3,pca_sar,1,2
-0.06430994,3,pca_sar,1,2
0.07429023,3,pca_sar,1,2
0.022314103,3,pca_sar,1,2
-0.011420023,3,pca_sar,1,2
0.051092565,3,pca_sar,1,2
-0.013269611,3,pca_sar,1,2
0.07277166,3,pca_sar,1,2
0.027589554,3,pca_sar,1,2
-0.004217714,3,pca_sar,1,2
-0.053658694,3,pca_sar,1,2
0.1216212,7,pca_sar,1,2
0.13455158,7,pca_sar,1,2
0.095600314,7,pca_sar,1,2
0.07703781,7,pca_sar,1,2
0.05522847,7,pca_sar,1,2
0.09983942,7,pca_sar,1,2
0.029817801,7,pca_sar,1,2
0.15521026,7,pca_sar,1,2
0.13729751,7,pca_sar,1,2
0.097372174,7,pca_sar,1,2
0.043916456,7,pca_sar,1,2
0.021024331,7,pca_sar,1,2
0.02279675,7,pca_sar,1,2
0.065913476,7,pca_sar,1,2
-0.0043434147,7,pca_sar,1,2
0.13986187,7,pca_sar,1,2
0.13758862,7,pca_sar,1,2
0.12390299,7,pca_sar,1,2
0.07604316,7,pca_sar,1,2
0.022763118,7,pca_sar,1,2
0.030874468,7,pca_sar,1,2
0.02725837,7,pca_sar,1,2
0.05631811,7,pca_sar,1,2
0.034547664,7,pca_sar,1,2
-0.00026633404,7,pca_sar,1,2
-0.15206924,7,pca_sar,1,2
0.17369315,7,pca_sar,1,2
0.1311647,7,pca_sar,1,2
0.12673192,7,pca_sar,1,2
0.08195022,7,pca_sar,1,2
0.035627052,7,pca_sar,1,2
0.04799279,7,pca_sar,1,2
0.018386394,7,pca_sar,1,2
0.03331535,7,pca_sar,1,2
0.0830749,7,pca_sar,1,2
-0.03318524,7,pca_sar,1,2
-0.027397979,7,pca_sar,1,2
0.2074778,7,pca_sar,1,2
0.11882323,7,pca_sar,1,2
0.11862439,7,pca_sar,1,2
0.106083564,7,pca_sar,1,2
0.08102697,7,pca_sar,1,2
0.0835561,7,pca_sar,1,2
0.043085083,7,pca_sar,1,2
0.10363245,7,pca_sar,1,2
0.03679378,7,pca_sar,1,2
-0.004970908,7,pca_sar,1,2
0.0040641045,7,pca_sar,1,2
0.22467603,7,pca_sar,1,2
0.118286446,7,pca_sar,1,2
0.11507794,7,pca_sar,1,2
0.18654293,7,pca_sar,1,2
0.13665083,7,pca_sar,1,2
0.10249777,7,pca_sar,1,2
0.04314491,7,pca_sar,1,2
0.1177838,7,pca_sar,1,2
0.079344004,7,pca_sar,1,2
-0.03526219,7,pca_sar,1,2
-0.063432336,7,pca_sar,1,2
0.1858559,7,pca_sar,1,2
0.15168792,7,pca_sar,1,2
0.12118645,7,pca_sar,1,2
0.21849823,7,pca_sar,1,2
0.17869736,7,pca_sar,1,2
0.10388209,7,pca_sar,1,2
0.03245642,7,pca_sar,1,2
0.17700824,7,pca_sar,1,2
0.12472239,7,pca_sar,1,2
0.06757665,7,pca_sar,1,2
0.024758058,7,pca_sar,1,2
0.05657494,7,pca_sar,1,2
0.011535332,7,pca_sar,1,2
-0.09772893,7,pca_sar,1,2
-0.0056014294,7,pca_sar,1,2
0.005309552,7,pca_sar,1,2
0.08472467,7,pca_sar,1,2
0.1268975,7,pca_sar,1,2
0.12776324,7,pca_sar,1,2
0.101873375,7,pca_sar,1,2
0.16277017,7,pca_sar,1,2
0.13098359,7,pca_sar,1,2
0.045331374,7,pca_sar,1,2
0.015779048,7,pca_sar,1,2
0.22680362,7,pca_sar,1,2
0.164294,7,pca_sar,1,2
-0.05503977,7,pca_sar,1,2
-0.07013576,7,pca_sar,1,2
0.006574847,7,pca_sar,1,2
0.05273948,7,pca_sar,1,2
-0.06678189,7,pca_sar,1,2
-0.06773217,7,pca_sar,1,2
-0.043621283,7,pca_sar,1,2
-0.03167778,7,pca_sar,1,2
-0.045139793,7,pca_sar,1,2
-0.0091509335,7,pca_sar,1,2
-0.0667074,7,pca_sar,1,2
-0.05787772,7,pca_sar,1,2
-0.050401837,7,pca_sar,1,2
-0.0076374,7,pca_sar,1,2
0.022063421,7,pca_sar,1,2
-0.09827731,7,pca_sar,1,2
-0.08703746,7,pca_sar,1,2
-0.11187445,7,pca_sar,1,2
-0.071820416,7,pca_sar,1,2
-0.011707227,7,pca_sar,1,2
-0.0067337453,7,pca_sar,1,2
0.08674056,7,pca_sar,1,2
0.19339824,7,pca_sar,1,2
-0.050879046,7,pca_sar,1,2
-0.017252859,7,pca_sar,1,2
-0.07632908,7,pca_sar,1,2
-0.015606504,7,pca_sar,1,2
0.050757162,7,pca_sar,1,2
0.12905547,7,pca_sar,1,2
0.05167329,7,pca_sar,1,2
0.11114541,7,pca_sar,1,2
0.038524874,7,pca_sar,1,2
-0.099902615,7,pca_sar,1,2
0.017219035,7,pca_sar,1,2
0.069201484,7,pca_sar,1,2
-0.0021795565,7,pca_sar,1,2
0.08688837,7,pca_sar,1,2
-0.061517633,7,pca_sar,1,2
0.1439811,3,pca_sar,1,2
0.08563529,3,pca_sar,1,2
0.053375367,3,pca_sar,1,2
-0.046252623,3,pca_sar,1,2
0.03482929,3,pca_sar,1,2
0.083859675,3,pca_sar,1,2
0.010179078,3,pca_sar,1,2
-0.063579194,3,pca_sar,1,2
0.013516477,3,pca_sar,1,2
0.059908092,7,pca_sar,1,2
0.05504369,7,pca_sar,1,2
0.16925031,3,pca_sar,1,2
0.08269019,3,pca_sar,1,2
0.030735606,3,pca_sar,1,2
-0.03352141,3,pca_sar,1,2
0.04208915,3,pca_sar,1,2
0.065947026,3,pca_sar,1,2
0.085427575,3,pca_sar,1,2
-0.011988252,3,pca_sar,1,2
-0.071668,3,pca_sar,1,2
0.16560088,3,pca_sar,1,2
0.09481858,3,pca_sar,1,2
0.019967463,3,pca_sar,1,2
0.063489646,3,pca_sar,1,2
0.044926237,3,pca_sar,1,2
0.022484021,3,pca_sar,1,2
0.08593784,3,pca_sar,1,2
0.09996365,3,pca_sar,1,2
-0.018619068,3,pca_sar,1,2
0.022767289,3,pca_sar,1,2
0.07283376,3,pca_sar,1,2
0.13668129,3,pca_sar,1,2
0.045742024,3,pca_sar,1,2
0.0016025305,3,pca_sar,1,2
0.1523413,3,pca_sar,1,2
0.08552395,3,pca_sar,1,2
0.01665202,3,pca_sar,1,2
0.060384452,3,pca_sar,1,2
0.1459162,3,pca_sar,1,2
-0.006225784,3,pca_sar,1,2
0.018105492,3,pca_sar,1,2
0.1217726,3,pca_sar,1,2
0.018240577,3,pca_sar,1,2
0.08307183,3,pca_sar,1,2
0.048744235,3,pca_sar,1,2
-0.010334905,3,pca_sar,1,2
0.04331831,3,pca_sar,1,2
0.048665226,3,pca_sar,1,2
-0.0033455472,3,pca_sar,1,2
0.063100606,3,pca_sar,1,2
0.08661208,3,pca_sar,1,2
-0.023811378,3,pca_sar,1,2
0.016628377,3,pca_sar,1,2
0.08669887,3,pca_sar,1,2
-0.012622081,3,pca_sar,1,2
0.081006385,3,pca_sar,1,2
0.090810575,3,pca_sar,1,2
0.073792025,3,pca_sar,1,2
0.056336783,3,pca_sar,1,2
0.018751133,3,pca_sar,1,2
0.012105919,3,pca_sar,1,2
0.09012746,3,pca_sar,1,2
0.03892063,3,pca_sar,1,2
-0.054262515,3,pca_sar,1,2
-0.0076349387,3,pca_sar,1,2
-0.049463388,3,pca_sar,1,2
0.10672146,3,pca_sar,1,2
0.119048454,3,pca_sar,1,2
0.13607441,3,pca_sar,1,2
0.11288564,3,pca_sar,1,2
0.0939085,3,pca_sar,1,2
0.0402331,3,pca_sar,1,2
-0.028857931,3,pca_sar,1,2
0.08179355,3,pca_sar,1,2
0.1375587,3,pca_sar,1,2
0.042833105,3,pca_sar,1,2
0.050044168,3,pca_sar,1,2
0.049464453,3,pca_sar,1,2
-0.019934852,3,pca_sar,1,2
0.13448893,3,pca_sar,1,2
0.12616622,3,pca_sar,1,2
0.12998834,3,pca_sar,1,2
0.10947854,3,pca_sar,1,2
0.10075225,3,pca_sar,1,2
0.027411249,3,pca_sar,1,2
-0.046950325,3,pca_sar,1,2
0.038357303,3,pca_sar,1,2
0.04548418,3,pca_sar,1,2
0.041601203,3,pca_sar,1,2
0.080317795,3,pca_sar,1,2
0.149063,3,pca_sar,1,2
0.109304145,3,pca_sar,1,2
0.14561716,3,pca_sar,1,2
0.051683716,3,pca_sar,1,2
-0.0046591274,3,pca_sar,1,2
-0.08893838,3,pca_sar,1,2
-0.07043144,3,pca_sar,1,2
-0.07875223,3,pca_sar,1,2
-0.08793104,3,pca_sar,1,2
-0.050341323,3,pca_sar,1,2
0.12470329,3,pca_sar,1,2
0.09805664,3,pca_sar,1,2
0.12239899,3,pca_sar,1,2
0.006595619,3,pca_sar,1,2
-0.06624257,3,pca_sar,1,2
-0.105752274,3,pca_sar,1,2
-0.05739744,3,pca_sar,1,2
-0.036859553,3,pca_sar,1,2
-0.08035987,3,pca_sar,1,2
0.16539517,3,pca_sar,1,2
0.092582546,3,pca_sar,1,2
0.123755254,3,pca_sar,1,2
-0.013331694,3,pca_sar,1,2
-0.0009181537,3,pca_sar,1,2
0.068063036,3,pca_sar,1,2
-0.08217427,3,pca_sar,1,2
0.14251797,3,pca_sar,1,2
0.09044243,3,pca_sar,1,2
0.110084094,3,pca_sar,1,2
-0.04665087,3,pca_sar,1,2
-0.090615004,3,pca_sar,1,2
-0.025066737,3,pca_sar,1,2
-0.13392292,3,pca_sar,1,2
0.15630367,3,pca_sar,1,2
0.05204042,3,pca_sar,1,2
-0.082118124,3,pca_sar,1,2
-0.035135962,3,pca_sar,1,2
-0.022402294,3,pca_sar,1,2
-0.0728488,3,pca_sar,1,2
0.00037599728,3,pca_sar,1,2
-0.040154345,3,pca_sar,1,2
-0.02020996,3,pca_sar,1,2
3.3535063e-05,3,pca_sar,1,2
0.044050533,3,pca_sar,1,2
-0.0056812353,3,pca_sar,1,2
-0.058694758,7,pca_sar,1,2
-0.11762756,7,pca_sar,1,2
-0.04242412,7,pca_sar,1,2
0.026039312,7,pca_sar,1,2
0.0067754723,7,pca_sar,1,2
0.06932429,7,pca_sar,1,2
-0.03441701,7,pca_sar,1,2
0.022370577,7,pca_sar,1,2
0.040281415,7,pca_sar,1,2
0.0060012415,7,pca_sar,1,2
0.018834013,7,pca_sar,1,2
0.013941161,7,pca_sar,1,2
0.006063517,7,pca_sar,1,2
0.06767334,7,pca_sar,1,2
0.08756288,7,pca_sar,1,2
0.05752095,7,pca_sar,1,2
-0.036333345,7,pca_sar,1,2
-0.055535793,7,pca_sar,1,2
-0.033552717,7,pca_sar,1,2
-0.0709656,7,pca_sar,1,2
-0.07675384,7,pca_sar,1,2
-0.022232428,7,pca_sar,1,2
-0.0031088404,7,pca_sar,1,2
-0.040156577,7,pca_sar,1,2
0.0636708,7,pca_sar,1,2
-0.027779134,7,pca_sar,1,2
-0.054667573,7,pca_sar,1,2
-0.024674134,7,pca_sar,1,2
-0.04091786,7,pca_sar,1,2
-0.06454439,7,pca_sar,1,2
0.16680136,7,pca_sar,1,2
-0.04674336,7,pca_sar,1,2
-0.07061682,7,pca_sar,1,2
-0.06657332,7,pca_sar,1,2
-0.036218137,7,pca_sar,1,2
0.0025482671,7,pca_sar,1,2
0.04019094,7,pca_sar,1,2
0.14988527,7,pca_sar,1,2
0.06899252,7,pca_sar,1,2
-0.061023805,7,pca_sar,1,2
-0.0569639,7,pca_sar,1,2
-0.088730514,7,pca_sar,1,2
-0.042162746,7,pca_sar,1,2
0.028230052,7,pca_sar,1,2
-0.050884783,7,pca_sar,1,2
-0.0035139844,7,pca_sar,1,2
-0.00041900948,7,pca_sar,1,2
-0.060174532,7,pca_sar,1,2
-0.017710496,7,pca_sar,1,2
0.0050797705,7,pca_sar,1,2
-0.061685875,7,pca_sar,1,2
-0.017967079,7,pca_sar,1,2
0.0007582754,7,pca_sar,1,2
-0.04068637,7,pca_sar,1,2
0.03981411,7,pca_sar,1,2
0.06018561,7,pca_sar,1,2
0.1498484,5,pca_sar,1,2
0.13637191,5,pca_sar,1,2
0.11908534,5,pca_sar,1,2
0.16616166,5,pca_sar,1,2
0.16651608,5,pca_sar,1,2
0.2239769,5,pca_sar,1,2
0.15866345,5,pca_sar,1,2
0.25351763,5,pca_sar,1,2
0.21147966,5,pca_sar,1,2
0.31478375,5,pca_sar,1,2
0.30717587,5,pca_sar,1,2
0.2602168,5,pca_sar,1,2
0.29059154,5,pca_sar,1,2
0.3120877,5,pca_sar,1,2
0.30213898,5,pca_sar,1,2
0.27590704,5,pca_sar,1,2
0.33407313,5,pca_sar,1,2
0.2590716,5,pca_sar,1,2
0.2771442,5,pca_sar,1,2
0.3339731,5,pca_sar,1,2
0.3374853,5,pca_sar,1,2
0.3608347,5,pca_sar,1,2
0.38303244,5,pca_sar,1,2
0.2785651,5,pca_sar,1,2
0.3333643,5,pca_sar,1,2
0.38547266,5,pca_sar,1,2
0.34395874,5,pca_sar,1,2
0.3400225,5,pca_sar,1,2
0.35532206,5,pca_sar,1,2
0.26288188,5,pca_sar,1,2
0.28351355,5,pca_sar,1,2
0.3119249,5,pca_sar,1,2
0.28710556,5,pca_sar,1,2
0.36523134,5,pca_sar,1,2
0.37813687,5,pca_sar,1,2
0.26463732,5,pca_sar,1,2
0.26532102,5,pca_sar,1,2
0.3074782,5,pca_sar,1,2
0.31159973,5,pca_sar,1,2
0.3730337,5,pca_sar,1,2
0.23748134,5,pca_sar,1,2
0.2568561,5,pca_sar,1,2
0.31839028,5,pca_sar,1,2
0.3044904,5,pca_sar,1,2
0.31112552,5,pca_sar,1,2
0.15877597,5,pca_sar,1,2
0.22996402,5,pca_sar,1,2
0.22495085,5,pca_sar,1,2
0.2658403,5,pca_sar,1,2
0.12546243,5,pca_sar,1,2
0.17368752,5,pca_sar,1,2
0.17996764,5,pca_sar,1,2
0.22399852,5,pca_sar,1,2
0.08449552,5,pca_sar,1,2
0.17543006,5,pca_sar,1,2
0.18828414,5,pca_sar,1,2
0.23116766,5,pca_sar,1,2
0.21770403,5,pca_sar,1,2
0.24072298,5,pca_sar,1,2
0.20979786,5,pca_sar,1,2
0.19621696,5,pca_sar,1,2
0.18352297,5,pca_sar,1,2
0.2133322,5,pca_sar,1,2
0.19800605,5,pca_sar,1,2
0.25925314,5,pca_sar,1,2
0.24830854,5,pca_sar,1,2
0.25455457,5,pca_sar,1,2
0.2464304,5,pca_sar,1,2
0.2250902,5,pca_sar,1,2
0.22828183,5,pca_sar,1,2
0.1733416,5,pca_sar,1,2
0.2078017,5,pca_sar,1,2
0.20043789,5,pca_sar,1,2
0.22067659,5,pca_sar,1,2
0.25906315,5,pca_sar,1,2
0.10391555,5,pca_sar,1,2
0.19024348,5,pca_sar,1,2
0.25667396,5,pca_sar,1,2
0.259796,5,pca_sar,1,2
0.19484739,5,pca_sar,1,2
0.21739207,5,pca_sar,1,2
0.101766415,5,pca_sar,1,2
0.18321821,5,pca_sar,1,2
0.2679016,5,pca_sar,1,2
0.27410263,5,pca_sar,1,2
0.23610467,5,pca_sar,1,2
0.30295458,5,pca_sar,1,2
0.14938164,5,pca_sar,1,2
0.22220111,5,pca_sar,1,2
0.21990927,5,pca_sar,1,2
0.17915733,5,pca_sar,1,2
0.24202594,5,pca_sar,1,2
0.29649407,5,pca_sar,1,2
0.17878446,5,pca_sar,1,2
0.2483395,5,pca_sar,1,2
0.19523643,5,pca_sar,1,2
0.16697444,5,pca_sar,1,2
0.22035983,5,pca_sar,1,2
0.15964253,5,pca_sar,1,2
0.18630318,5,pca_sar,1,2
0.2147456,5,pca_sar,1,2
0.23301739,5,pca_sar,1,2
0.26964986,5,pca_sar,1,2
0.20307222,5,pca_sar,1,2
0.22546121,5,pca_sar,1,2
0.2027846,5,pca_sar,1,2
0.21087301,5,pca_sar,1,2
0.25542194,5,pca_sar,1,2
0.21364209,5,pca_sar,1,2
0.19949123,5,pca_sar,1,2
0.24273048,5,pca_sar,1,2
0.23480819,5,pca_sar,1,2
0.18325707,5,pca_sar,1,2
0.19652829,5,pca_sar,1,2
0.18126279,5,pca_sar,1,2
0.19767432,5,pca_sar,1,2
0.022086602,3,pca_sar,1,2
0.039059967,3,pca_sar,1,2
0.08626541,3,pca_sar,1,2
0.050413743,3,pca_sar,1,2
0.25299263,3,pca_sar,1,2
0.17131053,3,pca_sar,1,2
0.1139794,3,pca_sar,1,2
0.070892304,3,pca_sar,1,2
0.07469146,3,pca_sar,1,2
0.16683912,3,pca_sar,1,2
0.12472194,3,pca_sar,1,2
0.076936916,3,pca_sar,1,2
-0.015654903,3,pca_sar,1,2
-0.00024654903,3,pca_sar,1,2
0.102700405,3,pca_sar,1,2
0.07984725,3,pca_sar,1,2
0.067169614,3,pca_sar,1,2
0.05203221,3,pca_sar,1,2
0.068662226,3,pca_sar,1,2
0.015875787,3,pca_sar,1,2
0.035060715,3,pca_sar,1,2
0.04729504,3,pca_sar,1,2
0.051033035,3,pca_sar,1,2
0.08371006,3,pca_sar,1,2
0.048072144,3,pca_sar,1,2
0.106461324,3,pca_sar,1,2
0.08318983,3,pca_sar,1,2
0.18024585,3,pca_sar,1,2
0.030538648,3,pca_sar,1,2
0.05537015,3,pca_sar,1,2
0.10292667,3,pca_sar,1,2
0.086525366,3,pca_sar,1,2
0.04853264,3,pca_sar,1,2
0.10680984,3,pca_sar,1,2
0.05578789,3,pca_sar,1,2
0.14629295,3,pca_sar,1,2
0.0017292709,3,pca_sar,1,2
-0.03545635,3,pca_sar,1,2
0.041592088,3,pca_sar,1,2
0.120065674,3,pca_sar,1,2
0.0881352,3,pca_sar,1,2
0.07167891,3,pca_sar,1,2
0.014703874,3,pca_sar,1,2
0.003372971,3,pca_sar,1,2
0.005878452,3,pca_sar,1,2
0.157587,3,pca_sar,1,2
-0.010688599,3,pca_sar,1,2
-0.042320605,3,pca_sar,1,2
0.037767947,3,pca_sar,1,2
0.06166969,3,pca_sar,1,2
0.026536997,3,pca_sar,1,2
0.056608662,3,pca_sar,1,2
0.082199074,3,pca_sar,1,2
0.03304413,3,pca_sar,1,2
0.08617925,3,pca_sar,1,2
0.22834364,3,pca_sar,1,2
-0.023472935,3,pca_sar,1,2
-0.021638118,3,pca_sar,1,2
0.031877063,3,pca_sar,1,2
0.030930744,3,pca_sar,1,2
0.015009398,3,pca_sar,1,2
0.027829576,3,pca_sar,1,2
0.10707307,3,pca_sar,1,2
0.07658515,3,pca_sar,1,2
0.16021903,3,pca_sar,1,2
0.24206775,3,pca_sar,1,2
-0.067963116,3,pca_sar,1,2
-0.07601479,3,pca_sar,1,2
0.018639645,3,pca_sar,1,2
0.08997941,3,pca_sar,1,2
0.04778307,3,pca_sar,1,2
0.023556251,3,pca_sar,1,2
-0.0056299046,3,pca_sar,1,2
-0.03956283,3,pca_sar,1,2
0.044819582,3,pca_sar,1,2
0.14775574,3,pca_sar,1,2
0.02195346,3,pca_sar,1,2
-0.06598519,3,pca_sar,1,2
0.07431945,3,pca_sar,1,2
0.099670455,3,pca_sar,1,2
0.058305517,3,pca_sar,1,2
0.07293811,3,pca_sar,1,2
0.023141624,3,pca_sar,1,2
-0.015904512,3,pca_sar,1,2
0.0059048627,3,pca_sar,1,2
0.12533231,3,pca_sar,1,2
-0.012422668,3,pca_sar,1,2
0.01474943,3,pca_sar,1,2
0.0042854147,3,pca_sar,1,2
0.02816374,3,pca_sar,1,2
0.03251922,3,pca_sar,1,2
0.04105425,3,pca_sar,1,2
0.03674248,3,pca_sar,1,2
-0.015290281,3,pca_sar,1,2
-0.006833816,3,pca_sar,1,2
0.1660127,3,pca_sar,1,2
-0.02372139,3,pca_sar,1,2
-0.027550463,3,pca_sar,1,2
0.023681603,3,pca_sar,1,2
0.0640458,3,pca_sar,1,2
0.08350253,3,pca_sar,1,2
0.034189165,3,pca_sar,1,2
0.07849653,3,pca_sar,1,2
0.24147879,3,pca_sar,1,2
0.027431555,3,pca_sar,1,2
0.0024512298,3,pca_sar,1,2
-0.06798813,3,pca_sar,1,2
0.02531736,3,pca_sar,1,2
0.10309732,3,pca_sar,1,2
0.063906014,3,pca_sar,1,2
0.08157995,3,pca_sar,1,2
0.22746152,3,pca_sar,1,2
0.032444872,3,pca_sar,1,2
-0.06172901,3,pca_sar,1,2
-0.00020084344,3,pca_sar,1,2
0.08601318,3,pca_sar,1,2
0.053942397,3,pca_sar,1,2
0.093365565,3,pca_sar,1,2
0.27155137,3,pca_sar,1,2
0.04816856,3,pca_sar,1,2
0.059179075,3,pca_sar,1,2
0.080269314,3,pca_sar,1,2
0.114194855,3,pca_sar,1,2
0.2641906,3,pca_sar,1,2
0.07650063,3,pca_sar,1,2
0.0830446,3,pca_sar,1,2
0.09204358,3,pca_sar,1,2
0.123528086,3,pca_sar,1,2
0.2630006,3,pca_sar,1,2
0.03324522,3,pca_sar,1,2
0.07971197,3,pca_sar,1,2
0.10427964,3,pca_sar,1,2
0.102616854,3,pca_sar,1,2
0.08321165,3,pca_sar,1,2
0.1442208,3,pca_sar,1,2
0.11046393,3,pca_sar,1,2
-0.008684186,3,pca_sar,1,2
-0.06794176,3,pca_sar,1,2
0.044687957,3,pca_sar,1,2
0.11972512,3,pca_sar,1,2
0.08247859,3,pca_sar,1,2
0.00797303,3,pca_sar,1,2
0.046570204,3,pca_sar,1,2
-0.0021527708,3,pca_sar,1,2
-0.021792155,3,pca_sar,1,2
0.07192446,3,pca_sar,1,2
0.13191873,3,pca_sar,1,2
0.13906652,3,pca_sar,1,2
0.066227406,3,pca_sar,1,2
0.010149654,3,pca_sar,1,2
0.06762007,3,pca_sar,1,2
0.058271594,3,pca_sar,1,2
0.069496155,3,pca_sar,1,2
0.15848337,3,pca_sar,1,2
0.14468582,3,pca_sar,1,2
0.095390856,3,pca_sar,1,2
0.047733467,3,pca_sar,1,2
-0.06374787,3,pca_sar,1,2
-0.014003314,3,pca_sar,1,2
0.032198664,3,pca_sar,1,2
0.013195628,3,pca_sar,1,2
-0.010827826,3,pca_sar,1,2
0.13338423,3,pca_sar,1,2
0.122134745,3,pca_sar,1,2
0.018801454,3,pca_sar,1,2
0.042984813,3,pca_sar,1,2
0.021032311,3,pca_sar,1,2
-0.0840576,3,pca_sar,1,2
-0.05230458,3,pca_sar,1,2
-0.017421901,3,pca_sar,1,2
0.06488184,3,pca_sar,1,2
0.058002435,3,pca_sar,1,2
0.04669905,3,pca_sar,1,2
0.070646614,3,pca_sar,1,2
0.03245283,3,pca_sar,1,2
-0.009170362,3,pca_sar,1,2
0.03245624,3,pca_sar,1,2
0.010682808,3,pca_sar,1,2
-0.015742434,3,pca_sar,1,2
-0.06126145,3,pca_sar,1,2
-0.034251988,3,pca_sar,1,2
0.050020073,3,pca_sar,1,2
0.08854443,3,pca_sar,1,2
0.04843876,3,pca_sar,1,2
0.06602022,3,pca_sar,1,2
0.056018732,3,pca_sar,1,2
-0.03374978,3,pca_sar,1,2
0.058111012,3,pca_sar,1,2
0.064722404,3,pca_sar,1,2
0.05193969,3,pca_sar,1,2
0.01305856,3,pca_sar,1,2
-0.034060616,3,pca_sar,1,2
-0.026353102,3,pca_sar,1,2
0.049105607,3,pca_sar,1,2
0.11520955,3,pca_sar,1,2
0.08877644,3,pca_sar,1,2
0.12004506,3,pca_sar,1,2
0.09959239,3,pca_sar,1,2
0.06786387,3,pca_sar,1,2
0.1997631,3,pca_sar,1,2
0.12591356,3,pca_sar,1,2
0.019445773,3,pca_sar,1,2
-0.023634588,3,pca_sar,1,2
0.11314055,3,pca_sar,1,2
-0.06778704,3,pca_sar,1,2
-0.07762515,3,pca_sar,1,2
0.00071063265,3,pca_sar,1,2
0.04498836,3,pca_sar,1,2
0.05873972,3,pca_sar,1,2
0.09550905,3,pca_sar,1,2
0.041055486,3,pca_sar,1,2
0.014042303,3,pca_sar,1,2
0.07243314,3,pca_sar,1,2
0.0084609,3,pca_sar,1,2
-0.04204644,3,pca_sar,1,2
0.03904872,3,pca_sar,1,2
0.16836438,3,pca_sar,1,2
-0.010736112,3,pca_sar,1,2
-0.04013336,3,pca_sar,1,2
0.04543596,3,pca_sar,1,2
0.06000355,3,pca_sar,1,2
0.070002995,3,pca_sar,1,2
0.10136865,3,pca_sar,1,2
0.0913375,3,pca_sar,1,2
0.07276624,3,pca_sar,1,2
0.07178386,3,pca_sar,1,2
0.043769315,3,pca_sar,1,2
0.048284367,3,pca_sar,1,2
0.07412426,3,pca_sar,1,2
0.0561827,3,pca_sar,1,2
0.063281804,3,pca_sar,1,2
0.06439577,3,pca_sar,1,2
0.037454076,3,pca_sar,1,2
0.026090732,3,pca_sar,1,2
0.04436393,3,pca_sar,1,2
0.12630643,3,pca_sar,1,2
0.07810305,3,pca_sar,1,2
0.038434636,3,pca_sar,1,2
0.017041449,3,pca_sar,1,2
0.001974525,3,pca_sar,1,2
-0.02364337,3,pca_sar,1,2
-0.0044603627,3,pca_sar,1,2
0.017244399,3,pca_sar,1,2
0.008207761,3,pca_sar,1,2
0.0254092,3,pca_sar,1,2
0.044534348,3,pca_sar,1,2
0.12780313,3,pca_sar,1,2
0.08331427,3,pca_sar,1,2
0.024878256,3,pca_sar,1,2
0.021328887,3,pca_sar,1,2
0.04942958,3,pca_sar,1,2
0.035238273,3,pca_sar,1,2
0.10249304,3,pca_sar,1,2
0.09729101,3,pca_sar,1,2
0.05402928,3,pca_sar,1,2
0.09094778,3,pca_sar,1,2
0.009964347,3,pca_sar,1,2
0.0924938,3,pca_sar,1,2
0.08632919,3,pca_sar,1,2
0.027890638,3,pca_sar,1,2
0.10015244,3,pca_sar,1,2
0.16512875,3,pca_sar,1,2
0.08353417,3,pca_sar,1,2
0.15184018,3,pca_sar,1,2
0.014900663,3,pca_sar,1,2
-0.024950033,3,pca_sar,1,2
0.034946356,3,pca_sar,1,2
0.053855363,3,pca_sar,1,2
0.022578165,3,pca_sar,1,2
0.052182205,3,pca_sar,1,2
0.097141534,3,pca_sar,1,2
0.059552334,3,pca_sar,1,2
0.12610848,3,pca_sar,1,2
0.10871342,3,pca_sar,1,2
0.08183111,3,pca_sar,1,2
0.073106274,3,pca_sar,1,2
0.077678405,3,pca_sar,1,2
0.15154889,3,pca_sar,1,2
0.17271158,3,pca_sar,1,2
0.13441451,3,pca_sar,1,2
0.09119624,3,pca_sar,1,2
0.06942052,3,pca_sar,1,2
0.029003382,3,pca_sar,1,2
0.07394335,3,pca_sar,1,2
0.068277,3,pca_sar,1,2
-0.026781207,3,pca_sar,1,2
0.0075415783,3,pca_sar,1,2
-0.10441139,3,pca_sar,1,2
-0.075689584,3,pca_sar,1,2
-0.16234146,3,pca_sar,1,2
0.1194794,3,pca_sar,1,2
-0.058789093,3,pca_sar,1,2
-0.035696477,3,pca_sar,1,2
0.15482566,3,pca_sar,1,2
0.009493303,3,pca_sar,1,2
0.005137464,3,pca_sar,1,2
-0.0015121661,3,pca_sar,1,2
0.019222211,3,pca_sar,1,2
-0.030804224,3,pca_sar,1,2
-0.07540192,3,pca_sar,1,2
0.066900626,3,pca_sar,1,2
0.052938767,3,pca_sar,1,2
0.014439098,3,pca_sar,1,2
0.11518966,3,pca_sar,1,2
0.07461198,3,pca_sar,1,2
0.122597314,3,pca_sar,1,2
0.07309665,3,pca_sar,1,2
0.24826641,3,pca_sar,1,2
0.09415579,3,pca_sar,1,2
0.2244685,3,pca_sar,1,2
0.043196414,3,pca_sar,1,2
0.16754681,3,pca_sar,1,2
0.063170195,3,pca_sar,1,2
0.20115837,3,pca_sar,1,2
0.14448783,7,pca_sar,1,2
0.14588225,7,pca_sar,1,2
0.17934714,7,pca_sar,1,2
0.19334917,7,pca_sar,1,2
0.22499509,7,pca_sar,1,2
0.21707079,7,pca_sar,1,2
0.19730373,7,pca_sar,1,2
0.1876925,7,pca_sar,1,2
0.15012693,7,pca_sar,1,2
0.071876235,7,pca_sar,1,2
0.058956623,7,pca_sar,1,2
0.076706044,7,pca_sar,1,2
0.12524356,7,pca_sar,1,2
0.16318852,7,pca_sar,1,2
0.103500575,7,pca_sar,1,2
0.0033974648,7,pca_sar,1,2
0.062474344,7,pca_sar,1,2
0.106208,7,pca_sar,1,2
0.13667801,7,pca_sar,1,2
0.05782249,7,pca_sar,1,2
0.09226202,7,pca_sar,1,2
0.09827861,7,pca_sar,1,2
0.078737,7,pca_sar,1,2
0.022097347,7,pca_sar,1,2
-0.020501882,7,pca_sar,1,2
0.03713695,7,pca_sar,1,2
0.10832112,7,pca_sar,1,2
0.17392768,7,pca_sar,1,2
0.056921713,7,pca_sar,1,2
0.077492945,7,pca_sar,1,2
0.07734742,7,pca_sar,1,2
0.07241009,7,pca_sar,1,2
0.028221615,7,pca_sar,1,2
0.010163444,7,pca_sar,1,2
0.067444295,7,pca_sar,1,2
0.0679273,7,pca_sar,1,2
0.16899586,7,pca_sar,1,2
0.064474255,7,pca_sar,1,2
0.07367003,7,pca_sar,1,2
0.06629563,7,pca_sar,1,2
0.06248995,7,pca_sar,1,2
0.029592594,7,pca_sar,1,2
0.034673497,7,pca_sar,1,2
0.04250299,7,pca_sar,1,2
0.028793834,7,pca_sar,1,2
0.13947162,3,pca_sar,1,2
0.1060321,3,pca_sar,1,2
0.040496133,3,pca_sar,1,2
-0.014756875,3,pca_sar,1,2
0.018764928,3,pca_sar,1,2
0.054483097,3,pca_sar,1,2
0.091250926,3,pca_sar,1,2
-0.063721724,3,pca_sar,1,2
-0.107947946,3,pca_sar,1,2
0.252905,3,pca_sar,1,2
0.16129515,3,pca_sar,1,2
0.026847873,3,pca_sar,1,2
-0.08169096,3,pca_sar,1,2
-0.02713943,3,pca_sar,1,2
0.03278911,3,pca_sar,1,2
0.097682826,3,pca_sar,1,2
-0.011922294,3,pca_sar,1,2
-0.10536626,3,pca_sar,1,2
0.14018925,3,pca_sar,1,2
0.08099699,3,pca_sar,1,2
-0.027110957,3,pca_sar,1,2
-0.023474399,3,pca_sar,1,2
0.0038907733,3,pca_sar,1,2
-0.039842825,3,pca_sar,1,2
0.041094452,3,pca_sar,1,2
0.08516933,3,pca_sar,1,2
0.012133838,3,pca_sar,1,2
0.031510454,3,pca_sar,1,2
0.07824755,3,pca_sar,1,2
0.11395912,3,pca_sar,1,2
0.048047513,3,pca_sar,1,2
-0.018731229,3,pca_sar,1,2
0.07721806,3,pca_sar,1,2
0.052850064,3,pca_sar,1,2
-0.015777953,3,pca_sar,1,2
0.0029655453,3,pca_sar,1,2
0.08285046,3,pca_sar,1,2
-0.030092046,3,pca_sar,1,2
0.051390857,3,pca_sar,1,2
0.12550882,3,pca_sar,1,2
0.07077273,3,pca_sar,1,2
0.0911777,3,pca_sar,1,2
0.0050588436,3,pca_sar,1,2
-0.05510091,3,pca_sar,1,2
0.082979776,3,pca_sar,1,2
0.05252563,3,pca_sar,1,2
-0.018105473,3,pca_sar,1,2
0.07379642,3,pca_sar,1,2
0.07975143,3,pca_sar,1,2
-0.0464179,3,pca_sar,1,2
0.05457025,3,pca_sar,1,2
0.07254466,3,pca_sar,1,2
0.10272886,3,pca_sar,1,2
0.091907054,3,pca_sar,1,2
0.022897914,3,pca_sar,1,2
-0.060174562,3,pca_sar,1,2
0.062224075,3,pca_sar,1,2
-0.007931111,3,pca_sar,1,2
0.05713221,3,pca_sar,1,2
0.17636202,3,pca_sar,1,2
-0.0023271162,3,pca_sar,1,2
-0.043858882,3,pca_sar,1,2
0.07096371,3,pca_sar,1,2
-0.0019252673,3,pca_sar,1,2
0.12773976,3,pca_sar,1,2
0.12081617,3,pca_sar,1,2
0.076203905,3,pca_sar,1,2
0.06975189,3,pca_sar,1,2
0.0647694,3,pca_sar,1,2
0.061674953,3,pca_sar,1,2
-0.06633818,3,pca_sar,1,2
0.035410255,3,pca_sar,1,2
0.08200249,3,pca_sar,1,2
-0.019826192,3,pca_sar,1,2
0.045723565,3,pca_sar,1,2
0.10954238,3,pca_sar,1,2
-0.03243465,3,pca_sar,1,2
0.13515435,3,pca_sar,1,2
0.11060324,3,pca_sar,1,2
0.102548644,3,pca_sar,1,2
0.14313328,3,pca_sar,1,2
0.17741959,3,pca_sar,1,2
0.061610863,3,pca_sar,1,2
-0.076273754,3,pca_sar,1,2
-0.048598267,3,pca_sar,1,2
-0.00029929727,3,pca_sar,1,2
-0.06567273,3,pca_sar,1,2
0.024891276,3,pca_sar,1,2
0.13170955,3,pca_sar,1,2
0.08221799,3,pca_sar,1,2
0.1105428,3,pca_sar,1,2
0.080730796,3,pca_sar,1,2
0.02727459,3,pca_sar,1,2
-0.010565521,3,pca_sar,1,2
-0.031703148,3,pca_sar,1,2
-0.10066584,3,pca_sar,1,2
-0.090231024,3,pca_sar,1,2
0.0017948281,3,pca_sar,1,2
0.13225818,3,pca_sar,1,2
0.10011615,3,pca_sar,1,2
0.130467,3,pca_sar,1,2
0.027835326,3,pca_sar,1,2
-0.02811246,3,pca_sar,1,2
-0.00067942403,3,pca_sar,1,2
-0.0018228646,3,pca_sar,1,2
0.031306565,3,pca_sar,1,2
-0.0070781484,3,pca_sar,1,2
0.12250048,3,pca_sar,1,2
0.14664292,3,pca_sar,1,2
0.18578783,3,pca_sar,1,2
0.08871782,3,pca_sar,1,2
0.08581303,3,pca_sar,1,2
0.14991862,3,pca_sar,1,2
-0.0038406504,3,pca_sar,1,2
0.14276983,3,pca_sar,1,2
0.13332234,3,pca_sar,1,2
0.18672653,3,pca_sar,1,2
0.0550791,3,pca_sar,1,2
0.0402834,3,pca_sar,1,2
0.040362604,3,pca_sar,1,2
-0.013168076,3,pca_sar,1,2
0.1353472,3,pca_sar,1,2
0.054724555,3,pca_sar,1,2
-0.1314838,3,pca_sar,1,2
-0.0143106785,3,pca_sar,1,2
-0.027543847,3,pca_sar,1,2
-0.032435544,3,pca_sar,1,2
-0.065093,3,pca_sar,1,2
-0.0506556,3,pca_sar,1,2
0.02031918,3,pca_sar,1,2
-0.005309725,3,pca_sar,1,2
0.03349973,3,pca_sar,1,2
-0.004548149,3,pca_sar,1,2
0.1833623,3,pca_sar,1,2
0.2617635,3,pca_sar,1,2
0.077613205,3,pca_sar,1,2
0.1199633,3,pca_sar,1,2
0.21583119,3,pca_sar,1,2
0.07200457,3,pca_sar,1,2
0.1988698,3,pca_sar,1,2
0.014270008,3,pca_sar,1,2
0.02053103,3,pca_sar,1,2
0.051211875,3,pca_sar,1,2
0.20157653,3,pca_sar,1,2
0.2560727,3,pca_sar,1,2
0.052041844,3,pca_sar,1,2
-0.013788756,3,pca_sar,1,2
-0.026743568,3,pca_sar,1,2
0.026156522,3,pca_sar,1,2
0.14958222,3,pca_sar,1,2
0.15804486,3,pca_sar,1,2
0.03441774,3,pca_sar,1,2
0.031286485,3,pca_sar,1,2
0.06564452,3,pca_sar,1,2
0.26281136,3,pca_sar,1,2
0.25639552,3,pca_sar,1,2
-0.029449256,3,pca_sar,1,2
0.024808124,3,pca_sar,1,2
0.03906365,3,pca_sar,1,2
-0.08060329,3,pca_sar,1,2
-0.024921497,3,pca_sar,1,2
0.010984428,3,pca_sar,1,2
0.099222675,3,pca_sar,1,2
0.3037068,3,pca_sar,1,2
0.2273775,3,pca_sar,1,2
0.0011660978,3,pca_sar,1,2
0.056161053,3,pca_sar,1,2
0.037128434,3,pca_sar,1,2
-0.092896596,3,pca_sar,1,2
0.003008347,3,pca_sar,1,2
-0.024505712,3,pca_sar,1,2
0.08690345,3,pca_sar,1,2
0.13404305,3,pca_sar,1,2
0.0006526727,3,pca_sar,1,2
0.03634513,3,pca_sar,1,2
0.22696352,3,pca_sar,1,2
0.19974889,3,pca_sar,1,2
0.013777973,3,pca_sar,1,2
0.0022698138,3,pca_sar,1,2
0.030010011,3,pca_sar,1,2
-0.031971496,3,pca_sar,1,2
0.004963667,3,pca_sar,1,2
-0.012289716,3,pca_sar,1,2
-0.15839472,3,pca_sar,1,2
0.03208465,3,pca_sar,1,2
0.17783934,3,pca_sar,1,2
-0.011400437,3,pca_sar,1,2
-0.022171034,3,pca_sar,1,2
-0.029953562,3,pca_sar,1,2
-0.00082924776,3,pca_sar,1,2
-0.010642003,3,pca_sar,1,2
-0.07017333,3,pca_sar,1,2
0.116353795,3,pca_sar,1,2
0.17291471,7,pca_sar,1,2
0.16720176,7,pca_sar,1,2
0.19503105,7,pca_sar,1,2
0.2316986,7,pca_sar,1,2
0.2352539,7,pca_sar,1,2
0.14123125,7,pca_sar,1,2
0.13406244,7,pca_sar,1,2
0.13382031,7,pca_sar,1,2
0.09227997,7,pca_sar,1,2
0.06740154,7,pca_sar,1,2
0.088684924,7,pca_sar,1,2
0.07241795,7,pca_sar,1,2
0.048320003,7,pca_sar,1,2
0.068459496,7,pca_sar,1,2
0.09156396,7,pca_sar,1,2
0.104903564,7,pca_sar,1,2
0.07147075,7,pca_sar,1,2
0.01485803,7,pca_sar,1,2
0.0518725,7,pca_sar,1,2
0.04349747,7,pca_sar,1,2
2.5031157e-05,7,pca_sar,1,2
0.040053383,7,pca_sar,1,2
0.041312996,7,pca_sar,1,2
0.029993327,7,pca_sar,1,2
0.060217347,7,pca_sar,1,2
0.06146012,7,pca_sar,1,2
0.0027473392,7,pca_sar,1,2
0.013460964,7,pca_sar,1,2
0.018447645,7,pca_sar,1,2
0.064253286,7,pca_sar,1,2
0.0750371,7,pca_sar,1,2
0.016988788,7,pca_sar,1,2
-0.05475625,7,pca_sar,1,2
0.062206842,7,pca_sar,1,2
0.024178348,7,pca_sar,1,2
0.057262655,7,pca_sar,1,2
0.06744377,7,pca_sar,1,2
0.022814749,7,pca_sar,1,2
0.029705618,7,pca_sar,1,2
0.034101225,7,pca_sar,1,2
0.09241462,7,pca_sar,1,2
0.07321955,7,pca_sar,1,2
-0.004082948,7,pca_sar,1,2
0.02699242,7,pca_sar,1,2
0.15527542,7,pca_sar,1,2
0.06844653,7,pca_sar,1,2
-0.014803726,7,pca_sar,1,2
-0.020232126,7,pca_sar,1,2
-0.045453675,7,pca_sar,1,2
0.016209349,7,pca_sar,1,2
0.04843238,7,pca_sar,1,2
0.05836165,7,pca_sar,1,2
0.083107024,7,pca_sar,1,2
0.083553806,7,pca_sar,1,2
0.04719151,7,pca_sar,1,2
0.02784048,7,pca_sar,1,2
0.016776502,7,pca_sar,1,2
0.079410605,7,pca_sar,1,2
0.032460824,7,pca_sar,1,2
-0.124372736,7,pca_sar,1,2
-0.003850842,7,pca_sar,1,2
0.09092075,7,pca_sar,1,2
0.024122236,7,pca_sar,1,2
-0.06299245,7,pca_sar,1,2
-0.054285787,7,pca_sar,1,2
-0.05452946,7,pca_sar,1,2
0.07180071,7,pca_sar,1,2
0.102432966,7,pca_sar,1,2
0.029500276,7,pca_sar,1,2
-0.06857753,7,pca_sar,1,2
-0.05145447,7,pca_sar,1,2
-0.053489752,7,pca_sar,1,2
0.052962374,7,pca_sar,1,2
0.23692593,7,pca_sar,1,2
0.018015869,7,pca_sar,1,2
-0.072046146,7,pca_sar,1,2
-0.101435125,7,pca_sar,1,2
-0.079530165,7,pca_sar,1,2
0.030483278,7,pca_sar,1,2
0.11180607,7,pca_sar,1,2
0.19147903,7,pca_sar,1,2
0.2619189,7,pca_sar,1,2
-0.012355075,7,pca_sar,1,2
-0.08238992,7,pca_sar,1,2
-0.17082523,7,pca_sar,1,2
-0.0874699,7,pca_sar,1,2
0.0053756097,7,pca_sar,1,2
0.108894974,7,pca_sar,1,2
-0.01140202,7,pca_sar,1,2
-0.059219956,7,pca_sar,1,2
-0.16233973,7,pca_sar,1,2
-0.10482927,7,pca_sar,1,2
-0.056628756,7,pca_sar,1,2
-0.0063422695,7,pca_sar,1,2
-0.041011155,7,pca_sar,1,2
-0.07880387,7,pca_sar,1,2
-0.1688796,7,pca_sar,1,2
0.08999558,3,pca_sar,1,2
0.071960494,3,pca_sar,1,2
-0.011493755,3,pca_sar,1,2
-0.009007298,3,pca_sar,1,2
0.115334034,3,pca_sar,1,2
0.093067765,3,pca_sar,1,2
0.018616948,3,pca_sar,1,2
-0.07981184,3,pca_sar,1,2
-0.036032878,3,pca_sar,1,2
0.079678565,7,pca_sar,1,2
0.08309096,7,pca_sar,1,2
0.15210354,3,pca_sar,1,2
0.018448282,3,pca_sar,1,2
-0.016456053,3,pca_sar,1,2
-0.08448477,3,pca_sar,1,2
0.01616536,3,pca_sar,1,2
0.029046576,3,pca_sar,1,2
0.046943616,3,pca_sar,1,2
-0.018754981,3,pca_sar,1,2
-0.012740172,3,pca_sar,1,2
0.19982241,3,pca_sar,1,2
0.12405275,3,pca_sar,1,2
0.04065284,3,pca_sar,1,2
0.01894879,3,pca_sar,1,2
0.041139882,3,pca_sar,1,2
-0.048238028,3,pca_sar,1,2
0.020727178,3,pca_sar,1,2
0.11952079,3,pca_sar,1,2
0.042355273,3,pca_sar,1,2
0.015993956,3,pca_sar,1,2
0.053638645,3,pca_sar,1,2
0.16944367,3,pca_sar,1,2
0.056975413,3,pca_sar,1,2
-0.0018525831,3,pca_sar,1,2
0.076204166,3,pca_sar,1,2
0.035247546,3,pca_sar,1,2
-0.00938756,3,pca_sar,1,2
-0.028006466,3,pca_sar,1,2
0.10690204,3,pca_sar,1,2
0.008427413,3,pca_sar,1,2
0.025779247,3,pca_sar,1,2
0.088214554,3,pca_sar,1,2
0.124939606,3,pca_sar,1,2
0.13140604,3,pca_sar,1,2
0.04523892,3,pca_sar,1,2
0.03445535,3,pca_sar,1,2
0.109802544,3,pca_sar,1,2
0.0715784,3,pca_sar,1,2
-0.0023591956,3,pca_sar,1,2
0.05267267,3,pca_sar,1,2
0.11862765,3,pca_sar,1,2
-0.045892708,3,pca_sar,1,2
-0.026166411,3,pca_sar,1,2
0.07094291,3,pca_sar,1,2
0.050125454,3,pca_sar,1,2
0.09795365,3,pca_sar,1,2
0.096710965,3,pca_sar,1,2
0.030001542,3,pca_sar,1,2
0.048899874,3,pca_sar,1,2
0.02366622,3,pca_sar,1,2
-0.019836701,3,pca_sar,1,2
0.058557406,3,pca_sar,1,2
0.0046380684,3,pca_sar,1,2
-0.03304967,3,pca_sar,1,2
0.0027639512,3,pca_sar,1,2
-0.0051955245,3,pca_sar,1,2
0.06630959,3,pca_sar,1,2
0.012210794,3,pca_sar,1,2
0.07523091,3,pca_sar,1,2
0.11797066,3,pca_sar,1,2
0.045767825,3,pca_sar,1,2
-0.006291194,3,pca_sar,1,2
-0.030712778,3,pca_sar,1,2
-0.025392327,3,pca_sar,1,2
0.0154888965,3,pca_sar,1,2
0.062860206,3,pca_sar,1,2
0.11011318,3,pca_sar,1,2
0.009963782,3,pca_sar,1,2
-0.07339831,3,pca_sar,1,2
0.049206465,3,pca_sar,1,2
0.036566056,3,pca_sar,1,2
0.04638812,3,pca_sar,1,2
0.10760087,3,pca_sar,1,2
0.07233745,3,pca_sar,1,2
0.0050931107,3,pca_sar,1,2
-0.056796722,3,pca_sar,1,2
-0.06375341,3,pca_sar,1,2
-0.055055935,3,pca_sar,1,2
-0.0014747381,3,pca_sar,1,2
0.12887195,3,pca_sar,1,2
0.06591336,3,pca_sar,1,2
0.043369986,3,pca_sar,1,2
0.06587574,3,pca_sar,1,2
0.05157474,3,pca_sar,1,2
-0.006585736,3,pca_sar,1,2
-0.042184703,3,pca_sar,1,2
-0.020559467,3,pca_sar,1,2
-0.054929428,3,pca_sar,1,2
-0.061247952,3,pca_sar,1,2
-0.03134834,3,pca_sar,1,2
0.06183558,3,pca_sar,1,2
0.040109716,3,pca_sar,1,2
0.0676384,3,pca_sar,1,2
0.006967513,3,pca_sar,1,2
-0.089559495,3,pca_sar,1,2
-0.100708626,3,pca_sar,1,2
-0.027508795,3,pca_sar,1,2
-0.0043455493,3,pca_sar,1,2
-0.00080054253,3,pca_sar,1,2
0.12533942,3,pca_sar,1,2
0.1247827,3,pca_sar,1,2
0.1507601,3,pca_sar,1,2
0.027626837,3,pca_sar,1,2
0.014110327,3,pca_sar,1,2
0.02080121,3,pca_sar,1,2
-0.071430825,3,pca_sar,1,2
0.17178898,3,pca_sar,1,2
0.18292442,3,pca_sar,1,2
0.16051435,3,pca_sar,1,2
0.012313802,3,pca_sar,1,2
-0.0052187843,3,pca_sar,1,2
-0.004173808,3,pca_sar,1,2
-0.12501693,3,pca_sar,1,2
0.14426732,3,pca_sar,1,2
0.035135146,3,pca_sar,1,2
-0.09019136,3,pca_sar,1,2
0.008554707,3,pca_sar,1,2
-0.042196825,3,pca_sar,1,2
-0.08329043,3,pca_sar,1,2
0.013940591,3,pca_sar,1,2
-0.054289006,3,pca_sar,1,2
-0.033215176,3,pca_sar,1,2
0.017588817,3,pca_sar,1,2
-0.03365778,3,pca_sar,1,2
-0.035964143,3,pca_sar,1,2
0.36814958,3,pca_sar,1,2
0.32714412,3,pca_sar,1,2
0.13379613,3,pca_sar,1,2
0.15023476,3,pca_sar,1,2
0.0957326,3,pca_sar,1,2
0.053456098,3,pca_sar,1,2
0.08379684,3,pca_sar,1,2
0.06620889,3,pca_sar,1,2
-0.118486114,3,pca_sar,1,2
-0.034671474,3,pca_sar,1,2
0.032826453,3,pca_sar,1,2
0.0657101,3,pca_sar,1,2
-0.05731105,3,pca_sar,1,2
0.10002813,3,pca_sar,1,2
-0.051867023,3,pca_sar,1,2
-0.04494915,3,pca_sar,1,2
-0.049737357,3,pca_sar,1,2
-0.041250322,3,pca_sar,1,2
-0.086242676,3,pca_sar,1,2
0.31230086,3,pca_sar,1,2
0.15412672,3,pca_sar,1,2
-0.0930607,3,pca_sar,1,2
-0.09617079,3,pca_sar,1,2
-0.072371274,3,pca_sar,1,2
-0.12077626,3,pca_sar,1,2
-0.10066672,3,pca_sar,1,2
0.35166857,3,pca_sar,1,2
0.12660764,3,pca_sar,1,2
-0.05010854,3,pca_sar,1,2
-0.011260018,3,pca_sar,1,2
-0.005335428,3,pca_sar,1,2
-0.06287755,3,pca_sar,1,2
-0.0624727,3,pca_sar,1,2
0.18273044,3,pca_sar,1,2
-0.0076615494,3,pca_sar,1,2
0.031846583,3,pca_sar,1,2
0.1143651,3,pca_sar,1,2
0.039015446,3,pca_sar,1,2
-0.027114518,3,pca_sar,1,2
-0.08816177,3,pca_sar,1,2
0.051100925,3,pca_sar,1,2
0.044169255,3,pca_sar,1,2
-0.105458915,3,pca_sar,1,2
0.010303571,3,pca_sar,1,2
0.104671456,3,pca_sar,1,2
-0.082717896,3,pca_sar,1,2
-0.09104582,3,pca_sar,1,2
-0.019887378,3,pca_sar,1,2
0.005817866,3,pca_sar,1,2
-0.060880147,3,pca_sar,1,2
-0.00871635,3,pca_sar,1,2
0.03794338,3,pca_sar,1,2
0.04041349,7,pca_sar,1,2
0.11247973,7,pca_sar,1,2
0.0064317994,7,pca_sar,1,2
0.012422727,7,pca_sar,1,2
-0.039023973,7,pca_sar,1,2
-0.029954247,7,pca_sar,1,2
-0.052610055,7,pca_sar,1,2
-0.015514111,7,pca_sar,1,2
-0.002737904,7,pca_sar,1,2
-0.0046604984,7,pca_sar,1,2
-0.029745132,7,pca_sar,1,2
0.0036691371,7,pca_sar,1,2
-0.030238288,7,pca_sar,1,2
-0.04377261,7,pca_sar,1,2
-0.10506775,7,pca_sar,1,2
-0.019368313,7,pca_sar,1,2
-0.044126432,7,pca_sar,1,2
-0.059508234,7,pca_sar,1,2
-0.12178208,7,pca_sar,1,2
-0.07233915,7,pca_sar,1,2
-0.06082983,7,pca_sar,1,2
-0.102624565,7,pca_sar,1,2
0.036380533,7,pca_sar,1,2
-0.060937263,7,pca_sar,1,2
-0.10575144,7,pca_sar,1,2
-0.071087405,7,pca_sar,1,2
-0.08162221,7,pca_sar,1,2
-0.039351903,7,pca_sar,1,2
0.15539762,7,pca_sar,1,2
-0.06947611,7,pca_sar,1,2
-0.07600543,7,pca_sar,1,2
-0.07382346,7,pca_sar,1,2
-0.03759747,7,pca_sar,1,2
0.04938539,7,pca_sar,1,2
-0.023994796,7,pca_sar,1,2
0.15975624,7,pca_sar,1,2
0.06523742,7,pca_sar,1,2
-0.067616075,7,pca_sar,1,2
-0.016129091,7,pca_sar,1,2
-0.10437566,7,pca_sar,1,2
-0.022588238,7,pca_sar,1,2
0.07996312,7,pca_sar,1,2
0.07824772,7,pca_sar,1,2
0.0567099,7,pca_sar,1,2
0.159863,7,pca_sar,1,2
0.0963738,7,pca_sar,1,2
-0.024095189,7,pca_sar,1,2
0.0014396776,7,pca_sar,1,2
0.058241345,7,pca_sar,1,2
-0.028563831,7,pca_sar,1,2
0.087167606,7,pca_sar,1,2
0.049790166,7,pca_sar,1,2
0.11866718,7,pca_sar,1,2
0.08238861,7,pca_sar,1,2
0.2911103,5,pca_sar,1,2
0.21784425,5,pca_sar,1,2
0.28150666,5,pca_sar,1,2
0.25781634,5,pca_sar,1,2
0.23259321,5,pca_sar,1,2
0.26671386,5,pca_sar,1,2
0.24397093,5,pca_sar,1,2
0.27264887,5,pca_sar,1,2
0.24209914,5,pca_sar,1,2
0.24132988,5,pca_sar,1,2
0.28118825,5,pca_sar,1,2
0.2940575,5,pca_sar,1,2
0.2324385,5,pca_sar,1,2
0.22474611,5,pca_sar,1,2
0.28642887,5,pca_sar,1,2
0.26105767,5,pca_sar,1,2
0.30104718,5,pca_sar,1,2
0.21877597,5,pca_sar,1,2
0.20631541,5,pca_sar,1,2
0.24776927,5,pca_sar,1,2
0.19863905,5,pca_sar,1,2
0.24975295,5,pca_sar,1,2
0.28089648,5,pca_sar,1,2
0.21391174,5,pca_sar,1,2
0.24225868,5,pca_sar,1,2
0.24858925,5,pca_sar,1,2
0.25385857,5,pca_sar,1,2
0.25608507,5,pca_sar,1,2
0.25846994,5,pca_sar,1,2
0.270584,5,pca_sar,1,2
0.303991,5,pca_sar,1,2
0.2934956,5,pca_sar,1,2
0.284491,5,pca_sar,1,2
0.25181824,5,pca_sar,1,2
0.21532236,5,pca_sar,1,2
0.26873273,5,pca_sar,1,2
0.25226957,5,pca_sar,1,2
0.22805768,5,pca_sar,1,2
0.24805373,5,pca_sar,1,2
0.24945618,5,pca_sar,1,2
0.23592336,5,pca_sar,1,2
0.21714653,5,pca_sar,1,2
0.21883535,5,pca_sar,1,2
0.2573107,5,pca_sar,1,2
0.2600733,5,pca_sar,1,2
0.217556,5,pca_sar,1,2
0.24793068,5,pca_sar,1,2
0.27737698,5,pca_sar,1,2
0.2680701,5,pca_sar,1,2
0.19796543,5,pca_sar,1,2
0.17639136,5,pca_sar,1,2
0.19820803,5,pca_sar,1,2
0.25790727,5,pca_sar,1,2
0.14245504,5,pca_sar,1,2
0.12635848,5,pca_sar,1,2
0.1345804,5,pca_sar,1,2
0.087586686,5,pca_sar,1,2
0.10664554,5,pca_sar,1,2
0.18559851,5,pca_sar,1,2
0.21728387,5,pca_sar,1,2
0.1723702,5,pca_sar,1,2
0.18179882,5,pca_sar,1,2
0.19899121,5,pca_sar,1,2
0.22069147,5,pca_sar,1,2
0.1933574,5,pca_sar,1,2
0.22321701,5,pca_sar,1,2
0.27722257,5,pca_sar,1,2
0.28527814,5,pca_sar,1,2
0.26409668,5,pca_sar,1,2
0.28070349,5,pca_sar,1,2
0.24961771,5,pca_sar,1,2
0.28290653,5,pca_sar,1,2
0.28028163,5,pca_sar,1,2
0.2766475,5,pca_sar,1,2
0.29490075,5,pca_sar,1,2
0.1842143,5,pca_sar,1,2
0.21743768,5,pca_sar,1,2
0.24219108,5,pca_sar,1,2
0.2329194,5,pca_sar,1,2
0.31877655,5,pca_sar,1,2
0.31114236,5,pca_sar,1,2
0.18580724,5,pca_sar,1,2
0.23483598,5,pca_sar,1,2
0.27940273,5,pca_sar,1,2
0.24250595,5,pca_sar,1,2
0.34978855,5,pca_sar,1,2
0.30463934,5,pca_sar,1,2
0.22469088,5,pca_sar,1,2
0.2481131,5,pca_sar,1,2
0.25848314,5,pca_sar,1,2
0.28206074,5,pca_sar,1,2
0.3386975,5,pca_sar,1,2
0.2705876,5,pca_sar,1,2
0.2599544,5,pca_sar,1,2
0.29428828,5,pca_sar,1,2
0.27323073,5,pca_sar,1,2
0.24182865,5,pca_sar,1,2
0.28292412,5,pca_sar,1,2
0.2389534,5,pca_sar,1,2
0.26869965,5,pca_sar,1,2
0.34080398,5,pca_sar,1,2
0.2801442,5,pca_sar,1,2
0.2361114,5,pca_sar,1,2
0.21789539,5,pca_sar,1,2
0.20037748,5,pca_sar,1,2
0.24633674,5,pca_sar,1,2
0.30463576,5,pca_sar,1,2
0.19621827,5,pca_sar,1,2
0.17359424,5,pca_sar,1,2
0.19895235,5,pca_sar,1,2
0.23086613,5,pca_sar,1,2
0.18403435,5,pca_sar,1,2
0.20953342,5,pca_sar,1,2
0.22349018,5,pca_sar,1,2
0.23647961,5,pca_sar,1,2
0.28501183,5,pca_sar,1,2
0.2511273,5,pca_sar,1,2
0.23175061,5,pca_sar,1,2
0.3479486,5,pca_sar,1,2
0.29534394,5,pca_sar,1,2
0.2607389,5,pca_sar,1,2
0.2414955,5,pca_sar,1,2
0.22693399,5,pca_sar,1,2
0.21988985,5,pca_sar,1,2
0.3501928,5,pca_sar,1,2
0.32431674,5,pca_sar,1,2
0.32139614,5,pca_sar,1,2
0.25752443,5,pca_sar,1,2
0.24728419,5,pca_sar,1,2
0.21806812,5,pca_sar,1,2
0.19641195,5,pca_sar,1,2
0.20889825,5,pca_sar,1,2
0.21071658,5,pca_sar,1,2
0.2551039,5,pca_sar,1,2
0.22807904,5,pca_sar,1,2
0.39103925,5,pca_sar,1,2
0.3300322,5,pca_sar,1,2
0.30310935,5,pca_sar,1,2
0.25803387,5,pca_sar,1,2
0.27419448,5,pca_sar,1,2
0.19920008,5,pca_sar,1,2
0.24368285,5,pca_sar,1,2
0.32236007,5,pca_sar,1,2
0.29807404,5,pca_sar,1,2
0.21467263,5,pca_sar,1,2
0.18886228,5,pca_sar,1,2
0.23488489,5,pca_sar,1,2
0.20442772,5,pca_sar,1,2
0.36892056,5,pca_sar,1,2
0.33961943,5,pca_sar,1,2
0.31784996,5,pca_sar,1,2
0.25498295,5,pca_sar,1,2
0.23451191,5,pca_sar,1,2
0.19363886,5,pca_sar,1,2
0.22131175,5,pca_sar,1,2
0.28005254,5,pca_sar,1,2
0.31631273,5,pca_sar,1,2
0.26182136,5,pca_sar,1,2
0.2146414,5,pca_sar,1,2
0.21721718,5,pca_sar,1,2
0.15336075,5,pca_sar,1,2
0.31234786,5,pca_sar,1,2
0.35240728,5,pca_sar,1,2
0.3888052,5,pca_sar,1,2
0.31904373,5,pca_sar,1,2
0.31562442,5,pca_sar,1,2
0.212822,5,pca_sar,1,2
0.18871175,5,pca_sar,1,2
0.19579731,5,pca_sar,1,2
0.21370497,5,pca_sar,1,2
0.2359131,5,pca_sar,1,2
0.22765416,5,pca_sar,1,2
0.18493506,5,pca_sar,1,2
0.11444679,5,pca_sar,1,2
0.33060667,5,pca_sar,1,2
0.29383874,5,pca_sar,1,2
0.30905044,5,pca_sar,1,2
0.30395755,5,pca_sar,1,2
0.3321521,5,pca_sar,1,2
0.21826042,5,pca_sar,1,2
0.18103242,5,pca_sar,1,2
0.1665386,5,pca_sar,1,2
0.15973315,5,pca_sar,1,2
0.19631614,5,pca_sar,1,2
0.1514445,5,pca_sar,1,2
0.24234185,5,pca_sar,1,2
0.23369142,5,pca_sar,1,2
0.21538013,5,pca_sar,1,2
0.24711543,5,pca_sar,1,2
0.17139737,5,pca_sar,1,2
0.16307363,5,pca_sar,1,2
0.1695649,5,pca_sar,1,2
0.18536761,5,pca_sar,1,2
0.185058,5,pca_sar,1,2
0.112297945,5,pca_sar,1,2
0.19294047,5,pca_sar,1,2
0.19460024,5,pca_sar,1,2
0.1850165,5,pca_sar,1,2
0.19737962,5,pca_sar,1,2
0.1810356,5,pca_sar,1,2
0.18400455,5,pca_sar,1,2
0.19415015,5,pca_sar,1,2
0.19612461,5,pca_sar,1,2
0.14992154,5,pca_sar,1,2
0.057224486,5,pca_sar,1,2
0.2679,5,pca_sar,1,2
0.25820345,5,pca_sar,1,2
0.23970988,5,pca_sar,1,2
0.24530831,5,pca_sar,1,2
0.15955807,5,pca_sar,1,2
0.08509375,5,pca_sar,1,2
0.28720933,5,pca_sar,1,2
0.23929629,5,pca_sar,1,2
0.1907372,5,pca_sar,1,2
0.13388264,5,pca_sar,1,2
0.3595472,5,pca_sar,1,2
0.3097828,5,pca_sar,1,2
0.32089263,5,pca_sar,1,2
0.28805813,5,pca_sar,1,2
0.26737994,5,pca_sar,1,2
0.22965118,5,pca_sar,1,2
0.19678754,5,pca_sar,1,2
0.20303684,5,pca_sar,1,2
0.29705632,5,pca_sar,1,2
0.31521857,5,pca_sar,1,2
0.34639937,5,pca_sar,1,2
0.2949201,5,pca_sar,1,2
0.26741722,5,pca_sar,1,2
0.2539345,5,pca_sar,1,2
0.20573531,5,pca_sar,1,2
0.2052227,5,pca_sar,1,2
0.18687162,5,pca_sar,1,2
0.21127392,5,pca_sar,1,2
0.17104983,5,pca_sar,1,2
0.27717632,5,pca_sar,1,2
0.31642163,5,pca_sar,1,2
0.3351396,5,pca_sar,1,2
0.31897342,5,pca_sar,1,2
0.31524855,5,pca_sar,1,2
0.30262345,5,pca_sar,1,2
0.31555235,5,pca_sar,1,2
0.27613676,5,pca_sar,1,2
0.2429336,5,pca_sar,1,2
0.22232571,5,pca_sar,1,2
0.17895819,5,pca_sar,1,2
0.24118888,5,pca_sar,1,2
0.20002255,5,pca_sar,1,2
0.2858761,5,pca_sar,1,2
0.34049517,5,pca_sar,1,2
0.36200994,5,pca_sar,1,2
0.34303787,5,pca_sar,1,2
0.29864645,5,pca_sar,1,2
0.28305855,5,pca_sar,1,2
0.28744417,5,pca_sar,1,2
0.2588983,5,pca_sar,1,2
0.26335233,5,pca_sar,1,2
0.26794326,5,pca_sar,1,2
0.23422247,5,pca_sar,1,2
0.22684664,5,pca_sar,1,2
0.11416419,5,pca_sar,1,2
0.28789818,5,pca_sar,1,2
0.31464124,5,pca_sar,1,2
0.33632877,5,pca_sar,1,2
0.31520665,5,pca_sar,1,2
0.30418634,5,pca_sar,1,2
0.29727423,5,pca_sar,1,2
0.25644922,5,pca_sar,1,2
0.2591775,5,pca_sar,1,2
0.25493002,5,pca_sar,1,2
0.30830377,5,pca_sar,1,2
0.2428582,5,pca_sar,1,2
0.19947201,5,pca_sar,1,2
0.11332501,5,pca_sar,1,2
0.23786807,5,pca_sar,1,2
0.2732556,5,pca_sar,1,2
0.2801047,5,pca_sar,1,2
0.2860319,5,pca_sar,1,2
0.28742877,5,pca_sar,1,2
0.26024896,5,pca_sar,1,2
0.23893842,5,pca_sar,1,2
0.27223095,5,pca_sar,1,2
0.27395162,5,pca_sar,1,2
0.29026344,5,pca_sar,1,2
0.23928526,5,pca_sar,1,2
0.29216295,5,pca_sar,1,2
0.31372964,5,pca_sar,1,2
0.29661345,5,pca_sar,1,2
0.3157988,5,pca_sar,1,2
0.21761191,5,pca_sar,1,2
0.23342934,5,pca_sar,1,2
0.27990657,5,pca_sar,1,2
0.27406013,5,pca_sar,1,2
0.28762177,5,pca_sar,1,2
0.22087865,5,pca_sar,1,2
0.32043046,5,pca_sar,1,2
0.32486916,5,pca_sar,1,2
0.31267416,5,pca_sar,1,2
0.32851672,5,pca_sar,1,2
0.2187459,5,pca_sar,1,2
0.19150466,5,pca_sar,1,2
0.2336196,5,pca_sar,1,2
0.23075536,5,pca_sar,1,2
0.2249148,5,pca_sar,1,2
0.15412582,5,pca_sar,1,2
0.30330598,5,pca_sar,1,2
0.309398,5,pca_sar,1,2
0.29763335,5,pca_sar,1,2
0.26074213,5,pca_sar,1,2
0.21452262,5,pca_sar,1,2
0.16426392,5,pca_sar,1,2
0.34484735,5,pca_sar,1,2
0.27613944,5,pca_sar,1,2
0.22092539,5,pca_sar,1,2
0.21768673,5,pca_sar,1,2
0.09202021,3,pca_sar,1,2
0.15159197,3,pca_sar,1,2
0.18119095,3,pca_sar,1,2
0.18533465,3,pca_sar,1,2
0.20924136,3,pca_sar,1,2
0.23213667,3,pca_sar,1,2
0.2305409,3,pca_sar,1,2
0.20481437,3,pca_sar,1,2
0.18836114,3,pca_sar,1,2
0.35705703,3,pca_sar,1,2
0.03770577,3,pca_sar,1,2
0.0055935085,3,pca_sar,1,2
0.050533466,3,pca_sar,1,2
0.05359776,3,pca_sar,1,2
0.09544953,3,pca_sar,1,2
0.112692185,3,pca_sar,1,2
0.12306434,3,pca_sar,1,2
0.30603367,3,pca_sar,1,2
0.0712963,3,pca_sar,1,2
0.04591422,3,pca_sar,1,2
0.029866757,3,pca_sar,1,2
0.011438931,3,pca_sar,1,2
0.095374525,3,pca_sar,1,2
0.14717177,3,pca_sar,1,2
0.14506498,3,pca_sar,1,2
0.32180583,3,pca_sar,1,2
0.07870788,3,pca_sar,1,2
0.043286547,3,pca_sar,1,2
0.0488682,3,pca_sar,1,2
0.13100678,3,pca_sar,1,2
0.19300616,3,pca_sar,1,2
0.15879868,3,pca_sar,1,2
0.31839916,3,pca_sar,1,2
0.0816326,3,pca_sar,1,2
0.11588529,3,pca_sar,1,2
0.15744296,3,pca_sar,1,2
0.15740752,3,pca_sar,1,2
0.32126743,3,pca_sar,1,2
0.109513775,3,pca_sar,1,2
0.103647724,3,pca_sar,1,2
0.11909287,3,pca_sar,1,2
0.14517921,3,pca_sar,1,2
0.30961302,3,pca_sar,1,2
0.1602523,3,pca_sar,1,2
0.14461069,3,pca_sar,1,2
0.09859774,3,pca_sar,1,2
0.10993305,3,pca_sar,1,2
0.18651253,3,pca_sar,1,2
0.21085493,3,pca_sar,1,2
0.2021867,3,pca_sar,1,2
0.18880844,3,pca_sar,1,2
0.15901089,3,pca_sar,1,2
0.16852307,3,pca_sar,1,2
0.18423575,3,pca_sar,1,2
0.180289,3,pca_sar,1,2
0.25313336,3,pca_sar,1,2
0.008419819,3,pca_sar,1,2
-0.01757146,3,pca_sar,1,2
0.08250669,3,pca_sar,1,2
0.12233736,3,pca_sar,1,2
0.09783059,3,pca_sar,1,2
0.086043924,3,pca_sar,1,2
0.036712762,3,pca_sar,1,2
0.054706715,3,pca_sar,1,2
0.10931572,3,pca_sar,1,2
0.16663688,3,pca_sar,1,2
0.20101225,3,pca_sar,1,2
0.019991837,3,pca_sar,1,2
-0.01196024,3,pca_sar,1,2
0.041912932,3,pca_sar,1,2
0.11000989,3,pca_sar,1,2
0.12239092,3,pca_sar,1,2
0.118973926,3,pca_sar,1,2
0.068350166,3,pca_sar,1,2
0.076992825,3,pca_sar,1,2
0.16362876,3,pca_sar,1,2
0.20134506,3,pca_sar,1,2
0.027444039,3,pca_sar,1,2
-0.0033136494,3,pca_sar,1,2
0.05323541,3,pca_sar,1,2
0.09904736,3,pca_sar,1,2
0.14138138,3,pca_sar,1,2
0.11643393,3,pca_sar,1,2
0.15445977,3,pca_sar,1,2
0.22269914,3,pca_sar,1,2
0.11135702,3,pca_sar,1,2
0.11528195,3,pca_sar,1,2
0.16534969,3,pca_sar,1,2
0.20518993,3,pca_sar,1,2
0.25045085,3,pca_sar,1,2
0.20738256,3,pca_sar,1,2
0.1777828,3,pca_sar,1,2
0.20615157,3,pca_sar,1,2
0.21836647,3,pca_sar,1,2
0.27216145,3,pca_sar,1,2
0.37190208,3,pca_sar,1,2
0.2727547,3,pca_sar,1,2
0.2476907,3,pca_sar,1,2
0.2624218,3,pca_sar,1,2
0.19556528,3,pca_sar,1,2
0.18974628,3,pca_sar,1,2
0.2696575,3,pca_sar,1,2
0.23776504,3,pca_sar,1,2
0.2834651,3,pca_sar,1,2
0.045213006,3,pca_sar,1,2
0.18826881,3,pca_sar,1,2
0.011742096,3,pca_sar,1,2
0.19170615,3,pca_sar,1,2
0.015476496,3,pca_sar,1,2
0.18715067,3,pca_sar,1,2
0.021250762,3,pca_sar,1,2
0.1161567,3,pca_sar,1,2
0.22580358,3,pca_sar,1,2
0.3483989,3,pca_sar,1,2
0.14550921,3,pca_sar,1,2
0.11229428,3,pca_sar,1,2
0.17863429,3,pca_sar,1,2
0.071802825,3,pca_sar,1,2
0.036358684,3,pca_sar,1,2
-0.003033231,3,pca_sar,1,2
-0.014434661,3,pca_sar,1,2
-0.0016641878,3,pca_sar,1,2
0.044055704,3,pca_sar,1,2
0.15198795,3,pca_sar,1,2
0.1082588,3,pca_sar,1,2
0.01945978,3,pca_sar,1,2
-0.049231138,3,pca_sar,1,2
-0.061889566,3,pca_sar,1,2
-0.057784118,3,pca_sar,1,2
0.004198066,3,pca_sar,1,2
0.074005604,3,pca_sar,1,2
0.0044237673,3,pca_sar,1,2
0.02571173,3,pca_sar,1,2
0.32726786,3,pca_sar,1,2
0.2468367,3,pca_sar,1,2
-0.13611585,3,pca_sar,1,2
-0.09237752,3,pca_sar,1,2
-0.034476757,3,pca_sar,1,2
-0.025344918,3,pca_sar,1,2
0.08651557,3,pca_sar,1,2
-0.10917793,3,pca_sar,1,2
0.04859964,3,pca_sar,1,2
0.3616876,3,pca_sar,1,2
0.22649656,3,pca_sar,1,2
-0.10708563,3,pca_sar,1,2
0.0015483908,3,pca_sar,1,2
0.023536745,3,pca_sar,1,2
-0.059209883,3,pca_sar,1,2
0.044670157,3,pca_sar,1,2
-0.07772142,3,pca_sar,1,2
0.029501146,3,pca_sar,1,2
0.17927039,3,pca_sar,1,2
0.0067511722,3,pca_sar,1,2
0.03489194,3,pca_sar,1,2
0.16908327,3,pca_sar,1,2
0.1493098,3,pca_sar,1,2
0.060064778,3,pca_sar,1,2
-0.02176967,3,pca_sar,1,2
-0.037123896,3,pca_sar,1,2
-0.021473125,3,pca_sar,1,2
-0.040714025,3,pca_sar,1,2
-0.006706639,3,pca_sar,1,2
-0.11889497,3,pca_sar,1,2
-0.0055095134,3,pca_sar,1,2
0.19354932,3,pca_sar,1,2
0.030381277,3,pca_sar,1,2
-0.065913856,3,pca_sar,1,2
-0.13722163,3,pca_sar,1,2
-0.015633497,3,pca_sar,1,2
-0.039192732,3,pca_sar,1,2
-0.12717873,3,pca_sar,1,2
0.02291409,3,pca_sar,1,2
0.16956714,4,pca_sar,1,2
0.18282622,4,pca_sar,1,2
0.26282442,4,pca_sar,1,2
0.41400057,4,pca_sar,1,2
0.30706835,4,pca_sar,1,2
0.21582521,4,pca_sar,1,2
0.25172752,4,pca_sar,1,2
0.424255,4,pca_sar,1,2
0.25479755,4,pca_sar,1,2
0.33214784,4,pca_sar,1,2
0.27098286,4,pca_sar,1,2
0.24775586,4,pca_sar,1,2
0.38931158,4,pca_sar,1,2
0.40678218,4,pca_sar,1,2
0.42430294,4,pca_sar,1,2
0.40253735,4,pca_sar,1,2
0.38121653,4,pca_sar,1,2
0.4946849,4,pca_sar,1,2
0.35009384,3,pca_sar,1,2
0.38205805,3,pca_sar,1,2
0.12328926,3,pca_sar,1,2
0.16439061,3,pca_sar,1,2
0.1469293,3,pca_sar,1,2
0.13289624,3,pca_sar,1,2
0.052983068,3,pca_sar,1,2
0.11245905,3,pca_sar,1,2
0.045737416,3,pca_sar,1,2
0.030928902,3,pca_sar,1,2
0.03238569,3,pca_sar,1,2
0.1642485,3,pca_sar,1,2
0.033086777,3,pca_sar,1,2
0.11645808,3,pca_sar,1,2
-0.0023016054,3,pca_sar,1,2
-0.0011046445,3,pca_sar,1,2
-0.01676296,3,pca_sar,1,2
0.033762436,3,pca_sar,1,2
-0.029500818,3,pca_sar,1,2
0.12154164,3,pca_sar,1,2
0.045512274,3,pca_sar,1,2
-0.052217707,3,pca_sar,1,2
-0.083501816,3,pca_sar,1,2
-0.09914537,3,pca_sar,1,2
-0.07780832,3,pca_sar,1,2
-0.06441583,3,pca_sar,1,2
0.2292859,3,pca_sar,1,2
0.008898854,3,pca_sar,1,2
-0.07037592,3,pca_sar,1,2
-0.06381353,3,pca_sar,1,2
-0.016086685,3,pca_sar,1,2
0.00069058686,3,pca_sar,1,2
-0.027211655,3,pca_sar,1,2
0.14363602,3,pca_sar,1,2
-0.05653453,3,pca_sar,1,2
-0.026956983,3,pca_sar,1,2
-0.014277548,3,pca_sar,1,2
0.013226667,3,pca_sar,1,2
-0.005344198,3,pca_sar,1,2
-0.06848267,3,pca_sar,1,2
-0.087213725,3,pca_sar,1,2
0.072217286,3,pca_sar,1,2
-0.09623781,3,pca_sar,1,2
-0.042748056,3,pca_sar,1,2
-0.03118536,3,pca_sar,1,2
-0.052360605,3,pca_sar,1,2
-0.057037346,3,pca_sar,1,2
-0.12804082,3,pca_sar,1,2
-0.0026789438,3,pca_sar,1,2
-0.0804583,3,pca_sar,1,2
-0.039067302,3,pca_sar,1,2
0.07586002,3,pca_sar,1,2
0.25509068,4,pca_sar,1,2
0.20315778,4,pca_sar,1,2
0.20597677,4,pca_sar,1,2
0.2916057,4,pca_sar,1,2
0.29231465,4,pca_sar,1,2
0.17976767,4,pca_sar,1,2
0.20578454,4,pca_sar,1,2
0.23071757,4,pca_sar,1,2
0.324391,4,pca_sar,1,2
0.2489076,4,pca_sar,1,2
0.14950442,4,pca_sar,1,2
0.17048341,4,pca_sar,1,2
0.14901826,4,pca_sar,1,2
0.16627483,4,pca_sar,1,2
0.24367543,4,pca_sar,1,2
0.22083065,4,pca_sar,1,2
0.26508635,4,pca_sar,1,2
0.3319282,4,pca_sar,1,2
0.28287387,4,pca_sar,1,2
0.20876122,4,pca_sar,1,2
0.25263247,4,pca_sar,1,2
0.17042235,4,pca_sar,1,2
0.12691534,4,pca_sar,1,2
0.20961711,4,pca_sar,1,2
0.25013202,4,pca_sar,1,2
0.27257913,4,pca_sar,1,2
0.3352896,4,pca_sar,1,2
0.26049644,4,pca_sar,1,2
0.24709454,4,pca_sar,1,2
0.25203675,4,pca_sar,1,2
0.2356433,4,pca_sar,1,2
0.18664573,4,pca_sar,1,2
0.17776714,4,pca_sar,1,2
0.2003366,4,pca_sar,1,2
0.41060412,4,pca_sar,1,2
0.42956877,4,pca_sar,1,2
0.43440136,4,pca_sar,1,2
0.37876064,4,pca_sar,1,2
0.37086332,4,pca_sar,1,2
0.38966864,4,pca_sar,1,2
0.38279063,4,pca_sar,1,2
0.34341314,4,pca_sar,1,2
0.33264363,4,pca_sar,1,2
0.34699965,4,pca_sar,1,2
0.23044427,4,pca_sar,1,2
0.2815969,4,pca_sar,1,2
0.23852096,4,pca_sar,1,2
0.2779103,4,pca_sar,1,2
0.27882764,4,pca_sar,1,2
0.2402792,4,pca_sar,1,2
0.30457133,4,pca_sar,1,2
0.21104565,4,pca_sar,1,2
0.22018757,4,pca_sar,1,2
0.3085306,4,pca_sar,1,2
0.29252708,4,pca_sar,1,2
0.3367133,4,pca_sar,1,2
0.25739926,4,pca_sar,1,2
0.2391338,4,pca_sar,1,2
0.29766575,4,pca_sar,1,2
0.28561372,4,pca_sar,1,2
0.41548285,4,pca_sar,1,2
0.3540504,4,pca_sar,1,2
0.28884423,4,pca_sar,1,2
0.3226285,4,pca_sar,1,2
0.32489058,4,pca_sar,1,2
0.53810936,4,pca_sar,1,2
0.49536654,4,pca_sar,1,2
0.4532474,4,pca_sar,1,2
0.46363887,4,pca_sar,1,2
0.4266653,4,pca_sar,1,2
0.2935241,5,pca_sar,1,2
0.22904947,5,pca_sar,1,2
0.24385016,5,pca_sar,1,2
0.24384499,5,pca_sar,1,2
0.26795423,5,pca_sar,1,2
0.24384381,5,pca_sar,1,2
0.14983565,5,pca_sar,1,2
0.12768927,5,pca_sar,1,2
0.20842382,5,pca_sar,1,2
0.18168458,5,pca_sar,1,2
0.261594,5,pca_sar,1,2
0.30987704,5,pca_sar,1,2
0.28153434,5,pca_sar,1,2
0.24539495,5,pca_sar,1,2
0.18121022,5,pca_sar,1,2
0.18221626,5,pca_sar,1,2
0.17701437,5,pca_sar,1,2
0.17113237,5,pca_sar,1,2
0.16731955,5,pca_sar,1,2
0.20539877,5,pca_sar,1,2
0.20077251,5,pca_sar,1,2
0.23545861,5,pca_sar,1,2
0.25729194,5,pca_sar,1,2
0.30405474,5,pca_sar,1,2
0.30562434,5,pca_sar,1,2
0.26156652,5,pca_sar,1,2
0.205514,5,pca_sar,1,2
0.1530414,5,pca_sar,1,2
0.16634564,5,pca_sar,1,2
0.18114361,5,pca_sar,1,2
0.23022984,5,pca_sar,1,2
0.17754328,5,pca_sar,1,2
0.17928086,5,pca_sar,1,2
0.15910807,5,pca_sar,1,2
0.20896164,5,pca_sar,1,2
0.24460119,5,pca_sar,1,2
0.23954102,5,pca_sar,1,2
0.1963755,5,pca_sar,1,2
0.22827217,5,pca_sar,1,2
0.18432264,5,pca_sar,1,2
0.1535393,5,pca_sar,1,2
0.16386825,5,pca_sar,1,2
0.15377064,5,pca_sar,1,2
0.2025694,5,pca_sar,1,2
0.19237818,5,pca_sar,1,2
0.23908317,5,pca_sar,1,2
0.20148957,5,pca_sar,1,2
0.2644807,5,pca_sar,1,2
0.2494068,5,pca_sar,1,2
0.21250272,5,pca_sar,1,2
0.20501938,5,pca_sar,1,2
0.20207131,5,pca_sar,1,2
0.16065481,5,pca_sar,1,2
0.13333753,5,pca_sar,1,2
0.24359521,5,pca_sar,1,2
0.27476615,5,pca_sar,1,2
0.22461641,5,pca_sar,1,2
0.15363297,5,pca_sar,1,2
0.30628282,5,pca_sar,1,2
0.24327286,5,pca_sar,1,2
0.31121016,5,pca_sar,1,2
0.25980616,5,pca_sar,1,2
0.31751728,5,pca_sar,1,2
0.28694925,5,pca_sar,1,2
0.21511343,5,pca_sar,1,2
0.15599397,5,pca_sar,1,2
0.14996868,5,pca_sar,1,2
0.1934793,5,pca_sar,1,2
0.20840755,5,pca_sar,1,2
0.21154122,5,pca_sar,1,2
0.23340768,5,pca_sar,1,2
0.2819243,5,pca_sar,1,2
0.29832742,5,pca_sar,1,2
0.24018109,5,pca_sar,1,2
0.1759769,5,pca_sar,1,2
0.15081176,5,pca_sar,1,2
0.15443864,5,pca_sar,1,2
0.19450182,5,pca_sar,1,2
0.14605516,5,pca_sar,1,2
0.20541021,5,pca_sar,1,2
0.21008375,5,pca_sar,1,2
0.28414327,5,pca_sar,1,2
0.27761963,5,pca_sar,1,2
0.21845734,5,pca_sar,1,2
0.15840253,5,pca_sar,1,2
0.14537188,5,pca_sar,1,2
0.12739092,5,pca_sar,1,2
0.1223429,5,pca_sar,1,2
0.12644482,5,pca_sar,1,2
0.15701343,5,pca_sar,1,2
0.13428016,5,pca_sar,1,2
0.16840063,5,pca_sar,1,2
0.10691898,5,pca_sar,1,2
0.096169636,5,pca_sar,1,2
0.10499625,5,pca_sar,1,2
0.1855379,5,pca_sar,1,2
0.10556327,5,pca_sar,1,2
0.09990883,5,pca_sar,1,2
0.13744897,5,pca_sar,1,2
0.31396115,5,pca_sar,1,2
0.3145619,5,pca_sar,1,2
0.39432,5,pca_sar,1,2
0.3625474,5,pca_sar,1,2
0.32974195,5,pca_sar,1,2
0.3238235,5,pca_sar,1,2
0.37350345,5,pca_sar,1,2
0.28744006,5,pca_sar,1,2
0.36370054,5,pca_sar,1,2
0.3724645,5,pca_sar,1,2
0.36975783,5,pca_sar,1,2
0.33649892,5,pca_sar,1,2
0.31255668,5,pca_sar,1,2
0.28623724,5,pca_sar,1,2
0.2722779,5,pca_sar,1,2
0.23277266,5,pca_sar,1,2
0.21174538,5,pca_sar,1,2
0.2459837,5,pca_sar,1,2
0.19797368,5,pca_sar,1,2
0.316358,5,pca_sar,1,2
0.3470571,5,pca_sar,1,2
0.40069747,5,pca_sar,1,2
0.34527785,5,pca_sar,1,2
0.33671635,5,pca_sar,1,2
0.3318004,5,pca_sar,1,2
0.27914858,5,pca_sar,1,2
0.25369376,5,pca_sar,1,2
0.2611289,5,pca_sar,1,2
0.25832677,5,pca_sar,1,2
0.23050518,5,pca_sar,1,2
0.25192663,5,pca_sar,1,2
0.17928044,5,pca_sar,1,2
0.3648073,5,pca_sar,1,2
0.38009557,5,pca_sar,1,2
0.461237,5,pca_sar,1,2
0.3832323,5,pca_sar,1,2
0.37129423,5,pca_sar,1,2
0.37110016,5,pca_sar,1,2
0.31870395,5,pca_sar,1,2
0.22353208,5,pca_sar,1,2
0.24845782,5,pca_sar,1,2
0.29067296,5,pca_sar,1,2
0.30499166,5,pca_sar,1,2
0.2985737,5,pca_sar,1,2
0.19317143,5,pca_sar,1,2
0.29766136,5,pca_sar,1,2
0.37127817,5,pca_sar,1,2
0.44521815,5,pca_sar,1,2
0.3481468,5,pca_sar,1,2
0.36030143,5,pca_sar,1,2
0.39723086,5,pca_sar,1,2
0.3268432,5,pca_sar,1,2
0.21177259,5,pca_sar,1,2
0.24253605,5,pca_sar,1,2
0.33158487,5,pca_sar,1,2
0.2913398,5,pca_sar,1,2
0.24847609,5,pca_sar,1,2
0.18698892,5,pca_sar,1,2
0.28318685,5,pca_sar,1,2
0.29369864,5,pca_sar,1,2
0.3426777,5,pca_sar,1,2
0.27496505,5,pca_sar,1,2
0.28702855,5,pca_sar,1,2
0.33065063,5,pca_sar,1,2
0.2998615,5,pca_sar,1,2
0.2118125,5,pca_sar,1,2
0.22748187,5,pca_sar,1,2
0.34647664,5,pca_sar,1,2
0.31469676,5,pca_sar,1,2
0.31996652,5,pca_sar,1,2
0.3201981,5,pca_sar,1,2
0.23294213,5,pca_sar,1,2
0.23681942,5,pca_sar,1,2
0.23053746,5,pca_sar,1,2
0.22299038,5,pca_sar,1,2
0.2227974,5,pca_sar,1,2
0.19609441,5,pca_sar,1,2
0.2546493,5,pca_sar,1,2
0.24840748,5,pca_sar,1,2
0.35382226,5,pca_sar,1,2
0.32722086,5,pca_sar,1,2
0.26631093,5,pca_sar,1,2
0.2540544,5,pca_sar,1,2
0.23158559,5,pca_sar,1,2
0.23678137,5,pca_sar,1,2
0.24991551,5,pca_sar,1,2
0.19257924,5,pca_sar,1,2
0.19714701,5,pca_sar,1,2
0.16556695,5,pca_sar,1,2
0.22973366,5,pca_sar,1,2
0.25546688,5,pca_sar,1,2
0.29688805,5,pca_sar,1,2
0.23418081,5,pca_sar,1,2
0.16842988,5,pca_sar,1,2
0.088834256,5,pca_sar,1,2
0.2809521,5,pca_sar,1,2
0.27058563,5,pca_sar,1,2
0.24848366,5,pca_sar,1,2
0.16543108,5,pca_sar,1,2
0.196123,4,pca_sar,1,2
0.26208243,4,pca_sar,1,2
0.3184225,4,pca_sar,1,2
0.3946457,4,pca_sar,1,2
0.25311732,4,pca_sar,1,2
0.2260444,4,pca_sar,1,2
0.2812078,4,pca_sar,1,2
0.37182269,4,pca_sar,1,2
0.18356246,4,pca_sar,1,2
0.20669231,4,pca_sar,1,2
0.21899623,4,pca_sar,1,2
0.2606009,4,pca_sar,1,2
0.35227096,4,pca_sar,1,2
0.18144992,4,pca_sar,1,2
0.23648138,4,pca_sar,1,2
0.23981956,4,pca_sar,1,2
0.28882545,4,pca_sar,1,2
0.32921296,4,pca_sar,1,2
0.2046377,4,pca_sar,1,2
0.19878519,4,pca_sar,1,2
0.28171027,4,pca_sar,1,2
0.24560675,4,pca_sar,1,2
0.2272485,4,pca_sar,1,2
0.30172947,4,pca_sar,1,2
0.2714092,4,pca_sar,1,2
0.2286169,4,pca_sar,1,2
0.3127215,4,pca_sar,1,2
0.24249601,4,pca_sar,1,2
0.24135843,4,pca_sar,1,2
0.31873092,4,pca_sar,1,2
0.27540803,4,pca_sar,1,2
0.26960826,4,pca_sar,1,2
0.2527777,4,pca_sar,1,2
0.28223947,4,pca_sar,1,2
0.25790522,4,pca_sar,1,2
0.28170463,4,pca_sar,1,2
0.3186313,4,pca_sar,1,2
0.36337543,4,pca_sar,1,2
0.34199995,4,pca_sar,1,2
0.27897215,4,pca_sar,1,2
0.28173143,4,pca_sar,1,2
0.26779824,4,pca_sar,1,2
0.22593924,4,pca_sar,1,2
0.29784206,4,pca_sar,1,2
0.27944556,4,pca_sar,1,2
0.24003074,4,pca_sar,1,2
0.29166648,4,pca_sar,1,2
0.31063014,4,pca_sar,1,2
0.23066835,4,pca_sar,1,2
0.26403707,4,pca_sar,1,2
0.25967658,4,pca_sar,1,2
0.23299187,4,pca_sar,1,2
0.26606697,4,pca_sar,1,2
0.2813179,4,pca_sar,1,2
0.26274464,4,pca_sar,1,2
0.26634705,4,pca_sar,1,2
0.20163341,4,pca_sar,1,2
0.23944283,4,pca_sar,1,2
0.34490925,4,pca_sar,1,2
0.35563204,4,pca_sar,1,2
0.34316194,4,pca_sar,1,2
0.32236183,4,pca_sar,1,2
0.27768636,4,pca_sar,1,2
0.37250662,4,pca_sar,1,2
0.3398345,4,pca_sar,1,2
0.2561933,4,pca_sar,1,2
0.25344318,4,pca_sar,1,2
0.32909098,4,pca_sar,1,2
0.35124314,4,pca_sar,1,2
0.39310277,4,pca_sar,1,2
0.36906683,4,pca_sar,1,2
0.37805322,4,pca_sar,1,2
0.33060133,4,pca_sar,1,2
0.31556064,4,pca_sar,1,2
0.26906368,4,pca_sar,1,2
0.2327739,4,pca_sar,1,2
0.23408812,4,pca_sar,1,2
0.25193354,4,pca_sar,1,2
0.27283782,4,pca_sar,1,2
0.2885364,4,pca_sar,1,2
0.339036,4,pca_sar,1,2
0.36649305,4,pca_sar,1,2
0.32367927,4,pca_sar,1,2
0.23386338,4,pca_sar,1,2
0.20513158,4,pca_sar,1,2
0.22883877,4,pca_sar,1,2
0.26976562,4,pca_sar,1,2
0.26537636,4,pca_sar,1,2
0.2900636,4,pca_sar,1,2
0.3186751,4,pca_sar,1,2
0.39411432,4,pca_sar,1,2
0.37255907,4,pca_sar,1,2
0.32813466,4,pca_sar,1,2
0.30988744,4,pca_sar,1,2
0.20763016,4,pca_sar,1,2
0.18446556,4,pca_sar,1,2
0.19937752,4,pca_sar,1,2
0.24754241,4,pca_sar,1,2
0.25702474,4,pca_sar,1,2
0.27922782,4,pca_sar,1,2
0.37107494,4,pca_sar,1,2
0.45681357,4,pca_sar,1,2
0.33872098,4,pca_sar,1,2
0.35494798,4,pca_sar,1,2
0.33762735,4,pca_sar,1,2
0.25354603,4,pca_sar,1,2
0.20725963,4,pca_sar,1,2
0.20639886,4,pca_sar,1,2
0.26848325,4,pca_sar,1,2
0.28058857,4,pca_sar,1,2
0.31706744,4,pca_sar,1,2
0.35142726,4,pca_sar,1,2
0.43478698,4,pca_sar,1,2
0.379618,4,pca_sar,1,2
0.25377783,4,pca_sar,1,2
0.29628935,4,pca_sar,1,2
0.270993,4,pca_sar,1,2
0.27833742,4,pca_sar,1,2
0.21221372,4,pca_sar,1,2
0.3108327,4,pca_sar,1,2
0.3042814,4,pca_sar,1,2
0.31341615,4,pca_sar,1,2
0.3715928,4,pca_sar,1,2
0.42843127,4,pca_sar,1,2
0.31725946,4,pca_sar,1,2
0.29880914,4,pca_sar,1,2
0.28993344,4,pca_sar,1,2
0.24085113,4,pca_sar,1,2
0.31534976,4,pca_sar,1,2
0.30465692,4,pca_sar,1,2
0.30903673,4,pca_sar,1,2
0.3360752,4,pca_sar,1,2
0.40162998,4,pca_sar,1,2
0.31728983,4,pca_sar,1,2
0.35635492,4,pca_sar,1,2
0.36457628,4,pca_sar,1,2
0.31970677,4,pca_sar,1,2
0.38056242,4,pca_sar,1,2
0.4289905,4,pca_sar,1,2
0.35028934,4,pca_sar,1,2
0.36555302,4,pca_sar,1,2
0.3498957,4,pca_sar,1,2
0.14695556,4,pca_sar,1,2
0.21437953,4,pca_sar,1,2
0.12486832,4,pca_sar,1,2
0.17610554,4,pca_sar,1,2
0.20343137,4,pca_sar,1,2
0.24751711,4,pca_sar,1,2
0.25858036,4,pca_sar,1,2
0.1741752,4,pca_sar,1,2
0.15420257,4,pca_sar,1,2
0.20234656,4,pca_sar,1,2
0.22889589,4,pca_sar,1,2
0.27012938,4,pca_sar,1,2
0.22628567,4,pca_sar,1,2
0.18598971,4,pca_sar,1,2
0.22032294,4,pca_sar,1,2
0.26373088,4,pca_sar,1,2
0.3134769,4,pca_sar,1,2
0.3064539,4,pca_sar,1,2
0.29280102,4,pca_sar,1,2
0.27095437,4,pca_sar,1,2
0.2993726,4,pca_sar,1,2
0.31721848,4,pca_sar,1,2
0.30518258,4,pca_sar,1,2
0.26523882,4,pca_sar,1,2
0.26338285,4,pca_sar,1,2
0.32276624,4,pca_sar,1,2
0.37192804,4,pca_sar,1,2
0.29561475,4,pca_sar,1,2
0.22631785,4,pca_sar,1,2
0.2648464,4,pca_sar,1,2
0.3018773,4,pca_sar,1,2
0.42076695,4,pca_sar,1,2
0.34425068,4,pca_sar,1,2
0.2617897,4,pca_sar,1,2
0.2926106,4,pca_sar,1,2
0.3014419,4,pca_sar,1,2
0.4370167,4,pca_sar,1,2
0.40285105,4,pca_sar,1,2
0.3184836,4,pca_sar,1,2
0.34186295,4,pca_sar,1,2
0.32088846,4,pca_sar,1,2
0.43453243,4,pca_sar,1,2
0.37260574,4,pca_sar,1,2
0.31290674,4,pca_sar,1,2
0.3617797,4,pca_sar,1,2
0.34618843,4,pca_sar,1,2
0.37063742,4,pca_sar,1,2
0.45776305,4,pca_sar,1,2
0.3821036,4,pca_sar,1,2
0.31120834,4,pca_sar,1,2
0.22279306,4,pca_sar,1,2
0.23279138,4,pca_sar,1,2
0.33940643,4,pca_sar,1,2
0.3618799,4,pca_sar,1,2
0.32231218,4,pca_sar,1,2
0.28949434,4,pca_sar,1,2
0.22962318,4,pca_sar,1,2
0.16663152,4,pca_sar,1,2
0.3534203,4,pca_sar,1,2
0.3154019,4,pca_sar,1,2
0.28850475,4,pca_sar,1,2
0.2632883,4,pca_sar,1,2
0.20002565,4,pca_sar,1,2
0.09740671,4,pca_sar,1,2
0.024880154,4,pca_sar,1,2
0.053596545,4,pca_sar,1,2
-0.010026148,4,pca_sar,1,2
0.39454722,4,pca_sar,1,2
0.31675872,4,pca_sar,1,2
0.25429666,4,pca_sar,1,2
0.22198623,4,pca_sar,1,2
0.18480009,4,pca_sar,1,2
0.1437009,4,pca_sar,1,2
0.08429547,4,pca_sar,1,2
-0.026204038,4,pca_sar,1,2
0.015302513,4,pca_sar,1,2
0.21054444,4,pca_sar,1,2
0.14728516,4,pca_sar,1,2
0.06778406,4,pca_sar,1,2
0.047847476,4,pca_sar,1,2
0.08357574,4,pca_sar,1,2
0.025670808,4,pca_sar,1,2
-0.008427018,4,pca_sar,1,2
-0.008852586,4,pca_sar,1,2
0.25030613,4,pca_sar,1,2
0.2511695,4,pca_sar,1,2
0.21368349,4,pca_sar,1,2
0.16784859,4,pca_sar,1,2
0.22437435,4,pca_sar,1,2
0.38707992,4,pca_sar,1,2
0.33046013,4,pca_sar,1,2
0.34890637,4,pca_sar,1,2
0.3114734,4,pca_sar,1,2
0.35571736,4,pca_sar,1,2
0.32500166,4,pca_sar,1,2
0.26292503,4,pca_sar,1,2
0.32073474,4,pca_sar,1,2
0.3166967,4,pca_sar,1,2
0.28179747,4,pca_sar,1,2
0.3365238,4,pca_sar,1,2
0.32692608,4,pca_sar,1,2
0.24109486,4,pca_sar,1,2
0.2759402,4,pca_sar,1,2
0.2790022,4,pca_sar,1,2
0.31999034,4,pca_sar,1,2
0.29517066,4,pca_sar,1,2
0.19601615,4,pca_sar,1,2
0.13893518,4,pca_sar,1,2
0.08363584,4,pca_sar,1,2
0.04692348,4,pca_sar,1,2
0.06776735,4,pca_sar,1,2
0.28771994,4,pca_sar,1,2
0.22219625,4,pca_sar,1,2
0.16692129,4,pca_sar,1,2
0.095260225,4,pca_sar,1,2
0.04856809,4,pca_sar,1,2
0.029802568,4,pca_sar,1,2
0.025599686,4,pca_sar,1,2
0.025134943,4,pca_sar,1,2
0.034988087,4,pca_sar,1,2
0.079577416,4,pca_sar,1,2
-0.018400267,4,pca_sar,1,2
-0.05695716,4,pca_sar,1,2
-0.06809487,4,pca_sar,1,2
-0.0058672,4,pca_sar,1,2
-0.057155624,4,pca_sar,1,2
-0.08113973,4,pca_sar,1,2
-0.040626314,4,pca_sar,1,2
0.21532096,4,pca_sar,1,2
0.14481404,4,pca_sar,1,2
0.13455711,4,pca_sar,1,2
0.1510556,4,pca_sar,1,2
0.18347403,4,pca_sar,1,2
0.1328631,4,pca_sar,1,2
0.14086008,4,pca_sar,1,2
0.111026876,4,pca_sar,1,2
0.10000672,4,pca_sar,1,2
0.19291312,4,pca_sar,1,2
0.18543252,4,pca_sar,1,2
0.1618264,4,pca_sar,1,2
0.16520178,4,pca_sar,1,2
0.19710723,4,pca_sar,1,2
0.12871684,4,pca_sar,1,2
0.114563115,4,pca_sar,1,2
0.12577592,4,pca_sar,1,2
0.161317,4,pca_sar,1,2
0.122728415,4,pca_sar,1,2
0.14744145,4,pca_sar,1,2
0.03514951,4,pca_sar,1,2
-0.008354802,4,pca_sar,1,2
0.057506133,4,pca_sar,1,2
0.036598247,4,pca_sar,1,2
0.12891172,4,pca_sar,1,2
0.1741094,4,pca_sar,1,2
0.19075936,4,pca_sar,1,2
0.14026687,4,pca_sar,1,2
0.10170667,4,pca_sar,1,2
0.09649792,4,pca_sar,1,2
0.13748774,4,pca_sar,1,2
0.08205217,4,pca_sar,1,2
0.097730756,4,pca_sar,1,2
0.03484131,4,pca_sar,1,2
0.018490363,4,pca_sar,1,2
-0.0014857836,4,pca_sar,1,2
-0.006740641,4,pca_sar,1,2
0.16487163,4,pca_sar,1,2
0.1212387,4,pca_sar,1,2
0.109935924,4,pca_sar,1,2
0.12525025,4,pca_sar,1,2
0.14165708,4,pca_sar,1,2
0.14405921,4,pca_sar,1,2
0.16912967,4,pca_sar,1,2
0.04627456,4,pca_sar,1,2
-0.027899683,4,pca_sar,1,2
0.06381126,4,pca_sar,1,2
0.047192004,4,pca_sar,1,2
0.30340177,4,pca_sar,1,2
0.31084305,4,pca_sar,1,2
0.308286,4,pca_sar,1,2
0.31563634,4,pca_sar,1,2
0.3179208,4,pca_sar,1,2
0.32156855,4,pca_sar,1,2
0.3338721,4,pca_sar,1,2
0.23781301,4,pca_sar,1,2
0.18768767,4,pca_sar,1,2
0.21125668,4,pca_sar,1,2
0.19094849,4,pca_sar,1,2
0.19561377,4,pca_sar,1,2
0.031474978,4,pca_sar,1,2
0.17040798,4,pca_sar,1,2
0.19201137,4,pca_sar,1,2
0.04589771,4,pca_sar,1,2
0.151265,4,pca_sar,1,2
0.17340517,4,pca_sar,1,2
0.18402252,4,pca_sar,1,2
0.14489043,4,pca_sar,1,2
0.15475248,4,pca_sar,1,2
0.042275615,4,pca_sar,1,2
0.06357704,4,pca_sar,1,2
0.105243474,4,pca_sar,1,2
0.1883676,4,pca_sar,1,2
0.14704779,4,pca_sar,1,2
0.12939388,4,pca_sar,1,2
0.15215506,4,pca_sar,1,2
0.1111778,4,pca_sar,1,2
0.09427561,4,pca_sar,1,2
0.084852226,4,pca_sar,1,2
0.043450084,4,pca_sar,1,2
0.17179951,4,pca_sar,1,2
0.053764805,4,pca_sar,1,2
0.0822762,4,pca_sar,1,2
0.109729454,4,pca_sar,1,2
0.16057158,4,pca_sar,1,2
0.1488293,4,pca_sar,1,2
0.17994839,4,pca_sar,1,2
0.20673168,4,pca_sar,1,2
0.1222744,4,pca_sar,1,2
0.09266726,4,pca_sar,1,2
0.12653625,4,pca_sar,1,2
0.018619493,4,pca_sar,1,2
0.21360484,4,pca_sar,1,2
0.1649551,4,pca_sar,1,2
0.09125496,4,pca_sar,1,2
0.078248195,4,pca_sar,1,2
0.101733804,4,pca_sar,1,2
0.10711564,4,pca_sar,1,2
0.10803466,4,pca_sar,1,2
0.15863378,4,pca_sar,1,2
0.05888015,4,pca_sar,1,2
0.06590038,4,pca_sar,1,2
0.3807553,4,pca_sar,1,2
0.3339311,4,pca_sar,1,2
0.27317476,4,pca_sar,1,2
0.22731121,4,pca_sar,1,2
0.2771368,4,pca_sar,1,2
0.24873658,4,pca_sar,1,2
0.24269076,4,pca_sar,1,2
0.29338136,4,pca_sar,1,2
0.22235256,4,pca_sar,1,2
0.2210396,4,pca_sar,1,2
0.34353182,4,pca_sar,1,2
0.32277423,4,pca_sar,1,2
0.28845704,4,pca_sar,1,2
0.2909019,4,pca_sar,1,2
0.36861387,4,pca_sar,1,2
0.45997465,4,pca_sar,1,2
0.17531013,4,pca_sar,1,2
0.18871182,4,pca_sar,1,2
0.15784463,4,pca_sar,1,2
0.16456708,4,pca_sar,1,2
0.27397293,4,pca_sar,1,2
0.40297094,4,pca_sar,1,2
0.17227662,4,pca_sar,1,2
0.1363714,4,pca_sar,1,2
0.14461288,4,pca_sar,1,2
0.13182044,4,pca_sar,1,2
0.13654888,4,pca_sar,1,2
0.20046365,4,pca_sar,1,2
0.17590182,4,pca_sar,1,2
0.15228909,4,pca_sar,1,2
0.25723073,4,pca_sar,1,2
0.29868853,4,pca_sar,1,2
0.22706565,4,pca_sar,1,2
0.14503486,4,pca_sar,1,2
0.20638892,4,pca_sar,1,2
0.2921214,4,pca_sar,1,2
0.1745475,4,pca_sar,1,2
0.20860863,4,pca_sar,1,2
0.2509945,4,pca_sar,1,2
0.26338533,4,pca_sar,1,2
0.46505642,4,pca_sar,1,2
0.44477025,4,pca_sar,1,2
0.35766035,4,pca_sar,1,2
0.3570307,4,pca_sar,1,2
0.40166962,4,pca_sar,1,2
0.39471278,4,pca_sar,1,2
0.41055536,4,pca_sar,1,2
0.4180154,4,pca_sar,1,2
0.35713476,4,pca_sar,1,2
0.3404401,4,pca_sar,1,2
0.3665143,4,pca_sar,1,2
0.40849292,4,pca_sar,1,2
0.41486824,4,pca_sar,1,2
0.3328827,4,pca_sar,1,2
0.33036602,4,pca_sar,1,2
0.31499478,4,pca_sar,1,2
0.28231624,4,pca_sar,1,2
0.29829475,4,pca_sar,1,2
0.37264276,4,pca_sar,1,2
0.2970835,4,pca_sar,1,2
0.28781104,4,pca_sar,1,2
0.35928157,4,pca_sar,1,2
0.26878333,4,pca_sar,1,2
0.28967035,4,pca_sar,1,2
0.2829329,4,pca_sar,1,2
0.38377023,4,pca_sar,1,2
0.40655288,4,pca_sar,1,2
0.3138984,4,pca_sar,1,2
0.31900394,4,pca_sar,1,2
0.3365324,4,pca_sar,1,2
0.41548014,4,pca_sar,1,2
0.35067397,4,pca_sar,1,2
0.28466332,4,pca_sar,1,2
0.27326718,4,pca_sar,1,2
0.38630605,4,pca_sar,1,2
0.41735417,4,pca_sar,1,2
0.41259837,4,pca_sar,1,2
0.35393086,4,pca_sar,1,2
0.37244952,4,pca_sar,1,2
0.34991345,4,pca_sar,1,2
0.29092103,4,pca_sar,1,2
0.24251772,4,pca_sar,1,2
0.24190642,4,pca_sar,1,2
0.36401635,4,pca_sar,1,2
0.36744583,4,pca_sar,1,2
0.28373712,4,pca_sar,1,2
0.38707203,4,pca_sar,1,2
0.36558035,4,pca_sar,1,2
0.36923122,4,pca_sar,1,2
0.35146147,4,pca_sar,1,2
0.5672772,4,pca_sar,1,2
0.50418997,4,pca_sar,1,2
0.49273658,4,pca_sar,1,2
0.47852036,4,pca_sar,1,2
0.40733093,4,pca_sar,1,2
0.49749202,4,pca_sar,1,2
0.39991972,4,pca_sar,1,2
0.37360358,4,pca_sar,1,2
0.35458493,4,pca_sar,1,2
0.29006317,4,pca_sar,1,2
0.42801344,4,pca_sar,1,2
0.3327192,4,pca_sar,1,2
0.27640665,4,pca_sar,1,2
0.25445053,4,pca_sar,1,2
0.24187316,4,pca_sar,1,2
0.40132704,4,pca_sar,1,2
0.324132,4,pca_sar,1,2
0.26469645,4,pca_sar,1,2
0.26024577,4,pca_sar,1,2
0.24330369,4,pca_sar,1,2
0.42726254,4,pca_sar,1,2
0.4150756,4,pca_sar,1,2
0.36312917,4,pca_sar,1,2
0.3891322,4,pca_sar,1,2
0.2951697,4,pca_sar,1,2
0.2941007,4,pca_sar,1,2
0.35200506,4,pca_sar,1,2
0.36067405,4,pca_sar,1,2
0.27267975,4,pca_sar,1,2
0.32528558,4,pca_sar,1,2
0.21053776,4,pca_sar,1,2
0.19909114,4,pca_sar,1,2
0.47356433,4,pca_sar,1,2
0.32474893,4,pca_sar,1,2
0.28156182,4,pca_sar,1,2
0.22727822,4,pca_sar,1,2
0.22713497,4,pca_sar,1,2
0.19226162,4,pca_sar,1,2
0.16071339,4,pca_sar,1,2
0.06971466,4,pca_sar,1,2
0.13463195,4,pca_sar,1,2
0.37256324,4,pca_sar,1,2
0.25564462,4,pca_sar,1,2
0.19140038,4,pca_sar,1,2
0.1885356,4,pca_sar,1,2
0.14789408,4,pca_sar,1,2
0.08065041,4,pca_sar,1,2
0.0225286,4,pca_sar,1,2
-0.023430046,4,pca_sar,1,2
0.07548973,4,pca_sar,1,2
0.20944154,4,pca_sar,1,2
0.18034726,4,pca_sar,1,2
0.09357516,4,pca_sar,1,2
-0.00048781373,4,pca_sar,1,2
0.06537203,4,pca_sar,1,2
0.05210901,4,pca_sar,1,2
-0.009701116,4,pca_sar,1,2
-0.014756337,4,pca_sar,1,2
0.1684483,4,pca_sar,1,2
0.15545923,4,pca_sar,1,2
0.17744553,4,pca_sar,1,2
0.16135931,4,pca_sar,1,2
0.17882757,4,pca_sar,1,2
0.19829544,4,pca_sar,1,2
0.27364054,4,pca_sar,1,2
0.2798007,4,pca_sar,1,2
0.24947405,4,pca_sar,1,2
0.25956455,4,pca_sar,1,2
0.22385405,4,pca_sar,1,2
0.31275085,4,pca_sar,1,2
0.2686022,4,pca_sar,1,2
0.23302352,4,pca_sar,1,2
0.27291378,4,pca_sar,1,2
0.3199819,4,pca_sar,1,2
0.36825043,4,pca_sar,1,2
0.35300553,4,pca_sar,1,2
0.3108165,4,pca_sar,1,2
0.22612414,4,pca_sar,1,2
0.24644463,4,pca_sar,1,2
0.2873998,4,pca_sar,1,2
0.26126605,4,pca_sar,1,2
0.28787702,4,pca_sar,1,2
0.29733163,4,pca_sar,1,2
0.30329955,4,pca_sar,1,2
0.22088495,4,pca_sar,1,2
0.17968115,4,pca_sar,1,2
0.20276625,4,pca_sar,1,2
0.11956469,4,pca_sar,1,2
0.05040506,4,pca_sar,1,2
-0.0082040215,4,pca_sar,1,2
0.22598568,4,pca_sar,1,2
0.2212955,4,pca_sar,1,2
0.16451237,4,pca_sar,1,2
0.082016826,4,pca_sar,1,2
0.037512798,4,pca_sar,1,2
0.06431982,4,pca_sar,1,2
0.058564387,4,pca_sar,1,2
0.016919026,4,pca_sar,1,2
-0.0011139996,4,pca_sar,1,2
0.15376514,4,pca_sar,1,2
0.092070565,4,pca_sar,1,2
0.1160825,4,pca_sar,1,2
0.074650586,4,pca_sar,1,2
0.052539013,4,pca_sar,1,2
0.047216382,4,pca_sar,1,2
0.02932837,4,pca_sar,1,2
0.07225625,4,pca_sar,1,2
0.025066793,4,pca_sar,1,2
0.11838058,4,pca_sar,1,2
0.11480552,4,pca_sar,1,2
0.07716189,4,pca_sar,1,2
0.05346111,4,pca_sar,1,2
0.115555875,4,pca_sar,1,2
0.09819144,4,pca_sar,1,2
0.11170697,4,pca_sar,1,2
0.134702,4,pca_sar,1,2
0.10909349,4,pca_sar,1,2
0.11078881,4,pca_sar,1,2
0.18044469,4,pca_sar,1,2
0.22653145,4,pca_sar,1,2
0.20010808,4,pca_sar,1,2
0.15806809,4,pca_sar,1,2
0.15031326,4,pca_sar,1,2
0.11328271,4,pca_sar,1,2
0.10325986,4,pca_sar,1,2
0.20519055,4,pca_sar,1,2
0.1785482,4,pca_sar,1,2
0.18390092,4,pca_sar,1,2
0.16501948,4,pca_sar,1,2
0.13635123,4,pca_sar,1,2
0.09338205,4,pca_sar,1,2
0.22730365,4,pca_sar,1,2
0.22494769,4,pca_sar,1,2
0.1784904,4,pca_sar,1,2
0.16623849,4,pca_sar,1,2
0.12846747,4,pca_sar,1,2
0.101885095,4,pca_sar,1,2
0.1511844,4,pca_sar,1,2
0.1799051,4,pca_sar,1,2
0.14925447,4,pca_sar,1,2
0.15145431,4,pca_sar,1,2
0.12970337,4,pca_sar,1,2
0.1376654,4,pca_sar,1,2
0.07428968,4,pca_sar,1,2
0.1433478,4,pca_sar,1,2
0.114595674,4,pca_sar,1,2
0.07397334,4,pca_sar,1,2
0.07634481,4,pca_sar,1,2
0.10506815,4,pca_sar,1,2
0.15210655,4,pca_sar,1,2
0.13154593,4,pca_sar,1,2
0.124834225,4,pca_sar,1,2
0.14400312,4,pca_sar,1,2
0.13882084,4,pca_sar,1,2
0.104000375,4,pca_sar,1,2
0.14825267,4,pca_sar,1,2
0.10323336,4,pca_sar,1,2
0.05063243,4,pca_sar,1,2
0.02863045,4,pca_sar,1,2
0.067306414,4,pca_sar,1,2
0.094310135,4,pca_sar,1,2
0.07268364,4,pca_sar,1,2
0.113335215,4,pca_sar,1,2
0.1527144,4,pca_sar,1,2
0.17822285,4,pca_sar,1,2
0.11449997,4,pca_sar,1,2
0.14134397,4,pca_sar,1,2
0.11259158,4,pca_sar,1,2
0.041264135,4,pca_sar,1,2
0.053068213,4,pca_sar,1,2
0.08207091,4,pca_sar,1,2
0.07284249,4,pca_sar,1,2
0.075233236,4,pca_sar,1,2
0.11524695,4,pca_sar,1,2
0.14908169,4,pca_sar,1,2
0.16171584,4,pca_sar,1,2
0.15770838,4,pca_sar,1,2
0.09068962,4,pca_sar,1,2
0.040108666,4,pca_sar,1,2
0.062285252,4,pca_sar,1,2
0.07536278,4,pca_sar,1,2
0.10525323,4,pca_sar,1,2
0.11530911,4,pca_sar,1,2
0.15975843,4,pca_sar,1,2
0.09654112,4,pca_sar,1,2
0.13159092,4,pca_sar,1,2
0.120965116,4,pca_sar,1,2
0.13858175,4,pca_sar,1,2
0.14645651,4,pca_sar,1,2
0.059362978,4,pca_sar,1,2
0.06867084,4,pca_sar,1,2
0.09064181,4,pca_sar,1,2
0.15283847,4,pca_sar,1,2
0.11004804,4,pca_sar,1,2
0.17382519,4,pca_sar,1,2
0.123366535,4,pca_sar,1,2
0.09412357,4,pca_sar,1,2
0.09241842,4,pca_sar,1,2
0.07861004,4,pca_sar,1,2
0.091029644,4,pca_sar,1,2
0.010826748,4,pca_sar,1,2
0.122433744,4,pca_sar,1,2
0.04814253,4,pca_sar,1,2
0.2534179,4,pca_sar,1,2
0.12963091,4,pca_sar,1,2
0.119396664,4,pca_sar,1,2
0.25469562,4,pca_sar,1,2
0.13437754,4,pca_sar,1,2
0.069300205,4,pca_sar,1,2
0.106061354,4,pca_sar,1,2
0.14080535,4,pca_sar,1,2
0.16451949,4,pca_sar,1,2
0.2357418,4,pca_sar,1,2
0.14972463,4,pca_sar,1,2
0.1465992,4,pca_sar,1,2
0.15477848,4,pca_sar,1,2
0.13835077,4,pca_sar,1,2
0.13229679,4,pca_sar,1,2
0.14825967,4,pca_sar,1,2
0.14228162,4,pca_sar,1,2
0.13934037,4,pca_sar,1,2
0.12999074,4,pca_sar,1,2
0.17817268,4,pca_sar,1,2
0.13745615,4,pca_sar,1,2
0.2568167,4,pca_sar,1,2
0.17572744,4,pca_sar,1,2
0.14843482,4,pca_sar,1,2
0.12512022,4,pca_sar,1,2
0.11441729,4,pca_sar,1,2
0.122699425,4,pca_sar,1,2
0.14707097,4,pca_sar,1,2
0.16360968,4,pca_sar,1,2
0.15838644,4,pca_sar,1,2
0.16196537,4,pca_sar,1,2
0.17482139,4,pca_sar,1,2
0.1388301,4,pca_sar,1,2
0.2904843,4,pca_sar,1,2
0.23830466,4,pca_sar,1,2
0.19503164,4,pca_sar,1,2
0.11897753,4,pca_sar,1,2
0.073067546,4,pca_sar,1,2
0.06259702,4,pca_sar,1,2
0.13159645,4,pca_sar,1,2
0.17568943,4,pca_sar,1,2
0.18733907,4,pca_sar,1,2
0.20703688,4,pca_sar,1,2
0.26154852,4,pca_sar,1,2
0.20342465,4,pca_sar,1,2
0.14171764,4,pca_sar,1,2
0.10670633,4,pca_sar,1,2
0.09764237,4,pca_sar,1,2
0.05853667,4,pca_sar,1,2
0.13106209,4,pca_sar,1,2
0.16155577,4,pca_sar,1,2
0.171045,4,pca_sar,1,2
0.1737582,4,pca_sar,1,2
0.23645261,4,pca_sar,1,2
0.17369899,4,pca_sar,1,2
0.12697178,4,pca_sar,1,2
0.13838603,4,pca_sar,1,2
0.12388642,4,pca_sar,1,2
0.1334657,4,pca_sar,1,2
0.17298885,4,pca_sar,1,2
0.17208153,4,pca_sar,1,2
0.18348254,4,pca_sar,1,2
0.18038589,4,pca_sar,1,2
0.24541971,4,pca_sar,1,2
0.14587866,4,pca_sar,1,2
0.08023858,4,pca_sar,1,2
0.1095125,4,pca_sar,1,2
0.07623917,4,pca_sar,1,2
0.10131727,4,pca_sar,1,2
0.0881085,4,pca_sar,1,2
0.11034219,4,pca_sar,1,2
0.10550725,4,pca_sar,1,2
0.09508326,4,pca_sar,1,2
0.22584546,4,pca_sar,1,2
0.15321006,4,pca_sar,1,2
0.039431855,4,pca_sar,1,2
0.04264825,4,pca_sar,1,2
0.034959152,4,pca_sar,1,2
0.10236598,4,pca_sar,1,2
0.11701743,4,pca_sar,1,2
0.13637784,4,pca_sar,1,2
0.121064216,4,pca_sar,1,2
0.0834811,4,pca_sar,1,2
0.20925295,4,pca_sar,1,2
0.2188778,4,pca_sar,1,2
0.20794299,5,pca_sar,1,2
0.123521306,5,pca_sar,1,2
0.053795837,5,pca_sar,1,2
0.010152768,5,pca_sar,1,2
0.063433066,5,pca_sar,1,2
0.08998676,5,pca_sar,1,2
0.18791437,5,pca_sar,1,2
0.2318091,5,pca_sar,1,2
0.25242358,5,pca_sar,1,2
0.15256897,5,pca_sar,1,2
0.14735392,5,pca_sar,1,2
0.093688294,5,pca_sar,1,2
0.06800996,5,pca_sar,1,2
0.030300206,5,pca_sar,1,2
-0.0022579692,5,pca_sar,1,2
0.10359216,5,pca_sar,1,2
0.2205308,5,pca_sar,1,2
0.2634691,5,pca_sar,1,2
0.1305277,5,pca_sar,1,2
0.088967025,5,pca_sar,1,2
0.083300196,5,pca_sar,1,2
0.07497307,5,pca_sar,1,2
0.07546412,5,pca_sar,1,2
0.16662186,5,pca_sar,1,2
0.26463133,5,pca_sar,1,2
0.253258,5,pca_sar,1,2
0.100732766,5,pca_sar,1,2
0.11657812,5,pca_sar,1,2
-0.014368972,5,pca_sar,1,2
0.009207599,5,pca_sar,1,2
0.09264152,5,pca_sar,1,2
0.16563639,5,pca_sar,1,2
0.2377872,5,pca_sar,1,2
0.23295124,5,pca_sar,1,2
0.30801323,5,pca_sar,1,2
0.20320195,5,pca_sar,1,2
0.26615077,5,pca_sar,1,2
0.1439292,5,pca_sar,1,2
0.19467251,5,pca_sar,1,2
0.14486107,5,pca_sar,1,2
0.18169573,5,pca_sar,1,2
0.28666472,5,pca_sar,1,2
0.28705776,5,pca_sar,1,2
0.27890012,5,pca_sar,1,2
0.25079477,5,pca_sar,1,2
0.35829073,5,pca_sar,1,2
0.46864355,5,pca_sar,1,2
0.15168464,5,pca_sar,1,2
0.15053841,5,pca_sar,1,2
0.14532828,5,pca_sar,1,2
0.19886635,5,pca_sar,1,2
0.19927478,5,pca_sar,1,2
0.23942754,5,pca_sar,1,2
0.33526504,5,pca_sar,1,2
0.32428294,5,pca_sar,1,2
0.2931685,5,pca_sar,1,2
0.340271,5,pca_sar,1,2
0.41223842,5,pca_sar,1,2
0.504758,5,pca_sar,1,2
0.22936237,5,pca_sar,1,2
0.15879577,5,pca_sar,1,2
0.20719337,5,pca_sar,1,2
0.19178413,5,pca_sar,1,2
0.28230512,5,pca_sar,1,2
0.2795214,5,pca_sar,1,2
0.30421072,5,pca_sar,1,2
0.3631109,5,pca_sar,1,2
0.31410682,5,pca_sar,1,2
0.2764418,5,pca_sar,1,2
0.3139039,5,pca_sar,1,2
0.39569175,5,pca_sar,1,2
0.53851104,5,pca_sar,1,2
0.23675807,5,pca_sar,1,2
0.20868862,5,pca_sar,1,2
0.2605941,5,pca_sar,1,2
0.2349863,5,pca_sar,1,2
0.2909842,5,pca_sar,1,2
0.28816572,5,pca_sar,1,2
0.33409315,5,pca_sar,1,2
0.31941974,5,pca_sar,1,2
0.22161075,5,pca_sar,1,2
0.2934277,5,pca_sar,1,2
0.3913154,5,pca_sar,1,2
0.4937843,5,pca_sar,1,2
0.22754751,5,pca_sar,1,2
0.2182827,5,pca_sar,1,2
0.3172878,5,pca_sar,1,2
0.29201862,5,pca_sar,1,2
0.29586405,5,pca_sar,1,2
0.22077307,5,pca_sar,1,2
0.30149534,5,pca_sar,1,2
0.24886757,5,pca_sar,1,2
0.31363207,5,pca_sar,1,2
0.38003373,5,pca_sar,1,2
0.48192626,5,pca_sar,1,2
0.28217703,5,pca_sar,1,2
0.34643802,5,pca_sar,1,2
0.34013355,5,pca_sar,1,2
0.43605098,5,pca_sar,1,2
0.32831758,5,pca_sar,1,2
0.44198364,5,pca_sar,1,2
0.34462106,5,pca_sar,1,2
0.2993628,5,pca_sar,1,2
0.4583106,5,pca_sar,1,2
0.3165874,5,pca_sar,1,2
0.4791907,5,pca_sar,1,2
0.4401322,5,pca_sar,1,2
0.17649513,5,pca_sar,1,2
0.038706902,5,pca_sar,1,2
-0.054253098,5,pca_sar,1,2
0.009707861,5,pca_sar,1,2
0.043226898,5,pca_sar,1,2
-0.029750347,5,pca_sar,1,2
0.031182298,5,pca_sar,1,2
0.11878179,5,pca_sar,1,2
0.10731593,5,pca_sar,1,2
0.1996662,5,pca_sar,1,2
0.08808568,5,pca_sar,1,2
0.028156327,5,pca_sar,1,2
0.0047612153,5,pca_sar,1,2
-0.003485539,5,pca_sar,1,2
0.031999554,5,pca_sar,1,2
0.09047847,5,pca_sar,1,2
0.12255163,5,pca_sar,1,2
0.11230334,5,pca_sar,1,2
0.09216407,5,pca_sar,1,2
0.082744464,5,pca_sar,1,2
0.080648765,5,pca_sar,1,2
0.05153303,5,pca_sar,1,2
0.06522565,5,pca_sar,1,2
0.1200721,5,pca_sar,1,2
0.16033952,5,pca_sar,1,2
0.12967552,5,pca_sar,1,2
0.021633677,5,pca_sar,1,2
0.12748477,5,pca_sar,1,2
0.045419276,5,pca_sar,1,2
0.032867584,5,pca_sar,1,2
0.17962259,5,pca_sar,1,2
0.2025122,5,pca_sar,1,2
0.21925093,5,pca_sar,1,2
0.19490945,5,pca_sar,1,2
0.19108343,5,pca_sar,1,2
0.14980058,5,pca_sar,1,2
0.20861694,5,pca_sar,1,2
0.18725933,5,pca_sar,1,2
0.251301,5,pca_sar,1,2
0.34383726,5,pca_sar,1,2
0.30640218,5,pca_sar,1,2
0.23273581,5,pca_sar,1,2
0.21102488,5,pca_sar,1,2
0.33851454,5,pca_sar,1,2
0.23518766,5,pca_sar,1,2
0.23157486,5,pca_sar,1,2
0.19280243,5,pca_sar,1,2
0.26685494,5,pca_sar,1,2
0.22006643,5,pca_sar,1,2
0.22038658,5,pca_sar,1,2
0.20220661,5,pca_sar,1,2
0.22217904,5,pca_sar,1,2
0.18921179,5,pca_sar,1,2
0.21706417,5,pca_sar,1,2
0.26786274,5,pca_sar,1,2
0.222085,5,pca_sar,1,2
0.26605022,5,pca_sar,1,2
0.21389665,5,pca_sar,1,2
0.27760983,5,pca_sar,1,2
0.22829333,5,pca_sar,1,2
0.31396845,5,pca_sar,1,2
0.3448804,5,pca_sar,1,2
0.17024863,5,pca_sar,1,2
0.1852357,5,pca_sar,1,2
0.20569362,5,pca_sar,1,2
0.23863,5,pca_sar,1,2
0.22454184,5,pca_sar,1,2
0.26147664,5,pca_sar,1,2
0.25509894,5,pca_sar,1,2
0.30390108,5,pca_sar,1,2
0.2554543,5,pca_sar,1,2
0.27357113,5,pca_sar,1,2
0.2527702,5,pca_sar,1,2
0.34131682,5,pca_sar,1,2
0.29508975,5,pca_sar,1,2
0.2871008,5,pca_sar,1,2
0.29317838,5,pca_sar,1,2
0.1580428,5,pca_sar,1,2
0.17521171,5,pca_sar,1,2
0.21727526,5,pca_sar,1,2
0.2688874,5,pca_sar,1,2
0.2627665,5,pca_sar,1,2
0.30481482,5,pca_sar,1,2
0.2716993,5,pca_sar,1,2
0.30475914,5,pca_sar,1,2
0.3206784,5,pca_sar,1,2
0.3060465,5,pca_sar,1,2
0.29824948,5,pca_sar,1,2
0.2792762,5,pca_sar,1,2
0.28324544,5,pca_sar,1,2
0.27805212,5,pca_sar,1,2
0.33728677,5,pca_sar,1,2
0.16989712,5,pca_sar,1,2
0.17642659,5,pca_sar,1,2
0.20635787,5,pca_sar,1,2
0.26866168,5,pca_sar,1,2
0.24986783,5,pca_sar,1,2
0.23171982,5,pca_sar,1,2
0.22815223,5,pca_sar,1,2
0.33371517,5,pca_sar,1,2
0.35366288,5,pca_sar,1,2
0.28235728,5,pca_sar,1,2
0.25243235,5,pca_sar,1,2
0.25632292,5,pca_sar,1,2
0.23945631,5,pca_sar,1,2
0.32345706,5,pca_sar,1,2
0.27723965,5,pca_sar,1,2
0.1698502,5,pca_sar,1,2
0.1737822,5,pca_sar,1,2
0.28472713,5,pca_sar,1,2
0.29633352,5,pca_sar,1,2
0.25290644,5,pca_sar,1,2
0.23161879,5,pca_sar,1,2
0.28217855,5,pca_sar,1,2
0.2475852,5,pca_sar,1,2
0.30672306,5,pca_sar,1,2
0.2497811,5,pca_sar,1,2
0.22456959,5,pca_sar,1,2
0.25660282,5,pca_sar,1,2
0.23526737,5,pca_sar,1,2
0.28997165,5,pca_sar,1,2
0.33052692,5,pca_sar,1,2
0.42689478,5,pca_sar,1,2
0.350381,5,pca_sar,1,2
0.27785665,5,pca_sar,1,2
0.2691161,5,pca_sar,1,2
0.33832455,5,pca_sar,1,2
0.26573375,5,pca_sar,1,2
0.2998376,5,pca_sar,1,2
0.32488617,5,pca_sar,1,2
0.3708735,5,pca_sar,1,2
0.28897178,5,pca_sar,1,2
0.30452508,5,pca_sar,1,2
0.2751038,5,pca_sar,1,2
0.26205617,5,pca_sar,1,2
0.31060672,5,pca_sar,1,2
0.24193504,5,pca_sar,1,2
0.3164264,5,pca_sar,1,2
0.3629226,5,pca_sar,1,2
0.20864618,5,pca_sar,1,2
0.45240435,5,pca_sar,1,2
0.3048622,5,pca_sar,1,2
0.5295249,5,pca_sar,1,2
0.41163087,5,pca_sar,1,2
0.30988294,5,pca_sar,1,2
0.50496244,5,pca_sar,1,2
0.34648302,5,pca_sar,1,2
0.3138971,5,pca_sar,1,2
0.28894857,5,pca_sar,1,2
0.4298513,5,pca_sar,1,2
0.2621104,5,pca_sar,1,2
0.3131556,5,pca_sar,1,2
0.31177765,5,pca_sar,1,2
0.39458823,5,pca_sar,1,2
0.22774747,5,pca_sar,1,2
0.30719152,5,pca_sar,1,2
0.34760588,5,pca_sar,1,2
0.41870606,5,pca_sar,1,2
0.27522692,5,pca_sar,1,2
0.27170348,5,pca_sar,1,2
0.41090083,5,pca_sar,1,2
0.29793763,5,pca_sar,1,2
0.32656097,5,pca_sar,1,2
0.2526365,5,pca_sar,1,2
0.27511084,5,pca_sar,1,2
0.27712753,5,pca_sar,1,2
0.26877868,5,pca_sar,1,2
0.15704799,1,pca_sar,1,2
0.14316192,1,pca_sar,1,2
0.19544315,1,pca_sar,1,2
0.10254813,1,pca_sar,1,2
0.056797832,1,pca_sar,1,2
0.12756285,1,pca_sar,1,2
0.18476915,1,pca_sar,1,2
0.097149916,1,pca_sar,1,2
0.03965652,1,pca_sar,1,2
-0.016154863,1,pca_sar,1,2
-0.008530045,1,pca_sar,1,2
0.09206425,1,pca_sar,1,2
0.15391816,1,pca_sar,1,2
0.14307846,1,pca_sar,1,2
0.070219815,1,pca_sar,1,2
0.021339636,1,pca_sar,1,2
-0.031537898,1,pca_sar,1,2
0.030853532,1,pca_sar,1,2
0.078477114,1,pca_sar,1,2
0.06502743,1,pca_sar,1,2
0.055343058,1,pca_sar,1,2
0.032993168,1,pca_sar,1,2
0.11471713,1,pca_sar,1,2
0.023534952,1,pca_sar,1,2
0.084462926,1,pca_sar,1,2
0.12793256,1,pca_sar,1,2
0.10977374,1,pca_sar,1,2
0.13880536,1,pca_sar,1,2
-0.039884724,1,pca_sar,1,2
-0.033937212,1,pca_sar,1,2
0.0492488,1,pca_sar,1,2
0.03782655,1,pca_sar,1,2
0.067368746,1,pca_sar,1,2
0.0136917755,1,pca_sar,1,2
0.06788472,1,pca_sar,1,2
0.059785463,1,pca_sar,1,2
0.020217607,1,pca_sar,1,2
-0.09684144,1,pca_sar,1,2
-0.06089657,1,pca_sar,1,2
0.048143566,1,pca_sar,1,2
0.057311997,1,pca_sar,1,2
0.05314923,1,pca_sar,1,2
0.03861472,1,pca_sar,1,2
0.074529685,1,pca_sar,1,2
0.051335882,1,pca_sar,1,2
0.012569191,1,pca_sar,1,2
0.010707453,1,pca_sar,1,2
-0.03565695,1,pca_sar,1,2
-0.0015874906,1,pca_sar,1,2
0.040476684,1,pca_sar,1,2
0.06710427,1,pca_sar,1,2
0.06385594,1,pca_sar,1,2
0.08692916,1,pca_sar,1,2
-0.09479128,1,pca_sar,1,2
-0.056009613,1,pca_sar,1,2
-0.0144401565,1,pca_sar,1,2
0.117579095,1,pca_sar,1,2
0.16057965,1,pca_sar,1,2
0.10842129,1,pca_sar,1,2
0.0445432,1,pca_sar,1,2
0.05874384,1,pca_sar,1,2
0.07308379,1,pca_sar,1,2
-0.0077114925,1,pca_sar,1,2
-0.019293176,1,pca_sar,1,2
0.09551993,1,pca_sar,1,2
0.08596835,1,pca_sar,1,2
0.018167999,1,pca_sar,1,2
0.061582208,1,pca_sar,1,2
0.01711399,1,pca_sar,1,2
0.033648044,1,pca_sar,1,2
0.068006225,1,pca_sar,1,2
0.0688999,1,pca_sar,1,2
0.06952089,1,pca_sar,1,2
0.021635322,1,pca_sar,1,2
0.01685642,1,pca_sar,1,2
0.09026843,1,pca_sar,1,2
-0.00019297097,1,pca_sar,1,2
0.079448014,1,pca_sar,1,2
0.1660083,1,pca_sar,1,2
0.16175064,1,pca_sar,1,2
0.04491412,1,pca_sar,1,2
0.03781785,1,pca_sar,1,2
0.13495451,1,pca_sar,1,2
0.044365667,1,pca_sar,1,2
0.040201403,1,pca_sar,1,2
0.091868676,1,pca_sar,1,2
-0.04892604,1,pca_sar,1,2
0.061447494,1,pca_sar,1,2
0.07655026,1,pca_sar,1,2
0.06937452,1,pca_sar,1,2
0.03665547,1,pca_sar,1,2
0.11239901,1,pca_sar,1,2
0.09259541,1,pca_sar,1,2
0.1599888,1,pca_sar,1,2
0.056073416,1,pca_sar,1,2
0.082374915,1,pca_sar,1,2
0.09363962,1,pca_sar,1,2
0.04698643,1,pca_sar,1,2
0.0845532,1,pca_sar,1,2
0.052421644,1,pca_sar,1,2
0.08600806,1,pca_sar,1,2
0.032362923,1,pca_sar,1,2
0.0837952,1,pca_sar,1,2
0.08653027,1,pca_sar,1,2
0.07331246,1,pca_sar,1,2
0.08820896,1,pca_sar,1,2
0.05536119,1,pca_sar,1,2
0.0455777,1,pca_sar,1,2
0.10793194,1,pca_sar,1,2
0.08237849,1,pca_sar,1,2
0.08087322,1,pca_sar,1,2
0.12003413,1,pca_sar,1,2
-0.05397609,1,pca_sar,1,2
0.054294806,1,pca_sar,1,2
0.08779085,1,pca_sar,1,2
0.07542738,1,pca_sar,1,2
0.11005052,1,pca_sar,1,2
0.12859719,1,pca_sar,1,2
0.20514755,1,pca_sar,1,2
0.08838238,1,pca_sar,1,2
0.058360405,1,pca_sar,1,2
-0.08915379,1,pca_sar,1,2
0.07966699,1,pca_sar,1,2
0.16670808,1,pca_sar,1,2
0.16878901,1,pca_sar,1,2
0.16045374,1,pca_sar,1,2
0.13516358,1,pca_sar,1,2
0.1927597,1,pca_sar,1,2
0.11856097,1,pca_sar,1,2
0.041028813,1,pca_sar,1,2
-0.007525701,1,pca_sar,1,2
0.038975302,1,pca_sar,1,2
0.03903534,1,pca_sar,1,2
0.12087305,1,pca_sar,1,2
0.16026229,1,pca_sar,1,2
0.14540137,1,pca_sar,1,2
0.17253199,1,pca_sar,1,2
0.01513835,1,pca_sar,1,2
0.042189546,1,pca_sar,1,2
0.045575865,1,pca_sar,1,2
0.13400292,1,pca_sar,1,2
0.1426462,1,pca_sar,1,2
0.09990378,1,pca_sar,1,2
0.13495985,1,pca_sar,1,2
0.060022347,1,pca_sar,1,2
0.016427452,1,pca_sar,1,2
-0.03700371,1,pca_sar,1,2
-0.03570349,1,pca_sar,1,2
0.12624337,1,pca_sar,1,2
0.058671556,1,pca_sar,1,2
0.06464526,1,pca_sar,1,2
0.07681181,1,pca_sar,1,2
-0.0012362283,1,pca_sar,1,2
0.012709258,1,pca_sar,1,2
0.008350462,1,pca_sar,1,2
0.034711897,1,pca_sar,1,2
0.18995687,1,pca_sar,1,2
0.094649196,1,pca_sar,1,2
-0.011136755,1,pca_sar,1,2
0.07431746,1,pca_sar,1,2
0.050153747,1,pca_sar,1,2
0.030419424,1,pca_sar,1,2
0.039628424,1,pca_sar,1,2
0.1447666,1,pca_sar,1,2
0.13287482,1,pca_sar,1,2
0.060104825,1,pca_sar,1,2
0.046451505,1,pca_sar,1,2
0.049181055,1,pca_sar,1,2
0.41339943,4,pca_sar,1,2
0.3205449,4,pca_sar,1,2
0.25632018,4,pca_sar,1,2
0.25474584,4,pca_sar,1,2
0.20694745,4,pca_sar,1,2
0.1048307,4,pca_sar,1,2
0.14998043,4,pca_sar,1,2
0.14876759,4,pca_sar,1,2
0.17173775,4,pca_sar,1,2
0.18341523,4,pca_sar,1,2
0.23329373,4,pca_sar,1,2
0.28279418,4,pca_sar,1,2
0.3224665,4,pca_sar,1,2
0.2893897,4,pca_sar,1,2
0.26858616,4,pca_sar,1,2
0.27037138,4,pca_sar,1,2
0.04042952,4,pca_sar,1,2
0.038014248,4,pca_sar,1,2
0.09482364,4,pca_sar,1,2
0.101755686,4,pca_sar,1,2
0.09176903,4,pca_sar,1,2
0.11079168,4,pca_sar,1,2
0.1468168,4,pca_sar,1,2
0.14723949,4,pca_sar,1,2
0.13921463,4,pca_sar,1,2
0.15551712,4,pca_sar,1,2
0.10507801,4,pca_sar,1,2
0.044552673,4,pca_sar,1,2
0.028420616,4,pca_sar,1,2
0.061946966,4,pca_sar,1,2
0.06762227,4,pca_sar,1,2
0.1746666,4,pca_sar,1,2
0.1268802,4,pca_sar,1,2
0.14276612,4,pca_sar,1,2
0.1253588,4,pca_sar,1,2
0.13165413,4,pca_sar,1,2
0.11734408,4,pca_sar,1,2
0.027807076,4,pca_sar,1,2
0.040871326,4,pca_sar,1,2
0.029630434,4,pca_sar,1,2
0.057140566,4,pca_sar,1,2
0.017806346,4,pca_sar,1,2
0.42046964,4,pca_sar,1,2
0.26629156,4,pca_sar,1,2
0.2523846,4,pca_sar,1,2
0.28726733,4,pca_sar,1,2
0.28361237,4,pca_sar,1,2
0.29429817,4,pca_sar,1,2
0.3018791,4,pca_sar,1,2
0.325,4,pca_sar,1,2
0.29269785,4,pca_sar,1,2
0.29945934,4,pca_sar,1,2
0.3026328,4,pca_sar,1,2
0.15199155,4,pca_sar,1,2
0.14671858,4,pca_sar,1,2
0.17972332,4,pca_sar,1,2
0.11704301,4,pca_sar,1,2
0.12729084,4,pca_sar,1,2
0.12822962,4,pca_sar,1,2
0.13419342,4,pca_sar,1,2
0.08153764,4,pca_sar,1,2
0.13077572,4,pca_sar,1,2
0.26393807,4,pca_sar,1,2
0.10697814,4,pca_sar,1,2
0.08801898,4,pca_sar,1,2
0.12304798,4,pca_sar,1,2
0.06115302,4,pca_sar,1,2
0.088538535,4,pca_sar,1,2
0.072409905,4,pca_sar,1,2
0.09999969,4,pca_sar,1,2
0.07158871,4,pca_sar,1,2
0.02615878,4,pca_sar,1,2
0.21895069,4,pca_sar,1,2
0.20481944,4,pca_sar,1,2
0.21542196,5,pca_sar,1,2
0.10918246,5,pca_sar,1,2
0.04214275,5,pca_sar,1,2
0.08726583,5,pca_sar,1,2
0.057227388,5,pca_sar,1,2
0.09242031,5,pca_sar,1,2
0.17799146,5,pca_sar,1,2
0.19724144,5,pca_sar,1,2
0.15888715,5,pca_sar,1,2
0.19814765,5,pca_sar,1,2
0.12137217,5,pca_sar,1,2
0.061011493,5,pca_sar,1,2
0.06335794,5,pca_sar,1,2
0.011366294,5,pca_sar,1,2
-0.0029635113,5,pca_sar,1,2
0.1258938,5,pca_sar,1,2
0.18606937,5,pca_sar,1,2
0.15985043,5,pca_sar,1,2
0.14992788,5,pca_sar,1,2
0.1142333,5,pca_sar,1,2
0.059837505,5,pca_sar,1,2
-0.030971555,5,pca_sar,1,2
-0.005455848,5,pca_sar,1,2
0.13098441,5,pca_sar,1,2
0.21043208,5,pca_sar,1,2
0.1724807,5,pca_sar,1,2
0.20518723,5,pca_sar,1,2
0.19383976,5,pca_sar,1,2
0.062696695,5,pca_sar,1,2
0.030646525,5,pca_sar,1,2
0.07582617,5,pca_sar,1,2
0.16072966,5,pca_sar,1,2
0.23720324,5,pca_sar,1,2
0.26510307,5,pca_sar,1,2
0.34596726,5,pca_sar,1,2
0.20757788,5,pca_sar,1,2
0.26269877,5,pca_sar,1,2
0.21890745,5,pca_sar,1,2
0.1989853,5,pca_sar,1,2
0.15947732,5,pca_sar,1,2
0.23240475,5,pca_sar,1,2
0.27528346,5,pca_sar,1,2
0.2729457,5,pca_sar,1,2
0.33699197,5,pca_sar,1,2
0.36324203,5,pca_sar,1,2
0.33954668,5,pca_sar,1,2
0.46516585,5,pca_sar,1,2
0.24850586,5,pca_sar,1,2
0.24378426,5,pca_sar,1,2
0.18213901,5,pca_sar,1,2
0.20549616,5,pca_sar,1,2
0.24600857,5,pca_sar,1,2
0.2969697,5,pca_sar,1,2
0.28884006,5,pca_sar,1,2
0.30041212,5,pca_sar,1,2
0.31164685,5,pca_sar,1,2
0.30934292,5,pca_sar,1,2
0.30944288,5,pca_sar,1,2
0.48142844,5,pca_sar,1,2
0.2511882,5,pca_sar,1,2
0.25977257,5,pca_sar,1,2
0.22329846,5,pca_sar,1,2
0.1650219,5,pca_sar,1,2
0.21780613,5,pca_sar,1,2
0.25634772,5,pca_sar,1,2
0.33561742,5,pca_sar,1,2
0.3089725,5,pca_sar,1,2
0.29461664,5,pca_sar,1,2
0.25244713,5,pca_sar,1,2
0.277793,5,pca_sar,1,2
0.33224404,5,pca_sar,1,2
0.5115955,5,pca_sar,1,2
0.29083177,5,pca_sar,1,2
0.32622105,5,pca_sar,1,2
0.27160758,5,pca_sar,1,2
0.24699879,5,pca_sar,1,2
0.32924336,5,pca_sar,1,2
0.29645205,5,pca_sar,1,2
0.339353,5,pca_sar,1,2
0.3658921,5,pca_sar,1,2
0.28556567,5,pca_sar,1,2
0.30329686,5,pca_sar,1,2
0.35680592,5,pca_sar,1,2
0.5256513,5,pca_sar,1,2
0.24266095,5,pca_sar,1,2
0.29823372,5,pca_sar,1,2
0.2900192,5,pca_sar,1,2
0.26120445,5,pca_sar,1,2
0.3450039,5,pca_sar,1,2
0.3093965,5,pca_sar,1,2
0.34344265,5,pca_sar,1,2
0.33129984,5,pca_sar,1,2
0.35720167,5,pca_sar,1,2
0.37912485,5,pca_sar,1,2
0.5221454,5,pca_sar,1,2
0.28283966,5,pca_sar,1,2
0.31457198,5,pca_sar,1,2
0.29567838,5,pca_sar,1,2
0.349845,5,pca_sar,1,2
0.36164904,5,pca_sar,1,2
0.5045382,5,pca_sar,1,2
0.31057554,5,pca_sar,1,2
0.3762865,5,pca_sar,1,2
0.53449804,5,pca_sar,1,2
0.37657747,5,pca_sar,1,2
0.5480933,5,pca_sar,1,2
0.4780236,5,pca_sar,1,2
0.23843798,5,pca_sar,1,2
0.16224161,5,pca_sar,1,2
0.09569193,5,pca_sar,1,2
-0.008279705,5,pca_sar,1,2
0.025460508,5,pca_sar,1,2
0.07988129,5,pca_sar,1,2
0.119377166,5,pca_sar,1,2
0.20078975,5,pca_sar,1,2
0.14480287,5,pca_sar,1,2
0.15497169,5,pca_sar,1,2
0.13102555,5,pca_sar,1,2
0.070520684,5,pca_sar,1,2
0.024470495,5,pca_sar,1,2
-0.026631203,5,pca_sar,1,2
0.03196905,5,pca_sar,1,2
0.08263798,5,pca_sar,1,2
0.21616317,5,pca_sar,1,2
0.17129406,5,pca_sar,1,2
0.17061913,5,pca_sar,1,2
0.11040059,5,pca_sar,1,2
0.012310002,5,pca_sar,1,2
-0.052174125,5,pca_sar,1,2
0.06258712,5,pca_sar,1,2
0.13149416,5,pca_sar,1,2
0.24415073,5,pca_sar,1,2
0.21102564,5,pca_sar,1,2
0.09822518,5,pca_sar,1,2
0.08316063,5,pca_sar,1,2
0.01563007,5,pca_sar,1,2
-0.02618403,5,pca_sar,1,2
0.084377885,5,pca_sar,1,2
0.15733632,5,pca_sar,1,2
0.27576193,5,pca_sar,1,2
0.25920585,5,pca_sar,1,2
0.2374871,5,pca_sar,1,2
0.18200731,5,pca_sar,1,2
0.20888963,5,pca_sar,1,2
0.17148763,5,pca_sar,1,2
0.16918114,5,pca_sar,1,2
0.1986517,5,pca_sar,1,2
0.20559198,5,pca_sar,1,2
0.3067543,5,pca_sar,1,2
0.28213382,5,pca_sar,1,2
0.26025712,5,pca_sar,1,2
0.25425753,5,pca_sar,1,2
0.29718783,5,pca_sar,1,2
0.3467247,5,pca_sar,1,2
0.2612121,5,pca_sar,1,2
0.2958595,5,pca_sar,1,2
0.29337502,5,pca_sar,1,2
0.24974401,5,pca_sar,1,2
0.27104133,5,pca_sar,1,2
0.29653227,5,pca_sar,1,2
0.27563515,5,pca_sar,1,2
0.3294074,5,pca_sar,1,2
0.29567748,5,pca_sar,1,2
0.24800694,5,pca_sar,1,2
0.2402035,5,pca_sar,1,2
0.26469553,5,pca_sar,1,2
0.3217568,5,pca_sar,1,2
0.27488065,5,pca_sar,1,2
0.29315206,5,pca_sar,1,2
0.3218373,5,pca_sar,1,2
0.36123323,5,pca_sar,1,2
0.3476208,5,pca_sar,1,2
0.2990347,5,pca_sar,1,2
0.30656236,5,pca_sar,1,2
0.32655582,5,pca_sar,1,2
0.32003865,5,pca_sar,1,2
0.37528032,5,pca_sar,1,2
0.32327226,5,pca_sar,1,2
0.2960962,5,pca_sar,1,2
0.27792004,5,pca_sar,1,2
0.30798614,5,pca_sar,1,2
0.37319165,5,pca_sar,1,2
0.33441094,5,pca_sar,1,2
0.30729467,5,pca_sar,1,2
0.26536262,5,pca_sar,1,2
0.3369304,5,pca_sar,1,2
0.32500854,5,pca_sar,1,2
0.37343165,5,pca_sar,1,2
0.34640354,5,pca_sar,1,2
0.35743603,5,pca_sar,1,2
0.36890036,5,pca_sar,1,2
0.42445087,5,pca_sar,1,2
0.29900202,5,pca_sar,1,2
0.30388772,5,pca_sar,1,2
0.29280183,5,pca_sar,1,2
0.31875268,5,pca_sar,1,2
0.28546274,5,pca_sar,1,2
0.3249347,5,pca_sar,1,2
0.29254383,5,pca_sar,1,2
0.20489588,5,pca_sar,1,2
0.29046297,5,pca_sar,1,2
0.30370983,5,pca_sar,1,2
0.3690227,5,pca_sar,1,2
0.3458358,5,pca_sar,1,2
0.32981494,5,pca_sar,1,2
0.33656418,5,pca_sar,1,2
0.3359203,5,pca_sar,1,2
0.27299377,5,pca_sar,1,2
0.256127,5,pca_sar,1,2
0.32825208,5,pca_sar,1,2
0.2829355,5,pca_sar,1,2
0.31581914,5,pca_sar,1,2
0.31010437,5,pca_sar,1,2
0.3192803,5,pca_sar,1,2
0.24587497,5,pca_sar,1,2
0.2646026,5,pca_sar,1,2
0.31206825,5,pca_sar,1,2
0.33002654,5,pca_sar,1,2
0.2780289,5,pca_sar,1,2
0.32237086,5,pca_sar,1,2
0.31052476,5,pca_sar,1,2
0.33509946,5,pca_sar,1,2
0.317532,5,pca_sar,1,2
0.35911283,5,pca_sar,1,2
0.280908,5,pca_sar,1,2
0.27580822,5,pca_sar,1,2
0.28700137,5,pca_sar,1,2
0.28279036,5,pca_sar,1,2
0.33211356,5,pca_sar,1,2
0.31429064,5,pca_sar,1,2
0.32991433,5,pca_sar,1,2
0.31614164,5,pca_sar,1,2
0.33630323,5,pca_sar,1,2
0.34828067,5,pca_sar,1,2
0.3592438,5,pca_sar,1,2
0.31664175,5,pca_sar,1,2
0.32226646,5,pca_sar,1,2
0.29693455,5,pca_sar,1,2
0.35184458,5,pca_sar,1,2
0.33483908,5,pca_sar,1,2
0.30957532,5,pca_sar,1,2
0.34519488,5,pca_sar,1,2
0.31926215,5,pca_sar,1,2
0.27643514,5,pca_sar,1,2
0.4293028,5,pca_sar,1,2
0.47287798,5,pca_sar,1,2
0.3179383,5,pca_sar,1,2
0.4704885,5,pca_sar,1,2
0.29941452,5,pca_sar,1,2
0.44517824,5,pca_sar,1,2
0.2736717,5,pca_sar,1,2
0.2649329,5,pca_sar,1,2
0.4378497,5,pca_sar,1,2
0.26072493,5,pca_sar,1,2
0.27190357,5,pca_sar,1,2
0.33807448,5,pca_sar,1,2
0.41243362,5,pca_sar,1,2
0.22753829,5,pca_sar,1,2
0.30430436,5,pca_sar,1,2
0.35707277,5,pca_sar,1,2
0.40007663,5,pca_sar,1,2
0.26752633,5,pca_sar,1,2
0.3311947,5,pca_sar,1,2
0.3560257,5,pca_sar,1,2
0.41912556,5,pca_sar,1,2
0.30230418,5,pca_sar,1,2
0.38786468,5,pca_sar,1,2
0.41555744,5,pca_sar,1,2
0.2796975,5,pca_sar,1,2
0.34104323,5,pca_sar,1,2
0.25638717,5,pca_sar,1,2
0.2999924,5,pca_sar,1,2
0.27109885,5,pca_sar,1,2
0.3720646,5,pca_sar,1,2
0.08944386,1,pca_sar,1,2
0.03971473,1,pca_sar,1,2
0.116587535,1,pca_sar,1,2
0.09422861,1,pca_sar,1,2
0.0905389,1,pca_sar,1,2
0.16659729,1,pca_sar,1,2
0.2500183,1,pca_sar,1,2
0.18600945,1,pca_sar,1,2
0.15190266,1,pca_sar,1,2
0.1080115,1,pca_sar,1,2
0.09868862,1,pca_sar,1,2
0.11138448,1,pca_sar,1,2
0.12574673,1,pca_sar,1,2
0.13268404,1,pca_sar,1,2
0.10068433,1,pca_sar,1,2
0.09396237,1,pca_sar,1,2
0.07768561,1,pca_sar,1,2
0.104875125,1,pca_sar,1,2
0.13694991,1,pca_sar,1,2
0.1409024,1,pca_sar,1,2
0.16443168,1,pca_sar,1,2
0.10554782,1,pca_sar,1,2
0.15144072,1,pca_sar,1,2
0.13150485,1,pca_sar,1,2
0.087622315,1,pca_sar,1,2
0.096098855,1,pca_sar,1,2
0.0659354,1,pca_sar,1,2
0.09366377,1,pca_sar,1,2
-0.034269247,1,pca_sar,1,2
0.008766849,1,pca_sar,1,2
0.12980658,1,pca_sar,1,2
0.105210125,1,pca_sar,1,2
0.10477431,1,pca_sar,1,2
0.051709503,1,pca_sar,1,2
0.08133789,1,pca_sar,1,2
0.13026087,1,pca_sar,1,2
0.100360565,1,pca_sar,1,2
-0.12848853,1,pca_sar,1,2
-0.1003843,1,pca_sar,1,2
0.07433786,1,pca_sar,1,2
0.06841032,1,pca_sar,1,2
0.12051464,1,pca_sar,1,2
0.024718951,1,pca_sar,1,2
0.03109599,1,pca_sar,1,2
0.09749833,1,pca_sar,1,2
0.048585847,1,pca_sar,1,2
0.026136942,1,pca_sar,1,2
-0.05579348,1,pca_sar,1,2
-0.013117384,1,pca_sar,1,2
0.05403973,1,pca_sar,1,2
0.063169256,1,pca_sar,1,2
0.003308041,1,pca_sar,1,2
0.10070786,1,pca_sar,1,2
-0.06895455,1,pca_sar,1,2
-0.083677046,1,pca_sar,1,2
-0.04685791,1,pca_sar,1,2
0.034185328,1,pca_sar,1,2
0.11087445,1,pca_sar,1,2
0.03383168,1,pca_sar,1,2
0.03403163,1,pca_sar,1,2
0.042133257,1,pca_sar,1,2
-0.0029712915,1,pca_sar,1,2
-0.023805933,1,pca_sar,1,2
-0.0009041708,1,pca_sar,1,2
0.08385166,1,pca_sar,1,2
0.06296854,1,pca_sar,1,2
0.041268744,1,pca_sar,1,2
-0.003203785,1,pca_sar,1,2
-0.03022776,1,pca_sar,1,2
-0.055629432,1,pca_sar,1,2
-0.031493172,1,pca_sar,1,2
0.030807346,1,pca_sar,1,2
0.11937099,1,pca_sar,1,2
0.048964843,1,pca_sar,1,2
0.036344014,1,pca_sar,1,2
0.059133925,1,pca_sar,1,2
3.3587217e-05,1,pca_sar,1,2
0.018496886,1,pca_sar,1,2
0.03202784,1,pca_sar,1,2
0.09598625,1,pca_sar,1,2
0.10191941,1,pca_sar,1,2
0.07299112,1,pca_sar,1,2
0.07758579,1,pca_sar,1,2
0.02998614,1,pca_sar,1,2
0.13604532,1,pca_sar,1,2
0.0829595,1,pca_sar,1,2
0.1859029,1,pca_sar,1,2
0.12943818,1,pca_sar,1,2
0.071461864,1,pca_sar,1,2
0.09129484,1,pca_sar,1,2
0.21718945,1,pca_sar,1,2
0.16966589,1,pca_sar,1,2
0.1685331,1,pca_sar,1,2
0.1319588,1,pca_sar,1,2
0.076174855,1,pca_sar,1,2
0.0422872,1,pca_sar,1,2
0.05446977,1,pca_sar,1,2
0.12278426,1,pca_sar,1,2
0.08824684,1,pca_sar,1,2
0.10821711,1,pca_sar,1,2
0.087655514,1,pca_sar,1,2
0.057575613,1,pca_sar,1,2
0.09138078,1,pca_sar,1,2
0.12135858,1,pca_sar,1,2
0.12017365,1,pca_sar,1,2
0.079770155,1,pca_sar,1,2
0.03177313,1,pca_sar,1,2
0.098728195,1,pca_sar,1,2
0.12683317,1,pca_sar,1,2
0.18511373,1,pca_sar,1,2
0.13655606,1,pca_sar,1,2
0.03088796,1,pca_sar,1,2
-0.053927362,1,pca_sar,1,2
-0.05778604,1,pca_sar,1,2
0.07862041,1,pca_sar,1,2
0.103655696,1,pca_sar,1,2
0.111197084,1,pca_sar,1,2
0.025247265,1,pca_sar,1,2
0.015048124,1,pca_sar,1,2
0.035023905,1,pca_sar,1,2
0.05558924,1,pca_sar,1,2
-0.17545156,1,pca_sar,1,2
-0.054989967,1,pca_sar,1,2
0.09212031,1,pca_sar,1,2
0.16464113,1,pca_sar,1,2
0.13309821,1,pca_sar,1,2
0.0102336425,1,pca_sar,1,2
-0.07659975,1,pca_sar,1,2
-0.041799664,1,pca_sar,1,2
0.07352926,1,pca_sar,1,2
-0.00041335635,1,pca_sar,1,2
0.024554372,1,pca_sar,1,2
0.1317646,1,pca_sar,1,2
0.10662915,1,pca_sar,1,2
0.1258806,1,pca_sar,1,2
0.026202392,1,pca_sar,1,2
-0.012544546,1,pca_sar,1,2
-0.09267164,1,pca_sar,1,2
-0.019133035,1,pca_sar,1,2
0.092489116,1,pca_sar,1,2
0.13416974,1,pca_sar,1,2
0.18444043,1,pca_sar,1,2
0.031946033,1,pca_sar,1,2
-0.03911601,1,pca_sar,1,2
-0.006040696,1,pca_sar,1,2
-0.02647086,1,pca_sar,1,2
-0.03669924,1,pca_sar,1,2
0.030087331,1,pca_sar,1,2
0.13035053,1,pca_sar,1,2
-0.020892367,1,pca_sar,1,2
-0.024344986,1,pca_sar,1,2
0.018885795,1,pca_sar,1,2
0.032143243,1,pca_sar,1,2
0.042867336,1,pca_sar,1,2
0.052647296,1,pca_sar,1,2
0.061784003,1,pca_sar,1,2
0.09154875,1,pca_sar,1,2
-0.0021998584,1,pca_sar,1,2
0.021087114,1,pca_sar,1,2
0.053255625,1,pca_sar,1,2
-0.0100438595,1,pca_sar,1,2
0.09927195,1,pca_sar,1,2
0.18439637,1,pca_sar,1,2
0.16416594,1,pca_sar,1,2
0.21560775,1,pca_sar,1,2
0.1097316,1,pca_sar,1,2
0.06912369,1,pca_sar,1,2
0.09111627,1,pca_sar,1,2
0.25490737,1,pca_sar,1,2
0.27238697,1,pca_sar,1,2
0.27255273,1,pca_sar,1,2
0.29580098,1,pca_sar,1,2
0.31992385,1,pca_sar,1,2
0.28049392,1,pca_sar,1,2
0.23366646,1,pca_sar,1,2
0.27369726,1,pca_sar,1,2
0.28044468,1,pca_sar,1,2
0.27202782,1,pca_sar,1,2
0.2450039,1,pca_sar,1,2
0.25103128,1,pca_sar,1,2
0.2621246,1,pca_sar,1,2
0.20212612,1,pca_sar,1,2
0.28139278,1,pca_sar,1,2
0.32642788,1,pca_sar,1,2
0.2988231,1,pca_sar,1,2
0.47012147,1,pca_sar,1,2
0.2515539,1,pca_sar,1,2
0.23684692,1,pca_sar,1,2
0.28254324,1,pca_sar,1,2
0.23789833,1,pca_sar,1,2
0.26721853,1,pca_sar,1,2
0.3236281,1,pca_sar,1,2
0.33933765,1,pca_sar,1,2
0.501617,1,pca_sar,1,2
0.3361171,1,pca_sar,1,2
0.2956584,1,pca_sar,1,2
0.24458054,1,pca_sar,1,2
0.21819533,1,pca_sar,1,2
0.24688946,1,pca_sar,1,2
0.19859087,1,pca_sar,1,2
0.24565674,1,pca_sar,1,2
0.29964048,1,pca_sar,1,2
0.35214135,1,pca_sar,1,2
0.5088893,1,pca_sar,1,2
0.3243749,1,pca_sar,1,2
0.25217015,1,pca_sar,1,2
0.20913735,1,pca_sar,1,2
0.23090148,1,pca_sar,1,2
0.27828056,1,pca_sar,1,2
0.17895907,1,pca_sar,1,2
0.2419369,1,pca_sar,1,2
0.28757194,1,pca_sar,1,2
0.3458575,1,pca_sar,1,2
0.4978868,1,pca_sar,1,2
0.19059008,1,pca_sar,1,2
0.19419834,1,pca_sar,1,2
0.21187146,1,pca_sar,1,2
0.15806746,1,pca_sar,1,2
0.20508075,1,pca_sar,1,2
0.24774821,1,pca_sar,1,2
0.32433903,1,pca_sar,1,2
0.4774012,1,pca_sar,1,2
0.18904145,1,pca_sar,1,2
0.2199404,1,pca_sar,1,2
0.17156032,1,pca_sar,1,2
0.21944849,1,pca_sar,1,2
0.26777935,1,pca_sar,1,2
0.31079215,1,pca_sar,1,2
0.45331508,1,pca_sar,1,2
0.29633307,1,pca_sar,1,2
0.256759,1,pca_sar,1,2
0.25480998,1,pca_sar,1,2
0.28444153,1,pca_sar,1,2
0.2826966,1,pca_sar,1,2
0.41545373,1,pca_sar,1,2
0.26442432,1,pca_sar,1,2
0.25765297,1,pca_sar,1,2
0.2776304,1,pca_sar,1,2
0.28264636,1,pca_sar,1,2
0.47287384,1,pca_sar,1,2
0.20196974,1,pca_sar,1,2
0.1883803,1,pca_sar,1,2
0.21868947,1,pca_sar,1,2
0.42351303,1,pca_sar,1,2
0.2539136,1,pca_sar,1,2
0.2815627,1,pca_sar,1,2
0.40752137,1,pca_sar,1,2
0.35514474,1,pca_sar,1,2
0.43870056,1,pca_sar,1,2
0.2379694,1,pca_sar,1,2
0.21506384,1,pca_sar,1,2
0.26724607,1,pca_sar,1,2
0.33622804,1,pca_sar,1,2
0.27712977,1,pca_sar,1,2
0.27729976,1,pca_sar,1,2
0.34121963,1,pca_sar,1,2
0.2393865,1,pca_sar,1,2
0.25848842,1,pca_sar,1,2
0.25718018,1,pca_sar,1,2
0.20994797,1,pca_sar,1,2
0.17798232,1,pca_sar,1,2
0.2410439,1,pca_sar,1,2
0.22872335,1,pca_sar,1,2
0.27698103,1,pca_sar,1,2
0.28677633,1,pca_sar,1,2
0.22409372,1,pca_sar,1,2
0.2611277,1,pca_sar,1,2
0.28027403,1,pca_sar,1,2
0.27449012,1,pca_sar,1,2
0.19224925,1,pca_sar,1,2
0.19078594,1,pca_sar,1,2
0.23966764,1,pca_sar,1,2
0.2871739,1,pca_sar,1,2
0.2908945,1,pca_sar,1,2
0.23589201,1,pca_sar,1,2
0.23744813,1,pca_sar,1,2
0.22673157,1,pca_sar,1,2
0.21765544,1,pca_sar,1,2
0.24419785,1,pca_sar,1,2
0.23467776,1,pca_sar,1,2
0.22965243,1,pca_sar,1,2
0.24852072,1,pca_sar,1,2
0.27813745,1,pca_sar,1,2
0.25978848,1,pca_sar,1,2
0.1950827,1,pca_sar,1,2
0.20016542,1,pca_sar,1,2
0.19297998,1,pca_sar,1,2
0.22560668,1,pca_sar,1,2
0.23316947,1,pca_sar,1,2
0.24972852,1,pca_sar,1,2
0.24848196,1,pca_sar,1,2
0.27851343,1,pca_sar,1,2
0.2442483,1,pca_sar,1,2
0.20363928,1,pca_sar,1,2
0.19143674,1,pca_sar,1,2
0.27512842,1,pca_sar,1,2
0.28319013,1,pca_sar,1,2
0.23165631,1,pca_sar,1,2
0.25387007,1,pca_sar,1,2
0.3315289,1,pca_sar,1,2
0.3368861,1,pca_sar,1,2
0.23729493,1,pca_sar,1,2
0.21183114,1,pca_sar,1,2
0.23691836,1,pca_sar,1,2
0.2565952,1,pca_sar,1,2
0.22553462,1,pca_sar,1,2
0.25601473,1,pca_sar,1,2
0.24935088,1,pca_sar,1,2
0.280895,1,pca_sar,1,2
0.32177737,1,pca_sar,1,2
0.34186137,1,pca_sar,1,2
0.31782955,1,pca_sar,1,2
0.2859149,1,pca_sar,1,2
0.2586261,1,pca_sar,1,2
0.18998401,1,pca_sar,1,2
0.24333274,1,pca_sar,1,2
0.24357115,1,pca_sar,1,2
0.23655032,1,pca_sar,1,2
0.2597056,1,pca_sar,1,2
0.33282772,1,pca_sar,1,2
0.29171616,1,pca_sar,1,2
0.20217407,1,pca_sar,1,2
0.18622525,1,pca_sar,1,2
0.20063171,1,pca_sar,1,2
0.23533808,1,pca_sar,1,2
0.2327459,1,pca_sar,1,2
0.29275492,1,pca_sar,1,2
0.31520528,1,pca_sar,1,2
0.32976842,1,pca_sar,1,2
0.29023635,1,pca_sar,1,2
0.26826978,1,pca_sar,1,2
0.2643664,1,pca_sar,1,2
0.21287677,1,pca_sar,1,2
0.236042,1,pca_sar,1,2
0.21831706,1,pca_sar,1,2
0.21512584,1,pca_sar,1,2
0.24111696,1,pca_sar,1,2
0.2904383,1,pca_sar,1,2
0.25209045,1,pca_sar,1,2
0.22139421,1,pca_sar,1,2
0.2515959,1,pca_sar,1,2
0.22184801,1,pca_sar,1,2
0.1992718,1,pca_sar,1,2
0.25562465,1,pca_sar,1,2
0.28886044,1,pca_sar,1,2
0.29478982,1,pca_sar,1,2
0.22499037,1,pca_sar,1,2
0.19641382,1,pca_sar,1,2
0.16980156,1,pca_sar,1,2
0.16183034,1,pca_sar,1,2
0.23163368,1,pca_sar,1,2
0.19396211,1,pca_sar,1,2
0.20803425,1,pca_sar,1,2
0.23076215,1,pca_sar,1,2
0.21724658,1,pca_sar,1,2
0.22645739,1,pca_sar,1,2
0.22971536,1,pca_sar,1,2
0.27387846,1,pca_sar,1,2
0.22446245,1,pca_sar,1,2
0.19356285,1,pca_sar,1,2
0.11807634,1,pca_sar,1,2
0.121015854,1,pca_sar,1,2
0.16043484,1,pca_sar,1,2
0.11911085,1,pca_sar,1,2
0.14352441,1,pca_sar,1,2
0.19014087,1,pca_sar,1,2
0.18084905,1,pca_sar,1,2
0.21295075,1,pca_sar,1,2
0.19985461,1,pca_sar,1,2
0.21759549,1,pca_sar,1,2
0.20502754,1,pca_sar,1,2
0.14140709,1,pca_sar,1,2
0.16362062,1,pca_sar,1,2
0.22301316,1,pca_sar,1,2
0.19457428,1,pca_sar,1,2
0.19081593,1,pca_sar,1,2
0.229852,1,pca_sar,1,2
0.22784515,1,pca_sar,1,2
0.22705361,1,pca_sar,1,2
0.19830163,1,pca_sar,1,2
0.19398649,1,pca_sar,1,2
0.19071874,1,pca_sar,1,2
0.22991785,1,pca_sar,1,2
0.273825,1,pca_sar,1,2
0.19725457,1,pca_sar,1,2
0.2401124,1,pca_sar,1,2
0.18873474,1,pca_sar,1,2
0.20180371,1,pca_sar,1,2
0.18647711,1,pca_sar,1,2
0.19368905,1,pca_sar,1,2
0.19823042,1,pca_sar,1,2
0.19555075,1,pca_sar,1,2
0.19247341,1,pca_sar,1,2
0.19092898,1,pca_sar,1,2
0.24248077,1,pca_sar,1,2
0.20871639,1,pca_sar,1,2
0.19735403,1,pca_sar,1,2
0.19083203,1,pca_sar,1,2
0.23512532,1,pca_sar,1,2
0.20057242,1,pca_sar,1,2
0.19595748,1,pca_sar,1,2
0.21015519,1,pca_sar,1,2
0.18341866,1,pca_sar,1,2
0.19551542,1,pca_sar,1,2
0.22604601,1,pca_sar,1,2
0.2872151,1,pca_sar,1,2
0.24794835,1,pca_sar,1,2
0.14411947,1,pca_sar,1,2
0.20579588,1,pca_sar,1,2
0.19737712,1,pca_sar,1,2
0.18840371,1,pca_sar,1,2
0.22923397,1,pca_sar,1,2
0.22476646,1,pca_sar,1,2
0.25731373,1,pca_sar,1,2
0.2658694,1,pca_sar,1,2
0.2844904,1,pca_sar,1,2
0.28728062,1,pca_sar,1,2
0.24397865,1,pca_sar,1,2
0.17811748,1,pca_sar,1,2
0.20206624,1,pca_sar,1,2
0.17495531,1,pca_sar,1,2
0.22178476,1,pca_sar,1,2
0.23354413,1,pca_sar,1,2
0.19629273,1,pca_sar,1,2
0.26035467,1,pca_sar,1,2
0.23837793,1,pca_sar,1,2
0.24391651,1,pca_sar,1,2
0.30870166,1,pca_sar,1,2
0.32931212,1,pca_sar,1,2
0.28155726,1,pca_sar,1,2
0.30852196,1,pca_sar,1,2
0.3829235,1,pca_sar,1,2
0.34995997,1,pca_sar,1,2
0.35799354,1,pca_sar,1,2
0.3078711,1,pca_sar,1,2
0.34156883,1,pca_sar,1,2
0.25275117,1,pca_sar,1,2
0.21416993,1,pca_sar,1,2
0.30467755,1,pca_sar,1,2
0.31589958,1,pca_sar,1,2
0.3179441,1,pca_sar,1,2
0.26518375,1,pca_sar,1,2
0.2518989,1,pca_sar,1,2
0.30275914,1,pca_sar,1,2
0.3259963,1,pca_sar,1,2
0.26744753,1,pca_sar,1,2
0.21885139,1,pca_sar,1,2
0.2779094,1,pca_sar,1,2
0.2911443,1,pca_sar,1,2
0.31305438,1,pca_sar,1,2
0.27302596,1,pca_sar,1,2
0.29081535,1,pca_sar,1,2
0.33356616,1,pca_sar,1,2
0.32274345,1,pca_sar,1,2
0.3274557,1,pca_sar,1,2
0.27014726,1,pca_sar,1,2
0.21531245,1,pca_sar,1,2
0.25764817,1,pca_sar,1,2
0.26337767,1,pca_sar,1,2
0.27623376,1,pca_sar,1,2
0.251045,1,pca_sar,1,2
0.3032685,1,pca_sar,1,2
0.3212071,1,pca_sar,1,2
0.3022983,1,pca_sar,1,2
0.24705714,1,pca_sar,1,2
0.27990973,1,pca_sar,1,2
0.29047,1,pca_sar,1,2
0.27840048,1,pca_sar,1,2
0.2698593,1,pca_sar,1,2
0.28516808,1,pca_sar,1,2
0.28638285,1,pca_sar,1,2
0.34151387,1,pca_sar,1,2
0.30734158,1,pca_sar,1,2
0.21834207,1,pca_sar,1,2
0.23543382,1,pca_sar,1,2
0.24155778,1,pca_sar,1,2
0.34091687,1,pca_sar,1,2
0.2467693,1,pca_sar,1,2
0.23455454,1,pca_sar,1,2
0.25820768,1,pca_sar,1,2
0.25817078,1,pca_sar,1,2
0.34050453,1,pca_sar,1,2
0.23786032,1,pca_sar,1,2
0.19984674,1,pca_sar,1,2
0.26671487,1,pca_sar,1,2
0.2545329,1,pca_sar,1,2
0.28175554,1,pca_sar,1,2
0.25056565,1,pca_sar,1,2
0.3656441,1,pca_sar,1,2
0.25060415,1,pca_sar,1,2
0.16005869,1,pca_sar,1,2
0.18881711,1,pca_sar,1,2
0.20381415,1,pca_sar,1,2
0.26433486,1,pca_sar,1,2
0.25673476,1,pca_sar,1,2
0.41019583,1,pca_sar,1,2
0.2808281,1,pca_sar,1,2
0.17166546,1,pca_sar,1,2
0.210444,1,pca_sar,1,2
0.20882683,1,pca_sar,1,2
0.25148848,1,pca_sar,1,2
0.27157843,1,pca_sar,1,2
0.4297397,1,pca_sar,1,2
0.30529058,1,pca_sar,1,2
0.22332117,1,pca_sar,1,2
0.22896904,1,pca_sar,1,2
0.17781574,1,pca_sar,1,2
0.22356126,1,pca_sar,1,2
0.26554844,1,pca_sar,1,2
0.38821092,1,pca_sar,1,2
0.13230732,4,pca_sar,1,2
0.1382699,4,pca_sar,1,2
0.133164,4,pca_sar,1,2
0.12897521,4,pca_sar,1,2
0.10882956,4,pca_sar,1,2
0.1909841,4,pca_sar,1,2
0.12685597,4,pca_sar,1,2
0.13249831,4,pca_sar,1,2
0.15278879,4,pca_sar,1,2
0.18573506,4,pca_sar,1,2
0.12720394,4,pca_sar,1,2
0.16152781,4,pca_sar,1,2
0.13880527,4,pca_sar,1,2
0.08736642,4,pca_sar,1,2
0.21473733,4,pca_sar,1,2
0.23226503,4,pca_sar,1,2
0.14213565,4,pca_sar,1,2
0.18851352,4,pca_sar,1,2
0.16811259,4,pca_sar,1,2
0.13987406,4,pca_sar,1,2
0.18554083,4,pca_sar,1,2
0.23080285,4,pca_sar,1,2
0.22149806,4,pca_sar,1,2
0.20688136,4,pca_sar,1,2
0.15000959,4,pca_sar,1,2
0.13110131,4,pca_sar,1,2
0.08373199,4,pca_sar,1,2
0.07594384,4,pca_sar,1,2
0.011688482,4,pca_sar,1,2
0.15726377,4,pca_sar,1,2
0.20969208,4,pca_sar,1,2
0.2195453,4,pca_sar,1,2
0.1942668,4,pca_sar,1,2
0.15619549,4,pca_sar,1,2
0.15731654,4,pca_sar,1,2
0.117273875,4,pca_sar,1,2
0.086503744,4,pca_sar,1,2
0.06190762,4,pca_sar,1,2
0.14974909,4,pca_sar,1,2
0.19668773,4,pca_sar,1,2
0.14296952,4,pca_sar,1,2
0.16904783,4,pca_sar,1,2
0.18866268,4,pca_sar,1,2
0.16780075,4,pca_sar,1,2
0.08493564,4,pca_sar,1,2
0.035105523,4,pca_sar,1,2
0.064739466,4,pca_sar,1,2
0.17285335,4,pca_sar,1,2
0.1655694,4,pca_sar,1,2
0.1567339,4,pca_sar,1,2
0.15829298,4,pca_sar,1,2
0.15998875,4,pca_sar,1,2
0.12077098,4,pca_sar,1,2
0.051675133,4,pca_sar,1,2
0.03774046,4,pca_sar,1,2
0.101728596,4,pca_sar,1,2
0.2014209,4,pca_sar,1,2
0.2050876,4,pca_sar,1,2
0.25091112,4,pca_sar,1,2
0.1922538,4,pca_sar,1,2
0.10110606,4,pca_sar,1,2
0.08042525,4,pca_sar,1,2
0.08904046,4,pca_sar,1,2
0.09306392,4,pca_sar,1,2
0.13326436,4,pca_sar,1,2
0.24181652,4,pca_sar,1,2
0.25013667,4,pca_sar,1,2
0.20121157,4,pca_sar,1,2
0.17536244,4,pca_sar,1,2
0.0996712,4,pca_sar,1,2
0.1131473,4,pca_sar,1,2
0.13097492,4,pca_sar,1,2
0.28459376,4,pca_sar,1,2
0.20536506,4,pca_sar,1,2
0.15543333,4,pca_sar,1,2
0.12628067,4,pca_sar,1,2
0.11527808,4,pca_sar,1,2
0.11127588,4,pca_sar,1,2
0.07933847,4,pca_sar,1,2
0.1222566,4,pca_sar,1,2
0.036192134,4,pca_sar,1,2
0.032285344,4,pca_sar,1,2
0.0917272,4,pca_sar,1,2
0.092522055,4,pca_sar,1,2
0.11849288,4,pca_sar,1,2
0.13961731,4,pca_sar,1,2
0.080811836,4,pca_sar,1,2
0.120730765,4,pca_sar,1,2
0.12334709,4,pca_sar,1,2
0.06098169,4,pca_sar,1,2
0.13012125,4,pca_sar,1,2
0.15663171,4,pca_sar,1,2
0.121570915,4,pca_sar,1,2
0.20477296,4,pca_sar,1,2
0.16023976,4,pca_sar,1,2
0.06980513,4,pca_sar,1,2
0.11415493,4,pca_sar,1,2
0.16143325,4,pca_sar,1,2
0.17532808,4,pca_sar,1,2
0.18256086,4,pca_sar,1,2
0.14581248,4,pca_sar,1,2
0.085312314,4,pca_sar,1,2
0.1497551,4,pca_sar,1,2
0.09775905,4,pca_sar,1,2
-0.01796816,4,pca_sar,1,2
0.12896684,4,pca_sar,1,2
0.16741249,4,pca_sar,1,2
0.15120745,4,pca_sar,1,2
0.15238662,4,pca_sar,1,2
0.11697015,4,pca_sar,1,2
0.09295857,4,pca_sar,1,2
0.16626687,4,pca_sar,1,2
0.1588857,4,pca_sar,1,2
0.057373013,4,pca_sar,1,2
0.23424867,4,pca_sar,1,2
0.25531295,4,pca_sar,1,2
0.15708709,4,pca_sar,1,2
0.17822087,4,pca_sar,1,2
0.1722329,4,pca_sar,1,2
0.11456689,4,pca_sar,1,2
0.12168094,4,pca_sar,1,2
0.061513502,4,pca_sar,1,2
0.06860768,4,pca_sar,1,2
0.25980017,4,pca_sar,1,2
0.2764879,4,pca_sar,1,2
0.18771988,4,pca_sar,1,2
0.20642728,4,pca_sar,1,2
0.17767826,4,pca_sar,1,2
0.14054471,4,pca_sar,1,2
0.18393247,4,pca_sar,1,2
0.08503401,4,pca_sar,1,2
0.08771897,4,pca_sar,1,2
0.18953614,4,pca_sar,1,2
0.1932602,4,pca_sar,1,2
0.2005521,4,pca_sar,1,2
0.17312685,4,pca_sar,1,2
0.12568726,4,pca_sar,1,2
0.1378447,4,pca_sar,1,2
0.20083755,4,pca_sar,1,2
0.12222086,4,pca_sar,1,2
0.061131075,4,pca_sar,1,2
0.21542235,4,pca_sar,1,2
0.22572981,4,pca_sar,1,2
0.27390802,4,pca_sar,1,2
0.23718345,4,pca_sar,1,2
0.13856861,4,pca_sar,1,2
0.12215501,4,pca_sar,1,2
0.13437098,4,pca_sar,1,2
0.19142774,4,pca_sar,1,2
0.18236983,4,pca_sar,1,2
0.13066047,4,pca_sar,1,2
0.10333818,4,pca_sar,1,2
0.2884797,1,pca_sar,1,2
0.268493,1,pca_sar,1,2
0.30310956,1,pca_sar,1,2
0.36532652,1,pca_sar,1,2
0.27098674,1,pca_sar,1,2
0.25900173,1,pca_sar,1,2
0.26860338,1,pca_sar,1,2
0.26107103,1,pca_sar,1,2
0.3058551,1,pca_sar,1,2
0.2272799,1,pca_sar,1,2
0.30108184,1,pca_sar,1,2
0.27502412,1,pca_sar,1,2
0.3013598,1,pca_sar,1,2
0.3031776,1,pca_sar,1,2
0.25990295,1,pca_sar,1,2
0.3105762,1,pca_sar,1,2
0.24891067,1,pca_sar,1,2
0.35223866,1,pca_sar,1,2
0.29133603,1,pca_sar,1,2
0.3129213,1,pca_sar,1,2
0.3709416,1,pca_sar,1,2
0.28006887,1,pca_sar,1,2
0.23432155,1,pca_sar,1,2
0.2720231,1,pca_sar,1,2
0.2371431,1,pca_sar,1,2
0.3476414,1,pca_sar,1,2
0.22199833,1,pca_sar,1,2
0.20103139,1,pca_sar,1,2
0.28877407,1,pca_sar,1,2
0.2319227,1,pca_sar,1,2
0.3211184,1,pca_sar,1,2
0.24916872,1,pca_sar,1,2
0.22546762,1,pca_sar,1,2
0.24871698,1,pca_sar,1,2
0.2710315,1,pca_sar,1,2
0.4112112,1,pca_sar,1,2
0.25239375,1,pca_sar,1,2
0.21716009,1,pca_sar,1,2
0.36303163,1,pca_sar,1,2
0.295762,1,pca_sar,1,2
0.2327357,1,pca_sar,1,2
0.24809659,1,pca_sar,1,2
0.24927507,1,pca_sar,1,2
0.3124769,1,pca_sar,1,2
0.3844239,1,pca_sar,1,2
0.47810757,1,pca_sar,1,2
0.33633596,1,pca_sar,1,2
0.29804084,1,pca_sar,1,2
0.1837331,1,pca_sar,1,2
0.20229185,1,pca_sar,1,2
0.18264258,1,pca_sar,1,2
0.24308962,1,pca_sar,1,2
0.3327487,1,pca_sar,1,2
0.46858284,1,pca_sar,1,2
0.25454497,1,pca_sar,1,2
0.22266105,1,pca_sar,1,2
0.20830268,1,pca_sar,1,2
0.16319002,1,pca_sar,1,2
0.17255157,1,pca_sar,1,2
0.27170333,1,pca_sar,1,2
0.4357914,1,pca_sar,1,2
0.22492594,1,pca_sar,1,2
0.19650504,1,pca_sar,1,2
0.19289742,1,pca_sar,1,2
0.1849524,1,pca_sar,1,2
0.24040908,1,pca_sar,1,2
0.38061062,1,pca_sar,1,2
0.2353514,1,pca_sar,1,2
0.24450332,1,pca_sar,1,2
0.26667506,1,pca_sar,1,2
0.31488475,1,pca_sar,1,2
0.42346796,1,pca_sar,1,2
0.31924012,1,pca_sar,1,2
0.28421086,1,pca_sar,1,2
0.24821681,1,pca_sar,1,2
0.3981767,1,pca_sar,1,2
0.27616048,1,pca_sar,1,2
0.24745998,1,pca_sar,1,2
0.40888977,1,pca_sar,1,2
0.31088832,1,pca_sar,1,2
0.42611733,1,pca_sar,1,2
0.20685671,1,pca_sar,1,2
0.26504996,1,pca_sar,1,2
0.23664847,1,pca_sar,1,2
0.23636104,1,pca_sar,1,2
0.30810153,1,pca_sar,1,2
0.25886568,1,pca_sar,1,2
0.26634544,1,pca_sar,1,2
0.29584917,1,pca_sar,1,2
0.25689703,1,pca_sar,1,2
0.24932587,1,pca_sar,1,2
0.29759538,1,pca_sar,1,2
0.25619608,1,pca_sar,1,2
0.28091645,1,pca_sar,1,2
0.37514222,1,pca_sar,1,2
0.3066947,1,pca_sar,1,2
0.247787,1,pca_sar,1,2
0.28212142,1,pca_sar,1,2
0.2651223,1,pca_sar,1,2
0.26920548,1,pca_sar,1,2
0.3024299,1,pca_sar,1,2
0.33568054,1,pca_sar,1,2
0.30152842,1,pca_sar,1,2
0.29767692,1,pca_sar,1,2
0.392933,1,pca_sar,1,2
0.31284514,1,pca_sar,1,2
0.30155408,1,pca_sar,1,2
0.29933542,1,pca_sar,1,2
0.29981047,1,pca_sar,1,2
0.37693113,1,pca_sar,1,2
0.37375703,1,pca_sar,1,2
0.32917917,1,pca_sar,1,2
0.3151667,1,pca_sar,1,2
0.27537262,1,pca_sar,1,2
0.19463673,1,pca_sar,1,2
0.21324527,1,pca_sar,1,2
0.35036075,1,pca_sar,1,2
0.43370467,1,pca_sar,1,2
0.30302787,1,pca_sar,1,2
0.27912763,1,pca_sar,1,2
0.297932,1,pca_sar,1,2
0.2803322,1,pca_sar,1,2
0.29171935,1,pca_sar,1,2
0.3046089,1,pca_sar,1,2
0.29392385,1,pca_sar,1,2
0.34273234,1,pca_sar,1,2
0.40417606,1,pca_sar,1,2
0.32029992,1,pca_sar,1,2
0.3023868,1,pca_sar,1,2
0.41216868,1,pca_sar,1,2
0.35869932,1,pca_sar,1,2
0.25161827,1,pca_sar,1,2
0.23955682,1,pca_sar,1,2
0.30387592,1,pca_sar,1,2
0.31450877,1,pca_sar,1,2
0.24954587,1,pca_sar,1,2
0.28045046,1,pca_sar,1,2
0.33880946,1,pca_sar,1,2
0.32392335,1,pca_sar,1,2
0.3235364,1,pca_sar,1,2
0.3147748,1,pca_sar,1,2
0.3284539,1,pca_sar,1,2
0.33282846,1,pca_sar,1,2
0.29383084,1,pca_sar,1,2
0.2707914,1,pca_sar,1,2
0.27184653,1,pca_sar,1,2
0.28462508,1,pca_sar,1,2
0.2778489,1,pca_sar,1,2
0.32671958,1,pca_sar,1,2
0.36942804,1,pca_sar,1,2
0.3170231,1,pca_sar,1,2
0.29709288,1,pca_sar,1,2
0.2653476,1,pca_sar,1,2
0.26949325,1,pca_sar,1,2
0.27290815,1,pca_sar,1,2
0.29907158,1,pca_sar,1,2
0.40997767,1,pca_sar,1,2
0.4644695,1,pca_sar,1,2
0.38032967,1,pca_sar,1,2
0.27480155,1,pca_sar,1,2
0.23876682,1,pca_sar,1,2
0.27556467,1,pca_sar,1,2
0.34972134,1,pca_sar,1,2
0.30290943,1,pca_sar,1,2
0.2975966,1,pca_sar,1,2
0.3224502,1,pca_sar,1,2
0.3363055,1,pca_sar,1,2
0.33707267,1,pca_sar,1,2
0.32291728,1,pca_sar,1,2
0.33059663,1,pca_sar,1,2
0.3202169,1,pca_sar,1,2
0.26741052,1,pca_sar,1,2
0.2967008,1,pca_sar,1,2
0.33084014,1,pca_sar,1,2
0.37237108,1,pca_sar,1,2
0.40984938,1,pca_sar,1,2
0.34256855,1,pca_sar,1,2
0.30331367,1,pca_sar,1,2
0.27320868,1,pca_sar,1,2
0.3712499,1,pca_sar,1,2
0.27701277,1,pca_sar,1,2
0.25050753,1,pca_sar,1,2
0.23098136,1,pca_sar,1,2
0.28241536,1,pca_sar,1,2
0.3375864,1,pca_sar,1,2
0.31102413,1,pca_sar,1,2
0.32852107,1,pca_sar,1,2
0.3052831,1,pca_sar,1,2
0.24312618,1,pca_sar,1,2
0.2760245,1,pca_sar,1,2
0.32848838,1,pca_sar,1,2
0.24399716,1,pca_sar,1,2
0.2039687,1,pca_sar,1,2
0.22948694,1,pca_sar,1,2
0.26410276,1,pca_sar,1,2
0.2832733,1,pca_sar,1,2
0.28548062,1,pca_sar,1,2
0.33014005,1,pca_sar,1,2
0.3481769,1,pca_sar,1,2
0.31649464,1,pca_sar,1,2
0.2941388,1,pca_sar,1,2
0.2939173,1,pca_sar,1,2
0.29245496,1,pca_sar,1,2
0.22914158,1,pca_sar,1,2
0.2247652,1,pca_sar,1,2
0.22270079,1,pca_sar,1,2
0.27519906,1,pca_sar,1,2
0.32267863,1,pca_sar,1,2
0.3823093,1,pca_sar,1,2
0.33207226,1,pca_sar,1,2
0.30263263,1,pca_sar,1,2
0.29436666,1,pca_sar,1,2
0.25382704,1,pca_sar,1,2
0.27525297,1,pca_sar,1,2
0.30111712,1,pca_sar,1,2
0.3764689,1,pca_sar,1,2
0.315301,1,pca_sar,1,2
0.31437057,1,pca_sar,1,2
0.31329644,1,pca_sar,1,2
0.33562738,1,pca_sar,1,2
0.40587035,1,pca_sar,1,2
0.32387722,1,pca_sar,1,2
0.2782746,1,pca_sar,1,2
0.25816917,1,pca_sar,1,2
0.2434546,1,pca_sar,1,2
0.29135373,1,pca_sar,1,2
0.3195644,1,pca_sar,1,2
0.36201805,1,pca_sar,1,2
0.25375932,1,pca_sar,1,2
0.27468044,1,pca_sar,1,2
0.2612185,1,pca_sar,1,2
0.3465072,1,pca_sar,1,2
0.30652243,1,pca_sar,1,2
0.2703488,1,pca_sar,1,2
0.2165944,1,pca_sar,1,2
0.21230136,1,pca_sar,1,2
0.26855463,1,pca_sar,1,2
0.32721975,1,pca_sar,1,2
0.39133006,1,pca_sar,1,2
0.22013992,1,pca_sar,1,2
0.23643719,1,pca_sar,1,2
0.26588,1,pca_sar,1,2
0.2483915,1,pca_sar,1,2
0.21754064,1,pca_sar,1,2
0.20294125,1,pca_sar,1,2
0.26739204,1,pca_sar,1,2
0.35387406,1,pca_sar,1,2
0.39662975,1,pca_sar,1,2
0.38044342,1,pca_sar,1,2
0.27387983,1,pca_sar,1,2
0.29323503,1,pca_sar,1,2
0.25383684,1,pca_sar,1,2
0.24070148,1,pca_sar,1,2
0.26813793,1,pca_sar,1,2
0.2982056,1,pca_sar,1,2
0.2339624,1,pca_sar,1,2
0.30144787,1,pca_sar,1,2
0.3092637,1,pca_sar,1,2
0.30331212,1,pca_sar,1,2
0.28088868,1,pca_sar,1,2
0.2918976,1,pca_sar,1,2
0.30159983,1,pca_sar,1,2
0.3175653,1,pca_sar,1,2
0.3111158,1,pca_sar,1,2
0.33314824,1,pca_sar,1,2
0.33283868,1,pca_sar,1,2
0.3205145,1,pca_sar,1,2
0.3900318,1,pca_sar,1,2
0.271716,1,pca_sar,1,2
0.20831837,1,pca_sar,1,2
0.3077247,1,pca_sar,1,2
0.30887932,1,pca_sar,1,2
0.35781202,1,pca_sar,1,2
0.29270154,1,pca_sar,1,2
0.29343182,1,pca_sar,1,2
0.35697585,1,pca_sar,1,2
0.3660563,1,pca_sar,1,2
0.28508902,1,pca_sar,1,2
0.26557606,1,pca_sar,1,2
0.33001608,1,pca_sar,1,2
0.33484474,1,pca_sar,1,2
0.39864308,1,pca_sar,1,2
0.3716763,1,pca_sar,1,2
0.3432271,1,pca_sar,1,2
0.35219884,1,pca_sar,1,2
0.34919828,1,pca_sar,1,2
0.3699295,1,pca_sar,1,2
0.2800224,1,pca_sar,1,2
0.26329422,1,pca_sar,1,2
0.3148878,1,pca_sar,1,2
0.29266727,1,pca_sar,1,2
0.3423655,1,pca_sar,1,2
0.3803325,1,pca_sar,1,2
0.34626842,1,pca_sar,1,2
0.3709141,1,pca_sar,1,2
0.2981521,1,pca_sar,1,2
0.26419443,1,pca_sar,1,2
0.32076514,1,pca_sar,1,2
0.30139044,1,pca_sar,1,2
0.32850826,1,pca_sar,1,2
0.3396054,1,pca_sar,1,2
0.33659765,1,pca_sar,1,2
0.36125815,1,pca_sar,1,2
0.36910397,1,pca_sar,1,2
0.28930804,1,pca_sar,1,2
0.26219133,1,pca_sar,1,2
0.29239488,1,pca_sar,1,2
0.27734813,1,pca_sar,1,2
0.39578778,1,pca_sar,1,2
0.29578128,1,pca_sar,1,2
0.27169597,1,pca_sar,1,2
0.37959003,1,pca_sar,1,2
0.3404191,1,pca_sar,1,2
0.37121183,1,pca_sar,1,2
0.26761514,1,pca_sar,1,2
0.26180238,1,pca_sar,1,2
0.34562618,1,pca_sar,1,2
0.35070032,1,pca_sar,1,2
0.39852172,1,pca_sar,1,2
0.3508688,1,pca_sar,1,2
0.35951993,1,pca_sar,1,2
0.28512204,1,pca_sar,1,2
0.26772663,1,pca_sar,1,2
0.28056288,1,pca_sar,1,2
0.3178295,1,pca_sar,1,2
0.4165048,1,pca_sar,1,2
0.4036353,1,pca_sar,1,2
0.36868393,1,pca_sar,1,2
0.28947836,1,pca_sar,1,2
0.2659917,1,pca_sar,1,2
0.29510123,1,pca_sar,1,2
0.26276705,1,pca_sar,1,2
0.29252625,1,pca_sar,1,2
0.312767,1,pca_sar,1,2
0.39024723,1,pca_sar,1,2
0.24263996,1,pca_sar,1,2
0.21082434,1,pca_sar,1,2
0.2825534,1,pca_sar,1,2
0.25411212,1,pca_sar,1,2
0.28942984,1,pca_sar,1,2
0.28518647,1,pca_sar,1,2
0.40537602,1,pca_sar,1,2
0.09658334,4,pca_sar,1,2
0.07342249,4,pca_sar,1,2
0.14460164,4,pca_sar,1,2
0.15971552,4,pca_sar,1,2
0.10418395,4,pca_sar,1,2
0.13946542,4,pca_sar,1,2
0.094583645,4,pca_sar,1,2
0.119326904,4,pca_sar,1,2
0.22759503,4,pca_sar,1,2
0.19938816,4,pca_sar,1,2
0.16767266,4,pca_sar,1,2
0.21510679,4,pca_sar,1,2
0.15686494,4,pca_sar,1,2
0.15252998,4,pca_sar,1,2
0.2374348,4,pca_sar,1,2
0.21083029,4,pca_sar,1,2
0.1440557,4,pca_sar,1,2
0.17196451,4,pca_sar,1,2
0.11584281,4,pca_sar,1,2
0.09777552,4,pca_sar,1,2
0.1693996,4,pca_sar,1,2
0.19454533,4,pca_sar,1,2
0.17416942,4,pca_sar,1,2
0.19327013,4,pca_sar,1,2
0.12543556,4,pca_sar,1,2
0.11733356,4,pca_sar,1,2
0.062398735,4,pca_sar,1,2
0.10043728,4,pca_sar,1,2
0.06882768,4,pca_sar,1,2
0.18009174,4,pca_sar,1,2
0.22263518,4,pca_sar,1,2
0.20937884,4,pca_sar,1,2
0.24319282,4,pca_sar,1,2
0.18643723,4,pca_sar,1,2
0.11607966,4,pca_sar,1,2
0.030978408,4,pca_sar,1,2
0.094483465,4,pca_sar,1,2
0.082531296,4,pca_sar,1,2
0.26029152,4,pca_sar,1,2
0.26486856,4,pca_sar,1,2
0.1853554,4,pca_sar,1,2
0.18697825,4,pca_sar,1,2
0.23167998,4,pca_sar,1,2
0.17568739,4,pca_sar,1,2
0.070746064,4,pca_sar,1,2
0.08609282,4,pca_sar,1,2
0.091947585,4,pca_sar,1,2
0.222462,4,pca_sar,1,2
0.24429551,4,pca_sar,1,2
0.18549454,4,pca_sar,1,2
0.1677123,4,pca_sar,1,2
0.19861428,4,pca_sar,1,2
0.15507784,4,pca_sar,1,2
0.13461061,4,pca_sar,1,2
0.103261665,4,pca_sar,1,2
0.14407618,4,pca_sar,1,2
0.18746887,4,pca_sar,1,2
0.23920691,4,pca_sar,1,2
0.20225403,4,pca_sar,1,2
0.21130481,4,pca_sar,1,2
0.18465337,4,pca_sar,1,2
0.13097768,4,pca_sar,1,2
0.123739414,4,pca_sar,1,2
0.10684312,4,pca_sar,1,2
0.13872129,4,pca_sar,1,2
0.21852183,4,pca_sar,1,2
0.23156165,4,pca_sar,1,2
0.1899283,4,pca_sar,1,2
0.19675434,4,pca_sar,1,2
0.16163164,4,pca_sar,1,2
0.17192174,4,pca_sar,1,2
0.15960462,4,pca_sar,1,2
0.17658027,4,pca_sar,1,2
0.22946528,4,pca_sar,1,2
0.21142828,4,pca_sar,1,2
0.21837708,4,pca_sar,1,2
0.10180189,4,pca_sar,1,2
0.087010495,4,pca_sar,1,2
0.095942855,4,pca_sar,1,2
0.10107797,4,pca_sar,1,2
0.020925637,4,pca_sar,1,2
0.07569447,4,pca_sar,1,2
0.07842481,4,pca_sar,1,2
0.08562939,4,pca_sar,1,2
0.13058914,4,pca_sar,1,2
0.15320076,4,pca_sar,1,2
0.054654624,4,pca_sar,1,2
0.06963148,4,pca_sar,1,2
0.10228998,4,pca_sar,1,2
0.14951614,4,pca_sar,1,2
0.12024529,4,pca_sar,1,2
0.10965906,4,pca_sar,1,2
0.07144756,4,pca_sar,1,2
0.12095958,4,pca_sar,1,2
0.12237477,4,pca_sar,1,2
0.15149036,4,pca_sar,1,2
0.14087662,4,pca_sar,1,2
0.13203856,4,pca_sar,1,2
0.11309982,4,pca_sar,1,2
0.12882702,4,pca_sar,1,2
0.18760747,4,pca_sar,1,2
0.15639636,4,pca_sar,1,2
0.099711694,4,pca_sar,1,2
0.12558748,4,pca_sar,1,2
0.09612924,4,pca_sar,1,2
0.12893887,4,pca_sar,1,2
0.111767374,4,pca_sar,1,2
0.058428526,4,pca_sar,1,2
0.07845224,4,pca_sar,1,2
0.13134873,4,pca_sar,1,2
0.12897873,4,pca_sar,1,2
0.12383641,4,pca_sar,1,2
0.11401318,4,pca_sar,1,2
0.09182415,4,pca_sar,1,2
0.18992999,4,pca_sar,1,2
0.11121116,4,pca_sar,1,2
0.03037308,4,pca_sar,1,2
0.033688273,4,pca_sar,1,2
0.07741493,4,pca_sar,1,2
0.095613435,4,pca_sar,1,2
0.13134961,4,pca_sar,1,2
0.10187862,4,pca_sar,1,2
0.062387556,4,pca_sar,1,2
0.19100627,4,pca_sar,1,2
0.09992088,4,pca_sar,1,2
0.065487154,4,pca_sar,1,2
0.05803076,4,pca_sar,1,2
0.08826697,4,pca_sar,1,2
0.075457655,4,pca_sar,1,2
0.13681045,4,pca_sar,1,2
0.117090225,4,pca_sar,1,2
0.058623966,4,pca_sar,1,2
0.16278093,4,pca_sar,1,2
0.14072455,4,pca_sar,1,2
0.16428113,4,pca_sar,1,2
0.21939221,4,pca_sar,1,2
0.20348942,4,pca_sar,1,2
0.14194465,4,pca_sar,1,2
0.13564217,4,pca_sar,1,2
0.12888363,4,pca_sar,1,2
0.0955739,4,pca_sar,1,2
0.18691975,4,pca_sar,1,2
0.14114098,4,pca_sar,1,2
0.13120204,4,pca_sar,1,2
0.14473492,4,pca_sar,1,2
0.15441257,4,pca_sar,1,2
0.13611363,4,pca_sar,1,2
0.16808519,4,pca_sar,1,2
0.14653382,4,pca_sar,1,2
0.14038458,4,pca_sar,1,2
0.17514679,4,pca_sar,1,2
0.1541314,4,pca_sar,1,2
0.28892285,1,pca_sar,1,2
0.22720462,1,pca_sar,1,2
0.17470978,1,pca_sar,1,2
0.13110378,1,pca_sar,1,2
0.03470355,1,pca_sar,1,2
0.30076998,1,pca_sar,1,2
0.28197092,1,pca_sar,1,2
0.28847125,1,pca_sar,1,2
0.26115078,1,pca_sar,1,2
0.17395544,1,pca_sar,1,2
0.020954594,1,pca_sar,1,2
0.4558106,1,pca_sar,1,2
0.4493596,1,pca_sar,1,2
0.44247508,1,pca_sar,1,2
0.38600844,1,pca_sar,1,2
0.29730248,1,pca_sar,1,2
0.22303842,1,pca_sar,1,2
0.16540551,1,pca_sar,1,2
0.12022486,1,pca_sar,1,2
0.16205956,1,pca_sar,1,2
0.0984388,1,pca_sar,1,2
0.03898431,1,pca_sar,1,2
0.1913747,1,pca_sar,1,2
0.22690576,1,pca_sar,1,2
0.21158499,1,pca_sar,1,2
0.15351768,1,pca_sar,1,2
0.09095757,1,pca_sar,1,2
-0.016591288,1,pca_sar,1,2
0.35474733,1,pca_sar,1,2
0.3562594,1,pca_sar,1,2
0.31635487,1,pca_sar,1,2
0.254914,1,pca_sar,1,2
0.2515485,1,pca_sar,1,2
0.14276779,1,pca_sar,1,2
0.045998964,3,pca_sar,1,2
0.031330645,3,pca_sar,1,2
0.15226214,3,pca_sar,1,2
0.19294848,3,pca_sar,1,2
0.146166,3,pca_sar,1,2
0.07718432,3,pca_sar,1,2
-0.06445896,3,pca_sar,1,2
0.09118615,3,pca_sar,1,2
0.0075379815,3,pca_sar,1,2
0.007937798,3,pca_sar,1,2
0.08016168,3,pca_sar,1,2
0.1909389,3,pca_sar,1,2
0.15989631,3,pca_sar,1,2
0.045493953,3,pca_sar,1,2
0.2857614,3,pca_sar,1,2
0.30728152,3,pca_sar,1,2
0.02023695,3,pca_sar,1,2
-0.06390421,3,pca_sar,1,2
0.022479558,3,pca_sar,1,2
0.18066421,3,pca_sar,1,2
0.25668553,3,pca_sar,1,2
0.23333766,3,pca_sar,1,2
0.050273523,3,pca_sar,1,2
0.21015874,3,pca_sar,1,2
0.34458688,3,pca_sar,1,2
0.17898679,3,pca_sar,1,2
-0.029437982,3,pca_sar,1,2
-0.002629646,3,pca_sar,1,2
0.040085647,3,pca_sar,1,2
0.17677967,3,pca_sar,1,2
0.19406438,3,pca_sar,1,2
0.17427874,3,pca_sar,1,2
0.004745923,3,pca_sar,1,2
-0.09494049,3,pca_sar,1,2
0.22348249,3,pca_sar,1,2
0.16728954,3,pca_sar,1,2
-0.0006118128,3,pca_sar,1,2
-0.08675607,3,pca_sar,1,2
-0.009650121,3,pca_sar,1,2
0.071957484,3,pca_sar,1,2
0.14539498,3,pca_sar,1,2
0.06079864,3,pca_sar,1,2
-0.008978883,3,pca_sar,1,2
-0.0028754212,3,pca_sar,1,2
0.031435903,3,pca_sar,1,2
0.15150869,3,pca_sar,1,2
0.056383103,3,pca_sar,1,2
-0.009552071,3,pca_sar,1,2
-0.020919159,3,pca_sar,1,2
0.0014733803,3,pca_sar,1,2
0.12907805,3,pca_sar,1,2
0.17726973,3,pca_sar,1,2
0.0050360113,3,pca_sar,1,2
0.05462407,3,pca_sar,1,2
0.27975547,3,pca_sar,1,2
0.31409043,3,pca_sar,1,2
0.10301126,3,pca_sar,1,2
0.002550399,3,pca_sar,1,2
-0.0786225,3,pca_sar,1,2
-0.009287896,3,pca_sar,1,2
0.13770786,3,pca_sar,1,2
0.29339594,3,pca_sar,1,2
0.25707734,3,pca_sar,1,2
0.12568215,3,pca_sar,1,2
0.2589832,3,pca_sar,1,2
0.38236964,3,pca_sar,1,2
0.26908326,3,pca_sar,1,2
0.088823624,3,pca_sar,1,2
0.036803752,3,pca_sar,1,2
0.03846487,3,pca_sar,1,2
0.16416605,3,pca_sar,1,2
0.36850274,3,pca_sar,1,2
0.40943664,3,pca_sar,1,2
0.19661623,3,pca_sar,1,2
0.053892363,3,pca_sar,1,2
0.17025745,3,pca_sar,1,2
-0.0020810477,3,pca_sar,1,2
0.054952983,3,pca_sar,1,2
0.15577994,3,pca_sar,1,2
0.2812615,3,pca_sar,1,2
0.4145161,3,pca_sar,1,2
0.35594326,3,pca_sar,1,2
0.11917766,3,pca_sar,1,2
-0.062501326,3,pca_sar,1,2
0.02572456,3,pca_sar,1,2
0.27592906,3,pca_sar,1,2
0.3282706,3,pca_sar,1,2
0.29519922,3,pca_sar,1,2
0.229516,3,pca_sar,1,2
0.32344484,3,pca_sar,1,2
0.31680536,3,pca_sar,1,2
0.2969942,3,pca_sar,1,2
0.3084956,3,pca_sar,1,2
0.18855244,3,pca_sar,1,2
0.12071435,3,pca_sar,1,2
0.21030213,3,pca_sar,1,2
0.24076489,3,pca_sar,1,2
0.15598379,3,pca_sar,1,2
-0.009163771,3,pca_sar,1,2
-0.09588245,3,pca_sar,1,2
0.1971416,3,pca_sar,1,2
0.11785782,3,pca_sar,1,2
0.0851531,3,pca_sar,1,2
0.14749773,3,pca_sar,1,2
0.18296325,3,pca_sar,1,2
0.0987885,3,pca_sar,1,2
-0.048945576,3,pca_sar,1,2
0.23509896,3,pca_sar,1,2
0.11253902,3,pca_sar,1,2
0.1157684,3,pca_sar,1,2
0.10408379,3,pca_sar,1,2
0.22776642,3,pca_sar,1,2
0.22952604,3,pca_sar,1,2
0.04037778,3,pca_sar,1,2
0.046639465,3,pca_sar,1,2
0.24360317,3,pca_sar,1,2
0.0713208,3,pca_sar,1,2
0.11204021,3,pca_sar,1,2
0.15290457,3,pca_sar,1,2
0.32574272,3,pca_sar,1,2
0.25044084,3,pca_sar,1,2
0.012231942,3,pca_sar,1,2
0.019579852,3,pca_sar,1,2
-0.010141326,3,pca_sar,1,2
0.24078026,3,pca_sar,1,2
0.08590829,3,pca_sar,1,2
0.06822798,3,pca_sar,1,2
0.16794443,3,pca_sar,1,2
0.3284703,3,pca_sar,1,2
0.16386804,3,pca_sar,1,2
-0.052883513,3,pca_sar,1,2
0.021189483,3,pca_sar,1,2
0.049202695,3,pca_sar,1,2
0.1825287,3,pca_sar,1,2
0.012620524,3,pca_sar,1,2
0.05145601,3,pca_sar,1,2
0.13054803,3,pca_sar,1,2
0.35768023,3,pca_sar,1,2
0.21910822,3,pca_sar,1,2
0.07654008,3,pca_sar,1,2
0.21407433,3,pca_sar,1,2
0.23692112,3,pca_sar,1,2
0.17585582,3,pca_sar,1,2
0.027660016,3,pca_sar,1,2
0.15257278,3,pca_sar,1,2
0.23241252,3,pca_sar,1,2
0.3670734,3,pca_sar,1,2
0.23336375,3,pca_sar,1,2
0.19298135,3,pca_sar,1,2
0.3265256,3,pca_sar,1,2
0.23743208,3,pca_sar,1,2
0.1868765,3,pca_sar,1,2
0.14465791,3,pca_sar,1,2
0.38875476,3,pca_sar,1,2
0.38107675,3,pca_sar,1,2
0.21735692,3,pca_sar,1,2
0.0513556,3,pca_sar,1,2
0.0913952,3,pca_sar,1,2
0.28986263,3,pca_sar,1,2
0.30265206,3,pca_sar,1,2
0.42641133,3,pca_sar,1,2
0.33052078,3,pca_sar,1,2
0.058379583,3,pca_sar,1,2
-0.056241326,3,pca_sar,1,2
-0.01811935,3,pca_sar,1,2
0.5365343,3,pca_sar,1,2
0.44651237,3,pca_sar,1,2
0.37392658,3,pca_sar,1,2
0.28356516,3,pca_sar,1,2
0.6238451,3,pca_sar,1,2
0.547551,3,pca_sar,1,2
0.4189182,3,pca_sar,1,2
0.37596565,3,pca_sar,1,2
0.62699646,1,pca_sar,1,2
0.5924294,1,pca_sar,1,2
0.4192755,1,pca_sar,1,2
0.53612286,1,pca_sar,1,2
0.3766787,1,pca_sar,1,2
0.5427157,1,pca_sar,1,2
0.38369197,1,pca_sar,1,2
0.36556637,1,pca_sar,1,2
0.5396898,1,pca_sar,1,2
0.37768614,1,pca_sar,1,2
0.40814522,1,pca_sar,1,2
0.38859484,1,pca_sar,1,2
0.5430937,1,pca_sar,1,2
0.39295357,1,pca_sar,1,2
0.44286397,1,pca_sar,1,2
0.43330207,1,pca_sar,1,2
0.57699704,1,pca_sar,1,2
0.3756765,1,pca_sar,1,2
0.3948281,1,pca_sar,1,2
0.43320435,1,pca_sar,1,2
0.60197234,1,pca_sar,1,2
0.4247268,1,pca_sar,1,2
0.4190898,1,pca_sar,1,2
0.46037078,1,pca_sar,1,2
0.47277933,1,pca_sar,1,2
0.5908892,1,pca_sar,1,2
0.45511883,1,pca_sar,1,2
0.37083328,1,pca_sar,1,2
0.4188295,1,pca_sar,1,2
0.4225272,1,pca_sar,1,2
0.5643912,1,pca_sar,1,2
0.5631802,1,pca_sar,1,2
0.5909598,1,pca_sar,1,2
0.3775762,1,pca_sar,1,2
0.32886666,1,pca_sar,1,2
0.3602082,1,pca_sar,1,2
0.34993976,1,pca_sar,1,2
0.35011327,1,pca_sar,1,2
0.31292236,1,pca_sar,1,2
0.35535136,1,pca_sar,1,2
0.33548197,1,pca_sar,1,2
0.372888,1,pca_sar,1,2
0.36099613,1,pca_sar,1,2
0.35971853,1,pca_sar,1,2
0.31385005,1,pca_sar,1,2
0.36095738,1,pca_sar,1,2
0.36120495,1,pca_sar,1,2
0.31151587,1,pca_sar,1,2
0.40345132,1,pca_sar,1,2
0.37249586,1,pca_sar,1,2
0.36346,1,pca_sar,1,2
0.30133003,1,pca_sar,1,2
0.35044053,1,pca_sar,1,2
0.3524356,1,pca_sar,1,2
0.4025995,1,pca_sar,1,2
0.33188793,1,pca_sar,1,2
0.39475414,1,pca_sar,1,2
0.3492873,1,pca_sar,1,2
0.3523984,1,pca_sar,1,2
0.32199472,1,pca_sar,1,2
0.348317,1,pca_sar,1,2
0.38730252,1,pca_sar,1,2
0.37850532,1,pca_sar,1,2
0.37646115,1,pca_sar,1,2
0.4081288,1,pca_sar,1,2
0.33880195,1,pca_sar,1,2
0.3629861,1,pca_sar,1,2
0.34421352,1,pca_sar,1,2
0.38967356,1,pca_sar,1,2
0.34198874,1,pca_sar,1,2
0.36120427,1,pca_sar,1,2
0.37289554,1,pca_sar,1,2
0.38811892,1,pca_sar,1,2
0.36700037,1,pca_sar,1,2
0.3665251,1,pca_sar,1,2
0.44785738,1,pca_sar,1,2
0.34925538,1,pca_sar,1,2
0.39241093,1,pca_sar,1,2
0.370028,1,pca_sar,1,2
0.41032112,1,pca_sar,1,2
0.3475014,1,pca_sar,1,2
0.3726223,1,pca_sar,1,2
0.36777422,1,pca_sar,1,2
0.38038677,1,pca_sar,1,2
0.37254834,1,pca_sar,1,2
0.37324736,1,pca_sar,1,2
0.3818512,1,pca_sar,1,2
0.34833255,1,pca_sar,1,2
0.3635204,1,pca_sar,1,2
0.35022295,1,pca_sar,1,2
0.399332,1,pca_sar,1,2
0.35702723,1,pca_sar,1,2
0.39893264,1,pca_sar,1,2
0.3884939,1,pca_sar,1,2
0.38223332,1,pca_sar,1,2
0.43791044,1,pca_sar,1,2
0.45057783,1,pca_sar,1,2
0.4839034,1,pca_sar,1,2
0.4283495,1,pca_sar,1,2
0.38141567,1,pca_sar,1,2
0.36325854,1,pca_sar,1,2
0.39520466,1,pca_sar,1,2
0.34927696,1,pca_sar,1,2
0.38542786,1,pca_sar,1,2
0.37734315,1,pca_sar,1,2
0.3934649,1,pca_sar,1,2
0.41511583,1,pca_sar,1,2
0.45318228,1,pca_sar,1,2
0.48258728,1,pca_sar,1,2
0.4046279,1,pca_sar,1,2
0.34316504,1,pca_sar,1,2
0.313257,1,pca_sar,1,2
0.35773456,1,pca_sar,1,2
0.34283483,1,pca_sar,1,2
0.41637495,1,pca_sar,1,2
0.38641256,1,pca_sar,1,2
0.3655348,1,pca_sar,1,2
0.36303174,1,pca_sar,1,2
0.34510487,1,pca_sar,1,2
0.31777894,1,pca_sar,1,2
0.4066316,1,pca_sar,1,2
0.4034245,1,pca_sar,1,2
0.39609867,1,pca_sar,1,2
0.36127383,1,pca_sar,1,2
0.2888867,1,pca_sar,1,2
0.4466544,1,pca_sar,1,2
0.351731,1,pca_sar,1,2
0.30822605,1,pca_sar,1,2
0.323592,1,pca_sar,1,2
0.45046902,1,pca_sar,1,2
0.3313365,1,pca_sar,1,2
0.316052,1,pca_sar,1,2
0.38377687,1,pca_sar,1,2
0.34759742,1,pca_sar,1,2
0.48323888,1,pca_sar,1,2
0.34385097,1,pca_sar,1,2
0.31074625,1,pca_sar,1,2
0.37553596,1,pca_sar,1,2
0.35193473,1,pca_sar,1,2
0.54751015,1,pca_sar,1,2
0.37843594,1,pca_sar,1,2
0.31626928,1,pca_sar,1,2
0.37185958,1,pca_sar,1,2
0.354644,1,pca_sar,1,2
0.37809896,1,pca_sar,1,2
0.5572714,1,pca_sar,1,2
0.41279587,1,pca_sar,1,2
0.36827546,1,pca_sar,1,2
0.39511108,1,pca_sar,1,2
0.34401602,1,pca_sar,1,2
0.3577754,1,pca_sar,1,2
0.3533412,1,pca_sar,1,2
0.52665305,1,pca_sar,1,2
0.41867462,1,pca_sar,1,2
0.3393169,1,pca_sar,1,2
0.37193897,1,pca_sar,1,2
0.36041096,1,pca_sar,1,2
0.36138797,1,pca_sar,1,2
0.36111504,1,pca_sar,1,2
0.49053246,1,pca_sar,1,2
0.44981742,1,pca_sar,1,2
0.3805316,1,pca_sar,1,2
0.3894475,1,pca_sar,1,2
0.3967672,1,pca_sar,1,2
0.40608668,1,pca_sar,1,2
0.4463396,1,pca_sar,1,2
0.38184458,1,pca_sar,1,2
0.41034552,1,pca_sar,1,2
0.4207248,1,pca_sar,1,2
0.4328104,1,pca_sar,1,2
0.42942858,1,pca_sar,1,2
0.46495843,1,pca_sar,1,2
0.38194007,1,pca_sar,1,2
0.35276598,1,pca_sar,1,2
0.40444592,1,pca_sar,1,2
0.4384916,1,pca_sar,1,2
0.45893323,1,pca_sar,1,2
0.3555568,1,pca_sar,1,2
0.31318688,1,pca_sar,1,2
0.3405212,1,pca_sar,1,2
0.4749704,1,pca_sar,1,2
0.34682673,1,pca_sar,1,2
0.3050818,1,pca_sar,1,2
0.33387974,1,pca_sar,1,2
0.2097021,1,pca_sar,1,2
0.1467171,1,pca_sar,1,2
0.095400415,1,pca_sar,1,2
0.055912137,1,pca_sar,1,2
0.12645738,1,pca_sar,1,2
0.24124166,1,pca_sar,1,2
0.28104568,1,pca_sar,1,2
0.28108144,1,pca_sar,1,2
0.3078631,1,pca_sar,1,2
0.16828004,1,pca_sar,1,2
0.018248208,1,pca_sar,1,2
0.28305593,1,pca_sar,1,2
0.3361637,1,pca_sar,1,2
0.3488495,1,pca_sar,1,2
0.29203072,1,pca_sar,1,2
0.2525383,1,pca_sar,1,2
0.079350814,1,pca_sar,1,2
0.3097393,1,pca_sar,1,2
0.30975854,1,pca_sar,1,2
0.3000229,1,pca_sar,1,2
0.24139252,1,pca_sar,1,2
0.24348584,1,pca_sar,1,2
0.24355397,1,pca_sar,1,2
0.0934411,1,pca_sar,1,2
0.04628857,1,pca_sar,1,2
0.09491874,1,pca_sar,1,2
0.35222736,1,pca_sar,1,2
0.39504796,1,pca_sar,1,2
0.31932703,1,pca_sar,1,2
0.23638603,1,pca_sar,1,2
0.2676633,1,pca_sar,1,2
0.26739538,1,pca_sar,1,2
0.21703073,1,pca_sar,1,2
0.16825815,1,pca_sar,1,2
0.17064068,1,pca_sar,1,2
0.35680962,1,pca_sar,1,2
0.31895918,1,pca_sar,1,2
0.26039112,1,pca_sar,1,2
0.25249398,1,pca_sar,1,2
0.27473915,1,pca_sar,1,2
0.2784143,1,pca_sar,1,2
0.24873093,1,pca_sar,1,2
0.2237629,1,pca_sar,1,2
0.23413706,1,pca_sar,1,2
0.2193391,1,pca_sar,1,2
0.17193982,1,pca_sar,1,2
0.092516035,1,pca_sar,1,2
0.02624477,1,pca_sar,1,2
0.32875985,1,pca_sar,1,2
0.28516108,1,pca_sar,1,2
0.29494023,1,pca_sar,1,2
0.31131214,1,pca_sar,1,2
0.28460595,1,pca_sar,1,2
0.31264088,1,pca_sar,1,2
0.3970143,1,pca_sar,1,2
0.36478987,1,pca_sar,1,2
0.29307097,1,pca_sar,1,2
0.16980278,1,pca_sar,1,2
0.042942345,1,pca_sar,1,2
0.24989823,1,pca_sar,1,2
0.25472817,1,pca_sar,1,2
0.29005283,1,pca_sar,1,2
0.17113486,1,pca_sar,1,2
0.10271937,1,pca_sar,1,2
0.2618273,1,pca_sar,1,2
0.26178455,1,pca_sar,1,2
0.3355412,1,pca_sar,1,2
0.1724675,1,pca_sar,1,2
0.13548663,1,pca_sar,1,2
0.19900467,1,pca_sar,1,2
0.18362975,1,pca_sar,1,2
0.19508609,1,pca_sar,1,2
0.06769527,1,pca_sar,1,2
0.076280184,1,pca_sar,1,2
0.4667345,1,pca_sar,1,2
0.2942229,1,pca_sar,1,2
0.21667433,1,pca_sar,1,2
0.28182262,1,pca_sar,1,2
0.15442292,1,pca_sar,1,2
0.062279094,1,pca_sar,1,2
0.42284083,1,pca_sar,1,2
0.351703,1,pca_sar,1,2
0.36059025,1,pca_sar,1,2
0.32053256,1,pca_sar,1,2
0.26460993,1,pca_sar,1,2
0.15327737,1,pca_sar,1,2
0.3507763,1,pca_sar,1,2
0.3274786,1,pca_sar,1,2
0.30951175,1,pca_sar,1,2
0.28866825,1,pca_sar,1,2
0.26290452,1,pca_sar,1,2
0.19997323,1,pca_sar,1,2
0.11267011,1,pca_sar,1,2
0.11415115,1,pca_sar,1,2
0.10338391,1,pca_sar,1,2
0.3339766,1,pca_sar,1,2
0.31099355,1,pca_sar,1,2
0.2863369,1,pca_sar,1,2
0.30514294,1,pca_sar,1,2
0.35995495,1,pca_sar,1,2
0.22247674,1,pca_sar,1,2
0.16225435,1,pca_sar,1,2
0.17921472,1,pca_sar,1,2
0.18516079,1,pca_sar,1,2
0.35487285,1,pca_sar,1,2
0.32944041,1,pca_sar,1,2
0.33133143,1,pca_sar,1,2
0.32757077,1,pca_sar,1,2
0.3402093,1,pca_sar,1,2
0.22739984,1,pca_sar,1,2
0.19363244,1,pca_sar,1,2
0.2773826,1,pca_sar,1,2
0.27821395,1,pca_sar,1,2
0.2446686,1,pca_sar,1,2
0.18250594,1,pca_sar,1,2
0.025370717,1,pca_sar,1,2
0.05864864,1,pca_sar,1,2
0.44137987,1,pca_sar,1,2
0.34434494,1,pca_sar,1,2
0.35691035,1,pca_sar,1,2
0.39835346,1,pca_sar,1,2
0.4116711,1,pca_sar,1,2
0.3420396,1,pca_sar,1,2
0.3105175,1,pca_sar,1,2
0.33848178,1,pca_sar,1,2
0.30095318,1,pca_sar,1,2
0.11517773,1,pca_sar,1,2
0.17152175,1,pca_sar,1,2
0.3701557,1,pca_sar,1,2
0.3113256,1,pca_sar,1,2
0.27093452,1,pca_sar,1,2
0.25718775,1,pca_sar,1,2
0.30321932,1,pca_sar,1,2
0.40618652,1,pca_sar,1,2
0.37751067,1,pca_sar,1,2
0.38383237,1,pca_sar,1,2
0.25284022,1,pca_sar,1,2
0.22522794,1,pca_sar,1,2
0.18761976,3,pca_sar,1,2
0.11091266,3,pca_sar,1,2
0.123425566,3,pca_sar,1,2
0.18952617,3,pca_sar,1,2
0.18365933,3,pca_sar,1,2
0.08503559,3,pca_sar,1,2
0.01864811,3,pca_sar,1,2
0.11801777,3,pca_sar,1,2
0.07164683,3,pca_sar,1,2
0.026324354,3,pca_sar,1,2
0.1428084,3,pca_sar,1,2
0.28590846,3,pca_sar,1,2
0.18001139,3,pca_sar,1,2
0.05587775,3,pca_sar,1,2
0.31077987,3,pca_sar,1,2
0.28426337,3,pca_sar,1,2
0.10180055,3,pca_sar,1,2
0.101111874,3,pca_sar,1,2
0.2159576,3,pca_sar,1,2
0.3620066,3,pca_sar,1,2
0.33391201,3,pca_sar,1,2
0.20297278,3,pca_sar,1,2
0.03042996,3,pca_sar,1,2
0.20412174,3,pca_sar,1,2
0.31576875,3,pca_sar,1,2
0.16089025,3,pca_sar,1,2
-0.054590728,3,pca_sar,1,2
0.09030044,3,pca_sar,1,2
0.25326365,3,pca_sar,1,2
0.29299843,3,pca_sar,1,2
0.22938918,3,pca_sar,1,2
0.14253758,3,pca_sar,1,2
0.045029104,3,pca_sar,1,2
-0.044142265,3,pca_sar,1,2
0.15514189,3,pca_sar,1,2
0.17739491,3,pca_sar,1,2
0.08791754,3,pca_sar,1,2
-0.07677562,3,pca_sar,1,2
0.0516791,3,pca_sar,1,2
0.15225047,3,pca_sar,1,2
0.1895313,3,pca_sar,1,2
0.11654838,3,pca_sar,1,2
0.06945515,3,pca_sar,1,2
0.1319963,3,pca_sar,1,2
0.0959308,3,pca_sar,1,2
0.0030312492,3,pca_sar,1,2
0.035144094,3,pca_sar,1,2
-0.010494479,3,pca_sar,1,2
-0.057786997,3,pca_sar,1,2
0.038304262,3,pca_sar,1,2
0.22996265,3,pca_sar,1,2
0.3908717,3,pca_sar,1,2
0.1906746,3,pca_sar,1,2
0.1548315,3,pca_sar,1,2
0.36904734,3,pca_sar,1,2
0.4448384,3,pca_sar,1,2
0.010783891,3,pca_sar,1,2
-0.034799807,3,pca_sar,1,2
-0.06871374,3,pca_sar,1,2
0.003254014,3,pca_sar,1,2
0.17648609,3,pca_sar,1,2
0.29342917,3,pca_sar,1,2
0.33651263,3,pca_sar,1,2
0.24474815,3,pca_sar,1,2
0.22316954,3,pca_sar,1,2
0.31850618,3,pca_sar,1,2
0.3382879,3,pca_sar,1,2
0.06703015,3,pca_sar,1,2
0.046742037,3,pca_sar,1,2
0.117194414,3,pca_sar,1,2
0.2541258,3,pca_sar,1,2
0.47993475,3,pca_sar,1,2
0.5200007,3,pca_sar,1,2
0.28774047,3,pca_sar,1,2
0.07857074,3,pca_sar,1,2
0.10207345,3,pca_sar,1,2
0.017837737,3,pca_sar,1,2
0.06481838,3,pca_sar,1,2
0.2818001,3,pca_sar,1,2
0.33725488,3,pca_sar,1,2
0.46271005,3,pca_sar,1,2
0.44368628,3,pca_sar,1,2
0.081711106,3,pca_sar,1,2
-0.07498057,3,pca_sar,1,2
-0.045189053,3,pca_sar,1,2
0.33772802,3,pca_sar,1,2
0.3438533,3,pca_sar,1,2
0.31675357,3,pca_sar,1,2
0.26901108,3,pca_sar,1,2
0.27682292,3,pca_sar,1,2
0.28220186,3,pca_sar,1,2
0.25567868,3,pca_sar,1,2
0.13514331,3,pca_sar,1,2
0.26789415,3,pca_sar,1,2
0.077988505,3,pca_sar,1,2
0.17342204,3,pca_sar,1,2
0.21464117,3,pca_sar,1,2
0.12803113,3,pca_sar,1,2
0.06941805,3,pca_sar,1,2
0.057699762,3,pca_sar,1,2
0.21127167,3,pca_sar,1,2
0.029660886,3,pca_sar,1,2
0.047628865,3,pca_sar,1,2
0.124231145,3,pca_sar,1,2
0.16217689,3,pca_sar,1,2
0.13040775,3,pca_sar,1,2
0.13180514,3,pca_sar,1,2
0.26168877,3,pca_sar,1,2
0.038343407,3,pca_sar,1,2
0.0271255,3,pca_sar,1,2
0.13531055,3,pca_sar,1,2
0.19790241,3,pca_sar,1,2
0.23566279,3,pca_sar,1,2
0.15623276,3,pca_sar,1,2
0.088700265,3,pca_sar,1,2
0.2296266,3,pca_sar,1,2
-0.009234844,3,pca_sar,1,2
0.086284705,3,pca_sar,1,2
0.21133605,3,pca_sar,1,2
0.24101545,3,pca_sar,1,2
0.23386854,3,pca_sar,1,2
0.10589403,3,pca_sar,1,2
0.039334506,3,pca_sar,1,2
0.08136062,3,pca_sar,1,2
0.17924857,3,pca_sar,1,2
-0.057736613,3,pca_sar,1,2
-0.002857633,3,pca_sar,1,2
0.13499516,3,pca_sar,1,2
0.11618739,3,pca_sar,1,2
0.06888964,3,pca_sar,1,2
-0.020838067,3,pca_sar,1,2
0.016774053,3,pca_sar,1,2
0.12606882,3,pca_sar,1,2
0.11906876,3,pca_sar,1,2
-0.08375102,3,pca_sar,1,2
0.066238664,3,pca_sar,1,2
0.20903283,3,pca_sar,1,2
0.25948223,3,pca_sar,1,2
0.14570087,3,pca_sar,1,2
0.05620165,3,pca_sar,1,2
0.2929865,3,pca_sar,1,2
0.3990988,3,pca_sar,1,2
0.053639263,3,pca_sar,1,2
-0.023724765,3,pca_sar,1,2
0.1833084,3,pca_sar,1,2
0.27829337,3,pca_sar,1,2
0.26763868,3,pca_sar,1,2
0.19884606,3,pca_sar,1,2
0.20235823,3,pca_sar,1,2
0.36092633,3,pca_sar,1,2
0.3246557,3,pca_sar,1,2
0.14369649,3,pca_sar,1,2
0.12160087,3,pca_sar,1,2
0.36315617,3,pca_sar,1,2
0.3953612,3,pca_sar,1,2
0.23278712,3,pca_sar,1,2
0.11231711,3,pca_sar,1,2
0.0797269,3,pca_sar,1,2
0.23104598,3,pca_sar,1,2
0.23134111,3,pca_sar,1,2
0.39722824,3,pca_sar,1,2
0.36042964,3,pca_sar,1,2
0.14639972,3,pca_sar,1,2
0.0350217,3,pca_sar,1,2
-0.014477912,3,pca_sar,1,2
0.38536924,3,pca_sar,1,2
0.32617483,3,pca_sar,1,2
0.39152327,3,pca_sar,1,2
0.27000585,3,pca_sar,1,2
0.35936037,3,pca_sar,1,2
0.2396586,3,pca_sar,1,2
0.30568612,3,pca_sar,1,2
0.15639506,3,pca_sar,1,2
0.5804467,1,pca_sar,1,2
0.5522189,1,pca_sar,1,2
0.3950823,1,pca_sar,1,2
0.5105892,1,pca_sar,1,2
0.42369202,1,pca_sar,1,2
0.5202768,1,pca_sar,1,2
0.42300326,1,pca_sar,1,2
0.3616879,1,pca_sar,1,2
0.4894965,1,pca_sar,1,2
0.4420179,1,pca_sar,1,2
0.40526217,1,pca_sar,1,2
0.3504929,1,pca_sar,1,2
0.48868358,1,pca_sar,1,2
0.4063819,1,pca_sar,1,2
0.42571992,1,pca_sar,1,2
0.41540396,1,pca_sar,1,2
0.5223133,1,pca_sar,1,2
0.4477718,1,pca_sar,1,2
0.47421306,1,pca_sar,1,2
0.43714315,1,pca_sar,1,2
0.50978637,1,pca_sar,1,2
0.46684957,1,pca_sar,1,2
0.52752936,1,pca_sar,1,2
0.5566999,1,pca_sar,1,2
0.45626453,1,pca_sar,1,2
0.5122204,1,pca_sar,1,2
0.47594875,1,pca_sar,1,2
0.46231633,1,pca_sar,1,2
0.47769406,1,pca_sar,1,2
0.39957398,1,pca_sar,1,2
0.5168044,1,pca_sar,1,2
0.5553179,1,pca_sar,1,2
0.5393902,1,pca_sar,1,2
0.37338564,1,pca_sar,1,2
0.38145617,1,pca_sar,1,2
0.36892736,1,pca_sar,1,2
0.35427374,1,pca_sar,1,2
0.29428926,1,pca_sar,1,2
0.32357907,1,pca_sar,1,2
0.36889392,1,pca_sar,1,2
0.39559245,1,pca_sar,1,2
0.3499746,1,pca_sar,1,2
0.33464912,1,pca_sar,1,2
0.33092308,1,pca_sar,1,2
0.35797155,1,pca_sar,1,2
0.30723244,1,pca_sar,1,2
0.36232662,1,pca_sar,1,2
0.3942019,1,pca_sar,1,2
0.34786457,1,pca_sar,1,2
0.31798008,1,pca_sar,1,2
0.31976157,1,pca_sar,1,2
0.34453863,1,pca_sar,1,2
0.31772813,1,pca_sar,1,2
0.34753442,1,pca_sar,1,2
0.3325746,1,pca_sar,1,2
0.38328463,1,pca_sar,1,2
0.36808148,1,pca_sar,1,2
0.3662234,1,pca_sar,1,2
0.36273193,1,pca_sar,1,2
0.38180763,1,pca_sar,1,2
0.36415273,1,pca_sar,1,2
0.33283347,1,pca_sar,1,2
0.310831,1,pca_sar,1,2
0.29673302,1,pca_sar,1,2
0.3319071,1,pca_sar,1,2
0.3409908,1,pca_sar,1,2
0.34746757,1,pca_sar,1,2
0.33438691,1,pca_sar,1,2
0.340479,1,pca_sar,1,2
0.38306344,1,pca_sar,1,2
0.40798053,1,pca_sar,1,2
0.40377584,1,pca_sar,1,2
0.37316954,1,pca_sar,1,2
0.28698057,1,pca_sar,1,2
0.2875142,1,pca_sar,1,2
0.33919978,1,pca_sar,1,2
0.35074234,1,pca_sar,1,2
0.34170473,1,pca_sar,1,2
0.36480787,1,pca_sar,1,2
0.29963797,1,pca_sar,1,2
0.3787843,1,pca_sar,1,2
0.32790866,1,pca_sar,1,2
0.32944256,1,pca_sar,1,2
0.37810668,1,pca_sar,1,2
0.3289888,1,pca_sar,1,2
0.28210348,1,pca_sar,1,2
0.34788316,1,pca_sar,1,2
0.35086918,1,pca_sar,1,2
0.32183242,1,pca_sar,1,2
0.3449185,1,pca_sar,1,2
0.25040144,1,pca_sar,1,2
0.3308202,1,pca_sar,1,2
0.27932233,1,pca_sar,1,2
0.28262314,1,pca_sar,1,2
0.3480829,1,pca_sar,1,2
0.33349276,1,pca_sar,1,2
0.31291574,1,pca_sar,1,2
0.30973333,1,pca_sar,1,2
0.30283958,1,pca_sar,1,2
0.3229045,1,pca_sar,1,2
0.34258515,1,pca_sar,1,2
0.3145057,1,pca_sar,1,2
0.3649642,1,pca_sar,1,2
0.26426053,1,pca_sar,1,2
0.27368677,1,pca_sar,1,2
0.3631764,1,pca_sar,1,2
0.29471126,1,pca_sar,1,2
0.34288672,1,pca_sar,1,2
0.3211097,1,pca_sar,1,2
0.3185612,1,pca_sar,1,2
0.3478123,1,pca_sar,1,2
0.3605819,1,pca_sar,1,2
0.3474505,1,pca_sar,1,2
0.34756148,1,pca_sar,1,2
0.29298246,1,pca_sar,1,2
0.41415238,1,pca_sar,1,2
0.4408938,1,pca_sar,1,2
0.44359496,1,pca_sar,1,2
0.34866476,1,pca_sar,1,2
0.3235926,1,pca_sar,1,2
0.39477676,1,pca_sar,1,2
0.37867993,1,pca_sar,1,2
0.38326073,1,pca_sar,1,2
0.34000802,1,pca_sar,1,2
0.34897596,1,pca_sar,1,2
0.45710355,1,pca_sar,1,2
0.3366766,1,pca_sar,1,2
0.26161173,1,pca_sar,1,2
0.37254605,1,pca_sar,1,2
0.43736732,1,pca_sar,1,2
0.31030047,1,pca_sar,1,2
0.25724557,1,pca_sar,1,2
0.3691897,1,pca_sar,1,2
0.3403316,1,pca_sar,1,2
0.43637896,1,pca_sar,1,2
0.33519483,1,pca_sar,1,2
0.25757867,1,pca_sar,1,2
0.3055718,1,pca_sar,1,2
0.28395772,1,pca_sar,1,2
0.4462399,1,pca_sar,1,2
0.3496453,1,pca_sar,1,2
0.26112384,1,pca_sar,1,2
0.3234213,1,pca_sar,1,2
0.2966023,1,pca_sar,1,2
0.2586624,1,pca_sar,1,2
0.43883955,1,pca_sar,1,2
0.28691158,1,pca_sar,1,2
0.22804138,1,pca_sar,1,2
0.3173911,1,pca_sar,1,2
0.29367065,1,pca_sar,1,2
0.29471076,1,pca_sar,1,2
0.28835088,1,pca_sar,1,2
0.4183252,1,pca_sar,1,2
0.31040746,1,pca_sar,1,2
0.21407162,1,pca_sar,1,2
0.2773996,1,pca_sar,1,2
0.30974028,1,pca_sar,1,2
0.2741831,1,pca_sar,1,2
0.29168752,1,pca_sar,1,2
0.4299585,1,pca_sar,1,2
0.35851622,1,pca_sar,1,2
0.22105363,1,pca_sar,1,2
0.301223,1,pca_sar,1,2
0.36620924,1,pca_sar,1,2
0.31792673,1,pca_sar,1,2
0.39917174,1,pca_sar,1,2
0.2961625,1,pca_sar,1,2
0.23297442,1,pca_sar,1,2
0.26889893,1,pca_sar,1,2
0.2534505,1,pca_sar,1,2
0.27849492,1,pca_sar,1,2
0.40923792,1,pca_sar,1,2
0.3117865,1,pca_sar,1,2
0.21134944,1,pca_sar,1,2
0.25755244,1,pca_sar,1,2
0.28213924,1,pca_sar,1,2
0.41073996,1,pca_sar,1,2
0.30993134,1,pca_sar,1,2
0.25092593,1,pca_sar,1,2
0.32502645,1,pca_sar,1,2
0.39304143,1,pca_sar,1,2
0.31320548,1,pca_sar,1,2
0.20330118,1,pca_sar,1,2
0.26799878,1,pca_sar,1,2
0.42731437,1,pca_sar,1,2
0.38298458,1,pca_sar,1,2
0.3781094,1,pca_sar,1,2
0.3991873,1,pca_sar,1,2
0.39138156,1,pca_sar,1,2
0.35032505,1,pca_sar,1,2
0.29596037,1,pca_sar,1,2
0.12426154,1,pca_sar,1,2
0.061462536,1,pca_sar,1,2
0.23888263,1,pca_sar,1,2
0.18961176,1,pca_sar,1,2
0.23138127,1,pca_sar,1,2
0.20696668,1,pca_sar,1,2
0.2270043,1,pca_sar,1,2
0.23940839,1,pca_sar,1,2
0.24794519,1,pca_sar,1,2
0.17489132,1,pca_sar,1,2
0.084427334,1,pca_sar,1,2
0.2748164,1,pca_sar,1,2
0.26472354,1,pca_sar,1,2
0.27218583,1,pca_sar,1,2
0.23465446,1,pca_sar,1,2
0.27026975,1,pca_sar,1,2
0.25626272,1,pca_sar,1,2
0.2623394,1,pca_sar,1,2
0.24295115,1,pca_sar,1,2
0.15861887,1,pca_sar,1,2
0.062464934,1,pca_sar,1,2
0.011280449,1,pca_sar,1,2
-0.033490404,1,pca_sar,1,2
-0.046201896,1,pca_sar,1,2
0.28165627,1,pca_sar,1,2
0.32796678,1,pca_sar,1,2
0.36664426,1,pca_sar,1,2
0.27541715,1,pca_sar,1,2
0.28718773,1,pca_sar,1,2
0.24743909,1,pca_sar,1,2
0.33477497,1,pca_sar,1,2
0.33747685,1,pca_sar,1,2
0.24434103,1,pca_sar,1,2
0.017136686,1,pca_sar,1,2
-0.0065134913,1,pca_sar,1,2
0.3209511,1,pca_sar,1,2
0.3670137,1,pca_sar,1,2
0.39068222,1,pca_sar,1,2
0.20375784,1,pca_sar,1,2
0.18273267,1,pca_sar,1,2
0.33941567,1,pca_sar,1,2
0.36717677,1,pca_sar,1,2
0.36790872,1,pca_sar,1,2
0.22394672,1,pca_sar,1,2
0.23489752,1,pca_sar,1,2
0.39099044,1,pca_sar,1,2
0.42901787,1,pca_sar,1,2
0.43883607,1,pca_sar,1,2
0.44899768,1,pca_sar,1,2
0.44106606,1,pca_sar,1,2
0.35069206,1,pca_sar,1,2
0.29009375,1,pca_sar,1,2
0.08371216,1,pca_sar,1,2
0.011094175,1,pca_sar,1,2
0.281789,1,pca_sar,1,2
0.3915168,1,pca_sar,1,2
0.4277935,1,pca_sar,1,2
0.30977398,1,pca_sar,1,2
0.30367616,1,pca_sar,1,2
0.22356904,1,pca_sar,1,2
0.18085465,1,pca_sar,1,2
0.061602116,1,pca_sar,1,2
0.043775998,1,pca_sar,1,2
0.286349,1,pca_sar,1,2
0.23278937,1,pca_sar,1,2
0.24708256,1,pca_sar,1,2
0.2463457,1,pca_sar,1,2
0.23397696,1,pca_sar,1,2
0.22596994,1,pca_sar,1,2
0.21551058,1,pca_sar,1,2
0.19695216,1,pca_sar,1,2
0.1471244,1,pca_sar,1,2
0.091462195,1,pca_sar,1,2
0.07968116,1,pca_sar,1,2
0.015066907,1,pca_sar,1,2
-0.03398439,1,pca_sar,1,2
0.34424537,1,pca_sar,1,2
0.27659693,1,pca_sar,1,2
0.258908,1,pca_sar,1,2
0.28015792,1,pca_sar,1,2
0.2836377,1,pca_sar,1,2
0.29418638,1,pca_sar,1,2
0.25269514,1,pca_sar,1,2
0.2154478,1,pca_sar,1,2
0.20043026,1,pca_sar,1,2
0.0023031216,1,pca_sar,1,2
-0.074580394,1,pca_sar,1,2
0.29421163,1,pca_sar,1,2
0.27893114,1,pca_sar,1,2
0.2546517,1,pca_sar,1,2
0.2484039,1,pca_sar,1,2
0.19234636,1,pca_sar,1,2
0.2769761,1,pca_sar,1,2
0.26070917,1,pca_sar,1,2
0.28082114,1,pca_sar,1,2
0.26408428,1,pca_sar,1,2
0.2364963,1,pca_sar,1,2
0.31427443,1,pca_sar,1,2
0.21108687,1,pca_sar,1,2
0.25275975,1,pca_sar,1,2
0.29746908,1,pca_sar,1,2
0.22622228,1,pca_sar,1,2
0.310511,1,pca_sar,1,2
0.3363862,1,pca_sar,1,2
0.17857179,1,pca_sar,1,2
0.24308993,1,pca_sar,1,2
0.32829958,1,pca_sar,1,2
0.17104228,1,pca_sar,1,2
0.19657391,1,pca_sar,1,2
0.2928639,1,pca_sar,1,2
0.1816651,1,pca_sar,1,2
0.18769187,1,pca_sar,1,2
0.31405747,1,pca_sar,1,2
0.22950794,1,pca_sar,1,2
0.21709049,1,pca_sar,1,2
0.32406026,1,pca_sar,1,2
0.22418417,1,pca_sar,1,2
0.22067922,1,pca_sar,1,2
0.24410547,1,pca_sar,1,2
0.17692852,1,pca_sar,1,2
0.18423505,1,pca_sar,1,2
0.12843679,1,pca_sar,1,2
0.07915515,1,pca_sar,1,2
0.07825684,1,pca_sar,1,2
0.18720153,1,pca_sar,1,2
0.12193507,1,pca_sar,1,2
0.08501102,1,pca_sar,1,2
0.1766368,1,pca_sar,1,2
0.15041322,1,pca_sar,1,2
0.07372593,1,pca_sar,1,2
0.29196712,1,pca_sar,1,2
0.20278598,1,pca_sar,1,2
0.11439943,1,pca_sar,1,2
0.30759776,1,pca_sar,1,2
0.23476395,1,pca_sar,1,2
0.17372946,1,pca_sar,1,2
0.34053954,1,pca_sar,1,2
0.20076771,1,pca_sar,1,2
0.14114888,1,pca_sar,1,2
0.3304491,1,pca_sar,1,2
0.119659826,1,pca_sar,1,2
0.1250278,1,pca_sar,1,2
0.29465884,1,pca_sar,1,2
0.21022598,1,pca_sar,1,2
0.12959048,1,pca_sar,1,2
0.268094,1,pca_sar,1,2
0.25235963,1,pca_sar,1,2
0.18626994,1,pca_sar,1,2
0.13016267,1,pca_sar,1,2
0.093243584,1,pca_sar,1,2
0.09201667,1,pca_sar,1,2
0.23205084,1,pca_sar,1,2
0.29948416,1,pca_sar,1,2
0.28034925,1,pca_sar,1,2
0.201796,1,pca_sar,1,2
0.16331817,1,pca_sar,1,2
0.17006133,1,pca_sar,1,2
0.19110157,1,pca_sar,1,2
0.18882489,1,pca_sar,1,2
0.15262678,1,pca_sar,1,2
0.14727555,1,pca_sar,1,2
0.1948353,1,pca_sar,1,2
0.13574365,1,pca_sar,1,2
0.1775499,1,pca_sar,1,2
0.07082631,1,pca_sar,1,2
0.11618406,1,pca_sar,1,2
0.23768842,1,pca_sar,1,2
0.08627811,1,pca_sar,1,2
0.14730781,1,pca_sar,1,2
0.16300356,1,pca_sar,1,2
0.07344933,1,pca_sar,1,2
0.122912794,1,pca_sar,1,2
0.15072694,1,pca_sar,1,2
0.08754625,1,pca_sar,1,2
0.048874088,1,pca_sar,1,2
0.020605125,1,pca_sar,1,2
0.00707124,1,pca_sar,1,2
0.026714483,1,pca_sar,1,2
0.20425794,1,pca_sar,1,2
0.21794532,1,pca_sar,1,2
0.2462382,1,pca_sar,1,2
0.23798423,1,pca_sar,1,2
0.22666894,1,pca_sar,1,2
0.18484159,1,pca_sar,1,2
0.18815196,1,pca_sar,1,2
0.16623834,1,pca_sar,1,2
0.17008364,1,pca_sar,1,2
0.19302174,1,pca_sar,1,2
0.18676725,1,pca_sar,1,2
0.17492929,1,pca_sar,1,2
0.22013101,1,pca_sar,1,2
0.16419323,1,pca_sar,1,2
0.12700827,1,pca_sar,1,2
0.2145198,1,pca_sar,1,2
0.1383094,1,pca_sar,1,2
0.06596302,1,pca_sar,1,2
0.24459314,1,pca_sar,1,2
0.13421133,1,pca_sar,1,2
0.09046908,1,pca_sar,1,2
0.22678715,1,pca_sar,1,2
0.10878126,1,pca_sar,1,2
0.104623884,1,pca_sar,1,2
0.12444601,1,pca_sar,1,2
0.03940576,1,pca_sar,1,2
0.05368057,1,pca_sar,1,2
