Cosine Similarity,Class,Modality Pair,i,j
0.8855181,6,rgb_pca,0,1
0.8964348,6,rgb_pca,0,1
0.9033351,6,rgb_pca,0,1
0.92313814,6,rgb_pca,0,1
0.94400054,6,rgb_pca,0,1
0.83196974,6,rgb_pca,0,1
0.82914746,6,rgb_pca,0,1
0.827332,6,rgb_pca,0,1
0.8453876,6,rgb_pca,0,1
0.8634318,6,rgb_pca,0,1
0.79961777,6,rgb_pca,0,1
0.7840844,6,rgb_pca,0,1
0.77117795,6,rgb_pca,0,1
0.7705507,6,rgb_pca,0,1
0.78887457,6,rgb_pca,0,1
0.8174609,6,rgb_pca,0,1
0.8024094,6,rgb_pca,0,1
0.79096115,6,rgb_pca,0,1
0.7986138,6,rgb_pca,0,1
0.79673827,6,rgb_pca,0,1
0.81524915,6,rgb_pca,0,1
0.8351971,6,rgb_pca,0,1
0.799628,6,rgb_pca,0,1
0.8009782,6,rgb_pca,0,1
0.81206954,6,rgb_pca,0,1
0.8159012,6,rgb_pca,0,1
0.8283458,6,rgb_pca,0,1
0.84780264,6,rgb_pca,0,1
0.77731156,6,rgb_pca,0,1
0.7805327,6,rgb_pca,0,1
0.78952944,6,rgb_pca,0,1
0.802706,6,rgb_pca,0,1
0.8130425,6,rgb_pca,0,1
0.78659236,6,rgb_pca,0,1
0.8244525,6,rgb_pca,0,1
0.8017021,6,rgb_pca,0,1
0.80520344,6,rgb_pca,0,1
0.7989859,6,rgb_pca,0,1
0.82791626,6,rgb_pca,0,1
0.8088595,6,rgb_pca,0,1
0.83796686,6,rgb_pca,0,1
0.78645515,6,rgb_pca,0,1
0.79805326,6,rgb_pca,0,1
0.82198095,6,rgb_pca,0,1
0.8540435,6,rgb_pca,0,1
0.8262398,6,rgb_pca,0,1
0.85610807,6,rgb_pca,0,1
0.778169,6,rgb_pca,0,1
0.7881778,6,rgb_pca,0,1
0.80653954,6,rgb_pca,0,1
0.84098387,6,rgb_pca,0,1
0.80764645,6,rgb_pca,0,1
0.83855855,6,rgb_pca,0,1
0.7852317,6,rgb_pca,0,1
0.80065775,6,rgb_pca,0,1
0.825629,6,rgb_pca,0,1
0.81832105,6,rgb_pca,0,1
0.8340156,6,rgb_pca,0,1
0.8071126,6,rgb_pca,0,1
0.77214473,6,rgb_pca,0,1
0.79485303,6,rgb_pca,0,1
0.8241205,6,rgb_pca,0,1
0.82873285,6,rgb_pca,0,1
0.8418126,6,rgb_pca,0,1
0.7799655,6,rgb_pca,0,1
0.8041906,6,rgb_pca,0,1
0.82232845,6,rgb_pca,0,1
0.8221361,6,rgb_pca,0,1
0.85534346,6,rgb_pca,0,1
0.77316296,6,rgb_pca,0,1
0.7879461,6,rgb_pca,0,1
0.80567586,6,rgb_pca,0,1
0.8243166,6,rgb_pca,0,1
0.8550858,6,rgb_pca,0,1
0.7968865,2,rgb_pca,0,1
0.81554496,2,rgb_pca,0,1
0.785349,2,rgb_pca,0,1
0.7932,2,rgb_pca,0,1
0.78327477,2,rgb_pca,0,1
0.78777075,2,rgb_pca,0,1
0.8186238,2,rgb_pca,0,1
0.8346067,2,rgb_pca,0,1
0.7796114,2,rgb_pca,0,1
0.77469826,2,rgb_pca,0,1
0.8096037,2,rgb_pca,0,1
0.8349066,2,rgb_pca,0,1
0.7776048,2,rgb_pca,0,1
0.78523576,2,rgb_pca,0,1
0.80319357,2,rgb_pca,0,1
0.82227343,2,rgb_pca,0,1
0.7796354,2,rgb_pca,0,1
0.7867249,2,rgb_pca,0,1
0.78090924,2,rgb_pca,0,1
0.77800655,2,rgb_pca,0,1
0.81808794,2,rgb_pca,0,1
0.8293246,2,rgb_pca,0,1
0.77858794,2,rgb_pca,0,1
0.76677907,2,rgb_pca,0,1
0.76706505,2,rgb_pca,0,1
0.83778286,2,rgb_pca,0,1
0.85779315,2,rgb_pca,0,1
0.9056827,6,rgb_pca,0,1
0.90812165,6,rgb_pca,0,1
0.90568054,6,rgb_pca,0,1
0.90665144,6,rgb_pca,0,1
0.90686643,6,rgb_pca,0,1
0.9031998,6,rgb_pca,0,1
0.89685214,6,rgb_pca,0,1
0.8308966,6,rgb_pca,0,1
0.83728254,6,rgb_pca,0,1
0.8229258,6,rgb_pca,0,1
0.8152766,6,rgb_pca,0,1
0.8199161,6,rgb_pca,0,1
0.82692945,6,rgb_pca,0,1
0.82905173,6,rgb_pca,0,1
0.8008068,6,rgb_pca,0,1
0.819186,6,rgb_pca,0,1
0.818916,6,rgb_pca,0,1
0.7934773,6,rgb_pca,0,1
0.78279006,6,rgb_pca,0,1
0.7947616,6,rgb_pca,0,1
0.7745409,6,rgb_pca,0,1
0.7890953,6,rgb_pca,0,1
0.78250057,6,rgb_pca,0,1
0.77905285,6,rgb_pca,0,1
0.77342904,6,rgb_pca,0,1
0.7276676,6,rgb_pca,0,1
0.72725034,6,rgb_pca,0,1
0.74624056,6,rgb_pca,0,1
0.76782,6,rgb_pca,0,1
0.7753204,6,rgb_pca,0,1
0.7813718,6,rgb_pca,0,1
0.7729715,6,rgb_pca,0,1
0.73632765,6,rgb_pca,0,1
0.7464279,6,rgb_pca,0,1
0.76699996,6,rgb_pca,0,1
0.7727884,6,rgb_pca,0,1
0.79552704,6,rgb_pca,0,1
0.8173057,6,rgb_pca,0,1
0.81340003,6,rgb_pca,0,1
0.79576874,6,rgb_pca,0,1
0.7825389,6,rgb_pca,0,1
0.75888956,6,rgb_pca,0,1
0.75948524,6,rgb_pca,0,1
0.75934404,6,rgb_pca,0,1
0.74458694,6,rgb_pca,0,1
0.80668116,6,rgb_pca,0,1
0.79894984,6,rgb_pca,0,1
0.7642766,6,rgb_pca,0,1
0.7616222,6,rgb_pca,0,1
0.7519375,6,rgb_pca,0,1
0.7406386,6,rgb_pca,0,1
0.73296165,6,rgb_pca,0,1
0.7349691,6,rgb_pca,0,1
0.69930714,6,rgb_pca,0,1
0.7978155,6,rgb_pca,0,1
0.7898847,6,rgb_pca,0,1
0.77538085,6,rgb_pca,0,1
0.7629117,6,rgb_pca,0,1
0.75839764,6,rgb_pca,0,1
0.747476,6,rgb_pca,0,1
0.7590503,6,rgb_pca,0,1
0.7527448,6,rgb_pca,0,1
0.7381266,6,rgb_pca,0,1
0.7914177,6,rgb_pca,0,1
0.78578216,6,rgb_pca,0,1
0.7805942,6,rgb_pca,0,1
0.7654235,6,rgb_pca,0,1
0.75814354,6,rgb_pca,0,1
0.7274286,6,rgb_pca,0,1
0.738974,6,rgb_pca,0,1
0.76125443,6,rgb_pca,0,1
0.76621276,6,rgb_pca,0,1
0.7948499,6,rgb_pca,0,1
0.8065216,6,rgb_pca,0,1
0.7742007,6,rgb_pca,0,1
0.7377013,6,rgb_pca,0,1
0.7196037,6,rgb_pca,0,1
0.7069944,6,rgb_pca,0,1
0.7290371,6,rgb_pca,0,1
0.7699417,6,rgb_pca,0,1
0.79547554,6,rgb_pca,0,1
0.7275362,6,rgb_pca,0,1
0.7572372,6,rgb_pca,0,1
0.7603057,6,rgb_pca,0,1
0.75309587,6,rgb_pca,0,1
0.7728373,6,rgb_pca,0,1
0.73574495,6,rgb_pca,0,1
0.6884234,6,rgb_pca,0,1
0.6855551,6,rgb_pca,0,1
0.71689165,6,rgb_pca,0,1
0.7276976,6,rgb_pca,0,1
0.5551141,6,rgb_pca,0,1
0.5681855,6,rgb_pca,0,1
0.66710925,6,rgb_pca,0,1
0.74182135,6,rgb_pca,0,1
0.6977304,6,rgb_pca,0,1
0.67436314,6,rgb_pca,0,1
0.68697524,6,rgb_pca,0,1
0.70550025,6,rgb_pca,0,1
0.7115669,6,rgb_pca,0,1
0.52641,6,rgb_pca,0,1
0.51310176,6,rgb_pca,0,1
0.5385281,6,rgb_pca,0,1
0.6349131,6,rgb_pca,0,1
0.6344664,6,rgb_pca,0,1
0.6882148,6,rgb_pca,0,1
0.7028357,6,rgb_pca,0,1
0.7074959,6,rgb_pca,0,1
0.7191092,6,rgb_pca,0,1
0.81685317,2,rgb_pca,0,1
0.814428,2,rgb_pca,0,1
0.8026153,2,rgb_pca,0,1
0.8176743,2,rgb_pca,0,1
0.7943324,2,rgb_pca,0,1
0.8059106,2,rgb_pca,0,1
0.8058176,2,rgb_pca,0,1
0.7727419,2,rgb_pca,0,1
0.82656413,2,rgb_pca,0,1
0.81721985,2,rgb_pca,0,1
0.78921854,2,rgb_pca,0,1
0.76600957,2,rgb_pca,0,1
0.83753145,2,rgb_pca,0,1
0.8271668,2,rgb_pca,0,1
0.7964825,2,rgb_pca,0,1
0.7889634,2,rgb_pca,0,1
0.81982887,2,rgb_pca,0,1
0.79765415,2,rgb_pca,0,1
0.76790804,2,rgb_pca,0,1
0.7736093,2,rgb_pca,0,1
0.79844546,2,rgb_pca,0,1
0.804451,2,rgb_pca,0,1
0.8014002,2,rgb_pca,0,1
0.7780549,2,rgb_pca,0,1
0.78021455,2,rgb_pca,0,1
0.803167,2,rgb_pca,0,1
0.8015007,2,rgb_pca,0,1
0.90281266,6,rgb_pca,0,1
0.8873774,6,rgb_pca,0,1
0.85535157,6,rgb_pca,0,1
0.8251791,6,rgb_pca,0,1
0.7989657,6,rgb_pca,0,1
0.7742379,6,rgb_pca,0,1
0.80276954,6,rgb_pca,0,1
0.7218474,6,rgb_pca,0,1
0.77308714,6,rgb_pca,0,1
0.69732696,6,rgb_pca,0,1
0.7736135,6,rgb_pca,0,1
0.7146184,6,rgb_pca,0,1
0.64789855,6,rgb_pca,0,1
0.7896527,6,rgb_pca,0,1
0.7426157,6,rgb_pca,0,1
0.70906967,6,rgb_pca,0,1
0.8049214,6,rgb_pca,0,1
0.7598698,6,rgb_pca,0,1
0.7146665,6,rgb_pca,0,1
0.8188666,6,rgb_pca,0,1
0.78270745,6,rgb_pca,0,1
0.7498455,6,rgb_pca,0,1
0.76524484,6,rgb_pca,0,1
0.8233786,6,rgb_pca,0,1
0.79250985,6,rgb_pca,0,1
0.78326833,6,rgb_pca,0,1
0.7766738,6,rgb_pca,0,1
0.8514732,6,rgb_pca,0,1
0.81489503,6,rgb_pca,0,1
0.7864521,6,rgb_pca,0,1
0.7705966,6,rgb_pca,0,1
0.8475506,6,rgb_pca,0,1
0.8336738,6,rgb_pca,0,1
0.8033043,6,rgb_pca,0,1
0.79706156,6,rgb_pca,0,1
0.79469436,2,rgb_pca,0,1
0.7843256,2,rgb_pca,0,1
0.810376,2,rgb_pca,0,1
0.77937007,2,rgb_pca,0,1
0.7960563,2,rgb_pca,0,1
0.7868529,2,rgb_pca,0,1
0.77753484,2,rgb_pca,0,1
0.7838812,2,rgb_pca,0,1
0.7838063,2,rgb_pca,0,1
0.80088043,2,rgb_pca,0,1
0.79451966,2,rgb_pca,0,1
0.7913813,2,rgb_pca,0,1
0.79202235,2,rgb_pca,0,1
0.811129,2,rgb_pca,0,1
0.77980053,2,rgb_pca,0,1
0.77109826,2,rgb_pca,0,1
0.7942215,2,rgb_pca,0,1
0.7933657,2,rgb_pca,0,1
0.7632015,2,rgb_pca,0,1
0.75455165,2,rgb_pca,0,1
0.791101,2,rgb_pca,0,1
0.8027417,2,rgb_pca,0,1
0.793954,2,rgb_pca,0,1
0.7793466,2,rgb_pca,0,1
0.7732582,2,rgb_pca,0,1
0.8027656,2,rgb_pca,0,1
0.8117715,2,rgb_pca,0,1
0.8058078,2,rgb_pca,0,1
0.79662985,2,rgb_pca,0,1
0.7930737,2,rgb_pca,0,1
0.78012,2,rgb_pca,0,1
0.77595663,2,rgb_pca,0,1
0.7736206,2,rgb_pca,0,1
0.76445174,2,rgb_pca,0,1
0.7706287,2,rgb_pca,0,1
0.73244363,2,rgb_pca,0,1
0.7461271,2,rgb_pca,0,1
0.76441383,2,rgb_pca,0,1
0.7891372,2,rgb_pca,0,1
0.7431356,2,rgb_pca,0,1
0.74992657,2,rgb_pca,0,1
0.74718356,2,rgb_pca,0,1
0.7638512,2,rgb_pca,0,1
0.7704272,2,rgb_pca,0,1
0.7776272,2,rgb_pca,0,1
0.71045756,2,rgb_pca,0,1
0.7142267,2,rgb_pca,0,1
0.7560921,2,rgb_pca,0,1
0.7522589,2,rgb_pca,0,1
0.760363,2,rgb_pca,0,1
0.7149761,2,rgb_pca,0,1
0.7100955,2,rgb_pca,0,1
0.7505129,2,rgb_pca,0,1
0.7537043,2,rgb_pca,0,1
0.79266334,2,rgb_pca,0,1
0.7256061,2,rgb_pca,0,1
0.7949243,2,rgb_pca,0,1
0.7333541,2,rgb_pca,0,1
0.7254715,2,rgb_pca,0,1
0.75894684,2,rgb_pca,0,1
0.7599464,2,rgb_pca,0,1
0.7578562,2,rgb_pca,0,1
0.7716548,2,rgb_pca,0,1
0.7618469,2,rgb_pca,0,1
0.7610163,2,rgb_pca,0,1
0.74743676,2,rgb_pca,0,1
0.74552333,2,rgb_pca,0,1
0.76134866,2,rgb_pca,0,1
0.7476426,2,rgb_pca,0,1
0.75648296,2,rgb_pca,0,1
0.75413966,2,rgb_pca,0,1
0.7902132,2,rgb_pca,0,1
0.7807769,2,rgb_pca,0,1
0.7705414,2,rgb_pca,0,1
0.7609101,2,rgb_pca,0,1
0.76003367,2,rgb_pca,0,1
0.7833964,2,rgb_pca,0,1
0.74447954,2,rgb_pca,0,1
0.7571211,2,rgb_pca,0,1
0.75727403,2,rgb_pca,0,1
0.7757337,2,rgb_pca,0,1
0.7932823,2,rgb_pca,0,1
0.77132267,2,rgb_pca,0,1
0.7639264,2,rgb_pca,0,1
0.7808835,2,rgb_pca,0,1
0.7712517,2,rgb_pca,0,1
0.7619772,2,rgb_pca,0,1
0.7595059,2,rgb_pca,0,1
0.7842473,2,rgb_pca,0,1
0.78450704,2,rgb_pca,0,1
0.78208256,2,rgb_pca,0,1
0.7732834,2,rgb_pca,0,1
0.7838083,2,rgb_pca,0,1
0.77368623,2,rgb_pca,0,1
0.76765376,2,rgb_pca,0,1
0.7956261,2,rgb_pca,0,1
0.7703396,2,rgb_pca,0,1
0.76954997,2,rgb_pca,0,1
0.7952652,2,rgb_pca,0,1
0.78068656,2,rgb_pca,0,1
0.7587303,2,rgb_pca,0,1
0.7434998,2,rgb_pca,0,1
0.7735716,2,rgb_pca,0,1
0.7901046,2,rgb_pca,0,1
0.78265536,2,rgb_pca,0,1
0.76431525,2,rgb_pca,0,1
0.8047768,2,rgb_pca,0,1
0.78930277,2,rgb_pca,0,1
0.7447163,2,rgb_pca,0,1
0.72982514,2,rgb_pca,0,1
0.7821801,2,rgb_pca,0,1
0.7899916,2,rgb_pca,0,1
0.76615596,2,rgb_pca,0,1
0.73756564,2,rgb_pca,0,1
0.81955177,2,rgb_pca,0,1
0.8063629,2,rgb_pca,0,1
0.7656391,2,rgb_pca,0,1
0.7678084,2,rgb_pca,0,1
0.80306375,2,rgb_pca,0,1
0.80225945,2,rgb_pca,0,1
0.77897376,2,rgb_pca,0,1
0.7578443,2,rgb_pca,0,1
0.7626839,2,rgb_pca,0,1
0.7435646,2,rgb_pca,0,1
0.7397902,2,rgb_pca,0,1
0.82701904,2,rgb_pca,0,1
0.8111623,2,rgb_pca,0,1
0.7797833,2,rgb_pca,0,1
0.78561807,2,rgb_pca,0,1
0.8023077,2,rgb_pca,0,1
0.78363955,2,rgb_pca,0,1
0.7544626,2,rgb_pca,0,1
0.7460918,2,rgb_pca,0,1
0.7545843,2,rgb_pca,0,1
0.76521444,2,rgb_pca,0,1
0.77803874,2,rgb_pca,0,1
0.76876473,2,rgb_pca,0,1
0.7672562,2,rgb_pca,0,1
0.8089293,2,rgb_pca,0,1
0.78972185,2,rgb_pca,0,1
0.7567729,2,rgb_pca,0,1
0.753181,2,rgb_pca,0,1
0.7661636,2,rgb_pca,0,1
0.7604447,2,rgb_pca,0,1
0.73063713,2,rgb_pca,0,1
0.73167396,2,rgb_pca,0,1
0.7563682,2,rgb_pca,0,1
0.780788,2,rgb_pca,0,1
0.7971593,2,rgb_pca,0,1
0.7827233,2,rgb_pca,0,1
0.76948667,2,rgb_pca,0,1
0.78442633,2,rgb_pca,0,1
0.7788906,2,rgb_pca,0,1
0.7568219,2,rgb_pca,0,1
0.7632414,2,rgb_pca,0,1
0.76260126,2,rgb_pca,0,1
0.7756341,2,rgb_pca,0,1
0.7434006,2,rgb_pca,0,1
0.73433423,2,rgb_pca,0,1
0.77205133,2,rgb_pca,0,1
0.784489,2,rgb_pca,0,1
0.79188186,2,rgb_pca,0,1
0.784073,2,rgb_pca,0,1
0.77250934,2,rgb_pca,0,1
0.79668385,2,rgb_pca,0,1
0.7945357,2,rgb_pca,0,1
0.78767884,2,rgb_pca,0,1
0.7926563,2,rgb_pca,0,1
0.7847832,2,rgb_pca,0,1
0.78860694,2,rgb_pca,0,1
0.7685301,2,rgb_pca,0,1
0.78220695,2,rgb_pca,0,1
0.8065937,2,rgb_pca,0,1
0.77395344,2,rgb_pca,0,1
0.7955978,2,rgb_pca,0,1
0.7734903,2,rgb_pca,0,1
0.78399885,2,rgb_pca,0,1
0.81005526,2,rgb_pca,0,1
0.81602025,2,rgb_pca,0,1
0.8298408,2,rgb_pca,0,1
0.83198345,2,rgb_pca,0,1
0.81807584,2,rgb_pca,0,1
0.8272464,2,rgb_pca,0,1
0.8149439,2,rgb_pca,0,1
0.8152487,2,rgb_pca,0,1
0.8017799,2,rgb_pca,0,1
0.8069084,2,rgb_pca,0,1
0.8236615,2,rgb_pca,0,1
0.7881696,2,rgb_pca,0,1
0.8167941,2,rgb_pca,0,1
0.68310905,2,rgb_pca,0,1
0.707752,2,rgb_pca,0,1
0.7297387,2,rgb_pca,0,1
0.7505314,2,rgb_pca,0,1
0.8089888,2,rgb_pca,0,1
0.7815541,2,rgb_pca,0,1
0.75367916,2,rgb_pca,0,1
0.76943934,2,rgb_pca,0,1
0.7434416,2,rgb_pca,0,1
0.74026793,2,rgb_pca,0,1
0.7565811,2,rgb_pca,0,1
0.8206283,2,rgb_pca,0,1
0.78285134,2,rgb_pca,0,1
0.74852276,2,rgb_pca,0,1
0.75449747,2,rgb_pca,0,1
0.73918664,2,rgb_pca,0,1
0.7455716,2,rgb_pca,0,1
0.767991,2,rgb_pca,0,1
0.7695497,2,rgb_pca,0,1
0.7705071,2,rgb_pca,0,1
0.7505242,2,rgb_pca,0,1
0.7613767,2,rgb_pca,0,1
0.7733062,2,rgb_pca,0,1
0.7699166,2,rgb_pca,0,1
0.76963365,2,rgb_pca,0,1
0.78320813,2,rgb_pca,0,1
0.79858255,2,rgb_pca,0,1
0.7698288,2,rgb_pca,0,1
0.7502222,2,rgb_pca,0,1
0.74874735,2,rgb_pca,0,1
0.7666377,2,rgb_pca,0,1
0.76693696,2,rgb_pca,0,1
0.75141895,2,rgb_pca,0,1
0.7607979,2,rgb_pca,0,1
0.77233315,2,rgb_pca,0,1
0.7762456,2,rgb_pca,0,1
0.75331223,2,rgb_pca,0,1
0.75397587,2,rgb_pca,0,1
0.7598393,2,rgb_pca,0,1
0.74426365,2,rgb_pca,0,1
0.7886555,2,rgb_pca,0,1
0.78483254,2,rgb_pca,0,1
0.79857415,2,rgb_pca,0,1
0.77636015,2,rgb_pca,0,1
0.7561065,2,rgb_pca,0,1
0.75447303,2,rgb_pca,0,1
0.7608012,2,rgb_pca,0,1
0.7520496,2,rgb_pca,0,1
0.79088545,2,rgb_pca,0,1
0.7919873,2,rgb_pca,0,1
0.80092376,2,rgb_pca,0,1
0.80309373,2,rgb_pca,0,1
0.77761126,2,rgb_pca,0,1
0.76206,2,rgb_pca,0,1
0.7574383,2,rgb_pca,0,1
0.7511368,2,rgb_pca,0,1
0.79516447,2,rgb_pca,0,1
0.801688,2,rgb_pca,0,1
0.8106707,2,rgb_pca,0,1
0.7902939,2,rgb_pca,0,1
0.74603254,2,rgb_pca,0,1
0.77134013,2,rgb_pca,0,1
0.7631036,2,rgb_pca,0,1
0.7549132,2,rgb_pca,0,1
0.7674565,2,rgb_pca,0,1
0.7677842,2,rgb_pca,0,1
0.769933,2,rgb_pca,0,1
0.77885747,2,rgb_pca,0,1
0.81390524,2,rgb_pca,0,1
0.8248859,2,rgb_pca,0,1
0.78961897,2,rgb_pca,0,1
0.7328181,2,rgb_pca,0,1
0.7517121,2,rgb_pca,0,1
0.75776553,2,rgb_pca,0,1
0.80082846,2,rgb_pca,0,1
0.7727678,2,rgb_pca,0,1
0.76232564,2,rgb_pca,0,1
0.7694987,2,rgb_pca,0,1
0.77083004,2,rgb_pca,0,1
0.7696687,2,rgb_pca,0,1
0.7613521,2,rgb_pca,0,1
0.764872,2,rgb_pca,0,1
0.7650882,2,rgb_pca,0,1
0.7541683,2,rgb_pca,0,1
0.7444848,2,rgb_pca,0,1
0.7491099,2,rgb_pca,0,1
0.7770995,2,rgb_pca,0,1
0.799407,2,rgb_pca,0,1
0.77237827,2,rgb_pca,0,1
0.7646581,2,rgb_pca,0,1
0.77365994,2,rgb_pca,0,1
0.7642362,2,rgb_pca,0,1
0.783272,2,rgb_pca,0,1
0.7778195,2,rgb_pca,0,1
0.77658284,2,rgb_pca,0,1
0.7647591,2,rgb_pca,0,1
0.7665919,2,rgb_pca,0,1
0.7688552,2,rgb_pca,0,1
0.76629364,2,rgb_pca,0,1
0.78226256,2,rgb_pca,0,1
0.82894385,2,rgb_pca,0,1
0.8240982,2,rgb_pca,0,1
0.79802215,2,rgb_pca,0,1
0.78501236,2,rgb_pca,0,1
0.7755811,2,rgb_pca,0,1
0.77541,2,rgb_pca,0,1
0.75081515,2,rgb_pca,0,1
0.75928664,2,rgb_pca,0,1
0.7866918,2,rgb_pca,0,1
0.79633296,2,rgb_pca,0,1
0.8031181,2,rgb_pca,0,1
0.7945045,2,rgb_pca,0,1
0.7598082,2,rgb_pca,0,1
0.77835774,2,rgb_pca,0,1
0.8095387,2,rgb_pca,0,1
0.8579523,2,rgb_pca,0,1
0.8374698,2,rgb_pca,0,1
0.81524265,2,rgb_pca,0,1
0.8014171,2,rgb_pca,0,1
0.78014916,2,rgb_pca,0,1
0.7654089,2,rgb_pca,0,1
0.7789079,2,rgb_pca,0,1
0.8129869,2,rgb_pca,0,1
0.8309661,2,rgb_pca,0,1
0.8251835,2,rgb_pca,0,1
0.8254162,2,rgb_pca,0,1
0.81763744,2,rgb_pca,0,1
0.7832999,2,rgb_pca,0,1
0.8106804,2,rgb_pca,0,1
0.8302895,2,rgb_pca,0,1
0.6965104,7,rgb_pca,0,1
0.6659504,7,rgb_pca,0,1
0.6761447,7,rgb_pca,0,1
0.6940102,7,rgb_pca,0,1
0.69091207,7,rgb_pca,0,1
0.67637444,7,rgb_pca,0,1
0.64019936,7,rgb_pca,0,1
0.68024033,7,rgb_pca,0,1
0.6934562,7,rgb_pca,0,1
0.6627866,7,rgb_pca,0,1
0.6554591,7,rgb_pca,0,1
0.65889823,7,rgb_pca,0,1
0.6564316,7,rgb_pca,0,1
0.6662159,7,rgb_pca,0,1
0.6460353,7,rgb_pca,0,1
0.66410804,7,rgb_pca,0,1
0.6602371,7,rgb_pca,0,1
0.6389934,7,rgb_pca,0,1
0.67272973,7,rgb_pca,0,1
0.68417925,7,rgb_pca,0,1
0.6718872,7,rgb_pca,0,1
0.67275333,7,rgb_pca,0,1
0.70117164,7,rgb_pca,0,1
0.7081343,7,rgb_pca,0,1
0.68806624,7,rgb_pca,0,1
0.681133,7,rgb_pca,0,1
0.6917233,7,rgb_pca,0,1
0.6582265,7,rgb_pca,0,1
0.6642715,7,rgb_pca,0,1
0.68641937,7,rgb_pca,0,1
0.6580027,7,rgb_pca,0,1
0.6840919,7,rgb_pca,0,1
0.67323864,7,rgb_pca,0,1
0.6770631,7,rgb_pca,0,1
0.6757333,7,rgb_pca,0,1
0.6953285,7,rgb_pca,0,1
0.726801,7,rgb_pca,0,1
0.7181244,7,rgb_pca,0,1
0.6699338,7,rgb_pca,0,1
0.664258,7,rgb_pca,0,1
0.68145967,7,rgb_pca,0,1
0.6538173,7,rgb_pca,0,1
0.70845044,7,rgb_pca,0,1
0.6529693,7,rgb_pca,0,1
0.6597848,7,rgb_pca,0,1
0.6834282,7,rgb_pca,0,1
0.6549159,7,rgb_pca,0,1
0.68887854,7,rgb_pca,0,1
0.7046639,7,rgb_pca,0,1
0.7052343,7,rgb_pca,0,1
0.69373226,7,rgb_pca,0,1
0.73093003,7,rgb_pca,0,1
0.7365674,7,rgb_pca,0,1
0.7266542,7,rgb_pca,0,1
0.71763647,7,rgb_pca,0,1
0.75737596,7,rgb_pca,0,1
0.75589806,7,rgb_pca,0,1
0.768462,7,rgb_pca,0,1
0.78338385,7,rgb_pca,0,1
0.77290225,7,rgb_pca,0,1
0.7573282,7,rgb_pca,0,1
0.7330557,7,rgb_pca,0,1
0.70124424,7,rgb_pca,0,1
0.6732588,7,rgb_pca,0,1
0.6649678,7,rgb_pca,0,1
0.6968298,7,rgb_pca,0,1
0.7098236,7,rgb_pca,0,1
0.6909591,7,rgb_pca,0,1
0.667238,7,rgb_pca,0,1
0.694209,7,rgb_pca,0,1
0.6872927,7,rgb_pca,0,1
0.7039499,7,rgb_pca,0,1
0.6923697,7,rgb_pca,0,1
0.71632886,7,rgb_pca,0,1
0.7015706,7,rgb_pca,0,1
0.7156074,7,rgb_pca,0,1
0.7292626,7,rgb_pca,0,1
0.7308639,7,rgb_pca,0,1
0.70750356,7,rgb_pca,0,1
0.67420346,7,rgb_pca,0,1
0.7017435,7,rgb_pca,0,1
0.72358805,7,rgb_pca,0,1
0.70785606,7,rgb_pca,0,1
0.6787716,7,rgb_pca,0,1
0.68355924,7,rgb_pca,0,1
0.7244785,7,rgb_pca,0,1
0.7164773,7,rgb_pca,0,1
0.6956514,7,rgb_pca,0,1
0.70473,7,rgb_pca,0,1
0.7148607,7,rgb_pca,0,1
0.7325159,7,rgb_pca,0,1
0.70612884,7,rgb_pca,0,1
0.6678486,7,rgb_pca,0,1
0.71435857,7,rgb_pca,0,1
0.72460425,7,rgb_pca,0,1
0.72714937,7,rgb_pca,0,1
0.7057319,7,rgb_pca,0,1
0.7152653,7,rgb_pca,0,1
0.6967179,7,rgb_pca,0,1
0.6639921,7,rgb_pca,0,1
0.65604544,7,rgb_pca,0,1
0.6972863,7,rgb_pca,0,1
0.6795397,7,rgb_pca,0,1
0.6746597,7,rgb_pca,0,1
0.670717,7,rgb_pca,0,1
0.65890044,7,rgb_pca,0,1
0.7018832,7,rgb_pca,0,1
0.6947534,7,rgb_pca,0,1
0.7064647,7,rgb_pca,0,1
0.682641,7,rgb_pca,0,1
0.69004714,7,rgb_pca,0,1
0.70218486,7,rgb_pca,0,1
0.72496974,7,rgb_pca,0,1
0.7497481,7,rgb_pca,0,1
0.73556244,7,rgb_pca,0,1
0.6991422,7,rgb_pca,0,1
0.7374463,7,rgb_pca,0,1
0.7198708,7,rgb_pca,0,1
0.742438,7,rgb_pca,0,1
0.7650549,7,rgb_pca,0,1
0.7559546,7,rgb_pca,0,1
0.728166,7,rgb_pca,0,1
0.8214277,2,rgb_pca,0,1
0.7822587,2,rgb_pca,0,1
0.8250135,2,rgb_pca,0,1
0.6734685,2,rgb_pca,0,1
0.64495784,2,rgb_pca,0,1
0.67165494,2,rgb_pca,0,1
0.66872334,2,rgb_pca,0,1
0.7384087,2,rgb_pca,0,1
0.67796457,2,rgb_pca,0,1
0.6758735,2,rgb_pca,0,1
0.67270625,2,rgb_pca,0,1
0.67447037,2,rgb_pca,0,1
0.6917912,2,rgb_pca,0,1
0.70571774,2,rgb_pca,0,1
0.7383038,2,rgb_pca,0,1
0.7506682,2,rgb_pca,0,1
0.75531447,2,rgb_pca,0,1
0.7044667,2,rgb_pca,0,1
0.66244113,2,rgb_pca,0,1
0.64958525,2,rgb_pca,0,1
0.64526623,2,rgb_pca,0,1
0.6823064,2,rgb_pca,0,1
0.69752884,2,rgb_pca,0,1
0.725561,2,rgb_pca,0,1
0.7246883,2,rgb_pca,0,1
0.807692,2,rgb_pca,0,1
0.7311754,2,rgb_pca,0,1
0.73130935,2,rgb_pca,0,1
0.7514303,2,rgb_pca,0,1
0.74652815,2,rgb_pca,0,1
0.7387744,2,rgb_pca,0,1
0.7501303,2,rgb_pca,0,1
0.7649178,2,rgb_pca,0,1
0.7209457,2,rgb_pca,0,1
0.73291194,2,rgb_pca,0,1
0.7399398,2,rgb_pca,0,1
0.7173736,2,rgb_pca,0,1
0.70608735,2,rgb_pca,0,1
0.73015285,2,rgb_pca,0,1
0.754234,2,rgb_pca,0,1
0.77711284,2,rgb_pca,0,1
0.7498231,2,rgb_pca,0,1
0.74455726,2,rgb_pca,0,1
0.76722956,2,rgb_pca,0,1
0.69626534,2,rgb_pca,0,1
0.6865618,2,rgb_pca,0,1
0.69906294,2,rgb_pca,0,1
0.70788366,2,rgb_pca,0,1
0.7347368,2,rgb_pca,0,1
0.75813293,2,rgb_pca,0,1
0.7452967,2,rgb_pca,0,1
0.76917624,2,rgb_pca,0,1
0.69445455,2,rgb_pca,0,1
0.6912473,2,rgb_pca,0,1
0.70420426,2,rgb_pca,0,1
0.70569074,2,rgb_pca,0,1
0.72039783,2,rgb_pca,0,1
0.7305885,2,rgb_pca,0,1
0.7571715,2,rgb_pca,0,1
0.7877386,2,rgb_pca,0,1
0.74580276,2,rgb_pca,0,1
0.7372055,2,rgb_pca,0,1
0.7217361,2,rgb_pca,0,1
0.71447575,2,rgb_pca,0,1
0.7401644,2,rgb_pca,0,1
0.7505866,2,rgb_pca,0,1
0.7578511,2,rgb_pca,0,1
0.7638197,2,rgb_pca,0,1
0.73999655,2,rgb_pca,0,1
0.7750016,2,rgb_pca,0,1
0.7635182,2,rgb_pca,0,1
0.7444374,2,rgb_pca,0,1
0.75059295,2,rgb_pca,0,1
0.7365351,2,rgb_pca,0,1
0.7504226,2,rgb_pca,0,1
0.77069,2,rgb_pca,0,1
0.78579366,2,rgb_pca,0,1
0.76084256,2,rgb_pca,0,1
0.75939995,2,rgb_pca,0,1
0.7476918,2,rgb_pca,0,1
0.8222332,2,rgb_pca,0,1
0.8163109,2,rgb_pca,0,1
0.77423406,2,rgb_pca,0,1
0.7497888,2,rgb_pca,0,1
0.7306587,2,rgb_pca,0,1
0.76182556,2,rgb_pca,0,1
0.7710377,2,rgb_pca,0,1
0.7613877,2,rgb_pca,0,1
0.78555393,2,rgb_pca,0,1
0.7675128,2,rgb_pca,0,1
0.75402665,2,rgb_pca,0,1
0.75704706,2,rgb_pca,0,1
0.735204,2,rgb_pca,0,1
0.79533136,2,rgb_pca,0,1
0.78955734,2,rgb_pca,0,1
0.77247655,2,rgb_pca,0,1
0.75382185,2,rgb_pca,0,1
0.74991465,2,rgb_pca,0,1
0.769572,2,rgb_pca,0,1
0.7697592,2,rgb_pca,0,1
0.7574614,2,rgb_pca,0,1
0.77357304,2,rgb_pca,0,1
0.7508178,2,rgb_pca,0,1
0.7504333,2,rgb_pca,0,1
0.74748397,2,rgb_pca,0,1
0.72971165,2,rgb_pca,0,1
0.75898814,2,rgb_pca,0,1
0.7642921,2,rgb_pca,0,1
0.7077837,2,rgb_pca,0,1
0.72733814,2,rgb_pca,0,1
0.72451746,2,rgb_pca,0,1
0.716038,2,rgb_pca,0,1
0.7191982,2,rgb_pca,0,1
0.7410143,2,rgb_pca,0,1
0.7541728,2,rgb_pca,0,1
0.7221064,2,rgb_pca,0,1
0.7257593,2,rgb_pca,0,1
0.7269783,2,rgb_pca,0,1
0.743327,2,rgb_pca,0,1
0.7611815,2,rgb_pca,0,1
0.6911329,2,rgb_pca,0,1
0.75803566,2,rgb_pca,0,1
0.776436,2,rgb_pca,0,1
0.7288935,2,rgb_pca,0,1
0.75789213,2,rgb_pca,0,1
0.75301147,2,rgb_pca,0,1
0.72355163,2,rgb_pca,0,1
0.7302032,2,rgb_pca,0,1
0.72788787,2,rgb_pca,0,1
0.73299825,2,rgb_pca,0,1
0.7297262,2,rgb_pca,0,1
0.76408184,2,rgb_pca,0,1
0.7533789,2,rgb_pca,0,1
0.72549367,2,rgb_pca,0,1
0.745247,2,rgb_pca,0,1
0.70385677,2,rgb_pca,0,1
0.7643174,2,rgb_pca,0,1
0.78950465,2,rgb_pca,0,1
0.7585813,2,rgb_pca,0,1
0.7869223,2,rgb_pca,0,1
0.74376863,2,rgb_pca,0,1
0.72729445,2,rgb_pca,0,1
0.72729623,2,rgb_pca,0,1
0.75061506,2,rgb_pca,0,1
0.77556926,2,rgb_pca,0,1
0.73987055,2,rgb_pca,0,1
0.7599221,2,rgb_pca,0,1
0.76612806,2,rgb_pca,0,1
0.7432242,2,rgb_pca,0,1
0.7223746,2,rgb_pca,0,1
0.7283263,2,rgb_pca,0,1
0.7579874,2,rgb_pca,0,1
0.74059784,2,rgb_pca,0,1
0.7512914,2,rgb_pca,0,1
0.73465323,2,rgb_pca,0,1
0.7266661,2,rgb_pca,0,1
0.7255528,2,rgb_pca,0,1
0.7307144,2,rgb_pca,0,1
0.7376543,2,rgb_pca,0,1
0.73810536,2,rgb_pca,0,1
0.77424306,2,rgb_pca,0,1
0.77191716,2,rgb_pca,0,1
0.75440764,2,rgb_pca,0,1
0.69380337,2,rgb_pca,0,1
0.687868,2,rgb_pca,0,1
0.7348064,2,rgb_pca,0,1
0.7332824,2,rgb_pca,0,1
0.82644737,2,rgb_pca,0,1
0.80703914,2,rgb_pca,0,1
0.7709965,2,rgb_pca,0,1
0.77584803,2,rgb_pca,0,1
0.75580466,2,rgb_pca,0,1
0.74363315,2,rgb_pca,0,1
0.74808145,2,rgb_pca,0,1
0.8299005,2,rgb_pca,0,1
0.81359994,2,rgb_pca,0,1
0.78434145,2,rgb_pca,0,1
0.76303756,2,rgb_pca,0,1
0.7484727,2,rgb_pca,0,1
0.7650651,2,rgb_pca,0,1
0.7865563,2,rgb_pca,0,1
0.78690934,2,rgb_pca,0,1
0.7376234,2,rgb_pca,0,1
0.75627244,2,rgb_pca,0,1
0.75882185,2,rgb_pca,0,1
0.7646561,2,rgb_pca,0,1
0.7852309,2,rgb_pca,0,1
0.777367,2,rgb_pca,0,1
0.7709085,2,rgb_pca,0,1
0.7540072,2,rgb_pca,0,1
0.77875733,2,rgb_pca,0,1
0.7576927,2,rgb_pca,0,1
0.7623508,2,rgb_pca,0,1
0.75689495,2,rgb_pca,0,1
0.7504674,2,rgb_pca,0,1
0.7382714,2,rgb_pca,0,1
0.73845875,2,rgb_pca,0,1
0.735688,2,rgb_pca,0,1
0.78090984,2,rgb_pca,0,1
0.75163966,2,rgb_pca,0,1
0.7638061,2,rgb_pca,0,1
0.7938496,2,rgb_pca,0,1
0.7606561,2,rgb_pca,0,1
0.7512381,2,rgb_pca,0,1
0.74026906,2,rgb_pca,0,1
0.72245383,2,rgb_pca,0,1
0.7992774,2,rgb_pca,0,1
0.7601875,2,rgb_pca,0,1
0.7704309,2,rgb_pca,0,1
0.80039394,2,rgb_pca,0,1
0.756642,2,rgb_pca,0,1
0.77071947,2,rgb_pca,0,1
0.76406693,2,rgb_pca,0,1
0.7377463,2,rgb_pca,0,1
0.77655804,2,rgb_pca,0,1
0.7608577,2,rgb_pca,0,1
0.7517568,2,rgb_pca,0,1
0.7871815,2,rgb_pca,0,1
0.7627905,2,rgb_pca,0,1
0.76469535,2,rgb_pca,0,1
0.7582096,2,rgb_pca,0,1
0.75681305,2,rgb_pca,0,1
0.7607705,2,rgb_pca,0,1
0.7522924,2,rgb_pca,0,1
0.7484437,2,rgb_pca,0,1
0.6880591,2,rgb_pca,0,1
0.7540847,2,rgb_pca,0,1
0.76339173,2,rgb_pca,0,1
0.8081839,2,rgb_pca,0,1
0.7924397,2,rgb_pca,0,1
0.77335334,2,rgb_pca,0,1
0.7681973,2,rgb_pca,0,1
0.76794475,2,rgb_pca,0,1
0.76123184,2,rgb_pca,0,1
0.75657344,2,rgb_pca,0,1
0.7488953,2,rgb_pca,0,1
0.69201005,2,rgb_pca,0,1
0.78950673,2,rgb_pca,0,1
0.7795799,2,rgb_pca,0,1
0.76380813,2,rgb_pca,0,1
0.77662706,2,rgb_pca,0,1
0.7868996,2,rgb_pca,0,1
0.7715837,2,rgb_pca,0,1
0.79620785,2,rgb_pca,0,1
0.76905847,2,rgb_pca,0,1
0.763008,2,rgb_pca,0,1
0.7665943,2,rgb_pca,0,1
0.7382202,2,rgb_pca,0,1
0.72851384,2,rgb_pca,0,1
0.72132623,2,rgb_pca,0,1
0.7862666,2,rgb_pca,0,1
0.76751655,2,rgb_pca,0,1
0.74820244,2,rgb_pca,0,1
0.7447163,2,rgb_pca,0,1
0.75589985,2,rgb_pca,0,1
0.7650413,2,rgb_pca,0,1
0.7976538,2,rgb_pca,0,1
0.7690891,2,rgb_pca,0,1
0.7481429,2,rgb_pca,0,1
0.7627366,2,rgb_pca,0,1
0.7389559,2,rgb_pca,0,1
0.72230625,2,rgb_pca,0,1
0.7291105,2,rgb_pca,0,1
0.789148,2,rgb_pca,0,1
0.77311933,2,rgb_pca,0,1
0.7521708,2,rgb_pca,0,1
0.7441695,2,rgb_pca,0,1
0.7271025,2,rgb_pca,0,1
0.7357396,2,rgb_pca,0,1
0.8019556,2,rgb_pca,0,1
0.7839172,2,rgb_pca,0,1
0.7805847,2,rgb_pca,0,1
0.8012313,2,rgb_pca,0,1
0.76406455,2,rgb_pca,0,1
0.7383095,2,rgb_pca,0,1
0.7526889,2,rgb_pca,0,1
0.7414666,2,rgb_pca,0,1
0.7515651,2,rgb_pca,0,1
0.7960359,2,rgb_pca,0,1
0.7758491,2,rgb_pca,0,1
0.7403815,2,rgb_pca,0,1
0.73407155,2,rgb_pca,0,1
0.73140913,2,rgb_pca,0,1
0.74289465,2,rgb_pca,0,1
0.7906352,2,rgb_pca,0,1
0.7716766,2,rgb_pca,0,1
0.76783895,2,rgb_pca,0,1
0.7952093,2,rgb_pca,0,1
0.7803445,2,rgb_pca,0,1
0.7770699,2,rgb_pca,0,1
0.7498529,2,rgb_pca,0,1
0.75510705,2,rgb_pca,0,1
0.7674779,2,rgb_pca,0,1
0.81058824,2,rgb_pca,0,1
0.7566637,2,rgb_pca,0,1
0.7290274,2,rgb_pca,0,1
0.74256516,2,rgb_pca,0,1
0.7423768,2,rgb_pca,0,1
0.7562916,2,rgb_pca,0,1
0.78465366,2,rgb_pca,0,1
0.76290476,2,rgb_pca,0,1
0.7350626,2,rgb_pca,0,1
0.7475395,2,rgb_pca,0,1
0.7552002,2,rgb_pca,0,1
0.73920816,2,rgb_pca,0,1
0.7217524,2,rgb_pca,0,1
0.76094687,2,rgb_pca,0,1
0.765136,2,rgb_pca,0,1
0.74088156,2,rgb_pca,0,1
0.7451033,2,rgb_pca,0,1
0.774645,2,rgb_pca,0,1
0.76745677,2,rgb_pca,0,1
0.7535488,2,rgb_pca,0,1
0.7566713,2,rgb_pca,0,1
0.7379933,2,rgb_pca,0,1
0.7691918,2,rgb_pca,0,1
0.7912857,2,rgb_pca,0,1
0.74375314,2,rgb_pca,0,1
0.7139359,2,rgb_pca,0,1
0.7411253,2,rgb_pca,0,1
0.75760245,7,rgb_pca,0,1
0.7635056,7,rgb_pca,0,1
0.71331143,7,rgb_pca,0,1
0.7291355,7,rgb_pca,0,1
0.78933,7,rgb_pca,0,1
0.7429616,7,rgb_pca,0,1
0.72852,7,rgb_pca,0,1
0.7065193,7,rgb_pca,0,1
0.7245152,7,rgb_pca,0,1
0.7760945,7,rgb_pca,0,1
0.7606131,7,rgb_pca,0,1
0.7111077,7,rgb_pca,0,1
0.75455076,7,rgb_pca,0,1
0.7303586,7,rgb_pca,0,1
0.73834884,7,rgb_pca,0,1
0.7642405,7,rgb_pca,0,1
0.73256165,7,rgb_pca,0,1
0.7518656,7,rgb_pca,0,1
0.7329712,7,rgb_pca,0,1
0.7278341,7,rgb_pca,0,1
0.7429069,7,rgb_pca,0,1
0.7257083,7,rgb_pca,0,1
0.6901697,7,rgb_pca,0,1
0.71275884,7,rgb_pca,0,1
0.73073953,7,rgb_pca,0,1
0.7493032,7,rgb_pca,0,1
0.7573291,7,rgb_pca,0,1
0.7737211,7,rgb_pca,0,1
0.76911706,7,rgb_pca,0,1
0.7568184,7,rgb_pca,0,1
0.7611955,7,rgb_pca,0,1
0.7045559,7,rgb_pca,0,1
0.6983969,7,rgb_pca,0,1
0.72075325,7,rgb_pca,0,1
0.70607877,7,rgb_pca,0,1
0.6990566,7,rgb_pca,0,1
0.71723986,7,rgb_pca,0,1
0.7517159,7,rgb_pca,0,1
0.7342703,7,rgb_pca,0,1
0.72720295,7,rgb_pca,0,1
0.75442886,7,rgb_pca,0,1
0.76524657,7,rgb_pca,0,1
0.73702675,7,rgb_pca,0,1
0.7361003,7,rgb_pca,0,1
0.74612975,7,rgb_pca,0,1
0.72926193,7,rgb_pca,0,1
0.76524127,7,rgb_pca,0,1
0.75499874,7,rgb_pca,0,1
0.71188444,7,rgb_pca,0,1
0.7231424,7,rgb_pca,0,1
0.72300875,7,rgb_pca,0,1
0.7446232,7,rgb_pca,0,1
0.6866107,7,rgb_pca,0,1
0.68232423,7,rgb_pca,0,1
0.6933061,7,rgb_pca,0,1
0.70632875,7,rgb_pca,0,1
0.7093911,7,rgb_pca,0,1
0.7417824,7,rgb_pca,0,1
0.7096487,7,rgb_pca,0,1
0.71213454,7,rgb_pca,0,1
0.73230904,7,rgb_pca,0,1
0.72380114,7,rgb_pca,0,1
0.7398757,7,rgb_pca,0,1
0.7362457,7,rgb_pca,0,1
0.7423419,7,rgb_pca,0,1
0.7473325,7,rgb_pca,0,1
0.7316785,7,rgb_pca,0,1
0.74107045,7,rgb_pca,0,1
0.7280637,7,rgb_pca,0,1
0.71952116,7,rgb_pca,0,1
0.72191584,7,rgb_pca,0,1
0.7298397,7,rgb_pca,0,1
0.7596352,7,rgb_pca,0,1
0.76927507,7,rgb_pca,0,1
0.7458552,7,rgb_pca,0,1
0.7449563,7,rgb_pca,0,1
0.714182,7,rgb_pca,0,1
0.69737756,7,rgb_pca,0,1
0.7025324,7,rgb_pca,0,1
0.73946744,7,rgb_pca,0,1
0.7271691,7,rgb_pca,0,1
0.7159505,7,rgb_pca,0,1
0.7358395,7,rgb_pca,0,1
0.73477125,7,rgb_pca,0,1
0.74866617,7,rgb_pca,0,1
0.73063016,7,rgb_pca,0,1
0.7197528,7,rgb_pca,0,1
0.7425355,7,rgb_pca,0,1
0.68002504,7,rgb_pca,0,1
0.7072596,7,rgb_pca,0,1
0.72113514,7,rgb_pca,0,1
0.6702944,7,rgb_pca,0,1
0.722811,7,rgb_pca,0,1
0.7396067,7,rgb_pca,0,1
0.7526827,7,rgb_pca,0,1
0.74270153,7,rgb_pca,0,1
0.7052371,7,rgb_pca,0,1
0.708098,7,rgb_pca,0,1
0.736819,7,rgb_pca,0,1
0.7354784,7,rgb_pca,0,1
0.6830528,7,rgb_pca,0,1
0.6896768,7,rgb_pca,0,1
0.6891102,7,rgb_pca,0,1
0.69924784,7,rgb_pca,0,1
0.6842104,7,rgb_pca,0,1
0.73311836,7,rgb_pca,0,1
0.7692194,7,rgb_pca,0,1
0.7670312,7,rgb_pca,0,1
0.7557721,7,rgb_pca,0,1
0.7132147,7,rgb_pca,0,1
0.71971375,7,rgb_pca,0,1
0.73494136,7,rgb_pca,0,1
0.71915466,7,rgb_pca,0,1
0.73564935,7,rgb_pca,0,1
0.6949574,7,rgb_pca,0,1
0.70789164,7,rgb_pca,0,1
0.7308333,7,rgb_pca,0,1
0.7680249,7,rgb_pca,0,1
0.7900975,7,rgb_pca,0,1
0.6953214,7,rgb_pca,0,1
0.72324336,7,rgb_pca,0,1
0.7235272,7,rgb_pca,0,1
0.76373935,7,rgb_pca,0,1
0.8059204,7,rgb_pca,0,1
0.71250165,7,rgb_pca,0,1
0.69683653,7,rgb_pca,0,1
0.7221558,7,rgb_pca,0,1
0.7367985,7,rgb_pca,0,1
0.7427961,7,rgb_pca,0,1
0.7833522,7,rgb_pca,0,1
0.7971394,7,rgb_pca,0,1
0.68864965,7,rgb_pca,0,1
0.72860986,7,rgb_pca,0,1
0.7275066,7,rgb_pca,0,1
0.7288521,7,rgb_pca,0,1
0.73980236,7,rgb_pca,0,1
0.74834,7,rgb_pca,0,1
0.69957644,7,rgb_pca,0,1
0.7242329,7,rgb_pca,0,1
0.74735296,7,rgb_pca,0,1
0.75157905,7,rgb_pca,0,1
0.7412322,7,rgb_pca,0,1
0.7144764,7,rgb_pca,0,1
0.72130257,7,rgb_pca,0,1
0.7492497,7,rgb_pca,0,1
0.74587196,7,rgb_pca,0,1
0.7439148,7,rgb_pca,0,1
0.73034054,7,rgb_pca,0,1
0.7122005,7,rgb_pca,0,1
0.75703514,7,rgb_pca,0,1
0.7728419,7,rgb_pca,0,1
0.752046,7,rgb_pca,0,1
0.8319983,2,rgb_pca,0,1
0.84584993,2,rgb_pca,0,1
0.83406585,2,rgb_pca,0,1
0.78462267,2,rgb_pca,0,1
0.7297101,2,rgb_pca,0,1
0.7295519,2,rgb_pca,0,1
0.7581073,2,rgb_pca,0,1
0.7702044,2,rgb_pca,0,1
0.76474965,2,rgb_pca,0,1
0.77848935,2,rgb_pca,0,1
0.7823783,2,rgb_pca,0,1
0.76975644,2,rgb_pca,0,1
0.7653043,2,rgb_pca,0,1
0.75826705,2,rgb_pca,0,1
0.74715793,2,rgb_pca,0,1
0.7143893,2,rgb_pca,0,1
0.72382903,2,rgb_pca,0,1
0.7421256,2,rgb_pca,0,1
0.75910455,2,rgb_pca,0,1
0.7463825,2,rgb_pca,0,1
0.7386707,2,rgb_pca,0,1
0.71755874,2,rgb_pca,0,1
0.7077841,2,rgb_pca,0,1
0.7343303,2,rgb_pca,0,1
0.74623233,2,rgb_pca,0,1
0.74060786,2,rgb_pca,0,1
0.7211327,2,rgb_pca,0,1
0.8307195,2,rgb_pca,0,1
0.7783198,2,rgb_pca,0,1
0.75133646,2,rgb_pca,0,1
0.7413494,2,rgb_pca,0,1
0.7312862,2,rgb_pca,0,1
0.73931193,2,rgb_pca,0,1
0.74579537,2,rgb_pca,0,1
0.7479156,2,rgb_pca,0,1
0.75085044,2,rgb_pca,0,1
0.7594218,2,rgb_pca,0,1
0.7605933,2,rgb_pca,0,1
0.76263106,2,rgb_pca,0,1
0.7687269,2,rgb_pca,0,1
0.7564981,2,rgb_pca,0,1
0.7704128,2,rgb_pca,0,1
0.723472,2,rgb_pca,0,1
0.7244735,2,rgb_pca,0,1
0.72688115,2,rgb_pca,0,1
0.70705277,2,rgb_pca,0,1
0.7158935,2,rgb_pca,0,1
0.7235068,2,rgb_pca,0,1
0.68832684,2,rgb_pca,0,1
0.6979105,2,rgb_pca,0,1
0.70276916,2,rgb_pca,0,1
0.7198492,2,rgb_pca,0,1
0.73533916,2,rgb_pca,0,1
0.75284445,2,rgb_pca,0,1
0.7557874,7,rgb_pca,0,1
0.76004755,7,rgb_pca,0,1
0.7683629,7,rgb_pca,0,1
0.78956,7,rgb_pca,0,1
0.81501293,7,rgb_pca,0,1
0.7473923,7,rgb_pca,0,1
0.75487953,7,rgb_pca,0,1
0.7683239,7,rgb_pca,0,1
0.7826824,7,rgb_pca,0,1
0.7852603,7,rgb_pca,0,1
0.75035334,7,rgb_pca,0,1
0.75708044,7,rgb_pca,0,1
0.7386136,7,rgb_pca,0,1
0.7530314,7,rgb_pca,0,1
0.75297844,7,rgb_pca,0,1
0.6094359,7,rgb_pca,0,1
0.6562013,7,rgb_pca,0,1
0.77391195,7,rgb_pca,0,1
0.7974269,7,rgb_pca,0,1
0.7828757,7,rgb_pca,0,1
0.57319593,7,rgb_pca,0,1
0.6250553,7,rgb_pca,0,1
0.7170584,7,rgb_pca,0,1
0.74982524,7,rgb_pca,0,1
0.75405,7,rgb_pca,0,1
0.6159524,7,rgb_pca,0,1
0.69459563,7,rgb_pca,0,1
0.7297449,7,rgb_pca,0,1
0.7276568,7,rgb_pca,0,1
0.75490296,7,rgb_pca,0,1
0.7972652,7,rgb_pca,0,1
0.77079344,7,rgb_pca,0,1
0.77430516,7,rgb_pca,0,1
0.7610322,7,rgb_pca,0,1
0.7243657,7,rgb_pca,0,1
0.70986784,7,rgb_pca,0,1
0.7159846,7,rgb_pca,0,1
0.71410954,7,rgb_pca,0,1
0.7198123,7,rgb_pca,0,1
0.7449024,7,rgb_pca,0,1
0.7161978,7,rgb_pca,0,1
0.7068446,7,rgb_pca,0,1
0.73344636,7,rgb_pca,0,1
0.7045145,7,rgb_pca,0,1
0.7071674,7,rgb_pca,0,1
0.7319756,7,rgb_pca,0,1
0.74240553,7,rgb_pca,0,1
0.75000656,7,rgb_pca,0,1
0.7262708,7,rgb_pca,0,1
0.7541244,7,rgb_pca,0,1
0.7345723,7,rgb_pca,0,1
0.7198014,7,rgb_pca,0,1
0.7350393,7,rgb_pca,0,1
0.7470033,7,rgb_pca,0,1
0.74295443,7,rgb_pca,0,1
0.73080075,7,rgb_pca,0,1
0.7675656,7,rgb_pca,0,1
0.72221166,7,rgb_pca,0,1
0.7231517,7,rgb_pca,0,1
0.7663154,7,rgb_pca,0,1
0.7623636,7,rgb_pca,0,1
0.75658125,7,rgb_pca,0,1
0.767207,7,rgb_pca,0,1
0.76593614,7,rgb_pca,0,1
0.768953,7,rgb_pca,0,1
0.8003007,7,rgb_pca,0,1
0.79877424,7,rgb_pca,0,1
0.79214793,7,rgb_pca,0,1
0.7851316,7,rgb_pca,0,1
0.7837372,7,rgb_pca,0,1
0.78743804,7,rgb_pca,0,1
0.75733864,7,rgb_pca,0,1
0.77204263,7,rgb_pca,0,1
0.7936014,7,rgb_pca,0,1
0.7853633,7,rgb_pca,0,1
0.7546623,7,rgb_pca,0,1
0.7644478,7,rgb_pca,0,1
0.7900734,7,rgb_pca,0,1
0.78291106,7,rgb_pca,0,1
0.7576692,7,rgb_pca,0,1
0.74626476,7,rgb_pca,0,1
0.7685972,7,rgb_pca,0,1
0.75798124,7,rgb_pca,0,1
0.7713568,7,rgb_pca,0,1
0.7916849,7,rgb_pca,0,1
0.7856048,7,rgb_pca,0,1
0.75466627,7,rgb_pca,0,1
0.7418134,7,rgb_pca,0,1
0.7772531,7,rgb_pca,0,1
0.76984024,7,rgb_pca,0,1
0.77327704,7,rgb_pca,0,1
0.79685384,7,rgb_pca,0,1
0.7884464,7,rgb_pca,0,1
0.7528185,7,rgb_pca,0,1
0.7404332,7,rgb_pca,0,1
0.7565947,7,rgb_pca,0,1
0.7703755,7,rgb_pca,0,1
0.76544297,7,rgb_pca,0,1
0.7573067,7,rgb_pca,0,1
0.7471031,7,rgb_pca,0,1
0.75676745,7,rgb_pca,0,1
0.7775669,7,rgb_pca,0,1
0.8139644,7,rgb_pca,0,1
0.807088,7,rgb_pca,0,1
0.78701544,7,rgb_pca,0,1
0.77913713,7,rgb_pca,0,1
0.78150743,7,rgb_pca,0,1
0.7997174,7,rgb_pca,0,1
0.85376287,8,rgb_pca,0,1
0.86483985,8,rgb_pca,0,1
0.84959507,8,rgb_pca,0,1
0.79243994,8,rgb_pca,0,1
0.6386638,8,rgb_pca,0,1
0.66853964,8,rgb_pca,0,1
0.6780515,8,rgb_pca,0,1
0.73135763,8,rgb_pca,0,1
0.7791804,8,rgb_pca,0,1
0.7589067,8,rgb_pca,0,1
0.6572168,8,rgb_pca,0,1
0.67598236,8,rgb_pca,0,1
0.6626924,8,rgb_pca,0,1
0.6892341,8,rgb_pca,0,1
0.7422974,8,rgb_pca,0,1
0.7435817,8,rgb_pca,0,1
0.6950499,8,rgb_pca,0,1
0.64215523,8,rgb_pca,0,1
0.7022384,8,rgb_pca,0,1
0.7080445,8,rgb_pca,0,1
0.7164649,8,rgb_pca,0,1
0.7065223,8,rgb_pca,0,1
0.71159303,8,rgb_pca,0,1
0.6908357,8,rgb_pca,0,1
0.7067567,8,rgb_pca,0,1
0.75320303,8,rgb_pca,0,1
0.6949302,8,rgb_pca,0,1
0.65709007,8,rgb_pca,0,1
0.69679785,8,rgb_pca,0,1
0.69322914,8,rgb_pca,0,1
0.70689344,8,rgb_pca,0,1
0.69930655,8,rgb_pca,0,1
0.69733846,8,rgb_pca,0,1
0.72806716,8,rgb_pca,0,1
0.74255234,8,rgb_pca,0,1
0.76493526,8,rgb_pca,0,1
0.73119736,8,rgb_pca,0,1
0.75781715,8,rgb_pca,0,1
0.75285983,8,rgb_pca,0,1
0.7000107,8,rgb_pca,0,1
0.7057539,8,rgb_pca,0,1
0.71514994,8,rgb_pca,0,1
0.72806203,8,rgb_pca,0,1
0.70811164,8,rgb_pca,0,1
0.70482606,8,rgb_pca,0,1
0.7319733,8,rgb_pca,0,1
0.74011207,8,rgb_pca,0,1
0.74098396,8,rgb_pca,0,1
0.7440058,8,rgb_pca,0,1
0.7256343,8,rgb_pca,0,1
0.6906006,8,rgb_pca,0,1
0.709183,8,rgb_pca,0,1
0.7474104,8,rgb_pca,0,1
0.7399986,8,rgb_pca,0,1
0.69904125,8,rgb_pca,0,1
0.7169502,8,rgb_pca,0,1
0.7418208,8,rgb_pca,0,1
0.74609685,8,rgb_pca,0,1
0.77847075,8,rgb_pca,0,1
0.75776124,8,rgb_pca,0,1
0.7362042,8,rgb_pca,0,1
0.7125995,8,rgb_pca,0,1
0.7272433,8,rgb_pca,0,1
0.7308271,8,rgb_pca,0,1
0.72249466,8,rgb_pca,0,1
0.7899568,8,rgb_pca,0,1
0.7638126,8,rgb_pca,0,1
0.7386059,8,rgb_pca,0,1
0.7356648,8,rgb_pca,0,1
0.75019085,8,rgb_pca,0,1
0.72815675,8,rgb_pca,0,1
0.7357416,8,rgb_pca,0,1
0.7329154,8,rgb_pca,0,1
0.6987777,8,rgb_pca,0,1
0.6639607,8,rgb_pca,0,1
0.70295304,8,rgb_pca,0,1
0.7595457,8,rgb_pca,0,1
0.7262211,8,rgb_pca,0,1
0.7210766,8,rgb_pca,0,1
0.701828,8,rgb_pca,0,1
0.7090272,8,rgb_pca,0,1
0.7606052,8,rgb_pca,0,1
0.77028084,8,rgb_pca,0,1
0.7005813,8,rgb_pca,0,1
0.71783334,8,rgb_pca,0,1
0.68106604,8,rgb_pca,0,1
0.68492585,8,rgb_pca,0,1
0.7155522,8,rgb_pca,0,1
0.6785347,8,rgb_pca,0,1
0.7252285,8,rgb_pca,0,1
0.72393054,8,rgb_pca,0,1
0.72322834,8,rgb_pca,0,1
0.7644867,8,rgb_pca,0,1
0.76671344,8,rgb_pca,0,1
0.68383133,8,rgb_pca,0,1
0.6175736,8,rgb_pca,0,1
0.6059418,8,rgb_pca,0,1
0.610605,8,rgb_pca,0,1
0.62434196,8,rgb_pca,0,1
0.71156824,8,rgb_pca,0,1
0.70192266,8,rgb_pca,0,1
0.69853777,8,rgb_pca,0,1
0.7032789,8,rgb_pca,0,1
0.70978487,8,rgb_pca,0,1
0.74166477,8,rgb_pca,0,1
0.6715685,8,rgb_pca,0,1
0.61482424,8,rgb_pca,0,1
0.64311206,8,rgb_pca,0,1
0.63500905,8,rgb_pca,0,1
0.6601702,8,rgb_pca,0,1
0.6854099,8,rgb_pca,0,1
0.68928295,8,rgb_pca,0,1
0.6915262,8,rgb_pca,0,1
0.6694639,8,rgb_pca,0,1
0.6807987,8,rgb_pca,0,1
0.59812146,8,rgb_pca,0,1
0.5707659,8,rgb_pca,0,1
0.61403394,8,rgb_pca,0,1
0.645363,8,rgb_pca,0,1
0.64184165,8,rgb_pca,0,1
0.64409375,8,rgb_pca,0,1
0.68141866,8,rgb_pca,0,1
0.6794743,8,rgb_pca,0,1
0.6555759,8,rgb_pca,0,1
0.6651634,8,rgb_pca,0,1
0.59602994,8,rgb_pca,0,1
0.5694295,8,rgb_pca,0,1
0.61609477,8,rgb_pca,0,1
0.62406504,8,rgb_pca,0,1
0.6068143,8,rgb_pca,0,1
0.6950693,8,rgb_pca,0,1
0.61279297,8,rgb_pca,0,1
0.6007978,8,rgb_pca,0,1
0.6162524,8,rgb_pca,0,1
0.6468947,8,rgb_pca,0,1
0.65686774,8,rgb_pca,0,1
0.7905438,7,rgb_pca,0,1
0.79028445,7,rgb_pca,0,1
0.7698926,7,rgb_pca,0,1
0.76651025,7,rgb_pca,0,1
0.7741935,7,rgb_pca,0,1
0.786219,7,rgb_pca,0,1
0.7649149,7,rgb_pca,0,1
0.76806486,7,rgb_pca,0,1
0.7855425,7,rgb_pca,0,1
0.7787623,7,rgb_pca,0,1
0.7877825,7,rgb_pca,0,1
0.76758236,7,rgb_pca,0,1
0.7909782,7,rgb_pca,0,1
0.7743377,7,rgb_pca,0,1
0.7862463,7,rgb_pca,0,1
0.7941347,7,rgb_pca,0,1
0.78819424,7,rgb_pca,0,1
0.7775855,7,rgb_pca,0,1
0.77287555,7,rgb_pca,0,1
0.78316784,7,rgb_pca,0,1
0.77609086,7,rgb_pca,0,1
0.7823563,7,rgb_pca,0,1
0.78748006,7,rgb_pca,0,1
0.7853166,7,rgb_pca,0,1
0.7833524,7,rgb_pca,0,1
0.7936387,7,rgb_pca,0,1
0.73466253,7,rgb_pca,0,1
0.7289907,7,rgb_pca,0,1
0.74971306,7,rgb_pca,0,1
0.7828381,7,rgb_pca,0,1
0.7703182,7,rgb_pca,0,1
0.76814705,7,rgb_pca,0,1
0.78004485,7,rgb_pca,0,1
0.7805196,7,rgb_pca,0,1
0.7596264,7,rgb_pca,0,1
0.75941193,7,rgb_pca,0,1
0.7548169,7,rgb_pca,0,1
0.75174296,7,rgb_pca,0,1
0.7743344,7,rgb_pca,0,1
0.77440953,7,rgb_pca,0,1
0.753777,7,rgb_pca,0,1
0.7565497,7,rgb_pca,0,1
0.7416013,7,rgb_pca,0,1
0.74584293,7,rgb_pca,0,1
0.74803066,7,rgb_pca,0,1
0.75950646,7,rgb_pca,0,1
0.75403166,7,rgb_pca,0,1
0.75382584,7,rgb_pca,0,1
0.7601415,7,rgb_pca,0,1
0.7604095,7,rgb_pca,0,1
0.7543453,7,rgb_pca,0,1
0.74826205,7,rgb_pca,0,1
0.7615503,7,rgb_pca,0,1
0.7658571,7,rgb_pca,0,1
0.74858326,7,rgb_pca,0,1
0.7459279,7,rgb_pca,0,1
0.7582625,7,rgb_pca,0,1
0.7714015,7,rgb_pca,0,1
0.7645469,7,rgb_pca,0,1
0.7852392,7,rgb_pca,0,1
0.75492156,7,rgb_pca,0,1
0.76526475,7,rgb_pca,0,1
0.7563354,7,rgb_pca,0,1
0.74591804,7,rgb_pca,0,1
0.75349784,7,rgb_pca,0,1
0.7359021,7,rgb_pca,0,1
0.7271862,7,rgb_pca,0,1
0.7214228,7,rgb_pca,0,1
0.7189051,7,rgb_pca,0,1
0.7107726,7,rgb_pca,0,1
0.7044283,7,rgb_pca,0,1
0.7036501,7,rgb_pca,0,1
0.698086,7,rgb_pca,0,1
0.7607964,7,rgb_pca,0,1
0.7240679,7,rgb_pca,0,1
0.71525276,7,rgb_pca,0,1
0.73216337,7,rgb_pca,0,1
0.71246386,7,rgb_pca,0,1
0.7029433,7,rgb_pca,0,1
0.6957512,7,rgb_pca,0,1
0.75893366,7,rgb_pca,0,1
0.73361754,7,rgb_pca,0,1
0.74059516,7,rgb_pca,0,1
0.7555956,7,rgb_pca,0,1
0.7338078,7,rgb_pca,0,1
0.7169735,7,rgb_pca,0,1
0.723951,7,rgb_pca,0,1
0.769166,7,rgb_pca,0,1
0.7158382,7,rgb_pca,0,1
0.7091583,7,rgb_pca,0,1
0.74423385,7,rgb_pca,0,1
0.73726946,7,rgb_pca,0,1
0.7404643,7,rgb_pca,0,1
0.74052423,7,rgb_pca,0,1
0.75160325,7,rgb_pca,0,1
0.72226286,7,rgb_pca,0,1
0.7355319,7,rgb_pca,0,1
0.74594235,7,rgb_pca,0,1
0.7540977,7,rgb_pca,0,1
0.7433318,7,rgb_pca,0,1
0.74094963,7,rgb_pca,0,1
0.71860147,7,rgb_pca,0,1
0.7356534,7,rgb_pca,0,1
0.7410501,7,rgb_pca,0,1
0.7188617,7,rgb_pca,0,1
0.73244035,7,rgb_pca,0,1
0.7481767,7,rgb_pca,0,1
0.76821184,7,rgb_pca,0,1
0.7814014,7,rgb_pca,0,1
0.74075055,7,rgb_pca,0,1
0.73148596,7,rgb_pca,0,1
0.7689769,7,rgb_pca,0,1
0.78355575,7,rgb_pca,0,1
0.71897316,7,rgb_pca,0,1
0.7020411,7,rgb_pca,0,1
0.74098974,7,rgb_pca,0,1
0.7681668,7,rgb_pca,0,1
0.7194017,7,rgb_pca,0,1
0.6703934,7,rgb_pca,0,1
0.72316325,7,rgb_pca,0,1
0.7283801,7,rgb_pca,0,1
0.70974773,7,rgb_pca,0,1
0.7941983,8,rgb_pca,0,1
0.79441524,8,rgb_pca,0,1
0.79279137,8,rgb_pca,0,1
0.796618,8,rgb_pca,0,1
0.68864155,8,rgb_pca,0,1
0.69950795,8,rgb_pca,0,1
0.6878526,8,rgb_pca,0,1
0.7059257,8,rgb_pca,0,1
0.6380736,8,rgb_pca,0,1
0.6433666,8,rgb_pca,0,1
0.7200168,8,rgb_pca,0,1
0.7301189,8,rgb_pca,0,1
0.71903026,8,rgb_pca,0,1
0.7310796,8,rgb_pca,0,1
0.7163284,8,rgb_pca,0,1
0.71624863,8,rgb_pca,0,1
0.7286912,8,rgb_pca,0,1
0.635224,8,rgb_pca,0,1
0.64133126,8,rgb_pca,0,1
0.62245727,8,rgb_pca,0,1
0.6551174,8,rgb_pca,0,1
0.75831485,8,rgb_pca,0,1
0.7340814,8,rgb_pca,0,1
0.7152646,8,rgb_pca,0,1
0.7210381,8,rgb_pca,0,1
0.6872096,8,rgb_pca,0,1
0.6565199,8,rgb_pca,0,1
0.6392146,8,rgb_pca,0,1
0.6696615,8,rgb_pca,0,1
0.7059828,8,rgb_pca,0,1
0.69164854,8,rgb_pca,0,1
0.7371427,8,rgb_pca,0,1
0.7286642,8,rgb_pca,0,1
0.7318364,8,rgb_pca,0,1
0.7159483,8,rgb_pca,0,1
0.7368845,8,rgb_pca,0,1
0.73732704,8,rgb_pca,0,1
0.6762162,8,rgb_pca,0,1
0.67168653,8,rgb_pca,0,1
0.64279616,8,rgb_pca,0,1
0.6386981,8,rgb_pca,0,1
0.67030734,8,rgb_pca,0,1
0.68432754,8,rgb_pca,0,1
0.71410507,8,rgb_pca,0,1
0.7170299,8,rgb_pca,0,1
0.71451175,8,rgb_pca,0,1
0.7359552,8,rgb_pca,0,1
0.7007075,8,rgb_pca,0,1
0.6789772,8,rgb_pca,0,1
0.6786509,8,rgb_pca,0,1
0.7156161,8,rgb_pca,0,1
0.6962956,8,rgb_pca,0,1
0.7296827,8,rgb_pca,0,1
0.7788894,8,rgb_pca,0,1
0.80822563,8,rgb_pca,0,1
0.76327324,8,rgb_pca,0,1
0.7626393,8,rgb_pca,0,1
0.7774084,8,rgb_pca,0,1
0.6681993,8,rgb_pca,0,1
0.6835314,8,rgb_pca,0,1
0.6971003,8,rgb_pca,0,1
0.71820307,8,rgb_pca,0,1
0.7169049,8,rgb_pca,0,1
0.73591906,8,rgb_pca,0,1
0.75171244,8,rgb_pca,0,1
0.69010425,8,rgb_pca,0,1
0.73385006,8,rgb_pca,0,1
0.74678373,8,rgb_pca,0,1
0.7469028,8,rgb_pca,0,1
0.7311499,8,rgb_pca,0,1
0.74302524,8,rgb_pca,0,1
0.73139,8,rgb_pca,0,1
0.77079016,2,rgb_pca,0,1
0.78757894,2,rgb_pca,0,1
0.78908944,2,rgb_pca,0,1
0.7939503,2,rgb_pca,0,1
0.7630073,2,rgb_pca,0,1
0.74914014,2,rgb_pca,0,1
0.7759838,2,rgb_pca,0,1
0.75526595,2,rgb_pca,0,1
0.7895841,2,rgb_pca,0,1
0.8013331,2,rgb_pca,0,1
0.804103,2,rgb_pca,0,1
0.7554748,2,rgb_pca,0,1
0.7353667,2,rgb_pca,0,1
0.75956,2,rgb_pca,0,1
0.75763273,2,rgb_pca,0,1
0.8138953,2,rgb_pca,0,1
0.8037474,2,rgb_pca,0,1
0.7912617,2,rgb_pca,0,1
0.7827608,2,rgb_pca,0,1
0.7615666,2,rgb_pca,0,1
0.7292336,2,rgb_pca,0,1
0.74121743,2,rgb_pca,0,1
0.77800786,2,rgb_pca,0,1
0.7976711,2,rgb_pca,0,1
0.82653284,2,rgb_pca,0,1
0.7952577,2,rgb_pca,0,1
0.8413573,2,rgb_pca,0,1
0.8383051,2,rgb_pca,0,1
0.8347787,2,rgb_pca,0,1
0.8349634,2,rgb_pca,0,1
0.82216364,2,rgb_pca,0,1
0.78017265,2,rgb_pca,0,1
0.78856814,2,rgb_pca,0,1
0.8107772,2,rgb_pca,0,1
0.8102517,2,rgb_pca,0,1
0.8355208,2,rgb_pca,0,1
0.8291402,2,rgb_pca,0,1
0.6317135,8,rgb_pca,0,1
0.6430257,8,rgb_pca,0,1
0.69765174,8,rgb_pca,0,1
0.7205634,8,rgb_pca,0,1
0.7349318,8,rgb_pca,0,1
0.74614775,8,rgb_pca,0,1
0.6310862,8,rgb_pca,0,1
0.6476072,8,rgb_pca,0,1
0.67538095,8,rgb_pca,0,1
0.68976647,8,rgb_pca,0,1
0.7029286,8,rgb_pca,0,1
0.73067206,8,rgb_pca,0,1
0.71827185,8,rgb_pca,0,1
0.715919,8,rgb_pca,0,1
0.72814775,8,rgb_pca,0,1
0.70018125,8,rgb_pca,0,1
0.6676327,8,rgb_pca,0,1
0.6479955,8,rgb_pca,0,1
0.6664309,8,rgb_pca,0,1
0.67953527,8,rgb_pca,0,1
0.6934153,8,rgb_pca,0,1
0.7066334,8,rgb_pca,0,1
0.72308755,8,rgb_pca,0,1
0.6580832,8,rgb_pca,0,1
0.6954715,8,rgb_pca,0,1
0.6647817,8,rgb_pca,0,1
0.63226974,8,rgb_pca,0,1
0.63644993,8,rgb_pca,0,1
0.66969514,8,rgb_pca,0,1
0.6967142,8,rgb_pca,0,1
0.6991065,8,rgb_pca,0,1
0.74869126,8,rgb_pca,0,1
0.78426576,8,rgb_pca,0,1
0.7636852,8,rgb_pca,0,1
0.7059788,8,rgb_pca,0,1
0.7127769,8,rgb_pca,0,1
0.6871042,8,rgb_pca,0,1
0.66739,8,rgb_pca,0,1
0.67731094,8,rgb_pca,0,1
0.67317677,8,rgb_pca,0,1
0.68893945,8,rgb_pca,0,1
0.7002082,8,rgb_pca,0,1
0.8082863,8,rgb_pca,0,1
0.78383446,8,rgb_pca,0,1
0.7144856,8,rgb_pca,0,1
0.71686876,8,rgb_pca,0,1
0.69498897,8,rgb_pca,0,1
0.68319327,8,rgb_pca,0,1
0.71377766,8,rgb_pca,0,1
0.69152236,8,rgb_pca,0,1
0.72000134,8,rgb_pca,0,1
0.7170678,8,rgb_pca,0,1
0.7956834,8,rgb_pca,0,1
0.7988971,8,rgb_pca,0,1
0.7394592,8,rgb_pca,0,1
0.733023,8,rgb_pca,0,1
0.7175589,8,rgb_pca,0,1
0.7046626,8,rgb_pca,0,1
0.7635219,8,rgb_pca,0,1
0.74564636,8,rgb_pca,0,1
0.6958518,8,rgb_pca,0,1
0.6804794,8,rgb_pca,0,1
0.68923527,8,rgb_pca,0,1
0.70263505,8,rgb_pca,0,1
0.7377908,2,rgb_pca,0,1
0.78648657,2,rgb_pca,0,1
0.7454256,2,rgb_pca,0,1
0.7927744,2,rgb_pca,0,1
0.7763467,2,rgb_pca,0,1
0.7715377,2,rgb_pca,0,1
0.74596,2,rgb_pca,0,1
0.76201344,2,rgb_pca,0,1
0.7674155,2,rgb_pca,0,1
0.7508124,2,rgb_pca,0,1
0.798973,2,rgb_pca,0,1
0.7788776,2,rgb_pca,0,1
0.8002314,2,rgb_pca,0,1
0.7683693,2,rgb_pca,0,1
0.784322,2,rgb_pca,0,1
0.8166187,2,rgb_pca,0,1
0.82524526,2,rgb_pca,0,1
0.80625683,2,rgb_pca,0,1
0.7870866,2,rgb_pca,0,1
0.79471064,2,rgb_pca,0,1
0.78028524,2,rgb_pca,0,1
0.78718376,2,rgb_pca,0,1
0.8127717,2,rgb_pca,0,1
0.7918701,2,rgb_pca,0,1
0.8154052,2,rgb_pca,0,1
0.82385755,2,rgb_pca,0,1
0.8467022,2,rgb_pca,0,1
0.8570417,2,rgb_pca,0,1
0.84937453,2,rgb_pca,0,1
0.82278806,2,rgb_pca,0,1
0.81690145,2,rgb_pca,0,1
0.8177283,2,rgb_pca,0,1
0.8163705,2,rgb_pca,0,1
0.8335861,2,rgb_pca,0,1
0.82862365,2,rgb_pca,0,1
0.84436584,2,rgb_pca,0,1
0.83366495,2,rgb_pca,0,1
0.80269134,7,rgb_pca,0,1
0.78452575,7,rgb_pca,0,1
0.75953954,7,rgb_pca,0,1
0.757126,7,rgb_pca,0,1
0.7753562,7,rgb_pca,0,1
0.7674895,7,rgb_pca,0,1
0.73675036,7,rgb_pca,0,1
0.7203985,7,rgb_pca,0,1
0.7238431,7,rgb_pca,0,1
0.7482631,7,rgb_pca,0,1
0.7405947,7,rgb_pca,0,1
0.73397994,7,rgb_pca,0,1
0.746086,7,rgb_pca,0,1
0.76049,7,rgb_pca,0,1
0.75334984,7,rgb_pca,0,1
0.75976765,7,rgb_pca,0,1
0.755276,7,rgb_pca,0,1
0.757795,7,rgb_pca,0,1
0.7406368,7,rgb_pca,0,1
0.7796234,7,rgb_pca,0,1
0.7524588,7,rgb_pca,0,1
0.7345297,7,rgb_pca,0,1
0.7407131,7,rgb_pca,0,1
0.7357272,7,rgb_pca,0,1
0.70854974,7,rgb_pca,0,1
0.7061778,7,rgb_pca,0,1
0.689277,7,rgb_pca,0,1
0.69864476,7,rgb_pca,0,1
0.7046406,7,rgb_pca,0,1
0.67445433,7,rgb_pca,0,1
0.67691106,7,rgb_pca,0,1
0.6432187,7,rgb_pca,0,1
0.6442616,7,rgb_pca,0,1
0.66949165,7,rgb_pca,0,1
0.6844963,7,rgb_pca,0,1
0.67578864,7,rgb_pca,0,1
0.6962579,7,rgb_pca,0,1
0.68334365,7,rgb_pca,0,1
0.7027377,7,rgb_pca,0,1
0.7137566,7,rgb_pca,0,1
0.6975334,7,rgb_pca,0,1
0.7105458,7,rgb_pca,0,1
0.7125422,7,rgb_pca,0,1
0.68804,7,rgb_pca,0,1
0.862436,2,rgb_pca,0,1
0.8646602,2,rgb_pca,0,1
0.8604454,2,rgb_pca,0,1
0.7858818,2,rgb_pca,0,1
0.81189376,2,rgb_pca,0,1
0.81530726,2,rgb_pca,0,1
0.8237859,2,rgb_pca,0,1
0.8091242,2,rgb_pca,0,1
0.80680835,2,rgb_pca,0,1
0.7916417,2,rgb_pca,0,1
0.7963742,2,rgb_pca,0,1
0.80990094,2,rgb_pca,0,1
0.82222027,2,rgb_pca,0,1
0.823709,2,rgb_pca,0,1
0.7958388,2,rgb_pca,0,1
0.74335885,2,rgb_pca,0,1
0.7760487,2,rgb_pca,0,1
0.77507913,2,rgb_pca,0,1
0.7898708,2,rgb_pca,0,1
0.79689527,2,rgb_pca,0,1
0.8255365,2,rgb_pca,0,1
0.8363235,2,rgb_pca,0,1
0.84108657,2,rgb_pca,0,1
0.81521726,2,rgb_pca,0,1
0.7864874,2,rgb_pca,0,1
0.77670443,2,rgb_pca,0,1
0.7690333,2,rgb_pca,0,1
0.78123826,2,rgb_pca,0,1
0.7869178,2,rgb_pca,0,1
0.80002284,2,rgb_pca,0,1
0.79391354,2,rgb_pca,0,1
0.8047177,2,rgb_pca,0,1
0.8233704,2,rgb_pca,0,1
0.827455,2,rgb_pca,0,1
0.8061539,2,rgb_pca,0,1
0.7927192,2,rgb_pca,0,1
0.78736246,2,rgb_pca,0,1
0.80782735,2,rgb_pca,0,1
0.82224023,2,rgb_pca,0,1
0.8148452,2,rgb_pca,0,1
0.81238985,2,rgb_pca,0,1
0.8004577,2,rgb_pca,0,1
0.8261248,2,rgb_pca,0,1
0.80912226,2,rgb_pca,0,1
0.7828945,2,rgb_pca,0,1
0.79935503,2,rgb_pca,0,1
0.79884094,2,rgb_pca,0,1
0.80827886,2,rgb_pca,0,1
0.8065311,2,rgb_pca,0,1
0.82939136,2,rgb_pca,0,1
0.8040452,2,rgb_pca,0,1
0.8452389,2,rgb_pca,0,1
0.8101897,2,rgb_pca,0,1
0.838981,2,rgb_pca,0,1
0.85306996,2,rgb_pca,0,1
0.826035,2,rgb_pca,0,1
0.8216109,2,rgb_pca,0,1
0.83777195,2,rgb_pca,0,1
0.8377091,2,rgb_pca,0,1
0.757839,2,rgb_pca,0,1
0.80789196,2,rgb_pca,0,1
0.7875728,2,rgb_pca,0,1
0.8237128,2,rgb_pca,0,1
0.8142619,2,rgb_pca,0,1
0.8093852,2,rgb_pca,0,1
0.8071755,2,rgb_pca,0,1
0.81759906,2,rgb_pca,0,1
0.82276046,2,rgb_pca,0,1
0.8032564,2,rgb_pca,0,1
0.8129097,2,rgb_pca,0,1
0.81240916,2,rgb_pca,0,1
0.8079025,2,rgb_pca,0,1
0.7934114,2,rgb_pca,0,1
0.78608364,2,rgb_pca,0,1
0.80636674,2,rgb_pca,0,1
0.81223667,2,rgb_pca,0,1
0.8271158,2,rgb_pca,0,1
0.80941904,2,rgb_pca,0,1
0.7935418,2,rgb_pca,0,1
0.7791362,2,rgb_pca,0,1
0.78424156,2,rgb_pca,0,1
0.7843248,2,rgb_pca,0,1
0.797395,2,rgb_pca,0,1
0.8112342,2,rgb_pca,0,1
0.7973997,2,rgb_pca,0,1
0.81195,2,rgb_pca,0,1
0.8390398,2,rgb_pca,0,1
0.8139821,2,rgb_pca,0,1
0.80162287,2,rgb_pca,0,1
0.78908026,2,rgb_pca,0,1
0.77426946,2,rgb_pca,0,1
0.7727727,2,rgb_pca,0,1
0.7781178,2,rgb_pca,0,1
0.77295995,2,rgb_pca,0,1
0.77853405,2,rgb_pca,0,1
0.7815335,2,rgb_pca,0,1
0.81784177,2,rgb_pca,0,1
0.8074398,2,rgb_pca,0,1
0.7988224,2,rgb_pca,0,1
0.7851189,2,rgb_pca,0,1
0.77095497,2,rgb_pca,0,1
0.7683839,2,rgb_pca,0,1
0.78443193,2,rgb_pca,0,1
0.77716714,2,rgb_pca,0,1
0.7808036,2,rgb_pca,0,1
0.77136844,2,rgb_pca,0,1
0.80659163,2,rgb_pca,0,1
0.7883214,2,rgb_pca,0,1
0.77667797,2,rgb_pca,0,1
0.77454674,2,rgb_pca,0,1
0.7480298,2,rgb_pca,0,1
0.7818729,2,rgb_pca,0,1
0.7593896,2,rgb_pca,0,1
0.767104,2,rgb_pca,0,1
0.74300563,2,rgb_pca,0,1
0.76577747,2,rgb_pca,0,1
0.76104987,2,rgb_pca,0,1
0.7448838,2,rgb_pca,0,1
0.82945335,2,rgb_pca,0,1
0.82343435,2,rgb_pca,0,1
0.80024254,2,rgb_pca,0,1
0.80864745,2,rgb_pca,0,1
0.8309421,2,rgb_pca,0,1
0.838449,2,rgb_pca,0,1
0.824615,2,rgb_pca,0,1
0.8137623,2,rgb_pca,0,1
0.8073597,2,rgb_pca,0,1
0.80116975,2,rgb_pca,0,1
0.78530806,2,rgb_pca,0,1
0.7858425,2,rgb_pca,0,1
0.7990284,2,rgb_pca,0,1
0.7796451,2,rgb_pca,0,1
0.7535774,2,rgb_pca,0,1
0.7989526,2,rgb_pca,0,1
0.7773402,2,rgb_pca,0,1
0.7942877,2,rgb_pca,0,1
0.78306365,2,rgb_pca,0,1
0.77623314,2,rgb_pca,0,1
0.80175674,2,rgb_pca,0,1
0.822018,2,rgb_pca,0,1
0.8240431,2,rgb_pca,0,1
0.8394916,2,rgb_pca,0,1
0.83404744,2,rgb_pca,0,1
0.81970835,2,rgb_pca,0,1
0.7972655,2,rgb_pca,0,1
0.801288,2,rgb_pca,0,1
0.82588595,2,rgb_pca,0,1
0.8302528,2,rgb_pca,0,1
0.8032841,2,rgb_pca,0,1
0.7977483,2,rgb_pca,0,1
0.81478894,2,rgb_pca,0,1
0.7990253,2,rgb_pca,0,1
0.7828839,2,rgb_pca,0,1
0.78799605,2,rgb_pca,0,1
0.8031764,2,rgb_pca,0,1
0.80342495,2,rgb_pca,0,1
0.822088,2,rgb_pca,0,1
0.8122841,2,rgb_pca,0,1
0.78508115,2,rgb_pca,0,1
0.8237531,2,rgb_pca,0,1
0.8042282,2,rgb_pca,0,1
0.7759169,2,rgb_pca,0,1
0.54688,8,rgb_pca,0,1
0.525758,8,rgb_pca,0,1
0.5656692,8,rgb_pca,0,1
0.6221173,8,rgb_pca,0,1
0.5756691,8,rgb_pca,0,1
0.6047044,8,rgb_pca,0,1
0.6411127,8,rgb_pca,0,1
0.6616537,8,rgb_pca,0,1
0.7153894,8,rgb_pca,0,1
0.57074666,8,rgb_pca,0,1
0.56707805,8,rgb_pca,0,1
0.5438504,8,rgb_pca,0,1
0.5853411,8,rgb_pca,0,1
0.60396326,8,rgb_pca,0,1
0.6575097,8,rgb_pca,0,1
0.69602025,8,rgb_pca,0,1
0.71037376,8,rgb_pca,0,1
0.5588105,8,rgb_pca,0,1
0.57395977,8,rgb_pca,0,1
0.56734246,8,rgb_pca,0,1
0.6114031,8,rgb_pca,0,1
0.61386824,8,rgb_pca,0,1
0.6424899,8,rgb_pca,0,1
0.6656067,8,rgb_pca,0,1
0.70274687,8,rgb_pca,0,1
0.56496084,8,rgb_pca,0,1
0.613765,8,rgb_pca,0,1
0.67475235,8,rgb_pca,0,1
0.69754755,8,rgb_pca,0,1
0.6679194,8,rgb_pca,0,1
0.6124791,8,rgb_pca,0,1
0.6713771,8,rgb_pca,0,1
0.6390601,8,rgb_pca,0,1
0.6492038,8,rgb_pca,0,1
0.7100742,8,rgb_pca,0,1
0.705951,8,rgb_pca,0,1
0.68424755,8,rgb_pca,0,1
0.6227138,8,rgb_pca,0,1
0.70814383,8,rgb_pca,0,1
0.6038884,8,rgb_pca,0,1
0.6598413,8,rgb_pca,0,1
0.6450809,8,rgb_pca,0,1
0.63573176,8,rgb_pca,0,1
0.6231918,8,rgb_pca,0,1
0.72084695,8,rgb_pca,0,1
0.6522171,8,rgb_pca,0,1
0.6175526,8,rgb_pca,0,1
0.57807887,8,rgb_pca,0,1
0.70343274,8,rgb_pca,0,1
0.5698325,8,rgb_pca,0,1
0.5009395,8,rgb_pca,0,1
0.5726615,8,rgb_pca,0,1
0.598619,8,rgb_pca,0,1
0.53533053,8,rgb_pca,0,1
0.600801,8,rgb_pca,0,1
0.6477058,8,rgb_pca,0,1
0.6684392,8,rgb_pca,0,1
0.65044594,8,rgb_pca,0,1
0.5685182,8,rgb_pca,0,1
0.52315754,8,rgb_pca,0,1
0.5382284,8,rgb_pca,0,1
0.57804734,8,rgb_pca,0,1
0.69406414,8,rgb_pca,0,1
0.7195302,8,rgb_pca,0,1
0.689798,8,rgb_pca,0,1
0.6575999,8,rgb_pca,0,1
0.6540149,8,rgb_pca,0,1
0.52700436,8,rgb_pca,0,1
0.5321765,8,rgb_pca,0,1
0.56351537,8,rgb_pca,0,1
0.598584,8,rgb_pca,0,1
0.70864534,8,rgb_pca,0,1
0.72747374,8,rgb_pca,0,1
0.6708683,8,rgb_pca,0,1
0.64394677,8,rgb_pca,0,1
0.60672975,8,rgb_pca,0,1
0.59971195,8,rgb_pca,0,1
0.6597472,8,rgb_pca,0,1
0.56104183,8,rgb_pca,0,1
0.5828272,8,rgb_pca,0,1
0.5844105,8,rgb_pca,0,1
0.6712707,8,rgb_pca,0,1
0.6722712,8,rgb_pca,0,1
0.6566116,8,rgb_pca,0,1
0.6478473,8,rgb_pca,0,1
0.61328304,8,rgb_pca,0,1
0.5737155,8,rgb_pca,0,1
0.65799,8,rgb_pca,0,1
0.6203359,8,rgb_pca,0,1
0.6415477,8,rgb_pca,0,1
0.6169808,8,rgb_pca,0,1
0.64718354,8,rgb_pca,0,1
0.645709,8,rgb_pca,0,1
0.64432675,8,rgb_pca,0,1
0.64899826,8,rgb_pca,0,1
0.6054239,8,rgb_pca,0,1
0.61636156,8,rgb_pca,0,1
0.7202265,8,rgb_pca,0,1
0.66107833,8,rgb_pca,0,1
0.6290821,8,rgb_pca,0,1
0.6062022,8,rgb_pca,0,1
0.5868658,8,rgb_pca,0,1
0.6280304,8,rgb_pca,0,1
0.6475366,8,rgb_pca,0,1
0.7051446,8,rgb_pca,0,1
0.6373411,8,rgb_pca,0,1
0.6045417,8,rgb_pca,0,1
0.6495857,8,rgb_pca,0,1
0.70107436,8,rgb_pca,0,1
0.7364148,8,rgb_pca,0,1
0.74601346,8,rgb_pca,0,1
0.74725413,8,rgb_pca,0,1
0.7452738,8,rgb_pca,0,1
0.8005747,8,rgb_pca,0,1
0.76773775,8,rgb_pca,0,1
0.7641403,8,rgb_pca,0,1
0.8006374,8,rgb_pca,0,1
0.7715088,8,rgb_pca,0,1
0.7493421,8,rgb_pca,0,1
0.79980034,8,rgb_pca,0,1
0.7692389,8,rgb_pca,0,1
0.76308507,8,rgb_pca,0,1
0.69871366,8,rgb_pca,0,1
0.5800564,8,rgb_pca,0,1
0.6192159,8,rgb_pca,0,1
0.61949146,8,rgb_pca,0,1
0.57610035,8,rgb_pca,0,1
0.5945957,8,rgb_pca,0,1
0.6314899,8,rgb_pca,0,1
0.67609954,8,rgb_pca,0,1
0.7465664,8,rgb_pca,0,1
0.67901206,8,rgb_pca,0,1
0.6231809,8,rgb_pca,0,1
0.629382,8,rgb_pca,0,1
0.60992295,8,rgb_pca,0,1
0.65220296,8,rgb_pca,0,1
0.66897464,8,rgb_pca,0,1
0.6961637,8,rgb_pca,0,1
0.7634755,8,rgb_pca,0,1
0.6080149,8,rgb_pca,0,1
0.5941415,8,rgb_pca,0,1
0.64004683,8,rgb_pca,0,1
0.6586052,8,rgb_pca,0,1
0.67321795,8,rgb_pca,0,1
0.68955404,8,rgb_pca,0,1
0.71593034,8,rgb_pca,0,1
0.7745148,8,rgb_pca,0,1
0.58393085,8,rgb_pca,0,1
0.6080484,8,rgb_pca,0,1
0.6565103,8,rgb_pca,0,1
0.6960177,8,rgb_pca,0,1
0.6994449,8,rgb_pca,0,1
0.6710814,8,rgb_pca,0,1
0.74067736,8,rgb_pca,0,1
0.6135763,8,rgb_pca,0,1
0.63980293,8,rgb_pca,0,1
0.69220495,8,rgb_pca,0,1
0.7123952,8,rgb_pca,0,1
0.73417157,8,rgb_pca,0,1
0.68514204,8,rgb_pca,0,1
0.75130886,8,rgb_pca,0,1
0.65960115,8,rgb_pca,0,1
0.6979394,8,rgb_pca,0,1
0.71151936,8,rgb_pca,0,1
0.7170462,8,rgb_pca,0,1
0.65366685,8,rgb_pca,0,1
0.73014176,8,rgb_pca,0,1
0.6940696,8,rgb_pca,0,1
0.68748534,8,rgb_pca,0,1
0.6153393,8,rgb_pca,0,1
0.69263196,8,rgb_pca,0,1
0.6915555,8,rgb_pca,0,1
0.69771695,8,rgb_pca,0,1
0.68340003,8,rgb_pca,0,1
0.6498307,8,rgb_pca,0,1
0.63404846,8,rgb_pca,0,1
0.60364115,8,rgb_pca,0,1
0.5871283,8,rgb_pca,0,1
0.608423,8,rgb_pca,0,1
0.60207474,8,rgb_pca,0,1
0.65428644,8,rgb_pca,0,1
0.6636658,8,rgb_pca,0,1
0.6415019,8,rgb_pca,0,1
0.63778543,8,rgb_pca,0,1
0.59096146,8,rgb_pca,0,1
0.5284139,8,rgb_pca,0,1
0.5926992,8,rgb_pca,0,1
0.5755002,8,rgb_pca,0,1
0.6266724,8,rgb_pca,0,1
0.62847793,8,rgb_pca,0,1
0.61157405,8,rgb_pca,0,1
0.611285,8,rgb_pca,0,1
0.62995577,8,rgb_pca,0,1
0.5694999,8,rgb_pca,0,1
0.55810916,8,rgb_pca,0,1
0.57798034,8,rgb_pca,0,1
0.61627114,8,rgb_pca,0,1
0.57914305,8,rgb_pca,0,1
0.5807437,8,rgb_pca,0,1
0.60452366,8,rgb_pca,0,1
0.57107127,8,rgb_pca,0,1
0.61711776,8,rgb_pca,0,1
0.61723536,8,rgb_pca,0,1
0.6485715,8,rgb_pca,0,1
0.61221814,8,rgb_pca,0,1
0.59090936,8,rgb_pca,0,1
0.6380471,8,rgb_pca,0,1
0.6095192,8,rgb_pca,0,1
0.6383203,8,rgb_pca,0,1
0.64948326,8,rgb_pca,0,1
0.5965678,8,rgb_pca,0,1
0.5999695,8,rgb_pca,0,1
0.5085459,8,rgb_pca,0,1
0.4997526,8,rgb_pca,0,1
0.5345759,8,rgb_pca,0,1
0.581733,8,rgb_pca,0,1
0.58303577,8,rgb_pca,0,1
0.575001,8,rgb_pca,0,1
0.6323315,8,rgb_pca,0,1
0.6368805,8,rgb_pca,0,1
0.63626313,8,rgb_pca,0,1
0.5100477,8,rgb_pca,0,1
0.5255434,8,rgb_pca,0,1
0.5413456,8,rgb_pca,0,1
0.5546084,8,rgb_pca,0,1
0.5873052,8,rgb_pca,0,1
0.634385,8,rgb_pca,0,1
0.6346928,8,rgb_pca,0,1
0.6266476,8,rgb_pca,0,1
0.6162696,8,rgb_pca,0,1
0.4839384,8,rgb_pca,0,1
0.503856,8,rgb_pca,0,1
0.49239236,8,rgb_pca,0,1
0.5899495,8,rgb_pca,0,1
0.672524,8,rgb_pca,0,1
0.65948,8,rgb_pca,0,1
0.6329658,8,rgb_pca,0,1
0.62753797,8,rgb_pca,0,1
0.6156003,8,rgb_pca,0,1
0.600901,8,rgb_pca,0,1
0.57384133,8,rgb_pca,0,1
0.49499524,8,rgb_pca,0,1
0.54093945,8,rgb_pca,0,1
0.6108171,8,rgb_pca,0,1
0.6832446,8,rgb_pca,0,1
0.66744035,8,rgb_pca,0,1
0.58639175,8,rgb_pca,0,1
0.5340765,8,rgb_pca,0,1
0.56383896,8,rgb_pca,0,1
0.51808715,8,rgb_pca,0,1
0.5345401,8,rgb_pca,0,1
0.5096514,8,rgb_pca,0,1
0.58294654,8,rgb_pca,0,1
0.6444683,8,rgb_pca,0,1
0.6647742,8,rgb_pca,0,1
0.6415749,8,rgb_pca,0,1
0.5581093,8,rgb_pca,0,1
0.5272821,8,rgb_pca,0,1
0.5632236,8,rgb_pca,0,1
0.5093813,8,rgb_pca,0,1
0.49897122,8,rgb_pca,0,1
0.6120598,8,rgb_pca,0,1
0.64450985,8,rgb_pca,0,1
0.61489826,8,rgb_pca,0,1
0.5799726,8,rgb_pca,0,1
0.53548324,8,rgb_pca,0,1
0.49367476,8,rgb_pca,0,1
0.60434747,8,rgb_pca,0,1
0.5912676,8,rgb_pca,0,1
0.56682163,8,rgb_pca,0,1
0.53217,8,rgb_pca,0,1
0.49722436,8,rgb_pca,0,1
0.56300557,8,rgb_pca,0,1
0.6622311,8,rgb_pca,0,1
0.6691526,8,rgb_pca,0,1
0.6610203,8,rgb_pca,0,1
0.6212214,8,rgb_pca,0,1
0.5730608,8,rgb_pca,0,1
0.56408393,8,rgb_pca,0,1
0.47702077,8,rgb_pca,0,1
0.4574266,8,rgb_pca,0,1
0.3892073,8,rgb_pca,0,1
0.6257294,8,rgb_pca,0,1
0.6202176,8,rgb_pca,0,1
0.5919626,8,rgb_pca,0,1
0.59568405,8,rgb_pca,0,1
0.52473533,8,rgb_pca,0,1
0.47973353,8,rgb_pca,0,1
0.46581116,8,rgb_pca,0,1
0.41348088,8,rgb_pca,0,1
0.43971485,8,rgb_pca,0,1
0.601694,8,rgb_pca,0,1
0.57829076,8,rgb_pca,0,1
0.56493396,8,rgb_pca,0,1
0.58187115,8,rgb_pca,0,1
0.5170452,8,rgb_pca,0,1
0.54528624,8,rgb_pca,0,1
0.58969337,8,rgb_pca,0,1
0.6198805,8,rgb_pca,0,1
0.6121618,8,rgb_pca,0,1
0.5611236,8,rgb_pca,0,1
0.54677993,8,rgb_pca,0,1
0.5804527,8,rgb_pca,0,1
0.6119003,8,rgb_pca,0,1
0.65193236,8,rgb_pca,0,1
0.6054346,8,rgb_pca,0,1
0.592456,8,rgb_pca,0,1
0.5482612,8,rgb_pca,0,1
0.5482744,8,rgb_pca,0,1
0.54416174,8,rgb_pca,0,1
0.5589738,8,rgb_pca,0,1
0.57496154,8,rgb_pca,0,1
0.57026225,8,rgb_pca,0,1
0.5974134,8,rgb_pca,0,1
0.6894065,8,rgb_pca,0,1
0.7109738,8,rgb_pca,0,1
0.7241076,8,rgb_pca,0,1
0.74036723,8,rgb_pca,0,1
0.6936033,8,rgb_pca,0,1
0.6937362,8,rgb_pca,0,1
0.7025207,8,rgb_pca,0,1
0.6834879,8,rgb_pca,0,1
0.69496965,8,rgb_pca,0,1
0.7227224,8,rgb_pca,0,1
0.7164354,8,rgb_pca,0,1
0.7292172,8,rgb_pca,0,1
0.87141204,2,rgb_pca,0,1
0.9066269,2,rgb_pca,0,1
0.7915933,2,rgb_pca,0,1
0.78375554,2,rgb_pca,0,1
0.77980864,2,rgb_pca,0,1
0.7716596,2,rgb_pca,0,1
0.8013639,2,rgb_pca,0,1
0.8014733,2,rgb_pca,0,1
0.8043599,2,rgb_pca,0,1
0.816822,2,rgb_pca,0,1
0.7258615,2,rgb_pca,0,1
0.69406897,2,rgb_pca,0,1
0.681865,2,rgb_pca,0,1
0.78517234,2,rgb_pca,0,1
0.74201816,2,rgb_pca,0,1
0.72573787,2,rgb_pca,0,1
0.6739866,8,rgb_pca,0,1
0.6773415,8,rgb_pca,0,1
0.68624675,8,rgb_pca,0,1
0.719691,8,rgb_pca,0,1
0.7643006,8,rgb_pca,0,1
0.7182694,8,rgb_pca,0,1
0.6453506,8,rgb_pca,0,1
0.5844337,8,rgb_pca,0,1
0.53359807,8,rgb_pca,0,1
0.68263793,8,rgb_pca,0,1
0.6898312,8,rgb_pca,0,1
0.6808733,8,rgb_pca,0,1
0.6565484,8,rgb_pca,0,1
0.6494428,8,rgb_pca,0,1
0.63536525,8,rgb_pca,0,1
0.6305575,8,rgb_pca,0,1
0.58515745,8,rgb_pca,0,1
0.5604431,8,rgb_pca,0,1
0.69790536,8,rgb_pca,0,1
0.6617882,8,rgb_pca,0,1
0.6208702,8,rgb_pca,0,1
0.6262683,8,rgb_pca,0,1
0.68160164,8,rgb_pca,0,1
0.6453085,8,rgb_pca,0,1
0.62346196,8,rgb_pca,0,1
0.6985655,8,rgb_pca,0,1
0.6340232,8,rgb_pca,0,1
0.55724776,8,rgb_pca,0,1
0.58181286,8,rgb_pca,0,1
0.6737147,8,rgb_pca,0,1
0.5923244,8,rgb_pca,0,1
0.59853995,8,rgb_pca,0,1
0.64064634,8,rgb_pca,0,1
0.59303236,8,rgb_pca,0,1
0.52641475,8,rgb_pca,0,1
0.6134849,8,rgb_pca,0,1
0.5785011,8,rgb_pca,0,1
0.6096525,8,rgb_pca,0,1
0.5939622,8,rgb_pca,0,1
0.6017096,8,rgb_pca,0,1
0.63889086,8,rgb_pca,0,1
0.6700041,8,rgb_pca,0,1
0.63012266,8,rgb_pca,0,1
0.6087388,8,rgb_pca,0,1
0.58875656,8,rgb_pca,0,1
0.60769665,8,rgb_pca,0,1
0.59982353,8,rgb_pca,0,1
0.60479724,8,rgb_pca,0,1
0.57607543,8,rgb_pca,0,1
0.5348786,8,rgb_pca,0,1
0.6289856,8,rgb_pca,0,1
0.5903196,8,rgb_pca,0,1
0.6037358,8,rgb_pca,0,1
0.6210084,8,rgb_pca,0,1
0.61700684,8,rgb_pca,0,1
0.5705735,8,rgb_pca,0,1
0.5534209,8,rgb_pca,0,1
0.536611,8,rgb_pca,0,1
0.52292705,8,rgb_pca,0,1
0.5940268,8,rgb_pca,0,1
0.61300075,8,rgb_pca,0,1
0.58973885,8,rgb_pca,0,1
0.59605587,8,rgb_pca,0,1
0.59098434,8,rgb_pca,0,1
0.5350994,8,rgb_pca,0,1
0.5222329,8,rgb_pca,0,1
0.6090517,8,rgb_pca,0,1
0.6255119,8,rgb_pca,0,1
0.60384995,8,rgb_pca,0,1
0.5439834,8,rgb_pca,0,1
0.51109535,8,rgb_pca,0,1
0.49528387,8,rgb_pca,0,1
0.47088844,8,rgb_pca,0,1
0.60992455,8,rgb_pca,0,1
0.57872415,8,rgb_pca,0,1
0.5505491,8,rgb_pca,0,1
0.5955049,8,rgb_pca,0,1
0.5671619,8,rgb_pca,0,1
0.5711316,8,rgb_pca,0,1
0.5498668,8,rgb_pca,0,1
0.55539733,8,rgb_pca,0,1
0.59805226,8,rgb_pca,0,1
0.86314666,2,rgb_pca,0,1
0.86224943,2,rgb_pca,0,1
0.8145753,2,rgb_pca,0,1
0.7709694,2,rgb_pca,0,1
0.7598636,2,rgb_pca,0,1
0.72126347,2,rgb_pca,0,1
0.82209635,2,rgb_pca,0,1
0.772912,2,rgb_pca,0,1
0.7845786,2,rgb_pca,0,1
0.7552352,2,rgb_pca,0,1
0.7940297,2,rgb_pca,0,1
0.7598844,2,rgb_pca,0,1
0.79897565,2,rgb_pca,0,1
0.74952495,2,rgb_pca,0,1
0.80857545,2,rgb_pca,0,1
0.7628762,2,rgb_pca,0,1
0.78592014,2,rgb_pca,0,1
0.7485602,2,rgb_pca,0,1
0.77346516,2,rgb_pca,0,1
0.79431283,2,rgb_pca,0,1
0.8123037,2,rgb_pca,0,1
0.7800151,2,rgb_pca,0,1
0.7606195,2,rgb_pca,0,1
0.7767393,2,rgb_pca,0,1
0.7748606,2,rgb_pca,0,1
0.7946211,2,rgb_pca,0,1
0.76130307,2,rgb_pca,0,1
0.76876456,2,rgb_pca,0,1
0.76355696,2,rgb_pca,0,1
0.8237451,2,rgb_pca,0,1
0.7542456,2,rgb_pca,0,1
0.8261496,2,rgb_pca,0,1
0.7725984,2,rgb_pca,0,1
0.78221434,2,rgb_pca,0,1
0.8419132,2,rgb_pca,0,1
0.80293214,2,rgb_pca,0,1
0.7787597,2,rgb_pca,0,1
0.8479686,2,rgb_pca,0,1
0.80963576,2,rgb_pca,0,1
0.7680069,2,rgb_pca,0,1
0.819949,2,rgb_pca,0,1
0.7779186,2,rgb_pca,0,1
0.7829074,2,rgb_pca,0,1
0.76509356,2,rgb_pca,0,1
0.8342321,2,rgb_pca,0,1
0.7751695,2,rgb_pca,0,1
0.7819461,2,rgb_pca,0,1
0.76305354,2,rgb_pca,0,1
0.7841609,2,rgb_pca,0,1
0.79506683,2,rgb_pca,0,1
0.78314114,2,rgb_pca,0,1
0.7623718,2,rgb_pca,0,1
0.7836744,2,rgb_pca,0,1
0.7934525,2,rgb_pca,0,1
0.7749038,2,rgb_pca,0,1
0.76900566,2,rgb_pca,0,1
0.80779445,2,rgb_pca,0,1
0.7959222,2,rgb_pca,0,1
0.7869986,2,rgb_pca,0,1
0.7814983,2,rgb_pca,0,1
0.8051945,2,rgb_pca,0,1
0.791857,2,rgb_pca,0,1
0.80832314,2,rgb_pca,0,1
0.7978109,2,rgb_pca,0,1
0.8671833,2,rgb_pca,0,1
0.8647932,2,rgb_pca,0,1
0.83146167,2,rgb_pca,0,1
0.8189614,2,rgb_pca,0,1
0.8622493,2,rgb_pca,0,1
0.84353983,2,rgb_pca,0,1
0.80062383,2,rgb_pca,0,1
0.81678224,2,rgb_pca,0,1
0.8334881,2,rgb_pca,0,1
0.821576,2,rgb_pca,0,1
0.77130127,2,rgb_pca,0,1
0.7743116,2,rgb_pca,0,1
0.79030216,2,rgb_pca,0,1
0.77327275,2,rgb_pca,0,1
0.77246207,2,rgb_pca,0,1
0.8002441,2,rgb_pca,0,1
0.81442755,2,rgb_pca,0,1
0.78314465,2,rgb_pca,0,1
0.7889818,2,rgb_pca,0,1
0.79660225,2,rgb_pca,0,1
0.774946,2,rgb_pca,0,1
0.77115744,2,rgb_pca,0,1
0.77460444,2,rgb_pca,0,1
0.77145034,2,rgb_pca,0,1
0.80933744,2,rgb_pca,0,1
0.78748524,2,rgb_pca,0,1
0.7822287,2,rgb_pca,0,1
0.7715211,2,rgb_pca,0,1
0.8023959,2,rgb_pca,0,1
0.7689571,2,rgb_pca,0,1
0.7711725,2,rgb_pca,0,1
0.7721882,2,rgb_pca,0,1
0.78567016,2,rgb_pca,0,1
0.7767805,2,rgb_pca,0,1
0.7829764,2,rgb_pca,0,1
0.7762799,2,rgb_pca,0,1
0.7907884,2,rgb_pca,0,1
0.7692,2,rgb_pca,0,1
0.7601406,2,rgb_pca,0,1
0.7475675,2,rgb_pca,0,1
0.7899901,2,rgb_pca,0,1
0.7858579,2,rgb_pca,0,1
0.7823653,2,rgb_pca,0,1
0.77533716,2,rgb_pca,0,1
0.7878827,2,rgb_pca,0,1
0.7737963,2,rgb_pca,0,1
0.77737546,2,rgb_pca,0,1
0.7639501,2,rgb_pca,0,1
0.7171942,7,rgb_pca,0,1
0.6795345,7,rgb_pca,0,1
0.6578463,7,rgb_pca,0,1
0.7095251,7,rgb_pca,0,1
0.6789741,7,rgb_pca,0,1
0.6424935,7,rgb_pca,0,1
0.70001966,7,rgb_pca,0,1
0.67853284,7,rgb_pca,0,1
0.66380936,7,rgb_pca,0,1
0.75736475,7,rgb_pca,0,1
0.6823096,7,rgb_pca,0,1
0.7000749,7,rgb_pca,0,1
0.71295804,7,rgb_pca,0,1
0.73409337,7,rgb_pca,0,1
0.68153566,7,rgb_pca,0,1
0.68548656,7,rgb_pca,0,1
0.65290505,7,rgb_pca,0,1
0.71181476,7,rgb_pca,0,1
0.72193074,7,rgb_pca,0,1
0.70404345,7,rgb_pca,0,1
0.6480783,7,rgb_pca,0,1
0.7098132,7,rgb_pca,0,1
0.72882974,7,rgb_pca,0,1
0.75568414,7,rgb_pca,0,1
0.7568433,7,rgb_pca,0,1
0.7179664,7,rgb_pca,0,1
0.70335,7,rgb_pca,0,1
0.72621024,7,rgb_pca,0,1
0.72121763,7,rgb_pca,0,1
0.691341,7,rgb_pca,0,1
0.64288396,7,rgb_pca,0,1
0.73001164,7,rgb_pca,0,1
0.680894,7,rgb_pca,0,1
0.6527124,7,rgb_pca,0,1
0.65124243,7,rgb_pca,0,1
0.6766732,7,rgb_pca,0,1
0.66505617,7,rgb_pca,0,1
0.6234413,7,rgb_pca,0,1
0.5325653,7,rgb_pca,0,1
0.5514637,7,rgb_pca,0,1
0.6682861,7,rgb_pca,0,1
0.7055989,7,rgb_pca,0,1
0.6363636,7,rgb_pca,0,1
0.5267337,7,rgb_pca,0,1
0.53244627,7,rgb_pca,0,1
0.64935374,7,rgb_pca,0,1
0.6612336,7,rgb_pca,0,1
0.6152836,7,rgb_pca,0,1
0.50527513,7,rgb_pca,0,1
0.5251815,7,rgb_pca,0,1
0.67499685,7,rgb_pca,0,1
0.49504519,7,rgb_pca,0,1
0.6122995,7,rgb_pca,0,1
0.69941366,7,rgb_pca,0,1
0.7067477,7,rgb_pca,0,1
0.65979993,7,rgb_pca,0,1
0.5787934,7,rgb_pca,0,1
0.6554653,7,rgb_pca,0,1
0.67510754,7,rgb_pca,0,1
0.6038228,7,rgb_pca,0,1
0.6343772,7,rgb_pca,0,1
0.72414553,7,rgb_pca,0,1
0.66366017,7,rgb_pca,0,1
0.687105,7,rgb_pca,0,1
0.72424436,7,rgb_pca,0,1
0.7409317,7,rgb_pca,0,1
0.70215327,7,rgb_pca,0,1
0.73322743,7,rgb_pca,0,1
0.7641373,7,rgb_pca,0,1
0.74699533,7,rgb_pca,0,1
0.7151109,7,rgb_pca,0,1
0.7441071,7,rgb_pca,0,1
0.7046058,7,rgb_pca,0,1
0.6758521,7,rgb_pca,0,1
0.7138125,7,rgb_pca,0,1
0.71804094,7,rgb_pca,0,1
0.68204755,7,rgb_pca,0,1
0.7069193,7,rgb_pca,0,1
0.7124207,7,rgb_pca,0,1
0.6698297,7,rgb_pca,0,1
0.6961297,7,rgb_pca,0,1
0.7437085,7,rgb_pca,0,1
0.67090917,7,rgb_pca,0,1
0.6462991,7,rgb_pca,0,1
0.6881482,7,rgb_pca,0,1
0.745083,7,rgb_pca,0,1
0.6966285,7,rgb_pca,0,1
0.6988152,7,rgb_pca,0,1
0.72192746,7,rgb_pca,0,1
0.7648293,7,rgb_pca,0,1
0.6839534,7,rgb_pca,0,1
0.70411813,7,rgb_pca,0,1
0.6888344,7,rgb_pca,0,1
0.7288915,7,rgb_pca,0,1
0.7197434,7,rgb_pca,0,1
0.7321472,7,rgb_pca,0,1
0.73282254,7,rgb_pca,0,1
0.7100121,7,rgb_pca,0,1
0.6985557,7,rgb_pca,0,1
0.70381427,7,rgb_pca,0,1
0.6710729,7,rgb_pca,0,1
0.65499735,7,rgb_pca,0,1
0.68722326,7,rgb_pca,0,1
0.693566,7,rgb_pca,0,1
0.6664121,7,rgb_pca,0,1
0.7058066,7,rgb_pca,0,1
0.7503713,7,rgb_pca,0,1
0.7299787,7,rgb_pca,0,1
0.6325073,7,rgb_pca,0,1
0.6278058,7,rgb_pca,0,1
0.66598195,7,rgb_pca,0,1
0.696731,7,rgb_pca,0,1
0.7166027,7,rgb_pca,0,1
0.6750106,7,rgb_pca,0,1
0.658769,7,rgb_pca,0,1
0.68718636,7,rgb_pca,0,1
0.70893276,7,rgb_pca,0,1
0.73238397,7,rgb_pca,0,1
0.68413794,7,rgb_pca,0,1
0.67179906,7,rgb_pca,0,1
0.71370757,7,rgb_pca,0,1
0.7149397,7,rgb_pca,0,1
0.723492,7,rgb_pca,0,1
0.71041405,7,rgb_pca,0,1
0.7298866,7,rgb_pca,0,1
0.7314134,7,rgb_pca,0,1
0.70135766,7,rgb_pca,0,1
0.70442104,7,rgb_pca,0,1
0.7186298,7,rgb_pca,0,1
0.7406807,7,rgb_pca,0,1
0.7438897,7,rgb_pca,0,1
0.7353091,7,rgb_pca,0,1
0.7396556,7,rgb_pca,0,1
0.76611805,7,rgb_pca,0,1
0.7930999,7,rgb_pca,0,1
0.80167574,7,rgb_pca,0,1
0.7666458,7,rgb_pca,0,1
0.7649264,7,rgb_pca,0,1
0.71840394,7,rgb_pca,0,1
0.70017326,7,rgb_pca,0,1
0.7332986,7,rgb_pca,0,1
0.7725132,7,rgb_pca,0,1
0.7472588,7,rgb_pca,0,1
0.7919793,7,rgb_pca,0,1
0.7880347,6,rgb_pca,0,1
0.78001404,6,rgb_pca,0,1
0.78332734,6,rgb_pca,0,1
0.77762353,6,rgb_pca,0,1
0.7885926,6,rgb_pca,0,1
0.78387964,6,rgb_pca,0,1
0.78755283,6,rgb_pca,0,1
0.78913766,6,rgb_pca,0,1
0.80139095,6,rgb_pca,0,1
0.805787,6,rgb_pca,0,1
0.8133554,6,rgb_pca,0,1
0.758095,6,rgb_pca,0,1
0.7702806,6,rgb_pca,0,1
0.8241167,6,rgb_pca,0,1
0.82517266,6,rgb_pca,0,1
0.79365104,6,rgb_pca,0,1
0.7515097,6,rgb_pca,0,1
0.7842427,6,rgb_pca,0,1
0.82751036,6,rgb_pca,0,1
0.773957,6,rgb_pca,0,1
0.7947639,6,rgb_pca,0,1
0.8211186,6,rgb_pca,0,1
0.79938537,6,rgb_pca,0,1
0.7742899,6,rgb_pca,0,1
0.7873306,6,rgb_pca,0,1
0.78620076,6,rgb_pca,0,1
0.83401215,6,rgb_pca,0,1
0.7995063,6,rgb_pca,0,1
0.7888044,6,rgb_pca,0,1
0.8226161,6,rgb_pca,0,1
0.83447003,6,rgb_pca,0,1
0.84648526,6,rgb_pca,0,1
0.8051642,6,rgb_pca,0,1
0.8096911,6,rgb_pca,0,1
0.79381526,6,rgb_pca,0,1
0.78611994,6,rgb_pca,0,1
0.78536826,6,rgb_pca,0,1
0.7971728,6,rgb_pca,0,1
0.8105477,6,rgb_pca,0,1
0.8078063,6,rgb_pca,0,1
0.7957921,6,rgb_pca,0,1
0.79158044,6,rgb_pca,0,1
0.79895866,6,rgb_pca,0,1
0.8373546,6,rgb_pca,0,1
0.8124735,6,rgb_pca,0,1
0.7917577,6,rgb_pca,0,1
0.796232,6,rgb_pca,0,1
0.8320231,6,rgb_pca,0,1
0.8458837,6,rgb_pca,0,1
0.82213795,6,rgb_pca,0,1
0.7977686,6,rgb_pca,0,1
0.8493699,6,rgb_pca,0,1
0.8345519,6,rgb_pca,0,1
0.7924,6,rgb_pca,0,1
0.8378195,6,rgb_pca,0,1
0.83698255,6,rgb_pca,0,1
0.80703676,6,rgb_pca,0,1
0.80752003,6,rgb_pca,0,1
0.8079553,6,rgb_pca,0,1
0.8349731,6,rgb_pca,0,1
0.8481643,6,rgb_pca,0,1
0.8555935,6,rgb_pca,0,1
0.84600055,6,rgb_pca,0,1
0.7861329,6,rgb_pca,0,1
0.6110376,3,rgb_pca,0,1
0.65588516,3,rgb_pca,0,1
0.6849972,3,rgb_pca,0,1
0.72877145,3,rgb_pca,0,1
0.6029843,3,rgb_pca,0,1
0.6093453,3,rgb_pca,0,1
0.64165914,3,rgb_pca,0,1
0.67742056,3,rgb_pca,0,1
0.63141435,3,rgb_pca,0,1
0.6068241,3,rgb_pca,0,1
0.6438545,3,rgb_pca,0,1
0.66786647,3,rgb_pca,0,1
0.7056867,3,rgb_pca,0,1
0.7102438,3,rgb_pca,0,1
0.71301854,3,rgb_pca,0,1
0.78198385,3,rgb_pca,0,1
0.61191463,3,rgb_pca,0,1
0.590798,3,rgb_pca,0,1
0.63120764,3,rgb_pca,0,1
0.65085614,3,rgb_pca,0,1
0.6764792,3,rgb_pca,0,1
0.6983565,3,rgb_pca,0,1
0.69313025,3,rgb_pca,0,1
0.74803346,3,rgb_pca,0,1
0.6062577,3,rgb_pca,0,1
0.5906913,3,rgb_pca,0,1
0.65173554,3,rgb_pca,0,1
0.642457,3,rgb_pca,0,1
0.69324946,3,rgb_pca,0,1
0.6982316,3,rgb_pca,0,1
0.6937952,3,rgb_pca,0,1
0.7156609,3,rgb_pca,0,1
0.6940274,3,rgb_pca,0,1
0.69456244,3,rgb_pca,0,1
0.6297727,3,rgb_pca,0,1
0.62341964,3,rgb_pca,0,1
0.6492764,3,rgb_pca,0,1
0.6280447,3,rgb_pca,0,1
0.7211234,3,rgb_pca,0,1
0.7081857,3,rgb_pca,0,1
0.665746,3,rgb_pca,0,1
0.7283113,3,rgb_pca,0,1
0.7061948,3,rgb_pca,0,1
0.6572248,3,rgb_pca,0,1
0.6238229,3,rgb_pca,0,1
0.631188,3,rgb_pca,0,1
0.5948777,3,rgb_pca,0,1
0.65832454,3,rgb_pca,0,1
0.6920016,3,rgb_pca,0,1
0.6801764,3,rgb_pca,0,1
0.75430554,3,rgb_pca,0,1
0.6867942,3,rgb_pca,0,1
0.6349287,3,rgb_pca,0,1
0.6319627,3,rgb_pca,0,1
0.6172738,3,rgb_pca,0,1
0.62622225,3,rgb_pca,0,1
0.71138084,3,rgb_pca,0,1
0.6625796,3,rgb_pca,0,1
0.6223497,3,rgb_pca,0,1
0.5878572,3,rgb_pca,0,1
0.7882218,3,rgb_pca,0,1
0.73116845,3,rgb_pca,0,1
0.7081754,3,rgb_pca,0,1
0.67428726,3,rgb_pca,0,1
0.6492605,3,rgb_pca,0,1
0.6868722,3,rgb_pca,0,1
0.7069998,3,rgb_pca,0,1
0.66677743,3,rgb_pca,0,1
0.65780014,3,rgb_pca,0,1
0.6850312,3,rgb_pca,0,1
0.6924782,3,rgb_pca,0,1
0.64115345,3,rgb_pca,0,1
0.67871505,3,rgb_pca,0,1
0.6441576,3,rgb_pca,0,1
0.6051188,3,rgb_pca,0,1
0.61102295,3,rgb_pca,0,1
0.6785017,3,rgb_pca,0,1
0.6824992,3,rgb_pca,0,1
0.695246,3,rgb_pca,0,1
0.7002612,3,rgb_pca,0,1
0.6738763,3,rgb_pca,0,1
0.62264156,3,rgb_pca,0,1
0.5894418,3,rgb_pca,0,1
0.6047865,3,rgb_pca,0,1
0.6548951,3,rgb_pca,0,1
0.685832,3,rgb_pca,0,1
0.6971882,3,rgb_pca,0,1
0.6882659,3,rgb_pca,0,1
0.6615299,3,rgb_pca,0,1
0.6339086,3,rgb_pca,0,1
0.58886355,3,rgb_pca,0,1
0.6336107,3,rgb_pca,0,1
0.65224165,3,rgb_pca,0,1
0.659859,3,rgb_pca,0,1
0.7228782,3,rgb_pca,0,1
0.739987,3,rgb_pca,0,1
0.74567425,3,rgb_pca,0,1
0.68500495,3,rgb_pca,0,1
0.6549272,3,rgb_pca,0,1
0.6223691,3,rgb_pca,0,1
0.6093941,3,rgb_pca,0,1
0.6512718,3,rgb_pca,0,1
0.70900357,3,rgb_pca,0,1
0.7133951,3,rgb_pca,0,1
0.73551977,3,rgb_pca,0,1
0.71470034,3,rgb_pca,0,1
0.6924406,3,rgb_pca,0,1
0.70059276,3,rgb_pca,0,1
0.694673,3,rgb_pca,0,1
0.6661286,3,rgb_pca,0,1
0.71728384,3,rgb_pca,0,1
0.73476076,3,rgb_pca,0,1
0.7288921,3,rgb_pca,0,1
0.7072511,3,rgb_pca,0,1
0.7105088,3,rgb_pca,0,1
0.6946684,3,rgb_pca,0,1
0.7519582,3,rgb_pca,0,1
0.73646855,3,rgb_pca,0,1
0.704222,3,rgb_pca,0,1
0.7230693,3,rgb_pca,0,1
0.8561569,6,rgb_pca,0,1
0.82636654,6,rgb_pca,0,1
0.78232497,6,rgb_pca,0,1
0.7973594,6,rgb_pca,0,1
0.80656564,6,rgb_pca,0,1
0.7983939,6,rgb_pca,0,1
0.8504988,6,rgb_pca,0,1
0.8457615,6,rgb_pca,0,1
0.7921051,6,rgb_pca,0,1
0.76732767,6,rgb_pca,0,1
0.7702102,6,rgb_pca,0,1
0.82808733,6,rgb_pca,0,1
0.8553233,6,rgb_pca,0,1
0.8145274,6,rgb_pca,0,1
0.77590156,6,rgb_pca,0,1
0.8028209,6,rgb_pca,0,1
0.8212589,6,rgb_pca,0,1
0.8569018,6,rgb_pca,0,1
0.8067837,6,rgb_pca,0,1
0.8358853,6,rgb_pca,0,1
0.85344917,6,rgb_pca,0,1
0.81484175,6,rgb_pca,0,1
0.8167238,6,rgb_pca,0,1
0.8273784,6,rgb_pca,0,1
0.81032145,6,rgb_pca,0,1
0.804609,6,rgb_pca,0,1
0.8265474,6,rgb_pca,0,1
0.821959,6,rgb_pca,0,1
0.8312398,6,rgb_pca,0,1
0.8283435,6,rgb_pca,0,1
0.8250659,6,rgb_pca,0,1
0.8353797,6,rgb_pca,0,1
0.74342036,6,rgb_pca,0,1
0.74036443,6,rgb_pca,0,1
0.7403369,6,rgb_pca,0,1
0.7471098,6,rgb_pca,0,1
0.7740773,6,rgb_pca,0,1
0.79856706,6,rgb_pca,0,1
0.76362985,6,rgb_pca,0,1
0.7758876,6,rgb_pca,0,1
0.76680607,6,rgb_pca,0,1
0.77541906,6,rgb_pca,0,1
0.7978468,6,rgb_pca,0,1
0.77482736,6,rgb_pca,0,1
0.7821877,6,rgb_pca,0,1
0.8312259,6,rgb_pca,0,1
0.8454084,6,rgb_pca,0,1
0.83672345,6,rgb_pca,0,1
0.7705525,6,rgb_pca,0,1
0.7725371,6,rgb_pca,0,1
0.8165245,6,rgb_pca,0,1
0.79012275,6,rgb_pca,0,1
0.8036054,6,rgb_pca,0,1
0.7893492,6,rgb_pca,0,1
0.75885916,6,rgb_pca,0,1
0.77637947,6,rgb_pca,0,1
0.76280665,6,rgb_pca,0,1
0.7903302,6,rgb_pca,0,1
0.8112004,6,rgb_pca,0,1
0.7247813,6,rgb_pca,0,1
0.7634679,6,rgb_pca,0,1
0.79199284,6,rgb_pca,0,1
0.8095509,6,rgb_pca,0,1
0.8330117,6,rgb_pca,0,1
0.6866782,3,rgb_pca,0,1
0.6546356,3,rgb_pca,0,1
0.6853629,3,rgb_pca,0,1
0.6827905,3,rgb_pca,0,1
0.6987331,3,rgb_pca,0,1
0.6778163,3,rgb_pca,0,1
0.6380912,3,rgb_pca,0,1
0.6398658,3,rgb_pca,0,1
0.6154438,3,rgb_pca,0,1
0.6472251,3,rgb_pca,0,1
0.6682901,3,rgb_pca,0,1
0.62380034,3,rgb_pca,0,1
0.6264044,3,rgb_pca,0,1
0.6095791,3,rgb_pca,0,1
0.6099384,3,rgb_pca,0,1
0.6125473,3,rgb_pca,0,1
0.64295554,3,rgb_pca,0,1
0.7036536,3,rgb_pca,0,1
0.7097106,3,rgb_pca,0,1
0.6559526,3,rgb_pca,0,1
0.6453606,3,rgb_pca,0,1
0.6521712,3,rgb_pca,0,1
0.6888318,3,rgb_pca,0,1
0.6772738,3,rgb_pca,0,1
0.64699113,3,rgb_pca,0,1
0.6876278,3,rgb_pca,0,1
0.68747663,3,rgb_pca,0,1
0.66125673,3,rgb_pca,0,1
0.6542605,3,rgb_pca,0,1
0.6479048,3,rgb_pca,0,1
0.6748389,3,rgb_pca,0,1
0.6632664,3,rgb_pca,0,1
0.6692805,3,rgb_pca,0,1
0.64068687,3,rgb_pca,0,1
0.6902257,3,rgb_pca,0,1
0.6803707,3,rgb_pca,0,1
0.6526722,3,rgb_pca,0,1
0.6700077,3,rgb_pca,0,1
0.7047818,3,rgb_pca,0,1
0.7062073,3,rgb_pca,0,1
0.67694485,3,rgb_pca,0,1
0.68441266,3,rgb_pca,0,1
0.6885793,3,rgb_pca,0,1
0.6522912,3,rgb_pca,0,1
0.6385492,3,rgb_pca,0,1
0.6624713,3,rgb_pca,0,1
0.6888202,3,rgb_pca,0,1
0.6963667,3,rgb_pca,0,1
0.6918981,3,rgb_pca,0,1
0.6733048,3,rgb_pca,0,1
0.7096207,3,rgb_pca,0,1
0.7191943,3,rgb_pca,0,1
0.7245285,3,rgb_pca,0,1
0.7486075,3,rgb_pca,0,1
0.76585597,3,rgb_pca,0,1
0.75945854,3,rgb_pca,0,1
0.6733234,3,rgb_pca,0,1
0.6855196,3,rgb_pca,0,1
0.70598173,3,rgb_pca,0,1
0.76028097,3,rgb_pca,0,1
0.6652577,3,rgb_pca,0,1
0.66805196,3,rgb_pca,0,1
0.7363812,3,rgb_pca,0,1
0.7462652,3,rgb_pca,0,1
0.68607295,3,rgb_pca,0,1
0.6755479,3,rgb_pca,0,1
0.7290237,3,rgb_pca,0,1
0.76235247,3,rgb_pca,0,1
0.69387794,3,rgb_pca,0,1
0.7015654,3,rgb_pca,0,1
0.7354566,3,rgb_pca,0,1
0.74455196,3,rgb_pca,0,1
0.7529234,3,rgb_pca,0,1
0.759459,3,rgb_pca,0,1
0.76266,3,rgb_pca,0,1
0.74184924,3,rgb_pca,0,1
0.6581073,3,rgb_pca,0,1
0.6702729,3,rgb_pca,0,1
0.73217297,3,rgb_pca,0,1
0.740729,3,rgb_pca,0,1
0.74417526,3,rgb_pca,0,1
0.73398197,3,rgb_pca,0,1
0.7077445,3,rgb_pca,0,1
0.708675,3,rgb_pca,0,1
0.6500074,3,rgb_pca,0,1
0.64794225,3,rgb_pca,0,1
0.7112962,3,rgb_pca,0,1
0.73412216,3,rgb_pca,0,1
0.72833383,3,rgb_pca,0,1
0.7182014,3,rgb_pca,0,1
0.682909,3,rgb_pca,0,1
0.7098962,3,rgb_pca,0,1
0.7194115,3,rgb_pca,0,1
0.71120167,3,rgb_pca,0,1
0.66647065,3,rgb_pca,0,1
0.66988856,3,rgb_pca,0,1
0.7413434,3,rgb_pca,0,1
0.75607884,3,rgb_pca,0,1
0.7562748,3,rgb_pca,0,1
0.7564998,3,rgb_pca,0,1
0.6768818,3,rgb_pca,0,1
0.6598036,3,rgb_pca,0,1
0.66354644,3,rgb_pca,0,1
0.72507465,3,rgb_pca,0,1
0.659924,3,rgb_pca,0,1
0.69976264,3,rgb_pca,0,1
0.7160388,3,rgb_pca,0,1
0.7318344,3,rgb_pca,0,1
0.7313859,3,rgb_pca,0,1
0.65611964,3,rgb_pca,0,1
0.6637981,3,rgb_pca,0,1
0.7000878,3,rgb_pca,0,1
0.73066264,3,rgb_pca,0,1
0.7115853,3,rgb_pca,0,1
0.7132091,3,rgb_pca,0,1
0.6664219,3,rgb_pca,0,1
0.74336374,3,rgb_pca,0,1
0.74066204,3,rgb_pca,0,1
0.70714164,3,rgb_pca,0,1
0.69424266,3,rgb_pca,0,1
0.7522961,2,rgb_pca,0,1
0.7239096,2,rgb_pca,0,1
0.7084533,2,rgb_pca,0,1
0.6954994,2,rgb_pca,0,1
0.7042123,2,rgb_pca,0,1
0.7319771,2,rgb_pca,0,1
0.73822516,2,rgb_pca,0,1
0.7257613,2,rgb_pca,0,1
0.7140559,2,rgb_pca,0,1
0.7369517,2,rgb_pca,0,1
0.77132803,2,rgb_pca,0,1
0.7582878,2,rgb_pca,0,1
0.7598225,2,rgb_pca,0,1
0.7600547,2,rgb_pca,0,1
0.7628021,2,rgb_pca,0,1
0.77435803,2,rgb_pca,0,1
0.76362586,2,rgb_pca,0,1
0.76524127,2,rgb_pca,0,1
0.7546083,2,rgb_pca,0,1
0.7492024,2,rgb_pca,0,1
0.7520193,2,rgb_pca,0,1
0.75737834,2,rgb_pca,0,1
0.7534215,2,rgb_pca,0,1
0.74949586,2,rgb_pca,0,1
0.7654278,2,rgb_pca,0,1
0.77230644,2,rgb_pca,0,1
0.7456976,2,rgb_pca,0,1
0.7296611,2,rgb_pca,0,1
0.70897686,2,rgb_pca,0,1
0.74395514,2,rgb_pca,0,1
0.8003844,2,rgb_pca,0,1
0.8070208,2,rgb_pca,0,1
0.76768166,2,rgb_pca,0,1
0.7766365,2,rgb_pca,0,1
0.7479986,2,rgb_pca,0,1
0.72337437,2,rgb_pca,0,1
0.7114396,2,rgb_pca,0,1
0.72776127,2,rgb_pca,0,1
0.7841779,2,rgb_pca,0,1
0.820289,2,rgb_pca,0,1
0.7671542,2,rgb_pca,0,1
0.7607977,2,rgb_pca,0,1
0.71954846,2,rgb_pca,0,1
0.7216941,2,rgb_pca,0,1
0.729326,2,rgb_pca,0,1
0.714496,2,rgb_pca,0,1
0.7364285,2,rgb_pca,0,1
0.7849256,2,rgb_pca,0,1
0.7918737,2,rgb_pca,0,1
0.7736716,2,rgb_pca,0,1
0.73491573,2,rgb_pca,0,1
0.7462368,2,rgb_pca,0,1
0.7300613,2,rgb_pca,0,1
0.7132202,2,rgb_pca,0,1
0.7165327,2,rgb_pca,0,1
0.80873805,2,rgb_pca,0,1
0.79168874,2,rgb_pca,0,1
0.758572,2,rgb_pca,0,1
0.7286419,2,rgb_pca,0,1
0.7363276,2,rgb_pca,0,1
0.7162865,2,rgb_pca,0,1
0.71514654,2,rgb_pca,0,1
0.7121755,2,rgb_pca,0,1
0.8120492,2,rgb_pca,0,1
0.76873165,2,rgb_pca,0,1
0.7715477,2,rgb_pca,0,1
0.7706434,2,rgb_pca,0,1
0.767823,2,rgb_pca,0,1
0.74740064,2,rgb_pca,0,1
0.76394254,2,rgb_pca,0,1
0.7415151,2,rgb_pca,0,1
0.72736746,2,rgb_pca,0,1
0.7034414,2,rgb_pca,0,1
0.7957811,2,rgb_pca,0,1
0.7494268,2,rgb_pca,0,1
0.7524976,2,rgb_pca,0,1
0.770558,2,rgb_pca,0,1
0.76237017,2,rgb_pca,0,1
0.75202,2,rgb_pca,0,1
0.7642355,2,rgb_pca,0,1
0.7234068,2,rgb_pca,0,1
0.7420238,2,rgb_pca,0,1
0.74277127,2,rgb_pca,0,1
0.8439845,2,rgb_pca,0,1
0.7515441,2,rgb_pca,0,1
0.7549787,2,rgb_pca,0,1
0.7691103,2,rgb_pca,0,1
0.76803386,2,rgb_pca,0,1
0.75744605,2,rgb_pca,0,1
0.7739214,2,rgb_pca,0,1
0.7222508,2,rgb_pca,0,1
0.7519382,2,rgb_pca,0,1
0.74934995,2,rgb_pca,0,1
0.85470074,2,rgb_pca,0,1
0.7596587,2,rgb_pca,0,1
0.7596993,2,rgb_pca,0,1
0.7527275,2,rgb_pca,0,1
0.7633271,2,rgb_pca,0,1
0.77680945,2,rgb_pca,0,1
0.7190043,2,rgb_pca,0,1
0.73699427,2,rgb_pca,0,1
0.77278733,2,rgb_pca,0,1
0.8776141,2,rgb_pca,0,1
0.7584133,2,rgb_pca,0,1
0.764172,2,rgb_pca,0,1
0.7248636,2,rgb_pca,0,1
0.776982,2,rgb_pca,0,1
0.784917,2,rgb_pca,0,1
0.72201794,2,rgb_pca,0,1
0.7549196,2,rgb_pca,0,1
0.7389783,2,rgb_pca,0,1
0.7359834,2,rgb_pca,0,1
0.75710016,2,rgb_pca,0,1
0.682003,2,rgb_pca,0,1
0.7427652,2,rgb_pca,0,1
0.7483462,2,rgb_pca,0,1
0.74185765,2,rgb_pca,0,1
0.76412576,2,rgb_pca,0,1
0.7271633,2,rgb_pca,0,1
0.7638135,2,rgb_pca,0,1
0.75973725,2,rgb_pca,0,1
0.7454167,2,rgb_pca,0,1
0.75955945,2,rgb_pca,0,1
0.76573896,2,rgb_pca,0,1
0.777614,2,rgb_pca,0,1
0.7394086,2,rgb_pca,0,1
0.76188076,2,rgb_pca,0,1
0.7787564,2,rgb_pca,0,1
0.7657417,2,rgb_pca,0,1
0.76575506,2,rgb_pca,0,1
0.77960646,2,rgb_pca,0,1
0.80508125,2,rgb_pca,0,1
0.7782415,2,rgb_pca,0,1
0.798862,2,rgb_pca,0,1
0.79916674,2,rgb_pca,0,1
0.7858309,2,rgb_pca,0,1
0.79828554,2,rgb_pca,0,1
0.7991071,2,rgb_pca,0,1
0.7955562,2,rgb_pca,0,1
0.7903812,2,rgb_pca,0,1
0.7705015,2,rgb_pca,0,1
0.7497905,2,rgb_pca,0,1
0.7609491,2,rgb_pca,0,1
0.7932513,2,rgb_pca,0,1
0.8176831,2,rgb_pca,0,1
0.8265961,2,rgb_pca,0,1
0.8082485,2,rgb_pca,0,1
0.8135784,2,rgb_pca,0,1
0.7994187,2,rgb_pca,0,1
0.7822684,2,rgb_pca,0,1
0.7995137,2,rgb_pca,0,1
0.78531575,2,rgb_pca,0,1
0.75206685,2,rgb_pca,0,1
0.7590964,2,rgb_pca,0,1
0.7959467,2,rgb_pca,0,1
0.81520164,2,rgb_pca,0,1
0.82512355,2,rgb_pca,0,1
0.79745716,2,rgb_pca,0,1
0.7975153,2,rgb_pca,0,1
0.77462,2,rgb_pca,0,1
0.75213194,2,rgb_pca,0,1
0.78968465,2,rgb_pca,0,1
0.79128623,2,rgb_pca,0,1
0.75156546,2,rgb_pca,0,1
0.7829335,2,rgb_pca,0,1
0.7921728,2,rgb_pca,0,1
0.7633877,2,rgb_pca,0,1
0.8010714,2,rgb_pca,0,1
0.83461976,2,rgb_pca,0,1
0.84208256,2,rgb_pca,0,1
0.80368346,2,rgb_pca,0,1
0.7775242,2,rgb_pca,0,1
0.7655277,2,rgb_pca,0,1
0.7437226,2,rgb_pca,0,1
0.7521038,2,rgb_pca,0,1
0.76007235,2,rgb_pca,0,1
0.7770314,2,rgb_pca,0,1
0.81507957,2,rgb_pca,0,1
0.8020853,2,rgb_pca,0,1
0.7831231,2,rgb_pca,0,1
0.80860627,2,rgb_pca,0,1
0.84212315,2,rgb_pca,0,1
0.8435212,2,rgb_pca,0,1
0.8120875,2,rgb_pca,0,1
0.7977086,2,rgb_pca,0,1
0.7855611,2,rgb_pca,0,1
0.76055706,2,rgb_pca,0,1
0.76724476,2,rgb_pca,0,1
0.77052516,2,rgb_pca,0,1
0.75695586,2,rgb_pca,0,1
0.75462663,2,rgb_pca,0,1
0.7687304,2,rgb_pca,0,1
0.79448926,2,rgb_pca,0,1
0.7910342,2,rgb_pca,0,1
0.77626413,2,rgb_pca,0,1
0.79470813,2,rgb_pca,0,1
0.82299435,2,rgb_pca,0,1
0.83577025,2,rgb_pca,0,1
0.81210256,2,rgb_pca,0,1
0.8094679,2,rgb_pca,0,1
0.79545784,2,rgb_pca,0,1
0.7716286,2,rgb_pca,0,1
0.77519894,2,rgb_pca,0,1
0.7578589,2,rgb_pca,0,1
0.7431319,2,rgb_pca,0,1
0.74647677,2,rgb_pca,0,1
0.7811622,2,rgb_pca,0,1
0.80815923,2,rgb_pca,0,1
0.75794214,2,rgb_pca,0,1
0.7565343,2,rgb_pca,0,1
0.790203,2,rgb_pca,0,1
0.8022772,2,rgb_pca,0,1
0.79133815,2,rgb_pca,0,1
0.7894269,2,rgb_pca,0,1
0.79533076,2,rgb_pca,0,1
0.789559,2,rgb_pca,0,1
0.7653006,2,rgb_pca,0,1
0.74653774,2,rgb_pca,0,1
0.6959927,2,rgb_pca,0,1
0.70653445,2,rgb_pca,0,1
0.7464847,2,rgb_pca,0,1
0.7831787,2,rgb_pca,0,1
0.8009854,2,rgb_pca,0,1
0.79874825,2,rgb_pca,0,1
0.8077439,2,rgb_pca,0,1
0.82910204,2,rgb_pca,0,1
0.8118546,2,rgb_pca,0,1
0.80500376,2,rgb_pca,0,1
0.7983684,2,rgb_pca,0,1
0.8032155,2,rgb_pca,0,1
0.8070823,2,rgb_pca,0,1
0.77168685,2,rgb_pca,0,1
0.7537546,2,rgb_pca,0,1
0.7137818,2,rgb_pca,0,1
0.7263028,2,rgb_pca,0,1
0.74385643,2,rgb_pca,0,1
0.8086562,2,rgb_pca,0,1
0.81545746,2,rgb_pca,0,1
0.8092298,2,rgb_pca,0,1
0.82544583,2,rgb_pca,0,1
0.8164646,2,rgb_pca,0,1
0.79800886,2,rgb_pca,0,1
0.81125844,2,rgb_pca,0,1
0.8018966,2,rgb_pca,0,1
0.76784253,2,rgb_pca,0,1
0.73688483,2,rgb_pca,0,1
0.7278183,2,rgb_pca,0,1
0.7104337,2,rgb_pca,0,1
0.82495046,2,rgb_pca,0,1
0.8294318,2,rgb_pca,0,1
0.79237056,2,rgb_pca,0,1
0.82372224,2,rgb_pca,0,1
0.83254254,2,rgb_pca,0,1
0.83775413,2,rgb_pca,0,1
0.7946882,2,rgb_pca,0,1
0.73762846,2,rgb_pca,0,1
0.8221996,2,rgb_pca,0,1
0.76687497,2,rgb_pca,0,1
0.7307067,2,rgb_pca,0,1
0.8020266,2,rgb_pca,0,1
0.7430284,2,rgb_pca,0,1
0.7423579,2,rgb_pca,0,1
0.76690584,2,rgb_pca,0,1
0.75473046,2,rgb_pca,0,1
0.80247784,2,rgb_pca,0,1
0.72928804,2,rgb_pca,0,1
0.75223327,2,rgb_pca,0,1
0.77818,2,rgb_pca,0,1
0.7521205,2,rgb_pca,0,1
0.80569375,2,rgb_pca,0,1
0.74263656,2,rgb_pca,0,1
0.74368536,2,rgb_pca,0,1
0.7560257,2,rgb_pca,0,1
0.78202367,2,rgb_pca,0,1
0.80502915,2,rgb_pca,0,1
0.77129316,2,rgb_pca,0,1
0.7843603,2,rgb_pca,0,1
0.7948742,2,rgb_pca,0,1
0.8394133,2,rgb_pca,0,1
0.8232218,2,rgb_pca,0,1
0.7934743,2,rgb_pca,0,1
0.7950667,2,rgb_pca,0,1
0.8104311,2,rgb_pca,0,1
0.7999073,2,rgb_pca,0,1
0.83522487,2,rgb_pca,0,1
0.8199122,2,rgb_pca,0,1
0.8088046,2,rgb_pca,0,1
0.8469211,2,rgb_pca,0,1
0.820364,2,rgb_pca,0,1
0.77913773,2,rgb_pca,0,1
0.77759874,6,rgb_pca,0,1
0.7521434,6,rgb_pca,0,1
0.7453796,6,rgb_pca,0,1
0.74291897,6,rgb_pca,0,1
0.7843263,6,rgb_pca,0,1
0.775383,6,rgb_pca,0,1
0.742368,6,rgb_pca,0,1
0.7412263,6,rgb_pca,0,1
0.7405293,6,rgb_pca,0,1
0.7818918,6,rgb_pca,0,1
0.7723447,6,rgb_pca,0,1
0.78305125,6,rgb_pca,0,1
0.7529896,6,rgb_pca,0,1
0.75357395,6,rgb_pca,0,1
0.75984645,6,rgb_pca,0,1
0.7504021,6,rgb_pca,0,1
0.7648826,6,rgb_pca,0,1
0.7772923,6,rgb_pca,0,1
0.7958947,6,rgb_pca,0,1
0.7837342,6,rgb_pca,0,1
0.7867665,6,rgb_pca,0,1
0.759229,6,rgb_pca,0,1
0.7658751,6,rgb_pca,0,1
0.7637767,6,rgb_pca,0,1
0.76643777,6,rgb_pca,0,1
0.80793023,6,rgb_pca,0,1
0.7869286,6,rgb_pca,0,1
0.78046536,6,rgb_pca,0,1
0.770597,6,rgb_pca,0,1
0.7683296,6,rgb_pca,0,1
0.76834154,6,rgb_pca,0,1
0.7592537,6,rgb_pca,0,1
0.8022523,6,rgb_pca,0,1
0.7700903,6,rgb_pca,0,1
0.7648165,6,rgb_pca,0,1
0.77204025,6,rgb_pca,0,1
0.7889134,6,rgb_pca,0,1
0.78704584,6,rgb_pca,0,1
0.74159515,6,rgb_pca,0,1
0.7530577,6,rgb_pca,0,1
0.77443326,6,rgb_pca,0,1
0.7809546,6,rgb_pca,0,1
0.7848577,6,rgb_pca,0,1
0.7651708,6,rgb_pca,0,1
0.78526306,6,rgb_pca,0,1
0.7746898,6,rgb_pca,0,1
0.7561002,6,rgb_pca,0,1
0.7396159,6,rgb_pca,0,1
0.752246,6,rgb_pca,0,1
0.8480233,6,rgb_pca,0,1
0.78701186,6,rgb_pca,0,1
0.7981068,6,rgb_pca,0,1
0.81767386,6,rgb_pca,0,1
0.8265352,6,rgb_pca,0,1
0.8338548,6,rgb_pca,0,1
0.77084666,6,rgb_pca,0,1
0.77935034,6,rgb_pca,0,1
0.7987377,6,rgb_pca,0,1
0.79518676,6,rgb_pca,0,1
0.7782055,6,rgb_pca,0,1
0.7894803,6,rgb_pca,0,1
0.78433394,6,rgb_pca,0,1
0.7501855,6,rgb_pca,0,1
0.78029823,6,rgb_pca,0,1
0.7963909,6,rgb_pca,0,1
0.776404,6,rgb_pca,0,1
0.7808846,6,rgb_pca,0,1
0.78874016,6,rgb_pca,0,1
0.7731366,6,rgb_pca,0,1
0.7824327,6,rgb_pca,0,1
0.763572,6,rgb_pca,0,1
0.75850594,6,rgb_pca,0,1
0.7726737,6,rgb_pca,0,1
0.7992673,6,rgb_pca,0,1
0.7852696,6,rgb_pca,0,1
0.78307474,6,rgb_pca,0,1
0.7804402,6,rgb_pca,0,1
0.7673794,6,rgb_pca,0,1
0.76332307,6,rgb_pca,0,1
0.76491404,6,rgb_pca,0,1
0.80044776,6,rgb_pca,0,1
0.79406214,6,rgb_pca,0,1
0.79212224,6,rgb_pca,0,1
0.7850926,6,rgb_pca,0,1
0.75911224,6,rgb_pca,0,1
0.757709,6,rgb_pca,0,1
0.7639833,6,rgb_pca,0,1
0.79880154,6,rgb_pca,0,1
0.79445714,6,rgb_pca,0,1
0.78873676,6,rgb_pca,0,1
0.76760167,6,rgb_pca,0,1
0.7675874,6,rgb_pca,0,1
0.7474325,6,rgb_pca,0,1
0.7864664,6,rgb_pca,0,1
0.7888322,6,rgb_pca,0,1
0.76009876,6,rgb_pca,0,1
0.8065531,6,rgb_pca,0,1
0.79885685,6,rgb_pca,0,1
0.6233095,2,rgb_pca,0,1
0.6053258,2,rgb_pca,0,1
0.5817337,2,rgb_pca,0,1
0.5900308,2,rgb_pca,0,1
0.6887449,2,rgb_pca,0,1
0.64602077,2,rgb_pca,0,1
0.6822773,2,rgb_pca,0,1
0.66119075,2,rgb_pca,0,1
0.6583103,2,rgb_pca,0,1
0.72373116,2,rgb_pca,0,1
0.6709812,2,rgb_pca,0,1
0.65677893,2,rgb_pca,0,1
0.62691206,2,rgb_pca,0,1
0.6465893,2,rgb_pca,0,1
0.6918887,2,rgb_pca,0,1
0.71306944,2,rgb_pca,0,1
0.78243434,2,rgb_pca,0,1
0.72940135,2,rgb_pca,0,1
0.7211549,2,rgb_pca,0,1
0.7116976,2,rgb_pca,0,1
0.7041217,2,rgb_pca,0,1
0.73487806,2,rgb_pca,0,1
0.7465501,2,rgb_pca,0,1
0.8046253,2,rgb_pca,0,1
0.70234776,2,rgb_pca,0,1
0.6960834,2,rgb_pca,0,1
0.7331433,2,rgb_pca,0,1
0.7294752,2,rgb_pca,0,1
0.79680216,2,rgb_pca,0,1
0.7864325,2,rgb_pca,0,1
0.821334,2,rgb_pca,0,1
0.8593752,2,rgb_pca,0,1
0.7067928,2,rgb_pca,0,1
0.70385873,2,rgb_pca,0,1
0.74443734,2,rgb_pca,0,1
0.7587733,2,rgb_pca,0,1
0.7967147,2,rgb_pca,0,1
0.80596095,2,rgb_pca,0,1
0.835116,2,rgb_pca,0,1
0.8640179,2,rgb_pca,0,1
0.7465732,2,rgb_pca,0,1
0.7393048,2,rgb_pca,0,1
0.7643075,2,rgb_pca,0,1
0.7768892,2,rgb_pca,0,1
0.7938142,2,rgb_pca,0,1
0.8063247,2,rgb_pca,0,1
0.80408704,2,rgb_pca,0,1
0.84424543,2,rgb_pca,0,1
0.7619953,2,rgb_pca,0,1
0.76386714,2,rgb_pca,0,1
0.7963097,2,rgb_pca,0,1
0.7847185,2,rgb_pca,0,1
0.78514105,2,rgb_pca,0,1
0.8105893,2,rgb_pca,0,1
0.80620635,2,rgb_pca,0,1
0.85911345,2,rgb_pca,0,1
0.77938896,2,rgb_pca,0,1
0.76659644,2,rgb_pca,0,1
0.77370906,2,rgb_pca,0,1
0.7748862,2,rgb_pca,0,1
0.78774464,2,rgb_pca,0,1
0.8213005,2,rgb_pca,0,1
0.8144699,2,rgb_pca,0,1
0.87246037,2,rgb_pca,0,1
0.75693405,2,rgb_pca,0,1
0.7982849,2,rgb_pca,0,1
0.7852341,2,rgb_pca,0,1
0.7747665,2,rgb_pca,0,1
0.77687716,2,rgb_pca,0,1
0.7775108,2,rgb_pca,0,1
0.77882046,2,rgb_pca,0,1
0.81035393,2,rgb_pca,0,1
0.80151856,2,rgb_pca,0,1
0.8499489,2,rgb_pca,0,1
0.7806299,2,rgb_pca,0,1
0.7871934,2,rgb_pca,0,1
0.7906417,2,rgb_pca,0,1
0.801726,2,rgb_pca,0,1
0.80842984,2,rgb_pca,0,1
0.7880032,2,rgb_pca,0,1
0.7730329,2,rgb_pca,0,1
0.7910341,2,rgb_pca,0,1
0.7896191,2,rgb_pca,0,1
0.81530476,2,rgb_pca,0,1
0.76095295,2,rgb_pca,0,1
0.7663046,2,rgb_pca,0,1
0.80036277,2,rgb_pca,0,1
0.81322986,2,rgb_pca,0,1
0.8326257,2,rgb_pca,0,1
0.7819574,2,rgb_pca,0,1
0.76295185,2,rgb_pca,0,1
0.78615797,2,rgb_pca,0,1
0.78953665,2,rgb_pca,0,1
0.8144561,2,rgb_pca,0,1
0.7349043,2,rgb_pca,0,1
0.7365253,2,rgb_pca,0,1
0.7935151,2,rgb_pca,0,1
0.84076035,2,rgb_pca,0,1
0.790707,2,rgb_pca,0,1
0.7323483,2,rgb_pca,0,1
0.7545444,2,rgb_pca,0,1
0.783154,2,rgb_pca,0,1
0.8275006,2,rgb_pca,0,1
0.7991933,2,rgb_pca,0,1
0.79097104,2,rgb_pca,0,1
0.7282821,2,rgb_pca,0,1
0.7922846,2,rgb_pca,0,1
0.8003409,2,rgb_pca,0,1
0.7225058,2,rgb_pca,0,1
0.70895594,2,rgb_pca,0,1
0.7430618,2,rgb_pca,0,1
0.7668216,2,rgb_pca,0,1
0.76746404,2,rgb_pca,0,1
0.73301446,2,rgb_pca,0,1
0.7456459,2,rgb_pca,0,1
0.75922245,2,rgb_pca,0,1
0.7698482,2,rgb_pca,0,1
0.785056,2,rgb_pca,0,1
0.7660893,2,rgb_pca,0,1
0.7490815,2,rgb_pca,0,1
0.7539586,2,rgb_pca,0,1
0.77013457,2,rgb_pca,0,1
0.7695273,2,rgb_pca,0,1
0.76914066,2,rgb_pca,0,1
0.7714639,2,rgb_pca,0,1
0.7720804,2,rgb_pca,0,1
0.77374697,2,rgb_pca,0,1
0.8115939,2,rgb_pca,0,1
0.81336224,2,rgb_pca,0,1
0.7917147,2,rgb_pca,0,1
0.7756016,2,rgb_pca,0,1
0.7775335,2,rgb_pca,0,1
0.7943468,2,rgb_pca,0,1
0.800342,2,rgb_pca,0,1
0.796798,2,rgb_pca,0,1
0.7821934,2,rgb_pca,0,1
0.7843054,2,rgb_pca,0,1
0.796417,2,rgb_pca,0,1
0.77423966,2,rgb_pca,0,1
0.7713666,2,rgb_pca,0,1
0.7484324,2,rgb_pca,0,1
0.7530948,2,rgb_pca,0,1
0.76314396,2,rgb_pca,0,1
0.7947831,2,rgb_pca,0,1
0.78994644,2,rgb_pca,0,1
0.78519356,2,rgb_pca,0,1
0.79973674,2,rgb_pca,0,1
0.8058237,2,rgb_pca,0,1
0.7860235,2,rgb_pca,0,1
0.7628374,2,rgb_pca,0,1
0.7812166,2,rgb_pca,0,1
0.7543424,2,rgb_pca,0,1
0.7554908,2,rgb_pca,0,1
0.7699268,2,rgb_pca,0,1
0.76927495,2,rgb_pca,0,1
0.7809999,2,rgb_pca,0,1
0.8009842,2,rgb_pca,0,1
0.8036473,2,rgb_pca,0,1
0.80835795,2,rgb_pca,0,1
0.7920568,2,rgb_pca,0,1
0.77851784,2,rgb_pca,0,1
0.7791473,2,rgb_pca,0,1
0.77191776,2,rgb_pca,0,1
0.7596576,2,rgb_pca,0,1
0.7587184,2,rgb_pca,0,1
0.7388171,2,rgb_pca,0,1
0.74314654,2,rgb_pca,0,1
0.7810167,2,rgb_pca,0,1
0.79014844,2,rgb_pca,0,1
0.8118223,2,rgb_pca,0,1
0.80716157,2,rgb_pca,0,1
0.7803195,2,rgb_pca,0,1
0.7859068,2,rgb_pca,0,1
0.78607637,2,rgb_pca,0,1
0.77990484,2,rgb_pca,0,1
0.7661083,2,rgb_pca,0,1
0.757283,2,rgb_pca,0,1
0.7542407,2,rgb_pca,0,1
0.7518976,2,rgb_pca,0,1
0.76703423,2,rgb_pca,0,1
0.78088015,2,rgb_pca,0,1
0.7815528,2,rgb_pca,0,1
0.7896271,2,rgb_pca,0,1
0.78989875,2,rgb_pca,0,1
0.78660953,2,rgb_pca,0,1
0.7850194,2,rgb_pca,0,1
0.8000261,2,rgb_pca,0,1
0.792052,2,rgb_pca,0,1
0.7938397,2,rgb_pca,0,1
0.7768823,2,rgb_pca,0,1
0.7468307,2,rgb_pca,0,1
0.7571683,2,rgb_pca,0,1
0.7847277,2,rgb_pca,0,1
0.77373755,2,rgb_pca,0,1
0.8057139,2,rgb_pca,0,1
0.778872,2,rgb_pca,0,1
0.78573525,2,rgb_pca,0,1
0.78726566,2,rgb_pca,0,1
0.78517056,2,rgb_pca,0,1
0.7789289,2,rgb_pca,0,1
0.7766494,2,rgb_pca,0,1
0.7927425,2,rgb_pca,0,1
0.776369,2,rgb_pca,0,1
0.7667421,2,rgb_pca,0,1
0.7799475,2,rgb_pca,0,1
0.7735462,2,rgb_pca,0,1
0.7961753,2,rgb_pca,0,1
0.80916655,2,rgb_pca,0,1
0.79541373,2,rgb_pca,0,1
0.81181085,2,rgb_pca,0,1
0.7674874,2,rgb_pca,0,1
0.77109843,2,rgb_pca,0,1
0.7974657,2,rgb_pca,0,1
0.81919754,2,rgb_pca,0,1
0.79773176,2,rgb_pca,0,1
0.7693138,2,rgb_pca,0,1
0.7639351,2,rgb_pca,0,1
0.7482196,2,rgb_pca,0,1
0.7313035,2,rgb_pca,0,1
0.74102384,2,rgb_pca,0,1
0.7916868,2,rgb_pca,0,1
0.8208535,2,rgb_pca,0,1
0.80388546,2,rgb_pca,0,1
0.8192883,2,rgb_pca,0,1
0.8272923,2,rgb_pca,0,1
0.7641846,2,rgb_pca,0,1
0.75850004,2,rgb_pca,0,1
0.79831713,2,rgb_pca,0,1
0.8055283,2,rgb_pca,0,1
0.76938105,2,rgb_pca,0,1
0.76563174,2,rgb_pca,0,1
0.8029558,2,rgb_pca,0,1
0.7697039,2,rgb_pca,0,1
0.731262,2,rgb_pca,0,1
0.72883326,2,rgb_pca,0,1
0.76192856,2,rgb_pca,0,1
0.82222635,2,rgb_pca,0,1
0.8325649,2,rgb_pca,0,1
0.79589844,2,rgb_pca,0,1
0.780988,2,rgb_pca,0,1
0.7511836,2,rgb_pca,0,1
0.73079944,2,rgb_pca,0,1
0.7705628,2,rgb_pca,0,1
0.7996776,2,rgb_pca,0,1
0.7698629,2,rgb_pca,0,1
0.76381713,2,rgb_pca,0,1
0.7616528,2,rgb_pca,0,1
0.7611376,2,rgb_pca,0,1
0.7887972,2,rgb_pca,0,1
0.7586899,2,rgb_pca,0,1
0.7400174,2,rgb_pca,0,1
0.8013143,2,rgb_pca,0,1
0.7855177,2,rgb_pca,0,1
0.83379173,2,rgb_pca,0,1
0.80790067,2,rgb_pca,0,1
0.79768467,2,rgb_pca,0,1
0.845322,2,rgb_pca,0,1
0.8061768,2,rgb_pca,0,1
0.7976973,2,rgb_pca,0,1
0.8116965,2,rgb_pca,0,1
0.77999,2,rgb_pca,0,1
0.7892422,2,rgb_pca,0,1
0.7985999,2,rgb_pca,0,1
0.77760124,2,rgb_pca,0,1
0.81313694,2,rgb_pca,0,1
0.7980725,2,rgb_pca,0,1
0.79902124,2,rgb_pca,0,1
0.7958126,2,rgb_pca,0,1
0.76941264,2,rgb_pca,0,1
0.80684745,2,rgb_pca,0,1
0.80536854,2,rgb_pca,0,1
0.81065327,2,rgb_pca,0,1
0.7978763,2,rgb_pca,0,1
0.77797985,2,rgb_pca,0,1
0.81159264,2,rgb_pca,0,1
0.80103683,2,rgb_pca,0,1
0.7948859,2,rgb_pca,0,1
0.8012922,2,rgb_pca,0,1
0.77487874,2,rgb_pca,0,1
0.8291099,2,rgb_pca,0,1
0.8089077,2,rgb_pca,0,1
0.79726267,2,rgb_pca,0,1
0.82330954,2,rgb_pca,0,1
0.77781516,2,rgb_pca,0,1
0.836413,2,rgb_pca,0,1
0.81651545,2,rgb_pca,0,1
0.8187776,2,rgb_pca,0,1
0.8512983,2,rgb_pca,0,1
0.820287,2,rgb_pca,0,1
0.8182285,2,rgb_pca,0,1
0.82516694,6,rgb_pca,0,1
0.8105542,6,rgb_pca,0,1
0.7889867,6,rgb_pca,0,1
0.8049905,6,rgb_pca,0,1
0.7839956,6,rgb_pca,0,1
0.79236776,6,rgb_pca,0,1
0.77625895,6,rgb_pca,0,1
0.7692191,6,rgb_pca,0,1
0.76842725,6,rgb_pca,0,1
0.8050053,6,rgb_pca,0,1
0.7984799,6,rgb_pca,0,1
0.8001243,6,rgb_pca,0,1
0.7931356,6,rgb_pca,0,1
0.765791,6,rgb_pca,0,1
0.7671725,6,rgb_pca,0,1
0.761765,6,rgb_pca,0,1
0.7854635,6,rgb_pca,0,1
0.80728865,6,rgb_pca,0,1
0.80565417,6,rgb_pca,0,1
0.79466677,6,rgb_pca,0,1
0.79463524,6,rgb_pca,0,1
0.7900202,6,rgb_pca,0,1
0.79270416,6,rgb_pca,0,1
0.78972834,6,rgb_pca,0,1
0.77865624,6,rgb_pca,0,1
0.79360336,6,rgb_pca,0,1
0.79217684,6,rgb_pca,0,1
0.804536,6,rgb_pca,0,1
0.7870331,6,rgb_pca,0,1
0.7714166,6,rgb_pca,0,1
0.7959932,6,rgb_pca,0,1
0.78228164,6,rgb_pca,0,1
0.7699282,6,rgb_pca,0,1
0.813619,6,rgb_pca,0,1
0.82515585,6,rgb_pca,0,1
0.7953782,6,rgb_pca,0,1
0.7821052,6,rgb_pca,0,1
0.81230557,6,rgb_pca,0,1
0.79786754,6,rgb_pca,0,1
0.8113959,6,rgb_pca,0,1
0.81263244,6,rgb_pca,0,1
0.78211045,6,rgb_pca,0,1
0.7625333,6,rgb_pca,0,1
0.7716408,6,rgb_pca,0,1
0.7798253,6,rgb_pca,0,1
0.7629313,6,rgb_pca,0,1
0.75514305,6,rgb_pca,0,1
0.78877467,6,rgb_pca,0,1
0.77021164,6,rgb_pca,0,1
0.7892513,6,rgb_pca,0,1
0.8030243,6,rgb_pca,0,1
0.82875675,6,rgb_pca,0,1
0.8374303,6,rgb_pca,0,1
0.7907233,6,rgb_pca,0,1
0.79151666,6,rgb_pca,0,1
0.79371655,6,rgb_pca,0,1
0.8129574,6,rgb_pca,0,1
0.8287318,6,rgb_pca,0,1
0.80946803,6,rgb_pca,0,1
0.83014435,6,rgb_pca,0,1
0.80671227,6,rgb_pca,0,1
0.79486614,6,rgb_pca,0,1
0.8137557,6,rgb_pca,0,1
0.81060815,6,rgb_pca,0,1
0.8012744,6,rgb_pca,0,1
0.80127907,6,rgb_pca,0,1
0.80278075,6,rgb_pca,0,1
0.79547715,6,rgb_pca,0,1
0.81428605,6,rgb_pca,0,1
0.78283536,6,rgb_pca,0,1
0.7851889,6,rgb_pca,0,1
0.7808926,6,rgb_pca,0,1
0.7881143,6,rgb_pca,0,1
0.80205524,6,rgb_pca,0,1
0.81269956,6,rgb_pca,0,1
0.80020714,6,rgb_pca,0,1
0.774489,6,rgb_pca,0,1
0.78344077,6,rgb_pca,0,1
0.75888944,6,rgb_pca,0,1
0.7553954,6,rgb_pca,0,1
0.7637191,6,rgb_pca,0,1
0.803226,6,rgb_pca,0,1
0.7962459,6,rgb_pca,0,1
0.7884078,6,rgb_pca,0,1
0.7558889,6,rgb_pca,0,1
0.7538035,6,rgb_pca,0,1
0.7748548,6,rgb_pca,0,1
0.7986098,6,rgb_pca,0,1
0.8036103,6,rgb_pca,0,1
0.8287302,6,rgb_pca,0,1
0.8146895,6,rgb_pca,0,1
0.7945664,6,rgb_pca,0,1
0.78255993,6,rgb_pca,0,1
0.8019815,6,rgb_pca,0,1
0.7668506,6,rgb_pca,0,1
0.76013315,6,rgb_pca,0,1
0.7821675,6,rgb_pca,0,1
0.781543,6,rgb_pca,0,1
0.5969955,4,rgb_pca,0,1
0.51330554,4,rgb_pca,0,1
0.6075032,4,rgb_pca,0,1
0.54816693,4,rgb_pca,0,1
0.62744486,4,rgb_pca,0,1
0.5648427,4,rgb_pca,0,1
0.5390563,4,rgb_pca,0,1
0.5878802,4,rgb_pca,0,1
0.62474394,4,rgb_pca,0,1
0.5795236,4,rgb_pca,0,1
0.53389966,4,rgb_pca,0,1
0.6049314,4,rgb_pca,0,1
0.6238793,4,rgb_pca,0,1
0.5850395,4,rgb_pca,0,1
0.53132343,4,rgb_pca,0,1
0.62478846,4,rgb_pca,0,1
0.5941946,4,rgb_pca,0,1
0.5531105,4,rgb_pca,0,1
0.5442656,4,rgb_pca,0,1
0.6201073,4,rgb_pca,0,1
0.62040293,4,rgb_pca,0,1
0.63090694,4,rgb_pca,0,1
0.63027066,4,rgb_pca,0,1
0.6777437,4,rgb_pca,0,1
0.6417527,4,rgb_pca,0,1
0.6368007,4,rgb_pca,0,1
0.63768595,4,rgb_pca,0,1
0.7117764,4,rgb_pca,0,1
0.67329836,4,rgb_pca,0,1
0.69284064,4,rgb_pca,0,1
0.6375319,4,rgb_pca,0,1
0.69264066,4,rgb_pca,0,1
0.6739737,4,rgb_pca,0,1
0.6628433,4,rgb_pca,0,1
0.6926104,4,rgb_pca,0,1
0.6661314,4,rgb_pca,0,1
0.6080909,4,rgb_pca,0,1
0.68214047,4,rgb_pca,0,1
0.7039808,4,rgb_pca,0,1
0.72069764,4,rgb_pca,0,1
0.6284307,4,rgb_pca,0,1
0.6907342,4,rgb_pca,0,1
0.7162881,4,rgb_pca,0,1
0.73530185,4,rgb_pca,0,1
0.61171734,4,rgb_pca,0,1
0.59554565,4,rgb_pca,0,1
0.5047668,4,rgb_pca,0,1
0.6155046,4,rgb_pca,0,1
0.6395557,4,rgb_pca,0,1
0.6846488,4,rgb_pca,0,1
0.6025024,4,rgb_pca,0,1
0.60479164,4,rgb_pca,0,1
0.5136605,4,rgb_pca,0,1
0.5958164,4,rgb_pca,0,1
0.64164615,4,rgb_pca,0,1
0.7140331,4,rgb_pca,0,1
0.58413935,4,rgb_pca,0,1
0.5906693,4,rgb_pca,0,1
0.56876254,4,rgb_pca,0,1
0.56566375,4,rgb_pca,0,1
0.5666386,4,rgb_pca,0,1
0.5475056,4,rgb_pca,0,1
0.6037196,4,rgb_pca,0,1
0.64966685,4,rgb_pca,0,1
0.7106296,4,rgb_pca,0,1
0.63663906,4,rgb_pca,0,1
0.61749387,4,rgb_pca,0,1
0.5995927,4,rgb_pca,0,1
0.56913364,4,rgb_pca,0,1
0.6171778,4,rgb_pca,0,1
0.58272374,4,rgb_pca,0,1
0.6206122,4,rgb_pca,0,1
0.6311259,4,rgb_pca,0,1
0.6153245,4,rgb_pca,0,1
0.6129272,4,rgb_pca,0,1
0.6264267,4,rgb_pca,0,1
0.6119648,4,rgb_pca,0,1
0.6367456,4,rgb_pca,0,1
0.60001904,4,rgb_pca,0,1
0.632532,4,rgb_pca,0,1
0.60677767,4,rgb_pca,0,1
0.64937854,4,rgb_pca,0,1
0.6576444,4,rgb_pca,0,1
0.633325,4,rgb_pca,0,1
0.6157583,4,rgb_pca,0,1
0.6021979,4,rgb_pca,0,1
0.66606915,4,rgb_pca,0,1
0.5356394,4,rgb_pca,0,1
0.60367703,4,rgb_pca,0,1
0.6723474,4,rgb_pca,0,1
0.627307,4,rgb_pca,0,1
0.6022211,4,rgb_pca,0,1
0.5930283,4,rgb_pca,0,1
0.6608299,4,rgb_pca,0,1
0.55063295,4,rgb_pca,0,1
0.60774046,4,rgb_pca,0,1
0.62935877,4,rgb_pca,0,1
0.60829365,4,rgb_pca,0,1
0.58532876,4,rgb_pca,0,1
0.56300616,4,rgb_pca,0,1
0.6381469,4,rgb_pca,0,1
0.6928148,4,rgb_pca,0,1
0.66762286,4,rgb_pca,0,1
0.6074089,4,rgb_pca,0,1
0.68627334,4,rgb_pca,0,1
0.7082623,4,rgb_pca,0,1
0.6823096,4,rgb_pca,0,1
0.6925557,4,rgb_pca,0,1
0.5627971,4,rgb_pca,0,1
0.6365675,4,rgb_pca,0,1
0.6821185,4,rgb_pca,0,1
0.7192962,4,rgb_pca,0,1
0.57772064,4,rgb_pca,0,1
0.6551111,4,rgb_pca,0,1
0.6858766,4,rgb_pca,0,1
0.72791576,4,rgb_pca,0,1
0.6623094,4,rgb_pca,0,1
0.64052075,4,rgb_pca,0,1
0.6465817,4,rgb_pca,0,1
0.68430007,4,rgb_pca,0,1
0.6484401,4,rgb_pca,0,1
0.63548815,4,rgb_pca,0,1
0.6357075,4,rgb_pca,0,1
0.68760633,4,rgb_pca,0,1
0.6950392,4,rgb_pca,0,1
0.6235727,4,rgb_pca,0,1
0.65369713,4,rgb_pca,0,1
0.70613456,4,rgb_pca,0,1
0.70494974,4,rgb_pca,0,1
0.68810844,4,rgb_pca,0,1
0.60417557,4,rgb_pca,0,1
0.6373706,4,rgb_pca,0,1
0.69510883,4,rgb_pca,0,1
0.71565866,4,rgb_pca,0,1
0.6460021,4,rgb_pca,0,1
0.64634067,4,rgb_pca,0,1
0.7121915,4,rgb_pca,0,1
0.65263665,4,rgb_pca,0,1
0.67872345,4,rgb_pca,0,1
0.6733354,4,rgb_pca,0,1
0.6363206,4,rgb_pca,0,1
0.6521334,4,rgb_pca,0,1
0.67357296,4,rgb_pca,0,1
0.6710727,4,rgb_pca,0,1
0.50909483,4,rgb_pca,0,1
0.5306281,4,rgb_pca,0,1
0.5079793,4,rgb_pca,0,1
0.4934643,4,rgb_pca,0,1
0.5759481,4,rgb_pca,0,1
0.5229114,4,rgb_pca,0,1
0.5535357,4,rgb_pca,0,1
0.6515688,4,rgb_pca,0,1
0.55759925,4,rgb_pca,0,1
0.546492,4,rgb_pca,0,1
0.58075553,4,rgb_pca,0,1
0.67098093,4,rgb_pca,0,1
0.6109791,4,rgb_pca,0,1
0.5792019,4,rgb_pca,0,1
0.50761884,4,rgb_pca,0,1
0.6324723,4,rgb_pca,0,1
0.62243843,4,rgb_pca,0,1
0.56800246,4,rgb_pca,0,1
0.5227424,4,rgb_pca,0,1
0.6386509,4,rgb_pca,0,1
0.49489945,4,rgb_pca,0,1
0.47725314,4,rgb_pca,0,1
0.5042061,4,rgb_pca,0,1
0.6355629,4,rgb_pca,0,1
0.5936293,4,rgb_pca,0,1
0.55453277,4,rgb_pca,0,1
0.5160423,4,rgb_pca,0,1
0.5983512,4,rgb_pca,0,1
0.6958562,4,rgb_pca,0,1
0.68251115,4,rgb_pca,0,1
0.53135747,4,rgb_pca,0,1
0.5420005,4,rgb_pca,0,1
0.7119037,4,rgb_pca,0,1
0.7460892,4,rgb_pca,0,1
0.6780634,4,rgb_pca,0,1
0.74440867,4,rgb_pca,0,1
0.63679487,4,rgb_pca,0,1
0.6700723,4,rgb_pca,0,1
0.747573,4,rgb_pca,0,1
0.7970075,4,rgb_pca,0,1
0.6394416,4,rgb_pca,0,1
0.67329323,4,rgb_pca,0,1
0.70208335,4,rgb_pca,0,1
0.7620007,4,rgb_pca,0,1
0.49696377,4,rgb_pca,0,1
0.5154381,4,rgb_pca,0,1
0.54902315,4,rgb_pca,0,1
0.6129041,4,rgb_pca,0,1
0.6312305,4,rgb_pca,0,1
0.67953604,4,rgb_pca,0,1
0.5568742,4,rgb_pca,0,1
0.52484447,4,rgb_pca,0,1
0.54753953,4,rgb_pca,0,1
0.613389,4,rgb_pca,0,1
0.5928303,4,rgb_pca,0,1
0.62450314,4,rgb_pca,0,1
0.58896905,4,rgb_pca,0,1
0.5857457,4,rgb_pca,0,1
0.57271254,4,rgb_pca,0,1
0.57800037,4,rgb_pca,0,1
0.5649749,4,rgb_pca,0,1
0.5406792,4,rgb_pca,0,1
0.61376977,4,rgb_pca,0,1
0.61134166,4,rgb_pca,0,1
0.626182,4,rgb_pca,0,1
0.6590353,4,rgb_pca,0,1
0.6339273,4,rgb_pca,0,1
0.61054957,4,rgb_pca,0,1
0.65456307,4,rgb_pca,0,1
0.6414915,4,rgb_pca,0,1
0.53132075,4,rgb_pca,0,1
0.5847964,4,rgb_pca,0,1
0.5995551,4,rgb_pca,0,1
0.6627024,4,rgb_pca,0,1
0.6526428,4,rgb_pca,0,1
0.6407012,4,rgb_pca,0,1
0.68454766,4,rgb_pca,0,1
0.706566,4,rgb_pca,0,1
0.6622989,4,rgb_pca,0,1
0.6890516,4,rgb_pca,0,1
0.63034046,4,rgb_pca,0,1
0.62708366,4,rgb_pca,0,1
0.6454042,4,rgb_pca,0,1
0.6573136,4,rgb_pca,0,1
0.6869304,4,rgb_pca,0,1
0.67086804,4,rgb_pca,0,1
0.71456087,4,rgb_pca,0,1
0.6632936,4,rgb_pca,0,1
0.6650565,4,rgb_pca,0,1
0.6628154,4,rgb_pca,0,1
0.6892557,4,rgb_pca,0,1
0.7067615,4,rgb_pca,0,1
0.6997835,4,rgb_pca,0,1
0.73733675,4,rgb_pca,0,1
0.66774225,4,rgb_pca,0,1
0.62829,4,rgb_pca,0,1
0.6552,4,rgb_pca,0,1
0.6790528,4,rgb_pca,0,1
0.70414615,4,rgb_pca,0,1
0.6735504,4,rgb_pca,0,1
0.66042525,4,rgb_pca,0,1
0.6454065,4,rgb_pca,0,1
0.6700773,4,rgb_pca,0,1
0.7013268,4,rgb_pca,0,1
0.6829022,4,rgb_pca,0,1
0.6675967,4,rgb_pca,0,1
0.72435474,4,rgb_pca,0,1
0.72487897,4,rgb_pca,0,1
0.7160945,4,rgb_pca,0,1
0.71460205,4,rgb_pca,0,1
0.7202268,4,rgb_pca,0,1
0.75208354,4,rgb_pca,0,1
0.6985939,4,rgb_pca,0,1
0.7179466,4,rgb_pca,0,1
0.72324574,4,rgb_pca,0,1
0.7260257,4,rgb_pca,0,1
0.5938603,4,rgb_pca,0,1
0.6369576,4,rgb_pca,0,1
0.66676164,4,rgb_pca,0,1
0.7115811,4,rgb_pca,0,1
0.6282804,4,rgb_pca,0,1
0.64269376,4,rgb_pca,0,1
0.7175793,4,rgb_pca,0,1
0.72032356,4,rgb_pca,0,1
0.6827253,4,rgb_pca,0,1
0.6365381,4,rgb_pca,0,1
0.668442,4,rgb_pca,0,1
0.73742306,4,rgb_pca,0,1
0.73020256,4,rgb_pca,0,1
0.65379816,4,rgb_pca,0,1
0.61343765,4,rgb_pca,0,1
0.6627186,4,rgb_pca,0,1
0.6805512,4,rgb_pca,0,1
0.6625005,4,rgb_pca,0,1
0.61230123,4,rgb_pca,0,1
0.6519553,4,rgb_pca,0,1
0.6953423,4,rgb_pca,0,1
0.62001884,4,rgb_pca,0,1
0.6275835,4,rgb_pca,0,1
0.7303648,4,rgb_pca,0,1
0.67601955,4,rgb_pca,0,1
0.6384851,4,rgb_pca,0,1
0.73311967,4,rgb_pca,0,1
0.7113932,4,rgb_pca,0,1
0.76438737,6,rgb_pca,0,1
0.7884536,6,rgb_pca,0,1
0.8342923,6,rgb_pca,0,1
0.7872144,6,rgb_pca,0,1
0.81212866,6,rgb_pca,0,1
0.84629613,6,rgb_pca,0,1
0.85849583,6,rgb_pca,0,1
0.8482075,6,rgb_pca,0,1
0.7670037,6,rgb_pca,0,1
0.79564404,6,rgb_pca,0,1
0.79659605,6,rgb_pca,0,1
0.7952411,6,rgb_pca,0,1
0.803969,6,rgb_pca,0,1
0.77745366,6,rgb_pca,0,1
0.8154586,6,rgb_pca,0,1
0.8120871,6,rgb_pca,0,1
0.81214786,6,rgb_pca,0,1
0.80695266,6,rgb_pca,0,1
0.8072464,6,rgb_pca,0,1
0.80491525,6,rgb_pca,0,1
0.7951735,6,rgb_pca,0,1
0.78542376,6,rgb_pca,0,1
0.7614197,6,rgb_pca,0,1
0.79588616,6,rgb_pca,0,1
0.8190591,6,rgb_pca,0,1
0.7715498,6,rgb_pca,0,1
0.74932784,6,rgb_pca,0,1
0.77378255,6,rgb_pca,0,1
0.7537911,6,rgb_pca,0,1
0.75503415,6,rgb_pca,0,1
0.889101,6,rgb_pca,0,1
0.86424863,6,rgb_pca,0,1
0.866685,6,rgb_pca,0,1
0.8467453,6,rgb_pca,0,1
0.85981727,6,rgb_pca,0,1
0.8426411,6,rgb_pca,0,1
0.80894834,6,rgb_pca,0,1
0.8097032,6,rgb_pca,0,1
0.8466601,6,rgb_pca,0,1
0.8325657,6,rgb_pca,0,1
0.8081788,6,rgb_pca,0,1
0.8122561,6,rgb_pca,0,1
0.80986845,6,rgb_pca,0,1
0.80336213,6,rgb_pca,0,1
0.726151,6,rgb_pca,0,1
0.7396579,6,rgb_pca,0,1
0.7815147,6,rgb_pca,0,1
0.69423383,6,rgb_pca,0,1
0.76241976,6,rgb_pca,0,1
0.79061455,6,rgb_pca,0,1
0.76882744,6,rgb_pca,0,1
0.7413336,6,rgb_pca,0,1
0.75384897,6,rgb_pca,0,1
0.7765794,6,rgb_pca,0,1
0.7831634,6,rgb_pca,0,1
0.79280853,6,rgb_pca,0,1
0.7822464,6,rgb_pca,0,1
0.7814827,6,rgb_pca,0,1
0.78105664,6,rgb_pca,0,1
0.7997055,6,rgb_pca,0,1
0.7930523,6,rgb_pca,0,1
0.7830055,6,rgb_pca,0,1
0.8067672,6,rgb_pca,0,1
0.7940687,6,rgb_pca,0,1
0.77766424,6,rgb_pca,0,1
0.7823173,6,rgb_pca,0,1
0.8006081,6,rgb_pca,0,1
0.7752814,6,rgb_pca,0,1
0.7866038,6,rgb_pca,0,1
0.7883817,6,rgb_pca,0,1
0.7871184,6,rgb_pca,0,1
0.8067666,6,rgb_pca,0,1
0.8144579,6,rgb_pca,0,1
0.7919817,6,rgb_pca,0,1
0.8344222,6,rgb_pca,0,1
0.7687017,6,rgb_pca,0,1
0.83860207,6,rgb_pca,0,1
0.79341066,6,rgb_pca,0,1
0.8378358,6,rgb_pca,0,1
0.8141631,6,rgb_pca,0,1
0.77422774,6,rgb_pca,0,1
0.76996994,6,rgb_pca,0,1
0.7980718,6,rgb_pca,0,1
0.79713345,6,rgb_pca,0,1
0.76116467,6,rgb_pca,0,1
0.7761124,6,rgb_pca,0,1
0.745973,6,rgb_pca,0,1
0.7504808,6,rgb_pca,0,1
0.6737372,6,rgb_pca,0,1
0.6761899,6,rgb_pca,0,1
0.67850137,6,rgb_pca,0,1
0.7119485,6,rgb_pca,0,1
0.68287355,6,rgb_pca,0,1
0.67260474,6,rgb_pca,0,1
0.6857971,6,rgb_pca,0,1
0.67326814,6,rgb_pca,0,1
0.70114976,6,rgb_pca,0,1
0.7035572,6,rgb_pca,0,1
0.711942,6,rgb_pca,0,1
0.69827014,6,rgb_pca,0,1
0.678196,6,rgb_pca,0,1
0.7522339,6,rgb_pca,0,1
0.769366,6,rgb_pca,0,1
0.67744434,6,rgb_pca,0,1
0.6608417,6,rgb_pca,0,1
0.6840763,6,rgb_pca,0,1
0.73500425,6,rgb_pca,0,1
0.7639554,6,rgb_pca,0,1
0.68549573,6,rgb_pca,0,1
0.7619952,6,rgb_pca,0,1
0.76725745,6,rgb_pca,0,1
0.6804335,6,rgb_pca,0,1
0.65907574,6,rgb_pca,0,1
0.69710433,6,rgb_pca,0,1
0.76388454,6,rgb_pca,0,1
0.7752571,6,rgb_pca,0,1
0.7083335,6,rgb_pca,0,1
0.76250136,6,rgb_pca,0,1
0.74355483,6,rgb_pca,0,1
0.6361206,6,rgb_pca,0,1
0.6042971,6,rgb_pca,0,1
0.6928185,6,rgb_pca,0,1
0.7682282,6,rgb_pca,0,1
0.76211095,6,rgb_pca,0,1
0.68196255,6,rgb_pca,0,1
0.7073132,6,rgb_pca,0,1
0.6979806,6,rgb_pca,0,1
0.6255497,6,rgb_pca,0,1
0.6241908,6,rgb_pca,0,1
0.6722778,6,rgb_pca,0,1
0.747756,6,rgb_pca,0,1
0.75592804,6,rgb_pca,0,1
0.6718952,6,rgb_pca,0,1
0.67124885,6,rgb_pca,0,1
0.7035061,6,rgb_pca,0,1
0.6605075,6,rgb_pca,0,1
0.64565086,6,rgb_pca,0,1
0.68062437,6,rgb_pca,0,1
0.72918373,6,rgb_pca,0,1
0.7612823,6,rgb_pca,0,1
0.69643927,6,rgb_pca,0,1
0.70386326,6,rgb_pca,0,1
0.740035,6,rgb_pca,0,1
0.66409,6,rgb_pca,0,1
0.6623169,6,rgb_pca,0,1
0.7148954,6,rgb_pca,0,1
0.738901,6,rgb_pca,0,1
0.748881,6,rgb_pca,0,1
0.68840575,6,rgb_pca,0,1
0.7186164,6,rgb_pca,0,1
0.7423778,6,rgb_pca,0,1
0.7652337,6,rgb_pca,0,1
0.6732713,6,rgb_pca,0,1
0.7150532,6,rgb_pca,0,1
0.7404296,6,rgb_pca,0,1
0.7524003,6,rgb_pca,0,1
0.7238051,6,rgb_pca,0,1
0.76036227,6,rgb_pca,0,1
0.760445,6,rgb_pca,0,1
0.72241,6,rgb_pca,0,1
0.77193,6,rgb_pca,0,1
0.79163986,6,rgb_pca,0,1
0.7771604,6,rgb_pca,0,1
0.729035,6,rgb_pca,0,1
0.78743064,6,rgb_pca,0,1
0.8357967,6,rgb_pca,0,1
0.8210311,6,rgb_pca,0,1
0.7606347,6,rgb_pca,0,1
0.71455556,6,rgb_pca,0,1
0.8063396,6,rgb_pca,0,1
0.816517,6,rgb_pca,0,1
0.7682883,6,rgb_pca,0,1
0.7387197,6,rgb_pca,0,1
0.74860895,6,rgb_pca,0,1
0.7461101,6,rgb_pca,0,1
0.7804733,6,rgb_pca,0,1
0.7061789,6,rgb_pca,0,1
0.75864434,6,rgb_pca,0,1
0.7971736,6,rgb_pca,0,1
0.7686821,6,rgb_pca,0,1
0.74156713,6,rgb_pca,0,1
0.75732136,6,rgb_pca,0,1
0.76866704,6,rgb_pca,0,1
0.7947234,6,rgb_pca,0,1
0.6811253,6,rgb_pca,0,1
0.7260337,6,rgb_pca,0,1
0.7653333,6,rgb_pca,0,1
0.78422064,6,rgb_pca,0,1
0.7658705,6,rgb_pca,0,1
0.78185415,6,rgb_pca,0,1
0.79422987,6,rgb_pca,0,1
0.80499536,6,rgb_pca,0,1
0.6702651,6,rgb_pca,0,1
0.7265105,6,rgb_pca,0,1
0.77143997,6,rgb_pca,0,1
0.7983852,6,rgb_pca,0,1
0.7952628,6,rgb_pca,0,1
0.8000823,6,rgb_pca,0,1
0.8034452,6,rgb_pca,0,1
0.80727804,6,rgb_pca,0,1
0.7041553,6,rgb_pca,0,1
0.77329457,6,rgb_pca,0,1
0.82178533,6,rgb_pca,0,1
0.8149744,6,rgb_pca,0,1
0.7812295,6,rgb_pca,0,1
0.78587705,6,rgb_pca,0,1
0.7793119,6,rgb_pca,0,1
0.7835678,6,rgb_pca,0,1
0.7155942,6,rgb_pca,0,1
0.77278435,6,rgb_pca,0,1
0.78971875,6,rgb_pca,0,1
0.75627214,6,rgb_pca,0,1
0.76135707,6,rgb_pca,0,1
0.7934563,6,rgb_pca,0,1
0.77253246,6,rgb_pca,0,1
0.78519964,6,rgb_pca,0,1
0.7911649,6,rgb_pca,0,1
0.80027324,6,rgb_pca,0,1
0.7929277,6,rgb_pca,0,1
0.78305495,6,rgb_pca,0,1
0.78629655,6,rgb_pca,0,1
0.7968757,6,rgb_pca,0,1
0.78406954,6,rgb_pca,0,1
0.7845565,6,rgb_pca,0,1
0.6669767,5,rgb_pca,0,1
0.6653675,5,rgb_pca,0,1
0.6468859,5,rgb_pca,0,1
0.69306445,5,rgb_pca,0,1
0.643561,5,rgb_pca,0,1
0.6353576,5,rgb_pca,0,1
0.6159724,5,rgb_pca,0,1
0.67624223,5,rgb_pca,0,1
0.6692456,5,rgb_pca,0,1
0.6465452,5,rgb_pca,0,1
0.6210444,5,rgb_pca,0,1
0.6745215,5,rgb_pca,0,1
0.6584493,5,rgb_pca,0,1
0.6480399,5,rgb_pca,0,1
0.6942183,5,rgb_pca,0,1
0.737417,5,rgb_pca,0,1
0.680995,5,rgb_pca,0,1
0.68826103,5,rgb_pca,0,1
0.7237147,5,rgb_pca,0,1
0.7413707,5,rgb_pca,0,1
0.71139956,5,rgb_pca,0,1
0.69935185,5,rgb_pca,0,1
0.70415175,5,rgb_pca,0,1
0.72186935,5,rgb_pca,0,1
0.7168889,5,rgb_pca,0,1
0.6942365,5,rgb_pca,0,1
0.70707524,5,rgb_pca,0,1
0.72394747,5,rgb_pca,0,1
0.70582986,5,rgb_pca,0,1
0.68163717,5,rgb_pca,0,1
0.7062926,5,rgb_pca,0,1
0.71211004,5,rgb_pca,0,1
0.6916825,5,rgb_pca,0,1
0.7210461,5,rgb_pca,0,1
0.7197028,5,rgb_pca,0,1
0.71964395,5,rgb_pca,0,1
0.7446097,5,rgb_pca,0,1
0.7189634,6,rgb_pca,0,1
0.7410766,6,rgb_pca,0,1
0.7686869,6,rgb_pca,0,1
0.75123143,6,rgb_pca,0,1
0.7235255,6,rgb_pca,0,1
0.73323137,6,rgb_pca,0,1
0.75212365,6,rgb_pca,0,1
0.7428628,6,rgb_pca,0,1
0.7393641,6,rgb_pca,0,1
0.750705,6,rgb_pca,0,1
0.7834091,6,rgb_pca,0,1
0.7766686,6,rgb_pca,0,1
0.7314729,6,rgb_pca,0,1
0.7562479,6,rgb_pca,0,1
0.7673439,6,rgb_pca,0,1
0.7803491,6,rgb_pca,0,1
0.74705625,6,rgb_pca,0,1
0.75150084,6,rgb_pca,0,1
0.78196347,6,rgb_pca,0,1
0.8112526,6,rgb_pca,0,1
0.7223287,6,rgb_pca,0,1
0.767282,6,rgb_pca,0,1
0.787731,6,rgb_pca,0,1
0.77036107,6,rgb_pca,0,1
0.7493778,6,rgb_pca,0,1
0.75569755,6,rgb_pca,0,1
0.79022264,6,rgb_pca,0,1
0.78849804,6,rgb_pca,0,1
0.7503724,6,rgb_pca,0,1
0.81213427,6,rgb_pca,0,1
0.85140747,6,rgb_pca,0,1
0.7989488,6,rgb_pca,0,1
0.77909625,6,rgb_pca,0,1
0.75155556,6,rgb_pca,0,1
0.77159274,6,rgb_pca,0,1
0.75249135,6,rgb_pca,0,1
0.745787,6,rgb_pca,0,1
0.79987824,6,rgb_pca,0,1
0.83619416,6,rgb_pca,0,1
0.7938571,6,rgb_pca,0,1
0.796259,6,rgb_pca,0,1
0.74931276,6,rgb_pca,0,1
0.77853256,6,rgb_pca,0,1
0.7696467,6,rgb_pca,0,1
0.7618276,6,rgb_pca,0,1
0.79462504,6,rgb_pca,0,1
0.81578135,6,rgb_pca,0,1
0.7879053,6,rgb_pca,0,1
0.80205584,6,rgb_pca,0,1
0.75420856,6,rgb_pca,0,1
0.767623,6,rgb_pca,0,1
0.76620096,6,rgb_pca,0,1
0.7597654,6,rgb_pca,0,1
0.80558985,6,rgb_pca,0,1
0.82992107,6,rgb_pca,0,1
0.7864131,6,rgb_pca,0,1
0.77908546,6,rgb_pca,0,1
0.746224,6,rgb_pca,0,1
0.76233137,6,rgb_pca,0,1
0.76878494,6,rgb_pca,0,1
0.8095039,6,rgb_pca,0,1
0.78556865,6,rgb_pca,0,1
0.7861862,6,rgb_pca,0,1
0.77914095,6,rgb_pca,0,1
0.8312088,6,rgb_pca,0,1
0.7689634,6,rgb_pca,0,1
0.7696229,6,rgb_pca,0,1
0.75959086,6,rgb_pca,0,1
0.6691575,5,rgb_pca,0,1
0.6827784,5,rgb_pca,0,1
0.7067024,5,rgb_pca,0,1
0.6965195,5,rgb_pca,0,1
0.73454493,5,rgb_pca,0,1
0.73984766,5,rgb_pca,0,1
0.7124719,5,rgb_pca,0,1
0.7117926,5,rgb_pca,0,1
0.7634582,5,rgb_pca,0,1
0.7405095,5,rgb_pca,0,1
0.7463266,5,rgb_pca,0,1
0.7403109,5,rgb_pca,0,1
0.710826,5,rgb_pca,0,1
0.70528984,5,rgb_pca,0,1
0.7347219,5,rgb_pca,0,1
0.71046937,5,rgb_pca,0,1
0.683532,5,rgb_pca,0,1
0.68800354,5,rgb_pca,0,1
0.724671,5,rgb_pca,0,1
0.71357656,5,rgb_pca,0,1
0.7017873,5,rgb_pca,0,1
0.6891522,5,rgb_pca,0,1
0.71637654,5,rgb_pca,0,1
0.746752,5,rgb_pca,0,1
0.71153885,5,rgb_pca,0,1
0.6853806,5,rgb_pca,0,1
0.7163349,5,rgb_pca,0,1
0.74120975,5,rgb_pca,0,1
0.7035251,5,rgb_pca,0,1
0.7019563,5,rgb_pca,0,1
0.71274775,5,rgb_pca,0,1
0.719393,5,rgb_pca,0,1
0.73592204,5,rgb_pca,0,1
0.69214803,5,rgb_pca,0,1
0.6900615,5,rgb_pca,0,1
0.6715893,5,rgb_pca,0,1
0.68285954,5,rgb_pca,0,1
0.78283036,6,rgb_pca,0,1
0.80360365,6,rgb_pca,0,1
0.80553305,6,rgb_pca,0,1
0.76707584,6,rgb_pca,0,1
0.7631559,6,rgb_pca,0,1
0.7479453,6,rgb_pca,0,1
0.7362182,6,rgb_pca,0,1
0.73654515,6,rgb_pca,0,1
0.75817144,6,rgb_pca,0,1
0.7333194,6,rgb_pca,0,1
0.7171975,6,rgb_pca,0,1
0.71835744,6,rgb_pca,0,1
0.7851654,6,rgb_pca,0,1
0.7493442,6,rgb_pca,0,1
0.7310857,6,rgb_pca,0,1
0.7308336,6,rgb_pca,0,1
0.6932967,6,rgb_pca,0,1
0.7151598,6,rgb_pca,0,1
0.72007346,6,rgb_pca,0,1
0.7098426,6,rgb_pca,0,1
0.77205586,6,rgb_pca,0,1
0.7409537,6,rgb_pca,0,1
0.7291302,6,rgb_pca,0,1
0.7384823,6,rgb_pca,0,1
0.7332692,6,rgb_pca,0,1
0.763621,6,rgb_pca,0,1
0.7901061,6,rgb_pca,0,1
0.74680865,6,rgb_pca,0,1
0.7679015,6,rgb_pca,0,1
0.7804022,6,rgb_pca,0,1
0.7629279,6,rgb_pca,0,1
0.7501049,6,rgb_pca,0,1
0.7445699,6,rgb_pca,0,1
0.7618729,6,rgb_pca,0,1
0.76797044,6,rgb_pca,0,1
0.7140663,6,rgb_pca,0,1
0.77161515,6,rgb_pca,0,1
0.80650306,6,rgb_pca,0,1
0.7953901,6,rgb_pca,0,1
0.7726327,6,rgb_pca,0,1
0.7558328,6,rgb_pca,0,1
0.73146534,6,rgb_pca,0,1
0.72061527,6,rgb_pca,0,1
0.69204617,6,rgb_pca,0,1
0.77836657,6,rgb_pca,0,1
0.7708657,6,rgb_pca,0,1
0.7636336,6,rgb_pca,0,1
0.7583319,6,rgb_pca,0,1
0.74758804,6,rgb_pca,0,1
0.73452574,6,rgb_pca,0,1
0.730814,6,rgb_pca,0,1
0.7270534,6,rgb_pca,0,1
0.75963557,6,rgb_pca,0,1
0.7302066,6,rgb_pca,0,1
0.7106401,6,rgb_pca,0,1
0.73122776,6,rgb_pca,0,1
0.7470135,6,rgb_pca,0,1
0.74214333,6,rgb_pca,0,1
0.7399311,6,rgb_pca,0,1
0.74018896,6,rgb_pca,0,1
0.7219012,6,rgb_pca,0,1
0.7229703,6,rgb_pca,0,1
0.70859694,6,rgb_pca,0,1
0.7215519,6,rgb_pca,0,1
0.73779535,6,rgb_pca,0,1
0.73289967,6,rgb_pca,0,1
0.72401154,6,rgb_pca,0,1
0.7388997,6,rgb_pca,0,1
0.7283638,7,rgb_pca,0,1
0.70928454,7,rgb_pca,0,1
0.6950853,7,rgb_pca,0,1
0.6710144,7,rgb_pca,0,1
0.68341804,7,rgb_pca,0,1
0.7393376,7,rgb_pca,0,1
0.76694906,7,rgb_pca,0,1
0.7560693,7,rgb_pca,0,1
0.7532088,7,rgb_pca,0,1
0.74319327,7,rgb_pca,0,1
0.7512789,7,rgb_pca,0,1
0.73972595,7,rgb_pca,0,1
0.7397128,7,rgb_pca,0,1
0.7374485,7,rgb_pca,0,1
0.72910786,7,rgb_pca,0,1
0.8335235,7,rgb_pca,0,1
0.8306916,7,rgb_pca,0,1
0.8246738,7,rgb_pca,0,1
0.8131063,7,rgb_pca,0,1
0.81128246,7,rgb_pca,0,1
0.8042371,7,rgb_pca,0,1
0.80334824,7,rgb_pca,0,1
0.7884922,7,rgb_pca,0,1
0.791096,7,rgb_pca,0,1
0.75916857,7,rgb_pca,0,1
0.7587686,7,rgb_pca,0,1
0.7576706,7,rgb_pca,0,1
0.771093,7,rgb_pca,0,1
0.80815727,7,rgb_pca,0,1
0.8101547,7,rgb_pca,0,1
0.7913029,7,rgb_pca,0,1
0.75022805,7,rgb_pca,0,1
0.75848746,7,rgb_pca,0,1
0.7572776,7,rgb_pca,0,1
0.7510762,7,rgb_pca,0,1
0.7496799,7,rgb_pca,0,1
0.78742504,7,rgb_pca,0,1
0.8122216,7,rgb_pca,0,1
0.7933247,7,rgb_pca,0,1
0.79708576,7,rgb_pca,0,1
0.78846014,7,rgb_pca,0,1
0.7896322,7,rgb_pca,0,1
0.7918552,7,rgb_pca,0,1
0.78722227,7,rgb_pca,0,1
0.7951671,7,rgb_pca,0,1
0.8082677,7,rgb_pca,0,1
0.8286936,7,rgb_pca,0,1
0.82549155,7,rgb_pca,0,1
0.6986485,7,rgb_pca,0,1
0.601133,7,rgb_pca,0,1
0.7752705,7,rgb_pca,0,1
0.72133666,7,rgb_pca,0,1
0.6606922,5,rgb_pca,0,1
0.6183194,5,rgb_pca,0,1
0.63039434,5,rgb_pca,0,1
0.6434989,5,rgb_pca,0,1
0.69028854,5,rgb_pca,0,1
0.6828244,5,rgb_pca,0,1
0.73418176,5,rgb_pca,0,1
0.7282485,5,rgb_pca,0,1
0.7045016,5,rgb_pca,0,1
0.704583,5,rgb_pca,0,1
0.73971415,5,rgb_pca,0,1
0.71861887,5,rgb_pca,0,1
0.7556282,5,rgb_pca,0,1
0.74236906,5,rgb_pca,0,1
0.7335795,5,rgb_pca,0,1
0.73660254,5,rgb_pca,0,1
0.7300464,5,rgb_pca,0,1
0.73889565,5,rgb_pca,0,1
0.7558522,5,rgb_pca,0,1
0.76767707,5,rgb_pca,0,1
0.73821265,5,rgb_pca,0,1
0.7859775,5,rgb_pca,0,1
0.8120001,5,rgb_pca,0,1
0.79342246,5,rgb_pca,0,1
0.7281559,5,rgb_pca,0,1
0.74396366,5,rgb_pca,0,1
0.77145374,5,rgb_pca,0,1
0.7832356,5,rgb_pca,0,1
0.70635194,5,rgb_pca,0,1
0.6985818,5,rgb_pca,0,1
0.72614515,5,rgb_pca,0,1
0.6715457,5,rgb_pca,0,1
0.71197766,5,rgb_pca,0,1
0.7301601,5,rgb_pca,0,1
0.76456696,5,rgb_pca,0,1
0.7561651,5,rgb_pca,0,1
0.74302745,5,rgb_pca,0,1
0.73753273,5,rgb_pca,0,1
0.69911116,5,rgb_pca,0,1
0.7144317,5,rgb_pca,0,1
0.71598065,5,rgb_pca,0,1
0.7906138,5,rgb_pca,0,1
0.7502098,5,rgb_pca,0,1
0.7146774,5,rgb_pca,0,1
0.72695434,5,rgb_pca,0,1
0.787043,5,rgb_pca,0,1
0.76305956,5,rgb_pca,0,1
0.7328299,5,rgb_pca,0,1
0.7456676,5,rgb_pca,0,1
0.78883535,5,rgb_pca,0,1
0.7780778,5,rgb_pca,0,1
0.7652127,5,rgb_pca,0,1
0.7879148,5,rgb_pca,0,1
0.79258883,5,rgb_pca,0,1
0.7966053,5,rgb_pca,0,1
0.77282697,5,rgb_pca,0,1
0.7573829,5,rgb_pca,0,1
0.77531457,5,rgb_pca,0,1
0.75878847,5,rgb_pca,0,1
0.77892774,5,rgb_pca,0,1
0.75565386,5,rgb_pca,0,1
0.79039824,5,rgb_pca,0,1
0.7709588,5,rgb_pca,0,1
0.7666597,5,rgb_pca,0,1
0.7722329,5,rgb_pca,0,1
0.7596355,5,rgb_pca,0,1
0.7770405,5,rgb_pca,0,1
0.80837834,5,rgb_pca,0,1
0.7597018,5,rgb_pca,0,1
0.7836561,5,rgb_pca,0,1
0.7737962,5,rgb_pca,0,1
0.78257656,5,rgb_pca,0,1
0.77392924,5,rgb_pca,0,1
0.814996,5,rgb_pca,0,1
0.66403186,3,rgb_pca,0,1
0.70644546,3,rgb_pca,0,1
0.66501033,3,rgb_pca,0,1
0.70186853,3,rgb_pca,0,1
0.62989897,3,rgb_pca,0,1
0.6837627,3,rgb_pca,0,1
0.6250747,3,rgb_pca,0,1
0.6717914,3,rgb_pca,0,1
0.6980809,3,rgb_pca,0,1
0.6647369,3,rgb_pca,0,1
0.67979777,3,rgb_pca,0,1
0.6832111,3,rgb_pca,0,1
0.69362724,3,rgb_pca,0,1
0.63571215,3,rgb_pca,0,1
0.6826334,3,rgb_pca,0,1
0.6870855,3,rgb_pca,0,1
0.66588116,3,rgb_pca,0,1
0.69485176,3,rgb_pca,0,1
0.7302573,3,rgb_pca,0,1
0.73857373,3,rgb_pca,0,1
0.6539674,3,rgb_pca,0,1
0.6751328,3,rgb_pca,0,1
0.6811238,3,rgb_pca,0,1
0.66837454,3,rgb_pca,0,1
0.70038843,3,rgb_pca,0,1
0.7072331,3,rgb_pca,0,1
0.71444887,3,rgb_pca,0,1
0.76673913,3,rgb_pca,0,1
0.6850201,3,rgb_pca,0,1
0.692395,3,rgb_pca,0,1
0.70316243,3,rgb_pca,0,1
0.698216,3,rgb_pca,0,1
0.6908575,3,rgb_pca,0,1
0.6995027,3,rgb_pca,0,1
0.68266153,3,rgb_pca,0,1
0.7645498,3,rgb_pca,0,1
0.69065094,3,rgb_pca,0,1
0.6910157,3,rgb_pca,0,1
0.67597747,3,rgb_pca,0,1
0.7002058,3,rgb_pca,0,1
0.7409239,3,rgb_pca,0,1
0.7436218,3,rgb_pca,0,1
0.68867195,3,rgb_pca,0,1
0.685179,3,rgb_pca,0,1
0.6914654,3,rgb_pca,0,1
0.76580113,3,rgb_pca,0,1
0.6747285,3,rgb_pca,0,1
0.66531456,3,rgb_pca,0,1
0.69771194,3,rgb_pca,0,1
0.72252613,3,rgb_pca,0,1
0.7501654,3,rgb_pca,0,1
0.7419579,3,rgb_pca,0,1
0.6706495,3,rgb_pca,0,1
0.64859843,3,rgb_pca,0,1
0.67623377,3,rgb_pca,0,1
0.7511436,3,rgb_pca,0,1
0.6832643,3,rgb_pca,0,1
0.65457124,3,rgb_pca,0,1
0.6850302,3,rgb_pca,0,1
0.7164837,3,rgb_pca,0,1
0.7003973,3,rgb_pca,0,1
0.7022017,3,rgb_pca,0,1
0.7063239,3,rgb_pca,0,1
0.6698836,3,rgb_pca,0,1
0.6931443,3,rgb_pca,0,1
0.75190055,3,rgb_pca,0,1
0.70371014,3,rgb_pca,0,1
0.6831368,3,rgb_pca,0,1
0.71208274,3,rgb_pca,0,1
0.7270114,3,rgb_pca,0,1
0.6844076,3,rgb_pca,0,1
0.6881373,3,rgb_pca,0,1
0.7120769,3,rgb_pca,0,1
0.6959535,3,rgb_pca,0,1
0.7259796,3,rgb_pca,0,1
0.7926971,3,rgb_pca,0,1
0.7819179,3,rgb_pca,0,1
0.7842134,3,rgb_pca,0,1
0.7978814,3,rgb_pca,0,1
0.801738,3,rgb_pca,0,1
0.7778293,3,rgb_pca,0,1
0.7721323,3,rgb_pca,0,1
0.7799363,3,rgb_pca,0,1
0.7778899,3,rgb_pca,0,1
0.79661334,3,rgb_pca,0,1
0.8386772,3,rgb_pca,0,1
0.67689264,3,rgb_pca,0,1
0.71796834,3,rgb_pca,0,1
0.72551835,3,rgb_pca,0,1
0.6929321,3,rgb_pca,0,1
0.6752838,3,rgb_pca,0,1
0.5575277,3,rgb_pca,0,1
0.7045179,3,rgb_pca,0,1
0.71755713,3,rgb_pca,0,1
0.7373617,3,rgb_pca,0,1
0.65974575,3,rgb_pca,0,1
0.5880903,3,rgb_pca,0,1
0.5652551,3,rgb_pca,0,1
0.5266025,3,rgb_pca,0,1
0.72459555,3,rgb_pca,0,1
0.7408986,3,rgb_pca,0,1
0.75332725,3,rgb_pca,0,1
0.7249136,3,rgb_pca,0,1
0.70776314,3,rgb_pca,0,1
0.70225346,3,rgb_pca,0,1
0.66474736,3,rgb_pca,0,1
0.7209414,3,rgb_pca,0,1
0.7250033,3,rgb_pca,0,1
0.75217915,3,rgb_pca,0,1
0.7399845,3,rgb_pca,0,1
0.717154,3,rgb_pca,0,1
0.69729614,3,rgb_pca,0,1
0.67203265,3,rgb_pca,0,1
0.65465605,3,rgb_pca,0,1
0.68463874,3,rgb_pca,0,1
0.71474993,3,rgb_pca,0,1
0.6861035,3,rgb_pca,0,1
0.7033591,3,rgb_pca,0,1
0.7079431,3,rgb_pca,0,1
0.722583,3,rgb_pca,0,1
0.7145294,3,rgb_pca,0,1
0.7077381,3,rgb_pca,0,1
0.7032706,3,rgb_pca,0,1
0.6698842,3,rgb_pca,0,1
0.7749295,3,rgb_pca,0,1
0.77547884,3,rgb_pca,0,1
0.7231679,3,rgb_pca,0,1
0.7068218,3,rgb_pca,0,1
0.7075674,3,rgb_pca,0,1
0.7030457,3,rgb_pca,0,1
0.70941836,3,rgb_pca,0,1
0.6915938,3,rgb_pca,0,1
0.7129493,3,rgb_pca,0,1
0.7056893,3,rgb_pca,0,1
0.69469726,3,rgb_pca,0,1
0.70247924,3,rgb_pca,0,1
0.75465286,3,rgb_pca,0,1
0.73182344,3,rgb_pca,0,1
0.69297594,3,rgb_pca,0,1
0.6895695,3,rgb_pca,0,1
0.691051,3,rgb_pca,0,1
0.6889396,3,rgb_pca,0,1
0.670862,3,rgb_pca,0,1
0.6429224,3,rgb_pca,0,1
0.6909838,3,rgb_pca,0,1
0.6740223,3,rgb_pca,0,1
0.721645,3,rgb_pca,0,1
0.7480236,3,rgb_pca,0,1
0.7611377,3,rgb_pca,0,1
0.74811816,3,rgb_pca,0,1
0.70563745,3,rgb_pca,0,1
0.69696164,3,rgb_pca,0,1
0.67725754,3,rgb_pca,0,1
0.6802572,3,rgb_pca,0,1
0.6755935,3,rgb_pca,0,1
0.6539109,3,rgb_pca,0,1
0.69528246,3,rgb_pca,0,1
0.68247175,3,rgb_pca,0,1
0.72574997,3,rgb_pca,0,1
0.75506973,3,rgb_pca,0,1
0.7362988,3,rgb_pca,0,1
0.7548581,3,rgb_pca,0,1
0.74762696,3,rgb_pca,0,1
0.725894,3,rgb_pca,0,1
0.7137575,3,rgb_pca,0,1
0.7223742,3,rgb_pca,0,1
0.70655245,3,rgb_pca,0,1
0.7136203,3,rgb_pca,0,1
0.71653533,3,rgb_pca,0,1
0.6971847,3,rgb_pca,0,1
0.69484085,3,rgb_pca,0,1
0.7057274,3,rgb_pca,0,1
0.7167825,3,rgb_pca,0,1
0.7153132,3,rgb_pca,0,1
0.7925903,3,rgb_pca,0,1
0.79096377,3,rgb_pca,0,1
0.7970803,3,rgb_pca,0,1
0.78349125,3,rgb_pca,0,1
0.7604146,3,rgb_pca,0,1
0.7598243,3,rgb_pca,0,1
0.76636493,3,rgb_pca,0,1
0.75927377,3,rgb_pca,0,1
0.7424594,3,rgb_pca,0,1
0.7427209,3,rgb_pca,0,1
0.7467383,3,rgb_pca,0,1
0.75193954,3,rgb_pca,0,1
0.74884874,3,rgb_pca,0,1
0.68741274,3,rgb_pca,0,1
0.70450425,3,rgb_pca,0,1
0.68193865,3,rgb_pca,0,1
0.6729569,3,rgb_pca,0,1
0.69200337,3,rgb_pca,0,1
0.6688405,3,rgb_pca,0,1
0.70719546,3,rgb_pca,0,1
0.6374263,3,rgb_pca,0,1
0.5949086,3,rgb_pca,0,1
0.72142386,3,rgb_pca,0,1
0.652478,3,rgb_pca,0,1
0.61013776,3,rgb_pca,0,1
0.7531146,3,rgb_pca,0,1
0.70174086,3,rgb_pca,0,1
0.65269214,3,rgb_pca,0,1
0.80448306,7,rgb_pca,0,1
0.7771551,7,rgb_pca,0,1
0.7812578,7,rgb_pca,0,1
0.770277,7,rgb_pca,0,1
0.76069725,7,rgb_pca,0,1
0.74544555,7,rgb_pca,0,1
0.72519815,7,rgb_pca,0,1
0.7791208,7,rgb_pca,0,1
0.78813547,7,rgb_pca,0,1
0.76831126,7,rgb_pca,0,1
0.7557926,7,rgb_pca,0,1
0.7415326,7,rgb_pca,0,1
0.73896503,7,rgb_pca,0,1
0.7597078,7,rgb_pca,0,1
0.7493139,7,rgb_pca,0,1
0.80433327,7,rgb_pca,0,1
0.7787111,7,rgb_pca,0,1
0.7804982,7,rgb_pca,0,1
0.78193647,7,rgb_pca,0,1
0.7822348,7,rgb_pca,0,1
0.78864086,7,rgb_pca,0,1
0.781037,7,rgb_pca,0,1
0.79442143,7,rgb_pca,0,1
0.79354036,7,rgb_pca,0,1
0.77384317,7,rgb_pca,0,1
0.75830394,7,rgb_pca,0,1
0.741606,7,rgb_pca,0,1
0.7554367,7,rgb_pca,0,1
0.75893754,7,rgb_pca,0,1
0.7500601,7,rgb_pca,0,1
0.7523427,7,rgb_pca,0,1
0.7843103,7,rgb_pca,0,1
0.78727007,7,rgb_pca,0,1
0.7879998,7,rgb_pca,0,1
0.77479076,7,rgb_pca,0,1
0.7783005,7,rgb_pca,0,1
0.79315126,7,rgb_pca,0,1
0.7852683,7,rgb_pca,0,1
0.7738775,7,rgb_pca,0,1
0.77479243,7,rgb_pca,0,1
0.80991244,7,rgb_pca,0,1
0.81758904,7,rgb_pca,0,1
0.7862305,7,rgb_pca,0,1
0.7862245,7,rgb_pca,0,1
0.8100374,7,rgb_pca,0,1
0.80504906,7,rgb_pca,0,1
0.777399,7,rgb_pca,0,1
0.76371616,7,rgb_pca,0,1
0.7829876,7,rgb_pca,0,1
0.83462435,7,rgb_pca,0,1
0.8388016,7,rgb_pca,0,1
0.7774371,7,rgb_pca,0,1
0.78285515,7,rgb_pca,0,1
0.8273771,7,rgb_pca,0,1
0.8306267,7,rgb_pca,0,1
0.79816633,7,rgb_pca,0,1
0.78222656,7,rgb_pca,0,1
0.8081256,7,rgb_pca,0,1
0.84068274,7,rgb_pca,0,1
0.82288516,7,rgb_pca,0,1
0.7940376,7,rgb_pca,0,1
0.8027028,7,rgb_pca,0,1
0.81517136,7,rgb_pca,0,1
0.8423845,7,rgb_pca,0,1
0.8315072,7,rgb_pca,0,1
0.82248443,7,rgb_pca,0,1
0.81853366,7,rgb_pca,0,1
0.8158206,7,rgb_pca,0,1
0.8042526,7,rgb_pca,0,1
0.67463815,3,rgb_pca,0,1
0.6570492,3,rgb_pca,0,1
0.67000604,3,rgb_pca,0,1
0.69022024,3,rgb_pca,0,1
0.6859864,3,rgb_pca,0,1
0.6786326,3,rgb_pca,0,1
0.67204463,3,rgb_pca,0,1
0.7039397,3,rgb_pca,0,1
0.6935934,3,rgb_pca,0,1
0.68120265,3,rgb_pca,0,1
0.68553185,3,rgb_pca,0,1
0.7121087,3,rgb_pca,0,1
0.7088669,3,rgb_pca,0,1
0.6633436,3,rgb_pca,0,1
0.66715366,3,rgb_pca,0,1
0.6704592,3,rgb_pca,0,1
0.72882175,3,rgb_pca,0,1
0.696125,3,rgb_pca,0,1
0.66867244,3,rgb_pca,0,1
0.69224596,3,rgb_pca,0,1
0.70889777,3,rgb_pca,0,1
0.7042421,3,rgb_pca,0,1
0.68160427,3,rgb_pca,0,1
0.68507105,3,rgb_pca,0,1
0.6887928,3,rgb_pca,0,1
0.754728,3,rgb_pca,0,1
0.727278,3,rgb_pca,0,1
0.695034,3,rgb_pca,0,1
0.6980602,3,rgb_pca,0,1
0.64501464,3,rgb_pca,0,1
0.6718174,3,rgb_pca,0,1
0.68311155,3,rgb_pca,0,1
0.67756677,3,rgb_pca,0,1
0.6685958,3,rgb_pca,0,1
0.6719701,3,rgb_pca,0,1
0.6793449,3,rgb_pca,0,1
0.7130533,3,rgb_pca,0,1
0.7098353,3,rgb_pca,0,1
0.6777979,3,rgb_pca,0,1
0.6946044,3,rgb_pca,0,1
0.64325607,3,rgb_pca,0,1
0.63725305,3,rgb_pca,0,1
0.6632873,3,rgb_pca,0,1
0.7006346,3,rgb_pca,0,1
0.703063,3,rgb_pca,0,1
0.6883717,3,rgb_pca,0,1
0.684857,3,rgb_pca,0,1
0.6651727,3,rgb_pca,0,1
0.669842,3,rgb_pca,0,1
0.67615855,3,rgb_pca,0,1
0.67196846,3,rgb_pca,0,1
0.69864774,3,rgb_pca,0,1
0.6441361,3,rgb_pca,0,1
0.63458765,3,rgb_pca,0,1
0.6520924,3,rgb_pca,0,1
0.6835666,3,rgb_pca,0,1
0.7071893,3,rgb_pca,0,1
0.7117901,3,rgb_pca,0,1
0.6996787,3,rgb_pca,0,1
0.6720051,3,rgb_pca,0,1
0.673107,3,rgb_pca,0,1
0.661045,3,rgb_pca,0,1
0.6541251,3,rgb_pca,0,1
0.7239677,3,rgb_pca,0,1
0.62095547,3,rgb_pca,0,1
0.6735615,3,rgb_pca,0,1
0.6372584,3,rgb_pca,0,1
0.62450457,3,rgb_pca,0,1
0.61788076,3,rgb_pca,0,1
0.6542165,3,rgb_pca,0,1
0.69103116,3,rgb_pca,0,1
0.7191452,3,rgb_pca,0,1
0.6914634,3,rgb_pca,0,1
0.68676287,3,rgb_pca,0,1
0.6674712,3,rgb_pca,0,1
0.63537645,3,rgb_pca,0,1
0.7147472,3,rgb_pca,0,1
0.633255,3,rgb_pca,0,1
0.68141085,3,rgb_pca,0,1
0.6443641,3,rgb_pca,0,1
0.6286808,3,rgb_pca,0,1
0.6251389,3,rgb_pca,0,1
0.6545608,3,rgb_pca,0,1
0.6853543,3,rgb_pca,0,1
0.7149484,3,rgb_pca,0,1
0.66678405,3,rgb_pca,0,1
0.6909635,3,rgb_pca,0,1
0.67019993,3,rgb_pca,0,1
0.6486319,3,rgb_pca,0,1
0.6795916,3,rgb_pca,0,1
0.67814946,3,rgb_pca,0,1
0.67145747,3,rgb_pca,0,1
0.68963575,3,rgb_pca,0,1
0.70306027,3,rgb_pca,0,1
0.72522295,3,rgb_pca,0,1
0.73286664,3,rgb_pca,0,1
0.69570184,3,rgb_pca,0,1
0.6958008,3,rgb_pca,0,1
0.6866682,3,rgb_pca,0,1
0.6911454,3,rgb_pca,0,1
0.70427954,3,rgb_pca,0,1
0.6831217,3,rgb_pca,0,1
0.6995866,3,rgb_pca,0,1
0.69917965,3,rgb_pca,0,1
0.7056656,3,rgb_pca,0,1
0.7094008,3,rgb_pca,0,1
0.66588,3,rgb_pca,0,1
0.7407617,3,rgb_pca,0,1
0.6606742,3,rgb_pca,0,1
0.65813625,3,rgb_pca,0,1
0.6497973,3,rgb_pca,0,1
0.67809427,3,rgb_pca,0,1
0.6925807,3,rgb_pca,0,1
0.70242834,3,rgb_pca,0,1
0.74565333,3,rgb_pca,0,1
0.67933977,3,rgb_pca,0,1
0.65912247,3,rgb_pca,0,1
0.6577842,3,rgb_pca,0,1
0.69401234,3,rgb_pca,0,1
0.6839539,3,rgb_pca,0,1
0.69605464,3,rgb_pca,0,1
0.62147087,3,rgb_pca,0,1
0.6141585,3,rgb_pca,0,1
0.6638073,3,rgb_pca,0,1
0.7116344,3,rgb_pca,0,1
0.6988348,3,rgb_pca,0,1
0.72290313,3,rgb_pca,0,1
0.68873453,3,rgb_pca,0,1
0.672742,3,rgb_pca,0,1
0.7077886,3,rgb_pca,0,1
0.66691744,3,rgb_pca,0,1
0.62636054,3,rgb_pca,0,1
0.62114805,3,rgb_pca,0,1
0.77521837,7,rgb_pca,0,1
0.81843853,7,rgb_pca,0,1
0.857148,7,rgb_pca,0,1
0.86905915,7,rgb_pca,0,1
0.81522727,7,rgb_pca,0,1
0.743826,7,rgb_pca,0,1
0.7337996,7,rgb_pca,0,1
0.76850283,7,rgb_pca,0,1
0.7718748,7,rgb_pca,0,1
0.8113143,7,rgb_pca,0,1
0.84385395,7,rgb_pca,0,1
0.83017135,7,rgb_pca,0,1
0.7669346,7,rgb_pca,0,1
0.7361667,7,rgb_pca,0,1
0.74309886,7,rgb_pca,0,1
0.7960649,7,rgb_pca,0,1
0.7867291,7,rgb_pca,0,1
0.7776304,7,rgb_pca,0,1
0.8109629,7,rgb_pca,0,1
0.83512557,7,rgb_pca,0,1
0.8215963,7,rgb_pca,0,1
0.7789784,7,rgb_pca,0,1
0.77452743,7,rgb_pca,0,1
0.7459169,7,rgb_pca,0,1
0.751179,7,rgb_pca,0,1
0.7378515,7,rgb_pca,0,1
0.8086517,7,rgb_pca,0,1
0.7728029,7,rgb_pca,0,1
0.7705196,7,rgb_pca,0,1
0.7905469,7,rgb_pca,0,1
0.8110101,7,rgb_pca,0,1
0.81329954,7,rgb_pca,0,1
0.7854117,7,rgb_pca,0,1
0.76771206,7,rgb_pca,0,1
0.7470627,7,rgb_pca,0,1
0.7497586,7,rgb_pca,0,1
0.75121415,7,rgb_pca,0,1
0.8347919,7,rgb_pca,0,1
0.7936268,7,rgb_pca,0,1
0.7882006,7,rgb_pca,0,1
0.80829954,7,rgb_pca,0,1
0.82190204,7,rgb_pca,0,1
0.82213986,7,rgb_pca,0,1
0.7983877,7,rgb_pca,0,1
0.78934216,7,rgb_pca,0,1
0.75995713,7,rgb_pca,0,1
0.7856916,7,rgb_pca,0,1
0.79112256,7,rgb_pca,0,1
0.86885124,7,rgb_pca,0,1
0.8079989,7,rgb_pca,0,1
0.7972847,7,rgb_pca,0,1
0.82878107,7,rgb_pca,0,1
0.83688915,7,rgb_pca,0,1
0.8304577,7,rgb_pca,0,1
0.80683106,7,rgb_pca,0,1
0.7771481,7,rgb_pca,0,1
0.76556516,7,rgb_pca,0,1
0.79165864,7,rgb_pca,0,1
0.77896833,7,rgb_pca,0,1
0.8521149,7,rgb_pca,0,1
0.79424,7,rgb_pca,0,1
0.79415953,7,rgb_pca,0,1
0.82476956,7,rgb_pca,0,1
0.8360493,7,rgb_pca,0,1
0.83607966,7,rgb_pca,0,1
0.80543864,7,rgb_pca,0,1
0.7782897,7,rgb_pca,0,1
0.7965203,7,rgb_pca,0,1
0.73563206,7,rgb_pca,0,1
0.76002705,7,rgb_pca,0,1
0.78378564,7,rgb_pca,0,1
0.75895774,7,rgb_pca,0,1
0.7395159,7,rgb_pca,0,1
0.7334539,7,rgb_pca,0,1
0.70843863,7,rgb_pca,0,1
0.75971305,7,rgb_pca,0,1
0.8164963,7,rgb_pca,0,1
0.79853106,7,rgb_pca,0,1
0.8024513,7,rgb_pca,0,1
0.8249311,7,rgb_pca,0,1
0.8273486,7,rgb_pca,0,1
0.83038557,7,rgb_pca,0,1
0.80646515,7,rgb_pca,0,1
0.7999356,7,rgb_pca,0,1
0.8060346,7,rgb_pca,0,1
0.73685575,7,rgb_pca,0,1
0.7912418,7,rgb_pca,0,1
0.80894876,7,rgb_pca,0,1
0.782037,7,rgb_pca,0,1
0.7443415,7,rgb_pca,0,1
0.7177695,7,rgb_pca,0,1
0.680483,7,rgb_pca,0,1
0.69743717,7,rgb_pca,0,1
0.7883866,7,rgb_pca,0,1
0.75942177,7,rgb_pca,0,1
0.73768413,7,rgb_pca,0,1
0.7263753,7,rgb_pca,0,1
0.6193893,7,rgb_pca,0,1
0.61140347,7,rgb_pca,0,1
0.75815415,7,rgb_pca,0,1
0.7684006,7,rgb_pca,0,1
0.76150316,7,rgb_pca,0,1
0.77029,7,rgb_pca,0,1
0.7074408,7,rgb_pca,0,1
0.63098085,7,rgb_pca,0,1
0.7732427,7,rgb_pca,0,1
0.75335014,7,rgb_pca,0,1
0.7581302,7,rgb_pca,0,1
0.7733723,7,rgb_pca,0,1
0.77085304,7,rgb_pca,0,1
0.7737198,7,rgb_pca,0,1
0.76980746,7,rgb_pca,0,1
0.7538953,7,rgb_pca,0,1
0.7655095,7,rgb_pca,0,1
0.7626618,7,rgb_pca,0,1
0.7360247,7,rgb_pca,0,1
0.7056673,7,rgb_pca,0,1
0.7816801,7,rgb_pca,0,1
0.7781829,7,rgb_pca,0,1
0.78435755,7,rgb_pca,0,1
0.76386666,7,rgb_pca,0,1
0.71257615,7,rgb_pca,0,1
0.68299305,7,rgb_pca,0,1
0.7208522,3,rgb_pca,0,1
0.7092514,3,rgb_pca,0,1
0.6991234,3,rgb_pca,0,1
0.71100163,3,rgb_pca,0,1
0.7691642,3,rgb_pca,0,1
0.7353879,3,rgb_pca,0,1
0.7088947,3,rgb_pca,0,1
0.7083951,3,rgb_pca,0,1
0.6856401,3,rgb_pca,0,1
0.73905,7,rgb_pca,0,1
0.7459947,7,rgb_pca,0,1
0.7430524,3,rgb_pca,0,1
0.71493727,3,rgb_pca,0,1
0.7055619,3,rgb_pca,0,1
0.6919204,3,rgb_pca,0,1
0.75418055,3,rgb_pca,0,1
0.7543228,3,rgb_pca,0,1
0.70872426,3,rgb_pca,0,1
0.68970156,3,rgb_pca,0,1
0.68678796,3,rgb_pca,0,1
0.76867646,3,rgb_pca,0,1
0.7344247,3,rgb_pca,0,1
0.73171335,3,rgb_pca,0,1
0.706336,3,rgb_pca,0,1
0.70585537,3,rgb_pca,0,1
0.7036549,3,rgb_pca,0,1
0.69231546,3,rgb_pca,0,1
0.7240213,3,rgb_pca,0,1
0.7060078,3,rgb_pca,0,1
0.6868817,3,rgb_pca,0,1
0.6646261,3,rgb_pca,0,1
0.7749909,3,rgb_pca,0,1
0.7484591,3,rgb_pca,0,1
0.74899054,3,rgb_pca,0,1
0.71345896,3,rgb_pca,0,1
0.71886235,3,rgb_pca,0,1
0.7235148,3,rgb_pca,0,1
0.7335791,3,rgb_pca,0,1
0.7494371,3,rgb_pca,0,1
0.7051124,3,rgb_pca,0,1
0.67219985,3,rgb_pca,0,1
0.67961097,3,rgb_pca,0,1
0.7972655,3,rgb_pca,0,1
0.74719346,3,rgb_pca,0,1
0.73007,3,rgb_pca,0,1
0.7310952,3,rgb_pca,0,1
0.68650687,3,rgb_pca,0,1
0.6838969,3,rgb_pca,0,1
0.66613126,3,rgb_pca,0,1
0.6490855,3,rgb_pca,0,1
0.6528096,3,rgb_pca,0,1
0.6574497,3,rgb_pca,0,1
0.65330863,3,rgb_pca,0,1
0.69950557,3,rgb_pca,0,1
0.77219033,3,rgb_pca,0,1
0.7312297,3,rgb_pca,0,1
0.72665143,3,rgb_pca,0,1
0.73424876,3,rgb_pca,0,1
0.6936967,3,rgb_pca,0,1
0.7007155,3,rgb_pca,0,1
0.6910219,3,rgb_pca,0,1
0.68589854,3,rgb_pca,0,1
0.6587921,3,rgb_pca,0,1
0.6283235,3,rgb_pca,0,1
0.63937986,3,rgb_pca,0,1
0.6912629,3,rgb_pca,0,1
0.77548105,3,rgb_pca,0,1
0.7380494,3,rgb_pca,0,1
0.7147057,3,rgb_pca,0,1
0.69197863,3,rgb_pca,0,1
0.69618845,3,rgb_pca,0,1
0.716761,3,rgb_pca,0,1
0.7305716,3,rgb_pca,0,1
0.72393733,3,rgb_pca,0,1
0.72641695,3,rgb_pca,0,1
0.7004007,3,rgb_pca,0,1
0.67402965,3,rgb_pca,0,1
0.6426997,3,rgb_pca,0,1
0.65035784,3,rgb_pca,0,1
0.7422743,3,rgb_pca,0,1
0.7108209,3,rgb_pca,0,1
0.7090912,3,rgb_pca,0,1
0.67181987,3,rgb_pca,0,1
0.66451776,3,rgb_pca,0,1
0.7021991,3,rgb_pca,0,1
0.7085379,3,rgb_pca,0,1
0.7158847,3,rgb_pca,0,1
0.7174861,3,rgb_pca,0,1
0.6918938,3,rgb_pca,0,1
0.6857749,3,rgb_pca,0,1
0.7264767,3,rgb_pca,0,1
0.6830069,3,rgb_pca,0,1
0.6925105,3,rgb_pca,0,1
0.6779722,3,rgb_pca,0,1
0.67487764,3,rgb_pca,0,1
0.6910306,3,rgb_pca,0,1
0.6736257,3,rgb_pca,0,1
0.67465246,3,rgb_pca,0,1
0.6819064,3,rgb_pca,0,1
0.68898535,3,rgb_pca,0,1
0.7636752,3,rgb_pca,0,1
0.68854934,3,rgb_pca,0,1
0.6826958,3,rgb_pca,0,1
0.66676724,3,rgb_pca,0,1
0.67039406,3,rgb_pca,0,1
0.70342493,3,rgb_pca,0,1
0.68065524,3,rgb_pca,0,1
0.66918004,3,rgb_pca,0,1
0.66653,3,rgb_pca,0,1
0.77261376,3,rgb_pca,0,1
0.69506156,3,rgb_pca,0,1
0.6934233,3,rgb_pca,0,1
0.70601326,3,rgb_pca,0,1
0.69647646,3,rgb_pca,0,1
0.7218275,3,rgb_pca,0,1
0.67837465,3,rgb_pca,0,1
0.734252,3,rgb_pca,0,1
0.6835319,3,rgb_pca,0,1
0.68728477,3,rgb_pca,0,1
0.7036083,3,rgb_pca,0,1
0.69522166,3,rgb_pca,0,1
0.7189567,3,rgb_pca,0,1
0.6886629,3,rgb_pca,0,1
0.7196295,3,rgb_pca,0,1
0.69636405,3,rgb_pca,0,1
0.69167006,3,rgb_pca,0,1
0.6895282,3,rgb_pca,0,1
0.7027251,3,rgb_pca,0,1
0.7057291,3,rgb_pca,0,1
0.70878386,3,rgb_pca,0,1
0.722144,3,rgb_pca,0,1
0.7044284,3,rgb_pca,0,1
0.6924013,3,rgb_pca,0,1
0.6954708,3,rgb_pca,0,1
0.6888021,3,rgb_pca,0,1
0.7895287,7,rgb_pca,0,1
0.6855488,7,rgb_pca,0,1
0.8080989,7,rgb_pca,0,1
0.759554,7,rgb_pca,0,1
0.8193823,7,rgb_pca,0,1
0.7929488,7,rgb_pca,0,1
0.76856583,7,rgb_pca,0,1
0.75775665,7,rgb_pca,0,1
0.76119554,7,rgb_pca,0,1
0.76008797,7,rgb_pca,0,1
0.7587831,7,rgb_pca,0,1
0.74877393,7,rgb_pca,0,1
0.74798477,7,rgb_pca,0,1
0.7587142,7,rgb_pca,0,1
0.7619798,7,rgb_pca,0,1
0.7658534,7,rgb_pca,0,1
0.7486764,7,rgb_pca,0,1
0.75092304,7,rgb_pca,0,1
0.7483823,7,rgb_pca,0,1
0.7457862,7,rgb_pca,0,1
0.75036067,7,rgb_pca,0,1
0.7410519,7,rgb_pca,0,1
0.7166064,7,rgb_pca,0,1
0.7363167,7,rgb_pca,0,1
0.7388093,7,rgb_pca,0,1
0.73671675,7,rgb_pca,0,1
0.74615574,7,rgb_pca,0,1
0.7418798,7,rgb_pca,0,1
0.7236929,7,rgb_pca,0,1
0.7470253,7,rgb_pca,0,1
0.7868923,7,rgb_pca,0,1
0.7561506,7,rgb_pca,0,1
0.74416673,7,rgb_pca,0,1
0.723058,7,rgb_pca,0,1
0.7189371,7,rgb_pca,0,1
0.76629823,7,rgb_pca,0,1
0.6759943,7,rgb_pca,0,1
0.72711957,7,rgb_pca,0,1
0.79990053,7,rgb_pca,0,1
0.7752024,7,rgb_pca,0,1
0.7400628,7,rgb_pca,0,1
0.69512343,7,rgb_pca,0,1
0.6475941,7,rgb_pca,0,1
0.71690404,7,rgb_pca,0,1
0.77935445,7,rgb_pca,0,1
0.76391757,7,rgb_pca,0,1
0.7230928,7,rgb_pca,0,1
0.6902431,7,rgb_pca,0,1
0.63587695,7,rgb_pca,0,1
0.7050705,7,rgb_pca,0,1
0.73591566,7,rgb_pca,0,1
0.7264211,7,rgb_pca,0,1
0.71556497,7,rgb_pca,0,1
0.7208134,7,rgb_pca,0,1
0.704545,7,rgb_pca,0,1
0.6911979,7,rgb_pca,0,1
0.7372968,5,rgb_pca,0,1
0.7105642,5,rgb_pca,0,1
0.719766,5,rgb_pca,0,1
0.7149688,5,rgb_pca,0,1
0.7220659,5,rgb_pca,0,1
0.7324929,5,rgb_pca,0,1
0.74903697,5,rgb_pca,0,1
0.76710206,5,rgb_pca,0,1
0.76497114,5,rgb_pca,0,1
0.77180576,5,rgb_pca,0,1
0.7710254,5,rgb_pca,0,1
0.7655972,5,rgb_pca,0,1
0.7656107,5,rgb_pca,0,1
0.7616812,5,rgb_pca,0,1
0.7523093,5,rgb_pca,0,1
0.772457,5,rgb_pca,0,1
0.8143133,5,rgb_pca,0,1
0.760664,5,rgb_pca,0,1
0.7699587,5,rgb_pca,0,1
0.7820027,5,rgb_pca,0,1
0.79858565,5,rgb_pca,0,1
0.8075881,5,rgb_pca,0,1
0.8263943,5,rgb_pca,0,1
0.76161027,5,rgb_pca,0,1
0.7919328,5,rgb_pca,0,1
0.8010582,5,rgb_pca,0,1
0.79803896,5,rgb_pca,0,1
0.79610646,5,rgb_pca,0,1
0.80933636,5,rgb_pca,0,1
0.7479267,5,rgb_pca,0,1
0.7673652,5,rgb_pca,0,1
0.79574585,5,rgb_pca,0,1
0.80847996,5,rgb_pca,0,1
0.80707693,5,rgb_pca,0,1
0.8083323,5,rgb_pca,0,1
0.76081324,5,rgb_pca,0,1
0.76920676,5,rgb_pca,0,1
0.79655516,5,rgb_pca,0,1
0.80488694,5,rgb_pca,0,1
0.7971827,5,rgb_pca,0,1
0.7845773,5,rgb_pca,0,1
0.7803999,5,rgb_pca,0,1
0.7753935,5,rgb_pca,0,1
0.7872809,5,rgb_pca,0,1
0.80437195,5,rgb_pca,0,1
0.769281,5,rgb_pca,0,1
0.7826801,5,rgb_pca,0,1
0.7744026,5,rgb_pca,0,1
0.7692367,5,rgb_pca,0,1
0.7488116,5,rgb_pca,0,1
0.7706964,5,rgb_pca,0,1
0.7812401,5,rgb_pca,0,1
0.7640225,5,rgb_pca,0,1
0.74508184,5,rgb_pca,0,1
0.76400495,5,rgb_pca,0,1
0.7770263,5,rgb_pca,0,1
0.8032897,5,rgb_pca,0,1
0.78820467,5,rgb_pca,0,1
0.7731372,5,rgb_pca,0,1
0.8027139,5,rgb_pca,0,1
0.78138846,5,rgb_pca,0,1
0.79426044,5,rgb_pca,0,1
0.8153031,5,rgb_pca,0,1
0.79965365,5,rgb_pca,0,1
0.8277248,5,rgb_pca,0,1
0.8123901,5,rgb_pca,0,1
0.7984812,5,rgb_pca,0,1
0.79156774,5,rgb_pca,0,1
0.7665503,5,rgb_pca,0,1
0.7671798,5,rgb_pca,0,1
0.7641073,5,rgb_pca,0,1
0.77591,5,rgb_pca,0,1
0.7651758,5,rgb_pca,0,1
0.76151776,5,rgb_pca,0,1
0.7495161,5,rgb_pca,0,1
0.744524,5,rgb_pca,0,1
0.76828116,5,rgb_pca,0,1
0.8133418,5,rgb_pca,0,1
0.80165756,5,rgb_pca,0,1
0.6986023,5,rgb_pca,0,1
0.72012615,5,rgb_pca,0,1
0.72015965,5,rgb_pca,0,1
0.75377774,5,rgb_pca,0,1
0.8285307,5,rgb_pca,0,1
0.8112242,5,rgb_pca,0,1
0.7003533,5,rgb_pca,0,1
0.72421694,5,rgb_pca,0,1
0.7387774,5,rgb_pca,0,1
0.7805964,5,rgb_pca,0,1
0.786956,5,rgb_pca,0,1
0.76163685,5,rgb_pca,0,1
0.7505282,5,rgb_pca,0,1
0.7694152,5,rgb_pca,0,1
0.77650154,5,rgb_pca,0,1
0.81161344,5,rgb_pca,0,1
0.77784824,5,rgb_pca,0,1
0.76020485,5,rgb_pca,0,1
0.7726235,5,rgb_pca,0,1
0.7185985,5,rgb_pca,0,1
0.73650694,5,rgb_pca,0,1
0.7489487,5,rgb_pca,0,1
0.7708647,5,rgb_pca,0,1
0.8063204,5,rgb_pca,0,1
0.7192091,5,rgb_pca,0,1
0.72169375,5,rgb_pca,0,1
0.70979935,5,rgb_pca,0,1
0.7363813,5,rgb_pca,0,1
0.7446098,5,rgb_pca,0,1
0.72936076,5,rgb_pca,0,1
0.7296139,5,rgb_pca,0,1
0.7655315,5,rgb_pca,0,1
0.751438,5,rgb_pca,0,1
0.733864,5,rgb_pca,0,1
0.7420513,5,rgb_pca,0,1
0.75027865,5,rgb_pca,0,1
0.74731195,5,rgb_pca,0,1
0.72492635,3,rgb_pca,0,1
0.7354586,3,rgb_pca,0,1
0.67673534,3,rgb_pca,0,1
0.70715564,3,rgb_pca,0,1
0.68940544,3,rgb_pca,0,1
0.68106127,3,rgb_pca,0,1
0.6602699,3,rgb_pca,0,1
0.6309983,3,rgb_pca,0,1
0.6152179,3,rgb_pca,0,1
0.6346283,3,rgb_pca,0,1
0.6563984,3,rgb_pca,0,1
0.6466868,3,rgb_pca,0,1
0.62575847,3,rgb_pca,0,1
0.6632793,3,rgb_pca,0,1
0.66655844,3,rgb_pca,0,1
0.6778133,3,rgb_pca,0,1
0.6515001,3,rgb_pca,0,1
0.65556294,3,rgb_pca,0,1
0.67055714,3,rgb_pca,0,1
0.68672097,3,rgb_pca,0,1
0.6955544,3,rgb_pca,0,1
0.6998474,3,rgb_pca,0,1
0.6868062,3,rgb_pca,0,1
0.6923642,3,rgb_pca,0,1
0.7054666,3,rgb_pca,0,1
0.704875,3,rgb_pca,0,1
0.70822227,3,rgb_pca,0,1
0.7577822,3,rgb_pca,0,1
0.7270544,3,rgb_pca,0,1
0.7093425,3,rgb_pca,0,1
0.7099265,3,rgb_pca,0,1
0.74143744,3,rgb_pca,0,1
0.7788645,3,rgb_pca,0,1
0.7868434,3,rgb_pca,0,1
0.7230772,3,rgb_pca,0,1
0.7589151,3,rgb_pca,0,1
0.7111702,3,rgb_pca,0,1
0.70038587,3,rgb_pca,0,1
0.7384635,3,rgb_pca,0,1
0.7303822,3,rgb_pca,0,1
0.72340304,3,rgb_pca,0,1
0.74670225,3,rgb_pca,0,1
0.7702426,3,rgb_pca,0,1
0.7518286,3,rgb_pca,0,1
0.6834835,3,rgb_pca,0,1
0.74153185,3,rgb_pca,0,1
0.7090038,3,rgb_pca,0,1
0.7402952,3,rgb_pca,0,1
0.756094,3,rgb_pca,0,1
0.7181188,3,rgb_pca,0,1
0.7345388,3,rgb_pca,0,1
0.7228046,3,rgb_pca,0,1
0.7351877,3,rgb_pca,0,1
0.74074054,3,rgb_pca,0,1
0.75424504,3,rgb_pca,0,1
0.791741,3,rgb_pca,0,1
0.7021954,3,rgb_pca,0,1
0.7494376,3,rgb_pca,0,1
0.74296427,3,rgb_pca,0,1
0.69144547,3,rgb_pca,0,1
0.7077511,3,rgb_pca,0,1
0.67542505,3,rgb_pca,0,1
0.68950933,3,rgb_pca,0,1
0.7226675,3,rgb_pca,0,1
0.75276047,3,rgb_pca,0,1
0.8021965,3,rgb_pca,0,1
0.6982168,3,rgb_pca,0,1
0.7134151,3,rgb_pca,0,1
0.73866105,3,rgb_pca,0,1
0.758127,3,rgb_pca,0,1
0.7525495,3,rgb_pca,0,1
0.70105714,3,rgb_pca,0,1
0.7173792,3,rgb_pca,0,1
0.73401344,3,rgb_pca,0,1
0.7542867,3,rgb_pca,0,1
0.7958814,3,rgb_pca,0,1
0.70478356,3,rgb_pca,0,1
0.70243454,3,rgb_pca,0,1
0.72314864,3,rgb_pca,0,1
0.7513254,3,rgb_pca,0,1
0.7550138,3,rgb_pca,0,1
0.7076341,3,rgb_pca,0,1
0.7196098,3,rgb_pca,0,1
0.7162506,3,rgb_pca,0,1
0.7533518,3,rgb_pca,0,1
0.79244953,3,rgb_pca,0,1
0.72747767,3,rgb_pca,0,1
0.72670895,3,rgb_pca,0,1
0.73351383,3,rgb_pca,0,1
0.7627696,3,rgb_pca,0,1
0.762254,3,rgb_pca,0,1
0.72676075,3,rgb_pca,0,1
0.7416353,3,rgb_pca,0,1
0.74498045,3,rgb_pca,0,1
0.75775063,3,rgb_pca,0,1
0.80057913,3,rgb_pca,0,1
0.7696303,3,rgb_pca,0,1
0.8087791,3,rgb_pca,0,1
0.7931019,3,rgb_pca,0,1
0.72382927,3,rgb_pca,0,1
0.742226,3,rgb_pca,0,1
0.72909915,3,rgb_pca,0,1
0.73602426,3,rgb_pca,0,1
0.7787666,3,rgb_pca,0,1
0.75693536,3,rgb_pca,0,1
0.7892161,3,rgb_pca,0,1
0.7817795,3,rgb_pca,0,1
0.72252065,3,rgb_pca,0,1
0.74030125,3,rgb_pca,0,1
0.74220395,3,rgb_pca,0,1
0.74553967,3,rgb_pca,0,1
0.776394,3,rgb_pca,0,1
0.74830747,3,rgb_pca,0,1
0.77401096,3,rgb_pca,0,1
0.7610115,3,rgb_pca,0,1
0.77721006,3,rgb_pca,0,1
0.78772795,3,rgb_pca,0,1
0.79680777,3,rgb_pca,0,1
0.8260375,3,rgb_pca,0,1
0.72642416,3,rgb_pca,0,1
0.7352419,3,rgb_pca,0,1
0.7310995,3,rgb_pca,0,1
0.74252075,3,rgb_pca,0,1
0.7851437,3,rgb_pca,0,1
0.6991722,3,rgb_pca,0,1
0.71023446,3,rgb_pca,0,1
0.68407845,3,rgb_pca,0,1
0.72411233,3,rgb_pca,0,1
0.764929,3,rgb_pca,0,1
0.65175974,3,rgb_pca,0,1
0.70808715,3,rgb_pca,0,1
0.65389216,3,rgb_pca,0,1
0.77006567,3,rgb_pca,0,1
0.6488534,3,rgb_pca,0,1
0.69962955,3,rgb_pca,0,1
0.62296784,3,rgb_pca,0,1
0.6761919,3,rgb_pca,0,1
0.7332928,3,rgb_pca,0,1
0.7519386,3,rgb_pca,0,1
0.7473834,3,rgb_pca,0,1
0.744359,3,rgb_pca,0,1
0.7541328,3,rgb_pca,0,1
0.6900472,3,rgb_pca,0,1
0.7057986,3,rgb_pca,0,1
0.7283989,3,rgb_pca,0,1
0.7460537,3,rgb_pca,0,1
0.7412786,3,rgb_pca,0,1
0.71211404,3,rgb_pca,0,1
0.7071624,3,rgb_pca,0,1
0.6586224,3,rgb_pca,0,1
0.6846652,3,rgb_pca,0,1
0.7083992,3,rgb_pca,0,1
0.7073915,3,rgb_pca,0,1
0.71667916,3,rgb_pca,0,1
0.69406563,3,rgb_pca,0,1
0.7360429,3,rgb_pca,0,1
0.7554397,3,rgb_pca,0,1
0.70144737,3,rgb_pca,0,1
0.66658545,3,rgb_pca,0,1
0.6995479,3,rgb_pca,0,1
0.7040043,3,rgb_pca,0,1
0.68169886,3,rgb_pca,0,1
0.6997941,3,rgb_pca,0,1
0.67906106,3,rgb_pca,0,1
0.7157978,3,rgb_pca,0,1
0.73573107,3,rgb_pca,0,1
0.7358222,3,rgb_pca,0,1
0.6094436,3,rgb_pca,0,1
0.594821,3,rgb_pca,0,1
0.6791747,3,rgb_pca,0,1
0.70320094,3,rgb_pca,0,1
0.72474456,3,rgb_pca,0,1
0.6989485,3,rgb_pca,0,1
0.68223786,3,rgb_pca,0,1
0.6830356,3,rgb_pca,0,1
0.72777325,3,rgb_pca,0,1
0.7346904,3,rgb_pca,0,1
0.71593845,3,rgb_pca,0,1
0.7194643,3,rgb_pca,0,1
0.6092889,3,rgb_pca,0,1
0.6292414,3,rgb_pca,0,1
0.7050493,3,rgb_pca,0,1
0.72298837,3,rgb_pca,0,1
0.72222644,3,rgb_pca,0,1
0.69639856,3,rgb_pca,0,1
0.683333,3,rgb_pca,0,1
0.69656837,3,rgb_pca,0,1
0.73576915,3,rgb_pca,0,1
0.73708606,3,rgb_pca,0,1
0.73481244,3,rgb_pca,0,1
0.7202233,3,rgb_pca,0,1
0.64933574,3,rgb_pca,0,1
0.6564712,3,rgb_pca,0,1
0.69442,3,rgb_pca,0,1
0.6991787,3,rgb_pca,0,1
0.6796432,3,rgb_pca,0,1
0.67551315,3,rgb_pca,0,1
0.70087326,3,rgb_pca,0,1
0.7096853,3,rgb_pca,0,1
0.7338248,3,rgb_pca,0,1
0.73095435,3,rgb_pca,0,1
0.72296876,3,rgb_pca,0,1
0.7088764,3,rgb_pca,0,1
0.6904601,3,rgb_pca,0,1
0.68082905,3,rgb_pca,0,1
0.6583953,3,rgb_pca,0,1
0.6677283,3,rgb_pca,0,1
0.6718398,3,rgb_pca,0,1
0.6441458,3,rgb_pca,0,1
0.6507702,3,rgb_pca,0,1
0.7017206,3,rgb_pca,0,1
0.71318465,3,rgb_pca,0,1
0.72276515,3,rgb_pca,0,1
0.73777634,3,rgb_pca,0,1
0.7173234,3,rgb_pca,0,1
0.6866499,3,rgb_pca,0,1
0.69775784,3,rgb_pca,0,1
0.6528549,3,rgb_pca,0,1
0.6542492,3,rgb_pca,0,1
0.6720508,3,rgb_pca,0,1
0.6634804,3,rgb_pca,0,1
0.6629063,3,rgb_pca,0,1
0.6818778,3,rgb_pca,0,1
0.70612806,3,rgb_pca,0,1
0.7152096,3,rgb_pca,0,1
0.7340332,3,rgb_pca,0,1
0.7524326,3,rgb_pca,0,1
0.7206806,3,rgb_pca,0,1
0.7061472,3,rgb_pca,0,1
0.750887,3,rgb_pca,0,1
0.6741229,3,rgb_pca,0,1
0.6876149,3,rgb_pca,0,1
0.6803354,3,rgb_pca,0,1
0.682235,3,rgb_pca,0,1
0.72374326,3,rgb_pca,0,1
0.73540246,3,rgb_pca,0,1
0.70175976,3,rgb_pca,0,1
0.6963239,3,rgb_pca,0,1
0.7539649,3,rgb_pca,0,1
0.7704421,3,rgb_pca,0,1
0.7112794,3,rgb_pca,0,1
0.71367985,3,rgb_pca,0,1
0.7523465,3,rgb_pca,0,1
0.7012496,3,rgb_pca,0,1
0.7028921,3,rgb_pca,0,1
0.7560334,3,rgb_pca,0,1
0.7629291,3,rgb_pca,0,1
0.7282598,3,rgb_pca,0,1
0.72427595,3,rgb_pca,0,1
0.78725445,3,rgb_pca,0,1
0.80622077,3,rgb_pca,0,1
0.7250985,3,rgb_pca,0,1
0.71137667,3,rgb_pca,0,1
0.71809506,3,rgb_pca,0,1
0.70413446,3,rgb_pca,0,1
0.7084652,3,rgb_pca,0,1
0.7304754,3,rgb_pca,0,1
0.73986286,3,rgb_pca,0,1
0.72061056,3,rgb_pca,0,1
0.72129714,3,rgb_pca,0,1
0.79780835,3,rgb_pca,0,1
0.8228489,3,rgb_pca,0,1
0.72803116,3,rgb_pca,0,1
0.6766204,3,rgb_pca,0,1
0.71929246,3,rgb_pca,0,1
0.7087772,3,rgb_pca,0,1
0.7133124,3,rgb_pca,0,1
0.71548396,3,rgb_pca,0,1
0.71587193,3,rgb_pca,0,1
0.7522338,3,rgb_pca,0,1
0.7794,3,rgb_pca,0,1
0.7108983,3,rgb_pca,0,1
0.7011741,3,rgb_pca,0,1
0.7345172,3,rgb_pca,0,1
0.73332554,3,rgb_pca,0,1
0.69699806,3,rgb_pca,0,1
0.703518,3,rgb_pca,0,1
0.71427846,3,rgb_pca,0,1
0.74612653,3,rgb_pca,0,1
0.71977496,3,rgb_pca,0,1
0.68011975,3,rgb_pca,0,1
0.68165696,3,rgb_pca,0,1
0.67200375,3,rgb_pca,0,1
0.7079018,3,rgb_pca,0,1
0.7316979,3,rgb_pca,0,1
0.7173774,3,rgb_pca,0,1
0.754169,3,rgb_pca,0,1
0.75475675,3,rgb_pca,0,1
0.76058394,3,rgb_pca,0,1
0.7516382,3,rgb_pca,0,1
0.71998423,3,rgb_pca,0,1
0.73786736,3,rgb_pca,0,1
0.7280047,3,rgb_pca,0,1
0.7205994,3,rgb_pca,0,1
0.7192178,3,rgb_pca,0,1
0.7138485,3,rgb_pca,0,1
0.710826,3,rgb_pca,0,1
0.73055816,3,rgb_pca,0,1
0.7046292,3,rgb_pca,0,1
0.7077136,3,rgb_pca,0,1
0.7502015,3,rgb_pca,0,1
0.71567214,3,rgb_pca,0,1
0.684921,3,rgb_pca,0,1
0.74937475,3,rgb_pca,0,1
0.72834677,3,rgb_pca,0,1
0.7545712,3,rgb_pca,0,1
0.7641898,3,rgb_pca,0,1
0.75899076,3,rgb_pca,0,1
0.76757234,3,rgb_pca,0,1
0.7745795,3,rgb_pca,0,1
0.76285577,3,rgb_pca,0,1
0.75541615,3,rgb_pca,0,1
0.7803366,3,rgb_pca,0,1
0.77367985,3,rgb_pca,0,1
0.76758456,7,rgb_pca,0,1
0.73973566,7,rgb_pca,0,1
0.7165367,7,rgb_pca,0,1
0.72282845,7,rgb_pca,0,1
0.74472606,7,rgb_pca,0,1
0.7855508,7,rgb_pca,0,1
0.7883543,7,rgb_pca,0,1
0.76976836,7,rgb_pca,0,1
0.7543659,7,rgb_pca,0,1
0.7464768,7,rgb_pca,0,1
0.70868003,7,rgb_pca,0,1
0.6847986,7,rgb_pca,0,1
0.7115308,7,rgb_pca,0,1
0.7217467,7,rgb_pca,0,1
0.7374015,7,rgb_pca,0,1
0.73493516,7,rgb_pca,0,1
0.7234138,7,rgb_pca,0,1
0.71647125,7,rgb_pca,0,1
0.7622514,7,rgb_pca,0,1
0.72020555,7,rgb_pca,0,1
0.69459224,7,rgb_pca,0,1
0.6926961,7,rgb_pca,0,1
0.69617045,7,rgb_pca,0,1
0.7155702,7,rgb_pca,0,1
0.70957327,7,rgb_pca,0,1
0.70453435,7,rgb_pca,0,1
0.6992799,7,rgb_pca,0,1
0.7864071,7,rgb_pca,0,1
0.75637555,7,rgb_pca,0,1
0.73260933,7,rgb_pca,0,1
0.7258535,7,rgb_pca,0,1
0.71683306,7,rgb_pca,0,1
0.73533654,7,rgb_pca,0,1
0.74237376,7,rgb_pca,0,1
0.72777313,7,rgb_pca,0,1
0.7335233,7,rgb_pca,0,1
0.7973353,7,rgb_pca,0,1
0.78391826,7,rgb_pca,0,1
0.74903446,7,rgb_pca,0,1
0.7353145,7,rgb_pca,0,1
0.7316456,7,rgb_pca,0,1
0.73209226,7,rgb_pca,0,1
0.7420292,7,rgb_pca,0,1
0.7227844,7,rgb_pca,0,1
0.7334732,7,rgb_pca,0,1
0.71562827,3,rgb_pca,0,1
0.69360685,3,rgb_pca,0,1
0.6914859,3,rgb_pca,0,1
0.71286654,3,rgb_pca,0,1
0.6840063,3,rgb_pca,0,1
0.72013193,3,rgb_pca,0,1
0.6883365,3,rgb_pca,0,1
0.6583481,3,rgb_pca,0,1
0.65811884,3,rgb_pca,0,1
0.7452011,3,rgb_pca,0,1
0.7087529,3,rgb_pca,0,1
0.7020397,3,rgb_pca,0,1
0.7360413,3,rgb_pca,0,1
0.7202444,3,rgb_pca,0,1
0.6728091,3,rgb_pca,0,1
0.67003345,3,rgb_pca,0,1
0.63796103,3,rgb_pca,0,1
0.6495205,3,rgb_pca,0,1
0.71795756,3,rgb_pca,0,1
0.7055092,3,rgb_pca,0,1
0.7040321,3,rgb_pca,0,1
0.709905,3,rgb_pca,0,1
0.72436506,3,rgb_pca,0,1
0.7126027,3,rgb_pca,0,1
0.74648726,3,rgb_pca,0,1
0.70615435,3,rgb_pca,0,1
0.696877,3,rgb_pca,0,1
0.6844789,3,rgb_pca,0,1
0.6685778,3,rgb_pca,0,1
0.7150736,3,rgb_pca,0,1
0.72275233,3,rgb_pca,0,1
0.7017594,3,rgb_pca,0,1
0.6937841,3,rgb_pca,0,1
0.7221579,3,rgb_pca,0,1
0.733294,3,rgb_pca,0,1
0.77104074,3,rgb_pca,0,1
0.7211181,3,rgb_pca,0,1
0.6926713,3,rgb_pca,0,1
0.6703663,3,rgb_pca,0,1
0.65128726,3,rgb_pca,0,1
0.7382809,3,rgb_pca,0,1
0.73573434,3,rgb_pca,0,1
0.7086807,3,rgb_pca,0,1
0.68850315,3,rgb_pca,0,1
0.7199887,3,rgb_pca,0,1
0.7472368,3,rgb_pca,0,1
0.7098176,3,rgb_pca,0,1
0.718421,3,rgb_pca,0,1
0.7210705,3,rgb_pca,0,1
0.70322967,3,rgb_pca,0,1
0.6665119,3,rgb_pca,0,1
0.6300684,3,rgb_pca,0,1
0.7455144,3,rgb_pca,0,1
0.7179214,3,rgb_pca,0,1
0.6828452,3,rgb_pca,0,1
0.6656188,3,rgb_pca,0,1
0.7181022,3,rgb_pca,0,1
0.74403024,3,rgb_pca,0,1
0.722751,3,rgb_pca,0,1
0.7279451,3,rgb_pca,0,1
0.7234112,3,rgb_pca,0,1
0.74840117,3,rgb_pca,0,1
0.72706133,3,rgb_pca,0,1
0.63689584,3,rgb_pca,0,1
0.76366246,3,rgb_pca,0,1
0.7154803,3,rgb_pca,0,1
0.71064276,3,rgb_pca,0,1
0.66298234,3,rgb_pca,0,1
0.6683423,3,rgb_pca,0,1
0.7010715,3,rgb_pca,0,1
0.7111198,3,rgb_pca,0,1
0.71675086,3,rgb_pca,0,1
0.69810516,3,rgb_pca,0,1
0.7296683,3,rgb_pca,0,1
0.7159709,3,rgb_pca,0,1
0.71580845,3,rgb_pca,0,1
0.6532769,3,rgb_pca,0,1
0.7376782,3,rgb_pca,0,1
0.6947458,3,rgb_pca,0,1
0.6835016,3,rgb_pca,0,1
0.65229154,3,rgb_pca,0,1
0.67432874,3,rgb_pca,0,1
0.7196562,3,rgb_pca,0,1
0.7444378,3,rgb_pca,0,1
0.7538307,3,rgb_pca,0,1
0.71606356,3,rgb_pca,0,1
0.7517418,3,rgb_pca,0,1
0.7365373,3,rgb_pca,0,1
0.71488464,3,rgb_pca,0,1
0.6953418,3,rgb_pca,0,1
0.6850708,3,rgb_pca,0,1
0.6945879,3,rgb_pca,0,1
0.69144636,3,rgb_pca,0,1
0.7177472,3,rgb_pca,0,1
0.7234325,3,rgb_pca,0,1
0.73220456,3,rgb_pca,0,1
0.7292029,3,rgb_pca,0,1
0.74100196,3,rgb_pca,0,1
0.7627151,3,rgb_pca,0,1
0.74105453,3,rgb_pca,0,1
0.7083583,3,rgb_pca,0,1
0.73250437,3,rgb_pca,0,1
0.7060169,3,rgb_pca,0,1
0.7147664,3,rgb_pca,0,1
0.74635106,3,rgb_pca,0,1
0.75348485,3,rgb_pca,0,1
0.71428144,3,rgb_pca,0,1
0.7560882,3,rgb_pca,0,1
0.7508352,3,rgb_pca,0,1
0.72147274,3,rgb_pca,0,1
0.7386899,3,rgb_pca,0,1
0.7313349,3,rgb_pca,0,1
0.75880325,3,rgb_pca,0,1
0.7679798,3,rgb_pca,0,1
0.7626934,3,rgb_pca,0,1
0.7430713,3,rgb_pca,0,1
0.73216873,3,rgb_pca,0,1
0.742437,3,rgb_pca,0,1
0.7430905,3,rgb_pca,0,1
0.7308783,3,rgb_pca,0,1
0.7401902,3,rgb_pca,0,1
0.71331275,3,rgb_pca,0,1
0.7288102,3,rgb_pca,0,1
0.727146,3,rgb_pca,0,1
0.72624004,3,rgb_pca,0,1
0.68219167,3,rgb_pca,0,1
0.67268956,3,rgb_pca,0,1
0.74512583,3,rgb_pca,0,1
0.6859009,3,rgb_pca,0,1
0.6895628,3,rgb_pca,0,1
0.67248416,3,rgb_pca,0,1
0.65866303,3,rgb_pca,0,1
0.63538694,3,rgb_pca,0,1
0.7682347,3,rgb_pca,0,1
0.7503715,3,rgb_pca,0,1
0.7389771,3,rgb_pca,0,1
0.766917,3,rgb_pca,0,1
0.78899944,3,rgb_pca,0,1
0.778273,3,rgb_pca,0,1
0.7567345,3,rgb_pca,0,1
0.77502567,3,rgb_pca,0,1
0.79472667,3,rgb_pca,0,1
0.7583498,3,rgb_pca,0,1
0.7466381,3,rgb_pca,0,1
0.75014937,3,rgb_pca,0,1
0.7529559,3,rgb_pca,0,1
0.76495636,3,rgb_pca,0,1
0.79981947,3,rgb_pca,0,1
0.7740119,3,rgb_pca,0,1
0.7657608,3,rgb_pca,0,1
0.7774283,3,rgb_pca,0,1
0.7859132,3,rgb_pca,0,1
0.7551105,3,rgb_pca,0,1
0.73976064,3,rgb_pca,0,1
0.74426925,3,rgb_pca,0,1
0.7654165,3,rgb_pca,0,1
0.7906842,3,rgb_pca,0,1
0.7828264,3,rgb_pca,0,1
0.7714037,3,rgb_pca,0,1
0.7793593,3,rgb_pca,0,1
0.7498366,3,rgb_pca,0,1
0.76277167,3,rgb_pca,0,1
0.7413026,3,rgb_pca,0,1
0.74307114,3,rgb_pca,0,1
0.774877,3,rgb_pca,0,1
0.80513096,3,rgb_pca,0,1
0.80714345,3,rgb_pca,0,1
0.7876024,3,rgb_pca,0,1
0.78268236,3,rgb_pca,0,1
0.77455956,3,rgb_pca,0,1
0.75753295,3,rgb_pca,0,1
0.7435615,3,rgb_pca,0,1
0.762281,3,rgb_pca,0,1
0.78270704,3,rgb_pca,0,1
0.8104128,3,rgb_pca,0,1
0.7948864,3,rgb_pca,0,1
0.7834426,3,rgb_pca,0,1
0.7564024,3,rgb_pca,0,1
0.76757014,3,rgb_pca,0,1
0.76675415,3,rgb_pca,0,1
0.74982667,3,rgb_pca,0,1
0.7449364,3,rgb_pca,0,1
0.7639086,3,rgb_pca,0,1
0.8036663,3,rgb_pca,0,1
0.8361609,3,rgb_pca,0,1
0.8071354,3,rgb_pca,0,1
0.7538514,3,rgb_pca,0,1
0.7579691,3,rgb_pca,0,1
0.7451548,3,rgb_pca,0,1
0.7655979,3,rgb_pca,0,1
0.78427565,3,rgb_pca,0,1
0.7700602,3,rgb_pca,0,1
0.76917034,3,rgb_pca,0,1
0.81012404,7,rgb_pca,0,1
0.78857994,7,rgb_pca,0,1
0.78898656,7,rgb_pca,0,1
0.8129169,7,rgb_pca,0,1
0.81374824,7,rgb_pca,0,1
0.79526067,7,rgb_pca,0,1
0.7862968,7,rgb_pca,0,1
0.7997948,7,rgb_pca,0,1
0.79790413,7,rgb_pca,0,1
0.7616155,7,rgb_pca,0,1
0.7589767,7,rgb_pca,0,1
0.76850176,7,rgb_pca,0,1
0.73408854,7,rgb_pca,0,1
0.7273308,7,rgb_pca,0,1
0.7446928,7,rgb_pca,0,1
0.7519635,7,rgb_pca,0,1
0.73802245,7,rgb_pca,0,1
0.7358928,7,rgb_pca,0,1
0.7457116,7,rgb_pca,0,1
0.7335956,7,rgb_pca,0,1
0.7537039,7,rgb_pca,0,1
0.73281807,7,rgb_pca,0,1
0.71101856,7,rgb_pca,0,1
0.7111411,7,rgb_pca,0,1
0.7054967,7,rgb_pca,0,1
0.71010005,7,rgb_pca,0,1
0.7092823,7,rgb_pca,0,1
0.7361171,7,rgb_pca,0,1
0.7374811,7,rgb_pca,0,1
0.7072102,7,rgb_pca,0,1
0.68717885,7,rgb_pca,0,1
0.72928786,7,rgb_pca,0,1
0.72472334,7,rgb_pca,0,1
0.72813916,7,rgb_pca,0,1
0.72819525,7,rgb_pca,0,1
0.71938336,7,rgb_pca,0,1
0.71229935,7,rgb_pca,0,1
0.7053156,7,rgb_pca,0,1
0.72721565,7,rgb_pca,0,1
0.7314725,7,rgb_pca,0,1
0.7257444,7,rgb_pca,0,1
0.7014974,7,rgb_pca,0,1
0.7118794,7,rgb_pca,0,1
0.7478429,7,rgb_pca,0,1
0.7530817,7,rgb_pca,0,1
0.7397932,7,rgb_pca,0,1
0.72591776,7,rgb_pca,0,1
0.7094629,7,rgb_pca,0,1
0.70311344,7,rgb_pca,0,1
0.73841894,7,rgb_pca,0,1
0.73352396,7,rgb_pca,0,1
0.75630486,7,rgb_pca,0,1
0.7254555,7,rgb_pca,0,1
0.718672,7,rgb_pca,0,1
0.7036444,7,rgb_pca,0,1
0.71901435,7,rgb_pca,0,1
0.739658,7,rgb_pca,0,1
0.72813326,7,rgb_pca,0,1
0.719324,7,rgb_pca,0,1
0.71344346,7,rgb_pca,0,1
0.75271356,7,rgb_pca,0,1
0.78910947,7,rgb_pca,0,1
0.79652363,7,rgb_pca,0,1
0.75403816,7,rgb_pca,0,1
0.6765409,7,rgb_pca,0,1
0.6937202,7,rgb_pca,0,1
0.7213306,7,rgb_pca,0,1
0.7440215,7,rgb_pca,0,1
0.7664906,7,rgb_pca,0,1
0.74067473,7,rgb_pca,0,1
0.6589341,7,rgb_pca,0,1
0.66544056,7,rgb_pca,0,1
0.6605977,7,rgb_pca,0,1
0.69192135,7,rgb_pca,0,1
0.7414637,7,rgb_pca,0,1
0.75935155,7,rgb_pca,0,1
0.6915256,7,rgb_pca,0,1
0.676524,7,rgb_pca,0,1
0.6168725,7,rgb_pca,0,1
0.6844331,7,rgb_pca,0,1
0.69430494,7,rgb_pca,0,1
0.6967205,7,rgb_pca,0,1
0.73717093,7,rgb_pca,0,1
0.7665115,7,rgb_pca,0,1
0.7057158,7,rgb_pca,0,1
0.67867446,7,rgb_pca,0,1
0.68872404,7,rgb_pca,0,1
0.7068224,7,rgb_pca,0,1
0.7570977,7,rgb_pca,0,1
0.748279,7,rgb_pca,0,1
0.66267395,7,rgb_pca,0,1
0.6688986,7,rgb_pca,0,1
0.7027832,7,rgb_pca,0,1
0.71227974,7,rgb_pca,0,1
0.760499,7,rgb_pca,0,1
0.7138959,7,rgb_pca,0,1
0.61663043,7,rgb_pca,0,1
0.6137306,3,rgb_pca,0,1
0.6253448,3,rgb_pca,0,1
0.6130072,3,rgb_pca,0,1
0.6475452,3,rgb_pca,0,1
0.6642102,3,rgb_pca,0,1
0.6497409,3,rgb_pca,0,1
0.67576456,3,rgb_pca,0,1
0.66640854,3,rgb_pca,0,1
0.6391009,3,rgb_pca,0,1
0.71431977,7,rgb_pca,0,1
0.7638334,7,rgb_pca,0,1
0.70135,3,rgb_pca,0,1
0.6242858,3,rgb_pca,0,1
0.61941236,3,rgb_pca,0,1
0.6612654,3,rgb_pca,0,1
0.6715076,3,rgb_pca,0,1
0.64901906,3,rgb_pca,0,1
0.66735256,3,rgb_pca,0,1
0.6686529,3,rgb_pca,0,1
0.65538424,3,rgb_pca,0,1
0.75876707,3,rgb_pca,0,1
0.7277065,3,rgb_pca,0,1
0.70270145,3,rgb_pca,0,1
0.70138276,3,rgb_pca,0,1
0.6901545,3,rgb_pca,0,1
0.6698194,3,rgb_pca,0,1
0.7323141,3,rgb_pca,0,1
0.707378,3,rgb_pca,0,1
0.681134,3,rgb_pca,0,1
0.66838735,3,rgb_pca,0,1
0.65083957,3,rgb_pca,0,1
0.73042405,3,rgb_pca,0,1
0.6830324,3,rgb_pca,0,1
0.6432495,3,rgb_pca,0,1
0.6646099,3,rgb_pca,0,1
0.6803259,3,rgb_pca,0,1
0.6574452,3,rgb_pca,0,1
0.69954765,3,rgb_pca,0,1
0.6959374,3,rgb_pca,0,1
0.6956113,3,rgb_pca,0,1
0.6524997,3,rgb_pca,0,1
0.6134448,3,rgb_pca,0,1
0.7159134,3,rgb_pca,0,1
0.68850464,3,rgb_pca,0,1
0.7053579,3,rgb_pca,0,1
0.69963574,3,rgb_pca,0,1
0.6911055,3,rgb_pca,0,1
0.7133194,3,rgb_pca,0,1
0.6731161,3,rgb_pca,0,1
0.6879618,3,rgb_pca,0,1
0.67707676,3,rgb_pca,0,1
0.66708946,3,rgb_pca,0,1
0.6775793,3,rgb_pca,0,1
0.6917073,3,rgb_pca,0,1
0.70204717,3,rgb_pca,0,1
0.69911397,3,rgb_pca,0,1
0.7485048,3,rgb_pca,0,1
0.71999866,3,rgb_pca,0,1
0.6892408,3,rgb_pca,0,1
0.70724255,3,rgb_pca,0,1
0.72171116,3,rgb_pca,0,1
0.72908634,3,rgb_pca,0,1
0.6678287,3,rgb_pca,0,1
0.6508394,3,rgb_pca,0,1
0.71035767,3,rgb_pca,0,1
0.7243085,3,rgb_pca,0,1
0.81944036,3,rgb_pca,0,1
0.75639343,3,rgb_pca,0,1
0.7533721,3,rgb_pca,0,1
0.7566005,3,rgb_pca,0,1
0.7147058,3,rgb_pca,0,1
0.6793179,3,rgb_pca,0,1
0.6953847,3,rgb_pca,0,1
0.728176,3,rgb_pca,0,1
0.75001633,3,rgb_pca,0,1
0.7060943,3,rgb_pca,0,1
0.70239586,3,rgb_pca,0,1
0.69014955,3,rgb_pca,0,1
0.70452785,3,rgb_pca,0,1
0.83155966,3,rgb_pca,0,1
0.7798733,3,rgb_pca,0,1
0.7474897,3,rgb_pca,0,1
0.7350495,3,rgb_pca,0,1
0.70061326,3,rgb_pca,0,1
0.6850525,3,rgb_pca,0,1
0.6892076,3,rgb_pca,0,1
0.71710885,3,rgb_pca,0,1
0.7244457,3,rgb_pca,0,1
0.73350513,3,rgb_pca,0,1
0.76640797,3,rgb_pca,0,1
0.737803,3,rgb_pca,0,1
0.73864865,3,rgb_pca,0,1
0.7094661,3,rgb_pca,0,1
0.6994252,3,rgb_pca,0,1
0.69514,3,rgb_pca,0,1
0.6954075,3,rgb_pca,0,1
0.6938673,3,rgb_pca,0,1
0.7179371,3,rgb_pca,0,1
0.7305343,3,rgb_pca,0,1
0.7230563,3,rgb_pca,0,1
0.71033776,3,rgb_pca,0,1
0.7111137,3,rgb_pca,0,1
0.68360424,3,rgb_pca,0,1
0.6744182,3,rgb_pca,0,1
0.68873036,3,rgb_pca,0,1
0.7045026,3,rgb_pca,0,1
0.6846297,3,rgb_pca,0,1
0.7125591,3,rgb_pca,0,1
0.7481699,3,rgb_pca,0,1
0.72982395,3,rgb_pca,0,1
0.73854,3,rgb_pca,0,1
0.71728545,3,rgb_pca,0,1
0.7003896,3,rgb_pca,0,1
0.70784605,3,rgb_pca,0,1
0.71387863,3,rgb_pca,0,1
0.70980704,3,rgb_pca,0,1
0.71598744,3,rgb_pca,0,1
0.73130083,3,rgb_pca,0,1
0.7290522,3,rgb_pca,0,1
0.715183,3,rgb_pca,0,1
0.7451731,3,rgb_pca,0,1
0.7327217,3,rgb_pca,0,1
0.7301188,3,rgb_pca,0,1
0.67147565,3,rgb_pca,0,1
0.67094356,3,rgb_pca,0,1
0.7175805,3,rgb_pca,0,1
0.7380139,3,rgb_pca,0,1
0.7250653,3,rgb_pca,0,1
0.7321364,3,rgb_pca,0,1
0.71419394,3,rgb_pca,0,1
0.7181581,3,rgb_pca,0,1
0.7321358,3,rgb_pca,0,1
0.6501365,3,rgb_pca,0,1
0.68685913,3,rgb_pca,0,1
0.7070373,3,rgb_pca,0,1
0.80697733,3,rgb_pca,0,1
0.75758123,3,rgb_pca,0,1
0.735919,3,rgb_pca,0,1
0.81976444,3,rgb_pca,0,1
0.77449876,3,rgb_pca,0,1
0.7421989,3,rgb_pca,0,1
0.73036146,3,rgb_pca,0,1
0.81032056,3,rgb_pca,0,1
0.7446172,3,rgb_pca,0,1
0.7365413,3,rgb_pca,0,1
0.749061,3,rgb_pca,0,1
0.73398197,3,rgb_pca,0,1
0.7094935,3,rgb_pca,0,1
0.78199154,3,rgb_pca,0,1
0.71235347,3,rgb_pca,0,1
0.70343053,3,rgb_pca,0,1
0.7307844,3,rgb_pca,0,1
0.73214865,3,rgb_pca,0,1
0.71242964,3,rgb_pca,0,1
0.7481505,3,rgb_pca,0,1
0.69267803,3,rgb_pca,0,1
0.6909244,3,rgb_pca,0,1
0.726868,3,rgb_pca,0,1
0.6970259,3,rgb_pca,0,1
0.7121895,3,rgb_pca,0,1
0.74371505,3,rgb_pca,0,1
0.7178863,3,rgb_pca,0,1
0.6785464,3,rgb_pca,0,1
0.7101425,3,rgb_pca,0,1
0.7213186,3,rgb_pca,0,1
0.7033757,3,rgb_pca,0,1
0.72062624,3,rgb_pca,0,1
0.7362582,3,rgb_pca,0,1
0.6853428,3,rgb_pca,0,1
0.6407129,3,rgb_pca,0,1
0.725516,3,rgb_pca,0,1
0.7374071,3,rgb_pca,0,1
0.7204786,3,rgb_pca,0,1
0.73827016,3,rgb_pca,0,1
0.7452022,3,rgb_pca,0,1
0.72192967,3,rgb_pca,0,1
0.6941699,3,rgb_pca,0,1
0.6373752,3,rgb_pca,0,1
0.7381494,3,rgb_pca,0,1
0.75970685,3,rgb_pca,0,1
0.72943944,3,rgb_pca,0,1
0.714661,3,rgb_pca,0,1
0.7214322,3,rgb_pca,0,1
0.7126874,3,rgb_pca,0,1
0.6658864,3,rgb_pca,0,1
0.7355337,3,rgb_pca,0,1
0.6879057,3,rgb_pca,0,1
0.7523582,7,rgb_pca,0,1
0.78139985,7,rgb_pca,0,1
0.75980103,7,rgb_pca,0,1
0.77319014,7,rgb_pca,0,1
0.7369248,7,rgb_pca,0,1
0.7305348,7,rgb_pca,0,1
0.7217471,7,rgb_pca,0,1
0.7061689,7,rgb_pca,0,1
0.70182765,7,rgb_pca,0,1
0.71092147,7,rgb_pca,0,1
0.71005327,7,rgb_pca,0,1
0.71444726,7,rgb_pca,0,1
0.71191937,7,rgb_pca,0,1
0.7552938,7,rgb_pca,0,1
0.7066739,7,rgb_pca,0,1
0.73383325,7,rgb_pca,0,1
0.73506254,7,rgb_pca,0,1
0.7113924,7,rgb_pca,0,1
0.7185289,7,rgb_pca,0,1
0.7414938,7,rgb_pca,0,1
0.74267787,7,rgb_pca,0,1
0.70730793,7,rgb_pca,0,1
0.7661179,7,rgb_pca,0,1
0.7482446,7,rgb_pca,0,1
0.74609345,7,rgb_pca,0,1
0.7479987,7,rgb_pca,0,1
0.72565603,7,rgb_pca,0,1
0.6618423,7,rgb_pca,0,1
0.7560452,7,rgb_pca,0,1
0.7608348,7,rgb_pca,0,1
0.75087035,7,rgb_pca,0,1
0.78831065,7,rgb_pca,0,1
0.74027723,7,rgb_pca,0,1
0.6538222,7,rgb_pca,0,1
0.6854745,7,rgb_pca,0,1
0.7091712,7,rgb_pca,0,1
0.73847294,7,rgb_pca,0,1
0.7465875,7,rgb_pca,0,1
0.73613125,7,rgb_pca,0,1
0.78424126,7,rgb_pca,0,1
0.68035704,7,rgb_pca,0,1
0.7567481,7,rgb_pca,0,1
0.7625913,7,rgb_pca,0,1
0.7469231,7,rgb_pca,0,1
0.73780155,7,rgb_pca,0,1
0.70255065,7,rgb_pca,0,1
0.6832659,7,rgb_pca,0,1
0.7568344,7,rgb_pca,0,1
0.7501179,7,rgb_pca,0,1
0.73671854,7,rgb_pca,0,1
0.7505689,7,rgb_pca,0,1
0.68997574,7,rgb_pca,0,1
0.7328563,7,rgb_pca,0,1
0.7523558,7,rgb_pca,0,1
0.77132547,5,rgb_pca,0,1
0.7499087,5,rgb_pca,0,1
0.7746589,5,rgb_pca,0,1
0.7776386,5,rgb_pca,0,1
0.7536235,5,rgb_pca,0,1
0.7822918,5,rgb_pca,0,1
0.756406,5,rgb_pca,0,1
0.7973444,5,rgb_pca,0,1
0.74886775,5,rgb_pca,0,1
0.7670301,5,rgb_pca,0,1
0.77779233,5,rgb_pca,0,1
0.78987277,5,rgb_pca,0,1
0.729627,5,rgb_pca,0,1
0.7293664,5,rgb_pca,0,1
0.741967,5,rgb_pca,0,1
0.7668347,5,rgb_pca,0,1
0.7888461,5,rgb_pca,0,1
0.7197939,5,rgb_pca,0,1
0.73960257,5,rgb_pca,0,1
0.72526336,5,rgb_pca,0,1
0.7464411,5,rgb_pca,0,1
0.7750772,5,rgb_pca,0,1
0.788686,5,rgb_pca,0,1
0.7119623,5,rgb_pca,0,1
0.7470951,5,rgb_pca,0,1
0.7230649,5,rgb_pca,0,1
0.7312375,5,rgb_pca,0,1
0.7576842,5,rgb_pca,0,1
0.77954894,5,rgb_pca,0,1
0.72750986,5,rgb_pca,0,1
0.7595623,5,rgb_pca,0,1
0.732504,5,rgb_pca,0,1
0.73941994,5,rgb_pca,0,1
0.734686,5,rgb_pca,0,1
0.7274929,5,rgb_pca,0,1
0.74104303,5,rgb_pca,0,1
0.7480719,5,rgb_pca,0,1
0.72084016,5,rgb_pca,0,1
0.7458974,5,rgb_pca,0,1
0.7528086,5,rgb_pca,0,1
0.7515957,5,rgb_pca,0,1
0.74021333,5,rgb_pca,0,1
0.73105943,5,rgb_pca,0,1
0.7603406,5,rgb_pca,0,1
0.76025283,5,rgb_pca,0,1
0.7642039,5,rgb_pca,0,1
0.75931805,5,rgb_pca,0,1
0.770123,5,rgb_pca,0,1
0.7688357,5,rgb_pca,0,1
0.7268958,5,rgb_pca,0,1
0.7366388,5,rgb_pca,0,1
0.748585,5,rgb_pca,0,1
0.7878554,5,rgb_pca,0,1
0.7106767,5,rgb_pca,0,1
0.73274773,5,rgb_pca,0,1
0.7442984,5,rgb_pca,0,1
0.7512144,5,rgb_pca,0,1
0.7401637,5,rgb_pca,0,1
0.732282,5,rgb_pca,0,1
0.7477126,5,rgb_pca,0,1
0.75648606,5,rgb_pca,0,1
0.7609719,5,rgb_pca,0,1
0.75817525,5,rgb_pca,0,1
0.7637644,5,rgb_pca,0,1
0.7595335,5,rgb_pca,0,1
0.7609224,5,rgb_pca,0,1
0.8114072,5,rgb_pca,0,1
0.8061915,5,rgb_pca,0,1
0.7794653,5,rgb_pca,0,1
0.7910427,5,rgb_pca,0,1
0.77099776,5,rgb_pca,0,1
0.7618468,5,rgb_pca,0,1
0.75416446,5,rgb_pca,0,1
0.7693888,5,rgb_pca,0,1
0.78108424,5,rgb_pca,0,1
0.7179737,5,rgb_pca,0,1
0.7262713,5,rgb_pca,0,1
0.7713102,5,rgb_pca,0,1
0.7788043,5,rgb_pca,0,1
0.7892542,5,rgb_pca,0,1
0.81228876,5,rgb_pca,0,1
0.7367872,5,rgb_pca,0,1
0.74651676,5,rgb_pca,0,1
0.7865485,5,rgb_pca,0,1
0.7854197,5,rgb_pca,0,1
0.8009533,5,rgb_pca,0,1
0.8089793,5,rgb_pca,0,1
0.7617729,5,rgb_pca,0,1
0.7516712,5,rgb_pca,0,1
0.75842553,5,rgb_pca,0,1
0.77678657,5,rgb_pca,0,1
0.7964734,5,rgb_pca,0,1
0.7928543,5,rgb_pca,0,1
0.7732305,5,rgb_pca,0,1
0.76502013,5,rgb_pca,0,1
0.7777767,5,rgb_pca,0,1
0.79013914,5,rgb_pca,0,1
0.7925663,5,rgb_pca,0,1
0.78418154,5,rgb_pca,0,1
0.7736512,5,rgb_pca,0,1
0.8182482,5,rgb_pca,0,1
0.81711096,5,rgb_pca,0,1
0.7871329,5,rgb_pca,0,1
0.7163933,5,rgb_pca,0,1
0.7668888,5,rgb_pca,0,1
0.7692286,5,rgb_pca,0,1
0.810142,5,rgb_pca,0,1
0.6782134,5,rgb_pca,0,1
0.7508635,5,rgb_pca,0,1
0.74851584,5,rgb_pca,0,1
0.7831104,5,rgb_pca,0,1
0.6907102,5,rgb_pca,0,1
0.76030403,5,rgb_pca,0,1
0.7606344,5,rgb_pca,0,1
0.7925292,5,rgb_pca,0,1
0.8139672,5,rgb_pca,0,1
0.73691607,5,rgb_pca,0,1
0.74196136,5,rgb_pca,0,1
0.7917125,5,rgb_pca,0,1
0.7747452,5,rgb_pca,0,1
0.7410661,5,rgb_pca,0,1
0.754442,5,rgb_pca,0,1
0.76403904,5,rgb_pca,0,1
0.74126506,5,rgb_pca,0,1
0.7945411,5,rgb_pca,0,1
0.7588091,5,rgb_pca,0,1
0.76276535,5,rgb_pca,0,1
0.7575406,5,rgb_pca,0,1
0.74785537,5,rgb_pca,0,1
0.7588075,5,rgb_pca,0,1
0.7607187,5,rgb_pca,0,1
0.7474358,5,rgb_pca,0,1
0.73505825,5,rgb_pca,0,1
0.74050075,5,rgb_pca,0,1
0.71149683,5,rgb_pca,0,1
0.74594057,5,rgb_pca,0,1
0.73879045,5,rgb_pca,0,1
0.7700337,5,rgb_pca,0,1
0.7578418,5,rgb_pca,0,1
0.73803854,5,rgb_pca,0,1
0.726233,5,rgb_pca,0,1
0.76209474,5,rgb_pca,0,1
0.80088675,5,rgb_pca,0,1
0.78504366,5,rgb_pca,0,1
0.7522296,5,rgb_pca,0,1
0.73666936,5,rgb_pca,0,1
0.74466413,5,rgb_pca,0,1
0.7341832,5,rgb_pca,0,1
0.76927006,5,rgb_pca,0,1
0.7663895,5,rgb_pca,0,1
0.81103563,5,rgb_pca,0,1
0.7728489,5,rgb_pca,0,1
0.7474193,5,rgb_pca,0,1
0.7361358,5,rgb_pca,0,1
0.76760435,5,rgb_pca,0,1
0.79017925,5,rgb_pca,0,1
0.76531005,5,rgb_pca,0,1
0.7461677,5,rgb_pca,0,1
0.71867216,5,rgb_pca,0,1
0.7411753,5,rgb_pca,0,1
0.72128034,5,rgb_pca,0,1
0.76461345,5,rgb_pca,0,1
0.79013336,5,rgb_pca,0,1
0.8094474,5,rgb_pca,0,1
0.7639131,5,rgb_pca,0,1
0.7624638,5,rgb_pca,0,1
0.75999653,5,rgb_pca,0,1
0.7688776,5,rgb_pca,0,1
0.7609914,5,rgb_pca,0,1
0.76058036,5,rgb_pca,0,1
0.75253594,5,rgb_pca,0,1
0.7212334,5,rgb_pca,0,1
0.7270583,5,rgb_pca,0,1
0.70418143,5,rgb_pca,0,1
0.7658231,5,rgb_pca,0,1
0.8053858,5,rgb_pca,0,1
0.8000912,5,rgb_pca,0,1
0.7693421,5,rgb_pca,0,1
0.7817888,5,rgb_pca,0,1
0.7664033,5,rgb_pca,0,1
0.7590376,5,rgb_pca,0,1
0.74212575,5,rgb_pca,0,1
0.7467942,5,rgb_pca,0,1
0.7485664,5,rgb_pca,0,1
0.70022357,5,rgb_pca,0,1
0.78034323,5,rgb_pca,0,1
0.77156824,5,rgb_pca,0,1
0.75139964,5,rgb_pca,0,1
0.7600432,5,rgb_pca,0,1
0.76774025,5,rgb_pca,0,1
0.75568795,5,rgb_pca,0,1
0.7235836,5,rgb_pca,0,1
0.72614515,5,rgb_pca,0,1
0.7436174,5,rgb_pca,0,1
0.7051861,5,rgb_pca,0,1
0.75157714,5,rgb_pca,0,1
0.7575962,5,rgb_pca,0,1
0.75647324,5,rgb_pca,0,1
0.7561886,5,rgb_pca,0,1
0.7894827,5,rgb_pca,0,1
0.7744453,5,rgb_pca,0,1
0.729137,5,rgb_pca,0,1
0.7233205,5,rgb_pca,0,1
0.72950995,5,rgb_pca,0,1
0.71395767,5,rgb_pca,0,1
0.80670977,5,rgb_pca,0,1
0.7835797,5,rgb_pca,0,1
0.722654,5,rgb_pca,0,1
0.71201944,5,rgb_pca,0,1
0.7289052,5,rgb_pca,0,1
0.72710335,5,rgb_pca,0,1
0.74637127,5,rgb_pca,0,1
0.73568404,5,rgb_pca,0,1
0.76179093,5,rgb_pca,0,1
0.7655341,5,rgb_pca,0,1
0.71195954,5,rgb_pca,0,1
0.6637002,5,rgb_pca,0,1
0.6288277,5,rgb_pca,0,1
0.6508171,5,rgb_pca,0,1
0.6518781,5,rgb_pca,0,1
0.64783883,5,rgb_pca,0,1
0.6419506,5,rgb_pca,0,1
0.6820193,5,rgb_pca,0,1
0.6538682,5,rgb_pca,0,1
0.6345064,5,rgb_pca,0,1
0.6331064,5,rgb_pca,0,1
0.6445074,5,rgb_pca,0,1
0.64304423,5,rgb_pca,0,1
0.65271384,5,rgb_pca,0,1
0.657545,5,rgb_pca,0,1
0.69024706,5,rgb_pca,0,1
0.6691382,5,rgb_pca,0,1
0.68007743,5,rgb_pca,0,1
0.6634245,5,rgb_pca,0,1
0.6981478,5,rgb_pca,0,1
0.6608432,5,rgb_pca,0,1
0.6571104,5,rgb_pca,0,1
0.6541214,5,rgb_pca,0,1
0.65085906,5,rgb_pca,0,1
0.632709,5,rgb_pca,0,1
0.6157899,5,rgb_pca,0,1
0.63957834,5,rgb_pca,0,1
0.6556848,5,rgb_pca,0,1
0.72628605,5,rgb_pca,0,1
0.7246804,5,rgb_pca,0,1
0.73570913,5,rgb_pca,0,1
0.70432687,5,rgb_pca,0,1
0.6994309,5,rgb_pca,0,1
0.67515224,5,rgb_pca,0,1
0.695901,5,rgb_pca,0,1
0.6950525,5,rgb_pca,0,1
0.67372286,5,rgb_pca,0,1
0.6475881,5,rgb_pca,0,1
0.6376511,5,rgb_pca,0,1
0.6505428,5,rgb_pca,0,1
0.6591607,5,rgb_pca,0,1
0.7339616,5,rgb_pca,0,1
0.7339293,5,rgb_pca,0,1
0.7244475,5,rgb_pca,0,1
0.70235837,5,rgb_pca,0,1
0.68620425,5,rgb_pca,0,1
0.673579,5,rgb_pca,0,1
0.6915948,5,rgb_pca,0,1
0.699407,5,rgb_pca,0,1
0.6993799,5,rgb_pca,0,1
0.6820066,5,rgb_pca,0,1
0.68537104,5,rgb_pca,0,1
0.6620404,5,rgb_pca,0,1
0.6598274,5,rgb_pca,0,1
0.74824023,5,rgb_pca,0,1
0.72825783,5,rgb_pca,0,1
0.6913316,5,rgb_pca,0,1
0.67249453,5,rgb_pca,0,1
0.7023314,5,rgb_pca,0,1
0.6831881,5,rgb_pca,0,1
0.68744135,5,rgb_pca,0,1
0.7090491,5,rgb_pca,0,1
0.72057664,5,rgb_pca,0,1
0.6926029,5,rgb_pca,0,1
0.6826144,5,rgb_pca,0,1
0.6638702,5,rgb_pca,0,1
0.661481,5,rgb_pca,0,1
0.72136116,5,rgb_pca,0,1
0.71257544,5,rgb_pca,0,1
0.6624633,5,rgb_pca,0,1
0.65403163,5,rgb_pca,0,1
0.65988994,5,rgb_pca,0,1
0.6814396,5,rgb_pca,0,1
0.6802451,5,rgb_pca,0,1
0.6961357,5,rgb_pca,0,1
0.6876985,5,rgb_pca,0,1
0.67850953,5,rgb_pca,0,1
0.69991904,5,rgb_pca,0,1
0.70624626,5,rgb_pca,0,1
0.68194896,5,rgb_pca,0,1
0.66538846,5,rgb_pca,0,1
0.6716683,5,rgb_pca,0,1
0.68475664,5,rgb_pca,0,1
0.69789904,5,rgb_pca,0,1
0.70483214,5,rgb_pca,0,1
0.6702912,5,rgb_pca,0,1
0.67847514,5,rgb_pca,0,1
0.7153555,5,rgb_pca,0,1
0.70383644,5,rgb_pca,0,1
0.7408067,5,rgb_pca,0,1
0.74490714,5,rgb_pca,0,1
0.6828391,5,rgb_pca,0,1
0.6703273,5,rgb_pca,0,1
0.6886985,5,rgb_pca,0,1
0.6866528,5,rgb_pca,0,1
0.72848547,5,rgb_pca,0,1
0.72559524,5,rgb_pca,0,1
0.7215641,5,rgb_pca,0,1
0.7021071,5,rgb_pca,0,1
0.7041676,3,rgb_pca,0,1
0.7027199,3,rgb_pca,0,1
0.72582614,3,rgb_pca,0,1
0.73471403,3,rgb_pca,0,1
0.7163672,3,rgb_pca,0,1
0.68941873,3,rgb_pca,0,1
0.66706127,3,rgb_pca,0,1
0.66960394,3,rgb_pca,0,1
0.7474007,3,rgb_pca,0,1
0.8511453,3,rgb_pca,0,1
0.6464712,3,rgb_pca,0,1
0.627913,3,rgb_pca,0,1
0.6284566,3,rgb_pca,0,1
0.6523138,3,rgb_pca,0,1
0.65188193,3,rgb_pca,0,1
0.6349282,3,rgb_pca,0,1
0.71089554,3,rgb_pca,0,1
0.81472236,3,rgb_pca,0,1
0.63773835,3,rgb_pca,0,1
0.5842443,3,rgb_pca,0,1
0.5876961,3,rgb_pca,0,1
0.6318886,3,rgb_pca,0,1
0.63975227,3,rgb_pca,0,1
0.61009246,3,rgb_pca,0,1
0.67498565,3,rgb_pca,0,1
0.75832915,3,rgb_pca,0,1
0.6165112,3,rgb_pca,0,1
0.62665474,3,rgb_pca,0,1
0.6536008,3,rgb_pca,0,1
0.64494705,3,rgb_pca,0,1
0.64587075,3,rgb_pca,0,1
0.694855,3,rgb_pca,0,1
0.7480287,3,rgb_pca,0,1
0.6572139,3,rgb_pca,0,1
0.6311571,3,rgb_pca,0,1
0.6135508,3,rgb_pca,0,1
0.6795293,3,rgb_pca,0,1
0.74267703,3,rgb_pca,0,1
0.6637877,3,rgb_pca,0,1
0.6701096,3,rgb_pca,0,1
0.6667676,3,rgb_pca,0,1
0.6897056,3,rgb_pca,0,1
0.7377066,3,rgb_pca,0,1
0.7428894,3,rgb_pca,0,1
0.7194909,3,rgb_pca,0,1
0.72661567,3,rgb_pca,0,1
0.72878176,3,rgb_pca,0,1
0.781889,3,rgb_pca,0,1
0.77388823,3,rgb_pca,0,1
0.75239795,3,rgb_pca,0,1
0.75156504,3,rgb_pca,0,1
0.78190684,3,rgb_pca,0,1
0.79547,3,rgb_pca,0,1
0.8178247,3,rgb_pca,0,1
0.8466851,3,rgb_pca,0,1
0.83021414,3,rgb_pca,0,1
0.73363733,3,rgb_pca,0,1
0.7432847,3,rgb_pca,0,1
0.7943655,3,rgb_pca,0,1
0.8007195,3,rgb_pca,0,1
0.7534848,3,rgb_pca,0,1
0.7533395,3,rgb_pca,0,1
0.7645705,3,rgb_pca,0,1
0.7819754,3,rgb_pca,0,1
0.8024603,3,rgb_pca,0,1
0.8437845,3,rgb_pca,0,1
0.81103706,3,rgb_pca,0,1
0.75082266,3,rgb_pca,0,1
0.7404257,3,rgb_pca,0,1
0.7325304,3,rgb_pca,0,1
0.734362,3,rgb_pca,0,1
0.7573538,3,rgb_pca,0,1
0.76484966,3,rgb_pca,0,1
0.7461205,3,rgb_pca,0,1
0.7404772,3,rgb_pca,0,1
0.7381965,3,rgb_pca,0,1
0.7541727,3,rgb_pca,0,1
0.7614881,3,rgb_pca,0,1
0.7381503,3,rgb_pca,0,1
0.730328,3,rgb_pca,0,1
0.7603396,3,rgb_pca,0,1
0.77488947,3,rgb_pca,0,1
0.76348364,3,rgb_pca,0,1
0.76453304,3,rgb_pca,0,1
0.76428103,3,rgb_pca,0,1
0.73285234,3,rgb_pca,0,1
0.75218606,3,rgb_pca,0,1
0.7624357,3,rgb_pca,0,1
0.75833845,3,rgb_pca,0,1
0.76511383,3,rgb_pca,0,1
0.73697305,3,rgb_pca,0,1
0.7419081,3,rgb_pca,0,1
0.75043154,3,rgb_pca,0,1
0.7664726,3,rgb_pca,0,1
0.7771706,3,rgb_pca,0,1
0.6981385,3,rgb_pca,0,1
0.6653913,3,rgb_pca,0,1
0.6275881,3,rgb_pca,0,1
0.6868166,3,rgb_pca,0,1
0.6739106,3,rgb_pca,0,1
0.63599706,3,rgb_pca,0,1
0.68694234,3,rgb_pca,0,1
0.6863228,3,rgb_pca,0,1
0.684244,3,rgb_pca,0,1
0.72408545,3,rgb_pca,0,1
0.74571884,3,rgb_pca,0,1
0.72457224,3,rgb_pca,0,1
0.757564,3,rgb_pca,0,1
0.6797663,3,rgb_pca,0,1
0.72722185,3,rgb_pca,0,1
0.66631633,3,rgb_pca,0,1
0.7175055,3,rgb_pca,0,1
0.773198,3,rgb_pca,0,1
0.8018648,3,rgb_pca,0,1
0.8404274,3,rgb_pca,0,1
0.76741254,3,rgb_pca,0,1
0.7623354,3,rgb_pca,0,1
0.7807636,3,rgb_pca,0,1
0.7825961,3,rgb_pca,0,1
0.7147356,3,rgb_pca,0,1
0.7002568,3,rgb_pca,0,1
0.7536445,3,rgb_pca,0,1
0.8170593,3,rgb_pca,0,1
0.78965724,3,rgb_pca,0,1
0.79334295,3,rgb_pca,0,1
0.72093606,3,rgb_pca,0,1
0.7118047,3,rgb_pca,0,1
0.7766634,3,rgb_pca,0,1
0.84291184,3,rgb_pca,0,1
0.8178457,3,rgb_pca,0,1
0.7870928,3,rgb_pca,0,1
0.74344814,3,rgb_pca,0,1
0.73274857,3,rgb_pca,0,1
0.7235464,3,rgb_pca,0,1
0.72534645,3,rgb_pca,0,1
0.72975606,3,rgb_pca,0,1
0.76879627,3,rgb_pca,0,1
0.76951736,3,rgb_pca,0,1
0.74038863,3,rgb_pca,0,1
0.7121133,3,rgb_pca,0,1
0.7332644,3,rgb_pca,0,1
0.7320044,3,rgb_pca,0,1
0.7247336,3,rgb_pca,0,1
0.7211379,3,rgb_pca,0,1
0.7069481,3,rgb_pca,0,1
0.7041383,3,rgb_pca,0,1
0.7181456,3,rgb_pca,0,1
0.7059618,3,rgb_pca,0,1
0.71458864,3,rgb_pca,0,1
0.7300184,3,rgb_pca,0,1
0.7068783,3,rgb_pca,0,1
0.70851123,3,rgb_pca,0,1
0.7037033,3,rgb_pca,0,1
0.7071467,3,rgb_pca,0,1
0.7210421,3,rgb_pca,0,1
0.7067439,3,rgb_pca,0,1
0.71623397,3,rgb_pca,0,1
0.70506126,3,rgb_pca,0,1
0.7121257,3,rgb_pca,0,1
0.7251407,3,rgb_pca,0,1
0.71014166,3,rgb_pca,0,1
0.7200811,3,rgb_pca,0,1
0.7182196,3,rgb_pca,0,1
0.72519195,3,rgb_pca,0,1
0.72344875,3,rgb_pca,0,1
0.72052246,3,rgb_pca,0,1
0.6941149,3,rgb_pca,0,1
0.70028985,3,rgb_pca,0,1
0.74684304,3,rgb_pca,0,1
0.738501,3,rgb_pca,0,1
0.75326556,3,rgb_pca,0,1
0.76147896,3,rgb_pca,0,1
0.74185985,4,rgb_pca,0,1
0.7149174,4,rgb_pca,0,1
0.718783,4,rgb_pca,0,1
0.78260666,4,rgb_pca,0,1
0.81470805,4,rgb_pca,0,1
0.7464783,4,rgb_pca,0,1
0.7265564,4,rgb_pca,0,1
0.79349256,4,rgb_pca,0,1
0.7973281,4,rgb_pca,0,1
0.8304672,4,rgb_pca,0,1
0.764558,4,rgb_pca,0,1
0.7535152,4,rgb_pca,0,1
0.812368,4,rgb_pca,0,1
0.78481305,4,rgb_pca,0,1
0.8148556,4,rgb_pca,0,1
0.79288244,4,rgb_pca,0,1
0.7965695,4,rgb_pca,0,1
0.8541403,4,rgb_pca,0,1
0.79546857,3,rgb_pca,0,1
0.7775905,3,rgb_pca,0,1
0.7652192,3,rgb_pca,0,1
0.80130255,3,rgb_pca,0,1
0.79134536,3,rgb_pca,0,1
0.77787584,3,rgb_pca,0,1
0.7809732,3,rgb_pca,0,1
0.7971582,3,rgb_pca,0,1
0.7643949,3,rgb_pca,0,1
0.7468665,3,rgb_pca,0,1
0.74906385,3,rgb_pca,0,1
0.7340002,3,rgb_pca,0,1
0.73208755,3,rgb_pca,0,1
0.78186977,3,rgb_pca,0,1
0.74171126,3,rgb_pca,0,1
0.7188609,3,rgb_pca,0,1
0.72154707,3,rgb_pca,0,1
0.7199644,3,rgb_pca,0,1
0.7131857,3,rgb_pca,0,1
0.818467,3,rgb_pca,0,1
0.7703639,3,rgb_pca,0,1
0.70580626,3,rgb_pca,0,1
0.7170995,3,rgb_pca,0,1
0.7425902,3,rgb_pca,0,1
0.718719,3,rgb_pca,0,1
0.73497903,3,rgb_pca,0,1
0.8290266,3,rgb_pca,0,1
0.7664434,3,rgb_pca,0,1
0.7117579,3,rgb_pca,0,1
0.72466433,3,rgb_pca,0,1
0.73652625,3,rgb_pca,0,1
0.7041162,3,rgb_pca,0,1
0.7093692,3,rgb_pca,0,1
0.8121282,3,rgb_pca,0,1
0.7524173,3,rgb_pca,0,1
0.73300564,3,rgb_pca,0,1
0.73073006,3,rgb_pca,0,1
0.7285823,3,rgb_pca,0,1
0.71749294,3,rgb_pca,0,1
0.7438295,3,rgb_pca,0,1
0.7370175,3,rgb_pca,0,1
0.80639017,3,rgb_pca,0,1
0.7590865,3,rgb_pca,0,1
0.7324496,3,rgb_pca,0,1
0.7280979,3,rgb_pca,0,1
0.72248757,3,rgb_pca,0,1
0.7521592,3,rgb_pca,0,1
0.74553764,3,rgb_pca,0,1
0.79876184,3,rgb_pca,0,1
0.7584677,3,rgb_pca,0,1
0.80397797,3,rgb_pca,0,1
0.7715408,3,rgb_pca,0,1
0.7525102,4,rgb_pca,0,1
0.70858157,4,rgb_pca,0,1
0.7009906,4,rgb_pca,0,1
0.7885165,4,rgb_pca,0,1
0.76522094,4,rgb_pca,0,1
0.7065256,4,rgb_pca,0,1
0.6351795,4,rgb_pca,0,1
0.69683915,4,rgb_pca,0,1
0.7903862,4,rgb_pca,0,1
0.70820284,4,rgb_pca,0,1
0.6576864,4,rgb_pca,0,1
0.70835364,4,rgb_pca,0,1
0.68229455,4,rgb_pca,0,1
0.6920936,4,rgb_pca,0,1
0.744982,4,rgb_pca,0,1
0.6543069,4,rgb_pca,0,1
0.7000297,4,rgb_pca,0,1
0.80471265,4,rgb_pca,0,1
0.7464427,4,rgb_pca,0,1
0.7230877,4,rgb_pca,0,1
0.7518857,4,rgb_pca,0,1
0.7096615,4,rgb_pca,0,1
0.69152296,4,rgb_pca,0,1
0.71647537,4,rgb_pca,0,1
0.7048328,4,rgb_pca,0,1
0.73094904,4,rgb_pca,0,1
0.7776122,4,rgb_pca,0,1
0.7796109,4,rgb_pca,0,1
0.73648316,4,rgb_pca,0,1
0.7150017,4,rgb_pca,0,1
0.71427965,4,rgb_pca,0,1
0.6810707,4,rgb_pca,0,1
0.6900702,4,rgb_pca,0,1
0.70480955,4,rgb_pca,0,1
0.74718386,4,rgb_pca,0,1
0.77291286,4,rgb_pca,0,1
0.77021605,4,rgb_pca,0,1
0.7174444,4,rgb_pca,0,1
0.7091213,4,rgb_pca,0,1
0.726395,4,rgb_pca,0,1
0.7287896,4,rgb_pca,0,1
0.7420409,4,rgb_pca,0,1
0.7536559,4,rgb_pca,0,1
0.75311375,4,rgb_pca,0,1
0.7348436,4,rgb_pca,0,1
0.7368566,4,rgb_pca,0,1
0.66732717,4,rgb_pca,0,1
0.764814,4,rgb_pca,0,1
0.7683137,4,rgb_pca,0,1
0.7157612,4,rgb_pca,0,1
0.71274984,4,rgb_pca,0,1
0.67949605,4,rgb_pca,0,1
0.6924717,4,rgb_pca,0,1
0.71340793,4,rgb_pca,0,1
0.75412583,4,rgb_pca,0,1
0.70990956,4,rgb_pca,0,1
0.6886284,4,rgb_pca,0,1
0.69517267,4,rgb_pca,0,1
0.712704,4,rgb_pca,0,1
0.7306049,4,rgb_pca,0,1
0.7732125,4,rgb_pca,0,1
0.74917084,4,rgb_pca,0,1
0.71349317,4,rgb_pca,0,1
0.7036407,4,rgb_pca,0,1
0.7094276,4,rgb_pca,0,1
0.8328186,4,rgb_pca,0,1
0.8102299,4,rgb_pca,0,1
0.7793572,4,rgb_pca,0,1
0.7685462,4,rgb_pca,0,1
0.7669391,4,rgb_pca,0,1
0.8047136,5,rgb_pca,0,1
0.83763134,5,rgb_pca,0,1
0.78518045,5,rgb_pca,0,1
0.8003547,5,rgb_pca,0,1
0.80951035,5,rgb_pca,0,1
0.8308684,5,rgb_pca,0,1
0.8159527,5,rgb_pca,0,1
0.79219764,5,rgb_pca,0,1
0.793067,5,rgb_pca,0,1
0.78497744,5,rgb_pca,0,1
0.81135905,5,rgb_pca,0,1
0.8501901,5,rgb_pca,0,1
0.824391,5,rgb_pca,0,1
0.81434005,5,rgb_pca,0,1
0.8004117,5,rgb_pca,0,1
0.79634994,5,rgb_pca,0,1
0.8014208,5,rgb_pca,0,1
0.75087196,5,rgb_pca,0,1
0.73145354,5,rgb_pca,0,1
0.7881511,5,rgb_pca,0,1
0.80026233,5,rgb_pca,0,1
0.81256354,5,rgb_pca,0,1
0.81826365,5,rgb_pca,0,1
0.8253888,5,rgb_pca,0,1
0.847555,5,rgb_pca,0,1
0.83685684,5,rgb_pca,0,1
0.80164915,5,rgb_pca,0,1
0.79287934,5,rgb_pca,0,1
0.7842022,5,rgb_pca,0,1
0.7895101,5,rgb_pca,0,1
0.7830374,5,rgb_pca,0,1
0.77253455,5,rgb_pca,0,1
0.78986764,5,rgb_pca,0,1
0.78959376,5,rgb_pca,0,1
0.81041396,5,rgb_pca,0,1
0.801546,5,rgb_pca,0,1
0.79405844,5,rgb_pca,0,1
0.8221405,5,rgb_pca,0,1
0.8225754,5,rgb_pca,0,1
0.8184835,5,rgb_pca,0,1
0.80820525,5,rgb_pca,0,1
0.7783363,5,rgb_pca,0,1
0.77865005,5,rgb_pca,0,1
0.7800697,5,rgb_pca,0,1
0.79228157,5,rgb_pca,0,1
0.8177681,5,rgb_pca,0,1
0.74734217,5,rgb_pca,0,1
0.78330696,5,rgb_pca,0,1
0.7901999,5,rgb_pca,0,1
0.7873684,5,rgb_pca,0,1
0.81413066,5,rgb_pca,0,1
0.8011328,5,rgb_pca,0,1
0.8025156,5,rgb_pca,0,1
0.7948129,5,rgb_pca,0,1
0.794696,5,rgb_pca,0,1
0.793808,5,rgb_pca,0,1
0.7581334,5,rgb_pca,0,1
0.7715531,5,rgb_pca,0,1
0.829957,5,rgb_pca,0,1
0.748922,5,rgb_pca,0,1
0.7843923,5,rgb_pca,0,1
0.801143,5,rgb_pca,0,1
0.84455866,5,rgb_pca,0,1
0.8452243,5,rgb_pca,0,1
0.8056333,5,rgb_pca,0,1
0.8037024,5,rgb_pca,0,1
0.79379845,5,rgb_pca,0,1
0.79194975,5,rgb_pca,0,1
0.7727122,5,rgb_pca,0,1
0.7567524,5,rgb_pca,0,1
0.77962875,5,rgb_pca,0,1
0.81938714,5,rgb_pca,0,1
0.8549479,5,rgb_pca,0,1
0.8380382,5,rgb_pca,0,1
0.79947376,5,rgb_pca,0,1
0.811507,5,rgb_pca,0,1
0.7958441,5,rgb_pca,0,1
0.7665111,5,rgb_pca,0,1
0.7483116,5,rgb_pca,0,1
0.75529313,5,rgb_pca,0,1
0.7849059,5,rgb_pca,0,1
0.82418686,5,rgb_pca,0,1
0.83313674,5,rgb_pca,0,1
0.8098901,5,rgb_pca,0,1
0.8075652,5,rgb_pca,0,1
0.83109915,5,rgb_pca,0,1
0.7864188,5,rgb_pca,0,1
0.72841555,5,rgb_pca,0,1
0.7553679,5,rgb_pca,0,1
0.78800637,5,rgb_pca,0,1
0.8090472,5,rgb_pca,0,1
0.8147325,5,rgb_pca,0,1
0.7732945,5,rgb_pca,0,1
0.7714064,5,rgb_pca,0,1
0.7750645,5,rgb_pca,0,1
0.7844608,5,rgb_pca,0,1
0.74464256,5,rgb_pca,0,1
0.7476407,5,rgb_pca,0,1
0.78150916,5,rgb_pca,0,1
0.7719414,5,rgb_pca,0,1
0.7865894,5,rgb_pca,0,1
0.79250526,5,rgb_pca,0,1
0.79664683,5,rgb_pca,0,1
0.78983855,5,rgb_pca,0,1
0.7813262,5,rgb_pca,0,1
0.7979271,5,rgb_pca,0,1
0.77144504,5,rgb_pca,0,1
0.77701354,5,rgb_pca,0,1
0.79115963,5,rgb_pca,0,1
0.7858162,5,rgb_pca,0,1
0.7972783,5,rgb_pca,0,1
0.80503607,5,rgb_pca,0,1
0.77782345,5,rgb_pca,0,1
0.7742977,5,rgb_pca,0,1
0.7742262,5,rgb_pca,0,1
0.75605166,5,rgb_pca,0,1
0.75080436,5,rgb_pca,0,1
0.75349724,5,rgb_pca,0,1
0.784585,5,rgb_pca,0,1
0.75857747,5,rgb_pca,0,1
0.772294,5,rgb_pca,0,1
0.7853769,5,rgb_pca,0,1
0.77074015,5,rgb_pca,0,1
0.78570974,5,rgb_pca,0,1
0.7793187,5,rgb_pca,0,1
0.78378665,5,rgb_pca,0,1
0.78901756,5,rgb_pca,0,1
0.7885593,5,rgb_pca,0,1
0.75598836,5,rgb_pca,0,1
0.73976904,5,rgb_pca,0,1
0.7390289,5,rgb_pca,0,1
0.7739544,5,rgb_pca,0,1
0.7710757,5,rgb_pca,0,1
0.8058531,5,rgb_pca,0,1
0.8045362,5,rgb_pca,0,1
0.80369085,5,rgb_pca,0,1
0.8124552,5,rgb_pca,0,1
0.7890799,5,rgb_pca,0,1
0.77662885,5,rgb_pca,0,1
0.79777634,5,rgb_pca,0,1
0.7844975,5,rgb_pca,0,1
0.7711272,5,rgb_pca,0,1
0.7812496,5,rgb_pca,0,1
0.77398396,5,rgb_pca,0,1
0.7560573,5,rgb_pca,0,1
0.76442546,5,rgb_pca,0,1
0.7890315,5,rgb_pca,0,1
0.7942771,5,rgb_pca,0,1
0.81435955,5,rgb_pca,0,1
0.8320444,5,rgb_pca,0,1
0.8049104,5,rgb_pca,0,1
0.79248613,5,rgb_pca,0,1
0.80845857,5,rgb_pca,0,1
0.7929704,5,rgb_pca,0,1
0.7714861,5,rgb_pca,0,1
0.79387015,5,rgb_pca,0,1
0.7955768,5,rgb_pca,0,1
0.7521918,5,rgb_pca,0,1
0.73065865,5,rgb_pca,0,1
0.75693655,5,rgb_pca,0,1
0.7764143,5,rgb_pca,0,1
0.79533887,5,rgb_pca,0,1
0.8200426,5,rgb_pca,0,1
0.8000497,5,rgb_pca,0,1
0.7887701,5,rgb_pca,0,1
0.7894133,5,rgb_pca,0,1
0.7935993,5,rgb_pca,0,1
0.7991272,5,rgb_pca,0,1
0.77634716,5,rgb_pca,0,1
0.7919958,5,rgb_pca,0,1
0.7714199,5,rgb_pca,0,1
0.7826351,5,rgb_pca,0,1
0.7934453,5,rgb_pca,0,1
0.7931429,5,rgb_pca,0,1
0.77046764,5,rgb_pca,0,1
0.7577358,5,rgb_pca,0,1
0.75119305,5,rgb_pca,0,1
0.7641383,5,rgb_pca,0,1
0.79731506,5,rgb_pca,0,1
0.7894999,5,rgb_pca,0,1
0.74649185,5,rgb_pca,0,1
0.7520448,5,rgb_pca,0,1
0.7852834,5,rgb_pca,0,1
0.78996015,5,rgb_pca,0,1
0.77441657,5,rgb_pca,0,1
0.78372395,5,rgb_pca,0,1
0.7605412,5,rgb_pca,0,1
0.7363388,5,rgb_pca,0,1
0.7673539,5,rgb_pca,0,1
0.7894844,5,rgb_pca,0,1
0.7898581,5,rgb_pca,0,1
0.7905891,5,rgb_pca,0,1
0.7595093,5,rgb_pca,0,1
0.73326945,5,rgb_pca,0,1
0.7784525,5,rgb_pca,0,1
0.77902377,5,rgb_pca,0,1
0.7807824,5,rgb_pca,0,1
0.7502862,5,rgb_pca,0,1
0.6657427,4,rgb_pca,0,1
0.69291997,4,rgb_pca,0,1
0.7084204,4,rgb_pca,0,1
0.7463701,4,rgb_pca,0,1
0.64327204,4,rgb_pca,0,1
0.6623329,4,rgb_pca,0,1
0.68013144,4,rgb_pca,0,1
0.73202467,4,rgb_pca,0,1
0.67389286,4,rgb_pca,0,1
0.6345283,4,rgb_pca,0,1
0.66015995,4,rgb_pca,0,1
0.66808915,4,rgb_pca,0,1
0.7107719,4,rgb_pca,0,1
0.64911944,4,rgb_pca,0,1
0.63334906,4,rgb_pca,0,1
0.6559136,4,rgb_pca,0,1
0.6679394,4,rgb_pca,0,1
0.70568705,4,rgb_pca,0,1
0.68364835,4,rgb_pca,0,1
0.64964676,4,rgb_pca,0,1
0.64715743,4,rgb_pca,0,1
0.6639614,4,rgb_pca,0,1
0.6332193,4,rgb_pca,0,1
0.6865668,4,rgb_pca,0,1
0.71775615,4,rgb_pca,0,1
0.65921307,4,rgb_pca,0,1
0.660028,4,rgb_pca,0,1
0.6501593,4,rgb_pca,0,1
0.6284114,4,rgb_pca,0,1
0.689573,4,rgb_pca,0,1
0.7146565,4,rgb_pca,0,1
0.6811372,4,rgb_pca,0,1
0.6561587,4,rgb_pca,0,1
0.6704253,4,rgb_pca,0,1
0.68299377,4,rgb_pca,0,1
0.6886319,4,rgb_pca,0,1
0.68866605,4,rgb_pca,0,1
0.71009874,4,rgb_pca,0,1
0.7214502,4,rgb_pca,0,1
0.68622655,4,rgb_pca,0,1
0.6620667,4,rgb_pca,0,1
0.650343,4,rgb_pca,0,1
0.6561883,4,rgb_pca,0,1
0.6720285,4,rgb_pca,0,1
0.65817374,4,rgb_pca,0,1
0.6516111,4,rgb_pca,0,1
0.6656086,4,rgb_pca,0,1
0.6798018,4,rgb_pca,0,1
0.71955365,4,rgb_pca,0,1
0.7094598,4,rgb_pca,0,1
0.7430288,4,rgb_pca,0,1
0.7307819,4,rgb_pca,0,1
0.74137163,4,rgb_pca,0,1
0.7224921,4,rgb_pca,0,1
0.7311652,4,rgb_pca,0,1
0.7339661,4,rgb_pca,0,1
0.7517009,4,rgb_pca,0,1
0.7701365,4,rgb_pca,0,1
0.7953489,4,rgb_pca,0,1
0.79634655,4,rgb_pca,0,1
0.77898645,4,rgb_pca,0,1
0.7535885,4,rgb_pca,0,1
0.72985613,4,rgb_pca,0,1
0.7903476,4,rgb_pca,0,1
0.79082847,4,rgb_pca,0,1
0.77068686,4,rgb_pca,0,1
0.763106,4,rgb_pca,0,1
0.768423,4,rgb_pca,0,1
0.77345514,4,rgb_pca,0,1
0.795189,4,rgb_pca,0,1
0.7735537,4,rgb_pca,0,1
0.76991546,4,rgb_pca,0,1
0.7349609,4,rgb_pca,0,1
0.80334306,4,rgb_pca,0,1
0.7955078,4,rgb_pca,0,1
0.74350935,4,rgb_pca,0,1
0.7441004,4,rgb_pca,0,1
0.7146977,4,rgb_pca,0,1
0.7111647,4,rgb_pca,0,1
0.7233273,4,rgb_pca,0,1
0.77045333,4,rgb_pca,0,1
0.79450786,4,rgb_pca,0,1
0.7215115,4,rgb_pca,0,1
0.7659868,4,rgb_pca,0,1
0.7699051,4,rgb_pca,0,1
0.74928296,4,rgb_pca,0,1
0.75342536,4,rgb_pca,0,1
0.7159531,4,rgb_pca,0,1
0.7277298,4,rgb_pca,0,1
0.73870206,4,rgb_pca,0,1
0.7932408,4,rgb_pca,0,1
0.8040595,4,rgb_pca,0,1
0.7063565,4,rgb_pca,0,1
0.71141595,4,rgb_pca,0,1
0.7008617,4,rgb_pca,0,1
0.7030784,4,rgb_pca,0,1
0.7453306,4,rgb_pca,0,1
0.763052,4,rgb_pca,0,1
0.7105482,4,rgb_pca,0,1
0.74185157,4,rgb_pca,0,1
0.7591726,4,rgb_pca,0,1
0.80627763,4,rgb_pca,0,1
0.78143,4,rgb_pca,0,1
0.72820556,4,rgb_pca,0,1
0.72891295,4,rgb_pca,0,1
0.71123195,4,rgb_pca,0,1
0.7083446,4,rgb_pca,0,1
0.7607197,4,rgb_pca,0,1
0.7849766,4,rgb_pca,0,1
0.7291907,4,rgb_pca,0,1
0.7643783,4,rgb_pca,0,1
0.75214994,4,rgb_pca,0,1
0.7856121,4,rgb_pca,0,1
0.7762462,4,rgb_pca,0,1
0.7431038,4,rgb_pca,0,1
0.7082847,4,rgb_pca,0,1
0.7078624,4,rgb_pca,0,1
0.68185437,4,rgb_pca,0,1
0.6779821,4,rgb_pca,0,1
0.7412364,4,rgb_pca,0,1
0.74954796,4,rgb_pca,0,1
0.7575643,4,rgb_pca,0,1
0.77152276,4,rgb_pca,0,1
0.8097245,4,rgb_pca,0,1
0.7048265,4,rgb_pca,0,1
0.7213082,4,rgb_pca,0,1
0.6997963,4,rgb_pca,0,1
0.69545585,4,rgb_pca,0,1
0.7337912,4,rgb_pca,0,1
0.7329676,4,rgb_pca,0,1
0.7538351,4,rgb_pca,0,1
0.7525151,4,rgb_pca,0,1
0.7808875,4,rgb_pca,0,1
0.7127063,4,rgb_pca,0,1
0.7471914,4,rgb_pca,0,1
0.73864824,4,rgb_pca,0,1
0.73418474,4,rgb_pca,0,1
0.740024,4,rgb_pca,0,1
0.75551206,4,rgb_pca,0,1
0.7388334,4,rgb_pca,0,1
0.7289779,4,rgb_pca,0,1
0.73594105,4,rgb_pca,0,1
0.6354857,4,rgb_pca,0,1
0.6475463,4,rgb_pca,0,1
0.6303066,4,rgb_pca,0,1
0.7002777,4,rgb_pca,0,1
0.68536985,4,rgb_pca,0,1
0.662624,4,rgb_pca,0,1
0.69198275,4,rgb_pca,0,1
0.6547287,4,rgb_pca,0,1
0.6471635,4,rgb_pca,0,1
0.6628891,4,rgb_pca,0,1
0.70802593,4,rgb_pca,0,1
0.69813555,4,rgb_pca,0,1
0.6668592,4,rgb_pca,0,1
0.65776074,4,rgb_pca,0,1
0.6521503,4,rgb_pca,0,1
0.697863,4,rgb_pca,0,1
0.7307797,4,rgb_pca,0,1
0.7112428,4,rgb_pca,0,1
0.69720376,4,rgb_pca,0,1
0.66715455,4,rgb_pca,0,1
0.6979776,4,rgb_pca,0,1
0.7328567,4,rgb_pca,0,1
0.71162844,4,rgb_pca,0,1
0.6756886,4,rgb_pca,0,1
0.6448551,4,rgb_pca,0,1
0.69223523,4,rgb_pca,0,1
0.7610768,4,rgb_pca,0,1
0.7088181,4,rgb_pca,0,1
0.6610717,4,rgb_pca,0,1
0.65015966,4,rgb_pca,0,1
0.68828714,4,rgb_pca,0,1
0.7803517,4,rgb_pca,0,1
0.73042613,4,rgb_pca,0,1
0.6734197,4,rgb_pca,0,1
0.67455614,4,rgb_pca,0,1
0.6966237,4,rgb_pca,0,1
0.78236353,4,rgb_pca,0,1
0.74945605,4,rgb_pca,0,1
0.7152793,4,rgb_pca,0,1
0.7231995,4,rgb_pca,0,1
0.7115234,4,rgb_pca,0,1
0.7625725,4,rgb_pca,0,1
0.74026716,4,rgb_pca,0,1
0.7184696,4,rgb_pca,0,1
0.7298111,4,rgb_pca,0,1
0.71791196,4,rgb_pca,0,1
0.74831176,4,rgb_pca,0,1
0.7731559,4,rgb_pca,0,1
0.7053025,4,rgb_pca,0,1
0.6873417,4,rgb_pca,0,1
0.6956314,4,rgb_pca,0,1
0.67778766,4,rgb_pca,0,1
0.7100313,4,rgb_pca,0,1
0.7253477,4,rgb_pca,0,1
0.68455446,4,rgb_pca,0,1
0.66937447,4,rgb_pca,0,1
0.67295253,4,rgb_pca,0,1
0.61886674,4,rgb_pca,0,1
0.7252619,4,rgb_pca,0,1
0.69887215,4,rgb_pca,0,1
0.64849234,4,rgb_pca,0,1
0.631598,4,rgb_pca,0,1
0.60701156,4,rgb_pca,0,1
0.6110562,4,rgb_pca,0,1
0.6229145,4,rgb_pca,0,1
0.68083394,4,rgb_pca,0,1
0.6576779,4,rgb_pca,0,1
0.74017894,4,rgb_pca,0,1
0.6825739,4,rgb_pca,0,1
0.6474909,4,rgb_pca,0,1
0.63483834,4,rgb_pca,0,1
0.6111397,4,rgb_pca,0,1
0.60123897,4,rgb_pca,0,1
0.591437,4,rgb_pca,0,1
0.61585164,4,rgb_pca,0,1
0.63252145,4,rgb_pca,0,1
0.6243032,4,rgb_pca,0,1
0.5803411,4,rgb_pca,0,1
0.56112695,4,rgb_pca,0,1
0.55395824,4,rgb_pca,0,1
0.5858458,4,rgb_pca,0,1
0.5629996,4,rgb_pca,0,1
0.5621395,4,rgb_pca,0,1
0.5711615,4,rgb_pca,0,1
0.758975,4,rgb_pca,0,1
0.7575861,4,rgb_pca,0,1
0.7161401,4,rgb_pca,0,1
0.6685508,4,rgb_pca,0,1
0.63898516,4,rgb_pca,0,1
0.7306931,4,rgb_pca,0,1
0.64425206,4,rgb_pca,0,1
0.64855367,4,rgb_pca,0,1
0.66153765,4,rgb_pca,0,1
0.6898137,4,rgb_pca,0,1
0.67054844,4,rgb_pca,0,1
0.6442351,4,rgb_pca,0,1
0.6198402,4,rgb_pca,0,1
0.6113506,4,rgb_pca,0,1
0.61874646,4,rgb_pca,0,1
0.66041493,4,rgb_pca,0,1
0.6429808,4,rgb_pca,0,1
0.6086838,4,rgb_pca,0,1
0.61375,4,rgb_pca,0,1
0.6202256,4,rgb_pca,0,1
0.63787407,4,rgb_pca,0,1
0.65856683,4,rgb_pca,0,1
0.5830448,4,rgb_pca,0,1
0.6016778,4,rgb_pca,0,1
0.61271006,4,rgb_pca,0,1
0.60210824,4,rgb_pca,0,1
0.6302538,4,rgb_pca,0,1
0.6437495,4,rgb_pca,0,1
0.61556745,4,rgb_pca,0,1
0.59485567,4,rgb_pca,0,1
0.6051899,4,rgb_pca,0,1
0.573526,4,rgb_pca,0,1
0.539237,4,rgb_pca,0,1
0.54602754,4,rgb_pca,0,1
0.51574934,4,rgb_pca,0,1
0.5882934,4,rgb_pca,0,1
0.6231179,4,rgb_pca,0,1
0.587771,4,rgb_pca,0,1
0.5707707,4,rgb_pca,0,1
0.54628325,4,rgb_pca,0,1
0.5698372,4,rgb_pca,0,1
0.5635899,4,rgb_pca,0,1
0.5680868,4,rgb_pca,0,1
0.56784934,4,rgb_pca,0,1
0.7538443,4,rgb_pca,0,1
0.70668244,4,rgb_pca,0,1
0.70286196,4,rgb_pca,0,1
0.7066964,4,rgb_pca,0,1
0.7437769,4,rgb_pca,0,1
0.70388293,4,rgb_pca,0,1
0.7048793,4,rgb_pca,0,1
0.69281495,4,rgb_pca,0,1
0.72748715,4,rgb_pca,0,1
0.8292879,4,rgb_pca,0,1
0.7809254,4,rgb_pca,0,1
0.6732662,4,rgb_pca,0,1
0.7174266,4,rgb_pca,0,1
0.7419865,4,rgb_pca,0,1
0.72524273,4,rgb_pca,0,1
0.7335689,4,rgb_pca,0,1
0.778602,4,rgb_pca,0,1
0.73489785,4,rgb_pca,0,1
0.6836797,4,rgb_pca,0,1
0.694898,4,rgb_pca,0,1
0.648975,4,rgb_pca,0,1
0.66695535,4,rgb_pca,0,1
0.6783297,4,rgb_pca,0,1
0.6868941,4,rgb_pca,0,1
0.67449796,4,rgb_pca,0,1
0.7282276,4,rgb_pca,0,1
0.74632704,4,rgb_pca,0,1
0.720978,4,rgb_pca,0,1
0.7166757,4,rgb_pca,0,1
0.72955537,4,rgb_pca,0,1
0.709694,4,rgb_pca,0,1
0.6471888,4,rgb_pca,0,1
0.6662141,4,rgb_pca,0,1
0.6326897,4,rgb_pca,0,1
0.6680332,4,rgb_pca,0,1
0.67001534,4,rgb_pca,0,1
0.6693723,4,rgb_pca,0,1
0.687385,4,rgb_pca,0,1
0.68288594,4,rgb_pca,0,1
0.69834656,4,rgb_pca,0,1
0.6944558,4,rgb_pca,0,1
0.7075478,4,rgb_pca,0,1
0.7436507,4,rgb_pca,0,1
0.7479651,4,rgb_pca,0,1
0.6641481,4,rgb_pca,0,1
0.63785094,4,rgb_pca,0,1
0.63652277,4,rgb_pca,0,1
0.6641231,4,rgb_pca,0,1
0.7233731,4,rgb_pca,0,1
0.72975725,4,rgb_pca,0,1
0.73551756,4,rgb_pca,0,1
0.76416767,4,rgb_pca,0,1
0.7852632,4,rgb_pca,0,1
0.80188096,4,rgb_pca,0,1
0.81208634,4,rgb_pca,0,1
0.7496742,4,rgb_pca,0,1
0.7687707,4,rgb_pca,0,1
0.76759434,4,rgb_pca,0,1
0.749336,4,rgb_pca,0,1
0.7040069,4,rgb_pca,0,1
0.6750703,4,rgb_pca,0,1
0.69205356,4,rgb_pca,0,1
0.6986896,4,rgb_pca,0,1
0.6551976,4,rgb_pca,0,1
0.64738035,4,rgb_pca,0,1
0.6504134,4,rgb_pca,0,1
0.75544,4,rgb_pca,0,1
0.7491387,4,rgb_pca,0,1
0.6552382,4,rgb_pca,0,1
0.61177135,4,rgb_pca,0,1
0.5593015,4,rgb_pca,0,1
0.59602946,4,rgb_pca,0,1
0.68417835,4,rgb_pca,0,1
0.687128,4,rgb_pca,0,1
0.6767379,4,rgb_pca,0,1
0.6430147,4,rgb_pca,0,1
0.63614106,4,rgb_pca,0,1
0.6486742,4,rgb_pca,0,1
0.62782395,4,rgb_pca,0,1
0.6555927,4,rgb_pca,0,1
0.6826852,4,rgb_pca,0,1
0.6255924,4,rgb_pca,0,1
0.5798198,4,rgb_pca,0,1
0.59495246,4,rgb_pca,0,1
0.6275832,4,rgb_pca,0,1
0.67543423,4,rgb_pca,0,1
0.70507395,4,rgb_pca,0,1
0.70005244,4,rgb_pca,0,1
0.67372954,4,rgb_pca,0,1
0.6557859,4,rgb_pca,0,1
0.6669774,4,rgb_pca,0,1
0.67093337,4,rgb_pca,0,1
0.6987221,4,rgb_pca,0,1
0.6652377,4,rgb_pca,0,1
0.62542796,4,rgb_pca,0,1
0.633114,4,rgb_pca,0,1
0.6120305,4,rgb_pca,0,1
0.6338365,4,rgb_pca,0,1
0.6030321,4,rgb_pca,0,1
0.62347394,4,rgb_pca,0,1
0.6246245,4,rgb_pca,0,1
0.63137925,4,rgb_pca,0,1
0.77145296,4,rgb_pca,0,1
0.74720573,4,rgb_pca,0,1
0.69776684,4,rgb_pca,0,1
0.6964284,4,rgb_pca,0,1
0.68756586,4,rgb_pca,0,1
0.67139256,4,rgb_pca,0,1
0.66764235,4,rgb_pca,0,1
0.7294928,4,rgb_pca,0,1
0.74179316,4,rgb_pca,0,1
0.72157604,4,rgb_pca,0,1
0.68614304,4,rgb_pca,0,1
0.67584527,4,rgb_pca,0,1
0.6389012,4,rgb_pca,0,1
0.63910747,4,rgb_pca,0,1
0.7077539,4,rgb_pca,0,1
0.79522896,4,rgb_pca,0,1
0.6141539,4,rgb_pca,0,1
0.623618,4,rgb_pca,0,1
0.5929681,4,rgb_pca,0,1
0.5857197,4,rgb_pca,0,1
0.62978995,4,rgb_pca,0,1
0.7400171,4,rgb_pca,0,1
0.610752,4,rgb_pca,0,1
0.5846571,4,rgb_pca,0,1
0.59200597,4,rgb_pca,0,1
0.5690882,4,rgb_pca,0,1
0.56531066,4,rgb_pca,0,1
0.6335042,4,rgb_pca,0,1
0.6199998,4,rgb_pca,0,1
0.56701744,4,rgb_pca,0,1
0.610271,4,rgb_pca,0,1
0.6950964,4,rgb_pca,0,1
0.6714352,4,rgb_pca,0,1
0.5862945,4,rgb_pca,0,1
0.61616415,4,rgb_pca,0,1
0.6832429,4,rgb_pca,0,1
0.61368054,4,rgb_pca,0,1
0.62157935,4,rgb_pca,0,1
0.58845925,4,rgb_pca,0,1
0.60507894,4,rgb_pca,0,1
0.7534487,4,rgb_pca,0,1
0.7578994,4,rgb_pca,0,1
0.7037649,4,rgb_pca,0,1
0.71018124,4,rgb_pca,0,1
0.7323513,4,rgb_pca,0,1
0.7404047,4,rgb_pca,0,1
0.7700042,4,rgb_pca,0,1
0.78355724,4,rgb_pca,0,1
0.7725926,4,rgb_pca,0,1
0.73667437,4,rgb_pca,0,1
0.7251117,4,rgb_pca,0,1
0.7497357,4,rgb_pca,0,1
0.7597809,4,rgb_pca,0,1
0.7022146,4,rgb_pca,0,1
0.7106223,4,rgb_pca,0,1
0.70822704,4,rgb_pca,0,1
0.7158107,4,rgb_pca,0,1
0.74912167,4,rgb_pca,0,1
0.78270686,4,rgb_pca,0,1
0.7441248,4,rgb_pca,0,1
0.7004915,4,rgb_pca,0,1
0.716581,4,rgb_pca,0,1
0.71789205,4,rgb_pca,0,1
0.683123,4,rgb_pca,0,1
0.6825942,4,rgb_pca,0,1
0.7317241,4,rgb_pca,0,1
0.75881565,4,rgb_pca,0,1
0.7127093,4,rgb_pca,0,1
0.7347917,4,rgb_pca,0,1
0.74846053,4,rgb_pca,0,1
0.7706022,4,rgb_pca,0,1
0.7510552,4,rgb_pca,0,1
0.67988926,4,rgb_pca,0,1
0.66660106,4,rgb_pca,0,1
0.7191248,4,rgb_pca,0,1
0.75359243,4,rgb_pca,0,1
0.73887503,4,rgb_pca,0,1
0.73664564,4,rgb_pca,0,1
0.75496405,4,rgb_pca,0,1
0.72473586,4,rgb_pca,0,1
0.704707,4,rgb_pca,0,1
0.6892372,4,rgb_pca,0,1
0.67769796,4,rgb_pca,0,1
0.71417207,4,rgb_pca,0,1
0.7389224,4,rgb_pca,0,1
0.6732987,4,rgb_pca,0,1
0.705501,4,rgb_pca,0,1
0.7173897,4,rgb_pca,0,1
0.6951723,4,rgb_pca,0,1
0.6891568,4,rgb_pca,0,1
0.8240845,4,rgb_pca,0,1
0.7953395,4,rgb_pca,0,1
0.7638167,4,rgb_pca,0,1
0.75864667,4,rgb_pca,0,1
0.7434478,4,rgb_pca,0,1
0.7882969,4,rgb_pca,0,1
0.7437054,4,rgb_pca,0,1
0.7097453,4,rgb_pca,0,1
0.6996341,4,rgb_pca,0,1
0.69051284,4,rgb_pca,0,1
0.77886236,4,rgb_pca,0,1
0.7238485,4,rgb_pca,0,1
0.6868615,4,rgb_pca,0,1
0.67306715,4,rgb_pca,0,1
0.68353593,4,rgb_pca,0,1
0.7711102,4,rgb_pca,0,1
0.6847015,4,rgb_pca,0,1
0.66224325,4,rgb_pca,0,1
0.67721653,4,rgb_pca,0,1
0.6848092,4,rgb_pca,0,1
0.79836744,4,rgb_pca,0,1
0.80061984,4,rgb_pca,0,1
0.7995982,4,rgb_pca,0,1
0.8041481,4,rgb_pca,0,1
0.76989925,4,rgb_pca,0,1
0.7403066,4,rgb_pca,0,1
0.7775832,4,rgb_pca,0,1
0.7621589,4,rgb_pca,0,1
0.75763273,4,rgb_pca,0,1
0.790608,4,rgb_pca,0,1
0.75274396,4,rgb_pca,0,1
0.6865202,4,rgb_pca,0,1
0.7613895,4,rgb_pca,0,1
0.6938212,4,rgb_pca,0,1
0.67153835,4,rgb_pca,0,1
0.6378369,4,rgb_pca,0,1
0.6033504,4,rgb_pca,0,1
0.5710957,4,rgb_pca,0,1
0.57631034,4,rgb_pca,0,1
0.5694321,4,rgb_pca,0,1
0.6301726,4,rgb_pca,0,1
0.7396966,4,rgb_pca,0,1
0.69901484,4,rgb_pca,0,1
0.6786649,4,rgb_pca,0,1
0.64853525,4,rgb_pca,0,1
0.63351727,4,rgb_pca,0,1
0.5692071,4,rgb_pca,0,1
0.5289105,4,rgb_pca,0,1
0.5210817,4,rgb_pca,0,1
0.60629225,4,rgb_pca,0,1
0.64431554,4,rgb_pca,0,1
0.6421726,4,rgb_pca,0,1
0.5954651,4,rgb_pca,0,1
0.5478397,4,rgb_pca,0,1
0.61192894,4,rgb_pca,0,1
0.59529316,4,rgb_pca,0,1
0.54296476,4,rgb_pca,0,1
0.552227,4,rgb_pca,0,1
0.6998511,4,rgb_pca,0,1
0.6880841,4,rgb_pca,0,1
0.69368905,4,rgb_pca,0,1
0.6831151,4,rgb_pca,0,1
0.71554816,4,rgb_pca,0,1
0.7191045,4,rgb_pca,0,1
0.72770983,4,rgb_pca,0,1
0.73006636,4,rgb_pca,0,1
0.74443316,4,rgb_pca,0,1
0.7693204,4,rgb_pca,0,1
0.7523195,4,rgb_pca,0,1
0.64390975,4,rgb_pca,0,1
0.5973545,4,rgb_pca,0,1
0.57320386,4,rgb_pca,0,1
0.59074366,4,rgb_pca,0,1
0.6904563,4,rgb_pca,0,1
0.73589134,4,rgb_pca,0,1
0.6703837,4,rgb_pca,0,1
0.64196986,4,rgb_pca,0,1
0.5920671,4,rgb_pca,0,1
0.5826394,4,rgb_pca,0,1
0.67134404,4,rgb_pca,0,1
0.68970823,4,rgb_pca,0,1
0.65860283,4,rgb_pca,0,1
0.6874871,4,rgb_pca,0,1
0.6660068,4,rgb_pca,0,1
0.6670994,4,rgb_pca,0,1
0.6590677,4,rgb_pca,0,1
0.6753743,4,rgb_pca,0,1
0.6416372,4,rgb_pca,0,1
0.6114664,4,rgb_pca,0,1
0.6020582,4,rgb_pca,0,1
0.6097797,4,rgb_pca,0,1
0.6331698,4,rgb_pca,0,1
0.60819536,4,rgb_pca,0,1
0.6116967,4,rgb_pca,0,1
0.6203766,4,rgb_pca,0,1
0.6120386,4,rgb_pca,0,1
0.64752114,4,rgb_pca,0,1
0.6529268,4,rgb_pca,0,1
0.67089784,4,rgb_pca,0,1
0.54744697,4,rgb_pca,0,1
0.5595207,4,rgb_pca,0,1
0.6148488,4,rgb_pca,0,1
0.627421,4,rgb_pca,0,1
0.6152196,4,rgb_pca,0,1
0.6161104,4,rgb_pca,0,1
0.63910687,4,rgb_pca,0,1
0.6491163,4,rgb_pca,0,1
0.8176107,4,rgb_pca,0,1
0.8023659,4,rgb_pca,0,1
0.7936678,4,rgb_pca,0,1
0.785596,4,rgb_pca,0,1
0.7967803,4,rgb_pca,0,1
0.7761742,4,rgb_pca,0,1
0.77169853,4,rgb_pca,0,1
0.77237225,4,rgb_pca,0,1
0.7757715,4,rgb_pca,0,1
0.7651186,4,rgb_pca,0,1
0.7738341,4,rgb_pca,0,1
0.8228143,4,rgb_pca,0,1
0.83522284,4,rgb_pca,0,1
0.822731,4,rgb_pca,0,1
0.77532214,4,rgb_pca,0,1
0.73803234,4,rgb_pca,0,1
0.7166092,4,rgb_pca,0,1
0.7686347,4,rgb_pca,0,1
0.7981974,4,rgb_pca,0,1
0.7834653,4,rgb_pca,0,1
0.82429063,4,rgb_pca,0,1
0.8277983,4,rgb_pca,0,1
0.7967626,4,rgb_pca,0,1
0.7345246,4,rgb_pca,0,1
0.8007325,4,rgb_pca,0,1
0.79641706,4,rgb_pca,0,1
0.7849086,4,rgb_pca,0,1
0.7770733,4,rgb_pca,0,1
0.75687826,4,rgb_pca,0,1
0.7516614,4,rgb_pca,0,1
0.7824459,4,rgb_pca,0,1
0.7960244,4,rgb_pca,0,1
0.77687347,4,rgb_pca,0,1
0.80126697,4,rgb_pca,0,1
0.7991603,4,rgb_pca,0,1
0.77531433,4,rgb_pca,0,1
0.73792773,4,rgb_pca,0,1
0.78149074,4,rgb_pca,0,1
0.74658585,4,rgb_pca,0,1
0.7206289,4,rgb_pca,0,1
0.71003246,4,rgb_pca,0,1
0.78439397,4,rgb_pca,0,1
0.805071,4,rgb_pca,0,1
0.76705897,4,rgb_pca,0,1
0.74706006,4,rgb_pca,0,1
0.76694363,4,rgb_pca,0,1
0.79923993,4,rgb_pca,0,1
0.77086157,4,rgb_pca,0,1
0.799305,4,rgb_pca,0,1
0.75856864,4,rgb_pca,0,1
0.7506688,4,rgb_pca,0,1
0.74175024,4,rgb_pca,0,1
0.8163774,4,rgb_pca,0,1
0.81058586,4,rgb_pca,0,1
0.7685255,4,rgb_pca,0,1
0.75201285,4,rgb_pca,0,1
0.7659284,4,rgb_pca,0,1
0.80163157,4,rgb_pca,0,1
0.7936574,4,rgb_pca,0,1
0.81055975,4,rgb_pca,0,1
0.75776565,4,rgb_pca,0,1
0.7444621,4,rgb_pca,0,1
0.76235855,4,rgb_pca,0,1
0.8301095,4,rgb_pca,0,1
0.7786265,4,rgb_pca,0,1
0.758119,4,rgb_pca,0,1
0.7859544,4,rgb_pca,0,1
0.8053502,4,rgb_pca,0,1
0.8212565,4,rgb_pca,0,1
0.7971779,4,rgb_pca,0,1
0.83144635,4,rgb_pca,0,1
0.77154535,4,rgb_pca,0,1
0.75489813,4,rgb_pca,0,1
0.75350857,4,rgb_pca,0,1
0.81467485,4,rgb_pca,0,1
0.7603456,4,rgb_pca,0,1
0.7755502,4,rgb_pca,0,1
0.78648436,4,rgb_pca,0,1
0.8228593,4,rgb_pca,0,1
0.83560073,4,rgb_pca,0,1
0.8204285,4,rgb_pca,0,1
0.8415756,4,rgb_pca,0,1
0.7870883,4,rgb_pca,0,1
0.7547488,4,rgb_pca,0,1
0.7528846,4,rgb_pca,0,1
0.77572703,4,rgb_pca,0,1
0.7797195,4,rgb_pca,0,1
0.80854964,4,rgb_pca,0,1
0.80930734,4,rgb_pca,0,1
0.8219042,4,rgb_pca,0,1
0.8088223,4,rgb_pca,0,1
0.8092676,4,rgb_pca,0,1
0.8072835,4,rgb_pca,0,1
0.77712476,4,rgb_pca,0,1
0.75066173,4,rgb_pca,0,1
0.75664675,4,rgb_pca,0,1
0.7556174,4,rgb_pca,0,1
0.7071089,4,rgb_pca,0,1
0.6957585,4,rgb_pca,0,1
0.76502776,4,rgb_pca,0,1
0.74234056,4,rgb_pca,0,1
0.7046466,4,rgb_pca,0,1
0.7275044,4,rgb_pca,0,1
0.7745322,4,rgb_pca,0,1
0.7357682,4,rgb_pca,0,1
0.7509323,4,rgb_pca,0,1
0.74761474,4,rgb_pca,0,1
0.7037703,4,rgb_pca,0,1
0.72455966,4,rgb_pca,0,1
0.7327398,4,rgb_pca,0,1
0.7135709,4,rgb_pca,0,1
0.70404506,4,rgb_pca,0,1
0.64561296,4,rgb_pca,0,1
0.70224035,4,rgb_pca,0,1
0.69128495,4,rgb_pca,0,1
0.6349561,4,rgb_pca,0,1
0.6500141,4,rgb_pca,0,1
0.7387768,4,rgb_pca,0,1
0.7309155,4,rgb_pca,0,1
0.6688112,4,rgb_pca,0,1
0.678242,4,rgb_pca,0,1
0.6830746,4,rgb_pca,0,1
0.70635664,4,rgb_pca,0,1
0.7098907,4,rgb_pca,0,1
0.6373282,4,rgb_pca,0,1
0.6730703,4,rgb_pca,0,1
0.67810655,4,rgb_pca,0,1
0.5972725,4,rgb_pca,0,1
0.6353582,4,rgb_pca,0,1
0.7266993,4,rgb_pca,0,1
0.72995305,4,rgb_pca,0,1
0.6837182,4,rgb_pca,0,1
0.660492,4,rgb_pca,0,1
0.6555789,4,rgb_pca,0,1
0.66867447,4,rgb_pca,0,1
0.7126663,4,rgb_pca,0,1
0.64996564,4,rgb_pca,0,1
0.6975105,4,rgb_pca,0,1
0.7131241,4,rgb_pca,0,1
0.7360958,4,rgb_pca,0,1
0.73477626,4,rgb_pca,0,1
0.6807684,4,rgb_pca,0,1
0.65804875,4,rgb_pca,0,1
0.65924585,4,rgb_pca,0,1
0.68441236,4,rgb_pca,0,1
0.71701914,4,rgb_pca,0,1
0.6637577,4,rgb_pca,0,1
0.692585,4,rgb_pca,0,1
0.72064674,4,rgb_pca,0,1
0.7925072,4,rgb_pca,0,1
0.74770725,4,rgb_pca,0,1
0.70086336,4,rgb_pca,0,1
0.6713798,4,rgb_pca,0,1
0.66425765,4,rgb_pca,0,1
0.7028018,4,rgb_pca,0,1
0.71495223,4,rgb_pca,0,1
0.6709986,4,rgb_pca,0,1
0.6583791,4,rgb_pca,0,1
0.65048474,4,rgb_pca,0,1
0.8138775,4,rgb_pca,0,1
0.7556521,4,rgb_pca,0,1
0.6899724,4,rgb_pca,0,1
0.6932871,4,rgb_pca,0,1
0.6856967,4,rgb_pca,0,1
0.7229755,4,rgb_pca,0,1
0.7092121,4,rgb_pca,0,1
0.6796849,4,rgb_pca,0,1
0.6693841,4,rgb_pca,0,1
0.64456457,4,rgb_pca,0,1
0.8219024,4,rgb_pca,0,1
0.77450645,4,rgb_pca,0,1
0.68369985,4,rgb_pca,0,1
0.6908956,4,rgb_pca,0,1
0.704085,4,rgb_pca,0,1
0.71173286,4,rgb_pca,0,1
0.6707073,4,rgb_pca,0,1
0.6458387,4,rgb_pca,0,1
0.67830086,4,rgb_pca,0,1
0.6706749,4,rgb_pca,0,1
0.79789776,4,rgb_pca,0,1
0.77661455,4,rgb_pca,0,1
0.7393214,5,rgb_pca,0,1
0.73342353,5,rgb_pca,0,1
0.7383378,5,rgb_pca,0,1
0.7334547,5,rgb_pca,0,1
0.7480257,5,rgb_pca,0,1
0.7185717,5,rgb_pca,0,1
0.7162983,5,rgb_pca,0,1
0.73165894,5,rgb_pca,0,1
0.7379856,5,rgb_pca,0,1
0.74387145,5,rgb_pca,0,1
0.7623279,5,rgb_pca,0,1
0.7469631,5,rgb_pca,0,1
0.75491565,5,rgb_pca,0,1
0.7923461,5,rgb_pca,0,1
0.80811375,5,rgb_pca,0,1
0.77848107,5,rgb_pca,0,1
0.7809366,5,rgb_pca,0,1
0.8037165,5,rgb_pca,0,1
0.7621902,5,rgb_pca,0,1
0.7547885,5,rgb_pca,0,1
0.77314943,5,rgb_pca,0,1
0.8103435,5,rgb_pca,0,1
0.8299831,5,rgb_pca,0,1
0.79033196,5,rgb_pca,0,1
0.78595877,5,rgb_pca,0,1
0.8330219,5,rgb_pca,0,1
0.7902603,5,rgb_pca,0,1
0.7946831,5,rgb_pca,0,1
0.80324775,5,rgb_pca,0,1
0.80076206,5,rgb_pca,0,1
0.8372138,5,rgb_pca,0,1
0.8139615,5,rgb_pca,0,1
0.79570603,5,rgb_pca,0,1
0.81067646,5,rgb_pca,0,1
0.73055667,5,rgb_pca,0,1
0.7841147,5,rgb_pca,0,1
0.8109566,5,rgb_pca,0,1
0.8344802,5,rgb_pca,0,1
0.8146901,5,rgb_pca,0,1
0.81139576,5,rgb_pca,0,1
0.8088716,5,rgb_pca,0,1
0.8099699,5,rgb_pca,0,1
0.8040986,5,rgb_pca,0,1
0.78421515,5,rgb_pca,0,1
0.7773901,5,rgb_pca,0,1
0.78041136,5,rgb_pca,0,1
0.7997506,5,rgb_pca,0,1
0.7684398,5,rgb_pca,0,1
0.7594998,5,rgb_pca,0,1
0.7831804,5,rgb_pca,0,1
0.786293,5,rgb_pca,0,1
0.7879931,5,rgb_pca,0,1
0.80513984,5,rgb_pca,0,1
0.8242201,5,rgb_pca,0,1
0.8113573,5,rgb_pca,0,1
0.7994088,5,rgb_pca,0,1
0.8109336,5,rgb_pca,0,1
0.8025942,5,rgb_pca,0,1
0.81878513,5,rgb_pca,0,1
0.84318775,5,rgb_pca,0,1
0.78919923,5,rgb_pca,0,1
0.76872665,5,rgb_pca,0,1
0.77789855,5,rgb_pca,0,1
0.7888118,5,rgb_pca,0,1
0.7802414,5,rgb_pca,0,1
0.7886269,5,rgb_pca,0,1
0.8091131,5,rgb_pca,0,1
0.8017645,5,rgb_pca,0,1
0.81292033,5,rgb_pca,0,1
0.79521626,5,rgb_pca,0,1
0.7860937,5,rgb_pca,0,1
0.82451093,5,rgb_pca,0,1
0.81528604,5,rgb_pca,0,1
0.8045677,5,rgb_pca,0,1
0.8251448,5,rgb_pca,0,1
0.7955909,5,rgb_pca,0,1
0.79233927,5,rgb_pca,0,1
0.80046475,5,rgb_pca,0,1
0.8036016,5,rgb_pca,0,1
0.7855431,5,rgb_pca,0,1
0.7527704,5,rgb_pca,0,1
0.75175273,5,rgb_pca,0,1
0.7900844,5,rgb_pca,0,1
0.8159909,5,rgb_pca,0,1
0.82089996,5,rgb_pca,0,1
0.8364059,5,rgb_pca,0,1
0.8568214,5,rgb_pca,0,1
0.81508505,5,rgb_pca,0,1
0.80263036,5,rgb_pca,0,1
0.80553365,5,rgb_pca,0,1
0.8234393,5,rgb_pca,0,1
0.73671913,5,rgb_pca,0,1
0.7507465,5,rgb_pca,0,1
0.7807955,5,rgb_pca,0,1
0.817531,5,rgb_pca,0,1
0.8431343,5,rgb_pca,0,1
0.856063,5,rgb_pca,0,1
0.823618,5,rgb_pca,0,1
0.8466334,5,rgb_pca,0,1
0.8128363,5,rgb_pca,0,1
0.8388603,5,rgb_pca,0,1
0.83644736,5,rgb_pca,0,1
0.8066742,5,rgb_pca,0,1
0.8410345,5,rgb_pca,0,1
0.81248677,5,rgb_pca,0,1
0.8549887,5,rgb_pca,0,1
0.8551488,5,rgb_pca,0,1
0.7318635,5,rgb_pca,0,1
0.78090084,5,rgb_pca,0,1
0.7862888,5,rgb_pca,0,1
0.72027004,5,rgb_pca,0,1
0.7183957,5,rgb_pca,0,1
0.77637815,5,rgb_pca,0,1
0.78084713,5,rgb_pca,0,1
0.73600703,5,rgb_pca,0,1
0.71726775,5,rgb_pca,0,1
0.7952429,5,rgb_pca,0,1
0.84607285,5,rgb_pca,0,1
0.8384187,5,rgb_pca,0,1
0.76576334,5,rgb_pca,0,1
0.7675719,5,rgb_pca,0,1
0.8138001,5,rgb_pca,0,1
0.815956,5,rgb_pca,0,1
0.76097155,5,rgb_pca,0,1
0.7472149,5,rgb_pca,0,1
0.8545296,5,rgb_pca,0,1
0.8476008,5,rgb_pca,0,1
0.780663,5,rgb_pca,0,1
0.7664267,5,rgb_pca,0,1
0.80631036,5,rgb_pca,0,1
0.81074667,5,rgb_pca,0,1
0.7806751,5,rgb_pca,0,1
0.75876015,5,rgb_pca,0,1
0.79350173,5,rgb_pca,0,1
0.7957462,5,rgb_pca,0,1
0.7756922,5,rgb_pca,0,1
0.7794069,5,rgb_pca,0,1
0.81698674,5,rgb_pca,0,1
0.822366,5,rgb_pca,0,1
0.82071215,5,rgb_pca,0,1
0.8142336,5,rgb_pca,0,1
0.767979,5,rgb_pca,0,1
0.7475761,5,rgb_pca,0,1
0.7552558,5,rgb_pca,0,1
0.76244664,5,rgb_pca,0,1
0.79639304,5,rgb_pca,0,1
0.8173946,5,rgb_pca,0,1
0.82284737,5,rgb_pca,0,1
0.8017695,5,rgb_pca,0,1
0.789637,5,rgb_pca,0,1
0.81752586,5,rgb_pca,0,1
0.78959805,5,rgb_pca,0,1
0.7572836,5,rgb_pca,0,1
0.75041807,5,rgb_pca,0,1
0.76798475,5,rgb_pca,0,1
0.7712273,5,rgb_pca,0,1
0.7773096,5,rgb_pca,0,1
0.77933794,5,rgb_pca,0,1
0.78816193,5,rgb_pca,0,1
0.7621827,5,rgb_pca,0,1
0.80152774,5,rgb_pca,0,1
0.82065415,5,rgb_pca,0,1
0.78191245,5,rgb_pca,0,1
0.76678014,5,rgb_pca,0,1
0.75959295,5,rgb_pca,0,1
0.7603619,5,rgb_pca,0,1
0.7573843,5,rgb_pca,0,1
0.7802636,5,rgb_pca,0,1
0.77117515,5,rgb_pca,0,1
0.76624095,5,rgb_pca,0,1
0.759067,5,rgb_pca,0,1
0.77085155,5,rgb_pca,0,1
0.791044,5,rgb_pca,0,1
0.77996355,5,rgb_pca,0,1
0.7686354,5,rgb_pca,0,1
0.8084388,5,rgb_pca,0,1
0.8231882,5,rgb_pca,0,1
0.79279524,5,rgb_pca,0,1
0.76537645,5,rgb_pca,0,1
0.77459294,5,rgb_pca,0,1
0.7762085,5,rgb_pca,0,1
0.75897,5,rgb_pca,0,1
0.766232,5,rgb_pca,0,1
0.77901644,5,rgb_pca,0,1
0.78074014,5,rgb_pca,0,1
0.76632583,5,rgb_pca,0,1
0.78853667,5,rgb_pca,0,1
0.7959293,5,rgb_pca,0,1
0.77990985,5,rgb_pca,0,1
0.7602349,5,rgb_pca,0,1
0.7854126,5,rgb_pca,0,1
0.8073815,5,rgb_pca,0,1
0.81702465,5,rgb_pca,0,1
0.8224451,5,rgb_pca,0,1
0.7785539,5,rgb_pca,0,1
0.7691262,5,rgb_pca,0,1
0.7822893,5,rgb_pca,0,1
0.79302,5,rgb_pca,0,1
0.81928855,5,rgb_pca,0,1
0.80091923,5,rgb_pca,0,1
0.76562214,5,rgb_pca,0,1
0.79032093,5,rgb_pca,0,1
0.8008891,5,rgb_pca,0,1
0.7902147,5,rgb_pca,0,1
0.76876104,5,rgb_pca,0,1
0.77703977,5,rgb_pca,0,1
0.8294979,5,rgb_pca,0,1
0.8380214,5,rgb_pca,0,1
0.78762543,5,rgb_pca,0,1
0.7815778,5,rgb_pca,0,1
0.7615107,5,rgb_pca,0,1
0.7741853,5,rgb_pca,0,1
0.8170905,5,rgb_pca,0,1
0.8154962,5,rgb_pca,0,1
0.6977569,5,rgb_pca,0,1
0.7299432,5,rgb_pca,0,1
0.8000496,5,rgb_pca,0,1
0.81815356,5,rgb_pca,0,1
0.7776346,5,rgb_pca,0,1
0.7747037,5,rgb_pca,0,1
0.7502222,5,rgb_pca,0,1
0.7650329,5,rgb_pca,0,1
0.804569,5,rgb_pca,0,1
0.78723764,5,rgb_pca,0,1
0.74395376,5,rgb_pca,0,1
0.7609999,5,rgb_pca,0,1
0.7796782,5,rgb_pca,0,1
0.7829204,5,rgb_pca,0,1
0.80973095,5,rgb_pca,0,1
0.83850443,5,rgb_pca,0,1
0.8144684,5,rgb_pca,0,1
0.77003455,5,rgb_pca,0,1
0.80160266,5,rgb_pca,0,1
0.8160783,5,rgb_pca,0,1
0.796339,5,rgb_pca,0,1
0.77116245,5,rgb_pca,0,1
0.8047267,5,rgb_pca,0,1
0.80843455,5,rgb_pca,0,1
0.7812948,5,rgb_pca,0,1
0.7440976,5,rgb_pca,0,1
0.8037645,5,rgb_pca,0,1
0.7480948,5,rgb_pca,0,1
0.82652086,5,rgb_pca,0,1
0.74815834,5,rgb_pca,0,1
0.77941567,5,rgb_pca,0,1
0.80572367,5,rgb_pca,0,1
0.77997804,5,rgb_pca,0,1
0.8199446,5,rgb_pca,0,1
0.7857131,5,rgb_pca,0,1
0.8425025,5,rgb_pca,0,1
0.81598544,5,rgb_pca,0,1
0.8118123,5,rgb_pca,0,1
0.8317403,5,rgb_pca,0,1
0.831426,5,rgb_pca,0,1
0.84822196,5,rgb_pca,0,1
0.8307401,5,rgb_pca,0,1
0.8369796,5,rgb_pca,0,1
0.83595806,5,rgb_pca,0,1
0.8473996,5,rgb_pca,0,1
0.83614635,5,rgb_pca,0,1
0.83146274,5,rgb_pca,0,1
0.801309,5,rgb_pca,0,1
0.82609725,5,rgb_pca,0,1
0.82252437,5,rgb_pca,0,1
0.8030119,5,rgb_pca,0,1
0.7731656,5,rgb_pca,0,1
0.77023,5,rgb_pca,0,1
0.8016847,5,rgb_pca,0,1
0.75078565,5,rgb_pca,0,1
0.7527514,5,rgb_pca,0,1
0.73960483,5,rgb_pca,0,1
0.72033805,5,rgb_pca,0,1
0.7502786,5,rgb_pca,0,1
0.7333384,5,rgb_pca,0,1
0.6112497,1,rgb_pca,0,1
0.63309675,1,rgb_pca,0,1
0.63626903,1,rgb_pca,0,1
0.61981165,1,rgb_pca,0,1
0.60399514,1,rgb_pca,0,1
0.5998992,1,rgb_pca,0,1
0.6137154,1,rgb_pca,0,1
0.5949855,1,rgb_pca,0,1
0.6135267,1,rgb_pca,0,1
0.62105846,1,rgb_pca,0,1
0.6375627,1,rgb_pca,0,1
0.60011184,1,rgb_pca,0,1
0.62034476,1,rgb_pca,0,1
0.6258533,1,rgb_pca,0,1
0.6243364,1,rgb_pca,0,1
0.626643,1,rgb_pca,0,1
0.6558374,1,rgb_pca,0,1
0.6744789,1,rgb_pca,0,1
0.6409832,1,rgb_pca,0,1
0.65118325,1,rgb_pca,0,1
0.6562251,1,rgb_pca,0,1
0.6819737,1,rgb_pca,0,1
0.68971187,1,rgb_pca,0,1
0.6253812,1,rgb_pca,0,1
0.67953813,1,rgb_pca,0,1
0.6869973,1,rgb_pca,0,1
0.6947811,1,rgb_pca,0,1
0.68819755,1,rgb_pca,0,1
0.66818225,1,rgb_pca,0,1
0.64127517,1,rgb_pca,0,1
0.64526844,1,rgb_pca,0,1
0.6797358,1,rgb_pca,0,1
0.68335164,1,rgb_pca,0,1
0.6821991,1,rgb_pca,0,1
0.69104,1,rgb_pca,0,1
0.67906874,1,rgb_pca,0,1
0.7052579,1,rgb_pca,0,1
0.7010834,1,rgb_pca,0,1
0.6752863,1,rgb_pca,0,1
0.66614616,1,rgb_pca,0,1
0.6856095,1,rgb_pca,0,1
0.6692072,1,rgb_pca,0,1
0.6741129,1,rgb_pca,0,1
0.68940175,1,rgb_pca,0,1
0.6929319,1,rgb_pca,0,1
0.7078651,1,rgb_pca,0,1
0.72335565,1,rgb_pca,0,1
0.68969774,1,rgb_pca,0,1
0.6881574,1,rgb_pca,0,1
0.71303236,1,rgb_pca,0,1
0.70070696,1,rgb_pca,0,1
0.68375945,1,rgb_pca,0,1
0.6899074,1,rgb_pca,0,1
0.696266,1,rgb_pca,0,1
0.7021978,1,rgb_pca,0,1
0.70002294,1,rgb_pca,0,1
0.73705256,1,rgb_pca,0,1
0.72861254,1,rgb_pca,0,1
0.71196264,1,rgb_pca,0,1
0.7235532,1,rgb_pca,0,1
0.72168726,1,rgb_pca,0,1
0.7955798,1,rgb_pca,0,1
0.73476976,1,rgb_pca,0,1
0.6993869,1,rgb_pca,0,1
0.7164171,1,rgb_pca,0,1
0.7103395,1,rgb_pca,0,1
0.7727332,1,rgb_pca,0,1
0.8007631,1,rgb_pca,0,1
0.6909915,1,rgb_pca,0,1
0.7422472,1,rgb_pca,0,1
0.7203627,1,rgb_pca,0,1
0.72004473,1,rgb_pca,0,1
0.7081171,1,rgb_pca,0,1
0.73084736,1,rgb_pca,0,1
0.79280555,1,rgb_pca,0,1
0.8095515,1,rgb_pca,0,1
0.69332427,1,rgb_pca,0,1
0.72460115,1,rgb_pca,0,1
0.73679996,1,rgb_pca,0,1
0.7316212,1,rgb_pca,0,1
0.71073186,1,rgb_pca,0,1
0.7433953,1,rgb_pca,0,1
0.80347216,1,rgb_pca,0,1
0.71154135,1,rgb_pca,0,1
0.72135115,1,rgb_pca,0,1
0.69775873,1,rgb_pca,0,1
0.7227819,1,rgb_pca,0,1
0.68943083,1,rgb_pca,0,1
0.67858636,1,rgb_pca,0,1
0.70837206,1,rgb_pca,0,1
0.66509455,1,rgb_pca,0,1
0.5939949,1,rgb_pca,0,1
0.5770023,1,rgb_pca,0,1
0.5696757,1,rgb_pca,0,1
0.55009675,1,rgb_pca,0,1
0.68480384,1,rgb_pca,0,1
0.73052657,1,rgb_pca,0,1
0.6375887,1,rgb_pca,0,1
0.55526996,1,rgb_pca,0,1
0.5067515,1,rgb_pca,0,1
0.5455805,1,rgb_pca,0,1
0.56997496,1,rgb_pca,0,1
0.55603635,1,rgb_pca,0,1
0.5009029,1,rgb_pca,0,1
0.5363507,1,rgb_pca,0,1
0.61048806,1,rgb_pca,0,1
0.6752143,1,rgb_pca,0,1
0.49678844,1,rgb_pca,0,1
0.5278521,1,rgb_pca,0,1
0.59090686,1,rgb_pca,0,1
0.68820894,1,rgb_pca,0,1
0.70849705,1,rgb_pca,0,1
0.56957126,1,rgb_pca,0,1
0.56316584,1,rgb_pca,0,1
0.54980224,1,rgb_pca,0,1
0.569275,1,rgb_pca,0,1
0.65414655,1,rgb_pca,0,1
0.69730526,1,rgb_pca,0,1
0.72594166,1,rgb_pca,0,1
0.71706986,1,rgb_pca,0,1
0.71019125,1,rgb_pca,0,1
0.59552205,1,rgb_pca,0,1
0.61764824,1,rgb_pca,0,1
0.6103064,1,rgb_pca,0,1
0.660489,1,rgb_pca,0,1
0.72773963,1,rgb_pca,0,1
0.719648,1,rgb_pca,0,1
0.7132601,1,rgb_pca,0,1
0.6939389,1,rgb_pca,0,1
0.69962466,1,rgb_pca,0,1
0.5940691,1,rgb_pca,0,1
0.6223502,1,rgb_pca,0,1
0.6523855,1,rgb_pca,0,1
0.6841117,1,rgb_pca,0,1
0.74347115,1,rgb_pca,0,1
0.72429466,1,rgb_pca,0,1
0.7150545,1,rgb_pca,0,1
0.656284,1,rgb_pca,0,1
0.70846426,1,rgb_pca,0,1
0.6775141,1,rgb_pca,0,1
0.68318725,1,rgb_pca,0,1
0.7258482,1,rgb_pca,0,1
0.7050808,1,rgb_pca,0,1
0.7302567,1,rgb_pca,0,1
0.6470123,1,rgb_pca,0,1
0.6819156,1,rgb_pca,0,1
0.7085735,1,rgb_pca,0,1
0.7501935,1,rgb_pca,0,1
0.7110716,1,rgb_pca,0,1
0.65840596,1,rgb_pca,0,1
0.72190845,1,rgb_pca,0,1
0.7435238,1,rgb_pca,0,1
0.6614008,1,rgb_pca,0,1
0.6796339,1,rgb_pca,0,1
0.6963937,1,rgb_pca,0,1
0.7323848,1,rgb_pca,0,1
0.707725,1,rgb_pca,0,1
0.67478293,1,rgb_pca,0,1
0.6894998,1,rgb_pca,0,1
0.7260086,1,rgb_pca,0,1
0.7024426,1,rgb_pca,0,1
0.71505964,1,rgb_pca,0,1
0.72799635,1,rgb_pca,0,1
0.74569565,1,rgb_pca,0,1
0.70285213,1,rgb_pca,0,1
0.6753645,1,rgb_pca,0,1
0.686034,1,rgb_pca,0,1
0.694701,1,rgb_pca,0,1
0.8186266,4,rgb_pca,0,1
0.77741146,4,rgb_pca,0,1
0.7332783,4,rgb_pca,0,1
0.7366737,4,rgb_pca,0,1
0.7516281,4,rgb_pca,0,1
0.7233988,4,rgb_pca,0,1
0.7821201,4,rgb_pca,0,1
0.82493865,4,rgb_pca,0,1
0.82620806,4,rgb_pca,0,1
0.78098863,4,rgb_pca,0,1
0.7470233,4,rgb_pca,0,1
0.7452221,4,rgb_pca,0,1
0.7663364,4,rgb_pca,0,1
0.76058453,4,rgb_pca,0,1
0.7230875,4,rgb_pca,0,1
0.70974123,4,rgb_pca,0,1
0.66782606,4,rgb_pca,0,1
0.73603475,4,rgb_pca,0,1
0.81578267,4,rgb_pca,0,1
0.7837636,4,rgb_pca,0,1
0.6957501,4,rgb_pca,0,1
0.7132552,4,rgb_pca,0,1
0.695436,4,rgb_pca,0,1
0.7117543,4,rgb_pca,0,1
0.7281817,4,rgb_pca,0,1
0.6804932,4,rgb_pca,0,1
0.6792335,4,rgb_pca,0,1
0.6328613,4,rgb_pca,0,1
0.64937156,4,rgb_pca,0,1
0.72578347,4,rgb_pca,0,1
0.74535555,4,rgb_pca,0,1
0.7292801,4,rgb_pca,0,1
0.7488717,4,rgb_pca,0,1
0.702718,4,rgb_pca,0,1
0.6948581,4,rgb_pca,0,1
0.7021361,4,rgb_pca,0,1
0.6724544,4,rgb_pca,0,1
0.6757827,4,rgb_pca,0,1
0.67157525,4,rgb_pca,0,1
0.6920411,4,rgb_pca,0,1
0.6912052,4,rgb_pca,0,1
0.7216023,4,rgb_pca,0,1
0.771272,4,rgb_pca,0,1
0.6863697,4,rgb_pca,0,1
0.6587603,4,rgb_pca,0,1
0.65403694,4,rgb_pca,0,1
0.66771156,4,rgb_pca,0,1
0.6893531,4,rgb_pca,0,1
0.6948123,4,rgb_pca,0,1
0.6747179,4,rgb_pca,0,1
0.69536304,4,rgb_pca,0,1
0.7133754,4,rgb_pca,0,1
0.73746395,4,rgb_pca,0,1
0.6703931,4,rgb_pca,0,1
0.6382611,4,rgb_pca,0,1
0.6482092,4,rgb_pca,0,1
0.66537386,4,rgb_pca,0,1
0.68287337,4,rgb_pca,0,1
0.6874571,4,rgb_pca,0,1
0.6637036,4,rgb_pca,0,1
0.6802094,4,rgb_pca,0,1
0.711838,4,rgb_pca,0,1
0.75428975,4,rgb_pca,0,1
0.7161796,4,rgb_pca,0,1
0.7448325,4,rgb_pca,0,1
0.72759974,4,rgb_pca,0,1
0.71913695,4,rgb_pca,0,1
0.73542464,4,rgb_pca,0,1
0.69032896,4,rgb_pca,0,1
0.6722668,4,rgb_pca,0,1
0.6540818,4,rgb_pca,0,1
0.6578363,4,rgb_pca,0,1
0.7678027,4,rgb_pca,0,1
0.8241912,4,rgb_pca,0,1
0.7428237,5,rgb_pca,0,1
0.7772424,5,rgb_pca,0,1
0.7894178,5,rgb_pca,0,1
0.8083296,5,rgb_pca,0,1
0.7750496,5,rgb_pca,0,1
0.7894608,5,rgb_pca,0,1
0.8125979,5,rgb_pca,0,1
0.8258022,5,rgb_pca,0,1
0.8165897,5,rgb_pca,0,1
0.782082,5,rgb_pca,0,1
0.80767155,5,rgb_pca,0,1
0.82747,5,rgb_pca,0,1
0.8114489,5,rgb_pca,0,1
0.78585166,5,rgb_pca,0,1
0.7665515,5,rgb_pca,0,1
0.7758861,5,rgb_pca,0,1
0.7807485,5,rgb_pca,0,1
0.77817166,5,rgb_pca,0,1
0.8245487,5,rgb_pca,0,1
0.83637667,5,rgb_pca,0,1
0.83274794,5,rgb_pca,0,1
0.83000684,5,rgb_pca,0,1
0.80640775,5,rgb_pca,0,1
0.777359,5,rgb_pca,0,1
0.7872688,5,rgb_pca,0,1
0.80090487,5,rgb_pca,0,1
0.8512765,5,rgb_pca,0,1
0.85226905,5,rgb_pca,0,1
0.85420996,5,rgb_pca,0,1
0.85088766,5,rgb_pca,0,1
0.8123405,5,rgb_pca,0,1
0.7869862,5,rgb_pca,0,1
0.7942707,5,rgb_pca,0,1
0.81974995,5,rgb_pca,0,1
0.77590513,5,rgb_pca,0,1
0.8306395,5,rgb_pca,0,1
0.8413308,5,rgb_pca,0,1
0.84100384,5,rgb_pca,0,1
0.8400988,5,rgb_pca,0,1
0.80774534,5,rgb_pca,0,1
0.8080479,5,rgb_pca,0,1
0.82124364,5,rgb_pca,0,1
0.81545866,5,rgb_pca,0,1
0.77991295,5,rgb_pca,0,1
0.7590636,5,rgb_pca,0,1
0.77414113,5,rgb_pca,0,1
0.81602204,5,rgb_pca,0,1
0.83446884,5,rgb_pca,0,1
0.8429432,5,rgb_pca,0,1
0.8246899,5,rgb_pca,0,1
0.82426274,5,rgb_pca,0,1
0.82124245,5,rgb_pca,0,1
0.8176658,5,rgb_pca,0,1
0.83032596,5,rgb_pca,0,1
0.81739366,5,rgb_pca,0,1
0.803872,5,rgb_pca,0,1
0.79073155,5,rgb_pca,0,1
0.8112302,5,rgb_pca,0,1
0.8434847,5,rgb_pca,0,1
0.8224973,5,rgb_pca,0,1
0.84557647,5,rgb_pca,0,1
0.83587897,5,rgb_pca,0,1
0.80840206,5,rgb_pca,0,1
0.8170194,5,rgb_pca,0,1
0.8122167,5,rgb_pca,0,1
0.82418823,5,rgb_pca,0,1
0.81654394,5,rgb_pca,0,1
0.81104976,5,rgb_pca,0,1
0.78972334,5,rgb_pca,0,1
0.77355087,5,rgb_pca,0,1
0.81966484,5,rgb_pca,0,1
0.85648304,5,rgb_pca,0,1
0.8288933,5,rgb_pca,0,1
0.82807887,5,rgb_pca,0,1
0.8255169,5,rgb_pca,0,1
0.8201644,5,rgb_pca,0,1
0.83771896,5,rgb_pca,0,1
0.83989507,5,rgb_pca,0,1
0.8291875,5,rgb_pca,0,1
0.83389807,5,rgb_pca,0,1
0.80810773,5,rgb_pca,0,1
0.8010258,5,rgb_pca,0,1
0.82081735,5,rgb_pca,0,1
0.8627111,5,rgb_pca,0,1
0.82435673,5,rgb_pca,0,1
0.83090216,5,rgb_pca,0,1
0.837582,5,rgb_pca,0,1
0.8229138,5,rgb_pca,0,1
0.8423929,5,rgb_pca,0,1
0.8478312,5,rgb_pca,0,1
0.83012724,5,rgb_pca,0,1
0.8202146,5,rgb_pca,0,1
0.8234341,5,rgb_pca,0,1
0.8417548,5,rgb_pca,0,1
0.87032413,5,rgb_pca,0,1
0.860289,5,rgb_pca,0,1
0.867527,5,rgb_pca,0,1
0.84840834,5,rgb_pca,0,1
0.84184676,5,rgb_pca,0,1
0.8346688,5,rgb_pca,0,1
0.85708606,5,rgb_pca,0,1
0.86379766,5,rgb_pca,0,1
0.8485956,5,rgb_pca,0,1
0.8584465,5,rgb_pca,0,1
0.8664119,5,rgb_pca,0,1
0.87658465,5,rgb_pca,0,1
0.8722407,5,rgb_pca,0,1
0.81342053,5,rgb_pca,0,1
0.8049046,5,rgb_pca,0,1
0.8125099,5,rgb_pca,0,1
0.77585506,5,rgb_pca,0,1
0.78283256,5,rgb_pca,0,1
0.8071767,5,rgb_pca,0,1
0.82541895,5,rgb_pca,0,1
0.8220413,5,rgb_pca,0,1
0.81894064,5,rgb_pca,0,1
0.8256201,5,rgb_pca,0,1
0.8247169,5,rgb_pca,0,1
0.8178617,5,rgb_pca,0,1
0.8140392,5,rgb_pca,0,1
0.81826615,5,rgb_pca,0,1
0.80970496,5,rgb_pca,0,1
0.8090279,5,rgb_pca,0,1
0.8367053,5,rgb_pca,0,1
0.84008884,5,rgb_pca,0,1
0.8240615,5,rgb_pca,0,1
0.8424659,5,rgb_pca,0,1
0.8406608,5,rgb_pca,0,1
0.82260984,5,rgb_pca,0,1
0.8069347,5,rgb_pca,0,1
0.7949702,5,rgb_pca,0,1
0.81692165,5,rgb_pca,0,1
0.83526766,5,rgb_pca,0,1
0.8076161,5,rgb_pca,0,1
0.8330661,5,rgb_pca,0,1
0.84541714,5,rgb_pca,0,1
0.8216684,5,rgb_pca,0,1
0.8177725,5,rgb_pca,0,1
0.80138373,5,rgb_pca,0,1
0.8155894,5,rgb_pca,0,1
0.8339265,5,rgb_pca,0,1
0.797267,5,rgb_pca,0,1
0.8139216,5,rgb_pca,0,1
0.8352754,5,rgb_pca,0,1
0.8414424,5,rgb_pca,0,1
0.8250436,5,rgb_pca,0,1
0.8356571,5,rgb_pca,0,1
0.8162532,5,rgb_pca,0,1
0.81775653,5,rgb_pca,0,1
0.8296968,5,rgb_pca,0,1
0.81352633,5,rgb_pca,0,1
0.82277316,5,rgb_pca,0,1
0.8126789,5,rgb_pca,0,1
0.81996834,5,rgb_pca,0,1
0.81388366,5,rgb_pca,0,1
0.84418154,5,rgb_pca,0,1
0.84097034,5,rgb_pca,0,1
0.8293137,5,rgb_pca,0,1
0.81872785,5,rgb_pca,0,1
0.8535218,5,rgb_pca,0,1
0.84049237,5,rgb_pca,0,1
0.8241622,5,rgb_pca,0,1
0.8291967,5,rgb_pca,0,1
0.8241167,5,rgb_pca,0,1
0.8171387,5,rgb_pca,0,1
0.8048177,5,rgb_pca,0,1
0.80943817,5,rgb_pca,0,1
0.80208325,5,rgb_pca,0,1
0.8050232,5,rgb_pca,0,1
0.8656235,5,rgb_pca,0,1
0.8496434,5,rgb_pca,0,1
0.8364235,5,rgb_pca,0,1
0.828087,5,rgb_pca,0,1
0.81494164,5,rgb_pca,0,1
0.845952,5,rgb_pca,0,1
0.8428558,5,rgb_pca,0,1
0.82523906,5,rgb_pca,0,1
0.8255535,5,rgb_pca,0,1
0.83869535,5,rgb_pca,0,1
0.82854474,5,rgb_pca,0,1
0.81651855,5,rgb_pca,0,1
0.8145665,5,rgb_pca,0,1
0.7997134,5,rgb_pca,0,1
0.80645174,5,rgb_pca,0,1
0.8483962,5,rgb_pca,0,1
0.84071577,5,rgb_pca,0,1
0.8271563,5,rgb_pca,0,1
0.8544034,5,rgb_pca,0,1
0.8232986,5,rgb_pca,0,1
0.8549708,5,rgb_pca,0,1
0.8465053,5,rgb_pca,0,1
0.8270031,5,rgb_pca,0,1
0.8489908,5,rgb_pca,0,1
0.84864914,5,rgb_pca,0,1
0.83018124,5,rgb_pca,0,1
0.826584,5,rgb_pca,0,1
0.8247983,5,rgb_pca,0,1
0.8402553,5,rgb_pca,0,1
0.83260554,5,rgb_pca,0,1
0.830347,5,rgb_pca,0,1
0.8271136,5,rgb_pca,0,1
0.8226533,5,rgb_pca,0,1
0.8450743,5,rgb_pca,0,1
0.8150084,5,rgb_pca,0,1
0.8498783,5,rgb_pca,0,1
0.8349339,5,rgb_pca,0,1
0.8635781,5,rgb_pca,0,1
0.84186953,5,rgb_pca,0,1
0.8283113,5,rgb_pca,0,1
0.85135555,5,rgb_pca,0,1
0.84439284,5,rgb_pca,0,1
0.8440324,5,rgb_pca,0,1
0.8204607,5,rgb_pca,0,1
0.7989515,5,rgb_pca,0,1
0.8319961,5,rgb_pca,0,1
0.8383862,5,rgb_pca,0,1
0.84168786,5,rgb_pca,0,1
0.82217795,5,rgb_pca,0,1
0.82242423,5,rgb_pca,0,1
0.8345713,5,rgb_pca,0,1
0.83133197,5,rgb_pca,0,1
0.8306244,5,rgb_pca,0,1
0.80475813,5,rgb_pca,0,1
0.7984891,5,rgb_pca,0,1
0.82748383,5,rgb_pca,0,1
0.8134626,5,rgb_pca,0,1
0.82472646,5,rgb_pca,0,1
0.8277061,5,rgb_pca,0,1
0.82681066,5,rgb_pca,0,1
0.80352056,5,rgb_pca,0,1
0.8025225,5,rgb_pca,0,1
0.8241926,5,rgb_pca,0,1
0.82165146,5,rgb_pca,0,1
0.82893944,5,rgb_pca,0,1
0.82241607,5,rgb_pca,0,1
0.8143745,5,rgb_pca,0,1
0.80820715,5,rgb_pca,0,1
0.8198899,5,rgb_pca,0,1
0.84014946,5,rgb_pca,0,1
0.8480493,5,rgb_pca,0,1
0.799512,5,rgb_pca,0,1
0.84377253,5,rgb_pca,0,1
0.7757116,5,rgb_pca,0,1
0.8087488,5,rgb_pca,0,1
0.8416919,5,rgb_pca,0,1
0.8622315,5,rgb_pca,0,1
0.8404945,5,rgb_pca,0,1
0.8478286,5,rgb_pca,0,1
0.83859754,5,rgb_pca,0,1
0.8711802,5,rgb_pca,0,1
0.8580562,5,rgb_pca,0,1
0.7973535,5,rgb_pca,0,1
0.880128,5,rgb_pca,0,1
0.8557981,5,rgb_pca,0,1
0.8176899,5,rgb_pca,0,1
0.8521973,5,rgb_pca,0,1
0.8408945,5,rgb_pca,0,1
0.8223473,5,rgb_pca,0,1
0.80333185,5,rgb_pca,0,1
0.8289117,5,rgb_pca,0,1
0.8303259,5,rgb_pca,0,1
0.81198174,5,rgb_pca,0,1
0.7844409,5,rgb_pca,0,1
0.78770554,5,rgb_pca,0,1
0.8108969,5,rgb_pca,0,1
0.79160035,5,rgb_pca,0,1
0.78852403,5,rgb_pca,0,1
0.8333781,5,rgb_pca,0,1
0.79565465,5,rgb_pca,0,1
0.7846296,5,rgb_pca,0,1
0.7950856,5,rgb_pca,0,1
0.79973775,5,rgb_pca,0,1
0.7886214,5,rgb_pca,0,1
0.809698,5,rgb_pca,0,1
0.7092655,1,rgb_pca,0,1
0.71803296,1,rgb_pca,0,1
0.70398504,1,rgb_pca,0,1
0.73421216,1,rgb_pca,0,1
0.7036444,1,rgb_pca,0,1
0.7126019,1,rgb_pca,0,1
0.7472843,1,rgb_pca,0,1
0.75981545,1,rgb_pca,0,1
0.7606277,1,rgb_pca,0,1
0.7654162,1,rgb_pca,0,1
0.76187205,1,rgb_pca,0,1
0.6952741,1,rgb_pca,0,1
0.6814533,1,rgb_pca,0,1
0.7105659,1,rgb_pca,0,1
0.72046936,1,rgb_pca,0,1
0.75312924,1,rgb_pca,0,1
0.7649721,1,rgb_pca,0,1
0.79213494,1,rgb_pca,0,1
0.69861436,1,rgb_pca,0,1
0.73602325,1,rgb_pca,0,1
0.7711723,1,rgb_pca,0,1
0.79251826,1,rgb_pca,0,1
0.83303,1,rgb_pca,0,1
0.74767745,1,rgb_pca,0,1
0.7418714,1,rgb_pca,0,1
0.7612105,1,rgb_pca,0,1
0.8132936,1,rgb_pca,0,1
0.8310014,1,rgb_pca,0,1
0.6433375,1,rgb_pca,0,1
0.64056987,1,rgb_pca,0,1
0.73555845,1,rgb_pca,0,1
0.7506969,1,rgb_pca,0,1
0.7662422,1,rgb_pca,0,1
0.8089277,1,rgb_pca,0,1
0.82176733,1,rgb_pca,0,1
0.81506884,1,rgb_pca,0,1
0.8144265,1,rgb_pca,0,1
0.6457695,1,rgb_pca,0,1
0.6479737,1,rgb_pca,0,1
0.72552127,1,rgb_pca,0,1
0.7393521,1,rgb_pca,0,1
0.7518582,1,rgb_pca,0,1
0.77110445,1,rgb_pca,0,1
0.8001975,1,rgb_pca,0,1
0.8009907,1,rgb_pca,0,1
0.81235254,1,rgb_pca,0,1
0.6676955,1,rgb_pca,0,1
0.7013214,1,rgb_pca,0,1
0.7420391,1,rgb_pca,0,1
0.77112037,1,rgb_pca,0,1
0.77278256,1,rgb_pca,0,1
0.7649574,1,rgb_pca,0,1
0.78653795,1,rgb_pca,0,1
0.718506,1,rgb_pca,0,1
0.7327837,1,rgb_pca,0,1
0.7653681,1,rgb_pca,0,1
0.79585326,1,rgb_pca,0,1
0.79445815,1,rgb_pca,0,1
0.7661918,1,rgb_pca,0,1
0.7836724,1,rgb_pca,0,1
0.6789649,1,rgb_pca,0,1
0.7113359,1,rgb_pca,0,1
0.7922181,1,rgb_pca,0,1
0.82002956,1,rgb_pca,0,1
0.79071337,1,rgb_pca,0,1
0.78186166,1,rgb_pca,0,1
0.79385364,1,rgb_pca,0,1
0.81602645,1,rgb_pca,0,1
0.6825843,1,rgb_pca,0,1
0.6966397,1,rgb_pca,0,1
0.7615284,1,rgb_pca,0,1
0.8160821,1,rgb_pca,0,1
0.76616806,1,rgb_pca,0,1
0.7719275,1,rgb_pca,0,1
0.79321396,1,rgb_pca,0,1
0.8233403,1,rgb_pca,0,1
0.77993214,1,rgb_pca,0,1
0.7722049,1,rgb_pca,0,1
0.7615717,1,rgb_pca,0,1
0.7567152,1,rgb_pca,0,1
0.7762775,1,rgb_pca,0,1
0.7890371,1,rgb_pca,0,1
0.812464,1,rgb_pca,0,1
0.793623,1,rgb_pca,0,1
0.5701823,1,rgb_pca,0,1
0.6073593,1,rgb_pca,0,1
0.6049739,1,rgb_pca,0,1
0.6425039,1,rgb_pca,0,1
0.5927151,1,rgb_pca,0,1
0.58603394,1,rgb_pca,0,1
0.6652985,1,rgb_pca,0,1
0.7051168,1,rgb_pca,0,1
0.7252737,1,rgb_pca,0,1
0.7160718,1,rgb_pca,0,1
0.74773633,1,rgb_pca,0,1
0.60670847,1,rgb_pca,0,1
0.6573848,1,rgb_pca,0,1
0.74420786,1,rgb_pca,0,1
0.7413456,1,rgb_pca,0,1
0.73118883,1,rgb_pca,0,1
0.7239293,1,rgb_pca,0,1
0.74772346,1,rgb_pca,0,1
0.8148575,1,rgb_pca,0,1
0.81222636,1,rgb_pca,0,1
0.74595296,1,rgb_pca,0,1
0.7539635,1,rgb_pca,0,1
0.772483,1,rgb_pca,0,1
0.79333997,1,rgb_pca,0,1
0.7737014,1,rgb_pca,0,1
0.7496706,1,rgb_pca,0,1
0.7781029,1,rgb_pca,0,1
0.79164076,1,rgb_pca,0,1
0.66982454,1,rgb_pca,0,1
0.69239604,1,rgb_pca,0,1
0.75202847,1,rgb_pca,0,1
0.7544732,1,rgb_pca,0,1
0.7501565,1,rgb_pca,0,1
0.7741521,1,rgb_pca,0,1
0.83155775,1,rgb_pca,0,1
0.83728653,1,rgb_pca,0,1
0.80224186,1,rgb_pca,0,1
0.6621644,1,rgb_pca,0,1
0.6985337,1,rgb_pca,0,1
0.7459808,1,rgb_pca,0,1
0.778237,1,rgb_pca,0,1
0.7708945,1,rgb_pca,0,1
0.7708007,1,rgb_pca,0,1
0.81768435,1,rgb_pca,0,1
0.8452086,1,rgb_pca,0,1
0.81726754,1,rgb_pca,0,1
0.70574814,1,rgb_pca,0,1
0.75094867,1,rgb_pca,0,1
0.75053227,1,rgb_pca,0,1
0.7552409,1,rgb_pca,0,1
0.7738132,1,rgb_pca,0,1
0.75950235,1,rgb_pca,0,1
0.7653909,1,rgb_pca,0,1
0.7140348,1,rgb_pca,0,1
0.75640666,1,rgb_pca,0,1
0.7593578,1,rgb_pca,0,1
0.7898687,1,rgb_pca,0,1
0.7845168,1,rgb_pca,0,1
0.76262975,1,rgb_pca,0,1
0.76943165,1,rgb_pca,0,1
0.6625104,1,rgb_pca,0,1
0.6804277,1,rgb_pca,0,1
0.72735023,1,rgb_pca,0,1
0.76071274,1,rgb_pca,0,1
0.78005135,1,rgb_pca,0,1
0.77811414,1,rgb_pca,0,1
0.7712718,1,rgb_pca,0,1
0.7814585,1,rgb_pca,0,1
0.70268613,1,rgb_pca,0,1
0.74566644,1,rgb_pca,0,1
0.7611172,1,rgb_pca,0,1
0.7672721,1,rgb_pca,0,1
0.7813941,1,rgb_pca,0,1
0.7863107,1,rgb_pca,0,1
0.7810758,1,rgb_pca,0,1
0.7862792,1,rgb_pca,0,1
0.7290318,1,rgb_pca,0,1
0.7802303,1,rgb_pca,0,1
0.8079213,1,rgb_pca,0,1
0.8047982,1,rgb_pca,0,1
0.79855216,1,rgb_pca,0,1
0.8051793,1,rgb_pca,0,1
0.8033559,1,rgb_pca,0,1
0.8005899,1,rgb_pca,0,1
0.7995877,1,rgb_pca,0,1
0.82005894,1,rgb_pca,0,1
0.7915158,1,rgb_pca,0,1
0.78486913,1,rgb_pca,0,1
0.8142363,1,rgb_pca,0,1
0.79183215,1,rgb_pca,0,1
0.80326617,1,rgb_pca,0,1
0.7780381,1,rgb_pca,0,1
0.778091,1,rgb_pca,0,1
0.810257,1,rgb_pca,0,1
0.7771118,1,rgb_pca,0,1
0.78330076,1,rgb_pca,0,1
0.77773535,1,rgb_pca,0,1
0.78121114,1,rgb_pca,0,1
0.773277,1,rgb_pca,0,1
0.8005835,1,rgb_pca,0,1
0.8216901,1,rgb_pca,0,1
0.86984485,1,rgb_pca,0,1
0.77870893,1,rgb_pca,0,1
0.78164864,1,rgb_pca,0,1
0.7805573,1,rgb_pca,0,1
0.7945436,1,rgb_pca,0,1
0.7848034,1,rgb_pca,0,1
0.79726774,1,rgb_pca,0,1
0.81949025,1,rgb_pca,0,1
0.88015294,1,rgb_pca,0,1
0.79490113,1,rgb_pca,0,1
0.7818041,1,rgb_pca,0,1
0.76673746,1,rgb_pca,0,1
0.7666906,1,rgb_pca,0,1
0.78077364,1,rgb_pca,0,1
0.7939224,1,rgb_pca,0,1
0.77716243,1,rgb_pca,0,1
0.7925086,1,rgb_pca,0,1
0.84211886,1,rgb_pca,0,1
0.90496165,1,rgb_pca,0,1
0.8021058,1,rgb_pca,0,1
0.76755834,1,rgb_pca,0,1
0.7674209,1,rgb_pca,0,1
0.7831229,1,rgb_pca,0,1
0.7911149,1,rgb_pca,0,1
0.78508455,1,rgb_pca,0,1
0.77212286,1,rgb_pca,0,1
0.78818464,1,rgb_pca,0,1
0.83080834,1,rgb_pca,0,1
0.89885265,1,rgb_pca,0,1
0.7902315,1,rgb_pca,0,1
0.80032325,1,rgb_pca,0,1
0.81372917,1,rgb_pca,0,1
0.8154039,1,rgb_pca,0,1
0.7986408,1,rgb_pca,0,1
0.77941066,1,rgb_pca,0,1
0.8169875,1,rgb_pca,0,1
0.8663447,1,rgb_pca,0,1
0.7957891,1,rgb_pca,0,1
0.8048913,1,rgb_pca,0,1
0.816369,1,rgb_pca,0,1
0.8208047,1,rgb_pca,0,1
0.79970205,1,rgb_pca,0,1
0.82066584,1,rgb_pca,0,1
0.86151695,1,rgb_pca,0,1
0.79304034,1,rgb_pca,0,1
0.7914871,1,rgb_pca,0,1
0.8015711,1,rgb_pca,0,1
0.7944852,1,rgb_pca,0,1
0.7941803,1,rgb_pca,0,1
0.8464513,1,rgb_pca,0,1
0.79443157,1,rgb_pca,0,1
0.7943499,1,rgb_pca,0,1
0.78124714,1,rgb_pca,0,1
0.78917843,1,rgb_pca,0,1
0.85063404,1,rgb_pca,0,1
0.77991396,1,rgb_pca,0,1
0.77629954,1,rgb_pca,0,1
0.8041236,1,rgb_pca,0,1
0.8520662,1,rgb_pca,0,1
0.7839962,1,rgb_pca,0,1
0.8117311,1,rgb_pca,0,1
0.85466194,1,rgb_pca,0,1
0.82134855,1,rgb_pca,0,1
0.8573873,1,rgb_pca,0,1
0.7783204,1,rgb_pca,0,1
0.7684853,1,rgb_pca,0,1
0.7835872,1,rgb_pca,0,1
0.80338466,1,rgb_pca,0,1
0.7754525,1,rgb_pca,0,1
0.7728988,1,rgb_pca,0,1
0.85650766,1,rgb_pca,0,1
0.8179349,1,rgb_pca,0,1
0.79391587,1,rgb_pca,0,1
0.7923765,1,rgb_pca,0,1
0.8084497,1,rgb_pca,0,1
0.809569,1,rgb_pca,0,1
0.80047816,1,rgb_pca,0,1
0.7635578,1,rgb_pca,0,1
0.77438563,1,rgb_pca,0,1
0.84253585,1,rgb_pca,0,1
0.8245481,1,rgb_pca,0,1
0.81889796,1,rgb_pca,0,1
0.8183401,1,rgb_pca,0,1
0.83313465,1,rgb_pca,0,1
0.78200305,1,rgb_pca,0,1
0.80732244,1,rgb_pca,0,1
0.80116314,1,rgb_pca,0,1
0.7976586,1,rgb_pca,0,1
0.8112119,1,rgb_pca,0,1
0.7895576,1,rgb_pca,0,1
0.79090226,1,rgb_pca,0,1
0.79574883,1,rgb_pca,0,1
0.7869518,1,rgb_pca,0,1
0.80655456,1,rgb_pca,0,1
0.800559,1,rgb_pca,0,1
0.8037793,1,rgb_pca,0,1
0.80372226,1,rgb_pca,0,1
0.82788074,1,rgb_pca,0,1
0.8183466,1,rgb_pca,0,1
0.7871393,1,rgb_pca,0,1
0.79996395,1,rgb_pca,0,1
0.79992783,1,rgb_pca,0,1
0.7963904,1,rgb_pca,0,1
0.7880336,1,rgb_pca,0,1
0.7937436,1,rgb_pca,0,1
0.7862009,1,rgb_pca,0,1
0.8232442,1,rgb_pca,0,1
0.81014425,1,rgb_pca,0,1
0.7981559,1,rgb_pca,0,1
0.79435515,1,rgb_pca,0,1
0.8234093,1,rgb_pca,0,1
0.82295156,1,rgb_pca,0,1
0.8003708,1,rgb_pca,0,1
0.81362134,1,rgb_pca,0,1
0.84814084,1,rgb_pca,0,1
0.8401009,1,rgb_pca,0,1
0.7980745,1,rgb_pca,0,1
0.794386,1,rgb_pca,0,1
0.78932303,1,rgb_pca,0,1
0.80552477,1,rgb_pca,0,1
0.79725516,1,rgb_pca,0,1
0.8018927,1,rgb_pca,0,1
0.78964245,1,rgb_pca,0,1
0.78371274,1,rgb_pca,0,1
0.8408353,1,rgb_pca,0,1
0.8475877,1,rgb_pca,0,1
0.8473708,1,rgb_pca,0,1
0.83722645,1,rgb_pca,0,1
0.8326772,1,rgb_pca,0,1
0.819055,1,rgb_pca,0,1
0.81972146,1,rgb_pca,0,1
0.8241267,1,rgb_pca,0,1
0.83148664,1,rgb_pca,0,1
0.82258093,1,rgb_pca,0,1
0.8261051,1,rgb_pca,0,1
0.806589,1,rgb_pca,0,1
0.7529851,1,rgb_pca,0,1
0.7619115,1,rgb_pca,0,1
0.7749915,1,rgb_pca,0,1
0.7731081,1,rgb_pca,0,1
0.7633381,1,rgb_pca,0,1
0.7821243,1,rgb_pca,0,1
0.85127026,1,rgb_pca,0,1
0.8637315,1,rgb_pca,0,1
0.8550153,1,rgb_pca,0,1
0.84770125,1,rgb_pca,0,1
0.84262145,1,rgb_pca,0,1
0.83342826,1,rgb_pca,0,1
0.80803746,1,rgb_pca,0,1
0.812263,1,rgb_pca,0,1
0.8349252,1,rgb_pca,0,1
0.8327385,1,rgb_pca,0,1
0.82007086,1,rgb_pca,0,1
0.8009368,1,rgb_pca,0,1
0.7731062,1,rgb_pca,0,1
0.7924731,1,rgb_pca,0,1
0.7877239,1,rgb_pca,0,1
0.7788253,1,rgb_pca,0,1
0.7843418,1,rgb_pca,0,1
0.7882497,1,rgb_pca,0,1
0.8024202,1,rgb_pca,0,1
0.8065692,1,rgb_pca,0,1
0.8094784,1,rgb_pca,0,1
0.84249955,1,rgb_pca,0,1
0.8434504,1,rgb_pca,0,1
0.8244835,1,rgb_pca,0,1
0.82115924,1,rgb_pca,0,1
0.83508736,1,rgb_pca,0,1
0.8263659,1,rgb_pca,0,1
0.7978375,1,rgb_pca,0,1
0.7895802,1,rgb_pca,0,1
0.7895142,1,rgb_pca,0,1
0.80212075,1,rgb_pca,0,1
0.79301226,1,rgb_pca,0,1
0.8037734,1,rgb_pca,0,1
0.83426684,1,rgb_pca,0,1
0.8296617,1,rgb_pca,0,1
0.8215624,1,rgb_pca,0,1
0.8186177,1,rgb_pca,0,1
0.8279457,1,rgb_pca,0,1
0.81919116,1,rgb_pca,0,1
0.798612,1,rgb_pca,0,1
0.7923852,1,rgb_pca,0,1
0.78783345,1,rgb_pca,0,1
0.7937712,1,rgb_pca,0,1
0.80328184,1,rgb_pca,0,1
0.8391291,1,rgb_pca,0,1
0.82435703,1,rgb_pca,0,1
0.8362746,1,rgb_pca,0,1
0.8380671,1,rgb_pca,0,1
0.806111,1,rgb_pca,0,1
0.80090714,1,rgb_pca,0,1
0.8130741,1,rgb_pca,0,1
0.80027986,1,rgb_pca,0,1
0.7898514,1,rgb_pca,0,1
0.7863596,1,rgb_pca,0,1
0.79922223,1,rgb_pca,0,1
0.8174093,1,rgb_pca,0,1
0.83253527,1,rgb_pca,0,1
0.81550777,1,rgb_pca,0,1
0.8293712,1,rgb_pca,0,1
0.8266225,1,rgb_pca,0,1
0.8032303,1,rgb_pca,0,1
0.8018308,1,rgb_pca,0,1
0.8267071,1,rgb_pca,0,1
0.826905,1,rgb_pca,0,1
0.81068265,1,rgb_pca,0,1
0.7927704,1,rgb_pca,0,1
0.8092974,1,rgb_pca,0,1
0.8283424,1,rgb_pca,0,1
0.8135397,1,rgb_pca,0,1
0.7908242,1,rgb_pca,0,1
0.79658735,1,rgb_pca,0,1
0.8149011,1,rgb_pca,0,1
0.8068341,1,rgb_pca,0,1
0.818902,1,rgb_pca,0,1
0.81784725,1,rgb_pca,0,1
0.7909703,1,rgb_pca,0,1
0.78683996,1,rgb_pca,0,1
0.81432784,1,rgb_pca,0,1
0.82984596,1,rgb_pca,0,1
0.8075259,1,rgb_pca,0,1
0.810517,1,rgb_pca,0,1
0.8146013,1,rgb_pca,0,1
0.80696267,1,rgb_pca,0,1
0.80092657,1,rgb_pca,0,1
0.8115206,1,rgb_pca,0,1
0.8072554,1,rgb_pca,0,1
0.80165446,1,rgb_pca,0,1
0.82099116,1,rgb_pca,0,1
0.8298951,1,rgb_pca,0,1
0.81272596,1,rgb_pca,0,1
0.8258785,1,rgb_pca,0,1
0.8192084,1,rgb_pca,0,1
0.8215939,1,rgb_pca,0,1
0.8019562,1,rgb_pca,0,1
0.7991811,1,rgb_pca,0,1
0.7958336,1,rgb_pca,0,1
0.7908592,1,rgb_pca,0,1
0.79778016,1,rgb_pca,0,1
0.7976016,1,rgb_pca,0,1
0.8079234,1,rgb_pca,0,1
0.8087578,1,rgb_pca,0,1
0.81494665,1,rgb_pca,0,1
0.8101784,1,rgb_pca,0,1
0.806338,1,rgb_pca,0,1
0.84865844,1,rgb_pca,0,1
0.817067,1,rgb_pca,0,1
0.81584775,1,rgb_pca,0,1
0.81210166,1,rgb_pca,0,1
0.7827003,1,rgb_pca,0,1
0.77007234,1,rgb_pca,0,1
0.7917431,1,rgb_pca,0,1
0.8195028,1,rgb_pca,0,1
0.80902505,1,rgb_pca,0,1
0.79381615,1,rgb_pca,0,1
0.79776615,1,rgb_pca,0,1
0.78358066,1,rgb_pca,0,1
0.76409656,1,rgb_pca,0,1
0.79162174,1,rgb_pca,0,1
0.7791165,1,rgb_pca,0,1
0.7855145,1,rgb_pca,0,1
0.79921603,1,rgb_pca,0,1
0.7898392,1,rgb_pca,0,1
0.78631485,1,rgb_pca,0,1
0.7821491,1,rgb_pca,0,1
0.7777083,1,rgb_pca,0,1
0.74582654,1,rgb_pca,0,1
0.7267478,1,rgb_pca,0,1
0.7837535,1,rgb_pca,0,1
0.76363957,1,rgb_pca,0,1
0.7465732,1,rgb_pca,0,1
0.76521385,1,rgb_pca,0,1
0.7415091,1,rgb_pca,0,1
0.72145927,1,rgb_pca,0,1
0.70574117,1,rgb_pca,0,1
0.7359806,1,rgb_pca,0,1
0.79312295,1,rgb_pca,0,1
0.77391964,1,rgb_pca,0,1
0.73386556,1,rgb_pca,0,1
0.74928486,1,rgb_pca,0,1
0.7107471,1,rgb_pca,0,1
0.6831387,1,rgb_pca,0,1
0.66864014,1,rgb_pca,0,1
0.7101986,1,rgb_pca,0,1
0.7095008,1,rgb_pca,0,1
0.7929378,1,rgb_pca,0,1
0.76531005,1,rgb_pca,0,1
0.6942438,1,rgb_pca,0,1
0.6876105,1,rgb_pca,0,1
0.6835855,1,rgb_pca,0,1
0.7729629,1,rgb_pca,0,1
0.73973703,1,rgb_pca,0,1
0.70051336,1,rgb_pca,0,1
0.71074677,1,rgb_pca,0,1
0.7115749,1,rgb_pca,0,1
0.7758889,1,rgb_pca,0,1
0.7364646,1,rgb_pca,0,1
0.739861,1,rgb_pca,0,1
0.76825696,1,rgb_pca,0,1
0.73747873,1,rgb_pca,0,1
0.7158048,1,rgb_pca,0,1
0.72651196,1,rgb_pca,0,1
0.7927216,1,rgb_pca,0,1
0.75189734,1,rgb_pca,0,1
0.74607486,1,rgb_pca,0,1
0.7710947,1,rgb_pca,0,1
0.7370717,1,rgb_pca,0,1
0.7333142,1,rgb_pca,0,1
0.7380998,1,rgb_pca,0,1
0.82882404,1,rgb_pca,0,1
0.7970741,1,rgb_pca,0,1
0.7537017,1,rgb_pca,0,1
0.76973724,1,rgb_pca,0,1
0.7549545,1,rgb_pca,0,1
0.7661263,1,rgb_pca,0,1
0.76789653,1,rgb_pca,0,1
0.83407366,1,rgb_pca,0,1
0.81382793,1,rgb_pca,0,1
0.7843892,1,rgb_pca,0,1
0.7986188,1,rgb_pca,0,1
0.7704868,1,rgb_pca,0,1
0.7778218,1,rgb_pca,0,1
0.7922409,1,rgb_pca,0,1
0.79996395,1,rgb_pca,0,1
0.7764842,4,rgb_pca,0,1
0.78565514,4,rgb_pca,0,1
0.7586435,4,rgb_pca,0,1
0.7630639,4,rgb_pca,0,1
0.7605458,4,rgb_pca,0,1
0.78775597,4,rgb_pca,0,1
0.8179743,4,rgb_pca,0,1
0.8044156,4,rgb_pca,0,1
0.77331936,4,rgb_pca,0,1
0.78281677,4,rgb_pca,0,1
0.7632961,4,rgb_pca,0,1
0.7877447,4,rgb_pca,0,1
0.79181933,4,rgb_pca,0,1
0.7645235,4,rgb_pca,0,1
0.8018267,4,rgb_pca,0,1
0.80124694,4,rgb_pca,0,1
0.7671587,4,rgb_pca,0,1
0.7720693,4,rgb_pca,0,1
0.7884351,4,rgb_pca,0,1
0.77685666,4,rgb_pca,0,1
0.7728318,4,rgb_pca,0,1
0.7797198,4,rgb_pca,0,1
0.7549598,4,rgb_pca,0,1
0.7512078,4,rgb_pca,0,1
0.7554889,4,rgb_pca,0,1
0.7607023,4,rgb_pca,0,1
0.7595897,4,rgb_pca,0,1
0.75446653,4,rgb_pca,0,1
0.7419257,4,rgb_pca,0,1
0.76455295,4,rgb_pca,0,1
0.7693379,4,rgb_pca,0,1
0.7555578,4,rgb_pca,0,1
0.7411473,4,rgb_pca,0,1
0.73552215,4,rgb_pca,0,1
0.75812817,4,rgb_pca,0,1
0.76526403,4,rgb_pca,0,1
0.75548804,4,rgb_pca,0,1
0.740692,4,rgb_pca,0,1
0.7493702,4,rgb_pca,0,1
0.7586522,4,rgb_pca,0,1
0.7249191,4,rgb_pca,0,1
0.7225756,4,rgb_pca,0,1
0.7328764,4,rgb_pca,0,1
0.75632656,4,rgb_pca,0,1
0.74859524,4,rgb_pca,0,1
0.73482585,4,rgb_pca,0,1
0.72704315,4,rgb_pca,0,1
0.76741064,4,rgb_pca,0,1
0.7559483,4,rgb_pca,0,1
0.7307309,4,rgb_pca,0,1
0.72794515,4,rgb_pca,0,1
0.7463859,4,rgb_pca,0,1
0.75350285,4,rgb_pca,0,1
0.7315043,4,rgb_pca,0,1
0.726967,4,rgb_pca,0,1
0.72423273,4,rgb_pca,0,1
0.7580079,4,rgb_pca,0,1
0.74825585,4,rgb_pca,0,1
0.7549892,4,rgb_pca,0,1
0.73420817,4,rgb_pca,0,1
0.7604009,4,rgb_pca,0,1
0.7717254,4,rgb_pca,0,1
0.7682519,4,rgb_pca,0,1
0.7616376,4,rgb_pca,0,1
0.73887384,4,rgb_pca,0,1
0.78016615,4,rgb_pca,0,1
0.78902626,4,rgb_pca,0,1
0.73716205,4,rgb_pca,0,1
0.72896564,4,rgb_pca,0,1
0.76271087,4,rgb_pca,0,1
0.7882329,4,rgb_pca,0,1
0.7850737,4,rgb_pca,0,1
0.77083826,4,rgb_pca,0,1
0.7379944,4,rgb_pca,0,1
0.7311462,4,rgb_pca,0,1
0.73570776,4,rgb_pca,0,1
0.7830857,4,rgb_pca,0,1
0.7863722,4,rgb_pca,0,1
0.72018915,4,rgb_pca,0,1
0.7105092,4,rgb_pca,0,1
0.7128382,4,rgb_pca,0,1
0.7317432,4,rgb_pca,0,1
0.79739636,4,rgb_pca,0,1
0.7857435,4,rgb_pca,0,1
0.7496319,4,rgb_pca,0,1
0.7370712,4,rgb_pca,0,1
0.7436433,4,rgb_pca,0,1
0.76681256,4,rgb_pca,0,1
0.7658344,4,rgb_pca,0,1
0.7321901,4,rgb_pca,0,1
0.75921583,4,rgb_pca,0,1
0.74657965,4,rgb_pca,0,1
0.75619113,4,rgb_pca,0,1
0.78485405,4,rgb_pca,0,1
0.75718105,4,rgb_pca,0,1
0.7297566,4,rgb_pca,0,1
0.746833,4,rgb_pca,0,1
0.728272,4,rgb_pca,0,1
0.7295946,4,rgb_pca,0,1
0.7311243,4,rgb_pca,0,1
0.70346725,4,rgb_pca,0,1
0.71770597,4,rgb_pca,0,1
0.7179142,4,rgb_pca,0,1
0.7187788,4,rgb_pca,0,1
0.7351354,4,rgb_pca,0,1
0.7469356,4,rgb_pca,0,1
0.74355793,4,rgb_pca,0,1
0.7435453,4,rgb_pca,0,1
0.7168257,4,rgb_pca,0,1
0.701046,4,rgb_pca,0,1
0.71755886,4,rgb_pca,0,1
0.7365563,4,rgb_pca,0,1
0.7380339,4,rgb_pca,0,1
0.71932805,4,rgb_pca,0,1
0.71180296,4,rgb_pca,0,1
0.74432015,4,rgb_pca,0,1
0.7278764,4,rgb_pca,0,1
0.6953287,4,rgb_pca,0,1
0.6720115,4,rgb_pca,0,1
0.6875044,4,rgb_pca,0,1
0.7318281,4,rgb_pca,0,1
0.72135967,4,rgb_pca,0,1
0.7161206,4,rgb_pca,0,1
0.71671975,4,rgb_pca,0,1
0.73675,4,rgb_pca,0,1
0.72209376,4,rgb_pca,0,1
0.6891404,4,rgb_pca,0,1
0.65724015,4,rgb_pca,0,1
0.6824698,4,rgb_pca,0,1
0.75399137,4,rgb_pca,0,1
0.74036145,4,rgb_pca,0,1
0.73414695,4,rgb_pca,0,1
0.6897372,4,rgb_pca,0,1
0.68615097,4,rgb_pca,0,1
0.7016715,4,rgb_pca,0,1
0.6722079,4,rgb_pca,0,1
0.6653597,4,rgb_pca,0,1
0.69446653,4,rgb_pca,0,1
0.75028074,4,rgb_pca,0,1
0.73643494,4,rgb_pca,0,1
0.72451925,4,rgb_pca,0,1
0.6616316,4,rgb_pca,0,1
0.6847675,4,rgb_pca,0,1
0.72759116,4,rgb_pca,0,1
0.7216325,4,rgb_pca,0,1
0.6760018,4,rgb_pca,0,1
0.6977166,4,rgb_pca,0,1
0.73208225,4,rgb_pca,0,1
0.70128626,4,rgb_pca,0,1
0.71477073,4,rgb_pca,0,1
0.68941045,4,rgb_pca,0,1
0.6674129,4,rgb_pca,0,1
0.81100243,1,rgb_pca,0,1
0.8083053,1,rgb_pca,0,1
0.8347432,1,rgb_pca,0,1
0.8612848,1,rgb_pca,0,1
0.84085596,1,rgb_pca,0,1
0.8143951,1,rgb_pca,0,1
0.8099718,1,rgb_pca,0,1
0.83542436,1,rgb_pca,0,1
0.85922945,1,rgb_pca,0,1
0.8378429,1,rgb_pca,0,1
0.83385926,1,rgb_pca,0,1
0.83537585,1,rgb_pca,0,1
0.8281218,1,rgb_pca,0,1
0.8072625,1,rgb_pca,0,1
0.8218533,1,rgb_pca,0,1
0.8437288,1,rgb_pca,0,1
0.8338302,1,rgb_pca,0,1
0.8475654,1,rgb_pca,0,1
0.83843553,1,rgb_pca,0,1
0.8629867,1,rgb_pca,0,1
0.8647186,1,rgb_pca,0,1
0.8314588,1,rgb_pca,0,1
0.8262023,1,rgb_pca,0,1
0.84231424,1,rgb_pca,0,1
0.829943,1,rgb_pca,0,1
0.848156,1,rgb_pca,0,1
0.8221972,1,rgb_pca,0,1
0.8140395,1,rgb_pca,0,1
0.8320869,1,rgb_pca,0,1
0.83160555,1,rgb_pca,0,1
0.86615014,1,rgb_pca,0,1
0.83558786,1,rgb_pca,0,1
0.82314396,1,rgb_pca,0,1
0.8375213,1,rgb_pca,0,1
0.8280052,1,rgb_pca,0,1
0.8604332,1,rgb_pca,0,1
0.83584684,1,rgb_pca,0,1
0.8183617,1,rgb_pca,0,1
0.84082353,1,rgb_pca,0,1
0.82513034,1,rgb_pca,0,1
0.83176875,1,rgb_pca,0,1
0.8258629,1,rgb_pca,0,1
0.8155915,1,rgb_pca,0,1
0.8401092,1,rgb_pca,0,1
0.8584414,1,rgb_pca,0,1
0.8766502,1,rgb_pca,0,1
0.8432896,1,rgb_pca,0,1
0.8288137,1,rgb_pca,0,1
0.82402086,1,rgb_pca,0,1
0.8276988,1,rgb_pca,0,1
0.81554914,1,rgb_pca,0,1
0.838235,1,rgb_pca,0,1
0.8535585,1,rgb_pca,0,1
0.8820596,1,rgb_pca,0,1
0.82757664,1,rgb_pca,0,1
0.8290715,1,rgb_pca,0,1
0.8383938,1,rgb_pca,0,1
0.80789983,1,rgb_pca,0,1
0.80653745,1,rgb_pca,0,1
0.83401734,1,rgb_pca,0,1
0.87252384,1,rgb_pca,0,1
0.8168605,1,rgb_pca,0,1
0.83029544,1,rgb_pca,0,1
0.8440914,1,rgb_pca,0,1
0.83714056,1,rgb_pca,0,1
0.81788635,1,rgb_pca,0,1
0.858796,1,rgb_pca,0,1
0.82382226,1,rgb_pca,0,1
0.8507453,1,rgb_pca,0,1
0.84596366,1,rgb_pca,0,1
0.82777214,1,rgb_pca,0,1
0.8579541,1,rgb_pca,0,1
0.83627206,1,rgb_pca,0,1
0.8213788,1,rgb_pca,0,1
0.8117931,1,rgb_pca,0,1
0.8497929,1,rgb_pca,0,1
0.8057127,1,rgb_pca,0,1
0.802741,1,rgb_pca,0,1
0.8465177,1,rgb_pca,0,1
0.8074691,1,rgb_pca,0,1
0.84681004,1,rgb_pca,0,1
0.7444463,1,rgb_pca,0,1
0.7759646,1,rgb_pca,0,1
0.7767774,1,rgb_pca,0,1
0.7663834,1,rgb_pca,0,1
0.7945,1,rgb_pca,0,1
0.77684605,1,rgb_pca,0,1
0.80378336,1,rgb_pca,0,1
0.8040767,1,rgb_pca,0,1
0.78730226,1,rgb_pca,0,1
0.77937096,1,rgb_pca,0,1
0.7760835,1,rgb_pca,0,1
0.79526496,1,rgb_pca,0,1
0.7984348,1,rgb_pca,0,1
0.8139565,1,rgb_pca,0,1
0.7829457,1,rgb_pca,0,1
0.79790545,1,rgb_pca,0,1
0.79556227,1,rgb_pca,0,1
0.78684455,1,rgb_pca,0,1
0.77475655,1,rgb_pca,0,1
0.7723849,1,rgb_pca,0,1
0.81506467,1,rgb_pca,0,1
0.81057656,1,rgb_pca,0,1
0.7933962,1,rgb_pca,0,1
0.8096218,1,rgb_pca,0,1
0.779022,1,rgb_pca,0,1
0.80409586,1,rgb_pca,0,1
0.7938436,1,rgb_pca,0,1
0.8178685,1,rgb_pca,0,1
0.83634245,1,rgb_pca,0,1
0.8142146,1,rgb_pca,0,1
0.79231846,1,rgb_pca,0,1
0.7953933,1,rgb_pca,0,1
0.78414756,1,rgb_pca,0,1
0.78246814,1,rgb_pca,0,1
0.7975503,1,rgb_pca,0,1
0.8120149,1,rgb_pca,0,1
0.82762533,1,rgb_pca,0,1
0.80709714,1,rgb_pca,0,1
0.78825605,1,rgb_pca,0,1
0.8062452,1,rgb_pca,0,1
0.7793198,1,rgb_pca,0,1
0.77581644,1,rgb_pca,0,1
0.8121959,1,rgb_pca,0,1
0.79426014,1,rgb_pca,0,1
0.82900864,1,rgb_pca,0,1
0.8426418,1,rgb_pca,0,1
0.79275805,1,rgb_pca,0,1
0.78189534,1,rgb_pca,0,1
0.82208097,1,rgb_pca,0,1
0.8144051,1,rgb_pca,0,1
0.79091763,1,rgb_pca,0,1
0.7808239,1,rgb_pca,0,1
0.7881378,1,rgb_pca,0,1
0.78751194,1,rgb_pca,0,1
0.77849936,1,rgb_pca,0,1
0.7898046,1,rgb_pca,0,1
0.8233701,1,rgb_pca,0,1
0.79956853,1,rgb_pca,0,1
0.7662716,1,rgb_pca,0,1
0.7934077,1,rgb_pca,0,1
0.8419409,1,rgb_pca,0,1
0.84358275,1,rgb_pca,0,1
0.8185698,1,rgb_pca,0,1
0.8181598,1,rgb_pca,0,1
0.8087945,1,rgb_pca,0,1
0.80730116,1,rgb_pca,0,1
0.7770231,1,rgb_pca,0,1
0.7852572,1,rgb_pca,0,1
0.810081,1,rgb_pca,0,1
0.7950404,1,rgb_pca,0,1
0.7749927,1,rgb_pca,0,1
0.76932263,1,rgb_pca,0,1
0.77470255,1,rgb_pca,0,1
0.7622833,1,rgb_pca,0,1
0.79561055,1,rgb_pca,0,1
0.8433846,1,rgb_pca,0,1
0.8562439,1,rgb_pca,0,1
0.81354743,1,rgb_pca,0,1
0.82708204,1,rgb_pca,0,1
0.81828994,1,rgb_pca,0,1
0.8095156,1,rgb_pca,0,1
0.83098304,1,rgb_pca,0,1
0.8057072,1,rgb_pca,0,1
0.7983218,1,rgb_pca,0,1
0.7940876,1,rgb_pca,0,1
0.7859988,1,rgb_pca,0,1
0.7919073,1,rgb_pca,0,1
0.78587234,1,rgb_pca,0,1
0.7728307,1,rgb_pca,0,1
0.77956986,1,rgb_pca,0,1
0.7778981,1,rgb_pca,0,1
0.7690989,1,rgb_pca,0,1
0.79935575,1,rgb_pca,0,1
0.8209567,1,rgb_pca,0,1
0.83887947,1,rgb_pca,0,1
0.80782425,1,rgb_pca,0,1
0.78335303,1,rgb_pca,0,1
0.81318617,1,rgb_pca,0,1
0.82723373,1,rgb_pca,0,1
0.8048614,1,rgb_pca,0,1
0.80128264,1,rgb_pca,0,1
0.7880681,1,rgb_pca,0,1
0.7806238,1,rgb_pca,0,1
0.8116258,1,rgb_pca,0,1
0.7896193,1,rgb_pca,0,1
0.76577264,1,rgb_pca,0,1
0.7675915,1,rgb_pca,0,1
0.7710806,1,rgb_pca,0,1
0.7769911,1,rgb_pca,0,1
0.7769098,1,rgb_pca,0,1
0.8065015,1,rgb_pca,0,1
0.78579646,1,rgb_pca,0,1
0.77944213,1,rgb_pca,0,1
0.7619821,1,rgb_pca,0,1
0.75167763,1,rgb_pca,0,1
0.7888595,1,rgb_pca,0,1
0.7915899,1,rgb_pca,0,1
0.7778213,1,rgb_pca,0,1
0.7765923,1,rgb_pca,0,1
0.7766773,1,rgb_pca,0,1
0.7744901,1,rgb_pca,0,1
0.76675713,1,rgb_pca,0,1
0.79994035,1,rgb_pca,0,1
0.7976986,1,rgb_pca,0,1
0.7851696,1,rgb_pca,0,1
0.7706837,1,rgb_pca,0,1
0.7943399,1,rgb_pca,0,1
0.8062818,1,rgb_pca,0,1
0.7901371,1,rgb_pca,0,1
0.7912781,1,rgb_pca,0,1
0.79935324,1,rgb_pca,0,1
0.7951057,1,rgb_pca,0,1
0.78929096,1,rgb_pca,0,1
0.7881026,1,rgb_pca,0,1
0.8041986,1,rgb_pca,0,1
0.8282533,1,rgb_pca,0,1
0.82203984,1,rgb_pca,0,1
0.7899256,1,rgb_pca,0,1
0.796088,1,rgb_pca,0,1
0.8199948,1,rgb_pca,0,1
0.80518436,1,rgb_pca,0,1
0.78275263,1,rgb_pca,0,1
0.78774685,1,rgb_pca,0,1
0.7910031,1,rgb_pca,0,1
0.794601,1,rgb_pca,0,1
0.7903687,1,rgb_pca,0,1
0.7969337,1,rgb_pca,0,1
0.8089393,1,rgb_pca,0,1
0.7909237,1,rgb_pca,0,1
0.7855899,1,rgb_pca,0,1
0.80640805,1,rgb_pca,0,1
0.8007555,1,rgb_pca,0,1
0.800377,1,rgb_pca,0,1
0.82872236,1,rgb_pca,0,1
0.8321184,1,rgb_pca,0,1
0.85025984,1,rgb_pca,0,1
0.8379036,1,rgb_pca,0,1
0.8322675,1,rgb_pca,0,1
0.78108096,1,rgb_pca,0,1
0.7869657,1,rgb_pca,0,1
0.7938567,1,rgb_pca,0,1
0.79173315,1,rgb_pca,0,1
0.79241955,1,rgb_pca,0,1
0.8143605,1,rgb_pca,0,1
0.82849264,1,rgb_pca,0,1
0.85824704,1,rgb_pca,0,1
0.84904766,1,rgb_pca,0,1
0.81835276,1,rgb_pca,0,1
0.79524535,1,rgb_pca,0,1
0.8095989,1,rgb_pca,0,1
0.79839104,1,rgb_pca,0,1
0.7866212,1,rgb_pca,0,1
0.79146683,1,rgb_pca,0,1
0.78695124,1,rgb_pca,0,1
0.7827157,1,rgb_pca,0,1
0.77989304,1,rgb_pca,0,1
0.78061515,1,rgb_pca,0,1
0.81680936,1,rgb_pca,0,1
0.7968476,1,rgb_pca,0,1
0.7708301,1,rgb_pca,0,1
0.7704854,1,rgb_pca,0,1
0.80995774,1,rgb_pca,0,1
0.8068005,1,rgb_pca,0,1
0.7983447,1,rgb_pca,0,1
0.7886877,1,rgb_pca,0,1
0.7809624,1,rgb_pca,0,1
0.84051216,1,rgb_pca,0,1
0.827629,1,rgb_pca,0,1
0.81139314,1,rgb_pca,0,1
0.8264554,1,rgb_pca,0,1
0.79962444,1,rgb_pca,0,1
0.7857165,1,rgb_pca,0,1
0.7725357,1,rgb_pca,0,1
0.7700746,1,rgb_pca,0,1
0.7657326,1,rgb_pca,0,1
0.8476173,1,rgb_pca,0,1
0.83958495,1,rgb_pca,0,1
0.8264837,1,rgb_pca,0,1
0.8302927,1,rgb_pca,0,1
0.8117801,1,rgb_pca,0,1
0.8141026,1,rgb_pca,0,1
0.8065557,1,rgb_pca,0,1
0.78706986,1,rgb_pca,0,1
0.7646256,1,rgb_pca,0,1
0.7696359,1,rgb_pca,0,1
0.8658847,1,rgb_pca,0,1
0.8607174,1,rgb_pca,0,1
0.83848983,1,rgb_pca,0,1
0.83241445,1,rgb_pca,0,1
0.7888471,1,rgb_pca,0,1
0.7874879,1,rgb_pca,0,1
0.80718243,1,rgb_pca,0,1
0.7818694,1,rgb_pca,0,1
0.8525197,1,rgb_pca,0,1
0.8649092,1,rgb_pca,0,1
0.846858,1,rgb_pca,0,1
0.8422621,1,rgb_pca,0,1
0.8137934,1,rgb_pca,0,1
0.8113631,1,rgb_pca,0,1
0.8011437,1,rgb_pca,0,1
0.7878327,1,rgb_pca,0,1
0.7967031,1,rgb_pca,0,1
0.83235586,1,rgb_pca,0,1
0.8275198,1,rgb_pca,0,1
0.8221537,1,rgb_pca,0,1
0.819382,1,rgb_pca,0,1
0.80809325,1,rgb_pca,0,1
0.84227926,1,rgb_pca,0,1
0.82237387,1,rgb_pca,0,1
0.8116219,1,rgb_pca,0,1
0.83287,1,rgb_pca,0,1
0.8074517,1,rgb_pca,0,1
0.85469043,1,rgb_pca,0,1
0.84042895,1,rgb_pca,0,1
0.81611574,1,rgb_pca,0,1
0.8394468,1,rgb_pca,0,1
0.81776315,1,rgb_pca,0,1
0.81302005,1,rgb_pca,0,1
0.8066689,1,rgb_pca,0,1
0.85584044,1,rgb_pca,0,1
0.8511383,1,rgb_pca,0,1
0.8320519,1,rgb_pca,0,1
0.82336795,1,rgb_pca,0,1
0.8075283,1,rgb_pca,0,1
0.82134426,1,rgb_pca,0,1
0.8353504,1,rgb_pca,0,1
0.85709697,1,rgb_pca,0,1
0.84640443,1,rgb_pca,0,1
0.83624506,1,rgb_pca,0,1
0.83392537,1,rgb_pca,0,1
0.8212,1,rgb_pca,0,1
0.8177787,1,rgb_pca,0,1
0.819026,1,rgb_pca,0,1
0.8662715,1,rgb_pca,0,1
0.84138364,1,rgb_pca,0,1
0.8270307,1,rgb_pca,0,1
0.84110546,1,rgb_pca,0,1
0.8263978,1,rgb_pca,0,1
0.81595826,1,rgb_pca,0,1
0.8075624,1,rgb_pca,0,1
0.85884523,1,rgb_pca,0,1
0.7072051,4,rgb_pca,0,1
0.69184583,4,rgb_pca,0,1
0.776427,4,rgb_pca,0,1
0.75234973,4,rgb_pca,0,1
0.7271849,4,rgb_pca,0,1
0.745173,4,rgb_pca,0,1
0.7229716,4,rgb_pca,0,1
0.73110145,4,rgb_pca,0,1
0.80893856,4,rgb_pca,0,1
0.78675675,4,rgb_pca,0,1
0.7601027,4,rgb_pca,0,1
0.7652486,4,rgb_pca,0,1
0.75304496,4,rgb_pca,0,1
0.7441033,4,rgb_pca,0,1
0.8170734,4,rgb_pca,0,1
0.7886769,4,rgb_pca,0,1
0.7458889,4,rgb_pca,0,1
0.7397876,4,rgb_pca,0,1
0.7089486,4,rgb_pca,0,1
0.6960567,4,rgb_pca,0,1
0.8068324,4,rgb_pca,0,1
0.7844851,4,rgb_pca,0,1
0.7323526,4,rgb_pca,0,1
0.7326694,4,rgb_pca,0,1
0.71971744,4,rgb_pca,0,1
0.71374154,4,rgb_pca,0,1
0.71077496,4,rgb_pca,0,1
0.7405304,4,rgb_pca,0,1
0.7960428,4,rgb_pca,0,1
0.82614267,4,rgb_pca,0,1
0.8046347,4,rgb_pca,0,1
0.759806,4,rgb_pca,0,1
0.7858225,4,rgb_pca,0,1
0.77293384,4,rgb_pca,0,1
0.7222969,4,rgb_pca,0,1
0.7166715,4,rgb_pca,0,1
0.76677394,4,rgb_pca,0,1
0.80792356,4,rgb_pca,0,1
0.8519879,4,rgb_pca,0,1
0.80961204,4,rgb_pca,0,1
0.7151493,4,rgb_pca,0,1
0.72862047,4,rgb_pca,0,1
0.7451484,4,rgb_pca,0,1
0.7162368,4,rgb_pca,0,1
0.7450907,4,rgb_pca,0,1
0.7847224,4,rgb_pca,0,1
0.7751571,4,rgb_pca,0,1
0.84339416,4,rgb_pca,0,1
0.8019392,4,rgb_pca,0,1
0.7174365,4,rgb_pca,0,1
0.71632874,4,rgb_pca,0,1
0.71171,4,rgb_pca,0,1
0.6978993,4,rgb_pca,0,1
0.7281387,4,rgb_pca,0,1
0.737207,4,rgb_pca,0,1
0.75023055,4,rgb_pca,0,1
0.7605053,4,rgb_pca,0,1
0.7602265,4,rgb_pca,0,1
0.7551431,4,rgb_pca,0,1
0.75608087,4,rgb_pca,0,1
0.71753037,4,rgb_pca,0,1
0.7245707,4,rgb_pca,0,1
0.7208452,4,rgb_pca,0,1
0.71503866,4,rgb_pca,0,1
0.7229738,4,rgb_pca,0,1
0.7719609,4,rgb_pca,0,1
0.7749528,4,rgb_pca,0,1
0.76926357,4,rgb_pca,0,1
0.7624031,4,rgb_pca,0,1
0.7406697,4,rgb_pca,0,1
0.7599757,4,rgb_pca,0,1
0.72434044,4,rgb_pca,0,1
0.8053964,4,rgb_pca,0,1
0.8194574,4,rgb_pca,0,1
0.79363674,4,rgb_pca,0,1
0.7918583,4,rgb_pca,0,1
0.667845,4,rgb_pca,0,1
0.6737122,4,rgb_pca,0,1
0.69377154,4,rgb_pca,0,1
0.6869964,4,rgb_pca,0,1
0.63931024,4,rgb_pca,0,1
0.6465081,4,rgb_pca,0,1
0.6634761,4,rgb_pca,0,1
0.66649425,4,rgb_pca,0,1
0.67107785,4,rgb_pca,0,1
0.66567564,4,rgb_pca,0,1
0.6561214,4,rgb_pca,0,1
0.65997213,4,rgb_pca,0,1
0.65238583,4,rgb_pca,0,1
0.6568246,4,rgb_pca,0,1
0.6922413,4,rgb_pca,0,1
0.67059493,4,rgb_pca,0,1
0.6587042,4,rgb_pca,0,1
0.67988133,4,rgb_pca,0,1
0.68419766,4,rgb_pca,0,1
0.6619275,4,rgb_pca,0,1
0.6928216,4,rgb_pca,0,1
0.65850174,4,rgb_pca,0,1
0.6406441,4,rgb_pca,0,1
0.67973673,4,rgb_pca,0,1
0.7534052,4,rgb_pca,0,1
0.72873783,4,rgb_pca,0,1
0.65649295,4,rgb_pca,0,1
0.6851578,4,rgb_pca,0,1
0.7247311,4,rgb_pca,0,1
0.7382269,4,rgb_pca,0,1
0.69373524,4,rgb_pca,0,1
0.6476587,4,rgb_pca,0,1
0.66500497,4,rgb_pca,0,1
0.72778463,4,rgb_pca,0,1
0.70864666,4,rgb_pca,0,1
0.672552,4,rgb_pca,0,1
0.70771885,4,rgb_pca,0,1
0.74144465,4,rgb_pca,0,1
0.73630166,4,rgb_pca,0,1
0.6952611,4,rgb_pca,0,1
0.6485908,4,rgb_pca,0,1
0.6264358,4,rgb_pca,0,1
0.66630864,4,rgb_pca,0,1
0.6696112,4,rgb_pca,0,1
0.6814469,4,rgb_pca,0,1
0.7091428,4,rgb_pca,0,1
0.76838577,4,rgb_pca,0,1
0.70728207,4,rgb_pca,0,1
0.66607183,4,rgb_pca,0,1
0.6401696,4,rgb_pca,0,1
0.6131741,4,rgb_pca,0,1
0.6372738,4,rgb_pca,0,1
0.6944076,4,rgb_pca,0,1
0.72351193,4,rgb_pca,0,1
0.71283025,4,rgb_pca,0,1
0.74954224,4,rgb_pca,0,1
0.7175387,4,rgb_pca,0,1
0.6758949,4,rgb_pca,0,1
0.6699474,4,rgb_pca,0,1
0.68590164,4,rgb_pca,0,1
0.66544044,4,rgb_pca,0,1
0.6953774,4,rgb_pca,0,1
0.73286843,4,rgb_pca,0,1
0.7183806,4,rgb_pca,0,1
0.7088126,4,rgb_pca,0,1
0.7218283,4,rgb_pca,0,1
0.67548865,4,rgb_pca,0,1
0.6630181,4,rgb_pca,0,1
0.67014384,4,rgb_pca,0,1
0.69215375,4,rgb_pca,0,1
0.7434763,4,rgb_pca,0,1
0.7511948,4,rgb_pca,0,1
0.6691401,4,rgb_pca,0,1
0.67266846,4,rgb_pca,0,1
0.7449665,4,rgb_pca,0,1
0.77915835,4,rgb_pca,0,1
0.7049298,1,rgb_pca,0,1
0.64784074,1,rgb_pca,0,1
0.60744166,1,rgb_pca,0,1
0.60418695,1,rgb_pca,0,1
0.6345984,1,rgb_pca,0,1
0.7239757,1,rgb_pca,0,1
0.69704497,1,rgb_pca,0,1
0.6926623,1,rgb_pca,0,1
0.6652136,1,rgb_pca,0,1
0.638739,1,rgb_pca,0,1
0.61765164,1,rgb_pca,0,1
0.75020736,1,rgb_pca,0,1
0.73817766,1,rgb_pca,0,1
0.75180304,1,rgb_pca,0,1
0.7250626,1,rgb_pca,0,1
0.7048697,1,rgb_pca,0,1
0.7183661,1,rgb_pca,0,1
0.7330127,1,rgb_pca,0,1
0.7148691,1,rgb_pca,0,1
0.7388427,1,rgb_pca,0,1
0.7369596,1,rgb_pca,0,1
0.7256269,1,rgb_pca,0,1
0.7630856,1,rgb_pca,0,1
0.7543758,1,rgb_pca,0,1
0.72599196,1,rgb_pca,0,1
0.7123753,1,rgb_pca,0,1
0.69928026,1,rgb_pca,0,1
0.6619239,1,rgb_pca,0,1
0.80209565,1,rgb_pca,0,1
0.78956664,1,rgb_pca,0,1
0.7802539,1,rgb_pca,0,1
0.76551926,1,rgb_pca,0,1
0.7700934,1,rgb_pca,0,1
0.7572634,1,rgb_pca,0,1
0.6392361,3,rgb_pca,0,1
0.65423596,3,rgb_pca,0,1
0.71472466,3,rgb_pca,0,1
0.7387278,3,rgb_pca,0,1
0.78465384,3,rgb_pca,0,1
0.80061454,3,rgb_pca,0,1
0.7835643,3,rgb_pca,0,1
0.69689566,3,rgb_pca,0,1
0.7216153,3,rgb_pca,0,1
0.75498366,3,rgb_pca,0,1
0.7866516,3,rgb_pca,0,1
0.79987967,3,rgb_pca,0,1
0.81611603,3,rgb_pca,0,1
0.79428136,3,rgb_pca,0,1
0.68226075,3,rgb_pca,0,1
0.73061293,3,rgb_pca,0,1
0.775962,3,rgb_pca,0,1
0.80472165,3,rgb_pca,0,1
0.8134516,3,rgb_pca,0,1
0.81674105,3,rgb_pca,0,1
0.81470025,3,rgb_pca,0,1
0.8047326,3,rgb_pca,0,1
0.80577695,3,rgb_pca,0,1
0.7182166,3,rgb_pca,0,1
0.7290958,3,rgb_pca,0,1
0.764499,3,rgb_pca,0,1
0.7951199,3,rgb_pca,0,1
0.8181503,3,rgb_pca,0,1
0.8137876,3,rgb_pca,0,1
0.8054386,3,rgb_pca,0,1
0.78110194,3,rgb_pca,0,1
0.8124827,3,rgb_pca,0,1
0.792969,3,rgb_pca,0,1
0.7618063,3,rgb_pca,0,1
0.69956315,3,rgb_pca,0,1
0.7340136,3,rgb_pca,0,1
0.76234037,3,rgb_pca,0,1
0.79169714,3,rgb_pca,0,1
0.8272436,3,rgb_pca,0,1
0.81097746,3,rgb_pca,0,1
0.8022244,3,rgb_pca,0,1
0.7770686,3,rgb_pca,0,1
0.80838007,3,rgb_pca,0,1
0.7958603,3,rgb_pca,0,1
0.786662,3,rgb_pca,0,1
0.74290115,3,rgb_pca,0,1
0.7684386,3,rgb_pca,0,1
0.7748978,3,rgb_pca,0,1
0.78737545,3,rgb_pca,0,1
0.8062395,3,rgb_pca,0,1
0.7883816,3,rgb_pca,0,1
0.80818844,3,rgb_pca,0,1
0.785938,3,rgb_pca,0,1
0.79569817,3,rgb_pca,0,1
0.7947719,3,rgb_pca,0,1
0.7914332,3,rgb_pca,0,1
0.7536362,3,rgb_pca,0,1
0.76002395,3,rgb_pca,0,1
0.77025723,3,rgb_pca,0,1
0.78517914,3,rgb_pca,0,1
0.7993871,3,rgb_pca,0,1
0.808486,3,rgb_pca,0,1
0.823403,3,rgb_pca,0,1
0.79068947,3,rgb_pca,0,1
0.78355837,3,rgb_pca,0,1
0.7780794,3,rgb_pca,0,1
0.76276314,3,rgb_pca,0,1
0.76326346,3,rgb_pca,0,1
0.7576484,3,rgb_pca,0,1
0.7820945,3,rgb_pca,0,1
0.8053174,3,rgb_pca,0,1
0.799093,3,rgb_pca,0,1
0.7902646,3,rgb_pca,0,1
0.8060771,3,rgb_pca,0,1
0.79017925,3,rgb_pca,0,1
0.8004266,3,rgb_pca,0,1
0.7904485,3,rgb_pca,0,1
0.7863263,3,rgb_pca,0,1
0.80099666,3,rgb_pca,0,1
0.814312,3,rgb_pca,0,1
0.8022741,3,rgb_pca,0,1
0.7849691,3,rgb_pca,0,1
0.79419756,3,rgb_pca,0,1
0.7915976,3,rgb_pca,0,1
0.81257516,3,rgb_pca,0,1
0.7901794,3,rgb_pca,0,1
0.79237664,3,rgb_pca,0,1
0.77596027,3,rgb_pca,0,1
0.7760347,3,rgb_pca,0,1
0.8290479,3,rgb_pca,0,1
0.82587874,3,rgb_pca,0,1
0.8184847,3,rgb_pca,0,1
0.81763256,3,rgb_pca,0,1
0.77578545,3,rgb_pca,0,1
0.7647284,3,rgb_pca,0,1
0.80475,3,rgb_pca,0,1
0.808873,3,rgb_pca,0,1
0.8166299,3,rgb_pca,0,1
0.8194555,3,rgb_pca,0,1
0.82565045,3,rgb_pca,0,1
0.8059999,3,rgb_pca,0,1
0.7727697,3,rgb_pca,0,1
0.7660883,3,rgb_pca,0,1
0.78798854,3,rgb_pca,0,1
0.8249683,3,rgb_pca,0,1
0.8363328,3,rgb_pca,0,1
0.82390237,3,rgb_pca,0,1
0.8309325,3,rgb_pca,0,1
0.79012924,3,rgb_pca,0,1
0.78289384,3,rgb_pca,0,1
0.7936888,3,rgb_pca,0,1
0.82254577,3,rgb_pca,0,1
0.8390962,3,rgb_pca,0,1
0.8272667,3,rgb_pca,0,1
0.81663364,3,rgb_pca,0,1
0.8440491,3,rgb_pca,0,1
0.8005239,3,rgb_pca,0,1
0.7851467,3,rgb_pca,0,1
0.7923771,3,rgb_pca,0,1
0.81618476,3,rgb_pca,0,1
0.83215225,3,rgb_pca,0,1
0.8256688,3,rgb_pca,0,1
0.81377673,3,rgb_pca,0,1
0.80865157,3,rgb_pca,0,1
0.8394403,3,rgb_pca,0,1
0.81668097,3,rgb_pca,0,1
0.81319964,3,rgb_pca,0,1
0.8063666,3,rgb_pca,0,1
0.82113004,3,rgb_pca,0,1
0.82698977,3,rgb_pca,0,1
0.8262582,3,rgb_pca,0,1
0.81881994,3,rgb_pca,0,1
0.79724175,3,rgb_pca,0,1
0.8273797,3,rgb_pca,0,1
0.801615,3,rgb_pca,0,1
0.8296207,3,rgb_pca,0,1
0.8169137,3,rgb_pca,0,1
0.83587086,3,rgb_pca,0,1
0.83687043,3,rgb_pca,0,1
0.8289996,3,rgb_pca,0,1
0.8327884,3,rgb_pca,0,1
0.809163,3,rgb_pca,0,1
0.8262743,3,rgb_pca,0,1
0.79847246,3,rgb_pca,0,1
0.8148365,3,rgb_pca,0,1
0.81915545,3,rgb_pca,0,1
0.84458256,3,rgb_pca,0,1
0.84225786,3,rgb_pca,0,1
0.81047106,3,rgb_pca,0,1
0.8392111,3,rgb_pca,0,1
0.81933874,3,rgb_pca,0,1
0.8483218,3,rgb_pca,0,1
0.8218081,3,rgb_pca,0,1
0.8042505,3,rgb_pca,0,1
0.8030677,3,rgb_pca,0,1
0.81808007,3,rgb_pca,0,1
0.80268514,3,rgb_pca,0,1
0.7914363,3,rgb_pca,0,1
0.86470824,3,rgb_pca,0,1
0.84165764,3,rgb_pca,0,1
0.81141895,3,rgb_pca,0,1
0.81018096,3,rgb_pca,0,1
0.81007123,3,rgb_pca,0,1
0.8094027,3,rgb_pca,0,1
0.81474316,3,rgb_pca,0,1
0.88771373,3,rgb_pca,0,1
0.85272586,3,rgb_pca,0,1
0.82021284,3,rgb_pca,0,1
0.81660175,3,rgb_pca,0,1
0.91331005,3,rgb_pca,0,1
0.88932264,3,rgb_pca,0,1
0.8486145,3,rgb_pca,0,1
0.8460375,3,rgb_pca,0,1
0.89468783,1,rgb_pca,0,1
0.8958931,1,rgb_pca,0,1
0.8418947,1,rgb_pca,0,1
0.87269104,1,rgb_pca,0,1
0.83256406,1,rgb_pca,0,1
0.87125766,1,rgb_pca,0,1
0.82859063,1,rgb_pca,0,1
0.8316262,1,rgb_pca,0,1
0.8678607,1,rgb_pca,0,1
0.82646346,1,rgb_pca,0,1
0.8200302,1,rgb_pca,0,1
0.8223382,1,rgb_pca,0,1
0.8661071,1,rgb_pca,0,1
0.82929957,1,rgb_pca,0,1
0.83736986,1,rgb_pca,0,1
0.8409711,1,rgb_pca,0,1
0.8763786,1,rgb_pca,0,1
0.8367305,1,rgb_pca,0,1
0.84031284,1,rgb_pca,0,1
0.84276485,1,rgb_pca,0,1
0.8808399,1,rgb_pca,0,1
0.80693257,1,rgb_pca,0,1
0.8259423,1,rgb_pca,0,1
0.8435656,1,rgb_pca,0,1
0.84644854,1,rgb_pca,0,1
0.86468863,1,rgb_pca,0,1
0.8196302,1,rgb_pca,0,1
0.8178576,1,rgb_pca,0,1
0.8295198,1,rgb_pca,0,1
0.8335377,1,rgb_pca,0,1
0.86333334,1,rgb_pca,0,1
0.8783835,1,rgb_pca,0,1
0.8831388,1,rgb_pca,0,1
0.846818,1,rgb_pca,0,1
0.8368294,1,rgb_pca,0,1
0.823651,1,rgb_pca,0,1
0.8135284,1,rgb_pca,0,1
0.81670743,1,rgb_pca,0,1
0.8171958,1,rgb_pca,0,1
0.83238876,1,rgb_pca,0,1
0.8346027,1,rgb_pca,0,1
0.84031576,1,rgb_pca,0,1
0.829079,1,rgb_pca,0,1
0.82324135,1,rgb_pca,0,1
0.8134262,1,rgb_pca,0,1
0.83755386,1,rgb_pca,0,1
0.83681875,1,rgb_pca,0,1
0.8330167,1,rgb_pca,0,1
0.8499415,1,rgb_pca,0,1
0.8448572,1,rgb_pca,0,1
0.83570933,1,rgb_pca,0,1
0.81729925,1,rgb_pca,0,1
0.8420867,1,rgb_pca,0,1
0.8392688,1,rgb_pca,0,1
0.84506935,1,rgb_pca,0,1
0.8375058,1,rgb_pca,0,1
0.84974605,1,rgb_pca,0,1
0.84378684,1,rgb_pca,0,1
0.81723523,1,rgb_pca,0,1
0.812458,1,rgb_pca,0,1
0.8440813,1,rgb_pca,0,1
0.8561878,1,rgb_pca,0,1
0.8466397,1,rgb_pca,0,1
0.84810495,1,rgb_pca,0,1
0.84264565,1,rgb_pca,0,1
0.83956563,1,rgb_pca,0,1
0.8401745,1,rgb_pca,0,1
0.844486,1,rgb_pca,0,1
0.8315401,1,rgb_pca,0,1
0.82313156,1,rgb_pca,0,1
0.84859943,1,rgb_pca,0,1
0.85312593,1,rgb_pca,0,1
0.8447375,1,rgb_pca,0,1
0.84561664,1,rgb_pca,0,1
0.84287405,1,rgb_pca,0,1
0.85857797,1,rgb_pca,0,1
0.8486586,1,rgb_pca,0,1
0.849784,1,rgb_pca,0,1
0.8536129,1,rgb_pca,0,1
0.8425181,1,rgb_pca,0,1
0.83418834,1,rgb_pca,0,1
0.8470515,1,rgb_pca,0,1
0.8369417,1,rgb_pca,0,1
0.8178336,1,rgb_pca,0,1
0.8505408,1,rgb_pca,0,1
0.8497946,1,rgb_pca,0,1
0.8451488,1,rgb_pca,0,1
0.84059083,1,rgb_pca,0,1
0.83709836,1,rgb_pca,0,1
0.84417415,1,rgb_pca,0,1
0.8434924,1,rgb_pca,0,1
0.82990295,1,rgb_pca,0,1
0.8476325,1,rgb_pca,0,1
0.8326335,1,rgb_pca,0,1
0.81276786,1,rgb_pca,0,1
0.8559168,1,rgb_pca,0,1
0.8609637,1,rgb_pca,0,1
0.87293553,1,rgb_pca,0,1
0.8636435,1,rgb_pca,0,1
0.82954466,1,rgb_pca,0,1
0.8268111,1,rgb_pca,0,1
0.8416892,1,rgb_pca,0,1
0.8299474,1,rgb_pca,0,1
0.8720621,1,rgb_pca,0,1
0.8658388,1,rgb_pca,0,1
0.8251937,1,rgb_pca,0,1
0.8509258,1,rgb_pca,0,1
0.8733696,1,rgb_pca,0,1
0.8856529,1,rgb_pca,0,1
0.8595134,1,rgb_pca,0,1
0.817206,1,rgb_pca,0,1
0.8215697,1,rgb_pca,0,1
0.8323432,1,rgb_pca,0,1
0.8361592,1,rgb_pca,0,1
0.8828429,1,rgb_pca,0,1
0.8501448,1,rgb_pca,0,1
0.8224621,1,rgb_pca,0,1
0.8422574,1,rgb_pca,0,1
0.83009726,1,rgb_pca,0,1
0.8286257,1,rgb_pca,0,1
0.87519526,1,rgb_pca,0,1
0.8506993,1,rgb_pca,0,1
0.8545959,1,rgb_pca,0,1
0.83940345,1,rgb_pca,0,1
0.82789505,1,rgb_pca,0,1
0.8485937,1,rgb_pca,0,1
0.83169895,1,rgb_pca,0,1
0.7861166,1,rgb_pca,0,1
0.7946309,1,rgb_pca,0,1
0.85526717,1,rgb_pca,0,1
0.8363215,1,rgb_pca,0,1
0.83279324,1,rgb_pca,0,1
0.85316586,1,rgb_pca,0,1
0.83113706,1,rgb_pca,0,1
0.86344326,1,rgb_pca,0,1
0.8414155,1,rgb_pca,0,1
0.8298607,1,rgb_pca,0,1
0.8503691,1,rgb_pca,0,1
0.8263726,1,rgb_pca,0,1
0.8872675,1,rgb_pca,0,1
0.8639885,1,rgb_pca,0,1
0.8222031,1,rgb_pca,0,1
0.8335342,1,rgb_pca,0,1
0.8261501,1,rgb_pca,0,1
0.8268384,1,rgb_pca,0,1
0.88999707,1,rgb_pca,0,1
0.8699484,1,rgb_pca,0,1
0.8439256,1,rgb_pca,0,1
0.8518432,1,rgb_pca,0,1
0.8316286,1,rgb_pca,0,1
0.83272135,1,rgb_pca,0,1
0.8330618,1,rgb_pca,0,1
0.8692475,1,rgb_pca,0,1
0.85100627,1,rgb_pca,0,1
0.83492404,1,rgb_pca,0,1
0.8391043,1,rgb_pca,0,1
0.84625214,1,rgb_pca,0,1
0.84340405,1,rgb_pca,0,1
0.8595539,1,rgb_pca,0,1
0.86744046,1,rgb_pca,0,1
0.8520121,1,rgb_pca,0,1
0.8317664,1,rgb_pca,0,1
0.8307152,1,rgb_pca,0,1
0.85554445,1,rgb_pca,0,1
0.84419525,1,rgb_pca,0,1
0.85200787,1,rgb_pca,0,1
0.83156794,1,rgb_pca,0,1
0.83889765,1,rgb_pca,0,1
0.84027004,1,rgb_pca,0,1
0.88562924,1,rgb_pca,0,1
0.8677293,1,rgb_pca,0,1
0.85883,1,rgb_pca,0,1
0.83877844,1,rgb_pca,0,1
0.8371703,1,rgb_pca,0,1
0.8534938,1,rgb_pca,0,1
0.8956721,1,rgb_pca,0,1
0.8635122,1,rgb_pca,0,1
0.8389517,1,rgb_pca,0,1
0.8278794,1,rgb_pca,0,1
0.84364414,1,rgb_pca,0,1
0.8614341,1,rgb_pca,0,1
0.8364785,1,rgb_pca,0,1
0.819603,1,rgb_pca,0,1
0.82968736,1,rgb_pca,0,1
0.7010417,1,rgb_pca,0,1
0.6467032,1,rgb_pca,0,1
0.63768935,1,rgb_pca,0,1
0.626202,1,rgb_pca,0,1
0.69536865,1,rgb_pca,0,1
0.725268,1,rgb_pca,0,1
0.6778418,1,rgb_pca,0,1
0.6808162,1,rgb_pca,0,1
0.71897674,1,rgb_pca,0,1
0.67388093,1,rgb_pca,0,1
0.6393217,1,rgb_pca,0,1
0.7375096,1,rgb_pca,0,1
0.7004457,1,rgb_pca,0,1
0.71524477,1,rgb_pca,0,1
0.708794,1,rgb_pca,0,1
0.68913656,1,rgb_pca,0,1
0.662724,1,rgb_pca,0,1
0.7517066,1,rgb_pca,0,1
0.71135056,1,rgb_pca,0,1
0.7050841,1,rgb_pca,0,1
0.6987364,1,rgb_pca,0,1
0.6920099,1,rgb_pca,0,1
0.69066995,1,rgb_pca,0,1
0.6778508,1,rgb_pca,0,1
0.655599,1,rgb_pca,0,1
0.6422581,1,rgb_pca,0,1
0.7763497,1,rgb_pca,0,1
0.7415185,1,rgb_pca,0,1
0.7107288,1,rgb_pca,0,1
0.70702267,1,rgb_pca,0,1
0.70182717,1,rgb_pca,0,1
0.7038873,1,rgb_pca,0,1
0.6949109,1,rgb_pca,0,1
0.69509083,1,rgb_pca,0,1
0.68318367,1,rgb_pca,0,1
0.76059175,1,rgb_pca,0,1
0.74190557,1,rgb_pca,0,1
0.71667826,1,rgb_pca,0,1
0.7343823,1,rgb_pca,0,1
0.71944356,1,rgb_pca,0,1
0.704897,1,rgb_pca,0,1
0.70563155,1,rgb_pca,0,1
0.7072649,1,rgb_pca,0,1
0.7007035,1,rgb_pca,0,1
0.66516256,1,rgb_pca,0,1
0.6284827,1,rgb_pca,0,1
0.64002424,1,rgb_pca,0,1
0.6191306,1,rgb_pca,0,1
0.76012623,1,rgb_pca,0,1
0.73146397,1,rgb_pca,0,1
0.7219056,1,rgb_pca,0,1
0.73919034,1,rgb_pca,0,1
0.7254572,1,rgb_pca,0,1
0.7223405,1,rgb_pca,0,1
0.7476986,1,rgb_pca,0,1
0.75255805,1,rgb_pca,0,1
0.7224585,1,rgb_pca,0,1
0.6924144,1,rgb_pca,0,1
0.6317674,1,rgb_pca,0,1
0.7436201,1,rgb_pca,0,1
0.74220854,1,rgb_pca,0,1
0.7510232,1,rgb_pca,0,1
0.6490042,1,rgb_pca,0,1
0.61273175,1,rgb_pca,0,1
0.7486669,1,rgb_pca,0,1
0.7600716,1,rgb_pca,0,1
0.7691597,1,rgb_pca,0,1
0.71382254,1,rgb_pca,0,1
0.68608725,1,rgb_pca,0,1
0.73382044,1,rgb_pca,0,1
0.71284413,1,rgb_pca,0,1
0.7143196,1,rgb_pca,0,1
0.64900464,1,rgb_pca,0,1
0.67579234,1,rgb_pca,0,1
0.74419785,1,rgb_pca,0,1
0.73754096,1,rgb_pca,0,1
0.72140074,1,rgb_pca,0,1
0.7399015,1,rgb_pca,0,1
0.70449317,1,rgb_pca,0,1
0.6802623,1,rgb_pca,0,1
0.72787,1,rgb_pca,0,1
0.758424,1,rgb_pca,0,1
0.7735994,1,rgb_pca,0,1
0.75608474,1,rgb_pca,0,1
0.7489501,1,rgb_pca,0,1
0.7301061,1,rgb_pca,0,1
0.7243544,1,rgb_pca,0,1
0.76356256,1,rgb_pca,0,1
0.7609866,1,rgb_pca,0,1
0.74948275,1,rgb_pca,0,1
0.74781,1,rgb_pca,0,1
0.70221794,1,rgb_pca,0,1
0.70693743,1,rgb_pca,0,1
0.6955912,1,rgb_pca,0,1
0.69015485,1,rgb_pca,0,1
0.7246982,1,rgb_pca,0,1
0.75282586,1,rgb_pca,0,1
0.7574738,1,rgb_pca,0,1
0.75619113,1,rgb_pca,0,1
0.75952065,1,rgb_pca,0,1
0.7303477,1,rgb_pca,0,1
0.72870773,1,rgb_pca,0,1
0.74098516,1,rgb_pca,0,1
0.72471786,1,rgb_pca,0,1
0.72763485,1,rgb_pca,0,1
0.7413795,1,rgb_pca,0,1
0.76644266,1,rgb_pca,0,1
0.7809986,1,rgb_pca,0,1
0.7739648,1,rgb_pca,0,1
0.74829894,1,rgb_pca,0,1
0.7306985,1,rgb_pca,0,1
0.7733074,1,rgb_pca,0,1
0.8016702,1,rgb_pca,0,1
0.7833257,1,rgb_pca,0,1
0.7676543,1,rgb_pca,0,1
0.73162234,1,rgb_pca,0,1
0.68174464,1,rgb_pca,0,1
0.7645192,1,rgb_pca,0,1
0.7501535,1,rgb_pca,0,1
0.75573784,1,rgb_pca,0,1
0.77886724,1,rgb_pca,0,1
0.7898369,1,rgb_pca,0,1
0.7662323,1,rgb_pca,0,1
0.73909134,1,rgb_pca,0,1
0.7692111,1,rgb_pca,0,1
0.7966938,1,rgb_pca,0,1
0.72300756,1,rgb_pca,0,1
0.732039,1,rgb_pca,0,1
0.7688618,1,rgb_pca,0,1
0.74984986,1,rgb_pca,0,1
0.73158824,1,rgb_pca,0,1
0.7298994,1,rgb_pca,0,1
0.7485708,1,rgb_pca,0,1
0.7775249,1,rgb_pca,0,1
0.78165233,1,rgb_pca,0,1
0.77952784,1,rgb_pca,0,1
0.7569748,1,rgb_pca,0,1
0.74955595,1,rgb_pca,0,1
0.74928385,3,rgb_pca,0,1
0.7421284,3,rgb_pca,0,1
0.7455392,3,rgb_pca,0,1
0.75636554,3,rgb_pca,0,1
0.7701848,3,rgb_pca,0,1
0.7787637,3,rgb_pca,0,1
0.75822115,3,rgb_pca,0,1
0.775155,3,rgb_pca,0,1
0.7693724,3,rgb_pca,0,1
0.7921947,3,rgb_pca,0,1
0.7856122,3,rgb_pca,0,1
0.81334174,3,rgb_pca,0,1
0.8096524,3,rgb_pca,0,1
0.7715993,3,rgb_pca,0,1
0.7690191,3,rgb_pca,0,1
0.78709936,3,rgb_pca,0,1
0.76806843,3,rgb_pca,0,1
0.78892374,3,rgb_pca,0,1
0.7894379,3,rgb_pca,0,1
0.8205713,3,rgb_pca,0,1
0.8286698,3,rgb_pca,0,1
0.79020214,3,rgb_pca,0,1
0.7844992,3,rgb_pca,0,1
0.7248791,3,rgb_pca,0,1
0.7666465,3,rgb_pca,0,1
0.7717105,3,rgb_pca,0,1
0.7647388,3,rgb_pca,0,1
0.7736551,3,rgb_pca,0,1
0.7850596,3,rgb_pca,0,1
0.7805754,3,rgb_pca,0,1
0.7975284,3,rgb_pca,0,1
0.8118018,3,rgb_pca,0,1
0.79980946,3,rgb_pca,0,1
0.7908676,3,rgb_pca,0,1
0.75112474,3,rgb_pca,0,1
0.7776661,3,rgb_pca,0,1
0.7699634,3,rgb_pca,0,1
0.76847416,3,rgb_pca,0,1
0.7880516,3,rgb_pca,0,1
0.7883842,3,rgb_pca,0,1
0.7861406,3,rgb_pca,0,1
0.798916,3,rgb_pca,0,1
0.81272125,3,rgb_pca,0,1
0.8006456,3,rgb_pca,0,1
0.7785429,3,rgb_pca,0,1
0.7316141,3,rgb_pca,0,1
0.76051027,3,rgb_pca,0,1
0.7556397,3,rgb_pca,0,1
0.757727,3,rgb_pca,0,1
0.776284,3,rgb_pca,0,1
0.7904252,3,rgb_pca,0,1
0.7891787,3,rgb_pca,0,1
0.78491837,3,rgb_pca,0,1
0.78812003,3,rgb_pca,0,1
0.78719145,3,rgb_pca,0,1
0.8038558,3,rgb_pca,0,1
0.73963845,3,rgb_pca,0,1
0.7574817,3,rgb_pca,0,1
0.7647828,3,rgb_pca,0,1
0.7710088,3,rgb_pca,0,1
0.7941109,3,rgb_pca,0,1
0.79916704,3,rgb_pca,0,1
0.7960249,3,rgb_pca,0,1
0.7899827,3,rgb_pca,0,1
0.7827217,3,rgb_pca,0,1
0.8011212,3,rgb_pca,0,1
0.8150681,3,rgb_pca,0,1
0.76920044,3,rgb_pca,0,1
0.7770069,3,rgb_pca,0,1
0.80933905,3,rgb_pca,0,1
0.81404364,3,rgb_pca,0,1
0.80773294,3,rgb_pca,0,1
0.8036472,3,rgb_pca,0,1
0.797879,3,rgb_pca,0,1
0.8032884,3,rgb_pca,0,1
0.78415126,3,rgb_pca,0,1
0.77293456,3,rgb_pca,0,1
0.77087724,3,rgb_pca,0,1
0.7956058,3,rgb_pca,0,1
0.8079518,3,rgb_pca,0,1
0.81353444,3,rgb_pca,0,1
0.8152741,3,rgb_pca,0,1
0.82174665,3,rgb_pca,0,1
0.81437385,3,rgb_pca,0,1
0.7720791,3,rgb_pca,0,1
0.7533719,3,rgb_pca,0,1
0.7607371,3,rgb_pca,0,1
0.74993646,3,rgb_pca,0,1
0.7915592,3,rgb_pca,0,1
0.75468755,3,rgb_pca,0,1
0.74674356,3,rgb_pca,0,1
0.7211084,3,rgb_pca,0,1
0.7674323,3,rgb_pca,0,1
0.76823103,3,rgb_pca,0,1
0.7481432,3,rgb_pca,0,1
0.7556564,3,rgb_pca,0,1
0.71998113,3,rgb_pca,0,1
0.68975306,3,rgb_pca,0,1
0.70905024,3,rgb_pca,0,1
0.70857155,3,rgb_pca,0,1
0.77918553,3,rgb_pca,0,1
0.75743866,3,rgb_pca,0,1
0.73791045,3,rgb_pca,0,1
0.7464905,3,rgb_pca,0,1
0.7415324,3,rgb_pca,0,1
0.7331908,3,rgb_pca,0,1
0.7219875,3,rgb_pca,0,1
0.7830883,3,rgb_pca,0,1
0.7335123,3,rgb_pca,0,1
0.70565367,3,rgb_pca,0,1
0.74867344,3,rgb_pca,0,1
0.74861455,3,rgb_pca,0,1
0.75401217,3,rgb_pca,0,1
0.75364035,3,rgb_pca,0,1
0.7521577,3,rgb_pca,0,1
0.8061462,3,rgb_pca,0,1
0.7593362,3,rgb_pca,0,1
0.72795665,3,rgb_pca,0,1
0.7701646,3,rgb_pca,0,1
0.81121206,3,rgb_pca,0,1
0.79437566,3,rgb_pca,0,1
0.78615946,3,rgb_pca,0,1
0.7748038,3,rgb_pca,0,1
0.7707626,3,rgb_pca,0,1
0.8232265,3,rgb_pca,0,1
0.7946587,3,rgb_pca,0,1
0.7416013,3,rgb_pca,0,1
0.7594339,3,rgb_pca,0,1
0.8030552,3,rgb_pca,0,1
0.7880836,3,rgb_pca,0,1
0.7998821,3,rgb_pca,0,1
0.7983713,3,rgb_pca,0,1
0.78645736,3,rgb_pca,0,1
0.8472996,3,rgb_pca,0,1
0.7992259,3,rgb_pca,0,1
0.78260076,3,rgb_pca,0,1
0.78179556,3,rgb_pca,0,1
0.7760081,3,rgb_pca,0,1
0.7694942,3,rgb_pca,0,1
0.8144096,3,rgb_pca,0,1
0.8011852,3,rgb_pca,0,1
0.78693795,3,rgb_pca,0,1
0.8520428,3,rgb_pca,0,1
0.81117594,3,rgb_pca,0,1
0.786074,3,rgb_pca,0,1
0.7768642,3,rgb_pca,0,1
0.7578255,3,rgb_pca,0,1
0.7444092,3,rgb_pca,0,1
0.7898823,3,rgb_pca,0,1
0.7974551,3,rgb_pca,0,1
0.7830331,3,rgb_pca,0,1
0.85710037,3,rgb_pca,0,1
0.8241155,3,rgb_pca,0,1
0.7765335,3,rgb_pca,0,1
0.7582685,3,rgb_pca,0,1
0.7534127,3,rgb_pca,0,1
0.7641319,3,rgb_pca,0,1
0.79503,3,rgb_pca,0,1
0.8541716,3,rgb_pca,0,1
0.8258989,3,rgb_pca,0,1
0.79492366,3,rgb_pca,0,1
0.7852305,3,rgb_pca,0,1
0.7780017,3,rgb_pca,0,1
0.78976476,3,rgb_pca,0,1
0.80233705,3,rgb_pca,0,1
0.84495926,3,rgb_pca,0,1
0.83090806,3,rgb_pca,0,1
0.81561756,3,rgb_pca,0,1
0.8092674,3,rgb_pca,0,1
0.84360623,3,rgb_pca,0,1
0.83492583,3,rgb_pca,0,1
0.79785997,3,rgb_pca,0,1
0.7768862,3,rgb_pca,0,1
0.89112675,1,rgb_pca,0,1
0.8802992,1,rgb_pca,0,1
0.8216516,1,rgb_pca,0,1
0.8539313,1,rgb_pca,0,1
0.82570994,1,rgb_pca,0,1
0.8470692,1,rgb_pca,0,1
0.8286526,1,rgb_pca,0,1
0.7993282,1,rgb_pca,0,1
0.8314897,1,rgb_pca,0,1
0.8256932,1,rgb_pca,0,1
0.81038344,1,rgb_pca,0,1
0.7933185,1,rgb_pca,0,1
0.8365706,1,rgb_pca,0,1
0.8072994,1,rgb_pca,0,1
0.79495716,1,rgb_pca,0,1
0.8004297,1,rgb_pca,0,1
0.84634095,1,rgb_pca,0,1
0.8319973,1,rgb_pca,0,1
0.8255018,1,rgb_pca,0,1
0.80648005,1,rgb_pca,0,1
0.83478713,1,rgb_pca,0,1
0.8559348,1,rgb_pca,0,1
0.8574984,1,rgb_pca,0,1
0.85591674,1,rgb_pca,0,1
0.8011695,1,rgb_pca,0,1
0.8200393,1,rgb_pca,0,1
0.86326104,1,rgb_pca,0,1
0.85461617,1,rgb_pca,0,1
0.83865845,1,rgb_pca,0,1
0.78465194,1,rgb_pca,0,1
0.8256822,1,rgb_pca,0,1
0.85391164,1,rgb_pca,0,1
0.8498532,1,rgb_pca,0,1
0.8032014,1,rgb_pca,0,1
0.80388534,1,rgb_pca,0,1
0.8057146,1,rgb_pca,0,1
0.8006689,1,rgb_pca,0,1
0.8075979,1,rgb_pca,0,1
0.8050622,1,rgb_pca,0,1
0.8136704,1,rgb_pca,0,1
0.820062,1,rgb_pca,0,1
0.7970715,1,rgb_pca,0,1
0.7893896,1,rgb_pca,0,1
0.80844724,1,rgb_pca,0,1
0.8108183,1,rgb_pca,0,1
0.8155536,1,rgb_pca,0,1
0.8191402,1,rgb_pca,0,1
0.83169246,1,rgb_pca,0,1
0.81366277,1,rgb_pca,0,1
0.78414166,1,rgb_pca,0,1
0.7988018,1,rgb_pca,0,1
0.8074639,1,rgb_pca,0,1
0.8258913,1,rgb_pca,0,1
0.81524605,1,rgb_pca,0,1
0.8040597,1,rgb_pca,0,1
0.82101315,1,rgb_pca,0,1
0.8177405,1,rgb_pca,0,1
0.8169045,1,rgb_pca,0,1
0.83224154,1,rgb_pca,0,1
0.8320235,1,rgb_pca,0,1
0.86984754,1,rgb_pca,0,1
0.86354715,1,rgb_pca,0,1
0.8097409,1,rgb_pca,0,1
0.7986151,1,rgb_pca,0,1
0.80367255,1,rgb_pca,0,1
0.8064974,1,rgb_pca,0,1
0.8050892,1,rgb_pca,0,1
0.8011147,1,rgb_pca,0,1
0.8089605,1,rgb_pca,0,1
0.8191484,1,rgb_pca,0,1
0.8733618,1,rgb_pca,0,1
0.87010217,1,rgb_pca,0,1
0.849156,1,rgb_pca,0,1
0.83666295,1,rgb_pca,0,1
0.82951844,1,rgb_pca,0,1
0.8224094,1,rgb_pca,0,1
0.8378122,1,rgb_pca,0,1
0.8306341,1,rgb_pca,0,1
0.82728565,1,rgb_pca,0,1
0.8196837,1,rgb_pca,0,1
0.8213037,1,rgb_pca,0,1
0.8063999,1,rgb_pca,0,1
0.8022368,1,rgb_pca,0,1
0.79925114,1,rgb_pca,0,1
0.8380439,1,rgb_pca,0,1
0.816921,1,rgb_pca,0,1
0.8262584,1,rgb_pca,0,1
0.84588325,1,rgb_pca,0,1
0.8329445,1,rgb_pca,0,1
0.8266485,1,rgb_pca,0,1
0.82220876,1,rgb_pca,0,1
0.828043,1,rgb_pca,0,1
0.8141848,1,rgb_pca,0,1
0.80505526,1,rgb_pca,0,1
0.80761313,1,rgb_pca,0,1
0.839381,1,rgb_pca,0,1
0.8335003,1,rgb_pca,0,1
0.82827127,1,rgb_pca,0,1
0.84270895,1,rgb_pca,0,1
0.84580237,1,rgb_pca,0,1
0.8395058,1,rgb_pca,0,1
0.8448174,1,rgb_pca,0,1
0.84966046,1,rgb_pca,0,1
0.82327986,1,rgb_pca,0,1
0.814066,1,rgb_pca,0,1
0.8296566,1,rgb_pca,0,1
0.8400604,1,rgb_pca,0,1
0.84108233,1,rgb_pca,0,1
0.83185065,1,rgb_pca,0,1
0.8433509,1,rgb_pca,0,1
0.85239434,1,rgb_pca,0,1
0.84188706,1,rgb_pca,0,1
0.8407496,1,rgb_pca,0,1
0.8349167,1,rgb_pca,0,1
0.8241334,1,rgb_pca,0,1
0.8670817,1,rgb_pca,0,1
0.8898997,1,rgb_pca,0,1
0.887915,1,rgb_pca,0,1
0.8654887,1,rgb_pca,0,1
0.846678,1,rgb_pca,0,1
0.85775423,1,rgb_pca,0,1
0.87263393,1,rgb_pca,0,1
0.8764241,1,rgb_pca,0,1
0.8809029,1,rgb_pca,0,1
0.86019063,1,rgb_pca,0,1
0.84100425,1,rgb_pca,0,1
0.81169033,1,rgb_pca,0,1
0.78487575,1,rgb_pca,0,1
0.8117485,1,rgb_pca,0,1
0.8438612,1,rgb_pca,0,1
0.8256351,1,rgb_pca,0,1
0.8047823,1,rgb_pca,0,1
0.8314465,1,rgb_pca,0,1
0.80447865,1,rgb_pca,0,1
0.8419908,1,rgb_pca,0,1
0.832291,1,rgb_pca,0,1
0.81615025,1,rgb_pca,0,1
0.805668,1,rgb_pca,0,1
0.7941572,1,rgb_pca,0,1
0.84802866,1,rgb_pca,0,1
0.83074796,1,rgb_pca,0,1
0.81405497,1,rgb_pca,0,1
0.81435406,1,rgb_pca,0,1
0.8057001,1,rgb_pca,0,1
0.8032042,1,rgb_pca,0,1
0.8609394,1,rgb_pca,0,1
0.826827,1,rgb_pca,0,1
0.80480546,1,rgb_pca,0,1
0.81269157,1,rgb_pca,0,1
0.8045533,1,rgb_pca,0,1
0.8026803,1,rgb_pca,0,1
0.78749186,1,rgb_pca,0,1
0.8601259,1,rgb_pca,0,1
0.8388911,1,rgb_pca,0,1
0.81880385,1,rgb_pca,0,1
0.82899046,1,rgb_pca,0,1
0.8454051,1,rgb_pca,0,1
0.824396,1,rgb_pca,0,1
0.8109896,1,rgb_pca,0,1
0.85697687,1,rgb_pca,0,1
0.8478769,1,rgb_pca,0,1
0.8190533,1,rgb_pca,0,1
0.82461965,1,rgb_pca,0,1
0.84179986,1,rgb_pca,0,1
0.8194711,1,rgb_pca,0,1
0.84014344,1,rgb_pca,0,1
0.82862467,1,rgb_pca,0,1
0.8293015,1,rgb_pca,0,1
0.8203609,1,rgb_pca,0,1
0.83274937,1,rgb_pca,0,1
0.8220087,1,rgb_pca,0,1
0.84090173,1,rgb_pca,0,1
0.82937086,1,rgb_pca,0,1
0.82437146,1,rgb_pca,0,1
0.8295808,1,rgb_pca,0,1
0.8497736,1,rgb_pca,0,1
0.84863186,1,rgb_pca,0,1
0.83694184,1,rgb_pca,0,1
0.8321264,1,rgb_pca,0,1
0.8400085,1,rgb_pca,0,1
0.85475063,1,rgb_pca,0,1
0.8396731,1,rgb_pca,0,1
0.82959944,1,rgb_pca,0,1
0.8278368,1,rgb_pca,0,1
0.7822789,1,rgb_pca,0,1
0.76387084,1,rgb_pca,0,1
0.74936587,1,rgb_pca,0,1
0.7720567,1,rgb_pca,0,1
0.7682104,1,rgb_pca,0,1
0.7321318,1,rgb_pca,0,1
0.69459754,1,rgb_pca,0,1
0.59042335,1,rgb_pca,0,1
0.5739116,1,rgb_pca,0,1
0.7380325,1,rgb_pca,0,1
0.70227957,1,rgb_pca,0,1
0.69903016,1,rgb_pca,0,1
0.72659326,1,rgb_pca,0,1
0.73328686,1,rgb_pca,0,1
0.7196606,1,rgb_pca,0,1
0.679054,1,rgb_pca,0,1
0.60537153,1,rgb_pca,0,1
0.5670315,1,rgb_pca,0,1
0.7393265,1,rgb_pca,0,1
0.7207593,1,rgb_pca,0,1
0.72022134,1,rgb_pca,0,1
0.7355625,1,rgb_pca,0,1
0.7416769,1,rgb_pca,0,1
0.750087,1,rgb_pca,0,1
0.716824,1,rgb_pca,0,1
0.69146013,1,rgb_pca,0,1
0.6709504,1,rgb_pca,0,1
0.63774014,1,rgb_pca,0,1
0.6252765,1,rgb_pca,0,1
0.60542095,1,rgb_pca,0,1
0.5801606,1,rgb_pca,0,1
0.7564641,1,rgb_pca,0,1
0.746507,1,rgb_pca,0,1
0.76974833,1,rgb_pca,0,1
0.7667394,1,rgb_pca,0,1
0.7681893,1,rgb_pca,0,1
0.7667661,1,rgb_pca,0,1
0.74827814,1,rgb_pca,0,1
0.7306233,1,rgb_pca,0,1
0.7182232,1,rgb_pca,0,1
0.68586594,1,rgb_pca,0,1
0.66191006,1,rgb_pca,0,1
0.7563705,1,rgb_pca,0,1
0.78085697,1,rgb_pca,0,1
0.80544984,1,rgb_pca,0,1
0.7328229,1,rgb_pca,0,1
0.73868406,1,rgb_pca,0,1
0.74769974,1,rgb_pca,0,1
0.7546401,1,rgb_pca,0,1
0.78879553,1,rgb_pca,0,1
0.74584806,1,rgb_pca,0,1
0.7605499,1,rgb_pca,0,1
0.7251369,1,rgb_pca,0,1
0.7401228,1,rgb_pca,0,1
0.72976327,1,rgb_pca,0,1
0.7548376,1,rgb_pca,0,1
0.7326844,1,rgb_pca,0,1
0.63894945,1,rgb_pca,0,1
0.58206224,1,rgb_pca,0,1
0.49605143,1,rgb_pca,0,1
0.49151176,1,rgb_pca,0,1
0.6954895,1,rgb_pca,0,1
0.7237077,1,rgb_pca,0,1
0.70976365,1,rgb_pca,0,1
0.70197356,1,rgb_pca,0,1
0.67981184,1,rgb_pca,0,1
0.5984602,1,rgb_pca,0,1
0.55370975,1,rgb_pca,0,1
0.4916082,1,rgb_pca,0,1
0.4734351,1,rgb_pca,0,1
0.6718514,1,rgb_pca,0,1
0.660719,1,rgb_pca,0,1
0.6268759,1,rgb_pca,0,1
0.64627194,1,rgb_pca,0,1
0.63275594,1,rgb_pca,0,1
0.62979877,1,rgb_pca,0,1
0.6233338,1,rgb_pca,0,1
0.6258657,1,rgb_pca,0,1
0.58209914,1,rgb_pca,0,1
0.5405315,1,rgb_pca,0,1
0.5517468,1,rgb_pca,0,1
0.5095979,1,rgb_pca,0,1
0.53375,1,rgb_pca,0,1
0.691272,1,rgb_pca,0,1
0.67727345,1,rgb_pca,0,1
0.6627569,1,rgb_pca,0,1
0.67287534,1,rgb_pca,0,1
0.67855656,1,rgb_pca,0,1
0.6944635,1,rgb_pca,0,1
0.66109025,1,rgb_pca,0,1
0.6745451,1,rgb_pca,0,1
0.64294815,1,rgb_pca,0,1
0.5723039,1,rgb_pca,0,1
0.55792063,1,rgb_pca,0,1
0.66405845,1,rgb_pca,0,1
0.67478466,1,rgb_pca,0,1
0.6604644,1,rgb_pca,0,1
0.6306428,1,rgb_pca,0,1
0.59015197,1,rgb_pca,0,1
0.65711826,1,rgb_pca,0,1
0.66596377,1,rgb_pca,0,1
0.6886849,1,rgb_pca,0,1
0.6850433,1,rgb_pca,0,1
0.65604335,1,rgb_pca,0,1
0.7391949,1,rgb_pca,0,1
0.74846196,1,rgb_pca,0,1
0.7639345,1,rgb_pca,0,1
0.71791226,1,rgb_pca,0,1
0.7494347,1,rgb_pca,0,1
0.77468085,1,rgb_pca,0,1
0.651356,1,rgb_pca,0,1
0.6861603,1,rgb_pca,0,1
0.7123101,1,rgb_pca,0,1
0.6237633,1,rgb_pca,0,1
0.68799317,1,rgb_pca,0,1
0.7302858,1,rgb_pca,0,1
0.62436795,1,rgb_pca,0,1
0.68496823,1,rgb_pca,0,1
0.7372184,1,rgb_pca,0,1
0.6293944,1,rgb_pca,0,1
0.70371443,1,rgb_pca,0,1
0.7461098,1,rgb_pca,0,1
0.6103158,1,rgb_pca,0,1
0.74402153,1,rgb_pca,0,1
0.7791673,1,rgb_pca,0,1
0.6609638,1,rgb_pca,0,1
0.736995,1,rgb_pca,0,1
0.77002656,1,rgb_pca,0,1
0.70948863,1,rgb_pca,0,1
0.709556,1,rgb_pca,0,1
0.70806456,1,rgb_pca,0,1
0.6094475,1,rgb_pca,0,1
0.6804848,1,rgb_pca,0,1
0.6860496,1,rgb_pca,0,1
0.59845173,1,rgb_pca,0,1
0.70957065,1,rgb_pca,0,1
0.7262188,1,rgb_pca,0,1
0.60119534,1,rgb_pca,0,1
0.73479646,1,rgb_pca,0,1
0.7260232,1,rgb_pca,0,1
0.62239903,1,rgb_pca,0,1
0.73225117,1,rgb_pca,0,1
0.7357476,1,rgb_pca,0,1
0.6510799,1,rgb_pca,0,1
0.7203311,1,rgb_pca,0,1
0.7368715,1,rgb_pca,0,1
0.67252284,1,rgb_pca,0,1
0.6962174,1,rgb_pca,0,1
0.7364346,1,rgb_pca,0,1
0.6653873,1,rgb_pca,0,1
0.6849431,1,rgb_pca,0,1
0.67503524,1,rgb_pca,0,1
0.60857195,1,rgb_pca,0,1
0.59598255,1,rgb_pca,0,1
0.63558364,1,rgb_pca,0,1
0.53478944,1,rgb_pca,0,1
0.50523734,1,rgb_pca,0,1
0.5706895,1,rgb_pca,0,1
0.72338074,1,rgb_pca,0,1
0.7573477,1,rgb_pca,0,1
0.7659923,1,rgb_pca,0,1
0.71602035,1,rgb_pca,0,1
0.73221576,1,rgb_pca,0,1
0.74871343,1,rgb_pca,0,1
0.6934408,1,rgb_pca,0,1
0.7456079,1,rgb_pca,0,1
0.77618444,1,rgb_pca,0,1
0.73193264,1,rgb_pca,0,1
0.7671929,1,rgb_pca,0,1
0.7929686,1,rgb_pca,0,1
0.6894324,1,rgb_pca,0,1
0.72014797,1,rgb_pca,0,1
0.75186664,1,rgb_pca,0,1
0.721834,1,rgb_pca,0,1
0.73024726,1,rgb_pca,0,1
0.7744622,1,rgb_pca,0,1
0.7464725,1,rgb_pca,0,1
0.7559857,1,rgb_pca,0,1
0.77144486,1,rgb_pca,0,1
0.77626616,1,rgb_pca,0,1
0.7629605,1,rgb_pca,0,1
0.7583621,1,rgb_pca,0,1
0.71533275,1,rgb_pca,0,1
0.69563943,1,rgb_pca,0,1
0.7177209,1,rgb_pca,0,1
0.7029914,1,rgb_pca,0,1
0.7639334,1,rgb_pca,0,1
0.76290625,1,rgb_pca,0,1
0.72171354,1,rgb_pca,0,1
0.7645204,1,rgb_pca,0,1
0.7370815,1,rgb_pca,0,1
0.7266699,1,rgb_pca,0,1
0.7807273,1,rgb_pca,0,1
0.75013316,1,rgb_pca,0,1
0.71785355,1,rgb_pca,0,1
0.8032025,1,rgb_pca,0,1
0.7866306,1,rgb_pca,0,1
0.70630753,1,rgb_pca,0,1
0.75196457,1,rgb_pca,0,1
0.7285029,1,rgb_pca,0,1
0.70969635,1,rgb_pca,0,1
0.72806025,1,rgb_pca,0,1
0.7155935,1,rgb_pca,0,1
0.71452546,1,rgb_pca,0,1
0.7670591,1,rgb_pca,0,1
0.74908006,1,rgb_pca,0,1
0.72578657,1,rgb_pca,0,1
0.7817292,1,rgb_pca,0,1
0.76820457,1,rgb_pca,0,1
0.7004109,1,rgb_pca,0,1
0.7301707,1,rgb_pca,0,1
0.74226403,1,rgb_pca,0,1
0.8128514,6,rgb_sar,0,2
0.81952834,6,rgb_sar,0,2
0.8306191,6,rgb_sar,0,2
0.8254347,6,rgb_sar,0,2
0.8562316,6,rgb_sar,0,2
0.69456863,6,rgb_sar,0,2
0.70272934,6,rgb_sar,0,2
0.7035792,6,rgb_sar,0,2
0.72239757,6,rgb_sar,0,2
0.7708678,6,rgb_sar,0,2
0.63504183,6,rgb_sar,0,2
0.59021366,6,rgb_sar,0,2
0.5984291,6,rgb_sar,0,2
0.61497,6,rgb_sar,0,2
0.65018964,6,rgb_sar,0,2
0.7336534,6,rgb_sar,0,2
0.63711405,6,rgb_sar,0,2
0.5996803,6,rgb_sar,0,2
0.617365,6,rgb_sar,0,2
0.6181849,6,rgb_sar,0,2
0.6124531,6,rgb_sar,0,2
0.717396,6,rgb_sar,0,2
0.64908665,6,rgb_sar,0,2
0.62989795,6,rgb_sar,0,2
0.6398889,6,rgb_sar,0,2
0.6458673,6,rgb_sar,0,2
0.6205579,6,rgb_sar,0,2
0.7108629,6,rgb_sar,0,2
0.5483838,6,rgb_sar,0,2
0.57402354,6,rgb_sar,0,2
0.56538165,6,rgb_sar,0,2
0.6144972,6,rgb_sar,0,2
0.63137674,6,rgb_sar,0,2
0.63483167,6,rgb_sar,0,2
0.7188698,6,rgb_sar,0,2
0.5765879,6,rgb_sar,0,2
0.59742886,6,rgb_sar,0,2
0.5979314,6,rgb_sar,0,2
0.644426,6,rgb_sar,0,2
0.6263218,6,rgb_sar,0,2
0.70022756,6,rgb_sar,0,2
0.55748075,6,rgb_sar,0,2
0.5887307,6,rgb_sar,0,2
0.6135795,6,rgb_sar,0,2
0.6478511,6,rgb_sar,0,2
0.63010395,6,rgb_sar,0,2
0.7096165,6,rgb_sar,0,2
0.56269324,6,rgb_sar,0,2
0.59842837,6,rgb_sar,0,2
0.60263467,6,rgb_sar,0,2
0.6424155,6,rgb_sar,0,2
0.64259756,6,rgb_sar,0,2
0.70158273,6,rgb_sar,0,2
0.63289297,6,rgb_sar,0,2
0.62585115,6,rgb_sar,0,2
0.6511222,6,rgb_sar,0,2
0.67636883,6,rgb_sar,0,2
0.72029614,6,rgb_sar,0,2
0.5822929,6,rgb_sar,0,2
0.6123154,6,rgb_sar,0,2
0.603804,6,rgb_sar,0,2
0.62931025,6,rgb_sar,0,2
0.6598204,6,rgb_sar,0,2
0.72178125,6,rgb_sar,0,2
0.5998625,6,rgb_sar,0,2
0.56758285,6,rgb_sar,0,2
0.5804082,6,rgb_sar,0,2
0.57464087,6,rgb_sar,0,2
0.6909377,6,rgb_sar,0,2
0.5931281,6,rgb_sar,0,2
0.5560753,6,rgb_sar,0,2
0.5859304,6,rgb_sar,0,2
0.62016034,6,rgb_sar,0,2
0.71375155,6,rgb_sar,0,2
0.6399427,2,rgb_sar,0,2
0.61832017,2,rgb_sar,0,2
0.6168572,2,rgb_sar,0,2
0.5677345,2,rgb_sar,0,2
0.56205857,2,rgb_sar,0,2
0.53940463,2,rgb_sar,0,2
0.5403197,2,rgb_sar,0,2
0.54729736,2,rgb_sar,0,2
0.54614305,2,rgb_sar,0,2
0.51910007,2,rgb_sar,0,2
0.40559277,2,rgb_sar,0,2
0.44967014,2,rgb_sar,0,2
0.5943613,2,rgb_sar,0,2
0.5607741,2,rgb_sar,0,2
0.41021103,2,rgb_sar,0,2
0.3640399,2,rgb_sar,0,2
0.615636,2,rgb_sar,0,2
0.5807884,2,rgb_sar,0,2
0.3772505,2,rgb_sar,0,2
0.28638202,2,rgb_sar,0,2
0.37538487,2,rgb_sar,0,2
0.33954197,2,rgb_sar,0,2
0.54379964,2,rgb_sar,0,2
0.36083806,2,rgb_sar,0,2
0.3122434,2,rgb_sar,0,2
0.3694499,2,rgb_sar,0,2
0.39015466,2,rgb_sar,0,2
0.8344494,6,rgb_sar,0,2
0.8309692,6,rgb_sar,0,2
0.82449126,6,rgb_sar,0,2
0.8269042,6,rgb_sar,0,2
0.830068,6,rgb_sar,0,2
0.815069,6,rgb_sar,0,2
0.8099121,6,rgb_sar,0,2
0.70228875,6,rgb_sar,0,2
0.7000065,6,rgb_sar,0,2
0.70320153,6,rgb_sar,0,2
0.71107197,6,rgb_sar,0,2
0.69389933,6,rgb_sar,0,2
0.69652283,6,rgb_sar,0,2
0.6985094,6,rgb_sar,0,2
0.64143276,6,rgb_sar,0,2
0.6608085,6,rgb_sar,0,2
0.6437719,6,rgb_sar,0,2
0.61383414,6,rgb_sar,0,2
0.6242033,6,rgb_sar,0,2
0.63603836,6,rgb_sar,0,2
0.61539286,6,rgb_sar,0,2
0.6290169,6,rgb_sar,0,2
0.64247686,6,rgb_sar,0,2
0.6157451,6,rgb_sar,0,2
0.6261326,6,rgb_sar,0,2
0.62073755,6,rgb_sar,0,2
0.61965954,6,rgb_sar,0,2
0.63888156,6,rgb_sar,0,2
0.6177416,6,rgb_sar,0,2
0.6391043,6,rgb_sar,0,2
0.6340999,6,rgb_sar,0,2
0.61356825,6,rgb_sar,0,2
0.60567665,6,rgb_sar,0,2
0.6376177,6,rgb_sar,0,2
0.6605005,6,rgb_sar,0,2
0.6745794,6,rgb_sar,0,2
0.59017426,6,rgb_sar,0,2
0.5926696,6,rgb_sar,0,2
0.6027248,6,rgb_sar,0,2
0.6059823,6,rgb_sar,0,2
0.6084169,6,rgb_sar,0,2
0.5911416,6,rgb_sar,0,2
0.60501015,6,rgb_sar,0,2
0.63874084,6,rgb_sar,0,2
0.6433755,6,rgb_sar,0,2
0.61524534,6,rgb_sar,0,2
0.6373898,6,rgb_sar,0,2
0.60561883,6,rgb_sar,0,2
0.6176505,6,rgb_sar,0,2
0.6038069,6,rgb_sar,0,2
0.61365473,6,rgb_sar,0,2
0.6394015,6,rgb_sar,0,2
0.6489901,6,rgb_sar,0,2
0.65107524,6,rgb_sar,0,2
0.5978287,6,rgb_sar,0,2
0.6099349,6,rgb_sar,0,2
0.6025038,6,rgb_sar,0,2
0.6030636,6,rgb_sar,0,2
0.60901266,6,rgb_sar,0,2
0.62091887,6,rgb_sar,0,2
0.666013,6,rgb_sar,0,2
0.66612685,6,rgb_sar,0,2
0.63849473,6,rgb_sar,0,2
0.6127069,6,rgb_sar,0,2
0.620364,6,rgb_sar,0,2
0.6348933,6,rgb_sar,0,2
0.64548635,6,rgb_sar,0,2
0.64296883,6,rgb_sar,0,2
0.6310725,6,rgb_sar,0,2
0.6639176,6,rgb_sar,0,2
0.6935366,6,rgb_sar,0,2
0.6754473,6,rgb_sar,0,2
0.6252967,6,rgb_sar,0,2
0.6674611,6,rgb_sar,0,2
0.67908394,6,rgb_sar,0,2
0.67235076,6,rgb_sar,0,2
0.6736636,6,rgb_sar,0,2
0.6727679,6,rgb_sar,0,2
0.6820642,6,rgb_sar,0,2
0.66868997,6,rgb_sar,0,2
0.66943085,6,rgb_sar,0,2
0.60744035,6,rgb_sar,0,2
0.6191509,6,rgb_sar,0,2
0.6452209,6,rgb_sar,0,2
0.66991496,6,rgb_sar,0,2
0.7205796,6,rgb_sar,0,2
0.7040705,6,rgb_sar,0,2
0.68843126,6,rgb_sar,0,2
0.67867494,6,rgb_sar,0,2
0.6339833,6,rgb_sar,0,2
0.6150292,6,rgb_sar,0,2
0.6185262,6,rgb_sar,0,2
0.642118,6,rgb_sar,0,2
0.6778585,6,rgb_sar,0,2
0.6814476,6,rgb_sar,0,2
0.647608,6,rgb_sar,0,2
0.6179112,6,rgb_sar,0,2
0.62131274,6,rgb_sar,0,2
0.6297699,6,rgb_sar,0,2
0.6072334,6,rgb_sar,0,2
0.62124324,6,rgb_sar,0,2
0.6703069,6,rgb_sar,0,2
0.6730609,6,rgb_sar,0,2
0.6316396,6,rgb_sar,0,2
0.6291039,6,rgb_sar,0,2
0.61953545,6,rgb_sar,0,2
0.6217803,6,rgb_sar,0,2
0.6157801,6,rgb_sar,0,2
0.5936462,6,rgb_sar,0,2
0.5549935,2,rgb_sar,0,2
0.5274646,2,rgb_sar,0,2
0.54838276,2,rgb_sar,0,2
0.5048493,2,rgb_sar,0,2
0.50931716,2,rgb_sar,0,2
0.45738515,2,rgb_sar,0,2
0.4759948,2,rgb_sar,0,2
0.47926036,2,rgb_sar,0,2
0.5012204,2,rgb_sar,0,2
0.43496633,2,rgb_sar,0,2
0.38315475,2,rgb_sar,0,2
0.388577,2,rgb_sar,0,2
0.55159706,2,rgb_sar,0,2
0.452301,2,rgb_sar,0,2
0.38393927,2,rgb_sar,0,2
0.38113308,2,rgb_sar,0,2
0.59957874,2,rgb_sar,0,2
0.54541385,2,rgb_sar,0,2
0.3908989,2,rgb_sar,0,2
0.39123872,2,rgb_sar,0,2
0.4080907,2,rgb_sar,0,2
0.45766735,2,rgb_sar,0,2
0.5778302,2,rgb_sar,0,2
0.42981732,2,rgb_sar,0,2
0.42378253,2,rgb_sar,0,2
0.38389957,2,rgb_sar,0,2
0.40184224,2,rgb_sar,0,2
0.88344157,6,rgb_sar,0,2
0.8413164,6,rgb_sar,0,2
0.76925075,6,rgb_sar,0,2
0.7176224,6,rgb_sar,0,2
0.69091314,6,rgb_sar,0,2
0.7146858,6,rgb_sar,0,2
0.74061763,6,rgb_sar,0,2
0.63794667,6,rgb_sar,0,2
0.678006,6,rgb_sar,0,2
0.5472771,6,rgb_sar,0,2
0.6714129,6,rgb_sar,0,2
0.5757978,6,rgb_sar,0,2
0.5980962,6,rgb_sar,0,2
0.69692135,6,rgb_sar,0,2
0.59992146,6,rgb_sar,0,2
0.6055537,6,rgb_sar,0,2
0.7143004,6,rgb_sar,0,2
0.58431274,6,rgb_sar,0,2
0.566723,6,rgb_sar,0,2
0.74648404,6,rgb_sar,0,2
0.6184401,6,rgb_sar,0,2
0.59320796,6,rgb_sar,0,2
0.62232107,6,rgb_sar,0,2
0.7310674,6,rgb_sar,0,2
0.60355526,6,rgb_sar,0,2
0.6188963,6,rgb_sar,0,2
0.6150817,6,rgb_sar,0,2
0.7398832,6,rgb_sar,0,2
0.63142014,6,rgb_sar,0,2
0.6254645,6,rgb_sar,0,2
0.60806495,6,rgb_sar,0,2
0.74193966,6,rgb_sar,0,2
0.6707498,6,rgb_sar,0,2
0.64262766,6,rgb_sar,0,2
0.617324,6,rgb_sar,0,2
0.661445,2,rgb_sar,0,2
0.6338189,2,rgb_sar,0,2
0.69693446,2,rgb_sar,0,2
0.6433567,2,rgb_sar,0,2
0.6593079,2,rgb_sar,0,2
0.59852445,2,rgb_sar,0,2
0.5387027,2,rgb_sar,0,2
0.55218625,2,rgb_sar,0,2
0.55954885,2,rgb_sar,0,2
0.49435097,2,rgb_sar,0,2
0.41630244,2,rgb_sar,0,2
0.48221004,2,rgb_sar,0,2
0.55262744,2,rgb_sar,0,2
0.48899585,2,rgb_sar,0,2
0.3733925,2,rgb_sar,0,2
0.45864657,2,rgb_sar,0,2
0.57207,2,rgb_sar,0,2
0.49188158,2,rgb_sar,0,2
0.3337763,2,rgb_sar,0,2
0.4343166,2,rgb_sar,0,2
0.44861388,2,rgb_sar,0,2
0.47417474,2,rgb_sar,0,2
0.48245767,2,rgb_sar,0,2
0.32442456,2,rgb_sar,0,2
0.4106133,2,rgb_sar,0,2
0.4329403,2,rgb_sar,0,2
0.46748507,2,rgb_sar,0,2
0.67075896,2,rgb_sar,0,2
0.67816156,2,rgb_sar,0,2
0.64923847,2,rgb_sar,0,2
0.64263844,2,rgb_sar,0,2
0.6668875,2,rgb_sar,0,2
0.61469924,2,rgb_sar,0,2
0.5981971,2,rgb_sar,0,2
0.624673,2,rgb_sar,0,2
0.6288731,2,rgb_sar,0,2
0.5512059,2,rgb_sar,0,2
0.557376,2,rgb_sar,0,2
0.63810736,2,rgb_sar,0,2
0.64248896,2,rgb_sar,0,2
0.5827087,2,rgb_sar,0,2
0.5459539,2,rgb_sar,0,2
0.5746443,2,rgb_sar,0,2
0.6667099,2,rgb_sar,0,2
0.59602433,2,rgb_sar,0,2
0.52359474,2,rgb_sar,0,2
0.4953601,2,rgb_sar,0,2
0.5400003,2,rgb_sar,0,2
0.53515553,2,rgb_sar,0,2
0.5727254,2,rgb_sar,0,2
0.5129216,2,rgb_sar,0,2
0.45532185,2,rgb_sar,0,2
0.45363533,2,rgb_sar,0,2
0.4524377,2,rgb_sar,0,2
0.6894269,2,rgb_sar,0,2
0.59529316,2,rgb_sar,0,2
0.6933926,2,rgb_sar,0,2
0.51161397,2,rgb_sar,0,2
0.52848965,2,rgb_sar,0,2
0.54295504,2,rgb_sar,0,2
0.54432976,2,rgb_sar,0,2
0.5503831,2,rgb_sar,0,2
0.5494082,2,rgb_sar,0,2
0.5495119,2,rgb_sar,0,2
0.51811254,2,rgb_sar,0,2
0.5256957,2,rgb_sar,0,2
0.52491826,2,rgb_sar,0,2
0.51887745,2,rgb_sar,0,2
0.47761413,2,rgb_sar,0,2
0.54152924,2,rgb_sar,0,2
0.57820183,2,rgb_sar,0,2
0.5885675,2,rgb_sar,0,2
0.57806104,2,rgb_sar,0,2
0.5566841,2,rgb_sar,0,2
0.5262537,2,rgb_sar,0,2
0.51764107,2,rgb_sar,0,2
0.531422,2,rgb_sar,0,2
0.52092385,2,rgb_sar,0,2
0.5060146,2,rgb_sar,0,2
0.53489053,2,rgb_sar,0,2
0.52662885,2,rgb_sar,0,2
0.516583,2,rgb_sar,0,2
0.5416543,2,rgb_sar,0,2
0.5789283,2,rgb_sar,0,2
0.6271914,2,rgb_sar,0,2
0.5770891,2,rgb_sar,0,2
0.5067208,2,rgb_sar,0,2
0.57279134,2,rgb_sar,0,2
0.51069796,2,rgb_sar,0,2
0.48576123,2,rgb_sar,0,2
0.51729965,2,rgb_sar,0,2
0.61820316,2,rgb_sar,0,2
0.64101285,2,rgb_sar,0,2
0.56693095,2,rgb_sar,0,2
0.49186155,2,rgb_sar,0,2
0.6419376,2,rgb_sar,0,2
0.601009,2,rgb_sar,0,2
0.60468376,2,rgb_sar,0,2
0.49419394,2,rgb_sar,0,2
0.46977958,2,rgb_sar,0,2
0.43359852,2,rgb_sar,0,2
0.5244137,2,rgb_sar,0,2
0.5986922,2,rgb_sar,0,2
0.6110219,2,rgb_sar,0,2
0.5713018,2,rgb_sar,0,2
0.5925181,2,rgb_sar,0,2
0.49650037,2,rgb_sar,0,2
0.49137476,2,rgb_sar,0,2
0.46487328,2,rgb_sar,0,2
0.51322377,2,rgb_sar,0,2
0.5809613,2,rgb_sar,0,2
0.5921987,2,rgb_sar,0,2
0.48760217,2,rgb_sar,0,2
0.5919671,2,rgb_sar,0,2
0.5154268,2,rgb_sar,0,2
0.5352905,2,rgb_sar,0,2
0.4970906,2,rgb_sar,0,2
0.5288261,2,rgb_sar,0,2
0.4999327,2,rgb_sar,0,2
0.47800362,2,rgb_sar,0,2
0.47370973,2,rgb_sar,0,2
0.47577262,2,rgb_sar,0,2
0.49644724,2,rgb_sar,0,2
0.5652069,2,rgb_sar,0,2
0.6143421,2,rgb_sar,0,2
0.5465823,2,rgb_sar,0,2
0.516934,2,rgb_sar,0,2
0.4539353,2,rgb_sar,0,2
0.48043138,2,rgb_sar,0,2
0.43284377,2,rgb_sar,0,2
0.42482758,2,rgb_sar,0,2
0.4586236,2,rgb_sar,0,2
0.48553893,2,rgb_sar,0,2
0.47705966,2,rgb_sar,0,2
0.6097593,2,rgb_sar,0,2
0.6253027,2,rgb_sar,0,2
0.6055798,2,rgb_sar,0,2
0.6030385,2,rgb_sar,0,2
0.51658565,2,rgb_sar,0,2
0.49114758,2,rgb_sar,0,2
0.4396289,2,rgb_sar,0,2
0.49225622,2,rgb_sar,0,2
0.38791317,2,rgb_sar,0,2
0.41079748,2,rgb_sar,0,2
0.45649755,2,rgb_sar,0,2
0.49036402,2,rgb_sar,0,2
0.48798233,2,rgb_sar,0,2
0.6215178,2,rgb_sar,0,2
0.6452175,2,rgb_sar,0,2
0.6157831,2,rgb_sar,0,2
0.5810523,2,rgb_sar,0,2
0.51362437,2,rgb_sar,0,2
0.49048778,2,rgb_sar,0,2
0.449192,2,rgb_sar,0,2
0.5026889,2,rgb_sar,0,2
0.42904863,2,rgb_sar,0,2
0.43713182,2,rgb_sar,0,2
0.45967114,2,rgb_sar,0,2
0.44265103,2,rgb_sar,0,2
0.46045446,2,rgb_sar,0,2
0.59019005,2,rgb_sar,0,2
0.59543896,2,rgb_sar,0,2
0.5554747,2,rgb_sar,0,2
0.54132897,2,rgb_sar,0,2
0.5695051,2,rgb_sar,0,2
0.54179454,2,rgb_sar,0,2
0.45266017,2,rgb_sar,0,2
0.4908674,2,rgb_sar,0,2
0.5071411,2,rgb_sar,0,2
0.51504713,2,rgb_sar,0,2
0.49419755,2,rgb_sar,0,2
0.4963225,2,rgb_sar,0,2
0.55721664,2,rgb_sar,0,2
0.45066074,2,rgb_sar,0,2
0.43450505,2,rgb_sar,0,2
0.6103171,2,rgb_sar,0,2
0.60285145,2,rgb_sar,0,2
0.5757924,2,rgb_sar,0,2
0.56419003,2,rgb_sar,0,2
0.64425564,2,rgb_sar,0,2
0.6477401,2,rgb_sar,0,2
0.49366003,2,rgb_sar,0,2
0.5135006,2,rgb_sar,0,2
0.60182,2,rgb_sar,0,2
0.59083116,2,rgb_sar,0,2
0.5492386,2,rgb_sar,0,2
0.5491291,2,rgb_sar,0,2
0.5897069,2,rgb_sar,0,2
0.53874797,2,rgb_sar,0,2
0.46749467,2,rgb_sar,0,2
0.47770703,2,rgb_sar,0,2
0.5131869,2,rgb_sar,0,2
0.4966365,2,rgb_sar,0,2
0.5416825,2,rgb_sar,0,2
0.6297043,2,rgb_sar,0,2
0.5314642,2,rgb_sar,0,2
0.49979463,2,rgb_sar,0,2
0.5014744,2,rgb_sar,0,2
0.52914023,2,rgb_sar,0,2
0.5373485,2,rgb_sar,0,2
0.5051304,2,rgb_sar,0,2
0.6638826,2,rgb_sar,0,2
0.53760433,2,rgb_sar,0,2
0.5030608,2,rgb_sar,0,2
0.496896,2,rgb_sar,0,2
0.533903,2,rgb_sar,0,2
0.5259587,2,rgb_sar,0,2
0.5261071,2,rgb_sar,0,2
0.5710476,2,rgb_sar,0,2
0.5701324,2,rgb_sar,0,2
0.50990105,2,rgb_sar,0,2
0.5037861,2,rgb_sar,0,2
0.53005934,2,rgb_sar,0,2
0.56902087,2,rgb_sar,0,2
0.58774,2,rgb_sar,0,2
0.5965474,2,rgb_sar,0,2
0.6072147,2,rgb_sar,0,2
0.5380187,2,rgb_sar,0,2
0.5056206,2,rgb_sar,0,2
0.48913285,2,rgb_sar,0,2
0.5132823,2,rgb_sar,0,2
0.5794233,2,rgb_sar,0,2
0.58896923,2,rgb_sar,0,2
0.578483,2,rgb_sar,0,2
0.55283755,2,rgb_sar,0,2
0.6126982,2,rgb_sar,0,2
0.53843296,2,rgb_sar,0,2
0.54241884,2,rgb_sar,0,2
0.5229655,2,rgb_sar,0,2
0.52821815,2,rgb_sar,0,2
0.50710875,2,rgb_sar,0,2
0.551469,2,rgb_sar,0,2
0.5940039,2,rgb_sar,0,2
0.6436925,2,rgb_sar,0,2
0.58614093,2,rgb_sar,0,2
0.52567226,2,rgb_sar,0,2
0.50453633,2,rgb_sar,0,2
0.54948866,2,rgb_sar,0,2
0.52314425,2,rgb_sar,0,2
0.5621965,2,rgb_sar,0,2
0.5542115,2,rgb_sar,0,2
0.51937985,2,rgb_sar,0,2
0.46707466,2,rgb_sar,0,2
0.53875154,2,rgb_sar,0,2
0.537585,2,rgb_sar,0,2
0.59124136,2,rgb_sar,0,2
0.5325389,2,rgb_sar,0,2
0.5466873,2,rgb_sar,0,2
0.52667767,2,rgb_sar,0,2
0.47497177,2,rgb_sar,0,2
0.44929278,2,rgb_sar,0,2
0.4602851,2,rgb_sar,0,2
0.48486423,2,rgb_sar,0,2
0.577665,2,rgb_sar,0,2
0.561257,2,rgb_sar,0,2
0.54211056,2,rgb_sar,0,2
0.5644575,2,rgb_sar,0,2
0.5001008,2,rgb_sar,0,2
0.5199466,2,rgb_sar,0,2
0.49200597,2,rgb_sar,0,2
0.41331995,2,rgb_sar,0,2
0.44457328,2,rgb_sar,0,2
0.48816907,2,rgb_sar,0,2
0.49278253,2,rgb_sar,0,2
0.6804186,2,rgb_sar,0,2
0.60093164,2,rgb_sar,0,2
0.59303105,2,rgb_sar,0,2
0.6072168,2,rgb_sar,0,2
0.550252,2,rgb_sar,0,2
0.5074575,2,rgb_sar,0,2
0.4940231,2,rgb_sar,0,2
0.5028117,2,rgb_sar,0,2
0.42643964,2,rgb_sar,0,2
0.40381113,2,rgb_sar,0,2
0.4575293,2,rgb_sar,0,2
0.5022515,2,rgb_sar,0,2
0.52548724,2,rgb_sar,0,2
0.7175394,2,rgb_sar,0,2
0.6166104,2,rgb_sar,0,2
0.5940672,2,rgb_sar,0,2
0.60600865,2,rgb_sar,0,2
0.5606452,2,rgb_sar,0,2
0.493743,2,rgb_sar,0,2
0.49500176,2,rgb_sar,0,2
0.533361,2,rgb_sar,0,2
0.47536892,2,rgb_sar,0,2
0.4494093,2,rgb_sar,0,2
0.46701902,2,rgb_sar,0,2
0.46750093,2,rgb_sar,0,2
0.50817454,2,rgb_sar,0,2
0.77382016,2,rgb_sar,0,2
0.7207841,2,rgb_sar,0,2
0.6733278,2,rgb_sar,0,2
0.6545644,2,rgb_sar,0,2
0.63037086,2,rgb_sar,0,2
0.5838614,2,rgb_sar,0,2
0.56101614,2,rgb_sar,0,2
0.57234365,2,rgb_sar,0,2
0.5525087,2,rgb_sar,0,2
0.5737806,2,rgb_sar,0,2
0.58825266,2,rgb_sar,0,2
0.58690304,2,rgb_sar,0,2
0.5591428,2,rgb_sar,0,2
0.5787374,2,rgb_sar,0,2
0.59426,2,rgb_sar,0,2
0.82343924,2,rgb_sar,0,2
0.74425,2,rgb_sar,0,2
0.70525944,2,rgb_sar,0,2
0.72225857,2,rgb_sar,0,2
0.70059603,2,rgb_sar,0,2
0.67048323,2,rgb_sar,0,2
0.6635582,2,rgb_sar,0,2
0.69673043,2,rgb_sar,0,2
0.65938854,2,rgb_sar,0,2
0.6468107,2,rgb_sar,0,2
0.66350925,2,rgb_sar,0,2
0.65047157,2,rgb_sar,0,2
0.58587426,2,rgb_sar,0,2
0.6006156,2,rgb_sar,0,2
0.6062101,2,rgb_sar,0,2
0.30398768,7,rgb_sar,0,2
0.22638729,7,rgb_sar,0,2
0.3223166,7,rgb_sar,0,2
0.3706492,7,rgb_sar,0,2
0.35287046,7,rgb_sar,0,2
0.4210192,7,rgb_sar,0,2
0.33771962,7,rgb_sar,0,2
0.42892322,7,rgb_sar,0,2
0.44400036,7,rgb_sar,0,2
0.4453987,7,rgb_sar,0,2
0.41391706,7,rgb_sar,0,2
0.42997012,7,rgb_sar,0,2
0.377445,7,rgb_sar,0,2
0.38547274,7,rgb_sar,0,2
0.44310677,7,rgb_sar,0,2
0.3782186,7,rgb_sar,0,2
0.31662488,7,rgb_sar,0,2
0.3303051,7,rgb_sar,0,2
0.42148262,7,rgb_sar,0,2
0.4544156,7,rgb_sar,0,2
0.5248835,7,rgb_sar,0,2
0.5361918,7,rgb_sar,0,2
0.49473268,7,rgb_sar,0,2
0.44157922,7,rgb_sar,0,2
0.4442469,7,rgb_sar,0,2
0.44264793,7,rgb_sar,0,2
0.36086404,7,rgb_sar,0,2
0.3846404,7,rgb_sar,0,2
0.3189409,7,rgb_sar,0,2
0.2615804,7,rgb_sar,0,2
0.32437676,7,rgb_sar,0,2
0.4360977,7,rgb_sar,0,2
0.4560872,7,rgb_sar,0,2
0.5207367,7,rgb_sar,0,2
0.50815296,7,rgb_sar,0,2
0.4405496,7,rgb_sar,0,2
0.36208618,7,rgb_sar,0,2
0.3548482,7,rgb_sar,0,2
0.38667053,7,rgb_sar,0,2
0.3831156,7,rgb_sar,0,2
0.3390097,7,rgb_sar,0,2
0.377383,7,rgb_sar,0,2
0.5052093,7,rgb_sar,0,2
0.41622213,7,rgb_sar,0,2
0.36949036,7,rgb_sar,0,2
0.33204067,7,rgb_sar,0,2
0.3652445,7,rgb_sar,0,2
0.40702927,7,rgb_sar,0,2
0.4353755,7,rgb_sar,0,2
0.4167872,7,rgb_sar,0,2
0.4135896,7,rgb_sar,0,2
0.4010728,7,rgb_sar,0,2
0.40895078,7,rgb_sar,0,2
0.43140972,7,rgb_sar,0,2
0.3631702,7,rgb_sar,0,2
0.47208282,7,rgb_sar,0,2
0.50496614,7,rgb_sar,0,2
0.49845266,7,rgb_sar,0,2
0.50723135,7,rgb_sar,0,2
0.4981222,7,rgb_sar,0,2
0.42537606,7,rgb_sar,0,2
0.35453257,7,rgb_sar,0,2
0.30653867,7,rgb_sar,0,2
0.27400744,7,rgb_sar,0,2
0.24337533,7,rgb_sar,0,2
0.3008704,7,rgb_sar,0,2
0.339549,7,rgb_sar,0,2
0.2914509,7,rgb_sar,0,2
0.2984922,7,rgb_sar,0,2
0.27045524,7,rgb_sar,0,2
0.31816524,7,rgb_sar,0,2
0.31633162,7,rgb_sar,0,2
0.26548725,7,rgb_sar,0,2
0.34714273,7,rgb_sar,0,2
0.3428818,7,rgb_sar,0,2
0.35389483,7,rgb_sar,0,2
0.34807852,7,rgb_sar,0,2
0.347071,7,rgb_sar,0,2
0.3103864,7,rgb_sar,0,2
0.2922889,7,rgb_sar,0,2
0.2688074,7,rgb_sar,0,2
0.33039987,7,rgb_sar,0,2
0.3049808,7,rgb_sar,0,2
0.29009646,7,rgb_sar,0,2
0.31799108,7,rgb_sar,0,2
0.40431434,7,rgb_sar,0,2
0.36247563,7,rgb_sar,0,2
0.3170801,7,rgb_sar,0,2
0.3252889,7,rgb_sar,0,2
0.33801293,7,rgb_sar,0,2
0.33116505,7,rgb_sar,0,2
0.29846933,7,rgb_sar,0,2
0.26763076,7,rgb_sar,0,2
0.2774058,7,rgb_sar,0,2
0.3287173,7,rgb_sar,0,2
0.29898268,7,rgb_sar,0,2
0.35878527,7,rgb_sar,0,2
0.38067633,7,rgb_sar,0,2
0.35891318,7,rgb_sar,0,2
0.34130746,7,rgb_sar,0,2
0.36603326,7,rgb_sar,0,2
0.3722849,7,rgb_sar,0,2
0.3530457,7,rgb_sar,0,2
0.37150604,7,rgb_sar,0,2
0.33757257,7,rgb_sar,0,2
0.33628207,7,rgb_sar,0,2
0.3628975,7,rgb_sar,0,2
0.35989425,7,rgb_sar,0,2
0.38471135,7,rgb_sar,0,2
0.3864258,7,rgb_sar,0,2
0.35382068,7,rgb_sar,0,2
0.31844068,7,rgb_sar,0,2
0.35357228,7,rgb_sar,0,2
0.4084577,7,rgb_sar,0,2
0.36629492,7,rgb_sar,0,2
0.35430783,7,rgb_sar,0,2
0.37569746,7,rgb_sar,0,2
0.3691156,7,rgb_sar,0,2
0.4238713,7,rgb_sar,0,2
0.45805323,7,rgb_sar,0,2
0.37660578,7,rgb_sar,0,2
0.42855534,7,rgb_sar,0,2
0.6724111,2,rgb_sar,0,2
0.63320494,2,rgb_sar,0,2
0.6820662,2,rgb_sar,0,2
0.4491705,2,rgb_sar,0,2
0.49034902,2,rgb_sar,0,2
0.48136345,2,rgb_sar,0,2
0.49878824,2,rgb_sar,0,2
0.6025312,2,rgb_sar,0,2
0.5652999,2,rgb_sar,0,2
0.55097026,2,rgb_sar,0,2
0.57089823,2,rgb_sar,0,2
0.547329,2,rgb_sar,0,2
0.5387752,2,rgb_sar,0,2
0.59004647,2,rgb_sar,0,2
0.6426565,2,rgb_sar,0,2
0.62674296,2,rgb_sar,0,2
0.59173006,2,rgb_sar,0,2
0.5566291,2,rgb_sar,0,2
0.531793,2,rgb_sar,0,2
0.5584842,2,rgb_sar,0,2
0.55079275,2,rgb_sar,0,2
0.5448627,2,rgb_sar,0,2
0.560931,2,rgb_sar,0,2
0.59105295,2,rgb_sar,0,2
0.55524135,2,rgb_sar,0,2
0.6110908,2,rgb_sar,0,2
0.56922376,2,rgb_sar,0,2
0.54834604,2,rgb_sar,0,2
0.5468771,2,rgb_sar,0,2
0.5544896,2,rgb_sar,0,2
0.5429465,2,rgb_sar,0,2
0.503343,2,rgb_sar,0,2
0.44467622,2,rgb_sar,0,2
0.5311754,2,rgb_sar,0,2
0.5502511,2,rgb_sar,0,2
0.56010485,2,rgb_sar,0,2
0.54584354,2,rgb_sar,0,2
0.55227023,2,rgb_sar,0,2
0.57171124,2,rgb_sar,0,2
0.5777538,2,rgb_sar,0,2
0.5464059,2,rgb_sar,0,2
0.54076064,2,rgb_sar,0,2
0.54437125,2,rgb_sar,0,2
0.5732086,2,rgb_sar,0,2
0.5257095,2,rgb_sar,0,2
0.5264106,2,rgb_sar,0,2
0.5888506,2,rgb_sar,0,2
0.5918664,2,rgb_sar,0,2
0.54472935,2,rgb_sar,0,2
0.5527236,2,rgb_sar,0,2
0.5132867,2,rgb_sar,0,2
0.5397204,2,rgb_sar,0,2
0.505309,2,rgb_sar,0,2
0.49548852,2,rgb_sar,0,2
0.5634888,2,rgb_sar,0,2
0.58440673,2,rgb_sar,0,2
0.4962981,2,rgb_sar,0,2
0.47603625,2,rgb_sar,0,2
0.523777,2,rgb_sar,0,2
0.56631196,2,rgb_sar,0,2
0.48806643,2,rgb_sar,0,2
0.41848257,2,rgb_sar,0,2
0.4286608,2,rgb_sar,0,2
0.45018473,2,rgb_sar,0,2
0.4497533,2,rgb_sar,0,2
0.4556452,2,rgb_sar,0,2
0.51750743,2,rgb_sar,0,2
0.52832794,2,rgb_sar,0,2
0.53057885,2,rgb_sar,0,2
0.54142076,2,rgb_sar,0,2
0.56046885,2,rgb_sar,0,2
0.47523946,2,rgb_sar,0,2
0.38712862,2,rgb_sar,0,2
0.4186375,2,rgb_sar,0,2
0.47402364,2,rgb_sar,0,2
0.50749815,2,rgb_sar,0,2
0.4979217,2,rgb_sar,0,2
0.5176601,2,rgb_sar,0,2
0.51151025,2,rgb_sar,0,2
0.515403,2,rgb_sar,0,2
0.58261096,2,rgb_sar,0,2
0.5350673,2,rgb_sar,0,2
0.5161972,2,rgb_sar,0,2
0.5206759,2,rgb_sar,0,2
0.45397314,2,rgb_sar,0,2
0.362114,2,rgb_sar,0,2
0.40638685,2,rgb_sar,0,2
0.46613103,2,rgb_sar,0,2
0.55552316,2,rgb_sar,0,2
0.5347676,2,rgb_sar,0,2
0.52469766,2,rgb_sar,0,2
0.49852443,2,rgb_sar,0,2
0.51823485,2,rgb_sar,0,2
0.5629664,2,rgb_sar,0,2
0.50451475,2,rgb_sar,0,2
0.5321721,2,rgb_sar,0,2
0.56396127,2,rgb_sar,0,2
0.5437766,2,rgb_sar,0,2
0.47410467,2,rgb_sar,0,2
0.44974944,2,rgb_sar,0,2
0.46044832,2,rgb_sar,0,2
0.50306296,2,rgb_sar,0,2
0.5049622,2,rgb_sar,0,2
0.5220911,2,rgb_sar,0,2
0.50209296,2,rgb_sar,0,2
0.51212853,2,rgb_sar,0,2
0.517804,2,rgb_sar,0,2
0.4658559,2,rgb_sar,0,2
0.55589676,2,rgb_sar,0,2
0.59844166,2,rgb_sar,0,2
0.62615854,2,rgb_sar,0,2
0.560938,2,rgb_sar,0,2
0.45344207,2,rgb_sar,0,2
0.45357174,2,rgb_sar,0,2
0.4384787,2,rgb_sar,0,2
0.42878404,2,rgb_sar,0,2
0.4422819,2,rgb_sar,0,2
0.44050354,2,rgb_sar,0,2
0.5262723,2,rgb_sar,0,2
0.4833537,2,rgb_sar,0,2
0.44678277,2,rgb_sar,0,2
0.47407946,2,rgb_sar,0,2
0.434093,2,rgb_sar,0,2
0.53377265,2,rgb_sar,0,2
0.5777107,2,rgb_sar,0,2
0.5716555,2,rgb_sar,0,2
0.51780134,2,rgb_sar,0,2
0.46663782,2,rgb_sar,0,2
0.4977404,2,rgb_sar,0,2
0.46308994,2,rgb_sar,0,2
0.45234782,2,rgb_sar,0,2
0.4597857,2,rgb_sar,0,2
0.46651155,2,rgb_sar,0,2
0.51042217,2,rgb_sar,0,2
0.46286035,2,rgb_sar,0,2
0.4691128,2,rgb_sar,0,2
0.43931973,2,rgb_sar,0,2
0.4158473,2,rgb_sar,0,2
0.5651386,2,rgb_sar,0,2
0.5996995,2,rgb_sar,0,2
0.53170145,2,rgb_sar,0,2
0.50605965,2,rgb_sar,0,2
0.5171815,2,rgb_sar,0,2
0.5190624,2,rgb_sar,0,2
0.54692054,2,rgb_sar,0,2
0.5170148,2,rgb_sar,0,2
0.51427007,2,rgb_sar,0,2
0.49698442,2,rgb_sar,0,2
0.4997394,2,rgb_sar,0,2
0.44125557,2,rgb_sar,0,2
0.50318605,2,rgb_sar,0,2
0.5004465,2,rgb_sar,0,2
0.5055667,2,rgb_sar,0,2
0.5294271,2,rgb_sar,0,2
0.45194593,2,rgb_sar,0,2
0.46822786,2,rgb_sar,0,2
0.4883651,2,rgb_sar,0,2
0.5026762,2,rgb_sar,0,2
0.48426762,2,rgb_sar,0,2
0.5230966,2,rgb_sar,0,2
0.46919113,2,rgb_sar,0,2
0.4429596,2,rgb_sar,0,2
0.40528014,2,rgb_sar,0,2
0.5194633,2,rgb_sar,0,2
0.58513343,2,rgb_sar,0,2
0.524076,2,rgb_sar,0,2
0.58375955,2,rgb_sar,0,2
0.6562264,2,rgb_sar,0,2
0.55132186,2,rgb_sar,0,2
0.52817845,2,rgb_sar,0,2
0.52905357,2,rgb_sar,0,2
0.55762994,2,rgb_sar,0,2
0.5621445,2,rgb_sar,0,2
0.5694004,2,rgb_sar,0,2
0.6734534,2,rgb_sar,0,2
0.5715046,2,rgb_sar,0,2
0.5659202,2,rgb_sar,0,2
0.5508009,2,rgb_sar,0,2
0.53364617,2,rgb_sar,0,2
0.54204184,2,rgb_sar,0,2
0.5898679,2,rgb_sar,0,2
0.6122149,2,rgb_sar,0,2
0.52207285,2,rgb_sar,0,2
0.50228333,2,rgb_sar,0,2
0.47352302,2,rgb_sar,0,2
0.5580137,2,rgb_sar,0,2
0.6172538,2,rgb_sar,0,2
0.6282856,2,rgb_sar,0,2
0.5891301,2,rgb_sar,0,2
0.5379567,2,rgb_sar,0,2
0.57932824,2,rgb_sar,0,2
0.51510227,2,rgb_sar,0,2
0.48098436,2,rgb_sar,0,2
0.54232395,2,rgb_sar,0,2
0.5765588,2,rgb_sar,0,2
0.6129178,2,rgb_sar,0,2
0.5961081,2,rgb_sar,0,2
0.56561434,2,rgb_sar,0,2
0.5597365,2,rgb_sar,0,2
0.5449376,2,rgb_sar,0,2
0.6038462,2,rgb_sar,0,2
0.5611981,2,rgb_sar,0,2
0.50710005,2,rgb_sar,0,2
0.5082084,2,rgb_sar,0,2
0.53848106,2,rgb_sar,0,2
0.5656821,2,rgb_sar,0,2
0.5699998,2,rgb_sar,0,2
0.5403136,2,rgb_sar,0,2
0.6085708,2,rgb_sar,0,2
0.5771866,2,rgb_sar,0,2
0.49077004,2,rgb_sar,0,2
0.51328456,2,rgb_sar,0,2
0.5401874,2,rgb_sar,0,2
0.53659254,2,rgb_sar,0,2
0.5322884,2,rgb_sar,0,2
0.5061852,2,rgb_sar,0,2
0.5876963,2,rgb_sar,0,2
0.51749504,2,rgb_sar,0,2
0.5095929,2,rgb_sar,0,2
0.49529505,2,rgb_sar,0,2
0.4816064,2,rgb_sar,0,2
0.38718128,2,rgb_sar,0,2
0.37604475,2,rgb_sar,0,2
0.42427242,2,rgb_sar,0,2
0.4435814,2,rgb_sar,0,2
0.50253767,2,rgb_sar,0,2
0.5898639,2,rgb_sar,0,2
0.58220756,2,rgb_sar,0,2
0.5457889,2,rgb_sar,0,2
0.5342873,2,rgb_sar,0,2
0.5086608,2,rgb_sar,0,2
0.44923836,2,rgb_sar,0,2
0.37214583,2,rgb_sar,0,2
0.37864214,2,rgb_sar,0,2
0.4511534,2,rgb_sar,0,2
0.4729262,2,rgb_sar,0,2
0.50474554,2,rgb_sar,0,2
0.67500544,2,rgb_sar,0,2
0.60087335,2,rgb_sar,0,2
0.57349014,2,rgb_sar,0,2
0.58912224,2,rgb_sar,0,2
0.5791824,2,rgb_sar,0,2
0.5448688,2,rgb_sar,0,2
0.46661484,2,rgb_sar,0,2
0.4090197,2,rgb_sar,0,2
0.39441144,2,rgb_sar,0,2
0.42286873,2,rgb_sar,0,2
0.4251434,2,rgb_sar,0,2
0.43089086,2,rgb_sar,0,2
0.52874756,2,rgb_sar,0,2
0.6669197,2,rgb_sar,0,2
0.5927125,2,rgb_sar,0,2
0.5421737,2,rgb_sar,0,2
0.55038905,2,rgb_sar,0,2
0.5764352,2,rgb_sar,0,2
0.57679087,2,rgb_sar,0,2
0.48100942,2,rgb_sar,0,2
0.43121883,2,rgb_sar,0,2
0.41695228,2,rgb_sar,0,2
0.47594273,2,rgb_sar,0,2
0.44207615,2,rgb_sar,0,2
0.4268713,2,rgb_sar,0,2
0.50910074,2,rgb_sar,0,2
0.6605418,2,rgb_sar,0,2
0.5980737,2,rgb_sar,0,2
0.5464275,2,rgb_sar,0,2
0.56073034,2,rgb_sar,0,2
0.6082958,2,rgb_sar,0,2
0.6002824,2,rgb_sar,0,2
0.5026112,2,rgb_sar,0,2
0.45425588,2,rgb_sar,0,2
0.46682477,2,rgb_sar,0,2
0.5213366,2,rgb_sar,0,2
0.46547422,2,rgb_sar,0,2
0.4596349,2,rgb_sar,0,2
0.49303705,2,rgb_sar,0,2
0.38162518,2,rgb_sar,0,2
0.41465223,2,rgb_sar,0,2
0.6550311,2,rgb_sar,0,2
0.61472994,2,rgb_sar,0,2
0.55101955,2,rgb_sar,0,2
0.5475179,2,rgb_sar,0,2
0.6030133,2,rgb_sar,0,2
0.6072122,2,rgb_sar,0,2
0.5151369,2,rgb_sar,0,2
0.47628343,2,rgb_sar,0,2
0.47738725,2,rgb_sar,0,2
0.4980361,2,rgb_sar,0,2
0.4719914,2,rgb_sar,0,2
0.47760612,2,rgb_sar,0,2
0.5037775,2,rgb_sar,0,2
0.3508516,2,rgb_sar,0,2
0.4135712,2,rgb_sar,0,2
0.6002537,2,rgb_sar,0,2
0.5478874,2,rgb_sar,0,2
0.53639925,2,rgb_sar,0,2
0.5332419,2,rgb_sar,0,2
0.57277215,2,rgb_sar,0,2
0.5807315,2,rgb_sar,0,2
0.5536106,2,rgb_sar,0,2
0.5206751,2,rgb_sar,0,2
0.47227538,2,rgb_sar,0,2
0.46339294,2,rgb_sar,0,2
0.43549684,2,rgb_sar,0,2
0.4257749,2,rgb_sar,0,2
0.5044888,2,rgb_sar,0,2
0.4115532,2,rgb_sar,0,2
0.39989287,2,rgb_sar,0,2
0.39439395,2,rgb_sar,0,2
0.46962252,2,rgb_sar,0,2
0.47013927,2,rgb_sar,0,2
0.36688322,2,rgb_sar,0,2
0.4074338,2,rgb_sar,0,2
0.4209056,2,rgb_sar,0,2
0.3965244,2,rgb_sar,0,2
0.5237301,2,rgb_sar,0,2
0.54508674,2,rgb_sar,0,2
0.42222947,2,rgb_sar,0,2
0.43112272,2,rgb_sar,0,2
0.48052755,2,rgb_sar,0,2
0.430537,7,rgb_sar,0,2
0.39231682,7,rgb_sar,0,2
0.3294707,7,rgb_sar,0,2
0.34478322,7,rgb_sar,0,2
0.4419288,7,rgb_sar,0,2
0.3952514,7,rgb_sar,0,2
0.39906392,7,rgb_sar,0,2
0.36945003,7,rgb_sar,0,2
0.405855,7,rgb_sar,0,2
0.46838963,7,rgb_sar,0,2
0.4716471,7,rgb_sar,0,2
0.34644374,7,rgb_sar,0,2
0.43025917,7,rgb_sar,0,2
0.38454002,7,rgb_sar,0,2
0.36633617,7,rgb_sar,0,2
0.36330742,7,rgb_sar,0,2
0.37250268,7,rgb_sar,0,2
0.47508517,7,rgb_sar,0,2
0.45137745,7,rgb_sar,0,2
0.45203832,7,rgb_sar,0,2
0.44167194,7,rgb_sar,0,2
0.41994816,7,rgb_sar,0,2
0.33910292,7,rgb_sar,0,2
0.37088582,7,rgb_sar,0,2
0.36787122,7,rgb_sar,0,2
0.43851092,7,rgb_sar,0,2
0.4032368,7,rgb_sar,0,2
0.39219323,7,rgb_sar,0,2
0.41829288,7,rgb_sar,0,2
0.426167,7,rgb_sar,0,2
0.4550485,7,rgb_sar,0,2
0.40870294,7,rgb_sar,0,2
0.45855075,7,rgb_sar,0,2
0.42619234,7,rgb_sar,0,2
0.43726316,7,rgb_sar,0,2
0.36468464,7,rgb_sar,0,2
0.39499438,7,rgb_sar,0,2
0.45459408,7,rgb_sar,0,2
0.40829688,7,rgb_sar,0,2
0.45261952,7,rgb_sar,0,2
0.47949305,7,rgb_sar,0,2
0.4856038,7,rgb_sar,0,2
0.42466924,7,rgb_sar,0,2
0.44585714,7,rgb_sar,0,2
0.48194212,7,rgb_sar,0,2
0.44220436,7,rgb_sar,0,2
0.46242464,7,rgb_sar,0,2
0.42630604,7,rgb_sar,0,2
0.39050394,7,rgb_sar,0,2
0.37058863,7,rgb_sar,0,2
0.3975694,7,rgb_sar,0,2
0.42924637,7,rgb_sar,0,2
0.41731283,7,rgb_sar,0,2
0.4321181,7,rgb_sar,0,2
0.49040148,7,rgb_sar,0,2
0.35752583,7,rgb_sar,0,2
0.37882817,7,rgb_sar,0,2
0.4167956,7,rgb_sar,0,2
0.4291878,7,rgb_sar,0,2
0.43955168,7,rgb_sar,0,2
0.45396805,7,rgb_sar,0,2
0.37134075,7,rgb_sar,0,2
0.38913447,7,rgb_sar,0,2
0.40644485,7,rgb_sar,0,2
0.4196211,7,rgb_sar,0,2
0.44039243,7,rgb_sar,0,2
0.38490155,7,rgb_sar,0,2
0.40067393,7,rgb_sar,0,2
0.3744048,7,rgb_sar,0,2
0.34537578,7,rgb_sar,0,2
0.4439351,7,rgb_sar,0,2
0.42501485,7,rgb_sar,0,2
0.45586693,7,rgb_sar,0,2
0.42181596,7,rgb_sar,0,2
0.3852499,7,rgb_sar,0,2
0.43456453,7,rgb_sar,0,2
0.34619278,7,rgb_sar,0,2
0.30773038,7,rgb_sar,0,2
0.3191771,7,rgb_sar,0,2
0.33980358,7,rgb_sar,0,2
0.33391327,7,rgb_sar,0,2
0.3713362,7,rgb_sar,0,2
0.36269704,7,rgb_sar,0,2
0.40528128,7,rgb_sar,0,2
0.3918267,7,rgb_sar,0,2
0.32333833,7,rgb_sar,0,2
0.3450964,7,rgb_sar,0,2
0.40282893,7,rgb_sar,0,2
0.37293953,7,rgb_sar,0,2
0.3671172,7,rgb_sar,0,2
0.36442828,7,rgb_sar,0,2
0.38138628,7,rgb_sar,0,2
0.390243,7,rgb_sar,0,2
0.38465196,7,rgb_sar,0,2
0.46806142,7,rgb_sar,0,2
0.43768466,7,rgb_sar,0,2
0.36862567,7,rgb_sar,0,2
0.36315453,7,rgb_sar,0,2
0.36407045,7,rgb_sar,0,2
0.35226035,7,rgb_sar,0,2
0.4056073,7,rgb_sar,0,2
0.37806085,7,rgb_sar,0,2
0.28156355,7,rgb_sar,0,2
0.29453945,7,rgb_sar,0,2
0.34857032,7,rgb_sar,0,2
0.39185208,7,rgb_sar,0,2
0.3699609,7,rgb_sar,0,2
0.43018734,7,rgb_sar,0,2
0.42925078,7,rgb_sar,0,2
0.3412579,7,rgb_sar,0,2
0.3545552,7,rgb_sar,0,2
0.37234157,7,rgb_sar,0,2
0.34178367,7,rgb_sar,0,2
0.31816787,7,rgb_sar,0,2
0.31993398,7,rgb_sar,0,2
0.36443222,7,rgb_sar,0,2
0.43471205,7,rgb_sar,0,2
0.4140982,7,rgb_sar,0,2
0.4267363,7,rgb_sar,0,2
0.36645555,7,rgb_sar,0,2
0.39217466,7,rgb_sar,0,2
0.45725477,7,rgb_sar,0,2
0.40136445,7,rgb_sar,0,2
0.37079602,7,rgb_sar,0,2
0.3430593,7,rgb_sar,0,2
0.33413225,7,rgb_sar,0,2
0.3621649,7,rgb_sar,0,2
0.40245813,7,rgb_sar,0,2
0.3993096,7,rgb_sar,0,2
0.36248648,7,rgb_sar,0,2
0.35135785,7,rgb_sar,0,2
0.36292824,7,rgb_sar,0,2
0.37161732,7,rgb_sar,0,2
0.41072524,7,rgb_sar,0,2
0.38529772,7,rgb_sar,0,2
0.37258175,7,rgb_sar,0,2
0.3405757,7,rgb_sar,0,2
0.35969734,7,rgb_sar,0,2
0.40732762,7,rgb_sar,0,2
0.3908726,7,rgb_sar,0,2
0.36896396,7,rgb_sar,0,2
0.38407078,7,rgb_sar,0,2
0.3337918,7,rgb_sar,0,2
0.39249963,7,rgb_sar,0,2
0.4013109,7,rgb_sar,0,2
0.39209726,7,rgb_sar,0,2
0.4167218,7,rgb_sar,0,2
0.34687763,7,rgb_sar,0,2
0.37236765,7,rgb_sar,0,2
0.40467077,7,rgb_sar,0,2
0.43835604,7,rgb_sar,0,2
0.42460972,7,rgb_sar,0,2
0.5640364,2,rgb_sar,0,2
0.5647115,2,rgb_sar,0,2
0.5266901,2,rgb_sar,0,2
0.4693571,2,rgb_sar,0,2
0.44651178,2,rgb_sar,0,2
0.48399183,2,rgb_sar,0,2
0.5268905,2,rgb_sar,0,2
0.5332487,2,rgb_sar,0,2
0.54447234,2,rgb_sar,0,2
0.53696156,2,rgb_sar,0,2
0.53081477,2,rgb_sar,0,2
0.5124279,2,rgb_sar,0,2
0.5476891,2,rgb_sar,0,2
0.52761155,2,rgb_sar,0,2
0.5411575,2,rgb_sar,0,2
0.4111436,2,rgb_sar,0,2
0.45297584,2,rgb_sar,0,2
0.5197489,2,rgb_sar,0,2
0.5246966,2,rgb_sar,0,2
0.48038882,2,rgb_sar,0,2
0.53438187,2,rgb_sar,0,2
0.37630922,2,rgb_sar,0,2
0.4781496,2,rgb_sar,0,2
0.5351307,2,rgb_sar,0,2
0.50386846,2,rgb_sar,0,2
0.4850211,2,rgb_sar,0,2
0.49258766,2,rgb_sar,0,2
0.7363988,2,rgb_sar,0,2
0.62477946,2,rgb_sar,0,2
0.6075754,2,rgb_sar,0,2
0.59515685,2,rgb_sar,0,2
0.5850631,2,rgb_sar,0,2
0.59080464,2,rgb_sar,0,2
0.5865584,2,rgb_sar,0,2
0.57071424,2,rgb_sar,0,2
0.57561505,2,rgb_sar,0,2
0.5777917,2,rgb_sar,0,2
0.5989727,2,rgb_sar,0,2
0.62273896,2,rgb_sar,0,2
0.61392426,2,rgb_sar,0,2
0.5655807,2,rgb_sar,0,2
0.58974874,2,rgb_sar,0,2
0.59981954,2,rgb_sar,0,2
0.54903436,2,rgb_sar,0,2
0.5405551,2,rgb_sar,0,2
0.5136636,2,rgb_sar,0,2
0.47947872,2,rgb_sar,0,2
0.5271172,2,rgb_sar,0,2
0.5340589,2,rgb_sar,0,2
0.51403314,2,rgb_sar,0,2
0.5185808,2,rgb_sar,0,2
0.47153923,2,rgb_sar,0,2
0.44133562,2,rgb_sar,0,2
0.45549482,2,rgb_sar,0,2
0.5521383,7,rgb_sar,0,2
0.5467967,7,rgb_sar,0,2
0.48365134,7,rgb_sar,0,2
0.4983195,7,rgb_sar,0,2
0.54608756,7,rgb_sar,0,2
0.5459433,7,rgb_sar,0,2
0.53436613,7,rgb_sar,0,2
0.47223732,7,rgb_sar,0,2
0.504033,7,rgb_sar,0,2
0.52412236,7,rgb_sar,0,2
0.52335006,7,rgb_sar,0,2
0.5237491,7,rgb_sar,0,2
0.4867599,7,rgb_sar,0,2
0.48056343,7,rgb_sar,0,2
0.44678497,7,rgb_sar,0,2
0.3892923,7,rgb_sar,0,2
0.40624171,7,rgb_sar,0,2
0.44637823,7,rgb_sar,0,2
0.42273176,7,rgb_sar,0,2
0.4287342,7,rgb_sar,0,2
0.26750058,7,rgb_sar,0,2
0.30456483,7,rgb_sar,0,2
0.36727816,7,rgb_sar,0,2
0.37656435,7,rgb_sar,0,2
0.3538841,7,rgb_sar,0,2
0.28973964,7,rgb_sar,0,2
0.28806126,7,rgb_sar,0,2
0.2891,7,rgb_sar,0,2
0.28789183,7,rgb_sar,0,2
0.35773057,7,rgb_sar,0,2
0.6013622,7,rgb_sar,0,2
0.5402652,7,rgb_sar,0,2
0.5603344,7,rgb_sar,0,2
0.5328589,7,rgb_sar,0,2
0.3706018,7,rgb_sar,0,2
0.4888534,7,rgb_sar,0,2
0.542109,7,rgb_sar,0,2
0.4978919,7,rgb_sar,0,2
0.36583826,7,rgb_sar,0,2
0.28926757,7,rgb_sar,0,2
0.39795217,7,rgb_sar,0,2
0.2897837,7,rgb_sar,0,2
0.5025517,7,rgb_sar,0,2
0.55261743,7,rgb_sar,0,2
0.5002801,7,rgb_sar,0,2
0.34701902,7,rgb_sar,0,2
0.31860733,7,rgb_sar,0,2
0.4592288,7,rgb_sar,0,2
0.37442112,7,rgb_sar,0,2
0.51960456,7,rgb_sar,0,2
0.5591712,7,rgb_sar,0,2
0.4890257,7,rgb_sar,0,2
0.34148937,7,rgb_sar,0,2
0.32079965,7,rgb_sar,0,2
0.40569842,7,rgb_sar,0,2
0.3566931,7,rgb_sar,0,2
0.549528,7,rgb_sar,0,2
0.51428354,7,rgb_sar,0,2
0.50872356,7,rgb_sar,0,2
0.45947427,7,rgb_sar,0,2
0.39879626,7,rgb_sar,0,2
0.38576886,7,rgb_sar,0,2
0.42178097,7,rgb_sar,0,2
0.61446524,7,rgb_sar,0,2
0.6435827,7,rgb_sar,0,2
0.5757488,7,rgb_sar,0,2
0.4938415,7,rgb_sar,0,2
0.50680876,7,rgb_sar,0,2
0.54899776,7,rgb_sar,0,2
0.5710652,7,rgb_sar,0,2
0.5796478,7,rgb_sar,0,2
0.5843532,7,rgb_sar,0,2
0.605475,7,rgb_sar,0,2
0.4320935,7,rgb_sar,0,2
0.52369016,7,rgb_sar,0,2
0.5451598,7,rgb_sar,0,2
0.5825442,7,rgb_sar,0,2
0.3868709,7,rgb_sar,0,2
0.2776506,7,rgb_sar,0,2
0.35334906,7,rgb_sar,0,2
0.3778246,7,rgb_sar,0,2
0.4960791,7,rgb_sar,0,2
0.5296879,7,rgb_sar,0,2
0.56704485,7,rgb_sar,0,2
0.3623082,7,rgb_sar,0,2
0.31986898,7,rgb_sar,0,2
0.38694423,7,rgb_sar,0,2
0.43038297,7,rgb_sar,0,2
0.47800782,7,rgb_sar,0,2
0.5343499,7,rgb_sar,0,2
0.5142206,7,rgb_sar,0,2
0.34730953,7,rgb_sar,0,2
0.35444057,7,rgb_sar,0,2
0.37107444,7,rgb_sar,0,2
0.41604897,7,rgb_sar,0,2
0.58780426,7,rgb_sar,0,2
0.5921213,7,rgb_sar,0,2
0.54993445,7,rgb_sar,0,2
0.4128532,7,rgb_sar,0,2
0.38732654,7,rgb_sar,0,2
0.3794332,7,rgb_sar,0,2
0.44127673,7,rgb_sar,0,2
0.7003075,7,rgb_sar,0,2
0.6785558,7,rgb_sar,0,2
0.49029303,7,rgb_sar,0,2
0.3972655,7,rgb_sar,0,2
0.41873097,7,rgb_sar,0,2
0.4956536,7,rgb_sar,0,2
0.6255268,8,rgb_sar,0,2
0.5920472,8,rgb_sar,0,2
0.5928818,8,rgb_sar,0,2
0.662324,8,rgb_sar,0,2
0.44980493,8,rgb_sar,0,2
0.48176876,8,rgb_sar,0,2
0.4161694,8,rgb_sar,0,2
0.42649344,8,rgb_sar,0,2
0.5034262,8,rgb_sar,0,2
0.526795,8,rgb_sar,0,2
0.46163175,8,rgb_sar,0,2
0.4744251,8,rgb_sar,0,2
0.4681601,8,rgb_sar,0,2
0.48057294,8,rgb_sar,0,2
0.53982633,8,rgb_sar,0,2
0.5827057,8,rgb_sar,0,2
0.5681706,8,rgb_sar,0,2
0.4640898,8,rgb_sar,0,2
0.48294967,8,rgb_sar,0,2
0.5114059,8,rgb_sar,0,2
0.5102017,8,rgb_sar,0,2
0.48981422,8,rgb_sar,0,2
0.49302492,8,rgb_sar,0,2
0.50181526,8,rgb_sar,0,2
0.52449435,8,rgb_sar,0,2
0.56512684,8,rgb_sar,0,2
0.62338483,8,rgb_sar,0,2
0.515784,8,rgb_sar,0,2
0.50973445,8,rgb_sar,0,2
0.5275621,8,rgb_sar,0,2
0.5439648,8,rgb_sar,0,2
0.5671992,8,rgb_sar,0,2
0.5755317,8,rgb_sar,0,2
0.600562,8,rgb_sar,0,2
0.6132356,8,rgb_sar,0,2
0.6092998,8,rgb_sar,0,2
0.56662464,8,rgb_sar,0,2
0.63496435,8,rgb_sar,0,2
0.625607,8,rgb_sar,0,2
0.5225657,8,rgb_sar,0,2
0.50401247,8,rgb_sar,0,2
0.55059,8,rgb_sar,0,2
0.5720104,8,rgb_sar,0,2
0.6030294,8,rgb_sar,0,2
0.5922273,8,rgb_sar,0,2
0.59410226,8,rgb_sar,0,2
0.61056674,8,rgb_sar,0,2
0.6044302,8,rgb_sar,0,2
0.6769774,8,rgb_sar,0,2
0.66439664,8,rgb_sar,0,2
0.5921774,8,rgb_sar,0,2
0.57251227,8,rgb_sar,0,2
0.5632967,8,rgb_sar,0,2
0.53937566,8,rgb_sar,0,2
0.53432757,8,rgb_sar,0,2
0.5489379,8,rgb_sar,0,2
0.59791386,8,rgb_sar,0,2
0.6088326,8,rgb_sar,0,2
0.5980936,8,rgb_sar,0,2
0.6546662,8,rgb_sar,0,2
0.63513935,8,rgb_sar,0,2
0.57660896,8,rgb_sar,0,2
0.5621952,8,rgb_sar,0,2
0.5396194,8,rgb_sar,0,2
0.51845944,8,rgb_sar,0,2
0.60209143,8,rgb_sar,0,2
0.6113626,8,rgb_sar,0,2
0.5906068,8,rgb_sar,0,2
0.5655488,8,rgb_sar,0,2
0.5595099,8,rgb_sar,0,2
0.5380448,8,rgb_sar,0,2
0.52064,8,rgb_sar,0,2
0.5075933,8,rgb_sar,0,2
0.4779029,8,rgb_sar,0,2
0.4541962,8,rgb_sar,0,2
0.43674973,8,rgb_sar,0,2
0.5994489,8,rgb_sar,0,2
0.6123973,8,rgb_sar,0,2
0.56619257,8,rgb_sar,0,2
0.5503445,8,rgb_sar,0,2
0.5520115,8,rgb_sar,0,2
0.5734763,8,rgb_sar,0,2
0.599627,8,rgb_sar,0,2
0.5577746,8,rgb_sar,0,2
0.46881607,8,rgb_sar,0,2
0.48188984,8,rgb_sar,0,2
0.5133955,8,rgb_sar,0,2
0.5399445,8,rgb_sar,0,2
0.5701925,8,rgb_sar,0,2
0.5886477,8,rgb_sar,0,2
0.5656084,8,rgb_sar,0,2
0.587775,8,rgb_sar,0,2
0.6127986,8,rgb_sar,0,2
0.61883575,8,rgb_sar,0,2
0.47198522,8,rgb_sar,0,2
0.51518977,8,rgb_sar,0,2
0.54927325,8,rgb_sar,0,2
0.55954504,8,rgb_sar,0,2
0.5793734,8,rgb_sar,0,2
0.57038224,8,rgb_sar,0,2
0.5736629,8,rgb_sar,0,2
0.57460797,8,rgb_sar,0,2
0.5757016,8,rgb_sar,0,2
0.5500015,8,rgb_sar,0,2
0.5926653,8,rgb_sar,0,2
0.4673673,8,rgb_sar,0,2
0.5239841,8,rgb_sar,0,2
0.5739372,8,rgb_sar,0,2
0.5838416,8,rgb_sar,0,2
0.56361187,8,rgb_sar,0,2
0.5549754,8,rgb_sar,0,2
0.5718558,8,rgb_sar,0,2
0.5876212,8,rgb_sar,0,2
0.5546131,8,rgb_sar,0,2
0.6010484,8,rgb_sar,0,2
0.4580614,8,rgb_sar,0,2
0.48521116,8,rgb_sar,0,2
0.5441621,8,rgb_sar,0,2
0.5983475,8,rgb_sar,0,2
0.5920533,8,rgb_sar,0,2
0.56077623,8,rgb_sar,0,2
0.5953187,8,rgb_sar,0,2
0.57390666,8,rgb_sar,0,2
0.5507227,8,rgb_sar,0,2
0.57884324,8,rgb_sar,0,2
0.5088881,8,rgb_sar,0,2
0.5639846,8,rgb_sar,0,2
0.59042346,8,rgb_sar,0,2
0.61091304,8,rgb_sar,0,2
0.58585066,8,rgb_sar,0,2
0.54883546,8,rgb_sar,0,2
0.50123453,8,rgb_sar,0,2
0.57068634,8,rgb_sar,0,2
0.58066475,8,rgb_sar,0,2
0.55305046,8,rgb_sar,0,2
0.5256833,8,rgb_sar,0,2
0.55993927,7,rgb_sar,0,2
0.5724689,7,rgb_sar,0,2
0.5305092,7,rgb_sar,0,2
0.5269743,7,rgb_sar,0,2
0.35204977,7,rgb_sar,0,2
0.48811698,7,rgb_sar,0,2
0.5030727,7,rgb_sar,0,2
0.4905545,7,rgb_sar,0,2
0.3170609,7,rgb_sar,0,2
0.21668008,7,rgb_sar,0,2
0.38491395,7,rgb_sar,0,2
0.42296618,7,rgb_sar,0,2
0.52604204,7,rgb_sar,0,2
0.5065959,7,rgb_sar,0,2
0.4967376,7,rgb_sar,0,2
0.36308566,7,rgb_sar,0,2
0.29101717,7,rgb_sar,0,2
0.38600242,7,rgb_sar,0,2
0.41908368,7,rgb_sar,0,2
0.5240291,7,rgb_sar,0,2
0.5272436,7,rgb_sar,0,2
0.48936617,7,rgb_sar,0,2
0.38386127,7,rgb_sar,0,2
0.35262233,7,rgb_sar,0,2
0.439315,7,rgb_sar,0,2
0.4707146,7,rgb_sar,0,2
0.47736603,7,rgb_sar,0,2
0.5008162,7,rgb_sar,0,2
0.51390576,7,rgb_sar,0,2
0.44578767,7,rgb_sar,0,2
0.34541082,7,rgb_sar,0,2
0.4316089,7,rgb_sar,0,2
0.45887652,7,rgb_sar,0,2
0.4809993,7,rgb_sar,0,2
0.517024,7,rgb_sar,0,2
0.42528388,7,rgb_sar,0,2
0.34367916,7,rgb_sar,0,2
0.42669678,7,rgb_sar,0,2
0.43712267,7,rgb_sar,0,2
0.49008888,7,rgb_sar,0,2
0.51441896,7,rgb_sar,0,2
0.4659275,7,rgb_sar,0,2
0.37142286,7,rgb_sar,0,2
0.38677782,7,rgb_sar,0,2
0.3952072,7,rgb_sar,0,2
0.49465585,7,rgb_sar,0,2
0.4610154,7,rgb_sar,0,2
0.43405697,7,rgb_sar,0,2
0.41977608,7,rgb_sar,0,2
0.4209063,7,rgb_sar,0,2
0.44142842,7,rgb_sar,0,2
0.44636118,7,rgb_sar,0,2
0.47174478,7,rgb_sar,0,2
0.45304132,7,rgb_sar,0,2
0.44876412,7,rgb_sar,0,2
0.4202462,7,rgb_sar,0,2
0.4644312,7,rgb_sar,0,2
0.509044,7,rgb_sar,0,2
0.4180884,7,rgb_sar,0,2
0.41016412,7,rgb_sar,0,2
0.4565221,7,rgb_sar,0,2
0.52841437,7,rgb_sar,0,2
0.53243,7,rgb_sar,0,2
0.4838152,7,rgb_sar,0,2
0.48973548,7,rgb_sar,0,2
0.32277068,7,rgb_sar,0,2
0.35961315,7,rgb_sar,0,2
0.45972776,7,rgb_sar,0,2
0.48283064,7,rgb_sar,0,2
0.3131805,7,rgb_sar,0,2
0.21808453,7,rgb_sar,0,2
0.371085,7,rgb_sar,0,2
0.3796285,7,rgb_sar,0,2
0.3468065,7,rgb_sar,0,2
0.45345217,7,rgb_sar,0,2
0.46097827,7,rgb_sar,0,2
0.2911461,7,rgb_sar,0,2
0.24486348,7,rgb_sar,0,2
0.37639278,7,rgb_sar,0,2
0.40147996,7,rgb_sar,0,2
0.36947963,7,rgb_sar,0,2
0.44944632,7,rgb_sar,0,2
0.4422409,7,rgb_sar,0,2
0.3424086,7,rgb_sar,0,2
0.26999247,7,rgb_sar,0,2
0.40447903,7,rgb_sar,0,2
0.41204467,7,rgb_sar,0,2
0.42550933,7,rgb_sar,0,2
0.43432593,7,rgb_sar,0,2
0.4063477,7,rgb_sar,0,2
0.3439777,7,rgb_sar,0,2
0.19903344,7,rgb_sar,0,2
0.3365022,7,rgb_sar,0,2
0.36611083,7,rgb_sar,0,2
0.36878294,7,rgb_sar,0,2
0.4253052,7,rgb_sar,0,2
0.3733663,7,rgb_sar,0,2
0.2766919,7,rgb_sar,0,2
0.3480324,7,rgb_sar,0,2
0.32761705,7,rgb_sar,0,2
0.3460756,7,rgb_sar,0,2
0.45688286,7,rgb_sar,0,2
0.4844394,7,rgb_sar,0,2
0.36340672,7,rgb_sar,0,2
0.31736732,7,rgb_sar,0,2
0.3258224,7,rgb_sar,0,2
0.42688233,7,rgb_sar,0,2
0.47378317,7,rgb_sar,0,2
0.34980804,7,rgb_sar,0,2
0.274175,7,rgb_sar,0,2
0.3015996,7,rgb_sar,0,2
0.45282096,7,rgb_sar,0,2
0.40491036,7,rgb_sar,0,2
0.33457384,7,rgb_sar,0,2
0.32192403,7,rgb_sar,0,2
0.42973974,7,rgb_sar,0,2
0.42028195,7,rgb_sar,0,2
0.3826691,7,rgb_sar,0,2
0.3327595,7,rgb_sar,0,2
0.36937797,7,rgb_sar,0,2
0.3675102,7,rgb_sar,0,2
0.3388382,7,rgb_sar,0,2
0.70127,8,rgb_sar,0,2
0.6780524,8,rgb_sar,0,2
0.6853999,8,rgb_sar,0,2
0.7225969,8,rgb_sar,0,2
0.46527463,8,rgb_sar,0,2
0.47644383,8,rgb_sar,0,2
0.4397217,8,rgb_sar,0,2
0.4986294,8,rgb_sar,0,2
0.55804694,8,rgb_sar,0,2
0.56233025,8,rgb_sar,0,2
0.49816462,8,rgb_sar,0,2
0.49424744,8,rgb_sar,0,2
0.54129714,8,rgb_sar,0,2
0.596298,8,rgb_sar,0,2
0.5946534,8,rgb_sar,0,2
0.5746132,8,rgb_sar,0,2
0.5905658,8,rgb_sar,0,2
0.539824,8,rgb_sar,0,2
0.5547556,8,rgb_sar,0,2
0.5144607,8,rgb_sar,0,2
0.4683072,8,rgb_sar,0,2
0.48279426,8,rgb_sar,0,2
0.47509176,8,rgb_sar,0,2
0.56322694,8,rgb_sar,0,2
0.6002308,8,rgb_sar,0,2
0.581869,8,rgb_sar,0,2
0.5804249,8,rgb_sar,0,2
0.5490303,8,rgb_sar,0,2
0.5823147,8,rgb_sar,0,2
0.5800802,8,rgb_sar,0,2
0.53549635,8,rgb_sar,0,2
0.5338799,8,rgb_sar,0,2
0.5423071,8,rgb_sar,0,2
0.58069545,8,rgb_sar,0,2
0.6087219,8,rgb_sar,0,2
0.60024965,8,rgb_sar,0,2
0.62444746,8,rgb_sar,0,2
0.6056504,8,rgb_sar,0,2
0.5915653,8,rgb_sar,0,2
0.5314053,8,rgb_sar,0,2
0.53700256,8,rgb_sar,0,2
0.56557417,8,rgb_sar,0,2
0.5477084,8,rgb_sar,0,2
0.56803465,8,rgb_sar,0,2
0.5748061,8,rgb_sar,0,2
0.59131956,8,rgb_sar,0,2
0.62076247,8,rgb_sar,0,2
0.5693027,8,rgb_sar,0,2
0.5584935,8,rgb_sar,0,2
0.55465305,8,rgb_sar,0,2
0.56837976,8,rgb_sar,0,2
0.55122304,8,rgb_sar,0,2
0.53380126,8,rgb_sar,0,2
0.5530452,8,rgb_sar,0,2
0.63702786,8,rgb_sar,0,2
0.6345371,8,rgb_sar,0,2
0.59778506,8,rgb_sar,0,2
0.6084337,8,rgb_sar,0,2
0.5332463,8,rgb_sar,0,2
0.5429278,8,rgb_sar,0,2
0.55199003,8,rgb_sar,0,2
0.55418706,8,rgb_sar,0,2
0.52892333,8,rgb_sar,0,2
0.51214206,8,rgb_sar,0,2
0.5215049,8,rgb_sar,0,2
0.56391376,8,rgb_sar,0,2
0.57315797,8,rgb_sar,0,2
0.58342206,8,rgb_sar,0,2
0.53528136,8,rgb_sar,0,2
0.5137416,8,rgb_sar,0,2
0.5155468,8,rgb_sar,0,2
0.50993943,8,rgb_sar,0,2
0.5920999,2,rgb_sar,0,2
0.59489423,2,rgb_sar,0,2
0.62045646,2,rgb_sar,0,2
0.5047808,2,rgb_sar,0,2
0.5999613,2,rgb_sar,0,2
0.60842276,2,rgb_sar,0,2
0.64696014,2,rgb_sar,0,2
0.66145545,2,rgb_sar,0,2
0.6411561,2,rgb_sar,0,2
0.61387026,2,rgb_sar,0,2
0.53948426,2,rgb_sar,0,2
0.5979923,2,rgb_sar,0,2
0.5960952,2,rgb_sar,0,2
0.6271266,2,rgb_sar,0,2
0.62990355,2,rgb_sar,0,2
0.6464541,2,rgb_sar,0,2
0.6419232,2,rgb_sar,0,2
0.61801994,2,rgb_sar,0,2
0.6172123,2,rgb_sar,0,2
0.62580544,2,rgb_sar,0,2
0.6635253,2,rgb_sar,0,2
0.6417346,2,rgb_sar,0,2
0.6011948,2,rgb_sar,0,2
0.6288746,2,rgb_sar,0,2
0.70068127,2,rgb_sar,0,2
0.67551917,2,rgb_sar,0,2
0.7057394,2,rgb_sar,0,2
0.7026962,2,rgb_sar,0,2
0.7016406,2,rgb_sar,0,2
0.7043296,2,rgb_sar,0,2
0.709649,2,rgb_sar,0,2
0.7312522,2,rgb_sar,0,2
0.7224296,2,rgb_sar,0,2
0.6837495,2,rgb_sar,0,2
0.70600104,2,rgb_sar,0,2
0.7289171,2,rgb_sar,0,2
0.72893924,2,rgb_sar,0,2
0.50744176,8,rgb_sar,0,2
0.5222665,8,rgb_sar,0,2
0.42747816,8,rgb_sar,0,2
0.460009,8,rgb_sar,0,2
0.5305939,8,rgb_sar,0,2
0.55850405,8,rgb_sar,0,2
0.50572014,8,rgb_sar,0,2
0.5216902,8,rgb_sar,0,2
0.5236639,8,rgb_sar,0,2
0.53792036,8,rgb_sar,0,2
0.5256995,8,rgb_sar,0,2
0.53342474,8,rgb_sar,0,2
0.48404184,8,rgb_sar,0,2
0.5314144,8,rgb_sar,0,2
0.5953009,8,rgb_sar,0,2
0.5910505,8,rgb_sar,0,2
0.58082217,8,rgb_sar,0,2
0.55750716,8,rgb_sar,0,2
0.5666576,8,rgb_sar,0,2
0.57190645,8,rgb_sar,0,2
0.5837108,8,rgb_sar,0,2
0.5659603,8,rgb_sar,0,2
0.5574559,8,rgb_sar,0,2
0.5236337,8,rgb_sar,0,2
0.5634264,8,rgb_sar,0,2
0.53284574,8,rgb_sar,0,2
0.5418911,8,rgb_sar,0,2
0.5668716,8,rgb_sar,0,2
0.5869728,8,rgb_sar,0,2
0.611243,8,rgb_sar,0,2
0.6002065,8,rgb_sar,0,2
0.6599573,8,rgb_sar,0,2
0.682729,8,rgb_sar,0,2
0.5679004,8,rgb_sar,0,2
0.5401381,8,rgb_sar,0,2
0.5519129,8,rgb_sar,0,2
0.5264155,8,rgb_sar,0,2
0.5273367,8,rgb_sar,0,2
0.54547226,8,rgb_sar,0,2
0.5572767,8,rgb_sar,0,2
0.572757,8,rgb_sar,0,2
0.57157016,8,rgb_sar,0,2
0.7093452,8,rgb_sar,0,2
0.63258535,8,rgb_sar,0,2
0.5968205,8,rgb_sar,0,2
0.5865202,8,rgb_sar,0,2
0.5320947,8,rgb_sar,0,2
0.5269116,8,rgb_sar,0,2
0.56188786,8,rgb_sar,0,2
0.55926037,8,rgb_sar,0,2
0.5405774,8,rgb_sar,0,2
0.5174576,8,rgb_sar,0,2
0.70643055,8,rgb_sar,0,2
0.65510786,8,rgb_sar,0,2
0.6083079,8,rgb_sar,0,2
0.5886624,8,rgb_sar,0,2
0.53987163,8,rgb_sar,0,2
0.540364,8,rgb_sar,0,2
0.6799929,8,rgb_sar,0,2
0.60197806,8,rgb_sar,0,2
0.5749791,8,rgb_sar,0,2
0.5618135,8,rgb_sar,0,2
0.56756544,8,rgb_sar,0,2
0.5744258,8,rgb_sar,0,2
0.59632444,2,rgb_sar,0,2
0.5979438,2,rgb_sar,0,2
0.6248357,2,rgb_sar,0,2
0.5171964,2,rgb_sar,0,2
0.635547,2,rgb_sar,0,2
0.66626483,2,rgb_sar,0,2
0.627089,2,rgb_sar,0,2
0.6140599,2,rgb_sar,0,2
0.63515604,2,rgb_sar,0,2
0.59016836,2,rgb_sar,0,2
0.5601693,2,rgb_sar,0,2
0.6466655,2,rgb_sar,0,2
0.6680705,2,rgb_sar,0,2
0.6171661,2,rgb_sar,0,2
0.6025698,2,rgb_sar,0,2
0.6009137,2,rgb_sar,0,2
0.63633484,2,rgb_sar,0,2
0.6300731,2,rgb_sar,0,2
0.6171354,2,rgb_sar,0,2
0.6300063,2,rgb_sar,0,2
0.5926783,2,rgb_sar,0,2
0.55308306,2,rgb_sar,0,2
0.55059147,2,rgb_sar,0,2
0.5459194,2,rgb_sar,0,2
0.59448534,2,rgb_sar,0,2
0.62934494,2,rgb_sar,0,2
0.70186925,2,rgb_sar,0,2
0.7486849,2,rgb_sar,0,2
0.75728667,2,rgb_sar,0,2
0.72142595,2,rgb_sar,0,2
0.70198023,2,rgb_sar,0,2
0.7046954,2,rgb_sar,0,2
0.6769093,2,rgb_sar,0,2
0.6014222,2,rgb_sar,0,2
0.64168346,2,rgb_sar,0,2
0.69841695,2,rgb_sar,0,2
0.6988566,2,rgb_sar,0,2
0.45556575,7,rgb_sar,0,2
0.44107583,7,rgb_sar,0,2
0.5252583,7,rgb_sar,0,2
0.5135329,7,rgb_sar,0,2
0.5515303,7,rgb_sar,0,2
0.52822566,7,rgb_sar,0,2
0.3703475,7,rgb_sar,0,2
0.44617862,7,rgb_sar,0,2
0.49766976,7,rgb_sar,0,2
0.5313577,7,rgb_sar,0,2
0.48481318,7,rgb_sar,0,2
0.5036937,7,rgb_sar,0,2
0.5481343,7,rgb_sar,0,2
0.53602815,7,rgb_sar,0,2
0.48460072,7,rgb_sar,0,2
0.5284,7,rgb_sar,0,2
0.5670761,7,rgb_sar,0,2
0.55014324,7,rgb_sar,0,2
0.49701518,7,rgb_sar,0,2
0.5636988,7,rgb_sar,0,2
0.57715774,7,rgb_sar,0,2
0.51560664,7,rgb_sar,0,2
0.3996978,7,rgb_sar,0,2
0.47153348,7,rgb_sar,0,2
0.44516116,7,rgb_sar,0,2
0.39762214,7,rgb_sar,0,2
0.4134711,7,rgb_sar,0,2
0.41259506,7,rgb_sar,0,2
0.5352439,7,rgb_sar,0,2
0.40098315,7,rgb_sar,0,2
0.3011727,7,rgb_sar,0,2
0.34105068,7,rgb_sar,0,2
0.3213074,7,rgb_sar,0,2
0.41869235,7,rgb_sar,0,2
0.39825824,7,rgb_sar,0,2
0.33315164,7,rgb_sar,0,2
0.34064114,7,rgb_sar,0,2
0.44597602,7,rgb_sar,0,2
0.43007982,7,rgb_sar,0,2
0.40898034,7,rgb_sar,0,2
0.34445667,7,rgb_sar,0,2
0.41339925,7,rgb_sar,0,2
0.3632693,7,rgb_sar,0,2
0.33200872,7,rgb_sar,0,2
0.62871015,2,rgb_sar,0,2
0.7058387,2,rgb_sar,0,2
0.62432647,2,rgb_sar,0,2
0.5065336,2,rgb_sar,0,2
0.5880144,2,rgb_sar,0,2
0.6159696,2,rgb_sar,0,2
0.5787438,2,rgb_sar,0,2
0.49457854,2,rgb_sar,0,2
0.5459635,2,rgb_sar,0,2
0.57194364,2,rgb_sar,0,2
0.53482056,2,rgb_sar,0,2
0.5895798,2,rgb_sar,0,2
0.6323035,2,rgb_sar,0,2
0.6103229,2,rgb_sar,0,2
0.5255991,2,rgb_sar,0,2
0.66556865,2,rgb_sar,0,2
0.6136769,2,rgb_sar,0,2
0.58779377,2,rgb_sar,0,2
0.6179057,2,rgb_sar,0,2
0.6290971,2,rgb_sar,0,2
0.6285668,2,rgb_sar,0,2
0.61141413,2,rgb_sar,0,2
0.58241403,2,rgb_sar,0,2
0.5765439,2,rgb_sar,0,2
0.60147053,2,rgb_sar,0,2
0.62543297,2,rgb_sar,0,2
0.6501432,2,rgb_sar,0,2
0.6067147,2,rgb_sar,0,2
0.6241654,2,rgb_sar,0,2
0.63919365,2,rgb_sar,0,2
0.6269608,2,rgb_sar,0,2
0.6294025,2,rgb_sar,0,2
0.62338346,2,rgb_sar,0,2
0.58060443,2,rgb_sar,0,2
0.569124,2,rgb_sar,0,2
0.5950693,2,rgb_sar,0,2
0.6011658,2,rgb_sar,0,2
0.66973644,2,rgb_sar,0,2
0.6915271,2,rgb_sar,0,2
0.6104175,2,rgb_sar,0,2
0.6101736,2,rgb_sar,0,2
0.64513683,2,rgb_sar,0,2
0.640574,2,rgb_sar,0,2
0.59283066,2,rgb_sar,0,2
0.576084,2,rgb_sar,0,2
0.5992638,2,rgb_sar,0,2
0.605222,2,rgb_sar,0,2
0.6005776,2,rgb_sar,0,2
0.61083746,2,rgb_sar,0,2
0.6636621,2,rgb_sar,0,2
0.63021934,2,rgb_sar,0,2
0.67037356,2,rgb_sar,0,2
0.62883604,2,rgb_sar,0,2
0.66638964,2,rgb_sar,0,2
0.64997435,2,rgb_sar,0,2
0.621262,2,rgb_sar,0,2
0.6530626,2,rgb_sar,0,2
0.66480434,2,rgb_sar,0,2
0.6433795,2,rgb_sar,0,2
0.6372384,2,rgb_sar,0,2
0.61426145,2,rgb_sar,0,2
0.63231283,2,rgb_sar,0,2
0.4195658,2,rgb_sar,0,2
0.52437305,2,rgb_sar,0,2
0.58429503,2,rgb_sar,0,2
0.65208113,2,rgb_sar,0,2
0.67359483,2,rgb_sar,0,2
0.6559394,2,rgb_sar,0,2
0.6342554,2,rgb_sar,0,2
0.3918235,2,rgb_sar,0,2
0.4899466,2,rgb_sar,0,2
0.5458386,2,rgb_sar,0,2
0.6235121,2,rgb_sar,0,2
0.6201534,2,rgb_sar,0,2
0.5243958,2,rgb_sar,0,2
0.43492883,2,rgb_sar,0,2
0.52955216,2,rgb_sar,0,2
0.5950496,2,rgb_sar,0,2
0.5852152,2,rgb_sar,0,2
0.5885608,2,rgb_sar,0,2
0.5805547,2,rgb_sar,0,2
0.60443926,2,rgb_sar,0,2
0.64476395,2,rgb_sar,0,2
0.6751282,2,rgb_sar,0,2
0.6869608,2,rgb_sar,0,2
0.54197764,2,rgb_sar,0,2
0.45192418,2,rgb_sar,0,2
0.5301188,2,rgb_sar,0,2
0.5747479,2,rgb_sar,0,2
0.58214974,2,rgb_sar,0,2
0.5951013,2,rgb_sar,0,2
0.5799052,2,rgb_sar,0,2
0.61739326,2,rgb_sar,0,2
0.63579565,2,rgb_sar,0,2
0.6321287,2,rgb_sar,0,2
0.6438466,2,rgb_sar,0,2
0.5182113,2,rgb_sar,0,2
0.61227775,2,rgb_sar,0,2
0.604519,2,rgb_sar,0,2
0.6047667,2,rgb_sar,0,2
0.622997,2,rgb_sar,0,2
0.6279899,2,rgb_sar,0,2
0.64846706,2,rgb_sar,0,2
0.6496743,2,rgb_sar,0,2
0.60576236,2,rgb_sar,0,2
0.6019235,2,rgb_sar,0,2
0.61842066,2,rgb_sar,0,2
0.614159,2,rgb_sar,0,2
0.6376262,2,rgb_sar,0,2
0.62032723,2,rgb_sar,0,2
0.67136186,2,rgb_sar,0,2
0.64947784,2,rgb_sar,0,2
0.6757669,2,rgb_sar,0,2
0.69325435,2,rgb_sar,0,2
0.6694621,2,rgb_sar,0,2
0.66818285,2,rgb_sar,0,2
0.6569846,2,rgb_sar,0,2
0.6852238,2,rgb_sar,0,2
0.7370679,2,rgb_sar,0,2
0.7169208,2,rgb_sar,0,2
0.6689575,2,rgb_sar,0,2
0.70628715,2,rgb_sar,0,2
0.7629164,2,rgb_sar,0,2
0.7557323,2,rgb_sar,0,2
0.7195781,2,rgb_sar,0,2
0.70322603,2,rgb_sar,0,2
0.6795616,2,rgb_sar,0,2
0.66722524,2,rgb_sar,0,2
0.56210446,2,rgb_sar,0,2
0.6358471,2,rgb_sar,0,2
0.663466,2,rgb_sar,0,2
0.65184355,2,rgb_sar,0,2
0.62410283,2,rgb_sar,0,2
0.66246426,2,rgb_sar,0,2
0.6757494,2,rgb_sar,0,2
0.6875278,2,rgb_sar,0,2
0.69712746,2,rgb_sar,0,2
0.6559657,2,rgb_sar,0,2
0.6838924,2,rgb_sar,0,2
0.733017,2,rgb_sar,0,2
0.7277757,2,rgb_sar,0,2
0.7421503,2,rgb_sar,0,2
0.72422546,2,rgb_sar,0,2
0.7083696,2,rgb_sar,0,2
0.6621855,2,rgb_sar,0,2
0.6407135,2,rgb_sar,0,2
0.6117177,2,rgb_sar,0,2
0.6282153,2,rgb_sar,0,2
0.6458589,2,rgb_sar,0,2
0.6404797,2,rgb_sar,0,2
0.6464758,2,rgb_sar,0,2
0.6357665,2,rgb_sar,0,2
0.6091904,2,rgb_sar,0,2
0.6264812,2,rgb_sar,0,2
0.6429713,2,rgb_sar,0,2
0.6510675,2,rgb_sar,0,2
0.65526426,2,rgb_sar,0,2
0.6439254,2,rgb_sar,0,2
0.5986399,2,rgb_sar,0,2
0.6661932,2,rgb_sar,0,2
0.65488476,2,rgb_sar,0,2
0.6169329,2,rgb_sar,0,2
0.37895787,8,rgb_sar,0,2
0.37825015,8,rgb_sar,0,2
0.47827387,8,rgb_sar,0,2
0.52668005,8,rgb_sar,0,2
0.42111102,8,rgb_sar,0,2
0.49632883,8,rgb_sar,0,2
0.5263535,8,rgb_sar,0,2
0.5645037,8,rgb_sar,0,2
0.68025315,8,rgb_sar,0,2
0.35972434,8,rgb_sar,0,2
0.3829204,8,rgb_sar,0,2
0.42793435,8,rgb_sar,0,2
0.48566702,8,rgb_sar,0,2
0.51368374,8,rgb_sar,0,2
0.5682336,8,rgb_sar,0,2
0.6186426,8,rgb_sar,0,2
0.690763,8,rgb_sar,0,2
0.34805104,8,rgb_sar,0,2
0.38754857,8,rgb_sar,0,2
0.47441453,8,rgb_sar,0,2
0.52965105,8,rgb_sar,0,2
0.54714125,8,rgb_sar,0,2
0.55619824,8,rgb_sar,0,2
0.6045919,8,rgb_sar,0,2
0.6871562,8,rgb_sar,0,2
0.41732872,8,rgb_sar,0,2
0.50641966,8,rgb_sar,0,2
0.5716369,8,rgb_sar,0,2
0.5862403,8,rgb_sar,0,2
0.5357894,8,rgb_sar,0,2
0.5479156,8,rgb_sar,0,2
0.65504575,8,rgb_sar,0,2
0.5088616,8,rgb_sar,0,2
0.55747306,8,rgb_sar,0,2
0.61510277,8,rgb_sar,0,2
0.6074884,8,rgb_sar,0,2
0.5539638,8,rgb_sar,0,2
0.5484046,8,rgb_sar,0,2
0.65492135,8,rgb_sar,0,2
0.5466926,8,rgb_sar,0,2
0.5893462,8,rgb_sar,0,2
0.5707973,8,rgb_sar,0,2
0.5024995,8,rgb_sar,0,2
0.5669724,8,rgb_sar,0,2
0.65419036,8,rgb_sar,0,2
0.57263374,8,rgb_sar,0,2
0.4913774,8,rgb_sar,0,2
0.52596575,8,rgb_sar,0,2
0.6068891,8,rgb_sar,0,2
0.40189594,8,rgb_sar,0,2
0.37690598,8,rgb_sar,0,2
0.5330175,8,rgb_sar,0,2
0.5624055,8,rgb_sar,0,2
0.45121998,8,rgb_sar,0,2
0.5616883,8,rgb_sar,0,2
0.5917518,8,rgb_sar,0,2
0.6150745,8,rgb_sar,0,2
0.6028754,8,rgb_sar,0,2
0.38191816,8,rgb_sar,0,2
0.3584688,8,rgb_sar,0,2
0.46297413,8,rgb_sar,0,2
0.5322479,8,rgb_sar,0,2
0.61751187,8,rgb_sar,0,2
0.65115494,8,rgb_sar,0,2
0.6473802,8,rgb_sar,0,2
0.62818336,8,rgb_sar,0,2
0.60172105,8,rgb_sar,0,2
0.3489297,8,rgb_sar,0,2
0.42014456,8,rgb_sar,0,2
0.51830393,8,rgb_sar,0,2
0.54386353,8,rgb_sar,0,2
0.64019185,8,rgb_sar,0,2
0.6763643,8,rgb_sar,0,2
0.64327395,8,rgb_sar,0,2
0.6239262,8,rgb_sar,0,2
0.5952916,8,rgb_sar,0,2
0.59198105,8,rgb_sar,0,2
0.6284853,8,rgb_sar,0,2
0.53032506,8,rgb_sar,0,2
0.59527564,8,rgb_sar,0,2
0.5828305,8,rgb_sar,0,2
0.6066533,8,rgb_sar,0,2
0.625449,8,rgb_sar,0,2
0.60985935,8,rgb_sar,0,2
0.6104485,8,rgb_sar,0,2
0.6000312,8,rgb_sar,0,2
0.5840725,8,rgb_sar,0,2
0.5903888,8,rgb_sar,0,2
0.5962076,8,rgb_sar,0,2
0.653893,8,rgb_sar,0,2
0.6329269,8,rgb_sar,0,2
0.598343,8,rgb_sar,0,2
0.61235756,8,rgb_sar,0,2
0.6033086,8,rgb_sar,0,2
0.6211299,8,rgb_sar,0,2
0.6159456,8,rgb_sar,0,2
0.5976227,8,rgb_sar,0,2
0.57167304,8,rgb_sar,0,2
0.6903057,8,rgb_sar,0,2
0.66038096,8,rgb_sar,0,2
0.60698956,8,rgb_sar,0,2
0.59762263,8,rgb_sar,0,2
0.6286912,8,rgb_sar,0,2
0.6505004,8,rgb_sar,0,2
0.66275156,8,rgb_sar,0,2
0.60541606,8,rgb_sar,0,2
0.6130316,8,rgb_sar,0,2
0.6655787,8,rgb_sar,0,2
0.6935411,8,rgb_sar,0,2
0.68536633,8,rgb_sar,0,2
0.7299204,8,rgb_sar,0,2
0.7216433,8,rgb_sar,0,2
0.641279,8,rgb_sar,0,2
0.60150427,8,rgb_sar,0,2
0.71324307,8,rgb_sar,0,2
0.6319345,8,rgb_sar,0,2
0.5772891,8,rgb_sar,0,2
0.700215,8,rgb_sar,0,2
0.60576147,8,rgb_sar,0,2
0.5342705,8,rgb_sar,0,2
0.63831544,8,rgb_sar,0,2
0.636927,8,rgb_sar,0,2
0.4628663,8,rgb_sar,0,2
0.36346495,8,rgb_sar,0,2
0.46245784,8,rgb_sar,0,2
0.52897,8,rgb_sar,0,2
0.43585408,8,rgb_sar,0,2
0.52648807,8,rgb_sar,0,2
0.55847967,8,rgb_sar,0,2
0.6363369,8,rgb_sar,0,2
0.7473403,8,rgb_sar,0,2
0.35380852,8,rgb_sar,0,2
0.33869967,8,rgb_sar,0,2
0.44956595,8,rgb_sar,0,2
0.5222203,8,rgb_sar,0,2
0.5916376,8,rgb_sar,0,2
0.60114264,8,rgb_sar,0,2
0.6697413,8,rgb_sar,0,2
0.77737725,8,rgb_sar,0,2
0.2817881,8,rgb_sar,0,2
0.30614057,8,rgb_sar,0,2
0.4665825,8,rgb_sar,0,2
0.55402994,8,rgb_sar,0,2
0.5949309,8,rgb_sar,0,2
0.60429615,8,rgb_sar,0,2
0.680725,8,rgb_sar,0,2
0.7783766,8,rgb_sar,0,2
0.35190907,8,rgb_sar,0,2
0.4962279,8,rgb_sar,0,2
0.5348531,8,rgb_sar,0,2
0.5517794,8,rgb_sar,0,2
0.5593376,8,rgb_sar,0,2
0.6222999,8,rgb_sar,0,2
0.74388045,8,rgb_sar,0,2
0.41800693,8,rgb_sar,0,2
0.5529392,8,rgb_sar,0,2
0.5681052,8,rgb_sar,0,2
0.5533826,8,rgb_sar,0,2
0.5769512,8,rgb_sar,0,2
0.61207294,8,rgb_sar,0,2
0.7353271,8,rgb_sar,0,2
0.55572534,8,rgb_sar,0,2
0.56777155,8,rgb_sar,0,2
0.5615229,8,rgb_sar,0,2
0.5801022,8,rgb_sar,0,2
0.62531793,8,rgb_sar,0,2
0.73699504,8,rgb_sar,0,2
0.55177176,8,rgb_sar,0,2
0.5701764,8,rgb_sar,0,2
0.5992073,8,rgb_sar,0,2
0.69178855,8,rgb_sar,0,2
0.5984301,8,rgb_sar,0,2
0.5999685,8,rgb_sar,0,2
0.5869532,8,rgb_sar,0,2
0.5662186,8,rgb_sar,0,2
0.57066554,8,rgb_sar,0,2
0.56741977,8,rgb_sar,0,2
0.54102695,8,rgb_sar,0,2
0.5460539,8,rgb_sar,0,2
0.60358137,8,rgb_sar,0,2
0.5731622,8,rgb_sar,0,2
0.57573676,8,rgb_sar,0,2
0.55034757,8,rgb_sar,0,2
0.5209004,8,rgb_sar,0,2
0.51189506,8,rgb_sar,0,2
0.5313529,8,rgb_sar,0,2
0.51572025,8,rgb_sar,0,2
0.5211371,8,rgb_sar,0,2
0.5566125,8,rgb_sar,0,2
0.56575584,8,rgb_sar,0,2
0.56016314,8,rgb_sar,0,2
0.5515171,8,rgb_sar,0,2
0.5231783,8,rgb_sar,0,2
0.5170577,8,rgb_sar,0,2
0.5731516,8,rgb_sar,0,2
0.51128113,8,rgb_sar,0,2
0.5632105,8,rgb_sar,0,2
0.5701093,8,rgb_sar,0,2
0.52856565,8,rgb_sar,0,2
0.49560016,8,rgb_sar,0,2
0.5048891,8,rgb_sar,0,2
0.5798836,8,rgb_sar,0,2
0.586797,8,rgb_sar,0,2
0.5720558,8,rgb_sar,0,2
0.5607864,8,rgb_sar,0,2
0.5121183,8,rgb_sar,0,2
0.56338084,8,rgb_sar,0,2
0.5493239,8,rgb_sar,0,2
0.46594888,8,rgb_sar,0,2
0.5843682,8,rgb_sar,0,2
0.55243814,8,rgb_sar,0,2
0.44742268,8,rgb_sar,0,2
0.4145574,8,rgb_sar,0,2
0.36014128,8,rgb_sar,0,2
0.45699397,8,rgb_sar,0,2
0.5100262,8,rgb_sar,0,2
0.49095428,8,rgb_sar,0,2
0.51958525,8,rgb_sar,0,2
0.5195734,8,rgb_sar,0,2
0.5434156,8,rgb_sar,0,2
0.5669118,8,rgb_sar,0,2
0.40454227,8,rgb_sar,0,2
0.37725264,8,rgb_sar,0,2
0.431437,8,rgb_sar,0,2
0.46999484,8,rgb_sar,0,2
0.47528034,8,rgb_sar,0,2
0.50083387,8,rgb_sar,0,2
0.5214493,8,rgb_sar,0,2
0.52505875,8,rgb_sar,0,2
0.5566553,8,rgb_sar,0,2
0.40473056,8,rgb_sar,0,2
0.3628543,8,rgb_sar,0,2
0.39325202,8,rgb_sar,0,2
0.45942822,8,rgb_sar,0,2
0.51050854,8,rgb_sar,0,2
0.5141364,8,rgb_sar,0,2
0.52474123,8,rgb_sar,0,2
0.5357356,8,rgb_sar,0,2
0.56315845,8,rgb_sar,0,2
0.59010684,8,rgb_sar,0,2
0.5571554,8,rgb_sar,0,2
0.3360304,8,rgb_sar,0,2
0.43950272,8,rgb_sar,0,2
0.4759066,8,rgb_sar,0,2
0.49734342,8,rgb_sar,0,2
0.5139876,8,rgb_sar,0,2
0.51109684,8,rgb_sar,0,2
0.5039202,8,rgb_sar,0,2
0.5359036,8,rgb_sar,0,2
0.5522398,8,rgb_sar,0,2
0.5293081,8,rgb_sar,0,2
0.3942482,8,rgb_sar,0,2
0.50895387,8,rgb_sar,0,2
0.5347787,8,rgb_sar,0,2
0.5022546,8,rgb_sar,0,2
0.5148545,8,rgb_sar,0,2
0.5143187,8,rgb_sar,0,2
0.5046029,8,rgb_sar,0,2
0.536878,8,rgb_sar,0,2
0.54722637,8,rgb_sar,0,2
0.51442647,8,rgb_sar,0,2
0.5207541,8,rgb_sar,0,2
0.55009854,8,rgb_sar,0,2
0.5256437,8,rgb_sar,0,2
0.5144837,8,rgb_sar,0,2
0.51433456,8,rgb_sar,0,2
0.5090382,8,rgb_sar,0,2
0.5734085,8,rgb_sar,0,2
0.5398712,8,rgb_sar,0,2
0.53238976,8,rgb_sar,0,2
0.5406341,8,rgb_sar,0,2
0.52041453,8,rgb_sar,0,2
0.5538083,8,rgb_sar,0,2
0.59539175,8,rgb_sar,0,2
0.6084472,8,rgb_sar,0,2
0.58186173,8,rgb_sar,0,2
0.5543562,8,rgb_sar,0,2
0.5662434,8,rgb_sar,0,2
0.6018132,8,rgb_sar,0,2
0.5422734,8,rgb_sar,0,2
0.5158434,8,rgb_sar,0,2
0.50766116,8,rgb_sar,0,2
0.55485636,8,rgb_sar,0,2
0.55882865,8,rgb_sar,0,2
0.51935077,8,rgb_sar,0,2
0.5040544,8,rgb_sar,0,2
0.4835723,8,rgb_sar,0,2
0.5031923,8,rgb_sar,0,2
0.5460456,8,rgb_sar,0,2
0.53743505,8,rgb_sar,0,2
0.542149,8,rgb_sar,0,2
0.51947176,8,rgb_sar,0,2
0.5251678,8,rgb_sar,0,2
0.49700227,8,rgb_sar,0,2
0.4958382,8,rgb_sar,0,2
0.4684848,8,rgb_sar,0,2
0.4901095,8,rgb_sar,0,2
0.5946432,8,rgb_sar,0,2
0.5489908,8,rgb_sar,0,2
0.5845443,8,rgb_sar,0,2
0.55410194,8,rgb_sar,0,2
0.53173935,8,rgb_sar,0,2
0.5604193,8,rgb_sar,0,2
0.56754017,8,rgb_sar,0,2
0.58739305,8,rgb_sar,0,2
0.5592801,8,rgb_sar,0,2
0.5754179,8,rgb_sar,0,2
0.5463104,8,rgb_sar,0,2
0.5370824,8,rgb_sar,0,2
0.52775973,8,rgb_sar,0,2
0.49827906,8,rgb_sar,0,2
0.5574045,8,rgb_sar,0,2
0.5461987,8,rgb_sar,0,2
0.46582437,8,rgb_sar,0,2
0.72203755,8,rgb_sar,0,2
0.74193597,8,rgb_sar,0,2
0.656141,8,rgb_sar,0,2
0.59699655,8,rgb_sar,0,2
0.6900222,8,rgb_sar,0,2
0.5782639,8,rgb_sar,0,2
0.5665208,8,rgb_sar,0,2
0.67951345,8,rgb_sar,0,2
0.5919124,8,rgb_sar,0,2
0.589254,8,rgb_sar,0,2
0.6984893,8,rgb_sar,0,2
0.6954037,8,rgb_sar,0,2
0.80583227,2,rgb_sar,0,2
0.8587224,2,rgb_sar,0,2
0.6427415,2,rgb_sar,0,2
0.6702454,2,rgb_sar,0,2
0.6800819,2,rgb_sar,0,2
0.61816883,2,rgb_sar,0,2
0.6911665,2,rgb_sar,0,2
0.71343243,2,rgb_sar,0,2
0.71022195,2,rgb_sar,0,2
0.67958665,2,rgb_sar,0,2
0.7972197,2,rgb_sar,0,2
0.7408432,2,rgb_sar,0,2
0.66802603,2,rgb_sar,0,2
0.8553569,2,rgb_sar,0,2
0.797033,2,rgb_sar,0,2
0.7450325,2,rgb_sar,0,2
0.52750397,8,rgb_sar,0,2
0.540635,8,rgb_sar,0,2
0.59772134,8,rgb_sar,0,2
0.66113746,8,rgb_sar,0,2
0.7192179,8,rgb_sar,0,2
0.65756273,8,rgb_sar,0,2
0.51072073,8,rgb_sar,0,2
0.4730584,8,rgb_sar,0,2
0.46396533,8,rgb_sar,0,2
0.50501645,8,rgb_sar,0,2
0.5296123,8,rgb_sar,0,2
0.5407636,8,rgb_sar,0,2
0.54956913,8,rgb_sar,0,2
0.5561187,8,rgb_sar,0,2
0.53717005,8,rgb_sar,0,2
0.48974884,8,rgb_sar,0,2
0.4673239,8,rgb_sar,0,2
0.43726078,8,rgb_sar,0,2
0.5198274,8,rgb_sar,0,2
0.5130662,8,rgb_sar,0,2
0.50510895,8,rgb_sar,0,2
0.49042985,8,rgb_sar,0,2
0.5227916,8,rgb_sar,0,2
0.4858782,8,rgb_sar,0,2
0.43304318,8,rgb_sar,0,2
0.5613514,8,rgb_sar,0,2
0.5491666,8,rgb_sar,0,2
0.54830474,8,rgb_sar,0,2
0.525851,8,rgb_sar,0,2
0.55540013,8,rgb_sar,0,2
0.50937396,8,rgb_sar,0,2
0.4803984,8,rgb_sar,0,2
0.5347853,8,rgb_sar,0,2
0.52220196,8,rgb_sar,0,2
0.4922949,8,rgb_sar,0,2
0.5351945,8,rgb_sar,0,2
0.509167,8,rgb_sar,0,2
0.46628296,8,rgb_sar,0,2
0.46163884,8,rgb_sar,0,2
0.42392516,8,rgb_sar,0,2
0.40313113,8,rgb_sar,0,2
0.5671575,8,rgb_sar,0,2
0.5387531,8,rgb_sar,0,2
0.5055866,8,rgb_sar,0,2
0.53083235,8,rgb_sar,0,2
0.53681517,8,rgb_sar,0,2
0.51843506,8,rgb_sar,0,2
0.5244235,8,rgb_sar,0,2
0.55053246,8,rgb_sar,0,2
0.5576589,8,rgb_sar,0,2
0.5336164,8,rgb_sar,0,2
0.5253222,8,rgb_sar,0,2
0.5162321,8,rgb_sar,0,2
0.5306588,8,rgb_sar,0,2
0.49301118,8,rgb_sar,0,2
0.47860715,8,rgb_sar,0,2
0.5068042,8,rgb_sar,0,2
0.521219,8,rgb_sar,0,2
0.5152371,8,rgb_sar,0,2
0.53698397,8,rgb_sar,0,2
0.55724967,8,rgb_sar,0,2
0.50938714,8,rgb_sar,0,2
0.51128054,8,rgb_sar,0,2
0.48574215,8,rgb_sar,0,2
0.46349436,8,rgb_sar,0,2
0.48115307,8,rgb_sar,0,2
0.5196779,8,rgb_sar,0,2
0.54223645,8,rgb_sar,0,2
0.48592326,8,rgb_sar,0,2
0.4645788,8,rgb_sar,0,2
0.50603074,8,rgb_sar,0,2
0.5157211,8,rgb_sar,0,2
0.4261499,8,rgb_sar,0,2
0.5321461,8,rgb_sar,0,2
0.50186336,8,rgb_sar,0,2
0.45085,8,rgb_sar,0,2
0.47211045,8,rgb_sar,0,2
0.43845248,8,rgb_sar,0,2
0.40609384,8,rgb_sar,0,2
0.4739272,8,rgb_sar,0,2
0.45770746,8,rgb_sar,0,2
0.42707092,8,rgb_sar,0,2
0.7971025,2,rgb_sar,0,2
0.79954183,2,rgb_sar,0,2
0.6074312,2,rgb_sar,0,2
0.5522051,2,rgb_sar,0,2
0.5347099,2,rgb_sar,0,2
0.5738932,2,rgb_sar,0,2
0.5826272,2,rgb_sar,0,2
0.541452,2,rgb_sar,0,2
0.5371876,2,rgb_sar,0,2
0.57444584,2,rgb_sar,0,2
0.5075186,2,rgb_sar,0,2
0.6021193,2,rgb_sar,0,2
0.58458537,2,rgb_sar,0,2
0.48814005,2,rgb_sar,0,2
0.4843695,2,rgb_sar,0,2
0.57314813,2,rgb_sar,0,2
0.56029683,2,rgb_sar,0,2
0.45108253,2,rgb_sar,0,2
0.5402032,2,rgb_sar,0,2
0.49877575,2,rgb_sar,0,2
0.48176748,2,rgb_sar,0,2
0.5618152,2,rgb_sar,0,2
0.5612543,2,rgb_sar,0,2
0.49524722,2,rgb_sar,0,2
0.4683529,2,rgb_sar,0,2
0.56234795,2,rgb_sar,0,2
0.6098337,2,rgb_sar,0,2
0.53968835,2,rgb_sar,0,2
0.5180158,2,rgb_sar,0,2
0.5890868,2,rgb_sar,0,2
0.5630812,2,rgb_sar,0,2
0.583396,2,rgb_sar,0,2
0.5200092,2,rgb_sar,0,2
0.50506264,2,rgb_sar,0,2
0.71834576,2,rgb_sar,0,2
0.65356505,2,rgb_sar,0,2
0.5813874,2,rgb_sar,0,2
0.7190128,2,rgb_sar,0,2
0.6559901,2,rgb_sar,0,2
0.5522516,2,rgb_sar,0,2
0.62967324,2,rgb_sar,0,2
0.50739133,2,rgb_sar,0,2
0.5373838,2,rgb_sar,0,2
0.56422573,2,rgb_sar,0,2
0.64209604,2,rgb_sar,0,2
0.53746647,2,rgb_sar,0,2
0.54514086,2,rgb_sar,0,2
0.5528832,2,rgb_sar,0,2
0.61180526,2,rgb_sar,0,2
0.5789881,2,rgb_sar,0,2
0.5863385,2,rgb_sar,0,2
0.543756,2,rgb_sar,0,2
0.63181615,2,rgb_sar,0,2
0.6160603,2,rgb_sar,0,2
0.5935476,2,rgb_sar,0,2
0.55413777,2,rgb_sar,0,2
0.6217369,2,rgb_sar,0,2
0.61130565,2,rgb_sar,0,2
0.59374017,2,rgb_sar,0,2
0.57534903,2,rgb_sar,0,2
0.59356827,2,rgb_sar,0,2
0.56593984,2,rgb_sar,0,2
0.6075163,2,rgb_sar,0,2
0.5592767,2,rgb_sar,0,2
0.7144625,2,rgb_sar,0,2
0.58659756,2,rgb_sar,0,2
0.5216251,2,rgb_sar,0,2
0.5610032,2,rgb_sar,0,2
0.65461487,2,rgb_sar,0,2
0.4880858,2,rgb_sar,0,2
0.40645352,2,rgb_sar,0,2
0.5230545,2,rgb_sar,0,2
0.45131785,2,rgb_sar,0,2
0.5216945,2,rgb_sar,0,2
0.5511414,2,rgb_sar,0,2
0.5611678,2,rgb_sar,0,2
0.5200264,2,rgb_sar,0,2
0.5241318,2,rgb_sar,0,2
0.5621716,2,rgb_sar,0,2
0.6036828,2,rgb_sar,0,2
0.60399985,2,rgb_sar,0,2
0.59796524,2,rgb_sar,0,2
0.62885046,2,rgb_sar,0,2
0.6513487,2,rgb_sar,0,2
0.60414845,2,rgb_sar,0,2
0.62010616,2,rgb_sar,0,2
0.6292021,2,rgb_sar,0,2
0.61034733,2,rgb_sar,0,2
0.71620554,2,rgb_sar,0,2
0.62998533,2,rgb_sar,0,2
0.6386355,2,rgb_sar,0,2
0.59302914,2,rgb_sar,0,2
0.64537567,2,rgb_sar,0,2
0.5503261,2,rgb_sar,0,2
0.5660311,2,rgb_sar,0,2
0.5356211,2,rgb_sar,0,2
0.5400833,2,rgb_sar,0,2
0.55590713,2,rgb_sar,0,2
0.5658251,2,rgb_sar,0,2
0.5721612,2,rgb_sar,0,2
0.5836649,2,rgb_sar,0,2
0.6042223,2,rgb_sar,0,2
0.58647513,2,rgb_sar,0,2
0.5792533,2,rgb_sar,0,2
0.58094263,2,rgb_sar,0,2
0.6090944,2,rgb_sar,0,2
0.6101545,2,rgb_sar,0,2
0.60893285,2,rgb_sar,0,2
0.6360303,2,rgb_sar,0,2
0.63053286,2,rgb_sar,0,2
0.6112952,2,rgb_sar,0,2
0.63844347,2,rgb_sar,0,2
0.4991714,7,rgb_sar,0,2
0.4676652,7,rgb_sar,0,2
0.53056926,7,rgb_sar,0,2
0.36178982,7,rgb_sar,0,2
0.38901538,7,rgb_sar,0,2
0.41527003,7,rgb_sar,0,2
0.36426798,7,rgb_sar,0,2
0.3104753,7,rgb_sar,0,2
0.3785116,7,rgb_sar,0,2
0.57538295,7,rgb_sar,0,2
0.34235117,7,rgb_sar,0,2
0.34385705,7,rgb_sar,0,2
0.40614805,7,rgb_sar,0,2
0.522949,7,rgb_sar,0,2
0.31348807,7,rgb_sar,0,2
0.3555842,7,rgb_sar,0,2
0.3659895,7,rgb_sar,0,2
0.50650847,7,rgb_sar,0,2
0.4208096,7,rgb_sar,0,2
0.3674565,7,rgb_sar,0,2
0.3367566,7,rgb_sar,0,2
0.4960401,7,rgb_sar,0,2
0.50185907,7,rgb_sar,0,2
0.55032086,7,rgb_sar,0,2
0.5611979,7,rgb_sar,0,2
0.5460489,7,rgb_sar,0,2
0.52644485,7,rgb_sar,0,2
0.48311955,7,rgb_sar,0,2
0.4623391,7,rgb_sar,0,2
0.4299081,7,rgb_sar,0,2
0.41350597,7,rgb_sar,0,2
0.39495474,7,rgb_sar,0,2
0.37099785,7,rgb_sar,0,2
0.37742135,7,rgb_sar,0,2
0.35390633,7,rgb_sar,0,2
0.33689433,7,rgb_sar,0,2
0.40257016,7,rgb_sar,0,2
0.41379747,7,rgb_sar,0,2
0.35514057,7,rgb_sar,0,2
0.35094783,7,rgb_sar,0,2
0.35559452,7,rgb_sar,0,2
0.41554844,7,rgb_sar,0,2
0.42018795,7,rgb_sar,0,2
0.35634705,7,rgb_sar,0,2
0.33638287,7,rgb_sar,0,2
0.31061798,7,rgb_sar,0,2
0.31016082,7,rgb_sar,0,2
0.26630953,7,rgb_sar,0,2
0.21602647,7,rgb_sar,0,2
0.25637957,7,rgb_sar,0,2
0.3219057,7,rgb_sar,0,2
0.29986292,7,rgb_sar,0,2
0.37075648,7,rgb_sar,0,2
0.33032686,7,rgb_sar,0,2
0.35241058,7,rgb_sar,0,2
0.34833717,7,rgb_sar,0,2
0.37357813,7,rgb_sar,0,2
0.4391331,7,rgb_sar,0,2
0.35994685,7,rgb_sar,0,2
0.41904992,7,rgb_sar,0,2
0.46191624,7,rgb_sar,0,2
0.50587803,7,rgb_sar,0,2
0.49698126,7,rgb_sar,0,2
0.51327354,7,rgb_sar,0,2
0.5404649,7,rgb_sar,0,2
0.48971644,7,rgb_sar,0,2
0.39775175,7,rgb_sar,0,2
0.3832546,7,rgb_sar,0,2
0.40099657,7,rgb_sar,0,2
0.43540344,7,rgb_sar,0,2
0.35929134,7,rgb_sar,0,2
0.44609827,7,rgb_sar,0,2
0.42617947,7,rgb_sar,0,2
0.41607094,7,rgb_sar,0,2
0.46045566,7,rgb_sar,0,2
0.34947622,7,rgb_sar,0,2
0.34087753,7,rgb_sar,0,2
0.38186577,7,rgb_sar,0,2
0.3703647,7,rgb_sar,0,2
0.31123745,7,rgb_sar,0,2
0.38331494,7,rgb_sar,0,2
0.488675,7,rgb_sar,0,2
0.30490485,7,rgb_sar,0,2
0.2774148,7,rgb_sar,0,2
0.30405828,7,rgb_sar,0,2
0.44010544,7,rgb_sar,0,2
0.30349684,7,rgb_sar,0,2
0.3315943,7,rgb_sar,0,2
0.30291322,7,rgb_sar,0,2
0.45099825,7,rgb_sar,0,2
0.2921406,7,rgb_sar,0,2
0.33927584,7,rgb_sar,0,2
0.29851755,7,rgb_sar,0,2
0.4776722,7,rgb_sar,0,2
0.47321624,7,rgb_sar,0,2
0.5197437,7,rgb_sar,0,2
0.47371784,7,rgb_sar,0,2
0.4576876,7,rgb_sar,0,2
0.44970638,7,rgb_sar,0,2
0.40893447,7,rgb_sar,0,2
0.33319563,7,rgb_sar,0,2
0.30749685,7,rgb_sar,0,2
0.3321823,7,rgb_sar,0,2
0.34931597,7,rgb_sar,0,2
0.3020798,7,rgb_sar,0,2
0.3826518,7,rgb_sar,0,2
0.4423666,7,rgb_sar,0,2
0.3578524,7,rgb_sar,0,2
0.24460351,7,rgb_sar,0,2
0.25381088,7,rgb_sar,0,2
0.3151948,7,rgb_sar,0,2
0.36507967,7,rgb_sar,0,2
0.44475922,7,rgb_sar,0,2
0.28927088,7,rgb_sar,0,2
0.27391213,7,rgb_sar,0,2
0.27039307,7,rgb_sar,0,2
0.3696827,7,rgb_sar,0,2
0.46693024,7,rgb_sar,0,2
0.23574772,7,rgb_sar,0,2
0.20508325,7,rgb_sar,0,2
0.18821031,7,rgb_sar,0,2
0.26863277,7,rgb_sar,0,2
0.40708607,7,rgb_sar,0,2
0.25310475,7,rgb_sar,0,2
0.40356582,7,rgb_sar,0,2
0.33878148,7,rgb_sar,0,2
0.37031284,7,rgb_sar,0,2
0.42369318,7,rgb_sar,0,2
0.30776432,7,rgb_sar,0,2
0.3855211,7,rgb_sar,0,2
0.3380363,7,rgb_sar,0,2
0.33689737,7,rgb_sar,0,2
0.3854676,7,rgb_sar,0,2
0.54178756,7,rgb_sar,0,2
0.5701224,7,rgb_sar,0,2
0.55814636,7,rgb_sar,0,2
0.5058961,7,rgb_sar,0,2
0.49022114,7,rgb_sar,0,2
0.35209757,7,rgb_sar,0,2
0.39232954,7,rgb_sar,0,2
0.423177,7,rgb_sar,0,2
0.47660676,7,rgb_sar,0,2
0.37992895,7,rgb_sar,0,2
0.48542118,7,rgb_sar,0,2
0.7125472,6,rgb_sar,0,2
0.6878335,6,rgb_sar,0,2
0.6874151,6,rgb_sar,0,2
0.68188596,6,rgb_sar,0,2
0.70363677,6,rgb_sar,0,2
0.7004416,6,rgb_sar,0,2
0.67750674,6,rgb_sar,0,2
0.67517173,6,rgb_sar,0,2
0.6887044,6,rgb_sar,0,2
0.68852687,6,rgb_sar,0,2
0.7031403,6,rgb_sar,0,2
0.63331985,6,rgb_sar,0,2
0.64965683,6,rgb_sar,0,2
0.7214228,6,rgb_sar,0,2
0.72210765,6,rgb_sar,0,2
0.70006573,6,rgb_sar,0,2
0.6632903,6,rgb_sar,0,2
0.6746075,6,rgb_sar,0,2
0.7208947,6,rgb_sar,0,2
0.6864894,6,rgb_sar,0,2
0.6939546,6,rgb_sar,0,2
0.69474703,6,rgb_sar,0,2
0.6825722,6,rgb_sar,0,2
0.6655407,6,rgb_sar,0,2
0.6600305,6,rgb_sar,0,2
0.6350958,6,rgb_sar,0,2
0.63456106,6,rgb_sar,0,2
0.6078973,6,rgb_sar,0,2
0.61786366,6,rgb_sar,0,2
0.65184355,6,rgb_sar,0,2
0.6456498,6,rgb_sar,0,2
0.6564739,6,rgb_sar,0,2
0.6704694,6,rgb_sar,0,2
0.67339694,6,rgb_sar,0,2
0.6386112,6,rgb_sar,0,2
0.6205274,6,rgb_sar,0,2
0.6424589,6,rgb_sar,0,2
0.6614268,6,rgb_sar,0,2
0.65150493,6,rgb_sar,0,2
0.6422072,6,rgb_sar,0,2
0.6232759,6,rgb_sar,0,2
0.6292244,6,rgb_sar,0,2
0.66472965,6,rgb_sar,0,2
0.6328497,6,rgb_sar,0,2
0.60102165,6,rgb_sar,0,2
0.6033168,6,rgb_sar,0,2
0.63235056,6,rgb_sar,0,2
0.6982057,6,rgb_sar,0,2
0.6349609,6,rgb_sar,0,2
0.59559125,6,rgb_sar,0,2
0.6061113,6,rgb_sar,0,2
0.61386234,6,rgb_sar,0,2
0.5827015,6,rgb_sar,0,2
0.5982873,6,rgb_sar,0,2
0.60957694,6,rgb_sar,0,2
0.60128284,6,rgb_sar,0,2
0.6313068,6,rgb_sar,0,2
0.65738857,6,rgb_sar,0,2
0.6567426,6,rgb_sar,0,2
0.61320394,6,rgb_sar,0,2
0.62071234,6,rgb_sar,0,2
0.68998903,6,rgb_sar,0,2
0.7005144,6,rgb_sar,0,2
0.60194016,6,rgb_sar,0,2
0.3804165,3,rgb_sar,0,2
0.36314923,3,rgb_sar,0,2
0.28993618,3,rgb_sar,0,2
0.2660833,3,rgb_sar,0,2
0.31292632,3,rgb_sar,0,2
0.32095766,3,rgb_sar,0,2
0.3128267,3,rgb_sar,0,2
0.29952252,3,rgb_sar,0,2
0.27864707,3,rgb_sar,0,2
0.27390024,3,rgb_sar,0,2
0.29962403,3,rgb_sar,0,2
0.32760334,3,rgb_sar,0,2
0.30045778,3,rgb_sar,0,2
0.25893456,3,rgb_sar,0,2
0.27485207,3,rgb_sar,0,2
0.28053916,3,rgb_sar,0,2
0.34054857,3,rgb_sar,0,2
0.32612497,3,rgb_sar,0,2
0.27779952,3,rgb_sar,0,2
0.33669072,3,rgb_sar,0,2
0.2534906,3,rgb_sar,0,2
0.16822013,3,rgb_sar,0,2
0.2425816,3,rgb_sar,0,2
0.2838526,3,rgb_sar,0,2
0.385729,3,rgb_sar,0,2
0.37956905,3,rgb_sar,0,2
0.29370052,3,rgb_sar,0,2
0.33583456,3,rgb_sar,0,2
0.24123985,3,rgb_sar,0,2
0.14511193,3,rgb_sar,0,2
0.20182961,3,rgb_sar,0,2
0.24441667,3,rgb_sar,0,2
0.19580826,3,rgb_sar,0,2
0.17169163,3,rgb_sar,0,2
0.40326282,3,rgb_sar,0,2
0.41593558,3,rgb_sar,0,2
0.36071092,3,rgb_sar,0,2
0.4261073,3,rgb_sar,0,2
0.3780047,3,rgb_sar,0,2
0.29608876,3,rgb_sar,0,2
0.21592982,3,rgb_sar,0,2
0.26913595,3,rgb_sar,0,2
0.2470259,3,rgb_sar,0,2
0.40722647,3,rgb_sar,0,2
0.3699562,3,rgb_sar,0,2
0.33981723,3,rgb_sar,0,2
0.45820957,3,rgb_sar,0,2
0.34896427,3,rgb_sar,0,2
0.35800084,3,rgb_sar,0,2
0.28097865,3,rgb_sar,0,2
0.32642505,3,rgb_sar,0,2
0.41502777,3,rgb_sar,0,2
0.55410576,3,rgb_sar,0,2
0.3548504,3,rgb_sar,0,2
0.3375821,3,rgb_sar,0,2
0.36203903,3,rgb_sar,0,2
0.4082231,3,rgb_sar,0,2
0.5196718,3,rgb_sar,0,2
0.3584028,3,rgb_sar,0,2
0.38709614,3,rgb_sar,0,2
0.4765331,3,rgb_sar,0,2
0.42093095,3,rgb_sar,0,2
0.33857745,3,rgb_sar,0,2
0.31799152,3,rgb_sar,0,2
0.428586,3,rgb_sar,0,2
0.35410744,3,rgb_sar,0,2
0.27242297,3,rgb_sar,0,2
0.21830893,3,rgb_sar,0,2
0.5069604,3,rgb_sar,0,2
0.33668438,3,rgb_sar,0,2
0.23973992,3,rgb_sar,0,2
0.27393448,3,rgb_sar,0,2
0.2939712,3,rgb_sar,0,2
0.36111188,3,rgb_sar,0,2
0.34449285,3,rgb_sar,0,2
0.31013224,3,rgb_sar,0,2
0.4729707,3,rgb_sar,0,2
0.35662168,3,rgb_sar,0,2
0.3436352,3,rgb_sar,0,2
0.37658346,3,rgb_sar,0,2
0.28863308,3,rgb_sar,0,2
0.3400795,3,rgb_sar,0,2
0.33617732,3,rgb_sar,0,2
0.32622164,3,rgb_sar,0,2
0.38784987,3,rgb_sar,0,2
0.34515798,3,rgb_sar,0,2
0.41527665,3,rgb_sar,0,2
0.42839232,3,rgb_sar,0,2
0.32413745,3,rgb_sar,0,2
0.32424647,3,rgb_sar,0,2
0.2939611,3,rgb_sar,0,2
0.30790645,3,rgb_sar,0,2
0.35178894,3,rgb_sar,0,2
0.29492188,3,rgb_sar,0,2
0.37944818,3,rgb_sar,0,2
0.34304905,3,rgb_sar,0,2
0.40542755,3,rgb_sar,0,2
0.4693299,3,rgb_sar,0,2
0.3849138,3,rgb_sar,0,2
0.3444631,3,rgb_sar,0,2
0.31805295,3,rgb_sar,0,2
0.36686277,3,rgb_sar,0,2
0.42595202,3,rgb_sar,0,2
0.34776092,3,rgb_sar,0,2
0.3723786,3,rgb_sar,0,2
0.3896569,3,rgb_sar,0,2
0.39940268,3,rgb_sar,0,2
0.3825025,3,rgb_sar,0,2
0.35975248,3,rgb_sar,0,2
0.31931603,3,rgb_sar,0,2
0.4045077,3,rgb_sar,0,2
0.4655175,3,rgb_sar,0,2
0.45580465,3,rgb_sar,0,2
0.34927613,3,rgb_sar,0,2
0.32826114,3,rgb_sar,0,2
0.37350917,3,rgb_sar,0,2
0.43319637,3,rgb_sar,0,2
0.39531752,3,rgb_sar,0,2
0.33886367,3,rgb_sar,0,2
0.3654489,3,rgb_sar,0,2
0.74146825,6,rgb_sar,0,2
0.69647264,6,rgb_sar,0,2
0.6499369,6,rgb_sar,0,2
0.68809366,6,rgb_sar,0,2
0.75876045,6,rgb_sar,0,2
0.7614469,6,rgb_sar,0,2
0.7350662,6,rgb_sar,0,2
0.7222135,6,rgb_sar,0,2
0.6594698,6,rgb_sar,0,2
0.65302795,6,rgb_sar,0,2
0.71455085,6,rgb_sar,0,2
0.69096994,6,rgb_sar,0,2
0.69868124,6,rgb_sar,0,2
0.689699,6,rgb_sar,0,2
0.6605555,6,rgb_sar,0,2
0.71536016,6,rgb_sar,0,2
0.6607052,6,rgb_sar,0,2
0.7020236,6,rgb_sar,0,2
0.6912664,6,rgb_sar,0,2
0.67153037,6,rgb_sar,0,2
0.6900566,6,rgb_sar,0,2
0.6771023,6,rgb_sar,0,2
0.6523715,6,rgb_sar,0,2
0.66622204,6,rgb_sar,0,2
0.66119266,6,rgb_sar,0,2
0.6873785,6,rgb_sar,0,2
0.7260265,6,rgb_sar,0,2
0.6154226,6,rgb_sar,0,2
0.64455473,6,rgb_sar,0,2
0.64678264,6,rgb_sar,0,2
0.6576035,6,rgb_sar,0,2
0.7297183,6,rgb_sar,0,2
0.6128245,6,rgb_sar,0,2
0.6117255,6,rgb_sar,0,2
0.62354094,6,rgb_sar,0,2
0.62804055,6,rgb_sar,0,2
0.6482707,6,rgb_sar,0,2
0.6711608,6,rgb_sar,0,2
0.6152351,6,rgb_sar,0,2
0.6076323,6,rgb_sar,0,2
0.62563384,6,rgb_sar,0,2
0.6383488,6,rgb_sar,0,2
0.6687665,6,rgb_sar,0,2
0.63340867,6,rgb_sar,0,2
0.6359601,6,rgb_sar,0,2
0.7295714,6,rgb_sar,0,2
0.7552852,6,rgb_sar,0,2
0.76076174,6,rgb_sar,0,2
0.6368733,6,rgb_sar,0,2
0.64750904,6,rgb_sar,0,2
0.71576643,6,rgb_sar,0,2
0.6992835,6,rgb_sar,0,2
0.69686806,6,rgb_sar,0,2
0.7107753,6,rgb_sar,0,2
0.6277993,6,rgb_sar,0,2
0.6568925,6,rgb_sar,0,2
0.6927704,6,rgb_sar,0,2
0.7025531,6,rgb_sar,0,2
0.70987755,6,rgb_sar,0,2
0.54665524,6,rgb_sar,0,2
0.6081395,6,rgb_sar,0,2
0.6810718,6,rgb_sar,0,2
0.6897612,6,rgb_sar,0,2
0.6973022,6,rgb_sar,0,2
0.29561317,3,rgb_sar,0,2
0.29473758,3,rgb_sar,0,2
0.30775422,3,rgb_sar,0,2
0.30342966,3,rgb_sar,0,2
0.39296418,3,rgb_sar,0,2
0.36293235,3,rgb_sar,0,2
0.29482925,3,rgb_sar,0,2
0.28829348,3,rgb_sar,0,2
0.35278726,3,rgb_sar,0,2
0.40325373,3,rgb_sar,0,2
0.39465272,3,rgb_sar,0,2
0.35722125,3,rgb_sar,0,2
0.24102391,3,rgb_sar,0,2
0.28853652,3,rgb_sar,0,2
0.29511896,3,rgb_sar,0,2
0.2666807,3,rgb_sar,0,2
0.34062576,3,rgb_sar,0,2
0.39326847,3,rgb_sar,0,2
0.44981468,3,rgb_sar,0,2
0.39782888,3,rgb_sar,0,2
0.21415862,3,rgb_sar,0,2
0.2970186,3,rgb_sar,0,2
0.2822538,3,rgb_sar,0,2
0.27170813,3,rgb_sar,0,2
0.30538672,3,rgb_sar,0,2
0.34425157,3,rgb_sar,0,2
0.37541217,3,rgb_sar,0,2
0.3727307,3,rgb_sar,0,2
0.22289565,3,rgb_sar,0,2
0.2727703,3,rgb_sar,0,2
0.23895416,3,rgb_sar,0,2
0.26338384,3,rgb_sar,0,2
0.25927353,3,rgb_sar,0,2
0.27539474,3,rgb_sar,0,2
0.30217665,3,rgb_sar,0,2
0.3117978,3,rgb_sar,0,2
0.34550586,3,rgb_sar,0,2
0.38623786,3,rgb_sar,0,2
0.31464058,3,rgb_sar,0,2
0.30404776,3,rgb_sar,0,2
0.24218486,3,rgb_sar,0,2
0.27809668,3,rgb_sar,0,2
0.23758319,3,rgb_sar,0,2
0.28650814,3,rgb_sar,0,2
0.27034378,3,rgb_sar,0,2
0.37281293,3,rgb_sar,0,2
0.37787786,3,rgb_sar,0,2
0.3479702,3,rgb_sar,0,2
0.33908582,3,rgb_sar,0,2
0.27140713,3,rgb_sar,0,2
0.30796492,3,rgb_sar,0,2
0.4458181,3,rgb_sar,0,2
0.40076664,3,rgb_sar,0,2
0.43027952,3,rgb_sar,0,2
0.51217353,3,rgb_sar,0,2
0.4123476,3,rgb_sar,0,2
0.41837156,3,rgb_sar,0,2
0.34911454,3,rgb_sar,0,2
0.35835537,3,rgb_sar,0,2
0.44252217,3,rgb_sar,0,2
0.37227613,3,rgb_sar,0,2
0.36355168,3,rgb_sar,0,2
0.41702485,3,rgb_sar,0,2
0.40491432,3,rgb_sar,0,2
0.3760759,3,rgb_sar,0,2
0.34532362,3,rgb_sar,0,2
0.3668052,3,rgb_sar,0,2
0.3948742,3,rgb_sar,0,2
0.39195567,3,rgb_sar,0,2
0.36309338,3,rgb_sar,0,2
0.36906186,3,rgb_sar,0,2
0.39409614,3,rgb_sar,0,2
0.2802671,3,rgb_sar,0,2
0.2753023,3,rgb_sar,0,2
0.32900667,3,rgb_sar,0,2
0.30539757,3,rgb_sar,0,2
0.3717665,3,rgb_sar,0,2
0.35455483,3,rgb_sar,0,2
0.338212,3,rgb_sar,0,2
0.34808835,3,rgb_sar,0,2
0.24516869,3,rgb_sar,0,2
0.26488322,3,rgb_sar,0,2
0.22413386,3,rgb_sar,0,2
0.22074476,3,rgb_sar,0,2
0.39944947,3,rgb_sar,0,2
0.39585346,3,rgb_sar,0,2
0.31159192,3,rgb_sar,0,2
0.31962097,3,rgb_sar,0,2
0.24505101,3,rgb_sar,0,2
0.27969757,3,rgb_sar,0,2
0.17297222,3,rgb_sar,0,2
0.215857,3,rgb_sar,0,2
0.30730194,3,rgb_sar,0,2
0.28081167,3,rgb_sar,0,2
0.4004917,3,rgb_sar,0,2
0.42405462,3,rgb_sar,0,2
0.37036058,3,rgb_sar,0,2
0.36834502,3,rgb_sar,0,2
0.41113666,3,rgb_sar,0,2
0.46370462,3,rgb_sar,0,2
0.30045712,3,rgb_sar,0,2
0.2534504,3,rgb_sar,0,2
0.31505114,3,rgb_sar,0,2
0.4316649,3,rgb_sar,0,2
0.4479137,3,rgb_sar,0,2
0.37222418,3,rgb_sar,0,2
0.3540042,3,rgb_sar,0,2
0.3725163,3,rgb_sar,0,2
0.37862298,3,rgb_sar,0,2
0.31950408,3,rgb_sar,0,2
0.38049865,3,rgb_sar,0,2
0.44735414,3,rgb_sar,0,2
0.42880112,3,rgb_sar,0,2
0.32591558,3,rgb_sar,0,2
0.31038344,3,rgb_sar,0,2
0.42686504,3,rgb_sar,0,2
0.5161142,3,rgb_sar,0,2
0.48610094,3,rgb_sar,0,2
0.38253644,3,rgb_sar,0,2
0.37296534,3,rgb_sar,0,2
0.6103386,2,rgb_sar,0,2
0.58729035,2,rgb_sar,0,2
0.61872345,2,rgb_sar,0,2
0.62172884,2,rgb_sar,0,2
0.6439876,2,rgb_sar,0,2
0.5752231,2,rgb_sar,0,2
0.55004984,2,rgb_sar,0,2
0.58272934,2,rgb_sar,0,2
0.56867254,2,rgb_sar,0,2
0.6246759,2,rgb_sar,0,2
0.5469793,2,rgb_sar,0,2
0.5723291,2,rgb_sar,0,2
0.56857,2,rgb_sar,0,2
0.5641699,2,rgb_sar,0,2
0.5947157,2,rgb_sar,0,2
0.59874284,2,rgb_sar,0,2
0.6567316,2,rgb_sar,0,2
0.5537363,2,rgb_sar,0,2
0.5707253,2,rgb_sar,0,2
0.57649577,2,rgb_sar,0,2
0.59126246,2,rgb_sar,0,2
0.6103929,2,rgb_sar,0,2
0.58882767,2,rgb_sar,0,2
0.6441631,2,rgb_sar,0,2
0.51996243,2,rgb_sar,0,2
0.56031644,2,rgb_sar,0,2
0.5781745,2,rgb_sar,0,2
0.58050334,2,rgb_sar,0,2
0.57837576,2,rgb_sar,0,2
0.60175776,2,rgb_sar,0,2
0.63018477,2,rgb_sar,0,2
0.7197545,2,rgb_sar,0,2
0.4617389,2,rgb_sar,0,2
0.52335995,2,rgb_sar,0,2
0.5777415,2,rgb_sar,0,2
0.58532286,2,rgb_sar,0,2
0.58016443,2,rgb_sar,0,2
0.59935206,2,rgb_sar,0,2
0.63514876,2,rgb_sar,0,2
0.7199801,2,rgb_sar,0,2
0.49566948,2,rgb_sar,0,2
0.55785584,2,rgb_sar,0,2
0.6106619,2,rgb_sar,0,2
0.64783514,2,rgb_sar,0,2
0.6584446,2,rgb_sar,0,2
0.62249017,2,rgb_sar,0,2
0.651165,2,rgb_sar,0,2
0.7299704,2,rgb_sar,0,2
0.5538332,2,rgb_sar,0,2
0.5844029,2,rgb_sar,0,2
0.6471907,2,rgb_sar,0,2
0.6864916,2,rgb_sar,0,2
0.6820432,2,rgb_sar,0,2
0.657158,2,rgb_sar,0,2
0.6619498,2,rgb_sar,0,2
0.73699486,2,rgb_sar,0,2
0.58631974,2,rgb_sar,0,2
0.614727,2,rgb_sar,0,2
0.6159388,2,rgb_sar,0,2
0.63186395,2,rgb_sar,0,2
0.6206685,2,rgb_sar,0,2
0.5928302,2,rgb_sar,0,2
0.67768717,2,rgb_sar,0,2
0.7575369,2,rgb_sar,0,2
0.53869027,2,rgb_sar,0,2
0.57540834,2,rgb_sar,0,2
0.5877244,2,rgb_sar,0,2
0.6075571,2,rgb_sar,0,2
0.60368073,2,rgb_sar,0,2
0.5919163,2,rgb_sar,0,2
0.6098814,2,rgb_sar,0,2
0.5736299,2,rgb_sar,0,2
0.6452286,2,rgb_sar,0,2
0.74855053,2,rgb_sar,0,2
0.6158411,2,rgb_sar,0,2
0.60079783,2,rgb_sar,0,2
0.5708946,2,rgb_sar,0,2
0.5739919,2,rgb_sar,0,2
0.57666385,2,rgb_sar,0,2
0.5629573,2,rgb_sar,0,2
0.5957044,2,rgb_sar,0,2
0.5941136,2,rgb_sar,0,2
0.6171336,2,rgb_sar,0,2
0.72653186,2,rgb_sar,0,2
0.65824735,2,rgb_sar,0,2
0.6511971,2,rgb_sar,0,2
0.60671216,2,rgb_sar,0,2
0.58331114,2,rgb_sar,0,2
0.59108776,2,rgb_sar,0,2
0.5863719,2,rgb_sar,0,2
0.608672,2,rgb_sar,0,2
0.6013062,2,rgb_sar,0,2
0.6194154,2,rgb_sar,0,2
0.7191088,2,rgb_sar,0,2
0.6811574,2,rgb_sar,0,2
0.6737406,2,rgb_sar,0,2
0.6005881,2,rgb_sar,0,2
0.54502195,2,rgb_sar,0,2
0.57236516,2,rgb_sar,0,2
0.59291357,2,rgb_sar,0,2
0.5569603,2,rgb_sar,0,2
0.6298162,2,rgb_sar,0,2
0.7210137,2,rgb_sar,0,2
0.52861226,2,rgb_sar,0,2
0.54685426,2,rgb_sar,0,2
0.5944483,2,rgb_sar,0,2
0.5508169,2,rgb_sar,0,2
0.54695535,2,rgb_sar,0,2
0.568912,2,rgb_sar,0,2
0.5757274,2,rgb_sar,0,2
0.60864985,2,rgb_sar,0,2
0.5996302,2,rgb_sar,0,2
0.5886656,2,rgb_sar,0,2
0.51844406,2,rgb_sar,0,2
0.5687003,2,rgb_sar,0,2
0.64362967,2,rgb_sar,0,2
0.62753075,2,rgb_sar,0,2
0.6078468,2,rgb_sar,0,2
0.57177734,2,rgb_sar,0,2
0.59197056,2,rgb_sar,0,2
0.55270535,2,rgb_sar,0,2
0.5427461,2,rgb_sar,0,2
0.60641116,2,rgb_sar,0,2
0.599669,2,rgb_sar,0,2
0.61449367,2,rgb_sar,0,2
0.55199003,2,rgb_sar,0,2
0.5453408,2,rgb_sar,0,2
0.54457486,2,rgb_sar,0,2
0.55271447,2,rgb_sar,0,2
0.6044967,2,rgb_sar,0,2
0.60079455,2,rgb_sar,0,2
0.60293376,2,rgb_sar,0,2
0.5244022,2,rgb_sar,0,2
0.5473058,2,rgb_sar,0,2
0.5843033,2,rgb_sar,0,2
0.5751823,2,rgb_sar,0,2
0.64424473,2,rgb_sar,0,2
0.6343977,2,rgb_sar,0,2
0.59202415,2,rgb_sar,0,2
0.60443586,2,rgb_sar,0,2
0.6046066,2,rgb_sar,0,2
0.58766156,2,rgb_sar,0,2
0.6460216,2,rgb_sar,0,2
0.45672953,2,rgb_sar,0,2
0.5350201,2,rgb_sar,0,2
0.5794424,2,rgb_sar,0,2
0.56381834,2,rgb_sar,0,2
0.67302334,2,rgb_sar,0,2
0.674779,2,rgb_sar,0,2
0.6019925,2,rgb_sar,0,2
0.6041589,2,rgb_sar,0,2
0.614234,2,rgb_sar,0,2
0.5955216,2,rgb_sar,0,2
0.6489805,2,rgb_sar,0,2
0.5284281,2,rgb_sar,0,2
0.5810853,2,rgb_sar,0,2
0.6090366,2,rgb_sar,0,2
0.5906124,2,rgb_sar,0,2
0.63204026,2,rgb_sar,0,2
0.6313365,2,rgb_sar,0,2
0.5882953,2,rgb_sar,0,2
0.6053786,2,rgb_sar,0,2
0.6248269,2,rgb_sar,0,2
0.6086358,2,rgb_sar,0,2
0.6197952,2,rgb_sar,0,2
0.593278,2,rgb_sar,0,2
0.59902084,2,rgb_sar,0,2
0.58802986,2,rgb_sar,0,2
0.6254357,2,rgb_sar,0,2
0.6444923,2,rgb_sar,0,2
0.6180841,2,rgb_sar,0,2
0.5884679,2,rgb_sar,0,2
0.58321226,2,rgb_sar,0,2
0.5653174,2,rgb_sar,0,2
0.59638584,2,rgb_sar,0,2
0.6236627,2,rgb_sar,0,2
0.6574571,2,rgb_sar,0,2
0.67173696,2,rgb_sar,0,2
0.6070832,2,rgb_sar,0,2
0.59073293,2,rgb_sar,0,2
0.5963273,2,rgb_sar,0,2
0.62649417,2,rgb_sar,0,2
0.65439993,2,rgb_sar,0,2
0.63892156,2,rgb_sar,0,2
0.59200776,2,rgb_sar,0,2
0.56999356,2,rgb_sar,0,2
0.59212095,2,rgb_sar,0,2
0.6255563,2,rgb_sar,0,2
0.66194975,2,rgb_sar,0,2
0.6361277,2,rgb_sar,0,2
0.57796377,2,rgb_sar,0,2
0.55408275,2,rgb_sar,0,2
0.5968618,2,rgb_sar,0,2
0.55106425,2,rgb_sar,0,2
0.5663848,2,rgb_sar,0,2
0.59632576,2,rgb_sar,0,2
0.59732926,2,rgb_sar,0,2
0.61517864,2,rgb_sar,0,2
0.61346,2,rgb_sar,0,2
0.59331405,2,rgb_sar,0,2
0.5886357,2,rgb_sar,0,2
0.6324507,2,rgb_sar,0,2
0.66710675,2,rgb_sar,0,2
0.6771242,2,rgb_sar,0,2
0.639287,2,rgb_sar,0,2
0.582523,2,rgb_sar,0,2
0.57786846,2,rgb_sar,0,2
0.62075835,2,rgb_sar,0,2
0.55196714,2,rgb_sar,0,2
0.5449668,2,rgb_sar,0,2
0.5595639,2,rgb_sar,0,2
0.5894699,2,rgb_sar,0,2
0.61077195,2,rgb_sar,0,2
0.6170052,2,rgb_sar,0,2
0.57562387,2,rgb_sar,0,2
0.5619115,2,rgb_sar,0,2
0.61983556,2,rgb_sar,0,2
0.6451613,2,rgb_sar,0,2
0.68315184,2,rgb_sar,0,2
0.6568279,2,rgb_sar,0,2
0.57995546,2,rgb_sar,0,2
0.55797875,2,rgb_sar,0,2
0.5527152,2,rgb_sar,0,2
0.63452184,2,rgb_sar,0,2
0.6434647,2,rgb_sar,0,2
0.6168638,2,rgb_sar,0,2
0.59354705,2,rgb_sar,0,2
0.60424554,2,rgb_sar,0,2
0.61159587,2,rgb_sar,0,2
0.5910976,2,rgb_sar,0,2
0.591276,2,rgb_sar,0,2
0.5919086,2,rgb_sar,0,2
0.6358882,2,rgb_sar,0,2
0.6910523,2,rgb_sar,0,2
0.67370135,2,rgb_sar,0,2
0.57833004,2,rgb_sar,0,2
0.64415395,2,rgb_sar,0,2
0.6559737,2,rgb_sar,0,2
0.60457355,2,rgb_sar,0,2
0.6031046,2,rgb_sar,0,2
0.59398407,2,rgb_sar,0,2
0.589703,2,rgb_sar,0,2
0.6009126,2,rgb_sar,0,2
0.62049335,2,rgb_sar,0,2
0.6402343,2,rgb_sar,0,2
0.70389426,2,rgb_sar,0,2
0.67023075,2,rgb_sar,0,2
0.578263,2,rgb_sar,0,2
0.6019698,2,rgb_sar,0,2
0.60999924,2,rgb_sar,0,2
0.57941973,2,rgb_sar,0,2
0.6017436,2,rgb_sar,0,2
0.5985204,2,rgb_sar,0,2
0.7533344,2,rgb_sar,0,2
0.7138112,2,rgb_sar,0,2
0.6638525,2,rgb_sar,0,2
0.7475694,2,rgb_sar,0,2
0.69748527,2,rgb_sar,0,2
0.68272334,2,rgb_sar,0,2
0.75088775,2,rgb_sar,0,2
0.7003681,2,rgb_sar,0,2
0.6780194,2,rgb_sar,0,2
0.67237437,2,rgb_sar,0,2
0.6215508,2,rgb_sar,0,2
0.7448291,2,rgb_sar,0,2
0.67227495,2,rgb_sar,0,2
0.6665107,2,rgb_sar,0,2
0.6635866,2,rgb_sar,0,2
0.5848015,2,rgb_sar,0,2
0.7200452,2,rgb_sar,0,2
0.63456833,2,rgb_sar,0,2
0.6030007,2,rgb_sar,0,2
0.6080791,2,rgb_sar,0,2
0.56849825,2,rgb_sar,0,2
0.7195844,2,rgb_sar,0,2
0.62828046,2,rgb_sar,0,2
0.61934286,2,rgb_sar,0,2
0.6232418,2,rgb_sar,0,2
0.6323278,2,rgb_sar,0,2
0.7219709,2,rgb_sar,0,2
0.6278029,2,rgb_sar,0,2
0.6251582,2,rgb_sar,0,2
0.63578296,2,rgb_sar,0,2
0.6119631,2,rgb_sar,0,2
0.7247203,2,rgb_sar,0,2
0.63510865,2,rgb_sar,0,2
0.6275724,2,rgb_sar,0,2
0.7286905,2,rgb_sar,0,2
0.6446729,2,rgb_sar,0,2
0.6234809,2,rgb_sar,0,2
0.6820799,6,rgb_sar,0,2
0.6897516,6,rgb_sar,0,2
0.6935944,6,rgb_sar,0,2
0.69340765,6,rgb_sar,0,2
0.6443052,6,rgb_sar,0,2
0.6732677,6,rgb_sar,0,2
0.6719488,6,rgb_sar,0,2
0.6698755,6,rgb_sar,0,2
0.6707492,6,rgb_sar,0,2
0.6261679,6,rgb_sar,0,2
0.6796697,6,rgb_sar,0,2
0.68016505,6,rgb_sar,0,2
0.66802734,6,rgb_sar,0,2
0.690511,6,rgb_sar,0,2
0.68719995,6,rgb_sar,0,2
0.6828835,6,rgb_sar,0,2
0.6608058,6,rgb_sar,0,2
0.66232634,6,rgb_sar,0,2
0.63450843,6,rgb_sar,0,2
0.6775316,6,rgb_sar,0,2
0.6875241,6,rgb_sar,0,2
0.68996775,6,rgb_sar,0,2
0.70001256,6,rgb_sar,0,2
0.69316864,6,rgb_sar,0,2
0.69746673,6,rgb_sar,0,2
0.69662964,6,rgb_sar,0,2
0.67722356,6,rgb_sar,0,2
0.6747581,6,rgb_sar,0,2
0.70608824,6,rgb_sar,0,2
0.69057506,6,rgb_sar,0,2
0.7076355,6,rgb_sar,0,2
0.6936145,6,rgb_sar,0,2
0.70261073,6,rgb_sar,0,2
0.6744332,6,rgb_sar,0,2
0.6613645,6,rgb_sar,0,2
0.7221791,6,rgb_sar,0,2
0.74032474,6,rgb_sar,0,2
0.7442555,6,rgb_sar,0,2
0.67553073,6,rgb_sar,0,2
0.639145,6,rgb_sar,0,2
0.65938085,6,rgb_sar,0,2
0.74222845,6,rgb_sar,0,2
0.7526245,6,rgb_sar,0,2
0.7261718,6,rgb_sar,0,2
0.7387433,6,rgb_sar,0,2
0.7298957,6,rgb_sar,0,2
0.69913644,6,rgb_sar,0,2
0.70013636,6,rgb_sar,0,2
0.71625185,6,rgb_sar,0,2
0.67864156,6,rgb_sar,0,2
0.6480323,6,rgb_sar,0,2
0.6549444,6,rgb_sar,0,2
0.6720722,6,rgb_sar,0,2
0.6292442,6,rgb_sar,0,2
0.6550951,6,rgb_sar,0,2
0.6303866,6,rgb_sar,0,2
0.6390244,6,rgb_sar,0,2
0.66406155,6,rgb_sar,0,2
0.6712614,6,rgb_sar,0,2
0.656794,6,rgb_sar,0,2
0.6553893,6,rgb_sar,0,2
0.65645784,6,rgb_sar,0,2
0.6353634,6,rgb_sar,0,2
0.60189074,6,rgb_sar,0,2
0.6180186,6,rgb_sar,0,2
0.6145921,6,rgb_sar,0,2
0.60238093,6,rgb_sar,0,2
0.64935255,6,rgb_sar,0,2
0.6406201,6,rgb_sar,0,2
0.6501844,6,rgb_sar,0,2
0.6540497,6,rgb_sar,0,2
0.6646125,6,rgb_sar,0,2
0.60670686,6,rgb_sar,0,2
0.62923735,6,rgb_sar,0,2
0.6821424,6,rgb_sar,0,2
0.68627024,6,rgb_sar,0,2
0.65724957,6,rgb_sar,0,2
0.63896555,6,rgb_sar,0,2
0.65857536,6,rgb_sar,0,2
0.6145185,6,rgb_sar,0,2
0.63311386,6,rgb_sar,0,2
0.6868882,6,rgb_sar,0,2
0.6737639,6,rgb_sar,0,2
0.64095664,6,rgb_sar,0,2
0.61552024,6,rgb_sar,0,2
0.6263327,6,rgb_sar,0,2
0.60231495,6,rgb_sar,0,2
0.7036691,6,rgb_sar,0,2
0.68506813,6,rgb_sar,0,2
0.6622449,6,rgb_sar,0,2
0.6455653,6,rgb_sar,0,2
0.6523116,6,rgb_sar,0,2
0.62900734,6,rgb_sar,0,2
0.64919525,6,rgb_sar,0,2
0.6697238,6,rgb_sar,0,2
0.6223531,6,rgb_sar,0,2
0.63847184,6,rgb_sar,0,2
0.66224873,6,rgb_sar,0,2
0.6222605,2,rgb_sar,0,2
0.63574886,2,rgb_sar,0,2
0.5990413,2,rgb_sar,0,2
0.6050793,2,rgb_sar,0,2
0.5952915,2,rgb_sar,0,2
0.59795195,2,rgb_sar,0,2
0.6456356,2,rgb_sar,0,2
0.6055545,2,rgb_sar,0,2
0.6061051,2,rgb_sar,0,2
0.5753037,2,rgb_sar,0,2
0.56062305,2,rgb_sar,0,2
0.5530474,2,rgb_sar,0,2
0.5696494,2,rgb_sar,0,2
0.5865631,2,rgb_sar,0,2
0.61026156,2,rgb_sar,0,2
0.60060483,2,rgb_sar,0,2
0.58498836,2,rgb_sar,0,2
0.58156234,2,rgb_sar,0,2
0.59763944,2,rgb_sar,0,2
0.61514735,2,rgb_sar,0,2
0.5915952,2,rgb_sar,0,2
0.5933453,2,rgb_sar,0,2
0.582648,2,rgb_sar,0,2
0.6183553,2,rgb_sar,0,2
0.5227225,2,rgb_sar,0,2
0.55720973,2,rgb_sar,0,2
0.6461569,2,rgb_sar,0,2
0.6198017,2,rgb_sar,0,2
0.62828094,2,rgb_sar,0,2
0.6035522,2,rgb_sar,0,2
0.59945035,2,rgb_sar,0,2
0.73676187,2,rgb_sar,0,2
0.5067472,2,rgb_sar,0,2
0.50644106,2,rgb_sar,0,2
0.6028521,2,rgb_sar,0,2
0.5979111,2,rgb_sar,0,2
0.62421095,2,rgb_sar,0,2
0.6228676,2,rgb_sar,0,2
0.61947006,2,rgb_sar,0,2
0.73796135,2,rgb_sar,0,2
0.54250515,2,rgb_sar,0,2
0.5265791,2,rgb_sar,0,2
0.5893725,2,rgb_sar,0,2
0.5664308,2,rgb_sar,0,2
0.5994077,2,rgb_sar,0,2
0.61205876,2,rgb_sar,0,2
0.62290525,2,rgb_sar,0,2
0.73015225,2,rgb_sar,0,2
0.55000114,2,rgb_sar,0,2
0.55815184,2,rgb_sar,0,2
0.59619784,2,rgb_sar,0,2
0.598307,2,rgb_sar,0,2
0.59067214,2,rgb_sar,0,2
0.63502216,2,rgb_sar,0,2
0.6017915,2,rgb_sar,0,2
0.7000368,2,rgb_sar,0,2
0.5746994,2,rgb_sar,0,2
0.56148887,2,rgb_sar,0,2
0.55867887,2,rgb_sar,0,2
0.58559245,2,rgb_sar,0,2
0.6010336,2,rgb_sar,0,2
0.62647474,2,rgb_sar,0,2
0.62530345,2,rgb_sar,0,2
0.7195525,2,rgb_sar,0,2
0.57425845,2,rgb_sar,0,2
0.6072603,2,rgb_sar,0,2
0.57156634,2,rgb_sar,0,2
0.53631675,2,rgb_sar,0,2
0.54266906,2,rgb_sar,0,2
0.5804602,2,rgb_sar,0,2
0.5773932,2,rgb_sar,0,2
0.6144781,2,rgb_sar,0,2
0.63680995,2,rgb_sar,0,2
0.70763534,2,rgb_sar,0,2
0.560966,2,rgb_sar,0,2
0.5485922,2,rgb_sar,0,2
0.5191673,2,rgb_sar,0,2
0.482155,2,rgb_sar,0,2
0.5702802,2,rgb_sar,0,2
0.5984833,2,rgb_sar,0,2
0.5779849,2,rgb_sar,0,2
0.6036747,2,rgb_sar,0,2
0.66441077,2,rgb_sar,0,2
0.711093,2,rgb_sar,0,2
0.55449677,2,rgb_sar,0,2
0.56502694,2,rgb_sar,0,2
0.5576798,2,rgb_sar,0,2
0.5213455,2,rgb_sar,0,2
0.5727674,2,rgb_sar,0,2
0.57911134,2,rgb_sar,0,2
0.5604245,2,rgb_sar,0,2
0.58032775,2,rgb_sar,0,2
0.63635755,2,rgb_sar,0,2
0.7046993,2,rgb_sar,0,2
0.554658,2,rgb_sar,0,2
0.5553113,2,rgb_sar,0,2
0.54850316,2,rgb_sar,0,2
0.5579516,2,rgb_sar,0,2
0.56514645,2,rgb_sar,0,2
0.5345795,2,rgb_sar,0,2
0.5325702,2,rgb_sar,0,2
0.52801824,2,rgb_sar,0,2
0.6636726,2,rgb_sar,0,2
0.49915642,2,rgb_sar,0,2
0.5318094,2,rgb_sar,0,2
0.49558794,2,rgb_sar,0,2
0.5263119,2,rgb_sar,0,2
0.54082346,2,rgb_sar,0,2
0.57542366,2,rgb_sar,0,2
0.5491248,2,rgb_sar,0,2
0.6088261,2,rgb_sar,0,2
0.65303653,2,rgb_sar,0,2
0.66890407,2,rgb_sar,0,2
0.6055972,2,rgb_sar,0,2
0.6001307,2,rgb_sar,0,2
0.63433886,2,rgb_sar,0,2
0.6541376,2,rgb_sar,0,2
0.6648636,2,rgb_sar,0,2
0.6785203,2,rgb_sar,0,2
0.6187762,2,rgb_sar,0,2
0.5992727,2,rgb_sar,0,2
0.6207775,2,rgb_sar,0,2
0.6285603,2,rgb_sar,0,2
0.652313,2,rgb_sar,0,2
0.6449948,2,rgb_sar,0,2
0.6267723,2,rgb_sar,0,2
0.56818366,2,rgb_sar,0,2
0.64209163,2,rgb_sar,0,2
0.67847526,2,rgb_sar,0,2
0.663205,2,rgb_sar,0,2
0.6537832,2,rgb_sar,0,2
0.6528874,2,rgb_sar,0,2
0.5153884,2,rgb_sar,0,2
0.5399486,2,rgb_sar,0,2
0.6670666,2,rgb_sar,0,2
0.6824195,2,rgb_sar,0,2
0.66225994,2,rgb_sar,0,2
0.670836,2,rgb_sar,0,2
0.6467664,2,rgb_sar,0,2
0.6379632,2,rgb_sar,0,2
0.67705035,2,rgb_sar,0,2
0.70822644,2,rgb_sar,0,2
0.6988394,2,rgb_sar,0,2
0.46603218,2,rgb_sar,0,2
0.49235666,2,rgb_sar,0,2
0.64722764,2,rgb_sar,0,2
0.6633813,2,rgb_sar,0,2
0.67623127,2,rgb_sar,0,2
0.6593386,2,rgb_sar,0,2
0.6297938,2,rgb_sar,0,2
0.63945013,2,rgb_sar,0,2
0.6698464,2,rgb_sar,0,2
0.6947713,2,rgb_sar,0,2
0.6929471,2,rgb_sar,0,2
0.5507755,2,rgb_sar,0,2
0.5678501,2,rgb_sar,0,2
0.64306235,2,rgb_sar,0,2
0.651667,2,rgb_sar,0,2
0.66741806,2,rgb_sar,0,2
0.666894,2,rgb_sar,0,2
0.6313467,2,rgb_sar,0,2
0.635677,2,rgb_sar,0,2
0.6562837,2,rgb_sar,0,2
0.6582936,2,rgb_sar,0,2
0.6693997,2,rgb_sar,0,2
0.68137854,2,rgb_sar,0,2
0.6338048,2,rgb_sar,0,2
0.59757143,2,rgb_sar,0,2
0.62629485,2,rgb_sar,0,2
0.6800974,2,rgb_sar,0,2
0.6820086,2,rgb_sar,0,2
0.64188534,2,rgb_sar,0,2
0.65664184,2,rgb_sar,0,2
0.62612283,2,rgb_sar,0,2
0.63043773,2,rgb_sar,0,2
0.65105236,2,rgb_sar,0,2
0.65253556,2,rgb_sar,0,2
0.66020185,2,rgb_sar,0,2
0.6707859,2,rgb_sar,0,2
0.61179286,2,rgb_sar,0,2
0.6445968,2,rgb_sar,0,2
0.65857965,2,rgb_sar,0,2
0.65595067,2,rgb_sar,0,2
0.6550696,2,rgb_sar,0,2
0.6364248,2,rgb_sar,0,2
0.64191234,2,rgb_sar,0,2
0.6499933,2,rgb_sar,0,2
0.6685682,2,rgb_sar,0,2
0.68740034,2,rgb_sar,0,2
0.67516315,2,rgb_sar,0,2
0.64298177,2,rgb_sar,0,2
0.65386105,2,rgb_sar,0,2
0.6184958,2,rgb_sar,0,2
0.55338556,2,rgb_sar,0,2
0.56302905,2,rgb_sar,0,2
0.6424887,2,rgb_sar,0,2
0.6573889,2,rgb_sar,0,2
0.65180284,2,rgb_sar,0,2
0.6461432,2,rgb_sar,0,2
0.6423418,2,rgb_sar,0,2
0.65325177,2,rgb_sar,0,2
0.66928506,2,rgb_sar,0,2
0.66336775,2,rgb_sar,0,2
0.6581014,2,rgb_sar,0,2
0.68256086,2,rgb_sar,0,2
0.66421616,2,rgb_sar,0,2
0.68374777,2,rgb_sar,0,2
0.6398592,2,rgb_sar,0,2
0.6143265,2,rgb_sar,0,2
0.6044769,2,rgb_sar,0,2
0.62411565,2,rgb_sar,0,2
0.62932444,2,rgb_sar,0,2
0.6602317,2,rgb_sar,0,2
0.6709722,2,rgb_sar,0,2
0.6789251,2,rgb_sar,0,2
0.67026496,2,rgb_sar,0,2
0.68087375,2,rgb_sar,0,2
0.68317145,2,rgb_sar,0,2
0.67420095,2,rgb_sar,0,2
0.67863727,2,rgb_sar,0,2
0.67435104,2,rgb_sar,0,2
0.70794535,2,rgb_sar,0,2
0.68068975,2,rgb_sar,0,2
0.6556591,2,rgb_sar,0,2
0.6493975,2,rgb_sar,0,2
0.6404437,2,rgb_sar,0,2
0.60821617,2,rgb_sar,0,2
0.6484327,2,rgb_sar,0,2
0.66314656,2,rgb_sar,0,2
0.6554676,2,rgb_sar,0,2
0.669371,2,rgb_sar,0,2
0.73324966,2,rgb_sar,0,2
0.71042675,2,rgb_sar,0,2
0.6943249,2,rgb_sar,0,2
0.695117,2,rgb_sar,0,2
0.65768886,2,rgb_sar,0,2
0.6781876,2,rgb_sar,0,2
0.68108726,2,rgb_sar,0,2
0.63341916,2,rgb_sar,0,2
0.60008115,2,rgb_sar,0,2
0.6200466,2,rgb_sar,0,2
0.6402879,2,rgb_sar,0,2
0.67593515,2,rgb_sar,0,2
0.6938327,2,rgb_sar,0,2
0.66203314,2,rgb_sar,0,2
0.6510712,2,rgb_sar,0,2
0.6596546,2,rgb_sar,0,2
0.6691388,2,rgb_sar,0,2
0.6311782,2,rgb_sar,0,2
0.6380493,2,rgb_sar,0,2
0.68158233,2,rgb_sar,0,2
0.6205526,2,rgb_sar,0,2
0.6171573,2,rgb_sar,0,2
0.7786618,2,rgb_sar,0,2
0.7093726,2,rgb_sar,0,2
0.6532281,2,rgb_sar,0,2
0.7800349,2,rgb_sar,0,2
0.69609696,2,rgb_sar,0,2
0.6447062,2,rgb_sar,0,2
0.7389384,2,rgb_sar,0,2
0.6416918,2,rgb_sar,0,2
0.635523,2,rgb_sar,0,2
0.66766906,2,rgb_sar,0,2
0.6318667,2,rgb_sar,0,2
0.7417697,2,rgb_sar,0,2
0.66698176,2,rgb_sar,0,2
0.6559392,2,rgb_sar,0,2
0.6614009,2,rgb_sar,0,2
0.603444,2,rgb_sar,0,2
0.7577122,2,rgb_sar,0,2
0.6837102,2,rgb_sar,0,2
0.67841196,2,rgb_sar,0,2
0.67559385,2,rgb_sar,0,2
0.6243719,2,rgb_sar,0,2
0.76145595,2,rgb_sar,0,2
0.6635114,2,rgb_sar,0,2
0.6326428,2,rgb_sar,0,2
0.6585784,2,rgb_sar,0,2
0.610072,2,rgb_sar,0,2
0.781458,2,rgb_sar,0,2
0.67782706,2,rgb_sar,0,2
0.640908,2,rgb_sar,0,2
0.6751856,2,rgb_sar,0,2
0.6189261,2,rgb_sar,0,2
0.7743871,2,rgb_sar,0,2
0.67291737,2,rgb_sar,0,2
0.6706862,2,rgb_sar,0,2
0.7826788,2,rgb_sar,0,2
0.6939433,2,rgb_sar,0,2
0.6644054,2,rgb_sar,0,2
0.6734068,6,rgb_sar,0,2
0.66509426,6,rgb_sar,0,2
0.66712916,6,rgb_sar,0,2
0.6800186,6,rgb_sar,0,2
0.66524565,6,rgb_sar,0,2
0.6505027,6,rgb_sar,0,2
0.6413843,6,rgb_sar,0,2
0.668107,6,rgb_sar,0,2
0.6605743,6,rgb_sar,0,2
0.68526435,6,rgb_sar,0,2
0.684667,6,rgb_sar,0,2
0.67811006,6,rgb_sar,0,2
0.6830845,6,rgb_sar,0,2
0.6569611,6,rgb_sar,0,2
0.661499,6,rgb_sar,0,2
0.65200126,6,rgb_sar,0,2
0.67387056,6,rgb_sar,0,2
0.7233503,6,rgb_sar,0,2
0.6786591,6,rgb_sar,0,2
0.6856521,6,rgb_sar,0,2
0.67586064,6,rgb_sar,0,2
0.6759216,6,rgb_sar,0,2
0.66305345,6,rgb_sar,0,2
0.66931343,6,rgb_sar,0,2
0.65983295,6,rgb_sar,0,2
0.68281865,6,rgb_sar,0,2
0.6835066,6,rgb_sar,0,2
0.6988623,6,rgb_sar,0,2
0.68083537,6,rgb_sar,0,2
0.6703094,6,rgb_sar,0,2
0.70436287,6,rgb_sar,0,2
0.6963834,6,rgb_sar,0,2
0.65699136,6,rgb_sar,0,2
0.7122599,6,rgb_sar,0,2
0.7402207,6,rgb_sar,0,2
0.6985836,6,rgb_sar,0,2
0.6867997,6,rgb_sar,0,2
0.728155,6,rgb_sar,0,2
0.6955565,6,rgb_sar,0,2
0.6925703,6,rgb_sar,0,2
0.71619725,6,rgb_sar,0,2
0.69540584,6,rgb_sar,0,2
0.6764087,6,rgb_sar,0,2
0.6825244,6,rgb_sar,0,2
0.66996616,6,rgb_sar,0,2
0.6735398,6,rgb_sar,0,2
0.6862973,6,rgb_sar,0,2
0.64282286,6,rgb_sar,0,2
0.64937234,6,rgb_sar,0,2
0.67603457,6,rgb_sar,0,2
0.68689424,6,rgb_sar,0,2
0.7063712,6,rgb_sar,0,2
0.7104664,6,rgb_sar,0,2
0.684284,6,rgb_sar,0,2
0.68884695,6,rgb_sar,0,2
0.69523567,6,rgb_sar,0,2
0.7061155,6,rgb_sar,0,2
0.72087824,6,rgb_sar,0,2
0.67377245,6,rgb_sar,0,2
0.68694973,6,rgb_sar,0,2
0.6769656,6,rgb_sar,0,2
0.6781881,6,rgb_sar,0,2
0.6991017,6,rgb_sar,0,2
0.68787056,6,rgb_sar,0,2
0.6766193,6,rgb_sar,0,2
0.6567827,6,rgb_sar,0,2
0.6516458,6,rgb_sar,0,2
0.65248007,6,rgb_sar,0,2
0.6710485,6,rgb_sar,0,2
0.6454608,6,rgb_sar,0,2
0.6541498,6,rgb_sar,0,2
0.640515,6,rgb_sar,0,2
0.65179867,6,rgb_sar,0,2
0.6827217,6,rgb_sar,0,2
0.6439207,6,rgb_sar,0,2
0.6630069,6,rgb_sar,0,2
0.63344216,6,rgb_sar,0,2
0.6707771,6,rgb_sar,0,2
0.64700305,6,rgb_sar,0,2
0.6538243,6,rgb_sar,0,2
0.67703044,6,rgb_sar,0,2
0.6413686,6,rgb_sar,0,2
0.6752608,6,rgb_sar,0,2
0.6623968,6,rgb_sar,0,2
0.63345397,6,rgb_sar,0,2
0.64996016,6,rgb_sar,0,2
0.68582207,6,rgb_sar,0,2
0.6073828,6,rgb_sar,0,2
0.70866466,6,rgb_sar,0,2
0.7419549,6,rgb_sar,0,2
0.72553575,6,rgb_sar,0,2
0.7081763,6,rgb_sar,0,2
0.69683206,6,rgb_sar,0,2
0.7183631,6,rgb_sar,0,2
0.68073934,6,rgb_sar,0,2
0.6729915,6,rgb_sar,0,2
0.6906712,6,rgb_sar,0,2
0.6822549,6,rgb_sar,0,2
0.39503324,4,rgb_sar,0,2
0.366885,4,rgb_sar,0,2
0.4558003,4,rgb_sar,0,2
0.44779024,4,rgb_sar,0,2
0.4946142,4,rgb_sar,0,2
0.4499703,4,rgb_sar,0,2
0.4022558,4,rgb_sar,0,2
0.53423643,4,rgb_sar,0,2
0.44790933,4,rgb_sar,0,2
0.41390276,4,rgb_sar,0,2
0.39686495,4,rgb_sar,0,2
0.57520974,4,rgb_sar,0,2
0.4766067,4,rgb_sar,0,2
0.46459776,4,rgb_sar,0,2
0.45561215,4,rgb_sar,0,2
0.61486983,4,rgb_sar,0,2
0.4783677,4,rgb_sar,0,2
0.48050275,4,rgb_sar,0,2
0.49267504,4,rgb_sar,0,2
0.6470619,4,rgb_sar,0,2
0.49426916,4,rgb_sar,0,2
0.5225221,4,rgb_sar,0,2
0.5414812,4,rgb_sar,0,2
0.68737495,4,rgb_sar,0,2
0.49930954,4,rgb_sar,0,2
0.49618086,4,rgb_sar,0,2
0.5178636,4,rgb_sar,0,2
0.70112693,4,rgb_sar,0,2
0.52347404,4,rgb_sar,0,2
0.5687762,4,rgb_sar,0,2
0.5572844,4,rgb_sar,0,2
0.6857326,4,rgb_sar,0,2
0.5179063,4,rgb_sar,0,2
0.52997494,4,rgb_sar,0,2
0.52721214,4,rgb_sar,0,2
0.5399371,4,rgb_sar,0,2
0.527949,4,rgb_sar,0,2
0.55208594,4,rgb_sar,0,2
0.5554353,4,rgb_sar,0,2
0.5430668,4,rgb_sar,0,2
0.5385888,4,rgb_sar,0,2
0.52983916,4,rgb_sar,0,2
0.550734,4,rgb_sar,0,2
0.5795937,4,rgb_sar,0,2
0.54803365,4,rgb_sar,0,2
0.5233359,4,rgb_sar,0,2
0.5100279,4,rgb_sar,0,2
0.54341304,4,rgb_sar,0,2
0.5761937,4,rgb_sar,0,2
0.5723038,4,rgb_sar,0,2
0.5403232,4,rgb_sar,0,2
0.52789545,4,rgb_sar,0,2
0.54157555,4,rgb_sar,0,2
0.5661031,4,rgb_sar,0,2
0.5875485,4,rgb_sar,0,2
0.61407506,4,rgb_sar,0,2
0.61508256,4,rgb_sar,0,2
0.59990925,4,rgb_sar,0,2
0.5407313,4,rgb_sar,0,2
0.5423327,4,rgb_sar,0,2
0.57461894,4,rgb_sar,0,2
0.5859979,4,rgb_sar,0,2
0.563568,4,rgb_sar,0,2
0.5881655,4,rgb_sar,0,2
0.62555814,4,rgb_sar,0,2
0.667039,4,rgb_sar,0,2
0.62527025,4,rgb_sar,0,2
0.5895833,4,rgb_sar,0,2
0.5824829,4,rgb_sar,0,2
0.62900543,4,rgb_sar,0,2
0.6318095,4,rgb_sar,0,2
0.61208016,4,rgb_sar,0,2
0.6183277,4,rgb_sar,0,2
0.59880066,4,rgb_sar,0,2
0.58001286,4,rgb_sar,0,2
0.60810566,4,rgb_sar,0,2
0.5991516,4,rgb_sar,0,2
0.6304103,4,rgb_sar,0,2
0.61973,4,rgb_sar,0,2
0.6197154,4,rgb_sar,0,2
0.6118039,4,rgb_sar,0,2
0.62576306,4,rgb_sar,0,2
0.6300427,4,rgb_sar,0,2
0.59878427,4,rgb_sar,0,2
0.6100762,4,rgb_sar,0,2
0.61575913,4,rgb_sar,0,2
0.654116,4,rgb_sar,0,2
0.6384211,4,rgb_sar,0,2
0.63539433,4,rgb_sar,0,2
0.630471,4,rgb_sar,0,2
0.600498,4,rgb_sar,0,2
0.6207137,4,rgb_sar,0,2
0.63421327,4,rgb_sar,0,2
0.66958416,4,rgb_sar,0,2
0.63470954,4,rgb_sar,0,2
0.62342906,4,rgb_sar,0,2
0.5554255,4,rgb_sar,0,2
0.54605085,4,rgb_sar,0,2
0.5636661,4,rgb_sar,0,2
0.6580652,4,rgb_sar,0,2
0.65608585,4,rgb_sar,0,2
0.65222347,4,rgb_sar,0,2
0.61718535,4,rgb_sar,0,2
0.5366433,4,rgb_sar,0,2
0.51394916,4,rgb_sar,0,2
0.5219366,4,rgb_sar,0,2
0.47540587,4,rgb_sar,0,2
0.5105149,4,rgb_sar,0,2
0.37073645,4,rgb_sar,0,2
0.45781845,4,rgb_sar,0,2
0.49006486,4,rgb_sar,0,2
0.5435058,4,rgb_sar,0,2
0.43772352,4,rgb_sar,0,2
0.5220207,4,rgb_sar,0,2
0.51605225,4,rgb_sar,0,2
0.550498,4,rgb_sar,0,2
0.43589634,4,rgb_sar,0,2
0.43649048,4,rgb_sar,0,2
0.48089975,4,rgb_sar,0,2
0.50667596,4,rgb_sar,0,2
0.4750241,4,rgb_sar,0,2
0.4666403,4,rgb_sar,0,2
0.49984062,4,rgb_sar,0,2
0.5508561,4,rgb_sar,0,2
0.6347866,4,rgb_sar,0,2
0.49321246,4,rgb_sar,0,2
0.52472526,4,rgb_sar,0,2
0.5790603,4,rgb_sar,0,2
0.58741766,4,rgb_sar,0,2
0.6674439,4,rgb_sar,0,2
0.5186559,4,rgb_sar,0,2
0.54581475,4,rgb_sar,0,2
0.57094014,4,rgb_sar,0,2
0.73049015,4,rgb_sar,0,2
0.5832796,4,rgb_sar,0,2
0.55605215,4,rgb_sar,0,2
0.73604894,4,rgb_sar,0,2
0.59815884,4,rgb_sar,0,2
0.5764377,4,rgb_sar,0,2
0.7395732,4,rgb_sar,0,2
0.60283864,4,rgb_sar,0,2
0.5619986,4,rgb_sar,0,2
0.72796184,4,rgb_sar,0,2
0.7245823,4,rgb_sar,0,2
0.27474463,4,rgb_sar,0,2
0.34506756,4,rgb_sar,0,2
0.31014192,4,rgb_sar,0,2
0.35187557,4,rgb_sar,0,2
0.4501524,4,rgb_sar,0,2
0.4463455,4,rgb_sar,0,2
0.440981,4,rgb_sar,0,2
0.54375124,4,rgb_sar,0,2
0.49542868,4,rgb_sar,0,2
0.48043138,4,rgb_sar,0,2
0.45472276,4,rgb_sar,0,2
0.54243994,4,rgb_sar,0,2
0.53548706,4,rgb_sar,0,2
0.50557184,4,rgb_sar,0,2
0.39977604,4,rgb_sar,0,2
0.5268562,4,rgb_sar,0,2
0.5082573,4,rgb_sar,0,2
0.4641913,4,rgb_sar,0,2
0.39673275,4,rgb_sar,0,2
0.54796416,4,rgb_sar,0,2
0.48073643,4,rgb_sar,0,2
0.46851346,4,rgb_sar,0,2
0.49717703,4,rgb_sar,0,2
0.60039663,4,rgb_sar,0,2
0.5526047,4,rgb_sar,0,2
0.54592454,4,rgb_sar,0,2
0.5506861,4,rgb_sar,0,2
0.60517097,4,rgb_sar,0,2
0.5926678,4,rgb_sar,0,2
0.5836961,4,rgb_sar,0,2
0.52005446,4,rgb_sar,0,2
0.5824628,4,rgb_sar,0,2
0.49524757,4,rgb_sar,0,2
0.53814006,4,rgb_sar,0,2
0.49248198,4,rgb_sar,0,2
0.59447825,4,rgb_sar,0,2
0.48253304,4,rgb_sar,0,2
0.47469863,4,rgb_sar,0,2
0.595675,4,rgb_sar,0,2
0.7035551,4,rgb_sar,0,2
0.4956848,4,rgb_sar,0,2
0.48619974,4,rgb_sar,0,2
0.55787975,4,rgb_sar,0,2
0.67560065,4,rgb_sar,0,2
0.5090538,4,rgb_sar,0,2
0.51178765,4,rgb_sar,0,2
0.5253099,4,rgb_sar,0,2
0.49584955,4,rgb_sar,0,2
0.50569636,4,rgb_sar,0,2
0.5147063,4,rgb_sar,0,2
0.53923225,4,rgb_sar,0,2
0.5248589,4,rgb_sar,0,2
0.5487847,4,rgb_sar,0,2
0.50985324,4,rgb_sar,0,2
0.51321834,4,rgb_sar,0,2
0.51491183,4,rgb_sar,0,2
0.54501206,4,rgb_sar,0,2
0.5557183,4,rgb_sar,0,2
0.5697329,4,rgb_sar,0,2
0.58159757,4,rgb_sar,0,2
0.56491303,4,rgb_sar,0,2
0.54994977,4,rgb_sar,0,2
0.5874639,4,rgb_sar,0,2
0.57379246,4,rgb_sar,0,2
0.59174484,4,rgb_sar,0,2
0.64284796,4,rgb_sar,0,2
0.6188426,4,rgb_sar,0,2
0.59437555,4,rgb_sar,0,2
0.5905547,4,rgb_sar,0,2
0.5631927,4,rgb_sar,0,2
0.5214782,4,rgb_sar,0,2
0.5675809,4,rgb_sar,0,2
0.5647788,4,rgb_sar,0,2
0.6549126,4,rgb_sar,0,2
0.6381286,4,rgb_sar,0,2
0.57169574,4,rgb_sar,0,2
0.57119435,4,rgb_sar,0,2
0.583576,4,rgb_sar,0,2
0.56475186,4,rgb_sar,0,2
0.59674543,4,rgb_sar,0,2
0.650928,4,rgb_sar,0,2
0.6232736,4,rgb_sar,0,2
0.57723296,4,rgb_sar,0,2
0.53471875,4,rgb_sar,0,2
0.551937,4,rgb_sar,0,2
0.56109786,4,rgb_sar,0,2
0.58238006,4,rgb_sar,0,2
0.6632941,4,rgb_sar,0,2
0.6487348,4,rgb_sar,0,2
0.58748335,4,rgb_sar,0,2
0.5588467,4,rgb_sar,0,2
0.54054016,4,rgb_sar,0,2
0.54563844,4,rgb_sar,0,2
0.5691272,4,rgb_sar,0,2
0.6405532,4,rgb_sar,0,2
0.6190915,4,rgb_sar,0,2
0.5886364,4,rgb_sar,0,2
0.58472306,4,rgb_sar,0,2
0.57090485,4,rgb_sar,0,2
0.60422534,4,rgb_sar,0,2
0.59790426,4,rgb_sar,0,2
0.5745127,4,rgb_sar,0,2
0.56951684,4,rgb_sar,0,2
0.58393276,4,rgb_sar,0,2
0.494362,4,rgb_sar,0,2
0.55746806,4,rgb_sar,0,2
0.51665086,4,rgb_sar,0,2
0.5845889,4,rgb_sar,0,2
0.5058383,4,rgb_sar,0,2
0.48915774,4,rgb_sar,0,2
0.5278855,4,rgb_sar,0,2
0.6087353,4,rgb_sar,0,2
0.52429986,4,rgb_sar,0,2
0.52650297,4,rgb_sar,0,2
0.5382283,4,rgb_sar,0,2
0.5727807,4,rgb_sar,0,2
0.52686226,4,rgb_sar,0,2
0.5161133,4,rgb_sar,0,2
0.544098,4,rgb_sar,0,2
0.5906549,4,rgb_sar,0,2
0.5574571,4,rgb_sar,0,2
0.54326797,4,rgb_sar,0,2
0.59422517,4,rgb_sar,0,2
0.6060367,4,rgb_sar,0,2
0.67766905,4,rgb_sar,0,2
0.5643506,4,rgb_sar,0,2
0.57708967,4,rgb_sar,0,2
0.62676525,4,rgb_sar,0,2
0.6197268,4,rgb_sar,0,2
0.68599737,4,rgb_sar,0,2
0.5846044,4,rgb_sar,0,2
0.59005857,4,rgb_sar,0,2
0.60069895,4,rgb_sar,0,2
0.6873039,4,rgb_sar,0,2
0.5554544,4,rgb_sar,0,2
0.58231664,4,rgb_sar,0,2
0.70166767,4,rgb_sar,0,2
0.5500711,4,rgb_sar,0,2
0.56120414,4,rgb_sar,0,2
0.7404487,4,rgb_sar,0,2
0.63143575,4,rgb_sar,0,2
0.61033267,4,rgb_sar,0,2
0.74250424,4,rgb_sar,0,2
0.696438,4,rgb_sar,0,2
0.6808816,6,rgb_sar,0,2
0.6649949,6,rgb_sar,0,2
0.7664395,6,rgb_sar,0,2
0.7081125,6,rgb_sar,0,2
0.6961149,6,rgb_sar,0,2
0.78847814,6,rgb_sar,0,2
0.8028898,6,rgb_sar,0,2
0.7665577,6,rgb_sar,0,2
0.6994357,6,rgb_sar,0,2
0.6664387,6,rgb_sar,0,2
0.6207948,6,rgb_sar,0,2
0.5029267,6,rgb_sar,0,2
0.5274663,6,rgb_sar,0,2
0.7195165,6,rgb_sar,0,2
0.720538,6,rgb_sar,0,2
0.67310536,6,rgb_sar,0,2
0.6677377,6,rgb_sar,0,2
0.6761769,6,rgb_sar,0,2
0.6257353,6,rgb_sar,0,2
0.64205265,6,rgb_sar,0,2
0.6645947,6,rgb_sar,0,2
0.6500449,6,rgb_sar,0,2
0.6501446,6,rgb_sar,0,2
0.6643747,6,rgb_sar,0,2
0.67236173,6,rgb_sar,0,2
0.6743894,6,rgb_sar,0,2
0.6815722,6,rgb_sar,0,2
0.6758845,6,rgb_sar,0,2
0.6723062,6,rgb_sar,0,2
0.68730533,6,rgb_sar,0,2
0.56828666,6,rgb_sar,0,2
0.45948604,6,rgb_sar,0,2
0.70593095,6,rgb_sar,0,2
0.5686976,6,rgb_sar,0,2
0.7036887,6,rgb_sar,0,2
0.59869194,6,rgb_sar,0,2
0.5096054,6,rgb_sar,0,2
0.42597258,6,rgb_sar,0,2
0.3108291,6,rgb_sar,0,2
0.67977774,6,rgb_sar,0,2
0.56966114,6,rgb_sar,0,2
0.5083178,6,rgb_sar,0,2
0.38314033,6,rgb_sar,0,2
0.4899895,6,rgb_sar,0,2
0.6439688,6,rgb_sar,0,2
0.59595317,6,rgb_sar,0,2
0.74195576,6,rgb_sar,0,2
0.60511553,6,rgb_sar,0,2
0.6239542,6,rgb_sar,0,2
0.7526254,6,rgb_sar,0,2
0.74879766,6,rgb_sar,0,2
0.7167127,6,rgb_sar,0,2
0.6908581,6,rgb_sar,0,2
0.6400324,6,rgb_sar,0,2
0.58458453,6,rgb_sar,0,2
0.4835527,6,rgb_sar,0,2
0.47517574,6,rgb_sar,0,2
0.7171107,6,rgb_sar,0,2
0.67487985,6,rgb_sar,0,2
0.66295487,6,rgb_sar,0,2
0.58608913,6,rgb_sar,0,2
0.55186003,6,rgb_sar,0,2
0.6928584,6,rgb_sar,0,2
0.63267505,6,rgb_sar,0,2
0.58784896,6,rgb_sar,0,2
0.5551096,6,rgb_sar,0,2
0.58337766,6,rgb_sar,0,2
0.51897323,6,rgb_sar,0,2
0.68631566,6,rgb_sar,0,2
0.6710893,6,rgb_sar,0,2
0.6441689,6,rgb_sar,0,2
0.62055767,6,rgb_sar,0,2
0.6388906,6,rgb_sar,0,2
0.61573535,6,rgb_sar,0,2
0.51737016,6,rgb_sar,0,2
0.42734897,6,rgb_sar,0,2
0.67006415,6,rgb_sar,0,2
0.5854678,6,rgb_sar,0,2
0.6817798,6,rgb_sar,0,2
0.6003982,6,rgb_sar,0,2
0.5646999,6,rgb_sar,0,2
0.6281817,6,rgb_sar,0,2
0.6756105,6,rgb_sar,0,2
0.70337135,6,rgb_sar,0,2
0.6077387,6,rgb_sar,0,2
0.59913695,6,rgb_sar,0,2
0.6122127,6,rgb_sar,0,2
0.63593394,6,rgb_sar,0,2
0.5093789,6,rgb_sar,0,2
0.51433706,6,rgb_sar,0,2
0.54495096,6,rgb_sar,0,2
0.63229704,6,rgb_sar,0,2
0.5449401,6,rgb_sar,0,2
0.544597,6,rgb_sar,0,2
0.56849384,6,rgb_sar,0,2
0.5375762,6,rgb_sar,0,2
0.5963942,6,rgb_sar,0,2
0.58374065,6,rgb_sar,0,2
0.5933206,6,rgb_sar,0,2
0.5547215,6,rgb_sar,0,2
0.55811465,6,rgb_sar,0,2
0.5755608,6,rgb_sar,0,2
0.60333794,6,rgb_sar,0,2
0.55651784,6,rgb_sar,0,2
0.54764867,6,rgb_sar,0,2
0.54614556,6,rgb_sar,0,2
0.5591917,6,rgb_sar,0,2
0.47183043,6,rgb_sar,0,2
0.5501814,6,rgb_sar,0,2
0.59733486,6,rgb_sar,0,2
0.5999956,6,rgb_sar,0,2
0.5523732,6,rgb_sar,0,2
0.5572404,6,rgb_sar,0,2
0.53617716,6,rgb_sar,0,2
0.54896945,6,rgb_sar,0,2
0.46752992,6,rgb_sar,0,2
0.5949556,6,rgb_sar,0,2
0.6255896,6,rgb_sar,0,2
0.5959076,6,rgb_sar,0,2
0.50908685,6,rgb_sar,0,2
0.49865597,6,rgb_sar,0,2
0.54876196,6,rgb_sar,0,2
0.5561758,6,rgb_sar,0,2
0.48763233,6,rgb_sar,0,2
0.57603204,6,rgb_sar,0,2
0.54368913,6,rgb_sar,0,2
0.54557526,6,rgb_sar,0,2
0.50713927,6,rgb_sar,0,2
0.49482977,6,rgb_sar,0,2
0.536482,6,rgb_sar,0,2
0.5130116,6,rgb_sar,0,2
0.49523732,6,rgb_sar,0,2
0.53953063,6,rgb_sar,0,2
0.5109314,6,rgb_sar,0,2
0.53285253,6,rgb_sar,0,2
0.5012797,6,rgb_sar,0,2
0.46582884,6,rgb_sar,0,2
0.5042371,6,rgb_sar,0,2
0.4746943,6,rgb_sar,0,2
0.4869722,6,rgb_sar,0,2
0.5306364,6,rgb_sar,0,2
0.5387882,6,rgb_sar,0,2
0.5889408,6,rgb_sar,0,2
0.513122,6,rgb_sar,0,2
0.47013357,6,rgb_sar,0,2
0.5099999,6,rgb_sar,0,2
0.47851792,6,rgb_sar,0,2
0.4966599,6,rgb_sar,0,2
0.469362,6,rgb_sar,0,2
0.512366,6,rgb_sar,0,2
0.48270762,6,rgb_sar,0,2
0.5701088,6,rgb_sar,0,2
0.46860197,6,rgb_sar,0,2
0.5113435,6,rgb_sar,0,2
0.46703517,6,rgb_sar,0,2
0.5402028,6,rgb_sar,0,2
0.5196221,6,rgb_sar,0,2
0.5626143,6,rgb_sar,0,2
0.59289634,6,rgb_sar,0,2
0.5574829,6,rgb_sar,0,2
0.6022569,6,rgb_sar,0,2
0.5995588,6,rgb_sar,0,2
0.59887534,6,rgb_sar,0,2
0.5635762,6,rgb_sar,0,2
0.63382983,6,rgb_sar,0,2
0.6803788,6,rgb_sar,0,2
0.65510404,6,rgb_sar,0,2
0.5928866,6,rgb_sar,0,2
0.538741,6,rgb_sar,0,2
0.5872829,6,rgb_sar,0,2
0.60439175,6,rgb_sar,0,2
0.5438967,6,rgb_sar,0,2
0.5028089,6,rgb_sar,0,2
0.52893376,6,rgb_sar,0,2
0.46644992,6,rgb_sar,0,2
0.4162311,6,rgb_sar,0,2
0.5237192,6,rgb_sar,0,2
0.52504194,6,rgb_sar,0,2
0.5539004,6,rgb_sar,0,2
0.5322602,6,rgb_sar,0,2
0.50427794,6,rgb_sar,0,2
0.53274953,6,rgb_sar,0,2
0.50007266,6,rgb_sar,0,2
0.46903104,6,rgb_sar,0,2
0.53310907,6,rgb_sar,0,2
0.5192245,6,rgb_sar,0,2
0.542582,6,rgb_sar,0,2
0.5465799,6,rgb_sar,0,2
0.5257598,6,rgb_sar,0,2
0.5360671,6,rgb_sar,0,2
0.5101856,6,rgb_sar,0,2
0.49933094,6,rgb_sar,0,2
0.55191267,6,rgb_sar,0,2
0.52280927,6,rgb_sar,0,2
0.5407959,6,rgb_sar,0,2
0.55596495,6,rgb_sar,0,2
0.54136485,6,rgb_sar,0,2
0.5447123,6,rgb_sar,0,2
0.49771652,6,rgb_sar,0,2
0.49907374,6,rgb_sar,0,2
0.574736,6,rgb_sar,0,2
0.5847817,6,rgb_sar,0,2
0.59338176,6,rgb_sar,0,2
0.561951,6,rgb_sar,0,2
0.51034236,6,rgb_sar,0,2
0.48507494,6,rgb_sar,0,2
0.4400094,6,rgb_sar,0,2
0.49757266,6,rgb_sar,0,2
0.55817795,6,rgb_sar,0,2
0.5665802,6,rgb_sar,0,2
0.55321825,6,rgb_sar,0,2
0.5209366,6,rgb_sar,0,2
0.4840655,6,rgb_sar,0,2
0.5204035,6,rgb_sar,0,2
0.4537996,6,rgb_sar,0,2
0.51185226,6,rgb_sar,0,2
0.5239738,6,rgb_sar,0,2
0.518124,6,rgb_sar,0,2
0.4630211,6,rgb_sar,0,2
0.5059975,6,rgb_sar,0,2
0.5375613,6,rgb_sar,0,2
0.53651243,6,rgb_sar,0,2
0.50896657,6,rgb_sar,0,2
0.51112425,6,rgb_sar,0,2
0.47626618,5,rgb_sar,0,2
0.48493803,5,rgb_sar,0,2
0.33253938,5,rgb_sar,0,2
0.35136092,5,rgb_sar,0,2
0.51195985,5,rgb_sar,0,2
0.51533234,5,rgb_sar,0,2
0.35632417,5,rgb_sar,0,2
0.38675633,5,rgb_sar,0,2
0.5467629,5,rgb_sar,0,2
0.5354068,5,rgb_sar,0,2
0.37518352,5,rgb_sar,0,2
0.38595328,5,rgb_sar,0,2
0.45099747,5,rgb_sar,0,2
0.4363436,5,rgb_sar,0,2
0.3646297,5,rgb_sar,0,2
0.37813467,5,rgb_sar,0,2
0.4281106,5,rgb_sar,0,2
0.42467502,5,rgb_sar,0,2
0.36232513,5,rgb_sar,0,2
0.38062525,5,rgb_sar,0,2
0.449214,5,rgb_sar,0,2
0.42873344,5,rgb_sar,0,2
0.305901,5,rgb_sar,0,2
0.33282423,5,rgb_sar,0,2
0.48823345,5,rgb_sar,0,2
0.4665358,5,rgb_sar,0,2
0.33725864,5,rgb_sar,0,2
0.31027913,5,rgb_sar,0,2
0.4910525,5,rgb_sar,0,2
0.4546917,5,rgb_sar,0,2
0.30697992,5,rgb_sar,0,2
0.46113774,5,rgb_sar,0,2
0.43952978,5,rgb_sar,0,2
0.48365852,5,rgb_sar,0,2
0.48085874,5,rgb_sar,0,2
0.4962499,5,rgb_sar,0,2
0.50913185,5,rgb_sar,0,2
0.4533767,6,rgb_sar,0,2
0.55496335,6,rgb_sar,0,2
0.5696451,6,rgb_sar,0,2
0.5050691,6,rgb_sar,0,2
0.4907731,6,rgb_sar,0,2
0.46777844,6,rgb_sar,0,2
0.49386522,6,rgb_sar,0,2
0.4626376,6,rgb_sar,0,2
0.51828885,6,rgb_sar,0,2
0.47853574,6,rgb_sar,0,2
0.54232633,6,rgb_sar,0,2
0.5196099,6,rgb_sar,0,2
0.4963528,6,rgb_sar,0,2
0.49894696,6,rgb_sar,0,2
0.5343735,6,rgb_sar,0,2
0.5048786,6,rgb_sar,0,2
0.48695597,6,rgb_sar,0,2
0.56269497,6,rgb_sar,0,2
0.5515138,6,rgb_sar,0,2
0.46800023,6,rgb_sar,0,2
0.49308476,6,rgb_sar,0,2
0.514748,6,rgb_sar,0,2
0.5314654,6,rgb_sar,0,2
0.47247785,6,rgb_sar,0,2
0.45891106,6,rgb_sar,0,2
0.52986836,6,rgb_sar,0,2
0.5323781,6,rgb_sar,0,2
0.441851,6,rgb_sar,0,2
0.5536716,6,rgb_sar,0,2
0.6115442,6,rgb_sar,0,2
0.65206426,6,rgb_sar,0,2
0.5380331,6,rgb_sar,0,2
0.51253414,6,rgb_sar,0,2
0.4330048,6,rgb_sar,0,2
0.4397477,6,rgb_sar,0,2
0.41221762,6,rgb_sar,0,2
0.5520383,6,rgb_sar,0,2
0.59025884,6,rgb_sar,0,2
0.6234317,6,rgb_sar,0,2
0.56128985,6,rgb_sar,0,2
0.5584563,6,rgb_sar,0,2
0.44803062,6,rgb_sar,0,2
0.45812947,6,rgb_sar,0,2
0.43936288,6,rgb_sar,0,2
0.5436115,6,rgb_sar,0,2
0.5628842,6,rgb_sar,0,2
0.5967437,6,rgb_sar,0,2
0.57275707,6,rgb_sar,0,2
0.5500555,6,rgb_sar,0,2
0.4422982,6,rgb_sar,0,2
0.43866515,6,rgb_sar,0,2
0.49440524,6,rgb_sar,0,2
0.5301925,6,rgb_sar,0,2
0.577242,6,rgb_sar,0,2
0.60560334,6,rgb_sar,0,2
0.5374404,6,rgb_sar,0,2
0.48526528,6,rgb_sar,0,2
0.45487696,6,rgb_sar,0,2
0.45959756,6,rgb_sar,0,2
0.5170139,6,rgb_sar,0,2
0.5016213,6,rgb_sar,0,2
0.517976,6,rgb_sar,0,2
0.4841716,6,rgb_sar,0,2
0.4663901,6,rgb_sar,0,2
0.5631619,6,rgb_sar,0,2
0.5124526,6,rgb_sar,0,2
0.46865803,6,rgb_sar,0,2
0.42327207,6,rgb_sar,0,2
0.50194913,5,rgb_sar,0,2
0.43827385,5,rgb_sar,0,2
0.3994767,5,rgb_sar,0,2
0.38212213,5,rgb_sar,0,2
0.5436286,5,rgb_sar,0,2
0.5111487,5,rgb_sar,0,2
0.4334476,5,rgb_sar,0,2
0.39285958,5,rgb_sar,0,2
0.62432975,5,rgb_sar,0,2
0.5534149,5,rgb_sar,0,2
0.4720956,5,rgb_sar,0,2
0.40645355,5,rgb_sar,0,2
0.49266657,5,rgb_sar,0,2
0.43044078,5,rgb_sar,0,2
0.3890757,5,rgb_sar,0,2
0.34261036,5,rgb_sar,0,2
0.41628316,5,rgb_sar,0,2
0.39359963,5,rgb_sar,0,2
0.38395345,5,rgb_sar,0,2
0.37674809,5,rgb_sar,0,2
0.43070593,5,rgb_sar,0,2
0.41591284,5,rgb_sar,0,2
0.41493452,5,rgb_sar,0,2
0.4743974,5,rgb_sar,0,2
0.43245083,5,rgb_sar,0,2
0.41212922,5,rgb_sar,0,2
0.41225028,5,rgb_sar,0,2
0.45792425,5,rgb_sar,0,2
0.31104535,5,rgb_sar,0,2
0.31836158,5,rgb_sar,0,2
0.3356324,5,rgb_sar,0,2
0.32699043,5,rgb_sar,0,2
0.3571421,5,rgb_sar,0,2
0.33514914,5,rgb_sar,0,2
0.33114502,5,rgb_sar,0,2
0.30159798,5,rgb_sar,0,2
0.30137935,5,rgb_sar,0,2
0.546209,6,rgb_sar,0,2
0.53823066,6,rgb_sar,0,2
0.5846783,6,rgb_sar,0,2
0.5483858,6,rgb_sar,0,2
0.5105605,6,rgb_sar,0,2
0.46175778,6,rgb_sar,0,2
0.45187873,6,rgb_sar,0,2
0.45607048,6,rgb_sar,0,2
0.48140752,6,rgb_sar,0,2
0.44960102,6,rgb_sar,0,2
0.43393475,6,rgb_sar,0,2
0.43771294,6,rgb_sar,0,2
0.5043969,6,rgb_sar,0,2
0.41926724,6,rgb_sar,0,2
0.44153836,6,rgb_sar,0,2
0.44736588,6,rgb_sar,0,2
0.45527032,6,rgb_sar,0,2
0.5200181,6,rgb_sar,0,2
0.51164544,6,rgb_sar,0,2
0.4352443,6,rgb_sar,0,2
0.5145515,6,rgb_sar,0,2
0.45095256,6,rgb_sar,0,2
0.44749615,6,rgb_sar,0,2
0.4467872,6,rgb_sar,0,2
0.46500412,6,rgb_sar,0,2
0.5477537,6,rgb_sar,0,2
0.5839073,6,rgb_sar,0,2
0.4897576,6,rgb_sar,0,2
0.5129899,6,rgb_sar,0,2
0.48968616,6,rgb_sar,0,2
0.46617028,6,rgb_sar,0,2
0.45417625,6,rgb_sar,0,2
0.45002076,6,rgb_sar,0,2
0.53831345,6,rgb_sar,0,2
0.54604024,6,rgb_sar,0,2
0.44618064,6,rgb_sar,0,2
0.52692056,6,rgb_sar,0,2
0.5237992,6,rgb_sar,0,2
0.5128668,6,rgb_sar,0,2
0.4796,6,rgb_sar,0,2
0.43072128,6,rgb_sar,0,2
0.46369606,6,rgb_sar,0,2
0.46243605,6,rgb_sar,0,2
0.4042045,6,rgb_sar,0,2
0.53288877,6,rgb_sar,0,2
0.5462378,6,rgb_sar,0,2
0.52391505,6,rgb_sar,0,2
0.5064648,6,rgb_sar,0,2
0.4625448,6,rgb_sar,0,2
0.46147245,6,rgb_sar,0,2
0.4624186,6,rgb_sar,0,2
0.41014987,6,rgb_sar,0,2
0.4925729,6,rgb_sar,0,2
0.5058695,6,rgb_sar,0,2
0.5183301,6,rgb_sar,0,2
0.52132714,6,rgb_sar,0,2
0.5123451,6,rgb_sar,0,2
0.5023015,6,rgb_sar,0,2
0.46386182,6,rgb_sar,0,2
0.39054078,6,rgb_sar,0,2
0.5097869,6,rgb_sar,0,2
0.5334581,6,rgb_sar,0,2
0.48526442,6,rgb_sar,0,2
0.3765347,6,rgb_sar,0,2
0.55541646,6,rgb_sar,0,2
0.55665076,6,rgb_sar,0,2
0.5038381,6,rgb_sar,0,2
0.400549,6,rgb_sar,0,2
0.30450374,7,rgb_sar,0,2
0.2889778,7,rgb_sar,0,2
0.3049123,7,rgb_sar,0,2
0.3222294,7,rgb_sar,0,2
0.33165765,7,rgb_sar,0,2
0.27376544,7,rgb_sar,0,2
0.29231882,7,rgb_sar,0,2
0.35748932,7,rgb_sar,0,2
0.3618325,7,rgb_sar,0,2
0.32083166,7,rgb_sar,0,2
0.32700244,7,rgb_sar,0,2
0.32141694,7,rgb_sar,0,2
0.29324448,7,rgb_sar,0,2
0.2648716,7,rgb_sar,0,2
0.22596374,7,rgb_sar,0,2
0.47043854,7,rgb_sar,0,2
0.47030538,7,rgb_sar,0,2
0.48162714,7,rgb_sar,0,2
0.4361592,7,rgb_sar,0,2
0.4272862,7,rgb_sar,0,2
0.41144,7,rgb_sar,0,2
0.3933394,7,rgb_sar,0,2
0.38684517,7,rgb_sar,0,2
0.392468,7,rgb_sar,0,2
0.32970166,7,rgb_sar,0,2
0.32805526,7,rgb_sar,0,2
0.30923313,7,rgb_sar,0,2
0.3551602,7,rgb_sar,0,2
0.4018095,7,rgb_sar,0,2
0.32684052,7,rgb_sar,0,2
0.26522204,7,rgb_sar,0,2
0.30404675,7,rgb_sar,0,2
0.3611659,7,rgb_sar,0,2
0.39844066,7,rgb_sar,0,2
0.36791825,7,rgb_sar,0,2
0.32147017,7,rgb_sar,0,2
0.35582453,7,rgb_sar,0,2
0.30039135,7,rgb_sar,0,2
0.2217657,7,rgb_sar,0,2
0.421552,7,rgb_sar,0,2
0.40635502,7,rgb_sar,0,2
0.44418478,7,rgb_sar,0,2
0.4840813,7,rgb_sar,0,2
0.45453686,7,rgb_sar,0,2
0.40580255,7,rgb_sar,0,2
0.4272197,7,rgb_sar,0,2
0.38226274,7,rgb_sar,0,2
0.31583935,7,rgb_sar,0,2
0.38742712,7,rgb_sar,0,2
0.41424537,7,rgb_sar,0,2
0.64909303,7,rgb_sar,0,2
0.6077435,7,rgb_sar,0,2
0.3974725,5,rgb_sar,0,2
0.3922047,5,rgb_sar,0,2
0.36512557,5,rgb_sar,0,2
0.30889344,5,rgb_sar,0,2
0.40164447,5,rgb_sar,0,2
0.4201306,5,rgb_sar,0,2
0.39468402,5,rgb_sar,0,2
0.333268,5,rgb_sar,0,2
0.43111962,5,rgb_sar,0,2
0.4397635,5,rgb_sar,0,2
0.38707325,5,rgb_sar,0,2
0.32922536,5,rgb_sar,0,2
0.43473917,5,rgb_sar,0,2
0.4136615,5,rgb_sar,0,2
0.29988375,5,rgb_sar,0,2
0.28446054,5,rgb_sar,0,2
0.39880437,5,rgb_sar,0,2
0.4228928,5,rgb_sar,0,2
0.3505332,5,rgb_sar,0,2
0.3350469,5,rgb_sar,0,2
0.37754983,5,rgb_sar,0,2
0.46251065,5,rgb_sar,0,2
0.47116268,5,rgb_sar,0,2
0.41024587,5,rgb_sar,0,2
0.37911227,5,rgb_sar,0,2
0.41215956,5,rgb_sar,0,2
0.43240184,5,rgb_sar,0,2
0.40270996,5,rgb_sar,0,2
0.3697569,5,rgb_sar,0,2
0.35861862,5,rgb_sar,0,2
0.35927308,5,rgb_sar,0,2
0.30015913,5,rgb_sar,0,2
0.31874233,5,rgb_sar,0,2
0.33337975,5,rgb_sar,0,2
0.40122476,5,rgb_sar,0,2
0.36973727,5,rgb_sar,0,2
0.39746022,5,rgb_sar,0,2
0.47699445,5,rgb_sar,0,2
0.46136656,5,rgb_sar,0,2
0.3931388,5,rgb_sar,0,2
0.38407362,5,rgb_sar,0,2
0.5349629,5,rgb_sar,0,2
0.51312083,5,rgb_sar,0,2
0.42208898,5,rgb_sar,0,2
0.39873302,5,rgb_sar,0,2
0.47523674,5,rgb_sar,0,2
0.5142642,5,rgb_sar,0,2
0.4369532,5,rgb_sar,0,2
0.40832692,5,rgb_sar,0,2
0.46212772,5,rgb_sar,0,2
0.5174067,5,rgb_sar,0,2
0.4400518,5,rgb_sar,0,2
0.40601093,5,rgb_sar,0,2
0.4652274,5,rgb_sar,0,2
0.55493146,5,rgb_sar,0,2
0.49239203,5,rgb_sar,0,2
0.42382526,5,rgb_sar,0,2
0.4014945,5,rgb_sar,0,2
0.48975393,5,rgb_sar,0,2
0.4696058,5,rgb_sar,0,2
0.3871587,5,rgb_sar,0,2
0.41680646,5,rgb_sar,0,2
0.45048714,5,rgb_sar,0,2
0.3792532,5,rgb_sar,0,2
0.34171617,5,rgb_sar,0,2
0.4346317,5,rgb_sar,0,2
0.4525889,5,rgb_sar,0,2
0.40137166,5,rgb_sar,0,2
0.43705845,5,rgb_sar,0,2
0.41815114,5,rgb_sar,0,2
0.45426956,5,rgb_sar,0,2
0.42205414,5,rgb_sar,0,2
0.41306376,5,rgb_sar,0,2
0.46734717,5,rgb_sar,0,2
0.37859684,3,rgb_sar,0,2
0.49653107,3,rgb_sar,0,2
0.35509276,3,rgb_sar,0,2
0.43241996,3,rgb_sar,0,2
0.32817718,3,rgb_sar,0,2
0.42594737,3,rgb_sar,0,2
0.27375472,3,rgb_sar,0,2
0.20722885,3,rgb_sar,0,2
0.2640667,3,rgb_sar,0,2
0.31465313,3,rgb_sar,0,2
0.4156136,3,rgb_sar,0,2
0.41544354,3,rgb_sar,0,2
0.3734309,3,rgb_sar,0,2
0.27043638,3,rgb_sar,0,2
0.2513085,3,rgb_sar,0,2
0.31437936,3,rgb_sar,0,2
0.3654308,3,rgb_sar,0,2
0.41758397,3,rgb_sar,0,2
0.4422848,3,rgb_sar,0,2
0.37243244,3,rgb_sar,0,2
0.29599017,3,rgb_sar,0,2
0.27900565,3,rgb_sar,0,2
0.3252437,3,rgb_sar,0,2
0.35146165,3,rgb_sar,0,2
0.40402237,3,rgb_sar,0,2
0.41324118,3,rgb_sar,0,2
0.38615867,3,rgb_sar,0,2
0.5772772,3,rgb_sar,0,2
0.4021477,3,rgb_sar,0,2
0.35405356,3,rgb_sar,0,2
0.30592746,3,rgb_sar,0,2
0.30450976,3,rgb_sar,0,2
0.33575323,3,rgb_sar,0,2
0.3845358,3,rgb_sar,0,2
0.3735543,3,rgb_sar,0,2
0.53842604,3,rgb_sar,0,2
0.4786271,3,rgb_sar,0,2
0.46571085,3,rgb_sar,0,2
0.37559372,3,rgb_sar,0,2
0.37424725,3,rgb_sar,0,2
0.30575433,3,rgb_sar,0,2
0.2431115,3,rgb_sar,0,2
0.2297277,3,rgb_sar,0,2
0.29797274,3,rgb_sar,0,2
0.35456744,3,rgb_sar,0,2
0.5523548,3,rgb_sar,0,2
0.34656203,3,rgb_sar,0,2
0.32960075,3,rgb_sar,0,2
0.37341917,3,rgb_sar,0,2
0.4003113,3,rgb_sar,0,2
0.29629833,3,rgb_sar,0,2
0.20421225,3,rgb_sar,0,2
0.20504327,3,rgb_sar,0,2
0.25009084,3,rgb_sar,0,2
0.32766962,3,rgb_sar,0,2
0.4869902,3,rgb_sar,0,2
0.37504715,3,rgb_sar,0,2
0.3385915,3,rgb_sar,0,2
0.39273584,3,rgb_sar,0,2
0.37295195,3,rgb_sar,0,2
0.26461095,3,rgb_sar,0,2
0.26566714,3,rgb_sar,0,2
0.3286022,3,rgb_sar,0,2
0.32504874,3,rgb_sar,0,2
0.36609998,3,rgb_sar,0,2
0.5116945,3,rgb_sar,0,2
0.33603215,3,rgb_sar,0,2
0.35695437,3,rgb_sar,0,2
0.40372008,3,rgb_sar,0,2
0.36883315,3,rgb_sar,0,2
0.30548394,3,rgb_sar,0,2
0.31363702,3,rgb_sar,0,2
0.3227319,3,rgb_sar,0,2
0.31844538,3,rgb_sar,0,2
0.36356393,3,rgb_sar,0,2
0.5164009,3,rgb_sar,0,2
0.43294895,3,rgb_sar,0,2
0.4704247,3,rgb_sar,0,2
0.47360474,3,rgb_sar,0,2
0.4488042,3,rgb_sar,0,2
0.37862316,3,rgb_sar,0,2
0.37521216,3,rgb_sar,0,2
0.38293645,3,rgb_sar,0,2
0.35709003,3,rgb_sar,0,2
0.40230143,3,rgb_sar,0,2
0.5894224,3,rgb_sar,0,2
0.3430885,3,rgb_sar,0,2
0.36320275,3,rgb_sar,0,2
0.4251936,3,rgb_sar,0,2
0.41670388,3,rgb_sar,0,2
0.3446545,3,rgb_sar,0,2
0.25026172,3,rgb_sar,0,2
0.19528586,3,rgb_sar,0,2
0.21986504,3,rgb_sar,0,2
0.30247286,3,rgb_sar,0,2
0.2652769,3,rgb_sar,0,2
0.1914756,3,rgb_sar,0,2
0.23982109,3,rgb_sar,0,2
0.29199576,3,rgb_sar,0,2
0.28747356,3,rgb_sar,0,2
0.27844483,3,rgb_sar,0,2
0.30671373,3,rgb_sar,0,2
0.26948237,3,rgb_sar,0,2
0.26555806,3,rgb_sar,0,2
0.3036167,3,rgb_sar,0,2
0.30454582,3,rgb_sar,0,2
0.20222662,3,rgb_sar,0,2
0.23062289,3,rgb_sar,0,2
0.2524817,3,rgb_sar,0,2
0.21444836,3,rgb_sar,0,2
0.23927265,3,rgb_sar,0,2
0.21386696,3,rgb_sar,0,2
0.16799563,3,rgb_sar,0,2
0.15546894,3,rgb_sar,0,2
0.2749316,3,rgb_sar,0,2
0.22755757,3,rgb_sar,0,2
0.21698557,3,rgb_sar,0,2
0.18321815,3,rgb_sar,0,2
0.17139477,3,rgb_sar,0,2
0.20755322,3,rgb_sar,0,2
0.21924508,3,rgb_sar,0,2
0.25013387,3,rgb_sar,0,2
0.25030115,3,rgb_sar,0,2
0.19890463,3,rgb_sar,0,2
0.34386867,3,rgb_sar,0,2
0.34421405,3,rgb_sar,0,2
0.29461896,3,rgb_sar,0,2
0.28443947,3,rgb_sar,0,2
0.25619787,3,rgb_sar,0,2
0.24221534,3,rgb_sar,0,2
0.2143645,3,rgb_sar,0,2
0.20016652,3,rgb_sar,0,2
0.24032995,3,rgb_sar,0,2
0.23525417,3,rgb_sar,0,2
0.22579286,3,rgb_sar,0,2
0.22065482,3,rgb_sar,0,2
0.35912097,3,rgb_sar,0,2
0.34177008,3,rgb_sar,0,2
0.2544819,3,rgb_sar,0,2
0.25375867,3,rgb_sar,0,2
0.28921646,3,rgb_sar,0,2
0.23323926,3,rgb_sar,0,2
0.17675737,3,rgb_sar,0,2
0.19907606,3,rgb_sar,0,2
0.35888714,3,rgb_sar,0,2
0.3355616,3,rgb_sar,0,2
0.29727492,3,rgb_sar,0,2
0.32233477,3,rgb_sar,0,2
0.33847862,3,rgb_sar,0,2
0.3602965,3,rgb_sar,0,2
0.27147448,3,rgb_sar,0,2
0.2788831,3,rgb_sar,0,2
0.28600836,3,rgb_sar,0,2
0.23886076,3,rgb_sar,0,2
0.21870732,3,rgb_sar,0,2
0.29452437,3,rgb_sar,0,2
0.4591493,3,rgb_sar,0,2
0.41244513,3,rgb_sar,0,2
0.31682563,3,rgb_sar,0,2
0.34572428,3,rgb_sar,0,2
0.4117759,3,rgb_sar,0,2
0.26484036,3,rgb_sar,0,2
0.31466657,3,rgb_sar,0,2
0.26904467,3,rgb_sar,0,2
0.26481387,3,rgb_sar,0,2
0.29479223,3,rgb_sar,0,2
0.25969112,3,rgb_sar,0,2
0.31343186,3,rgb_sar,0,2
0.4071321,3,rgb_sar,0,2
0.5024767,3,rgb_sar,0,2
0.43345302,3,rgb_sar,0,2
0.36756074,3,rgb_sar,0,2
0.41145676,3,rgb_sar,0,2
0.4834674,3,rgb_sar,0,2
0.39798495,3,rgb_sar,0,2
0.42532623,3,rgb_sar,0,2
0.4359554,3,rgb_sar,0,2
0.41334352,3,rgb_sar,0,2
0.35434413,3,rgb_sar,0,2
0.35737997,3,rgb_sar,0,2
0.4162356,3,rgb_sar,0,2
0.46177945,3,rgb_sar,0,2
0.51360315,3,rgb_sar,0,2
0.47111866,3,rgb_sar,0,2
0.4665688,3,rgb_sar,0,2
0.49809778,3,rgb_sar,0,2
0.5208025,3,rgb_sar,0,2
0.54494596,3,rgb_sar,0,2
0.41913512,3,rgb_sar,0,2
0.3100769,3,rgb_sar,0,2
0.21519387,3,rgb_sar,0,2
0.24791473,3,rgb_sar,0,2
0.179355,3,rgb_sar,0,2
0.22969963,3,rgb_sar,0,2
0.1968458,3,rgb_sar,0,2
0.30820084,3,rgb_sar,0,2
0.4370814,3,rgb_sar,0,2
0.43320325,3,rgb_sar,0,2
0.48139983,3,rgb_sar,0,2
0.609957,3,rgb_sar,0,2
0.59266675,3,rgb_sar,0,2
0.5395185,3,rgb_sar,0,2
0.361686,7,rgb_sar,0,2
0.3601849,7,rgb_sar,0,2
0.4223715,7,rgb_sar,0,2
0.4253899,7,rgb_sar,0,2
0.36539948,7,rgb_sar,0,2
0.26413184,7,rgb_sar,0,2
0.28688863,7,rgb_sar,0,2
0.2959165,7,rgb_sar,0,2
0.31047347,7,rgb_sar,0,2
0.28444594,7,rgb_sar,0,2
0.3179525,7,rgb_sar,0,2
0.35694462,7,rgb_sar,0,2
0.33477968,7,rgb_sar,0,2
0.25928098,7,rgb_sar,0,2
0.26487708,7,rgb_sar,0,2
0.2712662,7,rgb_sar,0,2
0.26943845,7,rgb_sar,0,2
0.26912123,7,rgb_sar,0,2
0.29173294,7,rgb_sar,0,2
0.3290096,7,rgb_sar,0,2
0.35012344,7,rgb_sar,0,2
0.31115153,7,rgb_sar,0,2
0.266698,7,rgb_sar,0,2
0.25897098,7,rgb_sar,0,2
0.2852058,7,rgb_sar,0,2
0.30171108,7,rgb_sar,0,2
0.2692402,7,rgb_sar,0,2
0.32834977,7,rgb_sar,0,2
0.39576054,7,rgb_sar,0,2
0.34258252,7,rgb_sar,0,2
0.29309773,7,rgb_sar,0,2
0.24920335,7,rgb_sar,0,2
0.23338282,7,rgb_sar,0,2
0.28127003,7,rgb_sar,0,2
0.29795384,7,rgb_sar,0,2
0.29408514,7,rgb_sar,0,2
0.32710677,7,rgb_sar,0,2
0.32907358,7,rgb_sar,0,2
0.2877997,7,rgb_sar,0,2
0.26832703,7,rgb_sar,0,2
0.2080696,7,rgb_sar,0,2
0.1997478,7,rgb_sar,0,2
0.24479567,7,rgb_sar,0,2
0.24891305,7,rgb_sar,0,2
0.2848259,7,rgb_sar,0,2
0.29502937,7,rgb_sar,0,2
0.2924319,7,rgb_sar,0,2
0.29493794,7,rgb_sar,0,2
0.28558937,7,rgb_sar,0,2
0.20646551,7,rgb_sar,0,2
0.22539715,7,rgb_sar,0,2
0.25828993,7,rgb_sar,0,2
0.25770405,7,rgb_sar,0,2
0.32194576,7,rgb_sar,0,2
0.36162758,7,rgb_sar,0,2
0.32864532,7,rgb_sar,0,2
0.31486452,7,rgb_sar,0,2
0.3291635,7,rgb_sar,0,2
0.25949708,7,rgb_sar,0,2
0.26364815,7,rgb_sar,0,2
0.2576253,7,rgb_sar,0,2
0.24344671,7,rgb_sar,0,2
0.2212869,7,rgb_sar,0,2
0.25772706,7,rgb_sar,0,2
0.2268269,7,rgb_sar,0,2
0.20812769,7,rgb_sar,0,2
0.20115626,7,rgb_sar,0,2
0.16211656,7,rgb_sar,0,2
0.22805646,7,rgb_sar,0,2
0.46312964,3,rgb_sar,0,2
0.41370773,3,rgb_sar,0,2
0.2950037,3,rgb_sar,0,2
0.2329243,3,rgb_sar,0,2
0.25508922,3,rgb_sar,0,2
0.22674936,3,rgb_sar,0,2
0.18996021,3,rgb_sar,0,2
0.22715163,3,rgb_sar,0,2
0.2696647,3,rgb_sar,0,2
0.3683903,3,rgb_sar,0,2
0.36545235,3,rgb_sar,0,2
0.34761178,3,rgb_sar,0,2
0.3714726,3,rgb_sar,0,2
0.3310687,3,rgb_sar,0,2
0.22599299,3,rgb_sar,0,2
0.16618675,3,rgb_sar,0,2
0.21767697,3,rgb_sar,0,2
0.18524106,3,rgb_sar,0,2
0.4115917,3,rgb_sar,0,2
0.41194832,3,rgb_sar,0,2
0.39232284,3,rgb_sar,0,2
0.3437001,3,rgb_sar,0,2
0.29592264,3,rgb_sar,0,2
0.25019324,3,rgb_sar,0,2
0.17537338,3,rgb_sar,0,2
0.230076,3,rgb_sar,0,2
0.1915188,3,rgb_sar,0,2
0.2748979,3,rgb_sar,0,2
0.38304526,3,rgb_sar,0,2
0.43478978,3,rgb_sar,0,2
0.4284633,3,rgb_sar,0,2
0.40065372,3,rgb_sar,0,2
0.3428599,3,rgb_sar,0,2
0.30996063,3,rgb_sar,0,2
0.25405562,3,rgb_sar,0,2
0.20390189,3,rgb_sar,0,2
0.25671124,3,rgb_sar,0,2
0.18776014,3,rgb_sar,0,2
0.21128985,3,rgb_sar,0,2
0.30428374,3,rgb_sar,0,2
0.4937508,3,rgb_sar,0,2
0.4573785,3,rgb_sar,0,2
0.44406152,3,rgb_sar,0,2
0.4212251,3,rgb_sar,0,2
0.38680738,3,rgb_sar,0,2
0.33994293,3,rgb_sar,0,2
0.3134216,3,rgb_sar,0,2
0.22288929,3,rgb_sar,0,2
0.20568633,3,rgb_sar,0,2
0.13814215,3,rgb_sar,0,2
0.25286317,3,rgb_sar,0,2
0.2838026,3,rgb_sar,0,2
0.49939662,3,rgb_sar,0,2
0.46086565,3,rgb_sar,0,2
0.40893096,3,rgb_sar,0,2
0.4076116,3,rgb_sar,0,2
0.39498368,3,rgb_sar,0,2
0.35514683,3,rgb_sar,0,2
0.33138353,3,rgb_sar,0,2
0.27951798,3,rgb_sar,0,2
0.21172136,3,rgb_sar,0,2
0.18319543,3,rgb_sar,0,2
0.30780476,3,rgb_sar,0,2
0.2941978,3,rgb_sar,0,2
0.4666019,3,rgb_sar,0,2
0.55166936,3,rgb_sar,0,2
0.49974686,3,rgb_sar,0,2
0.42636937,3,rgb_sar,0,2
0.41756615,3,rgb_sar,0,2
0.39337003,3,rgb_sar,0,2
0.3264907,3,rgb_sar,0,2
0.40302306,3,rgb_sar,0,2
0.34074822,3,rgb_sar,0,2
0.22602408,3,rgb_sar,0,2
0.19405174,3,rgb_sar,0,2
0.24317189,3,rgb_sar,0,2
0.24630883,3,rgb_sar,0,2
0.47249162,3,rgb_sar,0,2
0.5456244,3,rgb_sar,0,2
0.50228095,3,rgb_sar,0,2
0.44936705,3,rgb_sar,0,2
0.406756,3,rgb_sar,0,2
0.4021573,3,rgb_sar,0,2
0.35683352,3,rgb_sar,0,2
0.348482,3,rgb_sar,0,2
0.27600455,3,rgb_sar,0,2
0.22077456,3,rgb_sar,0,2
0.27419806,3,rgb_sar,0,2
0.497958,3,rgb_sar,0,2
0.50625217,3,rgb_sar,0,2
0.4814416,3,rgb_sar,0,2
0.40184677,3,rgb_sar,0,2
0.32435834,3,rgb_sar,0,2
0.35182628,3,rgb_sar,0,2
0.37293214,3,rgb_sar,0,2
0.30355823,3,rgb_sar,0,2
0.20768136,3,rgb_sar,0,2
0.25472042,3,rgb_sar,0,2
0.5391712,3,rgb_sar,0,2
0.5207403,3,rgb_sar,0,2
0.5179627,3,rgb_sar,0,2
0.41107398,3,rgb_sar,0,2
0.32059816,3,rgb_sar,0,2
0.3158213,3,rgb_sar,0,2
0.3408385,3,rgb_sar,0,2
0.27242297,3,rgb_sar,0,2
0.22389933,3,rgb_sar,0,2
0.5685138,3,rgb_sar,0,2
0.51795936,3,rgb_sar,0,2
0.49354458,3,rgb_sar,0,2
0.35914928,3,rgb_sar,0,2
0.2587458,3,rgb_sar,0,2
0.23923704,3,rgb_sar,0,2
0.26577362,3,rgb_sar,0,2
0.5494742,3,rgb_sar,0,2
0.49570805,3,rgb_sar,0,2
0.48043317,3,rgb_sar,0,2
0.37187704,3,rgb_sar,0,2
0.30263525,3,rgb_sar,0,2
0.22018957,3,rgb_sar,0,2
0.2574041,3,rgb_sar,0,2
0.4452069,3,rgb_sar,0,2
0.4088901,3,rgb_sar,0,2
0.31849533,3,rgb_sar,0,2
0.24712503,3,rgb_sar,0,2
0.26860005,3,rgb_sar,0,2
0.31319135,3,rgb_sar,0,2
0.20569478,3,rgb_sar,0,2
0.28985655,3,rgb_sar,0,2
0.34224582,3,rgb_sar,0,2
0.29109037,3,rgb_sar,0,2
0.28612918,3,rgb_sar,0,2
0.3002046,3,rgb_sar,0,2
0.34287074,7,rgb_sar,0,2
0.34670186,7,rgb_sar,0,2
0.3725001,7,rgb_sar,0,2
0.36682704,7,rgb_sar,0,2
0.29132056,7,rgb_sar,0,2
0.23612083,7,rgb_sar,0,2
0.28595456,7,rgb_sar,0,2
0.35915953,7,rgb_sar,0,2
0.357166,7,rgb_sar,0,2
0.35547942,7,rgb_sar,0,2
0.38873193,7,rgb_sar,0,2
0.28846002,7,rgb_sar,0,2
0.21198228,7,rgb_sar,0,2
0.2631933,7,rgb_sar,0,2
0.3201939,7,rgb_sar,0,2
0.35092813,7,rgb_sar,0,2
0.34786123,7,rgb_sar,0,2
0.32825983,7,rgb_sar,0,2
0.33393407,7,rgb_sar,0,2
0.34517682,7,rgb_sar,0,2
0.2587694,7,rgb_sar,0,2
0.22952685,7,rgb_sar,0,2
0.3314442,7,rgb_sar,0,2
0.31359836,7,rgb_sar,0,2
0.2933639,7,rgb_sar,0,2
0.25537038,7,rgb_sar,0,2
0.35565946,7,rgb_sar,0,2
0.32709378,7,rgb_sar,0,2
0.32559884,7,rgb_sar,0,2
0.3295201,7,rgb_sar,0,2
0.3436199,7,rgb_sar,0,2
0.28952882,7,rgb_sar,0,2
0.23816916,7,rgb_sar,0,2
0.30213675,7,rgb_sar,0,2
0.3167658,7,rgb_sar,0,2
0.2789768,7,rgb_sar,0,2
0.34468567,7,rgb_sar,0,2
0.37834668,7,rgb_sar,0,2
0.33613944,7,rgb_sar,0,2
0.3268397,7,rgb_sar,0,2
0.34240568,7,rgb_sar,0,2
0.34952235,7,rgb_sar,0,2
0.2888701,7,rgb_sar,0,2
0.25383154,7,rgb_sar,0,2
0.3188823,7,rgb_sar,0,2
0.2791233,7,rgb_sar,0,2
0.31074008,7,rgb_sar,0,2
0.39585412,7,rgb_sar,0,2
0.39924198,7,rgb_sar,0,2
0.32987636,7,rgb_sar,0,2
0.33481324,7,rgb_sar,0,2
0.3983429,7,rgb_sar,0,2
0.42441362,7,rgb_sar,0,2
0.33170447,7,rgb_sar,0,2
0.30025256,7,rgb_sar,0,2
0.32630932,7,rgb_sar,0,2
0.2591975,7,rgb_sar,0,2
0.3265864,7,rgb_sar,0,2
0.39483863,7,rgb_sar,0,2
0.41007453,7,rgb_sar,0,2
0.3662622,7,rgb_sar,0,2
0.34446773,7,rgb_sar,0,2
0.384174,7,rgb_sar,0,2
0.4188329,7,rgb_sar,0,2
0.3689534,7,rgb_sar,0,2
0.31647348,7,rgb_sar,0,2
0.29569495,7,rgb_sar,0,2
0.34444508,7,rgb_sar,0,2
0.33798003,7,rgb_sar,0,2
0.3654734,7,rgb_sar,0,2
0.3682751,7,rgb_sar,0,2
0.38083512,7,rgb_sar,0,2
0.3629733,7,rgb_sar,0,2
0.28152448,7,rgb_sar,0,2
0.24394436,7,rgb_sar,0,2
0.26684913,7,rgb_sar,0,2
0.29612973,7,rgb_sar,0,2
0.28789234,7,rgb_sar,0,2
0.28335813,7,rgb_sar,0,2
0.31247425,7,rgb_sar,0,2
0.31271255,7,rgb_sar,0,2
0.30442032,7,rgb_sar,0,2
0.3014308,7,rgb_sar,0,2
0.30275208,7,rgb_sar,0,2
0.30811843,7,rgb_sar,0,2
0.30788773,7,rgb_sar,0,2
0.34808695,7,rgb_sar,0,2
0.3253983,7,rgb_sar,0,2
0.32006052,7,rgb_sar,0,2
0.27549982,7,rgb_sar,0,2
0.26346648,7,rgb_sar,0,2
0.22926351,7,rgb_sar,0,2
0.25945777,7,rgb_sar,0,2
0.14778802,7,rgb_sar,0,2
0.20518978,7,rgb_sar,0,2
0.23258878,7,rgb_sar,0,2
0.24215855,7,rgb_sar,0,2
0.21692674,7,rgb_sar,0,2
0.22865051,7,rgb_sar,0,2
0.29592118,7,rgb_sar,0,2
0.22614938,7,rgb_sar,0,2
0.21480164,7,rgb_sar,0,2
0.23854057,7,rgb_sar,0,2
0.2537328,7,rgb_sar,0,2
0.26629496,7,rgb_sar,0,2
0.22708777,7,rgb_sar,0,2
0.35751736,7,rgb_sar,0,2
0.3996856,7,rgb_sar,0,2
0.31392127,7,rgb_sar,0,2
0.27136233,7,rgb_sar,0,2
0.23672813,7,rgb_sar,0,2
0.2120493,7,rgb_sar,0,2
0.35531268,7,rgb_sar,0,2
0.39834177,7,rgb_sar,0,2
0.3595903,7,rgb_sar,0,2
0.28404245,7,rgb_sar,0,2
0.20380817,7,rgb_sar,0,2
0.24534008,7,rgb_sar,0,2
0.36320204,7,rgb_sar,0,2
0.40077788,7,rgb_sar,0,2
0.35911575,7,rgb_sar,0,2
0.2698434,7,rgb_sar,0,2
0.16369393,7,rgb_sar,0,2
0.44291636,3,rgb_sar,0,2
0.3997267,3,rgb_sar,0,2
0.33023253,3,rgb_sar,0,2
0.15054713,3,rgb_sar,0,2
0.2176769,3,rgb_sar,0,2
0.24937777,3,rgb_sar,0,2
0.21686731,3,rgb_sar,0,2
0.26201582,3,rgb_sar,0,2
0.25181362,3,rgb_sar,0,2
0.23072621,7,rgb_sar,0,2
0.24910311,7,rgb_sar,0,2
0.4372625,3,rgb_sar,0,2
0.39295554,3,rgb_sar,0,2
0.29123655,3,rgb_sar,0,2
0.16884688,3,rgb_sar,0,2
0.23447663,3,rgb_sar,0,2
0.29219875,3,rgb_sar,0,2
0.2495035,3,rgb_sar,0,2
0.20743483,3,rgb_sar,0,2
0.19433166,3,rgb_sar,0,2
0.5018252,3,rgb_sar,0,2
0.37330595,3,rgb_sar,0,2
0.24425802,3,rgb_sar,0,2
0.18928546,3,rgb_sar,0,2
0.2130862,3,rgb_sar,0,2
0.22189252,3,rgb_sar,0,2
0.17953917,3,rgb_sar,0,2
0.25895095,3,rgb_sar,0,2
0.22098827,3,rgb_sar,0,2
0.16236502,3,rgb_sar,0,2
0.27181068,3,rgb_sar,0,2
0.5109701,3,rgb_sar,0,2
0.3511417,3,rgb_sar,0,2
0.22665888,3,rgb_sar,0,2
0.21306181,3,rgb_sar,0,2
0.23628905,3,rgb_sar,0,2
0.25981566,3,rgb_sar,0,2
0.21329746,3,rgb_sar,0,2
0.28026414,3,rgb_sar,0,2
0.22884125,3,rgb_sar,0,2
0.14035879,3,rgb_sar,0,2
0.21997938,3,rgb_sar,0,2
0.5067314,3,rgb_sar,0,2
0.4698252,3,rgb_sar,0,2
0.37099418,3,rgb_sar,0,2
0.2821403,3,rgb_sar,0,2
0.21638057,3,rgb_sar,0,2
0.19582514,3,rgb_sar,0,2
0.20512645,3,rgb_sar,0,2
0.18442088,3,rgb_sar,0,2
0.22397867,3,rgb_sar,0,2
0.1941528,3,rgb_sar,0,2
0.23796526,3,rgb_sar,0,2
0.2725678,3,rgb_sar,0,2
0.46220127,3,rgb_sar,0,2
0.47350508,3,rgb_sar,0,2
0.4141032,3,rgb_sar,0,2
0.3540302,3,rgb_sar,0,2
0.20558085,3,rgb_sar,0,2
0.15857768,3,rgb_sar,0,2
0.28168237,3,rgb_sar,0,2
0.27656713,3,rgb_sar,0,2
0.22322498,3,rgb_sar,0,2
0.19067207,3,rgb_sar,0,2
0.23711605,3,rgb_sar,0,2
0.23013327,3,rgb_sar,0,2
0.42459655,3,rgb_sar,0,2
0.5209761,3,rgb_sar,0,2
0.51364183,3,rgb_sar,0,2
0.43996704,3,rgb_sar,0,2
0.3827439,3,rgb_sar,0,2
0.19574125,3,rgb_sar,0,2
0.15703738,3,rgb_sar,0,2
0.35776475,3,rgb_sar,0,2
0.34845945,3,rgb_sar,0,2
0.22302265,3,rgb_sar,0,2
0.20282292,3,rgb_sar,0,2
0.31726962,3,rgb_sar,0,2
0.25071293,3,rgb_sar,0,2
0.43974143,3,rgb_sar,0,2
0.5207052,3,rgb_sar,0,2
0.526121,3,rgb_sar,0,2
0.4324203,3,rgb_sar,0,2
0.41055232,3,rgb_sar,0,2
0.2915164,3,rgb_sar,0,2
0.22096866,3,rgb_sar,0,2
0.3341784,3,rgb_sar,0,2
0.31685734,3,rgb_sar,0,2
0.1762748,3,rgb_sar,0,2
0.21076623,3,rgb_sar,0,2
0.5106781,3,rgb_sar,0,2
0.50244516,3,rgb_sar,0,2
0.5191425,3,rgb_sar,0,2
0.3708228,3,rgb_sar,0,2
0.28043672,3,rgb_sar,0,2
0.21921097,3,rgb_sar,0,2
0.21580756,3,rgb_sar,0,2
0.19584394,3,rgb_sar,0,2
0.1571936,3,rgb_sar,0,2
0.16145521,3,rgb_sar,0,2
0.57430196,3,rgb_sar,0,2
0.5107051,3,rgb_sar,0,2
0.49676347,3,rgb_sar,0,2
0.28632784,3,rgb_sar,0,2
0.14504775,3,rgb_sar,0,2
0.131322,3,rgb_sar,0,2
0.2063601,3,rgb_sar,0,2
0.23460752,3,rgb_sar,0,2
0.20277283,3,rgb_sar,0,2
0.5323353,3,rgb_sar,0,2
0.43846494,3,rgb_sar,0,2
0.4443084,3,rgb_sar,0,2
0.25573567,3,rgb_sar,0,2
0.15500587,3,rgb_sar,0,2
0.14396274,3,rgb_sar,0,2
0.19039324,3,rgb_sar,0,2
0.46739933,3,rgb_sar,0,2
0.42066914,3,rgb_sar,0,2
0.42570296,3,rgb_sar,0,2
0.22177435,3,rgb_sar,0,2
0.18923578,3,rgb_sar,0,2
0.155316,3,rgb_sar,0,2
0.17573693,3,rgb_sar,0,2
0.40829933,3,rgb_sar,0,2
0.34538713,3,rgb_sar,0,2
0.19003323,3,rgb_sar,0,2
0.22606523,3,rgb_sar,0,2
0.19461268,3,rgb_sar,0,2
0.2348801,3,rgb_sar,0,2
0.22657306,3,rgb_sar,0,2
0.21048667,3,rgb_sar,0,2
0.26673606,3,rgb_sar,0,2
0.15667243,3,rgb_sar,0,2
0.31315768,3,rgb_sar,0,2
0.35491145,3,rgb_sar,0,2
0.1930922,7,rgb_sar,0,2
0.18770795,7,rgb_sar,0,2
0.27008325,7,rgb_sar,0,2
0.29325664,7,rgb_sar,0,2
0.2960968,7,rgb_sar,0,2
0.30739683,7,rgb_sar,0,2
0.19744971,7,rgb_sar,0,2
0.18255761,7,rgb_sar,0,2
0.31667462,7,rgb_sar,0,2
0.26892394,7,rgb_sar,0,2
0.24842763,7,rgb_sar,0,2
0.20283411,7,rgb_sar,0,2
0.22994119,7,rgb_sar,0,2
0.30042002,7,rgb_sar,0,2
0.3375916,7,rgb_sar,0,2
0.3526653,7,rgb_sar,0,2
0.28097457,7,rgb_sar,0,2
0.18639117,7,rgb_sar,0,2
0.253988,7,rgb_sar,0,2
0.23757562,7,rgb_sar,0,2
0.2506616,7,rgb_sar,0,2
0.25763768,7,rgb_sar,0,2
0.24349593,7,rgb_sar,0,2
0.23934555,7,rgb_sar,0,2
0.28389698,7,rgb_sar,0,2
0.22770514,7,rgb_sar,0,2
0.23395577,7,rgb_sar,0,2
0.23154539,7,rgb_sar,0,2
0.22977582,7,rgb_sar,0,2
0.2415441,7,rgb_sar,0,2
0.23070839,7,rgb_sar,0,2
0.23641138,7,rgb_sar,0,2
0.252282,7,rgb_sar,0,2
0.18022203,7,rgb_sar,0,2
0.21934193,7,rgb_sar,0,2
0.36527675,7,rgb_sar,0,2
0.22584337,7,rgb_sar,0,2
0.30488133,7,rgb_sar,0,2
0.18943712,7,rgb_sar,0,2
0.2911992,7,rgb_sar,0,2
0.29481697,7,rgb_sar,0,2
0.16274032,7,rgb_sar,0,2
0.25777853,7,rgb_sar,0,2
0.22799027,7,rgb_sar,0,2
0.06930759,7,rgb_sar,0,2
0.29828075,7,rgb_sar,0,2
0.26441377,7,rgb_sar,0,2
0.17572576,7,rgb_sar,0,2
0.25914606,7,rgb_sar,0,2
0.1909948,7,rgb_sar,0,2
0.07869755,7,rgb_sar,0,2
0.27761582,7,rgb_sar,0,2
0.26345524,7,rgb_sar,0,2
0.26351717,7,rgb_sar,0,2
0.11441798,7,rgb_sar,0,2
0.2543892,7,rgb_sar,0,2
0.51208353,5,rgb_sar,0,2
0.46422127,5,rgb_sar,0,2
0.48571104,5,rgb_sar,0,2
0.45602992,5,rgb_sar,0,2
0.48909146,5,rgb_sar,0,2
0.4752009,5,rgb_sar,0,2
0.51154304,5,rgb_sar,0,2
0.5168225,5,rgb_sar,0,2
0.550841,5,rgb_sar,0,2
0.53853667,5,rgb_sar,0,2
0.5229735,5,rgb_sar,0,2
0.49002206,5,rgb_sar,0,2
0.5706337,5,rgb_sar,0,2
0.5123365,5,rgb_sar,0,2
0.47857037,5,rgb_sar,0,2
0.47148073,5,rgb_sar,0,2
0.5285224,5,rgb_sar,0,2
0.49432558,5,rgb_sar,0,2
0.4580546,5,rgb_sar,0,2
0.47555032,5,rgb_sar,0,2
0.50120246,5,rgb_sar,0,2
0.55427873,5,rgb_sar,0,2
0.5992875,5,rgb_sar,0,2
0.4547239,5,rgb_sar,0,2
0.49140048,5,rgb_sar,0,2
0.53831327,5,rgb_sar,0,2
0.5084771,5,rgb_sar,0,2
0.51178503,5,rgb_sar,0,2
0.5347698,5,rgb_sar,0,2
0.42828023,5,rgb_sar,0,2
0.467822,5,rgb_sar,0,2
0.49790564,5,rgb_sar,0,2
0.474042,5,rgb_sar,0,2
0.50245225,5,rgb_sar,0,2
0.5287992,5,rgb_sar,0,2
0.4202664,5,rgb_sar,0,2
0.44474384,5,rgb_sar,0,2
0.48531696,5,rgb_sar,0,2
0.4638231,5,rgb_sar,0,2
0.49309173,5,rgb_sar,0,2
0.40172777,5,rgb_sar,0,2
0.4252381,5,rgb_sar,0,2
0.46184137,5,rgb_sar,0,2
0.45602816,5,rgb_sar,0,2
0.48715055,5,rgb_sar,0,2
0.40490675,5,rgb_sar,0,2
0.4028699,5,rgb_sar,0,2
0.4156244,5,rgb_sar,0,2
0.45108593,5,rgb_sar,0,2
0.33279344,5,rgb_sar,0,2
0.33866993,5,rgb_sar,0,2
0.36913398,5,rgb_sar,0,2
0.43705016,5,rgb_sar,0,2
0.30204257,5,rgb_sar,0,2
0.3403908,5,rgb_sar,0,2
0.38865417,5,rgb_sar,0,2
0.39977142,5,rgb_sar,0,2
0.39268553,5,rgb_sar,0,2
0.538272,5,rgb_sar,0,2
0.52288455,5,rgb_sar,0,2
0.49044436,5,rgb_sar,0,2
0.503047,5,rgb_sar,0,2
0.5028223,5,rgb_sar,0,2
0.5057869,5,rgb_sar,0,2
0.5176166,5,rgb_sar,0,2
0.5267814,5,rgb_sar,0,2
0.52513945,5,rgb_sar,0,2
0.5171915,5,rgb_sar,0,2
0.40801924,5,rgb_sar,0,2
0.40083033,5,rgb_sar,0,2
0.4899603,5,rgb_sar,0,2
0.49429017,5,rgb_sar,0,2
0.43933403,5,rgb_sar,0,2
0.4315542,5,rgb_sar,0,2
0.39217862,5,rgb_sar,0,2
0.42423317,5,rgb_sar,0,2
0.4445852,5,rgb_sar,0,2
0.532732,5,rgb_sar,0,2
0.5252564,5,rgb_sar,0,2
0.3383971,5,rgb_sar,0,2
0.36307022,5,rgb_sar,0,2
0.4324993,5,rgb_sar,0,2
0.45173874,5,rgb_sar,0,2
0.5573702,5,rgb_sar,0,2
0.53335905,5,rgb_sar,0,2
0.3841182,5,rgb_sar,0,2
0.41590255,5,rgb_sar,0,2
0.49057132,5,rgb_sar,0,2
0.52435684,5,rgb_sar,0,2
0.5116527,5,rgb_sar,0,2
0.44446775,5,rgb_sar,0,2
0.41754416,5,rgb_sar,0,2
0.46314663,5,rgb_sar,0,2
0.51134807,5,rgb_sar,0,2
0.5510559,5,rgb_sar,0,2
0.49619943,5,rgb_sar,0,2
0.42554513,5,rgb_sar,0,2
0.42936027,5,rgb_sar,0,2
0.42802644,5,rgb_sar,0,2
0.4541898,5,rgb_sar,0,2
0.4730223,5,rgb_sar,0,2
0.46328068,5,rgb_sar,0,2
0.4537879,5,rgb_sar,0,2
0.45552874,5,rgb_sar,0,2
0.48302767,5,rgb_sar,0,2
0.44989592,5,rgb_sar,0,2
0.47053668,5,rgb_sar,0,2
0.523736,5,rgb_sar,0,2
0.4831192,5,rgb_sar,0,2
0.44205007,5,rgb_sar,0,2
0.4481788,5,rgb_sar,0,2
0.5157718,5,rgb_sar,0,2
0.46044272,5,rgb_sar,0,2
0.42667595,5,rgb_sar,0,2
0.4586472,5,rgb_sar,0,2
0.4201908,5,rgb_sar,0,2
0.4406271,3,rgb_sar,0,2
0.5370656,3,rgb_sar,0,2
0.40782803,3,rgb_sar,0,2
0.51103437,3,rgb_sar,0,2
0.5456054,3,rgb_sar,0,2
0.5361376,3,rgb_sar,0,2
0.36951745,3,rgb_sar,0,2
0.38596812,3,rgb_sar,0,2
0.4445288,3,rgb_sar,0,2
0.493509,3,rgb_sar,0,2
0.5095805,3,rgb_sar,0,2
0.48315048,3,rgb_sar,0,2
0.4205868,3,rgb_sar,0,2
0.37420887,3,rgb_sar,0,2
0.4281272,3,rgb_sar,0,2
0.44880313,3,rgb_sar,0,2
0.41259617,3,rgb_sar,0,2
0.4347683,3,rgb_sar,0,2
0.440419,3,rgb_sar,0,2
0.4674734,3,rgb_sar,0,2
0.4239127,3,rgb_sar,0,2
0.46148103,3,rgb_sar,0,2
0.4702791,3,rgb_sar,0,2
0.47081682,3,rgb_sar,0,2
0.51101094,3,rgb_sar,0,2
0.51710117,3,rgb_sar,0,2
0.51974946,3,rgb_sar,0,2
0.61152244,3,rgb_sar,0,2
0.41120493,3,rgb_sar,0,2
0.38568237,3,rgb_sar,0,2
0.41794527,3,rgb_sar,0,2
0.43237543,3,rgb_sar,0,2
0.515172,3,rgb_sar,0,2
0.51458514,3,rgb_sar,0,2
0.4628148,3,rgb_sar,0,2
0.573328,3,rgb_sar,0,2
0.40877074,3,rgb_sar,0,2
0.40806976,3,rgb_sar,0,2
0.43005362,3,rgb_sar,0,2
0.39998484,3,rgb_sar,0,2
0.43817553,3,rgb_sar,0,2
0.43435657,3,rgb_sar,0,2
0.47974384,3,rgb_sar,0,2
0.43865633,3,rgb_sar,0,2
0.40187198,3,rgb_sar,0,2
0.55227154,3,rgb_sar,0,2
0.39845154,3,rgb_sar,0,2
0.40212816,3,rgb_sar,0,2
0.32188183,3,rgb_sar,0,2
0.34666115,3,rgb_sar,0,2
0.43075654,3,rgb_sar,0,2
0.36789507,3,rgb_sar,0,2
0.35783276,3,rgb_sar,0,2
0.36306423,3,rgb_sar,0,2
0.43168604,3,rgb_sar,0,2
0.5370824,3,rgb_sar,0,2
0.40375096,3,rgb_sar,0,2
0.41627485,3,rgb_sar,0,2
0.36760315,3,rgb_sar,0,2
0.34969622,3,rgb_sar,0,2
0.37596643,3,rgb_sar,0,2
0.3357409,3,rgb_sar,0,2
0.34896454,3,rgb_sar,0,2
0.34254703,3,rgb_sar,0,2
0.43512022,3,rgb_sar,0,2
0.5301108,3,rgb_sar,0,2
0.3698855,3,rgb_sar,0,2
0.34480375,3,rgb_sar,0,2
0.39717376,3,rgb_sar,0,2
0.42140728,3,rgb_sar,0,2
0.36999595,3,rgb_sar,0,2
0.32238233,3,rgb_sar,0,2
0.31757665,3,rgb_sar,0,2
0.29733542,3,rgb_sar,0,2
0.33891016,3,rgb_sar,0,2
0.4761104,3,rgb_sar,0,2
0.3430035,3,rgb_sar,0,2
0.33088788,3,rgb_sar,0,2
0.38185602,3,rgb_sar,0,2
0.37929866,3,rgb_sar,0,2
0.31975716,3,rgb_sar,0,2
0.28971592,3,rgb_sar,0,2
0.31126547,3,rgb_sar,0,2
0.31789213,3,rgb_sar,0,2
0.3890958,3,rgb_sar,0,2
0.47223717,3,rgb_sar,0,2
0.35506052,3,rgb_sar,0,2
0.37211275,3,rgb_sar,0,2
0.3723618,3,rgb_sar,0,2
0.37828815,3,rgb_sar,0,2
0.36133856,3,rgb_sar,0,2
0.31298542,3,rgb_sar,0,2
0.3426579,3,rgb_sar,0,2
0.35893357,3,rgb_sar,0,2
0.37006298,3,rgb_sar,0,2
0.48635545,3,rgb_sar,0,2
0.36093283,3,rgb_sar,0,2
0.38071948,3,rgb_sar,0,2
0.36329263,3,rgb_sar,0,2
0.31556743,3,rgb_sar,0,2
0.34508312,3,rgb_sar,0,2
0.30867362,3,rgb_sar,0,2
0.294356,3,rgb_sar,0,2
0.44248867,3,rgb_sar,0,2
0.28190202,3,rgb_sar,0,2
0.27193096,3,rgb_sar,0,2
0.27858853,3,rgb_sar,0,2
0.3216751,3,rgb_sar,0,2
0.35516986,3,rgb_sar,0,2
0.3438159,3,rgb_sar,0,2
0.3524683,3,rgb_sar,0,2
0.4691426,3,rgb_sar,0,2
0.25339538,3,rgb_sar,0,2
0.28573442,3,rgb_sar,0,2
0.3539502,3,rgb_sar,0,2
0.41145992,3,rgb_sar,0,2
0.4307827,3,rgb_sar,0,2
0.4498315,3,rgb_sar,0,2
0.56263363,3,rgb_sar,0,2
0.35341382,3,rgb_sar,0,2
0.32952738,3,rgb_sar,0,2
0.31617588,3,rgb_sar,0,2
0.34646922,3,rgb_sar,0,2
0.49972194,3,rgb_sar,0,2
0.38112906,3,rgb_sar,0,2
0.3746168,3,rgb_sar,0,2
0.34705293,3,rgb_sar,0,2
0.4075051,3,rgb_sar,0,2
0.51888984,3,rgb_sar,0,2
0.23285043,3,rgb_sar,0,2
0.31735945,3,rgb_sar,0,2
0.25364953,3,rgb_sar,0,2
0.3644191,3,rgb_sar,0,2
0.29030597,3,rgb_sar,0,2
0.27636927,3,rgb_sar,0,2
0.16628584,3,rgb_sar,0,2
0.21485656,3,rgb_sar,0,2
0.2652999,3,rgb_sar,0,2
0.31781083,3,rgb_sar,0,2
0.30461848,3,rgb_sar,0,2
0.25129044,3,rgb_sar,0,2
0.21280587,3,rgb_sar,0,2
0.17426732,3,rgb_sar,0,2
0.21507007,3,rgb_sar,0,2
0.24751432,3,rgb_sar,0,2
0.31394184,3,rgb_sar,0,2
0.3561256,3,rgb_sar,0,2
0.30085534,3,rgb_sar,0,2
0.21668005,3,rgb_sar,0,2
0.15402694,3,rgb_sar,0,2
0.24127491,3,rgb_sar,0,2
0.2624297,3,rgb_sar,0,2
0.2791387,3,rgb_sar,0,2
0.33147115,3,rgb_sar,0,2
0.26698387,3,rgb_sar,0,2
0.25930282,3,rgb_sar,0,2
0.23947404,3,rgb_sar,0,2
0.16386381,3,rgb_sar,0,2
0.1775856,3,rgb_sar,0,2
0.28401992,3,rgb_sar,0,2
0.27295458,3,rgb_sar,0,2
0.26290518,3,rgb_sar,0,2
0.28669316,3,rgb_sar,0,2
0.23112093,3,rgb_sar,0,2
0.20608151,3,rgb_sar,0,2
0.23678178,3,rgb_sar,0,2
0.21008508,3,rgb_sar,0,2
0.23508114,3,rgb_sar,0,2
0.21780908,3,rgb_sar,0,2
0.21043807,3,rgb_sar,0,2
0.28780502,3,rgb_sar,0,2
0.28625292,3,rgb_sar,0,2
0.24250527,3,rgb_sar,0,2
0.19817173,3,rgb_sar,0,2
0.20107648,3,rgb_sar,0,2
0.21255453,3,rgb_sar,0,2
0.22464305,3,rgb_sar,0,2
0.1957441,3,rgb_sar,0,2
0.1559948,3,rgb_sar,0,2
0.2726571,3,rgb_sar,0,2
0.29136762,3,rgb_sar,0,2
0.29335016,3,rgb_sar,0,2
0.32784325,3,rgb_sar,0,2
0.27746686,3,rgb_sar,0,2
0.21506144,3,rgb_sar,0,2
0.20967261,3,rgb_sar,0,2
0.22701934,3,rgb_sar,0,2
0.22919291,3,rgb_sar,0,2
0.26640895,3,rgb_sar,0,2
0.28379694,3,rgb_sar,0,2
0.23591435,3,rgb_sar,0,2
0.28445193,3,rgb_sar,0,2
0.2710639,3,rgb_sar,0,2
0.26194447,3,rgb_sar,0,2
0.26420295,3,rgb_sar,0,2
0.25095958,3,rgb_sar,0,2
0.24942076,3,rgb_sar,0,2
0.27065167,3,rgb_sar,0,2
0.33136064,3,rgb_sar,0,2
0.3296396,3,rgb_sar,0,2
0.3043748,3,rgb_sar,0,2
0.2896799,3,rgb_sar,0,2
0.2705661,3,rgb_sar,0,2
0.3782605,3,rgb_sar,0,2
0.30062866,3,rgb_sar,0,2
0.28178874,3,rgb_sar,0,2
0.24269195,3,rgb_sar,0,2
0.23317322,3,rgb_sar,0,2
0.23110175,3,rgb_sar,0,2
0.23784758,3,rgb_sar,0,2
0.22520386,3,rgb_sar,0,2
0.27403477,3,rgb_sar,0,2
0.27244937,3,rgb_sar,0,2
0.22253299,3,rgb_sar,0,2
0.20058057,3,rgb_sar,0,2
0.2781259,3,rgb_sar,0,2
0.3448236,3,rgb_sar,0,2
0.20890242,3,rgb_sar,0,2
0.25993794,3,rgb_sar,0,2
0.26469702,3,rgb_sar,0,2
0.24710323,3,rgb_sar,0,2
0.24657822,3,rgb_sar,0,2
0.2162827,3,rgb_sar,0,2
0.16838351,3,rgb_sar,0,2
0.19515261,3,rgb_sar,0,2
0.190115,3,rgb_sar,0,2
0.19736955,3,rgb_sar,0,2
0.17501242,3,rgb_sar,0,2
0.29956004,3,rgb_sar,0,2
0.28078878,3,rgb_sar,0,2
0.22636747,3,rgb_sar,0,2
0.2582281,3,rgb_sar,0,2
0.22094606,3,rgb_sar,0,2
0.22024506,3,rgb_sar,0,2
0.23295574,3,rgb_sar,0,2
0.22527865,3,rgb_sar,0,2
0.17937379,3,rgb_sar,0,2
0.1742303,3,rgb_sar,0,2
0.20987673,3,rgb_sar,0,2
0.21104077,3,rgb_sar,0,2
0.19860283,3,rgb_sar,0,2
0.30118513,3,rgb_sar,0,2
0.32655412,3,rgb_sar,0,2
0.26228705,3,rgb_sar,0,2
0.2677667,3,rgb_sar,0,2
0.2681076,3,rgb_sar,0,2
0.2536714,3,rgb_sar,0,2
0.22617629,3,rgb_sar,0,2
0.1946356,3,rgb_sar,0,2
0.22739962,3,rgb_sar,0,2
0.24035224,3,rgb_sar,0,2
0.20485583,3,rgb_sar,0,2
0.25945473,3,rgb_sar,0,2
0.29013473,3,rgb_sar,0,2
0.36988312,3,rgb_sar,0,2
0.39828184,3,rgb_sar,0,2
0.28050172,3,rgb_sar,0,2
0.24764451,3,rgb_sar,0,2
0.2563972,3,rgb_sar,0,2
0.22504225,3,rgb_sar,0,2
0.2775935,3,rgb_sar,0,2
0.29373685,3,rgb_sar,0,2
0.19596353,3,rgb_sar,0,2
0.21159232,3,rgb_sar,0,2
0.3965495,3,rgb_sar,0,2
0.30610573,3,rgb_sar,0,2
0.280676,3,rgb_sar,0,2
0.2977747,3,rgb_sar,0,2
0.2713858,3,rgb_sar,0,2
0.28831545,3,rgb_sar,0,2
0.28079087,3,rgb_sar,0,2
0.2287463,3,rgb_sar,0,2
0.3000524,3,rgb_sar,0,2
0.34858933,3,rgb_sar,0,2
0.31877118,3,rgb_sar,0,2
0.2743393,3,rgb_sar,0,2
0.24953207,3,rgb_sar,0,2
0.3183487,3,rgb_sar,0,2
0.39596802,3,rgb_sar,0,2
0.3452645,3,rgb_sar,0,2
0.2781425,3,rgb_sar,0,2
0.25124216,3,rgb_sar,0,2
0.33784336,3,rgb_sar,0,2
0.2434764,3,rgb_sar,0,2
0.20685746,3,rgb_sar,0,2
0.13589656,3,rgb_sar,0,2
0.23625657,3,rgb_sar,0,2
0.15945877,3,rgb_sar,0,2
0.20336384,3,rgb_sar,0,2
0.13916631,3,rgb_sar,0,2
0.29578727,3,rgb_sar,0,2
0.22479373,3,rgb_sar,0,2
0.23017819,3,rgb_sar,0,2
0.37730855,3,rgb_sar,0,2
0.30765527,3,rgb_sar,0,2
0.30787337,3,rgb_sar,0,2
0.31701806,3,rgb_sar,0,2
0.3443318,3,rgb_sar,0,2
0.29864058,3,rgb_sar,0,2
0.2201135,3,rgb_sar,0,2
0.35446036,3,rgb_sar,0,2
0.26222855,3,rgb_sar,0,2
0.17152277,3,rgb_sar,0,2
0.31732753,3,rgb_sar,0,2
0.22970426,3,rgb_sar,0,2
0.28358775,3,rgb_sar,0,2
0.35912403,3,rgb_sar,0,2
0.43438303,3,rgb_sar,0,2
0.32858202,3,rgb_sar,0,2
0.44580525,3,rgb_sar,0,2
0.34923583,3,rgb_sar,0,2
0.47781107,3,rgb_sar,0,2
0.35202947,3,rgb_sar,0,2
0.4845783,3,rgb_sar,0,2
0.42059577,7,rgb_sar,0,2
0.4847942,7,rgb_sar,0,2
0.4791181,7,rgb_sar,0,2
0.5011947,7,rgb_sar,0,2
0.5427964,7,rgb_sar,0,2
0.5632442,7,rgb_sar,0,2
0.54064107,7,rgb_sar,0,2
0.40812236,7,rgb_sar,0,2
0.31263116,7,rgb_sar,0,2
0.35002327,7,rgb_sar,0,2
0.39631295,7,rgb_sar,0,2
0.3669655,7,rgb_sar,0,2
0.43208852,7,rgb_sar,0,2
0.44690606,7,rgb_sar,0,2
0.4378295,7,rgb_sar,0,2
0.3737352,7,rgb_sar,0,2
0.26472867,7,rgb_sar,0,2
0.23599073,7,rgb_sar,0,2
0.3748085,7,rgb_sar,0,2
0.34214815,7,rgb_sar,0,2
0.31718192,7,rgb_sar,0,2
0.3271412,7,rgb_sar,0,2
0.34627992,7,rgb_sar,0,2
0.32381034,7,rgb_sar,0,2
0.26807907,7,rgb_sar,0,2
0.22469229,7,rgb_sar,0,2
0.2359917,7,rgb_sar,0,2
0.38468826,7,rgb_sar,0,2
0.34723616,7,rgb_sar,0,2
0.31807822,7,rgb_sar,0,2
0.32183695,7,rgb_sar,0,2
0.28762153,7,rgb_sar,0,2
0.28641903,7,rgb_sar,0,2
0.26755792,7,rgb_sar,0,2
0.24183619,7,rgb_sar,0,2
0.2867448,7,rgb_sar,0,2
0.34996617,7,rgb_sar,0,2
0.34602755,7,rgb_sar,0,2
0.29613534,7,rgb_sar,0,2
0.22414812,7,rgb_sar,0,2
0.1907461,7,rgb_sar,0,2
0.21107036,7,rgb_sar,0,2
0.22205001,7,rgb_sar,0,2
0.25210693,7,rgb_sar,0,2
0.3159152,7,rgb_sar,0,2
0.44858116,3,rgb_sar,0,2
0.43189973,3,rgb_sar,0,2
0.38690072,3,rgb_sar,0,2
0.25551397,3,rgb_sar,0,2
0.1623133,3,rgb_sar,0,2
0.20478076,3,rgb_sar,0,2
0.20598477,3,rgb_sar,0,2
0.22798003,3,rgb_sar,0,2
0.14322406,3,rgb_sar,0,2
0.51453114,3,rgb_sar,0,2
0.4538788,3,rgb_sar,0,2
0.37303314,3,rgb_sar,0,2
0.27995327,3,rgb_sar,0,2
0.19726625,3,rgb_sar,0,2
0.21074417,3,rgb_sar,0,2
0.18028952,3,rgb_sar,0,2
0.14708725,3,rgb_sar,0,2
0.11800781,3,rgb_sar,0,2
0.4805781,3,rgb_sar,0,2
0.3958614,3,rgb_sar,0,2
0.25092143,3,rgb_sar,0,2
0.18385613,3,rgb_sar,0,2
0.2111191,3,rgb_sar,0,2
0.23266183,3,rgb_sar,0,2
0.23082912,3,rgb_sar,0,2
0.22413231,3,rgb_sar,0,2
0.14750075,3,rgb_sar,0,2
0.20153181,3,rgb_sar,0,2
0.2761404,3,rgb_sar,0,2
0.42371482,3,rgb_sar,0,2
0.31994343,3,rgb_sar,0,2
0.19754578,3,rgb_sar,0,2
0.21221218,3,rgb_sar,0,2
0.276074,3,rgb_sar,0,2
0.28029048,3,rgb_sar,0,2
0.24685726,3,rgb_sar,0,2
0.21773592,3,rgb_sar,0,2
0.13574338,3,rgb_sar,0,2
0.20315069,3,rgb_sar,0,2
0.27891213,3,rgb_sar,0,2
0.37649602,3,rgb_sar,0,2
0.3943311,3,rgb_sar,0,2
0.28972092,3,rgb_sar,0,2
0.20869091,3,rgb_sar,0,2
0.2820993,3,rgb_sar,0,2
0.35363233,3,rgb_sar,0,2
0.25051543,3,rgb_sar,0,2
0.17732802,3,rgb_sar,0,2
0.16775069,3,rgb_sar,0,2
0.15730527,3,rgb_sar,0,2
0.25031188,3,rgb_sar,0,2
0.30098063,3,rgb_sar,0,2
0.38310638,3,rgb_sar,0,2
0.38440213,3,rgb_sar,0,2
0.31020907,3,rgb_sar,0,2
0.24806422,3,rgb_sar,0,2
0.30879834,3,rgb_sar,0,2
0.31394702,3,rgb_sar,0,2
0.24628837,3,rgb_sar,0,2
0.2020872,3,rgb_sar,0,2
0.16931427,3,rgb_sar,0,2
0.19661558,3,rgb_sar,0,2
0.24401988,3,rgb_sar,0,2
0.24148081,3,rgb_sar,0,2
0.28969637,3,rgb_sar,0,2
0.44169492,3,rgb_sar,0,2
0.4356739,3,rgb_sar,0,2
0.40086818,3,rgb_sar,0,2
0.37301487,3,rgb_sar,0,2
0.3198753,3,rgb_sar,0,2
0.2533407,3,rgb_sar,0,2
0.24036728,3,rgb_sar,0,2
0.18719284,3,rgb_sar,0,2
0.21678077,3,rgb_sar,0,2
0.23593551,3,rgb_sar,0,2
0.25787234,3,rgb_sar,0,2
0.24359928,3,rgb_sar,0,2
0.36173406,3,rgb_sar,0,2
0.4510064,3,rgb_sar,0,2
0.47916362,3,rgb_sar,0,2
0.4740963,3,rgb_sar,0,2
0.45930144,3,rgb_sar,0,2
0.37461603,3,rgb_sar,0,2
0.27154678,3,rgb_sar,0,2
0.21748576,3,rgb_sar,0,2
0.16985276,3,rgb_sar,0,2
0.21027085,3,rgb_sar,0,2
0.26868445,3,rgb_sar,0,2
0.3873516,3,rgb_sar,0,2
0.4079924,3,rgb_sar,0,2
0.40097368,3,rgb_sar,0,2
0.38546932,3,rgb_sar,0,2
0.3388482,3,rgb_sar,0,2
0.30132675,3,rgb_sar,0,2
0.228726,3,rgb_sar,0,2
0.10921618,3,rgb_sar,0,2
0.075991705,3,rgb_sar,0,2
0.22385709,3,rgb_sar,0,2
0.45150393,3,rgb_sar,0,2
0.45833772,3,rgb_sar,0,2
0.40858313,3,rgb_sar,0,2
0.35637766,3,rgb_sar,0,2
0.29811585,3,rgb_sar,0,2
0.2316696,3,rgb_sar,0,2
0.24768552,3,rgb_sar,0,2
0.27419806,3,rgb_sar,0,2
0.2421349,3,rgb_sar,0,2
0.4495358,3,rgb_sar,0,2
0.4513864,3,rgb_sar,0,2
0.41413045,3,rgb_sar,0,2
0.36819682,3,rgb_sar,0,2
0.32165825,3,rgb_sar,0,2
0.2369267,3,rgb_sar,0,2
0.24826598,3,rgb_sar,0,2
0.4162476,3,rgb_sar,0,2
0.41220737,3,rgb_sar,0,2
0.39188847,3,rgb_sar,0,2
0.32754827,3,rgb_sar,0,2
0.28638002,3,rgb_sar,0,2
0.22010425,3,rgb_sar,0,2
0.28374317,3,rgb_sar,0,2
0.43756902,3,rgb_sar,0,2
0.4232676,3,rgb_sar,0,2
0.15195528,3,rgb_sar,0,2
0.18615344,3,rgb_sar,0,2
0.22598408,3,rgb_sar,0,2
0.25582916,3,rgb_sar,0,2
0.12081541,3,rgb_sar,0,2
0.21165816,3,rgb_sar,0,2
0.31438762,3,rgb_sar,0,2
0.17726222,3,rgb_sar,0,2
0.34249145,3,rgb_sar,0,2
0.3727478,3,rgb_sar,0,2
0.16198237,3,rgb_sar,0,2
0.1949943,3,rgb_sar,0,2
0.19771639,3,rgb_sar,0,2
0.2894835,3,rgb_sar,0,2
0.3007077,3,rgb_sar,0,2
0.2831658,3,rgb_sar,0,2
0.33375782,3,rgb_sar,0,2
0.32208323,3,rgb_sar,0,2
0.2684316,3,rgb_sar,0,2
0.20427611,3,rgb_sar,0,2
0.37848604,3,rgb_sar,0,2
0.4486258,3,rgb_sar,0,2
0.18112427,3,rgb_sar,0,2
0.27192098,3,rgb_sar,0,2
0.2325183,3,rgb_sar,0,2
0.23886293,3,rgb_sar,0,2
0.37318936,3,rgb_sar,0,2
0.36794537,3,rgb_sar,0,2
0.1802127,3,rgb_sar,0,2
0.28433746,3,rgb_sar,0,2
0.2569139,3,rgb_sar,0,2
0.20273837,3,rgb_sar,0,2
0.19157353,3,rgb_sar,0,2
0.28362757,3,rgb_sar,0,2
0.30952898,3,rgb_sar,0,2
0.24362373,3,rgb_sar,0,2
0.22214243,3,rgb_sar,0,2
0.15766762,3,rgb_sar,0,2
0.2808141,3,rgb_sar,0,2
0.23460361,3,rgb_sar,0,2
0.25752324,3,rgb_sar,0,2
0.20698652,3,rgb_sar,0,2
0.29408082,3,rgb_sar,0,2
0.3496906,3,rgb_sar,0,2
0.26320618,3,rgb_sar,0,2
0.25233412,3,rgb_sar,0,2
0.1911914,3,rgb_sar,0,2
0.26783887,3,rgb_sar,0,2
0.26594234,3,rgb_sar,0,2
0.2940738,3,rgb_sar,0,2
0.24619594,3,rgb_sar,0,2
0.3078181,3,rgb_sar,0,2
0.31836414,3,rgb_sar,0,2
0.27666476,3,rgb_sar,0,2
0.14515842,3,rgb_sar,0,2
0.12711954,3,rgb_sar,0,2
0.20850644,3,rgb_sar,0,2
0.20408005,3,rgb_sar,0,2
0.2741651,3,rgb_sar,0,2
0.31676483,3,rgb_sar,0,2
0.32898593,3,rgb_sar,0,2
0.37410432,3,rgb_sar,0,2
0.29724994,3,rgb_sar,0,2
0.18422091,3,rgb_sar,0,2
0.16997589,3,rgb_sar,0,2
0.21581276,3,rgb_sar,0,2
0.36610246,3,rgb_sar,0,2
0.2719139,3,rgb_sar,0,2
0.30893576,3,rgb_sar,0,2
0.24483347,3,rgb_sar,0,2
0.44303265,7,rgb_sar,0,2
0.4624679,7,rgb_sar,0,2
0.4772489,7,rgb_sar,0,2
0.5360117,7,rgb_sar,0,2
0.53896964,7,rgb_sar,0,2
0.49390486,7,rgb_sar,0,2
0.47065222,7,rgb_sar,0,2
0.36220676,7,rgb_sar,0,2
0.2987825,7,rgb_sar,0,2
0.3661227,7,rgb_sar,0,2
0.40062088,7,rgb_sar,0,2
0.33155218,7,rgb_sar,0,2
0.34672004,7,rgb_sar,0,2
0.35436046,7,rgb_sar,0,2
0.4379874,7,rgb_sar,0,2
0.45956445,7,rgb_sar,0,2
0.42454326,7,rgb_sar,0,2
0.39572892,7,rgb_sar,0,2
0.29177815,7,rgb_sar,0,2
0.2043232,7,rgb_sar,0,2
0.29610395,7,rgb_sar,0,2
0.3067629,7,rgb_sar,0,2
0.24799868,7,rgb_sar,0,2
0.23445317,7,rgb_sar,0,2
0.26783442,7,rgb_sar,0,2
0.34834695,7,rgb_sar,0,2
0.35152295,7,rgb_sar,0,2
0.3676277,7,rgb_sar,0,2
0.34759808,7,rgb_sar,0,2
0.28868544,7,rgb_sar,0,2
0.2301748,7,rgb_sar,0,2
0.31213716,7,rgb_sar,0,2
0.3089961,7,rgb_sar,0,2
0.29656118,7,rgb_sar,0,2
0.29768872,7,rgb_sar,0,2
0.30544725,7,rgb_sar,0,2
0.35902217,7,rgb_sar,0,2
0.368491,7,rgb_sar,0,2
0.37805146,7,rgb_sar,0,2
0.38169944,7,rgb_sar,0,2
0.32995796,7,rgb_sar,0,2
0.31287658,7,rgb_sar,0,2
0.23705877,7,rgb_sar,0,2
0.36831832,7,rgb_sar,0,2
0.403494,7,rgb_sar,0,2
0.34422055,7,rgb_sar,0,2
0.26907042,7,rgb_sar,0,2
0.22412196,7,rgb_sar,0,2
0.27449274,7,rgb_sar,0,2
0.34175897,7,rgb_sar,0,2
0.23658556,7,rgb_sar,0,2
0.28203893,7,rgb_sar,0,2
0.27237386,7,rgb_sar,0,2
0.3195184,7,rgb_sar,0,2
0.32995427,7,rgb_sar,0,2
0.34383762,7,rgb_sar,0,2
0.34080547,7,rgb_sar,0,2
0.32818228,7,rgb_sar,0,2
0.32810032,7,rgb_sar,0,2
0.23812923,7,rgb_sar,0,2
0.3175775,7,rgb_sar,0,2
0.35288018,7,rgb_sar,0,2
0.39512452,7,rgb_sar,0,2
0.31971887,7,rgb_sar,0,2
0.19413577,7,rgb_sar,0,2
0.27092308,7,rgb_sar,0,2
0.4364604,7,rgb_sar,0,2
0.2690326,7,rgb_sar,0,2
0.28649622,7,rgb_sar,0,2
0.28658974,7,rgb_sar,0,2
0.14420035,7,rgb_sar,0,2
0.18553351,7,rgb_sar,0,2
0.35451972,7,rgb_sar,0,2
0.32916197,7,rgb_sar,0,2
0.21088521,7,rgb_sar,0,2
0.21086961,7,rgb_sar,0,2
0.16852222,7,rgb_sar,0,2
0.1523188,7,rgb_sar,0,2
0.32239348,7,rgb_sar,0,2
0.28871515,7,rgb_sar,0,2
0.36511004,7,rgb_sar,0,2
0.32852554,7,rgb_sar,0,2
0.20284829,7,rgb_sar,0,2
0.20909926,7,rgb_sar,0,2
0.12330702,7,rgb_sar,0,2
0.20730314,7,rgb_sar,0,2
0.32169047,7,rgb_sar,0,2
0.2918995,7,rgb_sar,0,2
0.17493448,7,rgb_sar,0,2
0.16642794,7,rgb_sar,0,2
0.10307803,7,rgb_sar,0,2
0.1758314,7,rgb_sar,0,2
0.30144852,7,rgb_sar,0,2
0.23930532,7,rgb_sar,0,2
0.1532849,7,rgb_sar,0,2
0.14891374,7,rgb_sar,0,2
0.07755134,7,rgb_sar,0,2
0.43134496,3,rgb_sar,0,2
0.3647554,3,rgb_sar,0,2
0.23029059,3,rgb_sar,0,2
0.19692129,3,rgb_sar,0,2
0.21177097,3,rgb_sar,0,2
0.12217464,3,rgb_sar,0,2
0.14068063,3,rgb_sar,0,2
0.16447476,3,rgb_sar,0,2
0.18048255,3,rgb_sar,0,2
0.17301619,7,rgb_sar,0,2
0.21187635,7,rgb_sar,0,2
0.45191908,3,rgb_sar,0,2
0.26020354,3,rgb_sar,0,2
0.13121405,3,rgb_sar,0,2
0.17085731,3,rgb_sar,0,2
0.20425108,3,rgb_sar,0,2
0.154999,3,rgb_sar,0,2
0.18777707,3,rgb_sar,0,2
0.15890053,3,rgb_sar,0,2
0.15674007,3,rgb_sar,0,2
0.5848276,3,rgb_sar,0,2
0.390243,3,rgb_sar,0,2
0.2196979,3,rgb_sar,0,2
0.21468802,3,rgb_sar,0,2
0.20475978,3,rgb_sar,0,2
0.2034473,3,rgb_sar,0,2
0.25594628,3,rgb_sar,0,2
0.21281089,3,rgb_sar,0,2
0.19595785,3,rgb_sar,0,2
0.27968836,3,rgb_sar,0,2
0.3609048,3,rgb_sar,0,2
0.60896873,3,rgb_sar,0,2
0.41430104,3,rgb_sar,0,2
0.29416698,3,rgb_sar,0,2
0.27848637,3,rgb_sar,0,2
0.2291329,3,rgb_sar,0,2
0.24160837,3,rgb_sar,0,2
0.2650119,3,rgb_sar,0,2
0.21443313,3,rgb_sar,0,2
0.19937865,3,rgb_sar,0,2
0.28919303,3,rgb_sar,0,2
0.3554306,3,rgb_sar,0,2
0.5126579,3,rgb_sar,0,2
0.542382,3,rgb_sar,0,2
0.4097745,3,rgb_sar,0,2
0.33841628,3,rgb_sar,0,2
0.33687788,3,rgb_sar,0,2
0.2869485,3,rgb_sar,0,2
0.27845883,3,rgb_sar,0,2
0.26638466,3,rgb_sar,0,2
0.18356827,3,rgb_sar,0,2
0.18586518,3,rgb_sar,0,2
0.34695286,3,rgb_sar,0,2
0.390337,3,rgb_sar,0,2
0.5042203,3,rgb_sar,0,2
0.5359968,3,rgb_sar,0,2
0.4955973,3,rgb_sar,0,2
0.3815166,3,rgb_sar,0,2
0.3079054,3,rgb_sar,0,2
0.26625744,3,rgb_sar,0,2
0.30293167,3,rgb_sar,0,2
0.29907385,3,rgb_sar,0,2
0.20136875,3,rgb_sar,0,2
0.22379045,3,rgb_sar,0,2
0.37203968,3,rgb_sar,0,2
0.31280768,3,rgb_sar,0,2
0.5820042,3,rgb_sar,0,2
0.5441921,3,rgb_sar,0,2
0.5753449,3,rgb_sar,0,2
0.5598246,3,rgb_sar,0,2
0.42882723,3,rgb_sar,0,2
0.27309364,3,rgb_sar,0,2
0.24921283,3,rgb_sar,0,2
0.33515465,3,rgb_sar,0,2
0.2989192,3,rgb_sar,0,2
0.25160295,3,rgb_sar,0,2
0.2605464,3,rgb_sar,0,2
0.26081252,3,rgb_sar,0,2
0.23625633,3,rgb_sar,0,2
0.597016,3,rgb_sar,0,2
0.5785085,3,rgb_sar,0,2
0.5523833,3,rgb_sar,0,2
0.50555694,3,rgb_sar,0,2
0.3953646,3,rgb_sar,0,2
0.2435275,3,rgb_sar,0,2
0.27422255,3,rgb_sar,0,2
0.32804966,3,rgb_sar,0,2
0.21967226,3,rgb_sar,0,2
0.21464282,3,rgb_sar,0,2
0.3016535,3,rgb_sar,0,2
0.49844632,3,rgb_sar,0,2
0.46175802,3,rgb_sar,0,2
0.4393664,3,rgb_sar,0,2
0.36765254,3,rgb_sar,0,2
0.26239341,3,rgb_sar,0,2
0.2565048,3,rgb_sar,0,2
0.2921542,3,rgb_sar,0,2
0.2850557,3,rgb_sar,0,2
0.16612028,3,rgb_sar,0,2
0.21734087,3,rgb_sar,0,2
0.46674037,3,rgb_sar,0,2
0.41790447,3,rgb_sar,0,2
0.40443867,3,rgb_sar,0,2
0.32429522,3,rgb_sar,0,2
0.1735988,3,rgb_sar,0,2
0.23469397,3,rgb_sar,0,2
0.24608517,3,rgb_sar,0,2
0.25184166,3,rgb_sar,0,2
0.29040426,3,rgb_sar,0,2
0.4319886,3,rgb_sar,0,2
0.43172282,3,rgb_sar,0,2
0.44324493,3,rgb_sar,0,2
0.304003,3,rgb_sar,0,2
0.21249,3,rgb_sar,0,2
0.25312752,3,rgb_sar,0,2
0.19436067,3,rgb_sar,0,2
0.42713484,3,rgb_sar,0,2
0.44567022,3,rgb_sar,0,2
0.45325047,3,rgb_sar,0,2
0.30616543,3,rgb_sar,0,2
0.2977217,3,rgb_sar,0,2
0.27164787,3,rgb_sar,0,2
0.20651439,3,rgb_sar,0,2
0.37842858,3,rgb_sar,0,2
0.32234895,3,rgb_sar,0,2
0.21463105,3,rgb_sar,0,2
0.26434135,3,rgb_sar,0,2
0.2426187,3,rgb_sar,0,2
0.26617667,3,rgb_sar,0,2
0.16906047,3,rgb_sar,0,2
0.15637624,3,rgb_sar,0,2
0.24433857,3,rgb_sar,0,2
0.17529365,3,rgb_sar,0,2
0.24594039,3,rgb_sar,0,2
0.2873821,3,rgb_sar,0,2
0.36619467,3,rgb_sar,0,2
0.26653814,3,rgb_sar,0,2
0.30103725,3,rgb_sar,0,2
0.3476233,3,rgb_sar,0,2
0.23781087,3,rgb_sar,0,2
0.27275378,3,rgb_sar,0,2
0.33987746,3,rgb_sar,0,2
0.36952662,3,rgb_sar,0,2
0.27199548,3,rgb_sar,0,2
0.23285986,3,rgb_sar,0,2
0.22607179,3,rgb_sar,0,2
0.25731647,3,rgb_sar,0,2
0.29783255,3,rgb_sar,0,2
0.4047417,3,rgb_sar,0,2
0.33344343,3,rgb_sar,0,2
0.25124317,3,rgb_sar,0,2
0.24213581,3,rgb_sar,0,2
0.30888322,3,rgb_sar,0,2
0.30597132,3,rgb_sar,0,2
0.5007687,3,rgb_sar,0,2
0.46983987,3,rgb_sar,0,2
0.32174337,3,rgb_sar,0,2
0.32060337,3,rgb_sar,0,2
0.31477857,3,rgb_sar,0,2
0.28109723,3,rgb_sar,0,2
0.25895774,3,rgb_sar,0,2
0.5054573,3,rgb_sar,0,2
0.4371735,3,rgb_sar,0,2
0.39561117,3,rgb_sar,0,2
0.3913283,3,rgb_sar,0,2
0.36896473,3,rgb_sar,0,2
0.30066562,3,rgb_sar,0,2
0.25285438,3,rgb_sar,0,2
0.4052577,3,rgb_sar,0,2
0.3130663,3,rgb_sar,0,2
0.38107085,3,rgb_sar,0,2
0.38403085,3,rgb_sar,0,2
0.36212432,3,rgb_sar,0,2
0.291633,3,rgb_sar,0,2
0.2968449,3,rgb_sar,0,2
0.33435684,3,rgb_sar,0,2
0.40690413,3,rgb_sar,0,2
0.29828897,3,rgb_sar,0,2
0.3552533,3,rgb_sar,0,2
0.34203628,3,rgb_sar,0,2
0.28542513,3,rgb_sar,0,2
0.29890978,3,rgb_sar,0,2
0.33684856,3,rgb_sar,0,2
0.33612695,3,rgb_sar,0,2
0.23669237,3,rgb_sar,0,2
0.30840605,3,rgb_sar,0,2
0.26984555,3,rgb_sar,0,2
0.40231133,7,rgb_sar,0,2
0.48400077,7,rgb_sar,0,2
0.2876615,7,rgb_sar,0,2
0.33655652,7,rgb_sar,0,2
0.29510748,7,rgb_sar,0,2
0.2807002,7,rgb_sar,0,2
0.22705185,7,rgb_sar,0,2
0.27444392,7,rgb_sar,0,2
0.25341457,7,rgb_sar,0,2
0.2578381,7,rgb_sar,0,2
0.2775222,7,rgb_sar,0,2
0.23668917,7,rgb_sar,0,2
0.19115391,7,rgb_sar,0,2
0.2627594,7,rgb_sar,0,2
0.24649623,7,rgb_sar,0,2
0.26373965,7,rgb_sar,0,2
0.25376844,7,rgb_sar,0,2
0.1766079,7,rgb_sar,0,2
0.21104777,7,rgb_sar,0,2
0.20507687,7,rgb_sar,0,2
0.18451491,7,rgb_sar,0,2
0.201123,7,rgb_sar,0,2
0.3479941,7,rgb_sar,0,2
0.24588019,7,rgb_sar,0,2
0.24526276,7,rgb_sar,0,2
0.24116284,7,rgb_sar,0,2
0.19971265,7,rgb_sar,0,2
0.1831694,7,rgb_sar,0,2
0.3402772,7,rgb_sar,0,2
0.25958323,7,rgb_sar,0,2
0.3061583,7,rgb_sar,0,2
0.3588375,7,rgb_sar,0,2
0.3462784,7,rgb_sar,0,2
0.31695083,7,rgb_sar,0,2
0.23341456,7,rgb_sar,0,2
0.34674686,7,rgb_sar,0,2
0.3261571,7,rgb_sar,0,2
0.31733635,7,rgb_sar,0,2
0.33643663,7,rgb_sar,0,2
0.35796592,7,rgb_sar,0,2
0.22221142,7,rgb_sar,0,2
0.36121896,7,rgb_sar,0,2
0.37443706,7,rgb_sar,0,2
0.31123894,7,rgb_sar,0,2
0.31436723,7,rgb_sar,0,2
0.2999822,7,rgb_sar,0,2
0.21950604,7,rgb_sar,0,2
0.3106892,7,rgb_sar,0,2
0.32642424,7,rgb_sar,0,2
0.20982853,7,rgb_sar,0,2
0.27363956,7,rgb_sar,0,2
0.24563378,7,rgb_sar,0,2
0.22771871,7,rgb_sar,0,2
0.26012164,7,rgb_sar,0,2
0.5705535,5,rgb_sar,0,2
0.51423275,5,rgb_sar,0,2
0.5550905,5,rgb_sar,0,2
0.5413671,5,rgb_sar,0,2
0.5048299,5,rgb_sar,0,2
0.54586583,5,rgb_sar,0,2
0.48505074,5,rgb_sar,0,2
0.5445494,5,rgb_sar,0,2
0.48685202,5,rgb_sar,0,2
0.5039406,5,rgb_sar,0,2
0.48712492,5,rgb_sar,0,2
0.49127305,5,rgb_sar,0,2
0.46876934,5,rgb_sar,0,2
0.47165197,5,rgb_sar,0,2
0.4678741,5,rgb_sar,0,2
0.4693336,5,rgb_sar,0,2
0.51383054,5,rgb_sar,0,2
0.4398923,5,rgb_sar,0,2
0.45860785,5,rgb_sar,0,2
0.40441868,5,rgb_sar,0,2
0.40401763,5,rgb_sar,0,2
0.49148297,5,rgb_sar,0,2
0.53213394,5,rgb_sar,0,2
0.43497145,5,rgb_sar,0,2
0.4823755,5,rgb_sar,0,2
0.43477237,5,rgb_sar,0,2
0.45576248,5,rgb_sar,0,2
0.4901219,5,rgb_sar,0,2
0.5214839,5,rgb_sar,0,2
0.47039175,5,rgb_sar,0,2
0.51676846,5,rgb_sar,0,2
0.5022694,5,rgb_sar,0,2
0.52278113,5,rgb_sar,0,2
0.5010287,5,rgb_sar,0,2
0.485974,5,rgb_sar,0,2
0.46294472,5,rgb_sar,0,2
0.4817209,5,rgb_sar,0,2
0.4602956,5,rgb_sar,0,2
0.473077,5,rgb_sar,0,2
0.47550583,5,rgb_sar,0,2
0.43139774,5,rgb_sar,0,2
0.4344902,5,rgb_sar,0,2
0.45470825,5,rgb_sar,0,2
0.49563682,5,rgb_sar,0,2
0.47570512,5,rgb_sar,0,2
0.42575866,5,rgb_sar,0,2
0.44677287,5,rgb_sar,0,2
0.50211585,5,rgb_sar,0,2
0.50055385,5,rgb_sar,0,2
0.4532568,5,rgb_sar,0,2
0.43154782,5,rgb_sar,0,2
0.45297474,5,rgb_sar,0,2
0.52015334,5,rgb_sar,0,2
0.44112748,5,rgb_sar,0,2
0.47191972,5,rgb_sar,0,2
0.46007246,5,rgb_sar,0,2
0.5056184,5,rgb_sar,0,2
0.47522387,5,rgb_sar,0,2
0.49404114,5,rgb_sar,0,2
0.49256113,5,rgb_sar,0,2
0.4605633,5,rgb_sar,0,2
0.47125494,5,rgb_sar,0,2
0.44810563,5,rgb_sar,0,2
0.4637394,5,rgb_sar,0,2
0.4353294,5,rgb_sar,0,2
0.45676208,5,rgb_sar,0,2
0.50464416,5,rgb_sar,0,2
0.5452249,5,rgb_sar,0,2
0.5301335,5,rgb_sar,0,2
0.57018363,5,rgb_sar,0,2
0.48156956,5,rgb_sar,0,2
0.5154325,5,rgb_sar,0,2
0.5174645,5,rgb_sar,0,2
0.5294624,5,rgb_sar,0,2
0.54875445,5,rgb_sar,0,2
0.40530288,5,rgb_sar,0,2
0.43776274,5,rgb_sar,0,2
0.49664754,5,rgb_sar,0,2
0.5168507,5,rgb_sar,0,2
0.5576266,5,rgb_sar,0,2
0.5770606,5,rgb_sar,0,2
0.42528957,5,rgb_sar,0,2
0.46160185,5,rgb_sar,0,2
0.53367364,5,rgb_sar,0,2
0.52223104,5,rgb_sar,0,2
0.57002646,5,rgb_sar,0,2
0.5668635,5,rgb_sar,0,2
0.4544577,5,rgb_sar,0,2
0.47084665,5,rgb_sar,0,2
0.4767,5,rgb_sar,0,2
0.49362582,5,rgb_sar,0,2
0.5394892,5,rgb_sar,0,2
0.52150923,5,rgb_sar,0,2
0.48019814,5,rgb_sar,0,2
0.5036332,5,rgb_sar,0,2
0.5203565,5,rgb_sar,0,2
0.5083921,5,rgb_sar,0,2
0.52603817,5,rgb_sar,0,2
0.46567047,5,rgb_sar,0,2
0.485075,5,rgb_sar,0,2
0.6025013,5,rgb_sar,0,2
0.55570036,5,rgb_sar,0,2
0.4963818,5,rgb_sar,0,2
0.43574753,5,rgb_sar,0,2
0.4309777,5,rgb_sar,0,2
0.4707231,5,rgb_sar,0,2
0.57638943,5,rgb_sar,0,2
0.43730456,5,rgb_sar,0,2
0.43276906,5,rgb_sar,0,2
0.45129353,5,rgb_sar,0,2
0.4886946,5,rgb_sar,0,2
0.41024926,5,rgb_sar,0,2
0.44630545,5,rgb_sar,0,2
0.468929,5,rgb_sar,0,2
0.51258826,5,rgb_sar,0,2
0.5513077,5,rgb_sar,0,2
0.51128995,5,rgb_sar,0,2
0.46957043,5,rgb_sar,0,2
0.5845567,5,rgb_sar,0,2
0.56528646,5,rgb_sar,0,2
0.51894987,5,rgb_sar,0,2
0.4756754,5,rgb_sar,0,2
0.47603792,5,rgb_sar,0,2
0.43393746,5,rgb_sar,0,2
0.58295035,5,rgb_sar,0,2
0.58418095,5,rgb_sar,0,2
0.5540528,5,rgb_sar,0,2
0.52777934,5,rgb_sar,0,2
0.5251019,5,rgb_sar,0,2
0.47628605,5,rgb_sar,0,2
0.46430567,5,rgb_sar,0,2
0.45609045,5,rgb_sar,0,2
0.47657335,5,rgb_sar,0,2
0.54409707,5,rgb_sar,0,2
0.48190147,5,rgb_sar,0,2
0.5625324,5,rgb_sar,0,2
0.51794875,5,rgb_sar,0,2
0.5200619,5,rgb_sar,0,2
0.4990307,5,rgb_sar,0,2
0.48797375,5,rgb_sar,0,2
0.46860278,5,rgb_sar,0,2
0.49935752,5,rgb_sar,0,2
0.5375298,5,rgb_sar,0,2
0.50739646,5,rgb_sar,0,2
0.4441623,5,rgb_sar,0,2
0.46748835,5,rgb_sar,0,2
0.53031456,5,rgb_sar,0,2
0.46959028,5,rgb_sar,0,2
0.5572866,5,rgb_sar,0,2
0.5412545,5,rgb_sar,0,2
0.55186665,5,rgb_sar,0,2
0.4780156,5,rgb_sar,0,2
0.4670521,5,rgb_sar,0,2
0.44545707,5,rgb_sar,0,2
0.46000507,5,rgb_sar,0,2
0.48804793,5,rgb_sar,0,2
0.48845547,5,rgb_sar,0,2
0.4497047,5,rgb_sar,0,2
0.43349248,5,rgb_sar,0,2
0.47320402,5,rgb_sar,0,2
0.43526745,5,rgb_sar,0,2
0.52601534,5,rgb_sar,0,2
0.5523251,5,rgb_sar,0,2
0.5772902,5,rgb_sar,0,2
0.50846666,5,rgb_sar,0,2
0.52399945,5,rgb_sar,0,2
0.504313,5,rgb_sar,0,2
0.48546618,5,rgb_sar,0,2
0.4419193,5,rgb_sar,0,2
0.46053827,5,rgb_sar,0,2
0.46105897,5,rgb_sar,0,2
0.4516894,5,rgb_sar,0,2
0.48805624,5,rgb_sar,0,2
0.47730923,5,rgb_sar,0,2
0.4953776,5,rgb_sar,0,2
0.5077255,5,rgb_sar,0,2
0.527402,5,rgb_sar,0,2
0.52172005,5,rgb_sar,0,2
0.5461987,5,rgb_sar,0,2
0.50975597,5,rgb_sar,0,2
0.48539093,5,rgb_sar,0,2
0.4212597,5,rgb_sar,0,2
0.4163661,5,rgb_sar,0,2
0.43811852,5,rgb_sar,0,2
0.41530848,5,rgb_sar,0,2
0.48173022,5,rgb_sar,0,2
0.48294452,5,rgb_sar,0,2
0.5012797,5,rgb_sar,0,2
0.5171511,5,rgb_sar,0,2
0.50775504,5,rgb_sar,0,2
0.4913281,5,rgb_sar,0,2
0.44677708,5,rgb_sar,0,2
0.43130368,5,rgb_sar,0,2
0.43824607,5,rgb_sar,0,2
0.42197353,5,rgb_sar,0,2
0.4828164,5,rgb_sar,0,2
0.48447517,5,rgb_sar,0,2
0.5244527,5,rgb_sar,0,2
0.5196147,5,rgb_sar,0,2
0.53581464,5,rgb_sar,0,2
0.5132755,5,rgb_sar,0,2
0.47071177,5,rgb_sar,0,2
0.4691705,5,rgb_sar,0,2
0.46504468,5,rgb_sar,0,2
0.45704544,5,rgb_sar,0,2
0.59792775,5,rgb_sar,0,2
0.5833718,5,rgb_sar,0,2
0.4809177,5,rgb_sar,0,2
0.4894175,5,rgb_sar,0,2
0.4689667,5,rgb_sar,0,2
0.4402576,5,rgb_sar,0,2
0.5235393,5,rgb_sar,0,2
0.54687357,5,rgb_sar,0,2
0.5266432,5,rgb_sar,0,2
0.50710344,5,rgb_sar,0,2
0.42783058,5,rgb_sar,0,2
0.3920561,5,rgb_sar,0,2
0.35447097,5,rgb_sar,0,2
0.36872643,5,rgb_sar,0,2
0.35116756,5,rgb_sar,0,2
0.3202585,5,rgb_sar,0,2
0.3129378,5,rgb_sar,0,2
0.40972754,5,rgb_sar,0,2
0.40001655,5,rgb_sar,0,2
0.38249433,5,rgb_sar,0,2
0.3739465,5,rgb_sar,0,2
0.36405522,5,rgb_sar,0,2
0.3380155,5,rgb_sar,0,2
0.3300765,5,rgb_sar,0,2
0.31680226,5,rgb_sar,0,2
0.40759772,5,rgb_sar,0,2
0.40123516,5,rgb_sar,0,2
0.43172643,5,rgb_sar,0,2
0.4142902,5,rgb_sar,0,2
0.4311148,5,rgb_sar,0,2
0.45064384,5,rgb_sar,0,2
0.42812043,5,rgb_sar,0,2
0.40232494,5,rgb_sar,0,2
0.37845105,5,rgb_sar,0,2
0.35235488,5,rgb_sar,0,2
0.33447742,5,rgb_sar,0,2
0.31854647,5,rgb_sar,0,2
0.31695893,5,rgb_sar,0,2
0.4246043,5,rgb_sar,0,2
0.42803055,5,rgb_sar,0,2
0.5108158,5,rgb_sar,0,2
0.48256746,5,rgb_sar,0,2
0.4456271,5,rgb_sar,0,2
0.45645714,5,rgb_sar,0,2
0.45004213,5,rgb_sar,0,2
0.4331898,5,rgb_sar,0,2
0.40537298,5,rgb_sar,0,2
0.38857117,5,rgb_sar,0,2
0.37333906,5,rgb_sar,0,2
0.352462,5,rgb_sar,0,2
0.3590675,5,rgb_sar,0,2
0.47895116,5,rgb_sar,0,2
0.480653,5,rgb_sar,0,2
0.5553632,5,rgb_sar,0,2
0.5018563,5,rgb_sar,0,2
0.44021416,5,rgb_sar,0,2
0.41553825,5,rgb_sar,0,2
0.42002892,5,rgb_sar,0,2
0.42696053,5,rgb_sar,0,2
0.42571932,5,rgb_sar,0,2
0.39561602,5,rgb_sar,0,2
0.37168443,5,rgb_sar,0,2
0.34616068,5,rgb_sar,0,2
0.35353708,5,rgb_sar,0,2
0.5333855,5,rgb_sar,0,2
0.48147908,5,rgb_sar,0,2
0.4583083,5,rgb_sar,0,2
0.46152642,5,rgb_sar,0,2
0.4406595,5,rgb_sar,0,2
0.42210972,5,rgb_sar,0,2
0.4182069,5,rgb_sar,0,2
0.42340446,5,rgb_sar,0,2
0.41531232,5,rgb_sar,0,2
0.36649328,5,rgb_sar,0,2
0.342934,5,rgb_sar,0,2
0.3270837,5,rgb_sar,0,2
0.34903902,5,rgb_sar,0,2
0.49415973,5,rgb_sar,0,2
0.4733,5,rgb_sar,0,2
0.39990363,5,rgb_sar,0,2
0.40534067,5,rgb_sar,0,2
0.41081563,5,rgb_sar,0,2
0.41208565,5,rgb_sar,0,2
0.37525916,5,rgb_sar,0,2
0.40483582,5,rgb_sar,0,2
0.4029349,5,rgb_sar,0,2
0.3928653,5,rgb_sar,0,2
0.475273,5,rgb_sar,0,2
0.49285108,5,rgb_sar,0,2
0.4451077,5,rgb_sar,0,2
0.4317332,5,rgb_sar,0,2
0.4298382,5,rgb_sar,0,2
0.42319936,5,rgb_sar,0,2
0.3846233,5,rgb_sar,0,2
0.39661336,5,rgb_sar,0,2
0.39794397,5,rgb_sar,0,2
0.4049049,5,rgb_sar,0,2
0.48393202,5,rgb_sar,0,2
0.4755442,5,rgb_sar,0,2
0.42419305,5,rgb_sar,0,2
0.44239983,5,rgb_sar,0,2
0.42497218,5,rgb_sar,0,2
0.41050217,5,rgb_sar,0,2
0.44537896,5,rgb_sar,0,2
0.44345307,5,rgb_sar,0,2
0.4941519,5,rgb_sar,0,2
0.4844293,5,rgb_sar,0,2
0.49704596,5,rgb_sar,0,2
0.46698242,5,rgb_sar,0,2
0.40012568,3,rgb_sar,0,2
0.41981626,3,rgb_sar,0,2
0.45914555,3,rgb_sar,0,2
0.47022104,3,rgb_sar,0,2
0.45412016,3,rgb_sar,0,2
0.43066186,3,rgb_sar,0,2
0.37713975,3,rgb_sar,0,2
0.353463,3,rgb_sar,0,2
0.37731177,3,rgb_sar,0,2
0.5776651,3,rgb_sar,0,2
0.30785823,3,rgb_sar,0,2
0.31853953,3,rgb_sar,0,2
0.3308441,3,rgb_sar,0,2
0.34339923,3,rgb_sar,0,2
0.295847,3,rgb_sar,0,2
0.29134792,3,rgb_sar,0,2
0.2878642,3,rgb_sar,0,2
0.49424666,3,rgb_sar,0,2
0.23925975,3,rgb_sar,0,2
0.2902002,3,rgb_sar,0,2
0.2962476,3,rgb_sar,0,2
0.3150887,3,rgb_sar,0,2
0.30644938,3,rgb_sar,0,2
0.30454087,3,rgb_sar,0,2
0.28915203,3,rgb_sar,0,2
0.43317926,3,rgb_sar,0,2
0.33297548,3,rgb_sar,0,2
0.32451782,3,rgb_sar,0,2
0.32152697,3,rgb_sar,0,2
0.29465753,3,rgb_sar,0,2
0.3435583,3,rgb_sar,0,2
0.32298535,3,rgb_sar,0,2
0.42023927,3,rgb_sar,0,2
0.36317325,3,rgb_sar,0,2
0.2807864,3,rgb_sar,0,2
0.2959439,3,rgb_sar,0,2
0.28571808,3,rgb_sar,0,2
0.4366564,3,rgb_sar,0,2
0.33794427,3,rgb_sar,0,2
0.27357727,3,rgb_sar,0,2
0.27879867,3,rgb_sar,0,2
0.2710055,3,rgb_sar,0,2
0.4385346,3,rgb_sar,0,2
0.4166929,3,rgb_sar,0,2
0.4184739,3,rgb_sar,0,2
0.4063822,3,rgb_sar,0,2
0.4037351,3,rgb_sar,0,2
0.42351598,3,rgb_sar,0,2
0.40303403,3,rgb_sar,0,2
0.4210189,3,rgb_sar,0,2
0.42976886,3,rgb_sar,0,2
0.41233265,3,rgb_sar,0,2
0.39985013,3,rgb_sar,0,2
0.41207537,3,rgb_sar,0,2
0.41939723,3,rgb_sar,0,2
0.44101673,3,rgb_sar,0,2
0.3578599,3,rgb_sar,0,2
0.35568237,3,rgb_sar,0,2
0.3724596,3,rgb_sar,0,2
0.39184123,3,rgb_sar,0,2
0.39229226,3,rgb_sar,0,2
0.4158193,3,rgb_sar,0,2
0.36528543,3,rgb_sar,0,2
0.32817197,3,rgb_sar,0,2
0.3250615,3,rgb_sar,0,2
0.3343103,3,rgb_sar,0,2
0.33477655,3,rgb_sar,0,2
0.35068378,3,rgb_sar,0,2
0.39021552,3,rgb_sar,0,2
0.35980448,3,rgb_sar,0,2
0.3181848,3,rgb_sar,0,2
0.3796429,3,rgb_sar,0,2
0.4364878,3,rgb_sar,0,2
0.41644937,3,rgb_sar,0,2
0.3658096,3,rgb_sar,0,2
0.36236185,3,rgb_sar,0,2
0.30470297,3,rgb_sar,0,2
0.3400584,3,rgb_sar,0,2
0.30230454,3,rgb_sar,0,2
0.2807716,3,rgb_sar,0,2
0.3351,3,rgb_sar,0,2
0.3994971,3,rgb_sar,0,2
0.4199372,3,rgb_sar,0,2
0.42175007,3,rgb_sar,0,2
0.42584288,3,rgb_sar,0,2
0.30722964,3,rgb_sar,0,2
0.31677938,3,rgb_sar,0,2
0.34998214,3,rgb_sar,0,2
0.35624063,3,rgb_sar,0,2
0.37006795,3,rgb_sar,0,2
0.36619395,3,rgb_sar,0,2
0.3695665,3,rgb_sar,0,2
0.35221398,3,rgb_sar,0,2
0.35001704,3,rgb_sar,0,2
0.36251226,3,rgb_sar,0,2
0.63799137,3,rgb_sar,0,2
0.5509939,3,rgb_sar,0,2
0.51577264,3,rgb_sar,0,2
0.52669084,3,rgb_sar,0,2
0.41688442,3,rgb_sar,0,2
0.3582605,3,rgb_sar,0,2
0.4512377,3,rgb_sar,0,2
0.35231388,3,rgb_sar,0,2
0.4427578,3,rgb_sar,0,2
0.44802082,3,rgb_sar,0,2
0.58042103,3,rgb_sar,0,2
0.43622953,3,rgb_sar,0,2
0.5765122,3,rgb_sar,0,2
0.42316782,3,rgb_sar,0,2
0.59969705,3,rgb_sar,0,2
0.3947802,3,rgb_sar,0,2
0.5816393,3,rgb_sar,0,2
0.3662309,3,rgb_sar,0,2
0.370333,3,rgb_sar,0,2
0.36249563,3,rgb_sar,0,2
0.29051623,3,rgb_sar,0,2
0.30221388,3,rgb_sar,0,2
0.30671215,3,rgb_sar,0,2
0.28842893,3,rgb_sar,0,2
0.24485795,3,rgb_sar,0,2
0.28269035,3,rgb_sar,0,2
0.21657175,3,rgb_sar,0,2
0.19503142,3,rgb_sar,0,2
0.22403157,3,rgb_sar,0,2
0.29357415,3,rgb_sar,0,2
0.26954067,3,rgb_sar,0,2
0.30208054,3,rgb_sar,0,2
0.26155496,3,rgb_sar,0,2
0.30538824,3,rgb_sar,0,2
0.27742776,3,rgb_sar,0,2
0.26370817,3,rgb_sar,0,2
0.337574,3,rgb_sar,0,2
0.28245032,3,rgb_sar,0,2
0.3107631,3,rgb_sar,0,2
0.37713265,3,rgb_sar,0,2
0.28310052,3,rgb_sar,0,2
0.27572033,3,rgb_sar,0,2
0.292911,3,rgb_sar,0,2
0.28284776,3,rgb_sar,0,2
0.27475047,3,rgb_sar,0,2
0.2685672,3,rgb_sar,0,2
0.2781893,3,rgb_sar,0,2
0.32334027,3,rgb_sar,0,2
0.3559286,3,rgb_sar,0,2
0.32144016,3,rgb_sar,0,2
0.30086315,3,rgb_sar,0,2
0.32465598,3,rgb_sar,0,2
0.32385755,3,rgb_sar,0,2
0.33559522,3,rgb_sar,0,2
0.2925019,3,rgb_sar,0,2
0.31959122,3,rgb_sar,0,2
0.30706537,3,rgb_sar,0,2
0.29398984,3,rgb_sar,0,2
0.34325308,3,rgb_sar,0,2
0.33612832,3,rgb_sar,0,2
0.3042621,3,rgb_sar,0,2
0.34024465,3,rgb_sar,0,2
0.27900314,3,rgb_sar,0,2
0.22542873,3,rgb_sar,0,2
0.2884302,3,rgb_sar,0,2
0.30108,3,rgb_sar,0,2
0.30532816,3,rgb_sar,0,2
0.32532343,3,rgb_sar,0,2
0.3543854,3,rgb_sar,0,2
0.33068225,3,rgb_sar,0,2
0.35583788,3,rgb_sar,0,2
0.30453193,3,rgb_sar,0,2
0.2983368,3,rgb_sar,0,2
0.38170812,3,rgb_sar,0,2
0.3595969,3,rgb_sar,0,2
0.2652444,3,rgb_sar,0,2
0.29534608,3,rgb_sar,0,2
0.6612828,4,rgb_sar,0,2
0.6185355,4,rgb_sar,0,2
0.64069396,4,rgb_sar,0,2
0.7435825,4,rgb_sar,0,2
0.7187193,4,rgb_sar,0,2
0.6509675,4,rgb_sar,0,2
0.63373375,4,rgb_sar,0,2
0.7370205,4,rgb_sar,0,2
0.70462906,4,rgb_sar,0,2
0.72824275,4,rgb_sar,0,2
0.70313317,4,rgb_sar,0,2
0.706932,4,rgb_sar,0,2
0.78078735,4,rgb_sar,0,2
0.7447064,4,rgb_sar,0,2
0.75229836,4,rgb_sar,0,2
0.7530719,4,rgb_sar,0,2
0.7617135,4,rgb_sar,0,2
0.83865714,4,rgb_sar,0,2
0.5502215,3,rgb_sar,0,2
0.50914645,3,rgb_sar,0,2
0.38213146,3,rgb_sar,0,2
0.5537574,3,rgb_sar,0,2
0.52802074,3,rgb_sar,0,2
0.32463616,3,rgb_sar,0,2
0.3017332,3,rgb_sar,0,2
0.44185007,3,rgb_sar,0,2
0.3984646,3,rgb_sar,0,2
0.36754346,3,rgb_sar,0,2
0.37476414,3,rgb_sar,0,2
0.2958564,3,rgb_sar,0,2
0.26348713,3,rgb_sar,0,2
0.34190008,3,rgb_sar,0,2
0.23361784,3,rgb_sar,0,2
0.33415756,3,rgb_sar,0,2
0.3354028,3,rgb_sar,0,2
0.23273283,3,rgb_sar,0,2
0.211062,3,rgb_sar,0,2
0.07014151,3,rgb_sar,0,2
0.028119124,3,rgb_sar,0,2
0.22526518,3,rgb_sar,0,2
0.22409075,3,rgb_sar,0,2
0.2133601,3,rgb_sar,0,2
0.25150943,3,rgb_sar,0,2
0.2453736,3,rgb_sar,0,2
0.15760368,3,rgb_sar,0,2
0.09115023,3,rgb_sar,0,2
0.24033082,3,rgb_sar,0,2
0.24431178,3,rgb_sar,0,2
0.27988514,3,rgb_sar,0,2
0.2885689,3,rgb_sar,0,2
0.20757227,3,rgb_sar,0,2
0.30805755,3,rgb_sar,0,2
0.2013967,3,rgb_sar,0,2
0.24147747,3,rgb_sar,0,2
0.20696892,3,rgb_sar,0,2
0.21561188,3,rgb_sar,0,2
0.1565209,3,rgb_sar,0,2
0.18692416,3,rgb_sar,0,2
0.16407296,3,rgb_sar,0,2
0.37086487,3,rgb_sar,0,2
0.25726488,3,rgb_sar,0,2
0.2719148,3,rgb_sar,0,2
0.23049614,3,rgb_sar,0,2
0.20351404,3,rgb_sar,0,2
0.19122763,3,rgb_sar,0,2
0.18991765,3,rgb_sar,0,2
0.4243192,3,rgb_sar,0,2
0.34795314,3,rgb_sar,0,2
0.45211846,3,rgb_sar,0,2
0.41259313,3,rgb_sar,0,2
0.6666913,4,rgb_sar,0,2
0.6256349,4,rgb_sar,0,2
0.64640284,4,rgb_sar,0,2
0.69880337,4,rgb_sar,0,2
0.6751883,4,rgb_sar,0,2
0.6214409,4,rgb_sar,0,2
0.57770026,4,rgb_sar,0,2
0.5824855,4,rgb_sar,0,2
0.64332277,4,rgb_sar,0,2
0.5972309,4,rgb_sar,0,2
0.62431955,4,rgb_sar,0,2
0.66995156,4,rgb_sar,0,2
0.65159696,4,rgb_sar,0,2
0.64648336,4,rgb_sar,0,2
0.6263877,4,rgb_sar,0,2
0.57707685,4,rgb_sar,0,2
0.58856964,4,rgb_sar,0,2
0.6665843,4,rgb_sar,0,2
0.63488084,4,rgb_sar,0,2
0.66847026,4,rgb_sar,0,2
0.6966325,4,rgb_sar,0,2
0.6722067,4,rgb_sar,0,2
0.6335728,4,rgb_sar,0,2
0.5954653,4,rgb_sar,0,2
0.6539624,4,rgb_sar,0,2
0.6602433,4,rgb_sar,0,2
0.69612515,4,rgb_sar,0,2
0.68640316,4,rgb_sar,0,2
0.6797856,4,rgb_sar,0,2
0.66303647,4,rgb_sar,0,2
0.6741851,4,rgb_sar,0,2
0.6569203,4,rgb_sar,0,2
0.6434689,4,rgb_sar,0,2
0.658238,4,rgb_sar,0,2
0.7563194,4,rgb_sar,0,2
0.7726876,4,rgb_sar,0,2
0.7714509,4,rgb_sar,0,2
0.7394716,4,rgb_sar,0,2
0.7294057,4,rgb_sar,0,2
0.736533,4,rgb_sar,0,2
0.74113035,4,rgb_sar,0,2
0.75204444,4,rgb_sar,0,2
0.7520549,4,rgb_sar,0,2
0.7565554,4,rgb_sar,0,2
0.7113681,4,rgb_sar,0,2
0.7000282,4,rgb_sar,0,2
0.62141705,4,rgb_sar,0,2
0.7402692,4,rgb_sar,0,2
0.7319263,4,rgb_sar,0,2
0.670593,4,rgb_sar,0,2
0.71951586,4,rgb_sar,0,2
0.60362583,4,rgb_sar,0,2
0.6140876,4,rgb_sar,0,2
0.6373279,4,rgb_sar,0,2
0.6865126,4,rgb_sar,0,2
0.72760844,4,rgb_sar,0,2
0.6108454,4,rgb_sar,0,2
0.6080847,4,rgb_sar,0,2
0.62209475,4,rgb_sar,0,2
0.64033556,4,rgb_sar,0,2
0.8079201,4,rgb_sar,0,2
0.7410315,4,rgb_sar,0,2
0.68695956,4,rgb_sar,0,2
0.66859764,4,rgb_sar,0,2
0.66793597,4,rgb_sar,0,2
0.86561835,4,rgb_sar,0,2
0.81427574,4,rgb_sar,0,2
0.7828617,4,rgb_sar,0,2
0.7727375,4,rgb_sar,0,2
0.7667439,4,rgb_sar,0,2
0.49281156,5,rgb_sar,0,2
0.5141724,5,rgb_sar,0,2
0.4752457,5,rgb_sar,0,2
0.5020579,5,rgb_sar,0,2
0.5196824,5,rgb_sar,0,2
0.5217738,5,rgb_sar,0,2
0.4879361,5,rgb_sar,0,2
0.4859494,5,rgb_sar,0,2
0.4928183,5,rgb_sar,0,2
0.44786012,5,rgb_sar,0,2
0.47228748,5,rgb_sar,0,2
0.5605422,5,rgb_sar,0,2
0.53388816,5,rgb_sar,0,2
0.48722252,5,rgb_sar,0,2
0.45420653,5,rgb_sar,0,2
0.4674317,5,rgb_sar,0,2
0.4539305,5,rgb_sar,0,2
0.3928342,5,rgb_sar,0,2
0.37998718,5,rgb_sar,0,2
0.52896416,5,rgb_sar,0,2
0.53887904,5,rgb_sar,0,2
0.53627324,5,rgb_sar,0,2
0.50419843,5,rgb_sar,0,2
0.51786005,5,rgb_sar,0,2
0.5351344,5,rgb_sar,0,2
0.5124508,5,rgb_sar,0,2
0.44558075,5,rgb_sar,0,2
0.40124136,5,rgb_sar,0,2
0.39363146,5,rgb_sar,0,2
0.40206608,5,rgb_sar,0,2
0.49685454,5,rgb_sar,0,2
0.47249392,5,rgb_sar,0,2
0.51304895,5,rgb_sar,0,2
0.5052558,5,rgb_sar,0,2
0.5252227,5,rgb_sar,0,2
0.48556587,5,rgb_sar,0,2
0.4534399,5,rgb_sar,0,2
0.4456636,5,rgb_sar,0,2
0.46187437,5,rgb_sar,0,2
0.4382069,5,rgb_sar,0,2
0.42510185,5,rgb_sar,0,2
0.39694327,5,rgb_sar,0,2
0.40117124,5,rgb_sar,0,2
0.49117827,5,rgb_sar,0,2
0.49105722,5,rgb_sar,0,2
0.53752816,5,rgb_sar,0,2
0.4762812,5,rgb_sar,0,2
0.5129668,5,rgb_sar,0,2
0.48541668,5,rgb_sar,0,2
0.44902393,5,rgb_sar,0,2
0.44172487,5,rgb_sar,0,2
0.42825717,5,rgb_sar,0,2
0.40510216,5,rgb_sar,0,2
0.38809,5,rgb_sar,0,2
0.45265594,5,rgb_sar,0,2
0.46545348,5,rgb_sar,0,2
0.4503113,5,rgb_sar,0,2
0.4506774,5,rgb_sar,0,2
0.5512122,5,rgb_sar,0,2
0.47526357,5,rgb_sar,0,2
0.51828,5,rgb_sar,0,2
0.47611874,5,rgb_sar,0,2
0.48854512,5,rgb_sar,0,2
0.47173226,5,rgb_sar,0,2
0.42011872,5,rgb_sar,0,2
0.36800137,5,rgb_sar,0,2
0.35767066,5,rgb_sar,0,2
0.37408668,5,rgb_sar,0,2
0.3953639,5,rgb_sar,0,2
0.4705826,5,rgb_sar,0,2
0.487189,5,rgb_sar,0,2
0.5135088,5,rgb_sar,0,2
0.5059004,5,rgb_sar,0,2
0.45100117,5,rgb_sar,0,2
0.4056592,5,rgb_sar,0,2
0.4084226,5,rgb_sar,0,2
0.41549873,5,rgb_sar,0,2
0.42604053,5,rgb_sar,0,2
0.3948255,5,rgb_sar,0,2
0.50408876,5,rgb_sar,0,2
0.49918896,5,rgb_sar,0,2
0.54027313,5,rgb_sar,0,2
0.50839406,5,rgb_sar,0,2
0.4360571,5,rgb_sar,0,2
0.40899092,5,rgb_sar,0,2
0.4030486,5,rgb_sar,0,2
0.40720594,5,rgb_sar,0,2
0.40672344,5,rgb_sar,0,2
0.417697,5,rgb_sar,0,2
0.34710005,5,rgb_sar,0,2
0.33749652,5,rgb_sar,0,2
0.3379578,5,rgb_sar,0,2
0.30046847,5,rgb_sar,0,2
0.35944733,5,rgb_sar,0,2
0.39585036,5,rgb_sar,0,2
0.360532,5,rgb_sar,0,2
0.32491025,5,rgb_sar,0,2
0.3641776,5,rgb_sar,0,2
0.44612002,5,rgb_sar,0,2
0.53583074,5,rgb_sar,0,2
0.5360205,5,rgb_sar,0,2
0.60280335,5,rgb_sar,0,2
0.5552949,5,rgb_sar,0,2
0.5206922,5,rgb_sar,0,2
0.49435183,5,rgb_sar,0,2
0.52455854,5,rgb_sar,0,2
0.45024478,5,rgb_sar,0,2
0.554217,5,rgb_sar,0,2
0.5982791,5,rgb_sar,0,2
0.5983522,5,rgb_sar,0,2
0.5513305,5,rgb_sar,0,2
0.5408845,5,rgb_sar,0,2
0.50067955,5,rgb_sar,0,2
0.47873738,5,rgb_sar,0,2
0.4294377,5,rgb_sar,0,2
0.4413746,5,rgb_sar,0,2
0.46025813,5,rgb_sar,0,2
0.4565395,5,rgb_sar,0,2
0.5189214,5,rgb_sar,0,2
0.52137244,5,rgb_sar,0,2
0.5507432,5,rgb_sar,0,2
0.53391457,5,rgb_sar,0,2
0.5277382,5,rgb_sar,0,2
0.5441858,5,rgb_sar,0,2
0.5276669,5,rgb_sar,0,2
0.5490515,5,rgb_sar,0,2
0.52309734,5,rgb_sar,0,2
0.47331196,5,rgb_sar,0,2
0.47332773,5,rgb_sar,0,2
0.46499425,5,rgb_sar,0,2
0.44613186,5,rgb_sar,0,2
0.5367385,5,rgb_sar,0,2
0.54649574,5,rgb_sar,0,2
0.5950632,5,rgb_sar,0,2
0.5565784,5,rgb_sar,0,2
0.55570006,5,rgb_sar,0,2
0.577955,5,rgb_sar,0,2
0.5470053,5,rgb_sar,0,2
0.5234928,5,rgb_sar,0,2
0.5408114,5,rgb_sar,0,2
0.5209409,5,rgb_sar,0,2
0.55781895,5,rgb_sar,0,2
0.5551412,5,rgb_sar,0,2
0.49420714,5,rgb_sar,0,2
0.5007056,5,rgb_sar,0,2
0.5644295,5,rgb_sar,0,2
0.58657837,5,rgb_sar,0,2
0.5495901,5,rgb_sar,0,2
0.5820529,5,rgb_sar,0,2
0.6067183,5,rgb_sar,0,2
0.5632678,5,rgb_sar,0,2
0.50777495,5,rgb_sar,0,2
0.539302,5,rgb_sar,0,2
0.55410016,5,rgb_sar,0,2
0.5564893,5,rgb_sar,0,2
0.554645,5,rgb_sar,0,2
0.53153336,5,rgb_sar,0,2
0.4802839,5,rgb_sar,0,2
0.52013487,5,rgb_sar,0,2
0.54720086,5,rgb_sar,0,2
0.5112829,5,rgb_sar,0,2
0.5146074,5,rgb_sar,0,2
0.5668119,5,rgb_sar,0,2
0.5693533,5,rgb_sar,0,2
0.50324357,5,rgb_sar,0,2
0.52068985,5,rgb_sar,0,2
0.5527275,5,rgb_sar,0,2
0.57356966,5,rgb_sar,0,2
0.5268321,5,rgb_sar,0,2
0.5465536,5,rgb_sar,0,2
0.5178256,5,rgb_sar,0,2
0.4959322,5,rgb_sar,0,2
0.5048533,5,rgb_sar,0,2
0.5294731,5,rgb_sar,0,2
0.5036034,5,rgb_sar,0,2
0.49046838,5,rgb_sar,0,2
0.4787928,5,rgb_sar,0,2
0.51049984,5,rgb_sar,0,2
0.5659634,5,rgb_sar,0,2
0.5472207,5,rgb_sar,0,2
0.52475214,5,rgb_sar,0,2
0.50352025,5,rgb_sar,0,2
0.5145273,5,rgb_sar,0,2
0.5096721,5,rgb_sar,0,2
0.4924117,5,rgb_sar,0,2
0.4913636,5,rgb_sar,0,2
0.4487359,5,rgb_sar,0,2
0.45708486,5,rgb_sar,0,2
0.48451936,5,rgb_sar,0,2
0.51529497,5,rgb_sar,0,2
0.566364,5,rgb_sar,0,2
0.5525277,5,rgb_sar,0,2
0.44715148,5,rgb_sar,0,2
0.4187701,5,rgb_sar,0,2
0.5318573,5,rgb_sar,0,2
0.5320882,5,rgb_sar,0,2
0.46746853,5,rgb_sar,0,2
0.4056114,5,rgb_sar,0,2
0.6320251,4,rgb_sar,0,2
0.67086655,4,rgb_sar,0,2
0.70143455,4,rgb_sar,0,2
0.7765951,4,rgb_sar,0,2
0.61884165,4,rgb_sar,0,2
0.6460312,4,rgb_sar,0,2
0.6879724,4,rgb_sar,0,2
0.7657428,4,rgb_sar,0,2
0.65660644,4,rgb_sar,0,2
0.6480661,4,rgb_sar,0,2
0.67656875,4,rgb_sar,0,2
0.70152724,4,rgb_sar,0,2
0.7813643,4,rgb_sar,0,2
0.6536628,4,rgb_sar,0,2
0.6559503,4,rgb_sar,0,2
0.67291284,4,rgb_sar,0,2
0.7061246,4,rgb_sar,0,2
0.7857257,4,rgb_sar,0,2
0.7013872,4,rgb_sar,0,2
0.6669881,4,rgb_sar,0,2
0.6800675,4,rgb_sar,0,2
0.7010043,4,rgb_sar,0,2
0.70297134,4,rgb_sar,0,2
0.7795323,4,rgb_sar,0,2
0.7227272,4,rgb_sar,0,2
0.66913104,4,rgb_sar,0,2
0.69089365,4,rgb_sar,0,2
0.69172895,4,rgb_sar,0,2
0.6864416,4,rgb_sar,0,2
0.76918674,4,rgb_sar,0,2
0.7054531,4,rgb_sar,0,2
0.6998561,4,rgb_sar,0,2
0.6778734,4,rgb_sar,0,2
0.7033922,4,rgb_sar,0,2
0.718282,4,rgb_sar,0,2
0.6908936,4,rgb_sar,0,2
0.70993555,4,rgb_sar,0,2
0.7353998,4,rgb_sar,0,2
0.7420424,4,rgb_sar,0,2
0.6946735,4,rgb_sar,0,2
0.68976116,4,rgb_sar,0,2
0.68282014,4,rgb_sar,0,2
0.6826397,4,rgb_sar,0,2
0.6825728,4,rgb_sar,0,2
0.6776164,4,rgb_sar,0,2
0.6669555,4,rgb_sar,0,2
0.6672956,4,rgb_sar,0,2
0.6813976,4,rgb_sar,0,2
0.6649001,4,rgb_sar,0,2
0.65617764,4,rgb_sar,0,2
0.6792639,4,rgb_sar,0,2
0.6800446,4,rgb_sar,0,2
0.68811333,4,rgb_sar,0,2
0.6745164,4,rgb_sar,0,2
0.7263205,4,rgb_sar,0,2
0.73258287,4,rgb_sar,0,2
0.73049265,4,rgb_sar,0,2
0.7430476,4,rgb_sar,0,2
0.76576865,4,rgb_sar,0,2
0.75066906,4,rgb_sar,0,2
0.7157097,4,rgb_sar,0,2
0.6966754,4,rgb_sar,0,2
0.675519,4,rgb_sar,0,2
0.78379816,4,rgb_sar,0,2
0.77949417,4,rgb_sar,0,2
0.7460154,4,rgb_sar,0,2
0.7322917,4,rgb_sar,0,2
0.7230272,4,rgb_sar,0,2
0.7223525,4,rgb_sar,0,2
0.7440415,4,rgb_sar,0,2
0.7324409,4,rgb_sar,0,2
0.74097335,4,rgb_sar,0,2
0.7314885,4,rgb_sar,0,2
0.7834408,4,rgb_sar,0,2
0.77558255,4,rgb_sar,0,2
0.72412395,4,rgb_sar,0,2
0.70804846,4,rgb_sar,0,2
0.6424446,4,rgb_sar,0,2
0.6561505,4,rgb_sar,0,2
0.69604385,4,rgb_sar,0,2
0.7383212,4,rgb_sar,0,2
0.7582219,4,rgb_sar,0,2
0.7138171,4,rgb_sar,0,2
0.7402046,4,rgb_sar,0,2
0.74530786,4,rgb_sar,0,2
0.72453666,4,rgb_sar,0,2
0.72139114,4,rgb_sar,0,2
0.65091294,4,rgb_sar,0,2
0.6764522,4,rgb_sar,0,2
0.6975623,4,rgb_sar,0,2
0.75878686,4,rgb_sar,0,2
0.7618486,4,rgb_sar,0,2
0.71354365,4,rgb_sar,0,2
0.71083367,4,rgb_sar,0,2
0.68667793,4,rgb_sar,0,2
0.6900882,4,rgb_sar,0,2
0.73448646,4,rgb_sar,0,2
0.74753785,4,rgb_sar,0,2
0.6786106,4,rgb_sar,0,2
0.71300334,4,rgb_sar,0,2
0.7412441,4,rgb_sar,0,2
0.79076636,4,rgb_sar,0,2
0.7545898,4,rgb_sar,0,2
0.7433078,4,rgb_sar,0,2
0.73080146,4,rgb_sar,0,2
0.70387185,4,rgb_sar,0,2
0.6920862,4,rgb_sar,0,2
0.75179666,4,rgb_sar,0,2
0.7686705,4,rgb_sar,0,2
0.69227076,4,rgb_sar,0,2
0.7245074,4,rgb_sar,0,2
0.7252513,4,rgb_sar,0,2
0.76023597,4,rgb_sar,0,2
0.7331237,4,rgb_sar,0,2
0.77489626,4,rgb_sar,0,2
0.73409605,4,rgb_sar,0,2
0.69895387,4,rgb_sar,0,2
0.68618363,4,rgb_sar,0,2
0.68548787,4,rgb_sar,0,2
0.7085959,4,rgb_sar,0,2
0.7228602,4,rgb_sar,0,2
0.7129481,4,rgb_sar,0,2
0.7213625,4,rgb_sar,0,2
0.7514618,4,rgb_sar,0,2
0.73137844,4,rgb_sar,0,2
0.71028674,4,rgb_sar,0,2
0.6957234,4,rgb_sar,0,2
0.68532574,4,rgb_sar,0,2
0.69456804,4,rgb_sar,0,2
0.7022275,4,rgb_sar,0,2
0.7021046,4,rgb_sar,0,2
0.69808877,4,rgb_sar,0,2
0.73154944,4,rgb_sar,0,2
0.7281482,4,rgb_sar,0,2
0.73516333,4,rgb_sar,0,2
0.74402523,4,rgb_sar,0,2
0.7201586,4,rgb_sar,0,2
0.7277391,4,rgb_sar,0,2
0.75755954,4,rgb_sar,0,2
0.72825676,4,rgb_sar,0,2
0.6924575,4,rgb_sar,0,2
0.6858207,4,rgb_sar,0,2
0.6118227,4,rgb_sar,0,2
0.6701666,4,rgb_sar,0,2
0.5957714,4,rgb_sar,0,2
0.6544806,4,rgb_sar,0,2
0.6424258,4,rgb_sar,0,2
0.6763963,4,rgb_sar,0,2
0.7124622,4,rgb_sar,0,2
0.63159996,4,rgb_sar,0,2
0.6151039,4,rgb_sar,0,2
0.6171863,4,rgb_sar,0,2
0.6642463,4,rgb_sar,0,2
0.72786903,4,rgb_sar,0,2
0.64665055,4,rgb_sar,0,2
0.6186444,4,rgb_sar,0,2
0.59835505,4,rgb_sar,0,2
0.64286983,4,rgb_sar,0,2
0.7588036,4,rgb_sar,0,2
0.70034826,4,rgb_sar,0,2
0.6710876,4,rgb_sar,0,2
0.6401935,4,rgb_sar,0,2
0.6652895,4,rgb_sar,0,2
0.77183783,4,rgb_sar,0,2
0.7047903,4,rgb_sar,0,2
0.6452501,4,rgb_sar,0,2
0.62942475,4,rgb_sar,0,2
0.6611754,4,rgb_sar,0,2
0.81281644,4,rgb_sar,0,2
0.7264012,4,rgb_sar,0,2
0.6271694,4,rgb_sar,0,2
0.6404285,4,rgb_sar,0,2
0.6481941,4,rgb_sar,0,2
0.82921946,4,rgb_sar,0,2
0.75620604,4,rgb_sar,0,2
0.6390331,4,rgb_sar,0,2
0.64799905,4,rgb_sar,0,2
0.6467208,4,rgb_sar,0,2
0.82416314,4,rgb_sar,0,2
0.7673479,4,rgb_sar,0,2
0.6865364,4,rgb_sar,0,2
0.6867807,4,rgb_sar,0,2
0.6544622,4,rgb_sar,0,2
0.8065114,4,rgb_sar,0,2
0.7491468,4,rgb_sar,0,2
0.6942061,4,rgb_sar,0,2
0.7088239,4,rgb_sar,0,2
0.6853628,4,rgb_sar,0,2
0.6216374,4,rgb_sar,0,2
0.6626336,4,rgb_sar,0,2
0.59632057,4,rgb_sar,0,2
0.5388304,4,rgb_sar,0,2
0.48538506,4,rgb_sar,0,2
0.48642528,4,rgb_sar,0,2
0.60036314,4,rgb_sar,0,2
0.6078437,4,rgb_sar,0,2
0.5631794,4,rgb_sar,0,2
0.5444553,4,rgb_sar,0,2
0.49333066,4,rgb_sar,0,2
0.4719438,4,rgb_sar,0,2
0.57559896,4,rgb_sar,0,2
0.5380594,4,rgb_sar,0,2
0.5082646,4,rgb_sar,0,2
0.4492315,4,rgb_sar,0,2
0.43970805,4,rgb_sar,0,2
0.4963869,4,rgb_sar,0,2
0.47526228,4,rgb_sar,0,2
0.57494724,4,rgb_sar,0,2
0.54986775,4,rgb_sar,0,2
0.59141195,4,rgb_sar,0,2
0.54629874,4,rgb_sar,0,2
0.535164,4,rgb_sar,0,2
0.4953969,4,rgb_sar,0,2
0.5092388,4,rgb_sar,0,2
0.55255103,4,rgb_sar,0,2
0.5156324,4,rgb_sar,0,2
0.4986406,4,rgb_sar,0,2
0.51476127,4,rgb_sar,0,2
0.5070833,4,rgb_sar,0,2
0.46367162,4,rgb_sar,0,2
0.45769402,4,rgb_sar,0,2
0.46554703,4,rgb_sar,0,2
0.50198764,4,rgb_sar,0,2
0.46308675,4,rgb_sar,0,2
0.49789947,4,rgb_sar,0,2
0.47193697,4,rgb_sar,0,2
0.69870913,4,rgb_sar,0,2
0.69092906,4,rgb_sar,0,2
0.6917262,4,rgb_sar,0,2
0.70298624,4,rgb_sar,0,2
0.7586596,4,rgb_sar,0,2
0.8124881,4,rgb_sar,0,2
0.6409795,4,rgb_sar,0,2
0.64383423,4,rgb_sar,0,2
0.62320995,4,rgb_sar,0,2
0.63502073,4,rgb_sar,0,2
0.5722953,4,rgb_sar,0,2
0.55662876,4,rgb_sar,0,2
0.6209409,4,rgb_sar,0,2
0.6049196,4,rgb_sar,0,2
0.5755139,4,rgb_sar,0,2
0.5857346,4,rgb_sar,0,2
0.5383141,4,rgb_sar,0,2
0.53129077,4,rgb_sar,0,2
0.5386171,4,rgb_sar,0,2
0.54144734,4,rgb_sar,0,2
0.5349754,4,rgb_sar,0,2
0.48704013,4,rgb_sar,0,2
0.4333834,4,rgb_sar,0,2
0.44415286,4,rgb_sar,0,2
0.4256456,4,rgb_sar,0,2
0.3712138,4,rgb_sar,0,2
0.3578892,4,rgb_sar,0,2
0.52530444,4,rgb_sar,0,2
0.4910158,4,rgb_sar,0,2
0.4745988,4,rgb_sar,0,2
0.42635942,4,rgb_sar,0,2
0.41543835,4,rgb_sar,0,2
0.40034416,4,rgb_sar,0,2
0.37957275,4,rgb_sar,0,2
0.34979063,4,rgb_sar,0,2
0.3606801,4,rgb_sar,0,2
0.4667671,4,rgb_sar,0,2
0.45039445,4,rgb_sar,0,2
0.4305318,4,rgb_sar,0,2
0.42055547,4,rgb_sar,0,2
0.46253914,4,rgb_sar,0,2
0.4771573,4,rgb_sar,0,2
0.47365052,4,rgb_sar,0,2
0.46530372,4,rgb_sar,0,2
0.5719553,4,rgb_sar,0,2
0.49268618,4,rgb_sar,0,2
0.54147196,4,rgb_sar,0,2
0.59158915,4,rgb_sar,0,2
0.5683179,4,rgb_sar,0,2
0.4724601,4,rgb_sar,0,2
0.5067509,4,rgb_sar,0,2
0.5406375,4,rgb_sar,0,2
0.5109718,4,rgb_sar,0,2
0.62482125,4,rgb_sar,0,2
0.62151957,4,rgb_sar,0,2
0.52624583,4,rgb_sar,0,2
0.5601611,4,rgb_sar,0,2
0.60153526,4,rgb_sar,0,2
0.5415772,4,rgb_sar,0,2
0.4997314,4,rgb_sar,0,2
0.50443596,4,rgb_sar,0,2
0.5319114,4,rgb_sar,0,2
0.6106248,4,rgb_sar,0,2
0.6212833,4,rgb_sar,0,2
0.56113625,4,rgb_sar,0,2
0.54934275,4,rgb_sar,0,2
0.48685318,4,rgb_sar,0,2
0.44669902,4,rgb_sar,0,2
0.57795286,4,rgb_sar,0,2
0.6149186,4,rgb_sar,0,2
0.63336915,4,rgb_sar,0,2
0.56228876,4,rgb_sar,0,2
0.49026167,4,rgb_sar,0,2
0.4585494,4,rgb_sar,0,2
0.49785864,4,rgb_sar,0,2
0.6100513,4,rgb_sar,0,2
0.64090157,4,rgb_sar,0,2
0.526281,4,rgb_sar,0,2
0.54184794,4,rgb_sar,0,2
0.45899934,4,rgb_sar,0,2
0.41434857,4,rgb_sar,0,2
0.5915719,4,rgb_sar,0,2
0.58646667,4,rgb_sar,0,2
0.5783205,4,rgb_sar,0,2
0.52972806,4,rgb_sar,0,2
0.50742495,4,rgb_sar,0,2
0.5079689,4,rgb_sar,0,2
0.52546257,4,rgb_sar,0,2
0.5537919,4,rgb_sar,0,2
0.5795117,4,rgb_sar,0,2
0.54933894,4,rgb_sar,0,2
0.5350847,4,rgb_sar,0,2
0.6264407,4,rgb_sar,0,2
0.64927804,4,rgb_sar,0,2
0.65099126,4,rgb_sar,0,2
0.6532679,4,rgb_sar,0,2
0.6632439,4,rgb_sar,0,2
0.6405692,4,rgb_sar,0,2
0.65809894,4,rgb_sar,0,2
0.6624574,4,rgb_sar,0,2
0.6816604,4,rgb_sar,0,2
0.6491595,4,rgb_sar,0,2
0.62348235,4,rgb_sar,0,2
0.60123307,4,rgb_sar,0,2
0.5221176,4,rgb_sar,0,2
0.5381161,4,rgb_sar,0,2
0.6020371,4,rgb_sar,0,2
0.52134436,4,rgb_sar,0,2
0.49295655,4,rgb_sar,0,2
0.5477498,4,rgb_sar,0,2
0.6919434,4,rgb_sar,0,2
0.66256005,4,rgb_sar,0,2
0.5690568,4,rgb_sar,0,2
0.47959065,4,rgb_sar,0,2
0.46031284,4,rgb_sar,0,2
0.5130602,4,rgb_sar,0,2
0.59850526,4,rgb_sar,0,2
0.58296454,4,rgb_sar,0,2
0.543139,4,rgb_sar,0,2
0.48301744,4,rgb_sar,0,2
0.4199554,4,rgb_sar,0,2
0.40236908,4,rgb_sar,0,2
0.44630742,4,rgb_sar,0,2
0.4270132,4,rgb_sar,0,2
0.59227157,4,rgb_sar,0,2
0.45361868,4,rgb_sar,0,2
0.4340061,4,rgb_sar,0,2
0.4434371,4,rgb_sar,0,2
0.5075762,4,rgb_sar,0,2
0.5740161,4,rgb_sar,0,2
0.59861255,4,rgb_sar,0,2
0.57516223,4,rgb_sar,0,2
0.4565686,4,rgb_sar,0,2
0.4265889,4,rgb_sar,0,2
0.46280122,4,rgb_sar,0,2
0.4007172,4,rgb_sar,0,2
0.70914376,4,rgb_sar,0,2
0.638691,4,rgb_sar,0,2
0.57683885,4,rgb_sar,0,2
0.5396179,4,rgb_sar,0,2
0.5597477,4,rgb_sar,0,2
0.60384536,4,rgb_sar,0,2
0.55117524,4,rgb_sar,0,2
0.55866504,4,rgb_sar,0,2
0.55061924,4,rgb_sar,0,2
0.5421343,4,rgb_sar,0,2
0.8053336,4,rgb_sar,0,2
0.7700789,4,rgb_sar,0,2
0.726308,4,rgb_sar,0,2
0.6901696,4,rgb_sar,0,2
0.6740249,4,rgb_sar,0,2
0.66190076,4,rgb_sar,0,2
0.63573945,4,rgb_sar,0,2
0.67855,4,rgb_sar,0,2
0.68428504,4,rgb_sar,0,2
0.6746589,4,rgb_sar,0,2
0.79257315,4,rgb_sar,0,2
0.7881589,4,rgb_sar,0,2
0.7757181,4,rgb_sar,0,2
0.76607645,4,rgb_sar,0,2
0.7968501,4,rgb_sar,0,2
0.8644011,4,rgb_sar,0,2
0.69211864,4,rgb_sar,0,2
0.7082827,4,rgb_sar,0,2
0.6990832,4,rgb_sar,0,2
0.68291837,4,rgb_sar,0,2
0.7205949,4,rgb_sar,0,2
0.8147913,4,rgb_sar,0,2
0.69716626,4,rgb_sar,0,2
0.70394915,4,rgb_sar,0,2
0.7092893,4,rgb_sar,0,2
0.69016826,4,rgb_sar,0,2
0.6720221,4,rgb_sar,0,2
0.744326,4,rgb_sar,0,2
0.74760616,4,rgb_sar,0,2
0.7043009,4,rgb_sar,0,2
0.7129835,4,rgb_sar,0,2
0.76355153,4,rgb_sar,0,2
0.7726661,4,rgb_sar,0,2
0.71236956,4,rgb_sar,0,2
0.71869844,4,rgb_sar,0,2
0.76222956,4,rgb_sar,0,2
0.7124898,4,rgb_sar,0,2
0.70524514,4,rgb_sar,0,2
0.6816628,4,rgb_sar,0,2
0.67645895,4,rgb_sar,0,2
0.8622856,4,rgb_sar,0,2
0.8598217,4,rgb_sar,0,2
0.8169488,4,rgb_sar,0,2
0.8078956,4,rgb_sar,0,2
0.81176347,4,rgb_sar,0,2
0.8073562,4,rgb_sar,0,2
0.8167329,4,rgb_sar,0,2
0.8241955,4,rgb_sar,0,2
0.80692077,4,rgb_sar,0,2
0.77830577,4,rgb_sar,0,2
0.78412,4,rgb_sar,0,2
0.8374376,4,rgb_sar,0,2
0.83927006,4,rgb_sar,0,2
0.7784935,4,rgb_sar,0,2
0.7745014,4,rgb_sar,0,2
0.7467141,4,rgb_sar,0,2
0.7373003,4,rgb_sar,0,2
0.74529564,4,rgb_sar,0,2
0.7751026,4,rgb_sar,0,2
0.743985,4,rgb_sar,0,2
0.70292354,4,rgb_sar,0,2
0.7391305,4,rgb_sar,0,2
0.76711816,4,rgb_sar,0,2
0.7508848,4,rgb_sar,0,2
0.7433115,4,rgb_sar,0,2
0.7797749,4,rgb_sar,0,2
0.7976338,4,rgb_sar,0,2
0.707136,4,rgb_sar,0,2
0.70050675,4,rgb_sar,0,2
0.7129089,4,rgb_sar,0,2
0.7552041,4,rgb_sar,0,2
0.76183903,4,rgb_sar,0,2
0.72568506,4,rgb_sar,0,2
0.7097973,4,rgb_sar,0,2
0.7513509,4,rgb_sar,0,2
0.78264487,4,rgb_sar,0,2
0.7529268,4,rgb_sar,0,2
0.7252469,4,rgb_sar,0,2
0.7353865,4,rgb_sar,0,2
0.7396389,4,rgb_sar,0,2
0.7409116,4,rgb_sar,0,2
0.7126609,4,rgb_sar,0,2
0.69922674,4,rgb_sar,0,2
0.71968216,4,rgb_sar,0,2
0.748127,4,rgb_sar,0,2
0.71218234,4,rgb_sar,0,2
0.73281527,4,rgb_sar,0,2
0.74037135,4,rgb_sar,0,2
0.7082382,4,rgb_sar,0,2
0.7077923,4,rgb_sar,0,2
0.89084405,4,rgb_sar,0,2
0.8401498,4,rgb_sar,0,2
0.81128025,4,rgb_sar,0,2
0.8079324,4,rgb_sar,0,2
0.7804399,4,rgb_sar,0,2
0.8656621,4,rgb_sar,0,2
0.78415924,4,rgb_sar,0,2
0.73319304,4,rgb_sar,0,2
0.7233794,4,rgb_sar,0,2
0.6936814,4,rgb_sar,0,2
0.8498894,4,rgb_sar,0,2
0.7484733,4,rgb_sar,0,2
0.7048305,4,rgb_sar,0,2
0.70735735,4,rgb_sar,0,2
0.7150701,4,rgb_sar,0,2
0.84899837,4,rgb_sar,0,2
0.75502264,4,rgb_sar,0,2
0.6990026,4,rgb_sar,0,2
0.7240268,4,rgb_sar,0,2
0.7421535,4,rgb_sar,0,2
0.75667167,4,rgb_sar,0,2
0.7451299,4,rgb_sar,0,2
0.7440238,4,rgb_sar,0,2
0.77291703,4,rgb_sar,0,2
0.72780627,4,rgb_sar,0,2
0.7014203,4,rgb_sar,0,2
0.7370212,4,rgb_sar,0,2
0.72259337,4,rgb_sar,0,2
0.6994544,4,rgb_sar,0,2
0.73353577,4,rgb_sar,0,2
0.6842725,4,rgb_sar,0,2
0.6541393,4,rgb_sar,0,2
0.7087387,4,rgb_sar,0,2
0.63326246,4,rgb_sar,0,2
0.60318804,4,rgb_sar,0,2
0.5700885,4,rgb_sar,0,2
0.5423298,4,rgb_sar,0,2
0.5262418,4,rgb_sar,0,2
0.5028149,4,rgb_sar,0,2
0.48563606,4,rgb_sar,0,2
0.49810448,4,rgb_sar,0,2
0.66489124,4,rgb_sar,0,2
0.6164398,4,rgb_sar,0,2
0.6122969,4,rgb_sar,0,2
0.5781148,4,rgb_sar,0,2
0.51155424,4,rgb_sar,0,2
0.46835393,4,rgb_sar,0,2
0.41683292,4,rgb_sar,0,2
0.38338262,4,rgb_sar,0,2
0.4490744,4,rgb_sar,0,2
0.5251841,4,rgb_sar,0,2
0.50437427,4,rgb_sar,0,2
0.4901062,4,rgb_sar,0,2
0.41599554,4,rgb_sar,0,2
0.3982967,4,rgb_sar,0,2
0.36849496,4,rgb_sar,0,2
0.36446726,4,rgb_sar,0,2
0.3581072,4,rgb_sar,0,2
0.68360436,4,rgb_sar,0,2
0.693064,4,rgb_sar,0,2
0.7229278,4,rgb_sar,0,2
0.72702205,4,rgb_sar,0,2
0.749597,4,rgb_sar,0,2
0.74855113,4,rgb_sar,0,2
0.74521273,4,rgb_sar,0,2
0.7369129,4,rgb_sar,0,2
0.7441824,4,rgb_sar,0,2
0.7683226,4,rgb_sar,0,2
0.7259817,4,rgb_sar,0,2
0.6153816,4,rgb_sar,0,2
0.59474516,4,rgb_sar,0,2
0.53532386,4,rgb_sar,0,2
0.533561,4,rgb_sar,0,2
0.62942165,4,rgb_sar,0,2
0.677026,4,rgb_sar,0,2
0.66498995,4,rgb_sar,0,2
0.6545478,4,rgb_sar,0,2
0.5701798,4,rgb_sar,0,2
0.5414748,4,rgb_sar,0,2
0.62254006,4,rgb_sar,0,2
0.6305181,4,rgb_sar,0,2
0.61522365,4,rgb_sar,0,2
0.6283817,4,rgb_sar,0,2
0.614976,4,rgb_sar,0,2
0.545555,4,rgb_sar,0,2
0.5038958,4,rgb_sar,0,2
0.45304334,4,rgb_sar,0,2
0.39484984,4,rgb_sar,0,2
0.32497054,4,rgb_sar,0,2
0.27072883,4,rgb_sar,0,2
0.50097394,4,rgb_sar,0,2
0.525335,4,rgb_sar,0,2
0.49168918,4,rgb_sar,0,2
0.41241768,4,rgb_sar,0,2
0.37951648,4,rgb_sar,0,2
0.32404774,4,rgb_sar,0,2
0.33509105,4,rgb_sar,0,2
0.3437536,4,rgb_sar,0,2
0.32469454,4,rgb_sar,0,2
0.36622715,4,rgb_sar,0,2
0.3535261,4,rgb_sar,0,2
0.399333,4,rgb_sar,0,2
0.38916638,4,rgb_sar,0,2
0.3516121,4,rgb_sar,0,2
0.36680108,4,rgb_sar,0,2
0.4044754,4,rgb_sar,0,2
0.43044174,4,rgb_sar,0,2
0.48005658,4,rgb_sar,0,2
0.53937614,4,rgb_sar,0,2
0.52906007,4,rgb_sar,0,2
0.5737533,4,rgb_sar,0,2
0.47094563,4,rgb_sar,0,2
0.52046394,4,rgb_sar,0,2
0.50332475,4,rgb_sar,0,2
0.55911136,4,rgb_sar,0,2
0.5753007,4,rgb_sar,0,2
0.5675731,4,rgb_sar,0,2
0.5724359,4,rgb_sar,0,2
0.59483397,4,rgb_sar,0,2
0.6418455,4,rgb_sar,0,2
0.61619663,4,rgb_sar,0,2
0.58362633,4,rgb_sar,0,2
0.5594524,4,rgb_sar,0,2
0.54793286,4,rgb_sar,0,2
0.5772904,4,rgb_sar,0,2
0.5455642,4,rgb_sar,0,2
0.55287546,4,rgb_sar,0,2
0.596344,4,rgb_sar,0,2
0.5409795,4,rgb_sar,0,2
0.51445436,4,rgb_sar,0,2
0.44509268,4,rgb_sar,0,2
0.5949799,4,rgb_sar,0,2
0.5974314,4,rgb_sar,0,2
0.57559407,4,rgb_sar,0,2
0.61830837,4,rgb_sar,0,2
0.59943223,4,rgb_sar,0,2
0.62293494,4,rgb_sar,0,2
0.63807946,4,rgb_sar,0,2
0.55626035,4,rgb_sar,0,2
0.541017,4,rgb_sar,0,2
0.5671604,4,rgb_sar,0,2
0.52064914,4,rgb_sar,0,2
0.5133257,4,rgb_sar,0,2
0.42071378,4,rgb_sar,0,2
0.54868215,4,rgb_sar,0,2
0.50170183,4,rgb_sar,0,2
0.5026616,4,rgb_sar,0,2
0.54219913,4,rgb_sar,0,2
0.56741375,4,rgb_sar,0,2
0.61292696,4,rgb_sar,0,2
0.61629546,4,rgb_sar,0,2
0.53220403,4,rgb_sar,0,2
0.5332942,4,rgb_sar,0,2
0.5352048,4,rgb_sar,0,2
0.47329086,4,rgb_sar,0,2
0.5331506,4,rgb_sar,0,2
0.49561012,4,rgb_sar,0,2
0.5170333,4,rgb_sar,0,2
0.5312394,4,rgb_sar,0,2
0.57368886,4,rgb_sar,0,2
0.60794574,4,rgb_sar,0,2
0.57815254,4,rgb_sar,0,2
0.5230146,4,rgb_sar,0,2
0.5341408,4,rgb_sar,0,2
0.5363443,4,rgb_sar,0,2
0.4984611,4,rgb_sar,0,2
0.53330374,4,rgb_sar,0,2
0.5055356,4,rgb_sar,0,2
0.515171,4,rgb_sar,0,2
0.57838297,4,rgb_sar,0,2
0.6125376,4,rgb_sar,0,2
0.5617341,4,rgb_sar,0,2
0.5401789,4,rgb_sar,0,2
0.5409018,4,rgb_sar,0,2
0.5661192,4,rgb_sar,0,2
0.56519336,4,rgb_sar,0,2
0.5454166,4,rgb_sar,0,2
0.5567085,4,rgb_sar,0,2
0.5232463,4,rgb_sar,0,2
0.5161472,4,rgb_sar,0,2
0.5472431,4,rgb_sar,0,2
0.57045,4,rgb_sar,0,2
0.5223609,4,rgb_sar,0,2
0.515568,4,rgb_sar,0,2
0.4960904,4,rgb_sar,0,2
0.5720753,4,rgb_sar,0,2
0.5765865,4,rgb_sar,0,2
0.55707,4,rgb_sar,0,2
0.58170974,4,rgb_sar,0,2
0.51116407,4,rgb_sar,0,2
0.4996618,4,rgb_sar,0,2
0.4973436,4,rgb_sar,0,2
0.48548135,4,rgb_sar,0,2
0.5160634,4,rgb_sar,0,2
0.523942,4,rgb_sar,0,2
0.5300337,4,rgb_sar,0,2
0.5583536,4,rgb_sar,0,2
0.55844325,4,rgb_sar,0,2
0.5227797,4,rgb_sar,0,2
0.55606675,4,rgb_sar,0,2
0.487327,4,rgb_sar,0,2
0.49509156,4,rgb_sar,0,2
0.4983021,4,rgb_sar,0,2
0.57753325,4,rgb_sar,0,2
0.50774306,4,rgb_sar,0,2
0.562232,4,rgb_sar,0,2
0.57164866,4,rgb_sar,0,2
0.46883193,4,rgb_sar,0,2
0.5047235,4,rgb_sar,0,2
0.4994457,4,rgb_sar,0,2
0.5838352,4,rgb_sar,0,2
0.5769479,4,rgb_sar,0,2
0.56519866,4,rgb_sar,0,2
0.4439578,4,rgb_sar,0,2
0.45951706,4,rgb_sar,0,2
0.4989332,4,rgb_sar,0,2
0.55339634,4,rgb_sar,0,2
0.54490936,4,rgb_sar,0,2
0.5396993,4,rgb_sar,0,2
0.47899255,4,rgb_sar,0,2
0.47064054,4,rgb_sar,0,2
0.4465964,4,rgb_sar,0,2
0.4319852,4,rgb_sar,0,2
0.39248565,4,rgb_sar,0,2
0.57228774,4,rgb_sar,0,2
0.4437068,4,rgb_sar,0,2
0.4774737,4,rgb_sar,0,2
0.48076212,4,rgb_sar,0,2
0.52701855,4,rgb_sar,0,2
0.5605339,4,rgb_sar,0,2
0.5562377,4,rgb_sar,0,2
0.4983022,4,rgb_sar,0,2
0.46003866,4,rgb_sar,0,2
0.45511425,4,rgb_sar,0,2
0.40389562,4,rgb_sar,0,2
0.35627574,4,rgb_sar,0,2
0.6231208,4,rgb_sar,0,2
0.49853298,4,rgb_sar,0,2
0.49172494,4,rgb_sar,0,2
0.47214222,4,rgb_sar,0,2
0.52653015,4,rgb_sar,0,2
0.5563307,4,rgb_sar,0,2
0.55378896,4,rgb_sar,0,2
0.51198137,4,rgb_sar,0,2
0.45218268,4,rgb_sar,0,2
0.45959666,4,rgb_sar,0,2
0.64860356,4,rgb_sar,0,2
0.50563437,4,rgb_sar,0,2
0.45780474,4,rgb_sar,0,2
0.43583554,4,rgb_sar,0,2
0.50284886,4,rgb_sar,0,2
0.5416192,4,rgb_sar,0,2
0.5285486,4,rgb_sar,0,2
0.4918852,4,rgb_sar,0,2
0.4138251,4,rgb_sar,0,2
0.4075592,4,rgb_sar,0,2
0.68495935,4,rgb_sar,0,2
0.5116416,4,rgb_sar,0,2
0.41651458,4,rgb_sar,0,2
0.43034178,4,rgb_sar,0,2
0.47291738,4,rgb_sar,0,2
0.51735896,4,rgb_sar,0,2
0.52196103,4,rgb_sar,0,2
0.47390735,4,rgb_sar,0,2
0.42590088,4,rgb_sar,0,2
0.3708822,4,rgb_sar,0,2
0.7081462,4,rgb_sar,0,2
0.5429102,4,rgb_sar,0,2
0.42165852,4,rgb_sar,0,2
0.45006672,4,rgb_sar,0,2
0.48167235,4,rgb_sar,0,2
0.49701822,4,rgb_sar,0,2
0.48157296,4,rgb_sar,0,2
0.44612673,4,rgb_sar,0,2
0.38008088,4,rgb_sar,0,2
0.30630022,4,rgb_sar,0,2
0.7000284,4,rgb_sar,0,2
0.5684875,4,rgb_sar,0,2
0.5115696,4,rgb_sar,0,2
0.54068947,4,rgb_sar,0,2
0.4704966,4,rgb_sar,0,2
0.4719985,4,rgb_sar,0,2
0.3728324,4,rgb_sar,0,2
0.33120644,4,rgb_sar,0,2
0.36476746,4,rgb_sar,0,2
0.32502183,4,rgb_sar,0,2
0.6840998,4,rgb_sar,0,2
0.6421564,4,rgb_sar,0,2
0.4324101,5,rgb_sar,0,2
0.4143009,5,rgb_sar,0,2
0.38127628,5,rgb_sar,0,2
0.30553696,5,rgb_sar,0,2
0.2803105,5,rgb_sar,0,2
0.36287785,5,rgb_sar,0,2
0.40745407,5,rgb_sar,0,2
0.44048834,5,rgb_sar,0,2
0.4438699,5,rgb_sar,0,2
0.40705502,5,rgb_sar,0,2
0.42877677,5,rgb_sar,0,2
0.3702129,5,rgb_sar,0,2
0.2220307,5,rgb_sar,0,2
0.17827514,5,rgb_sar,0,2
0.38746068,5,rgb_sar,0,2
0.43623412,5,rgb_sar,0,2
0.48875397,5,rgb_sar,0,2
0.4970223,5,rgb_sar,0,2
0.41988587,5,rgb_sar,0,2
0.36935505,5,rgb_sar,0,2
0.28534943,5,rgb_sar,0,2
0.2886834,5,rgb_sar,0,2
0.52056384,5,rgb_sar,0,2
0.49560362,5,rgb_sar,0,2
0.49617836,5,rgb_sar,0,2
0.52459806,5,rgb_sar,0,2
0.4453682,5,rgb_sar,0,2
0.4552499,5,rgb_sar,0,2
0.5085432,5,rgb_sar,0,2
0.46514562,5,rgb_sar,0,2
0.55889255,5,rgb_sar,0,2
0.51821434,5,rgb_sar,0,2
0.45550013,5,rgb_sar,0,2
0.4738647,5,rgb_sar,0,2
0.44715533,5,rgb_sar,0,2
0.48786125,5,rgb_sar,0,2
0.54405934,5,rgb_sar,0,2
0.6156856,5,rgb_sar,0,2
0.5631399,5,rgb_sar,0,2
0.5159733,5,rgb_sar,0,2
0.48988593,5,rgb_sar,0,2
0.5057968,5,rgb_sar,0,2
0.5249026,5,rgb_sar,0,2
0.45828983,5,rgb_sar,0,2
0.4423421,5,rgb_sar,0,2
0.45485502,5,rgb_sar,0,2
0.6019541,5,rgb_sar,0,2
0.45183972,5,rgb_sar,0,2
0.4504622,5,rgb_sar,0,2
0.50653327,5,rgb_sar,0,2
0.47739863,5,rgb_sar,0,2
0.47805482,5,rgb_sar,0,2
0.47834313,5,rgb_sar,0,2
0.530772,5,rgb_sar,0,2
0.5222082,5,rgb_sar,0,2
0.43689138,5,rgb_sar,0,2
0.47856435,5,rgb_sar,0,2
0.4944203,5,rgb_sar,0,2
0.6115533,5,rgb_sar,0,2
0.52770364,5,rgb_sar,0,2
0.48342246,5,rgb_sar,0,2
0.47965902,5,rgb_sar,0,2
0.50557995,5,rgb_sar,0,2
0.51743007,5,rgb_sar,0,2
0.50112736,5,rgb_sar,0,2
0.5008658,5,rgb_sar,0,2
0.5269893,5,rgb_sar,0,2
0.4953975,5,rgb_sar,0,2
0.43941033,5,rgb_sar,0,2
0.45888048,5,rgb_sar,0,2
0.46434462,5,rgb_sar,0,2
0.626761,5,rgb_sar,0,2
0.4864835,5,rgb_sar,0,2
0.48232615,5,rgb_sar,0,2
0.5382707,5,rgb_sar,0,2
0.51409686,5,rgb_sar,0,2
0.5020038,5,rgb_sar,0,2
0.5064361,5,rgb_sar,0,2
0.5109657,5,rgb_sar,0,2
0.4619012,5,rgb_sar,0,2
0.410581,5,rgb_sar,0,2
0.45958024,5,rgb_sar,0,2
0.5002727,5,rgb_sar,0,2
0.5888419,5,rgb_sar,0,2
0.4881422,5,rgb_sar,0,2
0.57457304,5,rgb_sar,0,2
0.6495167,5,rgb_sar,0,2
0.6065722,5,rgb_sar,0,2
0.5591509,5,rgb_sar,0,2
0.52848774,5,rgb_sar,0,2
0.528758,5,rgb_sar,0,2
0.43604356,5,rgb_sar,0,2
0.4707176,5,rgb_sar,0,2
0.5026067,5,rgb_sar,0,2
0.61648995,5,rgb_sar,0,2
0.5970999,5,rgb_sar,0,2
0.6563787,5,rgb_sar,0,2
0.60519946,5,rgb_sar,0,2
0.6455524,5,rgb_sar,0,2
0.49212337,5,rgb_sar,0,2
0.6053699,5,rgb_sar,0,2
0.5657271,5,rgb_sar,0,2
0.5071275,5,rgb_sar,0,2
0.62769353,5,rgb_sar,0,2
0.5393144,5,rgb_sar,0,2
0.6826645,5,rgb_sar,0,2
0.6683761,5,rgb_sar,0,2
0.46374732,5,rgb_sar,0,2
0.42910188,5,rgb_sar,0,2
0.369653,5,rgb_sar,0,2
0.22573242,5,rgb_sar,0,2
0.24224125,5,rgb_sar,0,2
0.40673855,5,rgb_sar,0,2
0.51291364,5,rgb_sar,0,2
0.49949253,5,rgb_sar,0,2
0.5088625,5,rgb_sar,0,2
0.50600517,5,rgb_sar,0,2
0.5299995,5,rgb_sar,0,2
0.46582147,5,rgb_sar,0,2
0.21225834,5,rgb_sar,0,2
0.20702487,5,rgb_sar,0,2
0.46003103,5,rgb_sar,0,2
0.5553353,5,rgb_sar,0,2
0.5358336,5,rgb_sar,0,2
0.5385102,5,rgb_sar,0,2
0.5718862,5,rgb_sar,0,2
0.5323294,5,rgb_sar,0,2
0.21458659,5,rgb_sar,0,2
0.22296557,5,rgb_sar,0,2
0.49895692,5,rgb_sar,0,2
0.5693798,5,rgb_sar,0,2
0.5551825,5,rgb_sar,0,2
0.5452712,5,rgb_sar,0,2
0.4752044,5,rgb_sar,0,2
0.50301254,5,rgb_sar,0,2
0.41510314,5,rgb_sar,0,2
0.44230682,5,rgb_sar,0,2
0.57519495,5,rgb_sar,0,2
0.57943094,5,rgb_sar,0,2
0.5819795,5,rgb_sar,0,2
0.57740396,5,rgb_sar,0,2
0.5202725,5,rgb_sar,0,2
0.4685398,5,rgb_sar,0,2
0.49904242,5,rgb_sar,0,2
0.47361436,5,rgb_sar,0,2
0.52657723,5,rgb_sar,0,2
0.5994903,5,rgb_sar,0,2
0.6081782,5,rgb_sar,0,2
0.5891866,5,rgb_sar,0,2
0.56249434,5,rgb_sar,0,2
0.6224496,5,rgb_sar,0,2
0.57135344,5,rgb_sar,0,2
0.5326437,5,rgb_sar,0,2
0.5280639,5,rgb_sar,0,2
0.560017,5,rgb_sar,0,2
0.54912364,5,rgb_sar,0,2
0.563728,5,rgb_sar,0,2
0.5260296,5,rgb_sar,0,2
0.5282501,5,rgb_sar,0,2
0.48786438,5,rgb_sar,0,2
0.55804694,5,rgb_sar,0,2
0.6062582,5,rgb_sar,0,2
0.51781845,5,rgb_sar,0,2
0.5356068,5,rgb_sar,0,2
0.5146707,5,rgb_sar,0,2
0.5352353,5,rgb_sar,0,2
0.53058666,5,rgb_sar,0,2
0.59317195,5,rgb_sar,0,2
0.6029731,5,rgb_sar,0,2
0.44384807,5,rgb_sar,0,2
0.5211962,5,rgb_sar,0,2
0.5431755,5,rgb_sar,0,2
0.5281493,5,rgb_sar,0,2
0.50387776,5,rgb_sar,0,2
0.4929289,5,rgb_sar,0,2
0.5458574,5,rgb_sar,0,2
0.5865873,5,rgb_sar,0,2
0.50689864,5,rgb_sar,0,2
0.5353998,5,rgb_sar,0,2
0.538952,5,rgb_sar,0,2
0.5719062,5,rgb_sar,0,2
0.53882957,5,rgb_sar,0,2
0.5515877,5,rgb_sar,0,2
0.5735789,5,rgb_sar,0,2
0.45711935,5,rgb_sar,0,2
0.47816348,5,rgb_sar,0,2
0.5206684,5,rgb_sar,0,2
0.5178531,5,rgb_sar,0,2
0.5141729,5,rgb_sar,0,2
0.5119155,5,rgb_sar,0,2
0.5286502,5,rgb_sar,0,2
0.5585108,5,rgb_sar,0,2
0.5715748,5,rgb_sar,0,2
0.5703557,5,rgb_sar,0,2
0.5688473,5,rgb_sar,0,2
0.5419197,5,rgb_sar,0,2
0.53571236,5,rgb_sar,0,2
0.55274475,5,rgb_sar,0,2
0.5814737,5,rgb_sar,0,2
0.5020592,5,rgb_sar,0,2
0.4906272,5,rgb_sar,0,2
0.5067369,5,rgb_sar,0,2
0.52652735,5,rgb_sar,0,2
0.5350862,5,rgb_sar,0,2
0.50933516,5,rgb_sar,0,2
0.524212,5,rgb_sar,0,2
0.6020105,5,rgb_sar,0,2
0.61449176,5,rgb_sar,0,2
0.58145684,5,rgb_sar,0,2
0.557904,5,rgb_sar,0,2
0.52965325,5,rgb_sar,0,2
0.5518636,5,rgb_sar,0,2
0.60308605,5,rgb_sar,0,2
0.5921832,5,rgb_sar,0,2
0.46113026,5,rgb_sar,0,2
0.4682658,5,rgb_sar,0,2
0.5586939,5,rgb_sar,0,2
0.5921507,5,rgb_sar,0,2
0.53643894,5,rgb_sar,0,2
0.54347587,5,rgb_sar,0,2
0.53279245,5,rgb_sar,0,2
0.5297783,5,rgb_sar,0,2
0.6035262,5,rgb_sar,0,2
0.5617845,5,rgb_sar,0,2
0.49315774,5,rgb_sar,0,2
0.5174976,5,rgb_sar,0,2
0.54260635,5,rgb_sar,0,2
0.54051656,5,rgb_sar,0,2
0.58546305,5,rgb_sar,0,2
0.6528852,5,rgb_sar,0,2
0.594664,5,rgb_sar,0,2
0.5344149,5,rgb_sar,0,2
0.5636123,5,rgb_sar,0,2
0.59430975,5,rgb_sar,0,2
0.56500494,5,rgb_sar,0,2
0.5357098,5,rgb_sar,0,2
0.609481,5,rgb_sar,0,2
0.6208234,5,rgb_sar,0,2
0.57981896,5,rgb_sar,0,2
0.5269413,5,rgb_sar,0,2
0.58916557,5,rgb_sar,0,2
0.51051295,5,rgb_sar,0,2
0.62396586,5,rgb_sar,0,2
0.5087479,5,rgb_sar,0,2
0.58751935,5,rgb_sar,0,2
0.6541003,5,rgb_sar,0,2
0.5377008,5,rgb_sar,0,2
0.69219327,5,rgb_sar,0,2
0.5831493,5,rgb_sar,0,2
0.7066361,5,rgb_sar,0,2
0.64430594,5,rgb_sar,0,2
0.6364893,5,rgb_sar,0,2
0.6871865,5,rgb_sar,0,2
0.6355453,5,rgb_sar,0,2
0.67722833,5,rgb_sar,0,2
0.6611084,5,rgb_sar,0,2
0.6642786,5,rgb_sar,0,2
0.6189049,5,rgb_sar,0,2
0.6624516,5,rgb_sar,0,2
0.65501225,5,rgb_sar,0,2
0.64071614,5,rgb_sar,0,2
0.5700776,5,rgb_sar,0,2
0.6298557,5,rgb_sar,0,2
0.6259161,5,rgb_sar,0,2
0.6068235,5,rgb_sar,0,2
0.52422607,5,rgb_sar,0,2
0.5156504,5,rgb_sar,0,2
0.59113264,5,rgb_sar,0,2
0.50355446,5,rgb_sar,0,2
0.52628493,5,rgb_sar,0,2
0.49625483,5,rgb_sar,0,2
0.5384078,5,rgb_sar,0,2
0.5089714,5,rgb_sar,0,2
0.5398271,5,rgb_sar,0,2
0.4266981,1,rgb_sar,0,2
0.423446,1,rgb_sar,0,2
0.4398132,1,rgb_sar,0,2
0.4607729,1,rgb_sar,0,2
0.40987736,1,rgb_sar,0,2
0.3880582,1,rgb_sar,0,2
0.45325083,1,rgb_sar,0,2
0.50010157,1,rgb_sar,0,2
0.52653944,1,rgb_sar,0,2
0.54677474,1,rgb_sar,0,2
0.5158956,1,rgb_sar,0,2
0.401675,1,rgb_sar,0,2
0.41207814,1,rgb_sar,0,2
0.4715539,1,rgb_sar,0,2
0.5104895,1,rgb_sar,0,2
0.5283381,1,rgb_sar,0,2
0.512133,1,rgb_sar,0,2
0.5243999,1,rgb_sar,0,2
0.4997161,1,rgb_sar,0,2
0.5459616,1,rgb_sar,0,2
0.55115986,1,rgb_sar,0,2
0.53165054,1,rgb_sar,0,2
0.53289855,1,rgb_sar,0,2
0.5255784,1,rgb_sar,0,2
0.5551995,1,rgb_sar,0,2
0.5786514,1,rgb_sar,0,2
0.5475968,1,rgb_sar,0,2
0.52433836,1,rgb_sar,0,2
0.41269508,1,rgb_sar,0,2
0.46520406,1,rgb_sar,0,2
0.55567485,1,rgb_sar,0,2
0.5659952,1,rgb_sar,0,2
0.5788274,1,rgb_sar,0,2
0.5684085,1,rgb_sar,0,2
0.5451791,1,rgb_sar,0,2
0.6000251,1,rgb_sar,0,2
0.6078317,1,rgb_sar,0,2
0.45868224,1,rgb_sar,0,2
0.5220437,1,rgb_sar,0,2
0.6060238,1,rgb_sar,0,2
0.5984906,1,rgb_sar,0,2
0.5892846,1,rgb_sar,0,2
0.59372264,1,rgb_sar,0,2
0.57682407,1,rgb_sar,0,2
0.59268147,1,rgb_sar,0,2
0.6039077,1,rgb_sar,0,2
0.5175526,1,rgb_sar,0,2
0.54349434,1,rgb_sar,0,2
0.60534245,1,rgb_sar,0,2
0.6211938,1,rgb_sar,0,2
0.65600026,1,rgb_sar,0,2
0.64886856,1,rgb_sar,0,2
0.60467404,1,rgb_sar,0,2
0.4946562,1,rgb_sar,0,2
0.55013776,1,rgb_sar,0,2
0.6082573,1,rgb_sar,0,2
0.64825267,1,rgb_sar,0,2
0.6864095,1,rgb_sar,0,2
0.6781254,1,rgb_sar,0,2
0.63612604,1,rgb_sar,0,2
0.52864254,1,rgb_sar,0,2
0.5985029,1,rgb_sar,0,2
0.60330737,1,rgb_sar,0,2
0.6027578,1,rgb_sar,0,2
0.6412841,1,rgb_sar,0,2
0.63762903,1,rgb_sar,0,2
0.63447857,1,rgb_sar,0,2
0.6364337,1,rgb_sar,0,2
0.5574001,1,rgb_sar,0,2
0.58693534,1,rgb_sar,0,2
0.6005615,1,rgb_sar,0,2
0.61175495,1,rgb_sar,0,2
0.62156665,1,rgb_sar,0,2
0.6348623,1,rgb_sar,0,2
0.63581675,1,rgb_sar,0,2
0.6359167,1,rgb_sar,0,2
0.5969995,1,rgb_sar,0,2
0.62107414,1,rgb_sar,0,2
0.63272625,1,rgb_sar,0,2
0.6330049,1,rgb_sar,0,2
0.6049506,1,rgb_sar,0,2
0.60479367,1,rgb_sar,0,2
0.6126944,1,rgb_sar,0,2
0.5976751,1,rgb_sar,0,2
0.5773123,1,rgb_sar,0,2
0.5874816,1,rgb_sar,0,2
0.5696493,1,rgb_sar,0,2
0.5617897,1,rgb_sar,0,2
0.5531164,1,rgb_sar,0,2
0.5879495,1,rgb_sar,0,2
0.56427,1,rgb_sar,0,2
0.5419669,1,rgb_sar,0,2
0.51740783,1,rgb_sar,0,2
0.57646406,1,rgb_sar,0,2
0.608169,1,rgb_sar,0,2
0.5775396,1,rgb_sar,0,2
0.6169287,1,rgb_sar,0,2
0.59414196,1,rgb_sar,0,2
0.57605094,1,rgb_sar,0,2
0.5714892,1,rgb_sar,0,2
0.5724451,1,rgb_sar,0,2
0.6059032,1,rgb_sar,0,2
0.6039969,1,rgb_sar,0,2
0.626422,1,rgb_sar,0,2
0.6077837,1,rgb_sar,0,2
0.583796,1,rgb_sar,0,2
0.5870556,1,rgb_sar,0,2
0.604857,1,rgb_sar,0,2
0.61574924,1,rgb_sar,0,2
0.60427386,1,rgb_sar,0,2
0.58420736,1,rgb_sar,0,2
0.5984937,1,rgb_sar,0,2
0.6016656,1,rgb_sar,0,2
0.6130624,1,rgb_sar,0,2
0.591001,1,rgb_sar,0,2
0.60369086,1,rgb_sar,0,2
0.60557425,1,rgb_sar,0,2
0.59095836,1,rgb_sar,0,2
0.62261325,1,rgb_sar,0,2
0.63372153,1,rgb_sar,0,2
0.50628984,1,rgb_sar,0,2
0.5714773,1,rgb_sar,0,2
0.57821953,1,rgb_sar,0,2
0.57364964,1,rgb_sar,0,2
0.57982105,1,rgb_sar,0,2
0.61017823,1,rgb_sar,0,2
0.61069983,1,rgb_sar,0,2
0.6239389,1,rgb_sar,0,2
0.6163145,1,rgb_sar,0,2
0.5284461,1,rgb_sar,0,2
0.55909437,1,rgb_sar,0,2
0.56070423,1,rgb_sar,0,2
0.562292,1,rgb_sar,0,2
0.5858481,1,rgb_sar,0,2
0.6316719,1,rgb_sar,0,2
0.6412214,1,rgb_sar,0,2
0.6022682,1,rgb_sar,0,2
0.5720413,1,rgb_sar,0,2
0.5942839,1,rgb_sar,0,2
0.5765672,1,rgb_sar,0,2
0.6021909,1,rgb_sar,0,2
0.63316363,1,rgb_sar,0,2
0.6606388,1,rgb_sar,0,2
0.65835834,1,rgb_sar,0,2
0.55772805,1,rgb_sar,0,2
0.5778395,1,rgb_sar,0,2
0.57004833,1,rgb_sar,0,2
0.5964416,1,rgb_sar,0,2
0.57433355,1,rgb_sar,0,2
0.5812224,1,rgb_sar,0,2
0.5796288,1,rgb_sar,0,2
0.5588379,1,rgb_sar,0,2
0.5810432,1,rgb_sar,0,2
0.5952836,1,rgb_sar,0,2
0.5725197,1,rgb_sar,0,2
0.60864264,1,rgb_sar,0,2
0.5973089,1,rgb_sar,0,2
0.5866892,1,rgb_sar,0,2
0.5261022,1,rgb_sar,0,2
0.52525955,1,rgb_sar,0,2
0.5853089,1,rgb_sar,0,2
0.5863147,1,rgb_sar,0,2
0.5882865,1,rgb_sar,0,2
0.6217591,1,rgb_sar,0,2
0.5732503,1,rgb_sar,0,2
0.56178975,1,rgb_sar,0,2
0.5155612,1,rgb_sar,0,2
0.5530771,1,rgb_sar,0,2
0.81229985,4,rgb_sar,0,2
0.7679517,4,rgb_sar,0,2
0.7402569,4,rgb_sar,0,2
0.73967254,4,rgb_sar,0,2
0.7176894,4,rgb_sar,0,2
0.6706251,4,rgb_sar,0,2
0.689942,4,rgb_sar,0,2
0.6791383,4,rgb_sar,0,2
0.6256065,4,rgb_sar,0,2
0.56629384,4,rgb_sar,0,2
0.5572078,4,rgb_sar,0,2
0.59270465,4,rgb_sar,0,2
0.607399,4,rgb_sar,0,2
0.6171992,4,rgb_sar,0,2
0.6056495,4,rgb_sar,0,2
0.5997257,4,rgb_sar,0,2
0.587908,4,rgb_sar,0,2
0.5998012,4,rgb_sar,0,2
0.62907934,4,rgb_sar,0,2
0.5767131,4,rgb_sar,0,2
0.46275008,4,rgb_sar,0,2
0.4911924,4,rgb_sar,0,2
0.5101359,4,rgb_sar,0,2
0.5242795,4,rgb_sar,0,2
0.51126236,4,rgb_sar,0,2
0.4764396,4,rgb_sar,0,2
0.474039,4,rgb_sar,0,2
0.6082523,4,rgb_sar,0,2
0.57400787,4,rgb_sar,0,2
0.5364101,4,rgb_sar,0,2
0.51344955,4,rgb_sar,0,2
0.4944483,4,rgb_sar,0,2
0.5039678,4,rgb_sar,0,2
0.51487076,4,rgb_sar,0,2
0.50826794,4,rgb_sar,0,2
0.50486386,4,rgb_sar,0,2
0.4472879,4,rgb_sar,0,2
0.4029289,4,rgb_sar,0,2
0.660567,4,rgb_sar,0,2
0.61471564,4,rgb_sar,0,2
0.6013575,4,rgb_sar,0,2
0.58662903,4,rgb_sar,0,2
0.73848355,4,rgb_sar,0,2
0.63893116,4,rgb_sar,0,2
0.6064728,4,rgb_sar,0,2
0.6051578,4,rgb_sar,0,2
0.5633215,4,rgb_sar,0,2
0.57814735,4,rgb_sar,0,2
0.5595714,4,rgb_sar,0,2
0.53206396,4,rgb_sar,0,2
0.5550879,4,rgb_sar,0,2
0.5931123,4,rgb_sar,0,2
0.6756346,4,rgb_sar,0,2
0.5433734,4,rgb_sar,0,2
0.50055444,4,rgb_sar,0,2
0.4780945,4,rgb_sar,0,2
0.4558015,4,rgb_sar,0,2
0.46965292,4,rgb_sar,0,2
0.44715574,4,rgb_sar,0,2
0.41271645,4,rgb_sar,0,2
0.43658936,4,rgb_sar,0,2
0.49831632,4,rgb_sar,0,2
0.6385625,4,rgb_sar,0,2
0.47237924,4,rgb_sar,0,2
0.4644782,4,rgb_sar,0,2
0.43608004,4,rgb_sar,0,2
0.44113874,4,rgb_sar,0,2
0.45930487,4,rgb_sar,0,2
0.42593324,4,rgb_sar,0,2
0.40278602,4,rgb_sar,0,2
0.4214432,4,rgb_sar,0,2
0.44189715,4,rgb_sar,0,2
0.62898386,4,rgb_sar,0,2
0.6192472,4,rgb_sar,0,2
0.39199865,5,rgb_sar,0,2
0.36817458,5,rgb_sar,0,2
0.3413146,5,rgb_sar,0,2
0.255893,5,rgb_sar,0,2
0.29477674,5,rgb_sar,0,2
0.4557877,5,rgb_sar,0,2
0.5082861,5,rgb_sar,0,2
0.52258694,5,rgb_sar,0,2
0.5068684,5,rgb_sar,0,2
0.35552627,5,rgb_sar,0,2
0.35610968,5,rgb_sar,0,2
0.34685576,5,rgb_sar,0,2
0.18174365,5,rgb_sar,0,2
0.20392138,5,rgb_sar,0,2
0.33894905,5,rgb_sar,0,2
0.4107374,5,rgb_sar,0,2
0.43769306,5,rgb_sar,0,2
0.4260987,5,rgb_sar,0,2
0.44468936,5,rgb_sar,0,2
0.41088498,5,rgb_sar,0,2
0.20705429,5,rgb_sar,0,2
0.18312953,5,rgb_sar,0,2
0.37704468,5,rgb_sar,0,2
0.39767113,5,rgb_sar,0,2
0.4136287,5,rgb_sar,0,2
0.42035988,5,rgb_sar,0,2
0.54582745,5,rgb_sar,0,2
0.50503755,5,rgb_sar,0,2
0.4429366,5,rgb_sar,0,2
0.43164438,5,rgb_sar,0,2
0.48612598,5,rgb_sar,0,2
0.4814357,5,rgb_sar,0,2
0.44802505,5,rgb_sar,0,2
0.46575457,5,rgb_sar,0,2
0.49726298,5,rgb_sar,0,2
0.5146416,5,rgb_sar,0,2
0.50405157,5,rgb_sar,0,2
0.48245817,5,rgb_sar,0,2
0.47500473,5,rgb_sar,0,2
0.4852134,5,rgb_sar,0,2
0.5064898,5,rgb_sar,0,2
0.49950162,5,rgb_sar,0,2
0.47954214,5,rgb_sar,0,2
0.52224416,5,rgb_sar,0,2
0.50375843,5,rgb_sar,0,2
0.46347356,5,rgb_sar,0,2
0.60070336,5,rgb_sar,0,2
0.5109507,5,rgb_sar,0,2
0.4955227,5,rgb_sar,0,2
0.4815339,5,rgb_sar,0,2
0.47480506,5,rgb_sar,0,2
0.49092457,5,rgb_sar,0,2
0.49194783,5,rgb_sar,0,2
0.5197917,5,rgb_sar,0,2
0.50279737,5,rgb_sar,0,2
0.47737414,5,rgb_sar,0,2
0.47477943,5,rgb_sar,0,2
0.5146964,5,rgb_sar,0,2
0.64394563,5,rgb_sar,0,2
0.48990005,5,rgb_sar,0,2
0.5034924,5,rgb_sar,0,2
0.48186415,5,rgb_sar,0,2
0.45390052,5,rgb_sar,0,2
0.4781691,5,rgb_sar,0,2
0.47892097,5,rgb_sar,0,2
0.5055748,5,rgb_sar,0,2
0.49042755,5,rgb_sar,0,2
0.46555233,5,rgb_sar,0,2
0.46805233,5,rgb_sar,0,2
0.47423434,5,rgb_sar,0,2
0.5652819,5,rgb_sar,0,2
0.68376434,5,rgb_sar,0,2
0.48400557,5,rgb_sar,0,2
0.52882993,5,rgb_sar,0,2
0.5220182,5,rgb_sar,0,2
0.5014978,5,rgb_sar,0,2
0.54566115,5,rgb_sar,0,2
0.5277904,5,rgb_sar,0,2
0.51655924,5,rgb_sar,0,2
0.5096356,5,rgb_sar,0,2
0.53502035,5,rgb_sar,0,2
0.51899195,5,rgb_sar,0,2
0.5756198,5,rgb_sar,0,2
0.70394385,5,rgb_sar,0,2
0.45709437,5,rgb_sar,0,2
0.5239238,5,rgb_sar,0,2
0.5524885,5,rgb_sar,0,2
0.51999503,5,rgb_sar,0,2
0.5622512,5,rgb_sar,0,2
0.55155456,5,rgb_sar,0,2
0.532728,5,rgb_sar,0,2
0.5389502,5,rgb_sar,0,2
0.5376928,5,rgb_sar,0,2
0.5837037,5,rgb_sar,0,2
0.7078947,5,rgb_sar,0,2
0.5293819,5,rgb_sar,0,2
0.5791521,5,rgb_sar,0,2
0.5640462,5,rgb_sar,0,2
0.56739986,5,rgb_sar,0,2
0.53101844,5,rgb_sar,0,2
0.6863539,5,rgb_sar,0,2
0.5626801,5,rgb_sar,0,2
0.5295756,5,rgb_sar,0,2
0.68436545,5,rgb_sar,0,2
0.56258273,5,rgb_sar,0,2
0.71326506,5,rgb_sar,0,2
0.69103134,5,rgb_sar,0,2
0.5651093,5,rgb_sar,0,2
0.5313874,5,rgb_sar,0,2
0.5356636,5,rgb_sar,0,2
0.41040283,5,rgb_sar,0,2
0.39443374,5,rgb_sar,0,2
0.46375632,5,rgb_sar,0,2
0.5410103,5,rgb_sar,0,2
0.56332976,5,rgb_sar,0,2
0.5564678,5,rgb_sar,0,2
0.49062246,5,rgb_sar,0,2
0.46609882,5,rgb_sar,0,2
0.44543308,5,rgb_sar,0,2
0.30138266,5,rgb_sar,0,2
0.3350623,5,rgb_sar,0,2
0.46664965,5,rgb_sar,0,2
0.48710465,5,rgb_sar,0,2
0.57232285,5,rgb_sar,0,2
0.5779168,5,rgb_sar,0,2
0.49854937,5,rgb_sar,0,2
0.4968583,5,rgb_sar,0,2
0.30763888,5,rgb_sar,0,2
0.34215218,5,rgb_sar,0,2
0.46070617,5,rgb_sar,0,2
0.4942589,5,rgb_sar,0,2
0.5689302,5,rgb_sar,0,2
0.5901778,5,rgb_sar,0,2
0.5140148,5,rgb_sar,0,2
0.51625633,5,rgb_sar,0,2
0.45607156,5,rgb_sar,0,2
0.43499416,5,rgb_sar,0,2
0.49211293,5,rgb_sar,0,2
0.508518,5,rgb_sar,0,2
0.55234575,5,rgb_sar,0,2
0.5850751,5,rgb_sar,0,2
0.5784976,5,rgb_sar,0,2
0.5500169,5,rgb_sar,0,2
0.54462564,5,rgb_sar,0,2
0.5059403,5,rgb_sar,0,2
0.49158815,5,rgb_sar,0,2
0.54601496,5,rgb_sar,0,2
0.52774453,5,rgb_sar,0,2
0.55133575,5,rgb_sar,0,2
0.58203197,5,rgb_sar,0,2
0.5408825,5,rgb_sar,0,2
0.5465592,5,rgb_sar,0,2
0.54962826,5,rgb_sar,0,2
0.5748376,5,rgb_sar,0,2
0.56509066,5,rgb_sar,0,2
0.65230554,5,rgb_sar,0,2
0.6213331,5,rgb_sar,0,2
0.5561579,5,rgb_sar,0,2
0.53696203,5,rgb_sar,0,2
0.6148449,5,rgb_sar,0,2
0.5898373,5,rgb_sar,0,2
0.57237875,5,rgb_sar,0,2
0.58611035,5,rgb_sar,0,2
0.5534963,5,rgb_sar,0,2
0.53947186,5,rgb_sar,0,2
0.55691147,5,rgb_sar,0,2
0.5742136,5,rgb_sar,0,2
0.56145406,5,rgb_sar,0,2
0.55187535,5,rgb_sar,0,2
0.6276239,5,rgb_sar,0,2
0.66797924,5,rgb_sar,0,2
0.6475682,5,rgb_sar,0,2
0.5749862,5,rgb_sar,0,2
0.5614463,5,rgb_sar,0,2
0.6314834,5,rgb_sar,0,2
0.6186635,5,rgb_sar,0,2
0.5994059,5,rgb_sar,0,2
0.60687757,5,rgb_sar,0,2
0.60030895,5,rgb_sar,0,2
0.5652518,5,rgb_sar,0,2
0.5908493,5,rgb_sar,0,2
0.61847556,5,rgb_sar,0,2
0.5847466,5,rgb_sar,0,2
0.5588828,5,rgb_sar,0,2
0.6075707,5,rgb_sar,0,2
0.6383128,5,rgb_sar,0,2
0.6249771,5,rgb_sar,0,2
0.63929534,5,rgb_sar,0,2
0.60187805,5,rgb_sar,0,2
0.6555753,5,rgb_sar,0,2
0.6342216,5,rgb_sar,0,2
0.61688864,5,rgb_sar,0,2
0.59155977,5,rgb_sar,0,2
0.58318466,5,rgb_sar,0,2
0.56715304,5,rgb_sar,0,2
0.5735216,5,rgb_sar,0,2
0.59248257,5,rgb_sar,0,2
0.6148901,5,rgb_sar,0,2
0.62284267,5,rgb_sar,0,2
0.57376146,5,rgb_sar,0,2
0.60080767,5,rgb_sar,0,2
0.5940754,5,rgb_sar,0,2
0.61276984,5,rgb_sar,0,2
0.5892885,5,rgb_sar,0,2
0.6350407,5,rgb_sar,0,2
0.5950272,5,rgb_sar,0,2
0.61856425,5,rgb_sar,0,2
0.58968246,5,rgb_sar,0,2
0.5627831,5,rgb_sar,0,2
0.5874317,5,rgb_sar,0,2
0.5991535,5,rgb_sar,0,2
0.60480464,5,rgb_sar,0,2
0.6035012,5,rgb_sar,0,2
0.6015507,5,rgb_sar,0,2
0.58974576,5,rgb_sar,0,2
0.60032254,5,rgb_sar,0,2
0.6053878,5,rgb_sar,0,2
0.59078026,5,rgb_sar,0,2
0.56170976,5,rgb_sar,0,2
0.57318723,5,rgb_sar,0,2
0.58809745,5,rgb_sar,0,2
0.5819811,5,rgb_sar,0,2
0.5797072,5,rgb_sar,0,2
0.5930289,5,rgb_sar,0,2
0.580307,5,rgb_sar,0,2
0.56362545,5,rgb_sar,0,2
0.580041,5,rgb_sar,0,2
0.5978861,5,rgb_sar,0,2
0.60016245,5,rgb_sar,0,2
0.6004813,5,rgb_sar,0,2
0.58634233,5,rgb_sar,0,2
0.5741446,5,rgb_sar,0,2
0.58834636,5,rgb_sar,0,2
0.63811094,5,rgb_sar,0,2
0.6285228,5,rgb_sar,0,2
0.5926275,5,rgb_sar,0,2
0.5857781,5,rgb_sar,0,2
0.6292187,5,rgb_sar,0,2
0.6565535,5,rgb_sar,0,2
0.63232434,5,rgb_sar,0,2
0.64050007,5,rgb_sar,0,2
0.63094217,5,rgb_sar,0,2
0.6303977,5,rgb_sar,0,2
0.5902883,5,rgb_sar,0,2
0.6940464,5,rgb_sar,0,2
0.7246999,5,rgb_sar,0,2
0.6417292,5,rgb_sar,0,2
0.68779236,5,rgb_sar,0,2
0.59930074,5,rgb_sar,0,2
0.69479173,5,rgb_sar,0,2
0.61482334,5,rgb_sar,0,2
0.58279645,5,rgb_sar,0,2
0.7096276,5,rgb_sar,0,2
0.6210599,5,rgb_sar,0,2
0.5953187,5,rgb_sar,0,2
0.61477184,5,rgb_sar,0,2
0.66427577,5,rgb_sar,0,2
0.559368,5,rgb_sar,0,2
0.57752,5,rgb_sar,0,2
0.59934634,5,rgb_sar,0,2
0.6473042,5,rgb_sar,0,2
0.55512524,5,rgb_sar,0,2
0.5801331,5,rgb_sar,0,2
0.59474707,5,rgb_sar,0,2
0.63380456,5,rgb_sar,0,2
0.5414083,5,rgb_sar,0,2
0.5869365,5,rgb_sar,0,2
0.63773906,5,rgb_sar,0,2
0.52572906,5,rgb_sar,0,2
0.55565614,5,rgb_sar,0,2
0.53700674,5,rgb_sar,0,2
0.5386822,5,rgb_sar,0,2
0.5437676,5,rgb_sar,0,2
0.5874541,5,rgb_sar,0,2
0.5344626,1,rgb_sar,0,2
0.5642268,1,rgb_sar,0,2
0.54793,1,rgb_sar,0,2
0.59164345,1,rgb_sar,0,2
0.5118401,1,rgb_sar,0,2
0.5542648,1,rgb_sar,0,2
0.58340514,1,rgb_sar,0,2
0.6197609,1,rgb_sar,0,2
0.593529,1,rgb_sar,0,2
0.54852957,1,rgb_sar,0,2
0.57284284,1,rgb_sar,0,2
0.4801312,1,rgb_sar,0,2
0.515937,1,rgb_sar,0,2
0.5401269,1,rgb_sar,0,2
0.55814207,1,rgb_sar,0,2
0.54732,1,rgb_sar,0,2
0.5207759,1,rgb_sar,0,2
0.591453,1,rgb_sar,0,2
0.5552534,1,rgb_sar,0,2
0.58622694,1,rgb_sar,0,2
0.5758061,1,rgb_sar,0,2
0.554489,1,rgb_sar,0,2
0.62873673,1,rgb_sar,0,2
0.5959555,1,rgb_sar,0,2
0.5684883,1,rgb_sar,0,2
0.54424936,1,rgb_sar,0,2
0.55530757,1,rgb_sar,0,2
0.6101594,1,rgb_sar,0,2
0.4431165,1,rgb_sar,0,2
0.4929986,1,rgb_sar,0,2
0.61214256,1,rgb_sar,0,2
0.5957252,1,rgb_sar,0,2
0.5850698,1,rgb_sar,0,2
0.58907473,1,rgb_sar,0,2
0.60567844,1,rgb_sar,0,2
0.64632183,1,rgb_sar,0,2
0.6186217,1,rgb_sar,0,2
0.45452905,1,rgb_sar,0,2
0.50457203,1,rgb_sar,0,2
0.59664756,1,rgb_sar,0,2
0.59506315,1,rgb_sar,0,2
0.5952075,1,rgb_sar,0,2
0.5708199,1,rgb_sar,0,2
0.6005315,1,rgb_sar,0,2
0.62773496,1,rgb_sar,0,2
0.62835985,1,rgb_sar,0,2
0.5671009,1,rgb_sar,0,2
0.5818855,1,rgb_sar,0,2
0.6062936,1,rgb_sar,0,2
0.61997545,1,rgb_sar,0,2
0.60077524,1,rgb_sar,0,2
0.5318682,1,rgb_sar,0,2
0.5453813,1,rgb_sar,0,2
0.5840956,1,rgb_sar,0,2
0.5993128,1,rgb_sar,0,2
0.6275985,1,rgb_sar,0,2
0.6432736,1,rgb_sar,0,2
0.6409035,1,rgb_sar,0,2
0.55871606,1,rgb_sar,0,2
0.54501075,1,rgb_sar,0,2
0.6126082,1,rgb_sar,0,2
0.58899045,1,rgb_sar,0,2
0.62192535,1,rgb_sar,0,2
0.67796355,1,rgb_sar,0,2
0.61012006,1,rgb_sar,0,2
0.561047,1,rgb_sar,0,2
0.5967891,1,rgb_sar,0,2
0.63427037,1,rgb_sar,0,2
0.5566927,1,rgb_sar,0,2
0.54193205,1,rgb_sar,0,2
0.5907754,1,rgb_sar,0,2
0.6625903,1,rgb_sar,0,2
0.58631206,1,rgb_sar,0,2
0.5856842,1,rgb_sar,0,2
0.62203497,1,rgb_sar,0,2
0.6333282,1,rgb_sar,0,2
0.62734663,1,rgb_sar,0,2
0.64230263,1,rgb_sar,0,2
0.6139248,1,rgb_sar,0,2
0.5894878,1,rgb_sar,0,2
0.62146515,1,rgb_sar,0,2
0.6423284,1,rgb_sar,0,2
0.65888774,1,rgb_sar,0,2
0.66944546,1,rgb_sar,0,2
0.54526126,1,rgb_sar,0,2
0.5547439,1,rgb_sar,0,2
0.54233235,1,rgb_sar,0,2
0.53740895,1,rgb_sar,0,2
0.46831268,1,rgb_sar,0,2
0.5060556,1,rgb_sar,0,2
0.52029884,1,rgb_sar,0,2
0.5087937,1,rgb_sar,0,2
0.5314772,1,rgb_sar,0,2
0.54476774,1,rgb_sar,0,2
0.59497803,1,rgb_sar,0,2
0.515707,1,rgb_sar,0,2
0.58858013,1,rgb_sar,0,2
0.5984749,1,rgb_sar,0,2
0.5636643,1,rgb_sar,0,2
0.55606437,1,rgb_sar,0,2
0.551646,1,rgb_sar,0,2
0.5971625,1,rgb_sar,0,2
0.66444516,1,rgb_sar,0,2
0.64553404,1,rgb_sar,0,2
0.5707569,1,rgb_sar,0,2
0.57219094,1,rgb_sar,0,2
0.60083437,1,rgb_sar,0,2
0.6484405,1,rgb_sar,0,2
0.6322637,1,rgb_sar,0,2
0.5872487,1,rgb_sar,0,2
0.61807793,1,rgb_sar,0,2
0.6399691,1,rgb_sar,0,2
0.47362685,1,rgb_sar,0,2
0.5371785,1,rgb_sar,0,2
0.61449224,1,rgb_sar,0,2
0.59810185,1,rgb_sar,0,2
0.5995654,1,rgb_sar,0,2
0.6328,1,rgb_sar,0,2
0.68937933,1,rgb_sar,0,2
0.6941629,1,rgb_sar,0,2
0.60872364,1,rgb_sar,0,2
0.4706251,1,rgb_sar,0,2
0.5146394,1,rgb_sar,0,2
0.5658881,1,rgb_sar,0,2
0.58251554,1,rgb_sar,0,2
0.59629285,1,rgb_sar,0,2
0.61986077,1,rgb_sar,0,2
0.6438564,1,rgb_sar,0,2
0.667541,1,rgb_sar,0,2
0.6053421,1,rgb_sar,0,2
0.5536058,1,rgb_sar,0,2
0.5863727,1,rgb_sar,0,2
0.56963813,1,rgb_sar,0,2
0.5537894,1,rgb_sar,0,2
0.60365075,1,rgb_sar,0,2
0.61925465,1,rgb_sar,0,2
0.5718771,1,rgb_sar,0,2
0.51327723,1,rgb_sar,0,2
0.532357,1,rgb_sar,0,2
0.539503,1,rgb_sar,0,2
0.56906724,1,rgb_sar,0,2
0.60515594,1,rgb_sar,0,2
0.60503566,1,rgb_sar,0,2
0.5567847,1,rgb_sar,0,2
0.5132658,1,rgb_sar,0,2
0.5007334,1,rgb_sar,0,2
0.5193201,1,rgb_sar,0,2
0.5111002,1,rgb_sar,0,2
0.5938957,1,rgb_sar,0,2
0.6167438,1,rgb_sar,0,2
0.5559157,1,rgb_sar,0,2
0.5814234,1,rgb_sar,0,2
0.55913764,1,rgb_sar,0,2
0.57444453,1,rgb_sar,0,2
0.5511409,1,rgb_sar,0,2
0.51445204,1,rgb_sar,0,2
0.5892359,1,rgb_sar,0,2
0.61269104,1,rgb_sar,0,2
0.5688406,1,rgb_sar,0,2
0.5844201,1,rgb_sar,0,2
0.50966907,1,rgb_sar,0,2
0.5615775,1,rgb_sar,0,2
0.6187193,1,rgb_sar,0,2
0.60417295,1,rgb_sar,0,2
0.616583,1,rgb_sar,0,2
0.6370217,1,rgb_sar,0,2
0.5894096,1,rgb_sar,0,2
0.6093048,1,rgb_sar,0,2
0.6207775,1,rgb_sar,0,2
0.65114814,1,rgb_sar,0,2
0.64889985,1,rgb_sar,0,2
0.6281556,1,rgb_sar,0,2
0.68471646,1,rgb_sar,0,2
0.60154134,1,rgb_sar,0,2
0.61940086,1,rgb_sar,0,2
0.64344144,1,rgb_sar,0,2
0.6159892,1,rgb_sar,0,2
0.65867585,1,rgb_sar,0,2
0.63780713,1,rgb_sar,0,2
0.63839734,1,rgb_sar,0,2
0.61730856,1,rgb_sar,0,2
0.6306916,1,rgb_sar,0,2
0.64560664,1,rgb_sar,0,2
0.6505592,1,rgb_sar,0,2
0.67312074,1,rgb_sar,0,2
0.7875415,1,rgb_sar,0,2
0.66148245,1,rgb_sar,0,2
0.6504016,1,rgb_sar,0,2
0.6520915,1,rgb_sar,0,2
0.6710926,1,rgb_sar,0,2
0.6657519,1,rgb_sar,0,2
0.67486006,1,rgb_sar,0,2
0.7116089,1,rgb_sar,0,2
0.81386614,1,rgb_sar,0,2
0.73540556,1,rgb_sar,0,2
0.7154216,1,rgb_sar,0,2
0.6756763,1,rgb_sar,0,2
0.65521556,1,rgb_sar,0,2
0.64597356,1,rgb_sar,0,2
0.6542569,1,rgb_sar,0,2
0.67124605,1,rgb_sar,0,2
0.66939473,1,rgb_sar,0,2
0.7349186,1,rgb_sar,0,2
0.83364964,1,rgb_sar,0,2
0.7601527,1,rgb_sar,0,2
0.7071172,1,rgb_sar,0,2
0.67110384,1,rgb_sar,0,2
0.6627553,1,rgb_sar,0,2
0.6374984,1,rgb_sar,0,2
0.63739437,1,rgb_sar,0,2
0.6611837,1,rgb_sar,0,2
0.67544675,1,rgb_sar,0,2
0.73251015,1,rgb_sar,0,2
0.83271456,1,rgb_sar,0,2
0.6680552,1,rgb_sar,0,2
0.6557263,1,rgb_sar,0,2
0.63673115,1,rgb_sar,0,2
0.6477932,1,rgb_sar,0,2
0.6937981,1,rgb_sar,0,2
0.6860811,1,rgb_sar,0,2
0.73648417,1,rgb_sar,0,2
0.81461114,1,rgb_sar,0,2
0.6536779,1,rgb_sar,0,2
0.642262,1,rgb_sar,0,2
0.6666723,1,rgb_sar,0,2
0.73803496,1,rgb_sar,0,2
0.71016204,1,rgb_sar,0,2
0.7292784,1,rgb_sar,0,2
0.8064114,1,rgb_sar,0,2
0.67366964,1,rgb_sar,0,2
0.6844176,1,rgb_sar,0,2
0.71404475,1,rgb_sar,0,2
0.70320857,1,rgb_sar,0,2
0.69297683,1,rgb_sar,0,2
0.7773727,1,rgb_sar,0,2
0.667869,1,rgb_sar,0,2
0.6830599,1,rgb_sar,0,2
0.6586343,1,rgb_sar,0,2
0.6532713,1,rgb_sar,0,2
0.7665559,1,rgb_sar,0,2
0.65079427,1,rgb_sar,0,2
0.636896,1,rgb_sar,0,2
0.6348083,1,rgb_sar,0,2
0.75040376,1,rgb_sar,0,2
0.6487739,1,rgb_sar,0,2
0.65090233,1,rgb_sar,0,2
0.7466309,1,rgb_sar,0,2
0.69555044,1,rgb_sar,0,2
0.76988524,1,rgb_sar,0,2
0.69462466,1,rgb_sar,0,2
0.68244743,1,rgb_sar,0,2
0.70322347,1,rgb_sar,0,2
0.7089383,1,rgb_sar,0,2
0.67262316,1,rgb_sar,0,2
0.6773529,1,rgb_sar,0,2
0.73476326,1,rgb_sar,0,2
0.6950697,1,rgb_sar,0,2
0.636619,1,rgb_sar,0,2
0.62909555,1,rgb_sar,0,2
0.67881453,1,rgb_sar,0,2
0.7075532,1,rgb_sar,0,2
0.69720066,1,rgb_sar,0,2
0.67338043,1,rgb_sar,0,2
0.6845408,1,rgb_sar,0,2
0.69310814,1,rgb_sar,0,2
0.67533773,1,rgb_sar,0,2
0.65202034,1,rgb_sar,0,2
0.6666335,1,rgb_sar,0,2
0.7228707,1,rgb_sar,0,2
0.6768481,1,rgb_sar,0,2
0.70612925,1,rgb_sar,0,2
0.70091933,1,rgb_sar,0,2
0.694219,1,rgb_sar,0,2
0.6965587,1,rgb_sar,0,2
0.6875298,1,rgb_sar,0,2
0.6979414,1,rgb_sar,0,2
0.67454743,1,rgb_sar,0,2
0.6754093,1,rgb_sar,0,2
0.66408217,1,rgb_sar,0,2
0.66600764,1,rgb_sar,0,2
0.69352275,1,rgb_sar,0,2
0.7153006,1,rgb_sar,0,2
0.76139045,1,rgb_sar,0,2
0.73901445,1,rgb_sar,0,2
0.6801727,1,rgb_sar,0,2
0.6668186,1,rgb_sar,0,2
0.6684595,1,rgb_sar,0,2
0.6744052,1,rgb_sar,0,2
0.68504083,1,rgb_sar,0,2
0.6909346,1,rgb_sar,0,2
0.6902982,1,rgb_sar,0,2
0.7438042,1,rgb_sar,0,2
0.7224287,1,rgb_sar,0,2
0.6745519,1,rgb_sar,0,2
0.6739378,1,rgb_sar,0,2
0.66801476,1,rgb_sar,0,2
0.67230844,1,rgb_sar,0,2
0.658466,1,rgb_sar,0,2
0.70200884,1,rgb_sar,0,2
0.772701,1,rgb_sar,0,2
0.7668506,1,rgb_sar,0,2
0.6893202,1,rgb_sar,0,2
0.67319965,1,rgb_sar,0,2
0.68002254,1,rgb_sar,0,2
0.6827713,1,rgb_sar,0,2
0.6916664,1,rgb_sar,0,2
0.6907273,1,rgb_sar,0,2
0.69392765,1,rgb_sar,0,2
0.6924836,1,rgb_sar,0,2
0.76292545,1,rgb_sar,0,2
0.77861774,1,rgb_sar,0,2
0.7630726,1,rgb_sar,0,2
0.74165493,1,rgb_sar,0,2
0.7141283,1,rgb_sar,0,2
0.6885321,1,rgb_sar,0,2
0.6744826,1,rgb_sar,0,2
0.6851268,1,rgb_sar,0,2
0.70282125,1,rgb_sar,0,2
0.71464515,1,rgb_sar,0,2
0.76040417,1,rgb_sar,0,2
0.74133635,1,rgb_sar,0,2
0.69307715,1,rgb_sar,0,2
0.6899755,1,rgb_sar,0,2
0.6961933,1,rgb_sar,0,2
0.67606497,1,rgb_sar,0,2
0.6642887,1,rgb_sar,0,2
0.6714342,1,rgb_sar,0,2
0.76321024,1,rgb_sar,0,2
0.77420247,1,rgb_sar,0,2
0.75053966,1,rgb_sar,0,2
0.73649865,1,rgb_sar,0,2
0.72636473,1,rgb_sar,0,2
0.71482193,1,rgb_sar,0,2
0.66675687,1,rgb_sar,0,2
0.6728461,1,rgb_sar,0,2
0.69813466,1,rgb_sar,0,2
0.7102175,1,rgb_sar,0,2
0.73482764,1,rgb_sar,0,2
0.7213473,1,rgb_sar,0,2
0.7008582,1,rgb_sar,0,2
0.70711297,1,rgb_sar,0,2
0.70030665,1,rgb_sar,0,2
0.68537223,1,rgb_sar,0,2
0.69225603,1,rgb_sar,0,2
0.67125666,1,rgb_sar,0,2
0.691162,1,rgb_sar,0,2
0.67103237,1,rgb_sar,0,2
0.6615086,1,rgb_sar,0,2
0.6895732,1,rgb_sar,0,2
0.6975905,1,rgb_sar,0,2
0.6713096,1,rgb_sar,0,2
0.6730814,1,rgb_sar,0,2
0.69940996,1,rgb_sar,0,2
0.6905702,1,rgb_sar,0,2
0.66965705,1,rgb_sar,0,2
0.6684147,1,rgb_sar,0,2
0.68085545,1,rgb_sar,0,2
0.68922657,1,rgb_sar,0,2
0.6912106,1,rgb_sar,0,2
0.6457194,1,rgb_sar,0,2
0.66156644,1,rgb_sar,0,2
0.6606817,1,rgb_sar,0,2
0.6593517,1,rgb_sar,0,2
0.6596006,1,rgb_sar,0,2
0.69092226,1,rgb_sar,0,2
0.67664665,1,rgb_sar,0,2
0.6621847,1,rgb_sar,0,2
0.67232376,1,rgb_sar,0,2
0.6714083,1,rgb_sar,0,2
0.6785495,1,rgb_sar,0,2
0.69209456,1,rgb_sar,0,2
0.673655,1,rgb_sar,0,2
0.64977115,1,rgb_sar,0,2
0.6830467,1,rgb_sar,0,2
0.6843673,1,rgb_sar,0,2
0.6488875,1,rgb_sar,0,2
0.6427022,1,rgb_sar,0,2
0.6664456,1,rgb_sar,0,2
0.6765383,1,rgb_sar,0,2
0.66237926,1,rgb_sar,0,2
0.6636652,1,rgb_sar,0,2
0.6931448,1,rgb_sar,0,2
0.7094101,1,rgb_sar,0,2
0.7221041,1,rgb_sar,0,2
0.6857978,1,rgb_sar,0,2
0.71271056,1,rgb_sar,0,2
0.69234085,1,rgb_sar,0,2
0.67662853,1,rgb_sar,0,2
0.67161214,1,rgb_sar,0,2
0.7061387,1,rgb_sar,0,2
0.7094407,1,rgb_sar,0,2
0.691334,1,rgb_sar,0,2
0.67698187,1,rgb_sar,0,2
0.70397836,1,rgb_sar,0,2
0.73647267,1,rgb_sar,0,2
0.7197239,1,rgb_sar,0,2
0.6612086,1,rgb_sar,0,2
0.6441289,1,rgb_sar,0,2
0.6798328,1,rgb_sar,0,2
0.6785257,1,rgb_sar,0,2
0.70343053,1,rgb_sar,0,2
0.6936337,1,rgb_sar,0,2
0.662009,1,rgb_sar,0,2
0.66785276,1,rgb_sar,0,2
0.7085942,1,rgb_sar,0,2
0.7360069,1,rgb_sar,0,2
0.7359289,1,rgb_sar,0,2
0.691773,1,rgb_sar,0,2
0.6989652,1,rgb_sar,0,2
0.67715967,1,rgb_sar,0,2
0.68291897,1,rgb_sar,0,2
0.6787714,1,rgb_sar,0,2
0.67567474,1,rgb_sar,0,2
0.6879293,1,rgb_sar,0,2
0.7113416,1,rgb_sar,0,2
0.7115003,1,rgb_sar,0,2
0.7357501,1,rgb_sar,0,2
0.71617675,1,rgb_sar,0,2
0.68999475,1,rgb_sar,0,2
0.7065705,1,rgb_sar,0,2
0.6419009,1,rgb_sar,0,2
0.65785867,1,rgb_sar,0,2
0.6541829,1,rgb_sar,0,2
0.6333826,1,rgb_sar,0,2
0.66023934,1,rgb_sar,0,2
0.66360855,1,rgb_sar,0,2
0.6894134,1,rgb_sar,0,2
0.68361264,1,rgb_sar,0,2
0.6910032,1,rgb_sar,0,2
0.686606,1,rgb_sar,0,2
0.68935525,1,rgb_sar,0,2
0.75661105,1,rgb_sar,0,2
0.72575486,1,rgb_sar,0,2
0.705489,1,rgb_sar,0,2
0.6969661,1,rgb_sar,0,2
0.74651057,1,rgb_sar,0,2
0.657756,1,rgb_sar,0,2
0.67997646,1,rgb_sar,0,2
0.7203295,1,rgb_sar,0,2
0.7181766,1,rgb_sar,0,2
0.7028021,1,rgb_sar,0,2
0.68112063,1,rgb_sar,0,2
0.6615443,1,rgb_sar,0,2
0.66799486,1,rgb_sar,0,2
0.75465834,1,rgb_sar,0,2
0.6695211,1,rgb_sar,0,2
0.691079,1,rgb_sar,0,2
0.7080982,1,rgb_sar,0,2
0.6937956,1,rgb_sar,0,2
0.69244015,1,rgb_sar,0,2
0.68471396,1,rgb_sar,0,2
0.68386763,1,rgb_sar,0,2
0.6981087,1,rgb_sar,0,2
0.6904799,1,rgb_sar,0,2
0.7534305,1,rgb_sar,0,2
0.6792518,1,rgb_sar,0,2
0.68326414,1,rgb_sar,0,2
0.6978247,1,rgb_sar,0,2
0.68114483,1,rgb_sar,0,2
0.6824397,1,rgb_sar,0,2
0.6777097,1,rgb_sar,0,2
0.71305156,1,rgb_sar,0,2
0.7579309,1,rgb_sar,0,2
0.68715173,1,rgb_sar,0,2
0.6868123,1,rgb_sar,0,2
0.6925005,1,rgb_sar,0,2
0.6760263,1,rgb_sar,0,2
0.67571414,1,rgb_sar,0,2
0.67463416,1,rgb_sar,0,2
0.70071715,1,rgb_sar,0,2
0.6924885,1,rgb_sar,0,2
0.76535285,1,rgb_sar,0,2
0.6913477,1,rgb_sar,0,2
0.66132444,1,rgb_sar,0,2
0.65289986,1,rgb_sar,0,2
0.62862825,1,rgb_sar,0,2
0.7524872,1,rgb_sar,0,2
0.6607037,1,rgb_sar,0,2
0.6442944,1,rgb_sar,0,2
0.63715607,1,rgb_sar,0,2
0.6375402,1,rgb_sar,0,2
0.7283415,1,rgb_sar,0,2
0.6265794,1,rgb_sar,0,2
0.62013006,1,rgb_sar,0,2
0.64169085,1,rgb_sar,0,2
0.64997166,1,rgb_sar,0,2
0.66782284,1,rgb_sar,0,2
0.69258916,1,rgb_sar,0,2
0.7443097,1,rgb_sar,0,2
0.6387385,1,rgb_sar,0,2
0.6138905,1,rgb_sar,0,2
0.6150638,1,rgb_sar,0,2
0.62077844,1,rgb_sar,0,2
0.66285104,1,rgb_sar,0,2
0.69132876,1,rgb_sar,0,2
0.7769187,1,rgb_sar,0,2
0.6755253,1,rgb_sar,0,2
0.5961958,1,rgb_sar,0,2
0.58925736,1,rgb_sar,0,2
0.6082798,1,rgb_sar,0,2
0.6497855,1,rgb_sar,0,2
0.67821276,1,rgb_sar,0,2
0.7788109,1,rgb_sar,0,2
0.6906069,1,rgb_sar,0,2
0.6129794,1,rgb_sar,0,2
0.59140515,1,rgb_sar,0,2
0.59693944,1,rgb_sar,0,2
0.63365936,1,rgb_sar,0,2
0.6679646,1,rgb_sar,0,2
0.7591685,1,rgb_sar,0,2
0.5104407,4,rgb_sar,0,2
0.60812074,4,rgb_sar,0,2
0.5806391,4,rgb_sar,0,2
0.58343565,4,rgb_sar,0,2
0.5584569,4,rgb_sar,0,2
0.53307694,4,rgb_sar,0,2
0.57808787,4,rgb_sar,0,2
0.6125318,4,rgb_sar,0,2
0.5975876,4,rgb_sar,0,2
0.6078091,4,rgb_sar,0,2
0.5553248,4,rgb_sar,0,2
0.536631,4,rgb_sar,0,2
0.53342175,4,rgb_sar,0,2
0.555966,4,rgb_sar,0,2
0.651114,4,rgb_sar,0,2
0.64849603,4,rgb_sar,0,2
0.5649684,4,rgb_sar,0,2
0.5357559,4,rgb_sar,0,2
0.5247774,4,rgb_sar,0,2
0.5372603,4,rgb_sar,0,2
0.632269,4,rgb_sar,0,2
0.64320505,4,rgb_sar,0,2
0.5787424,4,rgb_sar,0,2
0.5505816,4,rgb_sar,0,2
0.4959635,4,rgb_sar,0,2
0.511857,4,rgb_sar,0,2
0.57646656,4,rgb_sar,0,2
0.6006261,4,rgb_sar,0,2
0.55656576,4,rgb_sar,0,2
0.62497455,4,rgb_sar,0,2
0.6264436,4,rgb_sar,0,2
0.5809532,4,rgb_sar,0,2
0.5381398,4,rgb_sar,0,2
0.49233365,4,rgb_sar,0,2
0.5250924,4,rgb_sar,0,2
0.60524213,4,rgb_sar,0,2
0.6104894,4,rgb_sar,0,2
0.54939675,4,rgb_sar,0,2
0.6019952,4,rgb_sar,0,2
0.5941175,4,rgb_sar,0,2
0.55308187,4,rgb_sar,0,2
0.53004414,4,rgb_sar,0,2
0.5222185,4,rgb_sar,0,2
0.55734956,4,rgb_sar,0,2
0.5385878,4,rgb_sar,0,2
0.5875937,4,rgb_sar,0,2
0.5744226,4,rgb_sar,0,2
0.64151496,4,rgb_sar,0,2
0.58389455,4,rgb_sar,0,2
0.5563426,4,rgb_sar,0,2
0.56172955,4,rgb_sar,0,2
0.5592865,4,rgb_sar,0,2
0.5590689,4,rgb_sar,0,2
0.51234734,4,rgb_sar,0,2
0.5715835,4,rgb_sar,0,2
0.588592,4,rgb_sar,0,2
0.63347805,4,rgb_sar,0,2
0.58144164,4,rgb_sar,0,2
0.617852,4,rgb_sar,0,2
0.599857,4,rgb_sar,0,2
0.57737994,4,rgb_sar,0,2
0.58052593,4,rgb_sar,0,2
0.5711023,4,rgb_sar,0,2
0.6141751,4,rgb_sar,0,2
0.617637,4,rgb_sar,0,2
0.646029,4,rgb_sar,0,2
0.6203655,4,rgb_sar,0,2
0.60259783,4,rgb_sar,0,2
0.6003648,4,rgb_sar,0,2
0.57181084,4,rgb_sar,0,2
0.5956727,4,rgb_sar,0,2
0.59242266,4,rgb_sar,0,2
0.6731765,4,rgb_sar,0,2
0.6066922,4,rgb_sar,0,2
0.5414716,4,rgb_sar,0,2
0.55024666,4,rgb_sar,0,2
0.68075675,4,rgb_sar,0,2
0.6806122,4,rgb_sar,0,2
0.47745457,4,rgb_sar,0,2
0.51467496,4,rgb_sar,0,2
0.5445981,4,rgb_sar,0,2
0.5615292,4,rgb_sar,0,2
0.68897486,4,rgb_sar,0,2
0.6606943,4,rgb_sar,0,2
0.4812846,4,rgb_sar,0,2
0.537023,4,rgb_sar,0,2
0.590921,4,rgb_sar,0,2
0.6280969,4,rgb_sar,0,2
0.6389729,4,rgb_sar,0,2
0.5711838,4,rgb_sar,0,2
0.51030827,4,rgb_sar,0,2
0.55667067,4,rgb_sar,0,2
0.61375487,4,rgb_sar,0,2
0.6523901,4,rgb_sar,0,2
0.63248456,4,rgb_sar,0,2
0.5898605,4,rgb_sar,0,2
0.53521657,4,rgb_sar,0,2
0.5618231,4,rgb_sar,0,2
0.5935557,4,rgb_sar,0,2
0.6092205,4,rgb_sar,0,2
0.6184213,4,rgb_sar,0,2
0.62673926,4,rgb_sar,0,2
0.5864416,4,rgb_sar,0,2
0.55505013,4,rgb_sar,0,2
0.5820297,4,rgb_sar,0,2
0.5711911,4,rgb_sar,0,2
0.6024636,4,rgb_sar,0,2
0.62742,4,rgb_sar,0,2
0.6105629,4,rgb_sar,0,2
0.61647797,4,rgb_sar,0,2
0.6179988,4,rgb_sar,0,2
0.5876428,4,rgb_sar,0,2
0.5602884,4,rgb_sar,0,2
0.5904788,4,rgb_sar,0,2
0.6341901,4,rgb_sar,0,2
0.6691671,4,rgb_sar,0,2
0.64808005,4,rgb_sar,0,2
0.63497555,4,rgb_sar,0,2
0.6095184,4,rgb_sar,0,2
0.6000899,4,rgb_sar,0,2
0.5923562,4,rgb_sar,0,2
0.5808211,4,rgb_sar,0,2
0.6170908,4,rgb_sar,0,2
0.63692707,4,rgb_sar,0,2
0.6600101,4,rgb_sar,0,2
0.6265466,4,rgb_sar,0,2
0.60457945,4,rgb_sar,0,2
0.59518206,4,rgb_sar,0,2
0.60113305,4,rgb_sar,0,2
0.6199177,4,rgb_sar,0,2
0.60078347,4,rgb_sar,0,2
0.6129006,4,rgb_sar,0,2
0.5767386,4,rgb_sar,0,2
0.5919725,4,rgb_sar,0,2
0.5958092,4,rgb_sar,0,2
0.57858694,4,rgb_sar,0,2
0.56848305,4,rgb_sar,0,2
0.59229696,4,rgb_sar,0,2
0.6388907,4,rgb_sar,0,2
0.6354877,4,rgb_sar,0,2
0.62117505,4,rgb_sar,0,2
0.57671976,4,rgb_sar,0,2
0.59921265,4,rgb_sar,0,2
0.64079726,4,rgb_sar,0,2
0.64391375,4,rgb_sar,0,2
0.59872127,4,rgb_sar,0,2
0.6110718,4,rgb_sar,0,2
0.63982975,4,rgb_sar,0,2
0.63206464,4,rgb_sar,0,2
0.64117986,4,rgb_sar,0,2
0.6338539,4,rgb_sar,0,2
0.61915755,4,rgb_sar,0,2
0.65407807,1,rgb_sar,0,2
0.65522176,1,rgb_sar,0,2
0.6874833,1,rgb_sar,0,2
0.7022554,1,rgb_sar,0,2
0.68964696,1,rgb_sar,0,2
0.65969574,1,rgb_sar,0,2
0.6646273,1,rgb_sar,0,2
0.68723214,1,rgb_sar,0,2
0.7009492,1,rgb_sar,0,2
0.68975663,1,rgb_sar,0,2
0.6963763,1,rgb_sar,0,2
0.6934438,1,rgb_sar,0,2
0.7524967,1,rgb_sar,0,2
0.7390752,1,rgb_sar,0,2
0.70450526,1,rgb_sar,0,2
0.70842636,1,rgb_sar,0,2
0.710112,1,rgb_sar,0,2
0.75708824,1,rgb_sar,0,2
0.7111127,1,rgb_sar,0,2
0.7434287,1,rgb_sar,0,2
0.79031295,1,rgb_sar,0,2
0.74772257,1,rgb_sar,0,2
0.7015521,1,rgb_sar,0,2
0.69979763,1,rgb_sar,0,2
0.6987407,1,rgb_sar,0,2
0.75254875,1,rgb_sar,0,2
0.70444626,1,rgb_sar,0,2
0.68819755,1,rgb_sar,0,2
0.7171966,1,rgb_sar,0,2
0.7182652,1,rgb_sar,0,2
0.790809,1,rgb_sar,0,2
0.74578965,1,rgb_sar,0,2
0.68539,1,rgb_sar,0,2
0.67230797,1,rgb_sar,0,2
0.6846199,1,rgb_sar,0,2
0.76714957,1,rgb_sar,0,2
0.73191386,1,rgb_sar,0,2
0.70342755,1,rgb_sar,0,2
0.7343996,1,rgb_sar,0,2
0.71725386,1,rgb_sar,0,2
0.75306034,1,rgb_sar,0,2
0.728678,1,rgb_sar,0,2
0.6694344,1,rgb_sar,0,2
0.69619066,1,rgb_sar,0,2
0.756092,1,rgb_sar,0,2
0.8036488,1,rgb_sar,0,2
0.7431742,1,rgb_sar,0,2
0.7193006,1,rgb_sar,0,2
0.7094579,1,rgb_sar,0,2
0.6854769,1,rgb_sar,0,2
0.6892407,1,rgb_sar,0,2
0.72263956,1,rgb_sar,0,2
0.764388,1,rgb_sar,0,2
0.81792223,1,rgb_sar,0,2
0.7108708,1,rgb_sar,0,2
0.7022942,1,rgb_sar,0,2
0.6868778,1,rgb_sar,0,2
0.6836958,1,rgb_sar,0,2
0.6950698,1,rgb_sar,0,2
0.7428545,1,rgb_sar,0,2
0.81173646,1,rgb_sar,0,2
0.7033714,1,rgb_sar,0,2
0.70156884,1,rgb_sar,0,2
0.7438153,1,rgb_sar,0,2
0.74596536,1,rgb_sar,0,2
0.72572494,1,rgb_sar,0,2
0.7957951,1,rgb_sar,0,2
0.7246559,1,rgb_sar,0,2
0.7750126,1,rgb_sar,0,2
0.75823766,1,rgb_sar,0,2
0.72167027,1,rgb_sar,0,2
0.78714454,1,rgb_sar,0,2
0.76771307,1,rgb_sar,0,2
0.74944085,1,rgb_sar,0,2
0.679162,1,rgb_sar,0,2
0.75747025,1,rgb_sar,0,2
0.71010435,1,rgb_sar,0,2
0.6552284,1,rgb_sar,0,2
0.74976575,1,rgb_sar,0,2
0.68796146,1,rgb_sar,0,2
0.7630605,1,rgb_sar,0,2
0.7003771,1,rgb_sar,0,2
0.73259985,1,rgb_sar,0,2
0.69471186,1,rgb_sar,0,2
0.68946743,1,rgb_sar,0,2
0.72120905,1,rgb_sar,0,2
0.6882141,1,rgb_sar,0,2
0.68117017,1,rgb_sar,0,2
0.68817097,1,rgb_sar,0,2
0.6749225,1,rgb_sar,0,2
0.67286456,1,rgb_sar,0,2
0.6701107,1,rgb_sar,0,2
0.7030639,1,rgb_sar,0,2
0.7134577,1,rgb_sar,0,2
0.76285976,1,rgb_sar,0,2
0.72573584,1,rgb_sar,0,2
0.6818297,1,rgb_sar,0,2
0.682173,1,rgb_sar,0,2
0.6928951,1,rgb_sar,0,2
0.6996039,1,rgb_sar,0,2
0.6968179,1,rgb_sar,0,2
0.748628,1,rgb_sar,0,2
0.7231346,1,rgb_sar,0,2
0.7162918,1,rgb_sar,0,2
0.7733417,1,rgb_sar,0,2
0.73611265,1,rgb_sar,0,2
0.69147456,1,rgb_sar,0,2
0.68929017,1,rgb_sar,0,2
0.72306496,1,rgb_sar,0,2
0.7525588,1,rgb_sar,0,2
0.75300926,1,rgb_sar,0,2
0.73911583,1,rgb_sar,0,2
0.73278,1,rgb_sar,0,2
0.7313571,1,rgb_sar,0,2
0.73087525,1,rgb_sar,0,2
0.7402967,1,rgb_sar,0,2
0.73592573,1,rgb_sar,0,2
0.7557539,1,rgb_sar,0,2
0.732284,1,rgb_sar,0,2
0.7185676,1,rgb_sar,0,2
0.75026095,1,rgb_sar,0,2
0.7370543,1,rgb_sar,0,2
0.71194404,1,rgb_sar,0,2
0.71685094,1,rgb_sar,0,2
0.69825816,1,rgb_sar,0,2
0.7465802,1,rgb_sar,0,2
0.76851994,1,rgb_sar,0,2
0.72638285,1,rgb_sar,0,2
0.71746534,1,rgb_sar,0,2
0.755211,1,rgb_sar,0,2
0.74697495,1,rgb_sar,0,2
0.7364165,1,rgb_sar,0,2
0.7317183,1,rgb_sar,0,2
0.716197,1,rgb_sar,0,2
0.721609,1,rgb_sar,0,2
0.7144786,1,rgb_sar,0,2
0.7265172,1,rgb_sar,0,2
0.7795786,1,rgb_sar,0,2
0.7702348,1,rgb_sar,0,2
0.7392175,1,rgb_sar,0,2
0.753129,1,rgb_sar,0,2
0.7830615,1,rgb_sar,0,2
0.7803681,1,rgb_sar,0,2
0.73063415,1,rgb_sar,0,2
0.7172109,1,rgb_sar,0,2
0.70286894,1,rgb_sar,0,2
0.70513964,1,rgb_sar,0,2
0.7122115,1,rgb_sar,0,2
0.72756004,1,rgb_sar,0,2
0.7368321,1,rgb_sar,0,2
0.71637267,1,rgb_sar,0,2
0.706434,1,rgb_sar,0,2
0.7079241,1,rgb_sar,0,2
0.70896524,1,rgb_sar,0,2
0.7011597,1,rgb_sar,0,2
0.73700017,1,rgb_sar,0,2
0.7999495,1,rgb_sar,0,2
0.83689475,1,rgb_sar,0,2
0.8076653,1,rgb_sar,0,2
0.76281506,1,rgb_sar,0,2
0.7371858,1,rgb_sar,0,2
0.7146907,1,rgb_sar,0,2
0.733212,1,rgb_sar,0,2
0.6906425,1,rgb_sar,0,2
0.6865778,1,rgb_sar,0,2
0.73441875,1,rgb_sar,0,2
0.7357957,1,rgb_sar,0,2
0.71373737,1,rgb_sar,0,2
0.70505416,1,rgb_sar,0,2
0.69864494,1,rgb_sar,0,2
0.6977782,1,rgb_sar,0,2
0.68988943,1,rgb_sar,0,2
0.69147867,1,rgb_sar,0,2
0.73884356,1,rgb_sar,0,2
0.7752769,1,rgb_sar,0,2
0.8211651,1,rgb_sar,0,2
0.79994214,1,rgb_sar,0,2
0.7373574,1,rgb_sar,0,2
0.7095922,1,rgb_sar,0,2
0.7288234,1,rgb_sar,0,2
0.66140467,1,rgb_sar,0,2
0.6589716,1,rgb_sar,0,2
0.68348545,1,rgb_sar,0,2
0.69429386,1,rgb_sar,0,2
0.73574394,1,rgb_sar,0,2
0.7310771,1,rgb_sar,0,2
0.7258387,1,rgb_sar,0,2
0.7076556,1,rgb_sar,0,2
0.6818089,1,rgb_sar,0,2
0.6894312,1,rgb_sar,0,2
0.7141166,1,rgb_sar,0,2
0.70268714,1,rgb_sar,0,2
0.6578125,1,rgb_sar,0,2
0.6547781,1,rgb_sar,0,2
0.67061305,1,rgb_sar,0,2
0.6764358,1,rgb_sar,0,2
0.7163873,1,rgb_sar,0,2
0.73510206,1,rgb_sar,0,2
0.73630506,1,rgb_sar,0,2
0.72029537,1,rgb_sar,0,2
0.69084907,1,rgb_sar,0,2
0.6841968,1,rgb_sar,0,2
0.7010726,1,rgb_sar,0,2
0.7070143,1,rgb_sar,0,2
0.67995346,1,rgb_sar,0,2
0.6802253,1,rgb_sar,0,2
0.6951299,1,rgb_sar,0,2
0.7173456,1,rgb_sar,0,2
0.7369961,1,rgb_sar,0,2
0.7156619,1,rgb_sar,0,2
0.7029872,1,rgb_sar,0,2
0.724082,1,rgb_sar,0,2
0.7035718,1,rgb_sar,0,2
0.7369322,1,rgb_sar,0,2
0.76451004,1,rgb_sar,0,2
0.7788972,1,rgb_sar,0,2
0.7467342,1,rgb_sar,0,2
0.7591303,1,rgb_sar,0,2
0.7335451,1,rgb_sar,0,2
0.7248186,1,rgb_sar,0,2
0.7411371,1,rgb_sar,0,2
0.7136,1,rgb_sar,0,2
0.68124247,1,rgb_sar,0,2
0.71161854,1,rgb_sar,0,2
0.7127584,1,rgb_sar,0,2
0.7473031,1,rgb_sar,0,2
0.7616819,1,rgb_sar,0,2
0.76661634,1,rgb_sar,0,2
0.7562705,1,rgb_sar,0,2
0.7438731,1,rgb_sar,0,2
0.692021,1,rgb_sar,0,2
0.7221184,1,rgb_sar,0,2
0.70702565,1,rgb_sar,0,2
0.6892666,1,rgb_sar,0,2
0.6993207,1,rgb_sar,0,2
0.7064259,1,rgb_sar,0,2
0.79385805,1,rgb_sar,0,2
0.8058144,1,rgb_sar,0,2
0.80797243,1,rgb_sar,0,2
0.73178816,1,rgb_sar,0,2
0.7086042,1,rgb_sar,0,2
0.7077834,1,rgb_sar,0,2
0.69452786,1,rgb_sar,0,2
0.67296386,1,rgb_sar,0,2
0.6737259,1,rgb_sar,0,2
0.71150166,1,rgb_sar,0,2
0.80772036,1,rgb_sar,0,2
0.82061803,1,rgb_sar,0,2
0.796057,1,rgb_sar,0,2
0.72369546,1,rgb_sar,0,2
0.7271473,1,rgb_sar,0,2
0.718554,1,rgb_sar,0,2
0.6561078,1,rgb_sar,0,2
0.7064464,1,rgb_sar,0,2
0.7224533,1,rgb_sar,0,2
0.67372584,1,rgb_sar,0,2
0.69809526,1,rgb_sar,0,2
0.7029525,1,rgb_sar,0,2
0.71216637,1,rgb_sar,0,2
0.707101,1,rgb_sar,0,2
0.70045394,1,rgb_sar,0,2
0.70489097,1,rgb_sar,0,2
0.68028474,1,rgb_sar,0,2
0.6809766,1,rgb_sar,0,2
0.7022034,1,rgb_sar,0,2
0.71367157,1,rgb_sar,0,2
0.72236526,1,rgb_sar,0,2
0.75864416,1,rgb_sar,0,2
0.67428184,1,rgb_sar,0,2
0.658787,1,rgb_sar,0,2
0.6846565,1,rgb_sar,0,2
0.66035384,1,rgb_sar,0,2
0.68361676,1,rgb_sar,0,2
0.7063526,1,rgb_sar,0,2
0.710021,1,rgb_sar,0,2
0.71983564,1,rgb_sar,0,2
0.7489507,1,rgb_sar,0,2
0.6780883,1,rgb_sar,0,2
0.6853485,1,rgb_sar,0,2
0.6849432,1,rgb_sar,0,2
0.6602876,1,rgb_sar,0,2
0.6938848,1,rgb_sar,0,2
0.72555614,1,rgb_sar,0,2
0.7202951,1,rgb_sar,0,2
0.7020389,1,rgb_sar,0,2
0.7124777,1,rgb_sar,0,2
0.7497916,1,rgb_sar,0,2
0.68330646,1,rgb_sar,0,2
0.67393565,1,rgb_sar,0,2
0.6633568,1,rgb_sar,0,2
0.62813824,1,rgb_sar,0,2
0.6596231,1,rgb_sar,0,2
0.7090244,1,rgb_sar,0,2
0.7078085,1,rgb_sar,0,2
0.7488376,1,rgb_sar,0,2
0.6992136,1,rgb_sar,0,2
0.67621285,1,rgb_sar,0,2
0.6610781,1,rgb_sar,0,2
0.6415105,1,rgb_sar,0,2
0.66434467,1,rgb_sar,0,2
0.67670417,1,rgb_sar,0,2
0.68028307,1,rgb_sar,0,2
0.6815797,1,rgb_sar,0,2
0.725058,1,rgb_sar,0,2
0.6498939,1,rgb_sar,0,2
0.627329,1,rgb_sar,0,2
0.6055094,1,rgb_sar,0,2
0.66457915,1,rgb_sar,0,2
0.7406233,1,rgb_sar,0,2
0.6556931,1,rgb_sar,0,2
0.6215385,1,rgb_sar,0,2
0.63578516,1,rgb_sar,0,2
0.6777142,1,rgb_sar,0,2
0.74640596,1,rgb_sar,0,2
0.6653844,1,rgb_sar,0,2
0.62037694,1,rgb_sar,0,2
0.6437204,1,rgb_sar,0,2
0.66533595,1,rgb_sar,0,2
0.67453027,1,rgb_sar,0,2
0.6835043,1,rgb_sar,0,2
0.75426555,1,rgb_sar,0,2
0.6883187,1,rgb_sar,0,2
0.64816177,1,rgb_sar,0,2
0.6347035,1,rgb_sar,0,2
0.65612775,1,rgb_sar,0,2
0.6837547,1,rgb_sar,0,2
0.72626567,1,rgb_sar,0,2
0.75339955,1,rgb_sar,0,2
0.67798924,1,rgb_sar,0,2
0.6660709,1,rgb_sar,0,2
0.65434986,1,rgb_sar,0,2
0.6510141,1,rgb_sar,0,2
0.6487797,1,rgb_sar,0,2
0.69058406,1,rgb_sar,0,2
0.7613976,1,rgb_sar,0,2
0.6591754,1,rgb_sar,0,2
0.6249025,1,rgb_sar,0,2
0.65998334,1,rgb_sar,0,2
0.65975714,1,rgb_sar,0,2
0.6439215,1,rgb_sar,0,2
0.6606614,1,rgb_sar,0,2
0.7683707,1,rgb_sar,0,2
0.47109562,4,rgb_sar,0,2
0.44615573,4,rgb_sar,0,2
0.5020211,4,rgb_sar,0,2
0.4679553,4,rgb_sar,0,2
0.50333667,4,rgb_sar,0,2
0.5593772,4,rgb_sar,0,2
0.49988833,4,rgb_sar,0,2
0.45902616,4,rgb_sar,0,2
0.5101433,4,rgb_sar,0,2
0.49851078,4,rgb_sar,0,2
0.53192854,4,rgb_sar,0,2
0.58081245,4,rgb_sar,0,2
0.5396205,4,rgb_sar,0,2
0.5058069,4,rgb_sar,0,2
0.51480335,4,rgb_sar,0,2
0.51191336,4,rgb_sar,0,2
0.50785184,4,rgb_sar,0,2
0.5514636,4,rgb_sar,0,2
0.5053878,4,rgb_sar,0,2
0.49754065,4,rgb_sar,0,2
0.5027342,4,rgb_sar,0,2
0.52005386,4,rgb_sar,0,2
0.52115196,4,rgb_sar,0,2
0.5412921,4,rgb_sar,0,2
0.52242106,4,rgb_sar,0,2
0.5389629,4,rgb_sar,0,2
0.5118562,4,rgb_sar,0,2
0.49669433,4,rgb_sar,0,2
0.5596497,4,rgb_sar,0,2
0.54041076,4,rgb_sar,0,2
0.5637051,4,rgb_sar,0,2
0.55287045,4,rgb_sar,0,2
0.5758223,4,rgb_sar,0,2
0.5367383,4,rgb_sar,0,2
0.51552796,4,rgb_sar,0,2
0.4837665,4,rgb_sar,0,2
0.49928105,4,rgb_sar,0,2
0.5582397,4,rgb_sar,0,2
0.6118134,4,rgb_sar,0,2
0.6087838,4,rgb_sar,0,2
0.50303876,4,rgb_sar,0,2
0.50001395,4,rgb_sar,0,2
0.539666,4,rgb_sar,0,2
0.53285164,4,rgb_sar,0,2
0.52331495,4,rgb_sar,0,2
0.5316487,4,rgb_sar,0,2
0.5630018,4,rgb_sar,0,2
0.59295577,4,rgb_sar,0,2
0.6024846,4,rgb_sar,0,2
0.5200099,4,rgb_sar,0,2
0.52753973,4,rgb_sar,0,2
0.54980373,4,rgb_sar,0,2
0.54919124,4,rgb_sar,0,2
0.5373148,4,rgb_sar,0,2
0.52385944,4,rgb_sar,0,2
0.57919,4,rgb_sar,0,2
0.5343853,4,rgb_sar,0,2
0.58411485,4,rgb_sar,0,2
0.6020498,4,rgb_sar,0,2
0.6080457,4,rgb_sar,0,2
0.5907819,4,rgb_sar,0,2
0.58856606,4,rgb_sar,0,2
0.56207,4,rgb_sar,0,2
0.5197362,4,rgb_sar,0,2
0.49645984,4,rgb_sar,0,2
0.5705962,4,rgb_sar,0,2
0.59314615,4,rgb_sar,0,2
0.60344344,4,rgb_sar,0,2
0.60986847,4,rgb_sar,0,2
0.60367763,4,rgb_sar,0,2
0.60652703,4,rgb_sar,0,2
0.58774227,4,rgb_sar,0,2
0.61778295,4,rgb_sar,0,2
0.6608613,4,rgb_sar,0,2
0.6465398,4,rgb_sar,0,2
0.62710226,4,rgb_sar,0,2
0.49489442,4,rgb_sar,0,2
0.5109525,4,rgb_sar,0,2
0.5933305,4,rgb_sar,0,2
0.6002902,4,rgb_sar,0,2
0.56288326,4,rgb_sar,0,2
0.538677,4,rgb_sar,0,2
0.50216615,4,rgb_sar,0,2
0.4726269,4,rgb_sar,0,2
0.62797344,4,rgb_sar,0,2
0.6191551,4,rgb_sar,0,2
0.6117599,4,rgb_sar,0,2
0.5655996,4,rgb_sar,0,2
0.41577548,4,rgb_sar,0,2
0.41145068,4,rgb_sar,0,2
0.63657117,4,rgb_sar,0,2
0.6313603,4,rgb_sar,0,2
0.65043485,4,rgb_sar,0,2
0.623204,4,rgb_sar,0,2
0.48751414,4,rgb_sar,0,2
0.42310917,4,rgb_sar,0,2
0.6152035,4,rgb_sar,0,2
0.6081759,4,rgb_sar,0,2
0.63209194,4,rgb_sar,0,2
0.6093002,4,rgb_sar,0,2
0.58796865,4,rgb_sar,0,2
0.53090644,4,rgb_sar,0,2
0.4599986,4,rgb_sar,0,2
0.5240381,4,rgb_sar,0,2
0.49505973,4,rgb_sar,0,2
0.6386084,4,rgb_sar,0,2
0.6390104,4,rgb_sar,0,2
0.6119285,4,rgb_sar,0,2
0.5977044,4,rgb_sar,0,2
0.5829917,4,rgb_sar,0,2
0.5320289,4,rgb_sar,0,2
0.4693423,4,rgb_sar,0,2
0.5245831,4,rgb_sar,0,2
0.5243191,4,rgb_sar,0,2
0.6225922,4,rgb_sar,0,2
0.62784946,4,rgb_sar,0,2
0.605403,4,rgb_sar,0,2
0.5625318,4,rgb_sar,0,2
0.5520905,4,rgb_sar,0,2
0.5042122,4,rgb_sar,0,2
0.47856525,4,rgb_sar,0,2
0.5226023,4,rgb_sar,0,2
0.57649183,4,rgb_sar,0,2
0.58420944,4,rgb_sar,0,2
0.58455145,4,rgb_sar,0,2
0.5822083,4,rgb_sar,0,2
0.5592915,4,rgb_sar,0,2
0.5351573,4,rgb_sar,0,2
0.50955933,4,rgb_sar,0,2
0.4865284,4,rgb_sar,0,2
0.4877525,4,rgb_sar,0,2
0.5151347,4,rgb_sar,0,2
0.62836146,4,rgb_sar,0,2
0.6136489,4,rgb_sar,0,2
0.62180877,4,rgb_sar,0,2
0.6321738,4,rgb_sar,0,2
0.5642977,4,rgb_sar,0,2
0.50818634,4,rgb_sar,0,2
0.5008841,4,rgb_sar,0,2
0.4952514,4,rgb_sar,0,2
0.48046035,4,rgb_sar,0,2
0.6371814,4,rgb_sar,0,2
0.6076894,4,rgb_sar,0,2
0.6123291,4,rgb_sar,0,2
0.6012261,4,rgb_sar,0,2
0.54581654,4,rgb_sar,0,2
0.54593813,4,rgb_sar,0,2
0.53185934,4,rgb_sar,0,2
0.6022373,4,rgb_sar,0,2
0.579183,4,rgb_sar,0,2
0.5901449,4,rgb_sar,0,2
0.5812336,4,rgb_sar,0,2
0.49831685,1,rgb_sar,0,2
0.43824556,1,rgb_sar,0,2
0.43979502,1,rgb_sar,0,2
0.48706746,1,rgb_sar,0,2
0.5102362,1,rgb_sar,0,2
0.5700774,1,rgb_sar,0,2
0.5310645,1,rgb_sar,0,2
0.5495479,1,rgb_sar,0,2
0.5247655,1,rgb_sar,0,2
0.50295436,1,rgb_sar,0,2
0.49020344,1,rgb_sar,0,2
0.68562204,1,rgb_sar,0,2
0.65460914,1,rgb_sar,0,2
0.6670362,1,rgb_sar,0,2
0.639575,1,rgb_sar,0,2
0.6018256,1,rgb_sar,0,2
0.61908567,1,rgb_sar,0,2
0.42613924,1,rgb_sar,0,2
0.4361633,1,rgb_sar,0,2
0.49026477,1,rgb_sar,0,2
0.49714074,1,rgb_sar,0,2
0.50332856,1,rgb_sar,0,2
0.53074443,1,rgb_sar,0,2
0.5157952,1,rgb_sar,0,2
0.5200335,1,rgb_sar,0,2
0.49109715,1,rgb_sar,0,2
0.47782308,1,rgb_sar,0,2
0.48641035,1,rgb_sar,0,2
0.6756482,1,rgb_sar,0,2
0.65252435,1,rgb_sar,0,2
0.65651023,1,rgb_sar,0,2
0.6150766,1,rgb_sar,0,2
0.60511327,1,rgb_sar,0,2
0.6193585,1,rgb_sar,0,2
0.3517412,3,rgb_sar,0,2
0.3164717,3,rgb_sar,0,2
0.31547144,3,rgb_sar,0,2
0.2880573,3,rgb_sar,0,2
0.27239,3,rgb_sar,0,2
0.3632513,3,rgb_sar,0,2
0.3354892,3,rgb_sar,0,2
0.32728788,3,rgb_sar,0,2
0.22094011,3,rgb_sar,0,2
0.23889293,3,rgb_sar,0,2
0.33089456,3,rgb_sar,0,2
0.362894,3,rgb_sar,0,2
0.42400536,3,rgb_sar,0,2
0.3748236,3,rgb_sar,0,2
0.4515194,3,rgb_sar,0,2
0.3224185,3,rgb_sar,0,2
0.23539521,3,rgb_sar,0,2
0.25819552,3,rgb_sar,0,2
0.33819985,3,rgb_sar,0,2
0.34616053,3,rgb_sar,0,2
0.3400452,3,rgb_sar,0,2
0.35504526,3,rgb_sar,0,2
0.40468532,3,rgb_sar,0,2
0.3317194,3,rgb_sar,0,2
0.31408072,3,rgb_sar,0,2
0.35852325,3,rgb_sar,0,2
0.3294114,3,rgb_sar,0,2
0.33157855,3,rgb_sar,0,2
0.35556096,3,rgb_sar,0,2
0.28362778,3,rgb_sar,0,2
0.3085258,3,rgb_sar,0,2
0.35292694,3,rgb_sar,0,2
0.3578006,3,rgb_sar,0,2
0.28987855,3,rgb_sar,0,2
0.22008556,3,rgb_sar,0,2
0.23218569,3,rgb_sar,0,2
0.28482926,3,rgb_sar,0,2
0.29815543,3,rgb_sar,0,2
0.3239603,3,rgb_sar,0,2
0.34757924,3,rgb_sar,0,2
0.30719134,3,rgb_sar,0,2
0.3364214,3,rgb_sar,0,2
0.3284101,3,rgb_sar,0,2
0.34685716,3,rgb_sar,0,2
0.2931596,3,rgb_sar,0,2
0.33095196,3,rgb_sar,0,2
0.3199054,3,rgb_sar,0,2
0.2697153,3,rgb_sar,0,2
0.2771129,3,rgb_sar,0,2
0.2817067,3,rgb_sar,0,2
0.3146643,3,rgb_sar,0,2
0.27480048,3,rgb_sar,0,2
0.32587713,3,rgb_sar,0,2
0.33659562,3,rgb_sar,0,2
0.32112437,3,rgb_sar,0,2
0.2869795,3,rgb_sar,0,2
0.31712455,3,rgb_sar,0,2
0.29078496,3,rgb_sar,0,2
0.22082566,3,rgb_sar,0,2
0.2497049,3,rgb_sar,0,2
0.28869176,3,rgb_sar,0,2
0.31669888,3,rgb_sar,0,2
0.25922424,3,rgb_sar,0,2
0.29206732,3,rgb_sar,0,2
0.3154804,3,rgb_sar,0,2
0.3236965,3,rgb_sar,0,2
0.27320185,3,rgb_sar,0,2
0.29151577,3,rgb_sar,0,2
0.2893284,3,rgb_sar,0,2
0.31794938,3,rgb_sar,0,2
0.3876926,3,rgb_sar,0,2
0.4330602,3,rgb_sar,0,2
0.37296936,3,rgb_sar,0,2
0.23659751,3,rgb_sar,0,2
0.24275798,3,rgb_sar,0,2
0.28741938,3,rgb_sar,0,2
0.3487603,3,rgb_sar,0,2
0.39538854,3,rgb_sar,0,2
0.41806734,3,rgb_sar,0,2
0.48772436,3,rgb_sar,0,2
0.49696273,3,rgb_sar,0,2
0.39349228,3,rgb_sar,0,2
0.22043243,3,rgb_sar,0,2
0.22349082,3,rgb_sar,0,2
0.2721421,3,rgb_sar,0,2
0.55525553,3,rgb_sar,0,2
0.5637019,3,rgb_sar,0,2
0.5111368,3,rgb_sar,0,2
0.44474906,3,rgb_sar,0,2
0.58397305,3,rgb_sar,0,2
0.5874104,3,rgb_sar,0,2
0.5467376,3,rgb_sar,0,2
0.51856935,3,rgb_sar,0,2
0.43512145,3,rgb_sar,0,2
0.29049435,3,rgb_sar,0,2
0.36583078,3,rgb_sar,0,2
0.42106906,3,rgb_sar,0,2
0.30381837,3,rgb_sar,0,2
0.26644707,3,rgb_sar,0,2
0.29625398,3,rgb_sar,0,2
0.42178726,3,rgb_sar,0,2
0.23003222,3,rgb_sar,0,2
0.29021612,3,rgb_sar,0,2
0.39288914,3,rgb_sar,0,2
0.32995358,3,rgb_sar,0,2
0.2989268,3,rgb_sar,0,2
0.30538416,3,rgb_sar,0,2
0.4502493,3,rgb_sar,0,2
0.2661928,3,rgb_sar,0,2
0.26651248,3,rgb_sar,0,2
0.31973043,3,rgb_sar,0,2
0.3787796,3,rgb_sar,0,2
0.31745657,3,rgb_sar,0,2
0.30708173,3,rgb_sar,0,2
0.32003897,3,rgb_sar,0,2
0.48252887,3,rgb_sar,0,2
0.30606592,3,rgb_sar,0,2
0.24416523,3,rgb_sar,0,2
0.2709481,3,rgb_sar,0,2
0.44109994,3,rgb_sar,0,2
0.40090087,3,rgb_sar,0,2
0.3646617,3,rgb_sar,0,2
0.3863743,3,rgb_sar,0,2
0.37558454,3,rgb_sar,0,2
0.4808231,3,rgb_sar,0,2
0.3352622,3,rgb_sar,0,2
0.24904446,3,rgb_sar,0,2
0.2672735,3,rgb_sar,0,2
0.45630234,3,rgb_sar,0,2
0.44119918,3,rgb_sar,0,2
0.38769743,3,rgb_sar,0,2
0.41102764,3,rgb_sar,0,2
0.3812282,3,rgb_sar,0,2
0.44463214,3,rgb_sar,0,2
0.3026271,3,rgb_sar,0,2
0.2708084,3,rgb_sar,0,2
0.26365703,3,rgb_sar,0,2
0.5101439,3,rgb_sar,0,2
0.51339394,3,rgb_sar,0,2
0.38987672,3,rgb_sar,0,2
0.39167976,3,rgb_sar,0,2
0.3989357,3,rgb_sar,0,2
0.4334211,3,rgb_sar,0,2
0.32959414,3,rgb_sar,0,2
0.26869687,3,rgb_sar,0,2
0.352053,3,rgb_sar,0,2
0.54807794,3,rgb_sar,0,2
0.51214814,3,rgb_sar,0,2
0.34647328,3,rgb_sar,0,2
0.36631316,3,rgb_sar,0,2
0.40750724,3,rgb_sar,0,2
0.48199958,3,rgb_sar,0,2
0.3993468,3,rgb_sar,0,2
0.43611073,3,rgb_sar,0,2
0.47778192,3,rgb_sar,0,2
0.40155935,3,rgb_sar,0,2
0.30372185,3,rgb_sar,0,2
0.2855323,3,rgb_sar,0,2
0.48677546,3,rgb_sar,0,2
0.48920593,3,rgb_sar,0,2
0.52796674,3,rgb_sar,0,2
0.42898703,3,rgb_sar,0,2
0.22782293,3,rgb_sar,0,2
0.2039487,3,rgb_sar,0,2
0.23184553,3,rgb_sar,0,2
0.67490447,3,rgb_sar,0,2
0.65276784,3,rgb_sar,0,2
0.6098987,3,rgb_sar,0,2
0.45939395,3,rgb_sar,0,2
0.78752786,3,rgb_sar,0,2
0.7382079,3,rgb_sar,0,2
0.64715886,3,rgb_sar,0,2
0.5850137,3,rgb_sar,0,2
0.84614265,1,rgb_sar,0,2
0.8371664,1,rgb_sar,0,2
0.7096211,1,rgb_sar,0,2
0.78966093,1,rgb_sar,0,2
0.6844926,1,rgb_sar,0,2
0.7819128,1,rgb_sar,0,2
0.69208574,1,rgb_sar,0,2
0.68514776,1,rgb_sar,0,2
0.7789011,1,rgb_sar,0,2
0.69144326,1,rgb_sar,0,2
0.6879779,1,rgb_sar,0,2
0.68590415,1,rgb_sar,0,2
0.77177286,1,rgb_sar,0,2
0.6993398,1,rgb_sar,0,2
0.7112487,1,rgb_sar,0,2
0.7045099,1,rgb_sar,0,2
0.7850164,1,rgb_sar,0,2
0.7081073,1,rgb_sar,0,2
0.70121914,1,rgb_sar,0,2
0.6991909,1,rgb_sar,0,2
0.7977584,1,rgb_sar,0,2
0.6980483,1,rgb_sar,0,2
0.6939429,1,rgb_sar,0,2
0.71442,1,rgb_sar,0,2
0.70999277,1,rgb_sar,0,2
0.783893,1,rgb_sar,0,2
0.7099607,1,rgb_sar,0,2
0.68426055,1,rgb_sar,0,2
0.6936499,1,rgb_sar,0,2
0.69905496,1,rgb_sar,0,2
0.77382666,1,rgb_sar,0,2
0.78215706,1,rgb_sar,0,2
0.78649235,1,rgb_sar,0,2
0.7175943,1,rgb_sar,0,2
0.70637083,1,rgb_sar,0,2
0.69498295,1,rgb_sar,0,2
0.7063538,1,rgb_sar,0,2
0.7013711,1,rgb_sar,0,2
0.699979,1,rgb_sar,0,2
0.6701561,1,rgb_sar,0,2
0.6758645,1,rgb_sar,0,2
0.7088699,1,rgb_sar,0,2
0.7161883,1,rgb_sar,0,2
0.6986808,1,rgb_sar,0,2
0.6924958,1,rgb_sar,0,2
0.71106946,1,rgb_sar,0,2
0.7031533,1,rgb_sar,0,2
0.6935319,1,rgb_sar,0,2
0.73730993,1,rgb_sar,0,2
0.73722726,1,rgb_sar,0,2
0.7124156,1,rgb_sar,0,2
0.6930251,1,rgb_sar,0,2
0.7102423,1,rgb_sar,0,2
0.7111385,1,rgb_sar,0,2
0.723069,1,rgb_sar,0,2
0.70873964,1,rgb_sar,0,2
0.731454,1,rgb_sar,0,2
0.7246876,1,rgb_sar,0,2
0.7046808,1,rgb_sar,0,2
0.7057968,1,rgb_sar,0,2
0.7224107,1,rgb_sar,0,2
0.74819505,1,rgb_sar,0,2
0.7343709,1,rgb_sar,0,2
0.73885155,1,rgb_sar,0,2
0.732805,1,rgb_sar,0,2
0.70822006,1,rgb_sar,0,2
0.71378434,1,rgb_sar,0,2
0.71798277,1,rgb_sar,0,2
0.727458,1,rgb_sar,0,2
0.72306985,1,rgb_sar,0,2
0.7251859,1,rgb_sar,0,2
0.7307522,1,rgb_sar,0,2
0.74392676,1,rgb_sar,0,2
0.73423135,1,rgb_sar,0,2
0.7372236,1,rgb_sar,0,2
0.73808396,1,rgb_sar,0,2
0.7118963,1,rgb_sar,0,2
0.72060376,1,rgb_sar,0,2
0.72358876,1,rgb_sar,0,2
0.72548544,1,rgb_sar,0,2
0.71116793,1,rgb_sar,0,2
0.72209084,1,rgb_sar,0,2
0.7149528,1,rgb_sar,0,2
0.7232131,1,rgb_sar,0,2
0.73601943,1,rgb_sar,0,2
0.73407966,1,rgb_sar,0,2
0.6978085,1,rgb_sar,0,2
0.6859016,1,rgb_sar,0,2
0.69847476,1,rgb_sar,0,2
0.71154976,1,rgb_sar,0,2
0.7282225,1,rgb_sar,0,2
0.70345616,1,rgb_sar,0,2
0.71966624,1,rgb_sar,0,2
0.7087027,1,rgb_sar,0,2
0.72039384,1,rgb_sar,0,2
0.75988746,1,rgb_sar,0,2
0.77193725,1,rgb_sar,0,2
0.7739723,1,rgb_sar,0,2
0.75750583,1,rgb_sar,0,2
0.711444,1,rgb_sar,0,2
0.7153519,1,rgb_sar,0,2
0.71452904,1,rgb_sar,0,2
0.69678533,1,rgb_sar,0,2
0.7562578,1,rgb_sar,0,2
0.74908525,1,rgb_sar,0,2
0.7543848,1,rgb_sar,0,2
0.751993,1,rgb_sar,0,2
0.77088356,1,rgb_sar,0,2
0.7809681,1,rgb_sar,0,2
0.742605,1,rgb_sar,0,2
0.68803537,1,rgb_sar,0,2
0.6929931,1,rgb_sar,0,2
0.6855147,1,rgb_sar,0,2
0.6909306,1,rgb_sar,0,2
0.76628625,1,rgb_sar,0,2
0.724697,1,rgb_sar,0,2
0.72539794,1,rgb_sar,0,2
0.74596936,1,rgb_sar,0,2
0.7045062,1,rgb_sar,0,2
0.69562227,1,rgb_sar,0,2
0.7692199,1,rgb_sar,0,2
0.7644446,1,rgb_sar,0,2
0.76661724,1,rgb_sar,0,2
0.7262937,1,rgb_sar,0,2
0.6862166,1,rgb_sar,0,2
0.76930875,1,rgb_sar,0,2
0.6932107,1,rgb_sar,0,2
0.67577577,1,rgb_sar,0,2
0.67421854,1,rgb_sar,0,2
0.752888,1,rgb_sar,0,2
0.667436,1,rgb_sar,0,2
0.6754757,1,rgb_sar,0,2
0.701923,1,rgb_sar,0,2
0.6903268,1,rgb_sar,0,2
0.7683866,1,rgb_sar,0,2
0.6798332,1,rgb_sar,0,2
0.6741545,1,rgb_sar,0,2
0.68860215,1,rgb_sar,0,2
0.66910094,1,rgb_sar,0,2
0.8054585,1,rgb_sar,0,2
0.7127538,1,rgb_sar,0,2
0.6671242,1,rgb_sar,0,2
0.6779864,1,rgb_sar,0,2
0.66732717,1,rgb_sar,0,2
0.67714334,1,rgb_sar,0,2
0.8106394,1,rgb_sar,0,2
0.72753173,1,rgb_sar,0,2
0.69154596,1,rgb_sar,0,2
0.69495606,1,rgb_sar,0,2
0.6570579,1,rgb_sar,0,2
0.6633282,1,rgb_sar,0,2
0.68605983,1,rgb_sar,0,2
0.7812083,1,rgb_sar,0,2
0.70404375,1,rgb_sar,0,2
0.66749036,1,rgb_sar,0,2
0.67725796,1,rgb_sar,0,2
0.6643176,1,rgb_sar,0,2
0.65086794,1,rgb_sar,0,2
0.70790344,1,rgb_sar,0,2
0.76698065,1,rgb_sar,0,2
0.70773727,1,rgb_sar,0,2
0.66487813,1,rgb_sar,0,2
0.66526526,1,rgb_sar,0,2
0.6689913,1,rgb_sar,0,2
0.65408653,1,rgb_sar,0,2
0.74573827,1,rgb_sar,0,2
0.67315996,1,rgb_sar,0,2
0.67873436,1,rgb_sar,0,2
0.6720667,1,rgb_sar,0,2
0.7188562,1,rgb_sar,0,2
0.7035437,1,rgb_sar,0,2
0.747064,1,rgb_sar,0,2
0.6731632,1,rgb_sar,0,2
0.65672874,1,rgb_sar,0,2
0.67264366,1,rgb_sar,0,2
0.7377806,1,rgb_sar,0,2
0.74525213,1,rgb_sar,0,2
0.6684258,1,rgb_sar,0,2
0.6627174,1,rgb_sar,0,2
0.6810831,1,rgb_sar,0,2
0.74423367,1,rgb_sar,0,2
0.6470914,1,rgb_sar,0,2
0.63313246,1,rgb_sar,0,2
0.6488145,1,rgb_sar,0,2
0.55315435,1,rgb_sar,0,2
0.48626614,1,rgb_sar,0,2
0.44369307,1,rgb_sar,0,2
0.41531563,1,rgb_sar,0,2
0.40290225,1,rgb_sar,0,2
0.6081636,1,rgb_sar,0,2
0.5477572,1,rgb_sar,0,2
0.54241866,1,rgb_sar,0,2
0.5574461,1,rgb_sar,0,2
0.4901832,1,rgb_sar,0,2
0.4063018,1,rgb_sar,0,2
0.6206674,1,rgb_sar,0,2
0.5930768,1,rgb_sar,0,2
0.58438706,1,rgb_sar,0,2
0.5447722,1,rgb_sar,0,2
0.51128227,1,rgb_sar,0,2
0.4613002,1,rgb_sar,0,2
0.6600163,1,rgb_sar,0,2
0.6407325,1,rgb_sar,0,2
0.61472017,1,rgb_sar,0,2
0.5800817,1,rgb_sar,0,2
0.5676341,1,rgb_sar,0,2
0.547767,1,rgb_sar,0,2
0.49340934,1,rgb_sar,0,2
0.47943676,1,rgb_sar,0,2
0.4966312,1,rgb_sar,0,2
0.6832374,1,rgb_sar,0,2
0.66715384,1,rgb_sar,0,2
0.61571836,1,rgb_sar,0,2
0.60079694,1,rgb_sar,0,2
0.61231476,1,rgb_sar,0,2
0.5900288,1,rgb_sar,0,2
0.5708006,1,rgb_sar,0,2
0.55622935,1,rgb_sar,0,2
0.5333017,1,rgb_sar,0,2
0.6770808,1,rgb_sar,0,2
0.6380131,1,rgb_sar,0,2
0.59986687,1,rgb_sar,0,2
0.6346503,1,rgb_sar,0,2
0.6283961,1,rgb_sar,0,2
0.6062039,1,rgb_sar,0,2
0.6077764,1,rgb_sar,0,2
0.5895306,1,rgb_sar,0,2
0.55905867,1,rgb_sar,0,2
0.52797925,1,rgb_sar,0,2
0.4914047,1,rgb_sar,0,2
0.4433092,1,rgb_sar,0,2
0.4461433,1,rgb_sar,0,2
0.66782826,1,rgb_sar,0,2
0.6342007,1,rgb_sar,0,2
0.6394984,1,rgb_sar,0,2
0.650522,1,rgb_sar,0,2
0.62690973,1,rgb_sar,0,2
0.62005913,1,rgb_sar,0,2
0.65707755,1,rgb_sar,0,2
0.6484954,1,rgb_sar,0,2
0.59757555,1,rgb_sar,0,2
0.5167569,1,rgb_sar,0,2
0.44705972,1,rgb_sar,0,2
0.6389518,1,rgb_sar,0,2
0.64748776,1,rgb_sar,0,2
0.6594063,1,rgb_sar,0,2
0.49041277,1,rgb_sar,0,2
0.46333143,1,rgb_sar,0,2
0.64466566,1,rgb_sar,0,2
0.65449023,1,rgb_sar,0,2
0.6678795,1,rgb_sar,0,2
0.59801394,1,rgb_sar,0,2
0.55674493,1,rgb_sar,0,2
0.45310113,1,rgb_sar,0,2
0.4159108,1,rgb_sar,0,2
0.46004143,1,rgb_sar,0,2
0.42830077,1,rgb_sar,0,2
0.4068473,1,rgb_sar,0,2
0.60198796,1,rgb_sar,0,2
0.5108275,1,rgb_sar,0,2
0.47188663,1,rgb_sar,0,2
0.5123093,1,rgb_sar,0,2
0.47933024,1,rgb_sar,0,2
0.44797665,1,rgb_sar,0,2
0.59523654,1,rgb_sar,0,2
0.58386594,1,rgb_sar,0,2
0.5953284,1,rgb_sar,0,2
0.5596278,1,rgb_sar,0,2
0.5545649,1,rgb_sar,0,2
0.5057219,1,rgb_sar,0,2
0.59731984,1,rgb_sar,0,2
0.6116886,1,rgb_sar,0,2
0.61825013,1,rgb_sar,0,2
0.58798003,1,rgb_sar,0,2
0.5905299,1,rgb_sar,0,2
0.49424073,1,rgb_sar,0,2
0.44732913,1,rgb_sar,0,2
0.44627452,1,rgb_sar,0,2
0.44187987,1,rgb_sar,0,2
0.5957647,1,rgb_sar,0,2
0.6073551,1,rgb_sar,0,2
0.6276299,1,rgb_sar,0,2
0.6144852,1,rgb_sar,0,2
0.6200533,1,rgb_sar,0,2
0.53739923,1,rgb_sar,0,2
0.48454717,1,rgb_sar,0,2
0.49245068,1,rgb_sar,0,2
0.4778254,1,rgb_sar,0,2
0.59578705,1,rgb_sar,0,2
0.6141971,1,rgb_sar,0,2
0.6543187,1,rgb_sar,0,2
0.6843953,1,rgb_sar,0,2
0.6746202,1,rgb_sar,0,2
0.5893341,1,rgb_sar,0,2
0.5352396,1,rgb_sar,0,2
0.55130404,1,rgb_sar,0,2
0.57500696,1,rgb_sar,0,2
0.5471159,1,rgb_sar,0,2
0.5468581,1,rgb_sar,0,2
0.47190204,1,rgb_sar,0,2
0.4800883,1,rgb_sar,0,2
0.6427504,1,rgb_sar,0,2
0.6074155,1,rgb_sar,0,2
0.63344663,1,rgb_sar,0,2
0.677142,1,rgb_sar,0,2
0.6842499,1,rgb_sar,0,2
0.6261445,1,rgb_sar,0,2
0.5784406,1,rgb_sar,0,2
0.60727596,1,rgb_sar,0,2
0.6095376,1,rgb_sar,0,2
0.47062838,1,rgb_sar,0,2
0.49307948,1,rgb_sar,0,2
0.6275332,1,rgb_sar,0,2
0.60434306,1,rgb_sar,0,2
0.5776166,1,rgb_sar,0,2
0.54823273,1,rgb_sar,0,2
0.55566853,1,rgb_sar,0,2
0.634781,1,rgb_sar,0,2
0.6398176,1,rgb_sar,0,2
0.649598,1,rgb_sar,0,2
0.5463132,1,rgb_sar,0,2
0.49132258,1,rgb_sar,0,2
0.38591617,3,rgb_sar,0,2
0.32619005,3,rgb_sar,0,2
0.34057608,3,rgb_sar,0,2
0.34180564,3,rgb_sar,0,2
0.35953555,3,rgb_sar,0,2
0.37960547,3,rgb_sar,0,2
0.42415315,3,rgb_sar,0,2
0.31730962,3,rgb_sar,0,2
0.2637002,3,rgb_sar,0,2
0.2555073,3,rgb_sar,0,2
0.30327636,3,rgb_sar,0,2
0.40855873,3,rgb_sar,0,2
0.35493767,3,rgb_sar,0,2
0.30925977,3,rgb_sar,0,2
0.3855238,3,rgb_sar,0,2
0.28458354,3,rgb_sar,0,2
0.20270042,3,rgb_sar,0,2
0.19584483,3,rgb_sar,0,2
0.25107604,3,rgb_sar,0,2
0.40704352,3,rgb_sar,0,2
0.41073936,3,rgb_sar,0,2
0.30401123,3,rgb_sar,0,2
0.2922883,3,rgb_sar,0,2
0.29141802,3,rgb_sar,0,2
0.29093456,3,rgb_sar,0,2
0.25144178,3,rgb_sar,0,2
0.18161151,3,rgb_sar,0,2
0.22702895,3,rgb_sar,0,2
0.3027566,3,rgb_sar,0,2
0.344809,3,rgb_sar,0,2
0.2982214,3,rgb_sar,0,2
0.2966794,3,rgb_sar,0,2
0.2867943,3,rgb_sar,0,2
0.2658475,3,rgb_sar,0,2
0.29261324,3,rgb_sar,0,2
0.26784953,3,rgb_sar,0,2
0.21753709,3,rgb_sar,0,2
0.1625801,3,rgb_sar,0,2
0.21266899,3,rgb_sar,0,2
0.3571685,3,rgb_sar,0,2
0.35193953,3,rgb_sar,0,2
0.26838797,3,rgb_sar,0,2
0.27945736,3,rgb_sar,0,2
0.27531087,3,rgb_sar,0,2
0.23629656,3,rgb_sar,0,2
0.24061413,3,rgb_sar,0,2
0.263501,3,rgb_sar,0,2
0.2594884,3,rgb_sar,0,2
0.2181995,3,rgb_sar,0,2
0.28226584,3,rgb_sar,0,2
0.3854814,3,rgb_sar,0,2
0.3784705,3,rgb_sar,0,2
0.30942836,3,rgb_sar,0,2
0.23576093,3,rgb_sar,0,2
0.2501325,3,rgb_sar,0,2
0.35338226,3,rgb_sar,0,2
0.23930106,3,rgb_sar,0,2
0.23882759,3,rgb_sar,0,2
0.21354792,3,rgb_sar,0,2
0.24176133,3,rgb_sar,0,2
0.35794044,3,rgb_sar,0,2
0.46211898,3,rgb_sar,0,2
0.39980137,3,rgb_sar,0,2
0.3368119,3,rgb_sar,0,2
0.30445266,3,rgb_sar,0,2
0.32373178,3,rgb_sar,0,2
0.35263795,3,rgb_sar,0,2
0.2791406,3,rgb_sar,0,2
0.27350533,3,rgb_sar,0,2
0.3506917,3,rgb_sar,0,2
0.4569672,3,rgb_sar,0,2
0.52041984,3,rgb_sar,0,2
0.5450301,3,rgb_sar,0,2
0.33952913,3,rgb_sar,0,2
0.26947212,3,rgb_sar,0,2
0.28259677,3,rgb_sar,0,2
0.24365759,3,rgb_sar,0,2
0.28351322,3,rgb_sar,0,2
0.41577527,3,rgb_sar,0,2
0.49407858,3,rgb_sar,0,2
0.54449594,3,rgb_sar,0,2
0.5065212,3,rgb_sar,0,2
0.31095386,3,rgb_sar,0,2
0.28471527,3,rgb_sar,0,2
0.26116073,3,rgb_sar,0,2
0.4115263,3,rgb_sar,0,2
0.48545474,3,rgb_sar,0,2
0.44403768,3,rgb_sar,0,2
0.381423,3,rgb_sar,0,2
0.36401737,3,rgb_sar,0,2
0.47484252,3,rgb_sar,0,2
0.40639523,3,rgb_sar,0,2
0.32322806,3,rgb_sar,0,2
0.50448674,3,rgb_sar,0,2
0.32716915,3,rgb_sar,0,2
0.41178316,3,rgb_sar,0,2
0.43021357,3,rgb_sar,0,2
0.4161316,3,rgb_sar,0,2
0.45428282,3,rgb_sar,0,2
0.512921,3,rgb_sar,0,2
0.5013616,3,rgb_sar,0,2
0.33309752,3,rgb_sar,0,2
0.39355335,3,rgb_sar,0,2
0.3808458,3,rgb_sar,0,2
0.38028935,3,rgb_sar,0,2
0.40337127,3,rgb_sar,0,2
0.42418987,3,rgb_sar,0,2
0.50390726,3,rgb_sar,0,2
0.35796854,3,rgb_sar,0,2
0.38352126,3,rgb_sar,0,2
0.4111077,3,rgb_sar,0,2
0.40449208,3,rgb_sar,0,2
0.40080762,3,rgb_sar,0,2
0.40242058,3,rgb_sar,0,2
0.4074368,3,rgb_sar,0,2
0.50554603,3,rgb_sar,0,2
0.3786897,3,rgb_sar,0,2
0.38596982,3,rgb_sar,0,2
0.43147764,3,rgb_sar,0,2
0.41704658,3,rgb_sar,0,2
0.38968998,3,rgb_sar,0,2
0.36712742,3,rgb_sar,0,2
0.34664333,3,rgb_sar,0,2
0.3926757,3,rgb_sar,0,2
0.49228716,3,rgb_sar,0,2
0.40798843,3,rgb_sar,0,2
0.39268392,3,rgb_sar,0,2
0.44611067,3,rgb_sar,0,2
0.44612902,3,rgb_sar,0,2
0.39963865,3,rgb_sar,0,2
0.38741422,3,rgb_sar,0,2
0.39206147,3,rgb_sar,0,2
0.39267576,3,rgb_sar,0,2
0.47238272,3,rgb_sar,0,2
0.3754269,3,rgb_sar,0,2
0.43647963,3,rgb_sar,0,2
0.45027167,3,rgb_sar,0,2
0.36977366,3,rgb_sar,0,2
0.38737783,3,rgb_sar,0,2
0.3931303,3,rgb_sar,0,2
0.41625577,3,rgb_sar,0,2
0.41935527,3,rgb_sar,0,2
0.44361287,3,rgb_sar,0,2
0.3739199,3,rgb_sar,0,2
0.45216703,3,rgb_sar,0,2
0.46416733,3,rgb_sar,0,2
0.37434772,3,rgb_sar,0,2
0.3808061,3,rgb_sar,0,2
0.3900666,3,rgb_sar,0,2
0.36465245,3,rgb_sar,0,2
0.39795926,3,rgb_sar,0,2
0.42819342,3,rgb_sar,0,2
0.37122542,3,rgb_sar,0,2
0.44399276,3,rgb_sar,0,2
0.43541545,3,rgb_sar,0,2
0.34158927,3,rgb_sar,0,2
0.31432247,3,rgb_sar,0,2
0.2843761,3,rgb_sar,0,2
0.42515033,3,rgb_sar,0,2
0.44177616,3,rgb_sar,0,2
0.5090436,3,rgb_sar,0,2
0.48020637,3,rgb_sar,0,2
0.34924793,3,rgb_sar,0,2
0.38661054,3,rgb_sar,0,2
0.40232116,3,rgb_sar,0,2
0.53368974,3,rgb_sar,0,2
0.5381367,3,rgb_sar,0,2
0.5425167,3,rgb_sar,0,2
0.47405082,3,rgb_sar,0,2
0.5882247,3,rgb_sar,0,2
0.5806209,3,rgb_sar,0,2
0.5344607,3,rgb_sar,0,2
0.41517332,3,rgb_sar,0,2
0.82933605,1,rgb_sar,0,2
0.82162416,1,rgb_sar,0,2
0.74002683,1,rgb_sar,0,2
0.79967034,1,rgb_sar,0,2
0.72774106,1,rgb_sar,0,2
0.7880036,1,rgb_sar,0,2
0.7475276,1,rgb_sar,0,2
0.6791855,1,rgb_sar,0,2
0.75923496,1,rgb_sar,0,2
0.7373199,1,rgb_sar,0,2
0.71352637,1,rgb_sar,0,2
0.66517687,1,rgb_sar,0,2
0.7623053,1,rgb_sar,0,2
0.7109668,1,rgb_sar,0,2
0.6986455,1,rgb_sar,0,2
0.69785917,1,rgb_sar,0,2
0.7797823,1,rgb_sar,0,2
0.7441175,1,rgb_sar,0,2
0.744399,1,rgb_sar,0,2
0.7210623,1,rgb_sar,0,2
0.766822,1,rgb_sar,0,2
0.72153664,1,rgb_sar,0,2
0.755672,1,rgb_sar,0,2
0.7549416,1,rgb_sar,0,2
0.71005774,1,rgb_sar,0,2
0.74832857,1,rgb_sar,0,2
0.7261294,1,rgb_sar,0,2
0.7369064,1,rgb_sar,0,2
0.71866894,1,rgb_sar,0,2
0.67397356,1,rgb_sar,0,2
0.7524818,1,rgb_sar,0,2
0.7791653,1,rgb_sar,0,2
0.77294755,1,rgb_sar,0,2
0.7447581,1,rgb_sar,0,2
0.7551916,1,rgb_sar,0,2
0.7524682,1,rgb_sar,0,2
0.74505174,1,rgb_sar,0,2
0.71929014,1,rgb_sar,0,2
0.71321464,1,rgb_sar,0,2
0.7376969,1,rgb_sar,0,2
0.74884176,1,rgb_sar,0,2
0.7257987,1,rgb_sar,0,2
0.7245507,1,rgb_sar,0,2
0.749484,1,rgb_sar,0,2
0.7385016,1,rgb_sar,0,2
0.7393769,1,rgb_sar,0,2
0.74308646,1,rgb_sar,0,2
0.75171083,1,rgb_sar,0,2
0.7247732,1,rgb_sar,0,2
0.7094935,1,rgb_sar,0,2
0.74193585,1,rgb_sar,0,2
0.7504314,1,rgb_sar,0,2
0.75086606,1,rgb_sar,0,2
0.77567065,1,rgb_sar,0,2
0.7219629,1,rgb_sar,0,2
0.7417365,1,rgb_sar,0,2
0.72620136,1,rgb_sar,0,2
0.7291935,1,rgb_sar,0,2
0.7645688,1,rgb_sar,0,2
0.77740276,1,rgb_sar,0,2
0.8249617,1,rgb_sar,0,2
0.8205218,1,rgb_sar,0,2
0.7716636,1,rgb_sar,0,2
0.7666026,1,rgb_sar,0,2
0.7381918,1,rgb_sar,0,2
0.72689444,1,rgb_sar,0,2
0.71177286,1,rgb_sar,0,2
0.7058885,1,rgb_sar,0,2
0.72986937,1,rgb_sar,0,2
0.7666857,1,rgb_sar,0,2
0.8325057,1,rgb_sar,0,2
0.8362338,1,rgb_sar,0,2
0.8027358,1,rgb_sar,0,2
0.78884286,1,rgb_sar,0,2
0.7841716,1,rgb_sar,0,2
0.7462856,1,rgb_sar,0,2
0.74194384,1,rgb_sar,0,2
0.72488886,1,rgb_sar,0,2
0.7170923,1,rgb_sar,0,2
0.72777045,1,rgb_sar,0,2
0.75507855,1,rgb_sar,0,2
0.74113375,1,rgb_sar,0,2
0.7416966,1,rgb_sar,0,2
0.7539399,1,rgb_sar,0,2
0.78930104,1,rgb_sar,0,2
0.77567255,1,rgb_sar,0,2
0.74747384,1,rgb_sar,0,2
0.749809,1,rgb_sar,0,2
0.7302482,1,rgb_sar,0,2
0.7148781,1,rgb_sar,0,2
0.72707874,1,rgb_sar,0,2
0.75080645,1,rgb_sar,0,2
0.7162891,1,rgb_sar,0,2
0.70893574,1,rgb_sar,0,2
0.7193848,1,rgb_sar,0,2
0.7607268,1,rgb_sar,0,2
0.7626235,1,rgb_sar,0,2
0.74353874,1,rgb_sar,0,2
0.73678863,1,rgb_sar,0,2
0.7351208,1,rgb_sar,0,2
0.7249075,1,rgb_sar,0,2
0.74734247,1,rgb_sar,0,2
0.767831,1,rgb_sar,0,2
0.73532426,1,rgb_sar,0,2
0.719579,1,rgb_sar,0,2
0.73532945,1,rgb_sar,0,2
0.73504364,1,rgb_sar,0,2
0.75409484,1,rgb_sar,0,2
0.74194133,1,rgb_sar,0,2
0.736234,1,rgb_sar,0,2
0.7421011,1,rgb_sar,0,2
0.7341807,1,rgb_sar,0,2
0.74165976,1,rgb_sar,0,2
0.73877466,1,rgb_sar,0,2
0.73239815,1,rgb_sar,0,2
0.78353846,1,rgb_sar,0,2
0.80345076,1,rgb_sar,0,2
0.7971338,1,rgb_sar,0,2
0.7691406,1,rgb_sar,0,2
0.7427994,1,rgb_sar,0,2
0.7780351,1,rgb_sar,0,2
0.7698178,1,rgb_sar,0,2
0.76723623,1,rgb_sar,0,2
0.78740454,1,rgb_sar,0,2
0.7710432,1,rgb_sar,0,2
0.78351283,1,rgb_sar,0,2
0.706874,1,rgb_sar,0,2
0.6854514,1,rgb_sar,0,2
0.7015682,1,rgb_sar,0,2
0.78511,1,rgb_sar,0,2
0.7146578,1,rgb_sar,0,2
0.68067217,1,rgb_sar,0,2
0.7106565,1,rgb_sar,0,2
0.6980994,1,rgb_sar,0,2
0.788893,1,rgb_sar,0,2
0.7331292,1,rgb_sar,0,2
0.69426405,1,rgb_sar,0,2
0.6887377,1,rgb_sar,0,2
0.68161917,1,rgb_sar,0,2
0.78764725,1,rgb_sar,0,2
0.7215112,1,rgb_sar,0,2
0.71414137,1,rgb_sar,0,2
0.7115024,1,rgb_sar,0,2
0.69952816,1,rgb_sar,0,2
0.6878481,1,rgb_sar,0,2
0.7949755,1,rgb_sar,0,2
0.70779157,1,rgb_sar,0,2
0.6942345,1,rgb_sar,0,2
0.72495556,1,rgb_sar,0,2
0.7156392,1,rgb_sar,0,2
0.70237494,1,rgb_sar,0,2
0.7168075,1,rgb_sar,0,2
0.8033424,1,rgb_sar,0,2
0.739446,1,rgb_sar,0,2
0.7230707,1,rgb_sar,0,2
0.7362763,1,rgb_sar,0,2
0.7487216,1,rgb_sar,0,2
0.7097717,1,rgb_sar,0,2
0.7136235,1,rgb_sar,0,2
0.80545354,1,rgb_sar,0,2
0.7614003,1,rgb_sar,0,2
0.7235809,1,rgb_sar,0,2
0.73346895,1,rgb_sar,0,2
0.74850464,1,rgb_sar,0,2
0.7084789,1,rgb_sar,0,2
0.78251946,1,rgb_sar,0,2
0.72402894,1,rgb_sar,0,2
0.72635555,1,rgb_sar,0,2
0.7203064,1,rgb_sar,0,2
0.72414696,1,rgb_sar,0,2
0.69590473,1,rgb_sar,0,2
0.7762488,1,rgb_sar,0,2
0.7291527,1,rgb_sar,0,2
0.72398347,1,rgb_sar,0,2
0.71614146,1,rgb_sar,0,2
0.7382121,1,rgb_sar,0,2
0.7825858,1,rgb_sar,0,2
0.73155713,1,rgb_sar,0,2
0.713515,1,rgb_sar,0,2
0.7141979,1,rgb_sar,0,2
0.7884086,1,rgb_sar,0,2
0.73212504,1,rgb_sar,0,2
0.70018053,1,rgb_sar,0,2
0.6731635,1,rgb_sar,0,2
0.76150864,1,rgb_sar,0,2
0.7572409,1,rgb_sar,0,2
0.74826676,1,rgb_sar,0,2
0.74708325,1,rgb_sar,0,2
0.7396752,1,rgb_sar,0,2
0.73248506,1,rgb_sar,0,2
0.7050273,1,rgb_sar,0,2
0.65355015,1,rgb_sar,0,2
0.6531442,1,rgb_sar,0,2
0.6870616,1,rgb_sar,0,2
0.6726911,1,rgb_sar,0,2
0.64917606,1,rgb_sar,0,2
0.6550131,1,rgb_sar,0,2
0.67568696,1,rgb_sar,0,2
0.69282067,1,rgb_sar,0,2
0.67148274,1,rgb_sar,0,2
0.6581957,1,rgb_sar,0,2
0.6125888,1,rgb_sar,0,2
0.6515566,1,rgb_sar,0,2
0.6389098,1,rgb_sar,0,2
0.62263703,1,rgb_sar,0,2
0.6515596,1,rgb_sar,0,2
0.69514143,1,rgb_sar,0,2
0.6856602,1,rgb_sar,0,2
0.66165626,1,rgb_sar,0,2
0.62449,1,rgb_sar,0,2
0.59384954,1,rgb_sar,0,2
0.5041886,1,rgb_sar,0,2
0.43284112,1,rgb_sar,0,2
0.36008614,1,rgb_sar,0,2
0.38883102,1,rgb_sar,0,2
0.672227,1,rgb_sar,0,2
0.674096,1,rgb_sar,0,2
0.6862562,1,rgb_sar,0,2
0.6910095,1,rgb_sar,0,2
0.71497655,1,rgb_sar,0,2
0.6951061,1,rgb_sar,0,2
0.67101485,1,rgb_sar,0,2
0.6296226,1,rgb_sar,0,2
0.5898682,1,rgb_sar,0,2
0.42556918,1,rgb_sar,0,2
0.38402683,1,rgb_sar,0,2
0.69677866,1,rgb_sar,0,2
0.7148649,1,rgb_sar,0,2
0.75260806,1,rgb_sar,0,2
0.5302502,1,rgb_sar,0,2
0.5215627,1,rgb_sar,0,2
0.6921028,1,rgb_sar,0,2
0.6888901,1,rgb_sar,0,2
0.7286128,1,rgb_sar,0,2
0.57353723,1,rgb_sar,0,2
0.5759969,1,rgb_sar,0,2
0.7106034,1,rgb_sar,0,2
0.75274265,1,rgb_sar,0,2
0.7741223,1,rgb_sar,0,2
0.80565464,1,rgb_sar,0,2
0.80202675,1,rgb_sar,0,2
0.7630419,1,rgb_sar,0,2
0.7321843,1,rgb_sar,0,2
0.66793746,1,rgb_sar,0,2
0.64906585,1,rgb_sar,0,2
0.64806294,1,rgb_sar,0,2
0.6951576,1,rgb_sar,0,2
0.72528136,1,rgb_sar,0,2
0.74359137,1,rgb_sar,0,2
0.750148,1,rgb_sar,0,2
0.7105125,1,rgb_sar,0,2
0.6752283,1,rgb_sar,0,2
0.5952343,1,rgb_sar,0,2
0.56412244,1,rgb_sar,0,2
0.6614119,1,rgb_sar,0,2
0.63261545,1,rgb_sar,0,2
0.6290515,1,rgb_sar,0,2
0.6501049,1,rgb_sar,0,2
0.6647317,1,rgb_sar,0,2
0.6304029,1,rgb_sar,0,2
0.61035645,1,rgb_sar,0,2
0.59699786,1,rgb_sar,0,2
0.5555906,1,rgb_sar,0,2
0.4984882,1,rgb_sar,0,2
0.4797025,1,rgb_sar,0,2
0.4063036,1,rgb_sar,0,2
0.3893448,1,rgb_sar,0,2
0.68154573,1,rgb_sar,0,2
0.65076613,1,rgb_sar,0,2
0.64870024,1,rgb_sar,0,2
0.6640785,1,rgb_sar,0,2
0.68311816,1,rgb_sar,0,2
0.6573206,1,rgb_sar,0,2
0.6202627,1,rgb_sar,0,2
0.5967879,1,rgb_sar,0,2
0.5878672,1,rgb_sar,0,2
0.462582,1,rgb_sar,0,2
0.42468426,1,rgb_sar,0,2
0.65112555,1,rgb_sar,0,2
0.6634392,1,rgb_sar,0,2
0.6659795,1,rgb_sar,0,2
0.56294256,1,rgb_sar,0,2
0.51247215,1,rgb_sar,0,2
0.6580189,1,rgb_sar,0,2
0.6754295,1,rgb_sar,0,2
0.6848264,1,rgb_sar,0,2
0.5860051,1,rgb_sar,0,2
0.5672296,1,rgb_sar,0,2
0.685225,1,rgb_sar,0,2
0.6935634,1,rgb_sar,0,2
0.7018683,1,rgb_sar,0,2
0.66952777,1,rgb_sar,0,2
0.69695485,1,rgb_sar,0,2
0.7165487,1,rgb_sar,0,2
0.64421946,1,rgb_sar,0,2
0.65027046,1,rgb_sar,0,2
0.65068877,1,rgb_sar,0,2
0.63225156,1,rgb_sar,0,2
0.62790287,1,rgb_sar,0,2
0.63576496,1,rgb_sar,0,2
0.6752811,1,rgb_sar,0,2
0.6359335,1,rgb_sar,0,2
0.6432625,1,rgb_sar,0,2
0.6814756,1,rgb_sar,0,2
0.6342157,1,rgb_sar,0,2
0.6314684,1,rgb_sar,0,2
0.6341766,1,rgb_sar,0,2
0.65097713,1,rgb_sar,0,2
0.66074467,1,rgb_sar,0,2
0.5938227,1,rgb_sar,0,2
0.6440209,1,rgb_sar,0,2
0.67124975,1,rgb_sar,0,2
0.58553505,1,rgb_sar,0,2
0.59698474,1,rgb_sar,0,2
0.63764346,1,rgb_sar,0,2
0.53721344,1,rgb_sar,0,2
0.63634366,1,rgb_sar,0,2
0.64144605,1,rgb_sar,0,2
0.5687305,1,rgb_sar,0,2
0.66662437,1,rgb_sar,0,2
0.63902956,1,rgb_sar,0,2
0.60378885,1,rgb_sar,0,2
0.685147,1,rgb_sar,0,2
0.6360665,1,rgb_sar,0,2
0.6338662,1,rgb_sar,0,2
0.6822263,1,rgb_sar,0,2
0.6696533,1,rgb_sar,0,2
0.65370613,1,rgb_sar,0,2
0.6994983,1,rgb_sar,0,2
0.69059205,1,rgb_sar,0,2
0.6614381,1,rgb_sar,0,2
0.6594868,1,rgb_sar,0,2
0.678879,1,rgb_sar,0,2
0.64130396,1,rgb_sar,0,2
0.66841835,1,rgb_sar,0,2
0.6544743,1,rgb_sar,0,2
0.610767,1,rgb_sar,0,2
0.6974445,1,rgb_sar,0,2
0.6965153,1,rgb_sar,0,2
0.63699937,1,rgb_sar,0,2
0.67843163,1,rgb_sar,0,2
0.68083125,1,rgb_sar,0,2
0.5999581,1,rgb_sar,0,2
0.6772985,1,rgb_sar,0,2
0.68367255,1,rgb_sar,0,2
0.58047915,1,rgb_sar,0,2
0.6103685,1,rgb_sar,0,2
0.6164201,1,rgb_sar,0,2
0.4911803,1,rgb_sar,0,2
0.5766425,1,rgb_sar,0,2
0.60792136,1,rgb_sar,0,2
0.46516466,1,rgb_sar,0,2
0.5441684,1,rgb_sar,0,2
0.5915155,1,rgb_sar,0,2
0.44144613,1,rgb_sar,0,2
0.48989046,1,rgb_sar,0,2
0.5890224,1,rgb_sar,0,2
0.47792888,1,rgb_sar,0,2
0.54842365,1,rgb_sar,0,2
0.6358272,1,rgb_sar,0,2
0.44253445,1,rgb_sar,0,2
0.52406156,1,rgb_sar,0,2
0.5834469,1,rgb_sar,0,2
0.4684974,1,rgb_sar,0,2
0.5233153,1,rgb_sar,0,2
0.52189827,1,rgb_sar,0,2
0.41797748,1,rgb_sar,0,2
0.41416547,1,rgb_sar,0,2
0.46757853,1,rgb_sar,0,2
0.4599436,1,rgb_sar,0,2
0.6051676,1,rgb_sar,0,2
0.6295701,1,rgb_sar,0,2
0.5212133,1,rgb_sar,0,2
0.6003083,1,rgb_sar,0,2
0.58018726,1,rgb_sar,0,2
0.5265046,1,rgb_sar,0,2
0.5761876,1,rgb_sar,0,2
0.5660544,1,rgb_sar,0,2
0.53664225,1,rgb_sar,0,2
0.5972439,1,rgb_sar,0,2
0.6044159,1,rgb_sar,0,2
0.5188319,1,rgb_sar,0,2
0.56881094,1,rgb_sar,0,2
0.54656386,1,rgb_sar,0,2
0.55828226,1,rgb_sar,0,2
0.5883891,1,rgb_sar,0,2
0.547675,1,rgb_sar,0,2
0.536603,1,rgb_sar,0,2
0.5643517,1,rgb_sar,0,2
0.52653146,1,rgb_sar,0,2
0.4730008,1,rgb_sar,0,2
0.5303745,1,rgb_sar,0,2
0.5031096,1,rgb_sar,0,2
0.4578519,1,rgb_sar,0,2
0.5047326,1,rgb_sar,0,2
0.47171792,1,rgb_sar,0,2
0.7760953,6,pca_sar,1,2
0.7740123,6,pca_sar,1,2
0.7870841,6,pca_sar,1,2
0.7927398,6,pca_sar,1,2
0.84176266,6,pca_sar,1,2
0.63905156,6,pca_sar,1,2
0.6471909,6,pca_sar,1,2
0.64987653,6,pca_sar,1,2
0.67503643,6,pca_sar,1,2
0.7359623,6,pca_sar,1,2
0.6069796,6,pca_sar,1,2
0.5802171,6,pca_sar,1,2
0.5864668,6,pca_sar,1,2
0.5979442,6,pca_sar,1,2
0.6362255,6,pca_sar,1,2
0.7245796,6,pca_sar,1,2
0.58079374,6,pca_sar,1,2
0.5458946,6,pca_sar,1,2
0.5699923,6,pca_sar,1,2
0.5756698,6,pca_sar,1,2
0.6107084,6,pca_sar,1,2
0.7080725,6,pca_sar,1,2
0.582204,6,pca_sar,1,2
0.5649888,6,pca_sar,1,2
0.5887947,6,pca_sar,1,2
0.60195744,6,pca_sar,1,2
0.6072135,6,pca_sar,1,2
0.7044139,6,pca_sar,1,2
0.5161653,6,pca_sar,1,2
0.5195545,6,pca_sar,1,2
0.50502837,6,pca_sar,1,2
0.56495786,6,pca_sar,1,2
0.5808175,6,pca_sar,1,2
0.5610846,6,pca_sar,1,2
0.6786652,6,pca_sar,1,2
0.54219425,6,pca_sar,1,2
0.5293812,6,pca_sar,1,2
0.550177,6,pca_sar,1,2
0.5940037,6,pca_sar,1,2
0.5683724,6,pca_sar,1,2
0.66617864,6,pca_sar,1,2
0.48240906,6,pca_sar,1,2
0.49670818,6,pca_sar,1,2
0.57282764,6,pca_sar,1,2
0.6060362,6,pca_sar,1,2
0.57413054,6,pca_sar,1,2
0.6750916,6,pca_sar,1,2
0.4847423,6,pca_sar,1,2
0.5129405,6,pca_sar,1,2
0.5638732,6,pca_sar,1,2
0.5985278,6,pca_sar,1,2
0.5761118,6,pca_sar,1,2
0.6580275,6,pca_sar,1,2
0.47230315,6,pca_sar,1,2
0.5517814,6,pca_sar,1,2
0.59205574,6,pca_sar,1,2
0.6127105,6,pca_sar,1,2
0.6716162,6,pca_sar,1,2
0.44669998,6,pca_sar,1,2
0.45652264,6,pca_sar,1,2
0.5241273,6,pca_sar,1,2
0.56826395,6,pca_sar,1,2
0.59345305,6,pca_sar,1,2
0.6685824,6,pca_sar,1,2
0.49469805,6,pca_sar,1,2
0.50465006,6,pca_sar,1,2
0.53213197,6,pca_sar,1,2
0.51598066,6,pca_sar,1,2
0.6503419,6,pca_sar,1,2
0.5093163,6,pca_sar,1,2
0.5354921,6,pca_sar,1,2
0.5559887,6,pca_sar,1,2
0.56643146,6,pca_sar,1,2
0.67782736,6,pca_sar,1,2
0.568666,2,pca_sar,1,2
0.57526445,2,pca_sar,1,2
0.5047287,2,pca_sar,1,2
0.47399658,2,pca_sar,1,2
0.4281997,2,pca_sar,1,2
0.42432496,2,pca_sar,1,2
0.4862579,2,pca_sar,1,2
0.5043596,2,pca_sar,1,2
0.43249643,2,pca_sar,1,2
0.42452314,2,pca_sar,1,2
0.3405552,2,pca_sar,1,2
0.40353528,2,pca_sar,1,2
0.4777158,2,pca_sar,1,2
0.47791043,2,pca_sar,1,2
0.3143405,2,pca_sar,1,2
0.28537828,2,pca_sar,1,2
0.52509594,2,pca_sar,1,2
0.534674,2,pca_sar,1,2
0.32054117,2,pca_sar,1,2
0.20684859,2,pca_sar,1,2
0.22998507,2,pca_sar,1,2
0.19653663,2,pca_sar,1,2
0.4983858,2,pca_sar,1,2
0.28966206,2,pca_sar,1,2
0.22319248,2,pca_sar,1,2
0.25508323,2,pca_sar,1,2
0.2835236,2,pca_sar,1,2
0.7918943,6,pca_sar,1,2
0.79907346,6,pca_sar,1,2
0.7938543,6,pca_sar,1,2
0.79839283,6,pca_sar,1,2
0.80469894,6,pca_sar,1,2
0.7918099,6,pca_sar,1,2
0.7865386,6,pca_sar,1,2
0.5792109,6,pca_sar,1,2
0.60575205,6,pca_sar,1,2
0.61495936,6,pca_sar,1,2
0.6190999,6,pca_sar,1,2
0.6025152,6,pca_sar,1,2
0.58824354,6,pca_sar,1,2
0.59191227,6,pca_sar,1,2
0.5493095,6,pca_sar,1,2
0.5645982,6,pca_sar,1,2
0.5838196,6,pca_sar,1,2
0.5600257,6,pca_sar,1,2
0.55319655,6,pca_sar,1,2
0.55560505,6,pca_sar,1,2
0.5008946,6,pca_sar,1,2
0.5093703,6,pca_sar,1,2
0.5038816,6,pca_sar,1,2
0.5143424,6,pca_sar,1,2
0.5384666,6,pca_sar,1,2
0.49108833,6,pca_sar,1,2
0.49057823,6,pca_sar,1,2
0.5168557,6,pca_sar,1,2
0.50927657,6,pca_sar,1,2
0.5338444,6,pca_sar,1,2
0.5596075,6,pca_sar,1,2
0.5433851,6,pca_sar,1,2
0.4961026,6,pca_sar,1,2
0.53664494,6,pca_sar,1,2
0.5652897,6,pca_sar,1,2
0.57898974,6,pca_sar,1,2
0.5337315,6,pca_sar,1,2
0.5381832,6,pca_sar,1,2
0.5447162,6,pca_sar,1,2
0.5336467,6,pca_sar,1,2
0.5175457,6,pca_sar,1,2
0.49588454,6,pca_sar,1,2
0.5182218,6,pca_sar,1,2
0.5365579,6,pca_sar,1,2
0.530496,6,pca_sar,1,2
0.5658053,6,pca_sar,1,2
0.5761085,6,pca_sar,1,2
0.5163441,6,pca_sar,1,2
0.5041289,6,pca_sar,1,2
0.497815,6,pca_sar,1,2
0.5037483,6,pca_sar,1,2
0.5050888,6,pca_sar,1,2
0.5135837,6,pca_sar,1,2
0.4724334,6,pca_sar,1,2
0.52919626,6,pca_sar,1,2
0.5422021,6,pca_sar,1,2
0.51853657,6,pca_sar,1,2
0.5019411,6,pca_sar,1,2
0.52221036,6,pca_sar,1,2
0.5143467,6,pca_sar,1,2
0.5175513,6,pca_sar,1,2
0.5133344,6,pca_sar,1,2
0.50307846,6,pca_sar,1,2
0.4964175,6,pca_sar,1,2
0.5096636,6,pca_sar,1,2
0.52187026,6,pca_sar,1,2
0.53712577,6,pca_sar,1,2
0.5465576,6,pca_sar,1,2
0.4953436,6,pca_sar,1,2
0.4832515,6,pca_sar,1,2
0.51941305,6,pca_sar,1,2
0.5341831,6,pca_sar,1,2
0.4827857,6,pca_sar,1,2
0.5341197,6,pca_sar,1,2
0.54937786,6,pca_sar,1,2
0.52114964,6,pca_sar,1,2
0.48218596,6,pca_sar,1,2
0.46572357,6,pca_sar,1,2
0.4916379,6,pca_sar,1,2
0.5481108,6,pca_sar,1,2
0.57805955,6,pca_sar,1,2
0.40594402,6,pca_sar,1,2
0.42614266,6,pca_sar,1,2
0.46999097,6,pca_sar,1,2
0.502003,6,pca_sar,1,2
0.5654121,6,pca_sar,1,2
0.52513313,6,pca_sar,1,2
0.47007012,6,pca_sar,1,2
0.46170163,6,pca_sar,1,2
0.48081312,6,pca_sar,1,2
0.48577535,6,pca_sar,1,2
0.3029421,6,pca_sar,1,2
0.31871098,6,pca_sar,1,2
0.4076789,6,pca_sar,1,2
0.48941076,6,pca_sar,1,2
0.43375528,6,pca_sar,1,2
0.40757334,6,pca_sar,1,2
0.4227107,6,pca_sar,1,2
0.41771647,6,pca_sar,1,2
0.41749805,6,pca_sar,1,2
0.32180107,6,pca_sar,1,2
0.29260564,6,pca_sar,1,2
0.28174585,6,pca_sar,1,2
0.3608838,6,pca_sar,1,2
0.3433411,6,pca_sar,1,2
0.390523,6,pca_sar,1,2
0.40445742,6,pca_sar,1,2
0.38318515,6,pca_sar,1,2
0.39430407,6,pca_sar,1,2
0.5671375,2,pca_sar,1,2
0.53707945,2,pca_sar,1,2
0.5444088,2,pca_sar,1,2
0.4874999,2,pca_sar,1,2
0.5018899,2,pca_sar,1,2
0.41148227,2,pca_sar,1,2
0.4125085,2,pca_sar,1,2
0.43871984,2,pca_sar,1,2
0.48072642,2,pca_sar,1,2
0.3793141,2,pca_sar,1,2
0.31474096,2,pca_sar,1,2
0.34933496,2,pca_sar,1,2
0.5054121,2,pca_sar,1,2
0.3810455,2,pca_sar,1,2
0.30479813,2,pca_sar,1,2
0.329318,2,pca_sar,1,2
0.5546509,2,pca_sar,1,2
0.4596771,2,pca_sar,1,2
0.31836188,2,pca_sar,1,2
0.3516154,2,pca_sar,1,2
0.39772826,2,pca_sar,1,2
0.43399432,2,pca_sar,1,2
0.52828723,2,pca_sar,1,2
0.36117792,2,pca_sar,1,2
0.348846,2,pca_sar,1,2
0.3642217,2,pca_sar,1,2
0.39146626,2,pca_sar,1,2
0.85454965,6,pca_sar,1,2
0.8155979,6,pca_sar,1,2
0.66760486,6,pca_sar,1,2
0.6406789,6,pca_sar,1,2
0.59953755,6,pca_sar,1,2
0.5975838,6,pca_sar,1,2
0.6546154,6,pca_sar,1,2
0.52051413,6,pca_sar,1,2
0.6047163,6,pca_sar,1,2
0.48090994,6,pca_sar,1,2
0.60185754,6,pca_sar,1,2
0.5329748,6,pca_sar,1,2
0.49426222,6,pca_sar,1,2
0.6374079,6,pca_sar,1,2
0.58786213,6,pca_sar,1,2
0.56013995,6,pca_sar,1,2
0.6499623,6,pca_sar,1,2
0.5590693,6,pca_sar,1,2
0.5317416,6,pca_sar,1,2
0.67710114,6,pca_sar,1,2
0.57167745,6,pca_sar,1,2
0.5368953,6,pca_sar,1,2
0.5516987,6,pca_sar,1,2
0.67850304,6,pca_sar,1,2
0.5931426,6,pca_sar,1,2
0.5965902,6,pca_sar,1,2
0.5786334,6,pca_sar,1,2
0.6972178,6,pca_sar,1,2
0.6223327,6,pca_sar,1,2
0.60184205,6,pca_sar,1,2
0.5609547,6,pca_sar,1,2
0.69754004,6,pca_sar,1,2
0.64734745,6,pca_sar,1,2
0.60051084,6,pca_sar,1,2
0.5913167,6,pca_sar,1,2
0.6280864,2,pca_sar,1,2
0.58384943,2,pca_sar,1,2
0.65894717,2,pca_sar,1,2
0.56877637,2,pca_sar,1,2
0.59410024,2,pca_sar,1,2
0.5071058,2,pca_sar,1,2
0.4597271,2,pca_sar,1,2
0.47641146,2,pca_sar,1,2
0.5011816,2,pca_sar,1,2
0.425012,2,pca_sar,1,2
0.3329883,2,pca_sar,1,2
0.42209828,2,pca_sar,1,2
0.5200171,2,pca_sar,1,2
0.4292436,2,pca_sar,1,2
0.26447025,2,pca_sar,1,2
0.35119015,2,pca_sar,1,2
0.5320206,2,pca_sar,1,2
0.42163634,2,pca_sar,1,2
0.2232123,2,pca_sar,1,2
0.3065812,2,pca_sar,1,2
0.33499104,2,pca_sar,1,2
0.41006693,2,pca_sar,1,2
0.42495912,2,pca_sar,1,2
0.22679113,2,pca_sar,1,2
0.29081511,2,pca_sar,1,2
0.3281789,2,pca_sar,1,2
0.38286927,2,pca_sar,1,2
0.6081769,2,pca_sar,1,2
0.623688,2,pca_sar,1,2
0.60224485,2,pca_sar,1,2
0.60727215,2,pca_sar,1,2
0.5871425,2,pca_sar,1,2
0.5614048,2,pca_sar,1,2
0.5453806,2,pca_sar,1,2
0.5664226,2,pca_sar,1,2
0.5202507,2,pca_sar,1,2
0.47797453,2,pca_sar,1,2
0.46858886,2,pca_sar,1,2
0.54146165,2,pca_sar,1,2
0.52640516,2,pca_sar,1,2
0.49362895,2,pca_sar,1,2
0.43193567,2,pca_sar,1,2
0.4533105,2,pca_sar,1,2
0.5443237,2,pca_sar,1,2
0.5133839,2,pca_sar,1,2
0.424295,2,pca_sar,1,2
0.37019852,2,pca_sar,1,2
0.4412114,2,pca_sar,1,2
0.44417673,2,pca_sar,1,2
0.48547572,2,pca_sar,1,2
0.39308915,2,pca_sar,1,2
0.30647382,2,pca_sar,1,2
0.33465126,2,pca_sar,1,2
0.34591907,2,pca_sar,1,2
0.63486254,2,pca_sar,1,2
0.5262193,2,pca_sar,1,2
0.64661086,2,pca_sar,1,2
0.56522256,2,pca_sar,1,2
0.5400592,2,pca_sar,1,2
0.5269016,2,pca_sar,1,2
0.49935576,2,pca_sar,1,2
0.49981335,2,pca_sar,1,2
0.52049875,2,pca_sar,1,2
0.5375312,2,pca_sar,1,2
0.51635617,2,pca_sar,1,2
0.5146935,2,pca_sar,1,2
0.4940952,2,pca_sar,1,2
0.47000122,2,pca_sar,1,2
0.3254918,2,pca_sar,1,2
0.50323343,2,pca_sar,1,2
0.53632784,2,pca_sar,1,2
0.54560995,2,pca_sar,1,2
0.55683756,2,pca_sar,1,2
0.5431676,2,pca_sar,1,2
0.48890164,2,pca_sar,1,2
0.46238512,2,pca_sar,1,2
0.46456748,2,pca_sar,1,2
0.37140876,2,pca_sar,1,2
0.34953898,2,pca_sar,1,2
0.48549902,2,pca_sar,1,2
0.437942,2,pca_sar,1,2
0.4604843,2,pca_sar,1,2
0.47742492,2,pca_sar,1,2
0.48498982,2,pca_sar,1,2
0.5335059,2,pca_sar,1,2
0.48779503,2,pca_sar,1,2
0.4394345,2,pca_sar,1,2
0.45641023,2,pca_sar,1,2
0.43304822,2,pca_sar,1,2
0.4337368,2,pca_sar,1,2
0.4545097,2,pca_sar,1,2
0.5467353,2,pca_sar,1,2
0.54157573,2,pca_sar,1,2
0.47263822,2,pca_sar,1,2
0.43474287,2,pca_sar,1,2
0.59926295,2,pca_sar,1,2
0.5540645,2,pca_sar,1,2
0.5163094,2,pca_sar,1,2
0.4585553,2,pca_sar,1,2
0.42762738,2,pca_sar,1,2
0.3151895,2,pca_sar,1,2
0.43717045,2,pca_sar,1,2
0.5323478,2,pca_sar,1,2
0.5841342,2,pca_sar,1,2
0.51455885,2,pca_sar,1,2
0.5116626,2,pca_sar,1,2
0.4949685,2,pca_sar,1,2
0.46618083,2,pca_sar,1,2
0.32181042,2,pca_sar,1,2
0.421686,2,pca_sar,1,2
0.5245757,2,pca_sar,1,2
0.536938,2,pca_sar,1,2
0.41508734,2,pca_sar,1,2
0.46859664,2,pca_sar,1,2
0.45066106,2,pca_sar,1,2
0.46900946,2,pca_sar,1,2
0.37772623,2,pca_sar,1,2
0.41902477,2,pca_sar,1,2
0.4541518,2,pca_sar,1,2
0.45593166,2,pca_sar,1,2
0.42152214,2,pca_sar,1,2
0.39070845,2,pca_sar,1,2
0.38062626,2,pca_sar,1,2
0.47948676,2,pca_sar,1,2
0.48506916,2,pca_sar,1,2
0.47241116,2,pca_sar,1,2
0.44810718,2,pca_sar,1,2
0.33271626,2,pca_sar,1,2
0.3686458,2,pca_sar,1,2
0.38082397,2,pca_sar,1,2
0.35395595,2,pca_sar,1,2
0.37403536,2,pca_sar,1,2
0.40793562,2,pca_sar,1,2
0.36810514,2,pca_sar,1,2
0.5393935,2,pca_sar,1,2
0.5738916,2,pca_sar,1,2
0.5479063,2,pca_sar,1,2
0.52524537,2,pca_sar,1,2
0.48379916,2,pca_sar,1,2
0.45787662,2,pca_sar,1,2
0.3213777,2,pca_sar,1,2
0.3750847,2,pca_sar,1,2
0.29731438,2,pca_sar,1,2
0.31351775,2,pca_sar,1,2
0.3707279,2,pca_sar,1,2
0.3911293,2,pca_sar,1,2
0.39893323,2,pca_sar,1,2
0.57529247,2,pca_sar,1,2
0.6155381,2,pca_sar,1,2
0.5702867,2,pca_sar,1,2
0.5070184,2,pca_sar,1,2
0.4634644,2,pca_sar,1,2
0.43346334,2,pca_sar,1,2
0.32850856,2,pca_sar,1,2
0.37633193,2,pca_sar,1,2
0.31294972,2,pca_sar,1,2
0.3510139,2,pca_sar,1,2
0.38897085,2,pca_sar,1,2
0.3760566,2,pca_sar,1,2
0.395496,2,pca_sar,1,2
0.5186905,2,pca_sar,1,2
0.52352977,2,pca_sar,1,2
0.49223983,2,pca_sar,1,2
0.43983838,2,pca_sar,1,2
0.5042883,2,pca_sar,1,2
0.4939072,2,pca_sar,1,2
0.38172406,2,pca_sar,1,2
0.3928632,2,pca_sar,1,2
0.3919788,2,pca_sar,1,2
0.4064891,2,pca_sar,1,2
0.3972934,2,pca_sar,1,2
0.4140581,2,pca_sar,1,2
0.48442593,2,pca_sar,1,2
0.35207665,2,pca_sar,1,2
0.3379036,2,pca_sar,1,2
0.52284753,2,pca_sar,1,2
0.5202756,2,pca_sar,1,2
0.4996336,2,pca_sar,1,2
0.4605468,2,pca_sar,1,2
0.5754645,2,pca_sar,1,2
0.60132295,2,pca_sar,1,2
0.42211533,2,pca_sar,1,2
0.43265334,2,pca_sar,1,2
0.5011985,2,pca_sar,1,2
0.49262103,2,pca_sar,1,2
0.45764482,2,pca_sar,1,2
0.47053128,2,pca_sar,1,2
0.5401767,2,pca_sar,1,2
0.4257205,2,pca_sar,1,2
0.39022785,2,pca_sar,1,2
0.57155967,2,pca_sar,1,2
0.58102167,2,pca_sar,1,2
0.5454315,2,pca_sar,1,2
0.5924329,2,pca_sar,1,2
0.56545526,2,pca_sar,1,2
0.50367373,2,pca_sar,1,2
0.42736095,2,pca_sar,1,2
0.40455216,2,pca_sar,1,2
0.49862188,2,pca_sar,1,2
0.52217054,2,pca_sar,1,2
0.4797137,2,pca_sar,1,2
0.59260666,2,pca_sar,1,2
0.48873925,2,pca_sar,1,2
0.4261309,2,pca_sar,1,2
0.42966813,2,pca_sar,1,2
0.5130657,2,pca_sar,1,2
0.5099095,2,pca_sar,1,2
0.49909213,2,pca_sar,1,2
0.54005444,2,pca_sar,1,2
0.5131761,2,pca_sar,1,2
0.4728768,2,pca_sar,1,2
0.46324584,2,pca_sar,1,2
0.5164563,2,pca_sar,1,2
0.54788184,2,pca_sar,1,2
0.5375876,2,pca_sar,1,2
0.5583484,2,pca_sar,1,2
0.54551005,2,pca_sar,1,2
0.47945175,2,pca_sar,1,2
0.43726718,2,pca_sar,1,2
0.41423237,2,pca_sar,1,2
0.48499423,2,pca_sar,1,2
0.5473761,2,pca_sar,1,2
0.5399463,2,pca_sar,1,2
0.531899,2,pca_sar,1,2
0.47696042,2,pca_sar,1,2
0.5579351,2,pca_sar,1,2
0.47686517,2,pca_sar,1,2
0.5005018,2,pca_sar,1,2
0.40725237,2,pca_sar,1,2
0.37972462,2,pca_sar,1,2
0.4560739,2,pca_sar,1,2
0.530982,2,pca_sar,1,2
0.5895037,2,pca_sar,1,2
0.5882027,2,pca_sar,1,2
0.5226413,2,pca_sar,1,2
0.4656782,2,pca_sar,1,2
0.34820378,2,pca_sar,1,2
0.3717888,2,pca_sar,1,2
0.45626402,2,pca_sar,1,2
0.5180901,2,pca_sar,1,2
0.5383848,2,pca_sar,1,2
0.48763257,2,pca_sar,1,2
0.42773068,2,pca_sar,1,2
0.45609504,2,pca_sar,1,2
0.34823644,2,pca_sar,1,2
0.40181816,2,pca_sar,1,2
0.43439457,2,pca_sar,1,2
0.48657694,2,pca_sar,1,2
0.47991723,2,pca_sar,1,2
0.41569147,2,pca_sar,1,2
0.38035744,2,pca_sar,1,2
0.4308573,2,pca_sar,1,2
0.39928758,2,pca_sar,1,2
0.52690744,2,pca_sar,1,2
0.46120918,2,pca_sar,1,2
0.3521175,2,pca_sar,1,2
0.4037366,2,pca_sar,1,2
0.41064435,2,pca_sar,1,2
0.45259222,2,pca_sar,1,2
0.43690187,2,pca_sar,1,2
0.3663735,2,pca_sar,1,2
0.39551717,2,pca_sar,1,2
0.44249803,2,pca_sar,1,2
0.41249794,2,pca_sar,1,2
0.57482374,2,pca_sar,1,2
0.5254557,2,pca_sar,1,2
0.52139676,2,pca_sar,1,2
0.5180445,2,pca_sar,1,2
0.4112514,2,pca_sar,1,2
0.3771314,2,pca_sar,1,2
0.36973488,2,pca_sar,1,2
0.38622746,2,pca_sar,1,2
0.34886745,2,pca_sar,1,2
0.32153425,2,pca_sar,1,2
0.38292688,2,pca_sar,1,2
0.40119126,2,pca_sar,1,2
0.40542245,2,pca_sar,1,2
0.6136632,2,pca_sar,1,2
0.5402827,2,pca_sar,1,2
0.50867665,2,pca_sar,1,2
0.5335642,2,pca_sar,1,2
0.44846398,2,pca_sar,1,2
0.37010843,2,pca_sar,1,2
0.363658,2,pca_sar,1,2
0.41985917,2,pca_sar,1,2
0.38537133,2,pca_sar,1,2
0.35789174,2,pca_sar,1,2
0.39517158,2,pca_sar,1,2
0.37469712,2,pca_sar,1,2
0.37531573,2,pca_sar,1,2
0.6770122,2,pca_sar,1,2
0.63349324,2,pca_sar,1,2
0.577552,2,pca_sar,1,2
0.5582851,2,pca_sar,1,2
0.53062695,2,pca_sar,1,2
0.4512733,2,pca_sar,1,2
0.39195645,2,pca_sar,1,2
0.40961462,2,pca_sar,1,2
0.41887197,2,pca_sar,1,2
0.4443655,2,pca_sar,1,2
0.4844599,2,pca_sar,1,2
0.48789963,2,pca_sar,1,2
0.4324628,2,pca_sar,1,2
0.50939846,2,pca_sar,1,2
0.5090732,2,pca_sar,1,2
0.7398705,2,pca_sar,1,2
0.6617143,2,pca_sar,1,2
0.6051419,2,pca_sar,1,2
0.60216224,2,pca_sar,1,2
0.5787922,2,pca_sar,1,2
0.5346542,2,pca_sar,1,2
0.51427907,2,pca_sar,1,2
0.55005634,2,pca_sar,1,2
0.5441017,2,pca_sar,1,2
0.5281839,2,pca_sar,1,2
0.5545616,2,pca_sar,1,2
0.54588616,2,pca_sar,1,2
0.5059979,2,pca_sar,1,2
0.5430019,2,pca_sar,1,2
0.5301455,2,pca_sar,1,2
0.28384322,7,pca_sar,1,2
0.2636602,7,pca_sar,1,2
0.31745577,7,pca_sar,1,2
0.33167303,7,pca_sar,1,2
0.2972644,7,pca_sar,1,2
0.33978003,7,pca_sar,1,2
0.2993562,7,pca_sar,1,2
0.36209643,7,pca_sar,1,2
0.35666168,7,pca_sar,1,2
0.30776635,7,pca_sar,1,2
0.32740694,7,pca_sar,1,2
0.36220312,7,pca_sar,1,2
0.38236344,7,pca_sar,1,2
0.3708571,7,pca_sar,1,2
0.25576246,7,pca_sar,1,2
0.23708986,7,pca_sar,1,2
0.23452221,7,pca_sar,1,2
0.26183707,7,pca_sar,1,2
0.40240481,7,pca_sar,1,2
0.40477878,7,pca_sar,1,2
0.3991213,7,pca_sar,1,2
0.4400379,7,pca_sar,1,2
0.39957207,7,pca_sar,1,2
0.35694322,7,pca_sar,1,2
0.42660075,7,pca_sar,1,2
0.4085299,7,pca_sar,1,2
0.30700076,7,pca_sar,1,2
0.24755199,7,pca_sar,1,2
0.2484411,7,pca_sar,1,2
0.26645187,7,pca_sar,1,2
0.28048432,7,pca_sar,1,2
0.38570017,7,pca_sar,1,2
0.41997004,7,pca_sar,1,2
0.43056896,7,pca_sar,1,2
0.4388138,7,pca_sar,1,2
0.3681913,7,pca_sar,1,2
0.32827085,7,pca_sar,1,2
0.37416863,7,pca_sar,1,2
0.30963054,7,pca_sar,1,2
0.37780207,7,pca_sar,1,2
0.38428542,7,pca_sar,1,2
0.3713378,7,pca_sar,1,2
0.47253463,7,pca_sar,1,2
0.36624748,7,pca_sar,1,2
0.37506592,7,pca_sar,1,2
0.37229574,7,pca_sar,1,2
0.3562651,7,pca_sar,1,2
0.41346258,7,pca_sar,1,2
0.43121797,7,pca_sar,1,2
0.44495195,7,pca_sar,1,2
0.42347357,7,pca_sar,1,2
0.40923047,7,pca_sar,1,2
0.41919795,7,pca_sar,1,2
0.4189963,7,pca_sar,1,2
0.35260892,7,pca_sar,1,2
0.45372576,7,pca_sar,1,2
0.46425718,7,pca_sar,1,2
0.45914328,7,pca_sar,1,2
0.47263956,7,pca_sar,1,2
0.45297068,7,pca_sar,1,2
0.36089313,7,pca_sar,1,2
0.3224564,7,pca_sar,1,2
0.28714815,7,pca_sar,1,2
0.25533712,7,pca_sar,1,2
0.27744877,7,pca_sar,1,2
0.30877963,7,pca_sar,1,2
0.2953391,7,pca_sar,1,2
0.25983697,7,pca_sar,1,2
0.24138796,7,pca_sar,1,2
0.28530344,7,pca_sar,1,2
0.29340643,7,pca_sar,1,2
0.32056952,7,pca_sar,1,2
0.29370886,7,pca_sar,1,2
0.37454355,7,pca_sar,1,2
0.3519291,7,pca_sar,1,2
0.29433596,7,pca_sar,1,2
0.30161983,7,pca_sar,1,2
0.27930966,7,pca_sar,1,2
0.28015172,7,pca_sar,1,2
0.29390445,7,pca_sar,1,2
0.32267278,7,pca_sar,1,2
0.3500862,7,pca_sar,1,2
0.3583051,7,pca_sar,1,2
0.3202973,7,pca_sar,1,2
0.31998867,7,pca_sar,1,2
0.4313269,7,pca_sar,1,2
0.37242466,7,pca_sar,1,2
0.2935701,7,pca_sar,1,2
0.25798464,7,pca_sar,1,2
0.31816798,7,pca_sar,1,2
0.30711094,7,pca_sar,1,2
0.2830122,7,pca_sar,1,2
0.26323017,7,pca_sar,1,2
0.29987842,7,pca_sar,1,2
0.32005155,7,pca_sar,1,2
0.3364799,7,pca_sar,1,2
0.37003523,7,pca_sar,1,2
0.38068095,7,pca_sar,1,2
0.33680058,7,pca_sar,1,2
0.3297957,7,pca_sar,1,2
0.38299513,7,pca_sar,1,2
0.37819207,7,pca_sar,1,2
0.33556733,7,pca_sar,1,2
0.33609387,7,pca_sar,1,2
0.37320378,7,pca_sar,1,2
0.38219893,7,pca_sar,1,2
0.37602973,7,pca_sar,1,2
0.33676773,7,pca_sar,1,2
0.33081296,7,pca_sar,1,2
0.31319976,7,pca_sar,1,2
0.31275564,7,pca_sar,1,2
0.3408842,7,pca_sar,1,2
0.3603857,7,pca_sar,1,2
0.38695318,7,pca_sar,1,2
0.341829,7,pca_sar,1,2
0.28064337,7,pca_sar,1,2
0.36896196,7,pca_sar,1,2
0.4048615,7,pca_sar,1,2
0.4351673,7,pca_sar,1,2
0.4472307,7,pca_sar,1,2
0.36910528,7,pca_sar,1,2
0.36611384,7,pca_sar,1,2
0.6421555,2,pca_sar,1,2
0.5969636,2,pca_sar,1,2
0.6490496,2,pca_sar,1,2
0.48926002,2,pca_sar,1,2
0.44774318,2,pca_sar,1,2
0.4624861,2,pca_sar,1,2
0.45398337,2,pca_sar,1,2
0.5334592,2,pca_sar,1,2
0.43028218,2,pca_sar,1,2
0.4170496,2,pca_sar,1,2
0.45006976,2,pca_sar,1,2
0.43048662,2,pca_sar,1,2
0.4397632,2,pca_sar,1,2
0.45464075,2,pca_sar,1,2
0.5131775,2,pca_sar,1,2
0.5464251,2,pca_sar,1,2
0.5290761,2,pca_sar,1,2
0.44416183,2,pca_sar,1,2
0.403617,2,pca_sar,1,2
0.4226216,2,pca_sar,1,2
0.3809077,2,pca_sar,1,2
0.3912524,2,pca_sar,1,2
0.38821694,2,pca_sar,1,2
0.414657,2,pca_sar,1,2
0.39513415,2,pca_sar,1,2
0.5438836,2,pca_sar,1,2
0.40542552,2,pca_sar,1,2
0.3820746,2,pca_sar,1,2
0.3970114,2,pca_sar,1,2
0.39800155,2,pca_sar,1,2
0.41944894,2,pca_sar,1,2
0.42948762,2,pca_sar,1,2
0.39209238,2,pca_sar,1,2
0.44241267,2,pca_sar,1,2
0.40127164,2,pca_sar,1,2
0.40469998,2,pca_sar,1,2
0.3886224,2,pca_sar,1,2
0.39575315,2,pca_sar,1,2
0.44787762,2,pca_sar,1,2
0.47767687,2,pca_sar,1,2
0.46089876,2,pca_sar,1,2
0.51695406,2,pca_sar,1,2
0.50520134,2,pca_sar,1,2
0.551316,2,pca_sar,1,2
0.40328938,2,pca_sar,1,2
0.3552128,2,pca_sar,1,2
0.42908478,2,pca_sar,1,2
0.4459747,2,pca_sar,1,2
0.42427188,2,pca_sar,1,2
0.51394314,2,pca_sar,1,2
0.46698102,2,pca_sar,1,2
0.53524625,2,pca_sar,1,2
0.433595,2,pca_sar,1,2
0.3827533,2,pca_sar,1,2
0.44456476,2,pca_sar,1,2
0.45950562,2,pca_sar,1,2
0.39818895,2,pca_sar,1,2
0.38379836,2,pca_sar,1,2
0.41140753,2,pca_sar,1,2
0.53099084,2,pca_sar,1,2
0.4595589,2,pca_sar,1,2
0.38044608,2,pca_sar,1,2
0.33106595,2,pca_sar,1,2
0.3498552,2,pca_sar,1,2
0.31151438,2,pca_sar,1,2
0.32296318,2,pca_sar,1,2
0.40097284,2,pca_sar,1,2
0.42666298,2,pca_sar,1,2
0.4436402,2,pca_sar,1,2
0.5017744,2,pca_sar,1,2
0.5326685,2,pca_sar,1,2
0.44509703,2,pca_sar,1,2
0.35237247,2,pca_sar,1,2
0.34884652,2,pca_sar,1,2
0.39414257,2,pca_sar,1,2
0.3721996,2,pca_sar,1,2
0.39548972,2,pca_sar,1,2
0.42782554,2,pca_sar,1,2
0.4276519,2,pca_sar,1,2
0.44093978,2,pca_sar,1,2
0.52525294,2,pca_sar,1,2
0.5040016,2,pca_sar,1,2
0.45590198,2,pca_sar,1,2
0.47588998,2,pca_sar,1,2
0.44091702,2,pca_sar,1,2
0.3374868,2,pca_sar,1,2
0.34499645,2,pca_sar,1,2
0.38842678,2,pca_sar,1,2
0.45858592,2,pca_sar,1,2
0.44743052,2,pca_sar,1,2
0.44275764,2,pca_sar,1,2
0.42211682,2,pca_sar,1,2
0.4504827,2,pca_sar,1,2
0.49341875,2,pca_sar,1,2
0.43899855,2,pca_sar,1,2
0.42043227,2,pca_sar,1,2
0.46615693,2,pca_sar,1,2
0.4647139,2,pca_sar,1,2
0.37402424,2,pca_sar,1,2
0.34363163,2,pca_sar,1,2
0.35389352,2,pca_sar,1,2
0.40845513,2,pca_sar,1,2
0.43412805,2,pca_sar,1,2
0.44388497,2,pca_sar,1,2
0.42404813,2,pca_sar,1,2
0.44039375,2,pca_sar,1,2
0.44051147,2,pca_sar,1,2
0.3762783,2,pca_sar,1,2
0.40776572,2,pca_sar,1,2
0.4456227,2,pca_sar,1,2
0.45995706,2,pca_sar,1,2
0.42027676,2,pca_sar,1,2
0.3726275,2,pca_sar,1,2
0.35306525,2,pca_sar,1,2
0.37071484,2,pca_sar,1,2
0.38071814,2,pca_sar,1,2
0.35804647,2,pca_sar,1,2
0.35810715,2,pca_sar,1,2
0.46510622,2,pca_sar,1,2
0.46194026,2,pca_sar,1,2
0.3870198,2,pca_sar,1,2
0.419213,2,pca_sar,1,2
0.3526542,2,pca_sar,1,2
0.41863397,2,pca_sar,1,2
0.46798226,2,pca_sar,1,2
0.46962586,2,pca_sar,1,2
0.42103556,2,pca_sar,1,2
0.3972534,2,pca_sar,1,2
0.3987787,2,pca_sar,1,2
0.37867123,2,pca_sar,1,2
0.3848689,2,pca_sar,1,2
0.3609968,2,pca_sar,1,2
0.34706014,2,pca_sar,1,2
0.41069877,2,pca_sar,1,2
0.400541,2,pca_sar,1,2
0.40445235,2,pca_sar,1,2
0.36556345,2,pca_sar,1,2
0.30405217,2,pca_sar,1,2
0.41904244,2,pca_sar,1,2
0.48067936,2,pca_sar,1,2
0.38117772,2,pca_sar,1,2
0.3486588,2,pca_sar,1,2
0.39572173,2,pca_sar,1,2
0.39193073,2,pca_sar,1,2
0.44618824,2,pca_sar,1,2
0.41389754,2,pca_sar,1,2
0.38829333,2,pca_sar,1,2
0.39118835,2,pca_sar,1,2
0.41898552,2,pca_sar,1,2
0.34811428,2,pca_sar,1,2
0.42476776,2,pca_sar,1,2
0.42631134,2,pca_sar,1,2
0.44049013,2,pca_sar,1,2
0.47042724,2,pca_sar,1,2
0.3454205,2,pca_sar,1,2
0.33124655,2,pca_sar,1,2
0.37184104,2,pca_sar,1,2
0.45690745,2,pca_sar,1,2
0.44631374,2,pca_sar,1,2
0.49133903,2,pca_sar,1,2
0.39711994,2,pca_sar,1,2
0.30884817,2,pca_sar,1,2
0.28696293,2,pca_sar,1,2
0.5260788,2,pca_sar,1,2
0.5667127,2,pca_sar,1,2
0.5075079,2,pca_sar,1,2
0.55570555,2,pca_sar,1,2
0.5826398,2,pca_sar,1,2
0.51525724,2,pca_sar,1,2
0.4822418,2,pca_sar,1,2
0.47466624,2,pca_sar,1,2
0.5434724,2,pca_sar,1,2
0.5259253,2,pca_sar,1,2
0.54241765,2,pca_sar,1,2
0.5920497,2,pca_sar,1,2
0.5310982,2,pca_sar,1,2
0.5140889,2,pca_sar,1,2
0.49658805,2,pca_sar,1,2
0.48791403,2,pca_sar,1,2
0.473714,2,pca_sar,1,2
0.5538961,2,pca_sar,1,2
0.58571994,2,pca_sar,1,2
0.474065,2,pca_sar,1,2
0.44875172,2,pca_sar,1,2
0.40733972,2,pca_sar,1,2
0.49113482,2,pca_sar,1,2
0.58074355,2,pca_sar,1,2
0.6044438,2,pca_sar,1,2
0.5370653,2,pca_sar,1,2
0.43613517,2,pca_sar,1,2
0.5114651,2,pca_sar,1,2
0.44029778,2,pca_sar,1,2
0.41711187,2,pca_sar,1,2
0.46450332,2,pca_sar,1,2
0.5185305,2,pca_sar,1,2
0.57116,2,pca_sar,1,2
0.5490842,2,pca_sar,1,2
0.48653436,2,pca_sar,1,2
0.4850342,2,pca_sar,1,2
0.4764012,2,pca_sar,1,2
0.534303,2,pca_sar,1,2
0.46899882,2,pca_sar,1,2
0.4432224,2,pca_sar,1,2
0.41951677,2,pca_sar,1,2
0.45603374,2,pca_sar,1,2
0.49503064,2,pca_sar,1,2
0.49792343,2,pca_sar,1,2
0.46437547,2,pca_sar,1,2
0.538447,2,pca_sar,1,2
0.46966243,2,pca_sar,1,2
0.41218626,2,pca_sar,1,2
0.4122902,2,pca_sar,1,2
0.45179954,2,pca_sar,1,2
0.45984617,2,pca_sar,1,2
0.4765896,2,pca_sar,1,2
0.47373652,2,pca_sar,1,2
0.51843965,2,pca_sar,1,2
0.42997956,2,pca_sar,1,2
0.42256823,2,pca_sar,1,2
0.43278396,2,pca_sar,1,2
0.45296445,2,pca_sar,1,2
0.3439146,2,pca_sar,1,2
0.33557773,2,pca_sar,1,2
0.4059254,2,pca_sar,1,2
0.4476406,2,pca_sar,1,2
0.40690562,2,pca_sar,1,2
0.51741797,2,pca_sar,1,2
0.5180244,2,pca_sar,1,2
0.48460728,2,pca_sar,1,2
0.46897984,2,pca_sar,1,2
0.45494682,2,pca_sar,1,2
0.40664965,2,pca_sar,1,2
0.31992453,2,pca_sar,1,2
0.3371663,2,pca_sar,1,2
0.421314,2,pca_sar,1,2
0.46350718,2,pca_sar,1,2
0.4028452,2,pca_sar,1,2
0.6193635,2,pca_sar,1,2
0.5584433,2,pca_sar,1,2
0.53049934,2,pca_sar,1,2
0.52836293,2,pca_sar,1,2
0.49914202,2,pca_sar,1,2
0.47021753,2,pca_sar,1,2
0.4395781,2,pca_sar,1,2
0.36459288,2,pca_sar,1,2
0.31961885,2,pca_sar,1,2
0.36561534,2,pca_sar,1,2
0.36379775,2,pca_sar,1,2
0.39436662,2,pca_sar,1,2
0.46409577,2,pca_sar,1,2
0.6070057,2,pca_sar,1,2
0.5425292,2,pca_sar,1,2
0.48176393,2,pca_sar,1,2
0.49106884,2,pca_sar,1,2
0.5060307,2,pca_sar,1,2
0.49788338,2,pca_sar,1,2
0.4335134,2,pca_sar,1,2
0.35535818,2,pca_sar,1,2
0.32789648,2,pca_sar,1,2
0.39336675,2,pca_sar,1,2
0.3730926,2,pca_sar,1,2
0.37491983,2,pca_sar,1,2
0.44616893,2,pca_sar,1,2
0.5678335,2,pca_sar,1,2
0.5267261,2,pca_sar,1,2
0.46058398,2,pca_sar,1,2
0.48000014,2,pca_sar,1,2
0.5172199,2,pca_sar,1,2
0.50788915,2,pca_sar,1,2
0.4481326,2,pca_sar,1,2
0.37592703,2,pca_sar,1,2
0.3686655,2,pca_sar,1,2
0.44871843,2,pca_sar,1,2
0.37875974,2,pca_sar,1,2
0.3533864,2,pca_sar,1,2
0.4298293,2,pca_sar,1,2
0.3098703,2,pca_sar,1,2
0.3443211,2,pca_sar,1,2
0.5542308,2,pca_sar,1,2
0.5354991,2,pca_sar,1,2
0.46551538,2,pca_sar,1,2
0.4737789,2,pca_sar,1,2
0.5280014,2,pca_sar,1,2
0.5226292,2,pca_sar,1,2
0.4544055,2,pca_sar,1,2
0.39697665,2,pca_sar,1,2
0.36538014,2,pca_sar,1,2
0.3881902,2,pca_sar,1,2
0.35636482,2,pca_sar,1,2
0.35497802,2,pca_sar,1,2
0.41291076,2,pca_sar,1,2
0.29071224,2,pca_sar,1,2
0.33410525,2,pca_sar,1,2
0.4724749,2,pca_sar,1,2
0.4210586,2,pca_sar,1,2
0.46221203,2,pca_sar,1,2
0.48398963,2,pca_sar,1,2
0.5100836,2,pca_sar,1,2
0.5101498,2,pca_sar,1,2
0.49482656,2,pca_sar,1,2
0.44237107,2,pca_sar,1,2
0.36423597,2,pca_sar,1,2
0.3374282,2,pca_sar,1,2
0.29666498,2,pca_sar,1,2
0.30173257,2,pca_sar,1,2
0.3993269,2,pca_sar,1,2
0.35817754,2,pca_sar,1,2
0.34915152,2,pca_sar,1,2
0.29127502,2,pca_sar,1,2
0.41019398,2,pca_sar,1,2
0.4297129,2,pca_sar,1,2
0.34099817,2,pca_sar,1,2
0.3502534,2,pca_sar,1,2
0.35838923,2,pca_sar,1,2
0.34161735,2,pca_sar,1,2
0.48823306,2,pca_sar,1,2
0.4885085,2,pca_sar,1,2
0.36098164,2,pca_sar,1,2
0.3669892,2,pca_sar,1,2
0.40340388,2,pca_sar,1,2
0.36336225,7,pca_sar,1,2
0.3463555,7,pca_sar,1,2
0.31078407,7,pca_sar,1,2
0.344014,7,pca_sar,1,2
0.43651614,7,pca_sar,1,2
0.2914901,7,pca_sar,1,2
0.29395768,7,pca_sar,1,2
0.32392088,7,pca_sar,1,2
0.3748701,7,pca_sar,1,2
0.45963532,7,pca_sar,1,2
0.43499297,7,pca_sar,1,2
0.35362387,7,pca_sar,1,2
0.4645567,7,pca_sar,1,2
0.40830302,7,pca_sar,1,2
0.28765708,7,pca_sar,1,2
0.28638905,7,pca_sar,1,2
0.29837716,7,pca_sar,1,2
0.38367358,7,pca_sar,1,2
0.41656214,7,pca_sar,1,2
0.45460063,7,pca_sar,1,2
0.4463597,7,pca_sar,1,2
0.40561825,7,pca_sar,1,2
0.35388228,7,pca_sar,1,2
0.34754962,7,pca_sar,1,2
0.40365863,7,pca_sar,1,2
0.4591075,7,pca_sar,1,2
0.36444938,7,pca_sar,1,2
0.30254313,7,pca_sar,1,2
0.34711656,7,pca_sar,1,2
0.38804358,7,pca_sar,1,2
0.3993626,7,pca_sar,1,2
0.37714258,7,pca_sar,1,2
0.4467168,7,pca_sar,1,2
0.42627776,7,pca_sar,1,2
0.41112435,7,pca_sar,1,2
0.36972857,7,pca_sar,1,2
0.36358854,7,pca_sar,1,2
0.38212603,7,pca_sar,1,2
0.3030908,7,pca_sar,1,2
0.3722135,7,pca_sar,1,2
0.43078488,7,pca_sar,1,2
0.41197842,7,pca_sar,1,2
0.39671713,7,pca_sar,1,2
0.41390368,7,pca_sar,1,2
0.42215288,7,pca_sar,1,2
0.40143293,7,pca_sar,1,2
0.4031372,7,pca_sar,1,2
0.41985846,7,pca_sar,1,2
0.41352087,7,pca_sar,1,2
0.38776577,7,pca_sar,1,2
0.41652548,7,pca_sar,1,2
0.43818045,7,pca_sar,1,2
0.4375633,7,pca_sar,1,2
0.38773072,7,pca_sar,1,2
0.40355533,7,pca_sar,1,2
0.37121615,7,pca_sar,1,2
0.389843,7,pca_sar,1,2
0.42920506,7,pca_sar,1,2
0.4415496,7,pca_sar,1,2
0.4093718,7,pca_sar,1,2
0.40612516,7,pca_sar,1,2
0.37225413,7,pca_sar,1,2
0.39112014,7,pca_sar,1,2
0.41443884,7,pca_sar,1,2
0.4317716,7,pca_sar,1,2
0.39041644,7,pca_sar,1,2
0.37777624,7,pca_sar,1,2
0.380836,7,pca_sar,1,2
0.3629849,7,pca_sar,1,2
0.34579444,7,pca_sar,1,2
0.36217374,7,pca_sar,1,2
0.42180437,7,pca_sar,1,2
0.40433505,7,pca_sar,1,2
0.37602147,7,pca_sar,1,2
0.31610125,7,pca_sar,1,2
0.34301305,7,pca_sar,1,2
0.3268782,7,pca_sar,1,2
0.3093077,7,pca_sar,1,2
0.31124508,7,pca_sar,1,2
0.32974908,7,pca_sar,1,2
0.31482172,7,pca_sar,1,2
0.36046353,7,pca_sar,1,2
0.37263417,7,pca_sar,1,2
0.41805124,7,pca_sar,1,2
0.39490014,7,pca_sar,1,2
0.34782314,7,pca_sar,1,2
0.3446083,7,pca_sar,1,2
0.36408785,7,pca_sar,1,2
0.3899418,7,pca_sar,1,2
0.32495624,7,pca_sar,1,2
0.30892,7,pca_sar,1,2
0.33005744,7,pca_sar,1,2
0.35777187,7,pca_sar,1,2
0.3839273,7,pca_sar,1,2
0.48470438,7,pca_sar,1,2
0.4465664,7,pca_sar,1,2
0.4120375,7,pca_sar,1,2
0.3975465,7,pca_sar,1,2
0.37263098,7,pca_sar,1,2
0.36591193,7,pca_sar,1,2
0.46352392,7,pca_sar,1,2
0.39278418,7,pca_sar,1,2
0.25834793,7,pca_sar,1,2
0.2547968,7,pca_sar,1,2
0.31359786,7,pca_sar,1,2
0.38249987,7,pca_sar,1,2
0.3845276,7,pca_sar,1,2
0.43023816,7,pca_sar,1,2
0.43430498,7,pca_sar,1,2
0.3850922,7,pca_sar,1,2
0.40141308,7,pca_sar,1,2
0.39801925,7,pca_sar,1,2
0.35708576,7,pca_sar,1,2
0.3386253,7,pca_sar,1,2
0.29277265,7,pca_sar,1,2
0.34489596,7,pca_sar,1,2
0.38357094,7,pca_sar,1,2
0.3758208,7,pca_sar,1,2
0.41099864,7,pca_sar,1,2
0.36133522,7,pca_sar,1,2
0.3775926,7,pca_sar,1,2
0.39969057,7,pca_sar,1,2
0.36259288,7,pca_sar,1,2
0.39328027,7,pca_sar,1,2
0.39709273,7,pca_sar,1,2
0.354028,7,pca_sar,1,2
0.40477318,7,pca_sar,1,2
0.40805945,7,pca_sar,1,2
0.35869545,7,pca_sar,1,2
0.34245306,7,pca_sar,1,2
0.33459103,7,pca_sar,1,2
0.35196453,7,pca_sar,1,2
0.3939841,7,pca_sar,1,2
0.39297983,7,pca_sar,1,2
0.33125174,7,pca_sar,1,2
0.33516428,7,pca_sar,1,2
0.29295006,7,pca_sar,1,2
0.36294097,7,pca_sar,1,2
0.3458081,7,pca_sar,1,2
0.35316566,7,pca_sar,1,2
0.36381397,7,pca_sar,1,2
0.34583583,7,pca_sar,1,2
0.34770447,7,pca_sar,1,2
0.33881354,7,pca_sar,1,2
0.36988482,7,pca_sar,1,2
0.36488706,7,pca_sar,1,2
0.3611998,7,pca_sar,1,2
0.3495128,7,pca_sar,1,2
0.35189077,7,pca_sar,1,2
0.37123603,7,pca_sar,1,2
0.35511637,7,pca_sar,1,2
0.36999238,7,pca_sar,1,2
0.5841672,2,pca_sar,1,2
0.58172727,2,pca_sar,1,2
0.533815,2,pca_sar,1,2
0.4583509,2,pca_sar,1,2
0.3841548,2,pca_sar,1,2
0.4067491,2,pca_sar,1,2
0.4197508,2,pca_sar,1,2
0.46756154,2,pca_sar,1,2
0.5170621,2,pca_sar,1,2
0.5166818,2,pca_sar,1,2
0.51507074,2,pca_sar,1,2
0.5029702,2,pca_sar,1,2
0.5118522,2,pca_sar,1,2
0.46783394,2,pca_sar,1,2
0.47797698,2,pca_sar,1,2
0.3965312,2,pca_sar,1,2
0.4087643,2,pca_sar,1,2
0.46244472,2,pca_sar,1,2
0.47000873,2,pca_sar,1,2
0.3960566,2,pca_sar,1,2
0.43307742,2,pca_sar,1,2
0.34035397,2,pca_sar,1,2
0.4281278,2,pca_sar,1,2
0.49372876,2,pca_sar,1,2
0.43586463,2,pca_sar,1,2
0.385633,2,pca_sar,1,2
0.38004246,2,pca_sar,1,2
0.6428531,2,pca_sar,1,2
0.51602113,2,pca_sar,1,2
0.5290265,2,pca_sar,1,2
0.5351012,2,pca_sar,1,2
0.5665901,2,pca_sar,1,2
0.5743521,2,pca_sar,1,2
0.58308583,2,pca_sar,1,2
0.5647867,2,pca_sar,1,2
0.5278896,2,pca_sar,1,2
0.5245104,2,pca_sar,1,2
0.50602937,2,pca_sar,1,2
0.510011,2,pca_sar,1,2
0.46693456,2,pca_sar,1,2
0.5182035,2,pca_sar,1,2
0.5350274,2,pca_sar,1,2
0.45869502,2,pca_sar,1,2
0.38071376,2,pca_sar,1,2
0.42158118,2,pca_sar,1,2
0.42541286,2,pca_sar,1,2
0.4085884,2,pca_sar,1,2
0.43390423,2,pca_sar,1,2
0.44673026,2,pca_sar,1,2
0.3974291,2,pca_sar,1,2
0.41425723,2,pca_sar,1,2
0.39695686,2,pca_sar,1,2
0.39380994,2,pca_sar,1,2
0.36888278,2,pca_sar,1,2
0.54207027,7,pca_sar,1,2
0.535264,7,pca_sar,1,2
0.43954173,7,pca_sar,1,2
0.44262642,7,pca_sar,1,2
0.50912505,7,pca_sar,1,2
0.5185863,7,pca_sar,1,2
0.4865569,7,pca_sar,1,2
0.38003713,7,pca_sar,1,2
0.40970007,7,pca_sar,1,2
0.45567718,7,pca_sar,1,2
0.4745909,7,pca_sar,1,2
0.4482124,7,pca_sar,1,2
0.37298405,7,pca_sar,1,2
0.3602748,7,pca_sar,1,2
0.39186755,7,pca_sar,1,2
0.43959984,7,pca_sar,1,2
0.40949464,7,pca_sar,1,2
0.45800832,7,pca_sar,1,2
0.44642556,7,pca_sar,1,2
0.44514474,7,pca_sar,1,2
0.33887178,7,pca_sar,1,2
0.3193167,7,pca_sar,1,2
0.34443402,7,pca_sar,1,2
0.3735513,7,pca_sar,1,2
0.36985844,7,pca_sar,1,2
0.3187261,7,pca_sar,1,2
0.3422485,7,pca_sar,1,2
0.27749184,7,pca_sar,1,2
0.28267628,7,pca_sar,1,2
0.40476263,7,pca_sar,1,2
0.6061533,7,pca_sar,1,2
0.52738255,7,pca_sar,1,2
0.5622839,7,pca_sar,1,2
0.5066938,7,pca_sar,1,2
0.33518595,7,pca_sar,1,2
0.5088415,7,pca_sar,1,2
0.5173845,7,pca_sar,1,2
0.47605348,7,pca_sar,1,2
0.32455653,7,pca_sar,1,2
0.23699045,7,pca_sar,1,2
0.34407377,7,pca_sar,1,2
0.26152435,7,pca_sar,1,2
0.47231913,7,pca_sar,1,2
0.50536454,7,pca_sar,1,2
0.45191342,7,pca_sar,1,2
0.32654303,7,pca_sar,1,2
0.2595806,7,pca_sar,1,2
0.43508685,7,pca_sar,1,2
0.37619138,7,pca_sar,1,2
0.4771862,7,pca_sar,1,2
0.5081086,7,pca_sar,1,2
0.44149435,7,pca_sar,1,2
0.33479977,7,pca_sar,1,2
0.28297052,7,pca_sar,1,2
0.39371327,7,pca_sar,1,2
0.3816964,7,pca_sar,1,2
0.52891296,7,pca_sar,1,2
0.49565354,7,pca_sar,1,2
0.49958923,7,pca_sar,1,2
0.47062007,7,pca_sar,1,2
0.42053753,7,pca_sar,1,2
0.36600897,7,pca_sar,1,2
0.40626726,7,pca_sar,1,2
0.5753139,7,pca_sar,1,2
0.60786265,7,pca_sar,1,2
0.56339747,7,pca_sar,1,2
0.5146062,7,pca_sar,1,2
0.46634373,7,pca_sar,1,2
0.4900976,7,pca_sar,1,2
0.5420705,7,pca_sar,1,2
0.56737375,7,pca_sar,1,2
0.5524674,7,pca_sar,1,2
0.5920907,7,pca_sar,1,2
0.41293213,7,pca_sar,1,2
0.47387594,7,pca_sar,1,2
0.5108526,7,pca_sar,1,2
0.5482768,7,pca_sar,1,2
0.3651019,7,pca_sar,1,2
0.27226263,7,pca_sar,1,2
0.3685245,7,pca_sar,1,2
0.43046415,7,pca_sar,1,2
0.4236135,7,pca_sar,1,2
0.46731022,7,pca_sar,1,2
0.47487032,7,pca_sar,1,2
0.308585,7,pca_sar,1,2
0.28637302,7,pca_sar,1,2
0.38755834,7,pca_sar,1,2
0.46661314,7,pca_sar,1,2
0.439604,7,pca_sar,1,2
0.5012424,7,pca_sar,1,2
0.45496762,7,pca_sar,1,2
0.3016635,7,pca_sar,1,2
0.33423895,7,pca_sar,1,2
0.3890305,7,pca_sar,1,2
0.44518107,7,pca_sar,1,2
0.5262581,7,pca_sar,1,2
0.53669685,7,pca_sar,1,2
0.48637897,7,pca_sar,1,2
0.358073,7,pca_sar,1,2
0.34769416,7,pca_sar,1,2
0.3291997,7,pca_sar,1,2
0.38962573,7,pca_sar,1,2
0.62034154,7,pca_sar,1,2
0.58712417,7,pca_sar,1,2
0.45904905,7,pca_sar,1,2
0.4208567,7,pca_sar,1,2
0.38644367,7,pca_sar,1,2
0.44012132,7,pca_sar,1,2
0.58080846,8,pca_sar,1,2
0.5164324,8,pca_sar,1,2
0.49331194,8,pca_sar,1,2
0.55969536,8,pca_sar,1,2
0.44988984,8,pca_sar,1,2
0.43342456,8,pca_sar,1,2
0.3856371,8,pca_sar,1,2
0.3861034,8,pca_sar,1,2
0.46253508,8,pca_sar,1,2
0.46177948,8,pca_sar,1,2
0.40360633,8,pca_sar,1,2
0.38165003,8,pca_sar,1,2
0.35631087,8,pca_sar,1,2
0.35510284,8,pca_sar,1,2
0.404758,8,pca_sar,1,2
0.4494233,8,pca_sar,1,2
0.48218164,8,pca_sar,1,2
0.42082363,8,pca_sar,1,2
0.43893492,8,pca_sar,1,2
0.41974986,8,pca_sar,1,2
0.41908237,8,pca_sar,1,2
0.38102472,8,pca_sar,1,2
0.3604403,8,pca_sar,1,2
0.33869487,8,pca_sar,1,2
0.35565358,8,pca_sar,1,2
0.42569688,8,pca_sar,1,2
0.48229912,8,pca_sar,1,2
0.4171704,8,pca_sar,1,2
0.4285164,8,pca_sar,1,2
0.41647172,8,pca_sar,1,2
0.42567122,8,pca_sar,1,2
0.4227704,8,pca_sar,1,2
0.40276474,8,pca_sar,1,2
0.41608593,8,pca_sar,1,2
0.4381556,8,pca_sar,1,2
0.5007775,8,pca_sar,1,2
0.5186364,8,pca_sar,1,2
0.55186963,8,pca_sar,1,2
0.51398295,8,pca_sar,1,2
0.41393182,8,pca_sar,1,2
0.42735836,8,pca_sar,1,2
0.46263343,8,pca_sar,1,2
0.46782565,8,pca_sar,1,2
0.45237163,8,pca_sar,1,2
0.43990386,8,pca_sar,1,2
0.44254556,8,pca_sar,1,2
0.46673632,8,pca_sar,1,2
0.51829565,8,pca_sar,1,2
0.55897886,8,pca_sar,1,2
0.52452856,8,pca_sar,1,2
0.4306658,8,pca_sar,1,2
0.43404853,8,pca_sar,1,2
0.45747966,8,pca_sar,1,2
0.45342633,8,pca_sar,1,2
0.417853,8,pca_sar,1,2
0.44879967,8,pca_sar,1,2
0.51674163,8,pca_sar,1,2
0.5314599,8,pca_sar,1,2
0.54695857,8,pca_sar,1,2
0.55535114,8,pca_sar,1,2
0.531283,8,pca_sar,1,2
0.44730043,8,pca_sar,1,2
0.4533205,8,pca_sar,1,2
0.45200688,8,pca_sar,1,2
0.4431918,8,pca_sar,1,2
0.5468075,8,pca_sar,1,2
0.5229201,8,pca_sar,1,2
0.50793123,8,pca_sar,1,2
0.500601,8,pca_sar,1,2
0.51038325,8,pca_sar,1,2
0.5037522,8,pca_sar,1,2
0.48761988,8,pca_sar,1,2
0.43919075,8,pca_sar,1,2
0.41939795,8,pca_sar,1,2
0.29853597,8,pca_sar,1,2
0.30545437,8,pca_sar,1,2
0.5373717,8,pca_sar,1,2
0.53114307,8,pca_sar,1,2
0.43038878,8,pca_sar,1,2
0.4173855,8,pca_sar,1,2
0.4022627,8,pca_sar,1,2
0.4381747,8,pca_sar,1,2
0.49276158,8,pca_sar,1,2
0.42652476,8,pca_sar,1,2
0.47652453,8,pca_sar,1,2
0.45542452,8,pca_sar,1,2
0.44454098,8,pca_sar,1,2
0.39092383,8,pca_sar,1,2
0.3630382,8,pca_sar,1,2
0.4278378,8,pca_sar,1,2
0.43418884,8,pca_sar,1,2
0.42663252,8,pca_sar,1,2
0.4675046,8,pca_sar,1,2
0.46470505,8,pca_sar,1,2
0.43707606,8,pca_sar,1,2
0.41291735,8,pca_sar,1,2
0.4145612,8,pca_sar,1,2
0.3688169,8,pca_sar,1,2
0.34478185,8,pca_sar,1,2
0.42581302,8,pca_sar,1,2
0.43801826,8,pca_sar,1,2
0.40427303,8,pca_sar,1,2
0.4093164,8,pca_sar,1,2
0.35876483,8,pca_sar,1,2
0.5486884,8,pca_sar,1,2
0.4307729,8,pca_sar,1,2
0.41371822,8,pca_sar,1,2
0.42321593,8,pca_sar,1,2
0.3714455,8,pca_sar,1,2
0.35418305,8,pca_sar,1,2
0.38370425,8,pca_sar,1,2
0.40474707,8,pca_sar,1,2
0.39484385,8,pca_sar,1,2
0.3714365,8,pca_sar,1,2
0.50837314,8,pca_sar,1,2
0.3832873,8,pca_sar,1,2
0.3923717,8,pca_sar,1,2
0.40971208,8,pca_sar,1,2
0.4071912,8,pca_sar,1,2
0.35368657,8,pca_sar,1,2
0.3315071,8,pca_sar,1,2
0.38076407,8,pca_sar,1,2
0.36443287,8,pca_sar,1,2
0.3618626,8,pca_sar,1,2
0.50031096,8,pca_sar,1,2
0.40298104,8,pca_sar,1,2
0.4065231,8,pca_sar,1,2
0.42767742,8,pca_sar,1,2
0.40329468,8,pca_sar,1,2
0.36004326,8,pca_sar,1,2
0.5269635,8,pca_sar,1,2
0.44579142,8,pca_sar,1,2
0.40865982,8,pca_sar,1,2
0.3957554,8,pca_sar,1,2
0.39130348,8,pca_sar,1,2
0.36925033,8,pca_sar,1,2
0.54824185,7,pca_sar,1,2
0.55096054,7,pca_sar,1,2
0.5230957,7,pca_sar,1,2
0.52760553,7,pca_sar,1,2
0.34462672,7,pca_sar,1,2
0.46084276,7,pca_sar,1,2
0.52783084,7,pca_sar,1,2
0.5141369,7,pca_sar,1,2
0.30468002,7,pca_sar,1,2
0.20533186,7,pca_sar,1,2
0.29196125,7,pca_sar,1,2
0.3835961,7,pca_sar,1,2
0.54073966,7,pca_sar,1,2
0.54073226,7,pca_sar,1,2
0.51267946,7,pca_sar,1,2
0.3358674,7,pca_sar,1,2
0.25332153,7,pca_sar,1,2
0.29217187,7,pca_sar,1,2
0.37756318,7,pca_sar,1,2
0.5406159,7,pca_sar,1,2
0.55676436,7,pca_sar,1,2
0.5212575,7,pca_sar,1,2
0.38308018,7,pca_sar,1,2
0.35323188,7,pca_sar,1,2
0.36972553,7,pca_sar,1,2
0.40910822,7,pca_sar,1,2
0.4742945,7,pca_sar,1,2
0.4768408,7,pca_sar,1,2
0.47298083,7,pca_sar,1,2
0.4139933,7,pca_sar,1,2
0.34953085,7,pca_sar,1,2
0.3881637,7,pca_sar,1,2
0.4303769,7,pca_sar,1,2
0.44509965,7,pca_sar,1,2
0.5023618,7,pca_sar,1,2
0.4324339,7,pca_sar,1,2
0.3576805,7,pca_sar,1,2
0.37799156,7,pca_sar,1,2
0.41593724,7,pca_sar,1,2
0.48225045,7,pca_sar,1,2
0.5282715,7,pca_sar,1,2
0.4721073,7,pca_sar,1,2
0.39585096,7,pca_sar,1,2
0.37431395,7,pca_sar,1,2
0.40282953,7,pca_sar,1,2
0.5229057,7,pca_sar,1,2
0.4685044,7,pca_sar,1,2
0.43654752,7,pca_sar,1,2
0.37695163,7,pca_sar,1,2
0.41132104,7,pca_sar,1,2
0.45981687,7,pca_sar,1,2
0.43337727,7,pca_sar,1,2
0.43453515,7,pca_sar,1,2
0.42599672,7,pca_sar,1,2
0.4344978,7,pca_sar,1,2
0.40151048,7,pca_sar,1,2
0.42493212,7,pca_sar,1,2
0.48628664,7,pca_sar,1,2
0.39919758,7,pca_sar,1,2
0.32999516,7,pca_sar,1,2
0.39727128,7,pca_sar,1,2
0.5239059,7,pca_sar,1,2
0.5393175,7,pca_sar,1,2
0.49220103,7,pca_sar,1,2
0.5086908,7,pca_sar,1,2
0.2849345,7,pca_sar,1,2
0.36433703,7,pca_sar,1,2
0.48452142,7,pca_sar,1,2
0.5025494,7,pca_sar,1,2
0.27612084,7,pca_sar,1,2
0.2215867,7,pca_sar,1,2
0.33653966,7,pca_sar,1,2
0.36831084,7,pca_sar,1,2
0.3312065,7,pca_sar,1,2
0.4484866,7,pca_sar,1,2
0.48350173,7,pca_sar,1,2
0.3027345,7,pca_sar,1,2
0.2190652,7,pca_sar,1,2
0.32638228,7,pca_sar,1,2
0.3549716,7,pca_sar,1,2
0.38178775,7,pca_sar,1,2
0.46179676,7,pca_sar,1,2
0.46500573,7,pca_sar,1,2
0.33352107,7,pca_sar,1,2
0.24178633,7,pca_sar,1,2
0.32604924,7,pca_sar,1,2
0.36683953,7,pca_sar,1,2
0.39393622,7,pca_sar,1,2
0.41469872,7,pca_sar,1,2
0.41037467,7,pca_sar,1,2
0.3490903,7,pca_sar,1,2
0.23890819,7,pca_sar,1,2
0.31020415,7,pca_sar,1,2
0.35056248,7,pca_sar,1,2
0.3258574,7,pca_sar,1,2
0.45766076,7,pca_sar,1,2
0.4122529,7,pca_sar,1,2
0.25746512,7,pca_sar,1,2
0.28639555,7,pca_sar,1,2
0.31827688,7,pca_sar,1,2
0.29588476,7,pca_sar,1,2
0.43459255,7,pca_sar,1,2
0.46790043,7,pca_sar,1,2
0.33818826,7,pca_sar,1,2
0.29292214,7,pca_sar,1,2
0.34725413,7,pca_sar,1,2
0.43700978,7,pca_sar,1,2
0.48853427,7,pca_sar,1,2
0.40566286,7,pca_sar,1,2
0.2837044,7,pca_sar,1,2
0.31844658,7,pca_sar,1,2
0.529034,7,pca_sar,1,2
0.4648685,7,pca_sar,1,2
0.31438458,7,pca_sar,1,2
0.3195362,7,pca_sar,1,2
0.46781257,7,pca_sar,1,2
0.4545864,7,pca_sar,1,2
0.39250115,7,pca_sar,1,2
0.35710365,7,pca_sar,1,2
0.34920976,7,pca_sar,1,2
0.40021527,7,pca_sar,1,2
0.35265902,7,pca_sar,1,2
0.6646267,8,pca_sar,1,2
0.6351354,8,pca_sar,1,2
0.6273178,8,pca_sar,1,2
0.6512606,8,pca_sar,1,2
0.40122306,8,pca_sar,1,2
0.4054078,8,pca_sar,1,2
0.35025808,8,pca_sar,1,2
0.39027864,8,pca_sar,1,2
0.42426565,8,pca_sar,1,2
0.4249771,8,pca_sar,1,2
0.40112266,8,pca_sar,1,2
0.39933175,8,pca_sar,1,2
0.4230686,8,pca_sar,1,2
0.48938245,8,pca_sar,1,2
0.47271776,8,pca_sar,1,2
0.47037736,8,pca_sar,1,2
0.51616836,8,pca_sar,1,2
0.43203425,8,pca_sar,1,2
0.4361567,8,pca_sar,1,2
0.37743035,8,pca_sar,1,2
0.37949228,8,pca_sar,1,2
0.42989463,8,pca_sar,1,2
0.40490475,8,pca_sar,1,2
0.44546914,8,pca_sar,1,2
0.48705727,8,pca_sar,1,2
0.45560762,8,pca_sar,1,2
0.47806227,8,pca_sar,1,2
0.4477011,8,pca_sar,1,2
0.4639855,8,pca_sar,1,2
0.47262755,8,pca_sar,1,2
0.4684242,8,pca_sar,1,2
0.43594882,8,pca_sar,1,2
0.4237464,8,pca_sar,1,2
0.4746015,8,pca_sar,1,2
0.4715377,8,pca_sar,1,2
0.49030402,8,pca_sar,1,2
0.5413936,8,pca_sar,1,2
0.5330823,8,pca_sar,1,2
0.5180875,8,pca_sar,1,2
0.44333375,8,pca_sar,1,2
0.43365693,8,pca_sar,1,2
0.44183588,8,pca_sar,1,2
0.45069537,8,pca_sar,1,2
0.4554041,8,pca_sar,1,2
0.47576627,8,pca_sar,1,2
0.5054041,8,pca_sar,1,2
0.51741743,8,pca_sar,1,2
0.4844559,8,pca_sar,1,2
0.4566607,8,pca_sar,1,2
0.44533554,8,pca_sar,1,2
0.44432884,8,pca_sar,1,2
0.39835155,8,pca_sar,1,2
0.40535358,8,pca_sar,1,2
0.47283995,8,pca_sar,1,2
0.5341191,8,pca_sar,1,2
0.5485287,8,pca_sar,1,2
0.56632686,8,pca_sar,1,2
0.56258035,8,pca_sar,1,2
0.41312397,8,pca_sar,1,2
0.43805265,8,pca_sar,1,2
0.45271704,8,pca_sar,1,2
0.42792428,8,pca_sar,1,2
0.41822207,8,pca_sar,1,2
0.42793915,8,pca_sar,1,2
0.45980078,8,pca_sar,1,2
0.44232243,8,pca_sar,1,2
0.47800508,8,pca_sar,1,2
0.49331552,8,pca_sar,1,2
0.4413017,8,pca_sar,1,2
0.43595183,8,pca_sar,1,2
0.47121873,8,pca_sar,1,2
0.48382053,8,pca_sar,1,2
0.5472329,2,pca_sar,1,2
0.5235427,2,pca_sar,1,2
0.5606034,2,pca_sar,1,2
0.46064007,2,pca_sar,1,2
0.5388026,2,pca_sar,1,2
0.5384717,2,pca_sar,1,2
0.5526953,2,pca_sar,1,2
0.54766655,2,pca_sar,1,2
0.54997057,2,pca_sar,1,2
0.5515339,2,pca_sar,1,2
0.5145922,2,pca_sar,1,2
0.550945,2,pca_sar,1,2
0.5353317,2,pca_sar,1,2
0.5279366,2,pca_sar,1,2
0.52161217,2,pca_sar,1,2
0.6032611,2,pca_sar,1,2
0.5686195,2,pca_sar,1,2
0.5569646,2,pca_sar,1,2
0.56153333,2,pca_sar,1,2
0.5680003,2,pca_sar,1,2
0.5398406,2,pca_sar,1,2
0.5181308,2,pca_sar,1,2
0.5255784,2,pca_sar,1,2
0.57922053,2,pca_sar,1,2
0.61767864,2,pca_sar,1,2
0.59214914,2,pca_sar,1,2
0.66303295,2,pca_sar,1,2
0.6355454,2,pca_sar,1,2
0.632765,2,pca_sar,1,2
0.6505415,2,pca_sar,1,2
0.65533483,2,pca_sar,1,2
0.63220906,2,pca_sar,1,2
0.6280868,2,pca_sar,1,2
0.6207354,2,pca_sar,1,2
0.6385208,2,pca_sar,1,2
0.6565524,2,pca_sar,1,2
0.65918416,2,pca_sar,1,2
0.49670666,8,pca_sar,1,2
0.4644044,8,pca_sar,1,2
0.37682927,8,pca_sar,1,2
0.38712072,8,pca_sar,1,2
0.4825611,8,pca_sar,1,2
0.5259881,8,pca_sar,1,2
0.48922682,8,pca_sar,1,2
0.45244306,8,pca_sar,1,2
0.4133395,8,pca_sar,1,2
0.42459223,8,pca_sar,1,2
0.49129188,8,pca_sar,1,2
0.5362305,8,pca_sar,1,2
0.4945109,8,pca_sar,1,2
0.52614504,8,pca_sar,1,2
0.5664282,8,pca_sar,1,2
0.54515296,8,pca_sar,1,2
0.515657,8,pca_sar,1,2
0.49742892,8,pca_sar,1,2
0.4736972,8,pca_sar,1,2
0.4549142,8,pca_sar,1,2
0.4871774,8,pca_sar,1,2
0.51384765,8,pca_sar,1,2
0.48250696,8,pca_sar,1,2
0.44004923,8,pca_sar,1,2
0.48032463,8,pca_sar,1,2
0.45034903,8,pca_sar,1,2
0.4449956,8,pca_sar,1,2
0.4600994,8,pca_sar,1,2
0.45515564,8,pca_sar,1,2
0.50221616,8,pca_sar,1,2
0.51874596,8,pca_sar,1,2
0.5622189,8,pca_sar,1,2
0.6064935,8,pca_sar,1,2
0.50225043,8,pca_sar,1,2
0.46742648,8,pca_sar,1,2
0.47319153,8,pca_sar,1,2
0.4532273,8,pca_sar,1,2
0.45854455,8,pca_sar,1,2
0.47083017,8,pca_sar,1,2
0.46534017,8,pca_sar,1,2
0.48899126,8,pca_sar,1,2
0.51384985,8,pca_sar,1,2
0.63021016,8,pca_sar,1,2
0.56307095,8,pca_sar,1,2
0.513908,8,pca_sar,1,2
0.50648403,8,pca_sar,1,2
0.42477587,8,pca_sar,1,2
0.43861476,8,pca_sar,1,2
0.49170864,8,pca_sar,1,2
0.46751842,8,pca_sar,1,2
0.48655957,8,pca_sar,1,2
0.49953,8,pca_sar,1,2
0.6209673,8,pca_sar,1,2
0.5874423,8,pca_sar,1,2
0.5177548,8,pca_sar,1,2
0.49814188,8,pca_sar,1,2
0.42394814,8,pca_sar,1,2
0.4428512,8,pca_sar,1,2
0.55224043,8,pca_sar,1,2
0.4868841,8,pca_sar,1,2
0.4203492,8,pca_sar,1,2
0.40806842,8,pca_sar,1,2
0.39850068,8,pca_sar,1,2
0.42744708,8,pca_sar,1,2
0.5677746,2,pca_sar,1,2
0.6308378,2,pca_sar,1,2
0.5696659,2,pca_sar,1,2
0.47067893,2,pca_sar,1,2
0.5565799,2,pca_sar,1,2
0.5840087,2,pca_sar,1,2
0.541391,2,pca_sar,1,2
0.52306706,2,pca_sar,1,2
0.5451621,2,pca_sar,1,2
0.5243209,2,pca_sar,1,2
0.5330604,2,pca_sar,1,2
0.57499945,2,pca_sar,1,2
0.6112328,2,pca_sar,1,2
0.5609517,2,pca_sar,1,2
0.5211432,2,pca_sar,1,2
0.6265318,2,pca_sar,1,2
0.6386894,2,pca_sar,1,2
0.6274089,2,pca_sar,1,2
0.6106013,2,pca_sar,1,2
0.6280999,2,pca_sar,1,2
0.60401994,2,pca_sar,1,2
0.53757834,2,pca_sar,1,2
0.5105225,2,pca_sar,1,2
0.5338128,2,pca_sar,1,2
0.6073548,2,pca_sar,1,2
0.6372864,2,pca_sar,1,2
0.70867884,2,pca_sar,1,2
0.737213,2,pca_sar,1,2
0.75039196,2,pca_sar,1,2
0.7188125,2,pca_sar,1,2
0.7028934,2,pca_sar,1,2
0.69393605,2,pca_sar,1,2
0.64574206,2,pca_sar,1,2
0.56563866,2,pca_sar,1,2
0.62125546,2,pca_sar,1,2
0.70327216,2,pca_sar,1,2
0.7047291,2,pca_sar,1,2
0.4272833,7,pca_sar,1,2
0.43448415,7,pca_sar,1,2
0.4603935,7,pca_sar,1,2
0.42788604,7,pca_sar,1,2
0.45863426,7,pca_sar,1,2
0.42980283,7,pca_sar,1,2
0.36955866,7,pca_sar,1,2
0.38639897,7,pca_sar,1,2
0.4017796,7,pca_sar,1,2
0.43099368,7,pca_sar,1,2
0.34734577,7,pca_sar,1,2
0.4067695,7,pca_sar,1,2
0.43851286,7,pca_sar,1,2
0.41229272,7,pca_sar,1,2
0.34377673,7,pca_sar,1,2
0.4104128,7,pca_sar,1,2
0.4667253,7,pca_sar,1,2
0.4206862,7,pca_sar,1,2
0.36660406,7,pca_sar,1,2
0.43248874,7,pca_sar,1,2
0.4019049,7,pca_sar,1,2
0.33631504,7,pca_sar,1,2
0.38017073,7,pca_sar,1,2
0.43336886,7,pca_sar,1,2
0.30328536,7,pca_sar,1,2
0.3125656,7,pca_sar,1,2
0.34444216,7,pca_sar,1,2
0.34670845,7,pca_sar,1,2
0.43763667,7,pca_sar,1,2
0.24676716,7,pca_sar,1,2
0.24532482,7,pca_sar,1,2
0.26122326,7,pca_sar,1,2
0.23950891,7,pca_sar,1,2
0.30953175,7,pca_sar,1,2
0.31568855,7,pca_sar,1,2
0.29653636,7,pca_sar,1,2
0.25326952,7,pca_sar,1,2
0.35844213,7,pca_sar,1,2
0.356445,7,pca_sar,1,2
0.34029385,7,pca_sar,1,2
0.2634694,7,pca_sar,1,2
0.36871386,7,pca_sar,1,2
0.32936865,7,pca_sar,1,2
0.26026383,7,pca_sar,1,2
0.62396955,2,pca_sar,1,2
0.6799765,2,pca_sar,1,2
0.6064265,2,pca_sar,1,2
0.4009391,2,pca_sar,1,2
0.5241163,2,pca_sar,1,2
0.5722388,2,pca_sar,1,2
0.5166247,2,pca_sar,1,2
0.38094273,2,pca_sar,1,2
0.44654045,2,pca_sar,1,2
0.49610943,2,pca_sar,1,2
0.45058432,2,pca_sar,1,2
0.53153425,2,pca_sar,1,2
0.5824469,2,pca_sar,1,2
0.55404365,2,pca_sar,1,2
0.4339617,2,pca_sar,1,2
0.5301262,2,pca_sar,1,2
0.50569284,2,pca_sar,1,2
0.48747858,2,pca_sar,1,2
0.5457268,2,pca_sar,1,2
0.55675423,2,pca_sar,1,2
0.55499816,2,pca_sar,1,2
0.541442,2,pca_sar,1,2
0.533213,2,pca_sar,1,2
0.53738135,2,pca_sar,1,2
0.54978836,2,pca_sar,1,2
0.5766235,2,pca_sar,1,2
0.558662,2,pca_sar,1,2
0.54012334,2,pca_sar,1,2
0.5409044,2,pca_sar,1,2
0.56521654,2,pca_sar,1,2
0.5440206,2,pca_sar,1,2
0.53846776,2,pca_sar,1,2
0.535267,2,pca_sar,1,2
0.5152663,2,pca_sar,1,2
0.52375305,2,pca_sar,1,2
0.5300307,2,pca_sar,1,2
0.5394624,2,pca_sar,1,2
0.6047336,2,pca_sar,1,2
0.63361883,2,pca_sar,1,2
0.5401118,2,pca_sar,1,2
0.5393348,2,pca_sar,1,2
0.55990106,2,pca_sar,1,2
0.56014514,2,pca_sar,1,2
0.5043603,2,pca_sar,1,2
0.501823,2,pca_sar,1,2
0.51281226,2,pca_sar,1,2
0.52587223,2,pca_sar,1,2
0.5314387,2,pca_sar,1,2
0.54765403,2,pca_sar,1,2
0.60777676,2,pca_sar,1,2
0.5777932,2,pca_sar,1,2
0.64371145,2,pca_sar,1,2
0.571481,2,pca_sar,1,2
0.6331028,2,pca_sar,1,2
0.6222007,2,pca_sar,1,2
0.57330185,2,pca_sar,1,2
0.6167141,2,pca_sar,1,2
0.630798,2,pca_sar,1,2
0.6092071,2,pca_sar,1,2
0.52784896,2,pca_sar,1,2
0.49479246,2,pca_sar,1,2
0.5693716,2,pca_sar,1,2
0.34485072,2,pca_sar,1,2
0.49610078,2,pca_sar,1,2
0.5562899,2,pca_sar,1,2
0.58996475,2,pca_sar,1,2
0.6175537,2,pca_sar,1,2
0.60931504,2,pca_sar,1,2
0.5979556,2,pca_sar,1,2
0.30889904,2,pca_sar,1,2
0.45262888,2,pca_sar,1,2
0.51883006,2,pca_sar,1,2
0.5608186,2,pca_sar,1,2
0.5487426,2,pca_sar,1,2
0.43023413,2,pca_sar,1,2
0.3332972,2,pca_sar,1,2
0.44921806,2,pca_sar,1,2
0.52562547,2,pca_sar,1,2
0.5179931,2,pca_sar,1,2
0.522257,2,pca_sar,1,2
0.50851774,2,pca_sar,1,2
0.567611,2,pca_sar,1,2
0.60461915,2,pca_sar,1,2
0.5892082,2,pca_sar,1,2
0.585254,2,pca_sar,1,2
0.44979602,2,pca_sar,1,2
0.36074924,2,pca_sar,1,2
0.4496555,2,pca_sar,1,2
0.5164063,2,pca_sar,1,2
0.5130741,2,pca_sar,1,2
0.5254214,2,pca_sar,1,2
0.49750513,2,pca_sar,1,2
0.55605644,2,pca_sar,1,2
0.56918854,2,pca_sar,1,2
0.53881955,2,pca_sar,1,2
0.54571533,2,pca_sar,1,2
0.42630568,2,pca_sar,1,2
0.5193906,2,pca_sar,1,2
0.5240473,2,pca_sar,1,2
0.52171534,2,pca_sar,1,2
0.503798,2,pca_sar,1,2
0.49277592,2,pca_sar,1,2
0.5424714,2,pca_sar,1,2
0.5413487,2,pca_sar,1,2
0.5367516,2,pca_sar,1,2
0.5309038,2,pca_sar,1,2
0.5420164,2,pca_sar,1,2
0.53637654,2,pca_sar,1,2
0.51053184,2,pca_sar,1,2
0.53260994,2,pca_sar,1,2
0.5320966,2,pca_sar,1,2
0.5653683,2,pca_sar,1,2
0.54968095,2,pca_sar,1,2
0.58465505,2,pca_sar,1,2
0.586771,2,pca_sar,1,2
0.5671645,2,pca_sar,1,2
0.56742305,2,pca_sar,1,2
0.56903183,2,pca_sar,1,2
0.70412314,2,pca_sar,1,2
0.68441916,2,pca_sar,1,2
0.59530795,2,pca_sar,1,2
0.6215749,2,pca_sar,1,2
0.68931866,2,pca_sar,1,2
0.6826627,2,pca_sar,1,2
0.6406982,2,pca_sar,1,2
0.6140823,2,pca_sar,1,2
0.59493625,2,pca_sar,1,2
0.5950625,2,pca_sar,1,2
0.46000263,2,pca_sar,1,2
0.52282166,2,pca_sar,1,2
0.5652086,2,pca_sar,1,2
0.5473357,2,pca_sar,1,2
0.5181067,2,pca_sar,1,2
0.59096456,2,pca_sar,1,2
0.5893635,2,pca_sar,1,2
0.6025107,2,pca_sar,1,2
0.62492,2,pca_sar,1,2
0.6015165,2,pca_sar,1,2
0.6311324,2,pca_sar,1,2
0.68596876,2,pca_sar,1,2
0.7163042,2,pca_sar,1,2
0.7274683,2,pca_sar,1,2
0.6967728,2,pca_sar,1,2
0.65595794,2,pca_sar,1,2
0.56096876,2,pca_sar,1,2
0.51921844,2,pca_sar,1,2
0.45098573,2,pca_sar,1,2
0.5041226,2,pca_sar,1,2
0.5323061,2,pca_sar,1,2
0.5476805,2,pca_sar,1,2
0.61496615,2,pca_sar,1,2
0.57620406,2,pca_sar,1,2
0.5130974,2,pca_sar,1,2
0.5664333,2,pca_sar,1,2
0.57552934,2,pca_sar,1,2
0.595797,2,pca_sar,1,2
0.59986115,2,pca_sar,1,2
0.597034,2,pca_sar,1,2
0.539047,2,pca_sar,1,2
0.61711997,2,pca_sar,1,2
0.6108124,2,pca_sar,1,2
0.5713035,2,pca_sar,1,2
0.21913597,8,pca_sar,1,2
0.14499117,8,pca_sar,1,2
0.18769991,8,pca_sar,1,2
0.2917132,8,pca_sar,1,2
0.16044676,8,pca_sar,1,2
0.21252687,8,pca_sar,1,2
0.3065719,8,pca_sar,1,2
0.34315014,8,pca_sar,1,2
0.4776172,8,pca_sar,1,2
0.19302058,8,pca_sar,1,2
0.1213668,8,pca_sar,1,2
0.122461274,8,pca_sar,1,2
0.19855228,8,pca_sar,1,2
0.24772546,8,pca_sar,1,2
0.35462925,8,pca_sar,1,2
0.4262414,8,pca_sar,1,2
0.50030017,8,pca_sar,1,2
0.10724549,8,pca_sar,1,2
0.11000719,8,pca_sar,1,2
0.17118925,8,pca_sar,1,2
0.27107638,8,pca_sar,1,2
0.2893541,8,pca_sar,1,2
0.33858716,8,pca_sar,1,2
0.39790133,8,pca_sar,1,2
0.49832946,8,pca_sar,1,2
0.11617344,8,pca_sar,1,2
0.21787077,8,pca_sar,1,2
0.33937663,8,pca_sar,1,2
0.36239743,8,pca_sar,1,2
0.32664102,8,pca_sar,1,2
0.3080889,8,pca_sar,1,2
0.44608536,8,pca_sar,1,2
0.29436713,8,pca_sar,1,2
0.3315408,8,pca_sar,1,2
0.43622667,8,pca_sar,1,2
0.4066103,8,pca_sar,1,2
0.37188792,8,pca_sar,1,2
0.32605898,8,pca_sar,1,2
0.4842466,8,pca_sar,1,2
0.2944837,8,pca_sar,1,2
0.37833303,8,pca_sar,1,2
0.33162773,8,pca_sar,1,2
0.2950748,8,pca_sar,1,2
0.3579494,8,pca_sar,1,2
0.512761,8,pca_sar,1,2
0.3440575,8,pca_sar,1,2
0.2973955,8,pca_sar,1,2
0.29754353,8,pca_sar,1,2
0.4776475,8,pca_sar,1,2
0.19887386,8,pca_sar,1,2
0.08613224,8,pca_sar,1,2
0.22753802,8,pca_sar,1,2
0.23665632,8,pca_sar,1,2
0.14767495,8,pca_sar,1,2
0.2777824,8,pca_sar,1,2
0.31102166,8,pca_sar,1,2
0.3498258,8,pca_sar,1,2
0.32959896,8,pca_sar,1,2
0.1983954,8,pca_sar,1,2
0.08962414,8,pca_sar,1,2
0.105387256,8,pca_sar,1,2
0.19883311,8,pca_sar,1,2
0.40188152,8,pca_sar,1,2
0.42673308,8,pca_sar,1,2
0.3878833,8,pca_sar,1,2
0.3280873,8,pca_sar,1,2
0.32538706,8,pca_sar,1,2
0.14960541,8,pca_sar,1,2
0.11104038,8,pca_sar,1,2
0.16755381,8,pca_sar,1,2
0.24718642,8,pca_sar,1,2
0.46228647,8,pca_sar,1,2
0.48470867,8,pca_sar,1,2
0.40210813,8,pca_sar,1,2
0.33419603,8,pca_sar,1,2
0.29895693,8,pca_sar,1,2
0.33529577,8,pca_sar,1,2
0.4304679,8,pca_sar,1,2
0.14061435,8,pca_sar,1,2
0.20121823,8,pca_sar,1,2
0.21454492,8,pca_sar,1,2
0.3798719,8,pca_sar,1,2
0.39740574,8,pca_sar,1,2
0.36303508,8,pca_sar,1,2
0.32456386,8,pca_sar,1,2
0.32308897,8,pca_sar,1,2
0.32434964,8,pca_sar,1,2
0.39051265,8,pca_sar,1,2
0.26344663,8,pca_sar,1,2
0.32358083,8,pca_sar,1,2
0.2935362,8,pca_sar,1,2
0.34803236,8,pca_sar,1,2
0.35916728,8,pca_sar,1,2
0.32469985,8,pca_sar,1,2
0.3297913,8,pca_sar,1,2
0.33720878,8,pca_sar,1,2
0.35207146,8,pca_sar,1,2
0.40217972,8,pca_sar,1,2
0.3842097,8,pca_sar,1,2
0.31458908,8,pca_sar,1,2
0.30923128,8,pca_sar,1,2
0.31646305,8,pca_sar,1,2
0.3641023,8,pca_sar,1,2
0.3806276,8,pca_sar,1,2
0.4398715,8,pca_sar,1,2
0.3195811,8,pca_sar,1,2
0.31887203,8,pca_sar,1,2
0.39266562,8,pca_sar,1,2
0.4532978,8,pca_sar,1,2
0.48338798,8,pca_sar,1,2
0.6288601,8,pca_sar,1,2
0.6233438,8,pca_sar,1,2
0.5563037,8,pca_sar,1,2
0.5586261,8,pca_sar,1,2
0.6125286,8,pca_sar,1,2
0.5381935,8,pca_sar,1,2
0.5195575,8,pca_sar,1,2
0.61136174,8,pca_sar,1,2
0.50406265,8,pca_sar,1,2
0.4585358,8,pca_sar,1,2
0.56730574,8,pca_sar,1,2
0.55695355,8,pca_sar,1,2
0.38474053,8,pca_sar,1,2
0.17435876,8,pca_sar,1,2
0.22130664,8,pca_sar,1,2
0.2766828,8,pca_sar,1,2
0.24006815,8,pca_sar,1,2
0.26098138,8,pca_sar,1,2
0.33444938,8,pca_sar,1,2
0.4270908,8,pca_sar,1,2
0.5620564,8,pca_sar,1,2
0.28146434,8,pca_sar,1,2
0.17841041,8,pca_sar,1,2
0.26027948,8,pca_sar,1,2
0.26996896,8,pca_sar,1,2
0.37267274,8,pca_sar,1,2
0.38857943,8,pca_sar,1,2
0.46486574,8,pca_sar,1,2
0.60290104,8,pca_sar,1,2
0.15248473,8,pca_sar,1,2
0.12057291,8,pca_sar,1,2
0.25785416,8,pca_sar,1,2
0.3142474,8,pca_sar,1,2
0.37255633,8,pca_sar,1,2
0.3963977,8,pca_sar,1,2
0.4739892,8,pca_sar,1,2
0.6089729,8,pca_sar,1,2
0.16706142,8,pca_sar,1,2
0.2571397,8,pca_sar,1,2
0.28312612,8,pca_sar,1,2
0.33784214,8,pca_sar,1,2
0.3645879,8,pca_sar,1,2
0.40507147,8,pca_sar,1,2
0.56503785,8,pca_sar,1,2
0.23068632,8,pca_sar,1,2
0.3317323,8,pca_sar,1,2
0.3506639,8,pca_sar,1,2
0.3576696,8,pca_sar,1,2
0.4030033,8,pca_sar,1,2
0.39005995,8,pca_sar,1,2
0.57682914,8,pca_sar,1,2
0.31424528,8,pca_sar,1,2
0.32262477,8,pca_sar,1,2
0.33498615,8,pca_sar,1,2
0.3886401,8,pca_sar,1,2
0.37062168,8,pca_sar,1,2
0.552829,8,pca_sar,1,2
0.31440058,8,pca_sar,1,2
0.3527916,8,pca_sar,1,2
0.3233732,8,pca_sar,1,2
0.49748406,8,pca_sar,1,2
0.44346654,8,pca_sar,1,2
0.43236545,8,pca_sar,1,2
0.39793652,8,pca_sar,1,2
0.3464314,8,pca_sar,1,2
0.29871067,8,pca_sar,1,2
0.26868683,8,pca_sar,1,2
0.2561328,8,pca_sar,1,2
0.29249603,8,pca_sar,1,2
0.33588803,8,pca_sar,1,2
0.39546144,8,pca_sar,1,2
0.3956179,8,pca_sar,1,2
0.36239767,8,pca_sar,1,2
0.31454086,8,pca_sar,1,2
0.26095465,8,pca_sar,1,2
0.23414364,8,pca_sar,1,2
0.24405307,8,pca_sar,1,2
0.22942366,8,pca_sar,1,2
0.32983422,8,pca_sar,1,2
0.35182527,8,pca_sar,1,2
0.31166828,8,pca_sar,1,2
0.30136615,8,pca_sar,1,2
0.2934812,8,pca_sar,1,2
0.29404634,8,pca_sar,1,2
0.3806269,8,pca_sar,1,2
0.2950173,8,pca_sar,1,2
0.3452844,8,pca_sar,1,2
0.30417794,8,pca_sar,1,2
0.2923312,8,pca_sar,1,2
0.28617445,8,pca_sar,1,2
0.43330932,8,pca_sar,1,2
0.57829374,8,pca_sar,1,2
0.50621563,8,pca_sar,1,2
0.33249924,8,pca_sar,1,2
0.28742212,8,pca_sar,1,2
0.26496303,8,pca_sar,1,2
0.36501965,8,pca_sar,1,2
0.32834843,8,pca_sar,1,2
0.29930866,8,pca_sar,1,2
0.39683878,8,pca_sar,1,2
0.35790846,8,pca_sar,1,2
0.3019407,8,pca_sar,1,2
0.24514675,8,pca_sar,1,2
0.15664572,8,pca_sar,1,2
0.23201953,8,pca_sar,1,2
0.31531996,8,pca_sar,1,2
0.26531857,8,pca_sar,1,2
0.291112,8,pca_sar,1,2
0.35331377,8,pca_sar,1,2
0.35647905,8,pca_sar,1,2
0.34143364,8,pca_sar,1,2
0.20871454,8,pca_sar,1,2
0.17470887,8,pca_sar,1,2
0.20261107,8,pca_sar,1,2
0.24306998,8,pca_sar,1,2
0.28409874,8,pca_sar,1,2
0.33974338,8,pca_sar,1,2
0.32235318,8,pca_sar,1,2
0.28671104,8,pca_sar,1,2
0.31562787,8,pca_sar,1,2
0.1685764,8,pca_sar,1,2
0.13972753,8,pca_sar,1,2
0.1287108,8,pca_sar,1,2
0.26607975,8,pca_sar,1,2
0.36122105,8,pca_sar,1,2
0.35376424,8,pca_sar,1,2
0.31082785,8,pca_sar,1,2
0.2913123,8,pca_sar,1,2
0.3178882,8,pca_sar,1,2
0.3415308,8,pca_sar,1,2
0.38458574,8,pca_sar,1,2
0.13746627,8,pca_sar,1,2
0.20583443,8,pca_sar,1,2
0.27896702,8,pca_sar,1,2
0.36058265,8,pca_sar,1,2
0.3517744,8,pca_sar,1,2
0.2858578,8,pca_sar,1,2
0.23695788,8,pca_sar,1,2
0.3055573,8,pca_sar,1,2
0.31616738,8,pca_sar,1,2
0.3677664,8,pca_sar,1,2
0.18877746,8,pca_sar,1,2
0.3036489,8,pca_sar,1,2
0.35552317,8,pca_sar,1,2
0.3588314,8,pca_sar,1,2
0.32857937,8,pca_sar,1,2
0.2689122,8,pca_sar,1,2
0.23954423,8,pca_sar,1,2
0.30847162,8,pca_sar,1,2
0.331784,8,pca_sar,1,2
0.31235445,8,pca_sar,1,2
0.35666895,8,pca_sar,1,2
0.37992525,8,pca_sar,1,2
0.31960878,8,pca_sar,1,2
0.26677582,8,pca_sar,1,2
0.2608012,8,pca_sar,1,2
0.23806173,8,pca_sar,1,2
0.38925123,8,pca_sar,1,2
0.30963153,8,pca_sar,1,2
0.2588494,8,pca_sar,1,2
0.2636863,8,pca_sar,1,2
0.2719701,8,pca_sar,1,2
0.39087716,8,pca_sar,1,2
0.40724853,8,pca_sar,1,2
0.4236492,8,pca_sar,1,2
0.41097212,8,pca_sar,1,2
0.3598575,8,pca_sar,1,2
0.30407625,8,pca_sar,1,2
0.317178,8,pca_sar,1,2
0.21465358,8,pca_sar,1,2
0.18465592,8,pca_sar,1,2
0.14979355,8,pca_sar,1,2
0.33990526,8,pca_sar,1,2
0.34287116,8,pca_sar,1,2
0.32270616,8,pca_sar,1,2
0.30103165,8,pca_sar,1,2
0.22900802,8,pca_sar,1,2
0.20209321,8,pca_sar,1,2
0.25616345,8,pca_sar,1,2
0.19521782,8,pca_sar,1,2
0.2305022,8,pca_sar,1,2
0.2593286,8,pca_sar,1,2
0.24458377,8,pca_sar,1,2
0.25333863,8,pca_sar,1,2
0.28661627,8,pca_sar,1,2
0.22002056,8,pca_sar,1,2
0.24909848,8,pca_sar,1,2
0.37268642,8,pca_sar,1,2
0.3342387,8,pca_sar,1,2
0.35978496,8,pca_sar,1,2
0.33708805,8,pca_sar,1,2
0.3318932,8,pca_sar,1,2
0.3945318,8,pca_sar,1,2
0.40447426,8,pca_sar,1,2
0.48762998,8,pca_sar,1,2
0.32901967,8,pca_sar,1,2
0.36258242,8,pca_sar,1,2
0.34583092,8,pca_sar,1,2
0.27600676,8,pca_sar,1,2
0.28724295,8,pca_sar,1,2
0.34805757,8,pca_sar,1,2
0.3343507,8,pca_sar,1,2
0.37244737,8,pca_sar,1,2
0.40591443,8,pca_sar,1,2
0.57342005,8,pca_sar,1,2
0.5933053,8,pca_sar,1,2
0.5306221,8,pca_sar,1,2
0.4832961,8,pca_sar,1,2
0.5114828,8,pca_sar,1,2
0.40137482,8,pca_sar,1,2
0.41483682,8,pca_sar,1,2
0.50231504,8,pca_sar,1,2
0.42726585,8,pca_sar,1,2
0.48352295,8,pca_sar,1,2
0.4985957,8,pca_sar,1,2
0.5089157,8,pca_sar,1,2
0.76749957,2,pca_sar,1,2
0.8292523,2,pca_sar,1,2
0.54863155,2,pca_sar,1,2
0.5798034,2,pca_sar,1,2
0.5843697,2,pca_sar,1,2
0.54240656,2,pca_sar,1,2
0.6121275,2,pca_sar,1,2
0.6463214,2,pca_sar,1,2
0.64795536,2,pca_sar,1,2
0.6084185,2,pca_sar,1,2
0.60161334,2,pca_sar,1,2
0.5459032,2,pca_sar,1,2
0.48324317,2,pca_sar,1,2
0.7030482,2,pca_sar,1,2
0.61805046,2,pca_sar,1,2
0.5728503,2,pca_sar,1,2
0.36479193,8,pca_sar,1,2
0.3756863,8,pca_sar,1,2
0.4223992,8,pca_sar,1,2
0.48761645,8,pca_sar,1,2
0.5632019,8,pca_sar,1,2
0.45723218,8,pca_sar,1,2
0.28181207,8,pca_sar,1,2
0.23860961,8,pca_sar,1,2
0.20896931,8,pca_sar,1,2
0.33392256,8,pca_sar,1,2
0.36148065,8,pca_sar,1,2
0.36842066,8,pca_sar,1,2
0.34860814,8,pca_sar,1,2
0.36758113,8,pca_sar,1,2
0.32417417,8,pca_sar,1,2
0.32344496,8,pca_sar,1,2
0.2971524,8,pca_sar,1,2
0.33210784,8,pca_sar,1,2
0.35826766,8,pca_sar,1,2
0.326117,8,pca_sar,1,2
0.28886122,8,pca_sar,1,2
0.2667187,8,pca_sar,1,2
0.35500106,8,pca_sar,1,2
0.31445593,8,pca_sar,1,2
0.2967396,8,pca_sar,1,2
0.39630425,8,pca_sar,1,2
0.33570516,8,pca_sar,1,2
0.26080942,8,pca_sar,1,2
0.2518801,8,pca_sar,1,2
0.33429098,8,pca_sar,1,2
0.26548693,8,pca_sar,1,2
0.28576964,8,pca_sar,1,2
0.33671087,8,pca_sar,1,2
0.30905002,8,pca_sar,1,2
0.24763724,8,pca_sar,1,2
0.3648038,8,pca_sar,1,2
0.36250398,8,pca_sar,1,2
0.400459,8,pca_sar,1,2
0.31621674,8,pca_sar,1,2
0.3700696,8,pca_sar,1,2
0.41198123,8,pca_sar,1,2
0.3702061,8,pca_sar,1,2
0.31822604,8,pca_sar,1,2
0.29654843,8,pca_sar,1,2
0.31677133,8,pca_sar,1,2
0.3558883,8,pca_sar,1,2
0.3172372,8,pca_sar,1,2
0.32168335,8,pca_sar,1,2
0.32521126,8,pca_sar,1,2
0.29137787,8,pca_sar,1,2
0.3047037,8,pca_sar,1,2
0.28105342,8,pca_sar,1,2
0.3058938,8,pca_sar,1,2
0.32195854,8,pca_sar,1,2
0.32687086,8,pca_sar,1,2
0.27810988,8,pca_sar,1,2
0.26317918,8,pca_sar,1,2
0.27147433,8,pca_sar,1,2
0.31854606,8,pca_sar,1,2
0.2762626,8,pca_sar,1,2
0.32069996,8,pca_sar,1,2
0.28350684,8,pca_sar,1,2
0.27922904,8,pca_sar,1,2
0.2691673,8,pca_sar,1,2
0.24836558,8,pca_sar,1,2
0.25472736,8,pca_sar,1,2
0.3004862,8,pca_sar,1,2
0.35212988,8,pca_sar,1,2
0.318802,8,pca_sar,1,2
0.27028275,8,pca_sar,1,2
0.2522052,8,pca_sar,1,2
0.27724057,8,pca_sar,1,2
0.32061166,8,pca_sar,1,2
0.2883353,8,pca_sar,1,2
0.27847835,8,pca_sar,1,2
0.23292527,8,pca_sar,1,2
0.30908728,8,pca_sar,1,2
0.29594114,8,pca_sar,1,2
0.24483201,8,pca_sar,1,2
0.29471272,8,pca_sar,1,2
0.33233082,8,pca_sar,1,2
0.32094088,8,pca_sar,1,2
0.739744,2,pca_sar,1,2
0.73663557,2,pca_sar,1,2
0.56296223,2,pca_sar,1,2
0.48445967,2,pca_sar,1,2
0.48102808,2,pca_sar,1,2
0.46318477,2,pca_sar,1,2
0.5718455,2,pca_sar,1,2
0.50376916,2,pca_sar,1,2
0.48246178,2,pca_sar,1,2
0.47649044,2,pca_sar,1,2
0.41541258,2,pca_sar,1,2
0.48103034,2,pca_sar,1,2
0.47375244,2,pca_sar,1,2
0.359756,2,pca_sar,1,2
0.38408762,2,pca_sar,1,2
0.46331015,2,pca_sar,1,2
0.44138774,2,pca_sar,1,2
0.34249702,2,pca_sar,1,2
0.46286345,2,pca_sar,1,2
0.40943968,2,pca_sar,1,2
0.3674407,2,pca_sar,1,2
0.44404468,2,pca_sar,1,2
0.47012126,2,pca_sar,1,2
0.3901255,2,pca_sar,1,2
0.36255738,2,pca_sar,1,2
0.43287557,2,pca_sar,1,2
0.4953513,2,pca_sar,1,2
0.42112142,2,pca_sar,1,2
0.4235646,2,pca_sar,1,2
0.51139224,2,pca_sar,1,2
0.4417204,2,pca_sar,1,2
0.49262685,2,pca_sar,1,2
0.4598074,2,pca_sar,1,2
0.4459172,2,pca_sar,1,2
0.6757166,2,pca_sar,1,2
0.6223377,2,pca_sar,1,2
0.51749945,2,pca_sar,1,2
0.67337763,2,pca_sar,1,2
0.62289035,2,pca_sar,1,2
0.50758857,2,pca_sar,1,2
0.59695935,2,pca_sar,1,2
0.5076791,2,pca_sar,1,2
0.5261382,2,pca_sar,1,2
0.4989514,2,pca_sar,1,2
0.61265594,2,pca_sar,1,2
0.5433156,2,pca_sar,1,2
0.5444062,2,pca_sar,1,2
0.50230783,2,pca_sar,1,2
0.5536548,2,pca_sar,1,2
0.53625697,2,pca_sar,1,2
0.54025525,2,pca_sar,1,2
0.48362657,2,pca_sar,1,2
0.5708538,2,pca_sar,1,2
0.5755118,2,pca_sar,1,2
0.54838604,2,pca_sar,1,2
0.498725,2,pca_sar,1,2
0.6046474,2,pca_sar,1,2
0.61070156,2,pca_sar,1,2
0.590418,2,pca_sar,1,2
0.53747475,2,pca_sar,1,2
0.5902752,2,pca_sar,1,2
0.5401504,2,pca_sar,1,2
0.5882408,2,pca_sar,1,2
0.5609958,2,pca_sar,1,2
0.7016887,2,pca_sar,1,2
0.5604098,2,pca_sar,1,2
0.49154526,2,pca_sar,1,2
0.5033454,2,pca_sar,1,2
0.6352134,2,pca_sar,1,2
0.44902742,2,pca_sar,1,2
0.34695676,2,pca_sar,1,2
0.4784395,2,pca_sar,1,2
0.36257678,2,pca_sar,1,2
0.43437052,2,pca_sar,1,2
0.46888,2,pca_sar,1,2
0.5131172,2,pca_sar,1,2
0.40791935,2,pca_sar,1,2
0.40621397,2,pca_sar,1,2
0.4637467,2,pca_sar,1,2
0.5507032,2,pca_sar,1,2
0.5561391,2,pca_sar,1,2
0.5269891,2,pca_sar,1,2
0.555051,2,pca_sar,1,2
0.5855375,2,pca_sar,1,2
0.5624405,2,pca_sar,1,2
0.56878126,2,pca_sar,1,2
0.58105195,2,pca_sar,1,2
0.5217968,2,pca_sar,1,2
0.6900939,2,pca_sar,1,2
0.6213339,2,pca_sar,1,2
0.6299719,2,pca_sar,1,2
0.6298961,2,pca_sar,1,2
0.61851734,2,pca_sar,1,2
0.52736104,2,pca_sar,1,2
0.5667035,2,pca_sar,1,2
0.5592902,2,pca_sar,1,2
0.59110075,2,pca_sar,1,2
0.58448136,2,pca_sar,1,2
0.57179767,2,pca_sar,1,2
0.57842994,2,pca_sar,1,2
0.6214864,2,pca_sar,1,2
0.608953,2,pca_sar,1,2
0.595219,2,pca_sar,1,2
0.6000669,2,pca_sar,1,2
0.6001828,2,pca_sar,1,2
0.6158359,2,pca_sar,1,2
0.62912637,2,pca_sar,1,2
0.6322953,2,pca_sar,1,2
0.6408087,2,pca_sar,1,2
0.6272913,2,pca_sar,1,2
0.62399626,2,pca_sar,1,2
0.5758096,2,pca_sar,1,2
0.44161844,7,pca_sar,1,2
0.41050652,7,pca_sar,1,2
0.48232228,7,pca_sar,1,2
0.41152263,7,pca_sar,1,2
0.45847696,7,pca_sar,1,2
0.4841121,7,pca_sar,1,2
0.43691772,7,pca_sar,1,2
0.43017724,7,pca_sar,1,2
0.46357852,7,pca_sar,1,2
0.6308924,7,pca_sar,1,2
0.4204175,7,pca_sar,1,2
0.46340597,7,pca_sar,1,2
0.55628264,7,pca_sar,1,2
0.632627,7,pca_sar,1,2
0.42943555,7,pca_sar,1,2
0.46517527,7,pca_sar,1,2
0.5358067,7,pca_sar,1,2
0.6313354,7,pca_sar,1,2
0.47754982,7,pca_sar,1,2
0.41340286,7,pca_sar,1,2
0.43462765,7,pca_sar,1,2
0.55161136,7,pca_sar,1,2
0.50268483,7,pca_sar,1,2
0.50432074,7,pca_sar,1,2
0.5077504,7,pca_sar,1,2
0.45674554,7,pca_sar,1,2
0.4568746,7,pca_sar,1,2
0.46741036,7,pca_sar,1,2
0.5226592,7,pca_sar,1,2
0.51061356,7,pca_sar,1,2
0.52072537,7,pca_sar,1,2
0.49359742,7,pca_sar,1,2
0.47395223,7,pca_sar,1,2
0.528839,7,pca_sar,1,2
0.53705657,7,pca_sar,1,2
0.46478388,7,pca_sar,1,2
0.4806727,7,pca_sar,1,2
0.45930728,7,pca_sar,1,2
0.4580947,7,pca_sar,1,2
0.493834,7,pca_sar,1,2
0.4527038,7,pca_sar,1,2
0.45453382,7,pca_sar,1,2
0.4196627,7,pca_sar,1,2
0.40868437,7,pca_sar,1,2
0.44754705,7,pca_sar,1,2
0.44367716,7,pca_sar,1,2
0.39552242,7,pca_sar,1,2
0.3736861,7,pca_sar,1,2
0.28400636,7,pca_sar,1,2
0.32154423,7,pca_sar,1,2
0.42449108,7,pca_sar,1,2
0.26108295,7,pca_sar,1,2
0.36149624,7,pca_sar,1,2
0.36226386,7,pca_sar,1,2
0.38084483,7,pca_sar,1,2
0.3730759,7,pca_sar,1,2
0.29966706,7,pca_sar,1,2
0.357586,7,pca_sar,1,2
0.32380497,7,pca_sar,1,2
0.3388587,7,pca_sar,1,2
0.360434,7,pca_sar,1,2
0.5643548,7,pca_sar,1,2
0.55721706,7,pca_sar,1,2
0.56787777,7,pca_sar,1,2
0.60990417,7,pca_sar,1,2
0.5684805,7,pca_sar,1,2
0.36601126,7,pca_sar,1,2
0.3398748,7,pca_sar,1,2
0.41478145,7,pca_sar,1,2
0.45028627,7,pca_sar,1,2
0.30390704,7,pca_sar,1,2
0.43293083,7,pca_sar,1,2
0.44315836,7,pca_sar,1,2
0.4425419,7,pca_sar,1,2
0.4913503,7,pca_sar,1,2
0.4355765,7,pca_sar,1,2
0.49145335,7,pca_sar,1,2
0.501625,7,pca_sar,1,2
0.45376885,7,pca_sar,1,2
0.47358438,7,pca_sar,1,2
0.5117103,7,pca_sar,1,2
0.58937895,7,pca_sar,1,2
0.4019806,7,pca_sar,1,2
0.4185433,7,pca_sar,1,2
0.45384756,7,pca_sar,1,2
0.555851,7,pca_sar,1,2
0.37841958,7,pca_sar,1,2
0.40335178,7,pca_sar,1,2
0.43218523,7,pca_sar,1,2
0.5610674,7,pca_sar,1,2
0.34361532,7,pca_sar,1,2
0.39742422,7,pca_sar,1,2
0.4048593,7,pca_sar,1,2
0.55128706,7,pca_sar,1,2
0.5395284,7,pca_sar,1,2
0.5339974,7,pca_sar,1,2
0.49990666,7,pca_sar,1,2
0.431696,7,pca_sar,1,2
0.46216798,7,pca_sar,1,2
0.46267956,7,pca_sar,1,2
0.4198388,7,pca_sar,1,2
0.453901,7,pca_sar,1,2
0.47776365,7,pca_sar,1,2
0.43245,7,pca_sar,1,2
0.45564115,7,pca_sar,1,2
0.523374,7,pca_sar,1,2
0.5453976,7,pca_sar,1,2
0.42829654,7,pca_sar,1,2
0.38190132,7,pca_sar,1,2
0.41523898,7,pca_sar,1,2
0.41270292,7,pca_sar,1,2
0.41804647,7,pca_sar,1,2
0.47146153,7,pca_sar,1,2
0.4000048,7,pca_sar,1,2
0.3975476,7,pca_sar,1,2
0.36486602,7,pca_sar,1,2
0.42737556,7,pca_sar,1,2
0.48639715,7,pca_sar,1,2
0.35769865,7,pca_sar,1,2
0.32324982,7,pca_sar,1,2
0.24706277,7,pca_sar,1,2
0.3205252,7,pca_sar,1,2
0.42457297,7,pca_sar,1,2
0.287231,7,pca_sar,1,2
0.38841555,7,pca_sar,1,2
0.34020764,7,pca_sar,1,2
0.32923573,7,pca_sar,1,2
0.41717774,7,pca_sar,1,2
0.32536218,7,pca_sar,1,2
0.37617832,7,pca_sar,1,2
0.3373267,7,pca_sar,1,2
0.3204445,7,pca_sar,1,2
0.34754607,7,pca_sar,1,2
0.5793792,7,pca_sar,1,2
0.56137776,7,pca_sar,1,2
0.57815635,7,pca_sar,1,2
0.5505824,7,pca_sar,1,2
0.51517093,7,pca_sar,1,2
0.39745188,7,pca_sar,1,2
0.35371614,7,pca_sar,1,2
0.4251807,7,pca_sar,1,2
0.4561733,7,pca_sar,1,2
0.38609248,7,pca_sar,1,2
0.44700295,7,pca_sar,1,2
0.60575354,6,pca_sar,1,2
0.59593177,6,pca_sar,1,2
0.5982538,6,pca_sar,1,2
0.6143701,6,pca_sar,1,2
0.65586895,6,pca_sar,1,2
0.6489698,6,pca_sar,1,2
0.57092893,6,pca_sar,1,2
0.5869658,6,pca_sar,1,2
0.60489565,6,pca_sar,1,2
0.61747545,6,pca_sar,1,2
0.65898377,6,pca_sar,1,2
0.523916,6,pca_sar,1,2
0.57424814,6,pca_sar,1,2
0.65578735,6,pca_sar,1,2
0.6608808,6,pca_sar,1,2
0.6324942,6,pca_sar,1,2
0.52555555,6,pca_sar,1,2
0.59569997,6,pca_sar,1,2
0.6500182,6,pca_sar,1,2
0.5508709,6,pca_sar,1,2
0.60619736,6,pca_sar,1,2
0.6347699,6,pca_sar,1,2
0.5758344,6,pca_sar,1,2
0.5796249,6,pca_sar,1,2
0.584831,6,pca_sar,1,2
0.5612302,6,pca_sar,1,2
0.56705415,6,pca_sar,1,2
0.5470252,6,pca_sar,1,2
0.5614116,6,pca_sar,1,2
0.5840443,6,pca_sar,1,2
0.58914006,6,pca_sar,1,2
0.5834388,6,pca_sar,1,2
0.64781797,6,pca_sar,1,2
0.6436415,6,pca_sar,1,2
0.6113192,6,pca_sar,1,2
0.59212935,6,pca_sar,1,2
0.5913881,6,pca_sar,1,2
0.62958413,6,pca_sar,1,2
0.62267923,6,pca_sar,1,2
0.61822104,6,pca_sar,1,2
0.6129461,6,pca_sar,1,2
0.61841166,6,pca_sar,1,2
0.64058065,6,pca_sar,1,2
0.5918664,6,pca_sar,1,2
0.5658388,6,pca_sar,1,2
0.58672094,6,pca_sar,1,2
0.609,6,pca_sar,1,2
0.6562237,6,pca_sar,1,2
0.60568124,6,pca_sar,1,2
0.57654524,6,pca_sar,1,2
0.597273,6,pca_sar,1,2
0.57961106,6,pca_sar,1,2
0.54232645,6,pca_sar,1,2
0.5758194,6,pca_sar,1,2
0.5743722,6,pca_sar,1,2
0.56351924,6,pca_sar,1,2
0.60443085,6,pca_sar,1,2
0.62814546,6,pca_sar,1,2
0.62746084,6,pca_sar,1,2
0.5990997,6,pca_sar,1,2
0.6067828,6,pca_sar,1,2
0.6765022,6,pca_sar,1,2
0.6771033,6,pca_sar,1,2
0.563803,6,pca_sar,1,2
0.23354514,3,pca_sar,1,2
0.23696873,3,pca_sar,1,2
0.25858217,3,pca_sar,1,2
0.2844925,3,pca_sar,1,2
0.26903334,3,pca_sar,1,2
0.24658757,3,pca_sar,1,2
0.27522373,3,pca_sar,1,2
0.31944004,3,pca_sar,1,2
0.2998649,3,pca_sar,1,2
0.28815424,3,pca_sar,1,2
0.31488183,3,pca_sar,1,2
0.3335379,3,pca_sar,1,2
0.32073033,3,pca_sar,1,2
0.3125351,3,pca_sar,1,2
0.33529353,3,pca_sar,1,2
0.35275352,3,pca_sar,1,2
0.33786082,3,pca_sar,1,2
0.33116522,3,pca_sar,1,2
0.2658281,3,pca_sar,1,2
0.2834955,3,pca_sar,1,2
0.2742155,3,pca_sar,1,2
0.24902396,3,pca_sar,1,2
0.29685473,3,pca_sar,1,2
0.32536954,3,pca_sar,1,2
0.34955037,3,pca_sar,1,2
0.3511629,3,pca_sar,1,2
0.28212222,3,pca_sar,1,2
0.2695082,3,pca_sar,1,2
0.2652189,3,pca_sar,1,2
0.23426852,3,pca_sar,1,2
0.25206044,3,pca_sar,1,2
0.28766352,3,pca_sar,1,2
0.28801608,3,pca_sar,1,2
0.27296484,3,pca_sar,1,2
0.32687122,3,pca_sar,1,2
0.3691389,3,pca_sar,1,2
0.32495016,3,pca_sar,1,2
0.31385383,3,pca_sar,1,2
0.39712137,3,pca_sar,1,2
0.32713383,3,pca_sar,1,2
0.26242566,3,pca_sar,1,2
0.31251878,3,pca_sar,1,2
0.27877423,3,pca_sar,1,2
0.34570578,3,pca_sar,1,2
0.3499282,3,pca_sar,1,2
0.3114271,3,pca_sar,1,2
0.33501568,3,pca_sar,1,2
0.36601663,3,pca_sar,1,2
0.36779663,3,pca_sar,1,2
0.32947874,3,pca_sar,1,2
0.37589866,3,pca_sar,1,2
0.3602804,3,pca_sar,1,2
0.41142765,3,pca_sar,1,2
0.33570382,3,pca_sar,1,2
0.29188144,3,pca_sar,1,2
0.3347004,3,pca_sar,1,2
0.34165692,3,pca_sar,1,2
0.3672189,3,pca_sar,1,2
0.32828754,3,pca_sar,1,2
0.28982592,3,pca_sar,1,2
0.3835307,3,pca_sar,1,2
0.3746671,3,pca_sar,1,2
0.29667446,3,pca_sar,1,2
0.32958937,3,pca_sar,1,2
0.43144485,3,pca_sar,1,2
0.40134364,3,pca_sar,1,2
0.24600427,3,pca_sar,1,2
0.22714138,3,pca_sar,1,2
0.46605074,3,pca_sar,1,2
0.44082367,3,pca_sar,1,2
0.28857446,3,pca_sar,1,2
0.2629091,3,pca_sar,1,2
0.26559496,3,pca_sar,1,2
0.26607794,3,pca_sar,1,2
0.18988591,3,pca_sar,1,2
0.16520393,3,pca_sar,1,2
0.45989025,3,pca_sar,1,2
0.43860322,3,pca_sar,1,2
0.35417247,3,pca_sar,1,2
0.31745306,3,pca_sar,1,2
0.26252854,3,pca_sar,1,2
0.24811932,3,pca_sar,1,2
0.18172684,3,pca_sar,1,2
0.17048027,3,pca_sar,1,2
0.4428301,3,pca_sar,1,2
0.44862863,3,pca_sar,1,2
0.4302283,3,pca_sar,1,2
0.36417368,3,pca_sar,1,2
0.29272586,3,pca_sar,1,2
0.2806638,3,pca_sar,1,2
0.22127962,3,pca_sar,1,2
0.1899553,3,pca_sar,1,2
0.27015805,3,pca_sar,1,2
0.2512025,3,pca_sar,1,2
0.41558516,3,pca_sar,1,2
0.43819207,3,pca_sar,1,2
0.43683484,3,pca_sar,1,2
0.4389387,3,pca_sar,1,2
0.3759706,3,pca_sar,1,2
0.34737408,3,pca_sar,1,2
0.28631648,3,pca_sar,1,2
0.27732,3,pca_sar,1,2
0.3555121,3,pca_sar,1,2
0.39178175,3,pca_sar,1,2
0.4279124,3,pca_sar,1,2
0.3962118,3,pca_sar,1,2
0.42079648,3,pca_sar,1,2
0.40633696,3,pca_sar,1,2
0.3674056,3,pca_sar,1,2
0.31434685,3,pca_sar,1,2
0.38133156,3,pca_sar,1,2
0.45403653,3,pca_sar,1,2
0.47394487,3,pca_sar,1,2
0.3995239,3,pca_sar,1,2
0.37166238,3,pca_sar,1,2
0.3928162,3,pca_sar,1,2
0.4098177,3,pca_sar,1,2
0.41636172,3,pca_sar,1,2
0.3581637,3,pca_sar,1,2
0.40407747,3,pca_sar,1,2
0.7223996,6,pca_sar,1,2
0.6856669,6,pca_sar,1,2
0.6472703,6,pca_sar,1,2
0.6731776,6,pca_sar,1,2
0.6820484,6,pca_sar,1,2
0.66120315,6,pca_sar,1,2
0.7045598,6,pca_sar,1,2
0.70226645,6,pca_sar,1,2
0.63044685,6,pca_sar,1,2
0.628729,6,pca_sar,1,2
0.64507186,6,pca_sar,1,2
0.6511152,6,pca_sar,1,2
0.68587434,6,pca_sar,1,2
0.6404356,6,pca_sar,1,2
0.62529606,6,pca_sar,1,2
0.67243457,6,pca_sar,1,2
0.6344848,6,pca_sar,1,2
0.69403756,6,pca_sar,1,2
0.6350006,6,pca_sar,1,2
0.6307873,6,pca_sar,1,2
0.66233504,6,pca_sar,1,2
0.6359326,6,pca_sar,1,2
0.6038404,6,pca_sar,1,2
0.6306945,6,pca_sar,1,2
0.6282134,6,pca_sar,1,2
0.6469289,6,pca_sar,1,2
0.70653576,6,pca_sar,1,2
0.572111,6,pca_sar,1,2
0.6098192,6,pca_sar,1,2
0.631008,6,pca_sar,1,2
0.65464914,6,pca_sar,1,2
0.7241048,6,pca_sar,1,2
0.6049303,6,pca_sar,1,2
0.6153596,6,pca_sar,1,2
0.61309886,6,pca_sar,1,2
0.6043726,6,pca_sar,1,2
0.6422994,6,pca_sar,1,2
0.665557,6,pca_sar,1,2
0.6028234,6,pca_sar,1,2
0.61755466,6,pca_sar,1,2
0.61761904,6,pca_sar,1,2
0.6261271,6,pca_sar,1,2
0.6599986,6,pca_sar,1,2
0.61170864,6,pca_sar,1,2
0.6419133,6,pca_sar,1,2
0.7126037,6,pca_sar,1,2
0.73301,6,pca_sar,1,2
0.7348658,6,pca_sar,1,2
0.609854,6,pca_sar,1,2
0.64624214,6,pca_sar,1,2
0.69877416,6,pca_sar,1,2
0.62874067,6,pca_sar,1,2
0.6506772,6,pca_sar,1,2
0.6688159,6,pca_sar,1,2
0.58651817,6,pca_sar,1,2
0.6271814,6,pca_sar,1,2
0.6546265,6,pca_sar,1,2
0.67051387,6,pca_sar,1,2
0.7154721,6,pca_sar,1,2
0.5327294,6,pca_sar,1,2
0.6008185,6,pca_sar,1,2
0.6530744,6,pca_sar,1,2
0.6609103,6,pca_sar,1,2
0.71389663,6,pca_sar,1,2
0.25025326,3,pca_sar,1,2
0.23657814,3,pca_sar,1,2
0.24334607,3,pca_sar,1,2
0.25204602,3,pca_sar,1,2
0.35276625,3,pca_sar,1,2
0.3481468,3,pca_sar,1,2
0.2917344,3,pca_sar,1,2
0.28454912,3,pca_sar,1,2
0.30305856,3,pca_sar,1,2
0.32659906,3,pca_sar,1,2
0.35029197,3,pca_sar,1,2
0.3458119,3,pca_sar,1,2
0.27576184,3,pca_sar,1,2
0.2664879,3,pca_sar,1,2
0.26606116,3,pca_sar,1,2
0.24163999,3,pca_sar,1,2
0.29439798,3,pca_sar,1,2
0.3321771,3,pca_sar,1,2
0.3952067,3,pca_sar,1,2
0.37007844,3,pca_sar,1,2
0.23219413,3,pca_sar,1,2
0.24590299,3,pca_sar,1,2
0.25990862,3,pca_sar,1,2
0.25837886,3,pca_sar,1,2
0.31245267,3,pca_sar,1,2
0.30954608,3,pca_sar,1,2
0.3252458,3,pca_sar,1,2
0.3085885,3,pca_sar,1,2
0.23336144,3,pca_sar,1,2
0.24531853,3,pca_sar,1,2
0.23013997,3,pca_sar,1,2
0.22983032,3,pca_sar,1,2
0.28983295,3,pca_sar,1,2
0.2952617,3,pca_sar,1,2
0.32607248,3,pca_sar,1,2
0.32110608,3,pca_sar,1,2
0.2898205,3,pca_sar,1,2
0.2841084,3,pca_sar,1,2
0.28719476,3,pca_sar,1,2
0.25900075,3,pca_sar,1,2
0.2255933,3,pca_sar,1,2
0.22267243,3,pca_sar,1,2
0.22752589,3,pca_sar,1,2
0.3071262,3,pca_sar,1,2
0.31730485,3,pca_sar,1,2
0.3350777,3,pca_sar,1,2
0.31797117,3,pca_sar,1,2
0.35069406,3,pca_sar,1,2
0.34539482,3,pca_sar,1,2
0.31940144,3,pca_sar,1,2
0.30842227,3,pca_sar,1,2
0.36235803,3,pca_sar,1,2
0.3278439,3,pca_sar,1,2
0.40609324,3,pca_sar,1,2
0.47572136,3,pca_sar,1,2
0.43298262,3,pca_sar,1,2
0.31784144,3,pca_sar,1,2
0.28609896,3,pca_sar,1,2
0.30191773,3,pca_sar,1,2
0.40431118,3,pca_sar,1,2
0.31217787,3,pca_sar,1,2
0.3449559,3,pca_sar,1,2
0.42753285,3,pca_sar,1,2
0.4027603,3,pca_sar,1,2
0.37014848,3,pca_sar,1,2
0.38309485,3,pca_sar,1,2
0.38469407,3,pca_sar,1,2
0.39785948,3,pca_sar,1,2
0.40363413,3,pca_sar,1,2
0.41899067,3,pca_sar,1,2
0.3997031,3,pca_sar,1,2
0.40647298,3,pca_sar,1,2
0.31666782,3,pca_sar,1,2
0.2903225,3,pca_sar,1,2
0.30899513,3,pca_sar,1,2
0.3103674,3,pca_sar,1,2
0.36134374,3,pca_sar,1,2
0.36548012,3,pca_sar,1,2
0.3615221,3,pca_sar,1,2
0.34882414,3,pca_sar,1,2
0.3227405,3,pca_sar,1,2
0.3066971,3,pca_sar,1,2
0.27708125,3,pca_sar,1,2
0.27359313,3,pca_sar,1,2
0.36534497,3,pca_sar,1,2
0.36961013,3,pca_sar,1,2
0.3488338,3,pca_sar,1,2
0.35286134,3,pca_sar,1,2
0.31301314,3,pca_sar,1,2
0.31953746,3,pca_sar,1,2
0.2527566,3,pca_sar,1,2
0.26278818,3,pca_sar,1,2
0.2794814,3,pca_sar,1,2
0.24821536,3,pca_sar,1,2
0.2978406,3,pca_sar,1,2
0.35767835,3,pca_sar,1,2
0.3862782,3,pca_sar,1,2
0.39456156,3,pca_sar,1,2
0.45028964,3,pca_sar,1,2
0.4626561,3,pca_sar,1,2
0.31750786,3,pca_sar,1,2
0.26233888,3,pca_sar,1,2
0.31328872,3,pca_sar,1,2
0.3021209,3,pca_sar,1,2
0.34328845,3,pca_sar,1,2
0.357681,3,pca_sar,1,2
0.36817044,3,pca_sar,1,2
0.41291505,3,pca_sar,1,2
0.39654145,3,pca_sar,1,2
0.31775743,3,pca_sar,1,2
0.3888589,3,pca_sar,1,2
0.37886053,3,pca_sar,1,2
0.40431726,3,pca_sar,1,2
0.36533636,3,pca_sar,1,2
0.3192582,3,pca_sar,1,2
0.36694127,3,pca_sar,1,2
0.44731027,3,pca_sar,1,2
0.4563232,3,pca_sar,1,2
0.39862606,3,pca_sar,1,2
0.33063745,3,pca_sar,1,2
0.59502006,2,pca_sar,1,2
0.5718799,2,pca_sar,1,2
0.5407368,2,pca_sar,1,2
0.52903235,2,pca_sar,1,2
0.5347304,2,pca_sar,1,2
0.557448,2,pca_sar,1,2
0.54990524,2,pca_sar,1,2
0.5284232,2,pca_sar,1,2
0.5122758,2,pca_sar,1,2
0.5586785,2,pca_sar,1,2
0.53755236,2,pca_sar,1,2
0.5424756,2,pca_sar,1,2
0.5334184,2,pca_sar,1,2
0.5380717,2,pca_sar,1,2
0.5542762,2,pca_sar,1,2
0.5553947,2,pca_sar,1,2
0.58402854,2,pca_sar,1,2
0.52161455,2,pca_sar,1,2
0.5283076,2,pca_sar,1,2
0.5286216,2,pca_sar,1,2
0.54353756,2,pca_sar,1,2
0.5516581,2,pca_sar,1,2
0.54003674,2,pca_sar,1,2
0.55999744,2,pca_sar,1,2
0.49595922,2,pca_sar,1,2
0.53785443,2,pca_sar,1,2
0.5331761,2,pca_sar,1,2
0.52716446,2,pca_sar,1,2
0.526079,2,pca_sar,1,2
0.5627115,2,pca_sar,1,2
0.5784071,2,pca_sar,1,2
0.6676475,2,pca_sar,1,2
0.45180148,2,pca_sar,1,2
0.5412286,2,pca_sar,1,2
0.5595373,2,pca_sar,1,2
0.54969615,2,pca_sar,1,2
0.55683404,2,pca_sar,1,2
0.5652113,2,pca_sar,1,2
0.59846354,2,pca_sar,1,2
0.6942032,2,pca_sar,1,2
0.45613092,2,pca_sar,1,2
0.49836683,2,pca_sar,1,2
0.5086163,2,pca_sar,1,2
0.55117893,2,pca_sar,1,2
0.57198274,2,pca_sar,1,2
0.5305812,2,pca_sar,1,2
0.5704575,2,pca_sar,1,2
0.68512774,2,pca_sar,1,2
0.50031483,2,pca_sar,1,2
0.48948562,2,pca_sar,1,2
0.51143765,2,pca_sar,1,2
0.55106735,2,pca_sar,1,2
0.54423565,2,pca_sar,1,2
0.51407117,2,pca_sar,1,2
0.532949,2,pca_sar,1,2
0.68155026,2,pca_sar,1,2
0.53093123,2,pca_sar,1,2
0.5349641,2,pca_sar,1,2
0.5147786,2,pca_sar,1,2
0.52870035,2,pca_sar,1,2
0.52324736,2,pca_sar,1,2
0.524755,2,pca_sar,1,2
0.5451505,2,pca_sar,1,2
0.68601716,2,pca_sar,1,2
0.5249592,2,pca_sar,1,2
0.5419761,2,pca_sar,1,2
0.5412789,2,pca_sar,1,2
0.56579506,2,pca_sar,1,2
0.54677606,2,pca_sar,1,2
0.5339969,2,pca_sar,1,2
0.5533763,2,pca_sar,1,2
0.540082,2,pca_sar,1,2
0.5350885,2,pca_sar,1,2
0.6724181,2,pca_sar,1,2
0.5384942,2,pca_sar,1,2
0.51888347,2,pca_sar,1,2
0.5396678,2,pca_sar,1,2
0.54618573,2,pca_sar,1,2
0.55468345,2,pca_sar,1,2
0.52200854,2,pca_sar,1,2
0.5545945,2,pca_sar,1,2
0.5561603,2,pca_sar,1,2
0.555352,2,pca_sar,1,2
0.6773238,2,pca_sar,1,2
0.54690135,2,pca_sar,1,2
0.5425326,2,pca_sar,1,2
0.5524066,2,pca_sar,1,2
0.544705,2,pca_sar,1,2
0.56135404,2,pca_sar,1,2
0.5509181,2,pca_sar,1,2
0.5520294,2,pca_sar,1,2
0.5505097,2,pca_sar,1,2
0.5719401,2,pca_sar,1,2
0.6871523,2,pca_sar,1,2
0.5502119,2,pca_sar,1,2
0.55515844,2,pca_sar,1,2
0.54571325,2,pca_sar,1,2
0.5551586,2,pca_sar,1,2
0.5593959,2,pca_sar,1,2
0.5380277,2,pca_sar,1,2
0.5117438,2,pca_sar,1,2
0.6109497,2,pca_sar,1,2
0.7133622,2,pca_sar,1,2
0.53475845,2,pca_sar,1,2
0.5369636,2,pca_sar,1,2
0.55671304,2,pca_sar,1,2
0.5754974,2,pca_sar,1,2
0.56091124,2,pca_sar,1,2
0.47684708,2,pca_sar,1,2
0.50668037,2,pca_sar,1,2
0.5277738,2,pca_sar,1,2
0.4984011,2,pca_sar,1,2
0.5006734,2,pca_sar,1,2
0.47425812,2,pca_sar,1,2
0.5215061,2,pca_sar,1,2
0.55717695,2,pca_sar,1,2
0.5195464,2,pca_sar,1,2
0.5227175,2,pca_sar,1,2
0.52475244,2,pca_sar,1,2
0.5590817,2,pca_sar,1,2
0.5267659,2,pca_sar,1,2
0.49408364,2,pca_sar,1,2
0.51604533,2,pca_sar,1,2
0.5342961,2,pca_sar,1,2
0.5336683,2,pca_sar,1,2
0.48622733,2,pca_sar,1,2
0.48379743,2,pca_sar,1,2
0.49009895,2,pca_sar,1,2
0.49166703,2,pca_sar,1,2
0.52359855,2,pca_sar,1,2
0.55932575,2,pca_sar,1,2
0.56696665,2,pca_sar,1,2
0.4425305,2,pca_sar,1,2
0.48616755,2,pca_sar,1,2
0.5590422,2,pca_sar,1,2
0.5541275,2,pca_sar,1,2
0.58962655,2,pca_sar,1,2
0.6090578,2,pca_sar,1,2
0.57423,2,pca_sar,1,2
0.5961586,2,pca_sar,1,2
0.61805177,2,pca_sar,1,2
0.5827636,2,pca_sar,1,2
0.5930946,2,pca_sar,1,2
0.42605224,2,pca_sar,1,2
0.5275472,2,pca_sar,1,2
0.58271056,2,pca_sar,1,2
0.5627049,2,pca_sar,1,2
0.62564373,2,pca_sar,1,2
0.63687325,2,pca_sar,1,2
0.5772846,2,pca_sar,1,2
0.60013294,2,pca_sar,1,2
0.6275198,2,pca_sar,1,2
0.5969373,2,pca_sar,1,2
0.61495566,2,pca_sar,1,2
0.5224614,2,pca_sar,1,2
0.60356516,2,pca_sar,1,2
0.5936136,2,pca_sar,1,2
0.5759995,2,pca_sar,1,2
0.6080789,2,pca_sar,1,2
0.6223125,2,pca_sar,1,2
0.5741363,2,pca_sar,1,2
0.6022242,2,pca_sar,1,2
0.62702084,2,pca_sar,1,2
0.59490013,2,pca_sar,1,2
0.6260905,2,pca_sar,1,2
0.5995405,2,pca_sar,1,2
0.5863347,2,pca_sar,1,2
0.59617776,2,pca_sar,1,2
0.63345236,2,pca_sar,1,2
0.62568843,2,pca_sar,1,2
0.6209772,2,pca_sar,1,2
0.6050299,2,pca_sar,1,2
0.6037632,2,pca_sar,1,2
0.5441261,2,pca_sar,1,2
0.5588236,2,pca_sar,1,2
0.5952448,2,pca_sar,1,2
0.6272963,2,pca_sar,1,2
0.6853849,2,pca_sar,1,2
0.6231956,2,pca_sar,1,2
0.6021061,2,pca_sar,1,2
0.62253857,2,pca_sar,1,2
0.658535,2,pca_sar,1,2
0.6487907,2,pca_sar,1,2
0.6335875,2,pca_sar,1,2
0.62839556,2,pca_sar,1,2
0.60231197,2,pca_sar,1,2
0.54790014,2,pca_sar,1,2
0.57220757,2,pca_sar,1,2
0.5852743,2,pca_sar,1,2
0.5629717,2,pca_sar,1,2
0.58767927,2,pca_sar,1,2
0.55868423,2,pca_sar,1,2
0.60556614,2,pca_sar,1,2
0.5539973,2,pca_sar,1,2
0.5659889,2,pca_sar,1,2
0.59801793,2,pca_sar,1,2
0.6201806,2,pca_sar,1,2
0.6203575,2,pca_sar,1,2
0.6196842,2,pca_sar,1,2
0.62740827,2,pca_sar,1,2
0.62928057,2,pca_sar,1,2
0.6098185,2,pca_sar,1,2
0.63123477,2,pca_sar,1,2
0.613494,2,pca_sar,1,2
0.55950797,2,pca_sar,1,2
0.56048787,2,pca_sar,1,2
0.56116736,2,pca_sar,1,2
0.61644006,2,pca_sar,1,2
0.55603063,2,pca_sar,1,2
0.5638546,2,pca_sar,1,2
0.5851001,2,pca_sar,1,2
0.6060556,2,pca_sar,1,2
0.58991736,2,pca_sar,1,2
0.60031927,2,pca_sar,1,2
0.59377843,2,pca_sar,1,2
0.5951952,2,pca_sar,1,2
0.5979621,2,pca_sar,1,2
0.6182188,2,pca_sar,1,2
0.58510846,2,pca_sar,1,2
0.5464903,2,pca_sar,1,2
0.5561302,2,pca_sar,1,2
0.54451895,2,pca_sar,1,2
0.5651305,2,pca_sar,1,2
0.63851726,2,pca_sar,1,2
0.65234566,2,pca_sar,1,2
0.652798,2,pca_sar,1,2
0.6358645,2,pca_sar,1,2
0.5902084,2,pca_sar,1,2
0.58263755,2,pca_sar,1,2
0.6081456,2,pca_sar,1,2
0.62546146,2,pca_sar,1,2
0.5746306,2,pca_sar,1,2
0.5985018,2,pca_sar,1,2
0.5892029,2,pca_sar,1,2
0.5761694,2,pca_sar,1,2
0.5484799,2,pca_sar,1,2
0.6702024,2,pca_sar,1,2
0.68469554,2,pca_sar,1,2
0.6780517,2,pca_sar,1,2
0.5986611,2,pca_sar,1,2
0.56012523,2,pca_sar,1,2
0.5934242,2,pca_sar,1,2
0.6104075,2,pca_sar,1,2
0.6188477,2,pca_sar,1,2
0.62159884,2,pca_sar,1,2
0.6122464,2,pca_sar,1,2
0.57425916,2,pca_sar,1,2
0.55542034,2,pca_sar,1,2
0.6265129,2,pca_sar,1,2
0.60001975,2,pca_sar,1,2
0.6000368,2,pca_sar,1,2
0.6343292,2,pca_sar,1,2
0.6149818,2,pca_sar,1,2
0.6724051,2,pca_sar,1,2
0.61399186,2,pca_sar,1,2
0.5843153,2,pca_sar,1,2
0.6649488,2,pca_sar,1,2
0.5936373,2,pca_sar,1,2
0.6055964,2,pca_sar,1,2
0.6680789,2,pca_sar,1,2
0.5897366,2,pca_sar,1,2
0.6122002,2,pca_sar,1,2
0.6293199,2,pca_sar,1,2
0.5705581,2,pca_sar,1,2
0.6704925,2,pca_sar,1,2
0.56739223,2,pca_sar,1,2
0.60126615,2,pca_sar,1,2
0.62024677,2,pca_sar,1,2
0.5244031,2,pca_sar,1,2
0.6843885,2,pca_sar,1,2
0.5742977,2,pca_sar,1,2
0.5591165,2,pca_sar,1,2
0.5769595,2,pca_sar,1,2
0.4931828,2,pca_sar,1,2
0.6852258,2,pca_sar,1,2
0.59831107,2,pca_sar,1,2
0.6083945,2,pca_sar,1,2
0.60589254,2,pca_sar,1,2
0.5679556,2,pca_sar,1,2
0.70576906,2,pca_sar,1,2
0.63112974,2,pca_sar,1,2
0.6380595,2,pca_sar,1,2
0.65662384,2,pca_sar,1,2
0.6082918,2,pca_sar,1,2
0.70818806,2,pca_sar,1,2
0.6510795,2,pca_sar,1,2
0.64374655,2,pca_sar,1,2
0.6994635,2,pca_sar,1,2
0.65138686,2,pca_sar,1,2
0.6384232,2,pca_sar,1,2
0.64626807,6,pca_sar,1,2
0.64819074,6,pca_sar,1,2
0.63044095,6,pca_sar,1,2
0.6300653,6,pca_sar,1,2
0.6289444,6,pca_sar,1,2
0.64965224,6,pca_sar,1,2
0.63361895,6,pca_sar,1,2
0.6072967,6,pca_sar,1,2
0.6104821,6,pca_sar,1,2
0.58956015,6,pca_sar,1,2
0.6395152,6,pca_sar,1,2
0.6394445,6,pca_sar,1,2
0.61044306,6,pca_sar,1,2
0.62039685,6,pca_sar,1,2
0.6233741,6,pca_sar,1,2
0.6279521,6,pca_sar,1,2
0.64202344,6,pca_sar,1,2
0.64159465,6,pca_sar,1,2
0.6033777,6,pca_sar,1,2
0.62865114,6,pca_sar,1,2
0.6386209,6,pca_sar,1,2
0.63467985,6,pca_sar,1,2
0.6358571,6,pca_sar,1,2
0.6376315,6,pca_sar,1,2
0.654976,6,pca_sar,1,2
0.6065051,6,pca_sar,1,2
0.5906148,6,pca_sar,1,2
0.6028197,6,pca_sar,1,2
0.65206665,6,pca_sar,1,2
0.6401428,6,pca_sar,1,2
0.6578868,6,pca_sar,1,2
0.646213,6,pca_sar,1,2
0.6077601,6,pca_sar,1,2
0.60854924,6,pca_sar,1,2
0.61384493,6,pca_sar,1,2
0.67943186,6,pca_sar,1,2
0.6944301,6,pca_sar,1,2
0.694523,6,pca_sar,1,2
0.55959463,6,pca_sar,1,2
0.60965073,6,pca_sar,1,2
0.6374466,6,pca_sar,1,2
0.6966354,6,pca_sar,1,2
0.7026461,6,pca_sar,1,2
0.67503595,6,pca_sar,1,2
0.68590003,6,pca_sar,1,2
0.6724098,6,pca_sar,1,2
0.6512465,6,pca_sar,1,2
0.63901687,6,pca_sar,1,2
0.64011765,6,pca_sar,1,2
0.6302842,6,pca_sar,1,2
0.60091436,6,pca_sar,1,2
0.6337529,6,pca_sar,1,2
0.63888395,6,pca_sar,1,2
0.6160302,6,pca_sar,1,2
0.62910426,6,pca_sar,1,2
0.6060932,6,pca_sar,1,2
0.6041545,6,pca_sar,1,2
0.6199862,6,pca_sar,1,2
0.67805827,6,pca_sar,1,2
0.67453134,6,pca_sar,1,2
0.65466785,6,pca_sar,1,2
0.6487863,6,pca_sar,1,2
0.6335101,6,pca_sar,1,2
0.5894287,6,pca_sar,1,2
0.59647155,6,pca_sar,1,2
0.621118,6,pca_sar,1,2
0.6195317,6,pca_sar,1,2
0.6626159,6,pca_sar,1,2
0.65714794,6,pca_sar,1,2
0.64440024,6,pca_sar,1,2
0.6422118,6,pca_sar,1,2
0.65943134,6,pca_sar,1,2
0.62465656,6,pca_sar,1,2
0.63544595,6,pca_sar,1,2
0.65726924,6,pca_sar,1,2
0.67600715,6,pca_sar,1,2
0.64620805,6,pca_sar,1,2
0.63423955,6,pca_sar,1,2
0.65369964,6,pca_sar,1,2
0.6365855,6,pca_sar,1,2
0.65345114,6,pca_sar,1,2
0.6748531,6,pca_sar,1,2
0.677791,6,pca_sar,1,2
0.6566198,6,pca_sar,1,2
0.6273556,6,pca_sar,1,2
0.6385449,6,pca_sar,1,2
0.6227961,6,pca_sar,1,2
0.67697704,6,pca_sar,1,2
0.67987645,6,pca_sar,1,2
0.6563535,6,pca_sar,1,2
0.65171754,6,pca_sar,1,2
0.6627936,6,pca_sar,1,2
0.6482725,6,pca_sar,1,2
0.65670264,6,pca_sar,1,2
0.67427313,6,pca_sar,1,2
0.64568925,6,pca_sar,1,2
0.61536026,6,pca_sar,1,2
0.6433214,6,pca_sar,1,2
0.5099681,2,pca_sar,1,2
0.48962593,2,pca_sar,1,2
0.4578631,2,pca_sar,1,2
0.45158416,2,pca_sar,1,2
0.49572176,2,pca_sar,1,2
0.5091047,2,pca_sar,1,2
0.52709514,2,pca_sar,1,2
0.5032798,2,pca_sar,1,2
0.5184847,2,pca_sar,1,2
0.52851284,2,pca_sar,1,2
0.47277856,2,pca_sar,1,2
0.456965,2,pca_sar,1,2
0.48271865,2,pca_sar,1,2
0.4694818,2,pca_sar,1,2
0.5331551,2,pca_sar,1,2
0.5388775,2,pca_sar,1,2
0.54610497,2,pca_sar,1,2
0.50650775,2,pca_sar,1,2
0.5108633,2,pca_sar,1,2
0.54524857,2,pca_sar,1,2
0.5055834,2,pca_sar,1,2
0.55499136,2,pca_sar,1,2
0.5595514,2,pca_sar,1,2
0.59856397,2,pca_sar,1,2
0.49179327,2,pca_sar,1,2
0.49541238,2,pca_sar,1,2
0.5652001,2,pca_sar,1,2
0.55115616,2,pca_sar,1,2
0.62457967,2,pca_sar,1,2
0.6113652,2,pca_sar,1,2
0.61318547,2,pca_sar,1,2
0.7375887,2,pca_sar,1,2
0.4565987,2,pca_sar,1,2
0.45846468,2,pca_sar,1,2
0.553027,2,pca_sar,1,2
0.56604856,2,pca_sar,1,2
0.6337627,2,pca_sar,1,2
0.6308688,2,pca_sar,1,2
0.6088853,2,pca_sar,1,2
0.73629314,2,pca_sar,1,2
0.5205844,2,pca_sar,1,2
0.5220249,2,pca_sar,1,2
0.5513126,2,pca_sar,1,2
0.55168414,2,pca_sar,1,2
0.6141302,2,pca_sar,1,2
0.6104122,2,pca_sar,1,2
0.6136005,2,pca_sar,1,2
0.73058146,2,pca_sar,1,2
0.5895629,2,pca_sar,1,2
0.589444,2,pca_sar,1,2
0.5858444,2,pca_sar,1,2
0.56468844,2,pca_sar,1,2
0.5992017,2,pca_sar,1,2
0.6393311,2,pca_sar,1,2
0.6176288,2,pca_sar,1,2
0.7246415,2,pca_sar,1,2
0.6108686,2,pca_sar,1,2
0.58826387,2,pca_sar,1,2
0.5490789,2,pca_sar,1,2
0.55702126,2,pca_sar,1,2
0.5934067,2,pca_sar,1,2
0.6272278,2,pca_sar,1,2
0.63384527,2,pca_sar,1,2
0.7289032,2,pca_sar,1,2
0.54950315,2,pca_sar,1,2
0.60327923,2,pca_sar,1,2
0.57668275,2,pca_sar,1,2
0.55370486,2,pca_sar,1,2
0.53587073,2,pca_sar,1,2
0.5521565,2,pca_sar,1,2
0.5749798,2,pca_sar,1,2
0.6113932,2,pca_sar,1,2
0.62971103,2,pca_sar,1,2
0.7100128,2,pca_sar,1,2
0.57054174,2,pca_sar,1,2
0.5931891,2,pca_sar,1,2
0.5456544,2,pca_sar,1,2
0.5218178,2,pca_sar,1,2
0.50803304,2,pca_sar,1,2
0.5008316,2,pca_sar,1,2
0.54708797,2,pca_sar,1,2
0.57812047,2,pca_sar,1,2
0.63230383,2,pca_sar,1,2
0.69245356,2,pca_sar,1,2
0.5561514,2,pca_sar,1,2
0.5795979,2,pca_sar,1,2
0.55075634,2,pca_sar,1,2
0.5219749,2,pca_sar,1,2
0.50730157,2,pca_sar,1,2
0.47848254,2,pca_sar,1,2
0.5076294,2,pca_sar,1,2
0.5339142,2,pca_sar,1,2
0.603353,2,pca_sar,1,2
0.686338,2,pca_sar,1,2
0.51427716,2,pca_sar,1,2
0.5334434,2,pca_sar,1,2
0.55952215,2,pca_sar,1,2
0.5064836,2,pca_sar,1,2
0.50249624,2,pca_sar,1,2
0.47934997,2,pca_sar,1,2
0.4987207,2,pca_sar,1,2
0.5369917,2,pca_sar,1,2
0.66531545,2,pca_sar,1,2
0.4783922,2,pca_sar,1,2
0.51398134,2,pca_sar,1,2
0.49004853,2,pca_sar,1,2
0.5230447,2,pca_sar,1,2
0.5592257,2,pca_sar,1,2
0.5977311,2,pca_sar,1,2
0.5685208,2,pca_sar,1,2
0.6020284,2,pca_sar,1,2
0.61908966,2,pca_sar,1,2
0.62106323,2,pca_sar,1,2
0.5826405,2,pca_sar,1,2
0.5799024,2,pca_sar,1,2
0.60015637,2,pca_sar,1,2
0.6158577,2,pca_sar,1,2
0.63216966,2,pca_sar,1,2
0.6283347,2,pca_sar,1,2
0.5626772,2,pca_sar,1,2
0.5297969,2,pca_sar,1,2
0.56258136,2,pca_sar,1,2
0.6119543,2,pca_sar,1,2
0.6241754,2,pca_sar,1,2
0.60161686,2,pca_sar,1,2
0.5438643,2,pca_sar,1,2
0.49992654,2,pca_sar,1,2
0.56936795,2,pca_sar,1,2
0.62768537,2,pca_sar,1,2
0.6426722,2,pca_sar,1,2
0.6364723,2,pca_sar,1,2
0.6311104,2,pca_sar,1,2
0.4489327,2,pca_sar,1,2
0.5199388,2,pca_sar,1,2
0.63355505,2,pca_sar,1,2
0.65552634,2,pca_sar,1,2
0.65381277,2,pca_sar,1,2
0.64870584,2,pca_sar,1,2
0.61730087,2,pca_sar,1,2
0.6190131,2,pca_sar,1,2
0.6259717,2,pca_sar,1,2
0.6369128,2,pca_sar,1,2
0.613836,2,pca_sar,1,2
0.4597592,2,pca_sar,1,2
0.4897073,2,pca_sar,1,2
0.60108995,2,pca_sar,1,2
0.62766194,2,pca_sar,1,2
0.6698916,2,pca_sar,1,2
0.6392522,2,pca_sar,1,2
0.60265934,2,pca_sar,1,2
0.6278088,2,pca_sar,1,2
0.62439954,2,pca_sar,1,2
0.63015217,2,pca_sar,1,2
0.61530924,2,pca_sar,1,2
0.55356914,2,pca_sar,1,2
0.5738996,2,pca_sar,1,2
0.6374173,2,pca_sar,1,2
0.6372436,2,pca_sar,1,2
0.6621543,2,pca_sar,1,2
0.6478324,2,pca_sar,1,2
0.6196141,2,pca_sar,1,2
0.63188004,2,pca_sar,1,2
0.6305486,2,pca_sar,1,2
0.62053573,2,pca_sar,1,2
0.59551334,2,pca_sar,1,2
0.5806745,2,pca_sar,1,2
0.5960728,2,pca_sar,1,2
0.5902654,2,pca_sar,1,2
0.61900914,2,pca_sar,1,2
0.67570937,2,pca_sar,1,2
0.6632873,2,pca_sar,1,2
0.62456226,2,pca_sar,1,2
0.62384826,2,pca_sar,1,2
0.60844606,2,pca_sar,1,2
0.6247449,2,pca_sar,1,2
0.6149589,2,pca_sar,1,2
0.6104213,2,pca_sar,1,2
0.59541094,2,pca_sar,1,2
0.59082425,2,pca_sar,1,2
0.59596837,2,pca_sar,1,2
0.59723717,2,pca_sar,1,2
0.6002115,2,pca_sar,1,2
0.62804884,2,pca_sar,1,2
0.61721814,2,pca_sar,1,2
0.59939486,2,pca_sar,1,2
0.60044795,2,pca_sar,1,2
0.63924205,2,pca_sar,1,2
0.6585175,2,pca_sar,1,2
0.6741322,2,pca_sar,1,2
0.6564972,2,pca_sar,1,2
0.6293192,2,pca_sar,1,2
0.6152698,2,pca_sar,1,2
0.5918731,2,pca_sar,1,2
0.5219245,2,pca_sar,1,2
0.5426559,2,pca_sar,1,2
0.5751333,2,pca_sar,1,2
0.5796571,2,pca_sar,1,2
0.60994935,2,pca_sar,1,2
0.60616285,2,pca_sar,1,2
0.60804284,2,pca_sar,1,2
0.6240138,2,pca_sar,1,2
0.6503366,2,pca_sar,1,2
0.62566143,2,pca_sar,1,2
0.6225569,2,pca_sar,1,2
0.65531516,2,pca_sar,1,2
0.6588608,2,pca_sar,1,2
0.6662462,2,pca_sar,1,2
0.60534644,2,pca_sar,1,2
0.5509762,2,pca_sar,1,2
0.5497647,2,pca_sar,1,2
0.5523852,2,pca_sar,1,2
0.55896056,2,pca_sar,1,2
0.59528965,2,pca_sar,1,2
0.6190814,2,pca_sar,1,2
0.62906414,2,pca_sar,1,2
0.63007015,2,pca_sar,1,2
0.6399491,2,pca_sar,1,2
0.60124254,2,pca_sar,1,2
0.57481754,2,pca_sar,1,2
0.60149574,2,pca_sar,1,2
0.6667509,2,pca_sar,1,2
0.6898345,2,pca_sar,1,2
0.60653454,2,pca_sar,1,2
0.5996007,2,pca_sar,1,2
0.6155716,2,pca_sar,1,2
0.5936617,2,pca_sar,1,2
0.5662643,2,pca_sar,1,2
0.61395204,2,pca_sar,1,2
0.62345344,2,pca_sar,1,2
0.600155,2,pca_sar,1,2
0.62325674,2,pca_sar,1,2
0.6981367,2,pca_sar,1,2
0.65561664,2,pca_sar,1,2
0.6012892,2,pca_sar,1,2
0.59635997,2,pca_sar,1,2
0.62274444,2,pca_sar,1,2
0.6631986,2,pca_sar,1,2
0.66995955,2,pca_sar,1,2
0.6437795,2,pca_sar,1,2
0.5753515,2,pca_sar,1,2
0.582137,2,pca_sar,1,2
0.56757736,2,pca_sar,1,2
0.61950535,2,pca_sar,1,2
0.6580259,2,pca_sar,1,2
0.6095105,2,pca_sar,1,2
0.6160415,2,pca_sar,1,2
0.60711783,2,pca_sar,1,2
0.56972516,2,pca_sar,1,2
0.5875882,2,pca_sar,1,2
0.5931845,2,pca_sar,1,2
0.5976104,2,pca_sar,1,2
0.6185998,2,pca_sar,1,2
0.61827064,2,pca_sar,1,2
0.7387865,2,pca_sar,1,2
0.6472349,2,pca_sar,1,2
0.60676956,2,pca_sar,1,2
0.76127195,2,pca_sar,1,2
0.6749907,2,pca_sar,1,2
0.6244807,2,pca_sar,1,2
0.72234863,2,pca_sar,1,2
0.63954216,2,pca_sar,1,2
0.6309843,2,pca_sar,1,2
0.64537454,2,pca_sar,1,2
0.6032958,2,pca_sar,1,2
0.7178203,2,pca_sar,1,2
0.6712026,2,pca_sar,1,2
0.6641512,2,pca_sar,1,2
0.6571337,2,pca_sar,1,2
0.6008123,2,pca_sar,1,2
0.7312479,2,pca_sar,1,2
0.6889528,2,pca_sar,1,2
0.703604,2,pca_sar,1,2
0.68667567,2,pca_sar,1,2
0.63390195,2,pca_sar,1,2
0.726691,2,pca_sar,1,2
0.6548823,2,pca_sar,1,2
0.6560882,2,pca_sar,1,2
0.6616972,2,pca_sar,1,2
0.61367345,2,pca_sar,1,2
0.7515571,2,pca_sar,1,2
0.66506976,2,pca_sar,1,2
0.6334543,2,pca_sar,1,2
0.65268683,2,pca_sar,1,2
0.6339869,2,pca_sar,1,2
0.7579902,2,pca_sar,1,2
0.6861808,2,pca_sar,1,2
0.67273146,2,pca_sar,1,2
0.75502086,2,pca_sar,1,2
0.69172174,2,pca_sar,1,2
0.6847396,2,pca_sar,1,2
0.627192,6,pca_sar,1,2
0.5958989,6,pca_sar,1,2
0.5649212,6,pca_sar,1,2
0.58486795,6,pca_sar,1,2
0.59856147,6,pca_sar,1,2
0.61579263,6,pca_sar,1,2
0.5879421,6,pca_sar,1,2
0.57363003,6,pca_sar,1,2
0.5602045,6,pca_sar,1,2
0.6209029,6,pca_sar,1,2
0.6130076,6,pca_sar,1,2
0.6136848,6,pca_sar,1,2
0.6180691,6,pca_sar,1,2
0.5782463,6,pca_sar,1,2
0.579769,6,pca_sar,1,2
0.57027113,6,pca_sar,1,2
0.60072327,6,pca_sar,1,2
0.6578436,6,pca_sar,1,2
0.63104475,6,pca_sar,1,2
0.6178913,6,pca_sar,1,2
0.6069759,6,pca_sar,1,2
0.6043769,6,pca_sar,1,2
0.5900594,6,pca_sar,1,2
0.5981766,6,pca_sar,1,2
0.5731033,6,pca_sar,1,2
0.63653076,6,pca_sar,1,2
0.60490876,6,pca_sar,1,2
0.62921286,6,pca_sar,1,2
0.63745,6,pca_sar,1,2
0.6267513,6,pca_sar,1,2
0.6389371,6,pca_sar,1,2
0.6058599,6,pca_sar,1,2
0.59314764,6,pca_sar,1,2
0.6510886,6,pca_sar,1,2
0.6685388,6,pca_sar,1,2
0.64540255,6,pca_sar,1,2
0.6468949,6,pca_sar,1,2
0.67942953,6,pca_sar,1,2
0.65668833,6,pca_sar,1,2
0.66072536,6,pca_sar,1,2
0.65494096,6,pca_sar,1,2
0.62142956,6,pca_sar,1,2
0.6046761,6,pca_sar,1,2
0.6148602,6,pca_sar,1,2
0.59451085,6,pca_sar,1,2
0.58171475,6,pca_sar,1,2
0.5722336,6,pca_sar,1,2
0.5858209,6,pca_sar,1,2
0.5840197,6,pca_sar,1,2
0.600984,6,pca_sar,1,2
0.62461126,6,pca_sar,1,2
0.6622461,6,pca_sar,1,2
0.6753303,6,pca_sar,1,2
0.6072537,6,pca_sar,1,2
0.62263745,6,pca_sar,1,2
0.6353533,6,pca_sar,1,2
0.65316075,6,pca_sar,1,2
0.67922556,6,pca_sar,1,2
0.6376792,6,pca_sar,1,2
0.6188756,6,pca_sar,1,2
0.628876,6,pca_sar,1,2
0.6316615,6,pca_sar,1,2
0.66177213,6,pca_sar,1,2
0.63400483,6,pca_sar,1,2
0.6352478,6,pca_sar,1,2
0.63622373,6,pca_sar,1,2
0.6333935,6,pca_sar,1,2
0.62201345,6,pca_sar,1,2
0.60545385,6,pca_sar,1,2
0.59783137,6,pca_sar,1,2
0.61148155,6,pca_sar,1,2
0.60269725,6,pca_sar,1,2
0.59556484,6,pca_sar,1,2
0.64153016,6,pca_sar,1,2
0.6250857,6,pca_sar,1,2
0.5986248,6,pca_sar,1,2
0.5897558,6,pca_sar,1,2
0.6238153,6,pca_sar,1,2
0.6031994,6,pca_sar,1,2
0.58435166,6,pca_sar,1,2
0.61086285,6,pca_sar,1,2
0.6235358,6,pca_sar,1,2
0.6161653,6,pca_sar,1,2
0.62342805,6,pca_sar,1,2
0.6028293,6,pca_sar,1,2
0.6274535,6,pca_sar,1,2
0.63920677,6,pca_sar,1,2
0.60987514,6,pca_sar,1,2
0.65009093,6,pca_sar,1,2
0.69914263,6,pca_sar,1,2
0.69266176,6,pca_sar,1,2
0.6732205,6,pca_sar,1,2
0.6489728,6,pca_sar,1,2
0.67108405,6,pca_sar,1,2
0.6361592,6,pca_sar,1,2
0.6124353,6,pca_sar,1,2
0.63586974,6,pca_sar,1,2
0.6199741,6,pca_sar,1,2
0.35053897,4,pca_sar,1,2
0.3388717,4,pca_sar,1,2
0.40230626,4,pca_sar,1,2
0.36663535,4,pca_sar,1,2
0.41832298,4,pca_sar,1,2
0.40170428,4,pca_sar,1,2
0.37660462,4,pca_sar,1,2
0.46228194,4,pca_sar,1,2
0.40393892,4,pca_sar,1,2
0.3849822,4,pca_sar,1,2
0.37578017,4,pca_sar,1,2
0.47168168,4,pca_sar,1,2
0.4455558,4,pca_sar,1,2
0.43024933,4,pca_sar,1,2
0.41815156,4,pca_sar,1,2
0.5017384,4,pca_sar,1,2
0.4440403,4,pca_sar,1,2
0.43997186,4,pca_sar,1,2
0.4337122,4,pca_sar,1,2
0.5041483,4,pca_sar,1,2
0.49002683,4,pca_sar,1,2
0.5147558,4,pca_sar,1,2
0.50480187,4,pca_sar,1,2
0.55720305,4,pca_sar,1,2
0.45580184,4,pca_sar,1,2
0.45632714,4,pca_sar,1,2
0.4722464,4,pca_sar,1,2
0.5656452,4,pca_sar,1,2
0.45239678,4,pca_sar,1,2
0.5030582,4,pca_sar,1,2
0.47876126,4,pca_sar,1,2
0.51850325,4,pca_sar,1,2
0.41698793,4,pca_sar,1,2
0.45713294,4,pca_sar,1,2
0.4003256,4,pca_sar,1,2
0.4500028,4,pca_sar,1,2
0.36199307,4,pca_sar,1,2
0.4053343,4,pca_sar,1,2
0.42807883,4,pca_sar,1,2
0.45793623,4,pca_sar,1,2
0.40792,4,pca_sar,1,2
0.43824214,4,pca_sar,1,2
0.47002983,4,pca_sar,1,2
0.50206375,4,pca_sar,1,2
0.41246924,4,pca_sar,1,2
0.4405707,4,pca_sar,1,2
0.38078582,4,pca_sar,1,2
0.44371277,4,pca_sar,1,2
0.43208253,4,pca_sar,1,2
0.46905184,4,pca_sar,1,2
0.39688247,4,pca_sar,1,2
0.4056911,4,pca_sar,1,2
0.40365818,4,pca_sar,1,2
0.43304417,4,pca_sar,1,2
0.42466617,4,pca_sar,1,2
0.49863648,4,pca_sar,1,2
0.4588557,4,pca_sar,1,2
0.46935314,4,pca_sar,1,2
0.40348887,4,pca_sar,1,2
0.41543502,4,pca_sar,1,2
0.46546155,4,pca_sar,1,2
0.43240333,4,pca_sar,1,2
0.44690698,4,pca_sar,1,2
0.4458881,4,pca_sar,1,2
0.5125659,4,pca_sar,1,2
0.50776434,4,pca_sar,1,2
0.48369795,4,pca_sar,1,2
0.43807733,4,pca_sar,1,2
0.4305872,4,pca_sar,1,2
0.5161367,4,pca_sar,1,2
0.48613155,4,pca_sar,1,2
0.4828716,4,pca_sar,1,2
0.4613759,4,pca_sar,1,2
0.47823554,4,pca_sar,1,2
0.4744584,4,pca_sar,1,2
0.47056168,4,pca_sar,1,2
0.468244,4,pca_sar,1,2
0.5069716,4,pca_sar,1,2
0.46100053,4,pca_sar,1,2
0.45214838,4,pca_sar,1,2
0.4578593,4,pca_sar,1,2
0.48682174,4,pca_sar,1,2
0.49665356,4,pca_sar,1,2
0.4684639,4,pca_sar,1,2
0.44875348,4,pca_sar,1,2
0.42158556,4,pca_sar,1,2
0.46155074,4,pca_sar,1,2
0.375377,4,pca_sar,1,2
0.42555818,4,pca_sar,1,2
0.5107765,4,pca_sar,1,2
0.46574083,4,pca_sar,1,2
0.41870165,4,pca_sar,1,2
0.39863336,4,pca_sar,1,2
0.44338578,4,pca_sar,1,2
0.36556262,4,pca_sar,1,2
0.40231234,4,pca_sar,1,2
0.44331133,4,pca_sar,1,2
0.43078548,4,pca_sar,1,2
0.3760311,4,pca_sar,1,2
0.43609697,4,pca_sar,1,2
0.5080766,4,pca_sar,1,2
0.5662597,4,pca_sar,1,2
0.51859283,4,pca_sar,1,2
0.3698855,4,pca_sar,1,2
0.54815114,4,pca_sar,1,2
0.54890037,4,pca_sar,1,2
0.49896634,4,pca_sar,1,2
0.5240428,4,pca_sar,1,2
0.4816464,4,pca_sar,1,2
0.5296986,4,pca_sar,1,2
0.51260895,4,pca_sar,1,2
0.5505272,4,pca_sar,1,2
0.50898635,4,pca_sar,1,2
0.55775785,4,pca_sar,1,2
0.5314454,4,pca_sar,1,2
0.56236887,4,pca_sar,1,2
0.5451083,4,pca_sar,1,2
0.5001851,4,pca_sar,1,2
0.51868635,4,pca_sar,1,2
0.5351453,4,pca_sar,1,2
0.51164836,4,pca_sar,1,2
0.4978792,4,pca_sar,1,2
0.5090235,4,pca_sar,1,2
0.54880726,4,pca_sar,1,2
0.6340491,4,pca_sar,1,2
0.5438981,4,pca_sar,1,2
0.51802576,4,pca_sar,1,2
0.5646614,4,pca_sar,1,2
0.5737641,4,pca_sar,1,2
0.65324914,4,pca_sar,1,2
0.5495594,4,pca_sar,1,2
0.5289539,4,pca_sar,1,2
0.5576717,4,pca_sar,1,2
0.70702577,4,pca_sar,1,2
0.60936165,4,pca_sar,1,2
0.54763544,4,pca_sar,1,2
0.71372616,4,pca_sar,1,2
0.6189134,4,pca_sar,1,2
0.5666359,4,pca_sar,1,2
0.6560764,4,pca_sar,1,2
0.57689,4,pca_sar,1,2
0.5379664,4,pca_sar,1,2
0.606302,4,pca_sar,1,2
0.54675585,4,pca_sar,1,2
0.24392848,4,pca_sar,1,2
0.33159733,4,pca_sar,1,2
0.30917713,4,pca_sar,1,2
0.3498702,4,pca_sar,1,2
0.4567669,4,pca_sar,1,2
0.45183507,4,pca_sar,1,2
0.40962693,4,pca_sar,1,2
0.47425604,4,pca_sar,1,2
0.48741338,4,pca_sar,1,2
0.48496354,4,pca_sar,1,2
0.42446035,4,pca_sar,1,2
0.48268503,4,pca_sar,1,2
0.5287647,4,pca_sar,1,2
0.48414433,4,pca_sar,1,2
0.38942462,4,pca_sar,1,2
0.48459786,4,pca_sar,1,2
0.5008453,4,pca_sar,1,2
0.44692224,4,pca_sar,1,2
0.41328204,4,pca_sar,1,2
0.5041263,4,pca_sar,1,2
0.5019505,4,pca_sar,1,2
0.46037656,4,pca_sar,1,2
0.45063567,4,pca_sar,1,2
0.52710885,4,pca_sar,1,2
0.5513004,4,pca_sar,1,2
0.5075107,4,pca_sar,1,2
0.4604294,4,pca_sar,1,2
0.5036075,4,pca_sar,1,2
0.597862,4,pca_sar,1,2
0.5677761,4,pca_sar,1,2
0.43565154,4,pca_sar,1,2
0.4891975,4,pca_sar,1,2
0.47403142,4,pca_sar,1,2
0.5097901,4,pca_sar,1,2
0.45343855,4,pca_sar,1,2
0.5544494,4,pca_sar,1,2
0.3414032,4,pca_sar,1,2
0.44493532,4,pca_sar,1,2
0.55286306,4,pca_sar,1,2
0.6351055,4,pca_sar,1,2
0.3693769,4,pca_sar,1,2
0.48094267,4,pca_sar,1,2
0.52910304,4,pca_sar,1,2
0.600255,4,pca_sar,1,2
0.2676231,4,pca_sar,1,2
0.2917177,4,pca_sar,1,2
0.34449244,4,pca_sar,1,2
0.3437571,4,pca_sar,1,2
0.3578486,4,pca_sar,1,2
0.4532802,4,pca_sar,1,2
0.33444387,4,pca_sar,1,2
0.31691593,4,pca_sar,1,2
0.30129558,4,pca_sar,1,2
0.32942408,4,pca_sar,1,2
0.312367,4,pca_sar,1,2
0.36079416,4,pca_sar,1,2
0.3723006,4,pca_sar,1,2
0.3734084,4,pca_sar,1,2
0.37864703,4,pca_sar,1,2
0.3899579,4,pca_sar,1,2
0.34241176,4,pca_sar,1,2
0.29184932,4,pca_sar,1,2
0.38391396,4,pca_sar,1,2
0.36180735,4,pca_sar,1,2
0.3708153,4,pca_sar,1,2
0.47521964,4,pca_sar,1,2
0.4303344,4,pca_sar,1,2
0.41248894,4,pca_sar,1,2
0.45544106,4,pca_sar,1,2
0.41275185,4,pca_sar,1,2
0.2746574,4,pca_sar,1,2
0.34154633,4,pca_sar,1,2
0.32259178,4,pca_sar,1,2
0.5098884,4,pca_sar,1,2
0.48547512,4,pca_sar,1,2
0.42510462,4,pca_sar,1,2
0.47779572,4,pca_sar,1,2
0.51630765,4,pca_sar,1,2
0.42899892,4,pca_sar,1,2
0.46485645,4,pca_sar,1,2
0.46672645,4,pca_sar,1,2
0.43514952,4,pca_sar,1,2
0.40535265,4,pca_sar,1,2
0.410025,4,pca_sar,1,2
0.4809835,4,pca_sar,1,2
0.44094473,4,pca_sar,1,2
0.4749729,4,pca_sar,1,2
0.47455287,4,pca_sar,1,2
0.45631135,4,pca_sar,1,2
0.43017414,4,pca_sar,1,2
0.44270083,4,pca_sar,1,2
0.46413976,4,pca_sar,1,2
0.43936002,4,pca_sar,1,2
0.4710305,4,pca_sar,1,2
0.4883567,4,pca_sar,1,2
0.42058456,4,pca_sar,1,2
0.4220274,4,pca_sar,1,2
0.43456578,4,pca_sar,1,2
0.44325525,4,pca_sar,1,2
0.46012887,4,pca_sar,1,2
0.43101367,4,pca_sar,1,2
0.38771522,4,pca_sar,1,2
0.39925888,4,pca_sar,1,2
0.44011098,4,pca_sar,1,2
0.5577635,4,pca_sar,1,2
0.57775086,4,pca_sar,1,2
0.575441,4,pca_sar,1,2
0.609666,4,pca_sar,1,2
0.54243314,4,pca_sar,1,2
0.5421183,4,pca_sar,1,2
0.58596516,4,pca_sar,1,2
0.6484479,4,pca_sar,1,2
0.5628568,4,pca_sar,1,2
0.57984203,4,pca_sar,1,2
0.59744024,4,pca_sar,1,2
0.60491395,4,pca_sar,1,2
0.53586286,4,pca_sar,1,2
0.5494406,4,pca_sar,1,2
0.550634,4,pca_sar,1,2
0.6056581,4,pca_sar,1,2
0.5212664,4,pca_sar,1,2
0.5260211,4,pca_sar,1,2
0.5611204,4,pca_sar,1,2
0.5725981,4,pca_sar,1,2
0.6255837,4,pca_sar,1,2
0.55181056,4,pca_sar,1,2
0.5406931,4,pca_sar,1,2
0.5731733,4,pca_sar,1,2
0.5934396,4,pca_sar,1,2
0.628175,4,pca_sar,1,2
0.5690342,4,pca_sar,1,2
0.5602877,4,pca_sar,1,2
0.54341626,4,pca_sar,1,2
0.60638607,4,pca_sar,1,2
0.53972644,4,pca_sar,1,2
0.52188766,4,pca_sar,1,2
0.6222498,4,pca_sar,1,2
0.5242741,4,pca_sar,1,2
0.5022424,4,pca_sar,1,2
0.63931274,4,pca_sar,1,2
0.57349867,4,pca_sar,1,2
0.52660394,4,pca_sar,1,2
0.6394842,4,pca_sar,1,2
0.58090776,4,pca_sar,1,2
0.6411289,6,pca_sar,1,2
0.63260865,6,pca_sar,1,2
0.71971846,6,pca_sar,1,2
0.64641297,6,pca_sar,1,2
0.6635504,6,pca_sar,1,2
0.73984027,6,pca_sar,1,2
0.758662,6,pca_sar,1,2
0.72483474,6,pca_sar,1,2
0.5520898,6,pca_sar,1,2
0.5529915,6,pca_sar,1,2
0.5120996,6,pca_sar,1,2
0.38579217,6,pca_sar,1,2
0.4233195,6,pca_sar,1,2
0.56769276,6,pca_sar,1,2
0.6150471,6,pca_sar,1,2
0.57611567,6,pca_sar,1,2
0.5459161,6,pca_sar,1,2
0.54004896,6,pca_sar,1,2
0.54046655,6,pca_sar,1,2
0.53216267,6,pca_sar,1,2
0.535592,6,pca_sar,1,2
0.53913295,6,pca_sar,1,2
0.50968903,6,pca_sar,1,2
0.60325325,6,pca_sar,1,2
0.5781468,6,pca_sar,1,2
0.5415517,6,pca_sar,1,2
0.53888404,6,pca_sar,1,2
0.5492322,6,pca_sar,1,2
0.52117485,6,pca_sar,1,2
0.5288619,6,pca_sar,1,2
0.4882809,6,pca_sar,1,2
0.43463114,6,pca_sar,1,2
0.63380593,6,pca_sar,1,2
0.5547495,6,pca_sar,1,2
0.6295359,6,pca_sar,1,2
0.5875093,6,pca_sar,1,2
0.48207414,6,pca_sar,1,2
0.40799123,6,pca_sar,1,2
0.22720642,6,pca_sar,1,2
0.6088736,6,pca_sar,1,2
0.54987454,6,pca_sar,1,2
0.481565,6,pca_sar,1,2
0.36872202,6,pca_sar,1,2
0.43259043,6,pca_sar,1,2
0.5764684,6,pca_sar,1,2
0.5465542,6,pca_sar,1,2
0.66308546,6,pca_sar,1,2
0.5609665,6,pca_sar,1,2
0.5626724,6,pca_sar,1,2
0.65543026,6,pca_sar,1,2
0.6618793,6,pca_sar,1,2
0.6740338,6,pca_sar,1,2
0.5583452,6,pca_sar,1,2
0.5389077,6,pca_sar,1,2
0.49798772,6,pca_sar,1,2
0.43980393,6,pca_sar,1,2
0.4536479,6,pca_sar,1,2
0.5858293,6,pca_sar,1,2
0.5627208,6,pca_sar,1,2
0.5626327,6,pca_sar,1,2
0.50907516,6,pca_sar,1,2
0.4745962,6,pca_sar,1,2
0.6006578,6,pca_sar,1,2
0.5483437,6,pca_sar,1,2
0.5079734,6,pca_sar,1,2
0.4723063,6,pca_sar,1,2
0.52568597,6,pca_sar,1,2
0.43913507,6,pca_sar,1,2
0.5754024,6,pca_sar,1,2
0.5830334,6,pca_sar,1,2
0.56055707,6,pca_sar,1,2
0.572913,6,pca_sar,1,2
0.59729385,6,pca_sar,1,2
0.6000533,6,pca_sar,1,2
0.4008035,6,pca_sar,1,2
0.36043316,6,pca_sar,1,2
0.58034146,6,pca_sar,1,2
0.51572967,6,pca_sar,1,2
0.6116959,6,pca_sar,1,2
0.53814083,6,pca_sar,1,2
0.49703452,6,pca_sar,1,2
0.5696399,6,pca_sar,1,2
0.66359097,6,pca_sar,1,2
0.64476186,6,pca_sar,1,2
0.55562794,6,pca_sar,1,2
0.552017,6,pca_sar,1,2
0.5628554,6,pca_sar,1,2
0.58188343,6,pca_sar,1,2
0.43250573,6,pca_sar,1,2
0.4146416,6,pca_sar,1,2
0.43667656,6,pca_sar,1,2
0.4904269,6,pca_sar,1,2
0.46915928,6,pca_sar,1,2
0.46388596,6,pca_sar,1,2
0.46706465,6,pca_sar,1,2
0.39954442,6,pca_sar,1,2
0.4991492,6,pca_sar,1,2
0.48302457,6,pca_sar,1,2
0.48685962,6,pca_sar,1,2
0.41699567,6,pca_sar,1,2
0.45790192,6,pca_sar,1,2
0.4927047,6,pca_sar,1,2
0.5176227,6,pca_sar,1,2
0.4126282,6,pca_sar,1,2
0.40232417,6,pca_sar,1,2
0.42141291,6,pca_sar,1,2
0.43852448,6,pca_sar,1,2
0.37961346,6,pca_sar,1,2
0.4370388,6,pca_sar,1,2
0.51994,6,pca_sar,1,2
0.55160755,6,pca_sar,1,2
0.45442045,6,pca_sar,1,2
0.45275515,6,pca_sar,1,2
0.47319475,6,pca_sar,1,2
0.4857986,6,pca_sar,1,2
0.4074502,6,pca_sar,1,2
0.47174534,6,pca_sar,1,2
0.54643786,6,pca_sar,1,2
0.53822047,6,pca_sar,1,2
0.36794963,6,pca_sar,1,2
0.37086707,6,pca_sar,1,2
0.49037063,6,pca_sar,1,2
0.4827877,6,pca_sar,1,2
0.42519578,6,pca_sar,1,2
0.43151224,6,pca_sar,1,2
0.45131713,6,pca_sar,1,2
0.4710268,6,pca_sar,1,2
0.35104814,6,pca_sar,1,2
0.35234475,6,pca_sar,1,2
0.4690231,6,pca_sar,1,2
0.47451356,6,pca_sar,1,2
0.45103848,6,pca_sar,1,2
0.41360718,6,pca_sar,1,2
0.4058104,6,pca_sar,1,2
0.46322468,6,pca_sar,1,2
0.41755638,6,pca_sar,1,2
0.3856938,6,pca_sar,1,2
0.44106168,6,pca_sar,1,2
0.44892636,6,pca_sar,1,2
0.43598804,6,pca_sar,1,2
0.4233852,6,pca_sar,1,2
0.432291,6,pca_sar,1,2
0.5102455,6,pca_sar,1,2
0.4190454,6,pca_sar,1,2
0.38785735,6,pca_sar,1,2
0.44113988,6,pca_sar,1,2
0.44346133,6,pca_sar,1,2
0.41979682,6,pca_sar,1,2
0.41532275,6,pca_sar,1,2
0.4528246,6,pca_sar,1,2
0.43513486,6,pca_sar,1,2
0.47586954,6,pca_sar,1,2
0.40311044,6,pca_sar,1,2
0.447913,6,pca_sar,1,2
0.43390268,6,pca_sar,1,2
0.46923482,6,pca_sar,1,2
0.52551955,6,pca_sar,1,2
0.5530598,6,pca_sar,1,2
0.55704814,6,pca_sar,1,2
0.49853882,6,pca_sar,1,2
0.6057422,6,pca_sar,1,2
0.5783335,6,pca_sar,1,2
0.56193453,6,pca_sar,1,2
0.5209646,6,pca_sar,1,2
0.6186563,6,pca_sar,1,2
0.6423171,6,pca_sar,1,2
0.61784476,6,pca_sar,1,2
0.55993867,6,pca_sar,1,2
0.50948155,6,pca_sar,1,2
0.56550646,6,pca_sar,1,2
0.5707041,6,pca_sar,1,2
0.5352224,6,pca_sar,1,2
0.5177881,6,pca_sar,1,2
0.52157444,6,pca_sar,1,2
0.4848296,6,pca_sar,1,2
0.4121052,6,pca_sar,1,2
0.47769564,6,pca_sar,1,2
0.4939469,6,pca_sar,1,2
0.5253967,6,pca_sar,1,2
0.5295166,6,pca_sar,1,2
0.52962995,6,pca_sar,1,2
0.51412094,6,pca_sar,1,2
0.50353646,6,pca_sar,1,2
0.45172846,6,pca_sar,1,2
0.45817524,6,pca_sar,1,2
0.48799208,6,pca_sar,1,2
0.51751846,6,pca_sar,1,2
0.5712235,6,pca_sar,1,2
0.56370157,6,pca_sar,1,2
0.523096,6,pca_sar,1,2
0.50472456,6,pca_sar,1,2
0.47920808,6,pca_sar,1,2
0.47191697,6,pca_sar,1,2
0.47956145,6,pca_sar,1,2
0.5063887,6,pca_sar,1,2
0.56832623,6,pca_sar,1,2
0.56034243,6,pca_sar,1,2
0.5267334,6,pca_sar,1,2
0.50338566,6,pca_sar,1,2
0.4846791,6,pca_sar,1,2
0.4879955,6,pca_sar,1,2
0.51785105,6,pca_sar,1,2
0.54520065,6,pca_sar,1,2
0.5373819,6,pca_sar,1,2
0.4980899,6,pca_sar,1,2
0.48801327,6,pca_sar,1,2
0.48057,6,pca_sar,1,2
0.49587178,6,pca_sar,1,2
0.46503103,6,pca_sar,1,2
0.4927243,6,pca_sar,1,2
0.4877596,6,pca_sar,1,2
0.48613167,6,pca_sar,1,2
0.49635786,6,pca_sar,1,2
0.5457908,6,pca_sar,1,2
0.5247417,6,pca_sar,1,2
0.52434665,6,pca_sar,1,2
0.5343828,6,pca_sar,1,2
0.51941943,6,pca_sar,1,2
0.49706239,6,pca_sar,1,2
0.48758566,6,pca_sar,1,2
0.53522944,6,pca_sar,1,2
0.52446645,6,pca_sar,1,2
0.5155411,6,pca_sar,1,2
0.4805651,6,pca_sar,1,2
0.35859925,5,pca_sar,1,2
0.36797282,5,pca_sar,1,2
0.3602404,5,pca_sar,1,2
0.37727088,5,pca_sar,1,2
0.40753388,5,pca_sar,1,2
0.40483,5,pca_sar,1,2
0.34491128,5,pca_sar,1,2
0.3604044,5,pca_sar,1,2
0.4406135,5,pca_sar,1,2
0.42890745,5,pca_sar,1,2
0.41601133,5,pca_sar,1,2
0.4195838,5,pca_sar,1,2
0.34797567,5,pca_sar,1,2
0.3536989,5,pca_sar,1,2
0.40509138,5,pca_sar,1,2
0.43948615,5,pca_sar,1,2
0.32302225,5,pca_sar,1,2
0.37394634,5,pca_sar,1,2
0.42880103,5,pca_sar,1,2
0.44541627,5,pca_sar,1,2
0.357821,5,pca_sar,1,2
0.3801136,5,pca_sar,1,2
0.36898047,5,pca_sar,1,2
0.3816815,5,pca_sar,1,2
0.41219068,5,pca_sar,1,2
0.3846479,5,pca_sar,1,2
0.35582247,5,pca_sar,1,2
0.366175,5,pca_sar,1,2
0.38950628,5,pca_sar,1,2
0.34572166,5,pca_sar,1,2
0.3318685,5,pca_sar,1,2
0.35711968,5,pca_sar,1,2
0.35000914,5,pca_sar,1,2
0.41594422,5,pca_sar,1,2
0.42788476,5,pca_sar,1,2
0.41708124,5,pca_sar,1,2
0.44561738,5,pca_sar,1,2
0.38809064,6,pca_sar,1,2
0.47478142,6,pca_sar,1,2
0.50740606,6,pca_sar,1,2
0.42795917,6,pca_sar,1,2
0.43191516,6,pca_sar,1,2
0.42249322,6,pca_sar,1,2
0.45829123,6,pca_sar,1,2
0.46444172,6,pca_sar,1,2
0.4848955,6,pca_sar,1,2
0.46456456,6,pca_sar,1,2
0.525771,6,pca_sar,1,2
0.5404835,6,pca_sar,1,2
0.47600925,6,pca_sar,1,2
0.48918653,6,pca_sar,1,2
0.5098727,6,pca_sar,1,2
0.53955835,6,pca_sar,1,2
0.5001296,6,pca_sar,1,2
0.47537526,6,pca_sar,1,2
0.4747644,6,pca_sar,1,2
0.41794175,6,pca_sar,1,2
0.48177975,6,pca_sar,1,2
0.5065808,6,pca_sar,1,2
0.5109425,6,pca_sar,1,2
0.5021319,6,pca_sar,1,2
0.47291416,6,pca_sar,1,2
0.45484874,6,pca_sar,1,2
0.46804884,6,pca_sar,1,2
0.39437833,6,pca_sar,1,2
0.53156245,6,pca_sar,1,2
0.60572475,6,pca_sar,1,2
0.6271061,6,pca_sar,1,2
0.5033022,6,pca_sar,1,2
0.47033724,6,pca_sar,1,2
0.384491,6,pca_sar,1,2
0.41490918,6,pca_sar,1,2
0.40253502,6,pca_sar,1,2
0.5256578,6,pca_sar,1,2
0.55472296,6,pca_sar,1,2
0.5891781,6,pca_sar,1,2
0.5030415,6,pca_sar,1,2
0.50794876,6,pca_sar,1,2
0.3933777,6,pca_sar,1,2
0.4456343,6,pca_sar,1,2
0.44737074,6,pca_sar,1,2
0.5189485,6,pca_sar,1,2
0.5386783,6,pca_sar,1,2
0.5575207,6,pca_sar,1,2
0.49781454,6,pca_sar,1,2
0.5032295,6,pca_sar,1,2
0.41409016,6,pca_sar,1,2
0.41213822,6,pca_sar,1,2
0.5110337,6,pca_sar,1,2
0.4974399,6,pca_sar,1,2
0.55551815,6,pca_sar,1,2
0.5682696,6,pca_sar,1,2
0.4497713,6,pca_sar,1,2
0.42992836,6,pca_sar,1,2
0.4208641,6,pca_sar,1,2
0.41736686,6,pca_sar,1,2
0.5110789,6,pca_sar,1,2
0.48083818,6,pca_sar,1,2
0.47065294,6,pca_sar,1,2
0.45542878,6,pca_sar,1,2
0.45751685,6,pca_sar,1,2
0.5389262,6,pca_sar,1,2
0.45918038,6,pca_sar,1,2
0.45186597,6,pca_sar,1,2
0.42057574,6,pca_sar,1,2
0.34098175,5,pca_sar,1,2
0.37378207,5,pca_sar,1,2
0.40842605,5,pca_sar,1,2
0.43765107,5,pca_sar,1,2
0.45583302,5,pca_sar,1,2
0.46122843,5,pca_sar,1,2
0.41868111,5,pca_sar,1,2
0.45783433,5,pca_sar,1,2
0.55620563,5,pca_sar,1,2
0.50181377,5,pca_sar,1,2
0.47535446,5,pca_sar,1,2
0.4820649,5,pca_sar,1,2
0.5105651,5,pca_sar,1,2
0.44093418,5,pca_sar,1,2
0.43376487,5,pca_sar,1,2
0.4371696,5,pca_sar,1,2
0.45708475,5,pca_sar,1,2
0.42453966,5,pca_sar,1,2
0.44440353,5,pca_sar,1,2
0.45294482,5,pca_sar,1,2
0.46750745,5,pca_sar,1,2
0.44650167,5,pca_sar,1,2
0.46393913,5,pca_sar,1,2
0.5053585,5,pca_sar,1,2
0.47127983,5,pca_sar,1,2
0.44004047,5,pca_sar,1,2
0.44685,5,pca_sar,1,2
0.48210782,5,pca_sar,1,2
0.3583086,5,pca_sar,1,2
0.36657327,5,pca_sar,1,2
0.3836872,5,pca_sar,1,2
0.35592207,5,pca_sar,1,2
0.40026408,5,pca_sar,1,2
0.36545226,5,pca_sar,1,2
0.3918543,5,pca_sar,1,2
0.34725893,5,pca_sar,1,2
0.37731975,5,pca_sar,1,2
0.52631384,6,pca_sar,1,2
0.5396601,6,pca_sar,1,2
0.5959095,6,pca_sar,1,2
0.53419316,6,pca_sar,1,2
0.49668092,6,pca_sar,1,2
0.4348607,6,pca_sar,1,2
0.4557876,6,pca_sar,1,2
0.46165812,6,pca_sar,1,2
0.5020529,6,pca_sar,1,2
0.43740883,6,pca_sar,1,2
0.42030558,6,pca_sar,1,2
0.4262696,6,pca_sar,1,2
0.5438514,6,pca_sar,1,2
0.4428843,6,pca_sar,1,2
0.4505122,6,pca_sar,1,2
0.43636054,6,pca_sar,1,2
0.42534783,6,pca_sar,1,2
0.4779655,6,pca_sar,1,2
0.46718463,6,pca_sar,1,2
0.3747323,6,pca_sar,1,2
0.5557301,6,pca_sar,1,2
0.49192545,6,pca_sar,1,2
0.48052752,6,pca_sar,1,2
0.4638716,6,pca_sar,1,2
0.4823735,6,pca_sar,1,2
0.54854584,6,pca_sar,1,2
0.59275395,6,pca_sar,1,2
0.46903747,6,pca_sar,1,2
0.5441104,6,pca_sar,1,2
0.55164516,6,pca_sar,1,2
0.5140053,6,pca_sar,1,2
0.47972438,6,pca_sar,1,2
0.47880048,6,pca_sar,1,2
0.5462177,6,pca_sar,1,2
0.5747422,6,pca_sar,1,2
0.48175123,6,pca_sar,1,2
0.5467245,6,pca_sar,1,2
0.5628057,6,pca_sar,1,2
0.5564753,6,pca_sar,1,2
0.5037417,6,pca_sar,1,2
0.47832856,6,pca_sar,1,2
0.4802001,6,pca_sar,1,2
0.48768815,6,pca_sar,1,2
0.43656942,6,pca_sar,1,2
0.51394624,6,pca_sar,1,2
0.50673974,6,pca_sar,1,2
0.5030985,6,pca_sar,1,2
0.54180527,6,pca_sar,1,2
0.51340413,6,pca_sar,1,2
0.4674607,6,pca_sar,1,2
0.47212276,6,pca_sar,1,2
0.4475438,6,pca_sar,1,2
0.44153744,6,pca_sar,1,2
0.4465302,6,pca_sar,1,2
0.4642465,6,pca_sar,1,2
0.5200888,6,pca_sar,1,2
0.5265874,6,pca_sar,1,2
0.50304294,6,pca_sar,1,2
0.46689123,6,pca_sar,1,2
0.43448767,6,pca_sar,1,2
0.516723,6,pca_sar,1,2
0.5357763,6,pca_sar,1,2
0.48308557,6,pca_sar,1,2
0.42604774,6,pca_sar,1,2
0.55142546,6,pca_sar,1,2
0.5365397,6,pca_sar,1,2
0.48542574,6,pca_sar,1,2
0.45347628,6,pca_sar,1,2
0.3370551,7,pca_sar,1,2
0.3512236,7,pca_sar,1,2
0.38533384,7,pca_sar,1,2
0.34442425,7,pca_sar,1,2
0.33509472,7,pca_sar,1,2
0.3099247,7,pca_sar,1,2
0.33500642,7,pca_sar,1,2
0.33902538,7,pca_sar,1,2
0.3659879,7,pca_sar,1,2
0.34924394,7,pca_sar,1,2
0.35682258,7,pca_sar,1,2
0.33561003,7,pca_sar,1,2
0.31220058,7,pca_sar,1,2
0.32937312,7,pca_sar,1,2
0.3115248,7,pca_sar,1,2
0.44182518,7,pca_sar,1,2
0.44279388,7,pca_sar,1,2
0.46190205,7,pca_sar,1,2
0.4525734,7,pca_sar,1,2
0.4579996,7,pca_sar,1,2
0.4466958,7,pca_sar,1,2
0.4384358,7,pca_sar,1,2
0.46964163,7,pca_sar,1,2
0.45794374,7,pca_sar,1,2
0.47945836,7,pca_sar,1,2
0.45069918,7,pca_sar,1,2
0.42772287,7,pca_sar,1,2
0.44003257,7,pca_sar,1,2
0.48235428,7,pca_sar,1,2
0.4116094,7,pca_sar,1,2
0.3557454,7,pca_sar,1,2
0.43059093,7,pca_sar,1,2
0.45126417,7,pca_sar,1,2
0.46488458,7,pca_sar,1,2
0.43599585,7,pca_sar,1,2
0.39801183,7,pca_sar,1,2
0.43313804,7,pca_sar,1,2
0.395251,7,pca_sar,1,2
0.33588943,7,pca_sar,1,2
0.5300119,7,pca_sar,1,2
0.5002265,7,pca_sar,1,2
0.524227,7,pca_sar,1,2
0.53896385,7,pca_sar,1,2
0.50524986,7,pca_sar,1,2
0.47728348,7,pca_sar,1,2
0.47375444,7,pca_sar,1,2
0.44127595,7,pca_sar,1,2
0.39148375,7,pca_sar,1,2
0.5259097,7,pca_sar,1,2
0.5295919,7,pca_sar,1,2
0.6050413,7,pca_sar,1,2
0.6161701,7,pca_sar,1,2
0.4449996,5,pca_sar,1,2
0.47159648,5,pca_sar,1,2
0.5081605,5,pca_sar,1,2
0.41328162,5,pca_sar,1,2
0.38318732,5,pca_sar,1,2
0.4268132,5,pca_sar,1,2
0.5026868,5,pca_sar,1,2
0.40441176,5,pca_sar,1,2
0.42049247,5,pca_sar,1,2
0.46513146,5,pca_sar,1,2
0.5181775,5,pca_sar,1,2
0.44063032,5,pca_sar,1,2
0.4498152,5,pca_sar,1,2
0.46591067,5,pca_sar,1,2
0.3975916,5,pca_sar,1,2
0.3675083,5,pca_sar,1,2
0.42710513,5,pca_sar,1,2
0.47158036,5,pca_sar,1,2
0.41765153,5,pca_sar,1,2
0.4095561,5,pca_sar,1,2
0.37391788,5,pca_sar,1,2
0.48214918,5,pca_sar,1,2
0.51156616,5,pca_sar,1,2
0.46114397,5,pca_sar,1,2
0.3986985,5,pca_sar,1,2
0.4453717,5,pca_sar,1,2
0.4727189,5,pca_sar,1,2
0.44439745,5,pca_sar,1,2
0.40008527,5,pca_sar,1,2
0.41357774,5,pca_sar,1,2
0.39753705,5,pca_sar,1,2
0.32001773,5,pca_sar,1,2
0.34855524,5,pca_sar,1,2
0.38610515,5,pca_sar,1,2
0.45050174,5,pca_sar,1,2
0.42541915,5,pca_sar,1,2
0.45004094,5,pca_sar,1,2
0.44865766,5,pca_sar,1,2
0.3978077,5,pca_sar,1,2
0.3682742,5,pca_sar,1,2
0.38280445,5,pca_sar,1,2
0.55285335,5,pca_sar,1,2
0.49432635,5,pca_sar,1,2
0.39637774,5,pca_sar,1,2
0.42253286,5,pca_sar,1,2
0.48409578,5,pca_sar,1,2
0.51830786,5,pca_sar,1,2
0.44166774,5,pca_sar,1,2
0.44891775,5,pca_sar,1,2
0.4289708,5,pca_sar,1,2
0.4858021,5,pca_sar,1,2
0.42744654,5,pca_sar,1,2
0.41955283,5,pca_sar,1,2
0.45791405,5,pca_sar,1,2
0.5438777,5,pca_sar,1,2
0.49264055,5,pca_sar,1,2
0.46415436,5,pca_sar,1,2
0.37454945,5,pca_sar,1,2
0.43581623,5,pca_sar,1,2
0.45831645,5,pca_sar,1,2
0.4219926,5,pca_sar,1,2
0.40418917,5,pca_sar,1,2
0.42203525,5,pca_sar,1,2
0.37696072,5,pca_sar,1,2
0.38389894,5,pca_sar,1,2
0.44384825,5,pca_sar,1,2
0.45618597,5,pca_sar,1,2
0.42748427,5,pca_sar,1,2
0.40816334,5,pca_sar,1,2
0.42663148,5,pca_sar,1,2
0.4220633,5,pca_sar,1,2
0.42107013,5,pca_sar,1,2
0.3880881,5,pca_sar,1,2
0.44775942,5,pca_sar,1,2
0.44415328,3,pca_sar,1,2
0.49122137,3,pca_sar,1,2
0.47112572,3,pca_sar,1,2
0.49407148,3,pca_sar,1,2
0.443378,3,pca_sar,1,2
0.49365863,3,pca_sar,1,2
0.31252208,3,pca_sar,1,2
0.2815008,3,pca_sar,1,2
0.34604672,3,pca_sar,1,2
0.40098268,3,pca_sar,1,2
0.47980097,3,pca_sar,1,2
0.46807578,3,pca_sar,1,2
0.4606871,3,pca_sar,1,2
0.34756035,3,pca_sar,1,2
0.33082986,3,pca_sar,1,2
0.35690075,3,pca_sar,1,2
0.40802777,3,pca_sar,1,2
0.47038507,3,pca_sar,1,2
0.4939283,3,pca_sar,1,2
0.47833154,3,pca_sar,1,2
0.3743587,3,pca_sar,1,2
0.36353067,3,pca_sar,1,2
0.36968157,3,pca_sar,1,2
0.4009748,3,pca_sar,1,2
0.43786252,3,pca_sar,1,2
0.44458148,3,pca_sar,1,2
0.4707543,3,pca_sar,1,2
0.60438037,3,pca_sar,1,2
0.43123972,3,pca_sar,1,2
0.43096447,3,pca_sar,1,2
0.38467294,3,pca_sar,1,2
0.37847835,3,pca_sar,1,2
0.39361805,3,pca_sar,1,2
0.43616742,3,pca_sar,1,2
0.4346506,3,pca_sar,1,2
0.53454787,3,pca_sar,1,2
0.49428016,3,pca_sar,1,2
0.49098396,3,pca_sar,1,2
0.46191213,3,pca_sar,1,2
0.4739018,3,pca_sar,1,2
0.3782668,3,pca_sar,1,2
0.3316682,3,pca_sar,1,2
0.33083287,3,pca_sar,1,2
0.37663594,3,pca_sar,1,2
0.39058137,3,pca_sar,1,2
0.5033649,3,pca_sar,1,2
0.42126063,3,pca_sar,1,2
0.43731302,3,pca_sar,1,2
0.46483064,3,pca_sar,1,2
0.44820428,3,pca_sar,1,2
0.37162653,3,pca_sar,1,2
0.3434627,3,pca_sar,1,2
0.38013607,3,pca_sar,1,2
0.36451072,3,pca_sar,1,2
0.3372936,3,pca_sar,1,2
0.42947435,3,pca_sar,1,2
0.47326097,3,pca_sar,1,2
0.45587558,3,pca_sar,1,2
0.45261818,3,pca_sar,1,2
0.4237222,3,pca_sar,1,2
0.3634683,3,pca_sar,1,2
0.4051235,3,pca_sar,1,2
0.4922878,3,pca_sar,1,2
0.44042662,3,pca_sar,1,2
0.3652343,3,pca_sar,1,2
0.46789196,3,pca_sar,1,2
0.40926686,3,pca_sar,1,2
0.43784386,3,pca_sar,1,2
0.45906454,3,pca_sar,1,2
0.42782187,3,pca_sar,1,2
0.34198317,3,pca_sar,1,2
0.37554792,3,pca_sar,1,2
0.44767022,3,pca_sar,1,2
0.4059646,3,pca_sar,1,2
0.37887025,3,pca_sar,1,2
0.50278777,3,pca_sar,1,2
0.50487286,3,pca_sar,1,2
0.5190844,3,pca_sar,1,2
0.51156557,3,pca_sar,1,2
0.5159564,3,pca_sar,1,2
0.4363816,3,pca_sar,1,2
0.43642482,3,pca_sar,1,2
0.48091227,3,pca_sar,1,2
0.4397116,3,pca_sar,1,2
0.43941945,3,pca_sar,1,2
0.6106595,3,pca_sar,1,2
0.46365148,3,pca_sar,1,2
0.45512727,3,pca_sar,1,2
0.51076466,3,pca_sar,1,2
0.46394214,3,pca_sar,1,2
0.45791632,3,pca_sar,1,2
0.40982115,3,pca_sar,1,2
0.30472797,3,pca_sar,1,2
0.32936478,3,pca_sar,1,2
0.40347183,3,pca_sar,1,2
0.43512636,3,pca_sar,1,2
0.4119053,3,pca_sar,1,2
0.3746937,3,pca_sar,1,2
0.3665002,3,pca_sar,1,2
0.3581532,3,pca_sar,1,2
0.3575555,3,pca_sar,1,2
0.4048275,3,pca_sar,1,2
0.38645428,3,pca_sar,1,2
0.3809263,3,pca_sar,1,2
0.38600868,3,pca_sar,1,2
0.3434582,3,pca_sar,1,2
0.2743773,3,pca_sar,1,2
0.31865913,3,pca_sar,1,2
0.3312751,3,pca_sar,1,2
0.31795192,3,pca_sar,1,2
0.37202197,3,pca_sar,1,2
0.36981097,3,pca_sar,1,2
0.29423338,3,pca_sar,1,2
0.31336272,3,pca_sar,1,2
0.39756745,3,pca_sar,1,2
0.30633205,3,pca_sar,1,2
0.32149887,3,pca_sar,1,2
0.2890709,3,pca_sar,1,2
0.2959058,3,pca_sar,1,2
0.32654285,3,pca_sar,1,2
0.33565342,3,pca_sar,1,2
0.3179374,3,pca_sar,1,2
0.32564563,3,pca_sar,1,2
0.29507267,3,pca_sar,1,2
0.43085402,3,pca_sar,1,2
0.4442634,3,pca_sar,1,2
0.3865316,3,pca_sar,1,2
0.37618142,3,pca_sar,1,2
0.34656137,3,pca_sar,1,2
0.3449,3,pca_sar,1,2
0.30190155,3,pca_sar,1,2
0.28507102,3,pca_sar,1,2
0.30229592,3,pca_sar,1,2
0.2729094,3,pca_sar,1,2
0.24863559,3,pca_sar,1,2
0.30710173,3,pca_sar,1,2
0.4311728,3,pca_sar,1,2
0.42072135,3,pca_sar,1,2
0.36748672,3,pca_sar,1,2
0.38078335,3,pca_sar,1,2
0.3854785,3,pca_sar,1,2
0.31545967,3,pca_sar,1,2
0.22691362,3,pca_sar,1,2
0.26580495,3,pca_sar,1,2
0.36639935,3,pca_sar,1,2
0.31515515,3,pca_sar,1,2
0.31104505,3,pca_sar,1,2
0.3909483,3,pca_sar,1,2
0.42437166,3,pca_sar,1,2
0.43829235,3,pca_sar,1,2
0.37603188,3,pca_sar,1,2
0.3874947,3,pca_sar,1,2
0.3797125,3,pca_sar,1,2
0.30733764,3,pca_sar,1,2
0.25905788,3,pca_sar,1,2
0.3263054,3,pca_sar,1,2
0.46119204,3,pca_sar,1,2
0.4028781,3,pca_sar,1,2
0.3465653,3,pca_sar,1,2
0.42278588,3,pca_sar,1,2
0.4335727,3,pca_sar,1,2
0.3613248,3,pca_sar,1,2
0.39624983,3,pca_sar,1,2
0.35368574,3,pca_sar,1,2
0.34890136,3,pca_sar,1,2
0.36861944,3,pca_sar,1,2
0.30705896,3,pca_sar,1,2
0.32580256,3,pca_sar,1,2
0.4085484,3,pca_sar,1,2
0.44893974,3,pca_sar,1,2
0.4073583,3,pca_sar,1,2
0.34599712,3,pca_sar,1,2
0.39559352,3,pca_sar,1,2
0.42828608,3,pca_sar,1,2
0.4569902,3,pca_sar,1,2
0.4865567,3,pca_sar,1,2
0.48279804,3,pca_sar,1,2
0.47276372,3,pca_sar,1,2
0.432338,3,pca_sar,1,2
0.42836124,3,pca_sar,1,2
0.44550586,3,pca_sar,1,2
0.49323738,3,pca_sar,1,2
0.5050479,3,pca_sar,1,2
0.47090578,3,pca_sar,1,2
0.46193373,3,pca_sar,1,2
0.465613,3,pca_sar,1,2
0.4590478,3,pca_sar,1,2
0.51743954,3,pca_sar,1,2
0.472738,3,pca_sar,1,2
0.5017198,3,pca_sar,1,2
0.4119237,3,pca_sar,1,2
0.40052545,3,pca_sar,1,2
0.2882598,3,pca_sar,1,2
0.34470132,3,pca_sar,1,2
0.23835003,3,pca_sar,1,2
0.31199446,3,pca_sar,1,2
0.4603666,3,pca_sar,1,2
0.42648214,3,pca_sar,1,2
0.42369983,3,pca_sar,1,2
0.6061007,3,pca_sar,1,2
0.4986708,3,pca_sar,1,2
0.44613734,3,pca_sar,1,2
0.43133092,7,pca_sar,1,2
0.4547434,7,pca_sar,1,2
0.511144,7,pca_sar,1,2
0.5022342,7,pca_sar,1,2
0.43370196,7,pca_sar,1,2
0.37169424,7,pca_sar,1,2
0.40253705,7,pca_sar,1,2
0.3980069,7,pca_sar,1,2
0.41211838,7,pca_sar,1,2
0.41152936,7,pca_sar,1,2
0.43773755,7,pca_sar,1,2
0.434736,7,pca_sar,1,2
0.41057503,7,pca_sar,1,2
0.34827548,7,pca_sar,1,2
0.34994477,7,pca_sar,1,2
0.39490044,7,pca_sar,1,2
0.37495008,7,pca_sar,1,2
0.37828124,7,pca_sar,1,2
0.43037802,7,pca_sar,1,2
0.464222,7,pca_sar,1,2
0.43828467,7,pca_sar,1,2
0.4025787,7,pca_sar,1,2
0.3605088,7,pca_sar,1,2
0.33899218,7,pca_sar,1,2
0.4106953,7,pca_sar,1,2
0.43943968,7,pca_sar,1,2
0.42033532,7,pca_sar,1,2
0.46964437,7,pca_sar,1,2
0.5130847,7,pca_sar,1,2
0.44458544,7,pca_sar,1,2
0.3986241,7,pca_sar,1,2
0.34194067,7,pca_sar,1,2
0.30419326,7,pca_sar,1,2
0.40455335,7,pca_sar,1,2
0.42882198,7,pca_sar,1,2
0.4317406,7,pca_sar,1,2
0.46037436,7,pca_sar,1,2
0.46634758,7,pca_sar,1,2
0.41649443,7,pca_sar,1,2
0.40474984,7,pca_sar,1,2
0.31942466,7,pca_sar,1,2
0.3023923,7,pca_sar,1,2
0.37833357,7,pca_sar,1,2
0.3371312,7,pca_sar,1,2
0.35249647,7,pca_sar,1,2
0.40209037,7,pca_sar,1,2
0.40897876,7,pca_sar,1,2
0.39563802,7,pca_sar,1,2
0.3941456,7,pca_sar,1,2
0.31365287,7,pca_sar,1,2
0.3110217,7,pca_sar,1,2
0.36393383,7,pca_sar,1,2
0.33371222,7,pca_sar,1,2
0.3806948,7,pca_sar,1,2
0.44145483,7,pca_sar,1,2
0.41349298,7,pca_sar,1,2
0.39667168,7,pca_sar,1,2
0.41351306,7,pca_sar,1,2
0.3603183,7,pca_sar,1,2
0.36321193,7,pca_sar,1,2
0.36940342,7,pca_sar,1,2
0.33236614,7,pca_sar,1,2
0.30351084,7,pca_sar,1,2
0.3321762,7,pca_sar,1,2
0.3032953,7,pca_sar,1,2
0.29385194,7,pca_sar,1,2
0.29375044,7,pca_sar,1,2
0.269355,7,pca_sar,1,2
0.32559866,7,pca_sar,1,2
0.2908798,3,pca_sar,1,2
0.25711408,3,pca_sar,1,2
0.1312379,3,pca_sar,1,2
0.1290668,3,pca_sar,1,2
0.19110672,3,pca_sar,1,2
0.20111966,3,pca_sar,1,2
0.16169745,3,pca_sar,1,2
0.18854327,3,pca_sar,1,2
0.22183515,3,pca_sar,1,2
0.2477737,3,pca_sar,1,2
0.23230587,3,pca_sar,1,2
0.22497673,3,pca_sar,1,2
0.25964612,3,pca_sar,1,2
0.23848093,3,pca_sar,1,2
0.21637057,3,pca_sar,1,2
0.19481696,3,pca_sar,1,2
0.22315532,3,pca_sar,1,2
0.16298002,3,pca_sar,1,2
0.2922045,3,pca_sar,1,2
0.24857919,3,pca_sar,1,2
0.24661815,3,pca_sar,1,2
0.2854309,3,pca_sar,1,2
0.2472835,3,pca_sar,1,2
0.21617436,3,pca_sar,1,2
0.19845293,3,pca_sar,1,2
0.22846416,3,pca_sar,1,2
0.16864744,3,pca_sar,1,2
0.24888316,3,pca_sar,1,2
0.31677958,3,pca_sar,1,2
0.32799363,3,pca_sar,1,2
0.2910523,3,pca_sar,1,2
0.2681106,3,pca_sar,1,2
0.26708597,3,pca_sar,1,2
0.25614196,3,pca_sar,1,2
0.22557583,3,pca_sar,1,2
0.21932936,3,pca_sar,1,2
0.24042884,3,pca_sar,1,2
0.22158992,3,pca_sar,1,2
0.25962058,3,pca_sar,1,2
0.31078506,3,pca_sar,1,2
0.3338592,3,pca_sar,1,2
0.31707108,3,pca_sar,1,2
0.3317237,3,pca_sar,1,2
0.3058092,3,pca_sar,1,2
0.27096093,3,pca_sar,1,2
0.2310875,3,pca_sar,1,2
0.2023983,3,pca_sar,1,2
0.18295115,3,pca_sar,1,2
0.20869441,3,pca_sar,1,2
0.18103586,3,pca_sar,1,2
0.2712724,3,pca_sar,1,2
0.2925089,3,pca_sar,1,2
0.34917796,3,pca_sar,1,2
0.32159647,3,pca_sar,1,2
0.32512063,3,pca_sar,1,2
0.32875374,3,pca_sar,1,2
0.29209456,3,pca_sar,1,2
0.24966502,3,pca_sar,1,2
0.21100917,3,pca_sar,1,2
0.22167994,3,pca_sar,1,2
0.18752207,3,pca_sar,1,2
0.18379468,3,pca_sar,1,2
0.31798255,3,pca_sar,1,2
0.34830132,3,pca_sar,1,2
0.25513098,3,pca_sar,1,2
0.37828642,3,pca_sar,1,2
0.3202293,3,pca_sar,1,2
0.30339694,3,pca_sar,1,2
0.30201033,3,pca_sar,1,2
0.26874322,3,pca_sar,1,2
0.23115455,3,pca_sar,1,2
0.24519749,3,pca_sar,1,2
0.23162425,3,pca_sar,1,2
0.19981104,3,pca_sar,1,2
0.21584351,3,pca_sar,1,2
0.29593492,3,pca_sar,1,2
0.30184272,3,pca_sar,1,2
0.28272992,3,pca_sar,1,2
0.38229257,3,pca_sar,1,2
0.31791842,3,pca_sar,1,2
0.3053545,3,pca_sar,1,2
0.2663862,3,pca_sar,1,2
0.26369986,3,pca_sar,1,2
0.2623902,3,pca_sar,1,2
0.24805926,3,pca_sar,1,2
0.20502219,3,pca_sar,1,2
0.19097897,3,pca_sar,1,2
0.26469404,3,pca_sar,1,2
0.378537,3,pca_sar,1,2
0.36919868,3,pca_sar,1,2
0.3251623,3,pca_sar,1,2
0.28846532,3,pca_sar,1,2
0.22075887,3,pca_sar,1,2
0.24752451,3,pca_sar,1,2
0.2649699,3,pca_sar,1,2
0.20890254,3,pca_sar,1,2
0.18156068,3,pca_sar,1,2
0.2186555,3,pca_sar,1,2
0.41886982,3,pca_sar,1,2
0.37746388,3,pca_sar,1,2
0.3670245,3,pca_sar,1,2
0.29212052,3,pca_sar,1,2
0.2310226,3,pca_sar,1,2
0.24904211,3,pca_sar,1,2
0.23796682,3,pca_sar,1,2
0.16228148,3,pca_sar,1,2
0.13114285,3,pca_sar,1,2
0.48926598,3,pca_sar,1,2
0.37499094,3,pca_sar,1,2
0.36193687,3,pca_sar,1,2
0.2972408,3,pca_sar,1,2
0.20313501,3,pca_sar,1,2
0.17908907,3,pca_sar,1,2
0.16513276,3,pca_sar,1,2
0.5042285,3,pca_sar,1,2
0.39504588,3,pca_sar,1,2
0.36272207,3,pca_sar,1,2
0.30768204,3,pca_sar,1,2
0.23036851,3,pca_sar,1,2
0.16611598,3,pca_sar,1,2
0.16370088,3,pca_sar,1,2
0.32135814,3,pca_sar,1,2
0.3024841,3,pca_sar,1,2
0.28002334,3,pca_sar,1,2
0.21127838,3,pca_sar,1,2
0.23724082,3,pca_sar,1,2
0.26737416,3,pca_sar,1,2
0.21039097,3,pca_sar,1,2
0.2558605,3,pca_sar,1,2
0.2923236,3,pca_sar,1,2
0.24290162,3,pca_sar,1,2
0.22440332,3,pca_sar,1,2
0.21865456,3,pca_sar,1,2
0.45917594,7,pca_sar,1,2
0.43914884,7,pca_sar,1,2
0.45072433,7,pca_sar,1,2
0.44176117,7,pca_sar,1,2
0.3882835,7,pca_sar,1,2
0.337964,7,pca_sar,1,2
0.41147026,7,pca_sar,1,2
0.47294718,7,pca_sar,1,2
0.47075087,7,pca_sar,1,2
0.43416244,7,pca_sar,1,2
0.42609507,7,pca_sar,1,2
0.3690906,7,pca_sar,1,2
0.32420442,7,pca_sar,1,2
0.33691442,7,pca_sar,1,2
0.38703442,7,pca_sar,1,2
0.45084703,7,pca_sar,1,2
0.43775636,7,pca_sar,1,2
0.42236555,7,pca_sar,1,2
0.40503195,7,pca_sar,1,2
0.38417786,7,pca_sar,1,2
0.35024232,7,pca_sar,1,2
0.32903385,7,pca_sar,1,2
0.39432946,7,pca_sar,1,2
0.38943675,7,pca_sar,1,2
0.33119062,7,pca_sar,1,2
0.36618674,7,pca_sar,1,2
0.45392394,7,pca_sar,1,2
0.41519606,7,pca_sar,1,2
0.41402543,7,pca_sar,1,2
0.40274763,7,pca_sar,1,2
0.3960762,7,pca_sar,1,2
0.35625994,7,pca_sar,1,2
0.29639396,7,pca_sar,1,2
0.34193352,7,pca_sar,1,2
0.3664012,7,pca_sar,1,2
0.3318979,7,pca_sar,1,2
0.4443714,7,pca_sar,1,2
0.4860732,7,pca_sar,1,2
0.43263263,7,pca_sar,1,2
0.41247463,7,pca_sar,1,2
0.41320878,7,pca_sar,1,2
0.4006613,7,pca_sar,1,2
0.3516723,7,pca_sar,1,2
0.319592,7,pca_sar,1,2
0.36722234,7,pca_sar,1,2
0.3643923,7,pca_sar,1,2
0.3943501,7,pca_sar,1,2
0.49886703,7,pca_sar,1,2
0.48313877,7,pca_sar,1,2
0.43236363,7,pca_sar,1,2
0.4130428,7,pca_sar,1,2
0.47657192,7,pca_sar,1,2
0.485096,7,pca_sar,1,2
0.39451247,7,pca_sar,1,2
0.36439872,7,pca_sar,1,2
0.39856964,7,pca_sar,1,2
0.3849682,7,pca_sar,1,2
0.38550448,7,pca_sar,1,2
0.4783668,7,pca_sar,1,2
0.4769357,7,pca_sar,1,2
0.43339956,7,pca_sar,1,2
0.399033,7,pca_sar,1,2
0.455803,7,pca_sar,1,2
0.4694963,7,pca_sar,1,2
0.400112,7,pca_sar,1,2
0.38046417,7,pca_sar,1,2
0.39541188,7,pca_sar,1,2
0.48482117,7,pca_sar,1,2
0.2908635,7,pca_sar,1,2
0.44482875,7,pca_sar,1,2
0.44548798,7,pca_sar,1,2
0.49057496,7,pca_sar,1,2
0.5148538,7,pca_sar,1,2
0.43570882,7,pca_sar,1,2
0.43674904,7,pca_sar,1,2
0.40977976,7,pca_sar,1,2
0.36213335,7,pca_sar,1,2
0.3833514,7,pca_sar,1,2
0.37123698,7,pca_sar,1,2
0.41620773,7,pca_sar,1,2
0.38926253,7,pca_sar,1,2
0.32088017,7,pca_sar,1,2
0.3402903,7,pca_sar,1,2
0.40797642,7,pca_sar,1,2
0.4311174,7,pca_sar,1,2
0.34728426,7,pca_sar,1,2
0.39683574,7,pca_sar,1,2
0.40327442,7,pca_sar,1,2
0.41952586,7,pca_sar,1,2
0.41908932,7,pca_sar,1,2
0.4412374,7,pca_sar,1,2
0.44083154,7,pca_sar,1,2
0.40481657,7,pca_sar,1,2
0.19798413,7,pca_sar,1,2
0.2909692,7,pca_sar,1,2
0.37215418,7,pca_sar,1,2
0.43222433,7,pca_sar,1,2
0.4430136,7,pca_sar,1,2
0.39491224,7,pca_sar,1,2
0.24828503,7,pca_sar,1,2
0.29177344,7,pca_sar,1,2
0.37758774,7,pca_sar,1,2
0.40677512,7,pca_sar,1,2
0.40886566,7,pca_sar,1,2
0.38363755,7,pca_sar,1,2
0.21715334,7,pca_sar,1,2
0.3239076,7,pca_sar,1,2
0.3375449,7,pca_sar,1,2
0.3568408,7,pca_sar,1,2
0.3953542,7,pca_sar,1,2
0.36623517,7,pca_sar,1,2
0.25533733,7,pca_sar,1,2
0.35765398,7,pca_sar,1,2
0.3568458,7,pca_sar,1,2
0.41971493,7,pca_sar,1,2
0.46789968,7,pca_sar,1,2
0.37876105,7,pca_sar,1,2
0.2948383,7,pca_sar,1,2
0.35894388,7,pca_sar,1,2
0.3842946,7,pca_sar,1,2
0.4506488,7,pca_sar,1,2
0.43596703,7,pca_sar,1,2
0.2890849,7,pca_sar,1,2
0.44032565,3,pca_sar,1,2
0.42512986,3,pca_sar,1,2
0.31068224,3,pca_sar,1,2
0.100376695,3,pca_sar,1,2
0.19489264,3,pca_sar,1,2
0.20437706,3,pca_sar,1,2
0.17515317,3,pca_sar,1,2
0.20363417,3,pca_sar,1,2
0.22355878,3,pca_sar,1,2
0.33910075,7,pca_sar,1,2
0.39822719,7,pca_sar,1,2
0.44018218,3,pca_sar,1,2
0.41115314,3,pca_sar,1,2
0.2793749,3,pca_sar,1,2
0.07334362,3,pca_sar,1,2
0.18521759,3,pca_sar,1,2
0.26979846,3,pca_sar,1,2
0.24120083,3,pca_sar,1,2
0.18159354,3,pca_sar,1,2
0.1809892,3,pca_sar,1,2
0.50236285,3,pca_sar,1,2
0.38825342,3,pca_sar,1,2
0.22721094,3,pca_sar,1,2
0.1689575,3,pca_sar,1,2
0.21158978,3,pca_sar,1,2
0.18549709,3,pca_sar,1,2
0.18177731,3,pca_sar,1,2
0.19992936,3,pca_sar,1,2
0.17898184,3,pca_sar,1,2
0.21242613,3,pca_sar,1,2
0.29462278,3,pca_sar,1,2
0.50694925,3,pca_sar,1,2
0.378342,3,pca_sar,1,2
0.22931421,3,pca_sar,1,2
0.2104871,3,pca_sar,1,2
0.24436973,3,pca_sar,1,2
0.19920388,3,pca_sar,1,2
0.18520916,3,pca_sar,1,2
0.22277783,3,pca_sar,1,2
0.19375026,3,pca_sar,1,2
0.1790218,3,pca_sar,1,2
0.26388347,3,pca_sar,1,2
0.46241218,3,pca_sar,1,2
0.44875145,3,pca_sar,1,2
0.37270564,3,pca_sar,1,2
0.2442812,3,pca_sar,1,2
0.15482633,3,pca_sar,1,2
0.11989605,3,pca_sar,1,2
0.14822127,3,pca_sar,1,2
0.1947962,3,pca_sar,1,2
0.20973213,3,pca_sar,1,2
0.18201457,3,pca_sar,1,2
0.14893118,3,pca_sar,1,2
0.22780856,3,pca_sar,1,2
0.40911287,3,pca_sar,1,2
0.4436268,3,pca_sar,1,2
0.40566185,3,pca_sar,1,2
0.31012058,3,pca_sar,1,2
0.1465452,3,pca_sar,1,2
0.10689381,3,pca_sar,1,2
0.22661759,3,pca_sar,1,2
0.28422016,3,pca_sar,1,2
0.23035437,3,pca_sar,1,2
0.22218709,3,pca_sar,1,2
0.18464272,3,pca_sar,1,2
0.25275052,3,pca_sar,1,2
0.36093935,3,pca_sar,1,2
0.44644314,3,pca_sar,1,2
0.4837247,3,pca_sar,1,2
0.41447565,3,pca_sar,1,2
0.34362048,3,pca_sar,1,2
0.14093192,3,pca_sar,1,2
0.1357012,3,pca_sar,1,2
0.25989383,3,pca_sar,1,2
0.28835398,3,pca_sar,1,2
0.24404123,3,pca_sar,1,2
0.25389677,3,pca_sar,1,2
0.3077984,3,pca_sar,1,2
0.29715383,3,pca_sar,1,2
0.4050057,3,pca_sar,1,2
0.4822031,3,pca_sar,1,2
0.48935103,3,pca_sar,1,2
0.38781613,3,pca_sar,1,2
0.34579113,3,pca_sar,1,2
0.18763894,3,pca_sar,1,2
0.16485181,3,pca_sar,1,2
0.22816603,3,pca_sar,1,2
0.22525772,3,pca_sar,1,2
0.20901662,3,pca_sar,1,2
0.25634575,3,pca_sar,1,2
0.50414205,3,pca_sar,1,2
0.47489962,3,pca_sar,1,2
0.46782202,3,pca_sar,1,2
0.31737703,3,pca_sar,1,2
0.21027154,3,pca_sar,1,2
0.15389214,3,pca_sar,1,2
0.147903,3,pca_sar,1,2
0.13095024,3,pca_sar,1,2
0.10642794,3,pca_sar,1,2
0.21324544,3,pca_sar,1,2
0.5553539,3,pca_sar,1,2
0.4911034,3,pca_sar,1,2
0.4539954,3,pca_sar,1,2
0.2507667,3,pca_sar,1,2
0.110634804,3,pca_sar,1,2
0.12437913,3,pca_sar,1,2
0.17366007,3,pca_sar,1,2
0.18512401,3,pca_sar,1,2
0.20230938,3,pca_sar,1,2
0.531124,3,pca_sar,1,2
0.45959556,3,pca_sar,1,2
0.4345901,3,pca_sar,1,2
0.2070598,3,pca_sar,1,2
0.09671654,3,pca_sar,1,2
0.122327864,3,pca_sar,1,2
0.13973925,3,pca_sar,1,2
0.47168124,3,pca_sar,1,2
0.4396021,3,pca_sar,1,2
0.40481547,3,pca_sar,1,2
0.14606011,3,pca_sar,1,2
0.10357166,3,pca_sar,1,2
0.110091016,3,pca_sar,1,2
0.14254577,3,pca_sar,1,2
0.45362914,3,pca_sar,1,2
0.3385991,3,pca_sar,1,2
0.09560232,3,pca_sar,1,2
0.09846972,3,pca_sar,1,2
0.16551724,3,pca_sar,1,2
0.24416207,3,pca_sar,1,2
0.14608416,3,pca_sar,1,2
0.20741609,3,pca_sar,1,2
0.2910197,3,pca_sar,1,2
0.12722804,3,pca_sar,1,2
0.31723619,3,pca_sar,1,2
0.38969374,3,pca_sar,1,2
0.27694488,7,pca_sar,1,2
0.30243534,7,pca_sar,1,2
0.33593124,7,pca_sar,1,2
0.37534475,7,pca_sar,1,2
0.35157514,7,pca_sar,1,2
0.40733144,7,pca_sar,1,2
0.26374012,7,pca_sar,1,2
0.29711252,7,pca_sar,1,2
0.36902338,7,pca_sar,1,2
0.29250085,7,pca_sar,1,2
0.23943792,7,pca_sar,1,2
0.26961082,7,pca_sar,1,2
0.31855154,7,pca_sar,1,2
0.39666486,7,pca_sar,1,2
0.46479514,7,pca_sar,1,2
0.5096487,7,pca_sar,1,2
0.3279175,7,pca_sar,1,2
0.2108047,7,pca_sar,1,2
0.20538758,7,pca_sar,1,2
0.29676777,7,pca_sar,1,2
0.35354185,7,pca_sar,1,2
0.38412327,7,pca_sar,1,2
0.38766253,7,pca_sar,1,2
0.37644875,7,pca_sar,1,2
0.21842001,7,pca_sar,1,2
0.27570522,7,pca_sar,1,2
0.3221352,7,pca_sar,1,2
0.36458105,7,pca_sar,1,2
0.3593611,7,pca_sar,1,2
0.3834184,7,pca_sar,1,2
0.205267,7,pca_sar,1,2
0.2976352,7,pca_sar,1,2
0.35292244,7,pca_sar,1,2
0.36065143,7,pca_sar,1,2
0.38223636,7,pca_sar,1,2
0.48137188,7,pca_sar,1,2
0.20919919,7,pca_sar,1,2
0.2323679,7,pca_sar,1,2
0.214409,7,pca_sar,1,2
0.36079037,7,pca_sar,1,2
0.3892308,7,pca_sar,1,2
0.36646473,7,pca_sar,1,2
0.2022197,7,pca_sar,1,2
0.21806982,7,pca_sar,1,2
0.15012462,7,pca_sar,1,2
0.39668357,7,pca_sar,1,2
0.39862067,7,pca_sar,1,2
0.38375396,7,pca_sar,1,2
0.21970814,7,pca_sar,1,2
0.22316152,7,pca_sar,1,2
0.18007968,7,pca_sar,1,2
0.38516167,7,pca_sar,1,2
0.4071393,7,pca_sar,1,2
0.42361677,7,pca_sar,1,2
0.23679851,7,pca_sar,1,2
0.39060792,7,pca_sar,1,2
0.49455312,5,pca_sar,1,2
0.43868414,5,pca_sar,1,2
0.43145686,5,pca_sar,1,2
0.42425895,5,pca_sar,1,2
0.47320902,5,pca_sar,1,2
0.49281073,5,pca_sar,1,2
0.513163,5,pca_sar,1,2
0.54137444,5,pca_sar,1,2
0.5445381,5,pca_sar,1,2
0.55981445,5,pca_sar,1,2
0.5408468,5,pca_sar,1,2
0.48790374,5,pca_sar,1,2
0.5751227,5,pca_sar,1,2
0.53416306,5,pca_sar,1,2
0.4902446,5,pca_sar,1,2
0.46876907,5,pca_sar,1,2
0.54817355,5,pca_sar,1,2
0.50492847,5,pca_sar,1,2
0.4808845,5,pca_sar,1,2
0.49806684,5,pca_sar,1,2
0.50376767,5,pca_sar,1,2
0.5422959,5,pca_sar,1,2
0.59006727,5,pca_sar,1,2
0.49400502,5,pca_sar,1,2
0.5373806,5,pca_sar,1,2
0.5703794,5,pca_sar,1,2
0.52527857,5,pca_sar,1,2
0.5156642,5,pca_sar,1,2
0.54574656,5,pca_sar,1,2
0.4356458,5,pca_sar,1,2
0.47064137,5,pca_sar,1,2
0.4902917,5,pca_sar,1,2
0.46514755,5,pca_sar,1,2
0.50240123,5,pca_sar,1,2
0.524238,5,pca_sar,1,2
0.4415788,5,pca_sar,1,2
0.44003755,5,pca_sar,1,2
0.4743787,5,pca_sar,1,2
0.47499025,5,pca_sar,1,2
0.502321,5,pca_sar,1,2
0.45596883,5,pca_sar,1,2
0.45169866,5,pca_sar,1,2
0.47899568,5,pca_sar,1,2
0.47938332,5,pca_sar,1,2
0.49471202,5,pca_sar,1,2
0.462053,5,pca_sar,1,2
0.45509714,5,pca_sar,1,2
0.42755562,5,pca_sar,1,2
0.4598472,5,pca_sar,1,2
0.3962734,5,pca_sar,1,2
0.3999682,5,pca_sar,1,2
0.40895292,5,pca_sar,1,2
0.46245936,5,pca_sar,1,2
0.37318677,5,pca_sar,1,2
0.4079102,5,pca_sar,1,2
0.4321381,5,pca_sar,1,2
0.4480463,5,pca_sar,1,2
0.44163314,5,pca_sar,1,2
0.54543126,5,pca_sar,1,2
0.5604625,5,pca_sar,1,2
0.5113921,5,pca_sar,1,2
0.53389406,5,pca_sar,1,2
0.50731325,5,pca_sar,1,2
0.5150241,5,pca_sar,1,2
0.5298945,5,pca_sar,1,2
0.53528523,5,pca_sar,1,2
0.5368285,5,pca_sar,1,2
0.5210265,5,pca_sar,1,2
0.47097552,5,pca_sar,1,2
0.47861934,5,pca_sar,1,2
0.49888408,5,pca_sar,1,2
0.48301458,5,pca_sar,1,2
0.47186852,5,pca_sar,1,2
0.47211212,5,pca_sar,1,2
0.4715131,5,pca_sar,1,2
0.483055,5,pca_sar,1,2
0.48502082,5,pca_sar,1,2
0.56720227,5,pca_sar,1,2
0.55000997,5,pca_sar,1,2
0.40284097,5,pca_sar,1,2
0.40348876,5,pca_sar,1,2
0.49384022,5,pca_sar,1,2
0.48110104,5,pca_sar,1,2
0.5713842,5,pca_sar,1,2
0.55355614,5,pca_sar,1,2
0.46980655,5,pca_sar,1,2
0.48765656,5,pca_sar,1,2
0.53510976,5,pca_sar,1,2
0.5427094,5,pca_sar,1,2
0.5197518,5,pca_sar,1,2
0.4751258,5,pca_sar,1,2
0.5143407,5,pca_sar,1,2
0.53571564,5,pca_sar,1,2
0.5373018,5,pca_sar,1,2
0.5596107,5,pca_sar,1,2
0.5030732,5,pca_sar,1,2
0.46016508,5,pca_sar,1,2
0.486739,5,pca_sar,1,2
0.4481337,5,pca_sar,1,2
0.4579216,5,pca_sar,1,2
0.4777421,5,pca_sar,1,2
0.49502844,5,pca_sar,1,2
0.5090401,5,pca_sar,1,2
0.45476696,5,pca_sar,1,2
0.47295558,5,pca_sar,1,2
0.4516996,5,pca_sar,1,2
0.4762206,5,pca_sar,1,2
0.50641656,5,pca_sar,1,2
0.47364885,5,pca_sar,1,2
0.45683032,5,pca_sar,1,2
0.4752055,5,pca_sar,1,2
0.50148183,5,pca_sar,1,2
0.47037575,5,pca_sar,1,2
0.4599233,5,pca_sar,1,2
0.46703553,5,pca_sar,1,2
0.45177865,5,pca_sar,1,2
0.49910343,3,pca_sar,1,2
0.46315333,3,pca_sar,1,2
0.4709415,3,pca_sar,1,2
0.44010818,3,pca_sar,1,2
0.5726495,3,pca_sar,1,2
0.5048653,3,pca_sar,1,2
0.3835125,3,pca_sar,1,2
0.43495342,3,pca_sar,1,2
0.49019563,3,pca_sar,1,2
0.51847494,3,pca_sar,1,2
0.50615734,3,pca_sar,1,2
0.471088,3,pca_sar,1,2
0.4689412,3,pca_sar,1,2
0.37159654,3,pca_sar,1,2
0.42730176,3,pca_sar,1,2
0.49703,3,pca_sar,1,2
0.48941448,3,pca_sar,1,2
0.48353285,3,pca_sar,1,2
0.46751666,3,pca_sar,1,2
0.5038144,3,pca_sar,1,2
0.4213495,3,pca_sar,1,2
0.44551015,3,pca_sar,1,2
0.5071309,3,pca_sar,1,2
0.5528203,3,pca_sar,1,2
0.5789328,3,pca_sar,1,2
0.5804746,3,pca_sar,1,2
0.58279824,3,pca_sar,1,2
0.61751574,3,pca_sar,1,2
0.43997002,3,pca_sar,1,2
0.41119492,3,pca_sar,1,2
0.4435966,3,pca_sar,1,2
0.508089,3,pca_sar,1,2
0.5708116,3,pca_sar,1,2
0.5725719,3,pca_sar,1,2
0.5158714,3,pca_sar,1,2
0.57245636,3,pca_sar,1,2
0.43119457,3,pca_sar,1,2
0.42893538,3,pca_sar,1,2
0.40198424,3,pca_sar,1,2
0.3285266,3,pca_sar,1,2
0.39088973,3,pca_sar,1,2
0.45723775,3,pca_sar,1,2
0.47805697,3,pca_sar,1,2
0.43392324,3,pca_sar,1,2
0.38212132,3,pca_sar,1,2
0.52460754,3,pca_sar,1,2
0.45590192,3,pca_sar,1,2
0.44895542,3,pca_sar,1,2
0.32251436,3,pca_sar,1,2
0.26180348,3,pca_sar,1,2
0.3426177,3,pca_sar,1,2
0.35191894,3,pca_sar,1,2
0.32843345,3,pca_sar,1,2
0.3189363,3,pca_sar,1,2
0.38539374,3,pca_sar,1,2
0.516972,3,pca_sar,1,2
0.46399826,3,pca_sar,1,2
0.47779047,3,pca_sar,1,2
0.39813885,3,pca_sar,1,2
0.28875947,3,pca_sar,1,2
0.34682074,3,pca_sar,1,2
0.3529728,3,pca_sar,1,2
0.3372516,3,pca_sar,1,2
0.32222372,3,pca_sar,1,2
0.38114136,3,pca_sar,1,2
0.49803215,3,pca_sar,1,2
0.41042745,3,pca_sar,1,2
0.40090215,3,pca_sar,1,2
0.4449023,3,pca_sar,1,2
0.42757773,3,pca_sar,1,2
0.3826164,3,pca_sar,1,2
0.3624414,3,pca_sar,1,2
0.3592509,3,pca_sar,1,2
0.3305493,3,pca_sar,1,2
0.35847878,3,pca_sar,1,2
0.47880572,3,pca_sar,1,2
0.36205858,3,pca_sar,1,2
0.33542034,3,pca_sar,1,2
0.41017723,3,pca_sar,1,2
0.43965957,3,pca_sar,1,2
0.3700918,3,pca_sar,1,2
0.37031612,3,pca_sar,1,2
0.3823319,3,pca_sar,1,2
0.40149263,3,pca_sar,1,2
0.44406873,3,pca_sar,1,2
0.49506912,3,pca_sar,1,2
0.36436445,3,pca_sar,1,2
0.37385565,3,pca_sar,1,2
0.39683715,3,pca_sar,1,2
0.41624275,3,pca_sar,1,2
0.42234513,3,pca_sar,1,2
0.4116472,3,pca_sar,1,2
0.39773422,3,pca_sar,1,2
0.42330474,3,pca_sar,1,2
0.42613786,3,pca_sar,1,2
0.49294162,3,pca_sar,1,2
0.39289406,3,pca_sar,1,2
0.44730622,3,pca_sar,1,2
0.44321388,3,pca_sar,1,2
0.4135091,3,pca_sar,1,2
0.41822803,3,pca_sar,1,2
0.4074943,3,pca_sar,1,2
0.40966034,3,pca_sar,1,2
0.49662554,3,pca_sar,1,2
0.31060603,3,pca_sar,1,2
0.3292018,3,pca_sar,1,2
0.3820756,3,pca_sar,1,2
0.42230248,3,pca_sar,1,2
0.4179725,3,pca_sar,1,2
0.40173477,3,pca_sar,1,2
0.4207126,3,pca_sar,1,2
0.48910075,3,pca_sar,1,2
0.3061469,3,pca_sar,1,2
0.3804478,3,pca_sar,1,2
0.4423315,3,pca_sar,1,2
0.4569342,3,pca_sar,1,2
0.46242994,3,pca_sar,1,2
0.4983467,3,pca_sar,1,2
0.5615692,3,pca_sar,1,2
0.46018448,3,pca_sar,1,2
0.41593206,3,pca_sar,1,2
0.39514682,3,pca_sar,1,2
0.4285189,3,pca_sar,1,2
0.5193933,3,pca_sar,1,2
0.4794858,3,pca_sar,1,2
0.45880383,3,pca_sar,1,2
0.41888508,3,pca_sar,1,2
0.4635542,3,pca_sar,1,2
0.52853155,3,pca_sar,1,2
0.36958352,3,pca_sar,1,2
0.3506819,3,pca_sar,1,2
0.49378902,3,pca_sar,1,2
0.4551653,3,pca_sar,1,2
0.45891917,3,pca_sar,1,2
0.44343477,3,pca_sar,1,2
0.35291272,3,pca_sar,1,2
0.384637,3,pca_sar,1,2
0.42362043,3,pca_sar,1,2
0.47040758,3,pca_sar,1,2
0.4605252,3,pca_sar,1,2
0.42564833,3,pca_sar,1,2
0.31654185,3,pca_sar,1,2
0.31712165,3,pca_sar,1,2
0.32638267,3,pca_sar,1,2
0.38246286,3,pca_sar,1,2
0.44563323,3,pca_sar,1,2
0.4750084,3,pca_sar,1,2
0.44518244,3,pca_sar,1,2
0.3526441,3,pca_sar,1,2
0.32124773,3,pca_sar,1,2
0.31315285,3,pca_sar,1,2
0.3571536,3,pca_sar,1,2
0.42636746,3,pca_sar,1,2
0.47337383,3,pca_sar,1,2
0.41736156,3,pca_sar,1,2
0.3925826,3,pca_sar,1,2
0.38991216,3,pca_sar,1,2
0.310494,3,pca_sar,1,2
0.32364357,3,pca_sar,1,2
0.35059905,3,pca_sar,1,2
0.33828115,3,pca_sar,1,2
0.36104637,3,pca_sar,1,2
0.40872556,3,pca_sar,1,2
0.34445155,3,pca_sar,1,2
0.28944296,3,pca_sar,1,2
0.3225598,3,pca_sar,1,2
0.31346393,3,pca_sar,1,2
0.3166321,3,pca_sar,1,2
0.29073012,3,pca_sar,1,2
0.30817756,3,pca_sar,1,2
0.37474227,3,pca_sar,1,2
0.3783536,3,pca_sar,1,2
0.3361946,3,pca_sar,1,2
0.2806616,3,pca_sar,1,2
0.28512856,3,pca_sar,1,2
0.29488343,3,pca_sar,1,2
0.33633673,3,pca_sar,1,2
0.3138072,3,pca_sar,1,2
0.28548926,3,pca_sar,1,2
0.33973658,3,pca_sar,1,2
0.3676927,3,pca_sar,1,2
0.34858283,3,pca_sar,1,2
0.38142294,3,pca_sar,1,2
0.337894,3,pca_sar,1,2
0.28349853,3,pca_sar,1,2
0.24192217,3,pca_sar,1,2
0.23582664,3,pca_sar,1,2
0.26913524,3,pca_sar,1,2
0.33476037,3,pca_sar,1,2
0.37270322,3,pca_sar,1,2
0.3137799,3,pca_sar,1,2
0.3300167,3,pca_sar,1,2
0.34414726,3,pca_sar,1,2
0.31888583,3,pca_sar,1,2
0.30500752,3,pca_sar,1,2
0.28486642,3,pca_sar,1,2
0.2708236,3,pca_sar,1,2
0.2790549,3,pca_sar,1,2
0.30760866,3,pca_sar,1,2
0.32832158,3,pca_sar,1,2
0.3340606,3,pca_sar,1,2
0.35189414,3,pca_sar,1,2
0.27286935,3,pca_sar,1,2
0.23728779,3,pca_sar,1,2
0.32399043,3,pca_sar,1,2
0.3449325,3,pca_sar,1,2
0.33359277,3,pca_sar,1,2
0.32207975,3,pca_sar,1,2
0.3223139,3,pca_sar,1,2
0.3307143,3,pca_sar,1,2
0.2404741,3,pca_sar,1,2
0.2585378,3,pca_sar,1,2
0.28135717,3,pca_sar,1,2
0.27105576,3,pca_sar,1,2
0.24593082,3,pca_sar,1,2
0.24190159,3,pca_sar,1,2
0.27230746,3,pca_sar,1,2
0.27520442,3,pca_sar,1,2
0.35104203,3,pca_sar,1,2
0.33998922,3,pca_sar,1,2
0.30614072,3,pca_sar,1,2
0.31653312,3,pca_sar,1,2
0.32815126,3,pca_sar,1,2
0.22387138,3,pca_sar,1,2
0.23168975,3,pca_sar,1,2
0.24303815,3,pca_sar,1,2
0.26295826,3,pca_sar,1,2
0.23114301,3,pca_sar,1,2
0.26629418,3,pca_sar,1,2
0.2930842,3,pca_sar,1,2
0.34179813,3,pca_sar,1,2
0.36848468,3,pca_sar,1,2
0.26969516,3,pca_sar,1,2
0.24600026,3,pca_sar,1,2
0.3000034,3,pca_sar,1,2
0.33292475,3,pca_sar,1,2
0.2866038,3,pca_sar,1,2
0.27331948,3,pca_sar,1,2
0.2972669,3,pca_sar,1,2
0.29441088,3,pca_sar,1,2
0.24833342,3,pca_sar,1,2
0.25158942,3,pca_sar,1,2
0.34415123,3,pca_sar,1,2
0.28641212,3,pca_sar,1,2
0.28380764,3,pca_sar,1,2
0.30811784,3,pca_sar,1,2
0.34716251,3,pca_sar,1,2
0.34216148,3,pca_sar,1,2
0.29400867,3,pca_sar,1,2
0.3113966,3,pca_sar,1,2
0.31309968,3,pca_sar,1,2
0.25612605,3,pca_sar,1,2
0.22548395,3,pca_sar,1,2
0.31678334,3,pca_sar,1,2
0.38140297,3,pca_sar,1,2
0.39645916,3,pca_sar,1,2
0.33493686,3,pca_sar,1,2
0.36511654,3,pca_sar,1,2
0.39337552,3,pca_sar,1,2
0.34570754,3,pca_sar,1,2
0.36753255,3,pca_sar,1,2
0.36671603,3,pca_sar,1,2
0.29343474,3,pca_sar,1,2
0.28123093,3,pca_sar,1,2
0.38848823,3,pca_sar,1,2
0.38671434,3,pca_sar,1,2
0.4210204,3,pca_sar,1,2
0.41032755,3,pca_sar,1,2
0.36373004,3,pca_sar,1,2
0.36602205,3,pca_sar,1,2
0.36866716,3,pca_sar,1,2
0.3291273,3,pca_sar,1,2
0.51072466,3,pca_sar,1,2
0.491952,3,pca_sar,1,2
0.42990413,3,pca_sar,1,2
0.3926649,3,pca_sar,1,2
0.37819013,3,pca_sar,1,2
0.49508387,3,pca_sar,1,2
0.51937556,3,pca_sar,1,2
0.44660324,3,pca_sar,1,2
0.3905611,3,pca_sar,1,2
0.37458432,3,pca_sar,1,2
0.43573883,3,pca_sar,1,2
0.35739982,3,pca_sar,1,2
0.33810264,3,pca_sar,1,2
0.27330968,3,pca_sar,1,2
0.31026462,3,pca_sar,1,2
0.23259516,3,pca_sar,1,2
0.27258503,3,pca_sar,1,2
0.17029327,3,pca_sar,1,2
0.22475637,3,pca_sar,1,2
0.32812086,3,pca_sar,1,2
0.26916507,3,pca_sar,1,2
0.31235033,3,pca_sar,1,2
0.3815326,3,pca_sar,1,2
0.32573986,3,pca_sar,1,2
0.26726833,3,pca_sar,1,2
0.37429643,3,pca_sar,1,2
0.26227865,3,pca_sar,1,2
0.18193802,3,pca_sar,1,2
0.36776084,3,pca_sar,1,2
0.23359168,3,pca_sar,1,2
0.14925493,3,pca_sar,1,2
0.34538835,3,pca_sar,1,2
0.2572548,3,pca_sar,1,2
0.3304525,3,pca_sar,1,2
0.4228437,3,pca_sar,1,2
0.49691397,3,pca_sar,1,2
0.39591703,3,pca_sar,1,2
0.49117923,3,pca_sar,1,2
0.4067546,3,pca_sar,1,2
0.52849543,3,pca_sar,1,2
0.44180292,3,pca_sar,1,2
0.5738162,3,pca_sar,1,2
0.48241627,7,pca_sar,1,2
0.47935492,7,pca_sar,1,2
0.4710694,7,pca_sar,1,2
0.50716096,7,pca_sar,1,2
0.55104774,7,pca_sar,1,2
0.5644474,7,pca_sar,1,2
0.54521275,7,pca_sar,1,2
0.43418986,7,pca_sar,1,2
0.33191913,7,pca_sar,1,2
0.3585387,7,pca_sar,1,2
0.35873398,7,pca_sar,1,2
0.3507284,7,pca_sar,1,2
0.43986663,7,pca_sar,1,2
0.4713598,7,pca_sar,1,2
0.44605106,7,pca_sar,1,2
0.40622962,7,pca_sar,1,2
0.32694346,7,pca_sar,1,2
0.29464018,7,pca_sar,1,2
0.33174568,7,pca_sar,1,2
0.3140509,7,pca_sar,1,2
0.3036967,7,pca_sar,1,2
0.31494096,7,pca_sar,1,2
0.33587313,7,pca_sar,1,2
0.3220364,7,pca_sar,1,2
0.30598474,7,pca_sar,1,2
0.30699983,7,pca_sar,1,2
0.330467,7,pca_sar,1,2
0.34655902,7,pca_sar,1,2
0.31316978,7,pca_sar,1,2
0.28941143,7,pca_sar,1,2
0.2817596,7,pca_sar,1,2
0.2847945,7,pca_sar,1,2
0.2986251,7,pca_sar,1,2
0.28960678,7,pca_sar,1,2
0.28609917,7,pca_sar,1,2
0.35177508,7,pca_sar,1,2
0.31136936,7,pca_sar,1,2
0.30093905,7,pca_sar,1,2
0.27591974,7,pca_sar,1,2
0.25239235,7,pca_sar,1,2
0.26572597,7,pca_sar,1,2
0.25051922,7,pca_sar,1,2
0.2556237,7,pca_sar,1,2
0.31730294,7,pca_sar,1,2
0.39261365,7,pca_sar,1,2
0.37880936,3,pca_sar,1,2
0.34587526,3,pca_sar,1,2
0.3188624,3,pca_sar,1,2
0.18370368,3,pca_sar,1,2
0.11718532,3,pca_sar,1,2
0.16978624,3,pca_sar,1,2
0.17861204,3,pca_sar,1,2
0.18211454,3,pca_sar,1,2
0.095947966,3,pca_sar,1,2
0.44324797,3,pca_sar,1,2
0.380656,3,pca_sar,1,2
0.30290866,3,pca_sar,1,2
0.21639474,3,pca_sar,1,2
0.16875389,3,pca_sar,1,2
0.15296797,3,pca_sar,1,2
0.16150993,3,pca_sar,1,2
0.16556069,3,pca_sar,1,2
0.16225848,3,pca_sar,1,2
0.39074832,3,pca_sar,1,2
0.31701794,3,pca_sar,1,2
0.1966576,3,pca_sar,1,2
0.13919526,3,pca_sar,1,2
0.17514375,3,pca_sar,1,2
0.16789661,3,pca_sar,1,2
0.20030105,3,pca_sar,1,2
0.22176668,3,pca_sar,1,2
0.18190072,3,pca_sar,1,2
0.20882581,3,pca_sar,1,2
0.24202754,3,pca_sar,1,2
0.3900931,3,pca_sar,1,2
0.29124057,3,pca_sar,1,2
0.17350465,3,pca_sar,1,2
0.19381192,3,pca_sar,1,2
0.24631721,3,pca_sar,1,2
0.2212409,3,pca_sar,1,2
0.22920758,3,pca_sar,1,2
0.20255564,3,pca_sar,1,2
0.13554616,3,pca_sar,1,2
0.16156493,3,pca_sar,1,2
0.23588197,3,pca_sar,1,2
0.3648677,3,pca_sar,1,2
0.35137498,3,pca_sar,1,2
0.25537938,3,pca_sar,1,2
0.18409567,3,pca_sar,1,2
0.22152725,3,pca_sar,1,2
0.27711344,3,pca_sar,1,2
0.21755463,3,pca_sar,1,2
0.19835907,3,pca_sar,1,2
0.15290381,3,pca_sar,1,2
0.1403357,3,pca_sar,1,2
0.13581814,3,pca_sar,1,2
0.19488849,3,pca_sar,1,2
0.3525703,3,pca_sar,1,2
0.33815306,3,pca_sar,1,2
0.26893014,3,pca_sar,1,2
0.1906557,3,pca_sar,1,2
0.24237096,3,pca_sar,1,2
0.22811686,3,pca_sar,1,2
0.19729745,3,pca_sar,1,2
0.1834792,3,pca_sar,1,2
0.13736075,3,pca_sar,1,2
0.15361314,3,pca_sar,1,2
0.1653041,3,pca_sar,1,2
0.17443193,3,pca_sar,1,2
0.22658592,3,pca_sar,1,2
0.3508769,3,pca_sar,1,2
0.3493988,3,pca_sar,1,2
0.29828942,3,pca_sar,1,2
0.2785625,3,pca_sar,1,2
0.24381182,3,pca_sar,1,2
0.15441671,3,pca_sar,1,2
0.20001762,3,pca_sar,1,2
0.15968405,3,pca_sar,1,2
0.1782158,3,pca_sar,1,2
0.18381508,3,pca_sar,1,2
0.17521733,3,pca_sar,1,2
0.19495921,3,pca_sar,1,2
0.2966051,3,pca_sar,1,2
0.3957955,3,pca_sar,1,2
0.40141815,3,pca_sar,1,2
0.35305393,3,pca_sar,1,2
0.3387184,3,pca_sar,1,2
0.26595172,3,pca_sar,1,2
0.17508379,3,pca_sar,1,2
0.18512659,3,pca_sar,1,2
0.14780612,3,pca_sar,1,2
0.17593554,3,pca_sar,1,2
0.22737876,3,pca_sar,1,2
0.35985416,3,pca_sar,1,2
0.38769403,3,pca_sar,1,2
0.3779018,3,pca_sar,1,2
0.31426656,3,pca_sar,1,2
0.23961112,3,pca_sar,1,2
0.24574503,3,pca_sar,1,2
0.16254608,3,pca_sar,1,2
0.077261,3,pca_sar,1,2
0.09004378,3,pca_sar,1,2
0.23566204,3,pca_sar,1,2
0.4264692,3,pca_sar,1,2
0.4340906,3,pca_sar,1,2
0.37223542,3,pca_sar,1,2
0.31284118,3,pca_sar,1,2
0.2530474,3,pca_sar,1,2
0.22258091,3,pca_sar,1,2
0.2253947,3,pca_sar,1,2
0.24536273,3,pca_sar,1,2
0.22901893,3,pca_sar,1,2
0.4724205,3,pca_sar,1,2
0.4873299,3,pca_sar,1,2
0.44392553,3,pca_sar,1,2
0.3675179,3,pca_sar,1,2
0.3084683,3,pca_sar,1,2
0.27207977,3,pca_sar,1,2
0.2731017,3,pca_sar,1,2
0.423894,3,pca_sar,1,2
0.42496902,3,pca_sar,1,2
0.40606856,3,pca_sar,1,2
0.31903315,3,pca_sar,1,2
0.29232022,3,pca_sar,1,2
0.24221699,3,pca_sar,1,2
0.28463215,3,pca_sar,1,2
0.40754873,3,pca_sar,1,2
0.37678492,3,pca_sar,1,2
0.100010194,3,pca_sar,1,2
0.15127206,3,pca_sar,1,2
0.19022489,3,pca_sar,1,2
0.23772301,3,pca_sar,1,2
0.110082,3,pca_sar,1,2
0.20093377,3,pca_sar,1,2
0.3500607,3,pca_sar,1,2
0.100933224,3,pca_sar,1,2
0.3333614,3,pca_sar,1,2
0.40468603,3,pca_sar,1,2
0.26867783,3,pca_sar,1,2
0.30502695,3,pca_sar,1,2
0.33610412,3,pca_sar,1,2
0.35171196,3,pca_sar,1,2
0.34219772,3,pca_sar,1,2
0.33505458,3,pca_sar,1,2
0.42191526,3,pca_sar,1,2
0.3948318,3,pca_sar,1,2
0.35379553,3,pca_sar,1,2
0.3207729,3,pca_sar,1,2
0.39762762,3,pca_sar,1,2
0.380279,3,pca_sar,1,2
0.22662905,3,pca_sar,1,2
0.36702156,3,pca_sar,1,2
0.33721137,3,pca_sar,1,2
0.33218294,3,pca_sar,1,2
0.36899588,3,pca_sar,1,2
0.33662745,3,pca_sar,1,2
0.189076,3,pca_sar,1,2
0.41358224,3,pca_sar,1,2
0.34666115,3,pca_sar,1,2
0.26387215,3,pca_sar,1,2
0.28667837,3,pca_sar,1,2
0.3705718,3,pca_sar,1,2
0.3674388,3,pca_sar,1,2
0.2622838,3,pca_sar,1,2
0.22996467,3,pca_sar,1,2
0.18745913,3,pca_sar,1,2
0.4021276,3,pca_sar,1,2
0.33835584,3,pca_sar,1,2
0.30149192,3,pca_sar,1,2
0.29720098,3,pca_sar,1,2
0.41867775,3,pca_sar,1,2
0.44638702,3,pca_sar,1,2
0.33123818,3,pca_sar,1,2
0.28528845,3,pca_sar,1,2
0.2107582,3,pca_sar,1,2
0.3742033,3,pca_sar,1,2
0.3413036,3,pca_sar,1,2
0.32542843,3,pca_sar,1,2
0.29327714,3,pca_sar,1,2
0.38952383,3,pca_sar,1,2
0.40599644,3,pca_sar,1,2
0.35884783,3,pca_sar,1,2
0.2072359,3,pca_sar,1,2
0.18517996,3,pca_sar,1,2
0.2621712,3,pca_sar,1,2
0.29116648,3,pca_sar,1,2
0.36372435,3,pca_sar,1,2
0.3283118,3,pca_sar,1,2
0.35494596,3,pca_sar,1,2
0.42985377,3,pca_sar,1,2
0.37608367,3,pca_sar,1,2
0.2740513,3,pca_sar,1,2
0.25330532,3,pca_sar,1,2
0.3107352,3,pca_sar,1,2
0.44732904,3,pca_sar,1,2
0.34451252,3,pca_sar,1,2
0.3957478,3,pca_sar,1,2
0.3100661,3,pca_sar,1,2
0.44909137,7,pca_sar,1,2
0.45570555,7,pca_sar,1,2
0.46001804,7,pca_sar,1,2
0.53646064,7,pca_sar,1,2
0.5545279,7,pca_sar,1,2
0.5300326,7,pca_sar,1,2
0.5271466,7,pca_sar,1,2
0.45717025,7,pca_sar,1,2
0.3753695,7,pca_sar,1,2
0.38789696,7,pca_sar,1,2
0.47662738,7,pca_sar,1,2
0.32825685,7,pca_sar,1,2
0.3191039,7,pca_sar,1,2
0.32951784,7,pca_sar,1,2
0.40995383,7,pca_sar,1,2
0.45390773,7,pca_sar,1,2
0.43305677,7,pca_sar,1,2
0.44032133,7,pca_sar,1,2
0.40091887,7,pca_sar,1,2
0.3353328,7,pca_sar,1,2
0.3467051,7,pca_sar,1,2
0.39648902,7,pca_sar,1,2
0.22943112,7,pca_sar,1,2
0.22796513,7,pca_sar,1,2
0.27539945,7,pca_sar,1,2
0.3100603,7,pca_sar,1,2
0.33884752,7,pca_sar,1,2
0.36217132,7,pca_sar,1,2
0.37166196,7,pca_sar,1,2
0.39672342,7,pca_sar,1,2
0.38919652,7,pca_sar,1,2
0.4047875,7,pca_sar,1,2
0.41143483,7,pca_sar,1,2
0.2523727,7,pca_sar,1,2
0.2682535,7,pca_sar,1,2
0.29561555,7,pca_sar,1,2
0.3054937,7,pca_sar,1,2
0.3253539,7,pca_sar,1,2
0.33241507,7,pca_sar,1,2
0.35754597,7,pca_sar,1,2
0.40268642,7,pca_sar,1,2
0.4378743,7,pca_sar,1,2
0.27580673,7,pca_sar,1,2
0.41261905,7,pca_sar,1,2
0.48565158,7,pca_sar,1,2
0.45575136,7,pca_sar,1,2
0.423246,7,pca_sar,1,2
0.38719243,7,pca_sar,1,2
0.43174922,7,pca_sar,1,2
0.4187967,7,pca_sar,1,2
0.27652597,7,pca_sar,1,2
0.29069096,7,pca_sar,1,2
0.27840587,7,pca_sar,1,2
0.26590592,7,pca_sar,1,2
0.2852432,7,pca_sar,1,2
0.27519953,7,pca_sar,1,2
0.30029315,7,pca_sar,1,2
0.38667923,7,pca_sar,1,2
0.43119538,7,pca_sar,1,2
0.2920676,7,pca_sar,1,2
0.31664655,7,pca_sar,1,2
0.37421355,7,pca_sar,1,2
0.45436278,7,pca_sar,1,2
0.42857906,7,pca_sar,1,2
0.4045094,7,pca_sar,1,2
0.43834707,7,pca_sar,1,2
0.44641784,7,pca_sar,1,2
0.22165196,7,pca_sar,1,2
0.30178192,7,pca_sar,1,2
0.39631647,7,pca_sar,1,2
0.3768192,7,pca_sar,1,2
0.3844834,7,pca_sar,1,2
0.36514074,7,pca_sar,1,2
0.25080383,7,pca_sar,1,2
0.19664672,7,pca_sar,1,2
0.3159173,7,pca_sar,1,2
0.3726914,7,pca_sar,1,2
0.32971537,7,pca_sar,1,2
0.35749587,7,pca_sar,1,2
0.28423905,7,pca_sar,1,2
0.29289192,7,pca_sar,1,2
0.26849043,7,pca_sar,1,2
0.19484812,7,pca_sar,1,2
0.30334103,7,pca_sar,1,2
0.32513747,7,pca_sar,1,2
0.24523266,7,pca_sar,1,2
0.30934113,7,pca_sar,1,2
0.2733264,7,pca_sar,1,2
0.22232258,7,pca_sar,1,2
0.28848904,7,pca_sar,1,2
0.27752048,7,pca_sar,1,2
0.23005831,7,pca_sar,1,2
0.32832193,7,pca_sar,1,2
0.24183202,7,pca_sar,1,2
0.21280728,7,pca_sar,1,2
0.3064315,7,pca_sar,1,2
0.2864196,7,pca_sar,1,2
0.33682084,3,pca_sar,1,2
0.29403707,3,pca_sar,1,2
0.14752987,3,pca_sar,1,2
0.11677818,3,pca_sar,1,2
0.14536846,3,pca_sar,1,2
0.09459197,3,pca_sar,1,2
0.11211064,3,pca_sar,1,2
0.13272834,3,pca_sar,1,2
0.17257148,3,pca_sar,1,2
0.2167132,7,pca_sar,1,2
0.2660769,7,pca_sar,1,2
0.39201733,3,pca_sar,1,2
0.24570978,3,pca_sar,1,2
0.14263725,3,pca_sar,1,2
0.14656684,3,pca_sar,1,2
0.19086623,3,pca_sar,1,2
0.14637905,3,pca_sar,1,2
0.17472708,3,pca_sar,1,2
0.17223498,3,pca_sar,1,2
0.1816066,3,pca_sar,1,2
0.4880771,3,pca_sar,1,2
0.31663007,3,pca_sar,1,2
0.16732553,3,pca_sar,1,2
0.1895482,3,pca_sar,1,2
0.19502512,3,pca_sar,1,2
0.17844409,3,pca_sar,1,2
0.23401418,3,pca_sar,1,2
0.20964876,3,pca_sar,1,2
0.19330704,3,pca_sar,1,2
0.29516774,3,pca_sar,1,2
0.346961,3,pca_sar,1,2
0.4772445,3,pca_sar,1,2
0.28412938,3,pca_sar,1,2
0.18289517,3,pca_sar,1,2
0.20778307,3,pca_sar,1,2
0.16976136,3,pca_sar,1,2
0.1703066,3,pca_sar,1,2
0.22184984,3,pca_sar,1,2
0.19892809,3,pca_sar,1,2
0.17273352,3,pca_sar,1,2
0.25678465,3,pca_sar,1,2
0.31667465,3,pca_sar,1,2
0.40401864,3,pca_sar,1,2
0.41117528,3,pca_sar,1,2
0.2792162,3,pca_sar,1,2
0.22737817,3,pca_sar,1,2
0.2149798,3,pca_sar,1,2
0.1522932,3,pca_sar,1,2
0.16089642,3,pca_sar,1,2
0.2085728,3,pca_sar,1,2
0.17254812,3,pca_sar,1,2
0.17586327,3,pca_sar,1,2
0.29772455,3,pca_sar,1,2
0.37375334,3,pca_sar,1,2
0.40616268,3,pca_sar,1,2
0.43036383,3,pca_sar,1,2
0.37508184,3,pca_sar,1,2
0.23790124,3,pca_sar,1,2
0.20007971,3,pca_sar,1,2
0.16260433,3,pca_sar,1,2
0.19325957,3,pca_sar,1,2
0.25951838,3,pca_sar,1,2
0.19923277,3,pca_sar,1,2
0.2124717,3,pca_sar,1,2
0.3257684,3,pca_sar,1,2
0.33482888,3,pca_sar,1,2
0.5193489,3,pca_sar,1,2
0.4903025,3,pca_sar,1,2
0.5049702,3,pca_sar,1,2
0.45244777,3,pca_sar,1,2
0.2919215,3,pca_sar,1,2
0.15791227,3,pca_sar,1,2
0.17082891,3,pca_sar,1,2
0.23856582,3,pca_sar,1,2
0.26484948,3,pca_sar,1,2
0.2863866,3,pca_sar,1,2
0.30229163,3,pca_sar,1,2
0.3117912,3,pca_sar,1,2
0.28888616,3,pca_sar,1,2
0.5416074,3,pca_sar,1,2
0.51268524,3,pca_sar,1,2
0.4529482,3,pca_sar,1,2
0.4092906,3,pca_sar,1,2
0.28332427,3,pca_sar,1,2
0.13393083,3,pca_sar,1,2
0.20602739,3,pca_sar,1,2
0.2208623,3,pca_sar,1,2
0.16536143,3,pca_sar,1,2
0.21692415,3,pca_sar,1,2
0.3260731,3,pca_sar,1,2
0.47532004,3,pca_sar,1,2
0.438738,3,pca_sar,1,2
0.37752545,3,pca_sar,1,2
0.31004322,3,pca_sar,1,2
0.16510873,3,pca_sar,1,2
0.14308342,3,pca_sar,1,2
0.22610828,3,pca_sar,1,2
0.23117036,3,pca_sar,1,2
0.15153587,3,pca_sar,1,2
0.21926516,3,pca_sar,1,2
0.4560814,3,pca_sar,1,2
0.3997867,3,pca_sar,1,2
0.34307382,3,pca_sar,1,2
0.25241572,3,pca_sar,1,2
0.1067846,3,pca_sar,1,2
0.18044874,3,pca_sar,1,2
0.2194066,3,pca_sar,1,2
0.2190603,3,pca_sar,1,2
0.26280215,3,pca_sar,1,2
0.463665,3,pca_sar,1,2
0.4342376,3,pca_sar,1,2
0.40586925,3,pca_sar,1,2
0.26573992,3,pca_sar,1,2
0.18031979,3,pca_sar,1,2
0.1856705,3,pca_sar,1,2
0.16972202,3,pca_sar,1,2
0.46849054,3,pca_sar,1,2
0.46844307,3,pca_sar,1,2
0.4420697,3,pca_sar,1,2
0.2711273,3,pca_sar,1,2
0.2685672,3,pca_sar,1,2
0.21831709,3,pca_sar,1,2
0.18789582,3,pca_sar,1,2
0.42248318,3,pca_sar,1,2
0.31489825,3,pca_sar,1,2
0.19215024,3,pca_sar,1,2
0.26812935,3,pca_sar,1,2
0.22696638,3,pca_sar,1,2
0.25060043,3,pca_sar,1,2
0.1887994,3,pca_sar,1,2
0.18057692,3,pca_sar,1,2
0.24956107,3,pca_sar,1,2
0.12523311,3,pca_sar,1,2
0.25596365,3,pca_sar,1,2
0.3449443,3,pca_sar,1,2
0.38492197,3,pca_sar,1,2
0.34231746,3,pca_sar,1,2
0.3497397,3,pca_sar,1,2
0.39645475,3,pca_sar,1,2
0.3049961,3,pca_sar,1,2
0.3188755,3,pca_sar,1,2
0.36883885,3,pca_sar,1,2
0.36962694,3,pca_sar,1,2
0.27632403,3,pca_sar,1,2
0.25682968,3,pca_sar,1,2
0.26970848,3,pca_sar,1,2
0.3437215,3,pca_sar,1,2
0.3938979,3,pca_sar,1,2
0.34494305,3,pca_sar,1,2
0.2759524,3,pca_sar,1,2
0.25458264,3,pca_sar,1,2
0.26518184,3,pca_sar,1,2
0.3644297,3,pca_sar,1,2
0.38770548,3,pca_sar,1,2
0.37188727,3,pca_sar,1,2
0.3568615,3,pca_sar,1,2
0.2967156,3,pca_sar,1,2
0.3288878,3,pca_sar,1,2
0.3980771,3,pca_sar,1,2
0.36031893,3,pca_sar,1,2
0.34304476,3,pca_sar,1,2
0.37059683,3,pca_sar,1,2
0.343224,3,pca_sar,1,2
0.3420965,3,pca_sar,1,2
0.37588316,3,pca_sar,1,2
0.43827695,3,pca_sar,1,2
0.37694475,3,pca_sar,1,2
0.34863174,3,pca_sar,1,2
0.30849272,3,pca_sar,1,2
0.2705334,3,pca_sar,1,2
0.38226765,3,pca_sar,1,2
0.38305745,3,pca_sar,1,2
0.41804776,3,pca_sar,1,2
0.40099642,3,pca_sar,1,2
0.3926619,3,pca_sar,1,2
0.4110422,3,pca_sar,1,2
0.36284292,3,pca_sar,1,2
0.3056271,3,pca_sar,1,2
0.372671,3,pca_sar,1,2
0.3862745,3,pca_sar,1,2
0.40289468,3,pca_sar,1,2
0.41380996,3,pca_sar,1,2
0.43563074,3,pca_sar,1,2
0.37060666,3,pca_sar,1,2
0.280846,3,pca_sar,1,2
0.36025637,3,pca_sar,1,2
0.2840056,3,pca_sar,1,2
0.41382918,7,pca_sar,1,2
0.4545945,7,pca_sar,1,2
0.3151331,7,pca_sar,1,2
0.33089897,7,pca_sar,1,2
0.3334756,7,pca_sar,1,2
0.31416553,7,pca_sar,1,2
0.28207886,7,pca_sar,1,2
0.28753656,7,pca_sar,1,2
0.27212706,7,pca_sar,1,2
0.29815096,7,pca_sar,1,2
0.3285324,7,pca_sar,1,2
0.25417906,7,pca_sar,1,2
0.19546396,7,pca_sar,1,2
0.293559,7,pca_sar,1,2
0.29738414,7,pca_sar,1,2
0.2853216,7,pca_sar,1,2
0.24703819,7,pca_sar,1,2
0.19098985,7,pca_sar,1,2
0.2395695,7,pca_sar,1,2
0.28404707,7,pca_sar,1,2
0.24383138,7,pca_sar,1,2
0.2528563,7,pca_sar,1,2
0.32322925,7,pca_sar,1,2
0.24882707,7,pca_sar,1,2
0.28241536,7,pca_sar,1,2
0.3424058,7,pca_sar,1,2
0.31429112,7,pca_sar,1,2
0.3135568,7,pca_sar,1,2
0.32288828,7,pca_sar,1,2
0.2981493,7,pca_sar,1,2
0.3461991,7,pca_sar,1,2
0.4418403,7,pca_sar,1,2
0.46740833,7,pca_sar,1,2
0.5134082,7,pca_sar,1,2
0.24369022,7,pca_sar,1,2
0.2875834,7,pca_sar,1,2
0.30741516,7,pca_sar,1,2
0.3331704,7,pca_sar,1,2
0.3616604,7,pca_sar,1,2
0.37320662,7,pca_sar,1,2
0.23567009,7,pca_sar,1,2
0.32325026,7,pca_sar,1,2
0.34676552,7,pca_sar,1,2
0.37968186,7,pca_sar,1,2
0.4082374,7,pca_sar,1,2
0.37350464,7,pca_sar,1,2
0.23935309,7,pca_sar,1,2
0.27607483,7,pca_sar,1,2
0.31590146,7,pca_sar,1,2
0.31382734,7,pca_sar,1,2
0.37704736,7,pca_sar,1,2
0.36979684,7,pca_sar,1,2
0.24422622,7,pca_sar,1,2
0.32014284,7,pca_sar,1,2
0.5441658,5,pca_sar,1,2
0.46506697,5,pca_sar,1,2
0.52941537,5,pca_sar,1,2
0.5015183,5,pca_sar,1,2
0.47997278,5,pca_sar,1,2
0.51332986,5,pca_sar,1,2
0.4695378,5,pca_sar,1,2
0.5215615,5,pca_sar,1,2
0.43837234,5,pca_sar,1,2
0.4533357,5,pca_sar,1,2
0.45250154,5,pca_sar,1,2
0.44168693,5,pca_sar,1,2
0.40676063,5,pca_sar,1,2
0.41290802,5,pca_sar,1,2
0.4305038,5,pca_sar,1,2
0.43929642,5,pca_sar,1,2
0.4634317,5,pca_sar,1,2
0.37691215,5,pca_sar,1,2
0.39413646,5,pca_sar,1,2
0.39428085,5,pca_sar,1,2
0.40589157,5,pca_sar,1,2
0.43636638,5,pca_sar,1,2
0.45662677,5,pca_sar,1,2
0.35885283,5,pca_sar,1,2
0.3972987,5,pca_sar,1,2
0.3939122,5,pca_sar,1,2
0.4251613,5,pca_sar,1,2
0.4108885,5,pca_sar,1,2
0.4241912,5,pca_sar,1,2
0.41624516,5,pca_sar,1,2
0.45244557,5,pca_sar,1,2
0.41661236,5,pca_sar,1,2
0.4055324,5,pca_sar,1,2
0.365457,5,pca_sar,1,2
0.34582543,5,pca_sar,1,2
0.42870596,5,pca_sar,1,2
0.43364996,5,pca_sar,1,2
0.38276923,5,pca_sar,1,2
0.37886494,5,pca_sar,1,2
0.3685284,5,pca_sar,1,2
0.38083154,5,pca_sar,1,2
0.36823744,5,pca_sar,1,2
0.3527064,5,pca_sar,1,2
0.37533522,5,pca_sar,1,2
0.3476069,5,pca_sar,1,2
0.43546534,5,pca_sar,1,2
0.40867513,5,pca_sar,1,2
0.44271746,5,pca_sar,1,2
0.4209671,5,pca_sar,1,2
0.4526227,5,pca_sar,1,2
0.38733837,5,pca_sar,1,2
0.40910658,5,pca_sar,1,2
0.45566326,5,pca_sar,1,2
0.4551357,5,pca_sar,1,2
0.42226762,5,pca_sar,1,2
0.4139161,5,pca_sar,1,2
0.47121882,5,pca_sar,1,2
0.4363817,5,pca_sar,1,2
0.46098214,5,pca_sar,1,2
0.47725093,5,pca_sar,1,2
0.45183542,5,pca_sar,1,2
0.4566821,5,pca_sar,1,2
0.49234045,5,pca_sar,1,2
0.49970615,5,pca_sar,1,2
0.50548404,5,pca_sar,1,2
0.51294,5,pca_sar,1,2
0.5689781,5,pca_sar,1,2
0.5817393,5,pca_sar,1,2
0.5488596,5,pca_sar,1,2
0.5718608,5,pca_sar,1,2
0.53627354,5,pca_sar,1,2
0.5528468,5,pca_sar,1,2
0.53381544,5,pca_sar,1,2
0.5345799,5,pca_sar,1,2
0.532006,5,pca_sar,1,2
0.4747359,5,pca_sar,1,2
0.4701894,5,pca_sar,1,2
0.484254,5,pca_sar,1,2
0.49329272,5,pca_sar,1,2
0.5247992,5,pca_sar,1,2
0.55076045,5,pca_sar,1,2
0.48048848,5,pca_sar,1,2
0.48540246,5,pca_sar,1,2
0.5082604,5,pca_sar,1,2
0.4975801,5,pca_sar,1,2
0.5454402,5,pca_sar,1,2
0.5379887,5,pca_sar,1,2
0.5200733,5,pca_sar,1,2
0.49604794,5,pca_sar,1,2
0.47663474,5,pca_sar,1,2
0.50072396,5,pca_sar,1,2
0.5277734,5,pca_sar,1,2
0.49343213,5,pca_sar,1,2
0.5339042,5,pca_sar,1,2
0.5194516,5,pca_sar,1,2
0.500231,5,pca_sar,1,2
0.48593795,5,pca_sar,1,2
0.4966985,5,pca_sar,1,2
0.52904785,5,pca_sar,1,2
0.5234603,5,pca_sar,1,2
0.60239637,5,pca_sar,1,2
0.5652616,5,pca_sar,1,2
0.4822752,5,pca_sar,1,2
0.4945678,5,pca_sar,1,2
0.5032091,5,pca_sar,1,2
0.5137315,5,pca_sar,1,2
0.57610476,5,pca_sar,1,2
0.45486552,5,pca_sar,1,2
0.45983675,5,pca_sar,1,2
0.46820462,5,pca_sar,1,2
0.49163944,5,pca_sar,1,2
0.44978377,5,pca_sar,1,2
0.4873353,5,pca_sar,1,2
0.51176864,5,pca_sar,1,2
0.5349117,5,pca_sar,1,2
0.5685539,5,pca_sar,1,2
0.49982077,5,pca_sar,1,2
0.4503073,5,pca_sar,1,2
0.59210056,5,pca_sar,1,2
0.55976546,5,pca_sar,1,2
0.50578713,5,pca_sar,1,2
0.4687876,5,pca_sar,1,2
0.4695047,5,pca_sar,1,2
0.4658969,5,pca_sar,1,2
0.57218534,5,pca_sar,1,2
0.56093854,5,pca_sar,1,2
0.53902113,5,pca_sar,1,2
0.51002437,5,pca_sar,1,2
0.48475736,5,pca_sar,1,2
0.43905318,5,pca_sar,1,2
0.4403181,5,pca_sar,1,2
0.4665088,5,pca_sar,1,2
0.51430315,5,pca_sar,1,2
0.5627042,5,pca_sar,1,2
0.5370184,5,pca_sar,1,2
0.5575801,5,pca_sar,1,2
0.51039577,5,pca_sar,1,2
0.51167697,5,pca_sar,1,2
0.48977548,5,pca_sar,1,2
0.46663034,5,pca_sar,1,2
0.4369443,5,pca_sar,1,2
0.45524955,5,pca_sar,1,2
0.52353126,5,pca_sar,1,2
0.5006144,5,pca_sar,1,2
0.45992514,5,pca_sar,1,2
0.47798276,5,pca_sar,1,2
0.5337564,5,pca_sar,1,2
0.5249704,5,pca_sar,1,2
0.5627723,5,pca_sar,1,2
0.5370983,5,pca_sar,1,2
0.55062276,5,pca_sar,1,2
0.48227075,5,pca_sar,1,2
0.45620233,5,pca_sar,1,2
0.43789944,5,pca_sar,1,2
0.44901535,5,pca_sar,1,2
0.49060118,5,pca_sar,1,2
0.50505906,5,pca_sar,1,2
0.48524162,5,pca_sar,1,2
0.47933763,5,pca_sar,1,2
0.50890297,5,pca_sar,1,2
0.5000005,5,pca_sar,1,2
0.49806824,5,pca_sar,1,2
0.5441673,5,pca_sar,1,2
0.5686284,5,pca_sar,1,2
0.4974358,5,pca_sar,1,2
0.5036908,5,pca_sar,1,2
0.48616344,5,pca_sar,1,2
0.4516355,5,pca_sar,1,2
0.4261343,5,pca_sar,1,2
0.45307988,5,pca_sar,1,2
0.484889,5,pca_sar,1,2
0.50467956,5,pca_sar,1,2
0.5051791,5,pca_sar,1,2
0.4912339,5,pca_sar,1,2
0.49031895,5,pca_sar,1,2
0.51162434,5,pca_sar,1,2
0.53470194,5,pca_sar,1,2
0.51475763,5,pca_sar,1,2
0.53759956,5,pca_sar,1,2
0.5212019,5,pca_sar,1,2
0.47376156,5,pca_sar,1,2
0.43082857,5,pca_sar,1,2
0.45260555,5,pca_sar,1,2
0.49605963,5,pca_sar,1,2
0.49077758,5,pca_sar,1,2
0.44393647,5,pca_sar,1,2
0.46039107,5,pca_sar,1,2
0.47691166,5,pca_sar,1,2
0.4903562,5,pca_sar,1,2
0.48552746,5,pca_sar,1,2
0.457249,5,pca_sar,1,2
0.43923706,5,pca_sar,1,2
0.46711808,5,pca_sar,1,2
0.48558086,5,pca_sar,1,2
0.48227286,5,pca_sar,1,2
0.4423752,5,pca_sar,1,2
0.4580987,5,pca_sar,1,2
0.49218392,5,pca_sar,1,2
0.48607183,5,pca_sar,1,2
0.49772877,5,pca_sar,1,2
0.47280636,5,pca_sar,1,2
0.4535217,5,pca_sar,1,2
0.4813962,5,pca_sar,1,2
0.48386535,5,pca_sar,1,2
0.47503752,5,pca_sar,1,2
0.56982946,5,pca_sar,1,2
0.55959475,5,pca_sar,1,2
0.50410795,5,pca_sar,1,2
0.5342024,5,pca_sar,1,2
0.51165783,5,pca_sar,1,2
0.48319054,5,pca_sar,1,2
0.5568058,5,pca_sar,1,2
0.57494825,5,pca_sar,1,2
0.5549523,5,pca_sar,1,2
0.5100115,5,pca_sar,1,2
0.61532986,5,pca_sar,1,2
0.58300865,5,pca_sar,1,2
0.505845,5,pca_sar,1,2
0.5020747,5,pca_sar,1,2
0.5006708,5,pca_sar,1,2
0.4798607,5,pca_sar,1,2
0.4981776,5,pca_sar,1,2
0.54646444,5,pca_sar,1,2
0.50375974,5,pca_sar,1,2
0.51586914,5,pca_sar,1,2
0.50599194,5,pca_sar,1,2
0.49033523,5,pca_sar,1,2
0.4901281,5,pca_sar,1,2
0.46990907,5,pca_sar,1,2
0.47373396,5,pca_sar,1,2
0.5189104,5,pca_sar,1,2
0.52996635,5,pca_sar,1,2
0.5264165,5,pca_sar,1,2
0.5310253,5,pca_sar,1,2
0.52074134,5,pca_sar,1,2
0.548455,5,pca_sar,1,2
0.5405996,5,pca_sar,1,2
0.5360966,5,pca_sar,1,2
0.50100935,5,pca_sar,1,2
0.4945662,5,pca_sar,1,2
0.52305794,5,pca_sar,1,2
0.5151259,5,pca_sar,1,2
0.5212065,5,pca_sar,1,2
0.5428244,5,pca_sar,1,2
0.5390344,5,pca_sar,1,2
0.5915377,5,pca_sar,1,2
0.59189737,5,pca_sar,1,2
0.52956855,5,pca_sar,1,2
0.56031346,5,pca_sar,1,2
0.55248535,5,pca_sar,1,2
0.5431553,5,pca_sar,1,2
0.50482655,5,pca_sar,1,2
0.49189788,5,pca_sar,1,2
0.51037556,5,pca_sar,1,2
0.51818967,5,pca_sar,1,2
0.54698014,5,pca_sar,1,2
0.58368737,5,pca_sar,1,2
0.5695963,5,pca_sar,1,2
0.60329664,5,pca_sar,1,2
0.5716706,5,pca_sar,1,2
0.511636,5,pca_sar,1,2
0.51102424,5,pca_sar,1,2
0.49888572,5,pca_sar,1,2
0.50151044,5,pca_sar,1,2
0.49355596,5,pca_sar,1,2
0.47598454,5,pca_sar,1,2
0.4615014,5,pca_sar,1,2
0.47740787,5,pca_sar,1,2
0.5203839,5,pca_sar,1,2
0.6110929,5,pca_sar,1,2
0.5687557,5,pca_sar,1,2
0.5361043,5,pca_sar,1,2
0.51789814,5,pca_sar,1,2
0.49138218,5,pca_sar,1,2
0.4987067,5,pca_sar,1,2
0.4833198,5,pca_sar,1,2
0.4964614,5,pca_sar,1,2
0.48774856,5,pca_sar,1,2
0.46954846,5,pca_sar,1,2
0.47466102,5,pca_sar,1,2
0.5013231,5,pca_sar,1,2
0.5355884,5,pca_sar,1,2
0.58986914,5,pca_sar,1,2
0.55661523,5,pca_sar,1,2
0.5350518,5,pca_sar,1,2
0.52454215,5,pca_sar,1,2
0.5204111,5,pca_sar,1,2
0.5204401,5,pca_sar,1,2
0.4873315,5,pca_sar,1,2
0.52752537,5,pca_sar,1,2
0.5244272,5,pca_sar,1,2
0.53334093,5,pca_sar,1,2
0.56033564,5,pca_sar,1,2
0.5429481,5,pca_sar,1,2
0.5752325,5,pca_sar,1,2
0.55291927,5,pca_sar,1,2
0.5489747,5,pca_sar,1,2
0.5411164,5,pca_sar,1,2
0.48383367,5,pca_sar,1,2
0.49225765,5,pca_sar,1,2
0.49108583,5,pca_sar,1,2
0.5191556,5,pca_sar,1,2
0.5268657,5,pca_sar,1,2
0.51876545,5,pca_sar,1,2
0.53527933,5,pca_sar,1,2
0.5511399,5,pca_sar,1,2
0.52053964,5,pca_sar,1,2
0.5306228,5,pca_sar,1,2
0.5195105,5,pca_sar,1,2
0.51510286,5,pca_sar,1,2
0.57825047,5,pca_sar,1,2
0.58772004,5,pca_sar,1,2
0.5778222,5,pca_sar,1,2
0.55534756,5,pca_sar,1,2
0.3458483,3,pca_sar,1,2
0.38362595,3,pca_sar,1,2
0.4022581,3,pca_sar,1,2
0.42730355,3,pca_sar,1,2
0.4383132,3,pca_sar,1,2
0.41305608,3,pca_sar,1,2
0.38278848,3,pca_sar,1,2
0.373168,3,pca_sar,1,2
0.40207338,3,pca_sar,1,2
0.5643095,3,pca_sar,1,2
0.2873677,3,pca_sar,1,2
0.26861715,3,pca_sar,1,2
0.31559068,3,pca_sar,1,2
0.31668687,3,pca_sar,1,2
0.3006223,3,pca_sar,1,2
0.26877362,3,pca_sar,1,2
0.3168977,3,pca_sar,1,2
0.4779243,3,pca_sar,1,2
0.19993486,3,pca_sar,1,2
0.24903117,3,pca_sar,1,2
0.25490016,3,pca_sar,1,2
0.269123,3,pca_sar,1,2
0.26477292,3,pca_sar,1,2
0.23162383,3,pca_sar,1,2
0.262546,3,pca_sar,1,2
0.403447,3,pca_sar,1,2
0.28594846,3,pca_sar,1,2
0.27879176,3,pca_sar,1,2
0.2819826,3,pca_sar,1,2
0.268033,3,pca_sar,1,2
0.28857157,3,pca_sar,1,2
0.2959445,3,pca_sar,1,2
0.4079224,3,pca_sar,1,2
0.35848123,3,pca_sar,1,2
0.26188865,3,pca_sar,1,2
0.24153914,3,pca_sar,1,2
0.28788537,3,pca_sar,1,2
0.44866645,3,pca_sar,1,2
0.3967852,3,pca_sar,1,2
0.30083513,3,pca_sar,1,2
0.2762916,3,pca_sar,1,2
0.31342876,3,pca_sar,1,2
0.45916635,3,pca_sar,1,2
0.44559246,3,pca_sar,1,2
0.41456622,3,pca_sar,1,2
0.34314582,3,pca_sar,1,2
0.3449409,3,pca_sar,1,2
0.3830278,3,pca_sar,1,2
0.39378494,3,pca_sar,1,2
0.44683906,3,pca_sar,1,2
0.45664576,3,pca_sar,1,2
0.4447059,3,pca_sar,1,2
0.43759036,3,pca_sar,1,2
0.4430681,3,pca_sar,1,2
0.42885524,3,pca_sar,1,2
0.43970537,3,pca_sar,1,2
0.33501214,3,pca_sar,1,2
0.33647078,3,pca_sar,1,2
0.35196775,3,pca_sar,1,2
0.41553903,3,pca_sar,1,2
0.44499755,3,pca_sar,1,2
0.47635692,3,pca_sar,1,2
0.42051482,3,pca_sar,1,2
0.3849826,3,pca_sar,1,2
0.38726637,3,pca_sar,1,2
0.39208183,3,pca_sar,1,2
0.37420422,3,pca_sar,1,2
0.37177205,3,pca_sar,1,2
0.40464714,3,pca_sar,1,2
0.3569591,3,pca_sar,1,2
0.3690779,3,pca_sar,1,2
0.4674853,3,pca_sar,1,2
0.5249014,3,pca_sar,1,2
0.49915066,3,pca_sar,1,2
0.44097185,3,pca_sar,1,2
0.4410165,3,pca_sar,1,2
0.39137244,3,pca_sar,1,2
0.38050252,3,pca_sar,1,2
0.33550286,3,pca_sar,1,2
0.36040297,3,pca_sar,1,2
0.43583187,3,pca_sar,1,2
0.48968548,3,pca_sar,1,2
0.51593566,3,pca_sar,1,2
0.508054,3,pca_sar,1,2
0.5149485,3,pca_sar,1,2
0.4006058,3,pca_sar,1,2
0.43382657,3,pca_sar,1,2
0.4547525,3,pca_sar,1,2
0.4586737,3,pca_sar,1,2
0.45571578,3,pca_sar,1,2
0.42415735,3,pca_sar,1,2
0.46709,3,pca_sar,1,2
0.44840193,3,pca_sar,1,2
0.43907273,3,pca_sar,1,2
0.45607883,3,pca_sar,1,2
0.5819329,3,pca_sar,1,2
0.47201794,3,pca_sar,1,2
0.45422998,3,pca_sar,1,2
0.47347432,3,pca_sar,1,2
0.40458667,3,pca_sar,1,2
0.3614573,3,pca_sar,1,2
0.41597623,3,pca_sar,1,2
0.32994264,3,pca_sar,1,2
0.4054761,3,pca_sar,1,2
0.44403678,3,pca_sar,1,2
0.5448173,3,pca_sar,1,2
0.44120124,3,pca_sar,1,2
0.55578446,3,pca_sar,1,2
0.40384838,3,pca_sar,1,2
0.53896713,3,pca_sar,1,2
0.36284113,3,pca_sar,1,2
0.51366305,3,pca_sar,1,2
0.35862064,3,pca_sar,1,2
0.3568143,3,pca_sar,1,2
0.3399154,3,pca_sar,1,2
0.31077266,3,pca_sar,1,2
0.33307782,3,pca_sar,1,2
0.2943829,3,pca_sar,1,2
0.288076,3,pca_sar,1,2
0.29630852,3,pca_sar,1,2
0.29321116,3,pca_sar,1,2
0.25349054,3,pca_sar,1,2
0.24523345,3,pca_sar,1,2
0.31737164,3,pca_sar,1,2
0.36186814,3,pca_sar,1,2
0.3435956,3,pca_sar,1,2
0.33416948,3,pca_sar,1,2
0.30260506,3,pca_sar,1,2
0.34176,3,pca_sar,1,2
0.34270686,3,pca_sar,1,2
0.3387023,3,pca_sar,1,2
0.4483227,3,pca_sar,1,2
0.40092975,3,pca_sar,1,2
0.4179567,3,pca_sar,1,2
0.5007434,3,pca_sar,1,2
0.42916358,3,pca_sar,1,2
0.39177364,3,pca_sar,1,2
0.39830044,3,pca_sar,1,2
0.38675582,3,pca_sar,1,2
0.3076188,3,pca_sar,1,2
0.4184877,3,pca_sar,1,2
0.42662546,3,pca_sar,1,2
0.43184212,3,pca_sar,1,2
0.5259247,3,pca_sar,1,2
0.49291065,3,pca_sar,1,2
0.4224464,3,pca_sar,1,2
0.434021,3,pca_sar,1,2
0.41020852,3,pca_sar,1,2
0.38392013,3,pca_sar,1,2
0.3720445,3,pca_sar,1,2
0.4111334,3,pca_sar,1,2
0.44715178,3,pca_sar,1,2
0.48236525,3,pca_sar,1,2
0.480409,3,pca_sar,1,2
0.436785,3,pca_sar,1,2
0.47221687,3,pca_sar,1,2
0.44703722,3,pca_sar,1,2
0.37508664,3,pca_sar,1,2
0.3554145,3,pca_sar,1,2
0.3091924,3,pca_sar,1,2
0.3816115,3,pca_sar,1,2
0.434996,3,pca_sar,1,2
0.4796644,3,pca_sar,1,2
0.45255762,3,pca_sar,1,2
0.42233807,3,pca_sar,1,2
0.478189,3,pca_sar,1,2
0.40935147,3,pca_sar,1,2
0.39405012,3,pca_sar,1,2
0.45820343,3,pca_sar,1,2
0.4541024,3,pca_sar,1,2
0.3838839,3,pca_sar,1,2
0.3868091,3,pca_sar,1,2
0.56646687,4,pca_sar,1,2
0.5635817,4,pca_sar,1,2
0.6354676,4,pca_sar,1,2
0.70081234,4,pca_sar,1,2
0.6402584,4,pca_sar,1,2
0.5790143,4,pca_sar,1,2
0.61307573,4,pca_sar,1,2
0.69768715,4,pca_sar,1,2
0.63809896,4,pca_sar,1,2
0.6628617,4,pca_sar,1,2
0.616724,4,pca_sar,1,2
0.64347553,4,pca_sar,1,2
0.7158225,4,pca_sar,1,2
0.67144054,4,pca_sar,1,2
0.6755216,4,pca_sar,1,2
0.66872466,4,pca_sar,1,2
0.70432997,4,pca_sar,1,2
0.7777008,4,pca_sar,1,2
0.45038238,3,pca_sar,1,2
0.41754857,3,pca_sar,1,2
0.29910788,3,pca_sar,1,2
0.4518625,3,pca_sar,1,2
0.4428972,3,pca_sar,1,2
0.29309338,3,pca_sar,1,2
0.30234966,3,pca_sar,1,2
0.38003308,3,pca_sar,1,2
0.32290775,3,pca_sar,1,2
0.30887288,3,pca_sar,1,2
0.3314579,3,pca_sar,1,2
0.32087207,3,pca_sar,1,2
0.30983686,3,pca_sar,1,2
0.31779033,3,pca_sar,1,2
0.21542683,3,pca_sar,1,2
0.2585443,3,pca_sar,1,2
0.24745482,3,pca_sar,1,2
0.2356891,3,pca_sar,1,2
0.2625534,3,pca_sar,1,2
0.1018547,3,pca_sar,1,2
0.063195206,3,pca_sar,1,2
0.18202177,3,pca_sar,1,2
0.196617,3,pca_sar,1,2
0.2308185,3,pca_sar,1,2
0.25727034,3,pca_sar,1,2
0.23320991,3,pca_sar,1,2
0.17841877,3,pca_sar,1,2
0.14370114,3,pca_sar,1,2
0.2409142,3,pca_sar,1,2
0.27732676,3,pca_sar,1,2
0.31643292,3,pca_sar,1,2
0.2751934,3,pca_sar,1,2
0.13776582,3,pca_sar,1,2
0.345002,3,pca_sar,1,2
0.29596883,3,pca_sar,1,2
0.27698597,3,pca_sar,1,2
0.24622957,3,pca_sar,1,2
0.24731863,3,pca_sar,1,2
0.14125587,3,pca_sar,1,2
0.19413845,3,pca_sar,1,2
0.21881895,3,pca_sar,1,2
0.37442473,3,pca_sar,1,2
0.3241589,3,pca_sar,1,2
0.28217787,3,pca_sar,1,2
0.2356731,3,pca_sar,1,2
0.21422203,3,pca_sar,1,2
0.2344276,3,pca_sar,1,2
0.26024416,3,pca_sar,1,2
0.38116178,3,pca_sar,1,2
0.31313774,3,pca_sar,1,2
0.41668552,3,pca_sar,1,2
0.34641618,3,pca_sar,1,2
0.69486684,4,pca_sar,1,2
0.62168616,4,pca_sar,1,2
0.57653683,4,pca_sar,1,2
0.6971053,4,pca_sar,1,2
0.6878958,4,pca_sar,1,2
0.62103426,4,pca_sar,1,2
0.5506578,4,pca_sar,1,2
0.5984471,4,pca_sar,1,2
0.6271042,4,pca_sar,1,2
0.5819444,4,pca_sar,1,2
0.5763769,4,pca_sar,1,2
0.6119042,4,pca_sar,1,2
0.5775716,4,pca_sar,1,2
0.5739585,4,pca_sar,1,2
0.6326057,4,pca_sar,1,2
0.54488504,4,pca_sar,1,2
0.5789745,4,pca_sar,1,2
0.6405354,4,pca_sar,1,2
0.63040936,4,pca_sar,1,2
0.63973856,4,pca_sar,1,2
0.66373503,4,pca_sar,1,2
0.60462236,4,pca_sar,1,2
0.5563302,4,pca_sar,1,2
0.57462513,4,pca_sar,1,2
0.64124125,4,pca_sar,1,2
0.6462881,4,pca_sar,1,2
0.6760325,4,pca_sar,1,2
0.6521319,4,pca_sar,1,2
0.64666677,4,pca_sar,1,2
0.6549209,4,pca_sar,1,2
0.6455896,4,pca_sar,1,2
0.6006295,4,pca_sar,1,2
0.57014906,4,pca_sar,1,2
0.5738382,4,pca_sar,1,2
0.69094694,4,pca_sar,1,2
0.7072413,4,pca_sar,1,2
0.6994232,4,pca_sar,1,2
0.64480585,4,pca_sar,1,2
0.64670753,4,pca_sar,1,2
0.68439525,4,pca_sar,1,2
0.690648,4,pca_sar,1,2
0.6825627,4,pca_sar,1,2
0.67748034,4,pca_sar,1,2
0.6861416,4,pca_sar,1,2
0.6094637,4,pca_sar,1,2
0.6125598,4,pca_sar,1,2
0.5804924,4,pca_sar,1,2
0.66951,4,pca_sar,1,2
0.6557011,4,pca_sar,1,2
0.5884364,4,pca_sar,1,2
0.6569982,4,pca_sar,1,2
0.6001291,4,pca_sar,1,2
0.6203805,4,pca_sar,1,2
0.6501235,4,pca_sar,1,2
0.67199904,4,pca_sar,1,2
0.65031886,4,pca_sar,1,2
0.5829507,4,pca_sar,1,2
0.58757365,4,pca_sar,1,2
0.6156666,4,pca_sar,1,2
0.6242281,4,pca_sar,1,2
0.6999558,4,pca_sar,1,2
0.66576827,4,pca_sar,1,2
0.6083759,4,pca_sar,1,2
0.6100447,4,pca_sar,1,2
0.6072293,4,pca_sar,1,2
0.7745815,4,pca_sar,1,2
0.73951966,4,pca_sar,1,2
0.71265554,4,pca_sar,1,2
0.69932777,4,pca_sar,1,2
0.6938615,4,pca_sar,1,2
0.47894892,5,pca_sar,1,2
0.47785422,5,pca_sar,1,2
0.42254138,5,pca_sar,1,2
0.44396883,5,pca_sar,1,2
0.47173542,5,pca_sar,1,2
0.4582335,5,pca_sar,1,2
0.41814184,5,pca_sar,1,2
0.4257972,5,pca_sar,1,2
0.42813408,5,pca_sar,1,2
0.3904457,5,pca_sar,1,2
0.4367941,5,pca_sar,1,2
0.5185152,5,pca_sar,1,2
0.50023323,5,pca_sar,1,2
0.42501324,5,pca_sar,1,2
0.39902884,5,pca_sar,1,2
0.42802054,5,pca_sar,1,2
0.44617265,5,pca_sar,1,2
0.42887497,5,pca_sar,1,2
0.44103938,5,pca_sar,1,2
0.42461193,5,pca_sar,1,2
0.45893943,5,pca_sar,1,2
0.44895905,5,pca_sar,1,2
0.4258284,5,pca_sar,1,2
0.44331455,5,pca_sar,1,2
0.49853128,5,pca_sar,1,2
0.48282564,5,pca_sar,1,2
0.41561282,5,pca_sar,1,2
0.3942668,5,pca_sar,1,2
0.41062403,5,pca_sar,1,2
0.45578927,5,pca_sar,1,2
0.5282351,5,pca_sar,1,2
0.5169169,5,pca_sar,1,2
0.41462615,5,pca_sar,1,2
0.421783,5,pca_sar,1,2
0.43786687,5,pca_sar,1,2
0.4054073,5,pca_sar,1,2
0.37777266,5,pca_sar,1,2
0.4096991,5,pca_sar,1,2
0.4409802,5,pca_sar,1,2
0.415403,5,pca_sar,1,2
0.41567963,5,pca_sar,1,2
0.4097316,5,pca_sar,1,2
0.4282298,5,pca_sar,1,2
0.515431,5,pca_sar,1,2
0.5114546,5,pca_sar,1,2
0.45908654,5,pca_sar,1,2
0.34355187,5,pca_sar,1,2
0.39310127,5,pca_sar,1,2
0.4045729,5,pca_sar,1,2
0.36973947,5,pca_sar,1,2
0.38156688,5,pca_sar,1,2
0.3793323,5,pca_sar,1,2
0.3825108,5,pca_sar,1,2
0.38789588,5,pca_sar,1,2
0.49292824,5,pca_sar,1,2
0.5168553,5,pca_sar,1,2
0.48904788,5,pca_sar,1,2
0.45107904,5,pca_sar,1,2
0.49826515,5,pca_sar,1,2
0.37262928,5,pca_sar,1,2
0.42100698,5,pca_sar,1,2
0.41116023,5,pca_sar,1,2
0.43046272,5,pca_sar,1,2
0.4215406,5,pca_sar,1,2
0.37673283,5,pca_sar,1,2
0.36476636,5,pca_sar,1,2
0.37861472,5,pca_sar,1,2
0.43281826,5,pca_sar,1,2
0.44784138,5,pca_sar,1,2
0.38628972,5,pca_sar,1,2
0.3927306,5,pca_sar,1,2
0.46038046,5,pca_sar,1,2
0.44519436,5,pca_sar,1,2
0.38581008,5,pca_sar,1,2
0.3314256,5,pca_sar,1,2
0.3664237,5,pca_sar,1,2
0.40403098,5,pca_sar,1,2
0.44830322,5,pca_sar,1,2
0.41830578,5,pca_sar,1,2
0.4010005,5,pca_sar,1,2
0.39062646,5,pca_sar,1,2
0.46997368,5,pca_sar,1,2
0.42945087,5,pca_sar,1,2
0.36278433,5,pca_sar,1,2
0.3402021,5,pca_sar,1,2
0.3767023,5,pca_sar,1,2
0.3917794,5,pca_sar,1,2
0.42695904,5,pca_sar,1,2
0.45677367,5,pca_sar,1,2
0.29289165,5,pca_sar,1,2
0.3105308,5,pca_sar,1,2
0.3597113,5,pca_sar,1,2
0.3206044,5,pca_sar,1,2
0.4023314,5,pca_sar,1,2
0.4641503,5,pca_sar,1,2
0.33968028,5,pca_sar,1,2
0.29561952,5,pca_sar,1,2
0.38588545,5,pca_sar,1,2
0.46972567,5,pca_sar,1,2
0.5855379,5,pca_sar,1,2
0.56269145,5,pca_sar,1,2
0.63485813,5,pca_sar,1,2
0.6010076,5,pca_sar,1,2
0.5642318,5,pca_sar,1,2
0.533234,5,pca_sar,1,2
0.5814643,5,pca_sar,1,2
0.5267236,5,pca_sar,1,2
0.5915401,5,pca_sar,1,2
0.6398934,5,pca_sar,1,2
0.6389756,5,pca_sar,1,2
0.60175616,5,pca_sar,1,2
0.5789626,5,pca_sar,1,2
0.52415526,5,pca_sar,1,2
0.5194974,5,pca_sar,1,2
0.48550755,5,pca_sar,1,2
0.4870097,5,pca_sar,1,2
0.48056605,5,pca_sar,1,2
0.5065369,5,pca_sar,1,2
0.5674021,5,pca_sar,1,2
0.56753993,5,pca_sar,1,2
0.59616446,5,pca_sar,1,2
0.5798647,5,pca_sar,1,2
0.559539,5,pca_sar,1,2
0.58610183,5,pca_sar,1,2
0.55455756,5,pca_sar,1,2
0.5589564,5,pca_sar,1,2
0.5510601,5,pca_sar,1,2
0.53678226,5,pca_sar,1,2
0.53202987,5,pca_sar,1,2
0.5306772,5,pca_sar,1,2
0.54553676,5,pca_sar,1,2
0.5871396,5,pca_sar,1,2
0.6032356,5,pca_sar,1,2
0.6488782,5,pca_sar,1,2
0.6049275,5,pca_sar,1,2
0.5873409,5,pca_sar,1,2
0.6148086,5,pca_sar,1,2
0.58372086,5,pca_sar,1,2
0.53961694,5,pca_sar,1,2
0.5780279,5,pca_sar,1,2
0.5818035,5,pca_sar,1,2
0.6120627,5,pca_sar,1,2
0.61264336,5,pca_sar,1,2
0.5879514,5,pca_sar,1,2
0.5331814,5,pca_sar,1,2
0.59575313,5,pca_sar,1,2
0.6284503,5,pca_sar,1,2
0.5852437,5,pca_sar,1,2
0.5916702,5,pca_sar,1,2
0.6120682,5,pca_sar,1,2
0.5812558,5,pca_sar,1,2
0.51306105,5,pca_sar,1,2
0.55632216,5,pca_sar,1,2
0.60181767,5,pca_sar,1,2
0.6172016,5,pca_sar,1,2
0.6111878,5,pca_sar,1,2
0.5981869,5,pca_sar,1,2
0.53231055,5,pca_sar,1,2
0.5512191,5,pca_sar,1,2
0.5744156,5,pca_sar,1,2
0.5430504,5,pca_sar,1,2
0.53006136,5,pca_sar,1,2
0.5697131,5,pca_sar,1,2
0.56895053,5,pca_sar,1,2
0.50107,5,pca_sar,1,2
0.5215319,5,pca_sar,1,2
0.58585334,5,pca_sar,1,2
0.61525303,5,pca_sar,1,2
0.5619273,5,pca_sar,1,2
0.56511134,5,pca_sar,1,2
0.5157146,5,pca_sar,1,2
0.48710436,5,pca_sar,1,2
0.50773746,5,pca_sar,1,2
0.512691,5,pca_sar,1,2
0.5025031,5,pca_sar,1,2
0.50674236,5,pca_sar,1,2
0.5442575,5,pca_sar,1,2
0.5849451,5,pca_sar,1,2
0.5927702,5,pca_sar,1,2
0.56427014,5,pca_sar,1,2
0.5143763,5,pca_sar,1,2
0.4863684,5,pca_sar,1,2
0.50743914,5,pca_sar,1,2
0.50549877,5,pca_sar,1,2
0.52294135,5,pca_sar,1,2
0.54292774,5,pca_sar,1,2
0.5409847,5,pca_sar,1,2
0.5626722,5,pca_sar,1,2
0.49464005,5,pca_sar,1,2
0.52197623,5,pca_sar,1,2
0.58057606,5,pca_sar,1,2
0.58867884,5,pca_sar,1,2
0.52372223,5,pca_sar,1,2
0.4976099,5,pca_sar,1,2
0.56594217,5,pca_sar,1,2
0.5845873,5,pca_sar,1,2
0.5538634,5,pca_sar,1,2
0.50718987,5,pca_sar,1,2
0.5542916,4,pca_sar,1,2
0.5775098,4,pca_sar,1,2
0.61366403,4,pca_sar,1,2
0.682868,4,pca_sar,1,2
0.5398718,4,pca_sar,1,2
0.55295646,4,pca_sar,1,2
0.6021671,4,pca_sar,1,2
0.66895676,4,pca_sar,1,2
0.5727203,4,pca_sar,1,2
0.52442855,4,pca_sar,1,2
0.55871224,4,pca_sar,1,2
0.5960786,4,pca_sar,1,2
0.652112,4,pca_sar,1,2
0.56166166,4,pca_sar,1,2
0.53450924,4,pca_sar,1,2
0.56848824,4,pca_sar,1,2
0.6040718,4,pca_sar,1,2
0.64624226,4,pca_sar,1,2
0.5726906,4,pca_sar,1,2
0.54732573,4,pca_sar,1,2
0.54805404,4,pca_sar,1,2
0.5756531,4,pca_sar,1,2
0.57814896,4,pca_sar,1,2
0.6402304,4,pca_sar,1,2
0.6102096,4,pca_sar,1,2
0.5616079,4,pca_sar,1,2
0.5690477,4,pca_sar,1,2
0.56546414,4,pca_sar,1,2
0.5697166,4,pca_sar,1,2
0.6414107,4,pca_sar,1,2
0.6020213,4,pca_sar,1,2
0.58477306,4,pca_sar,1,2
0.56325495,4,pca_sar,1,2
0.5593105,4,pca_sar,1,2
0.5653744,4,pca_sar,1,2
0.5804475,4,pca_sar,1,2
0.5929307,4,pca_sar,1,2
0.60208076,4,pca_sar,1,2
0.61009395,4,pca_sar,1,2
0.58404243,4,pca_sar,1,2
0.5697063,4,pca_sar,1,2
0.536605,4,pca_sar,1,2
0.5302759,4,pca_sar,1,2
0.5745561,4,pca_sar,1,2
0.5400326,4,pca_sar,1,2
0.5283348,4,pca_sar,1,2
0.53826505,4,pca_sar,1,2
0.56224644,4,pca_sar,1,2
0.64131534,4,pca_sar,1,2
0.64849824,4,pca_sar,1,2
0.6618353,4,pca_sar,1,2
0.6553905,4,pca_sar,1,2
0.6679486,4,pca_sar,1,2
0.66774464,4,pca_sar,1,2
0.6653863,4,pca_sar,1,2
0.65370286,4,pca_sar,1,2
0.6658778,4,pca_sar,1,2
0.7041893,4,pca_sar,1,2
0.7391404,4,pca_sar,1,2
0.7368231,4,pca_sar,1,2
0.7064831,4,pca_sar,1,2
0.68067986,4,pca_sar,1,2
0.6646094,4,pca_sar,1,2
0.73450255,4,pca_sar,1,2
0.721557,4,pca_sar,1,2
0.6963459,4,pca_sar,1,2
0.70073414,4,pca_sar,1,2
0.70686865,4,pca_sar,1,2
0.7140199,4,pca_sar,1,2
0.73260254,4,pca_sar,1,2
0.6988659,4,pca_sar,1,2
0.69902104,4,pca_sar,1,2
0.6764731,4,pca_sar,1,2
0.73479956,4,pca_sar,1,2
0.71809715,4,pca_sar,1,2
0.6651441,4,pca_sar,1,2
0.67192173,4,pca_sar,1,2
0.62699693,4,pca_sar,1,2
0.63953185,4,pca_sar,1,2
0.6548508,4,pca_sar,1,2
0.6920735,4,pca_sar,1,2
0.7161329,4,pca_sar,1,2
0.66252565,4,pca_sar,1,2
0.6815028,4,pca_sar,1,2
0.68043077,4,pca_sar,1,2
0.6700534,4,pca_sar,1,2
0.6868031,4,pca_sar,1,2
0.6384909,4,pca_sar,1,2
0.64994824,4,pca_sar,1,2
0.6633663,4,pca_sar,1,2
0.7177572,4,pca_sar,1,2
0.72958225,4,pca_sar,1,2
0.6723221,4,pca_sar,1,2
0.6509897,4,pca_sar,1,2
0.6035644,4,pca_sar,1,2
0.5982207,4,pca_sar,1,2
0.65999043,4,pca_sar,1,2
0.6921381,4,pca_sar,1,2
0.6316185,4,pca_sar,1,2
0.65988785,4,pca_sar,1,2
0.697581,4,pca_sar,1,2
0.7521471,4,pca_sar,1,2
0.7107973,4,pca_sar,1,2
0.6753035,4,pca_sar,1,2
0.66369104,4,pca_sar,1,2
0.62117934,4,pca_sar,1,2
0.60626155,4,pca_sar,1,2
0.6755709,4,pca_sar,1,2
0.7055456,4,pca_sar,1,2
0.6438992,4,pca_sar,1,2
0.6787156,4,pca_sar,1,2
0.67478323,4,pca_sar,1,2
0.7158909,4,pca_sar,1,2
0.6994785,4,pca_sar,1,2
0.669519,4,pca_sar,1,2
0.652438,4,pca_sar,1,2
0.6332941,4,pca_sar,1,2
0.63038784,4,pca_sar,1,2
0.6211436,4,pca_sar,1,2
0.6662618,4,pca_sar,1,2
0.6713201,4,pca_sar,1,2
0.6766844,4,pca_sar,1,2
0.68642944,4,pca_sar,1,2
0.73075485,4,pca_sar,1,2
0.6636879,4,pca_sar,1,2
0.6550206,4,pca_sar,1,2
0.6405844,4,pca_sar,1,2
0.61995244,4,pca_sar,1,2
0.65871316,4,pca_sar,1,2
0.6484233,4,pca_sar,1,2
0.66116655,4,pca_sar,1,2
0.6656091,4,pca_sar,1,2
0.7092503,4,pca_sar,1,2
0.66209763,4,pca_sar,1,2
0.69193995,4,pca_sar,1,2
0.6952398,4,pca_sar,1,2
0.6620177,4,pca_sar,1,2
0.68868625,4,pca_sar,1,2
0.71715903,4,pca_sar,1,2
0.6698084,4,pca_sar,1,2
0.6626086,4,pca_sar,1,2
0.6549103,4,pca_sar,1,2
0.56416166,4,pca_sar,1,2
0.5721004,4,pca_sar,1,2
0.5643474,4,pca_sar,1,2
0.63726735,4,pca_sar,1,2
0.6282667,4,pca_sar,1,2
0.61300766,4,pca_sar,1,2
0.65259886,4,pca_sar,1,2
0.61036754,4,pca_sar,1,2
0.5941372,4,pca_sar,1,2
0.60619444,4,pca_sar,1,2
0.6487399,4,pca_sar,1,2
0.6557174,4,pca_sar,1,2
0.61039704,4,pca_sar,1,2
0.5907882,4,pca_sar,1,2
0.57364845,4,pca_sar,1,2
0.6233791,4,pca_sar,1,2
0.6957279,4,pca_sar,1,2
0.6607574,4,pca_sar,1,2
0.6369964,4,pca_sar,1,2
0.60425556,4,pca_sar,1,2
0.6231489,4,pca_sar,1,2
0.69558144,4,pca_sar,1,2
0.65416014,4,pca_sar,1,2
0.608446,4,pca_sar,1,2
0.58733726,4,pca_sar,1,2
0.6100348,4,pca_sar,1,2
0.7103827,4,pca_sar,1,2
0.64313096,4,pca_sar,1,2
0.5927846,4,pca_sar,1,2
0.5941676,4,pca_sar,1,2
0.6241759,4,pca_sar,1,2
0.7259948,4,pca_sar,1,2
0.6634407,4,pca_sar,1,2
0.5995256,4,pca_sar,1,2
0.60992503,4,pca_sar,1,2
0.62186617,4,pca_sar,1,2
0.7285462,4,pca_sar,1,2
0.6823784,4,pca_sar,1,2
0.62660164,4,pca_sar,1,2
0.6332524,4,pca_sar,1,2
0.6291786,4,pca_sar,1,2
0.71389765,4,pca_sar,1,2
0.6740712,4,pca_sar,1,2
0.62954503,4,pca_sar,1,2
0.639416,4,pca_sar,1,2
0.6446841,4,pca_sar,1,2
0.55694747,4,pca_sar,1,2
0.5791011,4,pca_sar,1,2
0.49545848,4,pca_sar,1,2
0.41618887,4,pca_sar,1,2
0.36740306,4,pca_sar,1,2
0.3434432,4,pca_sar,1,2
0.4968245,4,pca_sar,1,2
0.49259147,4,pca_sar,1,2
0.43336588,4,pca_sar,1,2
0.38863462,4,pca_sar,1,2
0.3480889,4,pca_sar,1,2
0.2514357,4,pca_sar,1,2
0.49210832,4,pca_sar,1,2
0.45925626,4,pca_sar,1,2
0.38789245,4,pca_sar,1,2
0.33233875,4,pca_sar,1,2
0.24775794,4,pca_sar,1,2
0.28657076,4,pca_sar,1,2
0.2565292,4,pca_sar,1,2
0.39491013,4,pca_sar,1,2
0.35012805,4,pca_sar,1,2
0.5064826,4,pca_sar,1,2
0.42297682,4,pca_sar,1,2
0.37464815,4,pca_sar,1,2
0.35735917,4,pca_sar,1,2
0.34284016,4,pca_sar,1,2
0.34664905,4,pca_sar,1,2
0.26842737,4,pca_sar,1,2
0.28630996,4,pca_sar,1,2
0.31547028,4,pca_sar,1,2
0.3922233,4,pca_sar,1,2
0.34659183,4,pca_sar,1,2
0.3271775,4,pca_sar,1,2
0.28638119,4,pca_sar,1,2
0.33897096,4,pca_sar,1,2
0.28845808,4,pca_sar,1,2
0.2614255,4,pca_sar,1,2
0.2329793,4,pca_sar,1,2
0.54674894,4,pca_sar,1,2
0.5412778,4,pca_sar,1,2
0.49538562,4,pca_sar,1,2
0.43388623,4,pca_sar,1,2
0.43107328,4,pca_sar,1,2
0.56847095,4,pca_sar,1,2
0.46892482,4,pca_sar,1,2
0.48034513,4,pca_sar,1,2
0.4736883,4,pca_sar,1,2
0.49694243,4,pca_sar,1,2
0.44994712,4,pca_sar,1,2
0.41824353,4,pca_sar,1,2
0.43981808,4,pca_sar,1,2
0.4350313,4,pca_sar,1,2
0.43095994,4,pca_sar,1,2
0.45732844,4,pca_sar,1,2
0.43280572,4,pca_sar,1,2
0.36498505,4,pca_sar,1,2
0.3989544,4,pca_sar,1,2
0.400379,4,pca_sar,1,2
0.4074557,4,pca_sar,1,2
0.387425,4,pca_sar,1,2
0.2771509,4,pca_sar,1,2
0.27796736,4,pca_sar,1,2
0.24166915,4,pca_sar,1,2
0.19946072,4,pca_sar,1,2
0.1977801,4,pca_sar,1,2
0.40442848,4,pca_sar,1,2
0.32434243,4,pca_sar,1,2
0.2719214,4,pca_sar,1,2
0.2449514,4,pca_sar,1,2
0.22057733,4,pca_sar,1,2
0.2066179,4,pca_sar,1,2
0.21066806,4,pca_sar,1,2
0.17322455,4,pca_sar,1,2
0.20256263,4,pca_sar,1,2
0.35902673,4,pca_sar,1,2
0.2874654,4,pca_sar,1,2
0.23114459,4,pca_sar,1,2
0.1764148,4,pca_sar,1,2
0.29196128,4,pca_sar,1,2
0.27629617,4,pca_sar,1,2
0.23055153,4,pca_sar,1,2
0.21929085,4,pca_sar,1,2
0.4605347,4,pca_sar,1,2
0.34445027,4,pca_sar,1,2
0.37443823,4,pca_sar,1,2
0.44538695,4,pca_sar,1,2
0.44797933,4,pca_sar,1,2
0.2974928,4,pca_sar,1,2
0.31747073,4,pca_sar,1,2
0.35643893,4,pca_sar,1,2
0.34664673,4,pca_sar,1,2
0.5464466,4,pca_sar,1,2
0.53885764,4,pca_sar,1,2
0.37359625,4,pca_sar,1,2
0.36877394,4,pca_sar,1,2
0.42213205,4,pca_sar,1,2
0.39427996,4,pca_sar,1,2
0.3600422,4,pca_sar,1,2
0.43107808,4,pca_sar,1,2
0.44846773,4,pca_sar,1,2
0.44754028,4,pca_sar,1,2
0.45849264,4,pca_sar,1,2
0.4217108,4,pca_sar,1,2
0.4110595,4,pca_sar,1,2
0.45220894,4,pca_sar,1,2
0.28715238,4,pca_sar,1,2
0.37527594,4,pca_sar,1,2
0.40418386,4,pca_sar,1,2
0.43430614,4,pca_sar,1,2
0.382747,4,pca_sar,1,2
0.31499895,4,pca_sar,1,2
0.33776954,4,pca_sar,1,2
0.3635126,4,pca_sar,1,2
0.3780025,4,pca_sar,1,2
0.40797192,4,pca_sar,1,2
0.35572082,4,pca_sar,1,2
0.37882227,4,pca_sar,1,2
0.3779629,4,pca_sar,1,2
0.2091823,4,pca_sar,1,2
0.39636403,4,pca_sar,1,2
0.3872617,4,pca_sar,1,2
0.35170645,4,pca_sar,1,2
0.3225161,4,pca_sar,1,2
0.323012,4,pca_sar,1,2
0.3596618,4,pca_sar,1,2
0.37321502,4,pca_sar,1,2
0.29379693,4,pca_sar,1,2
0.29132727,4,pca_sar,1,2
0.32806146,4,pca_sar,1,2
0.3312186,4,pca_sar,1,2
0.45172712,4,pca_sar,1,2
0.5006633,4,pca_sar,1,2
0.4844218,4,pca_sar,1,2
0.5096824,4,pca_sar,1,2
0.5219579,4,pca_sar,1,2
0.52979815,4,pca_sar,1,2
0.54944825,4,pca_sar,1,2
0.48188052,4,pca_sar,1,2
0.5035728,4,pca_sar,1,2
0.48711652,4,pca_sar,1,2
0.47173423,4,pca_sar,1,2
0.5474944,4,pca_sar,1,2
0.44006717,4,pca_sar,1,2
0.49868494,4,pca_sar,1,2
0.5403315,4,pca_sar,1,2
0.43313688,4,pca_sar,1,2
0.4758812,4,pca_sar,1,2
0.51781404,4,pca_sar,1,2
0.6711948,4,pca_sar,1,2
0.65354323,4,pca_sar,1,2
0.45037404,4,pca_sar,1,2
0.3534067,4,pca_sar,1,2
0.37619007,4,pca_sar,1,2
0.44448832,4,pca_sar,1,2
0.5848835,4,pca_sar,1,2
0.57416654,4,pca_sar,1,2
0.53700876,4,pca_sar,1,2
0.47101822,4,pca_sar,1,2
0.45615196,4,pca_sar,1,2
0.43258762,4,pca_sar,1,2
0.4551986,4,pca_sar,1,2
0.3395186,4,pca_sar,1,2
0.44451562,4,pca_sar,1,2
0.30676705,4,pca_sar,1,2
0.32655185,4,pca_sar,1,2
0.35841686,4,pca_sar,1,2
0.4741537,4,pca_sar,1,2
0.53421754,4,pca_sar,1,2
0.575516,4,pca_sar,1,2
0.5484822,4,pca_sar,1,2
0.47912017,4,pca_sar,1,2
0.44140804,4,pca_sar,1,2
0.45039994,4,pca_sar,1,2
0.29571468,4,pca_sar,1,2
0.548594,4,pca_sar,1,2
0.50455344,4,pca_sar,1,2
0.44717628,4,pca_sar,1,2
0.41598082,4,pca_sar,1,2
0.41924316,4,pca_sar,1,2
0.49597967,4,pca_sar,1,2
0.48939034,4,pca_sar,1,2
0.52144134,4,pca_sar,1,2
0.53678167,4,pca_sar,1,2
0.515553,4,pca_sar,1,2
0.68151116,4,pca_sar,1,2
0.64584523,4,pca_sar,1,2
0.6158983,4,pca_sar,1,2
0.5772989,4,pca_sar,1,2
0.57623225,4,pca_sar,1,2
0.58453906,4,pca_sar,1,2
0.60644984,4,pca_sar,1,2
0.6558248,4,pca_sar,1,2
0.67219937,4,pca_sar,1,2
0.6452333,4,pca_sar,1,2
0.63941,4,pca_sar,1,2
0.62068266,4,pca_sar,1,2
0.58982366,4,pca_sar,1,2
0.5852603,4,pca_sar,1,2
0.6471613,4,pca_sar,1,2
0.7473861,4,pca_sar,1,2
0.53761,4,pca_sar,1,2
0.5449955,4,pca_sar,1,2
0.5139277,4,pca_sar,1,2
0.49851424,4,pca_sar,1,2
0.56381786,4,pca_sar,1,2
0.69823694,4,pca_sar,1,2
0.50236106,4,pca_sar,1,2
0.5016122,4,pca_sar,1,2
0.50651646,4,pca_sar,1,2
0.46696866,4,pca_sar,1,2
0.46037936,4,pca_sar,1,2
0.5630217,4,pca_sar,1,2
0.5457028,4,pca_sar,1,2
0.47568515,4,pca_sar,1,2
0.52635807,4,pca_sar,1,2
0.63224316,4,pca_sar,1,2
0.6075089,4,pca_sar,1,2
0.49988735,4,pca_sar,1,2
0.5364115,4,pca_sar,1,2
0.6157384,4,pca_sar,1,2
0.51918155,4,pca_sar,1,2
0.53719693,4,pca_sar,1,2
0.526379,4,pca_sar,1,2
0.54149836,4,pca_sar,1,2
0.7259458,4,pca_sar,1,2
0.71832484,4,pca_sar,1,2
0.67184484,4,pca_sar,1,2
0.6767566,4,pca_sar,1,2
0.6968062,4,pca_sar,1,2
0.6949395,4,pca_sar,1,2
0.72802114,4,pca_sar,1,2
0.73219055,4,pca_sar,1,2
0.71044,4,pca_sar,1,2
0.6817844,4,pca_sar,1,2
0.680588,4,pca_sar,1,2
0.72043717,4,pca_sar,1,2
0.7262542,4,pca_sar,1,2
0.6712185,4,pca_sar,1,2
0.67953646,4,pca_sar,1,2
0.66305125,4,pca_sar,1,2
0.653848,4,pca_sar,1,2
0.67960846,4,pca_sar,1,2
0.7110108,4,pca_sar,1,2
0.67344487,4,pca_sar,1,2
0.63867307,4,pca_sar,1,2
0.6774515,4,pca_sar,1,2
0.6571768,4,pca_sar,1,2
0.6404029,4,pca_sar,1,2
0.63887167,4,pca_sar,1,2
0.69366217,4,pca_sar,1,2
0.72465426,4,pca_sar,1,2
0.65089154,4,pca_sar,1,2
0.6623861,4,pca_sar,1,2
0.66587067,4,pca_sar,1,2
0.70008415,4,pca_sar,1,2
0.6819979,4,pca_sar,1,2
0.63189584,4,pca_sar,1,2
0.6192947,4,pca_sar,1,2
0.68051016,4,pca_sar,1,2
0.7162194,4,pca_sar,1,2
0.6957013,4,pca_sar,1,2
0.6749831,4,pca_sar,1,2
0.6803181,4,pca_sar,1,2
0.6553571,4,pca_sar,1,2
0.63530034,4,pca_sar,1,2
0.63472843,4,pca_sar,1,2
0.6235213,4,pca_sar,1,2
0.65705633,4,pca_sar,1,2
0.678844,4,pca_sar,1,2
0.6246716,4,pca_sar,1,2
0.6595595,4,pca_sar,1,2
0.664335,4,pca_sar,1,2
0.64822453,4,pca_sar,1,2
0.6399916,4,pca_sar,1,2
0.79961205,4,pca_sar,1,2
0.7512213,4,pca_sar,1,2
0.7162092,4,pca_sar,1,2
0.71066487,4,pca_sar,1,2
0.6907251,4,pca_sar,1,2
0.7604252,4,pca_sar,1,2
0.6876787,4,pca_sar,1,2
0.6422327,4,pca_sar,1,2
0.6412502,4,pca_sar,1,2
0.6239815,4,pca_sar,1,2
0.72166497,4,pca_sar,1,2
0.62014973,4,pca_sar,1,2
0.572148,4,pca_sar,1,2
0.5728045,4,pca_sar,1,2
0.5763451,4,pca_sar,1,2
0.7031418,4,pca_sar,1,2
0.5994396,4,pca_sar,1,2
0.5686934,4,pca_sar,1,2
0.5897424,4,pca_sar,1,2
0.58511984,4,pca_sar,1,2
0.6696198,4,pca_sar,1,2
0.65946305,4,pca_sar,1,2
0.66256094,4,pca_sar,1,2
0.6690327,4,pca_sar,1,2
0.5936919,4,pca_sar,1,2
0.5567823,4,pca_sar,1,2
0.59929603,4,pca_sar,1,2
0.5769861,4,pca_sar,1,2
0.5700894,4,pca_sar,1,2
0.6126617,4,pca_sar,1,2
0.5311016,4,pca_sar,1,2
0.44943243,4,pca_sar,1,2
0.5813902,4,pca_sar,1,2
0.49789855,4,pca_sar,1,2
0.46750692,4,pca_sar,1,2
0.42481607,4,pca_sar,1,2
0.35756636,4,pca_sar,1,2
0.28954816,4,pca_sar,1,2
0.26195806,4,pca_sar,1,2
0.26246476,4,pca_sar,1,2
0.30156732,4,pca_sar,1,2
0.545668,4,pca_sar,1,2
0.47467148,4,pca_sar,1,2
0.43542877,4,pca_sar,1,2
0.39636153,4,pca_sar,1,2
0.3062616,4,pca_sar,1,2
0.20962334,4,pca_sar,1,2
0.19794095,4,pca_sar,1,2
0.1994281,4,pca_sar,1,2
0.2953218,4,pca_sar,1,2
0.40286282,4,pca_sar,1,2
0.3477814,4,pca_sar,1,2
0.28673372,4,pca_sar,1,2
0.19436045,4,pca_sar,1,2
0.27446067,4,pca_sar,1,2
0.21611279,4,pca_sar,1,2
0.17310573,4,pca_sar,1,2
0.18171632,4,pca_sar,1,2
0.5161587,4,pca_sar,1,2
0.51717025,4,pca_sar,1,2
0.53105426,4,pca_sar,1,2
0.517489,4,pca_sar,1,2
0.56622326,4,pca_sar,1,2
0.5761662,4,pca_sar,1,2
0.6195507,4,pca_sar,1,2
0.6211343,4,pca_sar,1,2
0.63544714,4,pca_sar,1,2
0.67011917,4,pca_sar,1,2
0.6286113,4,pca_sar,1,2
0.5448413,4,pca_sar,1,2
0.48347747,4,pca_sar,1,2
0.4250117,4,pca_sar,1,2
0.44096738,4,pca_sar,1,2
0.5542116,4,pca_sar,1,2
0.59535986,4,pca_sar,1,2
0.5603664,4,pca_sar,1,2
0.5308642,4,pca_sar,1,2
0.43854493,4,pca_sar,1,2
0.42769176,4,pca_sar,1,2
0.5200718,4,pca_sar,1,2
0.5147204,4,pca_sar,1,2
0.52701557,4,pca_sar,1,2
0.54702616,4,pca_sar,1,2
0.52298445,4,pca_sar,1,2
0.44477397,4,pca_sar,1,2
0.3888567,4,pca_sar,1,2
0.40987834,4,pca_sar,1,2
0.35969415,4,pca_sar,1,2
0.29434383,4,pca_sar,1,2
0.16764203,4,pca_sar,1,2
0.39752686,4,pca_sar,1,2
0.42257738,4,pca_sar,1,2
0.37232718,4,pca_sar,1,2
0.30386186,4,pca_sar,1,2
0.27157825,4,pca_sar,1,2
0.3073526,4,pca_sar,1,2
0.3113091,4,pca_sar,1,2
0.28356475,4,pca_sar,1,2
0.27593136,4,pca_sar,1,2
0.34881118,4,pca_sar,1,2
0.3192144,4,pca_sar,1,2
0.35522044,4,pca_sar,1,2
0.3074239,4,pca_sar,1,2
0.32760972,4,pca_sar,1,2
0.32806134,4,pca_sar,1,2
0.34692442,4,pca_sar,1,2
0.35530874,4,pca_sar,1,2
0.43717727,4,pca_sar,1,2
0.5039822,4,pca_sar,1,2
0.4941588,4,pca_sar,1,2
0.5036969,4,pca_sar,1,2
0.40911555,4,pca_sar,1,2
0.48788315,4,pca_sar,1,2
0.47936904,4,pca_sar,1,2
0.51498085,4,pca_sar,1,2
0.52750254,4,pca_sar,1,2
0.5250354,4,pca_sar,1,2
0.5332017,4,pca_sar,1,2
0.51793444,4,pca_sar,1,2
0.59092355,4,pca_sar,1,2
0.5753331,4,pca_sar,1,2
0.52100265,4,pca_sar,1,2
0.48730832,4,pca_sar,1,2
0.4929412,4,pca_sar,1,2
0.53720784,4,pca_sar,1,2
0.5223744,4,pca_sar,1,2
0.53897935,4,pca_sar,1,2
0.59194916,4,pca_sar,1,2
0.536917,4,pca_sar,1,2
0.5079484,4,pca_sar,1,2
0.4463684,4,pca_sar,1,2
0.51794386,4,pca_sar,1,2
0.54235995,4,pca_sar,1,2
0.53201646,4,pca_sar,1,2
0.547372,4,pca_sar,1,2
0.50979364,4,pca_sar,1,2
0.54164255,4,pca_sar,1,2
0.57711446,4,pca_sar,1,2
0.52464056,4,pca_sar,1,2
0.52301306,4,pca_sar,1,2
0.5739722,4,pca_sar,1,2
0.5121558,4,pca_sar,1,2
0.48896074,4,pca_sar,1,2
0.42227063,4,pca_sar,1,2
0.4509176,4,pca_sar,1,2
0.434569,4,pca_sar,1,2
0.4450179,4,pca_sar,1,2
0.4426199,4,pca_sar,1,2
0.47442114,4,pca_sar,1,2
0.5456152,4,pca_sar,1,2
0.5473205,4,pca_sar,1,2
0.5112323,4,pca_sar,1,2
0.5180775,4,pca_sar,1,2
0.5429931,4,pca_sar,1,2
0.48157656,4,pca_sar,1,2
0.4664654,4,pca_sar,1,2
0.4475029,4,pca_sar,1,2
0.4440983,4,pca_sar,1,2
0.43704847,4,pca_sar,1,2
0.5007434,4,pca_sar,1,2
0.53489494,4,pca_sar,1,2
0.50634456,4,pca_sar,1,2
0.49554938,4,pca_sar,1,2
0.5080926,4,pca_sar,1,2
0.53779495,4,pca_sar,1,2
0.48522693,4,pca_sar,1,2
0.4511875,4,pca_sar,1,2
0.4517626,4,pca_sar,1,2
0.4156776,4,pca_sar,1,2
0.46727723,4,pca_sar,1,2
0.53171635,4,pca_sar,1,2
0.49769926,4,pca_sar,1,2
0.48072454,4,pca_sar,1,2
0.49426746,4,pca_sar,1,2
0.5299405,4,pca_sar,1,2
0.5465672,4,pca_sar,1,2
0.50277996,4,pca_sar,1,2
0.4649629,4,pca_sar,1,2
0.45908502,4,pca_sar,1,2
0.4279825,4,pca_sar,1,2
0.43234697,4,pca_sar,1,2
0.47592402,4,pca_sar,1,2
0.45134473,4,pca_sar,1,2
0.44929564,4,pca_sar,1,2
0.4432916,4,pca_sar,1,2
0.5347275,4,pca_sar,1,2
0.55841506,4,pca_sar,1,2
0.5196305,4,pca_sar,1,2
0.51179427,4,pca_sar,1,2
0.46076697,4,pca_sar,1,2
0.436122,4,pca_sar,1,2
0.4089759,4,pca_sar,1,2
0.39490977,4,pca_sar,1,2
0.43982244,4,pca_sar,1,2
0.46034223,4,pca_sar,1,2
0.45781246,4,pca_sar,1,2
0.5041677,4,pca_sar,1,2
0.50441337,4,pca_sar,1,2
0.4698807,4,pca_sar,1,2
0.45790365,4,pca_sar,1,2
0.41589975,4,pca_sar,1,2
0.3966044,4,pca_sar,1,2
0.39581656,4,pca_sar,1,2
0.5494815,4,pca_sar,1,2
0.48824912,4,pca_sar,1,2
0.5234785,4,pca_sar,1,2
0.5224658,4,pca_sar,1,2
0.4374722,4,pca_sar,1,2
0.4414267,4,pca_sar,1,2
0.4318222,4,pca_sar,1,2
0.5293597,4,pca_sar,1,2
0.5318146,4,pca_sar,1,2
0.496376,4,pca_sar,1,2
0.39778984,4,pca_sar,1,2
0.41720387,4,pca_sar,1,2
0.45386198,4,pca_sar,1,2
0.50538725,4,pca_sar,1,2
0.50847316,4,pca_sar,1,2
0.5611207,4,pca_sar,1,2
0.50628555,4,pca_sar,1,2
0.4729178,4,pca_sar,1,2
0.45748678,4,pca_sar,1,2
0.4397565,4,pca_sar,1,2
0.36197034,4,pca_sar,1,2
0.4904015,4,pca_sar,1,2
0.39379027,4,pca_sar,1,2
0.41644725,4,pca_sar,1,2
0.4242017,4,pca_sar,1,2
0.46320158,4,pca_sar,1,2
0.5087484,4,pca_sar,1,2
0.5538026,4,pca_sar,1,2
0.50453115,4,pca_sar,1,2
0.45258445,4,pca_sar,1,2
0.47115862,4,pca_sar,1,2
0.44721514,4,pca_sar,1,2
0.34640297,4,pca_sar,1,2
0.5395667,4,pca_sar,1,2
0.4611962,4,pca_sar,1,2
0.44835687,4,pca_sar,1,2
0.4093168,4,pca_sar,1,2
0.43165112,4,pca_sar,1,2
0.47086284,4,pca_sar,1,2
0.5465595,4,pca_sar,1,2
0.50184834,4,pca_sar,1,2
0.44936675,4,pca_sar,1,2
0.47258475,4,pca_sar,1,2
0.5539424,4,pca_sar,1,2
0.4576058,4,pca_sar,1,2
0.40737304,4,pca_sar,1,2
0.3922044,4,pca_sar,1,2
0.42206,4,pca_sar,1,2
0.46391726,4,pca_sar,1,2
0.5339242,4,pca_sar,1,2
0.50070727,4,pca_sar,1,2
0.417953,4,pca_sar,1,2
0.42244232,4,pca_sar,1,2
0.60109645,4,pca_sar,1,2
0.46375412,4,pca_sar,1,2
0.39543402,4,pca_sar,1,2
0.4097981,4,pca_sar,1,2
0.41740292,4,pca_sar,1,2
0.46266544,4,pca_sar,1,2
0.50187844,4,pca_sar,1,2
0.45548117,4,pca_sar,1,2
0.40150765,4,pca_sar,1,2
0.34809178,4,pca_sar,1,2
0.63460344,4,pca_sar,1,2
0.48870817,4,pca_sar,1,2
0.39460546,4,pca_sar,1,2
0.43042842,4,pca_sar,1,2
0.42758036,4,pca_sar,1,2
0.45493406,4,pca_sar,1,2
0.46826035,4,pca_sar,1,2
0.44144735,4,pca_sar,1,2
0.38973907,4,pca_sar,1,2
0.32096165,4,pca_sar,1,2
0.65426874,4,pca_sar,1,2
0.54837835,4,pca_sar,1,2
0.42881122,4,pca_sar,1,2
0.45016053,4,pca_sar,1,2
0.39594036,4,pca_sar,1,2
0.41517764,4,pca_sar,1,2
0.35530752,4,pca_sar,1,2
0.31894892,4,pca_sar,1,2
0.3733323,4,pca_sar,1,2
0.31208152,4,pca_sar,1,2
0.6384205,4,pca_sar,1,2
0.5972347,4,pca_sar,1,2
0.45804232,5,pca_sar,1,2
0.4121765,5,pca_sar,1,2
0.37860054,5,pca_sar,1,2
0.33194336,5,pca_sar,1,2
0.31934115,5,pca_sar,1,2
0.4117822,5,pca_sar,1,2
0.4657076,5,pca_sar,1,2
0.4482659,5,pca_sar,1,2
0.452261,5,pca_sar,1,2
0.43117857,5,pca_sar,1,2
0.4484269,5,pca_sar,1,2
0.39167958,5,pca_sar,1,2
0.22678761,5,pca_sar,1,2
0.15691787,5,pca_sar,1,2
0.38843805,5,pca_sar,1,2
0.44009042,5,pca_sar,1,2
0.4808839,5,pca_sar,1,2
0.5073565,5,pca_sar,1,2
0.4391194,5,pca_sar,1,2
0.39623648,5,pca_sar,1,2
0.28906947,5,pca_sar,1,2
0.3014721,5,pca_sar,1,2
0.54493356,5,pca_sar,1,2
0.53796,5,pca_sar,1,2
0.5394788,5,pca_sar,1,2
0.5552503,5,pca_sar,1,2
0.47369182,5,pca_sar,1,2
0.4697709,5,pca_sar,1,2
0.49711192,5,pca_sar,1,2
0.4502902,5,pca_sar,1,2
0.57429194,5,pca_sar,1,2
0.5616409,5,pca_sar,1,2
0.5077439,5,pca_sar,1,2
0.5070267,5,pca_sar,1,2
0.44926697,5,pca_sar,1,2
0.5037732,5,pca_sar,1,2
0.55150247,5,pca_sar,1,2
0.6015996,5,pca_sar,1,2
0.5379367,5,pca_sar,1,2
0.50882864,5,pca_sar,1,2
0.5109168,5,pca_sar,1,2
0.53898036,5,pca_sar,1,2
0.5450003,5,pca_sar,1,2
0.4666186,5,pca_sar,1,2
0.45576948,5,pca_sar,1,2
0.5021383,5,pca_sar,1,2
0.60150605,5,pca_sar,1,2
0.49956283,5,pca_sar,1,2
0.4948033,5,pca_sar,1,2
0.54133534,5,pca_sar,1,2
0.5008942,5,pca_sar,1,2
0.510105,5,pca_sar,1,2
0.54173607,5,pca_sar,1,2
0.5856644,5,pca_sar,1,2
0.5636189,5,pca_sar,1,2
0.48455006,5,pca_sar,1,2
0.5189194,5,pca_sar,1,2
0.543098,5,pca_sar,1,2
0.61261714,5,pca_sar,1,2
0.56410027,5,pca_sar,1,2
0.49965757,5,pca_sar,1,2
0.5074624,5,pca_sar,1,2
0.5201061,5,pca_sar,1,2
0.53883755,5,pca_sar,1,2
0.54927087,5,pca_sar,1,2
0.56343746,5,pca_sar,1,2
0.58818233,5,pca_sar,1,2
0.5545285,5,pca_sar,1,2
0.49350658,5,pca_sar,1,2
0.51059866,5,pca_sar,1,2
0.53427374,5,pca_sar,1,2
0.6424283,5,pca_sar,1,2
0.54162955,5,pca_sar,1,2
0.5345932,5,pca_sar,1,2
0.58288574,5,pca_sar,1,2
0.5702399,5,pca_sar,1,2
0.5632372,5,pca_sar,1,2
0.5886477,5,pca_sar,1,2
0.59575146,5,pca_sar,1,2
0.53845984,5,pca_sar,1,2
0.44346637,5,pca_sar,1,2
0.5154394,5,pca_sar,1,2
0.5731648,5,pca_sar,1,2
0.6195271,5,pca_sar,1,2
0.5186953,5,pca_sar,1,2
0.60356444,5,pca_sar,1,2
0.6738155,5,pca_sar,1,2
0.63143545,5,pca_sar,1,2
0.5937003,5,pca_sar,1,2
0.5789997,5,pca_sar,1,2
0.57764715,5,pca_sar,1,2
0.4467584,5,pca_sar,1,2
0.50077045,5,pca_sar,1,2
0.5692833,5,pca_sar,1,2
0.64217806,5,pca_sar,1,2
0.6118142,5,pca_sar,1,2
0.6724205,5,pca_sar,1,2
0.61126304,5,pca_sar,1,2
0.6458349,5,pca_sar,1,2
0.5594853,5,pca_sar,1,2
0.65282476,5,pca_sar,1,2
0.6083523,5,pca_sar,1,2
0.5667541,5,pca_sar,1,2
0.6755894,5,pca_sar,1,2
0.59501284,5,pca_sar,1,2
0.70321757,5,pca_sar,1,2
0.6801451,5,pca_sar,1,2
0.45690584,5,pca_sar,1,2
0.42628247,5,pca_sar,1,2
0.3865584,5,pca_sar,1,2
0.24661537,5,pca_sar,1,2
0.28453195,5,pca_sar,1,2
0.4297499,5,pca_sar,1,2
0.52091104,5,pca_sar,1,2
0.48042187,5,pca_sar,1,2
0.50396883,5,pca_sar,1,2
0.5212598,5,pca_sar,1,2
0.5702255,5,pca_sar,1,2
0.4975653,5,pca_sar,1,2
0.2975616,5,pca_sar,1,2
0.2995124,5,pca_sar,1,2
0.4767918,5,pca_sar,1,2
0.5482192,5,pca_sar,1,2
0.5389111,5,pca_sar,1,2
0.55669534,5,pca_sar,1,2
0.613523,5,pca_sar,1,2
0.5617524,5,pca_sar,1,2
0.31773436,5,pca_sar,1,2
0.31079832,5,pca_sar,1,2
0.5142136,5,pca_sar,1,2
0.5549095,5,pca_sar,1,2
0.5477963,5,pca_sar,1,2
0.5572917,5,pca_sar,1,2
0.4901327,5,pca_sar,1,2
0.52330256,5,pca_sar,1,2
0.4542101,5,pca_sar,1,2
0.48090383,5,pca_sar,1,2
0.58537006,5,pca_sar,1,2
0.58419764,5,pca_sar,1,2
0.5789712,5,pca_sar,1,2
0.5964478,5,pca_sar,1,2
0.51134706,5,pca_sar,1,2
0.51749575,5,pca_sar,1,2
0.53474593,5,pca_sar,1,2
0.5037854,5,pca_sar,1,2
0.55510074,5,pca_sar,1,2
0.62095255,5,pca_sar,1,2
0.6309695,5,pca_sar,1,2
0.57673794,5,pca_sar,1,2
0.56236124,5,pca_sar,1,2
0.63654745,5,pca_sar,1,2
0.58474475,5,pca_sar,1,2
0.51827717,5,pca_sar,1,2
0.5122411,5,pca_sar,1,2
0.57851195,5,pca_sar,1,2
0.58021486,5,pca_sar,1,2
0.58746004,5,pca_sar,1,2
0.54872334,5,pca_sar,1,2
0.5595086,5,pca_sar,1,2
0.51704514,5,pca_sar,1,2
0.58064455,5,pca_sar,1,2
0.60162973,5,pca_sar,1,2
0.52913594,5,pca_sar,1,2
0.52913296,5,pca_sar,1,2
0.52054393,5,pca_sar,1,2
0.5322747,5,pca_sar,1,2
0.52065396,5,pca_sar,1,2
0.5914118,5,pca_sar,1,2
0.6057384,5,pca_sar,1,2
0.4813779,5,pca_sar,1,2
0.55032444,5,pca_sar,1,2
0.5644642,5,pca_sar,1,2
0.5573809,5,pca_sar,1,2
0.5444633,5,pca_sar,1,2
0.5316567,5,pca_sar,1,2
0.57411003,5,pca_sar,1,2
0.5943228,5,pca_sar,1,2
0.52556145,5,pca_sar,1,2
0.52297664,5,pca_sar,1,2
0.53995997,5,pca_sar,1,2
0.5792339,5,pca_sar,1,2
0.5586823,5,pca_sar,1,2
0.5767522,5,pca_sar,1,2
0.5942192,5,pca_sar,1,2
0.5124291,5,pca_sar,1,2
0.5339227,5,pca_sar,1,2
0.5744065,5,pca_sar,1,2
0.57742715,5,pca_sar,1,2
0.5684986,5,pca_sar,1,2
0.5753504,5,pca_sar,1,2
0.5770184,5,pca_sar,1,2
0.58919597,5,pca_sar,1,2
0.6041483,5,pca_sar,1,2
0.6156731,5,pca_sar,1,2
0.5834981,5,pca_sar,1,2
0.55673593,5,pca_sar,1,2
0.56327903,5,pca_sar,1,2
0.57226914,5,pca_sar,1,2
0.6307399,5,pca_sar,1,2
0.54518425,5,pca_sar,1,2
0.5248973,5,pca_sar,1,2
0.55224264,5,pca_sar,1,2
0.579643,5,pca_sar,1,2
0.57372016,5,pca_sar,1,2
0.560256,5,pca_sar,1,2
0.54918027,5,pca_sar,1,2
0.6329485,5,pca_sar,1,2
0.6516743,5,pca_sar,1,2
0.5794499,5,pca_sar,1,2
0.5660093,5,pca_sar,1,2
0.5546112,5,pca_sar,1,2
0.56164634,5,pca_sar,1,2
0.62920624,5,pca_sar,1,2
0.6221037,5,pca_sar,1,2
0.4839176,5,pca_sar,1,2
0.4838056,5,pca_sar,1,2
0.55362624,5,pca_sar,1,2
0.5928365,5,pca_sar,1,2
0.55983114,5,pca_sar,1,2
0.57333803,5,pca_sar,1,2
0.57473516,5,pca_sar,1,2
0.5565365,5,pca_sar,1,2
0.6405133,5,pca_sar,1,2
0.61488324,5,pca_sar,1,2
0.512675,5,pca_sar,1,2
0.5152759,5,pca_sar,1,2
0.54469544,5,pca_sar,1,2
0.56086224,5,pca_sar,1,2
0.5964901,5,pca_sar,1,2
0.68850017,5,pca_sar,1,2
0.6436766,5,pca_sar,1,2
0.5461832,5,pca_sar,1,2
0.5857258,5,pca_sar,1,2
0.6162798,5,pca_sar,1,2
0.57448125,5,pca_sar,1,2
0.5694916,5,pca_sar,1,2
0.62043417,5,pca_sar,1,2
0.6289165,5,pca_sar,1,2
0.58779705,5,pca_sar,1,2
0.5507213,5,pca_sar,1,2
0.60269475,5,pca_sar,1,2
0.5184823,5,pca_sar,1,2
0.643861,5,pca_sar,1,2
0.51072323,5,pca_sar,1,2
0.59344393,5,pca_sar,1,2
0.67513436,5,pca_sar,1,2
0.5701808,5,pca_sar,1,2
0.7319357,5,pca_sar,1,2
0.6387421,5,pca_sar,1,2
0.74813646,5,pca_sar,1,2
0.69388443,5,pca_sar,1,2
0.6327172,5,pca_sar,1,2
0.73162127,5,pca_sar,1,2
0.66223836,5,pca_sar,1,2
0.65922433,5,pca_sar,1,2
0.6355034,5,pca_sar,1,2
0.67250395,5,pca_sar,1,2
0.61638343,5,pca_sar,1,2
0.64815146,5,pca_sar,1,2
0.6348818,5,pca_sar,1,2
0.6552656,5,pca_sar,1,2
0.58286965,5,pca_sar,1,2
0.6164789,5,pca_sar,1,2
0.60639095,5,pca_sar,1,2
0.63392156,5,pca_sar,1,2
0.55378205,5,pca_sar,1,2
0.51524997,5,pca_sar,1,2
0.62402767,5,pca_sar,1,2
0.54758424,5,pca_sar,1,2
0.55614924,5,pca_sar,1,2
0.49635652,5,pca_sar,1,2
0.51817775,5,pca_sar,1,2
0.50153124,5,pca_sar,1,2
0.51309407,5,pca_sar,1,2
0.44854558,1,pca_sar,1,2
0.4845703,1,pca_sar,1,2
0.5145279,1,pca_sar,1,2
0.5123389,1,pca_sar,1,2
0.4189306,1,pca_sar,1,2
0.42988682,1,pca_sar,1,2
0.50935256,1,pca_sar,1,2
0.5090772,1,pca_sar,1,2
0.4894579,1,pca_sar,1,2
0.48807016,1,pca_sar,1,2
0.42581543,1,pca_sar,1,2
0.40196446,1,pca_sar,1,2
0.4093946,1,pca_sar,1,2
0.4940755,1,pca_sar,1,2
0.5244211,1,pca_sar,1,2
0.49376306,1,pca_sar,1,2
0.47743255,1,pca_sar,1,2
0.43782687,1,pca_sar,1,2
0.5168935,1,pca_sar,1,2
0.5291864,1,pca_sar,1,2
0.49421006,1,pca_sar,1,2
0.48593488,1,pca_sar,1,2
0.43997693,1,pca_sar,1,2
0.5042116,1,pca_sar,1,2
0.5326647,1,pca_sar,1,2
0.5359357,1,pca_sar,1,2
0.5079024,1,pca_sar,1,2
0.4328398,1,pca_sar,1,2
0.46435535,1,pca_sar,1,2
0.47671694,1,pca_sar,1,2
0.50306356,1,pca_sar,1,2
0.5222554,1,pca_sar,1,2
0.53442454,1,pca_sar,1,2
0.5123606,1,pca_sar,1,2
0.44969165,1,pca_sar,1,2
0.46316332,1,pca_sar,1,2
0.47009954,1,pca_sar,1,2
0.47758934,1,pca_sar,1,2
0.48943612,1,pca_sar,1,2
0.5105217,1,pca_sar,1,2
0.49849036,1,pca_sar,1,2
0.5007361,1,pca_sar,1,2
0.4997297,1,pca_sar,1,2
0.46016786,1,pca_sar,1,2
0.45815384,1,pca_sar,1,2
0.47092682,1,pca_sar,1,2
0.5330917,1,pca_sar,1,2
0.5157131,1,pca_sar,1,2
0.49905032,1,pca_sar,1,2
0.5128973,1,pca_sar,1,2
0.51873016,1,pca_sar,1,2
0.50263816,1,pca_sar,1,2
0.47712815,1,pca_sar,1,2
0.49373809,1,pca_sar,1,2
0.5140009,1,pca_sar,1,2
0.4947229,1,pca_sar,1,2
0.55189395,1,pca_sar,1,2
0.56558776,1,pca_sar,1,2
0.5376971,1,pca_sar,1,2
0.5147765,1,pca_sar,1,2
0.5084597,1,pca_sar,1,2
0.57629305,1,pca_sar,1,2
0.5597291,1,pca_sar,1,2
0.528713,1,pca_sar,1,2
0.53343034,1,pca_sar,1,2
0.51288724,1,pca_sar,1,2
0.5308667,1,pca_sar,1,2
0.54013216,1,pca_sar,1,2
0.49949744,1,pca_sar,1,2
0.5298127,1,pca_sar,1,2
0.53822446,1,pca_sar,1,2
0.5466845,1,pca_sar,1,2
0.48935303,1,pca_sar,1,2
0.5065055,1,pca_sar,1,2
0.5415398,1,pca_sar,1,2
0.5635617,1,pca_sar,1,2
0.51424456,1,pca_sar,1,2
0.5257422,1,pca_sar,1,2
0.5511425,1,pca_sar,1,2
0.5528327,1,pca_sar,1,2
0.4702169,1,pca_sar,1,2
0.48147792,1,pca_sar,1,2
0.5287339,1,pca_sar,1,2
0.48415318,1,pca_sar,1,2
0.537206,1,pca_sar,1,2
0.5035844,1,pca_sar,1,2
0.5515058,1,pca_sar,1,2
0.5195412,1,pca_sar,1,2
0.5201483,1,pca_sar,1,2
0.5405195,1,pca_sar,1,2
0.49799007,1,pca_sar,1,2
0.4171952,1,pca_sar,1,2
0.27120999,1,pca_sar,1,2
0.31299,1,pca_sar,1,2
0.34347117,1,pca_sar,1,2
0.53636503,1,pca_sar,1,2
0.5463054,1,pca_sar,1,2
0.45594338,1,pca_sar,1,2
0.36600804,1,pca_sar,1,2
0.24744733,1,pca_sar,1,2
0.2995762,1,pca_sar,1,2
0.37400925,1,pca_sar,1,2
0.35806966,1,pca_sar,1,2
0.29726416,1,pca_sar,1,2
0.3471048,1,pca_sar,1,2
0.37451714,1,pca_sar,1,2
0.45726368,1,pca_sar,1,2
0.26448506,1,pca_sar,1,2
0.31511787,1,pca_sar,1,2
0.35771108,1,pca_sar,1,2
0.42166635,1,pca_sar,1,2
0.47389707,1,pca_sar,1,2
0.3150422,1,pca_sar,1,2
0.2896464,1,pca_sar,1,2
0.2859028,1,pca_sar,1,2
0.31472394,1,pca_sar,1,2
0.430138,1,pca_sar,1,2
0.47451943,1,pca_sar,1,2
0.51956964,1,pca_sar,1,2
0.54169863,1,pca_sar,1,2
0.47144666,1,pca_sar,1,2
0.305216,1,pca_sar,1,2
0.33101562,1,pca_sar,1,2
0.3271959,1,pca_sar,1,2
0.38240725,1,pca_sar,1,2
0.5117894,1,pca_sar,1,2
0.53353417,1,pca_sar,1,2
0.5203801,1,pca_sar,1,2
0.49755198,1,pca_sar,1,2
0.46793485,1,pca_sar,1,2
0.3489367,1,pca_sar,1,2
0.36413032,1,pca_sar,1,2
0.38861638,1,pca_sar,1,2
0.46233287,1,pca_sar,1,2
0.56246793,1,pca_sar,1,2
0.5677015,1,pca_sar,1,2
0.53107834,1,pca_sar,1,2
0.43657535,1,pca_sar,1,2
0.45539123,1,pca_sar,1,2
0.43337908,1,pca_sar,1,2
0.4966507,1,pca_sar,1,2
0.55904794,1,pca_sar,1,2
0.5771811,1,pca_sar,1,2
0.58734906,1,pca_sar,1,2
0.4085499,1,pca_sar,1,2
0.45209968,1,pca_sar,1,2
0.47242075,1,pca_sar,1,2
0.50138843,1,pca_sar,1,2
0.526528,1,pca_sar,1,2
0.49692303,1,pca_sar,1,2
0.5391554,1,pca_sar,1,2
0.5301934,1,pca_sar,1,2
0.42379725,1,pca_sar,1,2
0.46221083,1,pca_sar,1,2
0.48330575,1,pca_sar,1,2
0.5217121,1,pca_sar,1,2
0.54085714,1,pca_sar,1,2
0.50171465,1,pca_sar,1,2
0.45905137,1,pca_sar,1,2
0.4895479,1,pca_sar,1,2
0.43115115,1,pca_sar,1,2
0.45220235,1,pca_sar,1,2
0.50088376,1,pca_sar,1,2
0.56168205,1,pca_sar,1,2
0.5144083,1,pca_sar,1,2
0.49606848,1,pca_sar,1,2
0.45532432,1,pca_sar,1,2
0.5091959,1,pca_sar,1,2
0.72072977,4,pca_sar,1,2
0.66720307,4,pca_sar,1,2
0.6181794,4,pca_sar,1,2
0.6244652,4,pca_sar,1,2
0.6147211,4,pca_sar,1,2
0.53059494,4,pca_sar,1,2
0.6332673,4,pca_sar,1,2
0.63145924,4,pca_sar,1,2
0.5890838,4,pca_sar,1,2
0.5381704,4,pca_sar,1,2
0.5090634,4,pca_sar,1,2
0.5296705,4,pca_sar,1,2
0.52179325,4,pca_sar,1,2
0.5316106,4,pca_sar,1,2
0.5103593,4,pca_sar,1,2
0.50239533,4,pca_sar,1,2
0.42847544,4,pca_sar,1,2
0.5301157,4,pca_sar,1,2
0.56883967,4,pca_sar,1,2
0.50657237,4,pca_sar,1,2
0.40589702,4,pca_sar,1,2
0.4380421,4,pca_sar,1,2
0.474766,4,pca_sar,1,2
0.45497152,4,pca_sar,1,2
0.44028586,4,pca_sar,1,2
0.42704043,4,pca_sar,1,2
0.40077817,4,pca_sar,1,2
0.37274998,4,pca_sar,1,2
0.41356742,4,pca_sar,1,2
0.44379202,4,pca_sar,1,2
0.45117104,4,pca_sar,1,2
0.42763007,4,pca_sar,1,2
0.41139096,4,pca_sar,1,2
0.43051028,4,pca_sar,1,2
0.44566125,4,pca_sar,1,2
0.4434069,4,pca_sar,1,2
0.39339638,4,pca_sar,1,2
0.33577722,4,pca_sar,1,2
0.4444918,4,pca_sar,1,2
0.47621554,4,pca_sar,1,2
0.4205615,4,pca_sar,1,2
0.43097985,4,pca_sar,1,2
0.5918059,4,pca_sar,1,2
0.44585404,4,pca_sar,1,2
0.4211332,4,pca_sar,1,2
0.42757404,4,pca_sar,1,2
0.44555593,4,pca_sar,1,2
0.46704963,4,pca_sar,1,2
0.45904157,4,pca_sar,1,2
0.4356135,4,pca_sar,1,2
0.42592272,4,pca_sar,1,2
0.4838103,4,pca_sar,1,2
0.4788855,4,pca_sar,1,2
0.3607459,4,pca_sar,1,2
0.33389485,4,pca_sar,1,2
0.31824434,4,pca_sar,1,2
0.33340037,4,pca_sar,1,2
0.3501066,4,pca_sar,1,2
0.34404895,4,pca_sar,1,2
0.30538067,4,pca_sar,1,2
0.29107606,4,pca_sar,1,2
0.3806971,4,pca_sar,1,2
0.4668048,4,pca_sar,1,2
0.32996854,4,pca_sar,1,2
0.4132198,4,pca_sar,1,2
0.39755502,4,pca_sar,1,2
0.39520842,4,pca_sar,1,2
0.40479398,4,pca_sar,1,2
0.3324953,4,pca_sar,1,2
0.31143442,4,pca_sar,1,2
0.23366307,4,pca_sar,1,2
0.27005202,4,pca_sar,1,2
0.4733476,4,pca_sar,1,2
0.5343104,4,pca_sar,1,2
0.40685987,5,pca_sar,1,2
0.41162232,5,pca_sar,1,2
0.4103608,5,pca_sar,1,2
0.33569366,5,pca_sar,1,2
0.36060685,5,pca_sar,1,2
0.49707234,5,pca_sar,1,2
0.53842735,5,pca_sar,1,2
0.52105314,5,pca_sar,1,2
0.5149208,5,pca_sar,1,2
0.41657847,5,pca_sar,1,2
0.43237865,5,pca_sar,1,2
0.4313941,5,pca_sar,1,2
0.24078207,5,pca_sar,1,2
0.25185865,5,pca_sar,1,2
0.38012397,5,pca_sar,1,2
0.441556,5,pca_sar,1,2
0.43472528,5,pca_sar,1,2
0.45458096,5,pca_sar,1,2
0.51717603,5,pca_sar,1,2
0.48460218,5,pca_sar,1,2
0.2575704,5,pca_sar,1,2
0.2315576,5,pca_sar,1,2
0.41232097,5,pca_sar,1,2
0.43979385,5,pca_sar,1,2
0.4318478,5,pca_sar,1,2
0.44794583,5,pca_sar,1,2
0.5845647,5,pca_sar,1,2
0.5568353,5,pca_sar,1,2
0.4743766,5,pca_sar,1,2
0.45472252,5,pca_sar,1,2
0.5018222,5,pca_sar,1,2
0.5081373,5,pca_sar,1,2
0.45554,5,pca_sar,1,2
0.470693,5,pca_sar,1,2
0.5522577,5,pca_sar,1,2
0.5543077,5,pca_sar,1,2
0.55718654,5,pca_sar,1,2
0.5130739,5,pca_sar,1,2
0.48798597,5,pca_sar,1,2
0.4934451,5,pca_sar,1,2
0.52622116,5,pca_sar,1,2
0.51496506,5,pca_sar,1,2
0.49183616,5,pca_sar,1,2
0.5738964,5,pca_sar,1,2
0.5607792,5,pca_sar,1,2
0.53837144,5,pca_sar,1,2
0.6349827,5,pca_sar,1,2
0.5580602,5,pca_sar,1,2
0.54751825,5,pca_sar,1,2
0.52527326,5,pca_sar,1,2
0.4961242,5,pca_sar,1,2
0.5221651,5,pca_sar,1,2
0.5311136,5,pca_sar,1,2
0.551421,5,pca_sar,1,2
0.5366659,5,pca_sar,1,2
0.53267276,5,pca_sar,1,2
0.5204606,5,pca_sar,1,2
0.5549998,5,pca_sar,1,2
0.660954,5,pca_sar,1,2
0.50271857,5,pca_sar,1,2
0.5487186,5,pca_sar,1,2
0.52927107,5,pca_sar,1,2
0.5082792,5,pca_sar,1,2
0.5064085,5,pca_sar,1,2
0.52237177,5,pca_sar,1,2
0.5570829,5,pca_sar,1,2
0.5294789,5,pca_sar,1,2
0.5090507,5,pca_sar,1,2
0.5298326,5,pca_sar,1,2
0.52878284,5,pca_sar,1,2
0.5985023,5,pca_sar,1,2
0.69355726,5,pca_sar,1,2
0.5093709,5,pca_sar,1,2
0.55406296,5,pca_sar,1,2
0.53581977,5,pca_sar,1,2
0.53632003,5,pca_sar,1,2
0.5590358,5,pca_sar,1,2
0.56782824,5,pca_sar,1,2
0.5742636,5,pca_sar,1,2
0.5708195,5,pca_sar,1,2
0.59446347,5,pca_sar,1,2
0.56012857,5,pca_sar,1,2
0.61520755,5,pca_sar,1,2
0.7133306,5,pca_sar,1,2
0.51556957,5,pca_sar,1,2
0.56480324,5,pca_sar,1,2
0.57139874,5,pca_sar,1,2
0.56505823,5,pca_sar,1,2
0.58599675,5,pca_sar,1,2
0.58970344,5,pca_sar,1,2
0.5818474,5,pca_sar,1,2
0.59187,5,pca_sar,1,2
0.5778668,5,pca_sar,1,2
0.62311465,5,pca_sar,1,2
0.7194174,5,pca_sar,1,2
0.58943015,5,pca_sar,1,2
0.6144341,5,pca_sar,1,2
0.5952015,5,pca_sar,1,2
0.58648944,5,pca_sar,1,2
0.5848503,5,pca_sar,1,2
0.6943254,5,pca_sar,1,2
0.590556,5,pca_sar,1,2
0.5905674,5,pca_sar,1,2
0.7069702,5,pca_sar,1,2
0.6104403,5,pca_sar,1,2
0.72647953,5,pca_sar,1,2
0.70271873,5,pca_sar,1,2
0.5580112,5,pca_sar,1,2
0.5178716,5,pca_sar,1,2
0.53245616,5,pca_sar,1,2
0.4192619,5,pca_sar,1,2
0.42208302,5,pca_sar,1,2
0.48087832,5,pca_sar,1,2
0.54871476,5,pca_sar,1,2
0.55951476,5,pca_sar,1,2
0.5563782,5,pca_sar,1,2
0.49332866,5,pca_sar,1,2
0.4554883,5,pca_sar,1,2
0.43355083,5,pca_sar,1,2
0.32895356,5,pca_sar,1,2
0.37365314,5,pca_sar,1,2
0.46848503,5,pca_sar,1,2
0.489824,5,pca_sar,1,2
0.5724469,5,pca_sar,1,2
0.58465385,5,pca_sar,1,2
0.49118176,5,pca_sar,1,2
0.47952634,5,pca_sar,1,2
0.33170128,5,pca_sar,1,2
0.38056377,5,pca_sar,1,2
0.4808006,5,pca_sar,1,2
0.50063324,5,pca_sar,1,2
0.57503,5,pca_sar,1,2
0.59266,5,pca_sar,1,2
0.5386677,5,pca_sar,1,2
0.53711426,5,pca_sar,1,2
0.49299365,5,pca_sar,1,2
0.48453078,5,pca_sar,1,2
0.5272744,5,pca_sar,1,2
0.5329124,5,pca_sar,1,2
0.5646567,5,pca_sar,1,2
0.5911101,5,pca_sar,1,2
0.57349145,5,pca_sar,1,2
0.5452218,5,pca_sar,1,2
0.55259454,5,pca_sar,1,2
0.5305255,5,pca_sar,1,2
0.5256766,5,pca_sar,1,2
0.5628222,5,pca_sar,1,2
0.54141897,5,pca_sar,1,2
0.5630113,5,pca_sar,1,2
0.587914,5,pca_sar,1,2
0.5876473,5,pca_sar,1,2
0.58146477,5,pca_sar,1,2
0.56487846,5,pca_sar,1,2
0.5830083,5,pca_sar,1,2
0.5514322,5,pca_sar,1,2
0.6461914,5,pca_sar,1,2
0.63085866,5,pca_sar,1,2
0.58817303,5,pca_sar,1,2
0.5730096,5,pca_sar,1,2
0.6311722,5,pca_sar,1,2
0.6015855,5,pca_sar,1,2
0.59711087,5,pca_sar,1,2
0.605261,5,pca_sar,1,2
0.5819571,5,pca_sar,1,2
0.5653251,5,pca_sar,1,2
0.5514901,5,pca_sar,1,2
0.5554399,5,pca_sar,1,2
0.5457915,5,pca_sar,1,2
0.547194,5,pca_sar,1,2
0.656256,5,pca_sar,1,2
0.67625624,5,pca_sar,1,2
0.6388598,5,pca_sar,1,2
0.5850809,5,pca_sar,1,2
0.58063304,5,pca_sar,1,2
0.6492679,5,pca_sar,1,2
0.6369982,5,pca_sar,1,2
0.634192,5,pca_sar,1,2
0.6387204,5,pca_sar,1,2
0.6194337,5,pca_sar,1,2
0.5871489,5,pca_sar,1,2
0.58354104,5,pca_sar,1,2
0.59528565,5,pca_sar,1,2
0.5709402,5,pca_sar,1,2
0.54624176,5,pca_sar,1,2
0.6257305,5,pca_sar,1,2
0.64784455,5,pca_sar,1,2
0.623906,5,pca_sar,1,2
0.6563976,5,pca_sar,1,2
0.6248486,5,pca_sar,1,2
0.6565808,5,pca_sar,1,2
0.6436068,5,pca_sar,1,2
0.6428734,5,pca_sar,1,2
0.6098179,5,pca_sar,1,2
0.6035509,5,pca_sar,1,2
0.58794075,5,pca_sar,1,2
0.5925491,5,pca_sar,1,2
0.5892409,5,pca_sar,1,2
0.6131332,5,pca_sar,1,2
0.6099343,5,pca_sar,1,2
0.5986012,5,pca_sar,1,2
0.6252239,5,pca_sar,1,2
0.6225233,5,pca_sar,1,2
0.650985,5,pca_sar,1,2
0.6087899,5,pca_sar,1,2
0.6292319,5,pca_sar,1,2
0.5994724,5,pca_sar,1,2
0.64673,5,pca_sar,1,2
0.6154517,5,pca_sar,1,2
0.59220344,5,pca_sar,1,2
0.6267029,5,pca_sar,1,2
0.6222505,5,pca_sar,1,2
0.62096953,5,pca_sar,1,2
0.60728884,5,pca_sar,1,2
0.57346636,5,pca_sar,1,2
0.61463886,5,pca_sar,1,2
0.63206273,5,pca_sar,1,2
0.63612175,5,pca_sar,1,2
0.59560096,5,pca_sar,1,2
0.5853365,5,pca_sar,1,2
0.6005652,5,pca_sar,1,2
0.62094116,5,pca_sar,1,2
0.60514724,5,pca_sar,1,2
0.5892153,5,pca_sar,1,2
0.58850265,5,pca_sar,1,2
0.61955863,5,pca_sar,1,2
0.590728,5,pca_sar,1,2
0.5959754,5,pca_sar,1,2
0.60422224,5,pca_sar,1,2
0.60260653,5,pca_sar,1,2
0.59900284,5,pca_sar,1,2
0.58260614,5,pca_sar,1,2
0.6025012,5,pca_sar,1,2
0.6033749,5,pca_sar,1,2
0.64733726,5,pca_sar,1,2
0.640849,5,pca_sar,1,2
0.59492266,5,pca_sar,1,2
0.5929557,5,pca_sar,1,2
0.6180383,5,pca_sar,1,2
0.64823014,5,pca_sar,1,2
0.6216279,5,pca_sar,1,2
0.61482537,5,pca_sar,1,2
0.6248772,5,pca_sar,1,2
0.6085892,5,pca_sar,1,2
0.5864701,5,pca_sar,1,2
0.74432975,5,pca_sar,1,2
0.7642089,5,pca_sar,1,2
0.7025504,5,pca_sar,1,2
0.73387575,5,pca_sar,1,2
0.66794103,5,pca_sar,1,2
0.73098063,5,pca_sar,1,2
0.65839005,5,pca_sar,1,2
0.63704616,5,pca_sar,1,2
0.73549247,5,pca_sar,1,2
0.66594595,5,pca_sar,1,2
0.6525812,5,pca_sar,1,2
0.6775832,5,pca_sar,1,2
0.68869954,5,pca_sar,1,2
0.5991066,5,pca_sar,1,2
0.63477683,5,pca_sar,1,2
0.66136557,5,pca_sar,1,2
0.676726,5,pca_sar,1,2
0.6038178,5,pca_sar,1,2
0.6522912,5,pca_sar,1,2
0.6704747,5,pca_sar,1,2
0.6760047,5,pca_sar,1,2
0.60949373,5,pca_sar,1,2
0.6579024,5,pca_sar,1,2
0.6631764,5,pca_sar,1,2
0.5680455,5,pca_sar,1,2
0.59892714,5,pca_sar,1,2
0.5630151,5,pca_sar,1,2
0.5687741,5,pca_sar,1,2
0.5928642,5,pca_sar,1,2
0.6247174,5,pca_sar,1,2
0.53022397,1,pca_sar,1,2
0.5566386,1,pca_sar,1,2
0.52612126,1,pca_sar,1,2
0.5843373,1,pca_sar,1,2
0.47449338,1,pca_sar,1,2
0.5053607,1,pca_sar,1,2
0.5802847,1,pca_sar,1,2
0.6163736,1,pca_sar,1,2
0.63253856,1,pca_sar,1,2
0.62228525,1,pca_sar,1,2
0.61375463,1,pca_sar,1,2
0.48745012,1,pca_sar,1,2
0.48265305,1,pca_sar,1,2
0.54081756,1,pca_sar,1,2
0.5828682,1,pca_sar,1,2
0.6102195,1,pca_sar,1,2
0.6047427,1,pca_sar,1,2
0.6350884,1,pca_sar,1,2
0.5588943,1,pca_sar,1,2
0.6131642,1,pca_sar,1,2
0.6274562,1,pca_sar,1,2
0.6102743,1,pca_sar,1,2
0.6491065,1,pca_sar,1,2
0.60458,1,pca_sar,1,2
0.60018873,1,pca_sar,1,2
0.59972465,1,pca_sar,1,2
0.6074049,1,pca_sar,1,2
0.6497114,1,pca_sar,1,2
0.42415875,1,pca_sar,1,2
0.45023227,1,pca_sar,1,2
0.5913118,1,pca_sar,1,2
0.59774435,1,pca_sar,1,2
0.60633886,1,pca_sar,1,2
0.6166284,1,pca_sar,1,2
0.62728024,1,pca_sar,1,2
0.6726148,1,pca_sar,1,2
0.6501933,1,pca_sar,1,2
0.4347605,1,pca_sar,1,2
0.46095824,1,pca_sar,1,2
0.57397044,1,pca_sar,1,2
0.5823293,1,pca_sar,1,2
0.605815,1,pca_sar,1,2
0.58956635,1,pca_sar,1,2
0.60893714,1,pca_sar,1,2
0.64540964,1,pca_sar,1,2
0.6491525,1,pca_sar,1,2
0.49444902,1,pca_sar,1,2
0.50702196,1,pca_sar,1,2
0.56870246,1,pca_sar,1,2
0.6019945,1,pca_sar,1,2
0.623477,1,pca_sar,1,2
0.54625696,1,pca_sar,1,2
0.5480497,1,pca_sar,1,2
0.53943574,1,pca_sar,1,2
0.55510867,1,pca_sar,1,2
0.59330916,1,pca_sar,1,2
0.6349734,1,pca_sar,1,2
0.67084783,1,pca_sar,1,2
0.586295,1,pca_sar,1,2
0.5703931,1,pca_sar,1,2
0.4931249,1,pca_sar,1,2
0.53616583,1,pca_sar,1,2
0.6063521,1,pca_sar,1,2
0.64052534,1,pca_sar,1,2
0.6164324,1,pca_sar,1,2
0.5799178,1,pca_sar,1,2
0.6047557,1,pca_sar,1,2
0.63432115,1,pca_sar,1,2
0.4432131,1,pca_sar,1,2
0.4535127,1,pca_sar,1,2
0.5414088,1,pca_sar,1,2
0.6257744,1,pca_sar,1,2
0.58706605,1,pca_sar,1,2
0.6042478,1,pca_sar,1,2
0.6361457,1,pca_sar,1,2
0.62995076,1,pca_sar,1,2
0.55848444,1,pca_sar,1,2
0.580536,1,pca_sar,1,2
0.57488805,1,pca_sar,1,2
0.576322,1,pca_sar,1,2
0.61911166,1,pca_sar,1,2
0.66055244,1,pca_sar,1,2
0.67788506,1,pca_sar,1,2
0.65603423,1,pca_sar,1,2
0.35127527,1,pca_sar,1,2
0.37538272,1,pca_sar,1,2
0.39638162,1,pca_sar,1,2
0.39657897,1,pca_sar,1,2
0.33278728,1,pca_sar,1,2
0.32658306,1,pca_sar,1,2
0.39541143,1,pca_sar,1,2
0.40811044,1,pca_sar,1,2
0.49383226,1,pca_sar,1,2
0.498344,1,pca_sar,1,2
0.57202435,1,pca_sar,1,2
0.36318797,1,pca_sar,1,2
0.3992026,1,pca_sar,1,2
0.46968544,1,pca_sar,1,2
0.44246435,1,pca_sar,1,2
0.49081096,1,pca_sar,1,2
0.5010837,1,pca_sar,1,2
0.5695379,1,pca_sar,1,2
0.59050816,1,pca_sar,1,2
0.57792723,1,pca_sar,1,2
0.5182173,1,pca_sar,1,2
0.5318824,1,pca_sar,1,2
0.57477546,1,pca_sar,1,2
0.56957656,1,pca_sar,1,2
0.5702673,1,pca_sar,1,2
0.5664985,1,pca_sar,1,2
0.6042108,1,pca_sar,1,2
0.6289003,1,pca_sar,1,2
0.36933774,1,pca_sar,1,2
0.42185572,1,pca_sar,1,2
0.5365266,1,pca_sar,1,2
0.54711854,1,pca_sar,1,2
0.57143426,1,pca_sar,1,2
0.6348505,1,pca_sar,1,2
0.694982,1,pca_sar,1,2
0.68236315,1,pca_sar,1,2
0.5887879,1,pca_sar,1,2
0.3659967,1,pca_sar,1,2
0.42774698,1,pca_sar,1,2
0.5144616,1,pca_sar,1,2
0.5426093,1,pca_sar,1,2
0.5655805,1,pca_sar,1,2
0.5924694,1,pca_sar,1,2
0.634976,1,pca_sar,1,2
0.66148293,1,pca_sar,1,2
0.6027315,1,pca_sar,1,2
0.451259,1,pca_sar,1,2
0.5059749,1,pca_sar,1,2
0.51024634,1,pca_sar,1,2
0.50204694,1,pca_sar,1,2
0.5508174,1,pca_sar,1,2
0.5641461,1,pca_sar,1,2
0.5462174,1,pca_sar,1,2
0.4111794,1,pca_sar,1,2
0.48281905,1,pca_sar,1,2
0.5018356,1,pca_sar,1,2
0.5410936,1,pca_sar,1,2
0.5699533,1,pca_sar,1,2
0.5662263,1,pca_sar,1,2
0.5401394,1,pca_sar,1,2
0.4200585,1,pca_sar,1,2
0.4158765,1,pca_sar,1,2
0.44281712,1,pca_sar,1,2
0.4778177,1,pca_sar,1,2
0.57803214,1,pca_sar,1,2
0.60240126,1,pca_sar,1,2
0.5570034,1,pca_sar,1,2
0.5906298,1,pca_sar,1,2
0.48866326,1,pca_sar,1,2
0.52084523,1,pca_sar,1,2
0.50575763,1,pca_sar,1,2
0.4950342,1,pca_sar,1,2
0.5774225,1,pca_sar,1,2
0.5972024,1,pca_sar,1,2
0.57952785,1,pca_sar,1,2
0.5941644,1,pca_sar,1,2
0.44518924,1,pca_sar,1,2
0.5359938,1,pca_sar,1,2
0.603612,1,pca_sar,1,2
0.5942961,1,pca_sar,1,2
0.6004672,1,pca_sar,1,2
0.62364924,1,pca_sar,1,2
0.59523463,1,pca_sar,1,2
0.6051407,1,pca_sar,1,2
0.62511164,1,pca_sar,1,2
0.66583,1,pca_sar,1,2
0.6447904,1,pca_sar,1,2
0.62541974,1,pca_sar,1,2
0.6773425,1,pca_sar,1,2
0.6091876,1,pca_sar,1,2
0.6320656,1,pca_sar,1,2
0.64799523,1,pca_sar,1,2
0.6294638,1,pca_sar,1,2
0.6622395,1,pca_sar,1,2
0.62052906,1,pca_sar,1,2
0.63518786,1,pca_sar,1,2
0.6204617,1,pca_sar,1,2
0.6370309,1,pca_sar,1,2
0.64669055,1,pca_sar,1,2
0.6515798,1,pca_sar,1,2
0.7187476,1,pca_sar,1,2
0.81129634,1,pca_sar,1,2
0.6261064,1,pca_sar,1,2
0.628677,1,pca_sar,1,2
0.64518976,1,pca_sar,1,2
0.6595109,1,pca_sar,1,2
0.64055526,1,pca_sar,1,2
0.6562191,1,pca_sar,1,2
0.74384934,1,pca_sar,1,2
0.833668,1,pca_sar,1,2
0.69197536,1,pca_sar,1,2
0.6797067,1,pca_sar,1,2
0.6220812,1,pca_sar,1,2
0.60939276,1,pca_sar,1,2
0.6468923,1,pca_sar,1,2
0.6623918,1,pca_sar,1,2
0.62538123,1,pca_sar,1,2
0.6301955,1,pca_sar,1,2
0.759408,1,pca_sar,1,2
0.85296273,1,pca_sar,1,2
0.71806306,1,pca_sar,1,2
0.6620134,1,pca_sar,1,2
0.6127316,1,pca_sar,1,2
0.6188122,1,pca_sar,1,2
0.64004123,1,pca_sar,1,2
0.64267254,1,pca_sar,1,2
0.61812794,1,pca_sar,1,2
0.6316635,1,pca_sar,1,2
0.75163734,1,pca_sar,1,2
0.84726626,1,pca_sar,1,2
0.611082,1,pca_sar,1,2
0.614172,1,pca_sar,1,2
0.64230025,1,pca_sar,1,2
0.6499249,1,pca_sar,1,2
0.6637571,1,pca_sar,1,2
0.66566944,1,pca_sar,1,2
0.73876786,1,pca_sar,1,2
0.82856566,1,pca_sar,1,2
0.59849966,1,pca_sar,1,2
0.64399624,1,pca_sar,1,2
0.654204,1,pca_sar,1,2
0.70146644,1,pca_sar,1,2
0.68691576,1,pca_sar,1,2
0.73375094,1,pca_sar,1,2
0.8127113,1,pca_sar,1,2
0.67100155,1,pca_sar,1,2
0.6737989,1,pca_sar,1,2
0.6762762,1,pca_sar,1,2
0.67969,1,pca_sar,1,2
0.684018,1,pca_sar,1,2
0.75720006,1,pca_sar,1,2
0.663931,1,pca_sar,1,2
0.6476506,1,pca_sar,1,2
0.6430303,1,pca_sar,1,2
0.64551085,1,pca_sar,1,2
0.754477,1,pca_sar,1,2
0.59804666,1,pca_sar,1,2
0.59047514,1,pca_sar,1,2
0.6069656,1,pca_sar,1,2
0.7274913,1,pca_sar,1,2
0.6256869,1,pca_sar,1,2
0.64213824,1,pca_sar,1,2
0.7325731,1,pca_sar,1,2
0.68182236,1,pca_sar,1,2
0.7500267,1,pca_sar,1,2
0.62391555,1,pca_sar,1,2
0.6208446,1,pca_sar,1,2
0.6592183,1,pca_sar,1,2
0.666908,1,pca_sar,1,2
0.63052773,1,pca_sar,1,2
0.622483,1,pca_sar,1,2
0.7173896,1,pca_sar,1,2
0.677585,1,pca_sar,1,2
0.6339598,1,pca_sar,1,2
0.62150365,1,pca_sar,1,2
0.6491556,1,pca_sar,1,2
0.65748894,1,pca_sar,1,2
0.6633084,1,pca_sar,1,2
0.6284984,1,pca_sar,1,2
0.6342392,1,pca_sar,1,2
0.6667657,1,pca_sar,1,2
0.656088,1,pca_sar,1,2
0.6446668,1,pca_sar,1,2
0.66112244,1,pca_sar,1,2
0.7133645,1,pca_sar,1,2
0.6172205,1,pca_sar,1,2
0.6677124,1,pca_sar,1,2
0.6591399,1,pca_sar,1,2
0.66026336,1,pca_sar,1,2
0.6764978,1,pca_sar,1,2
0.62990963,1,pca_sar,1,2
0.63685405,1,pca_sar,1,2
0.6118983,1,pca_sar,1,2
0.6224508,1,pca_sar,1,2
0.63329375,1,pca_sar,1,2
0.6293958,1,pca_sar,1,2
0.6769671,1,pca_sar,1,2
0.7058195,1,pca_sar,1,2
0.7193134,1,pca_sar,1,2
0.69003177,1,pca_sar,1,2
0.6416238,1,pca_sar,1,2
0.6354157,1,pca_sar,1,2
0.63399804,1,pca_sar,1,2
0.62443566,1,pca_sar,1,2
0.6114081,1,pca_sar,1,2
0.6475006,1,pca_sar,1,2
0.6407886,1,pca_sar,1,2
0.717625,1,pca_sar,1,2
0.6865393,1,pca_sar,1,2
0.6209904,1,pca_sar,1,2
0.622743,1,pca_sar,1,2
0.6639816,1,pca_sar,1,2
0.67774963,1,pca_sar,1,2
0.6661376,1,pca_sar,1,2
0.71137744,1,pca_sar,1,2
0.74086547,1,pca_sar,1,2
0.73378325,1,pca_sar,1,2
0.66404104,1,pca_sar,1,2
0.62855315,1,pca_sar,1,2
0.6305702,1,pca_sar,1,2
0.63772374,1,pca_sar,1,2
0.6235215,1,pca_sar,1,2
0.6539976,1,pca_sar,1,2
0.6489639,1,pca_sar,1,2
0.64308834,1,pca_sar,1,2
0.73842084,1,pca_sar,1,2
0.7557833,1,pca_sar,1,2
0.758643,1,pca_sar,1,2
0.73933816,1,pca_sar,1,2
0.70253015,1,pca_sar,1,2
0.67264616,1,pca_sar,1,2
0.66886425,1,pca_sar,1,2
0.6926535,1,pca_sar,1,2
0.70320827,1,pca_sar,1,2
0.7157365,1,pca_sar,1,2
0.7244438,1,pca_sar,1,2
0.7005996,1,pca_sar,1,2
0.65097827,1,pca_sar,1,2
0.6194588,1,pca_sar,1,2
0.6313157,1,pca_sar,1,2
0.6314785,1,pca_sar,1,2
0.6132717,1,pca_sar,1,2
0.65728116,1,pca_sar,1,2
0.73935115,1,pca_sar,1,2
0.75371146,1,pca_sar,1,2
0.7438914,1,pca_sar,1,2
0.73432434,1,pca_sar,1,2
0.7177545,1,pca_sar,1,2
0.7052933,1,pca_sar,1,2
0.6636307,1,pca_sar,1,2
0.6944548,1,pca_sar,1,2
0.71793455,1,pca_sar,1,2
0.72958755,1,pca_sar,1,2
0.7151965,1,pca_sar,1,2
0.6887753,1,pca_sar,1,2
0.67887604,1,pca_sar,1,2
0.67258227,1,pca_sar,1,2
0.6555675,1,pca_sar,1,2
0.6381518,1,pca_sar,1,2
0.63905144,1,pca_sar,1,2
0.6588935,1,pca_sar,1,2
0.6652051,1,pca_sar,1,2
0.65063703,1,pca_sar,1,2
0.6458034,1,pca_sar,1,2
0.67895544,1,pca_sar,1,2
0.6905639,1,pca_sar,1,2
0.66643935,1,pca_sar,1,2
0.68684113,1,pca_sar,1,2
0.7025142,1,pca_sar,1,2
0.69931364,1,pca_sar,1,2
0.6787043,1,pca_sar,1,2
0.6573473,1,pca_sar,1,2
0.6739868,1,pca_sar,1,2
0.68070066,1,pca_sar,1,2
0.6805532,1,pca_sar,1,2
0.63840646,1,pca_sar,1,2
0.6545364,1,pca_sar,1,2
0.65303755,1,pca_sar,1,2
0.6529743,1,pca_sar,1,2
0.65031165,1,pca_sar,1,2
0.669737,1,pca_sar,1,2
0.6630406,1,pca_sar,1,2
0.645325,1,pca_sar,1,2
0.6480814,1,pca_sar,1,2
0.65558445,1,pca_sar,1,2
0.663056,1,pca_sar,1,2
0.68423945,1,pca_sar,1,2
0.671283,1,pca_sar,1,2
0.64651316,1,pca_sar,1,2
0.6858929,1,pca_sar,1,2
0.67705166,1,pca_sar,1,2
0.6275619,1,pca_sar,1,2
0.6350788,1,pca_sar,1,2
0.65174156,1,pca_sar,1,2
0.6382948,1,pca_sar,1,2
0.6343787,1,pca_sar,1,2
0.65039444,1,pca_sar,1,2
0.677249,1,pca_sar,1,2
0.6965531,1,pca_sar,1,2
0.68497145,1,pca_sar,1,2
0.6784472,1,pca_sar,1,2
0.7047512,1,pca_sar,1,2
0.6734593,1,pca_sar,1,2
0.64402986,1,pca_sar,1,2
0.65601206,1,pca_sar,1,2
0.6998598,1,pca_sar,1,2
0.6839161,1,pca_sar,1,2
0.68016684,1,pca_sar,1,2
0.66832125,1,pca_sar,1,2
0.6921886,1,pca_sar,1,2
0.7279818,1,pca_sar,1,2
0.6681814,1,pca_sar,1,2
0.64078903,1,pca_sar,1,2
0.6232202,1,pca_sar,1,2
0.66143835,1,pca_sar,1,2
0.66488534,1,pca_sar,1,2
0.6923646,1,pca_sar,1,2
0.67840654,1,pca_sar,1,2
0.6504164,1,pca_sar,1,2
0.6530517,1,pca_sar,1,2
0.70698535,1,pca_sar,1,2
0.7366023,1,pca_sar,1,2
0.6950384,1,pca_sar,1,2
0.6668597,1,pca_sar,1,2
0.6923859,1,pca_sar,1,2
0.66807544,1,pca_sar,1,2
0.6608739,1,pca_sar,1,2
0.6576522,1,pca_sar,1,2
0.6561925,1,pca_sar,1,2
0.65516025,1,pca_sar,1,2
0.70140326,1,pca_sar,1,2
0.71507776,1,pca_sar,1,2
0.7088528,1,pca_sar,1,2
0.6958023,1,pca_sar,1,2
0.6758734,1,pca_sar,1,2
0.67632884,1,pca_sar,1,2
0.6369853,1,pca_sar,1,2
0.62018585,1,pca_sar,1,2
0.632443,1,pca_sar,1,2
0.58382183,1,pca_sar,1,2
0.5981053,1,pca_sar,1,2
0.618087,1,pca_sar,1,2
0.6326797,1,pca_sar,1,2
0.6314583,1,pca_sar,1,2
0.6601391,1,pca_sar,1,2
0.66003895,1,pca_sar,1,2
0.63696885,1,pca_sar,1,2
0.71194,1,pca_sar,1,2
0.6604465,1,pca_sar,1,2
0.6702231,1,pca_sar,1,2
0.6703423,1,pca_sar,1,2
0.68033147,1,pca_sar,1,2
0.6045681,1,pca_sar,1,2
0.63055134,1,pca_sar,1,2
0.68467915,1,pca_sar,1,2
0.67125905,1,pca_sar,1,2
0.6283941,1,pca_sar,1,2
0.63307273,1,pca_sar,1,2
0.6175488,1,pca_sar,1,2
0.59647,1,pca_sar,1,2
0.6768089,1,pca_sar,1,2
0.6046403,1,pca_sar,1,2
0.6171411,1,pca_sar,1,2
0.64608544,1,pca_sar,1,2
0.6241228,1,pca_sar,1,2
0.6166351,1,pca_sar,1,2
0.61257565,1,pca_sar,1,2
0.61916786,1,pca_sar,1,2
0.5889168,1,pca_sar,1,2
0.55501866,1,pca_sar,1,2
0.66257,1,pca_sar,1,2
0.60529107,1,pca_sar,1,2
0.5805236,1,pca_sar,1,2
0.6005294,1,pca_sar,1,2
0.5847857,1,pca_sar,1,2
0.56867373,1,pca_sar,1,2
0.5358241,1,pca_sar,1,2
0.58976567,1,pca_sar,1,2
0.66808176,1,pca_sar,1,2
0.6201425,1,pca_sar,1,2
0.58137673,1,pca_sar,1,2
0.60399926,1,pca_sar,1,2
0.5807295,1,pca_sar,1,2
0.54919595,1,pca_sar,1,2
0.52217114,1,pca_sar,1,2
0.5686833,1,pca_sar,1,2
0.56402355,1,pca_sar,1,2
0.6968407,1,pca_sar,1,2
0.6421428,1,pca_sar,1,2
0.564142,1,pca_sar,1,2
0.55715895,1,pca_sar,1,2
0.57150507,1,pca_sar,1,2
0.6933731,1,pca_sar,1,2
0.6215688,1,pca_sar,1,2
0.5840456,1,pca_sar,1,2
0.5801792,1,pca_sar,1,2
0.59877133,1,pca_sar,1,2
0.69697225,1,pca_sar,1,2
0.6165894,1,pca_sar,1,2
0.5883704,1,pca_sar,1,2
0.6145863,1,pca_sar,1,2
0.6045323,1,pca_sar,1,2
0.6189996,1,pca_sar,1,2
0.62466854,1,pca_sar,1,2
0.7415453,1,pca_sar,1,2
0.6645824,1,pca_sar,1,2
0.6176077,1,pca_sar,1,2
0.61786747,1,pca_sar,1,2
0.614518,1,pca_sar,1,2
0.6427921,1,pca_sar,1,2
0.6398446,1,pca_sar,1,2
0.7769517,1,pca_sar,1,2
0.6996994,1,pca_sar,1,2
0.6049738,1,pca_sar,1,2
0.6060992,1,pca_sar,1,2
0.62119365,1,pca_sar,1,2
0.64035237,1,pca_sar,1,2
0.6463956,1,pca_sar,1,2
0.78095627,1,pca_sar,1,2
0.71338767,1,pca_sar,1,2
0.6187179,1,pca_sar,1,2
0.603793,1,pca_sar,1,2
0.5826527,1,pca_sar,1,2
0.62642795,1,pca_sar,1,2
0.66862065,1,pca_sar,1,2
0.7466976,1,pca_sar,1,2
0.4382456,4,pca_sar,1,2
0.49799415,4,pca_sar,1,2
0.51391876,4,pca_sar,1,2
0.5119575,4,pca_sar,1,2
0.5043356,4,pca_sar,1,2
0.5026187,4,pca_sar,1,2
0.5086489,4,pca_sar,1,2
0.5046248,4,pca_sar,1,2
0.55849826,4,pca_sar,1,2
0.56781197,4,pca_sar,1,2
0.51527303,4,pca_sar,1,2
0.50747645,4,pca_sar,1,2
0.4578755,4,pca_sar,1,2
0.43473798,4,pca_sar,1,2
0.61066794,4,pca_sar,1,2
0.6081542,4,pca_sar,1,2
0.5346224,4,pca_sar,1,2
0.50681865,4,pca_sar,1,2
0.44895023,4,pca_sar,1,2
0.44865596,4,pca_sar,1,2
0.5880451,4,pca_sar,1,2
0.60882556,4,pca_sar,1,2
0.5523416,4,pca_sar,1,2
0.50240374,4,pca_sar,1,2
0.4194342,4,pca_sar,1,2
0.42629847,4,pca_sar,1,2
0.45234054,4,pca_sar,1,2
0.46026394,4,pca_sar,1,2
0.42277408,4,pca_sar,1,2
0.5708597,4,pca_sar,1,2
0.5913118,4,pca_sar,1,2
0.5466535,4,pca_sar,1,2
0.49302763,4,pca_sar,1,2
0.43300205,4,pca_sar,1,2
0.4501905,4,pca_sar,1,2
0.4847143,4,pca_sar,1,2
0.47626454,4,pca_sar,1,2
0.41345084,4,pca_sar,1,2
0.56459427,4,pca_sar,1,2
0.5757145,4,pca_sar,1,2
0.5170595,4,pca_sar,1,2
0.51283574,4,pca_sar,1,2
0.4870857,4,pca_sar,1,2
0.48240668,4,pca_sar,1,2
0.41817054,4,pca_sar,1,2
0.4533769,4,pca_sar,1,2
0.42007995,4,pca_sar,1,2
0.6015489,4,pca_sar,1,2
0.56701046,4,pca_sar,1,2
0.54452467,4,pca_sar,1,2
0.5562799,4,pca_sar,1,2
0.5120053,4,pca_sar,1,2
0.45804632,4,pca_sar,1,2
0.37726235,4,pca_sar,1,2
0.4321841,4,pca_sar,1,2
0.4425463,4,pca_sar,1,2
0.5959207,4,pca_sar,1,2
0.55566174,4,pca_sar,1,2
0.58251625,4,pca_sar,1,2
0.54512286,4,pca_sar,1,2
0.4831363,4,pca_sar,1,2
0.45387995,4,pca_sar,1,2
0.4509059,4,pca_sar,1,2
0.48435953,4,pca_sar,1,2
0.47990963,4,pca_sar,1,2
0.62075514,4,pca_sar,1,2
0.6056846,4,pca_sar,1,2
0.5614403,4,pca_sar,1,2
0.53059113,4,pca_sar,1,2
0.4714778,4,pca_sar,1,2
0.4814426,4,pca_sar,1,2
0.48844236,4,pca_sar,1,2
0.6333877,4,pca_sar,1,2
0.53531754,4,pca_sar,1,2
0.447775,4,pca_sar,1,2
0.42870766,4,pca_sar,1,2
0.6345525,4,pca_sar,1,2
0.62634474,4,pca_sar,1,2
0.36310717,4,pca_sar,1,2
0.3977527,4,pca_sar,1,2
0.4529152,4,pca_sar,1,2
0.49147254,4,pca_sar,1,2
0.65283674,4,pca_sar,1,2
0.613077,4,pca_sar,1,2
0.41041836,4,pca_sar,1,2
0.44863015,4,pca_sar,1,2
0.5093407,4,pca_sar,1,2
0.56888485,4,pca_sar,1,2
0.59354335,4,pca_sar,1,2
0.52315605,4,pca_sar,1,2
0.431113,4,pca_sar,1,2
0.47677806,4,pca_sar,1,2
0.5390265,4,pca_sar,1,2
0.5943358,4,pca_sar,1,2
0.5656948,4,pca_sar,1,2
0.5150243,4,pca_sar,1,2
0.47867057,4,pca_sar,1,2
0.52799046,4,pca_sar,1,2
0.55380964,4,pca_sar,1,2
0.57563066,4,pca_sar,1,2
0.5429357,4,pca_sar,1,2
0.5384325,4,pca_sar,1,2
0.5232987,4,pca_sar,1,2
0.4644959,4,pca_sar,1,2
0.48639926,4,pca_sar,1,2
0.5164919,4,pca_sar,1,2
0.5624058,4,pca_sar,1,2
0.5578568,4,pca_sar,1,2
0.5270685,4,pca_sar,1,2
0.504153,4,pca_sar,1,2
0.50042117,4,pca_sar,1,2
0.49489585,4,pca_sar,1,2
0.46614474,4,pca_sar,1,2
0.47323847,4,pca_sar,1,2
0.5396528,4,pca_sar,1,2
0.5880792,4,pca_sar,1,2
0.5443122,4,pca_sar,1,2
0.5322152,4,pca_sar,1,2
0.50667477,4,pca_sar,1,2
0.4864204,4,pca_sar,1,2
0.48398852,4,pca_sar,1,2
0.46768945,4,pca_sar,1,2
0.4889379,4,pca_sar,1,2
0.53253394,4,pca_sar,1,2
0.5651795,4,pca_sar,1,2
0.52265686,4,pca_sar,1,2
0.5152831,4,pca_sar,1,2
0.4957049,4,pca_sar,1,2
0.48438233,4,pca_sar,1,2
0.5348885,4,pca_sar,1,2
0.5188243,4,pca_sar,1,2
0.50317556,4,pca_sar,1,2
0.45825535,4,pca_sar,1,2
0.4751203,4,pca_sar,1,2
0.47442448,4,pca_sar,1,2
0.4514405,4,pca_sar,1,2
0.42994705,4,pca_sar,1,2
0.45408303,4,pca_sar,1,2
0.53911036,4,pca_sar,1,2
0.5392104,4,pca_sar,1,2
0.4978618,4,pca_sar,1,2
0.4679358,4,pca_sar,1,2
0.5056101,4,pca_sar,1,2
0.538193,4,pca_sar,1,2
0.5228828,4,pca_sar,1,2
0.44779307,4,pca_sar,1,2
0.48130205,4,pca_sar,1,2
0.52637947,4,pca_sar,1,2
0.52558845,4,pca_sar,1,2
0.52895755,4,pca_sar,1,2
0.49416125,4,pca_sar,1,2
0.4697841,4,pca_sar,1,2
0.616408,1,pca_sar,1,2
0.6169989,1,pca_sar,1,2
0.64459205,1,pca_sar,1,2
0.6787993,1,pca_sar,1,2
0.66369015,1,pca_sar,1,2
0.62132454,1,pca_sar,1,2
0.62507343,1,pca_sar,1,2
0.6404302,1,pca_sar,1,2
0.6718106,1,pca_sar,1,2
0.6541649,1,pca_sar,1,2
0.6396718,1,pca_sar,1,2
0.6533356,1,pca_sar,1,2
0.6758703,1,pca_sar,1,2
0.647563,1,pca_sar,1,2
0.64370024,1,pca_sar,1,2
0.67708373,1,pca_sar,1,2
0.66458046,1,pca_sar,1,2
0.7196171,1,pca_sar,1,2
0.66137356,1,pca_sar,1,2
0.6996416,1,pca_sar,1,2
0.7335719,1,pca_sar,1,2
0.66183805,1,pca_sar,1,2
0.63295233,1,pca_sar,1,2
0.66276157,1,pca_sar,1,2
0.65269446,1,pca_sar,1,2
0.7107644,1,pca_sar,1,2
0.66671526,1,pca_sar,1,2
0.64394593,1,pca_sar,1,2
0.67297345,1,pca_sar,1,2
0.6522517,1,pca_sar,1,2
0.73685455,1,pca_sar,1,2
0.67515576,1,pca_sar,1,2
0.6169566,1,pca_sar,1,2
0.62667507,1,pca_sar,1,2
0.6601364,1,pca_sar,1,2
0.7435628,1,pca_sar,1,2
0.69208086,1,pca_sar,1,2
0.65421486,1,pca_sar,1,2
0.70213073,1,pca_sar,1,2
0.6608416,1,pca_sar,1,2
0.6764453,1,pca_sar,1,2
0.65759337,1,pca_sar,1,2
0.6019892,1,pca_sar,1,2
0.6541363,1,pca_sar,1,2
0.74701643,1,pca_sar,1,2
0.791451,1,pca_sar,1,2
0.68883765,1,pca_sar,1,2
0.6578873,1,pca_sar,1,2
0.62617296,1,pca_sar,1,2
0.62882054,1,pca_sar,1,2
0.61643267,1,pca_sar,1,2
0.6742898,1,pca_sar,1,2
0.747107,1,pca_sar,1,2
0.80404085,1,pca_sar,1,2
0.6419109,1,pca_sar,1,2
0.6306555,1,pca_sar,1,2
0.64425105,1,pca_sar,1,2
0.6092945,1,pca_sar,1,2
0.6384735,1,pca_sar,1,2
0.7201595,1,pca_sar,1,2
0.7936833,1,pca_sar,1,2
0.63355225,1,pca_sar,1,2
0.65271306,1,pca_sar,1,2
0.69617695,1,pca_sar,1,2
0.7001016,1,pca_sar,1,2
0.6900479,1,pca_sar,1,2
0.7679659,1,pca_sar,1,2
0.6671703,1,pca_sar,1,2
0.72038996,1,pca_sar,1,2
0.71362954,1,pca_sar,1,2
0.69358796,1,pca_sar,1,2
0.76566666,1,pca_sar,1,2
0.7324426,1,pca_sar,1,2
0.7028018,1,pca_sar,1,2
0.6499701,1,pca_sar,1,2
0.7317507,1,pca_sar,1,2
0.66814756,1,pca_sar,1,2
0.6325316,1,pca_sar,1,2
0.7252861,1,pca_sar,1,2
0.64355505,1,pca_sar,1,2
0.7216834,1,pca_sar,1,2
0.61302614,1,pca_sar,1,2
0.6829889,1,pca_sar,1,2
0.6590603,1,pca_sar,1,2
0.63464624,1,pca_sar,1,2
0.69387114,1,pca_sar,1,2
0.65468097,1,pca_sar,1,2
0.65973175,1,pca_sar,1,2
0.66581917,1,pca_sar,1,2
0.6399384,1,pca_sar,1,2
0.6433035,1,pca_sar,1,2
0.6557183,1,pca_sar,1,2
0.649652,1,pca_sar,1,2
0.66632783,1,pca_sar,1,2
0.7333266,1,pca_sar,1,2
0.68977565,1,pca_sar,1,2
0.6551943,1,pca_sar,1,2
0.6672722,1,pca_sar,1,2
0.6638777,1,pca_sar,1,2
0.66932654,1,pca_sar,1,2
0.67801803,1,pca_sar,1,2
0.6981545,1,pca_sar,1,2
0.6744665,1,pca_sar,1,2
0.6675192,1,pca_sar,1,2
0.7441648,1,pca_sar,1,2
0.70129913,1,pca_sar,1,2
0.64697534,1,pca_sar,1,2
0.64375806,1,pca_sar,1,2
0.68399584,1,pca_sar,1,2
0.7340301,1,pca_sar,1,2
0.7179475,1,pca_sar,1,2
0.6998483,1,pca_sar,1,2
0.68196857,1,pca_sar,1,2
0.6567009,1,pca_sar,1,2
0.6389,1,pca_sar,1,2
0.66152334,1,pca_sar,1,2
0.7161844,1,pca_sar,1,2
0.7336062,1,pca_sar,1,2
0.6679618,1,pca_sar,1,2
0.6584184,1,pca_sar,1,2
0.70162714,1,pca_sar,1,2
0.68071777,1,pca_sar,1,2
0.6344781,1,pca_sar,1,2
0.66707784,1,pca_sar,1,2
0.64071876,1,pca_sar,1,2
0.70991963,1,pca_sar,1,2
0.74651545,1,pca_sar,1,2
0.6754099,1,pca_sar,1,2
0.683298,1,pca_sar,1,2
0.74396664,1,pca_sar,1,2
0.7055365,1,pca_sar,1,2
0.65504014,1,pca_sar,1,2
0.6439694,1,pca_sar,1,2
0.6794776,1,pca_sar,1,2
0.674044,1,pca_sar,1,2
0.6441275,1,pca_sar,1,2
0.6688907,1,pca_sar,1,2
0.74011046,1,pca_sar,1,2
0.7220881,1,pca_sar,1,2
0.6477266,1,pca_sar,1,2
0.6734724,1,pca_sar,1,2
0.7294718,1,pca_sar,1,2
0.72807634,1,pca_sar,1,2
0.67870903,1,pca_sar,1,2
0.65763307,1,pca_sar,1,2
0.65157485,1,pca_sar,1,2
0.6614543,1,pca_sar,1,2
0.638089,1,pca_sar,1,2
0.68237007,1,pca_sar,1,2
0.72312033,1,pca_sar,1,2
0.68060315,1,pca_sar,1,2
0.6421697,1,pca_sar,1,2
0.6335541,1,pca_sar,1,2
0.6299534,1,pca_sar,1,2
0.60611093,1,pca_sar,1,2
0.66443586,1,pca_sar,1,2
0.75786406,1,pca_sar,1,2
0.7999052,1,pca_sar,1,2
0.7475698,1,pca_sar,1,2
0.7031827,1,pca_sar,1,2
0.66921186,1,pca_sar,1,2
0.6679174,1,pca_sar,1,2
0.6957494,1,pca_sar,1,2
0.65957403,1,pca_sar,1,2
0.65115047,1,pca_sar,1,2
0.6665364,1,pca_sar,1,2
0.6659409,1,pca_sar,1,2
0.66942036,1,pca_sar,1,2
0.65224147,1,pca_sar,1,2
0.6396773,1,pca_sar,1,2
0.6436603,1,pca_sar,1,2
0.61155576,1,pca_sar,1,2
0.6104508,1,pca_sar,1,2
0.68270653,1,pca_sar,1,2
0.7312603,1,pca_sar,1,2
0.77038956,1,pca_sar,1,2
0.72103155,1,pca_sar,1,2
0.6733346,1,pca_sar,1,2
0.6564268,1,pca_sar,1,2
0.6955382,1,pca_sar,1,2
0.6517541,1,pca_sar,1,2
0.6307306,1,pca_sar,1,2
0.6060056,1,pca_sar,1,2
0.6116179,1,pca_sar,1,2
0.6702813,1,pca_sar,1,2
0.6554733,1,pca_sar,1,2
0.6480435,1,pca_sar,1,2
0.6321912,1,pca_sar,1,2
0.6087668,1,pca_sar,1,2
0.6222383,1,pca_sar,1,2
0.659937,1,pca_sar,1,2
0.65192914,1,pca_sar,1,2
0.62696576,1,pca_sar,1,2
0.62333274,1,pca_sar,1,2
0.60100746,1,pca_sar,1,2
0.6014279,1,pca_sar,1,2
0.65110445,1,pca_sar,1,2
0.6672141,1,pca_sar,1,2
0.6473503,1,pca_sar,1,2
0.628319,1,pca_sar,1,2
0.6245705,1,pca_sar,1,2
0.61431766,1,pca_sar,1,2
0.62193155,1,pca_sar,1,2
0.66004694,1,pca_sar,1,2
0.64465374,1,pca_sar,1,2
0.6185156,1,pca_sar,1,2
0.631629,1,pca_sar,1,2
0.67213976,1,pca_sar,1,2
0.6901547,1,pca_sar,1,2
0.65224445,1,pca_sar,1,2
0.6339724,1,pca_sar,1,2
0.6522962,1,pca_sar,1,2
0.6222412,1,pca_sar,1,2
0.6373019,1,pca_sar,1,2
0.669537,1,pca_sar,1,2
0.72138035,1,pca_sar,1,2
0.6974126,1,pca_sar,1,2
0.6920341,1,pca_sar,1,2
0.65399575,1,pca_sar,1,2
0.6724045,1,pca_sar,1,2
0.7126689,1,pca_sar,1,2
0.6740126,1,pca_sar,1,2
0.6293582,1,pca_sar,1,2
0.65091586,1,pca_sar,1,2
0.6323651,1,pca_sar,1,2
0.6497638,1,pca_sar,1,2
0.6684825,1,pca_sar,1,2
0.7063794,1,pca_sar,1,2
0.6640185,1,pca_sar,1,2
0.63682926,1,pca_sar,1,2
0.6313412,1,pca_sar,1,2
0.6894182,1,pca_sar,1,2
0.6825171,1,pca_sar,1,2
0.6447189,1,pca_sar,1,2
0.65474457,1,pca_sar,1,2
0.66205454,1,pca_sar,1,2
0.73026186,1,pca_sar,1,2
0.731213,1,pca_sar,1,2
0.7545064,1,pca_sar,1,2
0.63112575,1,pca_sar,1,2
0.63523126,1,pca_sar,1,2
0.663324,1,pca_sar,1,2
0.6642622,1,pca_sar,1,2
0.6283833,1,pca_sar,1,2
0.630347,1,pca_sar,1,2
0.67382336,1,pca_sar,1,2
0.7540636,1,pca_sar,1,2
0.7505476,1,pca_sar,1,2
0.7316849,1,pca_sar,1,2
0.64990467,1,pca_sar,1,2
0.6723957,1,pca_sar,1,2
0.66650796,1,pca_sar,1,2
0.62713444,1,pca_sar,1,2
0.6317235,1,pca_sar,1,2
0.64507854,1,pca_sar,1,2
0.63483906,1,pca_sar,1,2
0.6221732,1,pca_sar,1,2
0.6226443,1,pca_sar,1,2
0.67795634,1,pca_sar,1,2
0.664053,1,pca_sar,1,2
0.62819445,1,pca_sar,1,2
0.6222411,1,pca_sar,1,2
0.6549438,1,pca_sar,1,2
0.6537786,1,pca_sar,1,2
0.6624396,1,pca_sar,1,2
0.6483693,1,pca_sar,1,2
0.6325067,1,pca_sar,1,2
0.7371938,1,pca_sar,1,2
0.6625213,1,pca_sar,1,2
0.63204896,1,pca_sar,1,2
0.66027796,1,pca_sar,1,2
0.6620357,1,pca_sar,1,2
0.66505,1,pca_sar,1,2
0.6401255,1,pca_sar,1,2
0.6235894,1,pca_sar,1,2
0.6225485,1,pca_sar,1,2
0.7394564,1,pca_sar,1,2
0.6811823,1,pca_sar,1,2
0.6707874,1,pca_sar,1,2
0.6670542,1,pca_sar,1,2
0.6691234,1,pca_sar,1,2
0.6921629,1,pca_sar,1,2
0.68570685,1,pca_sar,1,2
0.65532327,1,pca_sar,1,2
0.6161411,1,pca_sar,1,2
0.6339569,1,pca_sar,1,2
0.7414093,1,pca_sar,1,2
0.6889535,1,pca_sar,1,2
0.67719257,1,pca_sar,1,2
0.6604842,1,pca_sar,1,2
0.64448136,1,pca_sar,1,2
0.6667321,1,pca_sar,1,2
0.69915724,1,pca_sar,1,2
0.66321987,1,pca_sar,1,2
0.73510844,1,pca_sar,1,2
0.7037988,1,pca_sar,1,2
0.67595553,1,pca_sar,1,2
0.67413414,1,pca_sar,1,2
0.6783776,1,pca_sar,1,2
0.6884897,1,pca_sar,1,2
0.67318624,1,pca_sar,1,2
0.65278274,1,pca_sar,1,2
0.6557567,1,pca_sar,1,2
0.7080362,1,pca_sar,1,2
0.67239267,1,pca_sar,1,2
0.65185285,1,pca_sar,1,2
0.63815576,1,pca_sar,1,2
0.6789613,1,pca_sar,1,2
0.7202579,1,pca_sar,1,2
0.6516057,1,pca_sar,1,2
0.6264836,1,pca_sar,1,2
0.64707774,1,pca_sar,1,2
0.65805674,1,pca_sar,1,2
0.73919004,1,pca_sar,1,2
0.6758199,1,pca_sar,1,2
0.6479844,1,pca_sar,1,2
0.6634265,1,pca_sar,1,2
0.6696554,1,pca_sar,1,2
0.6890825,1,pca_sar,1,2
0.6858996,1,pca_sar,1,2
0.74917114,1,pca_sar,1,2
0.7060307,1,pca_sar,1,2
0.6813399,1,pca_sar,1,2
0.66359705,1,pca_sar,1,2
0.67578065,1,pca_sar,1,2
0.70561075,1,pca_sar,1,2
0.73480225,1,pca_sar,1,2
0.7524547,1,pca_sar,1,2
0.6979391,1,pca_sar,1,2
0.6813675,1,pca_sar,1,2
0.67389864,1,pca_sar,1,2
0.66532373,1,pca_sar,1,2
0.66142815,1,pca_sar,1,2
0.68103296,1,pca_sar,1,2
0.7543816,1,pca_sar,1,2
0.65939224,1,pca_sar,1,2
0.62720305,1,pca_sar,1,2
0.66430104,1,pca_sar,1,2
0.66292405,1,pca_sar,1,2
0.64417493,1,pca_sar,1,2
0.6388191,1,pca_sar,1,2
0.76128006,1,pca_sar,1,2
0.44583926,4,pca_sar,1,2
0.37039623,4,pca_sar,1,2
0.46922126,4,pca_sar,1,2
0.4243496,4,pca_sar,1,2
0.44500116,4,pca_sar,1,2
0.5390228,4,pca_sar,1,2
0.47805282,4,pca_sar,1,2
0.3924749,4,pca_sar,1,2
0.49638548,4,pca_sar,1,2
0.4849376,4,pca_sar,1,2
0.49547324,4,pca_sar,1,2
0.58104956,4,pca_sar,1,2
0.5273359,4,pca_sar,1,2
0.4492037,4,pca_sar,1,2
0.48690253,4,pca_sar,1,2
0.48888338,4,pca_sar,1,2
0.48540172,4,pca_sar,1,2
0.55220854,4,pca_sar,1,2
0.4860283,4,pca_sar,1,2
0.43957353,4,pca_sar,1,2
0.4662317,4,pca_sar,1,2
0.48656508,4,pca_sar,1,2
0.4797395,4,pca_sar,1,2
0.5234628,4,pca_sar,1,2
0.4900916,4,pca_sar,1,2
0.48797798,4,pca_sar,1,2
0.48423392,4,pca_sar,1,2
0.42232487,4,pca_sar,1,2
0.4998244,4,pca_sar,1,2
0.5114107,4,pca_sar,1,2
0.5265503,4,pca_sar,1,2
0.50094,4,pca_sar,1,2
0.5328263,4,pca_sar,1,2
0.5033651,4,pca_sar,1,2
0.46316588,4,pca_sar,1,2
0.44802934,4,pca_sar,1,2
0.42414418,4,pca_sar,1,2
0.48525444,4,pca_sar,1,2
0.5861821,4,pca_sar,1,2
0.56979424,4,pca_sar,1,2
0.4768785,4,pca_sar,1,2
0.48664474,4,pca_sar,1,2
0.50938654,4,pca_sar,1,2
0.4868443,4,pca_sar,1,2
0.47738606,4,pca_sar,1,2
0.4588281,4,pca_sar,1,2
0.43534365,4,pca_sar,1,2
0.55842763,4,pca_sar,1,2
0.56559074,4,pca_sar,1,2
0.5190598,4,pca_sar,1,2
0.50898534,4,pca_sar,1,2
0.50619906,4,pca_sar,1,2
0.4892726,4,pca_sar,1,2
0.48063177,4,pca_sar,1,2
0.4391834,4,pca_sar,1,2
0.44553986,4,pca_sar,1,2
0.49536675,4,pca_sar,1,2
0.5489888,4,pca_sar,1,2
0.56427217,4,pca_sar,1,2
0.55231035,4,pca_sar,1,2
0.51271224,4,pca_sar,1,2
0.51682776,4,pca_sar,1,2
0.49008033,4,pca_sar,1,2
0.42505288,4,pca_sar,1,2
0.39066023,4,pca_sar,1,2
0.55685574,4,pca_sar,1,2
0.5753689,4,pca_sar,1,2
0.5723863,4,pca_sar,1,2
0.5534317,4,pca_sar,1,2
0.53295565,4,pca_sar,1,2
0.5572014,4,pca_sar,1,2
0.5334757,4,pca_sar,1,2
0.5864991,4,pca_sar,1,2
0.603611,4,pca_sar,1,2
0.58603513,4,pca_sar,1,2
0.57627714,4,pca_sar,1,2
0.42739382,4,pca_sar,1,2
0.43883523,4,pca_sar,1,2
0.4380049,4,pca_sar,1,2
0.4406972,4,pca_sar,1,2
0.40496287,4,pca_sar,1,2
0.4930509,4,pca_sar,1,2
0.43389225,4,pca_sar,1,2
0.41156536,4,pca_sar,1,2
0.45082277,4,pca_sar,1,2
0.4402861,4,pca_sar,1,2
0.44010067,4,pca_sar,1,2
0.48211008,4,pca_sar,1,2
0.32711524,4,pca_sar,1,2
0.3458354,4,pca_sar,1,2
0.47462603,4,pca_sar,1,2
0.46708986,4,pca_sar,1,2
0.49819922,4,pca_sar,1,2
0.53932667,4,pca_sar,1,2
0.4031489,4,pca_sar,1,2
0.36955038,4,pca_sar,1,2
0.5001479,4,pca_sar,1,2
0.4784845,4,pca_sar,1,2
0.4873275,4,pca_sar,1,2
0.5278659,4,pca_sar,1,2
0.54692715,4,pca_sar,1,2
0.5080009,4,pca_sar,1,2
0.44125766,4,pca_sar,1,2
0.4470989,4,pca_sar,1,2
0.43208522,4,pca_sar,1,2
0.54392934,4,pca_sar,1,2
0.5049339,4,pca_sar,1,2
0.4439355,4,pca_sar,1,2
0.48389336,4,pca_sar,1,2
0.5122342,4,pca_sar,1,2
0.49894133,4,pca_sar,1,2
0.45289266,4,pca_sar,1,2
0.4605671,4,pca_sar,1,2
0.46409947,4,pca_sar,1,2
0.5469162,4,pca_sar,1,2
0.5108696,4,pca_sar,1,2
0.45374057,4,pca_sar,1,2
0.4495142,4,pca_sar,1,2
0.47756386,4,pca_sar,1,2
0.47374678,4,pca_sar,1,2
0.46470368,4,pca_sar,1,2
0.4697094,4,pca_sar,1,2
0.530103,4,pca_sar,1,2
0.5118612,4,pca_sar,1,2
0.4758044,4,pca_sar,1,2
0.45991027,4,pca_sar,1,2
0.45224476,4,pca_sar,1,2
0.46671367,4,pca_sar,1,2
0.48257154,4,pca_sar,1,2
0.47705042,4,pca_sar,1,2
0.45906368,4,pca_sar,1,2
0.47896948,4,pca_sar,1,2
0.5359683,4,pca_sar,1,2
0.49467304,4,pca_sar,1,2
0.50171274,4,pca_sar,1,2
0.5394875,4,pca_sar,1,2
0.49518222,4,pca_sar,1,2
0.4639279,4,pca_sar,1,2
0.489832,4,pca_sar,1,2
0.48016965,4,pca_sar,1,2
0.4270689,4,pca_sar,1,2
0.5405934,4,pca_sar,1,2
0.49630105,4,pca_sar,1,2
0.4972632,4,pca_sar,1,2
0.5013367,4,pca_sar,1,2
0.4721927,4,pca_sar,1,2
0.50029624,4,pca_sar,1,2
0.5003974,4,pca_sar,1,2
0.49460185,4,pca_sar,1,2
0.49150383,4,pca_sar,1,2
0.51575994,4,pca_sar,1,2
0.5239711,4,pca_sar,1,2
0.46040183,1,pca_sar,1,2
0.3768888,1,pca_sar,1,2
0.3590422,1,pca_sar,1,2
0.37438715,1,pca_sar,1,2
0.3946992,1,pca_sar,1,2
0.53188634,1,pca_sar,1,2
0.49387705,1,pca_sar,1,2
0.50098693,1,pca_sar,1,2
0.42663336,1,pca_sar,1,2
0.38776082,1,pca_sar,1,2
0.33270955,1,pca_sar,1,2
0.62904036,1,pca_sar,1,2
0.62642926,1,pca_sar,1,2
0.63834727,1,pca_sar,1,2
0.57311726,1,pca_sar,1,2
0.52516705,1,pca_sar,1,2
0.5124178,1,pca_sar,1,2
0.45391056,1,pca_sar,1,2
0.43116063,1,pca_sar,1,2
0.48008955,1,pca_sar,1,2
0.478512,1,pca_sar,1,2
0.4690624,1,pca_sar,1,2
0.5266097,1,pca_sar,1,2
0.50480855,1,pca_sar,1,2
0.49027687,1,pca_sar,1,2
0.45254177,1,pca_sar,1,2
0.44071004,1,pca_sar,1,2
0.40529254,1,pca_sar,1,2
0.66081977,1,pca_sar,1,2
0.62864625,1,pca_sar,1,2
0.6214536,1,pca_sar,1,2
0.5609614,1,pca_sar,1,2
0.57479286,1,pca_sar,1,2
0.5594745,1,pca_sar,1,2
0.26117045,3,pca_sar,1,2
0.25725025,3,pca_sar,1,2
0.28346157,3,pca_sar,1,2
0.30594784,3,pca_sar,1,2
0.2589404,3,pca_sar,1,2
0.33205977,3,pca_sar,1,2
0.33475596,3,pca_sar,1,2
0.2641308,3,pca_sar,1,2
0.25122622,3,pca_sar,1,2
0.30808756,3,pca_sar,1,2
0.38374,3,pca_sar,1,2
0.3522092,3,pca_sar,1,2
0.40949303,3,pca_sar,1,2
0.37972966,3,pca_sar,1,2
0.31784862,3,pca_sar,1,2
0.2740274,3,pca_sar,1,2
0.25247893,3,pca_sar,1,2
0.30639458,3,pca_sar,1,2
0.39016363,3,pca_sar,1,2
0.37764585,3,pca_sar,1,2
0.37712988,3,pca_sar,1,2
0.38787612,3,pca_sar,1,2
0.42448097,3,pca_sar,1,2
0.2611464,3,pca_sar,1,2
0.27735215,3,pca_sar,1,2
0.28511235,3,pca_sar,1,2
0.3058751,3,pca_sar,1,2
0.36214113,3,pca_sar,1,2
0.4120015,3,pca_sar,1,2
0.34690803,3,pca_sar,1,2
0.35409263,3,pca_sar,1,2
0.3529263,3,pca_sar,1,2
0.37661603,3,pca_sar,1,2
0.34822786,3,pca_sar,1,2
0.23106778,3,pca_sar,1,2
0.25859952,3,pca_sar,1,2
0.26184377,3,pca_sar,1,2
0.2923835,3,pca_sar,1,2
0.3826808,3,pca_sar,1,2
0.40510556,3,pca_sar,1,2
0.37826648,3,pca_sar,1,2
0.3807171,3,pca_sar,1,2
0.3238936,3,pca_sar,1,2
0.37700304,3,pca_sar,1,2
0.34548208,3,pca_sar,1,2
0.3774122,3,pca_sar,1,2
0.35470015,3,pca_sar,1,2
0.26112783,3,pca_sar,1,2
0.31451482,3,pca_sar,1,2
0.39606136,3,pca_sar,1,2
0.3834225,3,pca_sar,1,2
0.29881257,3,pca_sar,1,2
0.33240598,3,pca_sar,1,2
0.31944847,3,pca_sar,1,2
0.34903657,3,pca_sar,1,2
0.31785393,3,pca_sar,1,2
0.40378422,3,pca_sar,1,2
0.33581316,3,pca_sar,1,2
0.2162603,3,pca_sar,1,2
0.30948982,3,pca_sar,1,2
0.42000312,3,pca_sar,1,2
0.40078864,3,pca_sar,1,2
0.28482613,3,pca_sar,1,2
0.31257248,3,pca_sar,1,2
0.32019538,3,pca_sar,1,2
0.37797093,3,pca_sar,1,2
0.3432514,3,pca_sar,1,2
0.38083816,3,pca_sar,1,2
0.34445357,3,pca_sar,1,2
0.31224126,3,pca_sar,1,2
0.43410143,3,pca_sar,1,2
0.52199614,3,pca_sar,1,2
0.43272504,3,pca_sar,1,2
0.253944,3,pca_sar,1,2
0.2680539,3,pca_sar,1,2
0.3120774,3,pca_sar,1,2
0.42219278,3,pca_sar,1,2
0.4473381,3,pca_sar,1,2
0.4516154,3,pca_sar,1,2
0.547066,3,pca_sar,1,2
0.5767974,3,pca_sar,1,2
0.4737952,3,pca_sar,1,2
0.26707852,3,pca_sar,1,2
0.23871207,3,pca_sar,1,2
0.29118702,3,pca_sar,1,2
0.5345506,3,pca_sar,1,2
0.5496243,3,pca_sar,1,2
0.52172637,3,pca_sar,1,2
0.46389055,3,pca_sar,1,2
0.58416134,3,pca_sar,1,2
0.5764115,3,pca_sar,1,2
0.5437832,3,pca_sar,1,2
0.50343627,3,pca_sar,1,2
0.47730586,3,pca_sar,1,2
0.3869465,3,pca_sar,1,2
0.39791474,3,pca_sar,1,2
0.38898093,3,pca_sar,1,2
0.35213405,3,pca_sar,1,2
0.33362547,3,pca_sar,1,2
0.38006192,3,pca_sar,1,2
0.47996458,3,pca_sar,1,2
0.3465259,3,pca_sar,1,2
0.37673914,3,pca_sar,1,2
0.44363642,3,pca_sar,1,2
0.40776935,3,pca_sar,1,2
0.36756527,3,pca_sar,1,2
0.3758702,3,pca_sar,1,2
0.4968304,3,pca_sar,1,2
0.36907423,3,pca_sar,1,2
0.38153625,3,pca_sar,1,2
0.40505376,3,pca_sar,1,2
0.42726737,3,pca_sar,1,2
0.36984545,3,pca_sar,1,2
0.37476104,3,pca_sar,1,2
0.36877537,3,pca_sar,1,2
0.47487473,3,pca_sar,1,2
0.3336559,3,pca_sar,1,2
0.31458965,3,pca_sar,1,2
0.36006775,3,pca_sar,1,2
0.47451627,3,pca_sar,1,2
0.43938947,3,pca_sar,1,2
0.39780694,3,pca_sar,1,2
0.39791954,3,pca_sar,1,2
0.38478446,3,pca_sar,1,2
0.49395394,3,pca_sar,1,2
0.35360953,3,pca_sar,1,2
0.28400916,3,pca_sar,1,2
0.34615874,3,pca_sar,1,2
0.49252415,3,pca_sar,1,2
0.48227578,3,pca_sar,1,2
0.43789715,3,pca_sar,1,2
0.43108264,3,pca_sar,1,2
0.3930537,3,pca_sar,1,2
0.48966765,3,pca_sar,1,2
0.3314821,3,pca_sar,1,2
0.299505,3,pca_sar,1,2
0.3314905,3,pca_sar,1,2
0.5422971,3,pca_sar,1,2
0.5513568,3,pca_sar,1,2
0.4283188,3,pca_sar,1,2
0.39463565,3,pca_sar,1,2
0.3972034,3,pca_sar,1,2
0.4972623,3,pca_sar,1,2
0.38940316,3,pca_sar,1,2
0.32480672,3,pca_sar,1,2
0.40125495,3,pca_sar,1,2
0.5709131,3,pca_sar,1,2
0.55260026,3,pca_sar,1,2
0.40524113,3,pca_sar,1,2
0.39425194,3,pca_sar,1,2
0.40818918,3,pca_sar,1,2
0.51263404,3,pca_sar,1,2
0.46157938,3,pca_sar,1,2
0.49597526,3,pca_sar,1,2
0.52507794,3,pca_sar,1,2
0.4633171,3,pca_sar,1,2
0.38668957,3,pca_sar,1,2
0.3696441,3,pca_sar,1,2
0.48100382,3,pca_sar,1,2
0.49835032,3,pca_sar,1,2
0.5557144,3,pca_sar,1,2
0.48018047,3,pca_sar,1,2
0.3051725,3,pca_sar,1,2
0.26151705,3,pca_sar,1,2
0.29014534,3,pca_sar,1,2
0.61560416,3,pca_sar,1,2
0.61186886,3,pca_sar,1,2
0.59673506,3,pca_sar,1,2
0.48106003,3,pca_sar,1,2
0.7285315,3,pca_sar,1,2
0.68304765,3,pca_sar,1,2
0.6021898,3,pca_sar,1,2
0.5676712,3,pca_sar,1,2
0.8494799,1,pca_sar,1,2
0.84060854,1,pca_sar,1,2
0.70963705,1,pca_sar,1,2
0.7800791,1,pca_sar,1,2
0.68555725,1,pca_sar,1,2
0.7791881,1,pca_sar,1,2
0.6773772,1,pca_sar,1,2
0.6707257,1,pca_sar,1,2
0.7614642,1,pca_sar,1,2
0.6594682,1,pca_sar,1,2
0.67478067,1,pca_sar,1,2
0.6740861,1,pca_sar,1,2
0.75416946,1,pca_sar,1,2
0.6646682,1,pca_sar,1,2
0.6954408,1,pca_sar,1,2
0.697824,1,pca_sar,1,2
0.7720641,1,pca_sar,1,2
0.64875585,1,pca_sar,1,2
0.6611346,1,pca_sar,1,2
0.6878975,1,pca_sar,1,2
0.7884898,1,pca_sar,1,2
0.6405468,1,pca_sar,1,2
0.64288926,1,pca_sar,1,2
0.6827191,1,pca_sar,1,2
0.6943451,1,pca_sar,1,2
0.77469456,1,pca_sar,1,2
0.65284085,1,pca_sar,1,2
0.6200664,1,pca_sar,1,2
0.6548548,1,pca_sar,1,2
0.6789661,1,pca_sar,1,2
0.764743,1,pca_sar,1,2
0.7695136,1,pca_sar,1,2
0.767067,1,pca_sar,1,2
0.7216121,1,pca_sar,1,2
0.6960749,1,pca_sar,1,2
0.69392836,1,pca_sar,1,2
0.69452316,1,pca_sar,1,2
0.6897802,1,pca_sar,1,2
0.6871569,1,pca_sar,1,2
0.6920401,1,pca_sar,1,2
0.69047016,1,pca_sar,1,2
0.7012812,1,pca_sar,1,2
0.69419336,1,pca_sar,1,2
0.6939656,1,pca_sar,1,2
0.6963514,1,pca_sar,1,2
0.7152966,1,pca_sar,1,2
0.71288764,1,pca_sar,1,2
0.7065773,1,pca_sar,1,2
0.73998517,1,pca_sar,1,2
0.72462285,1,pca_sar,1,2
0.71776444,1,pca_sar,1,2
0.7006118,1,pca_sar,1,2
0.71626806,1,pca_sar,1,2
0.69734204,1,pca_sar,1,2
0.7262058,1,pca_sar,1,2
0.7114176,1,pca_sar,1,2
0.73858607,1,pca_sar,1,2
0.7206913,1,pca_sar,1,2
0.71450114,1,pca_sar,1,2
0.70952106,1,pca_sar,1,2
0.7042093,1,pca_sar,1,2
0.73452747,1,pca_sar,1,2
0.7098081,1,pca_sar,1,2
0.7191132,1,pca_sar,1,2
0.7375939,1,pca_sar,1,2
0.7132808,1,pca_sar,1,2
0.7131946,1,pca_sar,1,2
0.70726025,1,pca_sar,1,2
0.72376096,1,pca_sar,1,2
0.71309996,1,pca_sar,1,2
0.71129465,1,pca_sar,1,2
0.7225476,1,pca_sar,1,2
0.724127,1,pca_sar,1,2
0.71911895,1,pca_sar,1,2
0.71332186,1,pca_sar,1,2
0.73881245,1,pca_sar,1,2
0.7148174,1,pca_sar,1,2
0.71636707,1,pca_sar,1,2
0.71603715,1,pca_sar,1,2
0.7158867,1,pca_sar,1,2
0.69633627,1,pca_sar,1,2
0.72214997,1,pca_sar,1,2
0.72282636,1,pca_sar,1,2
0.69950414,1,pca_sar,1,2
0.72463435,1,pca_sar,1,2
0.71854156,1,pca_sar,1,2
0.69699454,1,pca_sar,1,2
0.68904996,1,pca_sar,1,2
0.6953021,1,pca_sar,1,2
0.698542,1,pca_sar,1,2
0.7200205,1,pca_sar,1,2
0.6901401,1,pca_sar,1,2
0.72785175,1,pca_sar,1,2
0.73281026,1,pca_sar,1,2
0.69273806,1,pca_sar,1,2
0.76074743,1,pca_sar,1,2
0.7658227,1,pca_sar,1,2
0.75973547,1,pca_sar,1,2
0.744384,1,pca_sar,1,2
0.69514954,1,pca_sar,1,2
0.6952323,1,pca_sar,1,2
0.71310914,1,pca_sar,1,2
0.68202025,1,pca_sar,1,2
0.75958335,1,pca_sar,1,2
0.7632279,1,pca_sar,1,2
0.71526873,1,pca_sar,1,2
0.74334514,1,pca_sar,1,2
0.7740243,1,pca_sar,1,2
0.7684541,1,pca_sar,1,2
0.7351999,1,pca_sar,1,2
0.6698426,1,pca_sar,1,2
0.6766131,1,pca_sar,1,2
0.6822489,1,pca_sar,1,2
0.6770482,1,pca_sar,1,2
0.76936924,1,pca_sar,1,2
0.7055366,1,pca_sar,1,2
0.69046295,1,pca_sar,1,2
0.7176042,1,pca_sar,1,2
0.6853726,1,pca_sar,1,2
0.6721783,1,pca_sar,1,2
0.7413628,1,pca_sar,1,2
0.7256025,1,pca_sar,1,2
0.7404848,1,pca_sar,1,2
0.69828576,1,pca_sar,1,2
0.6579303,1,pca_sar,1,2
0.7512141,1,pca_sar,1,2
0.69175106,1,pca_sar,1,2
0.64038694,1,pca_sar,1,2
0.63863945,1,pca_sar,1,2
0.7597432,1,pca_sar,1,2
0.6975229,1,pca_sar,1,2
0.68442684,1,pca_sar,1,2
0.7092314,1,pca_sar,1,2
0.6811863,1,pca_sar,1,2
0.7884793,1,pca_sar,1,2
0.722872,1,pca_sar,1,2
0.6967927,1,pca_sar,1,2
0.70484376,1,pca_sar,1,2
0.6791588,1,pca_sar,1,2
0.8213366,1,pca_sar,1,2
0.75222707,1,pca_sar,1,2
0.69142824,1,pca_sar,1,2
0.6933119,1,pca_sar,1,2
0.6809715,1,pca_sar,1,2
0.68682325,1,pca_sar,1,2
0.8252028,1,pca_sar,1,2
0.76721704,1,pca_sar,1,2
0.7181768,1,pca_sar,1,2
0.71378195,1,pca_sar,1,2
0.6640651,1,pca_sar,1,2
0.66925323,1,pca_sar,1,2
0.6949688,1,pca_sar,1,2
0.7960733,1,pca_sar,1,2
0.74876904,1,pca_sar,1,2
0.69593436,1,pca_sar,1,2
0.7000512,1,pca_sar,1,2
0.68035215,1,pca_sar,1,2
0.66116226,1,pca_sar,1,2
0.7146587,1,pca_sar,1,2
0.7712374,1,pca_sar,1,2
0.74371874,1,pca_sar,1,2
0.7021841,1,pca_sar,1,2
0.69332933,1,pca_sar,1,2
0.6903709,1,pca_sar,1,2
0.6744821,1,pca_sar,1,2
0.7484635,1,pca_sar,1,2
0.7086179,1,pca_sar,1,2
0.70596147,1,pca_sar,1,2
0.6986923,1,pca_sar,1,2
0.729813,1,pca_sar,1,2
0.7257179,1,pca_sar,1,2
0.7568445,1,pca_sar,1,2
0.70726347,1,pca_sar,1,2
0.6793723,1,pca_sar,1,2
0.68951094,1,pca_sar,1,2
0.746563,1,pca_sar,1,2
0.7523793,1,pca_sar,1,2
0.69849765,1,pca_sar,1,2
0.6700274,1,pca_sar,1,2
0.6879933,1,pca_sar,1,2
0.75527716,1,pca_sar,1,2
0.68772244,1,pca_sar,1,2
0.6549307,1,pca_sar,1,2
0.66377354,1,pca_sar,1,2
0.48806033,1,pca_sar,1,2
0.42143893,1,pca_sar,1,2
0.40452027,1,pca_sar,1,2
0.3535083,1,pca_sar,1,2
0.36368597,1,pca_sar,1,2
0.54752314,1,pca_sar,1,2
0.5307803,1,pca_sar,1,2
0.5052671,1,pca_sar,1,2
0.52132374,1,pca_sar,1,2
0.4352904,1,pca_sar,1,2
0.35002664,1,pca_sar,1,2
0.5462082,1,pca_sar,1,2
0.5582475,1,pca_sar,1,2
0.5421874,1,pca_sar,1,2
0.47215322,1,pca_sar,1,2
0.46171337,1,pca_sar,1,2
0.42346272,1,pca_sar,1,2
0.5849712,1,pca_sar,1,2
0.5988866,1,pca_sar,1,2
0.56879944,1,pca_sar,1,2
0.5059511,1,pca_sar,1,2
0.501389,1,pca_sar,1,2
0.501293,1,pca_sar,1,2
0.44291776,1,pca_sar,1,2
0.43340224,1,pca_sar,1,2
0.45560542,1,pca_sar,1,2
0.6523155,1,pca_sar,1,2
0.6697699,1,pca_sar,1,2
0.6025324,1,pca_sar,1,2
0.5363223,1,pca_sar,1,2
0.53280103,1,pca_sar,1,2
0.5226249,1,pca_sar,1,2
0.5064494,1,pca_sar,1,2
0.47926557,1,pca_sar,1,2
0.46461767,1,pca_sar,1,2
0.6593621,1,pca_sar,1,2
0.624767,1,pca_sar,1,2
0.56597495,1,pca_sar,1,2
0.56918705,1,pca_sar,1,2
0.5544783,1,pca_sar,1,2
0.56750745,1,pca_sar,1,2
0.555135,1,pca_sar,1,2
0.53052676,1,pca_sar,1,2
0.48668638,1,pca_sar,1,2
0.45478275,1,pca_sar,1,2
0.4168822,1,pca_sar,1,2
0.42608833,1,pca_sar,1,2
0.38406324,1,pca_sar,1,2
0.63645935,1,pca_sar,1,2
0.5928627,1,pca_sar,1,2
0.57348186,1,pca_sar,1,2
0.5741173,1,pca_sar,1,2
0.5582709,1,pca_sar,1,2
0.60145915,1,pca_sar,1,2
0.6401388,1,pca_sar,1,2
0.63043135,1,pca_sar,1,2
0.5844305,1,pca_sar,1,2
0.5290443,1,pca_sar,1,2
0.4319388,1,pca_sar,1,2
0.59098697,1,pca_sar,1,2
0.58439195,1,pca_sar,1,2
0.59542096,1,pca_sar,1,2
0.47792435,1,pca_sar,1,2
0.41221052,1,pca_sar,1,2
0.5961143,1,pca_sar,1,2
0.6062959,1,pca_sar,1,2
0.62279713,1,pca_sar,1,2
0.550473,1,pca_sar,1,2
0.49221224,1,pca_sar,1,2
0.4245469,1,pca_sar,1,2
0.37930426,1,pca_sar,1,2
0.411964,1,pca_sar,1,2
0.3393913,1,pca_sar,1,2
0.41689533,1,pca_sar,1,2
0.6018554,1,pca_sar,1,2
0.50013864,1,pca_sar,1,2
0.44426727,1,pca_sar,1,2
0.4670784,1,pca_sar,1,2
0.3790645,1,pca_sar,1,2
0.39608088,1,pca_sar,1,2
0.59858924,1,pca_sar,1,2
0.57078516,1,pca_sar,1,2
0.5781887,1,pca_sar,1,2
0.5208388,1,pca_sar,1,2
0.49465042,1,pca_sar,1,2
0.4771111,1,pca_sar,1,2
0.56705487,1,pca_sar,1,2
0.5781252,1,pca_sar,1,2
0.58393395,1,pca_sar,1,2
0.54580355,1,pca_sar,1,2
0.5179033,1,pca_sar,1,2
0.40320486,1,pca_sar,1,2
0.36539215,1,pca_sar,1,2
0.36491042,1,pca_sar,1,2
0.35096776,1,pca_sar,1,2
0.5595267,1,pca_sar,1,2
0.5736365,1,pca_sar,1,2
0.5908079,1,pca_sar,1,2
0.5674554,1,pca_sar,1,2
0.5806307,1,pca_sar,1,2
0.45302862,1,pca_sar,1,2
0.41000175,1,pca_sar,1,2
0.44674864,1,pca_sar,1,2
0.4125631,1,pca_sar,1,2
0.5839588,1,pca_sar,1,2
0.57623005,1,pca_sar,1,2
0.61041474,1,pca_sar,1,2
0.62316,1,pca_sar,1,2
0.62835824,1,pca_sar,1,2
0.5169193,1,pca_sar,1,2
0.46820033,1,pca_sar,1,2
0.5564065,1,pca_sar,1,2
0.56352293,1,pca_sar,1,2
0.5367359,1,pca_sar,1,2
0.50671136,1,pca_sar,1,2
0.39399657,1,pca_sar,1,2
0.3760508,1,pca_sar,1,2
0.6562792,1,pca_sar,1,2
0.5933632,1,pca_sar,1,2
0.6091969,1,pca_sar,1,2
0.6327445,1,pca_sar,1,2
0.6546041,1,pca_sar,1,2
0.57996964,1,pca_sar,1,2
0.54803956,1,pca_sar,1,2
0.61411977,1,pca_sar,1,2
0.6022135,1,pca_sar,1,2
0.40597707,1,pca_sar,1,2
0.42987666,1,pca_sar,1,2
0.63255465,1,pca_sar,1,2
0.5829905,1,pca_sar,1,2
0.5553174,1,pca_sar,1,2
0.51598424,1,pca_sar,1,2
0.5034562,1,pca_sar,1,2
0.64382267,1,pca_sar,1,2
0.62685287,1,pca_sar,1,2
0.63318264,1,pca_sar,1,2
0.52032375,1,pca_sar,1,2
0.4463031,1,pca_sar,1,2
0.39659312,3,pca_sar,1,2
0.37205398,3,pca_sar,1,2
0.36460218,3,pca_sar,1,2
0.39696285,3,pca_sar,1,2
0.44572896,3,pca_sar,1,2
0.486989,3,pca_sar,1,2
0.4847973,3,pca_sar,1,2
0.42085138,3,pca_sar,1,2
0.3528573,3,pca_sar,1,2
0.31453317,3,pca_sar,1,2
0.39780805,3,pca_sar,1,2
0.53120214,3,pca_sar,1,2
0.5118782,3,pca_sar,1,2
0.46124786,3,pca_sar,1,2
0.401483,3,pca_sar,1,2
0.40015912,3,pca_sar,1,2
0.3116191,3,pca_sar,1,2
0.28076226,3,pca_sar,1,2
0.37758663,3,pca_sar,1,2
0.5304402,3,pca_sar,1,2
0.5533329,3,pca_sar,1,2
0.45608628,3,pca_sar,1,2
0.40016901,3,pca_sar,1,2
0.37051487,3,pca_sar,1,2
0.38920924,3,pca_sar,1,2
0.31264862,3,pca_sar,1,2
0.25208136,3,pca_sar,1,2
0.32233235,3,pca_sar,1,2
0.4131437,3,pca_sar,1,2
0.43260798,3,pca_sar,1,2
0.40113837,3,pca_sar,1,2
0.3851552,3,pca_sar,1,2
0.36406285,3,pca_sar,1,2
0.32683393,3,pca_sar,1,2
0.3996184,3,pca_sar,1,2
0.39563054,3,pca_sar,1,2
0.29895753,3,pca_sar,1,2
0.2584673,3,pca_sar,1,2
0.3248191,3,pca_sar,1,2
0.44309598,3,pca_sar,1,2
0.4140004,3,pca_sar,1,2
0.32646003,3,pca_sar,1,2
0.3327241,3,pca_sar,1,2
0.354143,3,pca_sar,1,2
0.341505,3,pca_sar,1,2
0.35870636,3,pca_sar,1,2
0.38791725,3,pca_sar,1,2
0.33859536,3,pca_sar,1,2
0.2990855,3,pca_sar,1,2
0.36034438,3,pca_sar,1,2
0.45583814,3,pca_sar,1,2
0.45334202,3,pca_sar,1,2
0.37738085,3,pca_sar,1,2
0.2649809,3,pca_sar,1,2
0.28270152,3,pca_sar,1,2
0.40187582,3,pca_sar,1,2
0.36191267,3,pca_sar,1,2
0.37983614,3,pca_sar,1,2
0.3338557,3,pca_sar,1,2
0.343669,3,pca_sar,1,2
0.450939,3,pca_sar,1,2
0.5343137,3,pca_sar,1,2
0.4903203,3,pca_sar,1,2
0.42493856,3,pca_sar,1,2
0.341397,3,pca_sar,1,2
0.38059616,3,pca_sar,1,2
0.44220152,3,pca_sar,1,2
0.4080485,3,pca_sar,1,2
0.41580498,3,pca_sar,1,2
0.44350705,3,pca_sar,1,2
0.50344485,3,pca_sar,1,2
0.5758807,3,pca_sar,1,2
0.5920993,3,pca_sar,1,2
0.45212623,3,pca_sar,1,2
0.386683,3,pca_sar,1,2
0.37136614,3,pca_sar,1,2
0.38932633,3,pca_sar,1,2
0.42171404,3,pca_sar,1,2
0.5061229,3,pca_sar,1,2
0.5370487,3,pca_sar,1,2
0.5952126,3,pca_sar,1,2
0.56329405,3,pca_sar,1,2
0.43320325,3,pca_sar,1,2
0.41600287,3,pca_sar,1,2
0.35973683,3,pca_sar,1,2
0.46913207,3,pca_sar,1,2
0.50985575,3,pca_sar,1,2
0.4829561,3,pca_sar,1,2
0.42353785,3,pca_sar,1,2
0.39142475,3,pca_sar,1,2
0.42719442,3,pca_sar,1,2
0.429315,3,pca_sar,1,2
0.37401468,3,pca_sar,1,2
0.5197714,3,pca_sar,1,2
0.4238149,3,pca_sar,1,2
0.40348244,3,pca_sar,1,2
0.3828456,3,pca_sar,1,2
0.42672354,3,pca_sar,1,2
0.4659306,3,pca_sar,1,2
0.49234807,3,pca_sar,1,2
0.5226487,3,pca_sar,1,2
0.4034905,3,pca_sar,1,2
0.38135874,3,pca_sar,1,2
0.40964383,3,pca_sar,1,2
0.46239907,3,pca_sar,1,2
0.51211494,3,pca_sar,1,2
0.4941023,3,pca_sar,1,2
0.5360297,3,pca_sar,1,2
0.42508096,3,pca_sar,1,2
0.40333408,3,pca_sar,1,2
0.45092824,3,pca_sar,1,2
0.46243408,3,pca_sar,1,2
0.51810944,3,pca_sar,1,2
0.47877818,3,pca_sar,1,2
0.44914997,3,pca_sar,1,2
0.55798453,3,pca_sar,1,2
0.44881362,3,pca_sar,1,2
0.40526205,3,pca_sar,1,2
0.4546877,3,pca_sar,1,2
0.43364704,3,pca_sar,1,2
0.44479007,3,pca_sar,1,2
0.4698315,3,pca_sar,1,2
0.47704613,3,pca_sar,1,2
0.45575735,3,pca_sar,1,2
0.55405974,3,pca_sar,1,2
0.48465687,3,pca_sar,1,2
0.4179242,3,pca_sar,1,2
0.44048318,3,pca_sar,1,2
0.44229096,3,pca_sar,1,2
0.4437582,3,pca_sar,1,2
0.46667528,3,pca_sar,1,2
0.5185559,3,pca_sar,1,2
0.49884075,3,pca_sar,1,2
0.51937914,3,pca_sar,1,2
0.46591398,3,pca_sar,1,2
0.43454558,3,pca_sar,1,2
0.42393708,3,pca_sar,1,2
0.3738933,3,pca_sar,1,2
0.42008105,3,pca_sar,1,2
0.45860276,3,pca_sar,1,2
0.48907006,3,pca_sar,1,2
0.5065818,3,pca_sar,1,2
0.47527453,3,pca_sar,1,2
0.43630993,3,pca_sar,1,2
0.45977697,3,pca_sar,1,2
0.44828454,3,pca_sar,1,2
0.38416767,3,pca_sar,1,2
0.40038198,3,pca_sar,1,2
0.43887404,3,pca_sar,1,2
0.4719562,3,pca_sar,1,2
0.49782547,3,pca_sar,1,2
0.4552666,3,pca_sar,1,2
0.41553506,3,pca_sar,1,2
0.4588018,3,pca_sar,1,2
0.43332803,3,pca_sar,1,2
0.3570432,3,pca_sar,1,2
0.37204152,3,pca_sar,1,2
0.40326667,3,pca_sar,1,2
0.4351945,3,pca_sar,1,2
0.46315002,3,pca_sar,1,2
0.47062588,3,pca_sar,1,2
0.47630346,3,pca_sar,1,2
0.43268853,3,pca_sar,1,2
0.46172002,3,pca_sar,1,2
0.4845938,3,pca_sar,1,2
0.51370335,3,pca_sar,1,2
0.5378462,3,pca_sar,1,2
0.51496744,3,pca_sar,1,2
0.48831195,3,pca_sar,1,2
0.5357096,3,pca_sar,1,2
0.56115437,3,pca_sar,1,2
0.5145749,3,pca_sar,1,2
0.46430415,3,pca_sar,1,2
0.8049967,1,pca_sar,1,2
0.79449606,1,pca_sar,1,2
0.7024547,1,pca_sar,1,2
0.7651588,1,pca_sar,1,2
0.69565845,1,pca_sar,1,2
0.759426,1,pca_sar,1,2
0.71721154,1,pca_sar,1,2
0.64699924,1,pca_sar,1,2
0.7221854,1,pca_sar,1,2
0.7308048,1,pca_sar,1,2
0.687307,1,pca_sar,1,2
0.6428243,1,pca_sar,1,2
0.7294285,1,pca_sar,1,2
0.69969684,1,pca_sar,1,2
0.6626892,1,pca_sar,1,2
0.65138745,1,pca_sar,1,2
0.7393944,1,pca_sar,1,2
0.73599595,1,pca_sar,1,2
0.7180616,1,pca_sar,1,2
0.6806314,1,pca_sar,1,2
0.7266798,1,pca_sar,1,2
0.73640835,1,pca_sar,1,2
0.76653546,1,pca_sar,1,2
0.7593589,1,pca_sar,1,2
0.6932637,1,pca_sar,1,2
0.73182017,1,pca_sar,1,2
0.72212017,1,pca_sar,1,2
0.733714,1,pca_sar,1,2
0.718158,1,pca_sar,1,2
0.66179216,1,pca_sar,1,2
0.7396637,1,pca_sar,1,2
0.7655332,1,pca_sar,1,2
0.75296915,1,pca_sar,1,2
0.6811382,1,pca_sar,1,2
0.68370754,1,pca_sar,1,2
0.6795295,1,pca_sar,1,2
0.6669478,1,pca_sar,1,2
0.67365396,1,pca_sar,1,2
0.6647017,1,pca_sar,1,2
0.7238796,1,pca_sar,1,2
0.7162007,1,pca_sar,1,2
0.6676811,1,pca_sar,1,2
0.65851665,1,pca_sar,1,2
0.692613,1,pca_sar,1,2
0.6789819,1,pca_sar,1,2
0.6804728,1,pca_sar,1,2
0.7272294,1,pca_sar,1,2
0.7370762,1,pca_sar,1,2
0.692729,1,pca_sar,1,2
0.6544026,1,pca_sar,1,2
0.67956066,1,pca_sar,1,2
0.6767577,1,pca_sar,1,2
0.68460464,1,pca_sar,1,2
0.7219195,1,pca_sar,1,2
0.69865555,1,pca_sar,1,2
0.7257601,1,pca_sar,1,2
0.71798027,1,pca_sar,1,2
0.6979886,1,pca_sar,1,2
0.718502,1,pca_sar,1,2
0.73165894,1,pca_sar,1,2
0.77787447,1,pca_sar,1,2
0.77020204,1,pca_sar,1,2
0.72783935,1,pca_sar,1,2
0.7050334,1,pca_sar,1,2
0.69975895,1,pca_sar,1,2
0.6994035,1,pca_sar,1,2
0.6986412,1,pca_sar,1,2
0.67893666,1,pca_sar,1,2
0.6947614,1,pca_sar,1,2
0.730814,1,pca_sar,1,2
0.7940562,1,pca_sar,1,2
0.78995657,1,pca_sar,1,2
0.76342654,1,pca_sar,1,2
0.74519503,1,pca_sar,1,2
0.7273911,1,pca_sar,1,2
0.7129202,1,pca_sar,1,2
0.7166761,1,pca_sar,1,2
0.6987392,1,pca_sar,1,2
0.6973063,1,pca_sar,1,2
0.6996616,1,pca_sar,1,2
0.72476315,1,pca_sar,1,2
0.68228626,1,pca_sar,1,2
0.67441845,1,pca_sar,1,2
0.68313324,1,pca_sar,1,2
0.7538805,1,pca_sar,1,2
0.7183633,1,pca_sar,1,2
0.7196344,1,pca_sar,1,2
0.72495854,1,pca_sar,1,2
0.69678545,1,pca_sar,1,2
0.6881993,1,pca_sar,1,2
0.69460183,1,pca_sar,1,2
0.7322509,1,pca_sar,1,2
0.6822428,1,pca_sar,1,2
0.6566783,1,pca_sar,1,2
0.7112348,1,pca_sar,1,2
0.7396985,1,pca_sar,1,2
0.7339716,1,pca_sar,1,2
0.70931506,1,pca_sar,1,2
0.70505327,1,pca_sar,1,2
0.70354724,1,pca_sar,1,2
0.6991043,1,pca_sar,1,2
0.7178054,1,pca_sar,1,2
0.74645054,1,pca_sar,1,2
0.70441175,1,pca_sar,1,2
0.68336344,1,pca_sar,1,2
0.7377964,1,pca_sar,1,2
0.7272845,1,pca_sar,1,2
0.74401,1,pca_sar,1,2
0.7175549,1,pca_sar,1,2
0.70898604,1,pca_sar,1,2
0.71940994,1,pca_sar,1,2
0.7225879,1,pca_sar,1,2
0.7331076,1,pca_sar,1,2
0.7338058,1,pca_sar,1,2
0.7071757,1,pca_sar,1,2
0.7661282,1,pca_sar,1,2
0.79525024,1,pca_sar,1,2
0.7988213,1,pca_sar,1,2
0.7670703,1,pca_sar,1,2
0.7382097,1,pca_sar,1,2
0.76996315,1,pca_sar,1,2
0.7654979,1,pca_sar,1,2
0.77660644,1,pca_sar,1,2
0.78803307,1,pca_sar,1,2
0.7500806,1,pca_sar,1,2
0.74302197,1,pca_sar,1,2
0.6693883,1,pca_sar,1,2
0.63653433,1,pca_sar,1,2
0.66082203,1,pca_sar,1,2
0.7503937,1,pca_sar,1,2
0.68558735,1,pca_sar,1,2
0.6517944,1,pca_sar,1,2
0.69519866,1,pca_sar,1,2
0.6591185,1,pca_sar,1,2
0.75425595,1,pca_sar,1,2
0.70654315,1,pca_sar,1,2
0.67320037,1,pca_sar,1,2
0.66229546,1,pca_sar,1,2
0.6425953,1,pca_sar,1,2
0.7634914,1,pca_sar,1,2
0.7099222,1,pca_sar,1,2
0.68037206,1,pca_sar,1,2
0.67657286,1,pca_sar,1,2
0.65664124,1,pca_sar,1,2
0.6515104,1,pca_sar,1,2
0.76576763,1,pca_sar,1,2
0.6813173,1,pca_sar,1,2
0.6562715,1,pca_sar,1,2
0.679673,1,pca_sar,1,2
0.6706257,1,pca_sar,1,2
0.6582335,1,pca_sar,1,2
0.6495449,1,pca_sar,1,2
0.7783625,1,pca_sar,1,2
0.7107049,1,pca_sar,1,2
0.6878089,1,pca_sar,1,2
0.69857943,1,pca_sar,1,2
0.7246254,1,pca_sar,1,2
0.69257903,1,pca_sar,1,2
0.67984736,1,pca_sar,1,2
0.7812082,1,pca_sar,1,2
0.73358715,1,pca_sar,1,2
0.6885967,1,pca_sar,1,2
0.7049035,1,pca_sar,1,2
0.74492484,1,pca_sar,1,2
0.7045252,1,pca_sar,1,2
0.74568117,1,pca_sar,1,2
0.6923871,1,pca_sar,1,2
0.70234513,1,pca_sar,1,2
0.68246317,1,pca_sar,1,2
0.71987766,1,pca_sar,1,2
0.70296407,1,pca_sar,1,2
0.753176,1,pca_sar,1,2
0.70665765,1,pca_sar,1,2
0.691476,1,pca_sar,1,2
0.6860939,1,pca_sar,1,2
0.7403337,1,pca_sar,1,2
0.7503993,1,pca_sar,1,2
0.7051742,1,pca_sar,1,2
0.7012311,1,pca_sar,1,2
0.7152581,1,pca_sar,1,2
0.7516391,1,pca_sar,1,2
0.69985163,1,pca_sar,1,2
0.6813359,1,pca_sar,1,2
0.67219025,1,pca_sar,1,2
0.7162262,1,pca_sar,1,2
0.7034748,1,pca_sar,1,2
0.686758,1,pca_sar,1,2
0.68513876,1,pca_sar,1,2
0.66869515,1,pca_sar,1,2
0.62855715,1,pca_sar,1,2
0.5881838,1,pca_sar,1,2
0.45869726,1,pca_sar,1,2
0.44053763,1,pca_sar,1,2
0.6440104,1,pca_sar,1,2
0.60320723,1,pca_sar,1,2
0.5830338,1,pca_sar,1,2
0.58367693,1,pca_sar,1,2
0.5844274,1,pca_sar,1,2
0.5806504,1,pca_sar,1,2
0.5419816,1,pca_sar,1,2
0.46251088,1,pca_sar,1,2
0.40486187,1,pca_sar,1,2
0.6019072,1,pca_sar,1,2
0.59217787,1,pca_sar,1,2
0.5757965,1,pca_sar,1,2
0.57229054,1,pca_sar,1,2
0.5945477,1,pca_sar,1,2
0.5855705,1,pca_sar,1,2
0.548055,1,pca_sar,1,2
0.51482177,1,pca_sar,1,2
0.4634648,1,pca_sar,1,2
0.3872261,1,pca_sar,1,2
0.34952533,1,pca_sar,1,2
0.32732508,1,pca_sar,1,2
0.32659146,1,pca_sar,1,2
0.6241766,1,pca_sar,1,2
0.63701725,1,pca_sar,1,2
0.65751815,1,pca_sar,1,2
0.612545,1,pca_sar,1,2
0.62952685,1,pca_sar,1,2
0.6094235,1,pca_sar,1,2
0.59816074,1,pca_sar,1,2
0.58772933,1,pca_sar,1,2
0.55404115,1,pca_sar,1,2
0.44313374,1,pca_sar,1,2
0.4105286,1,pca_sar,1,2
0.645285,1,pca_sar,1,2
0.6756297,1,pca_sar,1,2
0.6841941,1,pca_sar,1,2
0.54786986,1,pca_sar,1,2
0.5516679,1,pca_sar,1,2
0.6303894,1,pca_sar,1,2
0.64983016,1,pca_sar,1,2
0.67049426,1,pca_sar,1,2
0.58194566,1,pca_sar,1,2
0.58251333,1,pca_sar,1,2
0.5952844,1,pca_sar,1,2
0.6099905,1,pca_sar,1,2
0.6128017,1,pca_sar,1,2
0.6422304,1,pca_sar,1,2
0.635924,1,pca_sar,1,2
0.5229198,1,pca_sar,1,2
0.46881258,1,pca_sar,1,2
0.33659837,1,pca_sar,1,2
0.31973046,1,pca_sar,1,2
0.54678786,1,pca_sar,1,2
0.5877955,1,pca_sar,1,2
0.59799254,1,pca_sar,1,2
0.577932,1,pca_sar,1,2
0.5795201,1,pca_sar,1,2
0.48741847,1,pca_sar,1,2
0.44110352,1,pca_sar,1,2
0.3478792,1,pca_sar,1,2
0.32473677,1,pca_sar,1,2
0.5425966,1,pca_sar,1,2
0.46753752,1,pca_sar,1,2
0.43535712,1,pca_sar,1,2
0.44014,1,pca_sar,1,2
0.45448104,1,pca_sar,1,2
0.4350465,1,pca_sar,1,2
0.44761628,1,pca_sar,1,2
0.45506984,1,pca_sar,1,2
0.41493356,1,pca_sar,1,2
0.34738368,1,pca_sar,1,2
0.36020356,1,pca_sar,1,2
0.3321693,1,pca_sar,1,2
0.31439456,1,pca_sar,1,2
0.5909587,1,pca_sar,1,2
0.51255167,1,pca_sar,1,2
0.4808369,1,pca_sar,1,2
0.501614,1,pca_sar,1,2
0.52061903,1,pca_sar,1,2
0.50990504,1,pca_sar,1,2
0.47917593,1,pca_sar,1,2
0.48607028,1,pca_sar,1,2
0.46006197,1,pca_sar,1,2
0.37965822,1,pca_sar,1,2
0.3359508,1,pca_sar,1,2
0.5373708,1,pca_sar,1,2
0.53055465,1,pca_sar,1,2
0.50814164,1,pca_sar,1,2
0.49240416,1,pca_sar,1,2
0.4304788,1,pca_sar,1,2
0.5468441,1,pca_sar,1,2
0.53489244,1,pca_sar,1,2
0.53459895,1,pca_sar,1,2
0.5392313,1,pca_sar,1,2
0.5058229,1,pca_sar,1,2
0.5542309,1,pca_sar,1,2
0.5667391,1,pca_sar,1,2
0.57682574,1,pca_sar,1,2
0.5756579,1,pca_sar,1,2
0.5911591,1,pca_sar,1,2
0.6233391,1,pca_sar,1,2
0.51847684,1,pca_sar,1,2
0.52905583,1,pca_sar,1,2
0.5601418,1,pca_sar,1,2
0.5031068,1,pca_sar,1,2
0.48538476,1,pca_sar,1,2
0.5204258,1,pca_sar,1,2
0.47533786,1,pca_sar,1,2
0.49454162,1,pca_sar,1,2
0.5318574,1,pca_sar,1,2
0.47874868,1,pca_sar,1,2
0.50152266,1,pca_sar,1,2
0.53713375,1,pca_sar,1,2
0.39658526,1,pca_sar,1,2
0.50627637,1,pca_sar,1,2
0.55841935,1,pca_sar,1,2
0.39555883,1,pca_sar,1,2
0.50924504,1,pca_sar,1,2
0.54402626,1,pca_sar,1,2
0.35900792,1,pca_sar,1,2
0.37397507,1,pca_sar,1,2
0.44385156,1,pca_sar,1,2
0.37862468,1,pca_sar,1,2
0.49954194,1,pca_sar,1,2
0.4668047,1,pca_sar,1,2
0.39378265,1,pca_sar,1,2
0.544932,1,pca_sar,1,2
0.5123203,1,pca_sar,1,2
0.40196067,1,pca_sar,1,2
0.5650167,1,pca_sar,1,2
0.52300304,1,pca_sar,1,2
0.42787325,1,pca_sar,1,2
0.5494857,1,pca_sar,1,2
0.5507577,1,pca_sar,1,2
0.52282894,1,pca_sar,1,2
0.52984816,1,pca_sar,1,2
0.5593732,1,pca_sar,1,2
0.53214777,1,pca_sar,1,2
0.46250683,1,pca_sar,1,2
0.53872526,1,pca_sar,1,2
0.4709866,1,pca_sar,1,2
0.5008184,1,pca_sar,1,2
0.4986045,1,pca_sar,1,2
0.42754704,1,pca_sar,1,2
0.4763079,1,pca_sar,1,2
0.49251527,1,pca_sar,1,2
0.36105976,1,pca_sar,1,2
0.32360995,1,pca_sar,1,2
0.38124996,1,pca_sar,1,2
0.46975198,1,pca_sar,1,2
0.6057496,1,pca_sar,1,2
0.6003937,1,pca_sar,1,2
0.46273276,1,pca_sar,1,2
0.5403559,1,pca_sar,1,2
0.54330325,1,pca_sar,1,2
0.36323485,1,pca_sar,1,2
0.5219009,1,pca_sar,1,2
0.549916,1,pca_sar,1,2
0.38379058,1,pca_sar,1,2
0.49159083,1,pca_sar,1,2
0.5332257,1,pca_sar,1,2
0.39095873,1,pca_sar,1,2
0.4391988,1,pca_sar,1,2
0.52152586,1,pca_sar,1,2
0.42809176,1,pca_sar,1,2
0.46933988,1,pca_sar,1,2
0.5813218,1,pca_sar,1,2
0.4461038,1,pca_sar,1,2
0.49606323,1,pca_sar,1,2
0.5494291,1,pca_sar,1,2
0.45639628,1,pca_sar,1,2
0.45885307,1,pca_sar,1,2
0.4689994,1,pca_sar,1,2
0.2937399,1,pca_sar,1,2
0.29260927,1,pca_sar,1,2
0.3198392,1,pca_sar,1,2
0.40595824,1,pca_sar,1,2
0.5903714,1,pca_sar,1,2
0.6334847,1,pca_sar,1,2
0.45333815,1,pca_sar,1,2
0.57584864,1,pca_sar,1,2
0.57405907,1,pca_sar,1,2
0.4691609,1,pca_sar,1,2
0.55140746,1,pca_sar,1,2
0.55171525,1,pca_sar,1,2
0.49547207,1,pca_sar,1,2
0.57112646,1,pca_sar,1,2
0.56849164,1,pca_sar,1,2
0.47447145,1,pca_sar,1,2
0.53376734,1,pca_sar,1,2
0.51725435,1,pca_sar,1,2
0.48177278,1,pca_sar,1,2
0.5607139,1,pca_sar,1,2
0.52470744,1,pca_sar,1,2
0.47246224,1,pca_sar,1,2
0.55928916,1,pca_sar,1,2
0.52239174,1,pca_sar,1,2
0.38635957,1,pca_sar,1,2
0.47583383,1,pca_sar,1,2
0.4624521,1,pca_sar,1,2
0.22077306,1,pca_sar,1,2
0.31397083,1,pca_sar,1,2
0.30352432,1,pca_sar,1,2
