Cosine Similarity,Class,Modality Pair,i,j
0.8161789,6,rgb_pca,0,1
0.8046098,6,rgb_pca,0,1
0.8141822,6,rgb_pca,0,1
0.8435209,6,rgb_pca,0,1
0.8662785,6,rgb_pca,0,1
0.72623074,6,rgb_pca,0,1
0.7229348,6,rgb_pca,0,1
0.75138676,6,rgb_pca,0,1
0.74287987,6,rgb_pca,0,1
0.80446696,6,rgb_pca,0,1
0.7546943,6,rgb_pca,0,1
0.7732066,6,rgb_pca,0,1
0.77327716,6,rgb_pca,0,1
0.7489552,6,rgb_pca,0,1
0.75629175,6,rgb_pca,0,1
0.80945545,6,rgb_pca,0,1
0.8069538,6,rgb_pca,0,1
0.8256009,6,rgb_pca,0,1
0.8116461,6,rgb_pca,0,1
0.784039,6,rgb_pca,0,1
0.7860271,6,rgb_pca,0,1
0.80733114,6,rgb_pca,0,1
0.7781378,6,rgb_pca,0,1
0.7955494,6,rgb_pca,0,1
0.7820935,6,rgb_pca,0,1
0.7914698,6,rgb_pca,0,1
0.79483736,6,rgb_pca,0,1
0.80906606,6,rgb_pca,0,1
0.821758,6,rgb_pca,0,1
0.8173086,6,rgb_pca,0,1
0.83109146,6,rgb_pca,0,1
0.8322648,6,rgb_pca,0,1
0.8240014,6,rgb_pca,0,1
0.79183793,6,rgb_pca,0,1
0.79441094,6,rgb_pca,0,1
0.8284534,6,rgb_pca,0,1
0.8180957,6,rgb_pca,0,1
0.8367722,6,rgb_pca,0,1
0.81758666,6,rgb_pca,0,1
0.7934897,6,rgb_pca,0,1
0.7838395,6,rgb_pca,0,1
0.79806536,6,rgb_pca,0,1
0.80044055,6,rgb_pca,0,1
0.8226184,6,rgb_pca,0,1
0.8309142,6,rgb_pca,0,1
0.79919624,6,rgb_pca,0,1
0.8012363,6,rgb_pca,0,1
0.8325174,6,rgb_pca,0,1
0.8348905,6,rgb_pca,0,1
0.8602239,6,rgb_pca,0,1
0.86453736,6,rgb_pca,0,1
0.8347934,6,rgb_pca,0,1
0.8449391,6,rgb_pca,0,1
0.80938023,6,rgb_pca,0,1
0.8341196,6,rgb_pca,0,1
0.82526183,6,rgb_pca,0,1
0.7973945,6,rgb_pca,0,1
0.83507824,6,rgb_pca,0,1
0.7557091,6,rgb_pca,0,1
0.77534574,6,rgb_pca,0,1
0.8208959,6,rgb_pca,0,1
0.79701734,6,rgb_pca,0,1
0.77426404,6,rgb_pca,0,1
0.8243823,6,rgb_pca,0,1
0.7768369,6,rgb_pca,0,1
0.8184846,6,rgb_pca,0,1
0.80167073,6,rgb_pca,0,1
0.78024024,6,rgb_pca,0,1
0.8129043,6,rgb_pca,0,1
0.76672846,6,rgb_pca,0,1
0.8202549,6,rgb_pca,0,1
0.802793,6,rgb_pca,0,1
0.76923966,6,rgb_pca,0,1
0.80477387,6,rgb_pca,0,1
0.77218693,2,rgb_pca,0,1
0.7592025,2,rgb_pca,0,1
0.76394045,2,rgb_pca,0,1
0.78536856,2,rgb_pca,0,1
0.8066089,2,rgb_pca,0,1
0.8019343,2,rgb_pca,0,1
0.8479496,2,rgb_pca,0,1
0.8386672,2,rgb_pca,0,1
0.8241019,2,rgb_pca,0,1
0.83387375,2,rgb_pca,0,1
0.79346836,2,rgb_pca,0,1
0.78050685,2,rgb_pca,0,1
0.8648074,2,rgb_pca,0,1
0.8430413,2,rgb_pca,0,1
0.82151914,2,rgb_pca,0,1
0.82197124,2,rgb_pca,0,1
0.7704054,2,rgb_pca,0,1
0.7371397,2,rgb_pca,0,1
0.6018466,2,rgb_pca,0,1
0.6789063,2,rgb_pca,0,1
0.78754115,2,rgb_pca,0,1
0.8298105,2,rgb_pca,0,1
0.73960876,2,rgb_pca,0,1
0.61246586,2,rgb_pca,0,1
0.6668289,2,rgb_pca,0,1
0.78300315,2,rgb_pca,0,1
0.82409775,2,rgb_pca,0,1
0.8466939,6,rgb_pca,0,1
0.8592034,6,rgb_pca,0,1
0.8511827,6,rgb_pca,0,1
0.8654388,6,rgb_pca,0,1
0.8770032,6,rgb_pca,0,1
0.87290967,6,rgb_pca,0,1
0.8566489,6,rgb_pca,0,1
0.7780428,6,rgb_pca,0,1
0.8051188,6,rgb_pca,0,1
0.791656,6,rgb_pca,0,1
0.7844837,6,rgb_pca,0,1
0.7889631,6,rgb_pca,0,1
0.77905,6,rgb_pca,0,1
0.76767135,6,rgb_pca,0,1
0.7958369,6,rgb_pca,0,1
0.80018735,6,rgb_pca,0,1
0.8125645,6,rgb_pca,0,1
0.8161046,6,rgb_pca,0,1
0.81118053,6,rgb_pca,0,1
0.7986588,6,rgb_pca,0,1
0.79141545,6,rgb_pca,0,1
0.779234,6,rgb_pca,0,1
0.81507534,6,rgb_pca,0,1
0.82735974,6,rgb_pca,0,1
0.7994245,6,rgb_pca,0,1
0.8183419,6,rgb_pca,0,1
0.78582275,6,rgb_pca,0,1
0.768894,6,rgb_pca,0,1
0.81639355,6,rgb_pca,0,1
0.8104515,6,rgb_pca,0,1
0.80243045,6,rgb_pca,0,1
0.7941195,6,rgb_pca,0,1
0.7995098,6,rgb_pca,0,1
0.7837306,6,rgb_pca,0,1
0.770029,6,rgb_pca,0,1
0.7874279,6,rgb_pca,0,1
0.8223833,6,rgb_pca,0,1
0.8296238,6,rgb_pca,0,1
0.8312882,6,rgb_pca,0,1
0.83794296,6,rgb_pca,0,1
0.8402188,6,rgb_pca,0,1
0.8448602,6,rgb_pca,0,1
0.8249197,6,rgb_pca,0,1
0.7953012,6,rgb_pca,0,1
0.8103415,6,rgb_pca,0,1
0.81340617,6,rgb_pca,0,1
0.819044,6,rgb_pca,0,1
0.81920195,6,rgb_pca,0,1
0.8392383,6,rgb_pca,0,1
0.839451,6,rgb_pca,0,1
0.81531906,6,rgb_pca,0,1
0.78721404,6,rgb_pca,0,1
0.8006535,6,rgb_pca,0,1
0.78427786,6,rgb_pca,0,1
0.8278961,6,rgb_pca,0,1
0.82868606,6,rgb_pca,0,1
0.8327943,6,rgb_pca,0,1
0.83806026,6,rgb_pca,0,1
0.8370944,6,rgb_pca,0,1
0.8095841,6,rgb_pca,0,1
0.7520595,6,rgb_pca,0,1
0.75964475,6,rgb_pca,0,1
0.8109765,6,rgb_pca,0,1
0.8619794,6,rgb_pca,0,1
0.8674049,6,rgb_pca,0,1
0.87193716,6,rgb_pca,0,1
0.86226267,6,rgb_pca,0,1
0.8730606,6,rgb_pca,0,1
0.8407252,6,rgb_pca,0,1
0.7799329,6,rgb_pca,0,1
0.805397,6,rgb_pca,0,1
0.8155203,6,rgb_pca,0,1
0.8109479,6,rgb_pca,0,1
0.8218663,6,rgb_pca,0,1
0.8362514,6,rgb_pca,0,1
0.8405384,6,rgb_pca,0,1
0.8090776,6,rgb_pca,0,1
0.7336571,6,rgb_pca,0,1
0.75142133,6,rgb_pca,0,1
0.77805495,6,rgb_pca,0,1
0.7900622,6,rgb_pca,0,1
0.7812893,6,rgb_pca,0,1
0.79280937,6,rgb_pca,0,1
0.7971244,6,rgb_pca,0,1
0.7832773,6,rgb_pca,0,1
0.7903597,6,rgb_pca,0,1
0.75614125,6,rgb_pca,0,1
0.6956262,6,rgb_pca,0,1
0.73474705,6,rgb_pca,0,1
0.77249503,6,rgb_pca,0,1
0.79596204,6,rgb_pca,0,1
0.78759253,6,rgb_pca,0,1
0.7681831,6,rgb_pca,0,1
0.7382878,6,rgb_pca,0,1
0.7577846,6,rgb_pca,0,1
0.7511413,6,rgb_pca,0,1
0.7761524,6,rgb_pca,0,1
0.7808121,6,rgb_pca,0,1
0.7572629,6,rgb_pca,0,1
0.79190975,6,rgb_pca,0,1
0.7451744,6,rgb_pca,0,1
0.75772697,6,rgb_pca,0,1
0.7539309,6,rgb_pca,0,1
0.77377856,6,rgb_pca,0,1
0.7599941,6,rgb_pca,0,1
0.7779108,6,rgb_pca,0,1
0.78482425,6,rgb_pca,0,1
0.73863804,6,rgb_pca,0,1
0.7659575,6,rgb_pca,0,1
0.7654698,2,rgb_pca,0,1
0.7846432,2,rgb_pca,0,1
0.7559086,2,rgb_pca,0,1
0.7658285,2,rgb_pca,0,1
0.7727157,2,rgb_pca,0,1
0.75249386,2,rgb_pca,0,1
0.77400255,2,rgb_pca,0,1
0.8150813,2,rgb_pca,0,1
0.7598644,2,rgb_pca,0,1
0.75122947,2,rgb_pca,0,1
0.75604886,2,rgb_pca,0,1
0.77716535,2,rgb_pca,0,1
0.8209425,2,rgb_pca,0,1
0.80730104,2,rgb_pca,0,1
0.7869536,2,rgb_pca,0,1
0.8093173,2,rgb_pca,0,1
0.7239079,2,rgb_pca,0,1
0.69591063,2,rgb_pca,0,1
0.60696113,2,rgb_pca,0,1
0.61113393,2,rgb_pca,0,1
0.75387466,2,rgb_pca,0,1
0.80693483,2,rgb_pca,0,1
0.65247613,2,rgb_pca,0,1
0.5570128,2,rgb_pca,0,1
0.5806832,2,rgb_pca,0,1
0.75437355,2,rgb_pca,0,1
0.8131702,2,rgb_pca,0,1
0.88191247,6,rgb_pca,0,1
0.8599569,6,rgb_pca,0,1
0.86633885,6,rgb_pca,0,1
0.80961305,6,rgb_pca,0,1
0.8482021,6,rgb_pca,0,1
0.82685745,6,rgb_pca,0,1
0.80383044,6,rgb_pca,0,1
0.7596049,6,rgb_pca,0,1
0.82558084,6,rgb_pca,0,1
0.78517747,6,rgb_pca,0,1
0.8317765,6,rgb_pca,0,1
0.7943603,6,rgb_pca,0,1
0.77187496,6,rgb_pca,0,1
0.8375292,6,rgb_pca,0,1
0.8116853,6,rgb_pca,0,1
0.7601192,6,rgb_pca,0,1
0.86000544,6,rgb_pca,0,1
0.83777547,6,rgb_pca,0,1
0.8077899,6,rgb_pca,0,1
0.8265521,6,rgb_pca,0,1
0.80696946,6,rgb_pca,0,1
0.8002309,6,rgb_pca,0,1
0.81463397,6,rgb_pca,0,1
0.8142125,6,rgb_pca,0,1
0.797566,6,rgb_pca,0,1
0.7721052,6,rgb_pca,0,1
0.7918082,6,rgb_pca,0,1
0.83395076,6,rgb_pca,0,1
0.79883623,6,rgb_pca,0,1
0.7491474,6,rgb_pca,0,1
0.75995004,6,rgb_pca,0,1
0.8473579,6,rgb_pca,0,1
0.80727434,6,rgb_pca,0,1
0.73466706,6,rgb_pca,0,1
0.76632005,6,rgb_pca,0,1
0.8063685,2,rgb_pca,0,1
0.8073207,2,rgb_pca,0,1
0.8108779,2,rgb_pca,0,1
0.83228785,2,rgb_pca,0,1
0.82180566,2,rgb_pca,0,1
0.8081382,2,rgb_pca,0,1
0.82302344,2,rgb_pca,0,1
0.8247689,2,rgb_pca,0,1
0.79190665,2,rgb_pca,0,1
0.7861787,2,rgb_pca,0,1
0.73592734,2,rgb_pca,0,1
0.7446822,2,rgb_pca,0,1
0.84217954,2,rgb_pca,0,1
0.8179518,2,rgb_pca,0,1
0.76856315,2,rgb_pca,0,1
0.7774835,2,rgb_pca,0,1
0.78413075,2,rgb_pca,0,1
0.7594168,2,rgb_pca,0,1
0.6738925,2,rgb_pca,0,1
0.6515679,2,rgb_pca,0,1
0.7545711,2,rgb_pca,0,1
0.8086351,2,rgb_pca,0,1
0.77014333,2,rgb_pca,0,1
0.6624905,2,rgb_pca,0,1
0.6197657,2,rgb_pca,0,1
0.74485826,2,rgb_pca,0,1
0.8165027,2,rgb_pca,0,1
0.75653213,2,rgb_pca,0,1
0.7301633,2,rgb_pca,0,1
0.79322493,2,rgb_pca,0,1
0.802866,2,rgb_pca,0,1
0.80475134,2,rgb_pca,0,1
0.8131498,2,rgb_pca,0,1
0.8241019,2,rgb_pca,0,1
0.7982441,2,rgb_pca,0,1
0.74688953,2,rgb_pca,0,1
0.7662542,2,rgb_pca,0,1
0.78528833,2,rgb_pca,0,1
0.77598643,2,rgb_pca,0,1
0.76136804,2,rgb_pca,0,1
0.7645552,2,rgb_pca,0,1
0.78605723,2,rgb_pca,0,1
0.7770196,2,rgb_pca,0,1
0.7531829,2,rgb_pca,0,1
0.7252134,2,rgb_pca,0,1
0.5736091,2,rgb_pca,0,1
0.5624168,2,rgb_pca,0,1
0.72059083,2,rgb_pca,0,1
0.771678,2,rgb_pca,0,1
0.7434641,2,rgb_pca,0,1
0.5599748,2,rgb_pca,0,1
0.5381062,2,rgb_pca,0,1
0.73294604,2,rgb_pca,0,1
0.7846684,2,rgb_pca,0,1
0.7972012,2,rgb_pca,0,1
0.8075489,2,rgb_pca,0,1
0.8075344,2,rgb_pca,0,1
0.76708335,2,rgb_pca,0,1
0.83,2,rgb_pca,0,1
0.7516956,2,rgb_pca,0,1
0.80761266,2,rgb_pca,0,1
0.7758278,2,rgb_pca,0,1
0.77587277,2,rgb_pca,0,1
0.79106605,2,rgb_pca,0,1
0.7681663,2,rgb_pca,0,1
0.7512976,2,rgb_pca,0,1
0.7495593,2,rgb_pca,0,1
0.773121,2,rgb_pca,0,1
0.8071619,2,rgb_pca,0,1
0.7586976,2,rgb_pca,0,1
0.7661263,2,rgb_pca,0,1
0.78969175,2,rgb_pca,0,1
0.7739936,2,rgb_pca,0,1
0.75214267,2,rgb_pca,0,1
0.74144244,2,rgb_pca,0,1
0.7345341,2,rgb_pca,0,1
0.7665147,2,rgb_pca,0,1
0.77488554,2,rgb_pca,0,1
0.74749815,2,rgb_pca,0,1
0.7867937,2,rgb_pca,0,1
0.78045976,2,rgb_pca,0,1
0.8002286,2,rgb_pca,0,1
0.78353477,2,rgb_pca,0,1
0.7583095,2,rgb_pca,0,1
0.749883,2,rgb_pca,0,1
0.76624286,2,rgb_pca,0,1
0.7859969,2,rgb_pca,0,1
0.7943779,2,rgb_pca,0,1
0.8047261,2,rgb_pca,0,1
0.8108741,2,rgb_pca,0,1
0.792187,2,rgb_pca,0,1
0.7779913,2,rgb_pca,0,1
0.7759217,2,rgb_pca,0,1
0.80365896,2,rgb_pca,0,1
0.8216221,2,rgb_pca,0,1
0.8054265,2,rgb_pca,0,1
0.803747,2,rgb_pca,0,1
0.81228197,2,rgb_pca,0,1
0.7985546,2,rgb_pca,0,1
0.79165924,2,rgb_pca,0,1
0.7937385,2,rgb_pca,0,1
0.7811035,2,rgb_pca,0,1
0.7921115,2,rgb_pca,0,1
0.81707746,2,rgb_pca,0,1
0.81301326,2,rgb_pca,0,1
0.81266296,2,rgb_pca,0,1
0.78752154,2,rgb_pca,0,1
0.78630173,2,rgb_pca,0,1
0.7917944,2,rgb_pca,0,1
0.7810501,2,rgb_pca,0,1
0.80253243,2,rgb_pca,0,1
0.780442,2,rgb_pca,0,1
0.77195776,2,rgb_pca,0,1
0.8037132,2,rgb_pca,0,1
0.779129,2,rgb_pca,0,1
0.7735702,2,rgb_pca,0,1
0.802253,2,rgb_pca,0,1
0.7972833,2,rgb_pca,0,1
0.8085374,2,rgb_pca,0,1
0.7750766,2,rgb_pca,0,1
0.79493475,2,rgb_pca,0,1
0.79395425,2,rgb_pca,0,1
0.7909483,2,rgb_pca,0,1
0.7906966,2,rgb_pca,0,1
0.8028277,2,rgb_pca,0,1
0.7618393,2,rgb_pca,0,1
0.77232623,2,rgb_pca,0,1
0.8096039,2,rgb_pca,0,1
0.80286026,2,rgb_pca,0,1
0.8097434,2,rgb_pca,0,1
0.77960074,2,rgb_pca,0,1
0.79406583,2,rgb_pca,0,1
0.79639846,2,rgb_pca,0,1
0.7959738,2,rgb_pca,0,1
0.7742944,2,rgb_pca,0,1
0.7832967,2,rgb_pca,0,1
0.7831377,2,rgb_pca,0,1
0.77779394,2,rgb_pca,0,1
0.779256,2,rgb_pca,0,1
0.77913797,2,rgb_pca,0,1
0.76894045,2,rgb_pca,0,1
0.77135134,2,rgb_pca,0,1
0.7651687,2,rgb_pca,0,1
0.7443465,2,rgb_pca,0,1
0.70798814,2,rgb_pca,0,1
0.7309432,2,rgb_pca,0,1
0.78892815,2,rgb_pca,0,1
0.78046083,2,rgb_pca,0,1
0.78537476,2,rgb_pca,0,1
0.772732,2,rgb_pca,0,1
0.7694477,2,rgb_pca,0,1
0.7543906,2,rgb_pca,0,1
0.77197355,2,rgb_pca,0,1
0.75822455,2,rgb_pca,0,1
0.7641197,2,rgb_pca,0,1
0.7541947,2,rgb_pca,0,1
0.7133547,2,rgb_pca,0,1
0.66047347,2,rgb_pca,0,1
0.7012812,2,rgb_pca,0,1
0.78006816,2,rgb_pca,0,1
0.7800119,2,rgb_pca,0,1
0.7680694,2,rgb_pca,0,1
0.78927875,2,rgb_pca,0,1
0.79305893,2,rgb_pca,0,1
0.7760148,2,rgb_pca,0,1
0.7943346,2,rgb_pca,0,1
0.7976223,2,rgb_pca,0,1
0.79255116,2,rgb_pca,0,1
0.8001719,2,rgb_pca,0,1
0.7889637,2,rgb_pca,0,1
0.75817096,2,rgb_pca,0,1
0.7647121,2,rgb_pca,0,1
0.79828966,2,rgb_pca,0,1
0.7787837,2,rgb_pca,0,1
0.7773065,2,rgb_pca,0,1
0.7833878,2,rgb_pca,0,1
0.7584973,2,rgb_pca,0,1
0.77108794,2,rgb_pca,0,1
0.76188695,2,rgb_pca,0,1
0.7727686,2,rgb_pca,0,1
0.7895262,2,rgb_pca,0,1
0.8078576,2,rgb_pca,0,1
0.79963076,2,rgb_pca,0,1
0.809381,2,rgb_pca,0,1
0.80318034,2,rgb_pca,0,1
0.7908472,2,rgb_pca,0,1
0.7881824,2,rgb_pca,0,1
0.8102211,2,rgb_pca,0,1
0.7718501,2,rgb_pca,0,1
0.7935083,2,rgb_pca,0,1
0.7949487,2,rgb_pca,0,1
0.83651924,2,rgb_pca,0,1
0.749841,2,rgb_pca,0,1
0.80195713,2,rgb_pca,0,1
0.7869097,2,rgb_pca,0,1
0.8062162,2,rgb_pca,0,1
0.78444684,2,rgb_pca,0,1
0.7772041,2,rgb_pca,0,1
0.7815522,2,rgb_pca,0,1
0.80464077,2,rgb_pca,0,1
0.8110168,2,rgb_pca,0,1
0.7824013,2,rgb_pca,0,1
0.7872641,2,rgb_pca,0,1
0.758175,2,rgb_pca,0,1
0.7729649,2,rgb_pca,0,1
0.79488385,2,rgb_pca,0,1
0.8178276,2,rgb_pca,0,1
0.8116038,2,rgb_pca,0,1
0.7770516,2,rgb_pca,0,1
0.7729566,2,rgb_pca,0,1
0.79111433,2,rgb_pca,0,1
0.82017195,2,rgb_pca,0,1
0.82318085,2,rgb_pca,0,1
0.78525877,2,rgb_pca,0,1
0.76535493,2,rgb_pca,0,1
0.7519544,2,rgb_pca,0,1
0.75990313,2,rgb_pca,0,1
0.7693436,2,rgb_pca,0,1
0.74706364,2,rgb_pca,0,1
0.7905855,2,rgb_pca,0,1
0.80629176,2,rgb_pca,0,1
0.7757939,2,rgb_pca,0,1
0.7841637,2,rgb_pca,0,1
0.79493344,2,rgb_pca,0,1
0.7837323,2,rgb_pca,0,1
0.79552186,2,rgb_pca,0,1
0.781878,2,rgb_pca,0,1
0.7884145,2,rgb_pca,0,1
0.75868726,2,rgb_pca,0,1
0.79479873,2,rgb_pca,0,1
0.8127526,2,rgb_pca,0,1
0.7761712,2,rgb_pca,0,1
0.7796382,2,rgb_pca,0,1
0.8086537,2,rgb_pca,0,1
0.8020164,2,rgb_pca,0,1
0.7985704,2,rgb_pca,0,1
0.78339,2,rgb_pca,0,1
0.8167342,2,rgb_pca,0,1
0.82093835,2,rgb_pca,0,1
0.7852848,2,rgb_pca,0,1
0.7802751,2,rgb_pca,0,1
0.7825956,2,rgb_pca,0,1
0.79352945,2,rgb_pca,0,1
0.81385493,2,rgb_pca,0,1
0.8225496,2,rgb_pca,0,1
0.8574764,2,rgb_pca,0,1
0.83450305,2,rgb_pca,0,1
0.80416596,2,rgb_pca,0,1
0.8202393,2,rgb_pca,0,1
0.81057906,2,rgb_pca,0,1
0.8068948,2,rgb_pca,0,1
0.8330592,2,rgb_pca,0,1
0.8107089,2,rgb_pca,0,1
0.8082158,2,rgb_pca,0,1
0.8143065,2,rgb_pca,0,1
0.821362,2,rgb_pca,0,1
0.85220826,2,rgb_pca,0,1
0.8360442,2,rgb_pca,0,1
0.8246747,2,rgb_pca,0,1
0.8219126,2,rgb_pca,0,1
0.8091204,2,rgb_pca,0,1
0.8105155,2,rgb_pca,0,1
0.8190049,2,rgb_pca,0,1
0.8000455,2,rgb_pca,0,1
0.8202819,2,rgb_pca,0,1
0.8124,2,rgb_pca,0,1
0.7727161,2,rgb_pca,0,1
0.7830297,2,rgb_pca,0,1
0.7818901,2,rgb_pca,0,1
0.8034101,2,rgb_pca,0,1
0.8274534,2,rgb_pca,0,1
0.80189395,2,rgb_pca,0,1
0.7907022,2,rgb_pca,0,1
0.7697803,2,rgb_pca,0,1
0.7429319,2,rgb_pca,0,1
0.7624955,2,rgb_pca,0,1
0.77760315,2,rgb_pca,0,1
0.79351515,2,rgb_pca,0,1
0.7770375,2,rgb_pca,0,1
0.74182445,2,rgb_pca,0,1
0.7577787,2,rgb_pca,0,1
0.7764633,2,rgb_pca,0,1
0.80782056,2,rgb_pca,0,1
0.8225292,2,rgb_pca,0,1
0.8111696,2,rgb_pca,0,1
0.7982338,2,rgb_pca,0,1
0.7780293,2,rgb_pca,0,1
0.71763206,2,rgb_pca,0,1
0.74400395,2,rgb_pca,0,1
0.7607876,2,rgb_pca,0,1
0.7524615,2,rgb_pca,0,1
0.74710536,2,rgb_pca,0,1
0.736435,2,rgb_pca,0,1
0.7422851,2,rgb_pca,0,1
0.7390909,2,rgb_pca,0,1
0.78158927,2,rgb_pca,0,1
0.8314224,2,rgb_pca,0,1
0.81765395,2,rgb_pca,0,1
0.7993554,2,rgb_pca,0,1
0.7811053,2,rgb_pca,0,1
0.77286,2,rgb_pca,0,1
0.78632265,2,rgb_pca,0,1
0.8103196,2,rgb_pca,0,1
0.7773364,2,rgb_pca,0,1
0.7590569,2,rgb_pca,0,1
0.7585127,2,rgb_pca,0,1
0.749365,2,rgb_pca,0,1
0.7450769,2,rgb_pca,0,1
0.75003433,2,rgb_pca,0,1
0.74486965,2,rgb_pca,0,1
0.7593752,2,rgb_pca,0,1
0.80767775,2,rgb_pca,0,1
0.800647,2,rgb_pca,0,1
0.7854006,2,rgb_pca,0,1
0.76975673,2,rgb_pca,0,1
0.7711064,2,rgb_pca,0,1
0.7885169,2,rgb_pca,0,1
0.8035616,2,rgb_pca,0,1
0.7802451,2,rgb_pca,0,1
0.7704484,2,rgb_pca,0,1
0.75894296,7,rgb_pca,0,1
0.756585,7,rgb_pca,0,1
0.794277,7,rgb_pca,0,1
0.759962,7,rgb_pca,0,1
0.6916959,7,rgb_pca,0,1
0.7543448,7,rgb_pca,0,1
0.7513078,7,rgb_pca,0,1
0.78631246,7,rgb_pca,0,1
0.7812077,7,rgb_pca,0,1
0.7888346,7,rgb_pca,0,1
0.7373501,7,rgb_pca,0,1
0.7454911,7,rgb_pca,0,1
0.7206559,7,rgb_pca,0,1
0.75786084,7,rgb_pca,0,1
0.7787489,7,rgb_pca,0,1
0.763507,7,rgb_pca,0,1
0.7464181,7,rgb_pca,0,1
0.7701963,7,rgb_pca,0,1
0.80925417,7,rgb_pca,0,1
0.7927722,7,rgb_pca,0,1
0.7961198,7,rgb_pca,0,1
0.77082384,7,rgb_pca,0,1
0.7405306,7,rgb_pca,0,1
0.790682,7,rgb_pca,0,1
0.71945167,7,rgb_pca,0,1
0.72347045,7,rgb_pca,0,1
0.7686477,7,rgb_pca,0,1
0.78572714,7,rgb_pca,0,1
0.8055138,7,rgb_pca,0,1
0.7882332,7,rgb_pca,0,1
0.7981684,7,rgb_pca,0,1
0.82564956,7,rgb_pca,0,1
0.7999211,7,rgb_pca,0,1
0.7847321,7,rgb_pca,0,1
0.783223,7,rgb_pca,0,1
0.7331202,7,rgb_pca,0,1
0.7861634,7,rgb_pca,0,1
0.8312263,7,rgb_pca,0,1
0.82531214,7,rgb_pca,0,1
0.84598494,7,rgb_pca,0,1
0.8268702,7,rgb_pca,0,1
0.81487155,7,rgb_pca,0,1
0.8301208,7,rgb_pca,0,1
0.82403654,7,rgb_pca,0,1
0.84127903,7,rgb_pca,0,1
0.8247578,7,rgb_pca,0,1
0.81126106,7,rgb_pca,0,1
0.84675217,7,rgb_pca,0,1
0.80097884,7,rgb_pca,0,1
0.8318135,7,rgb_pca,0,1
0.7949608,7,rgb_pca,0,1
0.8196596,7,rgb_pca,0,1
0.8047099,7,rgb_pca,0,1
0.7936753,7,rgb_pca,0,1
0.82283366,7,rgb_pca,0,1
0.8238882,7,rgb_pca,0,1
0.80491847,7,rgb_pca,0,1
0.7960815,7,rgb_pca,0,1
0.8022517,7,rgb_pca,0,1
0.80573916,7,rgb_pca,0,1
0.8102319,7,rgb_pca,0,1
0.7722621,7,rgb_pca,0,1
0.75841874,7,rgb_pca,0,1
0.7929856,7,rgb_pca,0,1
0.76666427,7,rgb_pca,0,1
0.70158625,7,rgb_pca,0,1
0.7896848,7,rgb_pca,0,1
0.7736157,7,rgb_pca,0,1
0.792139,7,rgb_pca,0,1
0.77637196,7,rgb_pca,0,1
0.7429661,7,rgb_pca,0,1
0.72274846,7,rgb_pca,0,1
0.74429756,7,rgb_pca,0,1
0.7484746,7,rgb_pca,0,1
0.8016888,7,rgb_pca,0,1
0.8313221,7,rgb_pca,0,1
0.82339275,7,rgb_pca,0,1
0.7695277,7,rgb_pca,0,1
0.7770122,7,rgb_pca,0,1
0.8186531,7,rgb_pca,0,1
0.7735133,7,rgb_pca,0,1
0.76825583,7,rgb_pca,0,1
0.77718484,7,rgb_pca,0,1
0.7777807,7,rgb_pca,0,1
0.7611038,7,rgb_pca,0,1
0.7427492,7,rgb_pca,0,1
0.73010856,7,rgb_pca,0,1
0.7763554,7,rgb_pca,0,1
0.8000813,7,rgb_pca,0,1
0.8086636,7,rgb_pca,0,1
0.77822167,7,rgb_pca,0,1
0.7754857,7,rgb_pca,0,1
0.7975926,7,rgb_pca,0,1
0.7868375,7,rgb_pca,0,1
0.77134633,7,rgb_pca,0,1
0.79838884,7,rgb_pca,0,1
0.75257576,7,rgb_pca,0,1
0.7868175,7,rgb_pca,0,1
0.792761,7,rgb_pca,0,1
0.7601495,7,rgb_pca,0,1
0.7777597,7,rgb_pca,0,1
0.78088474,7,rgb_pca,0,1
0.75771606,7,rgb_pca,0,1
0.78153104,7,rgb_pca,0,1
0.79901683,7,rgb_pca,0,1
0.79524493,7,rgb_pca,0,1
0.77876854,7,rgb_pca,0,1
0.75491047,7,rgb_pca,0,1
0.81157124,7,rgb_pca,0,1
0.80491906,7,rgb_pca,0,1
0.82777196,7,rgb_pca,0,1
0.7977877,7,rgb_pca,0,1
0.7963531,7,rgb_pca,0,1
0.7622398,7,rgb_pca,0,1
0.7320468,7,rgb_pca,0,1
0.80091375,7,rgb_pca,0,1
0.82430315,7,rgb_pca,0,1
0.7967944,7,rgb_pca,0,1
0.775411,7,rgb_pca,0,1
0.7666889,7,rgb_pca,0,1
0.7561624,7,rgb_pca,0,1
0.79061615,7,rgb_pca,0,1
0.78935856,2,rgb_pca,0,1
0.7945138,2,rgb_pca,0,1
0.7937131,2,rgb_pca,0,1
0.76776683,2,rgb_pca,0,1
0.82084554,2,rgb_pca,0,1
0.7317729,2,rgb_pca,0,1
0.78416026,2,rgb_pca,0,1
0.77098966,2,rgb_pca,0,1
0.7431867,2,rgb_pca,0,1
0.75358236,2,rgb_pca,0,1
0.74628615,2,rgb_pca,0,1
0.73562616,2,rgb_pca,0,1
0.72920656,2,rgb_pca,0,1
0.77895963,2,rgb_pca,0,1
0.7928366,2,rgb_pca,0,1
0.76398456,2,rgb_pca,0,1
0.76680565,2,rgb_pca,0,1
0.7294787,2,rgb_pca,0,1
0.70295346,2,rgb_pca,0,1
0.714384,2,rgb_pca,0,1
0.71425223,2,rgb_pca,0,1
0.71166193,2,rgb_pca,0,1
0.746965,2,rgb_pca,0,1
0.75499266,2,rgb_pca,0,1
0.73375815,2,rgb_pca,0,1
0.81583047,2,rgb_pca,0,1
0.75496733,2,rgb_pca,0,1
0.7800324,2,rgb_pca,0,1
0.7652643,2,rgb_pca,0,1
0.76602393,2,rgb_pca,0,1
0.8264647,2,rgb_pca,0,1
0.831246,2,rgb_pca,0,1
0.79825854,2,rgb_pca,0,1
0.78212225,2,rgb_pca,0,1
0.7574891,2,rgb_pca,0,1
0.7909633,2,rgb_pca,0,1
0.79273295,2,rgb_pca,0,1
0.76177496,2,rgb_pca,0,1
0.8533511,2,rgb_pca,0,1
0.8431145,2,rgb_pca,0,1
0.7994037,2,rgb_pca,0,1
0.8176687,2,rgb_pca,0,1
0.80676234,2,rgb_pca,0,1
0.8221334,2,rgb_pca,0,1
0.8020786,2,rgb_pca,0,1
0.82171464,2,rgb_pca,0,1
0.7965462,2,rgb_pca,0,1
0.7842405,2,rgb_pca,0,1
0.8461019,2,rgb_pca,0,1
0.82038224,2,rgb_pca,0,1
0.8318909,2,rgb_pca,0,1
0.8322226,2,rgb_pca,0,1
0.8043803,2,rgb_pca,0,1
0.82199544,2,rgb_pca,0,1
0.7849106,2,rgb_pca,0,1
0.7749758,2,rgb_pca,0,1
0.83265686,2,rgb_pca,0,1
0.83252096,2,rgb_pca,0,1
0.80371404,2,rgb_pca,0,1
0.8247075,2,rgb_pca,0,1
0.8167558,2,rgb_pca,0,1
0.83934194,2,rgb_pca,0,1
0.8033192,2,rgb_pca,0,1
0.7609817,2,rgb_pca,0,1
0.8311548,2,rgb_pca,0,1
0.8402275,2,rgb_pca,0,1
0.80316186,2,rgb_pca,0,1
0.81218743,2,rgb_pca,0,1
0.8271949,2,rgb_pca,0,1
0.81918544,2,rgb_pca,0,1
0.81528264,2,rgb_pca,0,1
0.8369517,2,rgb_pca,0,1
0.86254275,2,rgb_pca,0,1
0.847213,2,rgb_pca,0,1
0.81400305,2,rgb_pca,0,1
0.8595734,2,rgb_pca,0,1
0.835397,2,rgb_pca,0,1
0.8048535,2,rgb_pca,0,1
0.80573916,2,rgb_pca,0,1
0.81664836,2,rgb_pca,0,1
0.788975,2,rgb_pca,0,1
0.78841835,2,rgb_pca,0,1
0.81495345,2,rgb_pca,0,1
0.8105479,2,rgb_pca,0,1
0.80774885,2,rgb_pca,0,1
0.832551,2,rgb_pca,0,1
0.84333545,2,rgb_pca,0,1
0.83506024,2,rgb_pca,0,1
0.82462966,2,rgb_pca,0,1
0.8192815,2,rgb_pca,0,1
0.7717006,2,rgb_pca,0,1
0.7522181,2,rgb_pca,0,1
0.80632603,2,rgb_pca,0,1
0.7898871,2,rgb_pca,0,1
0.77833056,2,rgb_pca,0,1
0.79809314,2,rgb_pca,0,1
0.8008766,2,rgb_pca,0,1
0.80128455,2,rgb_pca,0,1
0.8311815,2,rgb_pca,0,1
0.848018,2,rgb_pca,0,1
0.84886485,2,rgb_pca,0,1
0.8501369,2,rgb_pca,0,1
0.7980652,2,rgb_pca,0,1
0.7443188,2,rgb_pca,0,1
0.7808997,2,rgb_pca,0,1
0.80689675,2,rgb_pca,0,1
0.8263487,2,rgb_pca,0,1
0.81574756,2,rgb_pca,0,1
0.8290844,2,rgb_pca,0,1
0.8194023,2,rgb_pca,0,1
0.8339747,2,rgb_pca,0,1
0.8530155,2,rgb_pca,0,1
0.8700436,2,rgb_pca,0,1
0.8669257,2,rgb_pca,0,1
0.8791753,2,rgb_pca,0,1
0.87101734,2,rgb_pca,0,1
0.84251535,2,rgb_pca,0,1
0.8481918,2,rgb_pca,0,1
0.85378206,2,rgb_pca,0,1
0.77127004,2,rgb_pca,0,1
0.80792594,2,rgb_pca,0,1
0.8104974,2,rgb_pca,0,1
0.8096764,2,rgb_pca,0,1
0.8107594,2,rgb_pca,0,1
0.81836975,2,rgb_pca,0,1
0.8305001,2,rgb_pca,0,1
0.8395706,2,rgb_pca,0,1
0.85228765,2,rgb_pca,0,1
0.86337477,2,rgb_pca,0,1
0.862723,2,rgb_pca,0,1
0.8520659,2,rgb_pca,0,1
0.8340376,2,rgb_pca,0,1
0.82823575,2,rgb_pca,0,1
0.81738865,2,rgb_pca,0,1
0.74664634,2,rgb_pca,0,1
0.7976623,2,rgb_pca,0,1
0.8446436,2,rgb_pca,0,1
0.8333454,2,rgb_pca,0,1
0.8325441,2,rgb_pca,0,1
0.83593,2,rgb_pca,0,1
0.8293172,2,rgb_pca,0,1
0.84618264,2,rgb_pca,0,1
0.85965276,2,rgb_pca,0,1
0.85054743,2,rgb_pca,0,1
0.87997025,2,rgb_pca,0,1
0.8627987,2,rgb_pca,0,1
0.85684335,2,rgb_pca,0,1
0.8514093,2,rgb_pca,0,1
0.85878175,2,rgb_pca,0,1
0.7887351,2,rgb_pca,0,1
0.8046707,2,rgb_pca,0,1
0.785896,2,rgb_pca,0,1
0.8133945,2,rgb_pca,0,1
0.79760075,2,rgb_pca,0,1
0.7542515,2,rgb_pca,0,1
0.72125626,2,rgb_pca,0,1
0.7456726,2,rgb_pca,0,1
0.7609585,2,rgb_pca,0,1
0.76171696,2,rgb_pca,0,1
0.74967617,2,rgb_pca,0,1
0.72819346,2,rgb_pca,0,1
0.7201396,2,rgb_pca,0,1
0.72048473,2,rgb_pca,0,1
0.7507581,2,rgb_pca,0,1
0.80673206,2,rgb_pca,0,1
0.7144053,2,rgb_pca,0,1
0.74089265,2,rgb_pca,0,1
0.792535,2,rgb_pca,0,1
0.7790379,2,rgb_pca,0,1
0.74920607,2,rgb_pca,0,1
0.7194749,2,rgb_pca,0,1
0.71441364,2,rgb_pca,0,1
0.7523083,2,rgb_pca,0,1
0.7728082,2,rgb_pca,0,1
0.79667825,2,rgb_pca,0,1
0.7801579,2,rgb_pca,0,1
0.7335159,2,rgb_pca,0,1
0.69496405,2,rgb_pca,0,1
0.72519165,2,rgb_pca,0,1
0.7417811,2,rgb_pca,0,1
0.7609829,2,rgb_pca,0,1
0.7340536,2,rgb_pca,0,1
0.7965567,2,rgb_pca,0,1
0.76718575,2,rgb_pca,0,1
0.79632974,2,rgb_pca,0,1
0.79617625,2,rgb_pca,0,1
0.765552,2,rgb_pca,0,1
0.80304635,2,rgb_pca,0,1
0.79665184,2,rgb_pca,0,1
0.79582864,2,rgb_pca,0,1
0.76904434,2,rgb_pca,0,1
0.7874398,2,rgb_pca,0,1
0.83056164,2,rgb_pca,0,1
0.82652014,2,rgb_pca,0,1
0.7938986,2,rgb_pca,0,1
0.82347846,2,rgb_pca,0,1
0.8088783,2,rgb_pca,0,1
0.79474926,2,rgb_pca,0,1
0.82409,2,rgb_pca,0,1
0.7837651,2,rgb_pca,0,1
0.77070224,2,rgb_pca,0,1
0.8038782,2,rgb_pca,0,1
0.84213,2,rgb_pca,0,1
0.8363191,2,rgb_pca,0,1
0.79044366,2,rgb_pca,0,1
0.8267922,2,rgb_pca,0,1
0.838927,2,rgb_pca,0,1
0.8092215,2,rgb_pca,0,1
0.79849976,2,rgb_pca,0,1
0.7915069,2,rgb_pca,0,1
0.8374631,2,rgb_pca,0,1
0.83548665,2,rgb_pca,0,1
0.7983718,2,rgb_pca,0,1
0.8142854,2,rgb_pca,0,1
0.80324066,2,rgb_pca,0,1
0.7618937,2,rgb_pca,0,1
0.8232316,2,rgb_pca,0,1
0.8075951,2,rgb_pca,0,1
0.8377814,2,rgb_pca,0,1
0.83523226,2,rgb_pca,0,1
0.79492354,2,rgb_pca,0,1
0.81041706,2,rgb_pca,0,1
0.807641,2,rgb_pca,0,1
0.77945054,2,rgb_pca,0,1
0.78306913,2,rgb_pca,0,1
0.8275032,2,rgb_pca,0,1
0.81551814,2,rgb_pca,0,1
0.8209039,2,rgb_pca,0,1
0.81185246,2,rgb_pca,0,1
0.84835637,2,rgb_pca,0,1
0.8421276,2,rgb_pca,0,1
0.80461335,2,rgb_pca,0,1
0.84099406,2,rgb_pca,0,1
0.8027195,2,rgb_pca,0,1
0.8010396,2,rgb_pca,0,1
0.8137098,2,rgb_pca,0,1
0.8309758,2,rgb_pca,0,1
0.7920007,2,rgb_pca,0,1
0.78496474,2,rgb_pca,0,1
0.7762432,2,rgb_pca,0,1
0.78354156,2,rgb_pca,0,1
0.79566944,2,rgb_pca,0,1
0.8325152,2,rgb_pca,0,1
0.82209337,2,rgb_pca,0,1
0.7990573,2,rgb_pca,0,1
0.8300225,2,rgb_pca,0,1
0.8052347,2,rgb_pca,0,1
0.7705471,2,rgb_pca,0,1
0.77780205,2,rgb_pca,0,1
0.7810645,2,rgb_pca,0,1
0.79743785,2,rgb_pca,0,1
0.8010986,2,rgb_pca,0,1
0.7780608,2,rgb_pca,0,1
0.78330547,2,rgb_pca,0,1
0.7708668,2,rgb_pca,0,1
0.82049096,2,rgb_pca,0,1
0.8273194,2,rgb_pca,0,1
0.82636553,2,rgb_pca,0,1
0.8511821,2,rgb_pca,0,1
0.8048954,2,rgb_pca,0,1
0.780889,2,rgb_pca,0,1
0.7921898,2,rgb_pca,0,1
0.76982504,2,rgb_pca,0,1
0.814102,2,rgb_pca,0,1
0.7980633,2,rgb_pca,0,1
0.79748535,2,rgb_pca,0,1
0.7856031,2,rgb_pca,0,1
0.7435636,2,rgb_pca,0,1
0.7688796,2,rgb_pca,0,1
0.81900275,2,rgb_pca,0,1
0.82668555,2,rgb_pca,0,1
0.851172,2,rgb_pca,0,1
0.8358257,2,rgb_pca,0,1
0.8221929,2,rgb_pca,0,1
0.8364179,2,rgb_pca,0,1
0.82189167,2,rgb_pca,0,1
0.8244632,2,rgb_pca,0,1
0.81498945,2,rgb_pca,0,1
0.8245528,2,rgb_pca,0,1
0.7926712,2,rgb_pca,0,1
0.7751198,2,rgb_pca,0,1
0.780635,2,rgb_pca,0,1
0.7501592,2,rgb_pca,0,1
0.77666163,2,rgb_pca,0,1
0.82372165,2,rgb_pca,0,1
0.83458465,2,rgb_pca,0,1
0.847165,2,rgb_pca,0,1
0.8444196,2,rgb_pca,0,1
0.84217525,2,rgb_pca,0,1
0.8395848,2,rgb_pca,0,1
0.8148204,2,rgb_pca,0,1
0.78326297,2,rgb_pca,0,1
0.8014163,2,rgb_pca,0,1
0.82518446,2,rgb_pca,0,1
0.8275459,2,rgb_pca,0,1
0.8095896,2,rgb_pca,0,1
0.8123704,2,rgb_pca,0,1
0.81260574,2,rgb_pca,0,1
0.82188296,2,rgb_pca,0,1
0.8195094,2,rgb_pca,0,1
0.8193544,2,rgb_pca,0,1
0.87161505,2,rgb_pca,0,1
0.8723525,2,rgb_pca,0,1
0.8609786,2,rgb_pca,0,1
0.8394121,2,rgb_pca,0,1
0.82405806,2,rgb_pca,0,1
0.80297565,2,rgb_pca,0,1
0.79031515,2,rgb_pca,0,1
0.8039669,2,rgb_pca,0,1
0.79156864,2,rgb_pca,0,1
0.7918171,2,rgb_pca,0,1
0.80259776,2,rgb_pca,0,1
0.78924775,2,rgb_pca,0,1
0.75508744,2,rgb_pca,0,1
0.74496937,2,rgb_pca,0,1
0.7460968,2,rgb_pca,0,1
0.75106204,2,rgb_pca,0,1
0.75582844,2,rgb_pca,0,1
0.73184985,2,rgb_pca,0,1
0.72045296,2,rgb_pca,0,1
0.7414024,7,rgb_pca,0,1
0.7336948,7,rgb_pca,0,1
0.79151195,7,rgb_pca,0,1
0.77930236,7,rgb_pca,0,1
0.71952796,7,rgb_pca,0,1
0.74928653,7,rgb_pca,0,1
0.7387854,7,rgb_pca,0,1
0.7978822,7,rgb_pca,0,1
0.77267116,7,rgb_pca,0,1
0.72719157,7,rgb_pca,0,1
0.6940235,7,rgb_pca,0,1
0.71000123,7,rgb_pca,0,1
0.7278886,7,rgb_pca,0,1
0.7599796,7,rgb_pca,0,1
0.7735432,7,rgb_pca,0,1
0.776963,7,rgb_pca,0,1
0.7931696,7,rgb_pca,0,1
0.783326,7,rgb_pca,0,1
0.79572225,7,rgb_pca,0,1
0.7739137,7,rgb_pca,0,1
0.7626007,7,rgb_pca,0,1
0.75056946,7,rgb_pca,0,1
0.77256304,7,rgb_pca,0,1
0.7579962,7,rgb_pca,0,1
0.75048345,7,rgb_pca,0,1
0.7422515,7,rgb_pca,0,1
0.7845314,7,rgb_pca,0,1
0.7941593,7,rgb_pca,0,1
0.82056034,7,rgb_pca,0,1
0.8121727,7,rgb_pca,0,1
0.79840934,7,rgb_pca,0,1
0.82238424,7,rgb_pca,0,1
0.7928338,7,rgb_pca,0,1
0.77862126,7,rgb_pca,0,1
0.79679185,7,rgb_pca,0,1
0.78929484,7,rgb_pca,0,1
0.8290105,7,rgb_pca,0,1
0.82635176,7,rgb_pca,0,1
0.8174665,7,rgb_pca,0,1
0.8543093,7,rgb_pca,0,1
0.8321792,7,rgb_pca,0,1
0.8094174,7,rgb_pca,0,1
0.8004083,7,rgb_pca,0,1
0.81563485,7,rgb_pca,0,1
0.84433466,7,rgb_pca,0,1
0.83881056,7,rgb_pca,0,1
0.82370675,7,rgb_pca,0,1
0.8219545,7,rgb_pca,0,1
0.84578633,7,rgb_pca,0,1
0.86544,7,rgb_pca,0,1
0.8208205,7,rgb_pca,0,1
0.81983083,7,rgb_pca,0,1
0.83558774,7,rgb_pca,0,1
0.8327131,7,rgb_pca,0,1
0.8117037,7,rgb_pca,0,1
0.8582136,7,rgb_pca,0,1
0.8171343,7,rgb_pca,0,1
0.8136815,7,rgb_pca,0,1
0.8339731,7,rgb_pca,0,1
0.83618724,7,rgb_pca,0,1
0.82054794,7,rgb_pca,0,1
0.86189926,7,rgb_pca,0,1
0.8572942,7,rgb_pca,0,1
0.86848354,7,rgb_pca,0,1
0.8602526,7,rgb_pca,0,1
0.87975323,7,rgb_pca,0,1
0.8201717,7,rgb_pca,0,1
0.82321334,7,rgb_pca,0,1
0.82114065,7,rgb_pca,0,1
0.82622665,7,rgb_pca,0,1
0.82754314,7,rgb_pca,0,1
0.733201,7,rgb_pca,0,1
0.74625576,7,rgb_pca,0,1
0.78601116,7,rgb_pca,0,1
0.79399645,7,rgb_pca,0,1
0.82747376,7,rgb_pca,0,1
0.7145102,7,rgb_pca,0,1
0.70807165,7,rgb_pca,0,1
0.7377829,7,rgb_pca,0,1
0.72403663,7,rgb_pca,0,1
0.6765827,7,rgb_pca,0,1
0.7082361,7,rgb_pca,0,1
0.7222072,7,rgb_pca,0,1
0.76821494,7,rgb_pca,0,1
0.76847166,7,rgb_pca,0,1
0.751602,7,rgb_pca,0,1
0.7145312,7,rgb_pca,0,1
0.7457911,7,rgb_pca,0,1
0.7466444,7,rgb_pca,0,1
0.77538645,7,rgb_pca,0,1
0.77961344,7,rgb_pca,0,1
0.76792073,7,rgb_pca,0,1
0.76575494,7,rgb_pca,0,1
0.76762676,7,rgb_pca,0,1
0.8100765,7,rgb_pca,0,1
0.8019259,7,rgb_pca,0,1
0.8058092,7,rgb_pca,0,1
0.7824329,7,rgb_pca,0,1
0.7720113,7,rgb_pca,0,1
0.7749255,7,rgb_pca,0,1
0.71130943,7,rgb_pca,0,1
0.7186394,7,rgb_pca,0,1
0.74334925,7,rgb_pca,0,1
0.7691602,7,rgb_pca,0,1
0.7812197,7,rgb_pca,0,1
0.7670393,7,rgb_pca,0,1
0.7681714,7,rgb_pca,0,1
0.8195183,7,rgb_pca,0,1
0.79758406,7,rgb_pca,0,1
0.8015883,7,rgb_pca,0,1
0.8118482,7,rgb_pca,0,1
0.76935804,7,rgb_pca,0,1
0.7958261,7,rgb_pca,0,1
0.79013646,7,rgb_pca,0,1
0.7929305,7,rgb_pca,0,1
0.8043417,7,rgb_pca,0,1
0.8177801,7,rgb_pca,0,1
0.7991995,7,rgb_pca,0,1
0.8183195,7,rgb_pca,0,1
0.81042635,7,rgb_pca,0,1
0.82763195,7,rgb_pca,0,1
0.82112765,7,rgb_pca,0,1
0.81466633,7,rgb_pca,0,1
0.8322315,7,rgb_pca,0,1
0.7839512,7,rgb_pca,0,1
0.79249525,7,rgb_pca,0,1
0.8198463,7,rgb_pca,0,1
0.81546974,7,rgb_pca,0,1
0.80890954,7,rgb_pca,0,1
0.79247665,7,rgb_pca,0,1
0.79865706,7,rgb_pca,0,1
0.7923895,7,rgb_pca,0,1
0.8132348,7,rgb_pca,0,1
0.8144121,7,rgb_pca,0,1
0.80272853,7,rgb_pca,0,1
0.79287195,7,rgb_pca,0,1
0.7801983,7,rgb_pca,0,1
0.8212217,7,rgb_pca,0,1
0.8287016,7,rgb_pca,0,1
0.81807375,7,rgb_pca,0,1
0.7941505,7,rgb_pca,0,1
0.81342506,7,rgb_pca,0,1
0.81551397,7,rgb_pca,0,1
0.8042182,7,rgb_pca,0,1
0.76250577,7,rgb_pca,0,1
0.7431147,7,rgb_pca,0,1
0.7506892,7,rgb_pca,0,1
0.7902522,7,rgb_pca,0,1
0.7824963,7,rgb_pca,0,1
0.7589538,7,rgb_pca,0,1
0.745026,7,rgb_pca,0,1
0.74526536,7,rgb_pca,0,1
0.75463957,2,rgb_pca,0,1
0.75779164,2,rgb_pca,0,1
0.7617898,2,rgb_pca,0,1
0.75683373,2,rgb_pca,0,1
0.7524993,2,rgb_pca,0,1
0.7821854,2,rgb_pca,0,1
0.82989454,2,rgb_pca,0,1
0.82529926,2,rgb_pca,0,1
0.86505526,2,rgb_pca,0,1
0.85865456,2,rgb_pca,0,1
0.8432973,2,rgb_pca,0,1
0.83840126,2,rgb_pca,0,1
0.79927766,2,rgb_pca,0,1
0.7447373,2,rgb_pca,0,1
0.7300161,2,rgb_pca,0,1
0.79001623,2,rgb_pca,0,1
0.78568923,2,rgb_pca,0,1
0.7936766,2,rgb_pca,0,1
0.7417767,2,rgb_pca,0,1
0.6997174,2,rgb_pca,0,1
0.6977217,2,rgb_pca,0,1
0.7645275,2,rgb_pca,0,1
0.7645547,2,rgb_pca,0,1
0.74194753,2,rgb_pca,0,1
0.7254073,2,rgb_pca,0,1
0.7280673,2,rgb_pca,0,1
0.73755145,2,rgb_pca,0,1
0.79021776,2,rgb_pca,0,1
0.7657447,2,rgb_pca,0,1
0.75921273,2,rgb_pca,0,1
0.75113904,2,rgb_pca,0,1
0.77622473,2,rgb_pca,0,1
0.766415,2,rgb_pca,0,1
0.7743734,2,rgb_pca,0,1
0.79067636,2,rgb_pca,0,1
0.81731296,2,rgb_pca,0,1
0.82274836,2,rgb_pca,0,1
0.7803242,2,rgb_pca,0,1
0.76596826,2,rgb_pca,0,1
0.7652662,2,rgb_pca,0,1
0.7447621,2,rgb_pca,0,1
0.7352513,2,rgb_pca,0,1
0.75749755,2,rgb_pca,0,1
0.7855412,2,rgb_pca,0,1
0.8027793,2,rgb_pca,0,1
0.7530926,2,rgb_pca,0,1
0.7301394,2,rgb_pca,0,1
0.6931806,2,rgb_pca,0,1
0.7230022,2,rgb_pca,0,1
0.7274309,2,rgb_pca,0,1
0.7481731,2,rgb_pca,0,1
0.7201019,2,rgb_pca,0,1
0.726125,2,rgb_pca,0,1
0.7098471,2,rgb_pca,0,1
0.7771207,7,rgb_pca,0,1
0.77046746,7,rgb_pca,0,1
0.7923875,7,rgb_pca,0,1
0.7963104,7,rgb_pca,0,1
0.8280921,7,rgb_pca,0,1
0.7919401,7,rgb_pca,0,1
0.7890645,7,rgb_pca,0,1
0.79679155,7,rgb_pca,0,1
0.7944931,7,rgb_pca,0,1
0.793892,7,rgb_pca,0,1
0.77782357,7,rgb_pca,0,1
0.7938286,7,rgb_pca,0,1
0.7929963,7,rgb_pca,0,1
0.78117263,7,rgb_pca,0,1
0.8000845,7,rgb_pca,0,1
0.7686395,7,rgb_pca,0,1
0.7851428,7,rgb_pca,0,1
0.77643675,7,rgb_pca,0,1
0.77260876,7,rgb_pca,0,1
0.81392086,7,rgb_pca,0,1
0.7596569,7,rgb_pca,0,1
0.77303684,7,rgb_pca,0,1
0.77834,7,rgb_pca,0,1
0.7693718,7,rgb_pca,0,1
0.7899059,7,rgb_pca,0,1
0.73364985,7,rgb_pca,0,1
0.76348925,7,rgb_pca,0,1
0.7466165,7,rgb_pca,0,1
0.7518556,7,rgb_pca,0,1
0.81065446,7,rgb_pca,0,1
0.7857994,7,rgb_pca,0,1
0.76804984,7,rgb_pca,0,1
0.8121518,7,rgb_pca,0,1
0.7824007,7,rgb_pca,0,1
0.7868329,7,rgb_pca,0,1
0.82474434,7,rgb_pca,0,1
0.8331498,7,rgb_pca,0,1
0.79917216,7,rgb_pca,0,1
0.8138583,7,rgb_pca,0,1
0.8296582,7,rgb_pca,0,1
0.8529086,7,rgb_pca,0,1
0.8592566,7,rgb_pca,0,1
0.837,7,rgb_pca,0,1
0.8569139,7,rgb_pca,0,1
0.84896916,7,rgb_pca,0,1
0.8203584,7,rgb_pca,0,1
0.8188352,7,rgb_pca,0,1
0.84788936,7,rgb_pca,0,1
0.8517194,7,rgb_pca,0,1
0.8753574,7,rgb_pca,0,1
0.8918154,7,rgb_pca,0,1
0.8927453,7,rgb_pca,0,1
0.849035,7,rgb_pca,0,1
0.8527483,7,rgb_pca,0,1
0.87681246,7,rgb_pca,0,1
0.89253294,7,rgb_pca,0,1
0.8451493,7,rgb_pca,0,1
0.8450128,7,rgb_pca,0,1
0.84194416,7,rgb_pca,0,1
0.82052994,7,rgb_pca,0,1
0.8157764,7,rgb_pca,0,1
0.80660534,7,rgb_pca,0,1
0.8414891,7,rgb_pca,0,1
0.81497824,7,rgb_pca,0,1
0.818117,7,rgb_pca,0,1
0.793774,7,rgb_pca,0,1
0.7886274,7,rgb_pca,0,1
0.7966538,7,rgb_pca,0,1
0.8084217,7,rgb_pca,0,1
0.8116829,7,rgb_pca,0,1
0.8090637,7,rgb_pca,0,1
0.85075325,7,rgb_pca,0,1
0.8304368,7,rgb_pca,0,1
0.8450307,7,rgb_pca,0,1
0.86639607,7,rgb_pca,0,1
0.8658698,7,rgb_pca,0,1
0.83145255,7,rgb_pca,0,1
0.84463966,7,rgb_pca,0,1
0.8443341,7,rgb_pca,0,1
0.8280393,7,rgb_pca,0,1
0.8451754,7,rgb_pca,0,1
0.87082076,7,rgb_pca,0,1
0.8899905,7,rgb_pca,0,1
0.87246054,7,rgb_pca,0,1
0.84682274,7,rgb_pca,0,1
0.8345279,7,rgb_pca,0,1
0.85307217,7,rgb_pca,0,1
0.8509157,7,rgb_pca,0,1
0.8966744,7,rgb_pca,0,1
0.91748786,7,rgb_pca,0,1
0.91386807,7,rgb_pca,0,1
0.8876277,7,rgb_pca,0,1
0.8827629,7,rgb_pca,0,1
0.88491535,7,rgb_pca,0,1
0.8856978,7,rgb_pca,0,1
0.84028333,7,rgb_pca,0,1
0.85277444,7,rgb_pca,0,1
0.85469514,7,rgb_pca,0,1
0.87236965,7,rgb_pca,0,1
0.8564013,7,rgb_pca,0,1
0.8546195,7,rgb_pca,0,1
0.84833694,7,rgb_pca,0,1
0.82501185,7,rgb_pca,0,1
0.8278236,7,rgb_pca,0,1
0.8336679,7,rgb_pca,0,1
0.8229464,7,rgb_pca,0,1
0.83055043,7,rgb_pca,0,1
0.83218414,7,rgb_pca,0,1
0.63773924,8,rgb_pca,0,1
0.6726589,8,rgb_pca,0,1
0.6838318,8,rgb_pca,0,1
0.6363499,8,rgb_pca,0,1
0.7905777,8,rgb_pca,0,1
0.74725014,8,rgb_pca,0,1
0.64582413,8,rgb_pca,0,1
0.63236135,8,rgb_pca,0,1
0.7076061,8,rgb_pca,0,1
0.7351161,8,rgb_pca,0,1
0.6997329,8,rgb_pca,0,1
0.6514014,8,rgb_pca,0,1
0.6332079,8,rgb_pca,0,1
0.63640416,8,rgb_pca,0,1
0.68367577,8,rgb_pca,0,1
0.71411943,8,rgb_pca,0,1
0.67622554,8,rgb_pca,0,1
0.7360434,8,rgb_pca,0,1
0.7505895,8,rgb_pca,0,1
0.6864918,8,rgb_pca,0,1
0.67346853,8,rgb_pca,0,1
0.6826142,8,rgb_pca,0,1
0.7078484,8,rgb_pca,0,1
0.68396354,8,rgb_pca,0,1
0.69875336,8,rgb_pca,0,1
0.73551965,8,rgb_pca,0,1
0.6172457,8,rgb_pca,0,1
0.67742604,8,rgb_pca,0,1
0.7010565,8,rgb_pca,0,1
0.66173977,8,rgb_pca,0,1
0.6560323,8,rgb_pca,0,1
0.6256934,8,rgb_pca,0,1
0.63229203,8,rgb_pca,0,1
0.6438279,8,rgb_pca,0,1
0.65860164,8,rgb_pca,0,1
0.67640424,8,rgb_pca,0,1
0.54189134,8,rgb_pca,0,1
0.6014323,8,rgb_pca,0,1
0.61912966,8,rgb_pca,0,1
0.6358041,8,rgb_pca,0,1
0.74211085,8,rgb_pca,0,1
0.6976197,8,rgb_pca,0,1
0.67053574,8,rgb_pca,0,1
0.65696144,8,rgb_pca,0,1
0.6541645,8,rgb_pca,0,1
0.66635484,8,rgb_pca,0,1
0.67519736,8,rgb_pca,0,1
0.5794915,8,rgb_pca,0,1
0.67895967,8,rgb_pca,0,1
0.67243695,8,rgb_pca,0,1
0.69388247,8,rgb_pca,0,1
0.7655897,8,rgb_pca,0,1
0.7288006,8,rgb_pca,0,1
0.68671596,8,rgb_pca,0,1
0.6590899,8,rgb_pca,0,1
0.6432976,8,rgb_pca,0,1
0.6414031,8,rgb_pca,0,1
0.6246363,8,rgb_pca,0,1
0.6365404,8,rgb_pca,0,1
0.71018904,8,rgb_pca,0,1
0.7185491,8,rgb_pca,0,1
0.7342095,8,rgb_pca,0,1
0.7749521,8,rgb_pca,0,1
0.74373794,8,rgb_pca,0,1
0.6704468,8,rgb_pca,0,1
0.6194607,8,rgb_pca,0,1
0.7134937,8,rgb_pca,0,1
0.7144667,8,rgb_pca,0,1
0.7379553,8,rgb_pca,0,1
0.79087245,8,rgb_pca,0,1
0.7893038,8,rgb_pca,0,1
0.7322961,8,rgb_pca,0,1
0.73767364,8,rgb_pca,0,1
0.688566,8,rgb_pca,0,1
0.6544098,8,rgb_pca,0,1
0.6642209,8,rgb_pca,0,1
0.74701613,8,rgb_pca,0,1
0.7619053,8,rgb_pca,0,1
0.693086,8,rgb_pca,0,1
0.6605041,8,rgb_pca,0,1
0.69667095,8,rgb_pca,0,1
0.71097666,8,rgb_pca,0,1
0.7364478,8,rgb_pca,0,1
0.741601,8,rgb_pca,0,1
0.6657935,8,rgb_pca,0,1
0.7178153,8,rgb_pca,0,1
0.756765,8,rgb_pca,0,1
0.6871356,8,rgb_pca,0,1
0.64159644,8,rgb_pca,0,1
0.657001,8,rgb_pca,0,1
0.69157404,8,rgb_pca,0,1
0.72634995,8,rgb_pca,0,1
0.7393197,8,rgb_pca,0,1
0.75353193,8,rgb_pca,0,1
0.63893163,8,rgb_pca,0,1
0.6439096,8,rgb_pca,0,1
0.6673424,8,rgb_pca,0,1
0.66744494,8,rgb_pca,0,1
0.6609774,8,rgb_pca,0,1
0.7063724,8,rgb_pca,0,1
0.72033817,8,rgb_pca,0,1
0.7059555,8,rgb_pca,0,1
0.68098104,8,rgb_pca,0,1
0.6582993,8,rgb_pca,0,1
0.71570385,8,rgb_pca,0,1
0.6698439,8,rgb_pca,0,1
0.68406886,8,rgb_pca,0,1
0.76707864,8,rgb_pca,0,1
0.7545978,8,rgb_pca,0,1
0.7234442,8,rgb_pca,0,1
0.7281014,8,rgb_pca,0,1
0.7367204,8,rgb_pca,0,1
0.7412592,8,rgb_pca,0,1
0.6924603,8,rgb_pca,0,1
0.78716063,8,rgb_pca,0,1
0.7583946,8,rgb_pca,0,1
0.6863075,8,rgb_pca,0,1
0.76293105,8,rgb_pca,0,1
0.7088035,8,rgb_pca,0,1
0.66438115,8,rgb_pca,0,1
0.66174424,8,rgb_pca,0,1
0.6972716,8,rgb_pca,0,1
0.6989864,8,rgb_pca,0,1
0.66299033,8,rgb_pca,0,1
0.81087774,8,rgb_pca,0,1
0.7576741,8,rgb_pca,0,1
0.6482748,8,rgb_pca,0,1
0.70152533,8,rgb_pca,0,1
0.67368096,8,rgb_pca,0,1
0.6439638,8,rgb_pca,0,1
0.80046743,8,rgb_pca,0,1
0.7471263,8,rgb_pca,0,1
0.61626786,8,rgb_pca,0,1
0.6962973,8,rgb_pca,0,1
0.73222166,8,rgb_pca,0,1
0.7187487,8,rgb_pca,0,1
0.8315029,7,rgb_pca,0,1
0.81704074,7,rgb_pca,0,1
0.832091,7,rgb_pca,0,1
0.79905254,7,rgb_pca,0,1
0.8289151,7,rgb_pca,0,1
0.84959286,7,rgb_pca,0,1
0.8354806,7,rgb_pca,0,1
0.80798167,7,rgb_pca,0,1
0.8382838,7,rgb_pca,0,1
0.8247939,7,rgb_pca,0,1
0.82719076,7,rgb_pca,0,1
0.8303989,7,rgb_pca,0,1
0.81335974,7,rgb_pca,0,1
0.8189655,7,rgb_pca,0,1
0.8025367,7,rgb_pca,0,1
0.82548684,7,rgb_pca,0,1
0.8243091,7,rgb_pca,0,1
0.79745084,7,rgb_pca,0,1
0.7984832,7,rgb_pca,0,1
0.8262944,7,rgb_pca,0,1
0.8423742,7,rgb_pca,0,1
0.84099287,7,rgb_pca,0,1
0.83584964,7,rgb_pca,0,1
0.83826065,7,rgb_pca,0,1
0.8279765,7,rgb_pca,0,1
0.8195927,7,rgb_pca,0,1
0.784961,7,rgb_pca,0,1
0.7945406,7,rgb_pca,0,1
0.7829913,7,rgb_pca,0,1
0.7964494,7,rgb_pca,0,1
0.76906574,7,rgb_pca,0,1
0.76757616,7,rgb_pca,0,1
0.7664573,7,rgb_pca,0,1
0.76003426,7,rgb_pca,0,1
0.7607076,7,rgb_pca,0,1
0.7446461,7,rgb_pca,0,1
0.7252884,7,rgb_pca,0,1
0.70858246,7,rgb_pca,0,1
0.7535591,7,rgb_pca,0,1
0.76780546,7,rgb_pca,0,1
0.7495048,7,rgb_pca,0,1
0.75786877,7,rgb_pca,0,1
0.76482004,7,rgb_pca,0,1
0.7541569,7,rgb_pca,0,1
0.7752249,7,rgb_pca,0,1
0.7557863,7,rgb_pca,0,1
0.7518638,7,rgb_pca,0,1
0.76485944,7,rgb_pca,0,1
0.7700664,7,rgb_pca,0,1
0.7797459,7,rgb_pca,0,1
0.79675686,7,rgb_pca,0,1
0.7894776,7,rgb_pca,0,1
0.78340554,7,rgb_pca,0,1
0.8022896,7,rgb_pca,0,1
0.766834,7,rgb_pca,0,1
0.793185,7,rgb_pca,0,1
0.78543425,7,rgb_pca,0,1
0.7949621,7,rgb_pca,0,1
0.77361465,7,rgb_pca,0,1
0.80293775,7,rgb_pca,0,1
0.81015027,7,rgb_pca,0,1
0.82778615,7,rgb_pca,0,1
0.83106667,7,rgb_pca,0,1
0.8454805,7,rgb_pca,0,1
0.82690376,7,rgb_pca,0,1
0.8366889,7,rgb_pca,0,1
0.8578794,7,rgb_pca,0,1
0.8504423,7,rgb_pca,0,1
0.8393336,7,rgb_pca,0,1
0.8436231,7,rgb_pca,0,1
0.81086415,7,rgb_pca,0,1
0.80449307,7,rgb_pca,0,1
0.8430595,7,rgb_pca,0,1
0.84913826,7,rgb_pca,0,1
0.8425437,7,rgb_pca,0,1
0.8128002,7,rgb_pca,0,1
0.79686236,7,rgb_pca,0,1
0.7766385,7,rgb_pca,0,1
0.815923,7,rgb_pca,0,1
0.82678795,7,rgb_pca,0,1
0.84700876,7,rgb_pca,0,1
0.85504043,7,rgb_pca,0,1
0.8609022,7,rgb_pca,0,1
0.84972674,7,rgb_pca,0,1
0.83623207,7,rgb_pca,0,1
0.86218876,7,rgb_pca,0,1
0.8588361,7,rgb_pca,0,1
0.83130836,7,rgb_pca,0,1
0.77725774,7,rgb_pca,0,1
0.79760695,7,rgb_pca,0,1
0.82745874,7,rgb_pca,0,1
0.8177688,7,rgb_pca,0,1
0.8275627,7,rgb_pca,0,1
0.83829737,7,rgb_pca,0,1
0.7574185,7,rgb_pca,0,1
0.75244236,7,rgb_pca,0,1
0.7764871,7,rgb_pca,0,1
0.76827157,7,rgb_pca,0,1
0.7922911,7,rgb_pca,0,1
0.81427026,7,rgb_pca,0,1
0.78519154,7,rgb_pca,0,1
0.78717107,7,rgb_pca,0,1
0.783512,7,rgb_pca,0,1
0.79596496,7,rgb_pca,0,1
0.775756,7,rgb_pca,0,1
0.78535426,7,rgb_pca,0,1
0.78973675,7,rgb_pca,0,1
0.78676564,7,rgb_pca,0,1
0.788936,7,rgb_pca,0,1
0.73391986,7,rgb_pca,0,1
0.7394847,7,rgb_pca,0,1
0.78703487,7,rgb_pca,0,1
0.7884071,7,rgb_pca,0,1
0.7363415,7,rgb_pca,0,1
0.7653945,7,rgb_pca,0,1
0.7126894,7,rgb_pca,0,1
0.7032745,7,rgb_pca,0,1
0.72077084,7,rgb_pca,0,1
0.77898496,7,rgb_pca,0,1
0.7657353,7,rgb_pca,0,1
0.6852274,7,rgb_pca,0,1
0.80298066,7,rgb_pca,0,1
0.6113192,8,rgb_pca,0,1
0.692623,8,rgb_pca,0,1
0.7041281,8,rgb_pca,0,1
0.66748583,8,rgb_pca,0,1
0.7668896,8,rgb_pca,0,1
0.7199169,8,rgb_pca,0,1
0.6471297,8,rgb_pca,0,1
0.6661911,8,rgb_pca,0,1
0.6341451,8,rgb_pca,0,1
0.6829374,8,rgb_pca,0,1
0.6421228,8,rgb_pca,0,1
0.619721,8,rgb_pca,0,1
0.64854926,8,rgb_pca,0,1
0.66555154,8,rgb_pca,0,1
0.6510633,8,rgb_pca,0,1
0.6954442,8,rgb_pca,0,1
0.69971526,8,rgb_pca,0,1
0.76195836,8,rgb_pca,0,1
0.75242317,8,rgb_pca,0,1
0.64777565,8,rgb_pca,0,1
0.6518467,8,rgb_pca,0,1
0.68403614,8,rgb_pca,0,1
0.6947835,8,rgb_pca,0,1
0.7142383,8,rgb_pca,0,1
0.71901095,8,rgb_pca,0,1
0.7245015,8,rgb_pca,0,1
0.5718725,8,rgb_pca,0,1
0.6800157,8,rgb_pca,0,1
0.68615067,8,rgb_pca,0,1
0.653503,8,rgb_pca,0,1
0.6844831,8,rgb_pca,0,1
0.718721,8,rgb_pca,0,1
0.7057765,8,rgb_pca,0,1
0.7125146,8,rgb_pca,0,1
0.69017756,8,rgb_pca,0,1
0.6631657,8,rgb_pca,0,1
0.58441645,8,rgb_pca,0,1
0.61068237,8,rgb_pca,0,1
0.6092812,8,rgb_pca,0,1
0.6845443,8,rgb_pca,0,1
0.74084055,8,rgb_pca,0,1
0.7254258,8,rgb_pca,0,1
0.72458124,8,rgb_pca,0,1
0.75824165,8,rgb_pca,0,1
0.7322308,8,rgb_pca,0,1
0.73367393,8,rgb_pca,0,1
0.6930499,8,rgb_pca,0,1
0.57580346,8,rgb_pca,0,1
0.6906153,8,rgb_pca,0,1
0.68139374,8,rgb_pca,0,1
0.6809602,8,rgb_pca,0,1
0.749497,8,rgb_pca,0,1
0.7153038,8,rgb_pca,0,1
0.7042001,8,rgb_pca,0,1
0.73489165,8,rgb_pca,0,1
0.6995267,8,rgb_pca,0,1
0.67288804,8,rgb_pca,0,1
0.64833635,8,rgb_pca,0,1
0.57650745,8,rgb_pca,0,1
0.7221089,8,rgb_pca,0,1
0.7286239,8,rgb_pca,0,1
0.7182923,8,rgb_pca,0,1
0.7788761,8,rgb_pca,0,1
0.7556167,8,rgb_pca,0,1
0.72069865,8,rgb_pca,0,1
0.60538995,8,rgb_pca,0,1
0.72266424,8,rgb_pca,0,1
0.72166765,8,rgb_pca,0,1
0.7003865,8,rgb_pca,0,1
0.7674118,8,rgb_pca,0,1
0.80812836,8,rgb_pca,0,1
0.77452326,8,rgb_pca,0,1
0.81942666,2,rgb_pca,0,1
0.7823752,2,rgb_pca,0,1
0.83154225,2,rgb_pca,0,1
0.79023314,2,rgb_pca,0,1
0.7640619,2,rgb_pca,0,1
0.7641092,2,rgb_pca,0,1
0.7781528,2,rgb_pca,0,1
0.77911466,2,rgb_pca,0,1
0.81048524,2,rgb_pca,0,1
0.8274646,2,rgb_pca,0,1
0.74494433,2,rgb_pca,0,1
0.7244836,2,rgb_pca,0,1
0.7882012,2,rgb_pca,0,1
0.7688247,2,rgb_pca,0,1
0.77228487,2,rgb_pca,0,1
0.8068745,2,rgb_pca,0,1
0.8234072,2,rgb_pca,0,1
0.8040761,2,rgb_pca,0,1
0.79097235,2,rgb_pca,0,1
0.8286644,2,rgb_pca,0,1
0.7314666,2,rgb_pca,0,1
0.6574266,2,rgb_pca,0,1
0.7413379,2,rgb_pca,0,1
0.7673713,2,rgb_pca,0,1
0.785962,2,rgb_pca,0,1
0.81558514,2,rgb_pca,0,1
0.8283622,2,rgb_pca,0,1
0.8400216,2,rgb_pca,0,1
0.8309427,2,rgb_pca,0,1
0.8398855,2,rgb_pca,0,1
0.8471087,2,rgb_pca,0,1
0.7293383,2,rgb_pca,0,1
0.6502098,2,rgb_pca,0,1
0.7451434,2,rgb_pca,0,1
0.78839093,2,rgb_pca,0,1
0.83111894,2,rgb_pca,0,1
0.82945776,2,rgb_pca,0,1
0.7733952,8,rgb_pca,0,1
0.7150285,8,rgb_pca,0,1
0.6404254,8,rgb_pca,0,1
0.6642838,8,rgb_pca,0,1
0.685435,8,rgb_pca,0,1
0.692502,8,rgb_pca,0,1
0.7236346,8,rgb_pca,0,1
0.6617791,8,rgb_pca,0,1
0.671854,8,rgb_pca,0,1
0.68728983,8,rgb_pca,0,1
0.7050619,8,rgb_pca,0,1
0.70943207,8,rgb_pca,0,1
0.7092492,8,rgb_pca,0,1
0.74277544,8,rgb_pca,0,1
0.7500715,8,rgb_pca,0,1
0.6835633,8,rgb_pca,0,1
0.6729772,8,rgb_pca,0,1
0.7179122,8,rgb_pca,0,1
0.71982867,8,rgb_pca,0,1
0.73574257,8,rgb_pca,0,1
0.7569117,8,rgb_pca,0,1
0.75391304,8,rgb_pca,0,1
0.5954157,8,rgb_pca,0,1
0.63935876,8,rgb_pca,0,1
0.6592549,8,rgb_pca,0,1
0.6663729,8,rgb_pca,0,1
0.6796267,8,rgb_pca,0,1
0.7298405,8,rgb_pca,0,1
0.72795874,8,rgb_pca,0,1
0.7278403,8,rgb_pca,0,1
0.7302413,8,rgb_pca,0,1
0.71396214,8,rgb_pca,0,1
0.6864174,8,rgb_pca,0,1
0.66020733,8,rgb_pca,0,1
0.6649176,8,rgb_pca,0,1
0.71620643,8,rgb_pca,0,1
0.72198355,8,rgb_pca,0,1
0.7150724,8,rgb_pca,0,1
0.756002,8,rgb_pca,0,1
0.74610543,8,rgb_pca,0,1
0.72633314,8,rgb_pca,0,1
0.70859694,8,rgb_pca,0,1
0.78111196,8,rgb_pca,0,1
0.75213325,8,rgb_pca,0,1
0.6948918,8,rgb_pca,0,1
0.753051,8,rgb_pca,0,1
0.73206395,8,rgb_pca,0,1
0.69687164,8,rgb_pca,0,1
0.67709357,8,rgb_pca,0,1
0.66003,8,rgb_pca,0,1
0.6440872,8,rgb_pca,0,1
0.6664645,8,rgb_pca,0,1
0.790702,8,rgb_pca,0,1
0.7620825,8,rgb_pca,0,1
0.69922113,8,rgb_pca,0,1
0.71776026,8,rgb_pca,0,1
0.6927632,8,rgb_pca,0,1
0.63532996,8,rgb_pca,0,1
0.796522,8,rgb_pca,0,1
0.74107367,8,rgb_pca,0,1
0.6271125,8,rgb_pca,0,1
0.67264223,8,rgb_pca,0,1
0.70203674,8,rgb_pca,0,1
0.6484275,8,rgb_pca,0,1
0.8198704,2,rgb_pca,0,1
0.77309,2,rgb_pca,0,1
0.8104067,2,rgb_pca,0,1
0.7960116,2,rgb_pca,0,1
0.66343164,2,rgb_pca,0,1
0.6790025,2,rgb_pca,0,1
0.7057004,2,rgb_pca,0,1
0.724738,2,rgb_pca,0,1
0.79363626,2,rgb_pca,0,1
0.8094059,2,rgb_pca,0,1
0.72471535,2,rgb_pca,0,1
0.59024346,2,rgb_pca,0,1
0.64577806,2,rgb_pca,0,1
0.66553235,2,rgb_pca,0,1
0.7388564,2,rgb_pca,0,1
0.80332553,2,rgb_pca,0,1
0.81477624,2,rgb_pca,0,1
0.7571438,2,rgb_pca,0,1
0.7023766,2,rgb_pca,0,1
0.7566979,2,rgb_pca,0,1
0.75035256,2,rgb_pca,0,1
0.7774386,2,rgb_pca,0,1
0.777683,2,rgb_pca,0,1
0.76661205,2,rgb_pca,0,1
0.74900883,2,rgb_pca,0,1
0.79465735,2,rgb_pca,0,1
0.7932147,2,rgb_pca,0,1
0.78824294,2,rgb_pca,0,1
0.77295923,2,rgb_pca,0,1
0.76038283,2,rgb_pca,0,1
0.79607093,2,rgb_pca,0,1
0.7940104,2,rgb_pca,0,1
0.77967703,2,rgb_pca,0,1
0.7781944,2,rgb_pca,0,1
0.78572124,2,rgb_pca,0,1
0.7638744,2,rgb_pca,0,1
0.78036517,2,rgb_pca,0,1
0.84599966,7,rgb_pca,0,1
0.83122224,7,rgb_pca,0,1
0.809916,7,rgb_pca,0,1
0.80119646,7,rgb_pca,0,1
0.7479017,7,rgb_pca,0,1
0.77007204,7,rgb_pca,0,1
0.8125787,7,rgb_pca,0,1
0.7848455,7,rgb_pca,0,1
0.78540283,7,rgb_pca,0,1
0.73841095,7,rgb_pca,0,1
0.7594217,7,rgb_pca,0,1
0.8190663,7,rgb_pca,0,1
0.8010894,7,rgb_pca,0,1
0.8061362,7,rgb_pca,0,1
0.7905562,7,rgb_pca,0,1
0.8038672,7,rgb_pca,0,1
0.78656554,7,rgb_pca,0,1
0.7816346,7,rgb_pca,0,1
0.76244974,7,rgb_pca,0,1
0.79937476,7,rgb_pca,0,1
0.77168065,7,rgb_pca,0,1
0.78162855,7,rgb_pca,0,1
0.78731453,7,rgb_pca,0,1
0.7793811,7,rgb_pca,0,1
0.7718245,7,rgb_pca,0,1
0.74951524,7,rgb_pca,0,1
0.7514306,7,rgb_pca,0,1
0.771827,7,rgb_pca,0,1
0.7811953,7,rgb_pca,0,1
0.7605728,7,rgb_pca,0,1
0.7536199,7,rgb_pca,0,1
0.7210527,7,rgb_pca,0,1
0.73569816,7,rgb_pca,0,1
0.7601834,7,rgb_pca,0,1
0.7684051,7,rgb_pca,0,1
0.7710028,7,rgb_pca,0,1
0.7377778,7,rgb_pca,0,1
0.76391894,7,rgb_pca,0,1
0.77948874,7,rgb_pca,0,1
0.7820942,7,rgb_pca,0,1
0.7721746,7,rgb_pca,0,1
0.793589,7,rgb_pca,0,1
0.7487968,7,rgb_pca,0,1
0.7596037,7,rgb_pca,0,1
0.7914262,2,rgb_pca,0,1
0.7752962,2,rgb_pca,0,1
0.7763813,2,rgb_pca,0,1
0.85492814,2,rgb_pca,0,1
0.75881946,2,rgb_pca,0,1
0.70289546,2,rgb_pca,0,1
0.7433845,2,rgb_pca,0,1
0.8101921,2,rgb_pca,0,1
0.80613065,2,rgb_pca,0,1
0.7762495,2,rgb_pca,0,1
0.8458773,2,rgb_pca,0,1
0.7841039,2,rgb_pca,0,1
0.71230334,2,rgb_pca,0,1
0.76605016,2,rgb_pca,0,1
0.8004627,2,rgb_pca,0,1
0.85391206,2,rgb_pca,0,1
0.857176,2,rgb_pca,0,1
0.8335415,2,rgb_pca,0,1
0.7742679,2,rgb_pca,0,1
0.76507527,2,rgb_pca,0,1
0.7455474,2,rgb_pca,0,1
0.75077945,2,rgb_pca,0,1
0.8118955,2,rgb_pca,0,1
0.8150484,2,rgb_pca,0,1
0.8364818,2,rgb_pca,0,1
0.8351789,2,rgb_pca,0,1
0.80110264,2,rgb_pca,0,1
0.7846975,2,rgb_pca,0,1
0.75752115,2,rgb_pca,0,1
0.72715557,2,rgb_pca,0,1
0.75989366,2,rgb_pca,0,1
0.73097277,2,rgb_pca,0,1
0.70908505,2,rgb_pca,0,1
0.78390527,2,rgb_pca,0,1
0.80593777,2,rgb_pca,0,1
0.84789425,2,rgb_pca,0,1
0.8409101,2,rgb_pca,0,1
0.80416644,2,rgb_pca,0,1
0.80150115,2,rgb_pca,0,1
0.8229736,2,rgb_pca,0,1
0.830078,2,rgb_pca,0,1
0.80675733,2,rgb_pca,0,1
0.76869404,2,rgb_pca,0,1
0.8050759,2,rgb_pca,0,1
0.8212095,2,rgb_pca,0,1
0.8638921,2,rgb_pca,0,1
0.8644775,2,rgb_pca,0,1
0.82256234,2,rgb_pca,0,1
0.8124547,2,rgb_pca,0,1
0.7690426,2,rgb_pca,0,1
0.79177177,2,rgb_pca,0,1
0.74648213,2,rgb_pca,0,1
0.77881664,2,rgb_pca,0,1
0.73151416,2,rgb_pca,0,1
0.7272465,2,rgb_pca,0,1
0.78547484,2,rgb_pca,0,1
0.7300785,2,rgb_pca,0,1
0.72944164,2,rgb_pca,0,1
0.76968414,2,rgb_pca,0,1
0.7970103,2,rgb_pca,0,1
0.7487214,2,rgb_pca,0,1
0.7900134,2,rgb_pca,0,1
0.82514334,2,rgb_pca,0,1
0.74754536,2,rgb_pca,0,1
0.7114913,2,rgb_pca,0,1
0.77393264,2,rgb_pca,0,1
0.7870283,2,rgb_pca,0,1
0.8116791,2,rgb_pca,0,1
0.7807292,2,rgb_pca,0,1
0.81477,2,rgb_pca,0,1
0.7564931,2,rgb_pca,0,1
0.72736144,2,rgb_pca,0,1
0.74974525,2,rgb_pca,0,1
0.79837465,2,rgb_pca,0,1
0.8184922,2,rgb_pca,0,1
0.84874237,2,rgb_pca,0,1
0.84477514,2,rgb_pca,0,1
0.81249785,2,rgb_pca,0,1
0.7974234,2,rgb_pca,0,1
0.79535717,2,rgb_pca,0,1
0.7882328,2,rgb_pca,0,1
0.8250489,2,rgb_pca,0,1
0.82678926,2,rgb_pca,0,1
0.79049027,2,rgb_pca,0,1
0.8016043,2,rgb_pca,0,1
0.7848334,2,rgb_pca,0,1
0.80538833,2,rgb_pca,0,1
0.7872342,2,rgb_pca,0,1
0.7516628,2,rgb_pca,0,1
0.73652965,2,rgb_pca,0,1
0.70873034,2,rgb_pca,0,1
0.70715004,2,rgb_pca,0,1
0.7721585,2,rgb_pca,0,1
0.78788245,2,rgb_pca,0,1
0.7696979,2,rgb_pca,0,1
0.76181275,2,rgb_pca,0,1
0.80917853,2,rgb_pca,0,1
0.8170935,2,rgb_pca,0,1
0.7744014,2,rgb_pca,0,1
0.7825273,2,rgb_pca,0,1
0.75681305,2,rgb_pca,0,1
0.7556185,2,rgb_pca,0,1
0.79950196,2,rgb_pca,0,1
0.81074476,2,rgb_pca,0,1
0.8340999,2,rgb_pca,0,1
0.849125,2,rgb_pca,0,1
0.7422008,2,rgb_pca,0,1
0.7202698,2,rgb_pca,0,1
0.72615683,2,rgb_pca,0,1
0.66853535,2,rgb_pca,0,1
0.63405955,2,rgb_pca,0,1
0.6486186,2,rgb_pca,0,1
0.6257552,2,rgb_pca,0,1
0.6640351,2,rgb_pca,0,1
0.7558119,2,rgb_pca,0,1
0.64513564,2,rgb_pca,0,1
0.6712351,2,rgb_pca,0,1
0.7579084,2,rgb_pca,0,1
0.7392776,2,rgb_pca,0,1
0.778664,2,rgb_pca,0,1
0.75597954,2,rgb_pca,0,1
0.73436254,2,rgb_pca,0,1
0.6925412,2,rgb_pca,0,1
0.70251495,2,rgb_pca,0,1
0.77029806,2,rgb_pca,0,1
0.77160424,2,rgb_pca,0,1
0.8157939,2,rgb_pca,0,1
0.81890583,2,rgb_pca,0,1
0.7324687,2,rgb_pca,0,1
0.69577444,2,rgb_pca,0,1
0.6901632,2,rgb_pca,0,1
0.71787566,2,rgb_pca,0,1
0.6797992,2,rgb_pca,0,1
0.7170712,2,rgb_pca,0,1
0.61304307,2,rgb_pca,0,1
0.5276931,2,rgb_pca,0,1
0.6230288,2,rgb_pca,0,1
0.5672476,2,rgb_pca,0,1
0.57328063,2,rgb_pca,0,1
0.63467026,2,rgb_pca,0,1
0.79489505,2,rgb_pca,0,1
0.80238205,2,rgb_pca,0,1
0.7807008,2,rgb_pca,0,1
0.7920307,2,rgb_pca,0,1
0.7910263,2,rgb_pca,0,1
0.788138,2,rgb_pca,0,1
0.82098734,2,rgb_pca,0,1
0.80561817,2,rgb_pca,0,1
0.76931316,2,rgb_pca,0,1
0.75772,2,rgb_pca,0,1
0.7570673,2,rgb_pca,0,1
0.7628676,2,rgb_pca,0,1
0.7488639,2,rgb_pca,0,1
0.7205527,2,rgb_pca,0,1
0.72937375,2,rgb_pca,0,1
0.7381897,2,rgb_pca,0,1
0.7318213,2,rgb_pca,0,1
0.68846595,2,rgb_pca,0,1
0.7641543,2,rgb_pca,0,1
0.72777915,2,rgb_pca,0,1
0.70609426,2,rgb_pca,0,1
0.7501787,2,rgb_pca,0,1
0.59374666,8,rgb_pca,0,1
0.5281937,8,rgb_pca,0,1
0.6588657,8,rgb_pca,0,1
0.7076791,8,rgb_pca,0,1
0.5870433,8,rgb_pca,0,1
0.7079668,8,rgb_pca,0,1
0.7191594,8,rgb_pca,0,1
0.74471474,8,rgb_pca,0,1
0.7952016,8,rgb_pca,0,1
0.6511326,8,rgb_pca,0,1
0.64323455,8,rgb_pca,0,1
0.6348922,8,rgb_pca,0,1
0.6630846,8,rgb_pca,0,1
0.742571,8,rgb_pca,0,1
0.739363,8,rgb_pca,0,1
0.76380646,8,rgb_pca,0,1
0.7953652,8,rgb_pca,0,1
0.6340767,8,rgb_pca,0,1
0.6563542,8,rgb_pca,0,1
0.67004377,8,rgb_pca,0,1
0.69090354,8,rgb_pca,0,1
0.7615557,8,rgb_pca,0,1
0.7657056,8,rgb_pca,0,1
0.7516383,8,rgb_pca,0,1
0.77958,8,rgb_pca,0,1
0.6518402,8,rgb_pca,0,1
0.7147249,8,rgb_pca,0,1
0.74291945,8,rgb_pca,0,1
0.7780355,8,rgb_pca,0,1
0.77494156,8,rgb_pca,0,1
0.7369268,8,rgb_pca,0,1
0.7683852,8,rgb_pca,0,1
0.6777513,8,rgb_pca,0,1
0.7529784,8,rgb_pca,0,1
0.76451945,8,rgb_pca,0,1
0.77205664,8,rgb_pca,0,1
0.7757603,8,rgb_pca,0,1
0.7252269,8,rgb_pca,0,1
0.7646736,8,rgb_pca,0,1
0.74072707,8,rgb_pca,0,1
0.76054144,8,rgb_pca,0,1
0.74139476,8,rgb_pca,0,1
0.73321956,8,rgb_pca,0,1
0.71732247,8,rgb_pca,0,1
0.7743795,8,rgb_pca,0,1
0.69948536,8,rgb_pca,0,1
0.69080186,8,rgb_pca,0,1
0.6490593,8,rgb_pca,0,1
0.7096457,8,rgb_pca,0,1
0.6183108,8,rgb_pca,0,1
0.5498996,8,rgb_pca,0,1
0.6400809,8,rgb_pca,0,1
0.66952115,8,rgb_pca,0,1
0.54713774,8,rgb_pca,0,1
0.65162766,8,rgb_pca,0,1
0.69409966,8,rgb_pca,0,1
0.68615514,8,rgb_pca,0,1
0.6686665,8,rgb_pca,0,1
0.60566556,8,rgb_pca,0,1
0.54707444,8,rgb_pca,0,1
0.57929313,8,rgb_pca,0,1
0.6179668,8,rgb_pca,0,1
0.7385251,8,rgb_pca,0,1
0.76692045,8,rgb_pca,0,1
0.72241324,8,rgb_pca,0,1
0.6826732,8,rgb_pca,0,1
0.6678021,8,rgb_pca,0,1
0.61035395,8,rgb_pca,0,1
0.59142953,8,rgb_pca,0,1
0.6221858,8,rgb_pca,0,1
0.6253926,8,rgb_pca,0,1
0.72574204,8,rgb_pca,0,1
0.76245415,8,rgb_pca,0,1
0.71426225,8,rgb_pca,0,1
0.66743714,8,rgb_pca,0,1
0.6394073,8,rgb_pca,0,1
0.58769166,8,rgb_pca,0,1
0.5522337,8,rgb_pca,0,1
0.60567725,8,rgb_pca,0,1
0.6526842,8,rgb_pca,0,1
0.64531696,8,rgb_pca,0,1
0.7125542,8,rgb_pca,0,1
0.7383316,8,rgb_pca,0,1
0.7238074,8,rgb_pca,0,1
0.6731534,8,rgb_pca,0,1
0.61772597,8,rgb_pca,0,1
0.53454876,8,rgb_pca,0,1
0.58635855,8,rgb_pca,0,1
0.62272835,8,rgb_pca,0,1
0.65866864,8,rgb_pca,0,1
0.6369594,8,rgb_pca,0,1
0.68714505,8,rgb_pca,0,1
0.71849287,8,rgb_pca,0,1
0.6937915,8,rgb_pca,0,1
0.6199559,8,rgb_pca,0,1
0.60017717,8,rgb_pca,0,1
0.5739795,8,rgb_pca,0,1
0.6451498,8,rgb_pca,0,1
0.7182311,8,rgb_pca,0,1
0.70430315,8,rgb_pca,0,1
0.69751847,8,rgb_pca,0,1
0.70613456,8,rgb_pca,0,1
0.6836289,8,rgb_pca,0,1
0.6559067,8,rgb_pca,0,1
0.6409695,8,rgb_pca,0,1
0.7325922,8,rgb_pca,0,1
0.71909845,8,rgb_pca,0,1
0.7184608,8,rgb_pca,0,1
0.669585,8,rgb_pca,0,1
0.6312464,8,rgb_pca,0,1
0.70734525,8,rgb_pca,0,1
0.6656823,8,rgb_pca,0,1
0.6078359,8,rgb_pca,0,1
0.508513,8,rgb_pca,0,1
0.59661734,8,rgb_pca,0,1
0.5390451,8,rgb_pca,0,1
0.56920725,8,rgb_pca,0,1
0.5811229,8,rgb_pca,0,1
0.53953797,8,rgb_pca,0,1
0.5759877,8,rgb_pca,0,1
0.58697253,8,rgb_pca,0,1
0.5963926,8,rgb_pca,0,1
0.6180434,8,rgb_pca,0,1
0.6028054,8,rgb_pca,0,1
0.6858783,8,rgb_pca,0,1
0.70487297,8,rgb_pca,0,1
0.6191106,8,rgb_pca,0,1
0.6934799,8,rgb_pca,0,1
0.70349526,8,rgb_pca,0,1
0.73005784,8,rgb_pca,0,1
0.78668725,8,rgb_pca,0,1
0.6214627,8,rgb_pca,0,1
0.6106295,8,rgb_pca,0,1
0.6722281,8,rgb_pca,0,1
0.6822922,8,rgb_pca,0,1
0.74850357,8,rgb_pca,0,1
0.76661086,8,rgb_pca,0,1
0.7535788,8,rgb_pca,0,1
0.80518186,8,rgb_pca,0,1
0.60412705,8,rgb_pca,0,1
0.62756574,8,rgb_pca,0,1
0.6937042,8,rgb_pca,0,1
0.69404966,8,rgb_pca,0,1
0.74889517,8,rgb_pca,0,1
0.7670107,8,rgb_pca,0,1
0.7612108,8,rgb_pca,0,1
0.8087195,8,rgb_pca,0,1
0.67623526,8,rgb_pca,0,1
0.7209573,8,rgb_pca,0,1
0.72095,8,rgb_pca,0,1
0.7559337,8,rgb_pca,0,1
0.7626765,8,rgb_pca,0,1
0.7530575,8,rgb_pca,0,1
0.7935866,8,rgb_pca,0,1
0.6957996,8,rgb_pca,0,1
0.751257,8,rgb_pca,0,1
0.7539611,8,rgb_pca,0,1
0.77020407,8,rgb_pca,0,1
0.75985557,8,rgb_pca,0,1
0.7516668,8,rgb_pca,0,1
0.7894361,8,rgb_pca,0,1
0.75521827,8,rgb_pca,0,1
0.770556,8,rgb_pca,0,1
0.75600153,8,rgb_pca,0,1
0.7224844,8,rgb_pca,0,1
0.7097621,8,rgb_pca,0,1
0.787466,8,rgb_pca,0,1
0.7590473,8,rgb_pca,0,1
0.724643,8,rgb_pca,0,1
0.67274296,8,rgb_pca,0,1
0.73379374,8,rgb_pca,0,1
0.8145175,8,rgb_pca,0,1
0.8236724,8,rgb_pca,0,1
0.8077562,8,rgb_pca,0,1
0.78365064,8,rgb_pca,0,1
0.77082866,8,rgb_pca,0,1
0.7367307,8,rgb_pca,0,1
0.69243324,8,rgb_pca,0,1
0.6425947,8,rgb_pca,0,1
0.6306671,8,rgb_pca,0,1
0.8031312,8,rgb_pca,0,1
0.8104603,8,rgb_pca,0,1
0.79695904,8,rgb_pca,0,1
0.7775541,8,rgb_pca,0,1
0.71926916,8,rgb_pca,0,1
0.665903,8,rgb_pca,0,1
0.6340507,8,rgb_pca,0,1
0.61129725,8,rgb_pca,0,1
0.66904134,8,rgb_pca,0,1
0.7812787,8,rgb_pca,0,1
0.7643616,8,rgb_pca,0,1
0.74242866,8,rgb_pca,0,1
0.71782017,8,rgb_pca,0,1
0.68772364,8,rgb_pca,0,1
0.6589347,8,rgb_pca,0,1
0.6047305,8,rgb_pca,0,1
0.7554333,8,rgb_pca,0,1
0.73532426,8,rgb_pca,0,1
0.66735595,8,rgb_pca,0,1
0.6500737,8,rgb_pca,0,1
0.6738949,8,rgb_pca,0,1
0.67628783,8,rgb_pca,0,1
0.711602,8,rgb_pca,0,1
0.7581495,8,rgb_pca,0,1
0.7038751,8,rgb_pca,0,1
0.6521266,8,rgb_pca,0,1
0.75301397,8,rgb_pca,0,1
0.70621085,8,rgb_pca,0,1
0.658216,8,rgb_pca,0,1
0.7504842,8,rgb_pca,0,1
0.72295564,8,rgb_pca,0,1
0.7215884,8,rgb_pca,0,1
0.5629545,8,rgb_pca,0,1
0.6140444,8,rgb_pca,0,1
0.67291355,8,rgb_pca,0,1
0.7113708,8,rgb_pca,0,1
0.634249,8,rgb_pca,0,1
0.69269675,8,rgb_pca,0,1
0.7297866,8,rgb_pca,0,1
0.7441196,8,rgb_pca,0,1
0.74889964,8,rgb_pca,0,1
0.58106387,8,rgb_pca,0,1
0.5850099,8,rgb_pca,0,1
0.63541913,8,rgb_pca,0,1
0.6469791,8,rgb_pca,0,1
0.6990749,8,rgb_pca,0,1
0.7371939,8,rgb_pca,0,1
0.7161916,8,rgb_pca,0,1
0.6956543,8,rgb_pca,0,1
0.64396346,8,rgb_pca,0,1
0.5590443,8,rgb_pca,0,1
0.5808506,8,rgb_pca,0,1
0.6348351,8,rgb_pca,0,1
0.64453816,8,rgb_pca,0,1
0.70752823,8,rgb_pca,0,1
0.7140534,8,rgb_pca,0,1
0.6786826,8,rgb_pca,0,1
0.6482705,8,rgb_pca,0,1
0.61234105,8,rgb_pca,0,1
0.6294793,8,rgb_pca,0,1
0.5504814,8,rgb_pca,0,1
0.61735094,8,rgb_pca,0,1
0.6411431,8,rgb_pca,0,1
0.6699578,8,rgb_pca,0,1
0.71392685,8,rgb_pca,0,1
0.7068771,8,rgb_pca,0,1
0.6556449,8,rgb_pca,0,1
0.5879332,8,rgb_pca,0,1
0.52112514,8,rgb_pca,0,1
0.5400978,8,rgb_pca,0,1
0.5280377,8,rgb_pca,0,1
0.62367946,8,rgb_pca,0,1
0.6652097,8,rgb_pca,0,1
0.69066983,8,rgb_pca,0,1
0.70085555,8,rgb_pca,0,1
0.6825961,8,rgb_pca,0,1
0.63044953,8,rgb_pca,0,1
0.58982635,8,rgb_pca,0,1
0.55310833,8,rgb_pca,0,1
0.5538734,8,rgb_pca,0,1
0.53865576,8,rgb_pca,0,1
0.6903776,8,rgb_pca,0,1
0.6940745,8,rgb_pca,0,1
0.6688071,8,rgb_pca,0,1
0.63600755,8,rgb_pca,0,1
0.60901326,8,rgb_pca,0,1
0.5761864,8,rgb_pca,0,1
0.5146666,8,rgb_pca,0,1
0.64040613,8,rgb_pca,0,1
0.6205468,8,rgb_pca,0,1
0.6111046,8,rgb_pca,0,1
0.60293245,8,rgb_pca,0,1
0.5255446,8,rgb_pca,0,1
0.7344166,8,rgb_pca,0,1
0.75478065,8,rgb_pca,0,1
0.76193035,8,rgb_pca,0,1
0.7333524,8,rgb_pca,0,1
0.7241057,8,rgb_pca,0,1
0.7272939,8,rgb_pca,0,1
0.63676846,8,rgb_pca,0,1
0.6298227,8,rgb_pca,0,1
0.58250475,8,rgb_pca,0,1
0.7432809,8,rgb_pca,0,1
0.75040686,8,rgb_pca,0,1
0.7509384,8,rgb_pca,0,1
0.72249705,8,rgb_pca,0,1
0.70825034,8,rgb_pca,0,1
0.68084973,8,rgb_pca,0,1
0.59020823,8,rgb_pca,0,1
0.6112054,8,rgb_pca,0,1
0.6322348,8,rgb_pca,0,1
0.74087566,8,rgb_pca,0,1
0.7409967,8,rgb_pca,0,1
0.73971343,8,rgb_pca,0,1
0.68913734,8,rgb_pca,0,1
0.641517,8,rgb_pca,0,1
0.6062826,8,rgb_pca,0,1
0.58941644,8,rgb_pca,0,1
0.7490836,8,rgb_pca,0,1
0.7539444,8,rgb_pca,0,1
0.7022399,8,rgb_pca,0,1
0.63425004,8,rgb_pca,0,1
0.6838126,8,rgb_pca,0,1
0.6474949,8,rgb_pca,0,1
0.7146392,8,rgb_pca,0,1
0.7509536,8,rgb_pca,0,1
0.7191397,8,rgb_pca,0,1
0.6779728,8,rgb_pca,0,1
0.68288076,8,rgb_pca,0,1
0.66480535,8,rgb_pca,0,1
0.6604474,8,rgb_pca,0,1
0.72789323,8,rgb_pca,0,1
0.7289174,8,rgb_pca,0,1
0.7261396,8,rgb_pca,0,1
0.64993954,8,rgb_pca,0,1
0.6407656,8,rgb_pca,0,1
0.6071594,8,rgb_pca,0,1
0.5043545,8,rgb_pca,0,1
0.601917,8,rgb_pca,0,1
0.54161763,8,rgb_pca,0,1
0.47600323,8,rgb_pca,0,1
0.590745,8,rgb_pca,0,1
0.55544305,8,rgb_pca,0,1
0.5457876,8,rgb_pca,0,1
0.5624948,8,rgb_pca,0,1
0.5644884,8,rgb_pca,0,1
0.78378725,2,rgb_pca,0,1
0.79177845,2,rgb_pca,0,1
0.6981051,2,rgb_pca,0,1
0.6805943,2,rgb_pca,0,1
0.71001005,2,rgb_pca,0,1
0.7291224,2,rgb_pca,0,1
0.7465031,2,rgb_pca,0,1
0.7315607,2,rgb_pca,0,1
0.75658417,2,rgb_pca,0,1
0.74688303,2,rgb_pca,0,1
0.7211003,2,rgb_pca,0,1
0.6600572,2,rgb_pca,0,1
0.662377,2,rgb_pca,0,1
0.77454305,2,rgb_pca,0,1
0.73081595,2,rgb_pca,0,1
0.6878868,2,rgb_pca,0,1
0.7885444,8,rgb_pca,0,1
0.79975224,8,rgb_pca,0,1
0.79445714,8,rgb_pca,0,1
0.7804963,8,rgb_pca,0,1
0.7925558,8,rgb_pca,0,1
0.7407055,8,rgb_pca,0,1
0.7095887,8,rgb_pca,0,1
0.6850574,8,rgb_pca,0,1
0.6338543,8,rgb_pca,0,1
0.7957442,8,rgb_pca,0,1
0.80819345,8,rgb_pca,0,1
0.8073906,8,rgb_pca,0,1
0.7774968,8,rgb_pca,0,1
0.74735427,8,rgb_pca,0,1
0.69603336,8,rgb_pca,0,1
0.68308675,8,rgb_pca,0,1
0.67315286,8,rgb_pca,0,1
0.68518114,8,rgb_pca,0,1
0.7988097,8,rgb_pca,0,1
0.78465587,8,rgb_pca,0,1
0.77554953,8,rgb_pca,0,1
0.7507577,8,rgb_pca,0,1
0.72485125,8,rgb_pca,0,1
0.6860157,8,rgb_pca,0,1
0.669099,8,rgb_pca,0,1
0.77374876,8,rgb_pca,0,1
0.7580661,8,rgb_pca,0,1
0.723828,8,rgb_pca,0,1
0.69623375,8,rgb_pca,0,1
0.7181976,8,rgb_pca,0,1
0.69303983,8,rgb_pca,0,1
0.7161751,8,rgb_pca,0,1
0.73141944,8,rgb_pca,0,1
0.6907971,8,rgb_pca,0,1
0.6575115,8,rgb_pca,0,1
0.71149534,8,rgb_pca,0,1
0.70264125,8,rgb_pca,0,1
0.6398368,8,rgb_pca,0,1
0.7104443,8,rgb_pca,0,1
0.7385644,8,rgb_pca,0,1
0.7013155,8,rgb_pca,0,1
0.7400453,8,rgb_pca,0,1
0.73959744,8,rgb_pca,0,1
0.72949696,8,rgb_pca,0,1
0.7071563,8,rgb_pca,0,1
0.7121227,8,rgb_pca,0,1
0.68119013,8,rgb_pca,0,1
0.64558184,8,rgb_pca,0,1
0.60796654,8,rgb_pca,0,1
0.5838595,8,rgb_pca,0,1
0.75258136,8,rgb_pca,0,1
0.7550446,8,rgb_pca,0,1
0.7397862,8,rgb_pca,0,1
0.72251225,8,rgb_pca,0,1
0.68665594,8,rgb_pca,0,1
0.6470344,8,rgb_pca,0,1
0.56719005,8,rgb_pca,0,1
0.5638881,8,rgb_pca,0,1
0.65993464,8,rgb_pca,0,1
0.7534443,8,rgb_pca,0,1
0.76715434,8,rgb_pca,0,1
0.72207654,8,rgb_pca,0,1
0.6539968,8,rgb_pca,0,1
0.64791775,8,rgb_pca,0,1
0.6449066,8,rgb_pca,0,1
0.59149575,8,rgb_pca,0,1
0.7220942,8,rgb_pca,0,1
0.7234578,8,rgb_pca,0,1
0.6821871,8,rgb_pca,0,1
0.62926733,8,rgb_pca,0,1
0.64695597,8,rgb_pca,0,1
0.6697767,8,rgb_pca,0,1
0.75339174,8,rgb_pca,0,1
0.67674625,8,rgb_pca,0,1
0.64240193,8,rgb_pca,0,1
0.6465204,8,rgb_pca,0,1
0.66594446,8,rgb_pca,0,1
0.64159214,8,rgb_pca,0,1
0.64915156,8,rgb_pca,0,1
0.67482316,8,rgb_pca,0,1
0.64510584,8,rgb_pca,0,1
0.65150154,8,rgb_pca,0,1
0.73577493,2,rgb_pca,0,1
0.71914446,2,rgb_pca,0,1
0.69004214,2,rgb_pca,0,1
0.6285299,2,rgb_pca,0,1
0.6156626,2,rgb_pca,0,1
0.60880095,2,rgb_pca,0,1
0.7262105,2,rgb_pca,0,1
0.66005266,2,rgb_pca,0,1
0.6534828,2,rgb_pca,0,1
0.63018286,2,rgb_pca,0,1
0.73728377,2,rgb_pca,0,1
0.7408788,2,rgb_pca,0,1
0.76657355,2,rgb_pca,0,1
0.75031364,2,rgb_pca,0,1
0.7925343,2,rgb_pca,0,1
0.792199,2,rgb_pca,0,1
0.77991045,2,rgb_pca,0,1
0.7353741,2,rgb_pca,0,1
0.78920007,2,rgb_pca,0,1
0.7764212,2,rgb_pca,0,1
0.738986,2,rgb_pca,0,1
0.78452605,2,rgb_pca,0,1
0.733812,2,rgb_pca,0,1
0.7555376,2,rgb_pca,0,1
0.7785508,2,rgb_pca,0,1
0.8039943,2,rgb_pca,0,1
0.7494594,2,rgb_pca,0,1
0.75616634,2,rgb_pca,0,1
0.7975949,2,rgb_pca,0,1
0.8280771,2,rgb_pca,0,1
0.7580119,2,rgb_pca,0,1
0.7685982,2,rgb_pca,0,1
0.77750015,2,rgb_pca,0,1
0.7370037,2,rgb_pca,0,1
0.7627686,2,rgb_pca,0,1
0.6817142,2,rgb_pca,0,1
0.6909315,2,rgb_pca,0,1
0.7895112,2,rgb_pca,0,1
0.7053175,2,rgb_pca,0,1
0.7122983,2,rgb_pca,0,1
0.75425136,2,rgb_pca,0,1
0.67196894,2,rgb_pca,0,1
0.68235695,2,rgb_pca,0,1
0.742543,2,rgb_pca,0,1
0.79365736,2,rgb_pca,0,1
0.7724856,2,rgb_pca,0,1
0.77203846,2,rgb_pca,0,1
0.7767104,2,rgb_pca,0,1
0.7986641,2,rgb_pca,0,1
0.80136406,2,rgb_pca,0,1
0.7753261,2,rgb_pca,0,1
0.76867044,2,rgb_pca,0,1
0.79006153,2,rgb_pca,0,1
0.8102349,2,rgb_pca,0,1
0.7949236,2,rgb_pca,0,1
0.7677152,2,rgb_pca,0,1
0.8245537,2,rgb_pca,0,1
0.8086739,2,rgb_pca,0,1
0.8008156,2,rgb_pca,0,1
0.7776001,2,rgb_pca,0,1
0.7595471,2,rgb_pca,0,1
0.72811216,2,rgb_pca,0,1
0.7410729,2,rgb_pca,0,1
0.74773574,2,rgb_pca,0,1
0.7488744,2,rgb_pca,0,1
0.7317003,2,rgb_pca,0,1
0.736297,2,rgb_pca,0,1
0.79072917,2,rgb_pca,0,1
0.7893499,2,rgb_pca,0,1
0.8024714,2,rgb_pca,0,1
0.7966583,2,rgb_pca,0,1
0.8299859,2,rgb_pca,0,1
0.8155608,2,rgb_pca,0,1
0.8213364,2,rgb_pca,0,1
0.84943163,2,rgb_pca,0,1
0.8576082,2,rgb_pca,0,1
0.7748598,2,rgb_pca,0,1
0.7940844,2,rgb_pca,0,1
0.8036466,2,rgb_pca,0,1
0.8017539,2,rgb_pca,0,1
0.8326868,2,rgb_pca,0,1
0.7886448,2,rgb_pca,0,1
0.7677517,2,rgb_pca,0,1
0.7567837,2,rgb_pca,0,1
0.6915492,2,rgb_pca,0,1
0.7075716,2,rgb_pca,0,1
0.66421044,2,rgb_pca,0,1
0.73260844,2,rgb_pca,0,1
0.8065771,2,rgb_pca,0,1
0.77792645,2,rgb_pca,0,1
0.74457884,2,rgb_pca,0,1
0.76786447,2,rgb_pca,0,1
0.81764346,2,rgb_pca,0,1
0.80122083,2,rgb_pca,0,1
0.7636699,2,rgb_pca,0,1
0.76513904,2,rgb_pca,0,1
0.7776011,2,rgb_pca,0,1
0.79185784,2,rgb_pca,0,1
0.7733122,2,rgb_pca,0,1
0.8086202,2,rgb_pca,0,1
0.7667234,2,rgb_pca,0,1
0.75954187,2,rgb_pca,0,1
0.73978007,2,rgb_pca,0,1
0.81486285,2,rgb_pca,0,1
0.81005603,2,rgb_pca,0,1
0.7565477,2,rgb_pca,0,1
0.7508895,2,rgb_pca,0,1
0.8034397,2,rgb_pca,0,1
0.75080454,2,rgb_pca,0,1
0.77299404,2,rgb_pca,0,1
0.79242516,2,rgb_pca,0,1
0.7277241,2,rgb_pca,0,1
0.766963,7,rgb_pca,0,1
0.77489275,7,rgb_pca,0,1
0.7730665,7,rgb_pca,0,1
0.77964294,7,rgb_pca,0,1
0.81560147,7,rgb_pca,0,1
0.85753447,7,rgb_pca,0,1
0.8283143,7,rgb_pca,0,1
0.82491285,7,rgb_pca,0,1
0.84979725,7,rgb_pca,0,1
0.8582113,7,rgb_pca,0,1
0.8552319,7,rgb_pca,0,1
0.86377966,7,rgb_pca,0,1
0.8484386,7,rgb_pca,0,1
0.86578614,7,rgb_pca,0,1
0.85030586,7,rgb_pca,0,1
0.85780615,7,rgb_pca,0,1
0.83763105,7,rgb_pca,0,1
0.8607188,7,rgb_pca,0,1
0.84731424,7,rgb_pca,0,1
0.8451167,7,rgb_pca,0,1
0.8282513,7,rgb_pca,0,1
0.80641747,7,rgb_pca,0,1
0.80822796,7,rgb_pca,0,1
0.8197458,7,rgb_pca,0,1
0.8314953,7,rgb_pca,0,1
0.8187691,7,rgb_pca,0,1
0.805969,7,rgb_pca,0,1
0.8349934,7,rgb_pca,0,1
0.8298209,7,rgb_pca,0,1
0.83103824,7,rgb_pca,0,1
0.85278773,7,rgb_pca,0,1
0.8496736,7,rgb_pca,0,1
0.82377875,7,rgb_pca,0,1
0.83635885,7,rgb_pca,0,1
0.8211101,7,rgb_pca,0,1
0.7959193,7,rgb_pca,0,1
0.8863766,7,rgb_pca,0,1
0.86557984,7,rgb_pca,0,1
0.8713454,7,rgb_pca,0,1
0.8240348,7,rgb_pca,0,1
0.8359996,7,rgb_pca,0,1
0.86961883,7,rgb_pca,0,1
0.8610234,7,rgb_pca,0,1
0.84608626,7,rgb_pca,0,1
0.8232212,7,rgb_pca,0,1
0.80252856,7,rgb_pca,0,1
0.8614137,7,rgb_pca,0,1
0.84478176,7,rgb_pca,0,1
0.86784244,7,rgb_pca,0,1
0.83770204,7,rgb_pca,0,1
0.8495401,7,rgb_pca,0,1
0.8509773,7,rgb_pca,0,1
0.8535347,7,rgb_pca,0,1
0.8404859,7,rgb_pca,0,1
0.79074675,7,rgb_pca,0,1
0.7770934,7,rgb_pca,0,1
0.81820893,7,rgb_pca,0,1
0.8476232,7,rgb_pca,0,1
0.8497564,7,rgb_pca,0,1
0.83182347,7,rgb_pca,0,1
0.84903073,7,rgb_pca,0,1
0.7710365,7,rgb_pca,0,1
0.80962116,7,rgb_pca,0,1
0.82426554,7,rgb_pca,0,1
0.86600554,7,rgb_pca,0,1
0.8574295,7,rgb_pca,0,1
0.8248468,7,rgb_pca,0,1
0.8181348,7,rgb_pca,0,1
0.81166005,7,rgb_pca,0,1
0.84624356,7,rgb_pca,0,1
0.83096516,7,rgb_pca,0,1
0.85511345,7,rgb_pca,0,1
0.7573439,7,rgb_pca,0,1
0.7685651,7,rgb_pca,0,1
0.7596185,7,rgb_pca,0,1
0.8316519,7,rgb_pca,0,1
0.82987124,7,rgb_pca,0,1
0.85456395,7,rgb_pca,0,1
0.87663364,7,rgb_pca,0,1
0.8657394,7,rgb_pca,0,1
0.8679153,7,rgb_pca,0,1
0.8646915,7,rgb_pca,0,1
0.8733718,7,rgb_pca,0,1
0.8715313,7,rgb_pca,0,1
0.8939184,7,rgb_pca,0,1
0.89090127,7,rgb_pca,0,1
0.8526542,7,rgb_pca,0,1
0.85816145,7,rgb_pca,0,1
0.88060117,7,rgb_pca,0,1
0.886876,7,rgb_pca,0,1
0.83720136,7,rgb_pca,0,1
0.8660104,7,rgb_pca,0,1
0.8736422,7,rgb_pca,0,1
0.8544444,7,rgb_pca,0,1
0.87042,7,rgb_pca,0,1
0.8555119,7,rgb_pca,0,1
0.84284395,7,rgb_pca,0,1
0.83086765,7,rgb_pca,0,1
0.818225,7,rgb_pca,0,1
0.807506,7,rgb_pca,0,1
0.83188075,7,rgb_pca,0,1
0.8544221,7,rgb_pca,0,1
0.8740165,7,rgb_pca,0,1
0.8599069,7,rgb_pca,0,1
0.8412936,7,rgb_pca,0,1
0.86639744,7,rgb_pca,0,1
0.87016,7,rgb_pca,0,1
0.87906307,7,rgb_pca,0,1
0.85963786,7,rgb_pca,0,1
0.86520326,7,rgb_pca,0,1
0.89496994,7,rgb_pca,0,1
0.8776947,7,rgb_pca,0,1
0.8677283,7,rgb_pca,0,1
0.8292563,7,rgb_pca,0,1
0.8563339,7,rgb_pca,0,1
0.8759242,7,rgb_pca,0,1
0.8590406,7,rgb_pca,0,1
0.83553445,7,rgb_pca,0,1
0.84303534,7,rgb_pca,0,1
0.86198,7,rgb_pca,0,1
0.87695676,7,rgb_pca,0,1
0.85288036,7,rgb_pca,0,1
0.84985507,7,rgb_pca,0,1
0.8498579,7,rgb_pca,0,1
0.8490745,7,rgb_pca,0,1
0.852574,7,rgb_pca,0,1
0.82964474,7,rgb_pca,0,1
0.8328167,7,rgb_pca,0,1
0.8267689,7,rgb_pca,0,1
0.8504145,7,rgb_pca,0,1
0.8532989,7,rgb_pca,0,1
0.85624206,7,rgb_pca,0,1
0.8616036,7,rgb_pca,0,1
0.8025298,7,rgb_pca,0,1
0.80112547,7,rgb_pca,0,1
0.76987827,7,rgb_pca,0,1
0.7912817,7,rgb_pca,0,1
0.8126427,7,rgb_pca,0,1
0.7557622,7,rgb_pca,0,1
0.8069161,7,rgb_pca,0,1
0.8326303,7,rgb_pca,0,1
0.8042337,7,rgb_pca,0,1
0.788036,7,rgb_pca,0,1
0.82244927,7,rgb_pca,0,1
0.7435268,6,rgb_pca,0,1
0.7110322,6,rgb_pca,0,1
0.73128945,6,rgb_pca,0,1
0.7009465,6,rgb_pca,0,1
0.7641624,6,rgb_pca,0,1
0.7546347,6,rgb_pca,0,1
0.70091146,6,rgb_pca,0,1
0.6643446,6,rgb_pca,0,1
0.6597433,6,rgb_pca,0,1
0.66627777,6,rgb_pca,0,1
0.7319229,6,rgb_pca,0,1
0.69025725,6,rgb_pca,0,1
0.6335918,6,rgb_pca,0,1
0.6968689,6,rgb_pca,0,1
0.72525907,6,rgb_pca,0,1
0.7570851,6,rgb_pca,0,1
0.7175648,6,rgb_pca,0,1
0.66131294,6,rgb_pca,0,1
0.6805706,6,rgb_pca,0,1
0.73727536,6,rgb_pca,0,1
0.6563337,6,rgb_pca,0,1
0.7083007,6,rgb_pca,0,1
0.7668588,6,rgb_pca,0,1
0.6668029,6,rgb_pca,0,1
0.7243459,6,rgb_pca,0,1
0.7556465,6,rgb_pca,0,1
0.73323715,6,rgb_pca,0,1
0.7416534,6,rgb_pca,0,1
0.6703149,6,rgb_pca,0,1
0.72310925,6,rgb_pca,0,1
0.70762694,6,rgb_pca,0,1
0.7020527,6,rgb_pca,0,1
0.7941935,6,rgb_pca,0,1
0.7536249,6,rgb_pca,0,1
0.7704585,6,rgb_pca,0,1
0.773631,6,rgb_pca,0,1
0.7632836,6,rgb_pca,0,1
0.7245761,6,rgb_pca,0,1
0.76046133,6,rgb_pca,0,1
0.71243876,6,rgb_pca,0,1
0.72230375,6,rgb_pca,0,1
0.71376413,6,rgb_pca,0,1
0.72316545,6,rgb_pca,0,1
0.77703375,6,rgb_pca,0,1
0.72213316,6,rgb_pca,0,1
0.7279273,6,rgb_pca,0,1
0.72759277,6,rgb_pca,0,1
0.7331487,6,rgb_pca,0,1
0.7794341,6,rgb_pca,0,1
0.73834,6,rgb_pca,0,1
0.7293659,6,rgb_pca,0,1
0.7702026,6,rgb_pca,0,1
0.72336245,6,rgb_pca,0,1
0.7373334,6,rgb_pca,0,1
0.7854178,6,rgb_pca,0,1
0.7238023,6,rgb_pca,0,1
0.74593997,6,rgb_pca,0,1
0.7583713,6,rgb_pca,0,1
0.7399766,6,rgb_pca,0,1
0.7660347,6,rgb_pca,0,1
0.69421375,6,rgb_pca,0,1
0.7185094,6,rgb_pca,0,1
0.72483176,6,rgb_pca,0,1
0.6875251,6,rgb_pca,0,1
0.70689523,3,rgb_pca,0,1
0.7239656,3,rgb_pca,0,1
0.7172597,3,rgb_pca,0,1
0.6881499,3,rgb_pca,0,1
0.7306731,3,rgb_pca,0,1
0.7525297,3,rgb_pca,0,1
0.7230373,3,rgb_pca,0,1
0.7139264,3,rgb_pca,0,1
0.7621041,3,rgb_pca,0,1
0.78000087,3,rgb_pca,0,1
0.7148769,3,rgb_pca,0,1
0.69195366,3,rgb_pca,0,1
0.78869367,3,rgb_pca,0,1
0.8031148,3,rgb_pca,0,1
0.76792765,3,rgb_pca,0,1
0.7688472,3,rgb_pca,0,1
0.8170136,3,rgb_pca,0,1
0.8350731,3,rgb_pca,0,1
0.7970761,3,rgb_pca,0,1
0.74634004,3,rgb_pca,0,1
0.7584592,3,rgb_pca,0,1
0.78264856,3,rgb_pca,0,1
0.81429064,3,rgb_pca,0,1
0.8262137,3,rgb_pca,0,1
0.83502936,3,rgb_pca,0,1
0.83902824,3,rgb_pca,0,1
0.7968548,3,rgb_pca,0,1
0.76383495,3,rgb_pca,0,1
0.7627696,3,rgb_pca,0,1
0.76339555,3,rgb_pca,0,1
0.7932874,3,rgb_pca,0,1
0.8349376,3,rgb_pca,0,1
0.78989637,3,rgb_pca,0,1
0.7658294,3,rgb_pca,0,1
0.8117902,3,rgb_pca,0,1
0.7975935,3,rgb_pca,0,1
0.74197835,3,rgb_pca,0,1
0.73791873,3,rgb_pca,0,1
0.7677493,3,rgb_pca,0,1
0.7409339,3,rgb_pca,0,1
0.7998638,3,rgb_pca,0,1
0.8430575,3,rgb_pca,0,1
0.8410606,3,rgb_pca,0,1
0.82824665,3,rgb_pca,0,1
0.80443704,3,rgb_pca,0,1
0.7624323,3,rgb_pca,0,1
0.7732193,3,rgb_pca,0,1
0.7915058,3,rgb_pca,0,1
0.79272366,3,rgb_pca,0,1
0.8135263,3,rgb_pca,0,1
0.86243117,3,rgb_pca,0,1
0.7845873,3,rgb_pca,0,1
0.795326,3,rgb_pca,0,1
0.7595452,3,rgb_pca,0,1
0.7750501,3,rgb_pca,0,1
0.79843956,3,rgb_pca,0,1
0.79018664,3,rgb_pca,0,1
0.761551,3,rgb_pca,0,1
0.75159615,3,rgb_pca,0,1
0.76532125,3,rgb_pca,0,1
0.6773406,3,rgb_pca,0,1
0.6976506,3,rgb_pca,0,1
0.65755343,3,rgb_pca,0,1
0.618196,3,rgb_pca,0,1
0.6765785,3,rgb_pca,0,1
0.7421644,3,rgb_pca,0,1
0.74435616,3,rgb_pca,0,1
0.7154889,3,rgb_pca,0,1
0.7291153,3,rgb_pca,0,1
0.7720568,3,rgb_pca,0,1
0.729004,3,rgb_pca,0,1
0.72216845,3,rgb_pca,0,1
0.78369766,3,rgb_pca,0,1
0.80046314,3,rgb_pca,0,1
0.749784,3,rgb_pca,0,1
0.7534015,3,rgb_pca,0,1
0.8070836,3,rgb_pca,0,1
0.82225883,3,rgb_pca,0,1
0.8054043,3,rgb_pca,0,1
0.7744654,3,rgb_pca,0,1
0.77069473,3,rgb_pca,0,1
0.7849165,3,rgb_pca,0,1
0.7877352,3,rgb_pca,0,1
0.80765903,3,rgb_pca,0,1
0.7772974,3,rgb_pca,0,1
0.77411467,3,rgb_pca,0,1
0.7504339,3,rgb_pca,0,1
0.7726224,3,rgb_pca,0,1
0.7744165,3,rgb_pca,0,1
0.7474431,3,rgb_pca,0,1
0.72805953,3,rgb_pca,0,1
0.79580474,3,rgb_pca,0,1
0.8018973,3,rgb_pca,0,1
0.7806679,3,rgb_pca,0,1
0.76494443,3,rgb_pca,0,1
0.7152285,3,rgb_pca,0,1
0.72265553,3,rgb_pca,0,1
0.75247294,3,rgb_pca,0,1
0.76608706,3,rgb_pca,0,1
0.733521,3,rgb_pca,0,1
0.74361867,3,rgb_pca,0,1
0.78669345,3,rgb_pca,0,1
0.80097294,3,rgb_pca,0,1
0.7770577,3,rgb_pca,0,1
0.75495565,3,rgb_pca,0,1
0.7551965,3,rgb_pca,0,1
0.777886,3,rgb_pca,0,1
0.7824078,3,rgb_pca,0,1
0.7945366,3,rgb_pca,0,1
0.773883,3,rgb_pca,0,1
0.82859886,3,rgb_pca,0,1
0.7754236,3,rgb_pca,0,1
0.7785306,3,rgb_pca,0,1
0.766534,3,rgb_pca,0,1
0.79323363,3,rgb_pca,0,1
0.8021776,3,rgb_pca,0,1
0.78183705,3,rgb_pca,0,1
0.792693,3,rgb_pca,0,1
0.7898225,3,rgb_pca,0,1
0.79820806,3,rgb_pca,0,1
0.7684542,6,rgb_pca,0,1
0.72901034,6,rgb_pca,0,1
0.77370644,6,rgb_pca,0,1
0.7599361,6,rgb_pca,0,1
0.77279234,6,rgb_pca,0,1
0.7809112,6,rgb_pca,0,1
0.6753731,6,rgb_pca,0,1
0.63642275,6,rgb_pca,0,1
0.66759586,6,rgb_pca,0,1
0.7099058,6,rgb_pca,0,1
0.74466836,6,rgb_pca,0,1
0.7311872,6,rgb_pca,0,1
0.6624044,6,rgb_pca,0,1
0.6785048,6,rgb_pca,0,1
0.71190894,6,rgb_pca,0,1
0.77990365,6,rgb_pca,0,1
0.76390314,6,rgb_pca,0,1
0.66560686,6,rgb_pca,0,1
0.6493695,6,rgb_pca,0,1
0.767298,6,rgb_pca,0,1
0.66837656,6,rgb_pca,0,1
0.6698623,6,rgb_pca,0,1
0.80022824,6,rgb_pca,0,1
0.69795334,6,rgb_pca,0,1
0.73049283,6,rgb_pca,0,1
0.6800569,6,rgb_pca,0,1
0.6939523,6,rgb_pca,0,1
0.790439,6,rgb_pca,0,1
0.7034257,6,rgb_pca,0,1
0.77270705,6,rgb_pca,0,1
0.7407802,6,rgb_pca,0,1
0.7470629,6,rgb_pca,0,1
0.76981544,6,rgb_pca,0,1
0.7436519,6,rgb_pca,0,1
0.76167864,6,rgb_pca,0,1
0.7255849,6,rgb_pca,0,1
0.7095473,6,rgb_pca,0,1
0.73103136,6,rgb_pca,0,1
0.6746613,6,rgb_pca,0,1
0.6686124,6,rgb_pca,0,1
0.6624588,6,rgb_pca,0,1
0.67089343,6,rgb_pca,0,1
0.6953157,6,rgb_pca,0,1
0.7513957,6,rgb_pca,0,1
0.6985651,6,rgb_pca,0,1
0.70686764,6,rgb_pca,0,1
0.7190188,6,rgb_pca,0,1
0.72820294,6,rgb_pca,0,1
0.795691,6,rgb_pca,0,1
0.7325124,6,rgb_pca,0,1
0.71263754,6,rgb_pca,0,1
0.7920631,6,rgb_pca,0,1
0.6963949,6,rgb_pca,0,1
0.7473982,6,rgb_pca,0,1
0.82156426,6,rgb_pca,0,1
0.7310679,6,rgb_pca,0,1
0.79020244,6,rgb_pca,0,1
0.78651005,6,rgb_pca,0,1
0.76400614,6,rgb_pca,0,1
0.79080117,6,rgb_pca,0,1
0.7118919,6,rgb_pca,0,1
0.79321176,6,rgb_pca,0,1
0.76942825,6,rgb_pca,0,1
0.74154556,6,rgb_pca,0,1
0.7437756,3,rgb_pca,0,1
0.7057624,3,rgb_pca,0,1
0.6904416,3,rgb_pca,0,1
0.7246717,3,rgb_pca,0,1
0.7650993,3,rgb_pca,0,1
0.77237487,3,rgb_pca,0,1
0.7479229,3,rgb_pca,0,1
0.7582477,3,rgb_pca,0,1
0.79877925,3,rgb_pca,0,1
0.8039185,3,rgb_pca,0,1
0.767436,3,rgb_pca,0,1
0.7286154,3,rgb_pca,0,1
0.79273903,3,rgb_pca,0,1
0.82079047,3,rgb_pca,0,1
0.7848314,3,rgb_pca,0,1
0.7488617,3,rgb_pca,0,1
0.8336944,3,rgb_pca,0,1
0.8356811,3,rgb_pca,0,1
0.8308419,3,rgb_pca,0,1
0.7876415,3,rgb_pca,0,1
0.776696,3,rgb_pca,0,1
0.7883951,3,rgb_pca,0,1
0.75045574,3,rgb_pca,0,1
0.76598847,3,rgb_pca,0,1
0.81689584,3,rgb_pca,0,1
0.7995403,3,rgb_pca,0,1
0.79437643,3,rgb_pca,0,1
0.77343357,3,rgb_pca,0,1
0.7392478,3,rgb_pca,0,1
0.72159016,3,rgb_pca,0,1
0.68029404,3,rgb_pca,0,1
0.7254627,3,rgb_pca,0,1
0.69453156,3,rgb_pca,0,1
0.68652487,3,rgb_pca,0,1
0.7812301,3,rgb_pca,0,1
0.7699758,3,rgb_pca,0,1
0.735723,3,rgb_pca,0,1
0.71481335,3,rgb_pca,0,1
0.7116806,3,rgb_pca,0,1
0.6914672,3,rgb_pca,0,1
0.69865835,3,rgb_pca,0,1
0.7224176,3,rgb_pca,0,1
0.7687731,3,rgb_pca,0,1
0.8100686,3,rgb_pca,0,1
0.8127587,3,rgb_pca,0,1
0.7958444,3,rgb_pca,0,1
0.7760987,3,rgb_pca,0,1
0.76272607,3,rgb_pca,0,1
0.74198186,3,rgb_pca,0,1
0.73443115,3,rgb_pca,0,1
0.7856704,3,rgb_pca,0,1
0.81021726,3,rgb_pca,0,1
0.8014259,3,rgb_pca,0,1
0.7791859,3,rgb_pca,0,1
0.78385556,3,rgb_pca,0,1
0.7872405,3,rgb_pca,0,1
0.78917146,3,rgb_pca,0,1
0.79055977,3,rgb_pca,0,1
0.82136357,3,rgb_pca,0,1
0.8203509,3,rgb_pca,0,1
0.736462,3,rgb_pca,0,1
0.6946506,3,rgb_pca,0,1
0.6913455,3,rgb_pca,0,1
0.65809053,3,rgb_pca,0,1
0.72847694,3,rgb_pca,0,1
0.76532125,3,rgb_pca,0,1
0.75264263,3,rgb_pca,0,1
0.74597317,3,rgb_pca,0,1
0.74399215,3,rgb_pca,0,1
0.77521276,3,rgb_pca,0,1
0.73065835,3,rgb_pca,0,1
0.73243546,3,rgb_pca,0,1
0.78684163,3,rgb_pca,0,1
0.80034566,3,rgb_pca,0,1
0.7909677,3,rgb_pca,0,1
0.80669373,3,rgb_pca,0,1
0.7795874,3,rgb_pca,0,1
0.81089056,3,rgb_pca,0,1
0.806738,3,rgb_pca,0,1
0.7945028,3,rgb_pca,0,1
0.8051048,3,rgb_pca,0,1
0.8106349,3,rgb_pca,0,1
0.79808426,3,rgb_pca,0,1
0.82175684,3,rgb_pca,0,1
0.7627156,3,rgb_pca,0,1
0.7752497,3,rgb_pca,0,1
0.7736361,3,rgb_pca,0,1
0.7712699,3,rgb_pca,0,1
0.8012482,3,rgb_pca,0,1
0.79501486,3,rgb_pca,0,1
0.76674014,3,rgb_pca,0,1
0.7843386,3,rgb_pca,0,1
0.7850008,3,rgb_pca,0,1
0.77841717,3,rgb_pca,0,1
0.72973216,3,rgb_pca,0,1
0.72395504,3,rgb_pca,0,1
0.7324734,3,rgb_pca,0,1
0.75170827,3,rgb_pca,0,1
0.7748232,3,rgb_pca,0,1
0.7766522,3,rgb_pca,0,1
0.7756535,3,rgb_pca,0,1
0.7916815,3,rgb_pca,0,1
0.7970172,3,rgb_pca,0,1
0.73795825,3,rgb_pca,0,1
0.74535096,3,rgb_pca,0,1
0.7344785,3,rgb_pca,0,1
0.75884277,3,rgb_pca,0,1
0.7869624,3,rgb_pca,0,1
0.77950084,3,rgb_pca,0,1
0.7693252,3,rgb_pca,0,1
0.8112841,3,rgb_pca,0,1
0.71732175,3,rgb_pca,0,1
0.7510735,3,rgb_pca,0,1
0.740713,3,rgb_pca,0,1
0.7671131,3,rgb_pca,0,1
0.7833748,3,rgb_pca,0,1
0.7565073,3,rgb_pca,0,1
0.7646375,3,rgb_pca,0,1
0.76108897,3,rgb_pca,0,1
0.7882842,3,rgb_pca,0,1
0.73915714,2,rgb_pca,0,1
0.7916955,2,rgb_pca,0,1
0.7933535,2,rgb_pca,0,1
0.78799427,2,rgb_pca,0,1
0.7949537,2,rgb_pca,0,1
0.78005445,2,rgb_pca,0,1
0.82907015,2,rgb_pca,0,1
0.8266373,2,rgb_pca,0,1
0.797686,2,rgb_pca,0,1
0.83713645,2,rgb_pca,0,1
0.7577951,2,rgb_pca,0,1
0.7714343,2,rgb_pca,0,1
0.77383125,2,rgb_pca,0,1
0.8298074,2,rgb_pca,0,1
0.81025726,2,rgb_pca,0,1
0.7878018,2,rgb_pca,0,1
0.7908144,2,rgb_pca,0,1
0.77509975,2,rgb_pca,0,1
0.7837332,2,rgb_pca,0,1
0.776845,2,rgb_pca,0,1
0.8148442,2,rgb_pca,0,1
0.81750053,2,rgb_pca,0,1
0.7727416,2,rgb_pca,0,1
0.7612005,2,rgb_pca,0,1
0.75831723,2,rgb_pca,0,1
0.76700675,2,rgb_pca,0,1
0.74344176,2,rgb_pca,0,1
0.7885548,2,rgb_pca,0,1
0.8059708,2,rgb_pca,0,1
0.80916727,2,rgb_pca,0,1
0.82777166,2,rgb_pca,0,1
0.8441253,2,rgb_pca,0,1
0.74829936,2,rgb_pca,0,1
0.75691724,2,rgb_pca,0,1
0.74612224,2,rgb_pca,0,1
0.7814772,2,rgb_pca,0,1
0.8136557,2,rgb_pca,0,1
0.80560523,2,rgb_pca,0,1
0.8561583,2,rgb_pca,0,1
0.82921576,2,rgb_pca,0,1
0.7955693,2,rgb_pca,0,1
0.80444664,2,rgb_pca,0,1
0.7927074,2,rgb_pca,0,1
0.7976193,2,rgb_pca,0,1
0.83065367,2,rgb_pca,0,1
0.81190956,2,rgb_pca,0,1
0.8326067,2,rgb_pca,0,1
0.8370633,2,rgb_pca,0,1
0.8250805,2,rgb_pca,0,1
0.81931436,2,rgb_pca,0,1
0.81939274,2,rgb_pca,0,1
0.8240027,2,rgb_pca,0,1
0.8356351,2,rgb_pca,0,1
0.85475117,2,rgb_pca,0,1
0.8294147,2,rgb_pca,0,1
0.84304,2,rgb_pca,0,1
0.85119206,2,rgb_pca,0,1
0.8573408,2,rgb_pca,0,1
0.82943135,2,rgb_pca,0,1
0.854484,2,rgb_pca,0,1
0.8303863,2,rgb_pca,0,1
0.8287573,2,rgb_pca,0,1
0.86227965,2,rgb_pca,0,1
0.8334447,2,rgb_pca,0,1
0.73190296,2,rgb_pca,0,1
0.7601372,2,rgb_pca,0,1
0.8167013,2,rgb_pca,0,1
0.8412718,2,rgb_pca,0,1
0.80682874,2,rgb_pca,0,1
0.8167101,2,rgb_pca,0,1
0.76594234,2,rgb_pca,0,1
0.7743131,2,rgb_pca,0,1
0.83757514,2,rgb_pca,0,1
0.8280105,2,rgb_pca,0,1
0.7794729,2,rgb_pca,0,1
0.7908949,2,rgb_pca,0,1
0.8247809,2,rgb_pca,0,1
0.8236824,2,rgb_pca,0,1
0.74620557,2,rgb_pca,0,1
0.77178824,2,rgb_pca,0,1
0.7039877,2,rgb_pca,0,1
0.6718297,2,rgb_pca,0,1
0.799382,2,rgb_pca,0,1
0.7919548,2,rgb_pca,0,1
0.7519879,2,rgb_pca,0,1
0.793924,2,rgb_pca,0,1
0.813293,2,rgb_pca,0,1
0.79997766,2,rgb_pca,0,1
0.77080667,2,rgb_pca,0,1
0.7559991,2,rgb_pca,0,1
0.6415694,2,rgb_pca,0,1
0.5843829,2,rgb_pca,0,1
0.7636034,2,rgb_pca,0,1
0.7991923,2,rgb_pca,0,1
0.7705324,2,rgb_pca,0,1
0.7899617,2,rgb_pca,0,1
0.8059157,2,rgb_pca,0,1
0.7612946,2,rgb_pca,0,1
0.76247346,2,rgb_pca,0,1
0.63072,2,rgb_pca,0,1
0.5679273,2,rgb_pca,0,1
0.7469176,2,rgb_pca,0,1
0.77845347,2,rgb_pca,0,1
0.7562933,2,rgb_pca,0,1
0.81367457,2,rgb_pca,0,1
0.6877105,2,rgb_pca,0,1
0.7435137,2,rgb_pca,0,1
0.8136741,2,rgb_pca,0,1
0.72387064,2,rgb_pca,0,1
0.7710966,2,rgb_pca,0,1
0.791546,2,rgb_pca,0,1
0.7747145,2,rgb_pca,0,1
0.80299634,2,rgb_pca,0,1
0.77005386,2,rgb_pca,0,1
0.8194688,2,rgb_pca,0,1
0.81184113,2,rgb_pca,0,1
0.77022755,2,rgb_pca,0,1
0.82042986,2,rgb_pca,0,1
0.7003783,2,rgb_pca,0,1
0.75192976,2,rgb_pca,0,1
0.78168607,2,rgb_pca,0,1
0.85836536,2,rgb_pca,0,1
0.83581734,2,rgb_pca,0,1
0.77509797,2,rgb_pca,0,1
0.7962154,2,rgb_pca,0,1
0.7239193,2,rgb_pca,0,1
0.7346909,2,rgb_pca,0,1
0.7923865,2,rgb_pca,0,1
0.8619913,2,rgb_pca,0,1
0.85111237,2,rgb_pca,0,1
0.80444163,2,rgb_pca,0,1
0.83555555,2,rgb_pca,0,1
0.7603104,2,rgb_pca,0,1
0.763142,2,rgb_pca,0,1
0.8248036,2,rgb_pca,0,1
0.85116214,2,rgb_pca,0,1
0.82623386,2,rgb_pca,0,1
0.8147161,2,rgb_pca,0,1
0.82481146,2,rgb_pca,0,1
0.84462655,2,rgb_pca,0,1
0.8310657,2,rgb_pca,0,1
0.79208684,2,rgb_pca,0,1
0.79480064,2,rgb_pca,0,1
0.7466323,2,rgb_pca,0,1
0.79329693,2,rgb_pca,0,1
0.8091664,2,rgb_pca,0,1
0.8416673,2,rgb_pca,0,1
0.80933416,2,rgb_pca,0,1
0.7994517,2,rgb_pca,0,1
0.8337633,2,rgb_pca,0,1
0.85380924,2,rgb_pca,0,1
0.8259847,2,rgb_pca,0,1
0.81430626,2,rgb_pca,0,1
0.8083668,2,rgb_pca,0,1
0.77895296,2,rgb_pca,0,1
0.8089323,2,rgb_pca,0,1
0.84207547,2,rgb_pca,0,1
0.86763144,2,rgb_pca,0,1
0.83707863,2,rgb_pca,0,1
0.8010912,2,rgb_pca,0,1
0.84690696,2,rgb_pca,0,1
0.85624266,2,rgb_pca,0,1
0.8536788,2,rgb_pca,0,1
0.86467797,2,rgb_pca,0,1
0.8470954,2,rgb_pca,0,1
0.82961273,2,rgb_pca,0,1
0.7700256,2,rgb_pca,0,1
0.78458214,2,rgb_pca,0,1
0.7935266,2,rgb_pca,0,1
0.8231636,2,rgb_pca,0,1
0.85478055,2,rgb_pca,0,1
0.815269,2,rgb_pca,0,1
0.78944063,2,rgb_pca,0,1
0.8327261,2,rgb_pca,0,1
0.8370341,2,rgb_pca,0,1
0.85920495,2,rgb_pca,0,1
0.84762585,2,rgb_pca,0,1
0.8330236,2,rgb_pca,0,1
0.82399035,2,rgb_pca,0,1
0.7574179,2,rgb_pca,0,1
0.7879711,2,rgb_pca,0,1
0.80109656,2,rgb_pca,0,1
0.8371345,2,rgb_pca,0,1
0.88333595,2,rgb_pca,0,1
0.8565961,2,rgb_pca,0,1
0.81350946,2,rgb_pca,0,1
0.8655102,2,rgb_pca,0,1
0.85626554,2,rgb_pca,0,1
0.85752016,2,rgb_pca,0,1
0.86205447,2,rgb_pca,0,1
0.8566516,2,rgb_pca,0,1
0.84154296,2,rgb_pca,0,1
0.80586827,2,rgb_pca,0,1
0.73054636,2,rgb_pca,0,1
0.7347441,2,rgb_pca,0,1
0.74977255,2,rgb_pca,0,1
0.79985666,2,rgb_pca,0,1
0.835696,2,rgb_pca,0,1
0.85242784,2,rgb_pca,0,1
0.8227764,2,rgb_pca,0,1
0.79587024,2,rgb_pca,0,1
0.82286453,2,rgb_pca,0,1
0.8280995,2,rgb_pca,0,1
0.82303894,2,rgb_pca,0,1
0.8390115,2,rgb_pca,0,1
0.81648934,2,rgb_pca,0,1
0.819059,2,rgb_pca,0,1
0.8186048,2,rgb_pca,0,1
0.7179452,2,rgb_pca,0,1
0.7261652,2,rgb_pca,0,1
0.7522646,2,rgb_pca,0,1
0.8046851,2,rgb_pca,0,1
0.79012764,2,rgb_pca,0,1
0.8173366,2,rgb_pca,0,1
0.72879314,2,rgb_pca,0,1
0.68379474,2,rgb_pca,0,1
0.78330386,2,rgb_pca,0,1
0.7656891,2,rgb_pca,0,1
0.7775713,2,rgb_pca,0,1
0.7594931,2,rgb_pca,0,1
0.7939857,2,rgb_pca,0,1
0.783884,2,rgb_pca,0,1
0.7646248,2,rgb_pca,0,1
0.7776686,2,rgb_pca,0,1
0.76724434,2,rgb_pca,0,1
0.77594876,2,rgb_pca,0,1
0.7792641,2,rgb_pca,0,1
0.7795745,2,rgb_pca,0,1
0.79756206,2,rgb_pca,0,1
0.66489553,2,rgb_pca,0,1
0.55529565,2,rgb_pca,0,1
0.7048218,2,rgb_pca,0,1
0.7177917,2,rgb_pca,0,1
0.70363116,2,rgb_pca,0,1
0.7171993,2,rgb_pca,0,1
0.7771367,2,rgb_pca,0,1
0.80388737,2,rgb_pca,0,1
0.8134121,2,rgb_pca,0,1
0.8127482,2,rgb_pca,0,1
0.7899949,2,rgb_pca,0,1
0.81836665,2,rgb_pca,0,1
0.6546659,2,rgb_pca,0,1
0.5185276,2,rgb_pca,0,1
0.6865839,2,rgb_pca,0,1
0.7319939,2,rgb_pca,0,1
0.70951104,2,rgb_pca,0,1
0.7247818,2,rgb_pca,0,1
0.76537013,2,rgb_pca,0,1
0.78883076,2,rgb_pca,0,1
0.8319614,2,rgb_pca,0,1
0.7456839,2,rgb_pca,0,1
0.7693714,2,rgb_pca,0,1
0.83374363,2,rgb_pca,0,1
0.84425765,2,rgb_pca,0,1
0.8126781,2,rgb_pca,0,1
0.7947073,2,rgb_pca,0,1
0.8692075,2,rgb_pca,0,1
0.83475924,2,rgb_pca,0,1
0.82379854,2,rgb_pca,0,1
0.86050636,2,rgb_pca,0,1
0.8342439,2,rgb_pca,0,1
0.83892155,2,rgb_pca,0,1
0.8426905,2,rgb_pca,0,1
0.7868476,2,rgb_pca,0,1
0.85498303,2,rgb_pca,0,1
0.8378928,2,rgb_pca,0,1
0.7909491,2,rgb_pca,0,1
0.8173759,2,rgb_pca,0,1
0.77852863,2,rgb_pca,0,1
0.8737192,2,rgb_pca,0,1
0.8465314,2,rgb_pca,0,1
0.82561463,2,rgb_pca,0,1
0.82281804,2,rgb_pca,0,1
0.8321254,2,rgb_pca,0,1
0.86450505,2,rgb_pca,0,1
0.84263235,2,rgb_pca,0,1
0.78850937,2,rgb_pca,0,1
0.81054413,2,rgb_pca,0,1
0.8461901,2,rgb_pca,0,1
0.83747387,2,rgb_pca,0,1
0.8130356,2,rgb_pca,0,1
0.72466546,2,rgb_pca,0,1
0.7345854,2,rgb_pca,0,1
0.7578435,2,rgb_pca,0,1
0.8176092,2,rgb_pca,0,1
0.80602306,2,rgb_pca,0,1
0.7143757,2,rgb_pca,0,1
0.82846284,2,rgb_pca,0,1
0.7818934,2,rgb_pca,0,1
0.76628053,2,rgb_pca,0,1
0.7977511,6,rgb_pca,0,1
0.7479488,6,rgb_pca,0,1
0.65425235,6,rgb_pca,0,1
0.68721414,6,rgb_pca,0,1
0.8347375,6,rgb_pca,0,1
0.81604546,6,rgb_pca,0,1
0.80538905,6,rgb_pca,0,1
0.746833,6,rgb_pca,0,1
0.75094396,6,rgb_pca,0,1
0.7996137,6,rgb_pca,0,1
0.8018224,6,rgb_pca,0,1
0.81875086,6,rgb_pca,0,1
0.81799024,6,rgb_pca,0,1
0.7899595,6,rgb_pca,0,1
0.75180954,6,rgb_pca,0,1
0.7587216,6,rgb_pca,0,1
0.78255534,6,rgb_pca,0,1
0.8175518,6,rgb_pca,0,1
0.7659266,6,rgb_pca,0,1
0.76758456,6,rgb_pca,0,1
0.79595137,6,rgb_pca,0,1
0.7771282,6,rgb_pca,0,1
0.7515829,6,rgb_pca,0,1
0.68192387,6,rgb_pca,0,1
0.678355,6,rgb_pca,0,1
0.75937515,6,rgb_pca,0,1
0.77386713,6,rgb_pca,0,1
0.7805534,6,rgb_pca,0,1
0.76091266,6,rgb_pca,0,1
0.75343966,6,rgb_pca,0,1
0.74660134,6,rgb_pca,0,1
0.72901416,6,rgb_pca,0,1
0.75761795,6,rgb_pca,0,1
0.80870545,6,rgb_pca,0,1
0.80298126,6,rgb_pca,0,1
0.7565874,6,rgb_pca,0,1
0.7510159,6,rgb_pca,0,1
0.7784148,6,rgb_pca,0,1
0.7965249,6,rgb_pca,0,1
0.84218264,6,rgb_pca,0,1
0.8391012,6,rgb_pca,0,1
0.78313243,6,rgb_pca,0,1
0.7572981,6,rgb_pca,0,1
0.7806658,6,rgb_pca,0,1
0.8242483,6,rgb_pca,0,1
0.775203,6,rgb_pca,0,1
0.78551346,6,rgb_pca,0,1
0.8277874,6,rgb_pca,0,1
0.8030031,6,rgb_pca,0,1
0.8194324,6,rgb_pca,0,1
0.82846874,6,rgb_pca,0,1
0.771616,6,rgb_pca,0,1
0.73535115,6,rgb_pca,0,1
0.8408079,6,rgb_pca,0,1
0.82920885,6,rgb_pca,0,1
0.820156,6,rgb_pca,0,1
0.7431664,6,rgb_pca,0,1
0.7251983,6,rgb_pca,0,1
0.81767046,6,rgb_pca,0,1
0.81572485,6,rgb_pca,0,1
0.8191906,6,rgb_pca,0,1
0.81643784,6,rgb_pca,0,1
0.8100397,6,rgb_pca,0,1
0.7556335,6,rgb_pca,0,1
0.7448904,6,rgb_pca,0,1
0.7441838,6,rgb_pca,0,1
0.75549304,6,rgb_pca,0,1
0.7805406,6,rgb_pca,0,1
0.7524892,6,rgb_pca,0,1
0.76439095,6,rgb_pca,0,1
0.7896899,6,rgb_pca,0,1
0.78233755,6,rgb_pca,0,1
0.7244488,6,rgb_pca,0,1
0.7229105,6,rgb_pca,0,1
0.7759977,6,rgb_pca,0,1
0.7750207,6,rgb_pca,0,1
0.7960653,6,rgb_pca,0,1
0.7696183,6,rgb_pca,0,1
0.75807416,6,rgb_pca,0,1
0.77137434,6,rgb_pca,0,1
0.7620894,6,rgb_pca,0,1
0.81325614,6,rgb_pca,0,1
0.8255441,6,rgb_pca,0,1
0.8093617,6,rgb_pca,0,1
0.7844012,6,rgb_pca,0,1
0.7714696,6,rgb_pca,0,1
0.7977315,6,rgb_pca,0,1
0.8208066,6,rgb_pca,0,1
0.8392247,6,rgb_pca,0,1
0.8268416,6,rgb_pca,0,1
0.81046236,6,rgb_pca,0,1
0.79852825,6,rgb_pca,0,1
0.83030844,6,rgb_pca,0,1
0.8180975,6,rgb_pca,0,1
0.7922135,6,rgb_pca,0,1
0.8092555,6,rgb_pca,0,1
0.81135094,6,rgb_pca,0,1
0.808051,6,rgb_pca,0,1
0.67557746,2,rgb_pca,0,1
0.7515876,2,rgb_pca,0,1
0.7684928,2,rgb_pca,0,1
0.80008143,2,rgb_pca,0,1
0.8636761,2,rgb_pca,0,1
0.7644632,2,rgb_pca,0,1
0.82799226,2,rgb_pca,0,1
0.8219359,2,rgb_pca,0,1
0.78017133,2,rgb_pca,0,1
0.85336304,2,rgb_pca,0,1
0.76378137,2,rgb_pca,0,1
0.77117574,2,rgb_pca,0,1
0.7907934,2,rgb_pca,0,1
0.87675416,2,rgb_pca,0,1
0.8220747,2,rgb_pca,0,1
0.7811901,2,rgb_pca,0,1
0.84213066,2,rgb_pca,0,1
0.7825252,2,rgb_pca,0,1
0.8133776,2,rgb_pca,0,1
0.83120203,2,rgb_pca,0,1
0.87775946,2,rgb_pca,0,1
0.86474454,2,rgb_pca,0,1
0.8231685,2,rgb_pca,0,1
0.8641715,2,rgb_pca,0,1
0.73671037,2,rgb_pca,0,1
0.80184376,2,rgb_pca,0,1
0.8281766,2,rgb_pca,0,1
0.86026174,2,rgb_pca,0,1
0.874648,2,rgb_pca,0,1
0.862126,2,rgb_pca,0,1
0.8806597,2,rgb_pca,0,1
0.88502777,2,rgb_pca,0,1
0.7784517,2,rgb_pca,0,1
0.8038316,2,rgb_pca,0,1
0.7859665,2,rgb_pca,0,1
0.84116584,2,rgb_pca,0,1
0.8600869,2,rgb_pca,0,1
0.84835494,2,rgb_pca,0,1
0.8750222,2,rgb_pca,0,1
0.8691237,2,rgb_pca,0,1
0.82819986,2,rgb_pca,0,1
0.8521498,2,rgb_pca,0,1
0.83917487,2,rgb_pca,0,1
0.8526321,2,rgb_pca,0,1
0.8644526,2,rgb_pca,0,1
0.8449767,2,rgb_pca,0,1
0.8620163,2,rgb_pca,0,1
0.87183714,2,rgb_pca,0,1
0.8314527,2,rgb_pca,0,1
0.8488252,2,rgb_pca,0,1
0.842939,2,rgb_pca,0,1
0.8587752,2,rgb_pca,0,1
0.8782963,2,rgb_pca,0,1
0.86948466,2,rgb_pca,0,1
0.8630666,2,rgb_pca,0,1
0.879743,2,rgb_pca,0,1
0.8453444,2,rgb_pca,0,1
0.8592015,2,rgb_pca,0,1
0.8221371,2,rgb_pca,0,1
0.8564842,2,rgb_pca,0,1
0.8536031,2,rgb_pca,0,1
0.83212036,2,rgb_pca,0,1
0.8949584,2,rgb_pca,0,1
0.8620422,2,rgb_pca,0,1
0.7772962,2,rgb_pca,0,1
0.8023805,2,rgb_pca,0,1
0.8424333,2,rgb_pca,0,1
0.83807236,2,rgb_pca,0,1
0.7886533,2,rgb_pca,0,1
0.81275296,2,rgb_pca,0,1
0.7911905,2,rgb_pca,0,1
0.77520096,2,rgb_pca,0,1
0.81718946,2,rgb_pca,0,1
0.8568815,2,rgb_pca,0,1
0.770313,2,rgb_pca,0,1
0.8181912,2,rgb_pca,0,1
0.85981274,2,rgb_pca,0,1
0.8399097,2,rgb_pca,0,1
0.7509583,2,rgb_pca,0,1
0.7912223,2,rgb_pca,0,1
0.75337017,2,rgb_pca,0,1
0.6843374,2,rgb_pca,0,1
0.7908642,2,rgb_pca,0,1
0.79256904,2,rgb_pca,0,1
0.8218555,2,rgb_pca,0,1
0.8080635,2,rgb_pca,0,1
0.8239541,2,rgb_pca,0,1
0.8314409,2,rgb_pca,0,1
0.7675531,2,rgb_pca,0,1
0.77758527,2,rgb_pca,0,1
0.73060787,2,rgb_pca,0,1
0.63199425,2,rgb_pca,0,1
0.7567527,2,rgb_pca,0,1
0.7848615,2,rgb_pca,0,1
0.81566334,2,rgb_pca,0,1
0.7795801,2,rgb_pca,0,1
0.78214794,2,rgb_pca,0,1
0.7451356,2,rgb_pca,0,1
0.76853037,2,rgb_pca,0,1
0.7060386,2,rgb_pca,0,1
0.6192975,2,rgb_pca,0,1
0.71436256,2,rgb_pca,0,1
0.7556402,2,rgb_pca,0,1
0.74333507,2,rgb_pca,0,1
0.8139792,2,rgb_pca,0,1
0.7348196,2,rgb_pca,0,1
0.7546358,2,rgb_pca,0,1
0.8282284,2,rgb_pca,0,1
0.70903206,2,rgb_pca,0,1
0.8014004,2,rgb_pca,0,1
0.81415486,2,rgb_pca,0,1
0.8023911,2,rgb_pca,0,1
0.8462322,2,rgb_pca,0,1
0.7790764,2,rgb_pca,0,1
0.8506651,2,rgb_pca,0,1
0.8362975,2,rgb_pca,0,1
0.8240454,2,rgb_pca,0,1
0.88256633,2,rgb_pca,0,1
0.7518618,2,rgb_pca,0,1
0.7830162,2,rgb_pca,0,1
0.7847694,2,rgb_pca,0,1
0.8610063,2,rgb_pca,0,1
0.8654038,2,rgb_pca,0,1
0.8334738,2,rgb_pca,0,1
0.86728454,2,rgb_pca,0,1
0.8089214,2,rgb_pca,0,1
0.8199512,2,rgb_pca,0,1
0.7997831,2,rgb_pca,0,1
0.8825205,2,rgb_pca,0,1
0.874727,2,rgb_pca,0,1
0.823738,2,rgb_pca,0,1
0.8580635,2,rgb_pca,0,1
0.81617117,2,rgb_pca,0,1
0.8125073,2,rgb_pca,0,1
0.83276117,2,rgb_pca,0,1
0.85043526,2,rgb_pca,0,1
0.87042135,2,rgb_pca,0,1
0.83021843,2,rgb_pca,0,1
0.8596451,2,rgb_pca,0,1
0.84847903,2,rgb_pca,0,1
0.78448004,2,rgb_pca,0,1
0.73634654,2,rgb_pca,0,1
0.79496956,2,rgb_pca,0,1
0.75500935,2,rgb_pca,0,1
0.76500833,2,rgb_pca,0,1
0.7754141,2,rgb_pca,0,1
0.839198,2,rgb_pca,0,1
0.8454096,2,rgb_pca,0,1
0.81887823,2,rgb_pca,0,1
0.86351275,2,rgb_pca,0,1
0.8224057,2,rgb_pca,0,1
0.7618506,2,rgb_pca,0,1
0.7517145,2,rgb_pca,0,1
0.80332196,2,rgb_pca,0,1
0.8102846,2,rgb_pca,0,1
0.81251466,2,rgb_pca,0,1
0.8080741,2,rgb_pca,0,1
0.8649651,2,rgb_pca,0,1
0.8653462,2,rgb_pca,0,1
0.82969856,2,rgb_pca,0,1
0.86310446,2,rgb_pca,0,1
0.8383565,2,rgb_pca,0,1
0.8223907,2,rgb_pca,0,1
0.83644927,2,rgb_pca,0,1
0.8393713,2,rgb_pca,0,1
0.82166517,2,rgb_pca,0,1
0.781078,2,rgb_pca,0,1
0.80505335,2,rgb_pca,0,1
0.83048,2,rgb_pca,0,1
0.8451644,2,rgb_pca,0,1
0.8657937,2,rgb_pca,0,1
0.8589572,2,rgb_pca,0,1
0.86473155,2,rgb_pca,0,1
0.86839956,2,rgb_pca,0,1
0.8549148,2,rgb_pca,0,1
0.8597611,2,rgb_pca,0,1
0.8469701,2,rgb_pca,0,1
0.836555,2,rgb_pca,0,1
0.8481915,2,rgb_pca,0,1
0.80931085,2,rgb_pca,0,1
0.81216145,2,rgb_pca,0,1
0.833518,2,rgb_pca,0,1
0.8406111,2,rgb_pca,0,1
0.88677835,2,rgb_pca,0,1
0.87789816,2,rgb_pca,0,1
0.8520312,2,rgb_pca,0,1
0.8833091,2,rgb_pca,0,1
0.8684013,2,rgb_pca,0,1
0.85640365,2,rgb_pca,0,1
0.86072254,2,rgb_pca,0,1
0.83667445,2,rgb_pca,0,1
0.8481709,2,rgb_pca,0,1
0.83414996,2,rgb_pca,0,1
0.76284766,2,rgb_pca,0,1
0.77956384,2,rgb_pca,0,1
0.782514,2,rgb_pca,0,1
0.79321283,2,rgb_pca,0,1
0.8188131,2,rgb_pca,0,1
0.8543258,2,rgb_pca,0,1
0.8362618,2,rgb_pca,0,1
0.81521726,2,rgb_pca,0,1
0.8437866,2,rgb_pca,0,1
0.85015726,2,rgb_pca,0,1
0.8246135,2,rgb_pca,0,1
0.81093806,2,rgb_pca,0,1
0.8082098,2,rgb_pca,0,1
0.7673118,2,rgb_pca,0,1
0.77158177,2,rgb_pca,0,1
0.7508987,2,rgb_pca,0,1
0.7950196,2,rgb_pca,0,1
0.77402174,2,rgb_pca,0,1
0.7769118,2,rgb_pca,0,1
0.7752677,2,rgb_pca,0,1
0.8129829,2,rgb_pca,0,1
0.7530702,2,rgb_pca,0,1
0.6939176,2,rgb_pca,0,1
0.80023074,2,rgb_pca,0,1
0.7676047,2,rgb_pca,0,1
0.78602785,2,rgb_pca,0,1
0.7755312,2,rgb_pca,0,1
0.79321253,2,rgb_pca,0,1
0.78410697,2,rgb_pca,0,1
0.7178904,2,rgb_pca,0,1
0.81921387,2,rgb_pca,0,1
0.85415244,2,rgb_pca,0,1
0.824087,2,rgb_pca,0,1
0.8140663,2,rgb_pca,0,1
0.8005065,2,rgb_pca,0,1
0.8007028,2,rgb_pca,0,1
0.6938536,2,rgb_pca,0,1
0.5433898,2,rgb_pca,0,1
0.70357114,2,rgb_pca,0,1
0.72244155,2,rgb_pca,0,1
0.75361395,2,rgb_pca,0,1
0.769831,2,rgb_pca,0,1
0.7642013,2,rgb_pca,0,1
0.81595236,2,rgb_pca,0,1
0.85802305,2,rgb_pca,0,1
0.8168044,2,rgb_pca,0,1
0.7454095,2,rgb_pca,0,1
0.781453,2,rgb_pca,0,1
0.66599905,2,rgb_pca,0,1
0.51503515,2,rgb_pca,0,1
0.65458965,2,rgb_pca,0,1
0.7032932,2,rgb_pca,0,1
0.78725386,2,rgb_pca,0,1
0.8033445,2,rgb_pca,0,1
0.79164034,2,rgb_pca,0,1
0.7468486,2,rgb_pca,0,1
0.78592193,2,rgb_pca,0,1
0.7189932,2,rgb_pca,0,1
0.76723564,2,rgb_pca,0,1
0.8357941,2,rgb_pca,0,1
0.82965934,2,rgb_pca,0,1
0.8243246,2,rgb_pca,0,1
0.8074682,2,rgb_pca,0,1
0.818209,2,rgb_pca,0,1
0.8130213,2,rgb_pca,0,1
0.7832296,2,rgb_pca,0,1
0.8266815,2,rgb_pca,0,1
0.8112917,2,rgb_pca,0,1
0.81409204,2,rgb_pca,0,1
0.80078226,2,rgb_pca,0,1
0.7564887,2,rgb_pca,0,1
0.8429315,2,rgb_pca,0,1
0.80604506,2,rgb_pca,0,1
0.79266924,2,rgb_pca,0,1
0.8032816,2,rgb_pca,0,1
0.7831669,2,rgb_pca,0,1
0.84562486,2,rgb_pca,0,1
0.8099853,2,rgb_pca,0,1
0.8120308,2,rgb_pca,0,1
0.82041436,2,rgb_pca,0,1
0.80305,2,rgb_pca,0,1
0.82019746,2,rgb_pca,0,1
0.8132255,2,rgb_pca,0,1
0.8072415,2,rgb_pca,0,1
0.7968457,2,rgb_pca,0,1
0.8121509,2,rgb_pca,0,1
0.8028985,2,rgb_pca,0,1
0.7746579,2,rgb_pca,0,1
0.78648484,2,rgb_pca,0,1
0.81086814,2,rgb_pca,0,1
0.80431813,2,rgb_pca,0,1
0.7898622,2,rgb_pca,0,1
0.77827954,2,rgb_pca,0,1
0.757561,2,rgb_pca,0,1
0.76884836,2,rgb_pca,0,1
0.7459326,2,rgb_pca,0,1
0.75659835,2,rgb_pca,0,1
0.80590594,6,rgb_pca,0,1
0.76621413,6,rgb_pca,0,1
0.7574965,6,rgb_pca,0,1
0.75463456,6,rgb_pca,0,1
0.82939565,6,rgb_pca,0,1
0.83015954,6,rgb_pca,0,1
0.80346966,6,rgb_pca,0,1
0.75886315,6,rgb_pca,0,1
0.7853215,6,rgb_pca,0,1
0.7686378,6,rgb_pca,0,1
0.79460686,6,rgb_pca,0,1
0.81909084,6,rgb_pca,0,1
0.8399563,6,rgb_pca,0,1
0.8336419,6,rgb_pca,0,1
0.8027156,6,rgb_pca,0,1
0.8112305,6,rgb_pca,0,1
0.81310344,6,rgb_pca,0,1
0.80826604,6,rgb_pca,0,1
0.7625072,6,rgb_pca,0,1
0.79407454,6,rgb_pca,0,1
0.81765175,6,rgb_pca,0,1
0.81983554,6,rgb_pca,0,1
0.8124021,6,rgb_pca,0,1
0.7952088,6,rgb_pca,0,1
0.81017524,6,rgb_pca,0,1
0.7856482,6,rgb_pca,0,1
0.8102646,6,rgb_pca,0,1
0.82951427,6,rgb_pca,0,1
0.8212197,6,rgb_pca,0,1
0.79047567,6,rgb_pca,0,1
0.76125324,6,rgb_pca,0,1
0.78644,6,rgb_pca,0,1
0.80429757,6,rgb_pca,0,1
0.8242101,6,rgb_pca,0,1
0.81866825,6,rgb_pca,0,1
0.8222424,6,rgb_pca,0,1
0.7906896,6,rgb_pca,0,1
0.77695805,6,rgb_pca,0,1
0.8093534,6,rgb_pca,0,1
0.81892055,6,rgb_pca,0,1
0.81568754,6,rgb_pca,0,1
0.8154106,6,rgb_pca,0,1
0.80183023,6,rgb_pca,0,1
0.8091762,6,rgb_pca,0,1
0.8184135,6,rgb_pca,0,1
0.7792063,6,rgb_pca,0,1
0.78315127,6,rgb_pca,0,1
0.78695285,6,rgb_pca,0,1
0.742899,6,rgb_pca,0,1
0.7837267,6,rgb_pca,0,1
0.75970197,6,rgb_pca,0,1
0.74837947,6,rgb_pca,0,1
0.7629645,6,rgb_pca,0,1
0.80905455,6,rgb_pca,0,1
0.81585515,6,rgb_pca,0,1
0.796941,6,rgb_pca,0,1
0.78110754,6,rgb_pca,0,1
0.7857081,6,rgb_pca,0,1
0.7825638,6,rgb_pca,0,1
0.7932619,6,rgb_pca,0,1
0.82290924,6,rgb_pca,0,1
0.83644944,6,rgb_pca,0,1
0.8338271,6,rgb_pca,0,1
0.8104313,6,rgb_pca,0,1
0.81709397,6,rgb_pca,0,1
0.81976354,6,rgb_pca,0,1
0.8306705,6,rgb_pca,0,1
0.79355896,6,rgb_pca,0,1
0.80556345,6,rgb_pca,0,1
0.8226899,6,rgb_pca,0,1
0.8113755,6,rgb_pca,0,1
0.80269396,6,rgb_pca,0,1
0.78146577,6,rgb_pca,0,1
0.7746209,6,rgb_pca,0,1
0.777357,6,rgb_pca,0,1
0.8091967,6,rgb_pca,0,1
0.8155002,6,rgb_pca,0,1
0.79135,6,rgb_pca,0,1
0.7686852,6,rgb_pca,0,1
0.75463253,6,rgb_pca,0,1
0.73767364,6,rgb_pca,0,1
0.79974115,6,rgb_pca,0,1
0.83538437,6,rgb_pca,0,1
0.8268442,6,rgb_pca,0,1
0.79485095,6,rgb_pca,0,1
0.74434507,6,rgb_pca,0,1
0.7208595,6,rgb_pca,0,1
0.83428115,6,rgb_pca,0,1
0.8359488,6,rgb_pca,0,1
0.8240232,6,rgb_pca,0,1
0.8196409,6,rgb_pca,0,1
0.7910624,6,rgb_pca,0,1
0.76399374,6,rgb_pca,0,1
0.82984364,6,rgb_pca,0,1
0.79758507,6,rgb_pca,0,1
0.7661599,6,rgb_pca,0,1
0.8081142,6,rgb_pca,0,1
0.78373384,6,rgb_pca,0,1
0.6889914,4,rgb_pca,0,1
0.6943509,4,rgb_pca,0,1
0.66069114,4,rgb_pca,0,1
0.6781835,4,rgb_pca,0,1
0.6451056,4,rgb_pca,0,1
0.67177546,4,rgb_pca,0,1
0.6648491,4,rgb_pca,0,1
0.7282692,4,rgb_pca,0,1
0.69659877,4,rgb_pca,0,1
0.69473416,4,rgb_pca,0,1
0.6872252,4,rgb_pca,0,1
0.7436384,4,rgb_pca,0,1
0.7646043,4,rgb_pca,0,1
0.750983,4,rgb_pca,0,1
0.7494159,4,rgb_pca,0,1
0.7830639,4,rgb_pca,0,1
0.7041908,4,rgb_pca,0,1
0.7211685,4,rgb_pca,0,1
0.7398757,4,rgb_pca,0,1
0.77894545,4,rgb_pca,0,1
0.6811172,4,rgb_pca,0,1
0.7111056,4,rgb_pca,0,1
0.70750815,4,rgb_pca,0,1
0.7189486,4,rgb_pca,0,1
0.7114942,4,rgb_pca,0,1
0.7261853,4,rgb_pca,0,1
0.70109665,4,rgb_pca,0,1
0.7077222,4,rgb_pca,0,1
0.70556647,4,rgb_pca,0,1
0.72080415,4,rgb_pca,0,1
0.7352953,4,rgb_pca,0,1
0.73832095,4,rgb_pca,0,1
0.76477134,4,rgb_pca,0,1
0.76899755,4,rgb_pca,0,1
0.76327026,4,rgb_pca,0,1
0.7891959,4,rgb_pca,0,1
0.73852485,4,rgb_pca,0,1
0.69127214,4,rgb_pca,0,1
0.7638654,4,rgb_pca,0,1
0.78776085,4,rgb_pca,0,1
0.7093178,4,rgb_pca,0,1
0.70170164,4,rgb_pca,0,1
0.7530374,4,rgb_pca,0,1
0.78825176,4,rgb_pca,0,1
0.7330566,4,rgb_pca,0,1
0.75397545,4,rgb_pca,0,1
0.69312555,4,rgb_pca,0,1
0.7216582,4,rgb_pca,0,1
0.7162347,4,rgb_pca,0,1
0.71059227,4,rgb_pca,0,1
0.71889424,4,rgb_pca,0,1
0.75853634,4,rgb_pca,0,1
0.70460767,4,rgb_pca,0,1
0.712065,4,rgb_pca,0,1
0.71273255,4,rgb_pca,0,1
0.7208239,4,rgb_pca,0,1
0.70440257,4,rgb_pca,0,1
0.7489847,4,rgb_pca,0,1
0.75969577,4,rgb_pca,0,1
0.7324528,4,rgb_pca,0,1
0.76084745,4,rgb_pca,0,1
0.74161375,4,rgb_pca,0,1
0.7205754,4,rgb_pca,0,1
0.7198566,4,rgb_pca,0,1
0.7416906,4,rgb_pca,0,1
0.7054877,4,rgb_pca,0,1
0.7387924,4,rgb_pca,0,1
0.74375796,4,rgb_pca,0,1
0.7319149,4,rgb_pca,0,1
0.7778902,4,rgb_pca,0,1
0.77581817,4,rgb_pca,0,1
0.771722,4,rgb_pca,0,1
0.76010644,4,rgb_pca,0,1
0.6744211,4,rgb_pca,0,1
0.724446,4,rgb_pca,0,1
0.7605646,4,rgb_pca,0,1
0.7503097,4,rgb_pca,0,1
0.79847443,4,rgb_pca,0,1
0.7876969,4,rgb_pca,0,1
0.7774761,4,rgb_pca,0,1
0.66985613,4,rgb_pca,0,1
0.70787567,4,rgb_pca,0,1
0.7398598,4,rgb_pca,0,1
0.72664446,4,rgb_pca,0,1
0.76818454,4,rgb_pca,0,1
0.7300266,4,rgb_pca,0,1
0.7600052,4,rgb_pca,0,1
0.66923624,4,rgb_pca,0,1
0.69969475,4,rgb_pca,0,1
0.73272634,4,rgb_pca,0,1
0.71929747,4,rgb_pca,0,1
0.770525,4,rgb_pca,0,1
0.70054245,4,rgb_pca,0,1
0.69363326,4,rgb_pca,0,1
0.7298782,4,rgb_pca,0,1
0.7523874,4,rgb_pca,0,1
0.7584313,4,rgb_pca,0,1
0.74285066,4,rgb_pca,0,1
0.763107,4,rgb_pca,0,1
0.6561412,4,rgb_pca,0,1
0.7183629,4,rgb_pca,0,1
0.7425746,4,rgb_pca,0,1
0.71373105,4,rgb_pca,0,1
0.7501533,4,rgb_pca,0,1
0.7788197,4,rgb_pca,0,1
0.74452674,4,rgb_pca,0,1
0.75307333,4,rgb_pca,0,1
0.74597424,4,rgb_pca,0,1
0.6888457,4,rgb_pca,0,1
0.7213496,4,rgb_pca,0,1
0.7704731,4,rgb_pca,0,1
0.7830502,4,rgb_pca,0,1
0.69011074,4,rgb_pca,0,1
0.70911914,4,rgb_pca,0,1
0.76794493,4,rgb_pca,0,1
0.7831804,4,rgb_pca,0,1
0.76667815,4,rgb_pca,0,1
0.7519731,4,rgb_pca,0,1
0.70127356,4,rgb_pca,0,1
0.6894394,4,rgb_pca,0,1
0.7387643,4,rgb_pca,0,1
0.7231798,4,rgb_pca,0,1
0.70432043,4,rgb_pca,0,1
0.6955081,4,rgb_pca,0,1
0.78682774,4,rgb_pca,0,1
0.75763196,4,rgb_pca,0,1
0.7297154,4,rgb_pca,0,1
0.72830033,4,rgb_pca,0,1
0.7109823,4,rgb_pca,0,1
0.7920178,4,rgb_pca,0,1
0.75257015,4,rgb_pca,0,1
0.73329735,4,rgb_pca,0,1
0.73913944,4,rgb_pca,0,1
0.79202354,4,rgb_pca,0,1
0.76580197,4,rgb_pca,0,1
0.75533617,4,rgb_pca,0,1
0.78308684,4,rgb_pca,0,1
0.7594597,4,rgb_pca,0,1
0.7949313,4,rgb_pca,0,1
0.7508364,4,rgb_pca,0,1
0.7204031,4,rgb_pca,0,1
0.749897,4,rgb_pca,0,1
0.73812824,4,rgb_pca,0,1
0.7468734,4,rgb_pca,0,1
0.66693217,4,rgb_pca,0,1
0.6956639,4,rgb_pca,0,1
0.6381192,4,rgb_pca,0,1
0.6541292,4,rgb_pca,0,1
0.684773,4,rgb_pca,0,1
0.6740339,4,rgb_pca,0,1
0.6315185,4,rgb_pca,0,1
0.72183734,4,rgb_pca,0,1
0.67619026,4,rgb_pca,0,1
0.6545992,4,rgb_pca,0,1
0.63667285,4,rgb_pca,0,1
0.7370969,4,rgb_pca,0,1
0.67120034,4,rgb_pca,0,1
0.6236496,4,rgb_pca,0,1
0.6848335,4,rgb_pca,0,1
0.7529588,4,rgb_pca,0,1
0.6606452,4,rgb_pca,0,1
0.6584054,4,rgb_pca,0,1
0.71221334,4,rgb_pca,0,1
0.760213,4,rgb_pca,0,1
0.674721,4,rgb_pca,0,1
0.6834581,4,rgb_pca,0,1
0.6928365,4,rgb_pca,0,1
0.7193495,4,rgb_pca,0,1
0.6144127,4,rgb_pca,0,1
0.5853915,4,rgb_pca,0,1
0.5704856,4,rgb_pca,0,1
0.6567761,4,rgb_pca,0,1
0.5949138,4,rgb_pca,0,1
0.56377685,4,rgb_pca,0,1
0.531296,4,rgb_pca,0,1
0.63265055,4,rgb_pca,0,1
0.73624945,4,rgb_pca,0,1
0.72846246,4,rgb_pca,0,1
0.76594025,4,rgb_pca,0,1
0.77142864,4,rgb_pca,0,1
0.74164414,4,rgb_pca,0,1
0.7918874,4,rgb_pca,0,1
0.77290404,4,rgb_pca,0,1
0.77510655,4,rgb_pca,0,1
0.73460686,4,rgb_pca,0,1
0.79349566,4,rgb_pca,0,1
0.8060452,4,rgb_pca,0,1
0.7818527,4,rgb_pca,0,1
0.72360635,4,rgb_pca,0,1
0.7478454,4,rgb_pca,0,1
0.7149236,4,rgb_pca,0,1
0.73836845,4,rgb_pca,0,1
0.7429427,4,rgb_pca,0,1
0.70970917,4,rgb_pca,0,1
0.71189815,4,rgb_pca,0,1
0.7442008,4,rgb_pca,0,1
0.68266594,4,rgb_pca,0,1
0.7377404,4,rgb_pca,0,1
0.7334399,4,rgb_pca,0,1
0.70947236,4,rgb_pca,0,1
0.7298029,4,rgb_pca,0,1
0.7553318,4,rgb_pca,0,1
0.7485976,4,rgb_pca,0,1
0.7323669,4,rgb_pca,0,1
0.7693144,4,rgb_pca,0,1
0.713461,4,rgb_pca,0,1
0.7021789,4,rgb_pca,0,1
0.76766,4,rgb_pca,0,1
0.75258344,4,rgb_pca,0,1
0.7349815,4,rgb_pca,0,1
0.73865557,4,rgb_pca,0,1
0.7561555,4,rgb_pca,0,1
0.7483568,4,rgb_pca,0,1
0.75781024,4,rgb_pca,0,1
0.73850584,4,rgb_pca,0,1
0.7289877,4,rgb_pca,0,1
0.7709734,4,rgb_pca,0,1
0.72374195,4,rgb_pca,0,1
0.7383908,4,rgb_pca,0,1
0.7724832,4,rgb_pca,0,1
0.7525535,4,rgb_pca,0,1
0.76130974,4,rgb_pca,0,1
0.76493543,4,rgb_pca,0,1
0.7855916,4,rgb_pca,0,1
0.6813428,4,rgb_pca,0,1
0.7130781,4,rgb_pca,0,1
0.7580137,4,rgb_pca,0,1
0.71566963,4,rgb_pca,0,1
0.72947174,4,rgb_pca,0,1
0.74335396,4,rgb_pca,0,1
0.76325136,4,rgb_pca,0,1
0.63825095,4,rgb_pca,0,1
0.699566,4,rgb_pca,0,1
0.738461,4,rgb_pca,0,1
0.72766656,4,rgb_pca,0,1
0.7264448,4,rgb_pca,0,1
0.72498053,4,rgb_pca,0,1
0.7693198,4,rgb_pca,0,1
0.67055404,4,rgb_pca,0,1
0.714151,4,rgb_pca,0,1
0.7762047,4,rgb_pca,0,1
0.7113239,4,rgb_pca,0,1
0.7254207,4,rgb_pca,0,1
0.659347,4,rgb_pca,0,1
0.6982829,4,rgb_pca,0,1
0.749146,4,rgb_pca,0,1
0.6768423,4,rgb_pca,0,1
0.6824159,4,rgb_pca,0,1
0.7827117,4,rgb_pca,0,1
0.7161305,4,rgb_pca,0,1
0.7989085,4,rgb_pca,0,1
0.7500298,4,rgb_pca,0,1
0.7802039,4,rgb_pca,0,1
0.7738962,4,rgb_pca,0,1
0.80224013,4,rgb_pca,0,1
0.77204,4,rgb_pca,0,1
0.75127816,4,rgb_pca,0,1
0.7770035,4,rgb_pca,0,1
0.7949542,4,rgb_pca,0,1
0.782192,4,rgb_pca,0,1
0.7045858,4,rgb_pca,0,1
0.7615964,4,rgb_pca,0,1
0.75792956,4,rgb_pca,0,1
0.76954293,4,rgb_pca,0,1
0.62911767,4,rgb_pca,0,1
0.71327907,4,rgb_pca,0,1
0.68202657,4,rgb_pca,0,1
0.6897304,4,rgb_pca,0,1
0.74783,4,rgb_pca,0,1
0.72144794,4,rgb_pca,0,1
0.7221564,4,rgb_pca,0,1
0.71335036,4,rgb_pca,0,1
0.68190587,4,rgb_pca,0,1
0.7901113,4,rgb_pca,0,1
0.7512463,4,rgb_pca,0,1
0.7360641,4,rgb_pca,0,1
0.72833276,4,rgb_pca,0,1
0.79341614,4,rgb_pca,0,1
0.76360285,4,rgb_pca,0,1
0.75891393,4,rgb_pca,0,1
0.78644115,4,rgb_pca,0,1
0.76028246,4,rgb_pca,0,1
0.74448276,4,rgb_pca,0,1
0.7871344,4,rgb_pca,0,1
0.76693344,4,rgb_pca,0,1
0.74845695,4,rgb_pca,0,1
0.7736883,4,rgb_pca,0,1
0.73279685,4,rgb_pca,0,1
0.7856989,6,rgb_pca,0,1
0.79726595,6,rgb_pca,0,1
0.8137158,6,rgb_pca,0,1
0.7525068,6,rgb_pca,0,1
0.7358928,6,rgb_pca,0,1
0.7663168,6,rgb_pca,0,1
0.77414095,6,rgb_pca,0,1
0.8168473,6,rgb_pca,0,1
0.65377533,6,rgb_pca,0,1
0.7734746,6,rgb_pca,0,1
0.78540814,6,rgb_pca,0,1
0.77160716,6,rgb_pca,0,1
0.79458874,6,rgb_pca,0,1
0.66404194,6,rgb_pca,0,1
0.7657822,6,rgb_pca,0,1
0.77178454,6,rgb_pca,0,1
0.7447711,6,rgb_pca,0,1
0.7704148,6,rgb_pca,0,1
0.77583313,6,rgb_pca,0,1
0.7611437,6,rgb_pca,0,1
0.76840717,6,rgb_pca,0,1
0.7343581,6,rgb_pca,0,1
0.72292376,6,rgb_pca,0,1
0.73790634,6,rgb_pca,0,1
0.78952324,6,rgb_pca,0,1
0.7714361,6,rgb_pca,0,1
0.7983097,6,rgb_pca,0,1
0.7392844,6,rgb_pca,0,1
0.7484737,6,rgb_pca,0,1
0.7499097,6,rgb_pca,0,1
0.77008235,6,rgb_pca,0,1
0.78014296,6,rgb_pca,0,1
0.7637129,6,rgb_pca,0,1
0.75757045,6,rgb_pca,0,1
0.7651327,6,rgb_pca,0,1
0.73925734,6,rgb_pca,0,1
0.7413597,6,rgb_pca,0,1
0.77271646,6,rgb_pca,0,1
0.7117996,6,rgb_pca,0,1
0.7730715,6,rgb_pca,0,1
0.7132375,6,rgb_pca,0,1
0.6938039,6,rgb_pca,0,1
0.74431914,6,rgb_pca,0,1
0.7004967,6,rgb_pca,0,1
0.76578975,6,rgb_pca,0,1
0.7985875,6,rgb_pca,0,1
0.81679004,6,rgb_pca,0,1
0.76105994,6,rgb_pca,0,1
0.75557166,6,rgb_pca,0,1
0.7839417,6,rgb_pca,0,1
0.76026106,6,rgb_pca,0,1
0.76153827,6,rgb_pca,0,1
0.7059487,6,rgb_pca,0,1
0.7531469,6,rgb_pca,0,1
0.7823442,6,rgb_pca,0,1
0.7906303,6,rgb_pca,0,1
0.80376256,6,rgb_pca,0,1
0.6698952,6,rgb_pca,0,1
0.7428985,6,rgb_pca,0,1
0.7573664,6,rgb_pca,0,1
0.7597696,6,rgb_pca,0,1
0.80455685,6,rgb_pca,0,1
0.7871665,6,rgb_pca,0,1
0.7784463,6,rgb_pca,0,1
0.8042538,6,rgb_pca,0,1
0.77255964,6,rgb_pca,0,1
0.7586938,6,rgb_pca,0,1
0.74576515,6,rgb_pca,0,1
0.80048853,6,rgb_pca,0,1
0.778123,6,rgb_pca,0,1
0.7914344,6,rgb_pca,0,1
0.7646829,6,rgb_pca,0,1
0.75957817,6,rgb_pca,0,1
0.7351241,6,rgb_pca,0,1
0.8277418,6,rgb_pca,0,1
0.8034086,6,rgb_pca,0,1
0.82225543,6,rgb_pca,0,1
0.79947793,6,rgb_pca,0,1
0.83508945,6,rgb_pca,0,1
0.8024241,6,rgb_pca,0,1
0.75127465,6,rgb_pca,0,1
0.7137795,6,rgb_pca,0,1
0.67043984,6,rgb_pca,0,1
0.809685,6,rgb_pca,0,1
0.7610576,6,rgb_pca,0,1
0.71884644,6,rgb_pca,0,1
0.6966282,6,rgb_pca,0,1
0.6748858,6,rgb_pca,0,1
0.78325605,6,rgb_pca,0,1
0.7429787,6,rgb_pca,0,1
0.7661286,6,rgb_pca,0,1
0.7659811,6,rgb_pca,0,1
0.7162431,6,rgb_pca,0,1
0.69499934,6,rgb_pca,0,1
0.7101847,6,rgb_pca,0,1
0.73210025,6,rgb_pca,0,1
0.7599774,6,rgb_pca,0,1
0.74797165,6,rgb_pca,0,1
0.7675516,6,rgb_pca,0,1
0.7675723,6,rgb_pca,0,1
0.73546886,6,rgb_pca,0,1
0.7441775,6,rgb_pca,0,1
0.7703888,6,rgb_pca,0,1
0.7474059,6,rgb_pca,0,1
0.73255575,6,rgb_pca,0,1
0.75688756,6,rgb_pca,0,1
0.7406765,6,rgb_pca,0,1
0.7894391,6,rgb_pca,0,1
0.73193496,6,rgb_pca,0,1
0.7115965,6,rgb_pca,0,1
0.7345011,6,rgb_pca,0,1
0.7189519,6,rgb_pca,0,1
0.70173323,6,rgb_pca,0,1
0.7344446,6,rgb_pca,0,1
0.71445435,6,rgb_pca,0,1
0.75968134,6,rgb_pca,0,1
0.7632946,6,rgb_pca,0,1
0.7607953,6,rgb_pca,0,1
0.76164573,6,rgb_pca,0,1
0.7219993,6,rgb_pca,0,1
0.71169084,6,rgb_pca,0,1
0.7015234,6,rgb_pca,0,1
0.69444543,6,rgb_pca,0,1
0.7517806,6,rgb_pca,0,1
0.7890531,6,rgb_pca,0,1
0.7708607,6,rgb_pca,0,1
0.7757367,6,rgb_pca,0,1
0.76085114,6,rgb_pca,0,1
0.77408516,6,rgb_pca,0,1
0.76746637,6,rgb_pca,0,1
0.7398642,6,rgb_pca,0,1
0.7722156,6,rgb_pca,0,1
0.76292676,6,rgb_pca,0,1
0.7543025,6,rgb_pca,0,1
0.75905275,6,rgb_pca,0,1
0.7335756,6,rgb_pca,0,1
0.7407476,6,rgb_pca,0,1
0.78804207,6,rgb_pca,0,1
0.7854235,6,rgb_pca,0,1
0.81413823,6,rgb_pca,0,1
0.7696073,6,rgb_pca,0,1
0.7625351,6,rgb_pca,0,1
0.73216045,6,rgb_pca,0,1
0.7129588,6,rgb_pca,0,1
0.7348039,6,rgb_pca,0,1
0.7790705,6,rgb_pca,0,1
0.77560115,6,rgb_pca,0,1
0.8029134,6,rgb_pca,0,1
0.71041924,6,rgb_pca,0,1
0.6998347,6,rgb_pca,0,1
0.7241049,6,rgb_pca,0,1
0.7963475,6,rgb_pca,0,1
0.71207416,6,rgb_pca,0,1
0.70249206,6,rgb_pca,0,1
0.7006826,6,rgb_pca,0,1
0.81174636,6,rgb_pca,0,1
0.76107395,6,rgb_pca,0,1
0.710998,6,rgb_pca,0,1
0.70831895,6,rgb_pca,0,1
0.72423327,6,rgb_pca,0,1
0.71676236,6,rgb_pca,0,1
0.7109982,6,rgb_pca,0,1
0.69337535,6,rgb_pca,0,1
0.7050837,6,rgb_pca,0,1
0.72811574,6,rgb_pca,0,1
0.7151326,6,rgb_pca,0,1
0.762383,6,rgb_pca,0,1
0.7585288,6,rgb_pca,0,1
0.6658561,6,rgb_pca,0,1
0.67541146,6,rgb_pca,0,1
0.7252581,6,rgb_pca,0,1
0.7402218,6,rgb_pca,0,1
0.7496913,6,rgb_pca,0,1
0.7590146,6,rgb_pca,0,1
0.72539425,6,rgb_pca,0,1
0.789225,6,rgb_pca,0,1
0.74684256,6,rgb_pca,0,1
0.67679226,6,rgb_pca,0,1
0.70235723,6,rgb_pca,0,1
0.7245548,6,rgb_pca,0,1
0.7196474,6,rgb_pca,0,1
0.7351663,6,rgb_pca,0,1
0.7323618,6,rgb_pca,0,1
0.80409324,6,rgb_pca,0,1
0.7415334,6,rgb_pca,0,1
0.7044244,6,rgb_pca,0,1
0.7347338,6,rgb_pca,0,1
0.7440988,6,rgb_pca,0,1
0.7474828,6,rgb_pca,0,1
0.7359978,6,rgb_pca,0,1
0.722126,6,rgb_pca,0,1
0.7799269,6,rgb_pca,0,1
0.7787761,6,rgb_pca,0,1
0.73006135,6,rgb_pca,0,1
0.7487847,6,rgb_pca,0,1
0.749821,6,rgb_pca,0,1
0.7643886,6,rgb_pca,0,1
0.7577839,6,rgb_pca,0,1
0.7180439,6,rgb_pca,0,1
0.79503226,6,rgb_pca,0,1
0.6861234,6,rgb_pca,0,1
0.7189754,6,rgb_pca,0,1
0.75116396,6,rgb_pca,0,1
0.7255273,6,rgb_pca,0,1
0.7412848,6,rgb_pca,0,1
0.7772894,6,rgb_pca,0,1
0.7441876,6,rgb_pca,0,1
0.8070364,6,rgb_pca,0,1
0.69622153,6,rgb_pca,0,1
0.7176409,6,rgb_pca,0,1
0.7047936,6,rgb_pca,0,1
0.6878452,6,rgb_pca,0,1
0.71656674,6,rgb_pca,0,1
0.7301415,6,rgb_pca,0,1
0.70338666,6,rgb_pca,0,1
0.797712,6,rgb_pca,0,1
0.6994878,6,rgb_pca,0,1
0.6718308,6,rgb_pca,0,1
0.65848786,6,rgb_pca,0,1
0.7358508,6,rgb_pca,0,1
0.69471383,6,rgb_pca,0,1
0.6967151,6,rgb_pca,0,1
0.6543479,6,rgb_pca,0,1
0.74013305,6,rgb_pca,0,1
0.732314,5,rgb_pca,0,1
0.6830977,5,rgb_pca,0,1
0.6918316,5,rgb_pca,0,1
0.74228066,5,rgb_pca,0,1
0.6674981,5,rgb_pca,0,1
0.6318634,5,rgb_pca,0,1
0.67851925,5,rgb_pca,0,1
0.6845908,5,rgb_pca,0,1
0.7021263,5,rgb_pca,0,1
0.62262917,5,rgb_pca,0,1
0.65505195,5,rgb_pca,0,1
0.7089829,5,rgb_pca,0,1
0.7263862,5,rgb_pca,0,1
0.682492,5,rgb_pca,0,1
0.6876423,5,rgb_pca,0,1
0.72199583,5,rgb_pca,0,1
0.73726463,5,rgb_pca,0,1
0.69135535,5,rgb_pca,0,1
0.714384,5,rgb_pca,0,1
0.73157984,5,rgb_pca,0,1
0.7518587,5,rgb_pca,0,1
0.67125547,5,rgb_pca,0,1
0.68337333,5,rgb_pca,0,1
0.7259002,5,rgb_pca,0,1
0.7427902,5,rgb_pca,0,1
0.709774,5,rgb_pca,0,1
0.7035091,5,rgb_pca,0,1
0.7212235,5,rgb_pca,0,1
0.75139207,5,rgb_pca,0,1
0.7170043,5,rgb_pca,0,1
0.72447824,5,rgb_pca,0,1
0.75594676,5,rgb_pca,0,1
0.7254307,5,rgb_pca,0,1
0.73834556,5,rgb_pca,0,1
0.7079122,5,rgb_pca,0,1
0.72851634,5,rgb_pca,0,1
0.72742033,5,rgb_pca,0,1
0.7532596,6,rgb_pca,0,1
0.75139695,6,rgb_pca,0,1
0.7478923,6,rgb_pca,0,1
0.7899521,6,rgb_pca,0,1
0.7604674,6,rgb_pca,0,1
0.7230089,6,rgb_pca,0,1
0.72871614,6,rgb_pca,0,1
0.7153678,6,rgb_pca,0,1
0.7854434,6,rgb_pca,0,1
0.7639636,6,rgb_pca,0,1
0.7400545,6,rgb_pca,0,1
0.7097574,6,rgb_pca,0,1
0.73014855,6,rgb_pca,0,1
0.74434996,6,rgb_pca,0,1
0.7225747,6,rgb_pca,0,1
0.71769345,6,rgb_pca,0,1
0.7357249,6,rgb_pca,0,1
0.77355,6,rgb_pca,0,1
0.7706296,6,rgb_pca,0,1
0.7931045,6,rgb_pca,0,1
0.7376926,6,rgb_pca,0,1
0.7219304,6,rgb_pca,0,1
0.7221725,6,rgb_pca,0,1
0.7229065,6,rgb_pca,0,1
0.70159626,6,rgb_pca,0,1
0.74929786,6,rgb_pca,0,1
0.754838,6,rgb_pca,0,1
0.78405374,6,rgb_pca,0,1
0.7361712,6,rgb_pca,0,1
0.7111176,6,rgb_pca,0,1
0.7789918,6,rgb_pca,0,1
0.785951,6,rgb_pca,0,1
0.75431174,6,rgb_pca,0,1
0.7450201,6,rgb_pca,0,1
0.7175293,6,rgb_pca,0,1
0.7608247,6,rgb_pca,0,1
0.7473275,6,rgb_pca,0,1
0.73479307,6,rgb_pca,0,1
0.79592067,6,rgb_pca,0,1
0.8000853,6,rgb_pca,0,1
0.7755844,6,rgb_pca,0,1
0.7751452,6,rgb_pca,0,1
0.70734334,6,rgb_pca,0,1
0.74616635,6,rgb_pca,0,1
0.73002136,6,rgb_pca,0,1
0.7750751,6,rgb_pca,0,1
0.79986846,6,rgb_pca,0,1
0.7574193,6,rgb_pca,0,1
0.7697585,6,rgb_pca,0,1
0.7889886,6,rgb_pca,0,1
0.74475086,6,rgb_pca,0,1
0.7465676,6,rgb_pca,0,1
0.77419806,6,rgb_pca,0,1
0.8050808,6,rgb_pca,0,1
0.79084975,6,rgb_pca,0,1
0.7531767,6,rgb_pca,0,1
0.7649795,6,rgb_pca,0,1
0.78479207,6,rgb_pca,0,1
0.75396913,6,rgb_pca,0,1
0.7726311,6,rgb_pca,0,1
0.7418236,6,rgb_pca,0,1
0.73387074,6,rgb_pca,0,1
0.70264465,6,rgb_pca,0,1
0.7659159,6,rgb_pca,0,1
0.7294347,6,rgb_pca,0,1
0.7126337,6,rgb_pca,0,1
0.703478,6,rgb_pca,0,1
0.7607144,6,rgb_pca,0,1
0.7871504,5,rgb_pca,0,1
0.74658537,5,rgb_pca,0,1
0.7653582,5,rgb_pca,0,1
0.7962648,5,rgb_pca,0,1
0.7353908,5,rgb_pca,0,1
0.73200583,5,rgb_pca,0,1
0.78599125,5,rgb_pca,0,1
0.7748547,5,rgb_pca,0,1
0.7452915,5,rgb_pca,0,1
0.70367527,5,rgb_pca,0,1
0.7226177,5,rgb_pca,0,1
0.76470506,5,rgb_pca,0,1
0.73883665,5,rgb_pca,0,1
0.74697053,5,rgb_pca,0,1
0.782439,5,rgb_pca,0,1
0.78390586,5,rgb_pca,0,1
0.7504157,5,rgb_pca,0,1
0.75439024,5,rgb_pca,0,1
0.7894852,5,rgb_pca,0,1
0.7795456,5,rgb_pca,0,1
0.76011485,5,rgb_pca,0,1
0.738943,5,rgb_pca,0,1
0.74825513,5,rgb_pca,0,1
0.7606533,5,rgb_pca,0,1
0.7640682,5,rgb_pca,0,1
0.7456079,5,rgb_pca,0,1
0.7714673,5,rgb_pca,0,1
0.7637075,5,rgb_pca,0,1
0.8094039,5,rgb_pca,0,1
0.75644535,5,rgb_pca,0,1
0.7597933,5,rgb_pca,0,1
0.8134473,5,rgb_pca,0,1
0.7678205,5,rgb_pca,0,1
0.79521716,5,rgb_pca,0,1
0.75162816,5,rgb_pca,0,1
0.8128077,5,rgb_pca,0,1
0.77281016,5,rgb_pca,0,1
0.7939124,6,rgb_pca,0,1
0.73527443,6,rgb_pca,0,1
0.7347562,6,rgb_pca,0,1
0.77818686,6,rgb_pca,0,1
0.7604457,6,rgb_pca,0,1
0.7331822,6,rgb_pca,0,1
0.7071583,6,rgb_pca,0,1
0.7048187,6,rgb_pca,0,1
0.7996556,6,rgb_pca,0,1
0.7498871,6,rgb_pca,0,1
0.744243,6,rgb_pca,0,1
0.7288264,6,rgb_pca,0,1
0.76147705,6,rgb_pca,0,1
0.71607935,6,rgb_pca,0,1
0.72044957,6,rgb_pca,0,1
0.7083554,6,rgb_pca,0,1
0.73024386,6,rgb_pca,0,1
0.6981822,6,rgb_pca,0,1
0.6524616,6,rgb_pca,0,1
0.73074484,6,rgb_pca,0,1
0.7653796,6,rgb_pca,0,1
0.73648465,6,rgb_pca,0,1
0.7387737,6,rgb_pca,0,1
0.727933,6,rgb_pca,0,1
0.7016506,6,rgb_pca,0,1
0.64562476,6,rgb_pca,0,1
0.6296883,6,rgb_pca,0,1
0.6988859,6,rgb_pca,0,1
0.7596278,6,rgb_pca,0,1
0.76552415,6,rgb_pca,0,1
0.7632851,6,rgb_pca,0,1
0.7443481,6,rgb_pca,0,1
0.70684445,6,rgb_pca,0,1
0.6532205,6,rgb_pca,0,1
0.6520641,6,rgb_pca,0,1
0.68980324,6,rgb_pca,0,1
0.7599447,6,rgb_pca,0,1
0.758873,6,rgb_pca,0,1
0.7656984,6,rgb_pca,0,1
0.7597679,6,rgb_pca,0,1
0.756835,6,rgb_pca,0,1
0.7240524,6,rgb_pca,0,1
0.693815,6,rgb_pca,0,1
0.74213517,6,rgb_pca,0,1
0.7491201,6,rgb_pca,0,1
0.73490906,6,rgb_pca,0,1
0.75310934,6,rgb_pca,0,1
0.7434887,6,rgb_pca,0,1
0.7650256,6,rgb_pca,0,1
0.7670233,6,rgb_pca,0,1
0.7483074,6,rgb_pca,0,1
0.7648415,6,rgb_pca,0,1
0.758113,6,rgb_pca,0,1
0.7466122,6,rgb_pca,0,1
0.75257456,6,rgb_pca,0,1
0.73397255,6,rgb_pca,0,1
0.7494879,6,rgb_pca,0,1
0.7378754,6,rgb_pca,0,1
0.71118176,6,rgb_pca,0,1
0.7357017,6,rgb_pca,0,1
0.683244,6,rgb_pca,0,1
0.6666573,6,rgb_pca,0,1
0.64787436,6,rgb_pca,0,1
0.69198,6,rgb_pca,0,1
0.6446198,6,rgb_pca,0,1
0.6463412,6,rgb_pca,0,1
0.6547036,6,rgb_pca,0,1
0.69660914,6,rgb_pca,0,1
0.61926866,7,rgb_pca,0,1
0.6136005,7,rgb_pca,0,1
0.62227345,7,rgb_pca,0,1
0.6044935,7,rgb_pca,0,1
0.5978117,7,rgb_pca,0,1
0.5556848,7,rgb_pca,0,1
0.5934518,7,rgb_pca,0,1
0.7125665,7,rgb_pca,0,1
0.7089077,7,rgb_pca,0,1
0.66363597,7,rgb_pca,0,1
0.66271544,7,rgb_pca,0,1
0.64614105,7,rgb_pca,0,1
0.6391065,7,rgb_pca,0,1
0.5442814,7,rgb_pca,0,1
0.5332396,7,rgb_pca,0,1
0.7253774,7,rgb_pca,0,1
0.7837703,7,rgb_pca,0,1
0.7951442,7,rgb_pca,0,1
0.7631165,7,rgb_pca,0,1
0.75087786,7,rgb_pca,0,1
0.75219333,7,rgb_pca,0,1
0.742844,7,rgb_pca,0,1
0.69722724,7,rgb_pca,0,1
0.6705687,7,rgb_pca,0,1
0.6028626,7,rgb_pca,0,1
0.58794117,7,rgb_pca,0,1
0.57815826,7,rgb_pca,0,1
0.58929783,7,rgb_pca,0,1
0.5926325,7,rgb_pca,0,1
0.56840026,7,rgb_pca,0,1
0.59400487,7,rgb_pca,0,1
0.706427,7,rgb_pca,0,1
0.7148864,7,rgb_pca,0,1
0.6992865,7,rgb_pca,0,1
0.68299097,7,rgb_pca,0,1
0.70101213,7,rgb_pca,0,1
0.6948019,7,rgb_pca,0,1
0.59311754,7,rgb_pca,0,1
0.59654355,7,rgb_pca,0,1
0.74972486,7,rgb_pca,0,1
0.7554386,7,rgb_pca,0,1
0.75884384,7,rgb_pca,0,1
0.7511246,7,rgb_pca,0,1
0.7452029,7,rgb_pca,0,1
0.7701905,7,rgb_pca,0,1
0.7669306,7,rgb_pca,0,1
0.6687977,7,rgb_pca,0,1
0.64049274,7,rgb_pca,0,1
0.7654685,7,rgb_pca,0,1
0.7967371,7,rgb_pca,0,1
0.7052738,7,rgb_pca,0,1
0.7476278,7,rgb_pca,0,1
0.78540313,5,rgb_pca,0,1
0.7239284,5,rgb_pca,0,1
0.75183326,5,rgb_pca,0,1
0.77089417,5,rgb_pca,0,1
0.7412771,5,rgb_pca,0,1
0.6855,5,rgb_pca,0,1
0.733519,5,rgb_pca,0,1
0.7253178,5,rgb_pca,0,1
0.76620793,5,rgb_pca,0,1
0.68762136,5,rgb_pca,0,1
0.72802377,5,rgb_pca,0,1
0.735304,5,rgb_pca,0,1
0.7869116,5,rgb_pca,0,1
0.7200048,5,rgb_pca,0,1
0.7261307,5,rgb_pca,0,1
0.74628484,5,rgb_pca,0,1
0.79163337,5,rgb_pca,0,1
0.7438729,5,rgb_pca,0,1
0.7667694,5,rgb_pca,0,1
0.7820067,5,rgb_pca,0,1
0.8216691,5,rgb_pca,0,1
0.7696021,5,rgb_pca,0,1
0.7511697,5,rgb_pca,0,1
0.78123105,5,rgb_pca,0,1
0.8076705,5,rgb_pca,0,1
0.7734386,5,rgb_pca,0,1
0.74842393,5,rgb_pca,0,1
0.7728181,5,rgb_pca,0,1
0.8178351,5,rgb_pca,0,1
0.7588132,5,rgb_pca,0,1
0.7646454,5,rgb_pca,0,1
0.7993094,5,rgb_pca,0,1
0.7443489,5,rgb_pca,0,1
0.8110771,5,rgb_pca,0,1
0.75647455,5,rgb_pca,0,1
0.8060348,5,rgb_pca,0,1
0.747989,5,rgb_pca,0,1
0.804962,5,rgb_pca,0,1
0.743456,5,rgb_pca,0,1
0.7257037,5,rgb_pca,0,1
0.7373409,5,rgb_pca,0,1
0.7629546,5,rgb_pca,0,1
0.728302,5,rgb_pca,0,1
0.7171384,5,rgb_pca,0,1
0.70643914,5,rgb_pca,0,1
0.7643532,5,rgb_pca,0,1
0.7074014,5,rgb_pca,0,1
0.7208621,5,rgb_pca,0,1
0.72007185,5,rgb_pca,0,1
0.773764,5,rgb_pca,0,1
0.7376174,5,rgb_pca,0,1
0.77852684,5,rgb_pca,0,1
0.77046263,5,rgb_pca,0,1
0.76557857,5,rgb_pca,0,1
0.71680725,5,rgb_pca,0,1
0.75897783,5,rgb_pca,0,1
0.7710341,5,rgb_pca,0,1
0.7775686,5,rgb_pca,0,1
0.71269333,5,rgb_pca,0,1
0.725739,5,rgb_pca,0,1
0.7642391,5,rgb_pca,0,1
0.7897193,5,rgb_pca,0,1
0.7157637,5,rgb_pca,0,1
0.745767,5,rgb_pca,0,1
0.76604736,5,rgb_pca,0,1
0.76281637,5,rgb_pca,0,1
0.6703155,5,rgb_pca,0,1
0.7471204,5,rgb_pca,0,1
0.72948396,5,rgb_pca,0,1
0.67782706,5,rgb_pca,0,1
0.7361998,5,rgb_pca,0,1
0.70087516,5,rgb_pca,0,1
0.7880336,5,rgb_pca,0,1
0.7225057,5,rgb_pca,0,1
0.7602429,3,rgb_pca,0,1
0.7731761,3,rgb_pca,0,1
0.76179314,3,rgb_pca,0,1
0.77428997,3,rgb_pca,0,1
0.6570493,3,rgb_pca,0,1
0.75244963,3,rgb_pca,0,1
0.68064743,3,rgb_pca,0,1
0.6515548,3,rgb_pca,0,1
0.62603456,3,rgb_pca,0,1
0.6366671,3,rgb_pca,0,1
0.6290056,3,rgb_pca,0,1
0.6840713,3,rgb_pca,0,1
0.71347916,3,rgb_pca,0,1
0.675417,3,rgb_pca,0,1
0.6596986,3,rgb_pca,0,1
0.6301563,3,rgb_pca,0,1
0.63706505,3,rgb_pca,0,1
0.70555466,3,rgb_pca,0,1
0.6829232,3,rgb_pca,0,1
0.7187372,3,rgb_pca,0,1
0.6467712,3,rgb_pca,0,1
0.6206102,3,rgb_pca,0,1
0.6100086,3,rgb_pca,0,1
0.62348086,3,rgb_pca,0,1
0.63435066,3,rgb_pca,0,1
0.70975435,3,rgb_pca,0,1
0.69787765,3,rgb_pca,0,1
0.76992625,3,rgb_pca,0,1
0.61427975,3,rgb_pca,0,1
0.5942819,3,rgb_pca,0,1
0.5971943,3,rgb_pca,0,1
0.59695184,3,rgb_pca,0,1
0.6258091,3,rgb_pca,0,1
0.67505467,3,rgb_pca,0,1
0.7080091,3,rgb_pca,0,1
0.7958409,3,rgb_pca,0,1
0.65746117,3,rgb_pca,0,1
0.69152975,3,rgb_pca,0,1
0.6299641,3,rgb_pca,0,1
0.5959708,3,rgb_pca,0,1
0.58970356,3,rgb_pca,0,1
0.5908578,3,rgb_pca,0,1
0.6193521,3,rgb_pca,0,1
0.62275946,3,rgb_pca,0,1
0.6411394,3,rgb_pca,0,1
0.76299137,3,rgb_pca,0,1
0.7088383,3,rgb_pca,0,1
0.6902026,3,rgb_pca,0,1
0.6377665,3,rgb_pca,0,1
0.5830256,3,rgb_pca,0,1
0.6005765,3,rgb_pca,0,1
0.6226001,3,rgb_pca,0,1
0.6160121,3,rgb_pca,0,1
0.5897286,3,rgb_pca,0,1
0.57614243,3,rgb_pca,0,1
0.6951388,3,rgb_pca,0,1
0.70379394,3,rgb_pca,0,1
0.6629923,3,rgb_pca,0,1
0.6238559,3,rgb_pca,0,1
0.5933436,3,rgb_pca,0,1
0.588012,3,rgb_pca,0,1
0.6013901,3,rgb_pca,0,1
0.62558764,3,rgb_pca,0,1
0.5886369,3,rgb_pca,0,1
0.59959066,3,rgb_pca,0,1
0.7147523,3,rgb_pca,0,1
0.61507034,3,rgb_pca,0,1
0.5952649,3,rgb_pca,0,1
0.60379905,3,rgb_pca,0,1
0.5858371,3,rgb_pca,0,1
0.58327913,3,rgb_pca,0,1
0.5903145,3,rgb_pca,0,1
0.64166194,3,rgb_pca,0,1
0.61427927,3,rgb_pca,0,1
0.65633583,3,rgb_pca,0,1
0.7497968,3,rgb_pca,0,1
0.71035814,3,rgb_pca,0,1
0.7032457,3,rgb_pca,0,1
0.6719207,3,rgb_pca,0,1
0.65029925,3,rgb_pca,0,1
0.67277527,3,rgb_pca,0,1
0.67820626,3,rgb_pca,0,1
0.7269248,3,rgb_pca,0,1
0.72329795,3,rgb_pca,0,1
0.74748355,3,rgb_pca,0,1
0.7797072,3,rgb_pca,0,1
0.770607,3,rgb_pca,0,1
0.7900056,3,rgb_pca,0,1
0.81676674,3,rgb_pca,0,1
0.8027756,3,rgb_pca,0,1
0.703598,3,rgb_pca,0,1
0.8017956,3,rgb_pca,0,1
0.745986,3,rgb_pca,0,1
0.71479136,3,rgb_pca,0,1
0.6239691,3,rgb_pca,0,1
0.6278534,3,rgb_pca,0,1
0.69424593,3,rgb_pca,0,1
0.73155427,3,rgb_pca,0,1
0.71145386,3,rgb_pca,0,1
0.6998017,3,rgb_pca,0,1
0.6771865,3,rgb_pca,0,1
0.64090556,3,rgb_pca,0,1
0.642342,3,rgb_pca,0,1
0.6985418,3,rgb_pca,0,1
0.7201056,3,rgb_pca,0,1
0.7133298,3,rgb_pca,0,1
0.6479173,3,rgb_pca,0,1
0.63953096,3,rgb_pca,0,1
0.61890215,3,rgb_pca,0,1
0.62343895,3,rgb_pca,0,1
0.64635456,3,rgb_pca,0,1
0.6911654,3,rgb_pca,0,1
0.694378,3,rgb_pca,0,1
0.70385253,3,rgb_pca,0,1
0.7195914,3,rgb_pca,0,1
0.60534275,3,rgb_pca,0,1
0.5985895,3,rgb_pca,0,1
0.5822498,3,rgb_pca,0,1
0.5926654,3,rgb_pca,0,1
0.5992965,3,rgb_pca,0,1
0.5920903,3,rgb_pca,0,1
0.586112,3,rgb_pca,0,1
0.6377975,3,rgb_pca,0,1
0.7157384,3,rgb_pca,0,1
0.6537648,3,rgb_pca,0,1
0.6439047,3,rgb_pca,0,1
0.5681688,3,rgb_pca,0,1
0.5805496,3,rgb_pca,0,1
0.56743455,3,rgb_pca,0,1
0.5987594,3,rgb_pca,0,1
0.6029645,3,rgb_pca,0,1
0.56947243,3,rgb_pca,0,1
0.5652838,3,rgb_pca,0,1
0.6128823,3,rgb_pca,0,1
0.67387366,3,rgb_pca,0,1
0.69359726,3,rgb_pca,0,1
0.70435953,3,rgb_pca,0,1
0.6372645,3,rgb_pca,0,1
0.6211637,3,rgb_pca,0,1
0.5894599,3,rgb_pca,0,1
0.5971263,3,rgb_pca,0,1
0.6270064,3,rgb_pca,0,1
0.60878253,3,rgb_pca,0,1
0.5741503,3,rgb_pca,0,1
0.56200916,3,rgb_pca,0,1
0.56777656,3,rgb_pca,0,1
0.62086827,3,rgb_pca,0,1
0.64566696,3,rgb_pca,0,1
0.7026324,3,rgb_pca,0,1
0.664518,3,rgb_pca,0,1
0.64273113,3,rgb_pca,0,1
0.61922324,3,rgb_pca,0,1
0.6153478,3,rgb_pca,0,1
0.62557924,3,rgb_pca,0,1
0.6141294,3,rgb_pca,0,1
0.5894239,3,rgb_pca,0,1
0.56789064,3,rgb_pca,0,1
0.560158,3,rgb_pca,0,1
0.59812146,3,rgb_pca,0,1
0.61566216,3,rgb_pca,0,1
0.6444783,3,rgb_pca,0,1
0.67221284,3,rgb_pca,0,1
0.66847205,3,rgb_pca,0,1
0.68294346,3,rgb_pca,0,1
0.65350896,3,rgb_pca,0,1
0.6359896,3,rgb_pca,0,1
0.62984324,3,rgb_pca,0,1
0.62378407,3,rgb_pca,0,1
0.6110265,3,rgb_pca,0,1
0.61363345,3,rgb_pca,0,1
0.6170399,3,rgb_pca,0,1
0.62433577,3,rgb_pca,0,1
0.62661076,3,rgb_pca,0,1
0.6377086,3,rgb_pca,0,1
0.7514617,3,rgb_pca,0,1
0.74865884,3,rgb_pca,0,1
0.7576612,3,rgb_pca,0,1
0.7334838,3,rgb_pca,0,1
0.7129921,3,rgb_pca,0,1
0.7148018,3,rgb_pca,0,1
0.7153231,3,rgb_pca,0,1
0.7072506,3,rgb_pca,0,1
0.70922685,3,rgb_pca,0,1
0.7020919,3,rgb_pca,0,1
0.69457805,3,rgb_pca,0,1
0.68799365,3,rgb_pca,0,1
0.70591694,3,rgb_pca,0,1
0.81020916,3,rgb_pca,0,1
0.7689605,3,rgb_pca,0,1
0.71555215,3,rgb_pca,0,1
0.6690283,3,rgb_pca,0,1
0.6819638,3,rgb_pca,0,1
0.63801146,3,rgb_pca,0,1
0.6887002,3,rgb_pca,0,1
0.6248615,3,rgb_pca,0,1
0.6116999,3,rgb_pca,0,1
0.6933025,3,rgb_pca,0,1
0.6186128,3,rgb_pca,0,1
0.5809325,3,rgb_pca,0,1
0.737426,3,rgb_pca,0,1
0.69516546,3,rgb_pca,0,1
0.7041594,3,rgb_pca,0,1
0.6974337,7,rgb_pca,0,1
0.68604887,7,rgb_pca,0,1
0.6558668,7,rgb_pca,0,1
0.6283802,7,rgb_pca,0,1
0.6374042,7,rgb_pca,0,1
0.63421667,7,rgb_pca,0,1
0.6445903,7,rgb_pca,0,1
0.7063335,7,rgb_pca,0,1
0.7252657,7,rgb_pca,0,1
0.7051377,7,rgb_pca,0,1
0.6632104,7,rgb_pca,0,1
0.6871351,7,rgb_pca,0,1
0.7085294,7,rgb_pca,0,1
0.62608993,7,rgb_pca,0,1
0.6175051,7,rgb_pca,0,1
0.7491889,7,rgb_pca,0,1
0.728999,7,rgb_pca,0,1
0.7172905,7,rgb_pca,0,1
0.6971218,7,rgb_pca,0,1
0.68107224,7,rgb_pca,0,1
0.71473444,7,rgb_pca,0,1
0.7332057,7,rgb_pca,0,1
0.6640717,7,rgb_pca,0,1
0.6324538,7,rgb_pca,0,1
0.74486506,7,rgb_pca,0,1
0.7484712,7,rgb_pca,0,1
0.7336226,7,rgb_pca,0,1
0.7088461,7,rgb_pca,0,1
0.69626415,7,rgb_pca,0,1
0.69890964,7,rgb_pca,0,1
0.70573145,7,rgb_pca,0,1
0.68661785,7,rgb_pca,0,1
0.6460688,7,rgb_pca,0,1
0.7335255,7,rgb_pca,0,1
0.75446856,7,rgb_pca,0,1
0.7526967,7,rgb_pca,0,1
0.742833,7,rgb_pca,0,1
0.72452265,7,rgb_pca,0,1
0.7001309,7,rgb_pca,0,1
0.69316375,7,rgb_pca,0,1
0.6678375,7,rgb_pca,0,1
0.66564083,7,rgb_pca,0,1
0.7299943,7,rgb_pca,0,1
0.7564157,7,rgb_pca,0,1
0.7648343,7,rgb_pca,0,1
0.7635713,7,rgb_pca,0,1
0.71890044,7,rgb_pca,0,1
0.7060473,7,rgb_pca,0,1
0.7110183,7,rgb_pca,0,1
0.67516655,7,rgb_pca,0,1
0.64198697,7,rgb_pca,0,1
0.7224304,7,rgb_pca,0,1
0.7516287,7,rgb_pca,0,1
0.75576246,7,rgb_pca,0,1
0.7512283,7,rgb_pca,0,1
0.72084916,7,rgb_pca,0,1
0.7094464,7,rgb_pca,0,1
0.7115131,7,rgb_pca,0,1
0.6834134,7,rgb_pca,0,1
0.63690007,7,rgb_pca,0,1
0.67026544,7,rgb_pca,0,1
0.6847824,7,rgb_pca,0,1
0.6820109,7,rgb_pca,0,1
0.65454656,7,rgb_pca,0,1
0.64861876,7,rgb_pca,0,1
0.6702621,7,rgb_pca,0,1
0.67940515,7,rgb_pca,0,1
0.6487505,7,rgb_pca,0,1
0.721212,7,rgb_pca,0,1
0.75987995,3,rgb_pca,0,1
0.72691983,3,rgb_pca,0,1
0.6910066,3,rgb_pca,0,1
0.7035378,3,rgb_pca,0,1
0.76430863,3,rgb_pca,0,1
0.7681024,3,rgb_pca,0,1
0.76598537,3,rgb_pca,0,1
0.80784786,3,rgb_pca,0,1
0.82722557,3,rgb_pca,0,1
0.6629949,3,rgb_pca,0,1
0.6612116,3,rgb_pca,0,1
0.67078805,3,rgb_pca,0,1
0.70880497,3,rgb_pca,0,1
0.7465619,3,rgb_pca,0,1
0.70941436,3,rgb_pca,0,1
0.69928557,3,rgb_pca,0,1
0.7671025,3,rgb_pca,0,1
0.7959152,3,rgb_pca,0,1
0.7189929,3,rgb_pca,0,1
0.703542,3,rgb_pca,0,1
0.72755754,3,rgb_pca,0,1
0.71502554,3,rgb_pca,0,1
0.7477226,3,rgb_pca,0,1
0.7433344,3,rgb_pca,0,1
0.7428574,3,rgb_pca,0,1
0.75539595,3,rgb_pca,0,1
0.78395504,3,rgb_pca,0,1
0.83424735,3,rgb_pca,0,1
0.8305886,3,rgb_pca,0,1
0.7392655,3,rgb_pca,0,1
0.70429873,3,rgb_pca,0,1
0.71137744,3,rgb_pca,0,1
0.70734334,3,rgb_pca,0,1
0.7493663,3,rgb_pca,0,1
0.73216236,3,rgb_pca,0,1
0.71274704,3,rgb_pca,0,1
0.7239992,3,rgb_pca,0,1
0.76132315,3,rgb_pca,0,1
0.7972052,3,rgb_pca,0,1
0.8275586,3,rgb_pca,0,1
0.72678906,3,rgb_pca,0,1
0.7382919,3,rgb_pca,0,1
0.7479116,3,rgb_pca,0,1
0.7500533,3,rgb_pca,0,1
0.71489286,3,rgb_pca,0,1
0.7528253,3,rgb_pca,0,1
0.7195928,3,rgb_pca,0,1
0.6990701,3,rgb_pca,0,1
0.681244,3,rgb_pca,0,1
0.7184029,3,rgb_pca,0,1
0.7624896,3,rgb_pca,0,1
0.81253326,3,rgb_pca,0,1
0.73143977,3,rgb_pca,0,1
0.74901474,3,rgb_pca,0,1
0.7593895,3,rgb_pca,0,1
0.7610744,3,rgb_pca,0,1
0.7127394,3,rgb_pca,0,1
0.7477868,3,rgb_pca,0,1
0.72019076,3,rgb_pca,0,1
0.7003479,3,rgb_pca,0,1
0.6784292,3,rgb_pca,0,1
0.72318864,3,rgb_pca,0,1
0.76731133,3,rgb_pca,0,1
0.8178223,3,rgb_pca,0,1
0.7197826,3,rgb_pca,0,1
0.69971704,3,rgb_pca,0,1
0.71011055,3,rgb_pca,0,1
0.75512,3,rgb_pca,0,1
0.74948716,3,rgb_pca,0,1
0.73247343,3,rgb_pca,0,1
0.765795,3,rgb_pca,0,1
0.7407398,3,rgb_pca,0,1
0.73014694,3,rgb_pca,0,1
0.7471322,3,rgb_pca,0,1
0.779196,3,rgb_pca,0,1
0.79046446,3,rgb_pca,0,1
0.8169468,3,rgb_pca,0,1
0.7023295,3,rgb_pca,0,1
0.71033704,3,rgb_pca,0,1
0.7305235,3,rgb_pca,0,1
0.7561003,3,rgb_pca,0,1
0.7690873,3,rgb_pca,0,1
0.7287642,3,rgb_pca,0,1
0.7707835,3,rgb_pca,0,1
0.76812005,3,rgb_pca,0,1
0.7571665,3,rgb_pca,0,1
0.78289294,3,rgb_pca,0,1
0.80334616,3,rgb_pca,0,1
0.70542336,3,rgb_pca,0,1
0.72971433,3,rgb_pca,0,1
0.75325,3,rgb_pca,0,1
0.7768066,3,rgb_pca,0,1
0.7700722,3,rgb_pca,0,1
0.74083567,3,rgb_pca,0,1
0.7727033,3,rgb_pca,0,1
0.7939881,3,rgb_pca,0,1
0.8146113,3,rgb_pca,0,1
0.80626893,3,rgb_pca,0,1
0.73807317,3,rgb_pca,0,1
0.757287,3,rgb_pca,0,1
0.7772049,3,rgb_pca,0,1
0.8139901,3,rgb_pca,0,1
0.8050991,3,rgb_pca,0,1
0.7520969,3,rgb_pca,0,1
0.8003584,3,rgb_pca,0,1
0.8105656,3,rgb_pca,0,1
0.8269532,3,rgb_pca,0,1
0.7494937,3,rgb_pca,0,1
0.7195408,3,rgb_pca,0,1
0.71797943,3,rgb_pca,0,1
0.7531047,3,rgb_pca,0,1
0.7780471,3,rgb_pca,0,1
0.7749853,3,rgb_pca,0,1
0.79386806,3,rgb_pca,0,1
0.7539323,3,rgb_pca,0,1
0.74123883,3,rgb_pca,0,1
0.69850236,3,rgb_pca,0,1
0.71043813,3,rgb_pca,0,1
0.740454,3,rgb_pca,0,1
0.7728585,3,rgb_pca,0,1
0.7906474,3,rgb_pca,0,1
0.7715596,3,rgb_pca,0,1
0.7362802,3,rgb_pca,0,1
0.7514062,3,rgb_pca,0,1
0.7330078,3,rgb_pca,0,1
0.7253487,3,rgb_pca,0,1
0.7912663,3,rgb_pca,0,1
0.7471974,3,rgb_pca,0,1
0.71138173,3,rgb_pca,0,1
0.7634516,3,rgb_pca,0,1
0.74476945,3,rgb_pca,0,1
0.75236523,3,rgb_pca,0,1
0.80464536,3,rgb_pca,0,1
0.64122796,7,rgb_pca,0,1
0.6388603,7,rgb_pca,0,1
0.654612,7,rgb_pca,0,1
0.6851605,7,rgb_pca,0,1
0.64681965,7,rgb_pca,0,1
0.62701833,7,rgb_pca,0,1
0.641556,7,rgb_pca,0,1
0.686077,7,rgb_pca,0,1
0.69140536,7,rgb_pca,0,1
0.710812,7,rgb_pca,0,1
0.71827793,7,rgb_pca,0,1
0.72720224,7,rgb_pca,0,1
0.69588435,7,rgb_pca,0,1
0.6239799,7,rgb_pca,0,1
0.6116711,7,rgb_pca,0,1
0.7164994,7,rgb_pca,0,1
0.72670597,7,rgb_pca,0,1
0.727032,7,rgb_pca,0,1
0.7448856,7,rgb_pca,0,1
0.7520759,7,rgb_pca,0,1
0.73958486,7,rgb_pca,0,1
0.73168916,7,rgb_pca,0,1
0.6667879,7,rgb_pca,0,1
0.6095693,7,rgb_pca,0,1
0.71229124,7,rgb_pca,0,1
0.72817814,7,rgb_pca,0,1
0.7436,7,rgb_pca,0,1
0.75781345,7,rgb_pca,0,1
0.75706184,7,rgb_pca,0,1
0.76449144,7,rgb_pca,0,1
0.7523203,7,rgb_pca,0,1
0.73466814,7,rgb_pca,0,1
0.7399396,7,rgb_pca,0,1
0.67421484,7,rgb_pca,0,1
0.6083389,7,rgb_pca,0,1
0.6050446,7,rgb_pca,0,1
0.6395683,7,rgb_pca,0,1
0.74845266,7,rgb_pca,0,1
0.7510143,7,rgb_pca,0,1
0.74179405,7,rgb_pca,0,1
0.7625003,7,rgb_pca,0,1
0.7547194,7,rgb_pca,0,1
0.7386844,7,rgb_pca,0,1
0.7434352,7,rgb_pca,0,1
0.6682845,7,rgb_pca,0,1
0.5968398,7,rgb_pca,0,1
0.6132163,7,rgb_pca,0,1
0.6345991,7,rgb_pca,0,1
0.7447464,7,rgb_pca,0,1
0.73882234,7,rgb_pca,0,1
0.74382734,7,rgb_pca,0,1
0.7773048,7,rgb_pca,0,1
0.7625694,7,rgb_pca,0,1
0.75927,7,rgb_pca,0,1
0.75732297,7,rgb_pca,0,1
0.6830735,7,rgb_pca,0,1
0.61585426,7,rgb_pca,0,1
0.6259517,7,rgb_pca,0,1
0.60636467,7,rgb_pca,0,1
0.6924652,7,rgb_pca,0,1
0.70741487,7,rgb_pca,0,1
0.7151953,7,rgb_pca,0,1
0.7542591,7,rgb_pca,0,1
0.73480076,7,rgb_pca,0,1
0.73998594,7,rgb_pca,0,1
0.73723495,7,rgb_pca,0,1
0.6989747,7,rgb_pca,0,1
0.66716504,7,rgb_pca,0,1
0.5905734,7,rgb_pca,0,1
0.56961125,7,rgb_pca,0,1
0.5378343,7,rgb_pca,0,1
0.5042232,7,rgb_pca,0,1
0.5599084,7,rgb_pca,0,1
0.58835155,7,rgb_pca,0,1
0.6327137,7,rgb_pca,0,1
0.7530415,7,rgb_pca,0,1
0.64487875,7,rgb_pca,0,1
0.69075954,7,rgb_pca,0,1
0.6902616,7,rgb_pca,0,1
0.6797019,7,rgb_pca,0,1
0.65751743,7,rgb_pca,0,1
0.6649713,7,rgb_pca,0,1
0.6943646,7,rgb_pca,0,1
0.6868372,7,rgb_pca,0,1
0.76577747,7,rgb_pca,0,1
0.58980554,7,rgb_pca,0,1
0.56241596,7,rgb_pca,0,1
0.5365044,7,rgb_pca,0,1
0.5804548,7,rgb_pca,0,1
0.62681806,7,rgb_pca,0,1
0.6089521,7,rgb_pca,0,1
0.63422716,7,rgb_pca,0,1
0.7639663,7,rgb_pca,0,1
0.52495426,7,rgb_pca,0,1
0.58150613,7,rgb_pca,0,1
0.6382984,7,rgb_pca,0,1
0.63520193,7,rgb_pca,0,1
0.5981749,7,rgb_pca,0,1
0.7313334,7,rgb_pca,0,1
0.60189855,7,rgb_pca,0,1
0.6001124,7,rgb_pca,0,1
0.6607766,7,rgb_pca,0,1
0.7001555,7,rgb_pca,0,1
0.685642,7,rgb_pca,0,1
0.78243446,7,rgb_pca,0,1
0.54315954,7,rgb_pca,0,1
0.54612267,7,rgb_pca,0,1
0.62224865,7,rgb_pca,0,1
0.666747,7,rgb_pca,0,1
0.69541544,7,rgb_pca,0,1
0.7417273,7,rgb_pca,0,1
0.5649221,7,rgb_pca,0,1
0.5649431,7,rgb_pca,0,1
0.6004875,7,rgb_pca,0,1
0.6420909,7,rgb_pca,0,1
0.6682606,7,rgb_pca,0,1
0.7270162,7,rgb_pca,0,1
0.6544601,7,rgb_pca,0,1
0.65587723,7,rgb_pca,0,1
0.6561859,7,rgb_pca,0,1
0.6900776,7,rgb_pca,0,1
0.72067964,7,rgb_pca,0,1
0.78496206,7,rgb_pca,0,1
0.7643067,3,rgb_pca,0,1
0.7509931,3,rgb_pca,0,1
0.7399493,3,rgb_pca,0,1
0.7116904,3,rgb_pca,0,1
0.7654988,3,rgb_pca,0,1
0.76626444,3,rgb_pca,0,1
0.7384634,3,rgb_pca,0,1
0.76477605,3,rgb_pca,0,1
0.8078618,3,rgb_pca,0,1
0.6753406,7,rgb_pca,0,1
0.7086326,7,rgb_pca,0,1
0.732925,3,rgb_pca,0,1
0.69644344,3,rgb_pca,0,1
0.69669044,3,rgb_pca,0,1
0.65447646,3,rgb_pca,0,1
0.7272412,3,rgb_pca,0,1
0.7334813,3,rgb_pca,0,1
0.71767265,3,rgb_pca,0,1
0.7498305,3,rgb_pca,0,1
0.7898896,3,rgb_pca,0,1
0.76321626,3,rgb_pca,0,1
0.74305826,3,rgb_pca,0,1
0.73576546,3,rgb_pca,0,1
0.6825962,3,rgb_pca,0,1
0.72693694,3,rgb_pca,0,1
0.75363886,3,rgb_pca,0,1
0.75065756,3,rgb_pca,0,1
0.7425779,3,rgb_pca,0,1
0.7743518,3,rgb_pca,0,1
0.7977632,3,rgb_pca,0,1
0.75286746,3,rgb_pca,0,1
0.7424607,3,rgb_pca,0,1
0.7371304,3,rgb_pca,0,1
0.72440624,3,rgb_pca,0,1
0.66645753,3,rgb_pca,0,1
0.719697,3,rgb_pca,0,1
0.7401515,3,rgb_pca,0,1
0.742756,3,rgb_pca,0,1
0.73671246,3,rgb_pca,0,1
0.7646582,3,rgb_pca,0,1
0.7866864,3,rgb_pca,0,1
0.77977026,3,rgb_pca,0,1
0.75703526,3,rgb_pca,0,1
0.7552204,3,rgb_pca,0,1
0.74429363,3,rgb_pca,0,1
0.73452115,3,rgb_pca,0,1
0.6786929,3,rgb_pca,0,1
0.7210542,3,rgb_pca,0,1
0.6665673,3,rgb_pca,0,1
0.6328485,3,rgb_pca,0,1
0.6327648,3,rgb_pca,0,1
0.6793765,3,rgb_pca,0,1
0.79363704,3,rgb_pca,0,1
0.8280966,3,rgb_pca,0,1
0.7280232,3,rgb_pca,0,1
0.7299622,3,rgb_pca,0,1
0.704321,3,rgb_pca,0,1
0.72097206,3,rgb_pca,0,1
0.6747892,3,rgb_pca,0,1
0.7223631,3,rgb_pca,0,1
0.652913,3,rgb_pca,0,1
0.58549726,3,rgb_pca,0,1
0.5805092,3,rgb_pca,0,1
0.6501514,3,rgb_pca,0,1
0.7632353,3,rgb_pca,0,1
0.77864146,3,rgb_pca,0,1
0.6912014,3,rgb_pca,0,1
0.70806944,3,rgb_pca,0,1
0.69657403,3,rgb_pca,0,1
0.6947198,3,rgb_pca,0,1
0.71421623,3,rgb_pca,0,1
0.7166681,3,rgb_pca,0,1
0.7567882,3,rgb_pca,0,1
0.7194678,3,rgb_pca,0,1
0.69270134,3,rgb_pca,0,1
0.6601378,3,rgb_pca,0,1
0.713282,3,rgb_pca,0,1
0.7814282,3,rgb_pca,0,1
0.7895371,3,rgb_pca,0,1
0.67126834,3,rgb_pca,0,1
0.6958015,3,rgb_pca,0,1
0.71068877,3,rgb_pca,0,1
0.71774316,3,rgb_pca,0,1
0.7261864,3,rgb_pca,0,1
0.7269281,3,rgb_pca,0,1
0.7826915,3,rgb_pca,0,1
0.7474778,3,rgb_pca,0,1
0.73216784,3,rgb_pca,0,1
0.69458395,3,rgb_pca,0,1
0.7357604,3,rgb_pca,0,1
0.6522687,3,rgb_pca,0,1
0.67907614,3,rgb_pca,0,1
0.7153766,3,rgb_pca,0,1
0.73803127,3,rgb_pca,0,1
0.74017483,3,rgb_pca,0,1
0.7191722,3,rgb_pca,0,1
0.7754233,3,rgb_pca,0,1
0.7732561,3,rgb_pca,0,1
0.76487327,3,rgb_pca,0,1
0.77518487,3,rgb_pca,0,1
0.7286987,3,rgb_pca,0,1
0.7259067,3,rgb_pca,0,1
0.740064,3,rgb_pca,0,1
0.7666108,3,rgb_pca,0,1
0.76944333,3,rgb_pca,0,1
0.7466199,3,rgb_pca,0,1
0.78872114,3,rgb_pca,0,1
0.7951837,3,rgb_pca,0,1
0.79184854,3,rgb_pca,0,1
0.74537814,3,rgb_pca,0,1
0.7497364,3,rgb_pca,0,1
0.72699654,3,rgb_pca,0,1
0.7428581,3,rgb_pca,0,1
0.75223064,3,rgb_pca,0,1
0.74132943,3,rgb_pca,0,1
0.76220834,3,rgb_pca,0,1
0.75337887,3,rgb_pca,0,1
0.78573585,3,rgb_pca,0,1
0.75028974,3,rgb_pca,0,1
0.7414825,3,rgb_pca,0,1
0.73239714,3,rgb_pca,0,1
0.7290641,3,rgb_pca,0,1
0.7576295,3,rgb_pca,0,1
0.82605344,3,rgb_pca,0,1
0.81035995,3,rgb_pca,0,1
0.784462,3,rgb_pca,0,1
0.7640201,3,rgb_pca,0,1
0.7496289,3,rgb_pca,0,1
0.78471416,3,rgb_pca,0,1
0.76750976,3,rgb_pca,0,1
0.75913846,3,rgb_pca,0,1
0.79675514,3,rgb_pca,0,1
0.74995077,3,rgb_pca,0,1
0.74123967,3,rgb_pca,0,1
0.7972219,3,rgb_pca,0,1
0.73232764,7,rgb_pca,0,1
0.7355252,7,rgb_pca,0,1
0.65396583,7,rgb_pca,0,1
0.67127776,7,rgb_pca,0,1
0.6370201,7,rgb_pca,0,1
0.64008266,7,rgb_pca,0,1
0.5788192,7,rgb_pca,0,1
0.60466874,7,rgb_pca,0,1
0.5676828,7,rgb_pca,0,1
0.5717566,7,rgb_pca,0,1
0.5526495,7,rgb_pca,0,1
0.5647881,7,rgb_pca,0,1
0.62666225,7,rgb_pca,0,1
0.60572255,7,rgb_pca,0,1
0.6301277,7,rgb_pca,0,1
0.75979394,7,rgb_pca,0,1
0.5948485,7,rgb_pca,0,1
0.6001913,7,rgb_pca,0,1
0.5949268,7,rgb_pca,0,1
0.54780304,7,rgb_pca,0,1
0.60793114,7,rgb_pca,0,1
0.6199705,7,rgb_pca,0,1
0.6547253,7,rgb_pca,0,1
0.79801226,7,rgb_pca,0,1
0.61321676,7,rgb_pca,0,1
0.5778404,7,rgb_pca,0,1
0.62027633,7,rgb_pca,0,1
0.6282841,7,rgb_pca,0,1
0.6381873,7,rgb_pca,0,1
0.78850204,7,rgb_pca,0,1
0.6849154,7,rgb_pca,0,1
0.6698366,7,rgb_pca,0,1
0.70197767,7,rgb_pca,0,1
0.73370373,7,rgb_pca,0,1
0.7067708,7,rgb_pca,0,1
0.80896145,7,rgb_pca,0,1
0.65482783,7,rgb_pca,0,1
0.6666343,7,rgb_pca,0,1
0.6858707,7,rgb_pca,0,1
0.64758873,7,rgb_pca,0,1
0.66063243,7,rgb_pca,0,1
0.73493445,7,rgb_pca,0,1
0.64115804,7,rgb_pca,0,1
0.646419,7,rgb_pca,0,1
0.63416636,7,rgb_pca,0,1
0.617782,7,rgb_pca,0,1
0.66845644,7,rgb_pca,0,1
0.75288576,7,rgb_pca,0,1
0.6694342,7,rgb_pca,0,1
0.6679791,7,rgb_pca,0,1
0.681522,7,rgb_pca,0,1
0.70764124,7,rgb_pca,0,1
0.74303627,7,rgb_pca,0,1
0.7937845,7,rgb_pca,0,1
0.6768605,7,rgb_pca,0,1
0.74117064,7,rgb_pca,0,1
0.77089536,5,rgb_pca,0,1
0.72742903,5,rgb_pca,0,1
0.7495012,5,rgb_pca,0,1
0.72057414,5,rgb_pca,0,1
0.7485256,5,rgb_pca,0,1
0.7244306,5,rgb_pca,0,1
0.75033784,5,rgb_pca,0,1
0.73453176,5,rgb_pca,0,1
0.75089216,5,rgb_pca,0,1
0.7255701,5,rgb_pca,0,1
0.7769262,5,rgb_pca,0,1
0.77495337,5,rgb_pca,0,1
0.74735785,5,rgb_pca,0,1
0.7189367,5,rgb_pca,0,1
0.7601296,5,rgb_pca,0,1
0.7527546,5,rgb_pca,0,1
0.7590823,5,rgb_pca,0,1
0.7872343,5,rgb_pca,0,1
0.7569128,5,rgb_pca,0,1
0.7747885,5,rgb_pca,0,1
0.77534163,5,rgb_pca,0,1
0.7723386,5,rgb_pca,0,1
0.78004485,5,rgb_pca,0,1
0.77549607,5,rgb_pca,0,1
0.77828896,5,rgb_pca,0,1
0.8049943,5,rgb_pca,0,1
0.7872652,5,rgb_pca,0,1
0.7884102,5,rgb_pca,0,1
0.7884195,5,rgb_pca,0,1
0.7540525,5,rgb_pca,0,1
0.7736485,5,rgb_pca,0,1
0.81675375,5,rgb_pca,0,1
0.7973664,5,rgb_pca,0,1
0.8069018,5,rgb_pca,0,1
0.8129188,5,rgb_pca,0,1
0.7476626,5,rgb_pca,0,1
0.77359766,5,rgb_pca,0,1
0.79483795,5,rgb_pca,0,1
0.7706347,5,rgb_pca,0,1
0.77761006,5,rgb_pca,0,1
0.7581401,5,rgb_pca,0,1
0.7667378,5,rgb_pca,0,1
0.77109694,5,rgb_pca,0,1
0.75334424,5,rgb_pca,0,1
0.73652416,5,rgb_pca,0,1
0.60562134,5,rgb_pca,0,1
0.7536568,5,rgb_pca,0,1
0.76697266,5,rgb_pca,0,1
0.79688966,5,rgb_pca,0,1
0.6269027,5,rgb_pca,0,1
0.7069068,5,rgb_pca,0,1
0.74882686,5,rgb_pca,0,1
0.7829639,5,rgb_pca,0,1
0.58760166,5,rgb_pca,0,1
0.710356,5,rgb_pca,0,1
0.75745165,5,rgb_pca,0,1
0.72128797,5,rgb_pca,0,1
0.7565472,5,rgb_pca,0,1
0.7863183,5,rgb_pca,0,1
0.725595,5,rgb_pca,0,1
0.7843148,5,rgb_pca,0,1
0.69935846,5,rgb_pca,0,1
0.800413,5,rgb_pca,0,1
0.6968646,5,rgb_pca,0,1
0.80753535,5,rgb_pca,0,1
0.7310993,5,rgb_pca,0,1
0.81102234,5,rgb_pca,0,1
0.7472294,5,rgb_pca,0,1
0.7565581,5,rgb_pca,0,1
0.75205284,5,rgb_pca,0,1
0.810279,5,rgb_pca,0,1
0.7559242,5,rgb_pca,0,1
0.75532734,5,rgb_pca,0,1
0.7388712,5,rgb_pca,0,1
0.7561897,5,rgb_pca,0,1
0.8096336,5,rgb_pca,0,1
0.7393483,5,rgb_pca,0,1
0.77284753,5,rgb_pca,0,1
0.773314,5,rgb_pca,0,1
0.7390932,5,rgb_pca,0,1
0.7477087,5,rgb_pca,0,1
0.80800486,5,rgb_pca,0,1
0.73270035,5,rgb_pca,0,1
0.7743104,5,rgb_pca,0,1
0.773388,5,rgb_pca,0,1
0.7515912,5,rgb_pca,0,1
0.76968384,5,rgb_pca,0,1
0.82544553,5,rgb_pca,0,1
0.7640823,5,rgb_pca,0,1
0.7275801,5,rgb_pca,0,1
0.7278578,5,rgb_pca,0,1
0.7742081,5,rgb_pca,0,1
0.77572405,5,rgb_pca,0,1
0.832098,5,rgb_pca,0,1
0.7712977,5,rgb_pca,0,1
0.7147291,5,rgb_pca,0,1
0.7356352,5,rgb_pca,0,1
0.7769942,5,rgb_pca,0,1
0.8125455,5,rgb_pca,0,1
0.75480354,5,rgb_pca,0,1
0.7504058,5,rgb_pca,0,1
0.77892333,5,rgb_pca,0,1
0.80234545,5,rgb_pca,0,1
0.7144076,5,rgb_pca,0,1
0.8028734,5,rgb_pca,0,1
0.77434295,5,rgb_pca,0,1
0.7618681,5,rgb_pca,0,1
0.74729395,5,rgb_pca,0,1
0.7883676,5,rgb_pca,0,1
0.77887577,5,rgb_pca,0,1
0.78336394,5,rgb_pca,0,1
0.74655664,5,rgb_pca,0,1
0.80552727,5,rgb_pca,0,1
0.7905826,5,rgb_pca,0,1
0.8310528,5,rgb_pca,0,1
0.8082281,5,rgb_pca,0,1
0.75013614,3,rgb_pca,0,1
0.75341845,3,rgb_pca,0,1
0.79524446,3,rgb_pca,0,1
0.7950542,3,rgb_pca,0,1
0.7132515,3,rgb_pca,0,1
0.7586295,3,rgb_pca,0,1
0.74834865,3,rgb_pca,0,1
0.7218297,3,rgb_pca,0,1
0.6936319,3,rgb_pca,0,1
0.72042,3,rgb_pca,0,1
0.70570135,3,rgb_pca,0,1
0.72996604,3,rgb_pca,0,1
0.7170141,3,rgb_pca,0,1
0.7238642,3,rgb_pca,0,1
0.70130056,3,rgb_pca,0,1
0.69541585,3,rgb_pca,0,1
0.69188803,3,rgb_pca,0,1
0.7483773,3,rgb_pca,0,1
0.73804677,3,rgb_pca,0,1
0.6884668,3,rgb_pca,0,1
0.67602193,3,rgb_pca,0,1
0.6763763,3,rgb_pca,0,1
0.69515127,3,rgb_pca,0,1
0.6952956,3,rgb_pca,0,1
0.7269958,3,rgb_pca,0,1
0.7175176,3,rgb_pca,0,1
0.66531223,3,rgb_pca,0,1
0.7351639,3,rgb_pca,0,1
0.6900055,3,rgb_pca,0,1
0.69750243,3,rgb_pca,0,1
0.7577718,3,rgb_pca,0,1
0.74698895,3,rgb_pca,0,1
0.7713448,3,rgb_pca,0,1
0.74652064,3,rgb_pca,0,1
0.71095216,3,rgb_pca,0,1
0.78333247,3,rgb_pca,0,1
0.685655,3,rgb_pca,0,1
0.7448487,3,rgb_pca,0,1
0.7139318,3,rgb_pca,0,1
0.71076226,3,rgb_pca,0,1
0.7470484,3,rgb_pca,0,1
0.74213994,3,rgb_pca,0,1
0.7684507,3,rgb_pca,0,1
0.75207317,3,rgb_pca,0,1
0.6937554,3,rgb_pca,0,1
0.75511205,3,rgb_pca,0,1
0.7196506,3,rgb_pca,0,1
0.7260612,3,rgb_pca,0,1
0.73003155,3,rgb_pca,0,1
0.6806238,3,rgb_pca,0,1
0.7306025,3,rgb_pca,0,1
0.7216197,3,rgb_pca,0,1
0.7232684,3,rgb_pca,0,1
0.7142484,3,rgb_pca,0,1
0.6943011,3,rgb_pca,0,1
0.7538991,3,rgb_pca,0,1
0.73228896,3,rgb_pca,0,1
0.7438592,3,rgb_pca,0,1
0.702391,3,rgb_pca,0,1
0.66183376,3,rgb_pca,0,1
0.70796335,3,rgb_pca,0,1
0.6849143,3,rgb_pca,0,1
0.7035898,3,rgb_pca,0,1
0.71497595,3,rgb_pca,0,1
0.69082487,3,rgb_pca,0,1
0.7597844,3,rgb_pca,0,1
0.67509466,3,rgb_pca,0,1
0.6708646,3,rgb_pca,0,1
0.6458151,3,rgb_pca,0,1
0.62913203,3,rgb_pca,0,1
0.6929149,3,rgb_pca,0,1
0.66655564,3,rgb_pca,0,1
0.6937548,3,rgb_pca,0,1
0.7158685,3,rgb_pca,0,1
0.70639,3,rgb_pca,0,1
0.7561885,3,rgb_pca,0,1
0.66383374,3,rgb_pca,0,1
0.66340005,3,rgb_pca,0,1
0.62812865,3,rgb_pca,0,1
0.6147436,3,rgb_pca,0,1
0.67528546,3,rgb_pca,0,1
0.66316026,3,rgb_pca,0,1
0.698338,3,rgb_pca,0,1
0.7075522,3,rgb_pca,0,1
0.70244217,3,rgb_pca,0,1
0.7534435,3,rgb_pca,0,1
0.70214164,3,rgb_pca,0,1
0.68885195,3,rgb_pca,0,1
0.6699834,3,rgb_pca,0,1
0.62949204,3,rgb_pca,0,1
0.7012179,3,rgb_pca,0,1
0.70372176,3,rgb_pca,0,1
0.7203499,3,rgb_pca,0,1
0.72980696,3,rgb_pca,0,1
0.69015884,3,rgb_pca,0,1
0.7279784,3,rgb_pca,0,1
0.70342016,3,rgb_pca,0,1
0.69504523,3,rgb_pca,0,1
0.743022,3,rgb_pca,0,1
0.7114176,3,rgb_pca,0,1
0.72442853,3,rgb_pca,0,1
0.71923655,3,rgb_pca,0,1
0.6874573,3,rgb_pca,0,1
0.7258866,3,rgb_pca,0,1
0.6663908,3,rgb_pca,0,1
0.65298593,3,rgb_pca,0,1
0.72397566,3,rgb_pca,0,1
0.6788969,3,rgb_pca,0,1
0.68342227,3,rgb_pca,0,1
0.6964139,3,rgb_pca,0,1
0.6671413,3,rgb_pca,0,1
0.7183268,3,rgb_pca,0,1
0.6327752,3,rgb_pca,0,1
0.71205676,3,rgb_pca,0,1
0.6797489,3,rgb_pca,0,1
0.701583,3,rgb_pca,0,1
0.68899727,3,rgb_pca,0,1
0.6756645,3,rgb_pca,0,1
0.7425813,3,rgb_pca,0,1
0.6778051,3,rgb_pca,0,1
0.6852684,3,rgb_pca,0,1
0.6779927,3,rgb_pca,0,1
0.6428208,3,rgb_pca,0,1
0.70412266,3,rgb_pca,0,1
0.64799297,3,rgb_pca,0,1
0.6562809,3,rgb_pca,0,1
0.6450804,3,rgb_pca,0,1
0.58807003,3,rgb_pca,0,1
0.65885556,3,rgb_pca,0,1
0.7952777,3,rgb_pca,0,1
0.77867573,3,rgb_pca,0,1
0.7904553,3,rgb_pca,0,1
0.7923727,3,rgb_pca,0,1
0.6736387,3,rgb_pca,0,1
0.79489344,3,rgb_pca,0,1
0.6896639,3,rgb_pca,0,1
0.6744653,3,rgb_pca,0,1
0.65687907,3,rgb_pca,0,1
0.69183457,3,rgb_pca,0,1
0.717002,3,rgb_pca,0,1
0.7554516,3,rgb_pca,0,1
0.7815367,3,rgb_pca,0,1
0.7018276,3,rgb_pca,0,1
0.64670575,3,rgb_pca,0,1
0.66655254,3,rgb_pca,0,1
0.6685033,3,rgb_pca,0,1
0.70335484,3,rgb_pca,0,1
0.73308337,3,rgb_pca,0,1
0.71561086,3,rgb_pca,0,1
0.66236037,3,rgb_pca,0,1
0.62464774,3,rgb_pca,0,1
0.6459311,3,rgb_pca,0,1
0.66437554,3,rgb_pca,0,1
0.7023864,3,rgb_pca,0,1
0.7057912,3,rgb_pca,0,1
0.7063136,3,rgb_pca,0,1
0.69157636,3,rgb_pca,0,1
0.71874654,3,rgb_pca,0,1
0.6677974,3,rgb_pca,0,1
0.6148003,3,rgb_pca,0,1
0.63585526,3,rgb_pca,0,1
0.647629,3,rgb_pca,0,1
0.67671114,3,rgb_pca,0,1
0.66860974,3,rgb_pca,0,1
0.64970756,3,rgb_pca,0,1
0.67761886,3,rgb_pca,0,1
0.7241398,3,rgb_pca,0,1
0.6826185,3,rgb_pca,0,1
0.7161404,3,rgb_pca,0,1
0.6148437,3,rgb_pca,0,1
0.61413574,3,rgb_pca,0,1
0.64896536,3,rgb_pca,0,1
0.660465,3,rgb_pca,0,1
0.6835036,3,rgb_pca,0,1
0.6617408,3,rgb_pca,0,1
0.6584041,3,rgb_pca,0,1
0.67865866,3,rgb_pca,0,1
0.660854,3,rgb_pca,0,1
0.6574601,3,rgb_pca,0,1
0.7141019,3,rgb_pca,0,1
0.7076164,3,rgb_pca,0,1
0.65941423,3,rgb_pca,0,1
0.6271541,3,rgb_pca,0,1
0.6512941,3,rgb_pca,0,1
0.67416847,3,rgb_pca,0,1
0.66419303,3,rgb_pca,0,1
0.6488685,3,rgb_pca,0,1
0.66088486,3,rgb_pca,0,1
0.66368294,3,rgb_pca,0,1
0.6379398,3,rgb_pca,0,1
0.6437807,3,rgb_pca,0,1
0.7218625,3,rgb_pca,0,1
0.7025969,3,rgb_pca,0,1
0.63091886,3,rgb_pca,0,1
0.611673,3,rgb_pca,0,1
0.6377524,3,rgb_pca,0,1
0.67078584,3,rgb_pca,0,1
0.6543967,3,rgb_pca,0,1
0.65247583,3,rgb_pca,0,1
0.64063424,3,rgb_pca,0,1
0.636448,3,rgb_pca,0,1
0.62772745,3,rgb_pca,0,1
0.6172019,3,rgb_pca,0,1
0.6486759,3,rgb_pca,0,1
0.71879375,3,rgb_pca,0,1
0.6924447,3,rgb_pca,0,1
0.63693005,3,rgb_pca,0,1
0.6029098,3,rgb_pca,0,1
0.6283733,3,rgb_pca,0,1
0.6734885,3,rgb_pca,0,1
0.64155066,3,rgb_pca,0,1
0.6272149,3,rgb_pca,0,1
0.6225935,3,rgb_pca,0,1
0.6171403,3,rgb_pca,0,1
0.6293573,3,rgb_pca,0,1
0.61736417,3,rgb_pca,0,1
0.6385114,3,rgb_pca,0,1
0.69098914,3,rgb_pca,0,1
0.6777104,3,rgb_pca,0,1
0.6327505,3,rgb_pca,0,1
0.5966182,3,rgb_pca,0,1
0.63028777,3,rgb_pca,0,1
0.6787014,3,rgb_pca,0,1
0.662035,3,rgb_pca,0,1
0.63401157,3,rgb_pca,0,1
0.625268,3,rgb_pca,0,1
0.6208647,3,rgb_pca,0,1
0.61622274,3,rgb_pca,0,1
0.60303354,3,rgb_pca,0,1
0.6439901,3,rgb_pca,0,1
0.70943356,3,rgb_pca,0,1
0.655175,3,rgb_pca,0,1
0.6239352,3,rgb_pca,0,1
0.59745234,3,rgb_pca,0,1
0.6571913,3,rgb_pca,0,1
0.68818665,3,rgb_pca,0,1
0.6444465,3,rgb_pca,0,1
0.624133,3,rgb_pca,0,1
0.62801486,3,rgb_pca,0,1
0.62464166,3,rgb_pca,0,1
0.6244871,3,rgb_pca,0,1
0.6043555,3,rgb_pca,0,1
0.6487113,3,rgb_pca,0,1
0.63746953,3,rgb_pca,0,1
0.6083015,3,rgb_pca,0,1
0.6829018,3,rgb_pca,0,1
0.69245815,3,rgb_pca,0,1
0.66026676,3,rgb_pca,0,1
0.65254694,3,rgb_pca,0,1
0.6545097,3,rgb_pca,0,1
0.6697966,3,rgb_pca,0,1
0.65973103,3,rgb_pca,0,1
0.63770676,3,rgb_pca,0,1
0.67285645,3,rgb_pca,0,1
0.6136489,3,rgb_pca,0,1
0.5805993,3,rgb_pca,0,1
0.6418747,3,rgb_pca,0,1
0.6479646,3,rgb_pca,0,1
0.62700397,3,rgb_pca,0,1
0.628708,3,rgb_pca,0,1
0.65167046,3,rgb_pca,0,1
0.6673858,3,rgb_pca,0,1
0.6463877,3,rgb_pca,0,1
0.6202895,3,rgb_pca,0,1
0.60315585,3,rgb_pca,0,1
0.62711155,3,rgb_pca,0,1
0.63189256,3,rgb_pca,0,1
0.6283398,3,rgb_pca,0,1
0.63271785,3,rgb_pca,0,1
0.63445747,3,rgb_pca,0,1
0.6531297,3,rgb_pca,0,1
0.6681654,3,rgb_pca,0,1
0.65962416,3,rgb_pca,0,1
0.68018335,3,rgb_pca,0,1
0.678063,3,rgb_pca,0,1
0.66702783,3,rgb_pca,0,1
0.686856,3,rgb_pca,0,1
0.62974405,3,rgb_pca,0,1
0.64731824,3,rgb_pca,0,1
0.6327344,3,rgb_pca,0,1
0.62000483,3,rgb_pca,0,1
0.6332984,3,rgb_pca,0,1
0.7264286,3,rgb_pca,0,1
0.7684633,3,rgb_pca,0,1
0.754485,3,rgb_pca,0,1
0.6657421,3,rgb_pca,0,1
0.76768017,3,rgb_pca,0,1
0.7239066,3,rgb_pca,0,1
0.76922196,3,rgb_pca,0,1
0.69831616,3,rgb_pca,0,1
0.7004212,3,rgb_pca,0,1
0.7495141,3,rgb_pca,0,1
0.67601657,3,rgb_pca,0,1
0.6782853,3,rgb_pca,0,1
0.73052263,3,rgb_pca,0,1
0.6636325,3,rgb_pca,0,1
0.6877401,3,rgb_pca,0,1
0.719984,3,rgb_pca,0,1
0.6401444,3,rgb_pca,0,1
0.7084413,3,rgb_pca,0,1
0.72786254,3,rgb_pca,0,1
0.65587485,3,rgb_pca,0,1
0.7051414,3,rgb_pca,0,1
0.73194456,3,rgb_pca,0,1
0.649228,3,rgb_pca,0,1
0.7505661,3,rgb_pca,0,1
0.7549636,3,rgb_pca,0,1
0.78928185,3,rgb_pca,0,1
0.7524755,3,rgb_pca,0,1
0.769606,3,rgb_pca,0,1
0.7108708,3,rgb_pca,0,1
0.768543,3,rgb_pca,0,1
0.63531196,3,rgb_pca,0,1
0.7568574,3,rgb_pca,0,1
0.8148345,7,rgb_pca,0,1
0.84614253,7,rgb_pca,0,1
0.85479796,7,rgb_pca,0,1
0.8355479,7,rgb_pca,0,1
0.8264984,7,rgb_pca,0,1
0.84430265,7,rgb_pca,0,1
0.8463763,7,rgb_pca,0,1
0.8087412,7,rgb_pca,0,1
0.76225317,7,rgb_pca,0,1
0.78247046,7,rgb_pca,0,1
0.82371473,7,rgb_pca,0,1
0.84624964,7,rgb_pca,0,1
0.8210842,7,rgb_pca,0,1
0.8056011,7,rgb_pca,0,1
0.7936406,7,rgb_pca,0,1
0.7649535,7,rgb_pca,0,1
0.7166678,7,rgb_pca,0,1
0.6728752,7,rgb_pca,0,1
0.7922617,7,rgb_pca,0,1
0.8308772,7,rgb_pca,0,1
0.84839714,7,rgb_pca,0,1
0.82850355,7,rgb_pca,0,1
0.80561566,7,rgb_pca,0,1
0.7863583,7,rgb_pca,0,1
0.73726803,7,rgb_pca,0,1
0.67603135,7,rgb_pca,0,1
0.64608634,7,rgb_pca,0,1
0.79192793,7,rgb_pca,0,1
0.8308705,7,rgb_pca,0,1
0.8323396,7,rgb_pca,0,1
0.8217578,7,rgb_pca,0,1
0.79142,7,rgb_pca,0,1
0.77364445,7,rgb_pca,0,1
0.734936,7,rgb_pca,0,1
0.65861803,7,rgb_pca,0,1
0.63295925,7,rgb_pca,0,1
0.7315334,7,rgb_pca,0,1
0.7657223,7,rgb_pca,0,1
0.7537872,7,rgb_pca,0,1
0.7389328,7,rgb_pca,0,1
0.7216444,7,rgb_pca,0,1
0.70477474,7,rgb_pca,0,1
0.68345535,7,rgb_pca,0,1
0.6442194,7,rgb_pca,0,1
0.70836973,7,rgb_pca,0,1
0.7769418,3,rgb_pca,0,1
0.74171007,3,rgb_pca,0,1
0.7388464,3,rgb_pca,0,1
0.71929806,3,rgb_pca,0,1
0.73446697,3,rgb_pca,0,1
0.77055126,3,rgb_pca,0,1
0.70159644,3,rgb_pca,0,1
0.728745,3,rgb_pca,0,1
0.77769685,3,rgb_pca,0,1
0.71827245,3,rgb_pca,0,1
0.7061819,3,rgb_pca,0,1
0.6822472,3,rgb_pca,0,1
0.64760923,3,rgb_pca,0,1
0.68215585,3,rgb_pca,0,1
0.7138501,3,rgb_pca,0,1
0.71723866,3,rgb_pca,0,1
0.6887506,3,rgb_pca,0,1
0.7164608,3,rgb_pca,0,1
0.7397722,3,rgb_pca,0,1
0.7080505,3,rgb_pca,0,1
0.693285,3,rgb_pca,0,1
0.6255716,3,rgb_pca,0,1
0.69155777,3,rgb_pca,0,1
0.7561747,3,rgb_pca,0,1
0.73941267,3,rgb_pca,0,1
0.686305,3,rgb_pca,0,1
0.73454905,3,rgb_pca,0,1
0.76519245,3,rgb_pca,0,1
0.7348033,3,rgb_pca,0,1
0.7094829,3,rgb_pca,0,1
0.69368756,3,rgb_pca,0,1
0.67724705,3,rgb_pca,0,1
0.63669205,3,rgb_pca,0,1
0.67792726,3,rgb_pca,0,1
0.7122352,3,rgb_pca,0,1
0.6991272,3,rgb_pca,0,1
0.65934783,3,rgb_pca,0,1
0.72028005,3,rgb_pca,0,1
0.7616727,3,rgb_pca,0,1
0.7629989,3,rgb_pca,0,1
0.73007756,3,rgb_pca,0,1
0.69703615,3,rgb_pca,0,1
0.6825112,3,rgb_pca,0,1
0.65630805,3,rgb_pca,0,1
0.64295566,3,rgb_pca,0,1
0.68908536,3,rgb_pca,0,1
0.6695362,3,rgb_pca,0,1
0.66158116,3,rgb_pca,0,1
0.67398816,3,rgb_pca,0,1
0.7376529,3,rgb_pca,0,1
0.7688488,3,rgb_pca,0,1
0.7737562,3,rgb_pca,0,1
0.7593187,3,rgb_pca,0,1
0.7386335,3,rgb_pca,0,1
0.7128547,3,rgb_pca,0,1
0.67964613,3,rgb_pca,0,1
0.6361466,3,rgb_pca,0,1
0.6611038,3,rgb_pca,0,1
0.656567,3,rgb_pca,0,1
0.66066384,3,rgb_pca,0,1
0.6816952,3,rgb_pca,0,1
0.77500534,3,rgb_pca,0,1
0.78424466,3,rgb_pca,0,1
0.7720357,3,rgb_pca,0,1
0.7940873,3,rgb_pca,0,1
0.7582557,3,rgb_pca,0,1
0.73365986,3,rgb_pca,0,1
0.7202982,3,rgb_pca,0,1
0.70676535,3,rgb_pca,0,1
0.67668486,3,rgb_pca,0,1
0.69240224,3,rgb_pca,0,1
0.6417495,3,rgb_pca,0,1
0.60754967,3,rgb_pca,0,1
0.70629895,3,rgb_pca,0,1
0.80186725,3,rgb_pca,0,1
0.8032923,3,rgb_pca,0,1
0.80645585,3,rgb_pca,0,1
0.78933203,3,rgb_pca,0,1
0.7449291,3,rgb_pca,0,1
0.72013617,3,rgb_pca,0,1
0.7091274,3,rgb_pca,0,1
0.73042905,3,rgb_pca,0,1
0.70083416,3,rgb_pca,0,1
0.7063647,3,rgb_pca,0,1
0.6837927,3,rgb_pca,0,1
0.62719345,3,rgb_pca,0,1
0.70368683,3,rgb_pca,0,1
0.81200093,3,rgb_pca,0,1
0.7290015,3,rgb_pca,0,1
0.6986232,3,rgb_pca,0,1
0.7237171,3,rgb_pca,0,1
0.7503185,3,rgb_pca,0,1
0.76129556,3,rgb_pca,0,1
0.72591484,3,rgb_pca,0,1
0.7163121,3,rgb_pca,0,1
0.7232697,3,rgb_pca,0,1
0.6957303,3,rgb_pca,0,1
0.7671685,3,rgb_pca,0,1
0.6947637,3,rgb_pca,0,1
0.6811315,3,rgb_pca,0,1
0.73546505,3,rgb_pca,0,1
0.78819823,3,rgb_pca,0,1
0.78706336,3,rgb_pca,0,1
0.7232542,3,rgb_pca,0,1
0.7507962,3,rgb_pca,0,1
0.76990855,3,rgb_pca,0,1
0.759338,3,rgb_pca,0,1
0.6943611,3,rgb_pca,0,1
0.6841127,3,rgb_pca,0,1
0.7140308,3,rgb_pca,0,1
0.76326895,3,rgb_pca,0,1
0.78493935,3,rgb_pca,0,1
0.7543458,3,rgb_pca,0,1
0.7789779,3,rgb_pca,0,1
0.73098063,3,rgb_pca,0,1
0.7304392,3,rgb_pca,0,1
0.70797765,3,rgb_pca,0,1
0.72467124,3,rgb_pca,0,1
0.75413823,3,rgb_pca,0,1
0.7458371,3,rgb_pca,0,1
0.78844804,3,rgb_pca,0,1
0.8209508,3,rgb_pca,0,1
0.7710178,3,rgb_pca,0,1
0.76440066,3,rgb_pca,0,1
0.7576966,3,rgb_pca,0,1
0.7063974,3,rgb_pca,0,1
0.7806194,3,rgb_pca,0,1
0.71830946,3,rgb_pca,0,1
0.698696,3,rgb_pca,0,1
0.77077085,3,rgb_pca,0,1
0.76399946,3,rgb_pca,0,1
0.75509644,3,rgb_pca,0,1
0.8119553,3,rgb_pca,0,1
0.69478416,3,rgb_pca,0,1
0.7110475,3,rgb_pca,0,1
0.7031241,3,rgb_pca,0,1
0.64633006,3,rgb_pca,0,1
0.6633858,3,rgb_pca,0,1
0.67549026,3,rgb_pca,0,1
0.769163,3,rgb_pca,0,1
0.6251268,3,rgb_pca,0,1
0.64704186,3,rgb_pca,0,1
0.6623678,3,rgb_pca,0,1
0.71296334,3,rgb_pca,0,1
0.70279896,3,rgb_pca,0,1
0.7451551,3,rgb_pca,0,1
0.6154481,3,rgb_pca,0,1
0.6302309,3,rgb_pca,0,1
0.64201194,3,rgb_pca,0,1
0.6645949,3,rgb_pca,0,1
0.61522096,3,rgb_pca,0,1
0.700628,3,rgb_pca,0,1
0.67166346,3,rgb_pca,0,1
0.6050656,3,rgb_pca,0,1
0.6699837,3,rgb_pca,0,1
0.68044454,3,rgb_pca,0,1
0.69488025,3,rgb_pca,0,1
0.6880811,3,rgb_pca,0,1
0.61372507,3,rgb_pca,0,1
0.6818149,3,rgb_pca,0,1
0.66924393,3,rgb_pca,0,1
0.67705995,3,rgb_pca,0,1
0.60729206,3,rgb_pca,0,1
0.67038244,3,rgb_pca,0,1
0.6683898,3,rgb_pca,0,1
0.66748744,3,rgb_pca,0,1
0.6802285,3,rgb_pca,0,1
0.61468804,3,rgb_pca,0,1
0.6571098,3,rgb_pca,0,1
0.62506145,3,rgb_pca,0,1
0.6719241,3,rgb_pca,0,1
0.6834121,3,rgb_pca,0,1
0.7087398,3,rgb_pca,0,1
0.68998504,3,rgb_pca,0,1
0.66167176,3,rgb_pca,0,1
0.6547657,3,rgb_pca,0,1
0.6075443,3,rgb_pca,0,1
0.6734741,3,rgb_pca,0,1
0.6226911,3,rgb_pca,0,1
0.6743096,3,rgb_pca,0,1
0.6605699,3,rgb_pca,0,1
0.6779034,3,rgb_pca,0,1
0.73888934,3,rgb_pca,0,1
0.73923063,3,rgb_pca,0,1
0.7203215,3,rgb_pca,0,1
0.7084452,3,rgb_pca,0,1
0.69500405,3,rgb_pca,0,1
0.6337875,3,rgb_pca,0,1
0.6853265,3,rgb_pca,0,1
0.72155,3,rgb_pca,0,1
0.6926612,3,rgb_pca,0,1
0.813492,3,rgb_pca,0,1
0.76651895,3,rgb_pca,0,1
0.77228844,7,rgb_pca,0,1
0.79006076,7,rgb_pca,0,1
0.792783,7,rgb_pca,0,1
0.82560253,7,rgb_pca,0,1
0.8187165,7,rgb_pca,0,1
0.7954431,7,rgb_pca,0,1
0.8145207,7,rgb_pca,0,1
0.79559684,7,rgb_pca,0,1
0.7379102,7,rgb_pca,0,1
0.70689386,7,rgb_pca,0,1
0.7050574,7,rgb_pca,0,1
0.73777664,7,rgb_pca,0,1
0.7610033,7,rgb_pca,0,1
0.76202166,7,rgb_pca,0,1
0.79253757,7,rgb_pca,0,1
0.76585,7,rgb_pca,0,1
0.7521497,7,rgb_pca,0,1
0.74893546,7,rgb_pca,0,1
0.69263995,7,rgb_pca,0,1
0.63862383,7,rgb_pca,0,1
0.62109816,7,rgb_pca,0,1
0.5877216,7,rgb_pca,0,1
0.75377065,7,rgb_pca,0,1
0.77977896,7,rgb_pca,0,1
0.79235435,7,rgb_pca,0,1
0.78010136,7,rgb_pca,0,1
0.74963415,7,rgb_pca,0,1
0.7463382,7,rgb_pca,0,1
0.74089026,7,rgb_pca,0,1
0.6671449,7,rgb_pca,0,1
0.6384302,7,rgb_pca,0,1
0.64035875,7,rgb_pca,0,1
0.5808878,7,rgb_pca,0,1
0.73484707,7,rgb_pca,0,1
0.76942056,7,rgb_pca,0,1
0.7769272,7,rgb_pca,0,1
0.76430666,7,rgb_pca,0,1
0.7233294,7,rgb_pca,0,1
0.7305237,7,rgb_pca,0,1
0.73018485,7,rgb_pca,0,1
0.654664,7,rgb_pca,0,1
0.6437216,7,rgb_pca,0,1
0.59438,7,rgb_pca,0,1
0.6333468,7,rgb_pca,0,1
0.60895896,7,rgb_pca,0,1
0.5636903,7,rgb_pca,0,1
0.6368031,7,rgb_pca,0,1
0.6478747,7,rgb_pca,0,1
0.6526197,7,rgb_pca,0,1
0.78343153,7,rgb_pca,0,1
0.68816423,7,rgb_pca,0,1
0.72485137,7,rgb_pca,0,1
0.7131524,7,rgb_pca,0,1
0.69901276,7,rgb_pca,0,1
0.6778721,7,rgb_pca,0,1
0.6819073,7,rgb_pca,0,1
0.695639,7,rgb_pca,0,1
0.6458404,7,rgb_pca,0,1
0.7200242,7,rgb_pca,0,1
0.60897934,7,rgb_pca,0,1
0.6078962,7,rgb_pca,0,1
0.58743733,7,rgb_pca,0,1
0.60220087,7,rgb_pca,0,1
0.6270878,7,rgb_pca,0,1
0.59585154,7,rgb_pca,0,1
0.6184218,7,rgb_pca,0,1
0.79287624,7,rgb_pca,0,1
0.58307743,7,rgb_pca,0,1
0.5910485,7,rgb_pca,0,1
0.61072934,7,rgb_pca,0,1
0.6265689,7,rgb_pca,0,1
0.60668236,7,rgb_pca,0,1
0.7751056,7,rgb_pca,0,1
0.67209363,7,rgb_pca,0,1
0.6316287,7,rgb_pca,0,1
0.6753098,7,rgb_pca,0,1
0.7243166,7,rgb_pca,0,1
0.66578734,7,rgb_pca,0,1
0.8015721,7,rgb_pca,0,1
0.58109415,7,rgb_pca,0,1
0.61164165,7,rgb_pca,0,1
0.67366403,7,rgb_pca,0,1
0.6445891,7,rgb_pca,0,1
0.6604587,7,rgb_pca,0,1
0.73210645,7,rgb_pca,0,1
0.5835402,7,rgb_pca,0,1
0.6019684,7,rgb_pca,0,1
0.61993,7,rgb_pca,0,1
0.6353874,7,rgb_pca,0,1
0.6566528,7,rgb_pca,0,1
0.73625374,7,rgb_pca,0,1
0.5886992,7,rgb_pca,0,1
0.6094318,7,rgb_pca,0,1
0.6374712,7,rgb_pca,0,1
0.6736924,7,rgb_pca,0,1
0.70142853,7,rgb_pca,0,1
0.75993884,7,rgb_pca,0,1
0.77043486,3,rgb_pca,0,1
0.74095285,3,rgb_pca,0,1
0.695812,3,rgb_pca,0,1
0.65644073,3,rgb_pca,0,1
0.6688597,3,rgb_pca,0,1
0.6973448,3,rgb_pca,0,1
0.722302,3,rgb_pca,0,1
0.74223614,3,rgb_pca,0,1
0.7846336,3,rgb_pca,0,1
0.7075243,7,rgb_pca,0,1
0.7493905,7,rgb_pca,0,1
0.73908144,3,rgb_pca,0,1
0.71060383,3,rgb_pca,0,1
0.69231445,3,rgb_pca,0,1
0.61298215,3,rgb_pca,0,1
0.63515383,3,rgb_pca,0,1
0.6874738,3,rgb_pca,0,1
0.7166144,3,rgb_pca,0,1
0.7252185,3,rgb_pca,0,1
0.77179843,3,rgb_pca,0,1
0.7638179,3,rgb_pca,0,1
0.76756203,3,rgb_pca,0,1
0.7544094,3,rgb_pca,0,1
0.6689422,3,rgb_pca,0,1
0.66497123,3,rgb_pca,0,1
0.7569624,3,rgb_pca,0,1
0.789308,3,rgb_pca,0,1
0.75821674,3,rgb_pca,0,1
0.8041989,3,rgb_pca,0,1
0.788785,3,rgb_pca,0,1
0.75310075,3,rgb_pca,0,1
0.7409155,3,rgb_pca,0,1
0.7123306,3,rgb_pca,0,1
0.69995236,3,rgb_pca,0,1
0.66233623,3,rgb_pca,0,1
0.6540644,3,rgb_pca,0,1
0.70921963,3,rgb_pca,0,1
0.7482878,3,rgb_pca,0,1
0.7320536,3,rgb_pca,0,1
0.79716647,3,rgb_pca,0,1
0.79552174,3,rgb_pca,0,1
0.77023196,3,rgb_pca,0,1
0.7648025,3,rgb_pca,0,1
0.7270606,3,rgb_pca,0,1
0.70592946,3,rgb_pca,0,1
0.7284318,3,rgb_pca,0,1
0.7006605,3,rgb_pca,0,1
0.6838928,3,rgb_pca,0,1
0.70143604,3,rgb_pca,0,1
0.72459424,3,rgb_pca,0,1
0.7275057,3,rgb_pca,0,1
0.78531885,3,rgb_pca,0,1
0.7878669,3,rgb_pca,0,1
0.7876247,3,rgb_pca,0,1
0.74481016,3,rgb_pca,0,1
0.7271586,3,rgb_pca,0,1
0.73109305,3,rgb_pca,0,1
0.7482269,3,rgb_pca,0,1
0.69129413,3,rgb_pca,0,1
0.6864942,3,rgb_pca,0,1
0.6963243,3,rgb_pca,0,1
0.7087761,3,rgb_pca,0,1
0.7284672,3,rgb_pca,0,1
0.7930218,3,rgb_pca,0,1
0.78586257,3,rgb_pca,0,1
0.7913512,3,rgb_pca,0,1
0.7210436,3,rgb_pca,0,1
0.7225869,3,rgb_pca,0,1
0.722873,3,rgb_pca,0,1
0.71920824,3,rgb_pca,0,1
0.7512467,3,rgb_pca,0,1
0.7019943,3,rgb_pca,0,1
0.6819262,3,rgb_pca,0,1
0.7186483,3,rgb_pca,0,1
0.73261714,3,rgb_pca,0,1
0.743526,3,rgb_pca,0,1
0.8060676,3,rgb_pca,0,1
0.7871451,3,rgb_pca,0,1
0.7750754,3,rgb_pca,0,1
0.7416931,3,rgb_pca,0,1
0.7427794,3,rgb_pca,0,1
0.726575,3,rgb_pca,0,1
0.70365775,3,rgb_pca,0,1
0.74563617,3,rgb_pca,0,1
0.6960627,3,rgb_pca,0,1
0.6902734,3,rgb_pca,0,1
0.7357829,3,rgb_pca,0,1
0.7291511,3,rgb_pca,0,1
0.7461208,3,rgb_pca,0,1
0.8140582,3,rgb_pca,0,1
0.72974354,3,rgb_pca,0,1
0.73063153,3,rgb_pca,0,1
0.724254,3,rgb_pca,0,1
0.7138953,3,rgb_pca,0,1
0.7438538,3,rgb_pca,0,1
0.73324907,3,rgb_pca,0,1
0.7323479,3,rgb_pca,0,1
0.76110286,3,rgb_pca,0,1
0.772998,3,rgb_pca,0,1
0.77950245,3,rgb_pca,0,1
0.7364838,3,rgb_pca,0,1
0.72804964,3,rgb_pca,0,1
0.7362375,3,rgb_pca,0,1
0.7393042,3,rgb_pca,0,1
0.7614259,3,rgb_pca,0,1
0.7429511,3,rgb_pca,0,1
0.74822795,3,rgb_pca,0,1
0.7687421,3,rgb_pca,0,1
0.77620053,3,rgb_pca,0,1
0.740413,3,rgb_pca,0,1
0.7464727,3,rgb_pca,0,1
0.7376162,3,rgb_pca,0,1
0.72849685,3,rgb_pca,0,1
0.7374583,3,rgb_pca,0,1
0.7663437,3,rgb_pca,0,1
0.77442926,3,rgb_pca,0,1
0.76517135,3,rgb_pca,0,1
0.79340386,3,rgb_pca,0,1
0.74831104,3,rgb_pca,0,1
0.68087804,3,rgb_pca,0,1
0.6809862,3,rgb_pca,0,1
0.7302493,3,rgb_pca,0,1
0.7555182,3,rgb_pca,0,1
0.8186933,3,rgb_pca,0,1
0.7796818,3,rgb_pca,0,1
0.73627675,3,rgb_pca,0,1
0.7248337,3,rgb_pca,0,1
0.76217103,3,rgb_pca,0,1
0.78298473,3,rgb_pca,0,1
0.77721435,3,rgb_pca,0,1
0.7791728,3,rgb_pca,0,1
0.7936516,3,rgb_pca,0,1
0.77156067,3,rgb_pca,0,1
0.7744137,3,rgb_pca,0,1
0.82090116,3,rgb_pca,0,1
0.8096527,3,rgb_pca,0,1
0.78306115,3,rgb_pca,0,1
0.7583586,3,rgb_pca,0,1
0.78103364,3,rgb_pca,0,1
0.72409165,3,rgb_pca,0,1
0.6880566,3,rgb_pca,0,1
0.7581624,3,rgb_pca,0,1
0.76141024,3,rgb_pca,0,1
0.7165874,3,rgb_pca,0,1
0.71031415,3,rgb_pca,0,1
0.7487689,3,rgb_pca,0,1
0.7294743,3,rgb_pca,0,1
0.8078402,3,rgb_pca,0,1
0.7552665,3,rgb_pca,0,1
0.67108864,3,rgb_pca,0,1
0.6842602,3,rgb_pca,0,1
0.6967877,3,rgb_pca,0,1
0.72124255,3,rgb_pca,0,1
0.79322386,3,rgb_pca,0,1
0.7167113,3,rgb_pca,0,1
0.63617593,3,rgb_pca,0,1
0.6570301,3,rgb_pca,0,1
0.6673251,3,rgb_pca,0,1
0.637911,3,rgb_pca,0,1
0.7209322,3,rgb_pca,0,1
0.7733682,3,rgb_pca,0,1
0.7296041,3,rgb_pca,0,1
0.6260898,3,rgb_pca,0,1
0.6436801,3,rgb_pca,0,1
0.6563579,3,rgb_pca,0,1
0.64309835,3,rgb_pca,0,1
0.71787214,3,rgb_pca,0,1
0.7227142,3,rgb_pca,0,1
0.74156874,3,rgb_pca,0,1
0.621392,3,rgb_pca,0,1
0.6051326,3,rgb_pca,0,1
0.62545943,3,rgb_pca,0,1
0.59996676,3,rgb_pca,0,1
0.7088529,3,rgb_pca,0,1
0.69739914,3,rgb_pca,0,1
0.6957552,3,rgb_pca,0,1
0.73387146,3,rgb_pca,0,1
0.6554873,3,rgb_pca,0,1
0.6444559,3,rgb_pca,0,1
0.6519211,3,rgb_pca,0,1
0.7270595,3,rgb_pca,0,1
0.72429705,3,rgb_pca,0,1
0.6987996,3,rgb_pca,0,1
0.7600299,3,rgb_pca,0,1
0.66318166,3,rgb_pca,0,1
0.850373,3,rgb_pca,0,1
0.80135715,3,rgb_pca,0,1
0.6753609,7,rgb_pca,0,1
0.69195545,7,rgb_pca,0,1
0.5984297,7,rgb_pca,0,1
0.58759964,7,rgb_pca,0,1
0.5840212,7,rgb_pca,0,1
0.57902014,7,rgb_pca,0,1
0.5659353,7,rgb_pca,0,1
0.5664565,7,rgb_pca,0,1
0.5185542,7,rgb_pca,0,1
0.5342314,7,rgb_pca,0,1
0.5978036,7,rgb_pca,0,1
0.6329731,7,rgb_pca,0,1
0.6997665,7,rgb_pca,0,1
0.776738,7,rgb_pca,0,1
0.55042267,7,rgb_pca,0,1
0.5840875,7,rgb_pca,0,1
0.56793004,7,rgb_pca,0,1
0.5989209,7,rgb_pca,0,1
0.63972235,7,rgb_pca,0,1
0.6732564,7,rgb_pca,0,1
0.7107371,7,rgb_pca,0,1
0.7981976,7,rgb_pca,0,1
0.599589,7,rgb_pca,0,1
0.6091001,7,rgb_pca,0,1
0.6774898,7,rgb_pca,0,1
0.698599,7,rgb_pca,0,1
0.6773573,7,rgb_pca,0,1
0.73588014,7,rgb_pca,0,1
0.6396545,7,rgb_pca,0,1
0.6594838,7,rgb_pca,0,1
0.72421527,7,rgb_pca,0,1
0.73896503,7,rgb_pca,0,1
0.66137516,7,rgb_pca,0,1
0.7115617,7,rgb_pca,0,1
0.5768312,7,rgb_pca,0,1
0.59728974,7,rgb_pca,0,1
0.6310949,7,rgb_pca,0,1
0.65641916,7,rgb_pca,0,1
0.70755124,7,rgb_pca,0,1
0.78585494,7,rgb_pca,0,1
0.58908737,7,rgb_pca,0,1
0.5826765,7,rgb_pca,0,1
0.60363847,7,rgb_pca,0,1
0.62598574,7,rgb_pca,0,1
0.67939955,7,rgb_pca,0,1
0.7718952,7,rgb_pca,0,1
0.6164441,7,rgb_pca,0,1
0.6117069,7,rgb_pca,0,1
0.62870353,7,rgb_pca,0,1
0.6700914,7,rgb_pca,0,1
0.72109807,7,rgb_pca,0,1
0.7597687,7,rgb_pca,0,1
0.69374096,7,rgb_pca,0,1
0.7303171,7,rgb_pca,0,1
0.740615,5,rgb_pca,0,1
0.72098863,5,rgb_pca,0,1
0.7511609,5,rgb_pca,0,1
0.74019086,5,rgb_pca,0,1
0.7409004,5,rgb_pca,0,1
0.7307986,5,rgb_pca,0,1
0.7258394,5,rgb_pca,0,1
0.72909606,5,rgb_pca,0,1
0.73187166,5,rgb_pca,0,1
0.6960039,5,rgb_pca,0,1
0.7929207,5,rgb_pca,0,1
0.7806126,5,rgb_pca,0,1
0.7487836,5,rgb_pca,0,1
0.70389986,5,rgb_pca,0,1
0.7810622,5,rgb_pca,0,1
0.7800472,5,rgb_pca,0,1
0.7622869,5,rgb_pca,0,1
0.75722873,5,rgb_pca,0,1
0.7507016,5,rgb_pca,0,1
0.7927358,5,rgb_pca,0,1
0.8016392,5,rgb_pca,0,1
0.81067824,5,rgb_pca,0,1
0.82168156,5,rgb_pca,0,1
0.7677234,5,rgb_pca,0,1
0.7513124,5,rgb_pca,0,1
0.76589835,5,rgb_pca,0,1
0.77862597,5,rgb_pca,0,1
0.7745686,5,rgb_pca,0,1
0.7752456,5,rgb_pca,0,1
0.74112236,5,rgb_pca,0,1
0.7567382,5,rgb_pca,0,1
0.74446905,5,rgb_pca,0,1
0.7579037,5,rgb_pca,0,1
0.7716267,5,rgb_pca,0,1
0.778221,5,rgb_pca,0,1
0.7541164,5,rgb_pca,0,1
0.7611202,5,rgb_pca,0,1
0.7612516,5,rgb_pca,0,1
0.7865094,5,rgb_pca,0,1
0.8089344,5,rgb_pca,0,1
0.7750648,5,rgb_pca,0,1
0.7993449,5,rgb_pca,0,1
0.8066915,5,rgb_pca,0,1
0.8229562,5,rgb_pca,0,1
0.83599544,5,rgb_pca,0,1
0.6814946,5,rgb_pca,0,1
0.7656386,5,rgb_pca,0,1
0.80599505,5,rgb_pca,0,1
0.8195827,5,rgb_pca,0,1
0.67612433,5,rgb_pca,0,1
0.74499476,5,rgb_pca,0,1
0.77561927,5,rgb_pca,0,1
0.8204311,5,rgb_pca,0,1
0.67487466,5,rgb_pca,0,1
0.7517394,5,rgb_pca,0,1
0.7465908,5,rgb_pca,0,1
0.75097704,5,rgb_pca,0,1
0.7508849,5,rgb_pca,0,1
0.7803713,5,rgb_pca,0,1
0.7220774,5,rgb_pca,0,1
0.7717284,5,rgb_pca,0,1
0.71524096,5,rgb_pca,0,1
0.7741673,5,rgb_pca,0,1
0.68782616,5,rgb_pca,0,1
0.7512138,5,rgb_pca,0,1
0.68343246,5,rgb_pca,0,1
0.7137509,5,rgb_pca,0,1
0.6696959,5,rgb_pca,0,1
0.7106062,5,rgb_pca,0,1
0.734049,5,rgb_pca,0,1
0.73500717,5,rgb_pca,0,1
0.6742935,5,rgb_pca,0,1
0.7125108,5,rgb_pca,0,1
0.7174145,5,rgb_pca,0,1
0.7098307,5,rgb_pca,0,1
0.8010782,5,rgb_pca,0,1
0.7298193,5,rgb_pca,0,1
0.7435897,5,rgb_pca,0,1
0.7328601,5,rgb_pca,0,1
0.7452717,5,rgb_pca,0,1
0.7650141,5,rgb_pca,0,1
0.793573,5,rgb_pca,0,1
0.73106,5,rgb_pca,0,1
0.70495987,5,rgb_pca,0,1
0.7046548,5,rgb_pca,0,1
0.7165225,5,rgb_pca,0,1
0.7091975,5,rgb_pca,0,1
0.7856591,5,rgb_pca,0,1
0.72706795,5,rgb_pca,0,1
0.6925088,5,rgb_pca,0,1
0.71178865,5,rgb_pca,0,1
0.7236934,5,rgb_pca,0,1
0.71579665,5,rgb_pca,0,1
0.8045361,5,rgb_pca,0,1
0.75159144,5,rgb_pca,0,1
0.75030077,5,rgb_pca,0,1
0.7565237,5,rgb_pca,0,1
0.7790053,5,rgb_pca,0,1
0.8148792,5,rgb_pca,0,1
0.767031,5,rgb_pca,0,1
0.7871598,5,rgb_pca,0,1
0.78789055,5,rgb_pca,0,1
0.79708517,5,rgb_pca,0,1
0.73044485,5,rgb_pca,0,1
0.8068819,5,rgb_pca,0,1
0.77244246,5,rgb_pca,0,1
0.79116184,5,rgb_pca,0,1
0.7438638,5,rgb_pca,0,1
0.8006301,5,rgb_pca,0,1
0.7632267,5,rgb_pca,0,1
0.77573633,5,rgb_pca,0,1
0.7318088,5,rgb_pca,0,1
0.8035201,5,rgb_pca,0,1
0.7651247,5,rgb_pca,0,1
0.78754294,5,rgb_pca,0,1
0.7731351,5,rgb_pca,0,1
0.75944996,5,rgb_pca,0,1
0.78624517,5,rgb_pca,0,1
0.77037126,5,rgb_pca,0,1
0.72816324,5,rgb_pca,0,1
0.7693151,5,rgb_pca,0,1
0.78445286,5,rgb_pca,0,1
0.7762674,5,rgb_pca,0,1
0.7666465,5,rgb_pca,0,1
0.76427925,5,rgb_pca,0,1
0.7530083,5,rgb_pca,0,1
0.76426387,5,rgb_pca,0,1
0.74122155,5,rgb_pca,0,1
0.7547318,5,rgb_pca,0,1
0.77628386,5,rgb_pca,0,1
0.787146,5,rgb_pca,0,1
0.78807604,5,rgb_pca,0,1
0.79266953,5,rgb_pca,0,1
0.7606285,5,rgb_pca,0,1
0.77350104,5,rgb_pca,0,1
0.7719766,5,rgb_pca,0,1
0.77933365,5,rgb_pca,0,1
0.78188086,5,rgb_pca,0,1
0.76949495,5,rgb_pca,0,1
0.77424324,5,rgb_pca,0,1
0.7584008,5,rgb_pca,0,1
0.7751144,5,rgb_pca,0,1
0.7900208,5,rgb_pca,0,1
0.7962304,5,rgb_pca,0,1
0.78817415,5,rgb_pca,0,1
0.809868,5,rgb_pca,0,1
0.7878056,5,rgb_pca,0,1
0.8231396,5,rgb_pca,0,1
0.7563,5,rgb_pca,0,1
0.7429855,5,rgb_pca,0,1
0.75734544,5,rgb_pca,0,1
0.77424955,5,rgb_pca,0,1
0.7826549,5,rgb_pca,0,1
0.7789128,5,rgb_pca,0,1
0.78863907,5,rgb_pca,0,1
0.7937007,5,rgb_pca,0,1
0.80449104,5,rgb_pca,0,1
0.78698015,5,rgb_pca,0,1
0.8060409,5,rgb_pca,0,1
0.7993442,5,rgb_pca,0,1
0.82251835,5,rgb_pca,0,1
0.73043925,5,rgb_pca,0,1
0.7392177,5,rgb_pca,0,1
0.7489444,5,rgb_pca,0,1
0.77474475,5,rgb_pca,0,1
0.78845704,5,rgb_pca,0,1
0.78350306,5,rgb_pca,0,1
0.7957984,5,rgb_pca,0,1
0.77945095,5,rgb_pca,0,1
0.78635895,5,rgb_pca,0,1
0.7799609,5,rgb_pca,0,1
0.79621637,5,rgb_pca,0,1
0.801257,5,rgb_pca,0,1
0.7932512,5,rgb_pca,0,1
0.75667083,5,rgb_pca,0,1
0.76526314,5,rgb_pca,0,1
0.7626916,5,rgb_pca,0,1
0.7639766,5,rgb_pca,0,1
0.7781044,5,rgb_pca,0,1
0.7654356,5,rgb_pca,0,1
0.7765383,5,rgb_pca,0,1
0.772165,5,rgb_pca,0,1
0.783969,5,rgb_pca,0,1
0.7767844,5,rgb_pca,0,1
0.7725127,5,rgb_pca,0,1
0.72720325,5,rgb_pca,0,1
0.7391243,5,rgb_pca,0,1
0.7256578,5,rgb_pca,0,1
0.7235078,5,rgb_pca,0,1
0.7349644,5,rgb_pca,0,1
0.75104344,5,rgb_pca,0,1
0.7499367,5,rgb_pca,0,1
0.7564888,5,rgb_pca,0,1
0.7353873,5,rgb_pca,0,1
0.7579919,5,rgb_pca,0,1
0.7445339,5,rgb_pca,0,1
0.74556875,5,rgb_pca,0,1
0.7365718,5,rgb_pca,0,1
0.73521286,5,rgb_pca,0,1
0.75138295,5,rgb_pca,0,1
0.77384233,5,rgb_pca,0,1
0.76341546,5,rgb_pca,0,1
0.77838767,5,rgb_pca,0,1
0.7428045,5,rgb_pca,0,1
0.7762786,5,rgb_pca,0,1
0.73609024,5,rgb_pca,0,1
0.76175934,5,rgb_pca,0,1
0.78211164,5,rgb_pca,0,1
0.78404427,5,rgb_pca,0,1
0.71852374,5,rgb_pca,0,1
0.7453869,5,rgb_pca,0,1
0.7640223,5,rgb_pca,0,1
0.7767263,5,rgb_pca,0,1
0.75035703,5,rgb_pca,0,1
0.7301727,5,rgb_pca,0,1
0.7616558,5,rgb_pca,0,1
0.7534368,5,rgb_pca,0,1
0.752893,5,rgb_pca,0,1
0.7187854,5,rgb_pca,0,1
0.7302866,5,rgb_pca,0,1
0.756251,5,rgb_pca,0,1
0.78658414,5,rgb_pca,0,1
0.7717276,5,rgb_pca,0,1
0.7392565,5,rgb_pca,0,1
0.7594141,5,rgb_pca,0,1
0.78269076,5,rgb_pca,0,1
0.756233,5,rgb_pca,0,1
0.7513999,5,rgb_pca,0,1
0.764398,5,rgb_pca,0,1
0.7849779,5,rgb_pca,0,1
0.765309,5,rgb_pca,0,1
0.77971673,5,rgb_pca,0,1
0.7741207,5,rgb_pca,0,1
0.7843454,5,rgb_pca,0,1
0.7670788,5,rgb_pca,0,1
0.75177693,5,rgb_pca,0,1
0.7217715,5,rgb_pca,0,1
0.75148594,5,rgb_pca,0,1
0.7780734,5,rgb_pca,0,1
0.755972,5,rgb_pca,0,1
0.7618954,5,rgb_pca,0,1
0.7659862,5,rgb_pca,0,1
0.7785145,5,rgb_pca,0,1
0.7595314,5,rgb_pca,0,1
0.7925625,5,rgb_pca,0,1
0.7909689,5,rgb_pca,0,1
0.80754507,5,rgb_pca,0,1
0.7783998,5,rgb_pca,0,1
0.75863236,5,rgb_pca,0,1
0.747044,5,rgb_pca,0,1
0.76588786,5,rgb_pca,0,1
0.7802389,5,rgb_pca,0,1
0.775221,5,rgb_pca,0,1
0.77957773,5,rgb_pca,0,1
0.7692746,5,rgb_pca,0,1
0.7921728,5,rgb_pca,0,1
0.773507,5,rgb_pca,0,1
0.8123717,5,rgb_pca,0,1
0.8045106,5,rgb_pca,0,1
0.80960286,5,rgb_pca,0,1
0.7958406,5,rgb_pca,0,1
0.7842402,5,rgb_pca,0,1
0.7659584,5,rgb_pca,0,1
0.77825594,5,rgb_pca,0,1
0.8006165,5,rgb_pca,0,1
0.7979528,5,rgb_pca,0,1
0.80142057,5,rgb_pca,0,1
0.7933118,5,rgb_pca,0,1
0.8092558,5,rgb_pca,0,1
0.78280926,5,rgb_pca,0,1
0.7911337,5,rgb_pca,0,1
0.78260404,5,rgb_pca,0,1
0.7941339,5,rgb_pca,0,1
0.78789437,5,rgb_pca,0,1
0.7852295,5,rgb_pca,0,1
0.7682876,5,rgb_pca,0,1
0.77432173,5,rgb_pca,0,1
0.79184186,5,rgb_pca,0,1
0.7919346,5,rgb_pca,0,1
0.8027111,5,rgb_pca,0,1
0.7931769,5,rgb_pca,0,1
0.817145,5,rgb_pca,0,1
0.7793075,5,rgb_pca,0,1
0.797262,5,rgb_pca,0,1
0.7420427,5,rgb_pca,0,1
0.73602283,5,rgb_pca,0,1
0.7450491,5,rgb_pca,0,1
0.7769338,5,rgb_pca,0,1
0.7991548,5,rgb_pca,0,1
0.8033527,5,rgb_pca,0,1
0.7693374,5,rgb_pca,0,1
0.78523105,5,rgb_pca,0,1
0.7655941,5,rgb_pca,0,1
0.7769712,5,rgb_pca,0,1
0.7773596,5,rgb_pca,0,1
0.7662717,5,rgb_pca,0,1
0.783402,5,rgb_pca,0,1
0.80431896,5,rgb_pca,0,1
0.80908656,5,rgb_pca,0,1
0.81271565,5,rgb_pca,0,1
0.8012856,5,rgb_pca,0,1
0.81299514,5,rgb_pca,0,1
0.78893876,5,rgb_pca,0,1
0.80401486,5,rgb_pca,0,1
0.7747047,5,rgb_pca,0,1
0.80521804,5,rgb_pca,0,1
0.802135,5,rgb_pca,0,1
0.8037735,5,rgb_pca,0,1
0.76388705,5,rgb_pca,0,1
0.77519554,5,rgb_pca,0,1
0.7802763,5,rgb_pca,0,1
0.7927189,5,rgb_pca,0,1
0.74846536,5,rgb_pca,0,1
0.76813847,5,rgb_pca,0,1
0.7228142,3,rgb_pca,0,1
0.6832441,3,rgb_pca,0,1
0.68076384,3,rgb_pca,0,1
0.6549536,3,rgb_pca,0,1
0.6726965,3,rgb_pca,0,1
0.6621094,3,rgb_pca,0,1
0.656561,3,rgb_pca,0,1
0.6413281,3,rgb_pca,0,1
0.6775961,3,rgb_pca,0,1
0.74447924,3,rgb_pca,0,1
0.65116656,3,rgb_pca,0,1
0.59629375,3,rgb_pca,0,1
0.62009823,3,rgb_pca,0,1
0.59576625,3,rgb_pca,0,1
0.60399437,3,rgb_pca,0,1
0.58719957,3,rgb_pca,0,1
0.62387645,3,rgb_pca,0,1
0.7065012,3,rgb_pca,0,1
0.6127052,3,rgb_pca,0,1
0.54393834,3,rgb_pca,0,1
0.60052836,3,rgb_pca,0,1
0.6037716,3,rgb_pca,0,1
0.60195255,3,rgb_pca,0,1
0.58093596,3,rgb_pca,0,1
0.58120066,3,rgb_pca,0,1
0.675883,3,rgb_pca,0,1
0.53719723,3,rgb_pca,0,1
0.611931,3,rgb_pca,0,1
0.6056721,3,rgb_pca,0,1
0.6026066,3,rgb_pca,0,1
0.57685566,3,rgb_pca,0,1
0.582861,3,rgb_pca,0,1
0.68097794,3,rgb_pca,0,1
0.6090645,3,rgb_pca,0,1
0.6042012,3,rgb_pca,0,1
0.5989576,3,rgb_pca,0,1
0.6096157,3,rgb_pca,0,1
0.7035975,3,rgb_pca,0,1
0.5847764,3,rgb_pca,0,1
0.5753466,3,rgb_pca,0,1
0.5914281,3,rgb_pca,0,1
0.58905005,3,rgb_pca,0,1
0.6899048,3,rgb_pca,0,1
0.7660806,3,rgb_pca,0,1
0.73849666,3,rgb_pca,0,1
0.7198349,3,rgb_pca,0,1
0.6948798,3,rgb_pca,0,1
0.72250485,3,rgb_pca,0,1
0.7206499,3,rgb_pca,0,1
0.70686483,3,rgb_pca,0,1
0.7041408,3,rgb_pca,0,1
0.7211596,3,rgb_pca,0,1
0.73202896,3,rgb_pca,0,1
0.74673635,3,rgb_pca,0,1
0.7571503,3,rgb_pca,0,1
0.74473894,3,rgb_pca,0,1
0.6755724,3,rgb_pca,0,1
0.6281575,3,rgb_pca,0,1
0.6592176,3,rgb_pca,0,1
0.65642965,3,rgb_pca,0,1
0.6554269,3,rgb_pca,0,1
0.67094463,3,rgb_pca,0,1
0.69329286,3,rgb_pca,0,1
0.703199,3,rgb_pca,0,1
0.7128671,3,rgb_pca,0,1
0.7271795,3,rgb_pca,0,1
0.710143,3,rgb_pca,0,1
0.6557144,3,rgb_pca,0,1
0.6023812,3,rgb_pca,0,1
0.63265616,3,rgb_pca,0,1
0.62253755,3,rgb_pca,0,1
0.6538075,3,rgb_pca,0,1
0.6779002,3,rgb_pca,0,1
0.6567633,3,rgb_pca,0,1
0.6659338,3,rgb_pca,0,1
0.6781369,3,rgb_pca,0,1
0.6966527,3,rgb_pca,0,1
0.6292489,3,rgb_pca,0,1
0.65822613,3,rgb_pca,0,1
0.635638,3,rgb_pca,0,1
0.6611629,3,rgb_pca,0,1
0.6881682,3,rgb_pca,0,1
0.66779876,3,rgb_pca,0,1
0.67919576,3,rgb_pca,0,1
0.68343604,3,rgb_pca,0,1
0.63223493,3,rgb_pca,0,1
0.66776705,3,rgb_pca,0,1
0.6987436,3,rgb_pca,0,1
0.70080066,3,rgb_pca,0,1
0.71116495,3,rgb_pca,0,1
0.61939865,3,rgb_pca,0,1
0.63642865,3,rgb_pca,0,1
0.657151,3,rgb_pca,0,1
0.67800945,3,rgb_pca,0,1
0.6853421,3,rgb_pca,0,1
0.74639106,3,rgb_pca,0,1
0.7055149,3,rgb_pca,0,1
0.71872175,3,rgb_pca,0,1
0.7127693,3,rgb_pca,0,1
0.64792347,3,rgb_pca,0,1
0.6642051,3,rgb_pca,0,1
0.70890903,3,rgb_pca,0,1
0.64041007,3,rgb_pca,0,1
0.7236928,3,rgb_pca,0,1
0.70747715,3,rgb_pca,0,1
0.7142866,3,rgb_pca,0,1
0.71514475,3,rgb_pca,0,1
0.71703404,3,rgb_pca,0,1
0.6942726,3,rgb_pca,0,1
0.7279105,3,rgb_pca,0,1
0.7052858,3,rgb_pca,0,1
0.7149582,3,rgb_pca,0,1
0.6787328,3,rgb_pca,0,1
0.7472155,3,rgb_pca,0,1
0.6914663,3,rgb_pca,0,1
0.67220265,3,rgb_pca,0,1
0.6998173,3,rgb_pca,0,1
0.6370486,3,rgb_pca,0,1
0.73600113,3,rgb_pca,0,1
0.6138945,3,rgb_pca,0,1
0.6352805,3,rgb_pca,0,1
0.69131273,3,rgb_pca,0,1
0.7389154,3,rgb_pca,0,1
0.67127997,3,rgb_pca,0,1
0.7388474,3,rgb_pca,0,1
0.5958077,3,rgb_pca,0,1
0.5804918,3,rgb_pca,0,1
0.68264514,3,rgb_pca,0,1
0.70210594,3,rgb_pca,0,1
0.6413992,3,rgb_pca,0,1
0.7239891,3,rgb_pca,0,1
0.66769016,3,rgb_pca,0,1
0.63763845,3,rgb_pca,0,1
0.6739528,3,rgb_pca,0,1
0.66314113,3,rgb_pca,0,1
0.6921738,3,rgb_pca,0,1
0.66166306,3,rgb_pca,0,1
0.5728885,3,rgb_pca,0,1
0.68480563,3,rgb_pca,0,1
0.6533458,3,rgb_pca,0,1
0.67590296,3,rgb_pca,0,1
0.62312436,3,rgb_pca,0,1
0.70880234,3,rgb_pca,0,1
0.6983933,3,rgb_pca,0,1
0.675321,3,rgb_pca,0,1
0.62061334,3,rgb_pca,0,1
0.5768151,3,rgb_pca,0,1
0.62549645,3,rgb_pca,0,1
0.618732,3,rgb_pca,0,1
0.67303133,3,rgb_pca,0,1
0.6555289,3,rgb_pca,0,1
0.7142298,3,rgb_pca,0,1
0.6567148,3,rgb_pca,0,1
0.58344007,3,rgb_pca,0,1
0.57285404,3,rgb_pca,0,1
0.49841696,3,rgb_pca,0,1
0.6164887,3,rgb_pca,0,1
0.61018026,3,rgb_pca,0,1
0.68278813,3,rgb_pca,0,1
0.66435945,3,rgb_pca,0,1
0.64215535,3,rgb_pca,0,1
0.7150506,3,rgb_pca,0,1
0.693968,3,rgb_pca,0,1
0.63801026,3,rgb_pca,0,1
0.63453066,3,rgb_pca,0,1
0.65297437,3,rgb_pca,0,1
0.61221933,3,rgb_pca,0,1
0.665388,3,rgb_pca,0,1
0.700454,3,rgb_pca,0,1
0.6632985,3,rgb_pca,0,1
0.80782604,3,rgb_pca,0,1
0.76656866,3,rgb_pca,0,1
0.645223,4,rgb_pca,0,1
0.6150487,4,rgb_pca,0,1
0.6421628,4,rgb_pca,0,1
0.6701104,4,rgb_pca,0,1
0.7129722,4,rgb_pca,0,1
0.6706673,4,rgb_pca,0,1
0.6567943,4,rgb_pca,0,1
0.7148579,4,rgb_pca,0,1
0.7132359,4,rgb_pca,0,1
0.73003536,4,rgb_pca,0,1
0.69471025,4,rgb_pca,0,1
0.6525653,4,rgb_pca,0,1
0.69196093,4,rgb_pca,0,1
0.7237531,4,rgb_pca,0,1
0.7343718,4,rgb_pca,0,1
0.7029741,4,rgb_pca,0,1
0.6563097,4,rgb_pca,0,1
0.71093595,4,rgb_pca,0,1
0.77691734,3,rgb_pca,0,1
0.7381991,3,rgb_pca,0,1
0.68602765,3,rgb_pca,0,1
0.70858765,3,rgb_pca,0,1
0.6327871,3,rgb_pca,0,1
0.6358845,3,rgb_pca,0,1
0.721712,3,rgb_pca,0,1
0.6931933,3,rgb_pca,0,1
0.65733516,3,rgb_pca,0,1
0.6588026,3,rgb_pca,0,1
0.7200238,3,rgb_pca,0,1
0.6552038,3,rgb_pca,0,1
0.7316596,3,rgb_pca,0,1
0.73167324,3,rgb_pca,0,1
0.6520524,3,rgb_pca,0,1
0.60304415,3,rgb_pca,0,1
0.62589693,3,rgb_pca,0,1
0.5722097,3,rgb_pca,0,1
0.68262863,3,rgb_pca,0,1
0.7936331,3,rgb_pca,0,1
0.6891482,3,rgb_pca,0,1
0.59987336,3,rgb_pca,0,1
0.5953743,3,rgb_pca,0,1
0.50046355,3,rgb_pca,0,1
0.575528,3,rgb_pca,0,1
0.6101978,3,rgb_pca,0,1
0.81323165,3,rgb_pca,0,1
0.70824707,3,rgb_pca,0,1
0.63443136,3,rgb_pca,0,1
0.61796975,3,rgb_pca,0,1
0.4991007,3,rgb_pca,0,1
0.5328454,3,rgb_pca,0,1
0.56448126,3,rgb_pca,0,1
0.7842939,3,rgb_pca,0,1
0.64758265,3,rgb_pca,0,1
0.57925403,3,rgb_pca,0,1
0.56015265,3,rgb_pca,0,1
0.40365994,3,rgb_pca,0,1
0.56313235,3,rgb_pca,0,1
0.58385366,3,rgb_pca,0,1
0.6756078,3,rgb_pca,0,1
0.77856666,3,rgb_pca,0,1
0.67350954,3,rgb_pca,0,1
0.59140426,3,rgb_pca,0,1
0.5784292,3,rgb_pca,0,1
0.59097683,3,rgb_pca,0,1
0.5828747,3,rgb_pca,0,1
0.65830237,3,rgb_pca,0,1
0.8171221,3,rgb_pca,0,1
0.7140036,3,rgb_pca,0,1
0.86363256,3,rgb_pca,0,1
0.81169236,3,rgb_pca,0,1
0.67559904,4,rgb_pca,0,1
0.6612175,4,rgb_pca,0,1
0.6740103,4,rgb_pca,0,1
0.67919755,4,rgb_pca,0,1
0.6502209,4,rgb_pca,0,1
0.66137314,4,rgb_pca,0,1
0.7129905,4,rgb_pca,0,1
0.738675,4,rgb_pca,0,1
0.6871083,4,rgb_pca,0,1
0.6531021,4,rgb_pca,0,1
0.5950609,4,rgb_pca,0,1
0.5481488,4,rgb_pca,0,1
0.5552887,4,rgb_pca,0,1
0.5644677,4,rgb_pca,0,1
0.58627284,4,rgb_pca,0,1
0.7214183,4,rgb_pca,0,1
0.71784467,4,rgb_pca,0,1
0.6338538,4,rgb_pca,0,1
0.58819145,4,rgb_pca,0,1
0.56390095,4,rgb_pca,0,1
0.5603094,4,rgb_pca,0,1
0.5379629,4,rgb_pca,0,1
0.49282545,4,rgb_pca,0,1
0.51794267,4,rgb_pca,0,1
0.70821667,4,rgb_pca,0,1
0.70175314,4,rgb_pca,0,1
0.6860074,4,rgb_pca,0,1
0.5800749,4,rgb_pca,0,1
0.55339146,4,rgb_pca,0,1
0.5651758,4,rgb_pca,0,1
0.5486306,4,rgb_pca,0,1
0.5209418,4,rgb_pca,0,1
0.48884138,4,rgb_pca,0,1
0.5088948,4,rgb_pca,0,1
0.7154578,4,rgb_pca,0,1
0.6929375,4,rgb_pca,0,1
0.67952347,4,rgb_pca,0,1
0.595035,4,rgb_pca,0,1
0.61077046,4,rgb_pca,0,1
0.62216556,4,rgb_pca,0,1
0.60729116,4,rgb_pca,0,1
0.59186614,4,rgb_pca,0,1
0.5924901,4,rgb_pca,0,1
0.57664824,4,rgb_pca,0,1
0.6638591,4,rgb_pca,0,1
0.64254284,4,rgb_pca,0,1
0.6172886,4,rgb_pca,0,1
0.6942216,4,rgb_pca,0,1
0.64795804,4,rgb_pca,0,1
0.6067193,4,rgb_pca,0,1
0.6403986,4,rgb_pca,0,1
0.63868773,4,rgb_pca,0,1
0.6283084,4,rgb_pca,0,1
0.6180387,4,rgb_pca,0,1
0.6156159,4,rgb_pca,0,1
0.64490855,4,rgb_pca,0,1
0.63705397,4,rgb_pca,0,1
0.60271335,4,rgb_pca,0,1
0.60880625,4,rgb_pca,0,1
0.6145267,4,rgb_pca,0,1
0.69024664,4,rgb_pca,0,1
0.6486895,4,rgb_pca,0,1
0.6327771,4,rgb_pca,0,1
0.6266366,4,rgb_pca,0,1
0.6449692,4,rgb_pca,0,1
0.7280096,4,rgb_pca,0,1
0.72532165,4,rgb_pca,0,1
0.7125731,4,rgb_pca,0,1
0.7056391,4,rgb_pca,0,1
0.6806308,4,rgb_pca,0,1
0.77764934,5,rgb_pca,0,1
0.7561,5,rgb_pca,0,1
0.769253,5,rgb_pca,0,1
0.7605685,5,rgb_pca,0,1
0.78045994,5,rgb_pca,0,1
0.75208116,5,rgb_pca,0,1
0.7310883,5,rgb_pca,0,1
0.7340082,5,rgb_pca,0,1
0.72259104,5,rgb_pca,0,1
0.7146782,5,rgb_pca,0,1
0.76457095,5,rgb_pca,0,1
0.76675206,5,rgb_pca,0,1
0.78175974,5,rgb_pca,0,1
0.77671397,5,rgb_pca,0,1
0.77372676,5,rgb_pca,0,1
0.7559632,5,rgb_pca,0,1
0.7663908,5,rgb_pca,0,1
0.76707745,5,rgb_pca,0,1
0.7683678,5,rgb_pca,0,1
0.74204284,5,rgb_pca,0,1
0.7190374,5,rgb_pca,0,1
0.7154147,5,rgb_pca,0,1
0.74118876,5,rgb_pca,0,1
0.7438555,5,rgb_pca,0,1
0.75926465,5,rgb_pca,0,1
0.77986896,5,rgb_pca,0,1
0.7616052,5,rgb_pca,0,1
0.77600074,5,rgb_pca,0,1
0.7793118,5,rgb_pca,0,1
0.7875221,5,rgb_pca,0,1
0.77511847,5,rgb_pca,0,1
0.7802037,5,rgb_pca,0,1
0.7288914,5,rgb_pca,0,1
0.7275961,5,rgb_pca,0,1
0.7126645,5,rgb_pca,0,1
0.7130997,5,rgb_pca,0,1
0.7542905,5,rgb_pca,0,1
0.750522,5,rgb_pca,0,1
0.7680881,5,rgb_pca,0,1
0.76189804,5,rgb_pca,0,1
0.7772293,5,rgb_pca,0,1
0.7713952,5,rgb_pca,0,1
0.77317417,5,rgb_pca,0,1
0.7640948,5,rgb_pca,0,1
0.7907733,5,rgb_pca,0,1
0.7493795,5,rgb_pca,0,1
0.7231318,5,rgb_pca,0,1
0.73144746,5,rgb_pca,0,1
0.729603,5,rgb_pca,0,1
0.7479603,5,rgb_pca,0,1
0.7657467,5,rgb_pca,0,1
0.7681887,5,rgb_pca,0,1
0.7532987,5,rgb_pca,0,1
0.7448572,5,rgb_pca,0,1
0.76623404,5,rgb_pca,0,1
0.7839129,5,rgb_pca,0,1
0.74469733,5,rgb_pca,0,1
0.7818444,5,rgb_pca,0,1
0.7400601,5,rgb_pca,0,1
0.7159614,5,rgb_pca,0,1
0.70564425,5,rgb_pca,0,1
0.73697186,5,rgb_pca,0,1
0.7818659,5,rgb_pca,0,1
0.7842159,5,rgb_pca,0,1
0.7831234,5,rgb_pca,0,1
0.7583623,5,rgb_pca,0,1
0.7391517,5,rgb_pca,0,1
0.7548251,5,rgb_pca,0,1
0.7701826,5,rgb_pca,0,1
0.71308434,5,rgb_pca,0,1
0.69623137,5,rgb_pca,0,1
0.715986,5,rgb_pca,0,1
0.7666252,5,rgb_pca,0,1
0.79058516,5,rgb_pca,0,1
0.79166925,5,rgb_pca,0,1
0.7951331,5,rgb_pca,0,1
0.7990438,5,rgb_pca,0,1
0.7729493,5,rgb_pca,0,1
0.7654195,5,rgb_pca,0,1
0.73301214,5,rgb_pca,0,1
0.7234183,5,rgb_pca,0,1
0.7378211,5,rgb_pca,0,1
0.7735139,5,rgb_pca,0,1
0.781753,5,rgb_pca,0,1
0.7899926,5,rgb_pca,0,1
0.80445784,5,rgb_pca,0,1
0.7993834,5,rgb_pca,0,1
0.7796185,5,rgb_pca,0,1
0.7831384,5,rgb_pca,0,1
0.75198436,5,rgb_pca,0,1
0.7651837,5,rgb_pca,0,1
0.7958699,5,rgb_pca,0,1
0.77912515,5,rgb_pca,0,1
0.74248624,5,rgb_pca,0,1
0.7796222,5,rgb_pca,0,1
0.8077885,5,rgb_pca,0,1
0.795395,5,rgb_pca,0,1
0.7737713,5,rgb_pca,0,1
0.77709633,5,rgb_pca,0,1
0.7740432,5,rgb_pca,0,1
0.76399374,5,rgb_pca,0,1
0.7944466,5,rgb_pca,0,1
0.79359317,5,rgb_pca,0,1
0.79261565,5,rgb_pca,0,1
0.78398323,5,rgb_pca,0,1
0.7706953,5,rgb_pca,0,1
0.7443242,5,rgb_pca,0,1
0.7711849,5,rgb_pca,0,1
0.79664624,5,rgb_pca,0,1
0.80277526,5,rgb_pca,0,1
0.7924967,5,rgb_pca,0,1
0.80315566,5,rgb_pca,0,1
0.79564273,5,rgb_pca,0,1
0.78403777,5,rgb_pca,0,1
0.7715003,5,rgb_pca,0,1
0.77301806,5,rgb_pca,0,1
0.7938281,5,rgb_pca,0,1
0.8152498,5,rgb_pca,0,1
0.7847611,5,rgb_pca,0,1
0.7644483,5,rgb_pca,0,1
0.78711903,5,rgb_pca,0,1
0.8010057,5,rgb_pca,0,1
0.79404193,5,rgb_pca,0,1
0.7686349,5,rgb_pca,0,1
0.78320765,5,rgb_pca,0,1
0.7853619,5,rgb_pca,0,1
0.79647774,5,rgb_pca,0,1
0.79811394,5,rgb_pca,0,1
0.8045251,5,rgb_pca,0,1
0.7948667,5,rgb_pca,0,1
0.81460047,5,rgb_pca,0,1
0.74956846,5,rgb_pca,0,1
0.7847121,5,rgb_pca,0,1
0.80166125,5,rgb_pca,0,1
0.7885661,5,rgb_pca,0,1
0.7863613,5,rgb_pca,0,1
0.7655922,5,rgb_pca,0,1
0.7824625,5,rgb_pca,0,1
0.78163266,5,rgb_pca,0,1
0.8016156,5,rgb_pca,0,1
0.7967763,5,rgb_pca,0,1
0.7951302,5,rgb_pca,0,1
0.8116424,5,rgb_pca,0,1
0.8231209,5,rgb_pca,0,1
0.799377,5,rgb_pca,0,1
0.79954195,5,rgb_pca,0,1
0.807011,5,rgb_pca,0,1
0.7959748,5,rgb_pca,0,1
0.80413306,5,rgb_pca,0,1
0.7875871,5,rgb_pca,0,1
0.81042117,5,rgb_pca,0,1
0.7927191,5,rgb_pca,0,1
0.7988509,5,rgb_pca,0,1
0.80632937,5,rgb_pca,0,1
0.8227965,5,rgb_pca,0,1
0.82393587,5,rgb_pca,0,1
0.84045553,5,rgb_pca,0,1
0.79266864,5,rgb_pca,0,1
0.7811116,5,rgb_pca,0,1
0.7683309,5,rgb_pca,0,1
0.7628371,5,rgb_pca,0,1
0.79517686,5,rgb_pca,0,1
0.7774365,5,rgb_pca,0,1
0.7991297,5,rgb_pca,0,1
0.78060645,5,rgb_pca,0,1
0.8040093,5,rgb_pca,0,1
0.80499566,5,rgb_pca,0,1
0.8261112,5,rgb_pca,0,1
0.7672429,5,rgb_pca,0,1
0.75507087,5,rgb_pca,0,1
0.7630902,5,rgb_pca,0,1
0.78981316,5,rgb_pca,0,1
0.7961793,5,rgb_pca,0,1
0.8116386,5,rgb_pca,0,1
0.80197936,5,rgb_pca,0,1
0.813846,5,rgb_pca,0,1
0.8154174,5,rgb_pca,0,1
0.80009663,5,rgb_pca,0,1
0.78497696,5,rgb_pca,0,1
0.772003,5,rgb_pca,0,1
0.79633486,5,rgb_pca,0,1
0.8137705,5,rgb_pca,0,1
0.81990707,5,rgb_pca,0,1
0.8398483,5,rgb_pca,0,1
0.8414883,5,rgb_pca,0,1
0.8426208,5,rgb_pca,0,1
0.844851,5,rgb_pca,0,1
0.8305166,5,rgb_pca,0,1
0.81485134,5,rgb_pca,0,1
0.8381238,5,rgb_pca,0,1
0.8443736,5,rgb_pca,0,1
0.81529164,5,rgb_pca,0,1
0.7707431,5,rgb_pca,0,1
0.79859686,5,rgb_pca,0,1
0.8223661,5,rgb_pca,0,1
0.7899271,5,rgb_pca,0,1
0.77235854,5,rgb_pca,0,1
0.7661936,5,rgb_pca,0,1
0.66971874,4,rgb_pca,0,1
0.6741291,4,rgb_pca,0,1
0.6397085,4,rgb_pca,0,1
0.6509938,4,rgb_pca,0,1
0.6466254,4,rgb_pca,0,1
0.6394326,4,rgb_pca,0,1
0.60706997,4,rgb_pca,0,1
0.6151422,4,rgb_pca,0,1
0.66435343,4,rgb_pca,0,1
0.6213958,4,rgb_pca,0,1
0.63618684,4,rgb_pca,0,1
0.5869008,4,rgb_pca,0,1
0.5605566,4,rgb_pca,0,1
0.6480552,4,rgb_pca,0,1
0.64207196,4,rgb_pca,0,1
0.63419646,4,rgb_pca,0,1
0.55581665,4,rgb_pca,0,1
0.51201653,4,rgb_pca,0,1
0.61560553,4,rgb_pca,0,1
0.6247848,4,rgb_pca,0,1
0.65672135,4,rgb_pca,0,1
0.6372621,4,rgb_pca,0,1
0.5237516,4,rgb_pca,0,1
0.4958043,4,rgb_pca,0,1
0.6131618,4,rgb_pca,0,1
0.6133585,4,rgb_pca,0,1
0.64555866,4,rgb_pca,0,1
0.6282581,4,rgb_pca,0,1
0.50032943,4,rgb_pca,0,1
0.4954208,4,rgb_pca,0,1
0.5687208,4,rgb_pca,0,1
0.6384684,4,rgb_pca,0,1
0.65596366,4,rgb_pca,0,1
0.6376653,4,rgb_pca,0,1
0.61257106,4,rgb_pca,0,1
0.6720146,4,rgb_pca,0,1
0.67203736,4,rgb_pca,0,1
0.670273,4,rgb_pca,0,1
0.6477058,4,rgb_pca,0,1
0.674225,4,rgb_pca,0,1
0.67101234,4,rgb_pca,0,1
0.6409602,4,rgb_pca,0,1
0.6071307,4,rgb_pca,0,1
0.6549454,4,rgb_pca,0,1
0.6082026,4,rgb_pca,0,1
0.565196,4,rgb_pca,0,1
0.5889186,4,rgb_pca,0,1
0.579087,4,rgb_pca,0,1
0.6872145,4,rgb_pca,0,1
0.7050551,4,rgb_pca,0,1
0.6480547,4,rgb_pca,0,1
0.6438602,4,rgb_pca,0,1
0.58091795,4,rgb_pca,0,1
0.6123498,4,rgb_pca,0,1
0.67079747,4,rgb_pca,0,1
0.6724955,4,rgb_pca,0,1
0.56555486,4,rgb_pca,0,1
0.5664954,4,rgb_pca,0,1
0.5975945,4,rgb_pca,0,1
0.5873854,4,rgb_pca,0,1
0.6505871,4,rgb_pca,0,1
0.6442903,4,rgb_pca,0,1
0.60404587,4,rgb_pca,0,1
0.68206394,4,rgb_pca,0,1
0.66899663,4,rgb_pca,0,1
0.5453088,4,rgb_pca,0,1
0.53951335,4,rgb_pca,0,1
0.5916827,4,rgb_pca,0,1
0.5829512,4,rgb_pca,0,1
0.6501258,4,rgb_pca,0,1
0.6526942,4,rgb_pca,0,1
0.64289093,4,rgb_pca,0,1
0.7367975,4,rgb_pca,0,1
0.6741153,4,rgb_pca,0,1
0.6406996,4,rgb_pca,0,1
0.57618195,4,rgb_pca,0,1
0.56934,4,rgb_pca,0,1
0.60999,4,rgb_pca,0,1
0.5986652,4,rgb_pca,0,1
0.60652965,4,rgb_pca,0,1
0.62066185,4,rgb_pca,0,1
0.6006701,4,rgb_pca,0,1
0.70599645,4,rgb_pca,0,1
0.6260595,4,rgb_pca,0,1
0.5711921,4,rgb_pca,0,1
0.5682656,4,rgb_pca,0,1
0.5980376,4,rgb_pca,0,1
0.62193996,4,rgb_pca,0,1
0.6105691,4,rgb_pca,0,1
0.611329,4,rgb_pca,0,1
0.6142441,4,rgb_pca,0,1
0.5780048,4,rgb_pca,0,1
0.6796733,4,rgb_pca,0,1
0.6598991,4,rgb_pca,0,1
0.6523242,4,rgb_pca,0,1
0.607146,4,rgb_pca,0,1
0.5690458,4,rgb_pca,0,1
0.58844143,4,rgb_pca,0,1
0.6665313,4,rgb_pca,0,1
0.68313646,4,rgb_pca,0,1
0.6469928,4,rgb_pca,0,1
0.6509979,4,rgb_pca,0,1
0.622329,4,rgb_pca,0,1
0.6744176,4,rgb_pca,0,1
0.6645256,4,rgb_pca,0,1
0.6876303,4,rgb_pca,0,1
0.65939003,4,rgb_pca,0,1
0.5532055,4,rgb_pca,0,1
0.5727508,4,rgb_pca,0,1
0.67021847,4,rgb_pca,0,1
0.7090615,4,rgb_pca,0,1
0.6781541,4,rgb_pca,0,1
0.6744739,4,rgb_pca,0,1
0.69211894,4,rgb_pca,0,1
0.46045384,4,rgb_pca,0,1
0.57255256,4,rgb_pca,0,1
0.5906749,4,rgb_pca,0,1
0.66914845,4,rgb_pca,0,1
0.6481998,4,rgb_pca,0,1
0.642373,4,rgb_pca,0,1
0.67667687,4,rgb_pca,0,1
0.6469443,4,rgb_pca,0,1
0.6376662,4,rgb_pca,0,1
0.6537963,4,rgb_pca,0,1
0.5733695,4,rgb_pca,0,1
0.6047013,4,rgb_pca,0,1
0.64504623,4,rgb_pca,0,1
0.6433571,4,rgb_pca,0,1
0.61611104,4,rgb_pca,0,1
0.6577276,4,rgb_pca,0,1
0.6281159,4,rgb_pca,0,1
0.5962745,4,rgb_pca,0,1
0.5746387,4,rgb_pca,0,1
0.6010876,4,rgb_pca,0,1
0.6634447,4,rgb_pca,0,1
0.6730294,4,rgb_pca,0,1
0.668628,4,rgb_pca,0,1
0.66897655,4,rgb_pca,0,1
0.6843751,4,rgb_pca,0,1
0.66635287,4,rgb_pca,0,1
0.67108387,4,rgb_pca,0,1
0.6560856,4,rgb_pca,0,1
0.6588566,4,rgb_pca,0,1
0.67801076,4,rgb_pca,0,1
0.56613004,4,rgb_pca,0,1
0.5736736,4,rgb_pca,0,1
0.5710514,4,rgb_pca,0,1
0.626013,4,rgb_pca,0,1
0.5862314,4,rgb_pca,0,1
0.49287388,4,rgb_pca,0,1
0.49492955,4,rgb_pca,0,1
0.5102977,4,rgb_pca,0,1
0.52920854,4,rgb_pca,0,1
0.5657629,4,rgb_pca,0,1
0.4997801,4,rgb_pca,0,1
0.52710825,4,rgb_pca,0,1
0.56003726,4,rgb_pca,0,1
0.5790167,4,rgb_pca,0,1
0.5612,4,rgb_pca,0,1
0.5268608,4,rgb_pca,0,1
0.5730225,4,rgb_pca,0,1
0.5735518,4,rgb_pca,0,1
0.5863584,4,rgb_pca,0,1
0.5772779,4,rgb_pca,0,1
0.55022764,4,rgb_pca,0,1
0.57802343,4,rgb_pca,0,1
0.5941701,4,rgb_pca,0,1
0.62106884,4,rgb_pca,0,1
0.6347103,4,rgb_pca,0,1
0.5628428,4,rgb_pca,0,1
0.58444023,4,rgb_pca,0,1
0.6045959,4,rgb_pca,0,1
0.6241386,4,rgb_pca,0,1
0.666775,4,rgb_pca,0,1
0.6355666,4,rgb_pca,0,1
0.606758,4,rgb_pca,0,1
0.59979266,4,rgb_pca,0,1
0.59838843,4,rgb_pca,0,1
0.70722264,4,rgb_pca,0,1
0.6887984,4,rgb_pca,0,1
0.66777617,4,rgb_pca,0,1
0.6577821,4,rgb_pca,0,1
0.6341282,4,rgb_pca,0,1
0.7197134,4,rgb_pca,0,1
0.69917184,4,rgb_pca,0,1
0.6854019,4,rgb_pca,0,1
0.67108816,4,rgb_pca,0,1
0.65261406,4,rgb_pca,0,1
0.73474413,4,rgb_pca,0,1
0.773103,4,rgb_pca,0,1
0.74681807,4,rgb_pca,0,1
0.6940344,4,rgb_pca,0,1
0.61844647,4,rgb_pca,0,1
0.64760506,4,rgb_pca,0,1
0.7144837,4,rgb_pca,0,1
0.7420556,4,rgb_pca,0,1
0.7118472,4,rgb_pca,0,1
0.6798187,4,rgb_pca,0,1
0.6480496,4,rgb_pca,0,1
0.6290494,4,rgb_pca,0,1
0.7296277,4,rgb_pca,0,1
0.6944878,4,rgb_pca,0,1
0.71970916,4,rgb_pca,0,1
0.68211436,4,rgb_pca,0,1
0.6370834,4,rgb_pca,0,1
0.5737015,4,rgb_pca,0,1
0.6010934,4,rgb_pca,0,1
0.64235973,4,rgb_pca,0,1
0.6555979,4,rgb_pca,0,1
0.72716004,4,rgb_pca,0,1
0.6738567,4,rgb_pca,0,1
0.73493326,4,rgb_pca,0,1
0.70010126,4,rgb_pca,0,1
0.6756457,4,rgb_pca,0,1
0.6451845,4,rgb_pca,0,1
0.70363295,4,rgb_pca,0,1
0.6805297,4,rgb_pca,0,1
0.674037,4,rgb_pca,0,1
0.69454896,4,rgb_pca,0,1
0.70218813,4,rgb_pca,0,1
0.6966264,4,rgb_pca,0,1
0.7058536,4,rgb_pca,0,1
0.6809869,4,rgb_pca,0,1
0.6897383,4,rgb_pca,0,1
0.7086203,4,rgb_pca,0,1
0.7136724,4,rgb_pca,0,1
0.6675728,4,rgb_pca,0,1
0.6629702,4,rgb_pca,0,1
0.63312215,4,rgb_pca,0,1
0.60154676,4,rgb_pca,0,1
0.58280873,4,rgb_pca,0,1
0.65484,4,rgb_pca,0,1
0.6990605,4,rgb_pca,0,1
0.689855,4,rgb_pca,0,1
0.6682162,4,rgb_pca,0,1
0.6785148,4,rgb_pca,0,1
0.6577325,4,rgb_pca,0,1
0.64081126,4,rgb_pca,0,1
0.6764801,4,rgb_pca,0,1
0.67710376,4,rgb_pca,0,1
0.6399325,4,rgb_pca,0,1
0.6675791,4,rgb_pca,0,1
0.64624715,4,rgb_pca,0,1
0.63007843,4,rgb_pca,0,1
0.6870784,4,rgb_pca,0,1
0.712541,4,rgb_pca,0,1
0.7313622,4,rgb_pca,0,1
0.7048491,4,rgb_pca,0,1
0.6790056,4,rgb_pca,0,1
0.6694113,4,rgb_pca,0,1
0.68980455,4,rgb_pca,0,1
0.7033739,4,rgb_pca,0,1
0.7502614,4,rgb_pca,0,1
0.6735211,4,rgb_pca,0,1
0.68832016,4,rgb_pca,0,1
0.6829579,4,rgb_pca,0,1
0.6343677,4,rgb_pca,0,1
0.67681146,4,rgb_pca,0,1
0.6949237,4,rgb_pca,0,1
0.74019265,4,rgb_pca,0,1
0.7417476,4,rgb_pca,0,1
0.7577883,4,rgb_pca,0,1
0.629521,4,rgb_pca,0,1
0.6211239,4,rgb_pca,0,1
0.6423706,4,rgb_pca,0,1
0.68064773,4,rgb_pca,0,1
0.6824199,4,rgb_pca,0,1
0.6818822,4,rgb_pca,0,1
0.6940938,4,rgb_pca,0,1
0.7201575,4,rgb_pca,0,1
0.74711156,4,rgb_pca,0,1
0.7232076,4,rgb_pca,0,1
0.7239727,4,rgb_pca,0,1
0.7341033,4,rgb_pca,0,1
0.7198416,4,rgb_pca,0,1
0.7097188,4,rgb_pca,0,1
0.7044027,4,rgb_pca,0,1
0.701055,4,rgb_pca,0,1
0.71490395,4,rgb_pca,0,1
0.7281524,4,rgb_pca,0,1
0.77115357,4,rgb_pca,0,1
0.70676607,4,rgb_pca,0,1
0.7172552,4,rgb_pca,0,1
0.7009771,4,rgb_pca,0,1
0.6982417,4,rgb_pca,0,1
0.729596,4,rgb_pca,0,1
0.7463645,4,rgb_pca,0,1
0.78826916,4,rgb_pca,0,1
0.791136,4,rgb_pca,0,1
0.7685861,4,rgb_pca,0,1
0.77070546,4,rgb_pca,0,1
0.78276896,4,rgb_pca,0,1
0.76648295,4,rgb_pca,0,1
0.7646586,4,rgb_pca,0,1
0.7104958,4,rgb_pca,0,1
0.71796465,4,rgb_pca,0,1
0.6991079,4,rgb_pca,0,1
0.7009727,4,rgb_pca,0,1
0.7472459,4,rgb_pca,0,1
0.7579324,4,rgb_pca,0,1
0.8021337,4,rgb_pca,0,1
0.78279173,4,rgb_pca,0,1
0.73260295,4,rgb_pca,0,1
0.75596577,4,rgb_pca,0,1
0.755653,4,rgb_pca,0,1
0.7080642,4,rgb_pca,0,1
0.7548477,4,rgb_pca,0,1
0.7339814,4,rgb_pca,0,1
0.7169422,4,rgb_pca,0,1
0.69865125,4,rgb_pca,0,1
0.71773154,4,rgb_pca,0,1
0.757398,4,rgb_pca,0,1
0.75675213,4,rgb_pca,0,1
0.7987494,4,rgb_pca,0,1
0.7578303,4,rgb_pca,0,1
0.6915821,4,rgb_pca,0,1
0.7376531,4,rgb_pca,0,1
0.73709726,4,rgb_pca,0,1
0.7606667,4,rgb_pca,0,1
0.7481531,4,rgb_pca,0,1
0.7389858,4,rgb_pca,0,1
0.7646534,4,rgb_pca,0,1
0.7870902,4,rgb_pca,0,1
0.7914097,4,rgb_pca,0,1
0.79739505,4,rgb_pca,0,1
0.76315385,4,rgb_pca,0,1
0.7351358,4,rgb_pca,0,1
0.75088835,4,rgb_pca,0,1
0.73537505,4,rgb_pca,0,1
0.7154403,4,rgb_pca,0,1
0.6635338,4,rgb_pca,0,1
0.7022844,4,rgb_pca,0,1
0.7352532,4,rgb_pca,0,1
0.6863415,4,rgb_pca,0,1
0.69507504,4,rgb_pca,0,1
0.7116965,4,rgb_pca,0,1
0.71272045,4,rgb_pca,0,1
0.68188095,4,rgb_pca,0,1
0.70991147,4,rgb_pca,0,1
0.67616355,4,rgb_pca,0,1
0.65847313,4,rgb_pca,0,1
0.68943405,4,rgb_pca,0,1
0.72827417,4,rgb_pca,0,1
0.7234444,4,rgb_pca,0,1
0.7429395,4,rgb_pca,0,1
0.77551454,4,rgb_pca,0,1
0.7987865,4,rgb_pca,0,1
0.7968867,4,rgb_pca,0,1
0.7836418,4,rgb_pca,0,1
0.76409256,4,rgb_pca,0,1
0.69557035,4,rgb_pca,0,1
0.65029514,4,rgb_pca,0,1
0.6387017,4,rgb_pca,0,1
0.6694401,4,rgb_pca,0,1
0.7302347,4,rgb_pca,0,1
0.74570954,4,rgb_pca,0,1
0.7517035,4,rgb_pca,0,1
0.76207507,4,rgb_pca,0,1
0.7789893,4,rgb_pca,0,1
0.7737651,4,rgb_pca,0,1
0.76797533,4,rgb_pca,0,1
0.756794,4,rgb_pca,0,1
0.6681986,4,rgb_pca,0,1
0.6228554,4,rgb_pca,0,1
0.6064407,4,rgb_pca,0,1
0.6309422,4,rgb_pca,0,1
0.66826344,4,rgb_pca,0,1
0.6835159,4,rgb_pca,0,1
0.7158039,4,rgb_pca,0,1
0.7565062,4,rgb_pca,0,1
0.77094024,4,rgb_pca,0,1
0.75316316,4,rgb_pca,0,1
0.7025838,4,rgb_pca,0,1
0.6966869,4,rgb_pca,0,1
0.66526943,4,rgb_pca,0,1
0.6593913,4,rgb_pca,0,1
0.7058607,4,rgb_pca,0,1
0.6999982,4,rgb_pca,0,1
0.72382325,4,rgb_pca,0,1
0.7640854,4,rgb_pca,0,1
0.77029264,4,rgb_pca,0,1
0.742142,4,rgb_pca,0,1
0.5819657,4,rgb_pca,0,1
0.5952085,4,rgb_pca,0,1
0.6050666,4,rgb_pca,0,1
0.62615967,4,rgb_pca,0,1
0.6229868,4,rgb_pca,0,1
0.6446079,4,rgb_pca,0,1
0.54190046,4,rgb_pca,0,1
0.53714216,4,rgb_pca,0,1
0.5315001,4,rgb_pca,0,1
0.53260267,4,rgb_pca,0,1
0.5104936,4,rgb_pca,0,1
0.5575373,4,rgb_pca,0,1
0.5160449,4,rgb_pca,0,1
0.50062454,4,rgb_pca,0,1
0.50815356,4,rgb_pca,0,1
0.5265964,4,rgb_pca,0,1
0.52572525,4,rgb_pca,0,1
0.45773417,4,rgb_pca,0,1
0.4972074,4,rgb_pca,0,1
0.53819185,4,rgb_pca,0,1
0.5790675,4,rgb_pca,0,1
0.45490843,4,rgb_pca,0,1
0.46132916,4,rgb_pca,0,1
0.50138754,4,rgb_pca,0,1
0.5499007,4,rgb_pca,0,1
0.49759486,4,rgb_pca,0,1
0.4867369,4,rgb_pca,0,1
0.51738006,4,rgb_pca,0,1
0.5839808,4,rgb_pca,0,1
0.61386514,4,rgb_pca,0,1
0.68421143,4,rgb_pca,0,1
0.67676455,4,rgb_pca,0,1
0.62027526,4,rgb_pca,0,1
0.6243321,4,rgb_pca,0,1
0.6348201,4,rgb_pca,0,1
0.63845575,4,rgb_pca,0,1
0.63421464,4,rgb_pca,0,1
0.60993385,4,rgb_pca,0,1
0.58588284,4,rgb_pca,0,1
0.6074749,4,rgb_pca,0,1
0.62545556,4,rgb_pca,0,1
0.594072,4,rgb_pca,0,1
0.6397217,4,rgb_pca,0,1
0.62469435,4,rgb_pca,0,1
0.6616257,4,rgb_pca,0,1
0.61525476,4,rgb_pca,0,1
0.5752696,4,rgb_pca,0,1
0.5967618,4,rgb_pca,0,1
0.58888125,4,rgb_pca,0,1
0.57968664,4,rgb_pca,0,1
0.58158815,4,rgb_pca,0,1
0.60262644,4,rgb_pca,0,1
0.43149906,4,rgb_pca,0,1
0.52723,4,rgb_pca,0,1
0.5947001,4,rgb_pca,0,1
0.6886662,4,rgb_pca,0,1
0.71997476,4,rgb_pca,0,1
0.66565204,4,rgb_pca,0,1
0.64512134,4,rgb_pca,0,1
0.6604464,4,rgb_pca,0,1
0.671793,4,rgb_pca,0,1
0.609118,4,rgb_pca,0,1
0.5530993,4,rgb_pca,0,1
0.6203784,4,rgb_pca,0,1
0.6777772,4,rgb_pca,0,1
0.7206355,4,rgb_pca,0,1
0.6909127,4,rgb_pca,0,1
0.64706194,4,rgb_pca,0,1
0.6657382,4,rgb_pca,0,1
0.62898463,4,rgb_pca,0,1
0.5935562,4,rgb_pca,0,1
0.5132898,4,rgb_pca,0,1
0.5966598,4,rgb_pca,0,1
0.68574,4,rgb_pca,0,1
0.7053004,4,rgb_pca,0,1
0.5764735,4,rgb_pca,0,1
0.66230786,4,rgb_pca,0,1
0.6554604,4,rgb_pca,0,1
0.66828394,4,rgb_pca,0,1
0.6570816,4,rgb_pca,0,1
0.7676037,4,rgb_pca,0,1
0.760095,4,rgb_pca,0,1
0.7245176,4,rgb_pca,0,1
0.70503783,4,rgb_pca,0,1
0.6488448,4,rgb_pca,0,1
0.7212841,4,rgb_pca,0,1
0.6838205,4,rgb_pca,0,1
0.65420204,4,rgb_pca,0,1
0.6364954,4,rgb_pca,0,1
0.57768005,4,rgb_pca,0,1
0.685805,4,rgb_pca,0,1
0.65072376,4,rgb_pca,0,1
0.615847,4,rgb_pca,0,1
0.59489214,4,rgb_pca,0,1
0.54307556,4,rgb_pca,0,1
0.6733961,4,rgb_pca,0,1
0.6477115,4,rgb_pca,0,1
0.60536236,4,rgb_pca,0,1
0.59648836,4,rgb_pca,0,1
0.54481256,4,rgb_pca,0,1
0.6842709,4,rgb_pca,0,1
0.6296036,4,rgb_pca,0,1
0.63544244,4,rgb_pca,0,1
0.59058625,4,rgb_pca,0,1
0.52504855,4,rgb_pca,0,1
0.58960855,4,rgb_pca,0,1
0.6746651,4,rgb_pca,0,1
0.65056133,4,rgb_pca,0,1
0.6546863,4,rgb_pca,0,1
0.59119344,4,rgb_pca,0,1
0.4897807,4,rgb_pca,0,1
0.5514355,4,rgb_pca,0,1
0.74417526,4,rgb_pca,0,1
0.7382435,4,rgb_pca,0,1
0.66850924,4,rgb_pca,0,1
0.6104883,4,rgb_pca,0,1
0.65381235,4,rgb_pca,0,1
0.64533496,4,rgb_pca,0,1
0.6868782,4,rgb_pca,0,1
0.6848891,4,rgb_pca,0,1
0.6281543,4,rgb_pca,0,1
0.7279526,4,rgb_pca,0,1
0.7473358,4,rgb_pca,0,1
0.7335334,4,rgb_pca,0,1
0.6830292,4,rgb_pca,0,1
0.72816324,4,rgb_pca,0,1
0.68111753,4,rgb_pca,0,1
0.7091165,4,rgb_pca,0,1
0.6890239,4,rgb_pca,0,1
0.68134034,4,rgb_pca,0,1
0.71148103,4,rgb_pca,0,1
0.73803484,4,rgb_pca,0,1
0.71519566,4,rgb_pca,0,1
0.69975245,4,rgb_pca,0,1
0.70200956,4,rgb_pca,0,1
0.7022213,4,rgb_pca,0,1
0.710847,4,rgb_pca,0,1
0.7339834,4,rgb_pca,0,1
0.6771128,4,rgb_pca,0,1
0.67940545,4,rgb_pca,0,1
0.674755,4,rgb_pca,0,1
0.663823,4,rgb_pca,0,1
0.7131444,4,rgb_pca,0,1
0.7103308,4,rgb_pca,0,1
0.7369399,4,rgb_pca,0,1
0.7354212,4,rgb_pca,0,1
0.70211,4,rgb_pca,0,1
0.7234059,4,rgb_pca,0,1
0.721149,4,rgb_pca,0,1
0.69302994,4,rgb_pca,0,1
0.6834748,4,rgb_pca,0,1
0.66007775,4,rgb_pca,0,1
0.67199033,4,rgb_pca,0,1
0.68142426,4,rgb_pca,0,1
0.74406326,4,rgb_pca,0,1
0.6625744,4,rgb_pca,0,1
0.6477,4,rgb_pca,0,1
0.6676729,4,rgb_pca,0,1
0.67959535,4,rgb_pca,0,1
0.6835129,4,rgb_pca,0,1
0.7331391,4,rgb_pca,0,1
0.6483964,4,rgb_pca,0,1
0.6918499,4,rgb_pca,0,1
0.6910618,4,rgb_pca,0,1
0.6679784,4,rgb_pca,0,1
0.7149944,4,rgb_pca,0,1
0.72294444,4,rgb_pca,0,1
0.72475505,4,rgb_pca,0,1
0.7274841,4,rgb_pca,0,1
0.7179479,4,rgb_pca,0,1
0.6421616,4,rgb_pca,0,1
0.6679371,4,rgb_pca,0,1
0.6516584,4,rgb_pca,0,1
0.6343785,4,rgb_pca,0,1
0.6947273,4,rgb_pca,0,1
0.69793874,4,rgb_pca,0,1
0.6974883,4,rgb_pca,0,1
0.68508184,4,rgb_pca,0,1
0.68267345,4,rgb_pca,0,1
0.70291245,4,rgb_pca,0,1
0.69488215,4,rgb_pca,0,1
0.720718,4,rgb_pca,0,1
0.73292583,4,rgb_pca,0,1
0.7361465,4,rgb_pca,0,1
0.7246553,4,rgb_pca,0,1
0.70827436,4,rgb_pca,0,1
0.723889,4,rgb_pca,0,1
0.67941463,4,rgb_pca,0,1
0.7214446,4,rgb_pca,0,1
0.74154496,4,rgb_pca,0,1
0.7340623,4,rgb_pca,0,1
0.7033818,4,rgb_pca,0,1
0.7400123,4,rgb_pca,0,1
0.7516066,4,rgb_pca,0,1
0.75785434,4,rgb_pca,0,1
0.71742755,4,rgb_pca,0,1
0.6792426,4,rgb_pca,0,1
0.7407495,4,rgb_pca,0,1
0.7046937,4,rgb_pca,0,1
0.7643929,4,rgb_pca,0,1
0.7719455,4,rgb_pca,0,1
0.7548543,4,rgb_pca,0,1
0.73524916,4,rgb_pca,0,1
0.6909057,4,rgb_pca,0,1
0.7722174,4,rgb_pca,0,1
0.7602304,4,rgb_pca,0,1
0.73619986,4,rgb_pca,0,1
0.73232996,4,rgb_pca,0,1
0.74276626,4,rgb_pca,0,1
0.7593841,4,rgb_pca,0,1
0.794367,4,rgb_pca,0,1
0.7318939,4,rgb_pca,0,1
0.7576215,4,rgb_pca,0,1
0.7310877,4,rgb_pca,0,1
0.7398847,4,rgb_pca,0,1
0.7242979,4,rgb_pca,0,1
0.67807174,4,rgb_pca,0,1
0.749284,4,rgb_pca,0,1
0.715461,4,rgb_pca,0,1
0.707865,4,rgb_pca,0,1
0.7182347,4,rgb_pca,0,1
0.71961904,4,rgb_pca,0,1
0.727565,4,rgb_pca,0,1
0.78847086,4,rgb_pca,0,1
0.71740925,4,rgb_pca,0,1
0.73158705,4,rgb_pca,0,1
0.68985546,4,rgb_pca,0,1
0.705712,4,rgb_pca,0,1
0.70424104,4,rgb_pca,0,1
0.7011933,4,rgb_pca,0,1
0.75378644,4,rgb_pca,0,1
0.73007464,4,rgb_pca,0,1
0.7281735,4,rgb_pca,0,1
0.7455575,4,rgb_pca,0,1
0.73756224,4,rgb_pca,0,1
0.77010775,4,rgb_pca,0,1
0.76423717,4,rgb_pca,0,1
0.7360648,4,rgb_pca,0,1
0.7335065,4,rgb_pca,0,1
0.73584074,4,rgb_pca,0,1
0.74267775,4,rgb_pca,0,1
0.7572094,4,rgb_pca,0,1
0.75606996,4,rgb_pca,0,1
0.7849258,4,rgb_pca,0,1
0.8043738,4,rgb_pca,0,1
0.7870157,4,rgb_pca,0,1
0.74207413,4,rgb_pca,0,1
0.7523422,4,rgb_pca,0,1
0.7380008,4,rgb_pca,0,1
0.6879876,4,rgb_pca,0,1
0.71107394,4,rgb_pca,0,1
0.7193551,4,rgb_pca,0,1
0.73939276,4,rgb_pca,0,1
0.760519,4,rgb_pca,0,1
0.7900951,4,rgb_pca,0,1
0.7987186,4,rgb_pca,0,1
0.78605974,4,rgb_pca,0,1
0.7143441,4,rgb_pca,0,1
0.7343972,4,rgb_pca,0,1
0.74297845,4,rgb_pca,0,1
0.67712355,4,rgb_pca,0,1
0.70987034,4,rgb_pca,0,1
0.7611586,4,rgb_pca,0,1
0.7599145,4,rgb_pca,0,1
0.7085464,4,rgb_pca,0,1
0.69961023,4,rgb_pca,0,1
0.73051965,4,rgb_pca,0,1
0.75169975,4,rgb_pca,0,1
0.767105,4,rgb_pca,0,1
0.7475868,4,rgb_pca,0,1
0.74454796,4,rgb_pca,0,1
0.74337816,4,rgb_pca,0,1
0.7233671,4,rgb_pca,0,1
0.7252948,4,rgb_pca,0,1
0.7352822,4,rgb_pca,0,1
0.70754105,4,rgb_pca,0,1
0.6878187,4,rgb_pca,0,1
0.6819173,4,rgb_pca,0,1
0.71467733,4,rgb_pca,0,1
0.7404123,4,rgb_pca,0,1
0.741585,4,rgb_pca,0,1
0.7130456,4,rgb_pca,0,1
0.6840582,4,rgb_pca,0,1
0.7430442,4,rgb_pca,0,1
0.7199395,4,rgb_pca,0,1
0.74205625,4,rgb_pca,0,1
0.7544655,4,rgb_pca,0,1
0.71799135,4,rgb_pca,0,1
0.75480425,4,rgb_pca,0,1
0.7425561,4,rgb_pca,0,1
0.7522749,4,rgb_pca,0,1
0.7848481,4,rgb_pca,0,1
0.7087731,4,rgb_pca,0,1
0.7173934,4,rgb_pca,0,1
0.71566945,4,rgb_pca,0,1
0.6949433,4,rgb_pca,0,1
0.7110938,4,rgb_pca,0,1
0.75430727,4,rgb_pca,0,1
0.7389723,4,rgb_pca,0,1
0.7551813,4,rgb_pca,0,1
0.74519897,4,rgb_pca,0,1
0.7757925,4,rgb_pca,0,1
0.7644395,4,rgb_pca,0,1
0.7548964,4,rgb_pca,0,1
0.6990451,4,rgb_pca,0,1
0.71307945,4,rgb_pca,0,1
0.6803559,4,rgb_pca,0,1
0.65204877,4,rgb_pca,0,1
0.69387305,4,rgb_pca,0,1
0.73504144,4,rgb_pca,0,1
0.74701905,4,rgb_pca,0,1
0.719257,4,rgb_pca,0,1
0.67208153,4,rgb_pca,0,1
0.7385699,4,rgb_pca,0,1
0.72490287,4,rgb_pca,0,1
0.753296,4,rgb_pca,0,1
0.73380506,4,rgb_pca,0,1
0.75133866,4,rgb_pca,0,1
0.75414014,4,rgb_pca,0,1
0.725435,4,rgb_pca,0,1
0.70544434,4,rgb_pca,0,1
0.70270175,4,rgb_pca,0,1
0.7354261,4,rgb_pca,0,1
0.7309349,4,rgb_pca,0,1
0.72849286,4,rgb_pca,0,1
0.7679574,4,rgb_pca,0,1
0.7494066,4,rgb_pca,0,1
0.7609272,4,rgb_pca,0,1
0.7648601,4,rgb_pca,0,1
0.74049735,4,rgb_pca,0,1
0.7308575,4,rgb_pca,0,1
0.72321486,4,rgb_pca,0,1
0.76583225,4,rgb_pca,0,1
0.7684221,4,rgb_pca,0,1
0.8005898,4,rgb_pca,0,1
0.8099665,4,rgb_pca,0,1
0.7390725,4,rgb_pca,0,1
0.7568572,4,rgb_pca,0,1
0.75663257,4,rgb_pca,0,1
0.7528533,4,rgb_pca,0,1
0.7644277,4,rgb_pca,0,1
0.77293754,4,rgb_pca,0,1
0.76865596,4,rgb_pca,0,1
0.7819127,4,rgb_pca,0,1
0.7958649,4,rgb_pca,0,1
0.79890895,4,rgb_pca,0,1
0.7459485,4,rgb_pca,0,1
0.76592207,4,rgb_pca,0,1
0.7489064,4,rgb_pca,0,1
0.7524302,4,rgb_pca,0,1
0.759195,4,rgb_pca,0,1
0.7620391,4,rgb_pca,0,1
0.74440265,4,rgb_pca,0,1
0.72303087,4,rgb_pca,0,1
0.7212461,4,rgb_pca,0,1
0.74319965,4,rgb_pca,0,1
0.7449197,4,rgb_pca,0,1
0.75984025,4,rgb_pca,0,1
0.6974055,4,rgb_pca,0,1
0.69221866,4,rgb_pca,0,1
0.6818496,4,rgb_pca,0,1
0.6838654,4,rgb_pca,0,1
0.6748451,4,rgb_pca,0,1
0.6384783,4,rgb_pca,0,1
0.6595629,4,rgb_pca,0,1
0.67910373,4,rgb_pca,0,1
0.756148,4,rgb_pca,0,1
0.7782974,4,rgb_pca,0,1
0.85960954,5,rgb_pca,0,1
0.8246088,5,rgb_pca,0,1
0.8105097,5,rgb_pca,0,1
0.8071779,5,rgb_pca,0,1
0.81514245,5,rgb_pca,0,1
0.7923204,5,rgb_pca,0,1
0.79263306,5,rgb_pca,0,1
0.79313886,5,rgb_pca,0,1
0.8050672,5,rgb_pca,0,1
0.86516535,5,rgb_pca,0,1
0.8499968,5,rgb_pca,0,1
0.8400879,5,rgb_pca,0,1
0.84550023,5,rgb_pca,0,1
0.8341912,5,rgb_pca,0,1
0.82654643,5,rgb_pca,0,1
0.8231567,5,rgb_pca,0,1
0.82708406,5,rgb_pca,0,1
0.848127,5,rgb_pca,0,1
0.8452024,5,rgb_pca,0,1
0.841414,5,rgb_pca,0,1
0.8483403,5,rgb_pca,0,1
0.8354815,5,rgb_pca,0,1
0.833757,5,rgb_pca,0,1
0.8227983,5,rgb_pca,0,1
0.8309279,5,rgb_pca,0,1
0.8507373,5,rgb_pca,0,1
0.8427159,5,rgb_pca,0,1
0.8387004,5,rgb_pca,0,1
0.83894044,5,rgb_pca,0,1
0.827151,5,rgb_pca,0,1
0.84033406,5,rgb_pca,0,1
0.8260945,5,rgb_pca,0,1
0.8040346,5,rgb_pca,0,1
0.8326981,5,rgb_pca,0,1
0.8045256,5,rgb_pca,0,1
0.84558594,5,rgb_pca,0,1
0.8519813,5,rgb_pca,0,1
0.8495102,5,rgb_pca,0,1
0.8347076,5,rgb_pca,0,1
0.82689893,5,rgb_pca,0,1
0.8078753,5,rgb_pca,0,1
0.7926448,5,rgb_pca,0,1
0.81100595,5,rgb_pca,0,1
0.8433933,5,rgb_pca,0,1
0.82122463,5,rgb_pca,0,1
0.8451375,5,rgb_pca,0,1
0.85912037,5,rgb_pca,0,1
0.8433211,5,rgb_pca,0,1
0.8326843,5,rgb_pca,0,1
0.82694685,5,rgb_pca,0,1
0.81886053,5,rgb_pca,0,1
0.79956675,5,rgb_pca,0,1
0.77775574,5,rgb_pca,0,1
0.7655697,5,rgb_pca,0,1
0.7840413,5,rgb_pca,0,1
0.85883313,5,rgb_pca,0,1
0.85014635,5,rgb_pca,0,1
0.8545939,5,rgb_pca,0,1
0.852557,5,rgb_pca,0,1
0.7955871,5,rgb_pca,0,1
0.83222866,5,rgb_pca,0,1
0.8083043,5,rgb_pca,0,1
0.8186321,5,rgb_pca,0,1
0.82500315,5,rgb_pca,0,1
0.808452,5,rgb_pca,0,1
0.7631873,5,rgb_pca,0,1
0.76293546,5,rgb_pca,0,1
0.7809438,5,rgb_pca,0,1
0.85771406,5,rgb_pca,0,1
0.8267747,5,rgb_pca,0,1
0.8348125,5,rgb_pca,0,1
0.85634947,5,rgb_pca,0,1
0.76907134,5,rgb_pca,0,1
0.79529274,5,rgb_pca,0,1
0.7758372,5,rgb_pca,0,1
0.783544,5,rgb_pca,0,1
0.77425224,5,rgb_pca,0,1
0.747429,5,rgb_pca,0,1
0.72398245,5,rgb_pca,0,1
0.72736186,5,rgb_pca,0,1
0.82533073,5,rgb_pca,0,1
0.81426084,5,rgb_pca,0,1
0.84122324,5,rgb_pca,0,1
0.8543904,5,rgb_pca,0,1
0.8007473,5,rgb_pca,0,1
0.8089191,5,rgb_pca,0,1
0.8002611,5,rgb_pca,0,1
0.81568754,5,rgb_pca,0,1
0.8013594,5,rgb_pca,0,1
0.7624736,5,rgb_pca,0,1
0.7346048,5,rgb_pca,0,1
0.78950894,5,rgb_pca,0,1
0.8100693,5,rgb_pca,0,1
0.84619594,5,rgb_pca,0,1
0.8680258,5,rgb_pca,0,1
0.8377291,5,rgb_pca,0,1
0.8325788,5,rgb_pca,0,1
0.8560226,5,rgb_pca,0,1
0.84110236,5,rgb_pca,0,1
0.8409941,5,rgb_pca,0,1
0.86233187,5,rgb_pca,0,1
0.8291718,5,rgb_pca,0,1
0.826129,5,rgb_pca,0,1
0.85181886,5,rgb_pca,0,1
0.80261177,5,rgb_pca,0,1
0.84827876,5,rgb_pca,0,1
0.8566134,5,rgb_pca,0,1
0.8346665,5,rgb_pca,0,1
0.8448345,5,rgb_pca,0,1
0.847087,5,rgb_pca,0,1
0.8299544,5,rgb_pca,0,1
0.8215381,5,rgb_pca,0,1
0.813577,5,rgb_pca,0,1
0.8061607,5,rgb_pca,0,1
0.7740437,5,rgb_pca,0,1
0.7949251,5,rgb_pca,0,1
0.8237128,5,rgb_pca,0,1
0.8326674,5,rgb_pca,0,1
0.84258693,5,rgb_pca,0,1
0.81597924,5,rgb_pca,0,1
0.80305266,5,rgb_pca,0,1
0.7724227,5,rgb_pca,0,1
0.7680286,5,rgb_pca,0,1
0.7751143,5,rgb_pca,0,1
0.7965126,5,rgb_pca,0,1
0.83152276,5,rgb_pca,0,1
0.84921646,5,rgb_pca,0,1
0.8297583,5,rgb_pca,0,1
0.7957046,5,rgb_pca,0,1
0.7463309,5,rgb_pca,0,1
0.7455961,5,rgb_pca,0,1
0.7588284,5,rgb_pca,0,1
0.7872803,5,rgb_pca,0,1
0.83560556,5,rgb_pca,0,1
0.8418709,5,rgb_pca,0,1
0.8222936,5,rgb_pca,0,1
0.78541076,5,rgb_pca,0,1
0.748775,5,rgb_pca,0,1
0.74347955,5,rgb_pca,0,1
0.7555055,5,rgb_pca,0,1
0.7838049,5,rgb_pca,0,1
0.8030866,5,rgb_pca,0,1
0.82801074,5,rgb_pca,0,1
0.8308285,5,rgb_pca,0,1
0.8189863,5,rgb_pca,0,1
0.80684257,5,rgb_pca,0,1
0.77072227,5,rgb_pca,0,1
0.7800132,5,rgb_pca,0,1
0.76386166,5,rgb_pca,0,1
0.7923089,5,rgb_pca,0,1
0.8257699,5,rgb_pca,0,1
0.810249,5,rgb_pca,0,1
0.7977422,5,rgb_pca,0,1
0.7988062,5,rgb_pca,0,1
0.82089674,5,rgb_pca,0,1
0.81870896,5,rgb_pca,0,1
0.8314003,5,rgb_pca,0,1
0.8360882,5,rgb_pca,0,1
0.82303774,5,rgb_pca,0,1
0.8112754,5,rgb_pca,0,1
0.81158495,5,rgb_pca,0,1
0.78626955,5,rgb_pca,0,1
0.80457646,5,rgb_pca,0,1
0.82266605,5,rgb_pca,0,1
0.83511144,5,rgb_pca,0,1
0.8274457,5,rgb_pca,0,1
0.8264575,5,rgb_pca,0,1
0.85601056,5,rgb_pca,0,1
0.8461253,5,rgb_pca,0,1
0.8446231,5,rgb_pca,0,1
0.8350508,5,rgb_pca,0,1
0.827363,5,rgb_pca,0,1
0.83127224,5,rgb_pca,0,1
0.81981415,5,rgb_pca,0,1
0.8241625,5,rgb_pca,0,1
0.825437,5,rgb_pca,0,1
0.8057599,5,rgb_pca,0,1
0.8033707,5,rgb_pca,0,1
0.82842124,5,rgb_pca,0,1
0.8408251,5,rgb_pca,0,1
0.83946705,5,rgb_pca,0,1
0.8360044,5,rgb_pca,0,1
0.8480675,5,rgb_pca,0,1
0.8422177,5,rgb_pca,0,1
0.83358365,5,rgb_pca,0,1
0.83671105,5,rgb_pca,0,1
0.82048845,5,rgb_pca,0,1
0.7961909,5,rgb_pca,0,1
0.7884202,5,rgb_pca,0,1
0.8118099,5,rgb_pca,0,1
0.8059616,5,rgb_pca,0,1
0.7813102,5,rgb_pca,0,1
0.80231476,5,rgb_pca,0,1
0.80329555,5,rgb_pca,0,1
0.8112737,5,rgb_pca,0,1
0.81751275,5,rgb_pca,0,1
0.83982956,5,rgb_pca,0,1
0.8437762,5,rgb_pca,0,1
0.83199173,5,rgb_pca,0,1
0.86367196,5,rgb_pca,0,1
0.84115714,5,rgb_pca,0,1
0.8405249,5,rgb_pca,0,1
0.8206922,5,rgb_pca,0,1
0.79226047,5,rgb_pca,0,1
0.81665504,5,rgb_pca,0,1
0.8165433,5,rgb_pca,0,1
0.79951,5,rgb_pca,0,1
0.8039025,5,rgb_pca,0,1
0.82355756,5,rgb_pca,0,1
0.8327503,5,rgb_pca,0,1
0.85633755,5,rgb_pca,0,1
0.8542889,5,rgb_pca,0,1
0.85035056,5,rgb_pca,0,1
0.83356667,5,rgb_pca,0,1
0.8379585,5,rgb_pca,0,1
0.832714,5,rgb_pca,0,1
0.84109855,5,rgb_pca,0,1
0.82554626,5,rgb_pca,0,1
0.82580495,5,rgb_pca,0,1
0.82781607,5,rgb_pca,0,1
0.85501266,5,rgb_pca,0,1
0.8534869,5,rgb_pca,0,1
0.84974515,5,rgb_pca,0,1
0.8302425,5,rgb_pca,0,1
0.8413205,5,rgb_pca,0,1
0.842895,5,rgb_pca,0,1
0.8190274,5,rgb_pca,0,1
0.84013706,5,rgb_pca,0,1
0.84375703,5,rgb_pca,0,1
0.8346567,5,rgb_pca,0,1
0.8330821,5,rgb_pca,0,1
0.8320528,5,rgb_pca,0,1
0.809494,5,rgb_pca,0,1
0.82488054,5,rgb_pca,0,1
0.8077895,5,rgb_pca,0,1
0.81487584,5,rgb_pca,0,1
0.7825104,5,rgb_pca,0,1
0.79705614,5,rgb_pca,0,1
0.785525,5,rgb_pca,0,1
0.812299,5,rgb_pca,0,1
0.77709496,5,rgb_pca,0,1
0.8288046,5,rgb_pca,0,1
0.769124,5,rgb_pca,0,1
0.8264686,5,rgb_pca,0,1
0.82789326,5,rgb_pca,0,1
0.83755714,5,rgb_pca,0,1
0.8277546,5,rgb_pca,0,1
0.84504724,5,rgb_pca,0,1
0.8192712,5,rgb_pca,0,1
0.8705355,5,rgb_pca,0,1
0.831172,5,rgb_pca,0,1
0.81909883,5,rgb_pca,0,1
0.86990345,5,rgb_pca,0,1
0.83583784,5,rgb_pca,0,1
0.8433139,5,rgb_pca,0,1
0.8366477,5,rgb_pca,0,1
0.8642792,5,rgb_pca,0,1
0.8368529,5,rgb_pca,0,1
0.84083664,5,rgb_pca,0,1
0.8470361,5,rgb_pca,0,1
0.85956234,5,rgb_pca,0,1
0.8385493,5,rgb_pca,0,1
0.8421931,5,rgb_pca,0,1
0.8477156,5,rgb_pca,0,1
0.8607788,5,rgb_pca,0,1
0.84379286,5,rgb_pca,0,1
0.84618795,5,rgb_pca,0,1
0.861731,5,rgb_pca,0,1
0.84634674,5,rgb_pca,0,1
0.8374729,5,rgb_pca,0,1
0.8446301,5,rgb_pca,0,1
0.8127303,5,rgb_pca,0,1
0.8454926,5,rgb_pca,0,1
0.8232869,5,rgb_pca,0,1
0.6829437,1,rgb_pca,0,1
0.7218761,1,rgb_pca,0,1
0.6594974,1,rgb_pca,0,1
0.678337,1,rgb_pca,0,1
0.7225207,1,rgb_pca,0,1
0.6938627,1,rgb_pca,0,1
0.65190744,1,rgb_pca,0,1
0.680374,1,rgb_pca,0,1
0.70043063,1,rgb_pca,0,1
0.6369937,1,rgb_pca,0,1
0.68397737,1,rgb_pca,0,1
0.72547764,1,rgb_pca,0,1
0.6937736,1,rgb_pca,0,1
0.61278605,1,rgb_pca,0,1
0.64146405,1,rgb_pca,0,1
0.71450555,1,rgb_pca,0,1
0.6517427,1,rgb_pca,0,1
0.6863629,1,rgb_pca,0,1
0.6723157,1,rgb_pca,0,1
0.68945146,1,rgb_pca,0,1
0.68559635,1,rgb_pca,0,1
0.6521671,1,rgb_pca,0,1
0.73289865,1,rgb_pca,0,1
0.68843603,1,rgb_pca,0,1
0.7189487,1,rgb_pca,0,1
0.70197904,1,rgb_pca,0,1
0.704957,1,rgb_pca,0,1
0.7796522,1,rgb_pca,0,1
0.76731527,1,rgb_pca,0,1
0.73311776,1,rgb_pca,0,1
0.68188226,1,rgb_pca,0,1
0.6980521,1,rgb_pca,0,1
0.705445,1,rgb_pca,0,1
0.6936408,1,rgb_pca,0,1
0.76846623,1,rgb_pca,0,1
0.72282296,1,rgb_pca,0,1
0.5845344,1,rgb_pca,0,1
0.7339418,1,rgb_pca,0,1
0.71146536,1,rgb_pca,0,1
0.6629509,1,rgb_pca,0,1
0.68622124,1,rgb_pca,0,1
0.70196307,1,rgb_pca,0,1
0.6927852,1,rgb_pca,0,1
0.76852167,1,rgb_pca,0,1
0.70130247,1,rgb_pca,0,1
0.5617312,1,rgb_pca,0,1
0.7115383,1,rgb_pca,0,1
0.69185495,1,rgb_pca,0,1
0.69483924,1,rgb_pca,0,1
0.71473426,1,rgb_pca,0,1
0.74429786,1,rgb_pca,0,1
0.72837067,1,rgb_pca,0,1
0.72792286,1,rgb_pca,0,1
0.728024,1,rgb_pca,0,1
0.708627,1,rgb_pca,0,1
0.6834945,1,rgb_pca,0,1
0.71753037,1,rgb_pca,0,1
0.7382499,1,rgb_pca,0,1
0.72864044,1,rgb_pca,0,1
0.778299,1,rgb_pca,0,1
0.7859411,1,rgb_pca,0,1
0.78959435,1,rgb_pca,0,1
0.74846196,1,rgb_pca,0,1
0.69598293,1,rgb_pca,0,1
0.7379178,1,rgb_pca,0,1
0.71165425,1,rgb_pca,0,1
0.76283425,1,rgb_pca,0,1
0.72430944,1,rgb_pca,0,1
0.69548,1,rgb_pca,0,1
0.7118906,1,rgb_pca,0,1
0.7025337,1,rgb_pca,0,1
0.6632328,1,rgb_pca,0,1
0.6896111,1,rgb_pca,0,1
0.6836888,1,rgb_pca,0,1
0.727561,1,rgb_pca,0,1
0.67927814,1,rgb_pca,0,1
0.6996879,1,rgb_pca,0,1
0.72069687,1,rgb_pca,0,1
0.73234916,1,rgb_pca,0,1
0.73298764,1,rgb_pca,0,1
0.64733183,1,rgb_pca,0,1
0.65825355,1,rgb_pca,0,1
0.76215005,1,rgb_pca,0,1
0.61909866,1,rgb_pca,0,1
0.6705142,1,rgb_pca,0,1
0.71772766,1,rgb_pca,0,1
0.6301478,1,rgb_pca,0,1
0.69387627,1,rgb_pca,0,1
0.73417366,1,rgb_pca,0,1
0.72697985,1,rgb_pca,0,1
0.6149891,1,rgb_pca,0,1
0.66679525,1,rgb_pca,0,1
0.67298156,1,rgb_pca,0,1
0.6182506,1,rgb_pca,0,1
0.6805591,1,rgb_pca,0,1
0.73749995,1,rgb_pca,0,1
0.7314905,1,rgb_pca,0,1
0.5793444,1,rgb_pca,0,1
0.6668525,1,rgb_pca,0,1
0.65890706,1,rgb_pca,0,1
0.5883485,1,rgb_pca,0,1
0.63929915,1,rgb_pca,0,1
0.64949787,1,rgb_pca,0,1
0.7012358,1,rgb_pca,0,1
0.66725373,1,rgb_pca,0,1
0.61465144,1,rgb_pca,0,1
0.66295314,1,rgb_pca,0,1
0.67411184,1,rgb_pca,0,1
0.7177664,1,rgb_pca,0,1
0.67637515,1,rgb_pca,0,1
0.6361572,1,rgb_pca,0,1
0.7170167,1,rgb_pca,0,1
0.74544454,1,rgb_pca,0,1
0.7510041,1,rgb_pca,0,1
0.7328201,1,rgb_pca,0,1
0.71712613,1,rgb_pca,0,1
0.6814221,1,rgb_pca,0,1
0.6506717,1,rgb_pca,0,1
0.7344775,1,rgb_pca,0,1
0.70575446,1,rgb_pca,0,1
0.6364657,1,rgb_pca,0,1
0.7518024,1,rgb_pca,0,1
0.7649086,1,rgb_pca,0,1
0.7303546,1,rgb_pca,0,1
0.7102636,1,rgb_pca,0,1
0.6771177,1,rgb_pca,0,1
0.64370155,1,rgb_pca,0,1
0.74213374,1,rgb_pca,0,1
0.70601505,1,rgb_pca,0,1
0.6297004,1,rgb_pca,0,1
0.7159486,1,rgb_pca,0,1
0.7277142,1,rgb_pca,0,1
0.6989605,1,rgb_pca,0,1
0.72322726,1,rgb_pca,0,1
0.716991,1,rgb_pca,0,1
0.67738485,1,rgb_pca,0,1
0.7126239,1,rgb_pca,0,1
0.6816273,1,rgb_pca,0,1
0.6739963,1,rgb_pca,0,1
0.6679144,1,rgb_pca,0,1
0.7232925,1,rgb_pca,0,1
0.71568537,1,rgb_pca,0,1
0.6692863,1,rgb_pca,0,1
0.72919255,1,rgb_pca,0,1
0.7110628,1,rgb_pca,0,1
0.6808286,1,rgb_pca,0,1
0.61829615,1,rgb_pca,0,1
0.59819126,1,rgb_pca,0,1
0.6928903,1,rgb_pca,0,1
0.64546573,1,rgb_pca,0,1
0.6957212,1,rgb_pca,0,1
0.64646167,1,rgb_pca,0,1
0.6020478,1,rgb_pca,0,1
0.59267926,1,rgb_pca,0,1
0.53397864,1,rgb_pca,0,1
0.5669693,1,rgb_pca,0,1
0.6652105,1,rgb_pca,0,1
0.62681603,1,rgb_pca,0,1
0.61960334,1,rgb_pca,0,1
0.62110853,1,rgb_pca,0,1
0.66330546,1,rgb_pca,0,1
0.6662636,1,rgb_pca,0,1
0.6187189,1,rgb_pca,0,1
0.64780295,1,rgb_pca,0,1
0.6454871,1,rgb_pca,0,1
0.6174208,1,rgb_pca,0,1
0.68016934,1,rgb_pca,0,1
0.63429713,1,rgb_pca,0,1
0.75902236,4,rgb_pca,0,1
0.7327292,4,rgb_pca,0,1
0.7149186,4,rgb_pca,0,1
0.7236384,4,rgb_pca,0,1
0.7077317,4,rgb_pca,0,1
0.70712465,4,rgb_pca,0,1
0.75005496,4,rgb_pca,0,1
0.7365359,4,rgb_pca,0,1
0.71608716,4,rgb_pca,0,1
0.74790907,4,rgb_pca,0,1
0.8091981,4,rgb_pca,0,1
0.8031432,4,rgb_pca,0,1
0.77413285,4,rgb_pca,0,1
0.7513707,4,rgb_pca,0,1
0.73116857,4,rgb_pca,0,1
0.7188412,4,rgb_pca,0,1
0.6765593,4,rgb_pca,0,1
0.73134685,4,rgb_pca,0,1
0.7163257,4,rgb_pca,0,1
0.72343683,4,rgb_pca,0,1
0.74501264,4,rgb_pca,0,1
0.82278526,4,rgb_pca,0,1
0.7801306,4,rgb_pca,0,1
0.74016213,4,rgb_pca,0,1
0.73364747,4,rgb_pca,0,1
0.71867734,4,rgb_pca,0,1
0.7311287,4,rgb_pca,0,1
0.7042731,4,rgb_pca,0,1
0.7510112,4,rgb_pca,0,1
0.7311875,4,rgb_pca,0,1
0.757055,4,rgb_pca,0,1
0.74907863,4,rgb_pca,0,1
0.77937514,4,rgb_pca,0,1
0.7470782,4,rgb_pca,0,1
0.71081537,4,rgb_pca,0,1
0.7230519,4,rgb_pca,0,1
0.728577,4,rgb_pca,0,1
0.74250555,4,rgb_pca,0,1
0.70260805,4,rgb_pca,0,1
0.7574631,4,rgb_pca,0,1
0.6644783,4,rgb_pca,0,1
0.76386166,4,rgb_pca,0,1
0.7644441,4,rgb_pca,0,1
0.72200495,4,rgb_pca,0,1
0.758922,4,rgb_pca,0,1
0.7573133,4,rgb_pca,0,1
0.77947783,4,rgb_pca,0,1
0.76194566,4,rgb_pca,0,1
0.7345267,4,rgb_pca,0,1
0.7603482,4,rgb_pca,0,1
0.73960805,4,rgb_pca,0,1
0.72403,4,rgb_pca,0,1
0.7192602,4,rgb_pca,0,1
0.71157414,4,rgb_pca,0,1
0.7473564,4,rgb_pca,0,1
0.7439709,4,rgb_pca,0,1
0.7476251,4,rgb_pca,0,1
0.7299155,4,rgb_pca,0,1
0.73539686,4,rgb_pca,0,1
0.73921967,4,rgb_pca,0,1
0.6934692,4,rgb_pca,0,1
0.7046128,4,rgb_pca,0,1
0.71563786,4,rgb_pca,0,1
0.7213155,4,rgb_pca,0,1
0.74085414,4,rgb_pca,0,1
0.70631814,4,rgb_pca,0,1
0.6733556,4,rgb_pca,0,1
0.6410544,4,rgb_pca,0,1
0.67218333,4,rgb_pca,0,1
0.68854976,4,rgb_pca,0,1
0.6737193,4,rgb_pca,0,1
0.694229,4,rgb_pca,0,1
0.76388896,4,rgb_pca,0,1
0.7837774,4,rgb_pca,0,1
0.8343319,5,rgb_pca,0,1
0.83009523,5,rgb_pca,0,1
0.8323395,5,rgb_pca,0,1
0.83280766,5,rgb_pca,0,1
0.80516624,5,rgb_pca,0,1
0.76852226,5,rgb_pca,0,1
0.77049327,5,rgb_pca,0,1
0.769305,5,rgb_pca,0,1
0.7565558,5,rgb_pca,0,1
0.85440475,5,rgb_pca,0,1
0.8587396,5,rgb_pca,0,1
0.8623744,5,rgb_pca,0,1
0.8584777,5,rgb_pca,0,1
0.84078723,5,rgb_pca,0,1
0.8253796,5,rgb_pca,0,1
0.8277118,5,rgb_pca,0,1
0.824981,5,rgb_pca,0,1
0.8390969,5,rgb_pca,0,1
0.8524957,5,rgb_pca,0,1
0.8687737,5,rgb_pca,0,1
0.86390334,5,rgb_pca,0,1
0.85285825,5,rgb_pca,0,1
0.8399743,5,rgb_pca,0,1
0.8289404,5,rgb_pca,0,1
0.8343569,5,rgb_pca,0,1
0.8589865,5,rgb_pca,0,1
0.85432124,5,rgb_pca,0,1
0.85948277,5,rgb_pca,0,1
0.8760733,5,rgb_pca,0,1
0.85957205,5,rgb_pca,0,1
0.8407319,5,rgb_pca,0,1
0.824931,5,rgb_pca,0,1
0.8304144,5,rgb_pca,0,1
0.85427964,5,rgb_pca,0,1
0.79622364,5,rgb_pca,0,1
0.84013057,5,rgb_pca,0,1
0.8478042,5,rgb_pca,0,1
0.8651076,5,rgb_pca,0,1
0.8578305,5,rgb_pca,0,1
0.82791984,5,rgb_pca,0,1
0.8224118,5,rgb_pca,0,1
0.8232105,5,rgb_pca,0,1
0.8378856,5,rgb_pca,0,1
0.84882945,5,rgb_pca,0,1
0.8429049,5,rgb_pca,0,1
0.80205494,5,rgb_pca,0,1
0.8389288,5,rgb_pca,0,1
0.8419831,5,rgb_pca,0,1
0.8590044,5,rgb_pca,0,1
0.8589857,5,rgb_pca,0,1
0.8530803,5,rgb_pca,0,1
0.838966,5,rgb_pca,0,1
0.8311372,5,rgb_pca,0,1
0.82063127,5,rgb_pca,0,1
0.8230847,5,rgb_pca,0,1
0.85934347,5,rgb_pca,0,1
0.8570442,5,rgb_pca,0,1
0.8169361,5,rgb_pca,0,1
0.8517687,5,rgb_pca,0,1
0.831759,5,rgb_pca,0,1
0.8329922,5,rgb_pca,0,1
0.8498349,5,rgb_pca,0,1
0.8470929,5,rgb_pca,0,1
0.84143007,5,rgb_pca,0,1
0.8279239,5,rgb_pca,0,1
0.83036184,5,rgb_pca,0,1
0.8048687,5,rgb_pca,0,1
0.81254303,5,rgb_pca,0,1
0.8515884,5,rgb_pca,0,1
0.8464438,5,rgb_pca,0,1
0.82632494,5,rgb_pca,0,1
0.8588651,5,rgb_pca,0,1
0.81652236,5,rgb_pca,0,1
0.8175642,5,rgb_pca,0,1
0.8321657,5,rgb_pca,0,1
0.82929134,5,rgb_pca,0,1
0.82212245,5,rgb_pca,0,1
0.7848888,5,rgb_pca,0,1
0.79750645,5,rgb_pca,0,1
0.804005,5,rgb_pca,0,1
0.8466307,5,rgb_pca,0,1
0.83942026,5,rgb_pca,0,1
0.8366802,5,rgb_pca,0,1
0.86868775,5,rgb_pca,0,1
0.8277451,5,rgb_pca,0,1
0.82884973,5,rgb_pca,0,1
0.85491765,5,rgb_pca,0,1
0.8444416,5,rgb_pca,0,1
0.82763386,5,rgb_pca,0,1
0.79370266,5,rgb_pca,0,1
0.8008793,5,rgb_pca,0,1
0.8474965,5,rgb_pca,0,1
0.8403747,5,rgb_pca,0,1
0.8475883,5,rgb_pca,0,1
0.87987304,5,rgb_pca,0,1
0.8534365,5,rgb_pca,0,1
0.8565118,5,rgb_pca,0,1
0.8549454,5,rgb_pca,0,1
0.84750104,5,rgb_pca,0,1
0.8670306,5,rgb_pca,0,1
0.87614834,5,rgb_pca,0,1
0.85712844,5,rgb_pca,0,1
0.8570174,5,rgb_pca,0,1
0.8657433,5,rgb_pca,0,1
0.84879017,5,rgb_pca,0,1
0.86975753,5,rgb_pca,0,1
0.86454445,5,rgb_pca,0,1
0.8343476,5,rgb_pca,0,1
0.80687654,5,rgb_pca,0,1
0.81261325,5,rgb_pca,0,1
0.80780435,5,rgb_pca,0,1
0.7958511,5,rgb_pca,0,1
0.77174926,5,rgb_pca,0,1
0.75562596,5,rgb_pca,0,1
0.75840795,5,rgb_pca,0,1
0.75850165,5,rgb_pca,0,1
0.8350982,5,rgb_pca,0,1
0.833864,5,rgb_pca,0,1
0.8356503,5,rgb_pca,0,1
0.83852017,5,rgb_pca,0,1
0.81617504,5,rgb_pca,0,1
0.7993335,5,rgb_pca,0,1
0.79282683,5,rgb_pca,0,1
0.78765965,5,rgb_pca,0,1
0.7865759,5,rgb_pca,0,1
0.83271813,5,rgb_pca,0,1
0.84524405,5,rgb_pca,0,1
0.83362746,5,rgb_pca,0,1
0.80599046,5,rgb_pca,0,1
0.7959713,5,rgb_pca,0,1
0.78670406,5,rgb_pca,0,1
0.78741425,5,rgb_pca,0,1
0.81590915,5,rgb_pca,0,1
0.8464686,5,rgb_pca,0,1
0.8381188,5,rgb_pca,0,1
0.8314974,5,rgb_pca,0,1
0.8184612,5,rgb_pca,0,1
0.8066118,5,rgb_pca,0,1
0.8013369,5,rgb_pca,0,1
0.812742,5,rgb_pca,0,1
0.83622825,5,rgb_pca,0,1
0.731684,5,rgb_pca,0,1
0.8472884,5,rgb_pca,0,1
0.85714376,5,rgb_pca,0,1
0.8456648,5,rgb_pca,0,1
0.7984654,5,rgb_pca,0,1
0.8011172,5,rgb_pca,0,1
0.81377983,5,rgb_pca,0,1
0.81423426,5,rgb_pca,0,1
0.8304433,5,rgb_pca,0,1
0.8271574,5,rgb_pca,0,1
0.7940606,5,rgb_pca,0,1
0.79418784,5,rgb_pca,0,1
0.79439336,5,rgb_pca,0,1
0.81771183,5,rgb_pca,0,1
0.85520387,5,rgb_pca,0,1
0.85836643,5,rgb_pca,0,1
0.8568962,5,rgb_pca,0,1
0.8018396,5,rgb_pca,0,1
0.79031897,5,rgb_pca,0,1
0.79779243,5,rgb_pca,0,1
0.8038602,5,rgb_pca,0,1
0.82125616,5,rgb_pca,0,1
0.852665,5,rgb_pca,0,1
0.8380186,5,rgb_pca,0,1
0.8406564,5,rgb_pca,0,1
0.8380715,5,rgb_pca,0,1
0.8550315,5,rgb_pca,0,1
0.8465897,5,rgb_pca,0,1
0.83705956,5,rgb_pca,0,1
0.8365894,5,rgb_pca,0,1
0.8520081,5,rgb_pca,0,1
0.85423875,5,rgb_pca,0,1
0.81194067,5,rgb_pca,0,1
0.7740261,5,rgb_pca,0,1
0.7839735,5,rgb_pca,0,1
0.7965225,5,rgb_pca,0,1
0.80623055,5,rgb_pca,0,1
0.84771943,5,rgb_pca,0,1
0.84076357,5,rgb_pca,0,1
0.8541566,5,rgb_pca,0,1
0.8510202,5,rgb_pca,0,1
0.8516183,5,rgb_pca,0,1
0.8376454,5,rgb_pca,0,1
0.8037704,5,rgb_pca,0,1
0.80725175,5,rgb_pca,0,1
0.83712256,5,rgb_pca,0,1
0.84206593,5,rgb_pca,0,1
0.8200886,5,rgb_pca,0,1
0.77304816,5,rgb_pca,0,1
0.78316724,5,rgb_pca,0,1
0.80479205,5,rgb_pca,0,1
0.87085325,5,rgb_pca,0,1
0.86559147,5,rgb_pca,0,1
0.870783,5,rgb_pca,0,1
0.85651946,5,rgb_pca,0,1
0.84703314,5,rgb_pca,0,1
0.83869255,5,rgb_pca,0,1
0.8559356,5,rgb_pca,0,1
0.8183238,5,rgb_pca,0,1
0.82763106,5,rgb_pca,0,1
0.83834976,5,rgb_pca,0,1
0.8420516,5,rgb_pca,0,1
0.8314374,5,rgb_pca,0,1
0.77232134,5,rgb_pca,0,1
0.78743577,5,rgb_pca,0,1
0.86819977,5,rgb_pca,0,1
0.85979694,5,rgb_pca,0,1
0.8666105,5,rgb_pca,0,1
0.8509742,5,rgb_pca,0,1
0.8518683,5,rgb_pca,0,1
0.8397343,5,rgb_pca,0,1
0.8507445,5,rgb_pca,0,1
0.8483517,5,rgb_pca,0,1
0.8187795,5,rgb_pca,0,1
0.816645,5,rgb_pca,0,1
0.8361641,5,rgb_pca,0,1
0.8274508,5,rgb_pca,0,1
0.8647268,5,rgb_pca,0,1
0.8375493,5,rgb_pca,0,1
0.8416528,5,rgb_pca,0,1
0.8336542,5,rgb_pca,0,1
0.8234279,5,rgb_pca,0,1
0.8181396,5,rgb_pca,0,1
0.7998438,5,rgb_pca,0,1
0.8668054,5,rgb_pca,0,1
0.8489653,5,rgb_pca,0,1
0.8569307,5,rgb_pca,0,1
0.86214066,5,rgb_pca,0,1
0.8495078,5,rgb_pca,0,1
0.85561514,5,rgb_pca,0,1
0.8595073,5,rgb_pca,0,1
0.8399832,5,rgb_pca,0,1
0.86244,5,rgb_pca,0,1
0.8686838,5,rgb_pca,0,1
0.8591052,5,rgb_pca,0,1
0.8349482,5,rgb_pca,0,1
0.8537681,5,rgb_pca,0,1
0.85180867,5,rgb_pca,0,1
0.8382863,5,rgb_pca,0,1
0.8210274,5,rgb_pca,0,1
0.83170724,5,rgb_pca,0,1
0.8237612,5,rgb_pca,0,1
0.8404535,5,rgb_pca,0,1
0.82702076,5,rgb_pca,0,1
0.854049,5,rgb_pca,0,1
0.8381839,5,rgb_pca,0,1
0.8613789,5,rgb_pca,0,1
0.84367913,5,rgb_pca,0,1
0.86749315,5,rgb_pca,0,1
0.8600741,5,rgb_pca,0,1
0.8118365,5,rgb_pca,0,1
0.86315703,5,rgb_pca,0,1
0.83119506,5,rgb_pca,0,1
0.827693,5,rgb_pca,0,1
0.8324848,5,rgb_pca,0,1
0.84305143,5,rgb_pca,0,1
0.8228642,5,rgb_pca,0,1
0.8227217,5,rgb_pca,0,1
0.82349277,5,rgb_pca,0,1
0.8290792,5,rgb_pca,0,1
0.8243474,5,rgb_pca,0,1
0.82744026,5,rgb_pca,0,1
0.829488,5,rgb_pca,0,1
0.80617,5,rgb_pca,0,1
0.8018701,5,rgb_pca,0,1
0.8319991,5,rgb_pca,0,1
0.8235227,5,rgb_pca,0,1
0.8223995,5,rgb_pca,0,1
0.8406981,5,rgb_pca,0,1
0.81807786,5,rgb_pca,0,1
0.8250889,5,rgb_pca,0,1
0.80562073,5,rgb_pca,0,1
0.81438094,5,rgb_pca,0,1
0.7054473,1,rgb_pca,0,1
0.7313777,1,rgb_pca,0,1
0.73636734,1,rgb_pca,0,1
0.76586926,1,rgb_pca,0,1
0.7219684,1,rgb_pca,0,1
0.72002983,1,rgb_pca,0,1
0.7138412,1,rgb_pca,0,1
0.7485145,1,rgb_pca,0,1
0.7571447,1,rgb_pca,0,1
0.6732841,1,rgb_pca,0,1
0.7222478,1,rgb_pca,0,1
0.7294809,1,rgb_pca,0,1
0.7066715,1,rgb_pca,0,1
0.63270605,1,rgb_pca,0,1
0.6800605,1,rgb_pca,0,1
0.7424902,1,rgb_pca,0,1
0.6656312,1,rgb_pca,0,1
0.721329,1,rgb_pca,0,1
0.6980825,1,rgb_pca,0,1
0.7296945,1,rgb_pca,0,1
0.75292903,1,rgb_pca,0,1
0.7289115,1,rgb_pca,0,1
0.79452866,1,rgb_pca,0,1
0.757694,1,rgb_pca,0,1
0.7690066,1,rgb_pca,0,1
0.7704586,1,rgb_pca,0,1
0.7521417,1,rgb_pca,0,1
0.8086046,1,rgb_pca,0,1
0.7844892,1,rgb_pca,0,1
0.77757525,1,rgb_pca,0,1
0.7751323,1,rgb_pca,0,1
0.7847537,1,rgb_pca,0,1
0.78505534,1,rgb_pca,0,1
0.772982,1,rgb_pca,0,1
0.7904823,1,rgb_pca,0,1
0.7424895,1,rgb_pca,0,1
0.68955684,1,rgb_pca,0,1
0.76719856,1,rgb_pca,0,1
0.7550435,1,rgb_pca,0,1
0.73662555,1,rgb_pca,0,1
0.7769742,1,rgb_pca,0,1
0.7782447,1,rgb_pca,0,1
0.75930876,1,rgb_pca,0,1
0.80347586,1,rgb_pca,0,1
0.7840198,1,rgb_pca,0,1
0.6995355,1,rgb_pca,0,1
0.7345485,1,rgb_pca,0,1
0.722345,1,rgb_pca,0,1
0.7450834,1,rgb_pca,0,1
0.773742,1,rgb_pca,0,1
0.7782254,1,rgb_pca,0,1
0.77170134,1,rgb_pca,0,1
0.7858649,1,rgb_pca,0,1
0.7227536,1,rgb_pca,0,1
0.6952964,1,rgb_pca,0,1
0.714474,1,rgb_pca,0,1
0.8066166,1,rgb_pca,0,1
0.82951564,1,rgb_pca,0,1
0.77093387,1,rgb_pca,0,1
0.8078048,1,rgb_pca,0,1
0.7343549,1,rgb_pca,0,1
0.7297058,1,rgb_pca,0,1
0.688923,1,rgb_pca,0,1
0.6839899,1,rgb_pca,0,1
0.7791841,1,rgb_pca,0,1
0.7525534,1,rgb_pca,0,1
0.79374933,1,rgb_pca,0,1
0.7436888,1,rgb_pca,0,1
0.72012115,1,rgb_pca,0,1
0.71917534,1,rgb_pca,0,1
0.6467323,1,rgb_pca,0,1
0.6345873,1,rgb_pca,0,1
0.74531704,1,rgb_pca,0,1
0.7288934,1,rgb_pca,0,1
0.7497509,1,rgb_pca,0,1
0.73241115,1,rgb_pca,0,1
0.7671107,1,rgb_pca,0,1
0.7936994,1,rgb_pca,0,1
0.78236884,1,rgb_pca,0,1
0.77428144,1,rgb_pca,0,1
0.7669169,1,rgb_pca,0,1
0.7191844,1,rgb_pca,0,1
0.78844655,1,rgb_pca,0,1
0.70023376,1,rgb_pca,0,1
0.75903416,1,rgb_pca,0,1
0.7711944,1,rgb_pca,0,1
0.75019246,1,rgb_pca,0,1
0.74930817,1,rgb_pca,0,1
0.72832775,1,rgb_pca,0,1
0.7294822,1,rgb_pca,0,1
0.65836,1,rgb_pca,0,1
0.6739468,1,rgb_pca,0,1
0.72548234,1,rgb_pca,0,1
0.6448139,1,rgb_pca,0,1
0.72063684,1,rgb_pca,0,1
0.702299,1,rgb_pca,0,1
0.6707788,1,rgb_pca,0,1
0.5081178,1,rgb_pca,0,1
0.5781323,1,rgb_pca,0,1
0.7307457,1,rgb_pca,0,1
0.6416881,1,rgb_pca,0,1
0.73516387,1,rgb_pca,0,1
0.5191497,1,rgb_pca,0,1
0.5934365,1,rgb_pca,0,1
0.7393211,1,rgb_pca,0,1
0.6669682,1,rgb_pca,0,1
0.7115224,1,rgb_pca,0,1
0.57762146,1,rgb_pca,0,1
0.6440405,1,rgb_pca,0,1
0.7670189,1,rgb_pca,0,1
0.6677594,1,rgb_pca,0,1
0.717673,1,rgb_pca,0,1
0.73607504,1,rgb_pca,0,1
0.7216265,1,rgb_pca,0,1
0.69323623,1,rgb_pca,0,1
0.71236145,1,rgb_pca,0,1
0.7071806,1,rgb_pca,0,1
0.62915814,1,rgb_pca,0,1
0.68347234,1,rgb_pca,0,1
0.7190027,1,rgb_pca,0,1
0.6997595,1,rgb_pca,0,1
0.73271126,1,rgb_pca,0,1
0.75326914,1,rgb_pca,0,1
0.6860075,1,rgb_pca,0,1
0.7224798,1,rgb_pca,0,1
0.7233846,1,rgb_pca,0,1
0.6527027,1,rgb_pca,0,1
0.7342732,1,rgb_pca,0,1
0.74666226,1,rgb_pca,0,1
0.70591813,1,rgb_pca,0,1
0.7305206,1,rgb_pca,0,1
0.72950315,1,rgb_pca,0,1
0.7105906,1,rgb_pca,0,1
0.7464245,1,rgb_pca,0,1
0.7661891,1,rgb_pca,0,1
0.67368877,1,rgb_pca,0,1
0.7199972,1,rgb_pca,0,1
0.6854107,1,rgb_pca,0,1
0.6675676,1,rgb_pca,0,1
0.6838987,1,rgb_pca,0,1
0.7518184,1,rgb_pca,0,1
0.7659024,1,rgb_pca,0,1
0.66930205,1,rgb_pca,0,1
0.7197716,1,rgb_pca,0,1
0.6790489,1,rgb_pca,0,1
0.6892775,1,rgb_pca,0,1
0.68399334,1,rgb_pca,0,1
0.6655457,1,rgb_pca,0,1
0.7508463,1,rgb_pca,0,1
0.6880086,1,rgb_pca,0,1
0.7350726,1,rgb_pca,0,1
0.6412916,1,rgb_pca,0,1
0.56026137,1,rgb_pca,0,1
0.5993431,1,rgb_pca,0,1
0.6076693,1,rgb_pca,0,1
0.6100869,1,rgb_pca,0,1
0.70352834,1,rgb_pca,0,1
0.66041493,1,rgb_pca,0,1
0.70157576,1,rgb_pca,0,1
0.62956774,1,rgb_pca,0,1
0.67321885,1,rgb_pca,0,1
0.7047826,1,rgb_pca,0,1
0.68639886,1,rgb_pca,0,1
0.70132947,1,rgb_pca,0,1
0.73685586,1,rgb_pca,0,1
0.64738786,1,rgb_pca,0,1
0.74814045,1,rgb_pca,0,1
0.68431836,1,rgb_pca,0,1
0.690673,1,rgb_pca,0,1
0.6786727,1,rgb_pca,0,1
0.69518757,1,rgb_pca,0,1
0.70433635,1,rgb_pca,0,1
0.7265854,1,rgb_pca,0,1
0.6609576,1,rgb_pca,0,1
0.6867583,1,rgb_pca,0,1
0.71221334,1,rgb_pca,0,1
0.7027323,1,rgb_pca,0,1
0.7132803,1,rgb_pca,0,1
0.62528425,1,rgb_pca,0,1
0.6371479,1,rgb_pca,0,1
0.63514364,1,rgb_pca,0,1
0.6969359,1,rgb_pca,0,1
0.7319964,1,rgb_pca,0,1
0.7212355,1,rgb_pca,0,1
0.74037385,1,rgb_pca,0,1
0.78539693,1,rgb_pca,0,1
0.6437781,1,rgb_pca,0,1
0.61641574,1,rgb_pca,0,1
0.6499028,1,rgb_pca,0,1
0.681083,1,rgb_pca,0,1
0.7237059,1,rgb_pca,0,1
0.7162021,1,rgb_pca,0,1
0.7407241,1,rgb_pca,0,1
0.78969586,1,rgb_pca,0,1
0.6528424,1,rgb_pca,0,1
0.66053355,1,rgb_pca,0,1
0.67368793,1,rgb_pca,0,1
0.657328,1,rgb_pca,0,1
0.665076,1,rgb_pca,0,1
0.7001013,1,rgb_pca,0,1
0.73064977,1,rgb_pca,0,1
0.72450674,1,rgb_pca,0,1
0.7455694,1,rgb_pca,0,1
0.788069,1,rgb_pca,0,1
0.65723866,1,rgb_pca,0,1
0.675823,1,rgb_pca,0,1
0.6938241,1,rgb_pca,0,1
0.6759614,1,rgb_pca,0,1
0.7059962,1,rgb_pca,0,1
0.7020795,1,rgb_pca,0,1
0.7522191,1,rgb_pca,0,1
0.736073,1,rgb_pca,0,1
0.740284,1,rgb_pca,0,1
0.78541195,1,rgb_pca,0,1
0.6949099,1,rgb_pca,0,1
0.6874538,1,rgb_pca,0,1
0.7352692,1,rgb_pca,0,1
0.73808914,1,rgb_pca,0,1
0.75683,1,rgb_pca,0,1
0.7223235,1,rgb_pca,0,1
0.74740416,1,rgb_pca,0,1
0.80186206,1,rgb_pca,0,1
0.7178073,1,rgb_pca,0,1
0.7568339,1,rgb_pca,0,1
0.7525557,1,rgb_pca,0,1
0.77881247,1,rgb_pca,0,1
0.7436516,1,rgb_pca,0,1
0.75207484,1,rgb_pca,0,1
0.7849388,1,rgb_pca,0,1
0.71310043,1,rgb_pca,0,1
0.737631,1,rgb_pca,0,1
0.738761,1,rgb_pca,0,1
0.73685193,1,rgb_pca,0,1
0.7484649,1,rgb_pca,0,1
0.768914,1,rgb_pca,0,1
0.71518725,1,rgb_pca,0,1
0.7215454,1,rgb_pca,0,1
0.70914423,1,rgb_pca,0,1
0.72660065,1,rgb_pca,0,1
0.7818452,1,rgb_pca,0,1
0.7346926,1,rgb_pca,0,1
0.7044035,1,rgb_pca,0,1
0.7434911,1,rgb_pca,0,1
0.7664406,1,rgb_pca,0,1
0.6893074,1,rgb_pca,0,1
0.7504105,1,rgb_pca,0,1
0.7525912,1,rgb_pca,0,1
0.7235031,1,rgb_pca,0,1
0.7487657,1,rgb_pca,0,1
0.6792177,1,rgb_pca,0,1
0.731678,1,rgb_pca,0,1
0.73654246,1,rgb_pca,0,1
0.62858176,1,rgb_pca,0,1
0.679227,1,rgb_pca,0,1
0.68274784,1,rgb_pca,0,1
0.7684252,1,rgb_pca,0,1
0.7552601,1,rgb_pca,0,1
0.7623683,1,rgb_pca,0,1
0.72543097,1,rgb_pca,0,1
0.7604754,1,rgb_pca,0,1
0.6450994,1,rgb_pca,0,1
0.68097764,1,rgb_pca,0,1
0.7183591,1,rgb_pca,0,1
0.7316209,1,rgb_pca,0,1
0.73886687,1,rgb_pca,0,1
0.7338294,1,rgb_pca,0,1
0.7515584,1,rgb_pca,0,1
0.7511238,1,rgb_pca,0,1
0.7940115,1,rgb_pca,0,1
0.66405183,1,rgb_pca,0,1
0.66241205,1,rgb_pca,0,1
0.7144337,1,rgb_pca,0,1
0.7549771,1,rgb_pca,0,1
0.7443486,1,rgb_pca,0,1
0.70620203,1,rgb_pca,0,1
0.7252987,1,rgb_pca,0,1
0.7183217,1,rgb_pca,0,1
0.7298863,1,rgb_pca,0,1
0.76848567,1,rgb_pca,0,1
0.75576484,1,rgb_pca,0,1
0.7994803,1,rgb_pca,0,1
0.765983,1,rgb_pca,0,1
0.72550595,1,rgb_pca,0,1
0.72433686,1,rgb_pca,0,1
0.73254716,1,rgb_pca,0,1
0.7177538,1,rgb_pca,0,1
0.68805236,1,rgb_pca,0,1
0.6964889,1,rgb_pca,0,1
0.6978372,1,rgb_pca,0,1
0.7036398,1,rgb_pca,0,1
0.73214793,1,rgb_pca,0,1
0.7041671,1,rgb_pca,0,1
0.6986859,1,rgb_pca,0,1
0.6722177,1,rgb_pca,0,1
0.7040249,1,rgb_pca,0,1
0.76433283,1,rgb_pca,0,1
0.7570293,1,rgb_pca,0,1
0.79236305,1,rgb_pca,0,1
0.76323134,1,rgb_pca,0,1
0.7533409,1,rgb_pca,0,1
0.7614765,1,rgb_pca,0,1
0.76278514,1,rgb_pca,0,1
0.72803664,1,rgb_pca,0,1
0.68343306,1,rgb_pca,0,1
0.6835135,1,rgb_pca,0,1
0.6785081,1,rgb_pca,0,1
0.6714488,1,rgb_pca,0,1
0.72383404,1,rgb_pca,0,1
0.73266333,1,rgb_pca,0,1
0.7164936,1,rgb_pca,0,1
0.7189071,1,rgb_pca,0,1
0.74311626,1,rgb_pca,0,1
0.7502507,1,rgb_pca,0,1
0.7405422,1,rgb_pca,0,1
0.74960583,1,rgb_pca,0,1
0.7750379,1,rgb_pca,0,1
0.75478035,1,rgb_pca,0,1
0.79961574,1,rgb_pca,0,1
0.7767712,1,rgb_pca,0,1
0.7640962,1,rgb_pca,0,1
0.75333285,1,rgb_pca,0,1
0.7271824,1,rgb_pca,0,1
0.67884576,1,rgb_pca,0,1
0.62011576,1,rgb_pca,0,1
0.6684998,1,rgb_pca,0,1
0.7206438,1,rgb_pca,0,1
0.7207734,1,rgb_pca,0,1
0.71846366,1,rgb_pca,0,1
0.73715055,1,rgb_pca,0,1
0.756991,1,rgb_pca,0,1
0.75741374,1,rgb_pca,0,1
0.77347714,1,rgb_pca,0,1
0.7654791,1,rgb_pca,0,1
0.7714436,1,rgb_pca,0,1
0.749119,1,rgb_pca,0,1
0.7803428,1,rgb_pca,0,1
0.76824003,1,rgb_pca,0,1
0.73736286,1,rgb_pca,0,1
0.74126506,1,rgb_pca,0,1
0.73303604,1,rgb_pca,0,1
0.71363956,1,rgb_pca,0,1
0.65314114,1,rgb_pca,0,1
0.6523819,1,rgb_pca,0,1
0.73872817,1,rgb_pca,0,1
0.7238234,1,rgb_pca,0,1
0.72367096,1,rgb_pca,0,1
0.7250333,1,rgb_pca,0,1
0.72854006,1,rgb_pca,0,1
0.7712237,1,rgb_pca,0,1
0.7848861,1,rgb_pca,0,1
0.7930602,1,rgb_pca,0,1
0.74703753,1,rgb_pca,0,1
0.77560246,1,rgb_pca,0,1
0.7528993,1,rgb_pca,0,1
0.7403288,1,rgb_pca,0,1
0.7452997,1,rgb_pca,0,1
0.75412655,1,rgb_pca,0,1
0.74063104,1,rgb_pca,0,1
0.65497255,1,rgb_pca,0,1
0.7338245,1,rgb_pca,0,1
0.7671716,1,rgb_pca,0,1
0.7774858,1,rgb_pca,0,1
0.79101485,1,rgb_pca,0,1
0.7536175,1,rgb_pca,0,1
0.7685364,1,rgb_pca,0,1
0.7571876,1,rgb_pca,0,1
0.7419785,1,rgb_pca,0,1
0.7497015,1,rgb_pca,0,1
0.74552214,1,rgb_pca,0,1
0.73923934,1,rgb_pca,0,1
0.6913957,1,rgb_pca,0,1
0.7505603,1,rgb_pca,0,1
0.74703324,1,rgb_pca,0,1
0.75691116,1,rgb_pca,0,1
0.74482036,1,rgb_pca,0,1
0.760893,1,rgb_pca,0,1
0.74676645,1,rgb_pca,0,1
0.74257064,1,rgb_pca,0,1
0.73706776,1,rgb_pca,0,1
0.7383408,1,rgb_pca,0,1
0.72876656,1,rgb_pca,0,1
0.6913569,1,rgb_pca,0,1
0.6858283,1,rgb_pca,0,1
0.70422363,1,rgb_pca,0,1
0.7607213,1,rgb_pca,0,1
0.7623743,1,rgb_pca,0,1
0.7297624,1,rgb_pca,0,1
0.7680247,1,rgb_pca,0,1
0.7496602,1,rgb_pca,0,1
0.74390274,1,rgb_pca,0,1
0.7355923,1,rgb_pca,0,1
0.7431226,1,rgb_pca,0,1
0.74268186,1,rgb_pca,0,1
0.7083541,1,rgb_pca,0,1
0.6862253,1,rgb_pca,0,1
0.6610082,1,rgb_pca,0,1
0.71125346,1,rgb_pca,0,1
0.7051818,1,rgb_pca,0,1
0.7582279,1,rgb_pca,0,1
0.7313414,1,rgb_pca,0,1
0.7210179,1,rgb_pca,0,1
0.70571965,1,rgb_pca,0,1
0.7278321,1,rgb_pca,0,1
0.73455364,1,rgb_pca,0,1
0.70814586,1,rgb_pca,0,1
0.6816249,1,rgb_pca,0,1
0.64150536,1,rgb_pca,0,1
0.6233036,1,rgb_pca,0,1
0.72991115,1,rgb_pca,0,1
0.7147422,1,rgb_pca,0,1
0.71431804,1,rgb_pca,0,1
0.71818376,1,rgb_pca,0,1
0.7457018,1,rgb_pca,0,1
0.74357486,1,rgb_pca,0,1
0.6996474,1,rgb_pca,0,1
0.68366027,1,rgb_pca,0,1
0.6637093,1,rgb_pca,0,1
0.7161927,1,rgb_pca,0,1
0.70627475,1,rgb_pca,0,1
0.71680963,1,rgb_pca,0,1
0.67289,1,rgb_pca,0,1
0.73705286,1,rgb_pca,0,1
0.7474221,1,rgb_pca,0,1
0.67331904,1,rgb_pca,0,1
0.7454106,1,rgb_pca,0,1
0.7437875,1,rgb_pca,0,1
0.7520413,1,rgb_pca,0,1
0.7685354,1,rgb_pca,0,1
0.7942543,1,rgb_pca,0,1
0.78198904,1,rgb_pca,0,1
0.7241285,1,rgb_pca,0,1
0.7912416,1,rgb_pca,0,1
0.77337146,1,rgb_pca,0,1
0.7978849,1,rgb_pca,0,1
0.78321815,1,rgb_pca,0,1
0.8054343,1,rgb_pca,0,1
0.7531335,1,rgb_pca,0,1
0.73693883,1,rgb_pca,0,1
0.7453137,1,rgb_pca,0,1
0.7485458,1,rgb_pca,0,1
0.73435545,1,rgb_pca,0,1
0.7509483,1,rgb_pca,0,1
0.76127344,1,rgb_pca,0,1
0.79527706,1,rgb_pca,0,1
0.7958527,1,rgb_pca,0,1
0.76966506,1,rgb_pca,0,1
0.75808007,1,rgb_pca,0,1
0.74361545,1,rgb_pca,0,1
0.72681904,1,rgb_pca,0,1
0.72958153,1,rgb_pca,0,1
0.74378514,1,rgb_pca,0,1
0.75486636,1,rgb_pca,0,1
0.79480433,1,rgb_pca,0,1
0.778671,1,rgb_pca,0,1
0.80364764,1,rgb_pca,0,1
0.7698382,1,rgb_pca,0,1
0.7607554,1,rgb_pca,0,1
0.7554415,1,rgb_pca,0,1
0.7326462,1,rgb_pca,0,1
0.73548186,1,rgb_pca,0,1
0.75472534,1,rgb_pca,0,1
0.76678085,1,rgb_pca,0,1
0.80091727,1,rgb_pca,0,1
0.7758759,1,rgb_pca,0,1
0.7618692,1,rgb_pca,0,1
0.7538364,1,rgb_pca,0,1
0.7520486,1,rgb_pca,0,1
0.73930174,1,rgb_pca,0,1
0.7453711,1,rgb_pca,0,1
0.74705696,1,rgb_pca,0,1
0.7704688,1,rgb_pca,0,1
0.8234496,1,rgb_pca,0,1
0.7999792,1,rgb_pca,0,1
0.7761815,1,rgb_pca,0,1
0.7621295,1,rgb_pca,0,1
0.7297287,1,rgb_pca,0,1
0.8198525,1,rgb_pca,0,1
0.7953211,1,rgb_pca,0,1
0.78691405,1,rgb_pca,0,1
0.7795124,1,rgb_pca,0,1
0.74398506,1,rgb_pca,0,1
0.8230804,1,rgb_pca,0,1
0.8052126,1,rgb_pca,0,1
0.7960814,1,rgb_pca,0,1
0.80275446,1,rgb_pca,0,1
0.76621675,1,rgb_pca,0,1
0.72617376,1,rgb_pca,0,1
0.6575177,1,rgb_pca,0,1
0.8112503,1,rgb_pca,0,1
0.78009415,1,rgb_pca,0,1
0.7683833,1,rgb_pca,0,1
0.7754696,1,rgb_pca,0,1
0.74005604,1,rgb_pca,0,1
0.71816206,1,rgb_pca,0,1
0.65577745,1,rgb_pca,0,1
0.7919576,1,rgb_pca,0,1
0.7720425,1,rgb_pca,0,1
0.7508154,1,rgb_pca,0,1
0.7426518,1,rgb_pca,0,1
0.7268576,1,rgb_pca,0,1
0.7139217,1,rgb_pca,0,1
0.67650366,1,rgb_pca,0,1
0.7971084,1,rgb_pca,0,1
0.7843925,1,rgb_pca,0,1
0.77699924,1,rgb_pca,0,1
0.7569308,1,rgb_pca,0,1
0.72864646,1,rgb_pca,0,1
0.7297789,1,rgb_pca,0,1
0.70860636,1,rgb_pca,0,1
0.80821806,1,rgb_pca,0,1
0.51922536,4,rgb_pca,0,1
0.55334723,4,rgb_pca,0,1
0.549476,4,rgb_pca,0,1
0.50061166,4,rgb_pca,0,1
0.5324956,4,rgb_pca,0,1
0.57043755,4,rgb_pca,0,1
0.5746573,4,rgb_pca,0,1
0.60431576,4,rgb_pca,0,1
0.5143235,4,rgb_pca,0,1
0.47813517,4,rgb_pca,0,1
0.53906095,4,rgb_pca,0,1
0.55934113,4,rgb_pca,0,1
0.55762273,4,rgb_pca,0,1
0.57668877,4,rgb_pca,0,1
0.515942,4,rgb_pca,0,1
0.5070226,4,rgb_pca,0,1
0.56809926,4,rgb_pca,0,1
0.5802322,4,rgb_pca,0,1
0.53906584,4,rgb_pca,0,1
0.5950249,4,rgb_pca,0,1
0.50111926,4,rgb_pca,0,1
0.51526654,4,rgb_pca,0,1
0.5924594,4,rgb_pca,0,1
0.6022169,4,rgb_pca,0,1
0.56513333,4,rgb_pca,0,1
0.6105182,4,rgb_pca,0,1
0.56146777,4,rgb_pca,0,1
0.4936694,4,rgb_pca,0,1
0.5573206,4,rgb_pca,0,1
0.52819693,4,rgb_pca,0,1
0.52804804,4,rgb_pca,0,1
0.59591234,4,rgb_pca,0,1
0.61052245,4,rgb_pca,0,1
0.5951822,4,rgb_pca,0,1
0.6281705,4,rgb_pca,0,1
0.57978535,4,rgb_pca,0,1
0.535725,4,rgb_pca,0,1
0.60536206,4,rgb_pca,0,1
0.52498233,4,rgb_pca,0,1
0.57689905,4,rgb_pca,0,1
0.5334594,4,rgb_pca,0,1
0.5615201,4,rgb_pca,0,1
0.5561347,4,rgb_pca,0,1
0.55376434,4,rgb_pca,0,1
0.55764186,4,rgb_pca,0,1
0.5231304,4,rgb_pca,0,1
0.60405076,4,rgb_pca,0,1
0.5299523,4,rgb_pca,0,1
0.5585648,4,rgb_pca,0,1
0.5287938,4,rgb_pca,0,1
0.55037725,4,rgb_pca,0,1
0.5465115,4,rgb_pca,0,1
0.5482964,4,rgb_pca,0,1
0.5614112,4,rgb_pca,0,1
0.5303806,4,rgb_pca,0,1
0.5919125,4,rgb_pca,0,1
0.5184685,4,rgb_pca,0,1
0.5064582,4,rgb_pca,0,1
0.5884656,4,rgb_pca,0,1
0.59326345,4,rgb_pca,0,1
0.52112556,4,rgb_pca,0,1
0.5397978,4,rgb_pca,0,1
0.51411694,4,rgb_pca,0,1
0.5036983,4,rgb_pca,0,1
0.56917095,4,rgb_pca,0,1
0.5461954,4,rgb_pca,0,1
0.5045097,4,rgb_pca,0,1
0.53693986,4,rgb_pca,0,1
0.5594089,4,rgb_pca,0,1
0.5330822,4,rgb_pca,0,1
0.55663097,4,rgb_pca,0,1
0.5173173,4,rgb_pca,0,1
0.54023194,4,rgb_pca,0,1
0.53168917,4,rgb_pca,0,1
0.52234095,4,rgb_pca,0,1
0.54120255,4,rgb_pca,0,1
0.5707706,4,rgb_pca,0,1
0.6218879,4,rgb_pca,0,1
0.5867269,4,rgb_pca,0,1
0.5944252,4,rgb_pca,0,1
0.6007919,4,rgb_pca,0,1
0.59149396,4,rgb_pca,0,1
0.5808667,4,rgb_pca,0,1
0.6529787,4,rgb_pca,0,1
0.62057346,4,rgb_pca,0,1
0.612898,4,rgb_pca,0,1
0.6060426,4,rgb_pca,0,1
0.6230774,4,rgb_pca,0,1
0.56921077,4,rgb_pca,0,1
0.63531965,4,rgb_pca,0,1
0.61156464,4,rgb_pca,0,1
0.6033616,4,rgb_pca,0,1
0.6242225,4,rgb_pca,0,1
0.6664785,4,rgb_pca,0,1
0.60336214,4,rgb_pca,0,1
0.6380071,4,rgb_pca,0,1
0.5468191,4,rgb_pca,0,1
0.5526806,4,rgb_pca,0,1
0.60291874,4,rgb_pca,0,1
0.6262628,4,rgb_pca,0,1
0.59419245,4,rgb_pca,0,1
0.6395719,4,rgb_pca,0,1
0.6479361,4,rgb_pca,0,1
0.5543256,4,rgb_pca,0,1
0.5817466,4,rgb_pca,0,1
0.5456507,4,rgb_pca,0,1
0.56578326,4,rgb_pca,0,1
0.61251974,4,rgb_pca,0,1
0.61024356,4,rgb_pca,0,1
0.57091796,4,rgb_pca,0,1
0.64839077,4,rgb_pca,0,1
0.6417756,4,rgb_pca,0,1
0.5537816,4,rgb_pca,0,1
0.594563,4,rgb_pca,0,1
0.6041676,4,rgb_pca,0,1
0.6691054,4,rgb_pca,0,1
0.6282716,4,rgb_pca,0,1
0.61555016,4,rgb_pca,0,1
0.6105701,4,rgb_pca,0,1
0.6893307,4,rgb_pca,0,1
0.64598155,4,rgb_pca,0,1
0.5142593,4,rgb_pca,0,1
0.56769216,4,rgb_pca,0,1
0.60069263,4,rgb_pca,0,1
0.6483119,4,rgb_pca,0,1
0.59960043,4,rgb_pca,0,1
0.5891441,4,rgb_pca,0,1
0.6057389,4,rgb_pca,0,1
0.6610049,4,rgb_pca,0,1
0.6179513,4,rgb_pca,0,1
0.5155074,4,rgb_pca,0,1
0.56731343,4,rgb_pca,0,1
0.5463864,4,rgb_pca,0,1
0.56425047,4,rgb_pca,0,1
0.570474,4,rgb_pca,0,1
0.55778205,4,rgb_pca,0,1
0.5563843,4,rgb_pca,0,1
0.58781314,4,rgb_pca,0,1
0.5868841,4,rgb_pca,0,1
0.5062704,4,rgb_pca,0,1
0.5238701,4,rgb_pca,0,1
0.4912508,4,rgb_pca,0,1
0.49387735,4,rgb_pca,0,1
0.516079,4,rgb_pca,0,1
0.52299607,4,rgb_pca,0,1
0.511184,4,rgb_pca,0,1
0.5843468,4,rgb_pca,0,1
0.59581923,4,rgb_pca,0,1
0.45054072,4,rgb_pca,0,1
0.45789796,4,rgb_pca,0,1
0.4880084,4,rgb_pca,0,1
0.5457201,4,rgb_pca,0,1
0.7035757,1,rgb_pca,0,1
0.6752087,1,rgb_pca,0,1
0.6964406,1,rgb_pca,0,1
0.7124518,1,rgb_pca,0,1
0.68472636,1,rgb_pca,0,1
0.7065049,1,rgb_pca,0,1
0.69870156,1,rgb_pca,0,1
0.71674293,1,rgb_pca,0,1
0.718191,1,rgb_pca,0,1
0.68079877,1,rgb_pca,0,1
0.6572775,1,rgb_pca,0,1
0.68007505,1,rgb_pca,0,1
0.6907312,1,rgb_pca,0,1
0.6827253,1,rgb_pca,0,1
0.69935024,1,rgb_pca,0,1
0.70066154,1,rgb_pca,0,1
0.67021006,1,rgb_pca,0,1
0.72830606,1,rgb_pca,0,1
0.6592171,1,rgb_pca,0,1
0.67954004,1,rgb_pca,0,1
0.7089468,1,rgb_pca,0,1
0.66628206,1,rgb_pca,0,1
0.6793523,1,rgb_pca,0,1
0.69904834,1,rgb_pca,0,1
0.6819068,1,rgb_pca,0,1
0.7221276,1,rgb_pca,0,1
0.6006381,1,rgb_pca,0,1
0.65007466,1,rgb_pca,0,1
0.6681449,1,rgb_pca,0,1
0.66322637,1,rgb_pca,0,1
0.68855476,1,rgb_pca,0,1
0.6811663,1,rgb_pca,0,1
0.73576474,1,rgb_pca,0,1
0.72422487,1,rgb_pca,0,1
0.72027767,1,rgb_pca,0,1
0.75831586,1,rgb_pca,0,1
0.64986515,1,rgb_pca,0,1
0.64945734,1,rgb_pca,0,1
0.7003179,1,rgb_pca,0,1
0.6964917,1,rgb_pca,0,1
0.70490235,1,rgb_pca,0,1
0.7459585,1,rgb_pca,0,1
0.77389294,1,rgb_pca,0,1
0.7587179,1,rgb_pca,0,1
0.76438236,1,rgb_pca,0,1
0.806383,1,rgb_pca,0,1
0.6793047,1,rgb_pca,0,1
0.68486947,1,rgb_pca,0,1
0.7375051,1,rgb_pca,0,1
0.7685159,1,rgb_pca,0,1
0.7661174,1,rgb_pca,0,1
0.74396783,1,rgb_pca,0,1
0.7659228,1,rgb_pca,0,1
0.8208598,1,rgb_pca,0,1
0.70010996,1,rgb_pca,0,1
0.7395867,1,rgb_pca,0,1
0.75503707,1,rgb_pca,0,1
0.74941546,1,rgb_pca,0,1
0.7288857,1,rgb_pca,0,1
0.7510044,1,rgb_pca,0,1
0.79418766,1,rgb_pca,0,1
0.7110745,1,rgb_pca,0,1
0.73809975,1,rgb_pca,0,1
0.7599898,1,rgb_pca,0,1
0.74026656,1,rgb_pca,0,1
0.7394819,1,rgb_pca,0,1
0.7698926,1,rgb_pca,0,1
0.7501211,1,rgb_pca,0,1
0.74269783,1,rgb_pca,0,1
0.7245196,1,rgb_pca,0,1
0.7003455,1,rgb_pca,0,1
0.77173436,1,rgb_pca,0,1
0.6797225,1,rgb_pca,0,1
0.6523779,1,rgb_pca,0,1
0.6986821,1,rgb_pca,0,1
0.75712097,1,rgb_pca,0,1
0.71072316,1,rgb_pca,0,1
0.7483007,1,rgb_pca,0,1
0.77072465,1,rgb_pca,0,1
0.7613082,1,rgb_pca,0,1
0.778087,1,rgb_pca,0,1
0.6539879,1,rgb_pca,0,1
0.72139776,1,rgb_pca,0,1
0.7269453,1,rgb_pca,0,1
0.63853145,1,rgb_pca,0,1
0.69250214,1,rgb_pca,0,1
0.7094334,1,rgb_pca,0,1
0.7312432,1,rgb_pca,0,1
0.72886735,1,rgb_pca,0,1
0.7200961,1,rgb_pca,0,1
0.7201127,1,rgb_pca,0,1
0.72481215,1,rgb_pca,0,1
0.65875566,1,rgb_pca,0,1
0.6750443,1,rgb_pca,0,1
0.7296754,1,rgb_pca,0,1
0.7112112,1,rgb_pca,0,1
0.7040573,1,rgb_pca,0,1
0.7180768,1,rgb_pca,0,1
0.7177523,1,rgb_pca,0,1
0.73605967,1,rgb_pca,0,1
0.7411326,1,rgb_pca,0,1
0.6583282,1,rgb_pca,0,1
0.6729137,1,rgb_pca,0,1
0.69308555,1,rgb_pca,0,1
0.7473725,1,rgb_pca,0,1
0.7407293,1,rgb_pca,0,1
0.7192175,1,rgb_pca,0,1
0.7080393,1,rgb_pca,0,1
0.7410412,1,rgb_pca,0,1
0.77802056,1,rgb_pca,0,1
0.7762221,1,rgb_pca,0,1
0.77847785,1,rgb_pca,0,1
0.7773398,1,rgb_pca,0,1
0.721166,1,rgb_pca,0,1
0.6614245,1,rgb_pca,0,1
0.64032286,1,rgb_pca,0,1
0.7150358,1,rgb_pca,0,1
0.7194779,1,rgb_pca,0,1
0.654151,1,rgb_pca,0,1
0.62196684,1,rgb_pca,0,1
0.65401524,1,rgb_pca,0,1
0.6680801,1,rgb_pca,0,1
0.7233242,1,rgb_pca,0,1
0.7256899,1,rgb_pca,0,1
0.7189295,1,rgb_pca,0,1
0.771362,1,rgb_pca,0,1
0.8097889,1,rgb_pca,0,1
0.7737032,1,rgb_pca,0,1
0.75893193,1,rgb_pca,0,1
0.7734151,1,rgb_pca,0,1
0.7282346,1,rgb_pca,0,1
0.68149936,1,rgb_pca,0,1
0.6901814,1,rgb_pca,0,1
0.73794067,1,rgb_pca,0,1
0.71013236,1,rgb_pca,0,1
0.64772034,1,rgb_pca,0,1
0.6319153,1,rgb_pca,0,1
0.65442073,1,rgb_pca,0,1
0.6589818,1,rgb_pca,0,1
0.6893188,1,rgb_pca,0,1
0.7291554,1,rgb_pca,0,1
0.7003389,1,rgb_pca,0,1
0.73882926,1,rgb_pca,0,1
0.72793335,1,rgb_pca,0,1
0.7098901,1,rgb_pca,0,1
0.74731654,1,rgb_pca,0,1
0.77062315,1,rgb_pca,0,1
0.7650029,1,rgb_pca,0,1
0.7531936,1,rgb_pca,0,1
0.76490885,1,rgb_pca,0,1
0.7286841,1,rgb_pca,0,1
0.7342732,1,rgb_pca,0,1
0.71368366,1,rgb_pca,0,1
0.7042986,1,rgb_pca,0,1
0.6851977,1,rgb_pca,0,1
0.69994783,1,rgb_pca,0,1
0.7436242,1,rgb_pca,0,1
0.75590974,1,rgb_pca,0,1
0.72937644,1,rgb_pca,0,1
0.6705609,1,rgb_pca,0,1
0.6983327,1,rgb_pca,0,1
0.7039007,1,rgb_pca,0,1
0.70491004,1,rgb_pca,0,1
0.7233745,1,rgb_pca,0,1
0.75529367,1,rgb_pca,0,1
0.7804233,1,rgb_pca,0,1
0.77007264,1,rgb_pca,0,1
0.7729658,1,rgb_pca,0,1
0.76222324,1,rgb_pca,0,1
0.7478046,1,rgb_pca,0,1
0.7246798,1,rgb_pca,0,1
0.7093673,1,rgb_pca,0,1
0.70638937,1,rgb_pca,0,1
0.72381383,1,rgb_pca,0,1
0.7367472,1,rgb_pca,0,1
0.7552024,1,rgb_pca,0,1
0.7156446,1,rgb_pca,0,1
0.69343126,1,rgb_pca,0,1
0.708297,1,rgb_pca,0,1
0.71211785,1,rgb_pca,0,1
0.7230073,1,rgb_pca,0,1
0.75404334,1,rgb_pca,0,1
0.75970805,1,rgb_pca,0,1
0.7729426,1,rgb_pca,0,1
0.78337425,1,rgb_pca,0,1
0.75895864,1,rgb_pca,0,1
0.73982763,1,rgb_pca,0,1
0.72116673,1,rgb_pca,0,1
0.7208712,1,rgb_pca,0,1
0.73808706,1,rgb_pca,0,1
0.69050264,1,rgb_pca,0,1
0.70341325,1,rgb_pca,0,1
0.6980899,1,rgb_pca,0,1
0.71723,1,rgb_pca,0,1
0.73815393,1,rgb_pca,0,1
0.7461948,1,rgb_pca,0,1
0.7674801,1,rgb_pca,0,1
0.7802837,1,rgb_pca,0,1
0.7650269,1,rgb_pca,0,1
0.7614992,1,rgb_pca,0,1
0.7494404,1,rgb_pca,0,1
0.747887,1,rgb_pca,0,1
0.7072989,1,rgb_pca,0,1
0.69002736,1,rgb_pca,0,1
0.71252275,1,rgb_pca,0,1
0.71953446,1,rgb_pca,0,1
0.7389024,1,rgb_pca,0,1
0.7529596,1,rgb_pca,0,1
0.77583504,1,rgb_pca,0,1
0.76349753,1,rgb_pca,0,1
0.74834794,1,rgb_pca,0,1
0.74839926,1,rgb_pca,0,1
0.74323744,1,rgb_pca,0,1
0.72683775,1,rgb_pca,0,1
0.7010426,1,rgb_pca,0,1
0.7097144,1,rgb_pca,0,1
0.76589394,1,rgb_pca,0,1
0.779777,1,rgb_pca,0,1
0.7566891,1,rgb_pca,0,1
0.7601981,1,rgb_pca,0,1
0.76880085,1,rgb_pca,0,1
0.7542968,1,rgb_pca,0,1
0.7550019,1,rgb_pca,0,1
0.7570225,1,rgb_pca,0,1
0.7413206,1,rgb_pca,0,1
0.73066497,1,rgb_pca,0,1
0.71428204,1,rgb_pca,0,1
0.72989625,1,rgb_pca,0,1
0.7156411,1,rgb_pca,0,1
0.7274424,1,rgb_pca,0,1
0.71230865,1,rgb_pca,0,1
0.7334299,1,rgb_pca,0,1
0.7243693,1,rgb_pca,0,1
0.7407507,1,rgb_pca,0,1
0.7513299,1,rgb_pca,0,1
0.73117155,1,rgb_pca,0,1
0.73724616,1,rgb_pca,0,1
0.73553115,1,rgb_pca,0,1
0.7453027,1,rgb_pca,0,1
0.6825843,1,rgb_pca,0,1
0.70596176,1,rgb_pca,0,1
0.69665384,1,rgb_pca,0,1
0.69635713,1,rgb_pca,0,1
0.7070153,1,rgb_pca,0,1
0.7041746,1,rgb_pca,0,1
0.7368812,1,rgb_pca,0,1
0.7531136,1,rgb_pca,0,1
0.74615085,1,rgb_pca,0,1
0.72324413,1,rgb_pca,0,1
0.68206394,1,rgb_pca,0,1
0.6911566,1,rgb_pca,0,1
0.70726967,1,rgb_pca,0,1
0.6290394,1,rgb_pca,0,1
0.7186214,1,rgb_pca,0,1
0.7285775,1,rgb_pca,0,1
0.6315484,1,rgb_pca,0,1
0.72954494,1,rgb_pca,0,1
0.7423223,1,rgb_pca,0,1
0.63701296,1,rgb_pca,0,1
0.67917323,1,rgb_pca,0,1
0.70887315,1,rgb_pca,0,1
0.7157624,1,rgb_pca,0,1
0.63371193,1,rgb_pca,0,1
0.6553961,1,rgb_pca,0,1
0.682906,1,rgb_pca,0,1
0.70241594,1,rgb_pca,0,1
0.7009743,1,rgb_pca,0,1
0.8059648,1,rgb_pca,0,1
0.7295997,1,rgb_pca,0,1
0.68152905,1,rgb_pca,0,1
0.66113704,1,rgb_pca,0,1
0.7000741,1,rgb_pca,0,1
0.7055698,1,rgb_pca,0,1
0.65768635,1,rgb_pca,0,1
0.6729553,1,rgb_pca,0,1
0.72984296,1,rgb_pca,0,1
0.79028416,1,rgb_pca,0,1
0.7511648,1,rgb_pca,0,1
0.7324158,1,rgb_pca,0,1
0.7077793,1,rgb_pca,0,1
0.72910523,1,rgb_pca,0,1
0.74448645,1,rgb_pca,0,1
0.72226095,1,rgb_pca,0,1
0.72316635,1,rgb_pca,0,1
0.7203146,1,rgb_pca,0,1
0.7183826,1,rgb_pca,0,1
0.81358856,1,rgb_pca,0,1
0.7719612,1,rgb_pca,0,1
0.7509187,1,rgb_pca,0,1
0.7092885,1,rgb_pca,0,1
0.6962751,1,rgb_pca,0,1
0.7382617,1,rgb_pca,0,1
0.74843794,1,rgb_pca,0,1
0.7347066,1,rgb_pca,0,1
0.80808175,1,rgb_pca,0,1
0.7964933,1,rgb_pca,0,1
0.77380955,1,rgb_pca,0,1
0.74328125,1,rgb_pca,0,1
0.72290146,1,rgb_pca,0,1
0.7324586,1,rgb_pca,0,1
0.7335677,1,rgb_pca,0,1
0.70047265,1,rgb_pca,0,1
0.7060614,1,rgb_pca,0,1
0.8167567,1,rgb_pca,0,1
0.7813197,1,rgb_pca,0,1
0.77282333,1,rgb_pca,0,1
0.75594,1,rgb_pca,0,1
0.7279303,1,rgb_pca,0,1
0.8338983,1,rgb_pca,0,1
0.7998127,1,rgb_pca,0,1
0.7925942,1,rgb_pca,0,1
0.8098615,1,rgb_pca,0,1
0.776585,1,rgb_pca,0,1
0.81423604,1,rgb_pca,0,1
0.7921834,1,rgb_pca,0,1
0.7891409,1,rgb_pca,0,1
0.80716264,1,rgb_pca,0,1
0.7890631,1,rgb_pca,0,1
0.75757706,1,rgb_pca,0,1
0.6947868,1,rgb_pca,0,1
0.79997504,1,rgb_pca,0,1
0.7907817,1,rgb_pca,0,1
0.7885319,1,rgb_pca,0,1
0.7809022,1,rgb_pca,0,1
0.781856,1,rgb_pca,0,1
0.7664968,1,rgb_pca,0,1
0.73204327,1,rgb_pca,0,1
0.7808508,1,rgb_pca,0,1
0.79107994,1,rgb_pca,0,1
0.78967834,1,rgb_pca,0,1
0.7748927,1,rgb_pca,0,1
0.7575982,1,rgb_pca,0,1
0.7788746,1,rgb_pca,0,1
0.7476211,1,rgb_pca,0,1
0.7899952,1,rgb_pca,0,1
0.778161,1,rgb_pca,0,1
0.77486795,1,rgb_pca,0,1
0.7379491,1,rgb_pca,0,1
0.7112943,1,rgb_pca,0,1
0.7390921,1,rgb_pca,0,1
0.7112297,1,rgb_pca,0,1
0.81633234,1,rgb_pca,0,1
0.49038127,4,rgb_pca,0,1
0.57225096,4,rgb_pca,0,1
0.5002891,4,rgb_pca,0,1
0.47596827,4,rgb_pca,0,1
0.5122745,4,rgb_pca,0,1
0.5315491,4,rgb_pca,0,1
0.50922716,4,rgb_pca,0,1
0.6048725,4,rgb_pca,0,1
0.41012317,4,rgb_pca,0,1
0.3929286,4,rgb_pca,0,1
0.4661734,4,rgb_pca,0,1
0.4898675,4,rgb_pca,0,1
0.5063668,4,rgb_pca,0,1
0.59831357,4,rgb_pca,0,1
0.40912768,4,rgb_pca,0,1
0.39027843,4,rgb_pca,0,1
0.44172502,4,rgb_pca,0,1
0.45627987,4,rgb_pca,0,1
0.48031753,4,rgb_pca,0,1
0.5798527,4,rgb_pca,0,1
0.42146236,4,rgb_pca,0,1
0.38937443,4,rgb_pca,0,1
0.45693028,4,rgb_pca,0,1
0.48518825,4,rgb_pca,0,1
0.49340636,4,rgb_pca,0,1
0.57850766,4,rgb_pca,0,1
0.5575172,4,rgb_pca,0,1
0.5469843,4,rgb_pca,0,1
0.6014508,4,rgb_pca,0,1
0.4270702,4,rgb_pca,0,1
0.41675466,4,rgb_pca,0,1
0.46766257,4,rgb_pca,0,1
0.537104,4,rgb_pca,0,1
0.53718513,4,rgb_pca,0,1
0.57121545,4,rgb_pca,0,1
0.5387886,4,rgb_pca,0,1
0.53323567,4,rgb_pca,0,1
0.6188022,4,rgb_pca,0,1
0.44233292,4,rgb_pca,0,1
0.46860397,4,rgb_pca,0,1
0.45378304,4,rgb_pca,0,1
0.46852612,4,rgb_pca,0,1
0.514189,4,rgb_pca,0,1
0.57903826,4,rgb_pca,0,1
0.5399261,4,rgb_pca,0,1
0.5172063,4,rgb_pca,0,1
0.56430924,4,rgb_pca,0,1
0.4202774,4,rgb_pca,0,1
0.45517218,4,rgb_pca,0,1
0.46906465,4,rgb_pca,0,1
0.47237495,4,rgb_pca,0,1
0.49436688,4,rgb_pca,0,1
0.55595714,4,rgb_pca,0,1
0.527943,4,rgb_pca,0,1
0.5007136,4,rgb_pca,0,1
0.5445968,4,rgb_pca,0,1
0.42940414,4,rgb_pca,0,1
0.49290237,4,rgb_pca,0,1
0.51670724,4,rgb_pca,0,1
0.5228014,4,rgb_pca,0,1
0.5133664,4,rgb_pca,0,1
0.5808253,4,rgb_pca,0,1
0.5636264,4,rgb_pca,0,1
0.5122963,4,rgb_pca,0,1
0.5322609,4,rgb_pca,0,1
0.45147762,4,rgb_pca,0,1
0.5077803,4,rgb_pca,0,1
0.5232605,4,rgb_pca,0,1
0.5227045,4,rgb_pca,0,1
0.5260165,4,rgb_pca,0,1
0.6375268,4,rgb_pca,0,1
0.6011585,4,rgb_pca,0,1
0.5652989,4,rgb_pca,0,1
0.5794964,4,rgb_pca,0,1
0.54632235,4,rgb_pca,0,1
0.6226887,4,rgb_pca,0,1
0.6271892,4,rgb_pca,0,1
0.6483655,4,rgb_pca,0,1
0.5546199,4,rgb_pca,0,1
0.539814,4,rgb_pca,0,1
0.57676816,4,rgb_pca,0,1
0.64436865,4,rgb_pca,0,1
0.61700517,4,rgb_pca,0,1
0.6416595,4,rgb_pca,0,1
0.53101456,4,rgb_pca,0,1
0.5127922,4,rgb_pca,0,1
0.5292337,4,rgb_pca,0,1
0.6050996,4,rgb_pca,0,1
0.58888716,4,rgb_pca,0,1
0.6350189,4,rgb_pca,0,1
0.4941797,4,rgb_pca,0,1
0.47286457,4,rgb_pca,0,1
0.52162045,4,rgb_pca,0,1
0.5891707,4,rgb_pca,0,1
0.56877273,4,rgb_pca,0,1
0.6183304,4,rgb_pca,0,1
0.42375755,4,rgb_pca,0,1
0.43234274,4,rgb_pca,0,1
0.52813566,4,rgb_pca,0,1
0.5656967,4,rgb_pca,0,1
0.5892625,4,rgb_pca,0,1
0.6368265,4,rgb_pca,0,1
0.62711096,4,rgb_pca,0,1
0.57287,4,rgb_pca,0,1
0.61933994,4,rgb_pca,0,1
0.47165444,4,rgb_pca,0,1
0.4931172,4,rgb_pca,0,1
0.53011453,4,rgb_pca,0,1
0.56121385,4,rgb_pca,0,1
0.57719785,4,rgb_pca,0,1
0.6148475,4,rgb_pca,0,1
0.6516459,4,rgb_pca,0,1
0.58683,4,rgb_pca,0,1
0.61372185,4,rgb_pca,0,1
0.53241664,4,rgb_pca,0,1
0.54855394,4,rgb_pca,0,1
0.49883777,4,rgb_pca,0,1
0.52180356,4,rgb_pca,0,1
0.56704986,4,rgb_pca,0,1
0.6038364,4,rgb_pca,0,1
0.633,4,rgb_pca,0,1
0.5900345,4,rgb_pca,0,1
0.6020792,4,rgb_pca,0,1
0.55411947,4,rgb_pca,0,1
0.54711616,4,rgb_pca,0,1
0.476782,4,rgb_pca,0,1
0.48240602,4,rgb_pca,0,1
0.54360336,4,rgb_pca,0,1
0.6069995,4,rgb_pca,0,1
0.65890217,4,rgb_pca,0,1
0.617552,4,rgb_pca,0,1
0.5903154,4,rgb_pca,0,1
0.5750667,4,rgb_pca,0,1
0.5726028,4,rgb_pca,0,1
0.5761576,4,rgb_pca,0,1
0.6209856,4,rgb_pca,0,1
0.58644915,4,rgb_pca,0,1
0.6336749,4,rgb_pca,0,1
0.6578721,4,rgb_pca,0,1
0.5938851,4,rgb_pca,0,1
0.61442745,4,rgb_pca,0,1
0.56558853,4,rgb_pca,0,1
0.56062806,4,rgb_pca,0,1
0.56848025,4,rgb_pca,0,1
0.5915967,4,rgb_pca,0,1
0.53898656,4,rgb_pca,0,1
0.6208184,4,rgb_pca,0,1
0.6773933,4,rgb_pca,0,1
0.5770092,4,rgb_pca,0,1
0.5755663,4,rgb_pca,0,1
0.56146866,4,rgb_pca,0,1
0.64081585,4,rgb_pca,0,1
0.6846076,1,rgb_pca,0,1
0.67960244,1,rgb_pca,0,1
0.63687253,1,rgb_pca,0,1
0.59140605,1,rgb_pca,0,1
0.6635075,1,rgb_pca,0,1
0.7024696,1,rgb_pca,0,1
0.71251535,1,rgb_pca,0,1
0.7181188,1,rgb_pca,0,1
0.6850543,1,rgb_pca,0,1
0.6031249,1,rgb_pca,0,1
0.5917757,1,rgb_pca,0,1
0.74683726,1,rgb_pca,0,1
0.74454343,1,rgb_pca,0,1
0.7488595,1,rgb_pca,0,1
0.73136806,1,rgb_pca,0,1
0.66411865,1,rgb_pca,0,1
0.6098355,1,rgb_pca,0,1
0.6857295,1,rgb_pca,0,1
0.6635176,1,rgb_pca,0,1
0.6393298,1,rgb_pca,0,1
0.5684799,1,rgb_pca,0,1
0.63432896,1,rgb_pca,0,1
0.6622356,1,rgb_pca,0,1
0.68444085,1,rgb_pca,0,1
0.6817424,1,rgb_pca,0,1
0.6743754,1,rgb_pca,0,1
0.6216917,1,rgb_pca,0,1
0.5759771,1,rgb_pca,0,1
0.73178244,1,rgb_pca,0,1
0.72391784,1,rgb_pca,0,1
0.7149101,1,rgb_pca,0,1
0.7210599,1,rgb_pca,0,1
0.7034998,1,rgb_pca,0,1
0.625642,1,rgb_pca,0,1
0.75153166,3,rgb_pca,0,1
0.7238587,3,rgb_pca,0,1
0.7263907,3,rgb_pca,0,1
0.76902664,3,rgb_pca,0,1
0.75532293,3,rgb_pca,0,1
0.6790317,3,rgb_pca,0,1
0.7142441,3,rgb_pca,0,1
0.7382921,3,rgb_pca,0,1
0.6867872,3,rgb_pca,0,1
0.70741624,3,rgb_pca,0,1
0.75535476,3,rgb_pca,0,1
0.7115637,3,rgb_pca,0,1
0.6625164,3,rgb_pca,0,1
0.7014045,3,rgb_pca,0,1
0.74205005,3,rgb_pca,0,1
0.7398815,3,rgb_pca,0,1
0.69081277,3,rgb_pca,0,1
0.69041944,3,rgb_pca,0,1
0.7034259,3,rgb_pca,0,1
0.7125462,3,rgb_pca,0,1
0.7441638,3,rgb_pca,0,1
0.7813196,3,rgb_pca,0,1
0.7741122,3,rgb_pca,0,1
0.65633214,3,rgb_pca,0,1
0.58454937,3,rgb_pca,0,1
0.57309204,3,rgb_pca,0,1
0.5646275,3,rgb_pca,0,1
0.6141366,3,rgb_pca,0,1
0.6263789,3,rgb_pca,0,1
0.68984616,3,rgb_pca,0,1
0.74223536,3,rgb_pca,0,1
0.77215534,3,rgb_pca,0,1
0.78336346,3,rgb_pca,0,1
0.79642737,3,rgb_pca,0,1
0.69866526,3,rgb_pca,0,1
0.6154417,3,rgb_pca,0,1
0.5732471,3,rgb_pca,0,1
0.5824601,3,rgb_pca,0,1
0.6365484,3,rgb_pca,0,1
0.663123,3,rgb_pca,0,1
0.7311507,3,rgb_pca,0,1
0.77825594,3,rgb_pca,0,1
0.80249757,3,rgb_pca,0,1
0.79370844,3,rgb_pca,0,1
0.8153926,3,rgb_pca,0,1
0.61552435,3,rgb_pca,0,1
0.57791716,3,rgb_pca,0,1
0.63967484,3,rgb_pca,0,1
0.6752855,3,rgb_pca,0,1
0.7221811,3,rgb_pca,0,1
0.76304775,3,rgb_pca,0,1
0.8047277,3,rgb_pca,0,1
0.84270215,3,rgb_pca,0,1
0.8453813,3,rgb_pca,0,1
0.82745636,3,rgb_pca,0,1
0.7865632,3,rgb_pca,0,1
0.53947675,3,rgb_pca,0,1
0.5117653,3,rgb_pca,0,1
0.61917055,3,rgb_pca,0,1
0.6750284,3,rgb_pca,0,1
0.7268934,3,rgb_pca,0,1
0.74749625,3,rgb_pca,0,1
0.7761961,3,rgb_pca,0,1
0.79456717,3,rgb_pca,0,1
0.8062843,3,rgb_pca,0,1
0.79306996,3,rgb_pca,0,1
0.7294146,3,rgb_pca,0,1
0.62991345,3,rgb_pca,0,1
0.61918366,3,rgb_pca,0,1
0.71534693,3,rgb_pca,0,1
0.74695086,3,rgb_pca,0,1
0.7563925,3,rgb_pca,0,1
0.75127995,3,rgb_pca,0,1
0.74414897,3,rgb_pca,0,1
0.7496701,3,rgb_pca,0,1
0.7562456,3,rgb_pca,0,1
0.6813465,3,rgb_pca,0,1
0.65230477,3,rgb_pca,0,1
0.7226905,3,rgb_pca,0,1
0.75041616,3,rgb_pca,0,1
0.75404847,3,rgb_pca,0,1
0.7458277,3,rgb_pca,0,1
0.7372776,3,rgb_pca,0,1
0.7347015,3,rgb_pca,0,1
0.7344234,3,rgb_pca,0,1
0.6638261,3,rgb_pca,0,1
0.68375814,3,rgb_pca,0,1
0.6580453,3,rgb_pca,0,1
0.63787174,3,rgb_pca,0,1
0.688689,3,rgb_pca,0,1
0.68946385,3,rgb_pca,0,1
0.6872959,3,rgb_pca,0,1
0.6866971,3,rgb_pca,0,1
0.7273012,3,rgb_pca,0,1
0.6804625,3,rgb_pca,0,1
0.75120854,3,rgb_pca,0,1
0.75057214,3,rgb_pca,0,1
0.7296978,3,rgb_pca,0,1
0.69503766,3,rgb_pca,0,1
0.7731998,3,rgb_pca,0,1
0.73989916,3,rgb_pca,0,1
0.6809343,3,rgb_pca,0,1
0.6707952,3,rgb_pca,0,1
0.69452405,3,rgb_pca,0,1
0.7021998,3,rgb_pca,0,1
0.6821931,3,rgb_pca,0,1
0.7473795,3,rgb_pca,0,1
0.74343276,3,rgb_pca,0,1
0.6403873,3,rgb_pca,0,1
0.62442607,3,rgb_pca,0,1
0.61139005,3,rgb_pca,0,1
0.67040586,3,rgb_pca,0,1
0.7243991,3,rgb_pca,0,1
0.7440202,3,rgb_pca,0,1
0.7741177,3,rgb_pca,0,1
0.6723978,3,rgb_pca,0,1
0.5681344,3,rgb_pca,0,1
0.55056226,3,rgb_pca,0,1
0.5423001,3,rgb_pca,0,1
0.68110025,3,rgb_pca,0,1
0.7272656,3,rgb_pca,0,1
0.71534085,3,rgb_pca,0,1
0.771332,3,rgb_pca,0,1
0.82508576,3,rgb_pca,0,1
0.6669377,3,rgb_pca,0,1
0.6150029,3,rgb_pca,0,1
0.62527156,3,rgb_pca,0,1
0.60059464,3,rgb_pca,0,1
0.7048675,3,rgb_pca,0,1
0.7371298,3,rgb_pca,0,1
0.7466649,3,rgb_pca,0,1
0.78239876,3,rgb_pca,0,1
0.8129425,3,rgb_pca,0,1
0.73483515,3,rgb_pca,0,1
0.68365586,3,rgb_pca,0,1
0.69969386,3,rgb_pca,0,1
0.7001944,3,rgb_pca,0,1
0.7112689,3,rgb_pca,0,1
0.7360859,3,rgb_pca,0,1
0.76166284,3,rgb_pca,0,1
0.7912514,3,rgb_pca,0,1
0.8138114,3,rgb_pca,0,1
0.7511792,3,rgb_pca,0,1
0.6882887,3,rgb_pca,0,1
0.7075086,3,rgb_pca,0,1
0.6984875,3,rgb_pca,0,1
0.7037344,3,rgb_pca,0,1
0.7043021,3,rgb_pca,0,1
0.73070794,3,rgb_pca,0,1
0.7796633,3,rgb_pca,0,1
0.7606024,3,rgb_pca,0,1
0.8280171,3,rgb_pca,0,1
0.7754657,3,rgb_pca,0,1
0.7585515,3,rgb_pca,0,1
0.73596716,3,rgb_pca,0,1
0.7238964,3,rgb_pca,0,1
0.71217954,3,rgb_pca,0,1
0.68373775,3,rgb_pca,0,1
0.8287087,3,rgb_pca,0,1
0.7791697,3,rgb_pca,0,1
0.75029767,3,rgb_pca,0,1
0.73280084,3,rgb_pca,0,1
0.7213254,3,rgb_pca,0,1
0.69343376,3,rgb_pca,0,1
0.6983642,3,rgb_pca,0,1
0.7973809,3,rgb_pca,0,1
0.74670994,3,rgb_pca,0,1
0.6837952,3,rgb_pca,0,1
0.6648207,3,rgb_pca,0,1
0.8014889,3,rgb_pca,0,1
0.7824703,3,rgb_pca,0,1
0.7350856,3,rgb_pca,0,1
0.7216741,3,rgb_pca,0,1
0.83657324,1,rgb_pca,0,1
0.8596058,1,rgb_pca,0,1
0.8017983,1,rgb_pca,0,1
0.82945776,1,rgb_pca,0,1
0.7993282,1,rgb_pca,0,1
0.8281822,1,rgb_pca,0,1
0.8074444,1,rgb_pca,0,1
0.81666005,1,rgb_pca,0,1
0.8426967,1,rgb_pca,0,1
0.7970636,1,rgb_pca,0,1
0.7810595,1,rgb_pca,0,1
0.811948,1,rgb_pca,0,1
0.82896066,1,rgb_pca,0,1
0.8100782,1,rgb_pca,0,1
0.8055782,1,rgb_pca,0,1
0.80736464,1,rgb_pca,0,1
0.8191978,1,rgb_pca,0,1
0.8242296,1,rgb_pca,0,1
0.8092425,1,rgb_pca,0,1
0.8146394,1,rgb_pca,0,1
0.8261235,1,rgb_pca,0,1
0.8046609,1,rgb_pca,0,1
0.82350516,1,rgb_pca,0,1
0.824921,1,rgb_pca,0,1
0.84205425,1,rgb_pca,0,1
0.8396237,1,rgb_pca,0,1
0.7990351,1,rgb_pca,0,1
0.8136747,1,rgb_pca,0,1
0.807716,1,rgb_pca,0,1
0.8254645,1,rgb_pca,0,1
0.8346697,1,rgb_pca,0,1
0.8346703,1,rgb_pca,0,1
0.82480776,1,rgb_pca,0,1
0.763909,1,rgb_pca,0,1
0.7589544,1,rgb_pca,0,1
0.7644713,1,rgb_pca,0,1
0.7703345,1,rgb_pca,0,1
0.78074133,1,rgb_pca,0,1
0.7790159,1,rgb_pca,0,1
0.8255693,1,rgb_pca,0,1
0.7995236,1,rgb_pca,0,1
0.80088496,1,rgb_pca,0,1
0.780833,1,rgb_pca,0,1
0.8019288,1,rgb_pca,0,1
0.8036866,1,rgb_pca,0,1
0.79162914,1,rgb_pca,0,1
0.82159585,1,rgb_pca,0,1
0.7830719,1,rgb_pca,0,1
0.78906393,1,rgb_pca,0,1
0.76904607,1,rgb_pca,0,1
0.78787845,1,rgb_pca,0,1
0.7955539,1,rgb_pca,0,1
0.78716034,1,rgb_pca,0,1
0.7777329,1,rgb_pca,0,1
0.80559653,1,rgb_pca,0,1
0.7760653,1,rgb_pca,0,1
0.7581222,1,rgb_pca,0,1
0.74381524,1,rgb_pca,0,1
0.7741252,1,rgb_pca,0,1
0.7712023,1,rgb_pca,0,1
0.753133,1,rgb_pca,0,1
0.7753483,1,rgb_pca,0,1
0.7257869,1,rgb_pca,0,1
0.7317922,1,rgb_pca,0,1
0.7615778,1,rgb_pca,0,1
0.75415075,1,rgb_pca,0,1
0.74569464,1,rgb_pca,0,1
0.7365514,1,rgb_pca,0,1
0.7758891,1,rgb_pca,0,1
0.7589676,1,rgb_pca,0,1
0.7238935,1,rgb_pca,0,1
0.74611294,1,rgb_pca,0,1
0.77090406,1,rgb_pca,0,1
0.695483,1,rgb_pca,0,1
0.688386,1,rgb_pca,0,1
0.72798055,1,rgb_pca,0,1
0.72247237,1,rgb_pca,0,1
0.7356057,1,rgb_pca,0,1
0.7177349,1,rgb_pca,0,1
0.7290883,1,rgb_pca,0,1
0.7163983,1,rgb_pca,0,1
0.71845984,1,rgb_pca,0,1
0.7489139,1,rgb_pca,0,1
0.79811203,1,rgb_pca,0,1
0.7228576,1,rgb_pca,0,1
0.72846174,1,rgb_pca,0,1
0.75976676,1,rgb_pca,0,1
0.7758243,1,rgb_pca,0,1
0.77644324,1,rgb_pca,0,1
0.7680697,1,rgb_pca,0,1
0.7770775,1,rgb_pca,0,1
0.7601187,1,rgb_pca,0,1
0.7461642,1,rgb_pca,0,1
0.7711271,1,rgb_pca,0,1
0.7458705,1,rgb_pca,0,1
0.73957956,1,rgb_pca,0,1
0.76043946,1,rgb_pca,0,1
0.7758366,1,rgb_pca,0,1
0.7885307,1,rgb_pca,0,1
0.79164195,1,rgb_pca,0,1
0.7767128,1,rgb_pca,0,1
0.7946781,1,rgb_pca,0,1
0.76620317,1,rgb_pca,0,1
0.75825113,1,rgb_pca,0,1
0.7696706,1,rgb_pca,0,1
0.73315275,1,rgb_pca,0,1
0.7296771,1,rgb_pca,0,1
0.7615764,1,rgb_pca,0,1
0.76767933,1,rgb_pca,0,1
0.77378196,1,rgb_pca,0,1
0.7603369,1,rgb_pca,0,1
0.7475092,1,rgb_pca,0,1
0.7702535,1,rgb_pca,0,1
0.7520404,1,rgb_pca,0,1
0.7733971,1,rgb_pca,0,1
0.74863416,1,rgb_pca,0,1
0.71228766,1,rgb_pca,0,1
0.7068291,1,rgb_pca,0,1
0.73673105,1,rgb_pca,0,1
0.7299269,1,rgb_pca,0,1
0.73404574,1,rgb_pca,0,1
0.70846295,1,rgb_pca,0,1
0.7055863,1,rgb_pca,0,1
0.72591203,1,rgb_pca,0,1
0.732575,1,rgb_pca,0,1
0.8161646,1,rgb_pca,0,1
0.76584536,1,rgb_pca,0,1
0.7399035,1,rgb_pca,0,1
0.7668012,1,rgb_pca,0,1
0.8235233,1,rgb_pca,0,1
0.7782744,1,rgb_pca,0,1
0.7237686,1,rgb_pca,0,1
0.7753405,1,rgb_pca,0,1
0.7847934,1,rgb_pca,0,1
0.81445324,1,rgb_pca,0,1
0.7634582,1,rgb_pca,0,1
0.71747667,1,rgb_pca,0,1
0.75952446,1,rgb_pca,0,1
0.7850857,1,rgb_pca,0,1
0.80738866,1,rgb_pca,0,1
0.76654553,1,rgb_pca,0,1
0.69901603,1,rgb_pca,0,1
0.73733705,1,rgb_pca,0,1
0.7632169,1,rgb_pca,0,1
0.7780931,1,rgb_pca,0,1
0.8118865,1,rgb_pca,0,1
0.780159,1,rgb_pca,0,1
0.7297159,1,rgb_pca,0,1
0.73437047,1,rgb_pca,0,1
0.7685509,1,rgb_pca,0,1
0.7699246,1,rgb_pca,0,1
0.7757096,1,rgb_pca,0,1
0.8249656,1,rgb_pca,0,1
0.78324777,1,rgb_pca,0,1
0.73328316,1,rgb_pca,0,1
0.72629964,1,rgb_pca,0,1
0.7635396,1,rgb_pca,0,1
0.7659255,1,rgb_pca,0,1
0.78022254,1,rgb_pca,0,1
0.8318153,1,rgb_pca,0,1
0.80567896,1,rgb_pca,0,1
0.7326247,1,rgb_pca,0,1
0.73278564,1,rgb_pca,0,1
0.7681855,1,rgb_pca,0,1
0.7681627,1,rgb_pca,0,1
0.8243177,1,rgb_pca,0,1
0.7838024,1,rgb_pca,0,1
0.73076534,1,rgb_pca,0,1
0.7323941,1,rgb_pca,0,1
0.78073364,1,rgb_pca,0,1
0.76488006,1,rgb_pca,0,1
0.83957404,1,rgb_pca,0,1
0.80394214,1,rgb_pca,0,1
0.76427764,1,rgb_pca,0,1
0.7601589,1,rgb_pca,0,1
0.7924534,1,rgb_pca,0,1
0.81727123,1,rgb_pca,0,1
0.7999429,1,rgb_pca,0,1
0.7728501,1,rgb_pca,0,1
0.7549468,1,rgb_pca,0,1
0.8113226,1,rgb_pca,0,1
0.7784668,1,rgb_pca,0,1
0.7364889,1,rgb_pca,0,1
0.7193978,1,rgb_pca,0,1
0.67997384,1,rgb_pca,0,1
0.6849988,1,rgb_pca,0,1
0.6793169,1,rgb_pca,0,1
0.6581101,1,rgb_pca,0,1
0.7370403,1,rgb_pca,0,1
0.6015548,1,rgb_pca,0,1
0.6397952,1,rgb_pca,0,1
0.6608228,1,rgb_pca,0,1
0.6935662,1,rgb_pca,0,1
0.6437684,1,rgb_pca,0,1
0.60049784,1,rgb_pca,0,1
0.6039051,1,rgb_pca,0,1
0.65445125,1,rgb_pca,0,1
0.67095804,1,rgb_pca,0,1
0.70451325,1,rgb_pca,0,1
0.69717306,1,rgb_pca,0,1
0.6252314,1,rgb_pca,0,1
0.62555677,1,rgb_pca,0,1
0.66789174,1,rgb_pca,0,1
0.66544044,1,rgb_pca,0,1
0.62294734,1,rgb_pca,0,1
0.6255325,1,rgb_pca,0,1
0.6691922,1,rgb_pca,0,1
0.64764345,1,rgb_pca,0,1
0.6229402,1,rgb_pca,0,1
0.6416458,1,rgb_pca,0,1
0.6574316,1,rgb_pca,0,1
0.67858976,1,rgb_pca,0,1
0.6461501,1,rgb_pca,0,1
0.5782852,1,rgb_pca,0,1
0.57045317,1,rgb_pca,0,1
0.6499026,1,rgb_pca,0,1
0.67432445,1,rgb_pca,0,1
0.67768335,1,rgb_pca,0,1
0.6815162,1,rgb_pca,0,1
0.67344666,1,rgb_pca,0,1
0.6753925,1,rgb_pca,0,1
0.6633836,1,rgb_pca,0,1
0.6370472,1,rgb_pca,0,1
0.6147511,1,rgb_pca,0,1
0.64745235,1,rgb_pca,0,1
0.66101074,1,rgb_pca,0,1
0.68881184,1,rgb_pca,0,1
0.6817138,1,rgb_pca,0,1
0.68656325,1,rgb_pca,0,1
0.68176734,1,rgb_pca,0,1
0.65428144,1,rgb_pca,0,1
0.6883856,1,rgb_pca,0,1
0.69143,1,rgb_pca,0,1
0.69358927,1,rgb_pca,0,1
0.6859492,1,rgb_pca,0,1
0.6749698,1,rgb_pca,0,1
0.6364592,1,rgb_pca,0,1
0.67781204,1,rgb_pca,0,1
0.69485855,1,rgb_pca,0,1
0.70086926,1,rgb_pca,0,1
0.692133,1,rgb_pca,0,1
0.64228565,1,rgb_pca,0,1
0.6339911,1,rgb_pca,0,1
0.6718718,1,rgb_pca,0,1
0.6789069,1,rgb_pca,0,1
0.67650723,1,rgb_pca,0,1
0.6445093,1,rgb_pca,0,1
0.6720502,1,rgb_pca,0,1
0.6713805,1,rgb_pca,0,1
0.6969111,1,rgb_pca,0,1
0.7004012,1,rgb_pca,0,1
0.5977107,1,rgb_pca,0,1
0.65341073,1,rgb_pca,0,1
0.66000366,1,rgb_pca,0,1
0.6833477,1,rgb_pca,0,1
0.7198174,1,rgb_pca,0,1
0.6514493,1,rgb_pca,0,1
0.66767234,1,rgb_pca,0,1
0.7047676,1,rgb_pca,0,1
0.6658623,1,rgb_pca,0,1
0.67159915,1,rgb_pca,0,1
0.7192205,1,rgb_pca,0,1
0.6958489,1,rgb_pca,0,1
0.6759455,1,rgb_pca,0,1
0.7094038,1,rgb_pca,0,1
0.713702,1,rgb_pca,0,1
0.7275376,1,rgb_pca,0,1
0.7511149,1,rgb_pca,0,1
0.73999304,1,rgb_pca,0,1
0.70252407,1,rgb_pca,0,1
0.6948273,1,rgb_pca,0,1
0.71556246,1,rgb_pca,0,1
0.7194462,1,rgb_pca,0,1
0.69241637,1,rgb_pca,0,1
0.67542636,1,rgb_pca,0,1
0.67019534,1,rgb_pca,0,1
0.681598,1,rgb_pca,0,1
0.66659164,1,rgb_pca,0,1
0.6621492,1,rgb_pca,0,1
0.657235,1,rgb_pca,0,1
0.6619325,1,rgb_pca,0,1
0.65500855,1,rgb_pca,0,1
0.65960324,1,rgb_pca,0,1
0.6375952,1,rgb_pca,0,1
0.6310563,1,rgb_pca,0,1
0.66464376,1,rgb_pca,0,1
0.6594877,1,rgb_pca,0,1
0.67123353,1,rgb_pca,0,1
0.6539761,1,rgb_pca,0,1
0.6456515,1,rgb_pca,0,1
0.6339656,1,rgb_pca,0,1
0.66780573,1,rgb_pca,0,1
0.6491632,1,rgb_pca,0,1
0.6272794,1,rgb_pca,0,1
0.6571988,1,rgb_pca,0,1
0.6787424,1,rgb_pca,0,1
0.70159423,1,rgb_pca,0,1
0.65804935,1,rgb_pca,0,1
0.64611936,1,rgb_pca,0,1
0.624848,1,rgb_pca,0,1
0.67691123,1,rgb_pca,0,1
0.68202215,1,rgb_pca,0,1
0.6630019,1,rgb_pca,0,1
0.6577696,1,rgb_pca,0,1
0.71844053,1,rgb_pca,0,1
0.693856,1,rgb_pca,0,1
0.6562816,1,rgb_pca,0,1
0.6404701,1,rgb_pca,0,1
0.66241616,1,rgb_pca,0,1
0.68213105,1,rgb_pca,0,1
0.6509297,1,rgb_pca,0,1
0.6996396,1,rgb_pca,0,1
0.63078725,1,rgb_pca,0,1
0.63290954,1,rgb_pca,0,1
0.6191808,1,rgb_pca,0,1
0.6697384,1,rgb_pca,0,1
0.71694183,1,rgb_pca,0,1
0.6300162,1,rgb_pca,0,1
0.6396427,1,rgb_pca,0,1
0.62149894,1,rgb_pca,0,1
0.64916354,1,rgb_pca,0,1
0.6596534,1,rgb_pca,0,1
0.715647,3,rgb_pca,0,1
0.68682647,3,rgb_pca,0,1
0.69992626,3,rgb_pca,0,1
0.73362285,3,rgb_pca,0,1
0.694987,3,rgb_pca,0,1
0.69724023,3,rgb_pca,0,1
0.76616204,3,rgb_pca,0,1
0.74845195,3,rgb_pca,0,1
0.6504148,3,rgb_pca,0,1
0.62202716,3,rgb_pca,0,1
0.6688458,3,rgb_pca,0,1
0.6489537,3,rgb_pca,0,1
0.6264987,3,rgb_pca,0,1
0.7261965,3,rgb_pca,0,1
0.77838194,3,rgb_pca,0,1
0.72077173,3,rgb_pca,0,1
0.6400112,3,rgb_pca,0,1
0.5689783,3,rgb_pca,0,1
0.5790582,3,rgb_pca,0,1
0.6295091,3,rgb_pca,0,1
0.6662076,3,rgb_pca,0,1
0.75776994,3,rgb_pca,0,1
0.79685986,3,rgb_pca,0,1
0.7059163,3,rgb_pca,0,1
0.65012634,3,rgb_pca,0,1
0.57210994,3,rgb_pca,0,1
0.5374371,3,rgb_pca,0,1
0.53608894,3,rgb_pca,0,1
0.5426837,3,rgb_pca,0,1
0.6194751,3,rgb_pca,0,1
0.6479106,3,rgb_pca,0,1
0.6803227,3,rgb_pca,0,1
0.70338106,3,rgb_pca,0,1
0.77018285,3,rgb_pca,0,1
0.7525086,3,rgb_pca,0,1
0.6617876,3,rgb_pca,0,1
0.60035336,3,rgb_pca,0,1
0.60438323,3,rgb_pca,0,1
0.60123265,3,rgb_pca,0,1
0.60097885,3,rgb_pca,0,1
0.6786737,3,rgb_pca,0,1
0.7026876,3,rgb_pca,0,1
0.7421031,3,rgb_pca,0,1
0.72487783,3,rgb_pca,0,1
0.7865588,3,rgb_pca,0,1
0.6831088,3,rgb_pca,0,1
0.60458004,3,rgb_pca,0,1
0.6075517,3,rgb_pca,0,1
0.6264186,3,rgb_pca,0,1
0.68793213,3,rgb_pca,0,1
0.71015525,3,rgb_pca,0,1
0.7309959,3,rgb_pca,0,1
0.73694587,3,rgb_pca,0,1
0.7511848,3,rgb_pca,0,1
0.76231116,3,rgb_pca,0,1
0.79221094,3,rgb_pca,0,1
0.640102,3,rgb_pca,0,1
0.5587343,3,rgb_pca,0,1
0.5810858,3,rgb_pca,0,1
0.5951394,3,rgb_pca,0,1
0.65867424,3,rgb_pca,0,1
0.68449175,3,rgb_pca,0,1
0.68055534,3,rgb_pca,0,1
0.6852093,3,rgb_pca,0,1
0.7191044,3,rgb_pca,0,1
0.7266644,3,rgb_pca,0,1
0.70989,3,rgb_pca,0,1
0.68969625,3,rgb_pca,0,1
0.6601382,3,rgb_pca,0,1
0.6948161,3,rgb_pca,0,1
0.710577,3,rgb_pca,0,1
0.73388624,3,rgb_pca,0,1
0.73709285,3,rgb_pca,0,1
0.7408097,3,rgb_pca,0,1
0.7526909,3,rgb_pca,0,1
0.70153224,3,rgb_pca,0,1
0.73088545,3,rgb_pca,0,1
0.68576276,3,rgb_pca,0,1
0.72221375,3,rgb_pca,0,1
0.7127262,3,rgb_pca,0,1
0.7143953,3,rgb_pca,0,1
0.7221705,3,rgb_pca,0,1
0.73622364,3,rgb_pca,0,1
0.74428713,3,rgb_pca,0,1
0.7060589,3,rgb_pca,0,1
0.72380155,3,rgb_pca,0,1
0.72993755,3,rgb_pca,0,1
0.70579827,3,rgb_pca,0,1
0.6931454,3,rgb_pca,0,1
0.77885044,3,rgb_pca,0,1
0.8030963,3,rgb_pca,0,1
0.7883141,3,rgb_pca,0,1
0.77678716,3,rgb_pca,0,1
0.74923515,3,rgb_pca,0,1
0.7190747,3,rgb_pca,0,1
0.8006182,3,rgb_pca,0,1
0.800344,3,rgb_pca,0,1
0.7940707,3,rgb_pca,0,1
0.7689335,3,rgb_pca,0,1
0.79372185,3,rgb_pca,0,1
0.73827237,3,rgb_pca,0,1
0.7095181,3,rgb_pca,0,1
0.72395086,3,rgb_pca,0,1
0.7679392,3,rgb_pca,0,1
0.7797472,3,rgb_pca,0,1
0.73010623,3,rgb_pca,0,1
0.764097,3,rgb_pca,0,1
0.73832154,3,rgb_pca,0,1
0.69698924,3,rgb_pca,0,1
0.6931788,3,rgb_pca,0,1
0.6993276,3,rgb_pca,0,1
0.7458596,3,rgb_pca,0,1
0.7586354,3,rgb_pca,0,1
0.7895906,3,rgb_pca,0,1
0.8015862,3,rgb_pca,0,1
0.6973535,3,rgb_pca,0,1
0.63360214,3,rgb_pca,0,1
0.630982,3,rgb_pca,0,1
0.65640557,3,rgb_pca,0,1
0.7024374,3,rgb_pca,0,1
0.69902205,3,rgb_pca,0,1
0.71826977,3,rgb_pca,0,1
0.7388497,3,rgb_pca,0,1
0.807284,3,rgb_pca,0,1
0.707216,3,rgb_pca,0,1
0.68831277,3,rgb_pca,0,1
0.67988974,3,rgb_pca,0,1
0.68233156,3,rgb_pca,0,1
0.730671,3,rgb_pca,0,1
0.73823404,3,rgb_pca,0,1
0.7763409,3,rgb_pca,0,1
0.76159596,3,rgb_pca,0,1
0.8206258,3,rgb_pca,0,1
0.7578895,3,rgb_pca,0,1
0.72950625,3,rgb_pca,0,1
0.73254216,3,rgb_pca,0,1
0.7592495,3,rgb_pca,0,1
0.77637655,3,rgb_pca,0,1
0.7741291,3,rgb_pca,0,1
0.7942775,3,rgb_pca,0,1
0.7974059,3,rgb_pca,0,1
0.7979941,3,rgb_pca,0,1
0.7643666,3,rgb_pca,0,1
0.70754755,3,rgb_pca,0,1
0.7194997,3,rgb_pca,0,1
0.73546624,3,rgb_pca,0,1
0.7537035,3,rgb_pca,0,1
0.7532271,3,rgb_pca,0,1
0.7919502,3,rgb_pca,0,1
0.77747977,3,rgb_pca,0,1
0.7123015,3,rgb_pca,0,1
0.81723505,3,rgb_pca,0,1
0.76250565,3,rgb_pca,0,1
0.76010084,3,rgb_pca,0,1
0.75295556,3,rgb_pca,0,1
0.73905265,3,rgb_pca,0,1
0.73941016,3,rgb_pca,0,1
0.7567757,3,rgb_pca,0,1
0.81830966,3,rgb_pca,0,1
0.7639054,3,rgb_pca,0,1
0.7445122,3,rgb_pca,0,1
0.73693687,3,rgb_pca,0,1
0.7394581,3,rgb_pca,0,1
0.7513726,3,rgb_pca,0,1
0.7482299,3,rgb_pca,0,1
0.8342689,3,rgb_pca,0,1
0.79366684,3,rgb_pca,0,1
0.73900545,3,rgb_pca,0,1
0.71030647,3,rgb_pca,0,1
0.8267572,3,rgb_pca,0,1
0.8168497,3,rgb_pca,0,1
0.7880647,3,rgb_pca,0,1
0.7687928,3,rgb_pca,0,1
0.81684357,1,rgb_pca,0,1
0.8220856,1,rgb_pca,0,1
0.752447,1,rgb_pca,0,1
0.8039645,1,rgb_pca,0,1
0.7671159,1,rgb_pca,0,1
0.8070673,1,rgb_pca,0,1
0.7359466,1,rgb_pca,0,1
0.76679975,1,rgb_pca,0,1
0.7999296,1,rgb_pca,0,1
0.7556831,1,rgb_pca,0,1
0.7393776,1,rgb_pca,0,1
0.75434595,1,rgb_pca,0,1
0.78971195,1,rgb_pca,0,1
0.772681,1,rgb_pca,0,1
0.77368665,1,rgb_pca,0,1
0.7808978,1,rgb_pca,0,1
0.7794194,1,rgb_pca,0,1
0.78387284,1,rgb_pca,0,1
0.7536298,1,rgb_pca,0,1
0.76513565,1,rgb_pca,0,1
0.76455915,1,rgb_pca,0,1
0.7829065,1,rgb_pca,0,1
0.80152595,1,rgb_pca,0,1
0.78630334,1,rgb_pca,0,1
0.7549534,1,rgb_pca,0,1
0.7718222,1,rgb_pca,0,1
0.80044955,1,rgb_pca,0,1
0.8049202,1,rgb_pca,0,1
0.8060403,1,rgb_pca,0,1
0.777452,1,rgb_pca,0,1
0.78863156,1,rgb_pca,0,1
0.77490485,1,rgb_pca,0,1
0.7439643,1,rgb_pca,0,1
0.7308104,1,rgb_pca,0,1
0.72606474,1,rgb_pca,0,1
0.73969525,1,rgb_pca,0,1
0.74607956,1,rgb_pca,0,1
0.7891079,1,rgb_pca,0,1
0.78320855,1,rgb_pca,0,1
0.71448636,1,rgb_pca,0,1
0.7421371,1,rgb_pca,0,1
0.75812316,1,rgb_pca,0,1
0.74878454,1,rgb_pca,0,1
0.7784761,1,rgb_pca,0,1
0.7883042,1,rgb_pca,0,1
0.74490976,1,rgb_pca,0,1
0.73428833,1,rgb_pca,0,1
0.74879813,1,rgb_pca,0,1
0.77444375,1,rgb_pca,0,1
0.77978003,1,rgb_pca,0,1
0.8027706,1,rgb_pca,0,1
0.7921095,1,rgb_pca,0,1
0.76648504,1,rgb_pca,0,1
0.74443394,1,rgb_pca,0,1
0.7405508,1,rgb_pca,0,1
0.7405567,1,rgb_pca,0,1
0.7784145,1,rgb_pca,0,1
0.80351704,1,rgb_pca,0,1
0.8362684,1,rgb_pca,0,1
0.80214155,1,rgb_pca,0,1
0.7712946,1,rgb_pca,0,1
0.7815021,1,rgb_pca,0,1
0.6999389,1,rgb_pca,0,1
0.691745,1,rgb_pca,0,1
0.7206372,1,rgb_pca,0,1
0.7124684,1,rgb_pca,0,1
0.74141693,1,rgb_pca,0,1
0.7646982,1,rgb_pca,0,1
0.80196214,1,rgb_pca,0,1
0.7923831,1,rgb_pca,0,1
0.7785013,1,rgb_pca,0,1
0.76805663,1,rgb_pca,0,1
0.761958,1,rgb_pca,0,1
0.64572406,1,rgb_pca,0,1
0.65929174,1,rgb_pca,0,1
0.68023086,1,rgb_pca,0,1
0.699002,1,rgb_pca,0,1
0.7273537,1,rgb_pca,0,1
0.73232734,1,rgb_pca,0,1
0.7380465,1,rgb_pca,0,1
0.74862856,1,rgb_pca,0,1
0.75907886,1,rgb_pca,0,1
0.7608074,1,rgb_pca,0,1
0.7653476,1,rgb_pca,0,1
0.70190614,1,rgb_pca,0,1
0.68983626,1,rgb_pca,0,1
0.72907764,1,rgb_pca,0,1
0.7442232,1,rgb_pca,0,1
0.7551406,1,rgb_pca,0,1
0.7596234,1,rgb_pca,0,1
0.77795935,1,rgb_pca,0,1
0.7652466,1,rgb_pca,0,1
0.7647308,1,rgb_pca,0,1
0.7873931,1,rgb_pca,0,1
0.72109866,1,rgb_pca,0,1
0.7436105,1,rgb_pca,0,1
0.7301473,1,rgb_pca,0,1
0.69657874,1,rgb_pca,0,1
0.72173584,1,rgb_pca,0,1
0.74302167,1,rgb_pca,0,1
0.74849725,1,rgb_pca,0,1
0.7563431,1,rgb_pca,0,1
0.7527316,1,rgb_pca,0,1
0.74453527,1,rgb_pca,0,1
0.76721257,1,rgb_pca,0,1
0.7154186,1,rgb_pca,0,1
0.7404474,1,rgb_pca,0,1
0.71722174,1,rgb_pca,0,1
0.67974186,1,rgb_pca,0,1
0.70005584,1,rgb_pca,0,1
0.7386426,1,rgb_pca,0,1
0.7541046,1,rgb_pca,0,1
0.75568855,1,rgb_pca,0,1
0.7369389,1,rgb_pca,0,1
0.7409263,1,rgb_pca,0,1
0.68889654,1,rgb_pca,0,1
0.74267215,1,rgb_pca,0,1
0.7651007,1,rgb_pca,0,1
0.78622127,1,rgb_pca,0,1
0.7668175,1,rgb_pca,0,1
0.66602314,1,rgb_pca,0,1
0.698468,1,rgb_pca,0,1
0.73319936,1,rgb_pca,0,1
0.78260744,1,rgb_pca,0,1
0.76018953,1,rgb_pca,0,1
0.82802,1,rgb_pca,0,1
0.7747103,1,rgb_pca,0,1
0.7500311,1,rgb_pca,0,1
0.78360367,1,rgb_pca,0,1
0.7960838,1,rgb_pca,0,1
0.7505467,1,rgb_pca,0,1
0.7243079,1,rgb_pca,0,1
0.7477362,1,rgb_pca,0,1
0.73094964,1,rgb_pca,0,1
0.7733586,1,rgb_pca,0,1
0.7501595,1,rgb_pca,0,1
0.7478709,1,rgb_pca,0,1
0.7412663,1,rgb_pca,0,1
0.72601223,1,rgb_pca,0,1
0.7776513,1,rgb_pca,0,1
0.76169676,1,rgb_pca,0,1
0.74116814,1,rgb_pca,0,1
0.7507194,1,rgb_pca,0,1
0.7507322,1,rgb_pca,0,1
0.75840014,1,rgb_pca,0,1
0.7823498,1,rgb_pca,0,1
0.7566401,1,rgb_pca,0,1
0.7420982,1,rgb_pca,0,1
0.727704,1,rgb_pca,0,1
0.7382849,1,rgb_pca,0,1
0.76018775,1,rgb_pca,0,1
0.7295369,1,rgb_pca,0,1
0.7918804,1,rgb_pca,0,1
0.7704215,1,rgb_pca,0,1
0.74816334,1,rgb_pca,0,1
0.71136904,1,rgb_pca,0,1
0.72696686,1,rgb_pca,0,1
0.73824155,1,rgb_pca,0,1
0.75804514,1,rgb_pca,0,1
0.80901,1,rgb_pca,0,1
0.7951392,1,rgb_pca,0,1
0.76375675,1,rgb_pca,0,1
0.7373879,1,rgb_pca,0,1
0.75298315,1,rgb_pca,0,1
0.7599466,1,rgb_pca,0,1
0.7801661,1,rgb_pca,0,1
0.7423816,1,rgb_pca,0,1
0.75690633,1,rgb_pca,0,1
0.7178879,1,rgb_pca,0,1
0.72881925,1,rgb_pca,0,1
0.74248433,1,rgb_pca,0,1
0.76061225,1,rgb_pca,0,1
0.70819473,1,rgb_pca,0,1
0.7011623,1,rgb_pca,0,1
0.6868057,1,rgb_pca,0,1
0.7298386,1,rgb_pca,0,1
0.77513117,1,rgb_pca,0,1
0.7133266,1,rgb_pca,0,1
0.67936647,1,rgb_pca,0,1
0.6870748,1,rgb_pca,0,1
0.7602117,1,rgb_pca,0,1
0.7115205,1,rgb_pca,0,1
0.6832706,1,rgb_pca,0,1
0.7040318,1,rgb_pca,0,1
0.7039032,1,rgb_pca,0,1
0.6722924,1,rgb_pca,0,1
0.69517446,1,rgb_pca,0,1
0.76313883,1,rgb_pca,0,1
0.78123856,1,rgb_pca,0,1
0.76409876,1,rgb_pca,0,1
0.76254267,1,rgb_pca,0,1
0.7245184,1,rgb_pca,0,1
0.6820062,1,rgb_pca,0,1
0.6594804,1,rgb_pca,0,1
0.6233021,1,rgb_pca,0,1
0.66130227,1,rgb_pca,0,1
0.72329086,1,rgb_pca,0,1
0.7328116,1,rgb_pca,0,1
0.7288553,1,rgb_pca,0,1
0.7478391,1,rgb_pca,0,1
0.73458934,1,rgb_pca,0,1
0.7054102,1,rgb_pca,0,1
0.67393696,1,rgb_pca,0,1
0.6780436,1,rgb_pca,0,1
0.69931686,1,rgb_pca,0,1
0.70585835,1,rgb_pca,0,1
0.70709085,1,rgb_pca,0,1
0.71566063,1,rgb_pca,0,1
0.7102765,1,rgb_pca,0,1
0.7102901,1,rgb_pca,0,1
0.70385885,1,rgb_pca,0,1
0.6863967,1,rgb_pca,0,1
0.6598282,1,rgb_pca,0,1
0.651649,1,rgb_pca,0,1
0.6640931,1,rgb_pca,0,1
0.6938357,1,rgb_pca,0,1
0.6929128,1,rgb_pca,0,1
0.7192161,1,rgb_pca,0,1
0.7104928,1,rgb_pca,0,1
0.70662534,1,rgb_pca,0,1
0.7190894,1,rgb_pca,0,1
0.7050369,1,rgb_pca,0,1
0.6981909,1,rgb_pca,0,1
0.6945471,1,rgb_pca,0,1
0.66314876,1,rgb_pca,0,1
0.6745404,1,rgb_pca,0,1
0.6887214,1,rgb_pca,0,1
0.7125764,1,rgb_pca,0,1
0.7038399,1,rgb_pca,0,1
0.6814769,1,rgb_pca,0,1
0.6894108,1,rgb_pca,0,1
0.69291866,1,rgb_pca,0,1
0.7211114,1,rgb_pca,0,1
0.69466424,1,rgb_pca,0,1
0.70226085,1,rgb_pca,0,1
0.6977074,1,rgb_pca,0,1
0.74303377,1,rgb_pca,0,1
0.7617258,1,rgb_pca,0,1
0.75621825,1,rgb_pca,0,1
0.76750743,1,rgb_pca,0,1
0.7550657,1,rgb_pca,0,1
0.7657349,1,rgb_pca,0,1
0.7535238,1,rgb_pca,0,1
0.69786227,1,rgb_pca,0,1
0.66739655,1,rgb_pca,0,1
0.71277916,1,rgb_pca,0,1
0.7382069,1,rgb_pca,0,1
0.7383394,1,rgb_pca,0,1
0.7286495,1,rgb_pca,0,1
0.7126907,1,rgb_pca,0,1
0.73215973,1,rgb_pca,0,1
0.7426022,1,rgb_pca,0,1
0.7060424,1,rgb_pca,0,1
0.68835545,1,rgb_pca,0,1
0.673921,1,rgb_pca,0,1
0.668286,1,rgb_pca,0,1
0.658236,1,rgb_pca,0,1
0.6858363,1,rgb_pca,0,1
0.667354,1,rgb_pca,0,1
0.67198145,1,rgb_pca,0,1
0.6783236,1,rgb_pca,0,1
0.67882144,1,rgb_pca,0,1
0.6981408,1,rgb_pca,0,1
0.6743655,1,rgb_pca,0,1
0.63352823,1,rgb_pca,0,1
0.58309245,1,rgb_pca,0,1
0.6029667,1,rgb_pca,0,1
0.6592878,1,rgb_pca,0,1
0.6557172,1,rgb_pca,0,1
0.6623889,1,rgb_pca,0,1
0.68827903,1,rgb_pca,0,1
0.6635159,1,rgb_pca,0,1
0.69803405,1,rgb_pca,0,1
0.6730163,1,rgb_pca,0,1
0.65281737,1,rgb_pca,0,1
0.67523444,1,rgb_pca,0,1
0.6420262,1,rgb_pca,0,1
0.6306231,1,rgb_pca,0,1
0.6696877,1,rgb_pca,0,1
0.663479,1,rgb_pca,0,1
0.6713817,1,rgb_pca,0,1
0.6125588,1,rgb_pca,0,1
0.6300978,1,rgb_pca,0,1
0.67571276,1,rgb_pca,0,1
0.6628201,1,rgb_pca,0,1
0.66637677,1,rgb_pca,0,1
0.6272102,1,rgb_pca,0,1
0.6462484,1,rgb_pca,0,1
0.75823605,1,rgb_pca,0,1
0.75123787,1,rgb_pca,0,1
0.7769378,1,rgb_pca,0,1
0.7610204,1,rgb_pca,0,1
0.7475866,1,rgb_pca,0,1
0.78241134,1,rgb_pca,0,1
0.792978,1,rgb_pca,0,1
0.75853795,1,rgb_pca,0,1
0.7534439,1,rgb_pca,0,1
0.7919551,1,rgb_pca,0,1
0.73484397,1,rgb_pca,0,1
0.7177817,1,rgb_pca,0,1
0.7685801,1,rgb_pca,0,1
0.734288,1,rgb_pca,0,1
0.7356058,1,rgb_pca,0,1
0.76069903,1,rgb_pca,0,1
0.7512065,1,rgb_pca,0,1
0.7347649,1,rgb_pca,0,1
0.8011966,1,rgb_pca,0,1
0.7507156,1,rgb_pca,0,1
0.7776834,1,rgb_pca,0,1
0.7840478,1,rgb_pca,0,1
0.7595296,1,rgb_pca,0,1
0.75926006,1,rgb_pca,0,1
0.74305475,1,rgb_pca,0,1
0.72085845,1,rgb_pca,0,1
0.72661704,1,rgb_pca,0,1
0.75812054,1,rgb_pca,0,1
0.6988127,1,rgb_pca,0,1
0.76746964,1,rgb_pca,0,1
0.7621063,1,rgb_pca,0,1
0.7111999,1,rgb_pca,0,1
0.7590616,1,rgb_pca,0,1
0.7550836,1,rgb_pca,0,1
0.68748885,1,rgb_pca,0,1
0.7377753,1,rgb_pca,0,1
0.7527267,1,rgb_pca,0,1
0.7021662,1,rgb_pca,0,1
0.749951,1,rgb_pca,0,1
0.75305325,1,rgb_pca,0,1
0.6982848,1,rgb_pca,0,1
0.7385825,1,rgb_pca,0,1
0.75676525,1,rgb_pca,0,1
0.6968019,1,rgb_pca,0,1
0.72008294,1,rgb_pca,0,1
0.74418545,1,rgb_pca,0,1
0.7028707,1,rgb_pca,0,1
0.7407453,1,rgb_pca,0,1
0.7424773,1,rgb_pca,0,1
0.7031422,1,rgb_pca,0,1
0.73025936,1,rgb_pca,0,1
0.71092594,1,rgb_pca,0,1
0.67651546,1,rgb_pca,0,1
0.71220315,1,rgb_pca,0,1
0.74359894,1,rgb_pca,0,1
0.75078374,1,rgb_pca,0,1
0.7741648,1,rgb_pca,0,1
0.7700503,1,rgb_pca,0,1
0.745962,1,rgb_pca,0,1
0.7617614,1,rgb_pca,0,1
0.78719395,1,rgb_pca,0,1
0.7687188,1,rgb_pca,0,1
0.78510445,1,rgb_pca,0,1
0.8073269,1,rgb_pca,0,1
0.7873416,1,rgb_pca,0,1
0.7866638,1,rgb_pca,0,1
0.82595927,1,rgb_pca,0,1
0.7922927,1,rgb_pca,0,1
0.793159,1,rgb_pca,0,1
0.8165152,1,rgb_pca,0,1
0.77322376,1,rgb_pca,0,1
0.77407575,1,rgb_pca,0,1
0.8422981,1,rgb_pca,0,1
0.79126406,1,rgb_pca,0,1
0.80975634,1,rgb_pca,0,1
0.79227114,1,rgb_pca,0,1
0.7830325,1,rgb_pca,0,1
0.7725094,1,rgb_pca,0,1
0.7179545,1,rgb_pca,0,1
0.6844796,1,rgb_pca,0,1
0.70489514,1,rgb_pca,0,1
0.7165191,1,rgb_pca,0,1
0.7320759,1,rgb_pca,0,1
0.76958394,1,rgb_pca,0,1
0.75742424,1,rgb_pca,0,1
0.7234074,1,rgb_pca,0,1
0.7207464,1,rgb_pca,0,1
0.75222814,1,rgb_pca,0,1
0.71702623,1,rgb_pca,0,1
0.71877795,1,rgb_pca,0,1
0.7674116,1,rgb_pca,0,1
0.7640286,1,rgb_pca,0,1
0.77623326,1,rgb_pca,0,1
0.76955175,1,rgb_pca,0,1
0.7532865,1,rgb_pca,0,1
0.7507893,1,rgb_pca,0,1
0.7450551,1,rgb_pca,0,1
0.7543694,1,rgb_pca,0,1
0.7690862,1,rgb_pca,0,1
0.7726258,1,rgb_pca,0,1
0.7625896,1,rgb_pca,0,1
0.7881899,1,rgb_pca,0,1
0.762465,1,rgb_pca,0,1
0.76211673,1,rgb_pca,0,1
0.73698246,1,rgb_pca,0,1
0.7237308,1,rgb_pca,0,1
0.7156367,1,rgb_pca,0,1
0.72940373,1,rgb_pca,0,1
0.6012871,6,rgb_sar,0,2
0.562067,6,rgb_sar,0,2
0.6010136,6,rgb_sar,0,2
0.64554656,6,rgb_sar,0,2
0.69771314,6,rgb_sar,0,2
0.14695154,6,rgb_sar,0,2
0.14383125,6,rgb_sar,0,2
0.21123984,6,rgb_sar,0,2
0.19006386,6,rgb_sar,0,2
0.34274575,6,rgb_sar,0,2
0.13643412,6,rgb_sar,0,2
0.08211939,6,rgb_sar,0,2
0.034797817,6,rgb_sar,0,2
0.050608702,6,rgb_sar,0,2
0.05643624,6,rgb_sar,0,2
0.2274743,6,rgb_sar,0,2
0.15692088,6,rgb_sar,0,2
0.11414051,6,rgb_sar,0,2
0.1105903,6,rgb_sar,0,2
0.08452779,6,rgb_sar,0,2
0.04742772,6,rgb_sar,0,2
0.17764513,6,rgb_sar,0,2
0.19179429,6,rgb_sar,0,2
0.14423963,6,rgb_sar,0,2
0.17123446,6,rgb_sar,0,2
0.20066936,6,rgb_sar,0,2
0.1055087,6,rgb_sar,0,2
0.24179009,6,rgb_sar,0,2
0.06882497,6,rgb_sar,0,2
0.08855591,6,rgb_sar,0,2
0.07791591,6,rgb_sar,0,2
0.0790834,6,rgb_sar,0,2
0.12583499,6,rgb_sar,0,2
0.14935166,6,rgb_sar,0,2
0.2697875,6,rgb_sar,0,2
0.061682053,6,rgb_sar,0,2
0.090319164,6,rgb_sar,0,2
0.13258179,6,rgb_sar,0,2
0.15288948,6,rgb_sar,0,2
0.121045716,6,rgb_sar,0,2
0.25196266,6,rgb_sar,0,2
0.15140605,6,rgb_sar,0,2
0.16197369,6,rgb_sar,0,2
0.22697212,6,rgb_sar,0,2
0.26785284,6,rgb_sar,0,2
0.19790702,6,rgb_sar,0,2
0.2972088,6,rgb_sar,0,2
0.12818967,6,rgb_sar,0,2
0.11609363,6,rgb_sar,0,2
0.123706765,6,rgb_sar,0,2
0.16425501,6,rgb_sar,0,2
0.10019782,6,rgb_sar,0,2
0.21733283,6,rgb_sar,0,2
0.0981168,6,rgb_sar,0,2
0.11426624,6,rgb_sar,0,2
0.1186304,6,rgb_sar,0,2
0.10189368,6,rgb_sar,0,2
0.2535351,6,rgb_sar,0,2
0.04050929,6,rgb_sar,0,2
0.14647728,6,rgb_sar,0,2
0.13394976,6,rgb_sar,0,2
0.16150005,6,rgb_sar,0,2
0.1308924,6,rgb_sar,0,2
0.2716784,6,rgb_sar,0,2
0.21555656,6,rgb_sar,0,2
0.15003183,6,rgb_sar,0,2
0.15904708,6,rgb_sar,0,2
0.12795824,6,rgb_sar,0,2
0.2878625,6,rgb_sar,0,2
0.20138955,6,rgb_sar,0,2
0.1736801,6,rgb_sar,0,2
0.16401254,6,rgb_sar,0,2
0.12852949,6,rgb_sar,0,2
0.30257905,6,rgb_sar,0,2
0.13671124,2,rgb_sar,0,2
0.11437847,2,rgb_sar,0,2
0.0953033,2,rgb_sar,0,2
0.10160338,2,rgb_sar,0,2
-0.03793152,2,rgb_sar,0,2
0.004081186,2,rgb_sar,0,2
0.07655608,2,rgb_sar,0,2
-0.07131026,2,rgb_sar,0,2
0.154671,2,rgb_sar,0,2
0.10148519,2,rgb_sar,0,2
0.07999423,2,rgb_sar,0,2
0.084142506,2,rgb_sar,0,2
0.11223784,2,rgb_sar,0,2
0.020082831,2,rgb_sar,0,2
-0.0691669,2,rgb_sar,0,2
0.038333252,2,rgb_sar,0,2
0.09109255,2,rgb_sar,0,2
0.09288634,2,rgb_sar,0,2
0.01311098,2,rgb_sar,0,2
0.029900122,2,rgb_sar,0,2
0.26147246,2,rgb_sar,0,2
0.14089358,2,rgb_sar,0,2
-0.018586578,2,rgb_sar,0,2
-0.057196625,2,rgb_sar,0,2
-0.046932526,2,rgb_sar,0,2
0.14583293,2,rgb_sar,0,2
0.18764634,2,rgb_sar,0,2
0.6201631,6,rgb_sar,0,2
0.644913,6,rgb_sar,0,2
0.6533234,6,rgb_sar,0,2
0.64221305,6,rgb_sar,0,2
0.6290845,6,rgb_sar,0,2
0.6290648,6,rgb_sar,0,2
0.595412,6,rgb_sar,0,2
0.18150565,6,rgb_sar,0,2
0.17088735,6,rgb_sar,0,2
0.18736276,6,rgb_sar,0,2
0.16079868,6,rgb_sar,0,2
0.1973234,6,rgb_sar,0,2
0.23213802,6,rgb_sar,0,2
0.1962522,6,rgb_sar,0,2
0.070662245,6,rgb_sar,0,2
0.054990605,6,rgb_sar,0,2
0.07696991,6,rgb_sar,0,2
0.08467983,6,rgb_sar,0,2
0.0634423,6,rgb_sar,0,2
0.101453304,6,rgb_sar,0,2
0.13485342,6,rgb_sar,0,2
0.09051907,6,rgb_sar,0,2
0.1272963,6,rgb_sar,0,2
0.09858984,6,rgb_sar,0,2
0.08350384,6,rgb_sar,0,2
0.038736228,6,rgb_sar,0,2
0.0848108,6,rgb_sar,0,2
0.07898831,6,rgb_sar,0,2
0.2118609,6,rgb_sar,0,2
0.21454588,6,rgb_sar,0,2
0.17997743,6,rgb_sar,0,2
0.16772637,6,rgb_sar,0,2
0.10180404,6,rgb_sar,0,2
0.18115602,6,rgb_sar,0,2
0.18312064,6,rgb_sar,0,2
0.20364407,6,rgb_sar,0,2
0.100733146,6,rgb_sar,0,2
0.0716629,6,rgb_sar,0,2
0.067748174,6,rgb_sar,0,2
0.04762885,6,rgb_sar,0,2
0.09141177,6,rgb_sar,0,2
0.07040785,6,rgb_sar,0,2
0.09206124,6,rgb_sar,0,2
0.1295169,6,rgb_sar,0,2
0.11758681,6,rgb_sar,0,2
0.068466,6,rgb_sar,0,2
0.09254844,6,rgb_sar,0,2
0.102379866,6,rgb_sar,0,2
0.11902803,6,rgb_sar,0,2
0.10361281,6,rgb_sar,0,2
0.10262519,6,rgb_sar,0,2
0.14488447,6,rgb_sar,0,2
0.15353319,6,rgb_sar,0,2
0.14456731,6,rgb_sar,0,2
0.15881182,6,rgb_sar,0,2
0.19704711,6,rgb_sar,0,2
0.17687784,6,rgb_sar,0,2
0.18259986,6,rgb_sar,0,2
0.19313341,6,rgb_sar,0,2
0.19100386,6,rgb_sar,0,2
0.16965508,6,rgb_sar,0,2
0.13820565,6,rgb_sar,0,2
0.094371155,6,rgb_sar,0,2
0.12384064,6,rgb_sar,0,2
0.14699495,6,rgb_sar,0,2
0.102415085,6,rgb_sar,0,2
0.121173516,6,rgb_sar,0,2
0.12171222,6,rgb_sar,0,2
0.13635135,6,rgb_sar,0,2
0.08683498,6,rgb_sar,0,2
0.10358643,6,rgb_sar,0,2
0.108017,6,rgb_sar,0,2
0.10619469,6,rgb_sar,0,2
0.08918716,6,rgb_sar,0,2
0.123140104,6,rgb_sar,0,2
0.13385376,6,rgb_sar,0,2
0.14189768,6,rgb_sar,0,2
0.13696362,6,rgb_sar,0,2
0.12633324,6,rgb_sar,0,2
0.15414026,6,rgb_sar,0,2
0.16214192,6,rgb_sar,0,2
0.020097524,6,rgb_sar,0,2
0.06720067,6,rgb_sar,0,2
0.13656625,6,rgb_sar,0,2
0.16546442,6,rgb_sar,0,2
0.23839049,6,rgb_sar,0,2
0.2371466,6,rgb_sar,0,2
0.1895057,6,rgb_sar,0,2
0.17865899,6,rgb_sar,0,2
0.16500428,6,rgb_sar,0,2
0.11005794,6,rgb_sar,0,2
0.21722372,6,rgb_sar,0,2
0.13328427,6,rgb_sar,0,2
0.21542008,6,rgb_sar,0,2
0.21836129,6,rgb_sar,0,2
0.17271724,6,rgb_sar,0,2
0.12610435,6,rgb_sar,0,2
0.13767254,6,rgb_sar,0,2
0.14835177,6,rgb_sar,0,2
0.091198266,6,rgb_sar,0,2
0.1739792,6,rgb_sar,0,2
0.14402361,6,rgb_sar,0,2
0.23004149,6,rgb_sar,0,2
0.20001368,6,rgb_sar,0,2
0.15933868,6,rgb_sar,0,2
0.15783733,6,rgb_sar,0,2
0.16144575,6,rgb_sar,0,2
0.16457595,6,rgb_sar,0,2
0.1525604,6,rgb_sar,0,2
0.12475177,2,rgb_sar,0,2
0.122897476,2,rgb_sar,0,2
0.0576283,2,rgb_sar,0,2
0.08604917,2,rgb_sar,0,2
0.0010217801,2,rgb_sar,0,2
0.03651981,2,rgb_sar,0,2
0.08515826,2,rgb_sar,0,2
-0.06982473,2,rgb_sar,0,2
0.10903538,2,rgb_sar,0,2
0.0991981,2,rgb_sar,0,2
0.07384755,2,rgb_sar,0,2
0.07691005,2,rgb_sar,0,2
0.13031386,2,rgb_sar,0,2
0.083441734,2,rgb_sar,0,2
0.04767352,2,rgb_sar,0,2
0.078589395,2,rgb_sar,0,2
0.06927122,2,rgb_sar,0,2
0.07023148,2,rgb_sar,0,2
0.033825114,2,rgb_sar,0,2
0.027637685,2,rgb_sar,0,2
0.13516149,2,rgb_sar,0,2
0.04041063,2,rgb_sar,0,2
-0.023321662,2,rgb_sar,0,2
-0.025086276,2,rgb_sar,0,2
-0.011363279,2,rgb_sar,0,2
0.083435364,2,rgb_sar,0,2
0.07015945,2,rgb_sar,0,2
0.6086543,6,rgb_sar,0,2
0.59750086,6,rgb_sar,0,2
0.24190716,6,rgb_sar,0,2
0.24107727,6,rgb_sar,0,2
0.21350282,6,rgb_sar,0,2
0.22851506,6,rgb_sar,0,2
0.27428,6,rgb_sar,0,2
0.17297381,6,rgb_sar,0,2
0.23930794,6,rgb_sar,0,2
0.11812092,6,rgb_sar,0,2
0.20326537,6,rgb_sar,0,2
0.11173427,6,rgb_sar,0,2
0.13158739,6,rgb_sar,0,2
0.30204427,6,rgb_sar,0,2
0.205637,6,rgb_sar,0,2
0.23473865,6,rgb_sar,0,2
0.2586763,6,rgb_sar,0,2
0.21156663,6,rgb_sar,0,2
0.16533239,6,rgb_sar,0,2
0.24055056,6,rgb_sar,0,2
0.20636487,6,rgb_sar,0,2
0.1808143,6,rgb_sar,0,2
0.13645694,6,rgb_sar,0,2
0.23952802,6,rgb_sar,0,2
0.24352738,6,rgb_sar,0,2
0.2478115,6,rgb_sar,0,2
0.1895732,6,rgb_sar,0,2
0.22841501,6,rgb_sar,0,2
0.21908557,6,rgb_sar,0,2
0.21190012,6,rgb_sar,0,2
0.15335011,6,rgb_sar,0,2
0.20379141,6,rgb_sar,0,2
0.20757064,6,rgb_sar,0,2
0.1864638,6,rgb_sar,0,2
0.15344584,6,rgb_sar,0,2
0.030133657,2,rgb_sar,0,2
-0.0029917583,2,rgb_sar,0,2
0.06503808,2,rgb_sar,0,2
0.04405696,2,rgb_sar,0,2
-0.038647354,2,rgb_sar,0,2
-0.073785976,2,rgb_sar,0,2
0.048668463,2,rgb_sar,0,2
-0.014576044,2,rgb_sar,0,2
0.07107197,2,rgb_sar,0,2
0.025421018,2,rgb_sar,0,2
0.092155784,2,rgb_sar,0,2
0.06477542,2,rgb_sar,0,2
0.11757833,2,rgb_sar,0,2
0.022357434,2,rgb_sar,0,2
0.009747025,2,rgb_sar,0,2
0.028299712,2,rgb_sar,0,2
0.04179501,2,rgb_sar,0,2
0.06734893,2,rgb_sar,0,2
-0.0029958189,2,rgb_sar,0,2
-0.0017093197,2,rgb_sar,0,2
0.16773343,2,rgb_sar,0,2
0.0867109,2,rgb_sar,0,2
-0.050931986,2,rgb_sar,0,2
-0.098490775,2,rgb_sar,0,2
-0.10356672,2,rgb_sar,0,2
0.066801004,2,rgb_sar,0,2
0.10008343,2,rgb_sar,0,2
0.09070994,2,rgb_sar,0,2
0.09192796,2,rgb_sar,0,2
0.028914947,2,rgb_sar,0,2
0.057277292,2,rgb_sar,0,2
-0.024541486,2,rgb_sar,0,2
-0.03143169,2,rgb_sar,0,2
0.042319663,2,rgb_sar,0,2
-0.051747575,2,rgb_sar,0,2
0.05366631,2,rgb_sar,0,2
0.05872423,2,rgb_sar,0,2
0.107345134,2,rgb_sar,0,2
0.10096784,2,rgb_sar,0,2
0.060862772,2,rgb_sar,0,2
0.039948836,2,rgb_sar,0,2
-0.02096823,2,rgb_sar,0,2
0.06973151,2,rgb_sar,0,2
0.038674805,2,rgb_sar,0,2
0.037591692,2,rgb_sar,0,2
-0.0022360235,2,rgb_sar,0,2
0.021642972,2,rgb_sar,0,2
0.11547105,2,rgb_sar,0,2
0.0981086,2,rgb_sar,0,2
-0.004547797,2,rgb_sar,0,2
-0.032687165,2,rgb_sar,0,2
0.0027245954,2,rgb_sar,0,2
0.052597284,2,rgb_sar,0,2
0.10513626,2,rgb_sar,0,2
0.23850583,2,rgb_sar,0,2
0.039695203,2,rgb_sar,0,2
0.26155043,2,rgb_sar,0,2
-0.030538553,2,rgb_sar,0,2
0.03712051,2,rgb_sar,0,2
0.032195304,2,rgb_sar,0,2
0.024531707,2,rgb_sar,0,2
0.055377644,2,rgb_sar,0,2
0.08534062,2,rgb_sar,0,2
0.10794656,2,rgb_sar,0,2
0.16733037,2,rgb_sar,0,2
0.13169336,2,rgb_sar,0,2
0.12376401,2,rgb_sar,0,2
0.08563661,2,rgb_sar,0,2
0.09615286,2,rgb_sar,0,2
0.08341716,2,rgb_sar,0,2
0.09952098,2,rgb_sar,0,2
0.11370986,2,rgb_sar,0,2
0.081797436,2,rgb_sar,0,2
0.1276458,2,rgb_sar,0,2
0.096456245,2,rgb_sar,0,2
0.112801805,2,rgb_sar,0,2
0.0850771,2,rgb_sar,0,2
0.0603631,2,rgb_sar,0,2
0.15975761,2,rgb_sar,0,2
0.17409995,2,rgb_sar,0,2
0.0988279,2,rgb_sar,0,2
0.06695236,2,rgb_sar,0,2
0.0910199,2,rgb_sar,0,2
0.1626787,2,rgb_sar,0,2
0.10269626,2,rgb_sar,0,2
0.18475567,2,rgb_sar,0,2
0.10081502,2,rgb_sar,0,2
0.07559579,2,rgb_sar,0,2
0.10865836,2,rgb_sar,0,2
0.0761663,2,rgb_sar,0,2
0.06618751,2,rgb_sar,0,2
0.151755,2,rgb_sar,0,2
0.12676054,2,rgb_sar,0,2
0.1453683,2,rgb_sar,0,2
0.01209945,2,rgb_sar,0,2
0.18549234,2,rgb_sar,0,2
0.13413838,2,rgb_sar,0,2
0.087764695,2,rgb_sar,0,2
0.08771826,2,rgb_sar,0,2
0.09512452,2,rgb_sar,0,2
0.1303578,2,rgb_sar,0,2
0.13014798,2,rgb_sar,0,2
0.094646685,2,rgb_sar,0,2
0.16164386,2,rgb_sar,0,2
0.11075252,2,rgb_sar,0,2
0.07498139,2,rgb_sar,0,2
0.11949674,2,rgb_sar,0,2
0.067846075,2,rgb_sar,0,2
0.11600426,2,rgb_sar,0,2
0.12011224,2,rgb_sar,0,2
0.061765604,2,rgb_sar,0,2
0.08937667,2,rgb_sar,0,2
0.04881879,2,rgb_sar,0,2
0.060820233,2,rgb_sar,0,2
0.088069744,2,rgb_sar,0,2
0.07809159,2,rgb_sar,0,2
0.074001625,2,rgb_sar,0,2
0.103388,2,rgb_sar,0,2
0.070630625,2,rgb_sar,0,2
0.09821257,2,rgb_sar,0,2
0.0936675,2,rgb_sar,0,2
0.08155571,2,rgb_sar,0,2
0.085965075,2,rgb_sar,0,2
0.11863838,2,rgb_sar,0,2
0.08857509,2,rgb_sar,0,2
0.07766429,2,rgb_sar,0,2
0.014128335,2,rgb_sar,0,2
0.016096309,2,rgb_sar,0,2
0.03029561,2,rgb_sar,0,2
-0.00018237531,2,rgb_sar,0,2
-0.050266817,2,rgb_sar,0,2
-0.012823756,2,rgb_sar,0,2
0.040128425,2,rgb_sar,0,2
0.09702313,2,rgb_sar,0,2
0.15053928,2,rgb_sar,0,2
0.1712903,2,rgb_sar,0,2
0.1298227,2,rgb_sar,0,2
0.12984374,2,rgb_sar,0,2
0.10246486,2,rgb_sar,0,2
0.070706494,2,rgb_sar,0,2
0.15323496,2,rgb_sar,0,2
0.1632244,2,rgb_sar,0,2
0.04277072,2,rgb_sar,0,2
-0.010710463,2,rgb_sar,0,2
-0.036041044,2,rgb_sar,0,2
0.068661205,2,rgb_sar,0,2
0.11215018,2,rgb_sar,0,2
0.20273446,2,rgb_sar,0,2
0.23090018,2,rgb_sar,0,2
0.19176213,2,rgb_sar,0,2
0.15172885,2,rgb_sar,0,2
0.06783522,2,rgb_sar,0,2
0.09872082,2,rgb_sar,0,2
0.16973841,2,rgb_sar,0,2
0.21887727,2,rgb_sar,0,2
0.046097722,2,rgb_sar,0,2
0.00665332,2,rgb_sar,0,2
0.009622872,2,rgb_sar,0,2
0.03110323,2,rgb_sar,0,2
0.09033999,2,rgb_sar,0,2
0.10983495,2,rgb_sar,0,2
0.13649935,2,rgb_sar,0,2
0.12428654,2,rgb_sar,0,2
0.1489691,2,rgb_sar,0,2
0.124068126,2,rgb_sar,0,2
0.1336622,2,rgb_sar,0,2
0.11461949,2,rgb_sar,0,2
0.14145431,2,rgb_sar,0,2
0.055170156,2,rgb_sar,0,2
0.14203718,2,rgb_sar,0,2
0.17027526,2,rgb_sar,0,2
0.11167176,2,rgb_sar,0,2
0.18122783,2,rgb_sar,0,2
0.20666419,2,rgb_sar,0,2
0.2020859,2,rgb_sar,0,2
0.24567126,2,rgb_sar,0,2
0.26445377,2,rgb_sar,0,2
0.2514062,2,rgb_sar,0,2
0.309352,2,rgb_sar,0,2
0.2832942,2,rgb_sar,0,2
0.3068079,2,rgb_sar,0,2
0.24755308,2,rgb_sar,0,2
0.22073948,2,rgb_sar,0,2
0.13441396,2,rgb_sar,0,2
0.16876382,2,rgb_sar,0,2
0.25457248,2,rgb_sar,0,2
0.27749777,2,rgb_sar,0,2
0.34538624,2,rgb_sar,0,2
0.3244814,2,rgb_sar,0,2
0.2673145,2,rgb_sar,0,2
-0.014469836,2,rgb_sar,0,2
0.015388563,2,rgb_sar,0,2
0.0433653,2,rgb_sar,0,2
0.058413457,2,rgb_sar,0,2
0.1472638,2,rgb_sar,0,2
0.04340522,2,rgb_sar,0,2
0.13738929,2,rgb_sar,0,2
0.16524686,2,rgb_sar,0,2
0.1540885,2,rgb_sar,0,2
0.10070054,2,rgb_sar,0,2
0.09383589,2,rgb_sar,0,2
0.16551113,2,rgb_sar,0,2
0.0109039815,2,rgb_sar,0,2
0.08295363,2,rgb_sar,0,2
0.12347284,2,rgb_sar,0,2
0.14934209,2,rgb_sar,0,2
0.06669518,2,rgb_sar,0,2
0.06486127,2,rgb_sar,0,2
0.13093194,2,rgb_sar,0,2
0.14720592,2,rgb_sar,0,2
0.14853463,2,rgb_sar,0,2
0.047391977,2,rgb_sar,0,2
0.08243221,2,rgb_sar,0,2
0.112540394,2,rgb_sar,0,2
0.08351821,2,rgb_sar,0,2
0.14582254,2,rgb_sar,0,2
0.17118461,2,rgb_sar,0,2
0.13135707,2,rgb_sar,0,2
0.116840154,2,rgb_sar,0,2
0.10345329,2,rgb_sar,0,2
0.12499772,2,rgb_sar,0,2
0.11851731,2,rgb_sar,0,2
0.09574293,2,rgb_sar,0,2
0.10466244,2,rgb_sar,0,2
0.03282063,2,rgb_sar,0,2
0.08287068,2,rgb_sar,0,2
0.070350684,2,rgb_sar,0,2
0.0912983,2,rgb_sar,0,2
0.15759534,2,rgb_sar,0,2
0.24810322,2,rgb_sar,0,2
0.19468251,2,rgb_sar,0,2
0.105389975,2,rgb_sar,0,2
0.1023194,2,rgb_sar,0,2
0.09799572,2,rgb_sar,0,2
0.083507836,2,rgb_sar,0,2
0.08002875,2,rgb_sar,0,2
0.10337555,2,rgb_sar,0,2
0.19846007,2,rgb_sar,0,2
0.19711748,2,rgb_sar,0,2
0.073166065,2,rgb_sar,0,2
0.025677564,2,rgb_sar,0,2
0.07667149,2,rgb_sar,0,2
0.043119613,2,rgb_sar,0,2
0.1176344,2,rgb_sar,0,2
0.06072712,2,rgb_sar,0,2
0.13959633,2,rgb_sar,0,2
0.18244615,2,rgb_sar,0,2
0.12120809,2,rgb_sar,0,2
0.016710911,2,rgb_sar,0,2
0.092272654,2,rgb_sar,0,2
0.07923428,2,rgb_sar,0,2
0.1290865,2,rgb_sar,0,2
0.14892194,2,rgb_sar,0,2
0.07110526,2,rgb_sar,0,2
0.11380885,2,rgb_sar,0,2
0.083536334,2,rgb_sar,0,2
0.056082904,2,rgb_sar,0,2
0.026373994,2,rgb_sar,0,2
0.07403998,2,rgb_sar,0,2
0.024227062,2,rgb_sar,0,2
-0.021772588,2,rgb_sar,0,2
0.017684992,2,rgb_sar,0,2
0.1129854,2,rgb_sar,0,2
0.12964778,2,rgb_sar,0,2
0.1282577,2,rgb_sar,0,2
0.056530602,2,rgb_sar,0,2
0.05067556,2,rgb_sar,0,2
0.10642598,2,rgb_sar,0,2
0.097308986,2,rgb_sar,0,2
0.0592945,2,rgb_sar,0,2
0.11384331,2,rgb_sar,0,2
0.14372827,2,rgb_sar,0,2
0.03237094,2,rgb_sar,0,2
-0.023990769,2,rgb_sar,0,2
-0.0027761534,2,rgb_sar,0,2
0.16786245,2,rgb_sar,0,2
0.15228632,2,rgb_sar,0,2
0.19031748,2,rgb_sar,0,2
0.08424641,2,rgb_sar,0,2
0.09607187,2,rgb_sar,0,2
0.09600392,2,rgb_sar,0,2
0.090079404,2,rgb_sar,0,2
0.10459277,2,rgb_sar,0,2
0.12603277,2,rgb_sar,0,2
0.12135863,2,rgb_sar,0,2
0.04446532,2,rgb_sar,0,2
0.033371292,2,rgb_sar,0,2
0.050252393,2,rgb_sar,0,2
0.085326605,2,rgb_sar,0,2
0.13187401,2,rgb_sar,0,2
0.2583564,2,rgb_sar,0,2
0.14730166,2,rgb_sar,0,2
0.15644842,2,rgb_sar,0,2
0.12494521,2,rgb_sar,0,2
0.12771152,2,rgb_sar,0,2
0.1540411,2,rgb_sar,0,2
0.09172287,2,rgb_sar,0,2
0.11315964,2,rgb_sar,0,2
0.071495004,2,rgb_sar,0,2
0.16312572,2,rgb_sar,0,2
0.16203162,2,rgb_sar,0,2
0.10947615,2,rgb_sar,0,2
0.1360186,2,rgb_sar,0,2
0.19133097,2,rgb_sar,0,2
0.16756323,2,rgb_sar,0,2
0.42833394,2,rgb_sar,0,2
0.3106696,2,rgb_sar,0,2
0.31308872,2,rgb_sar,0,2
0.29569688,2,rgb_sar,0,2
0.27181658,2,rgb_sar,0,2
0.29762974,2,rgb_sar,0,2
0.25791743,2,rgb_sar,0,2
0.25287014,2,rgb_sar,0,2
0.18661408,2,rgb_sar,0,2
0.23972571,2,rgb_sar,0,2
0.2552085,2,rgb_sar,0,2
0.27643085,2,rgb_sar,0,2
0.3195674,2,rgb_sar,0,2
0.3046111,2,rgb_sar,0,2
0.2189156,2,rgb_sar,0,2
0.015929252,7,rgb_sar,0,2
-0.024639793,7,rgb_sar,0,2
-0.008877113,7,rgb_sar,0,2
-0.028310675,7,rgb_sar,0,2
0.0020275246,7,rgb_sar,0,2
0.17116362,7,rgb_sar,0,2
0.004920114,7,rgb_sar,0,2
0.06171196,7,rgb_sar,0,2
0.11118098,7,rgb_sar,0,2
0.048828088,7,rgb_sar,0,2
0.07112719,7,rgb_sar,0,2
0.025148615,7,rgb_sar,0,2
-0.010050898,7,rgb_sar,0,2
0.033441566,7,rgb_sar,0,2
0.286721,7,rgb_sar,0,2
0.21898216,7,rgb_sar,0,2
0.13189992,7,rgb_sar,0,2
0.08193156,7,rgb_sar,0,2
0.027274871,7,rgb_sar,0,2
0.091538705,7,rgb_sar,0,2
0.14476335,7,rgb_sar,0,2
0.09484403,7,rgb_sar,0,2
0.031469807,7,rgb_sar,0,2
-0.15626536,7,rgb_sar,0,2
0.012011923,7,rgb_sar,0,2
0.034760274,7,rgb_sar,0,2
0.081586435,7,rgb_sar,0,2
0.13228013,7,rgb_sar,0,2
0.0142409485,7,rgb_sar,0,2
0.010749707,7,rgb_sar,0,2
-0.01381154,7,rgb_sar,0,2
0.0051559955,7,rgb_sar,0,2
0.018634351,7,rgb_sar,0,2
0.06688267,7,rgb_sar,0,2
0.07008877,7,rgb_sar,0,2
-0.027516171,7,rgb_sar,0,2
-0.12770839,7,rgb_sar,0,2
0.04129098,7,rgb_sar,0,2
0.049890865,7,rgb_sar,0,2
0.087365456,7,rgb_sar,0,2
0.06530464,7,rgb_sar,0,2
-0.0071664006,7,rgb_sar,0,2
0.03262361,7,rgb_sar,0,2
0.11148305,7,rgb_sar,0,2
0.10665244,7,rgb_sar,0,2
0.072252855,7,rgb_sar,0,2
-0.016857974,7,rgb_sar,0,2
-0.01118042,7,rgb_sar,0,2
0.12469539,7,rgb_sar,0,2
0.09488419,7,rgb_sar,0,2
0.028094396,7,rgb_sar,0,2
0.017125864,7,rgb_sar,0,2
0.073604606,7,rgb_sar,0,2
0.016475841,7,rgb_sar,0,2
0.035924368,7,rgb_sar,0,2
0.09598539,7,rgb_sar,0,2
0.10676444,7,rgb_sar,0,2
0.122045025,7,rgb_sar,0,2
0.21796493,7,rgb_sar,0,2
0.1777052,7,rgb_sar,0,2
0.19991757,7,rgb_sar,0,2
-0.007966276,7,rgb_sar,0,2
0.031816922,7,rgb_sar,0,2
0.032120444,7,rgb_sar,0,2
-0.021892525,7,rgb_sar,0,2
0.067700535,7,rgb_sar,0,2
0.18301451,7,rgb_sar,0,2
0.0081270095,7,rgb_sar,0,2
0.0028006956,7,rgb_sar,0,2
0.041055977,7,rgb_sar,0,2
0.030612934,7,rgb_sar,0,2
0.0835549,7,rgb_sar,0,2
0.002393093,7,rgb_sar,0,2
0.03659076,7,rgb_sar,0,2
0.09338613,7,rgb_sar,0,2
0.30051678,7,rgb_sar,0,2
0.21131825,7,rgb_sar,0,2
0.17087394,7,rgb_sar,0,2
0.1408262,7,rgb_sar,0,2
0.029159052,7,rgb_sar,0,2
0.1083592,7,rgb_sar,0,2
0.09423669,7,rgb_sar,0,2
0.022675572,7,rgb_sar,0,2
-0.014985602,7,rgb_sar,0,2
-0.17591065,7,rgb_sar,0,2
0.025086775,7,rgb_sar,0,2
0.02190164,7,rgb_sar,0,2
0.08668442,7,rgb_sar,0,2
0.13874309,7,rgb_sar,0,2
0.059986718,7,rgb_sar,0,2
0.08051273,7,rgb_sar,0,2
0.08782445,7,rgb_sar,0,2
0.016020928,7,rgb_sar,0,2
0.050476573,7,rgb_sar,0,2
0.05846294,7,rgb_sar,0,2
0.026586173,7,rgb_sar,0,2
-0.030231565,7,rgb_sar,0,2
-0.12081541,7,rgb_sar,0,2
0.06940529,7,rgb_sar,0,2
0.061189607,7,rgb_sar,0,2
0.105963826,7,rgb_sar,0,2
0.08499902,7,rgb_sar,0,2
0.065168336,7,rgb_sar,0,2
0.083002344,7,rgb_sar,0,2
0.076506175,7,rgb_sar,0,2
0.12698705,7,rgb_sar,0,2
0.099398345,7,rgb_sar,0,2
0.03061794,7,rgb_sar,0,2
0.035814255,7,rgb_sar,0,2
0.1204167,7,rgb_sar,0,2
0.12389698,7,rgb_sar,0,2
0.022481479,7,rgb_sar,0,2
0.0740473,7,rgb_sar,0,2
0.07836951,7,rgb_sar,0,2
-0.004852576,7,rgb_sar,0,2
0.031323027,7,rgb_sar,0,2
0.13318348,7,rgb_sar,0,2
0.05210878,7,rgb_sar,0,2
0.13521835,7,rgb_sar,0,2
0.19021025,7,rgb_sar,0,2
0.14280452,7,rgb_sar,0,2
0.17358175,7,rgb_sar,0,2
0.21983626,2,rgb_sar,0,2
0.10290439,2,rgb_sar,0,2
0.24454382,2,rgb_sar,0,2
0.022930102,2,rgb_sar,0,2
0.058094144,2,rgb_sar,0,2
0.020592576,2,rgb_sar,0,2
0.019630808,2,rgb_sar,0,2
0.10506242,2,rgb_sar,0,2
0.124790676,2,rgb_sar,0,2
0.12536362,2,rgb_sar,0,2
0.17844206,2,rgb_sar,0,2
0.14650328,2,rgb_sar,0,2
0.124979004,2,rgb_sar,0,2
0.09687031,2,rgb_sar,0,2
0.1755001,2,rgb_sar,0,2
0.13079724,2,rgb_sar,0,2
0.13349794,2,rgb_sar,0,2
0.11361384,2,rgb_sar,0,2
0.062250257,2,rgb_sar,0,2
0.12342193,2,rgb_sar,0,2
0.11978007,2,rgb_sar,0,2
0.1454448,2,rgb_sar,0,2
0.13483782,2,rgb_sar,0,2
0.15267076,2,rgb_sar,0,2
0.19853294,2,rgb_sar,0,2
0.211705,2,rgb_sar,0,2
0.13810931,2,rgb_sar,0,2
0.111005805,2,rgb_sar,0,2
0.12771717,2,rgb_sar,0,2
0.12793492,2,rgb_sar,0,2
0.07368322,2,rgb_sar,0,2
0.13609804,2,rgb_sar,0,2
0.1366878,2,rgb_sar,0,2
0.15609328,2,rgb_sar,0,2
0.06901451,2,rgb_sar,0,2
0.09538445,2,rgb_sar,0,2
0.14143759,2,rgb_sar,0,2
0.12930349,2,rgb_sar,0,2
0.104519814,2,rgb_sar,0,2
0.11161691,2,rgb_sar,0,2
0.074110426,2,rgb_sar,0,2
0.11363104,2,rgb_sar,0,2
0.12177626,2,rgb_sar,0,2
0.16457975,2,rgb_sar,0,2
0.11843249,2,rgb_sar,0,2
0.16828386,2,rgb_sar,0,2
0.21809648,2,rgb_sar,0,2
0.23045509,2,rgb_sar,0,2
0.09078904,2,rgb_sar,0,2
0.10838886,2,rgb_sar,0,2
0.07208896,2,rgb_sar,0,2
0.096384995,2,rgb_sar,0,2
0.073942766,2,rgb_sar,0,2
0.06633702,2,rgb_sar,0,2
0.19698426,2,rgb_sar,0,2
0.20580164,2,rgb_sar,0,2
0.10182178,2,rgb_sar,0,2
0.076329224,2,rgb_sar,0,2
-0.0075040236,2,rgb_sar,0,2
0.061711013,2,rgb_sar,0,2
0.05410595,2,rgb_sar,0,2
0.032081343,2,rgb_sar,0,2
0.10930802,2,rgb_sar,0,2
0.093003035,2,rgb_sar,0,2
0.020078786,2,rgb_sar,0,2
0.071030855,2,rgb_sar,0,2
0.057737846,2,rgb_sar,0,2
0.1253536,2,rgb_sar,0,2
0.059413183,2,rgb_sar,0,2
0.07778682,2,rgb_sar,0,2
0.088608265,2,rgb_sar,0,2
0.058756147,2,rgb_sar,0,2
-0.0077444613,2,rgb_sar,0,2
-0.0017771833,2,rgb_sar,0,2
-0.0052959844,2,rgb_sar,0,2
-0.023303647,2,rgb_sar,0,2
0.023252739,2,rgb_sar,0,2
-0.01425397,2,rgb_sar,0,2
0.096394256,2,rgb_sar,0,2
0.055881675,2,rgb_sar,0,2
0.069721356,2,rgb_sar,0,2
0.08252098,2,rgb_sar,0,2
0.11668991,2,rgb_sar,0,2
0.10174952,2,rgb_sar,0,2
0.085210025,2,rgb_sar,0,2
0.076358855,2,rgb_sar,0,2
0.048820492,2,rgb_sar,0,2
0.035065148,2,rgb_sar,0,2
0.0045192763,2,rgb_sar,0,2
0.034153484,2,rgb_sar,0,2
-0.040626228,2,rgb_sar,0,2
0.06699358,2,rgb_sar,0,2
0.10729113,2,rgb_sar,0,2
0.104262546,2,rgb_sar,0,2
0.06670911,2,rgb_sar,0,2
0.11462968,2,rgb_sar,0,2
0.0961837,2,rgb_sar,0,2
0.09329021,2,rgb_sar,0,2
0.03441552,2,rgb_sar,0,2
0.011725804,2,rgb_sar,0,2
0.026717784,2,rgb_sar,0,2
-0.023039795,2,rgb_sar,0,2
0.017595045,2,rgb_sar,0,2
-0.0413687,2,rgb_sar,0,2
-0.010869179,2,rgb_sar,0,2
0.057941914,2,rgb_sar,0,2
0.09600168,2,rgb_sar,0,2
0.07961386,2,rgb_sar,0,2
0.10644035,2,rgb_sar,0,2
0.072104886,2,rgb_sar,0,2
0.1030983,2,rgb_sar,0,2
0.10018917,2,rgb_sar,0,2
0.040051043,2,rgb_sar,0,2
0.119754665,2,rgb_sar,0,2
0.043551575,2,rgb_sar,0,2
0.118338525,2,rgb_sar,0,2
0.17153884,2,rgb_sar,0,2
0.092458524,2,rgb_sar,0,2
0.14966492,2,rgb_sar,0,2
0.17853966,2,rgb_sar,0,2
0.13117559,2,rgb_sar,0,2
0.14327383,2,rgb_sar,0,2
0.16332638,2,rgb_sar,0,2
0.20858309,2,rgb_sar,0,2
0.1782476,2,rgb_sar,0,2
0.18477961,2,rgb_sar,0,2
0.17732689,2,rgb_sar,0,2
0.105987236,2,rgb_sar,0,2
0.16952348,2,rgb_sar,0,2
0.09006804,2,rgb_sar,0,2
0.16458818,2,rgb_sar,0,2
0.21302146,2,rgb_sar,0,2
0.16009192,2,rgb_sar,0,2
0.20724833,2,rgb_sar,0,2
0.18424295,2,rgb_sar,0,2
0.1346148,2,rgb_sar,0,2
0.06493503,2,rgb_sar,0,2
0.047497053,2,rgb_sar,0,2
0.15201886,2,rgb_sar,0,2
0.15862405,2,rgb_sar,0,2
0.14027008,2,rgb_sar,0,2
0.09549435,2,rgb_sar,0,2
0.10506132,2,rgb_sar,0,2
0.15860227,2,rgb_sar,0,2
0.12958018,2,rgb_sar,0,2
0.19921842,2,rgb_sar,0,2
0.20754609,2,rgb_sar,0,2
0.07548328,2,rgb_sar,0,2
0.11195721,2,rgb_sar,0,2
0.09104843,2,rgb_sar,0,2
0.16384737,2,rgb_sar,0,2
0.065028474,2,rgb_sar,0,2
0.09578635,2,rgb_sar,0,2
0.102322415,2,rgb_sar,0,2
0.029324748,2,rgb_sar,0,2
0.1432249,2,rgb_sar,0,2
0.13368331,2,rgb_sar,0,2
-0.01904907,2,rgb_sar,0,2
0.026437705,2,rgb_sar,0,2
0.11641648,2,rgb_sar,0,2
0.06282109,2,rgb_sar,0,2
0.14909975,2,rgb_sar,0,2
0.11591702,2,rgb_sar,0,2
0.00521766,2,rgb_sar,0,2
0.05054478,2,rgb_sar,0,2
0.0676718,2,rgb_sar,0,2
0.061743572,2,rgb_sar,0,2
0.17859209,2,rgb_sar,0,2
0.073111326,2,rgb_sar,0,2
0.119113736,2,rgb_sar,0,2
0.17153336,2,rgb_sar,0,2
0.19719434,2,rgb_sar,0,2
0.1050381,2,rgb_sar,0,2
0.11758534,2,rgb_sar,0,2
0.1912121,2,rgb_sar,0,2
0.07582506,2,rgb_sar,0,2
0.1398623,2,rgb_sar,0,2
0.13122438,2,rgb_sar,0,2
0.14151907,2,rgb_sar,0,2
0.11850245,2,rgb_sar,0,2
0.11814197,2,rgb_sar,0,2
0.1739909,2,rgb_sar,0,2
0.15330265,2,rgb_sar,0,2
0.09885352,2,rgb_sar,0,2
0.07709244,2,rgb_sar,0,2
0.104871355,2,rgb_sar,0,2
0.103344694,2,rgb_sar,0,2
0.08984912,2,rgb_sar,0,2
0.15734202,2,rgb_sar,0,2
0.12165984,2,rgb_sar,0,2
0.11691401,2,rgb_sar,0,2
0.032381542,2,rgb_sar,0,2
-0.010119479,2,rgb_sar,0,2
0.15642186,2,rgb_sar,0,2
0.11790037,2,rgb_sar,0,2
0.13300122,2,rgb_sar,0,2
0.122293025,2,rgb_sar,0,2
0.045448475,2,rgb_sar,0,2
0.040401258,2,rgb_sar,0,2
0.12520021,2,rgb_sar,0,2
0.10532606,2,rgb_sar,0,2
0.07083807,2,rgb_sar,0,2
0.036043003,2,rgb_sar,0,2
0.12008707,2,rgb_sar,0,2
0.14258325,2,rgb_sar,0,2
0.12990387,2,rgb_sar,0,2
0.016963203,2,rgb_sar,0,2
0.08702862,2,rgb_sar,0,2
0.084149435,2,rgb_sar,0,2
0.111223415,2,rgb_sar,0,2
0.01598562,2,rgb_sar,0,2
0.09520599,2,rgb_sar,0,2
0.08580511,2,rgb_sar,0,2
0.057952337,2,rgb_sar,0,2
0.12838235,2,rgb_sar,0,2
0.115831375,2,rgb_sar,0,2
0.05151341,2,rgb_sar,0,2
0.11237797,2,rgb_sar,0,2
0.023326209,2,rgb_sar,0,2
0.10958822,2,rgb_sar,0,2
0.10024039,2,rgb_sar,0,2
0.046451874,2,rgb_sar,0,2
0.08861546,2,rgb_sar,0,2
0.07721381,2,rgb_sar,0,2
0.10379434,2,rgb_sar,0,2
0.053109854,2,rgb_sar,0,2
0.11782123,2,rgb_sar,0,2
0.09390609,2,rgb_sar,0,2
0.09154801,2,rgb_sar,0,2
0.026054814,2,rgb_sar,0,2
0.025379533,2,rgb_sar,0,2
0.015331164,2,rgb_sar,0,2
-0.014056258,2,rgb_sar,0,2
-0.0078253625,2,rgb_sar,0,2
0.03201241,2,rgb_sar,0,2
0.07673758,2,rgb_sar,0,2
0.058094926,2,rgb_sar,0,2
0.17370911,2,rgb_sar,0,2
0.08422911,2,rgb_sar,0,2
0.14918742,2,rgb_sar,0,2
0.16745903,2,rgb_sar,0,2
0.13605842,2,rgb_sar,0,2
0.083405375,2,rgb_sar,0,2
0.06669364,2,rgb_sar,0,2
0.07899332,2,rgb_sar,0,2
0.059450455,2,rgb_sar,0,2
0.057407875,2,rgb_sar,0,2
0.0849392,2,rgb_sar,0,2
0.11870065,2,rgb_sar,0,2
0.133454,2,rgb_sar,0,2
0.18434425,2,rgb_sar,0,2
0.0854658,2,rgb_sar,0,2
0.11352612,2,rgb_sar,0,2
0.06907273,2,rgb_sar,0,2
0.07356519,2,rgb_sar,0,2
0.0624735,2,rgb_sar,0,2
0.019579275,2,rgb_sar,0,2
0.01660768,2,rgb_sar,0,2
0.028141808,2,rgb_sar,0,2
0.046545304,2,rgb_sar,0,2
0.037814464,2,rgb_sar,0,2
0.014868218,2,rgb_sar,0,2
0.06463389,2,rgb_sar,0,2
0.18511808,2,rgb_sar,0,2
0.112120636,2,rgb_sar,0,2
0.09636431,2,rgb_sar,0,2
0.06017323,2,rgb_sar,0,2
0.13307358,2,rgb_sar,0,2
0.093166515,2,rgb_sar,0,2
0.0564275,2,rgb_sar,0,2
0.0426411,2,rgb_sar,0,2
0.090367325,2,rgb_sar,0,2
0.21274984,2,rgb_sar,0,2
0.2037789,2,rgb_sar,0,2
0.14372653,2,rgb_sar,0,2
0.18758759,2,rgb_sar,0,2
0.14445579,2,rgb_sar,0,2
0.16178064,2,rgb_sar,0,2
0.26828972,2,rgb_sar,0,2
0.21500203,2,rgb_sar,0,2
0.19501801,2,rgb_sar,0,2
0.17793769,2,rgb_sar,0,2
0.22685222,2,rgb_sar,0,2
0.18524808,2,rgb_sar,0,2
0.11534301,2,rgb_sar,0,2
0.08651176,2,rgb_sar,0,2
0.08904676,2,rgb_sar,0,2
0.22873577,2,rgb_sar,0,2
0.19130555,2,rgb_sar,0,2
0.19444211,2,rgb_sar,0,2
0.23960736,2,rgb_sar,0,2
0.16841307,2,rgb_sar,0,2
0.15737087,2,rgb_sar,0,2
0.1250527,2,rgb_sar,0,2
0.067340955,2,rgb_sar,0,2
0.09602091,2,rgb_sar,0,2
0.10285531,2,rgb_sar,0,2
0.15598115,2,rgb_sar,0,2
0.1045897,2,rgb_sar,0,2
0.09333592,2,rgb_sar,0,2
0.09932028,2,rgb_sar,0,2
0.12695213,2,rgb_sar,0,2
0.18662345,2,rgb_sar,0,2
0.11182076,2,rgb_sar,0,2
0.092199795,2,rgb_sar,0,2
0.1706196,2,rgb_sar,0,2
0.12621607,2,rgb_sar,0,2
0.19853494,2,rgb_sar,0,2
0.036051184,2,rgb_sar,0,2
0.14761671,2,rgb_sar,0,2
0.12887748,2,rgb_sar,0,2
0.07049401,2,rgb_sar,0,2
0.16558889,2,rgb_sar,0,2
0.17646897,2,rgb_sar,0,2
0.021493938,2,rgb_sar,0,2
0.11297743,2,rgb_sar,0,2
0.2279902,2,rgb_sar,0,2
0.107945,2,rgb_sar,0,2
0.19933401,2,rgb_sar,0,2
0.21950185,2,rgb_sar,0,2
0.054280043,7,rgb_sar,0,2
0.12297099,7,rgb_sar,0,2
0.081708655,7,rgb_sar,0,2
-0.05112116,7,rgb_sar,0,2
0.070660174,7,rgb_sar,0,2
0.22638214,7,rgb_sar,0,2
0.12273829,7,rgb_sar,0,2
0.059636667,7,rgb_sar,0,2
0.11150311,7,rgb_sar,0,2
0.061249197,7,rgb_sar,0,2
0.09184322,7,rgb_sar,0,2
-0.014434621,7,rgb_sar,0,2
-0.020166975,7,rgb_sar,0,2
0.05730578,7,rgb_sar,0,2
0.26045096,7,rgb_sar,0,2
0.20690674,7,rgb_sar,0,2
0.2242379,7,rgb_sar,0,2
0.19385058,7,rgb_sar,0,2
0.040444564,7,rgb_sar,0,2
0.084823236,7,rgb_sar,0,2
0.123816304,7,rgb_sar,0,2
0.07503332,7,rgb_sar,0,2
-0.004589836,7,rgb_sar,0,2
-0.20365787,7,rgb_sar,0,2
0.04424248,7,rgb_sar,0,2
0.041737147,7,rgb_sar,0,2
0.09799852,7,rgb_sar,0,2
0.22287998,7,rgb_sar,0,2
0.1353603,7,rgb_sar,0,2
0.14961663,7,rgb_sar,0,2
0.08816573,7,rgb_sar,0,2
-0.036903664,7,rgb_sar,0,2
-0.023026112,7,rgb_sar,0,2
0.044092514,7,rgb_sar,0,2
0.007507801,7,rgb_sar,0,2
-0.07771559,7,rgb_sar,0,2
-0.16730973,7,rgb_sar,0,2
0.009936297,7,rgb_sar,0,2
0.018114064,7,rgb_sar,0,2
0.034614086,7,rgb_sar,0,2
0.082219966,7,rgb_sar,0,2
0.050016247,7,rgb_sar,0,2
0.022569874,7,rgb_sar,0,2
0.0708068,7,rgb_sar,0,2
0.09526038,7,rgb_sar,0,2
0.1540426,7,rgb_sar,0,2
0.09179664,7,rgb_sar,0,2
-0.07777211,7,rgb_sar,0,2
0.045525342,7,rgb_sar,0,2
0.059106145,7,rgb_sar,0,2
0.032026418,7,rgb_sar,0,2
0.02039893,7,rgb_sar,0,2
0.01386771,7,rgb_sar,0,2
-0.041207306,7,rgb_sar,0,2
-0.0021780725,7,rgb_sar,0,2
-0.0031711794,7,rgb_sar,0,2
0.012865011,7,rgb_sar,0,2
0.019416414,7,rgb_sar,0,2
-0.051455036,7,rgb_sar,0,2
0.041081592,7,rgb_sar,0,2
0.053812154,7,rgb_sar,0,2
0.020503394,7,rgb_sar,0,2
0.012373811,7,rgb_sar,0,2
-0.04581361,7,rgb_sar,0,2
-0.092601076,7,rgb_sar,0,2
0.00033253618,7,rgb_sar,0,2
0.034731414,7,rgb_sar,0,2
0.040441163,7,rgb_sar,0,2
0.009370241,7,rgb_sar,0,2
0.07244978,7,rgb_sar,0,2
0.17924875,7,rgb_sar,0,2
-0.0154055245,7,rgb_sar,0,2
0.003531137,7,rgb_sar,0,2
0.006477628,7,rgb_sar,0,2
0.09039045,7,rgb_sar,0,2
0.23122503,7,rgb_sar,0,2
0.027317982,7,rgb_sar,0,2
0.0021718116,7,rgb_sar,0,2
0.052400507,7,rgb_sar,0,2
0.011227129,7,rgb_sar,0,2
0.053526867,7,rgb_sar,0,2
0.14537898,7,rgb_sar,0,2
0.043467123,7,rgb_sar,0,2
0.034205563,7,rgb_sar,0,2
0.04088118,7,rgb_sar,0,2
-0.02722462,7,rgb_sar,0,2
0.07557534,7,rgb_sar,0,2
0.08597675,7,rgb_sar,0,2
-0.02216405,7,rgb_sar,0,2
0.030477826,7,rgb_sar,0,2
0.21885523,7,rgb_sar,0,2
0.26305565,7,rgb_sar,0,2
0.2253246,7,rgb_sar,0,2
0.12469542,7,rgb_sar,0,2
0.0555379,7,rgb_sar,0,2
0.03693877,7,rgb_sar,0,2
0.07494724,7,rgb_sar,0,2
0.115566716,7,rgb_sar,0,2
0.05644415,7,rgb_sar,0,2
-0.15406135,7,rgb_sar,0,2
0.017883664,7,rgb_sar,0,2
0.0061608013,7,rgb_sar,0,2
0.031469036,7,rgb_sar,0,2
0.006747164,7,rgb_sar,0,2
0.046387862,7,rgb_sar,0,2
0.048948415,7,rgb_sar,0,2
-0.04756649,7,rgb_sar,0,2
-0.046586633,7,rgb_sar,0,2
-0.043714054,7,rgb_sar,0,2
0.016316682,7,rgb_sar,0,2
0.03250563,7,rgb_sar,0,2
-0.013090273,7,rgb_sar,0,2
-0.16098262,7,rgb_sar,0,2
-0.07897487,7,rgb_sar,0,2
0.01766677,7,rgb_sar,0,2
0.12093265,7,rgb_sar,0,2
0.13775375,7,rgb_sar,0,2
0.060932368,7,rgb_sar,0,2
0.04999671,7,rgb_sar,0,2
0.10946123,7,rgb_sar,0,2
0.1587753,7,rgb_sar,0,2
0.15593435,7,rgb_sar,0,2
0.041782796,7,rgb_sar,0,2
-0.06035073,7,rgb_sar,0,2
0.06859815,7,rgb_sar,0,2
0.089419335,7,rgb_sar,0,2
0.0020995298,7,rgb_sar,0,2
-0.023027524,7,rgb_sar,0,2
-0.041533,7,rgb_sar,0,2
-0.06636369,7,rgb_sar,0,2
-0.035872497,7,rgb_sar,0,2
-0.00034589693,7,rgb_sar,0,2
0.00851945,7,rgb_sar,0,2
-0.033433437,7,rgb_sar,0,2
-0.09442752,7,rgb_sar,0,2
0.021118676,7,rgb_sar,0,2
0.08482473,7,rgb_sar,0,2
0.054226525,7,rgb_sar,0,2
0.005681865,7,rgb_sar,0,2
-0.019796034,7,rgb_sar,0,2
-0.09312047,7,rgb_sar,0,2
0.03921242,7,rgb_sar,0,2
0.030885827,7,rgb_sar,0,2
0.018844604,7,rgb_sar,0,2
-0.0039119273,7,rgb_sar,0,2
0.09875777,7,rgb_sar,0,2
0.21103357,7,rgb_sar,0,2
-0.048280623,7,rgb_sar,0,2
-0.0040550437,7,rgb_sar,0,2
0.00611032,7,rgb_sar,0,2
0.12172814,7,rgb_sar,0,2
0.2324881,7,rgb_sar,0,2
0.18930228,2,rgb_sar,0,2
0.18122837,2,rgb_sar,0,2
0.1339052,2,rgb_sar,0,2
0.14693673,2,rgb_sar,0,2
0.22740848,2,rgb_sar,0,2
0.20332298,2,rgb_sar,0,2
0.21514983,2,rgb_sar,0,2
0.26290005,2,rgb_sar,0,2
0.12400012,2,rgb_sar,0,2
0.14589927,2,rgb_sar,0,2
0.21032888,2,rgb_sar,0,2
0.17930174,2,rgb_sar,0,2
0.22490007,2,rgb_sar,0,2
0.27589244,2,rgb_sar,0,2
0.27013254,2,rgb_sar,0,2
0.0752511,2,rgb_sar,0,2
0.14045456,2,rgb_sar,0,2
0.09259871,2,rgb_sar,0,2
0.16252998,2,rgb_sar,0,2
0.23476109,2,rgb_sar,0,2
0.23508368,2,rgb_sar,0,2
-0.0072577773,2,rgb_sar,0,2
0.049868055,2,rgb_sar,0,2
0.11107625,2,rgb_sar,0,2
0.076685436,2,rgb_sar,0,2
0.22758308,2,rgb_sar,0,2
0.28197953,2,rgb_sar,0,2
0.33200052,2,rgb_sar,0,2
0.2509204,2,rgb_sar,0,2
0.23979177,2,rgb_sar,0,2
0.23219764,2,rgb_sar,0,2
0.22259219,2,rgb_sar,0,2
0.1691917,2,rgb_sar,0,2
0.21164997,2,rgb_sar,0,2
0.23907906,2,rgb_sar,0,2
0.16454723,2,rgb_sar,0,2
0.17275622,2,rgb_sar,0,2
0.23542799,2,rgb_sar,0,2
0.26384386,2,rgb_sar,0,2
0.2662184,2,rgb_sar,0,2
0.27020532,2,rgb_sar,0,2
0.28749004,2,rgb_sar,0,2
0.1030361,2,rgb_sar,0,2
0.14824183,2,rgb_sar,0,2
0.09966512,2,rgb_sar,0,2
0.07298395,2,rgb_sar,0,2
0.1629952,2,rgb_sar,0,2
0.20708369,2,rgb_sar,0,2
0.0081178285,2,rgb_sar,0,2
0.03560612,2,rgb_sar,0,2
0.08200949,2,rgb_sar,0,2
0.032159172,2,rgb_sar,0,2
0.18537825,2,rgb_sar,0,2
0.2885461,2,rgb_sar,0,2
0.12503916,7,rgb_sar,0,2
0.093156055,7,rgb_sar,0,2
0.06475594,7,rgb_sar,0,2
0.018060181,7,rgb_sar,0,2
0.1418242,7,rgb_sar,0,2
0.009574304,7,rgb_sar,0,2
0.012811481,7,rgb_sar,0,2
-0.024728047,7,rgb_sar,0,2
0.027331654,7,rgb_sar,0,2
0.22377345,7,rgb_sar,0,2
-0.045184437,7,rgb_sar,0,2
-0.0133235585,7,rgb_sar,0,2
-0.046544373,7,rgb_sar,0,2
0.05036913,7,rgb_sar,0,2
0.17437147,7,rgb_sar,0,2
0.1398752,7,rgb_sar,0,2
0.20974347,7,rgb_sar,0,2
0.16527356,7,rgb_sar,0,2
0.09284505,7,rgb_sar,0,2
0.17925733,7,rgb_sar,0,2
-0.012308946,7,rgb_sar,0,2
0.061245658,7,rgb_sar,0,2
0.08025354,7,rgb_sar,0,2
0.05479685,7,rgb_sar,0,2
0.18245684,7,rgb_sar,0,2
-0.039391384,7,rgb_sar,0,2
0.0032682568,7,rgb_sar,0,2
0.021491028,7,rgb_sar,0,2
0.1324577,7,rgb_sar,0,2
0.16680405,7,rgb_sar,0,2
0.20495822,7,rgb_sar,0,2
0.10427685,7,rgb_sar,0,2
0.15202491,7,rgb_sar,0,2
0.08519393,7,rgb_sar,0,2
0.058782592,7,rgb_sar,0,2
-0.0636682,7,rgb_sar,0,2
0.15558732,7,rgb_sar,0,2
0.053842425,7,rgb_sar,0,2
-0.04279332,7,rgb_sar,0,2
0.032322764,7,rgb_sar,0,2
0.03321877,7,rgb_sar,0,2
-0.018639132,7,rgb_sar,0,2
0.14397982,7,rgb_sar,0,2
0.16648227,7,rgb_sar,0,2
0.09831445,7,rgb_sar,0,2
-0.13153318,7,rgb_sar,0,2
-0.09272787,7,rgb_sar,0,2
-0.0320248,7,rgb_sar,0,2
-0.17345554,7,rgb_sar,0,2
0.01952653,7,rgb_sar,0,2
0.044172384,7,rgb_sar,0,2
-0.02957751,7,rgb_sar,0,2
-0.063017234,7,rgb_sar,0,2
-0.03798827,7,rgb_sar,0,2
-0.039086632,7,rgb_sar,0,2
-0.17253155,7,rgb_sar,0,2
0.014873773,7,rgb_sar,0,2
0.048959352,7,rgb_sar,0,2
0.012000496,7,rgb_sar,0,2
0.03524112,7,rgb_sar,0,2
0.1938596,7,rgb_sar,0,2
0.13822678,7,rgb_sar,0,2
0.06869166,7,rgb_sar,0,2
0.17303012,7,rgb_sar,0,2
0.23178077,7,rgb_sar,0,2
0.25170478,7,rgb_sar,0,2
0.1961727,7,rgb_sar,0,2
0.29228666,7,rgb_sar,0,2
0.24487486,7,rgb_sar,0,2
0.19164243,7,rgb_sar,0,2
0.16150375,7,rgb_sar,0,2
0.14023338,7,rgb_sar,0,2
0.13085923,7,rgb_sar,0,2
0.083636016,7,rgb_sar,0,2
-0.0245403,7,rgb_sar,0,2
0.11565289,7,rgb_sar,0,2
0.036727905,7,rgb_sar,0,2
-0.0103145195,7,rgb_sar,0,2
-0.0278642,7,rgb_sar,0,2
0.034373958,7,rgb_sar,0,2
0.017180517,7,rgb_sar,0,2
0.16079319,7,rgb_sar,0,2
0.15282205,7,rgb_sar,0,2
0.09113388,7,rgb_sar,0,2
-0.080966815,7,rgb_sar,0,2
-0.092395514,7,rgb_sar,0,2
-0.035257604,7,rgb_sar,0,2
-0.11336175,7,rgb_sar,0,2
0.083612576,7,rgb_sar,0,2
0.0759849,7,rgb_sar,0,2
-0.026191622,7,rgb_sar,0,2
-0.048592046,7,rgb_sar,0,2
-0.02031301,7,rgb_sar,0,2
-0.045827296,7,rgb_sar,0,2
-0.13112094,7,rgb_sar,0,2
0.032392778,7,rgb_sar,0,2
0.06357287,7,rgb_sar,0,2
0.032052834,7,rgb_sar,0,2
0.10614046,7,rgb_sar,0,2
0.2242048,7,rgb_sar,0,2
0.12104517,7,rgb_sar,0,2
0.029570205,7,rgb_sar,0,2
0.24165821,7,rgb_sar,0,2
0.28956863,7,rgb_sar,0,2
0.26731578,7,rgb_sar,0,2
0.20331728,7,rgb_sar,0,2
0.25461435,7,rgb_sar,0,2
0.20758526,7,rgb_sar,0,2
0.18647867,8,rgb_sar,0,2
0.21594766,8,rgb_sar,0,2
0.25287914,8,rgb_sar,0,2
0.24281946,8,rgb_sar,0,2
0.07284169,8,rgb_sar,0,2
0.019757027,8,rgb_sar,0,2
-0.19353564,8,rgb_sar,0,2
-0.0023612715,8,rgb_sar,0,2
0.07772252,8,rgb_sar,0,2
0.072851695,8,rgb_sar,0,2
0.059194088,8,rgb_sar,0,2
0.07761789,8,rgb_sar,0,2
-0.043989807,8,rgb_sar,0,2
0.03817914,8,rgb_sar,0,2
0.087903306,8,rgb_sar,0,2
0.06447899,8,rgb_sar,0,2
0.08657603,8,rgb_sar,0,2
0.06968842,8,rgb_sar,0,2
0.10734004,8,rgb_sar,0,2
0.16819176,8,rgb_sar,0,2
0.15109003,8,rgb_sar,0,2
0.18326798,8,rgb_sar,0,2
0.19735225,8,rgb_sar,0,2
0.17461284,8,rgb_sar,0,2
0.19208051,8,rgb_sar,0,2
0.13774917,8,rgb_sar,0,2
0.16823193,8,rgb_sar,0,2
0.14413956,8,rgb_sar,0,2
0.10822691,8,rgb_sar,0,2
0.22048351,8,rgb_sar,0,2
0.19767012,8,rgb_sar,0,2
0.23891492,8,rgb_sar,0,2
0.21409437,8,rgb_sar,0,2
0.27831018,8,rgb_sar,0,2
0.18408318,8,rgb_sar,0,2
0.06684232,8,rgb_sar,0,2
0.14591447,8,rgb_sar,0,2
0.2261775,8,rgb_sar,0,2
0.3058268,8,rgb_sar,0,2
0.2567687,8,rgb_sar,0,2
0.18958333,8,rgb_sar,0,2
0.2894509,8,rgb_sar,0,2
0.25479275,8,rgb_sar,0,2
0.3211115,8,rgb_sar,0,2
0.30190063,8,rgb_sar,0,2
0.29604232,8,rgb_sar,0,2
0.2010858,8,rgb_sar,0,2
0.17488518,8,rgb_sar,0,2
0.25968635,8,rgb_sar,0,2
0.3361631,8,rgb_sar,0,2
0.28833595,8,rgb_sar,0,2
0.25353244,8,rgb_sar,0,2
0.26869905,8,rgb_sar,0,2
0.21655326,8,rgb_sar,0,2
0.2163699,8,rgb_sar,0,2
0.2405186,8,rgb_sar,0,2
0.23084402,8,rgb_sar,0,2
0.20331907,8,rgb_sar,0,2
0.2375874,8,rgb_sar,0,2
0.26627582,8,rgb_sar,0,2
0.29698062,8,rgb_sar,0,2
0.2539663,8,rgb_sar,0,2
0.19168246,8,rgb_sar,0,2
0.23331854,8,rgb_sar,0,2
0.17975403,8,rgb_sar,0,2
0.23974535,8,rgb_sar,0,2
0.22392018,8,rgb_sar,0,2
0.19742027,8,rgb_sar,0,2
0.20120914,8,rgb_sar,0,2
0.13345508,8,rgb_sar,0,2
0.18188144,8,rgb_sar,0,2
0.17088982,8,rgb_sar,0,2
0.06275451,8,rgb_sar,0,2
-0.08220957,8,rgb_sar,0,2
-0.19511938,8,rgb_sar,0,2
0.015369443,8,rgb_sar,0,2
0.24026418,8,rgb_sar,0,2
0.23282865,8,rgb_sar,0,2
0.026100546,8,rgb_sar,0,2
-0.016238656,8,rgb_sar,0,2
-0.06402855,8,rgb_sar,0,2
0.07804718,8,rgb_sar,0,2
0.20265415,8,rgb_sar,0,2
0.14537385,8,rgb_sar,0,2
0.121309355,8,rgb_sar,0,2
0.09778306,8,rgb_sar,0,2
0.100271165,8,rgb_sar,0,2
0.07655758,8,rgb_sar,0,2
0.15965548,8,rgb_sar,0,2
0.23358054,8,rgb_sar,0,2
0.22446278,8,rgb_sar,0,2
0.1935817,8,rgb_sar,0,2
0.24046084,8,rgb_sar,0,2
0.21636394,8,rgb_sar,0,2
0.06875481,8,rgb_sar,0,2
0.062196713,8,rgb_sar,0,2
0.10425101,8,rgb_sar,0,2
0.19243509,8,rgb_sar,0,2
0.19477038,8,rgb_sar,0,2
0.2628026,8,rgb_sar,0,2
0.2126849,8,rgb_sar,0,2
0.21941617,8,rgb_sar,0,2
0.17162067,8,rgb_sar,0,2
0.117940456,8,rgb_sar,0,2
0.13004361,8,rgb_sar,0,2
0.20936786,8,rgb_sar,0,2
0.18246691,8,rgb_sar,0,2
0.23357667,8,rgb_sar,0,2
0.26436168,8,rgb_sar,0,2
0.23972917,8,rgb_sar,0,2
0.28538615,8,rgb_sar,0,2
0.26642367,8,rgb_sar,0,2
0.26667726,8,rgb_sar,0,2
0.20436098,8,rgb_sar,0,2
0.2012835,8,rgb_sar,0,2
0.23989138,8,rgb_sar,0,2
0.17178383,8,rgb_sar,0,2
0.19735494,8,rgb_sar,0,2
0.20824772,8,rgb_sar,0,2
0.17539085,8,rgb_sar,0,2
0.21439962,8,rgb_sar,0,2
0.22827832,8,rgb_sar,0,2
0.21759868,8,rgb_sar,0,2
0.17115891,8,rgb_sar,0,2
0.21542372,8,rgb_sar,0,2
0.24474144,8,rgb_sar,0,2
0.19689974,8,rgb_sar,0,2
0.14452027,8,rgb_sar,0,2
0.20946938,8,rgb_sar,0,2
0.1458667,8,rgb_sar,0,2
0.22543228,8,rgb_sar,0,2
0.20013496,8,rgb_sar,0,2
0.17342672,8,rgb_sar,0,2
0.09476037,8,rgb_sar,0,2
0.17542526,8,rgb_sar,0,2
0.14086154,8,rgb_sar,0,2
0.1568818,7,rgb_sar,0,2
0.14057168,7,rgb_sar,0,2
0.06728618,7,rgb_sar,0,2
0.11165105,7,rgb_sar,0,2
0.06877068,7,rgb_sar,0,2
-0.0107814185,7,rgb_sar,0,2
0.08059396,7,rgb_sar,0,2
0.09650194,7,rgb_sar,0,2
0.027142033,7,rgb_sar,0,2
-0.03158626,7,rgb_sar,0,2
0.05773913,7,rgb_sar,0,2
-0.008731719,7,rgb_sar,0,2
0.17886451,7,rgb_sar,0,2
0.12085847,7,rgb_sar,0,2
0.07700089,7,rgb_sar,0,2
-0.030797888,7,rgb_sar,0,2
-0.07091697,7,rgb_sar,0,2
0.010607373,7,rgb_sar,0,2
-0.16639656,7,rgb_sar,0,2
0.09866397,7,rgb_sar,0,2
0.05705994,7,rgb_sar,0,2
-0.016483512,7,rgb_sar,0,2
-0.023038551,7,rgb_sar,0,2
-0.010821711,7,rgb_sar,0,2
-0.004696979,7,rgb_sar,0,2
-0.05468929,7,rgb_sar,0,2
-0.040416114,7,rgb_sar,0,2
0.0095010605,7,rgb_sar,0,2
0.047134303,7,rgb_sar,0,2
0.09637402,7,rgb_sar,0,2
0.20761442,7,rgb_sar,0,2
0.14329946,7,rgb_sar,0,2
0.1166075,7,rgb_sar,0,2
-0.016853414,7,rgb_sar,0,2
0.01946385,7,rgb_sar,0,2
0.051526643,7,rgb_sar,0,2
0.1488467,7,rgb_sar,0,2
0.14716026,7,rgb_sar,0,2
0.031868227,7,rgb_sar,0,2
0.016799808,7,rgb_sar,0,2
0.010348434,7,rgb_sar,0,2
0.004012972,7,rgb_sar,0,2
-0.015304215,7,rgb_sar,0,2
0.057074822,7,rgb_sar,0,2
0.010652866,7,rgb_sar,0,2
0.00030612573,7,rgb_sar,0,2
-0.021759888,7,rgb_sar,0,2
-0.05092948,7,rgb_sar,0,2
-0.01677093,7,rgb_sar,0,2
-0.04108476,7,rgb_sar,0,2
0.0016328637,7,rgb_sar,0,2
0.026451107,7,rgb_sar,0,2
0.10689173,7,rgb_sar,0,2
0.0060770884,7,rgb_sar,0,2
0.023138318,7,rgb_sar,0,2
-0.047117043,7,rgb_sar,0,2
0.09482269,7,rgb_sar,0,2
0.07026426,7,rgb_sar,0,2
0.007162285,7,rgb_sar,0,2
0.035680193,7,rgb_sar,0,2
0.034881145,7,rgb_sar,0,2
0.18928638,7,rgb_sar,0,2
0.15608636,7,rgb_sar,0,2
0.10638592,7,rgb_sar,0,2
0.089089364,7,rgb_sar,0,2
0.14300632,7,rgb_sar,0,2
-0.06332332,7,rgb_sar,0,2
0.16984034,7,rgb_sar,0,2
0.08082328,7,rgb_sar,0,2
0.030258412,7,rgb_sar,0,2
-0.020739287,7,rgb_sar,0,2
0.045499805,7,rgb_sar,0,2
0.01746906,7,rgb_sar,0,2
0.089262486,7,rgb_sar,0,2
0.12630951,7,rgb_sar,0,2
0.17370543,7,rgb_sar,0,2
-0.0035896674,7,rgb_sar,0,2
-0.054705516,7,rgb_sar,0,2
0.0004726164,7,rgb_sar,0,2
-0.1297286,7,rgb_sar,0,2
0.10489239,7,rgb_sar,0,2
0.12166144,7,rgb_sar,0,2
0.031781357,7,rgb_sar,0,2
0.05670891,7,rgb_sar,0,2
-0.00084233284,7,rgb_sar,0,2
-0.038749523,7,rgb_sar,0,2
-0.1317549,7,rgb_sar,0,2
0.043993782,7,rgb_sar,0,2
0.07067973,7,rgb_sar,0,2
0.04220891,7,rgb_sar,0,2
0.12606503,7,rgb_sar,0,2
0.23988245,7,rgb_sar,0,2
0.15426743,7,rgb_sar,0,2
0.08275159,7,rgb_sar,0,2
-0.071262114,7,rgb_sar,0,2
-0.007352367,7,rgb_sar,0,2
0.092227854,7,rgb_sar,0,2
0.20292312,7,rgb_sar,0,2
0.14795882,7,rgb_sar,0,2
-0.04130087,7,rgb_sar,0,2
0.004222991,7,rgb_sar,0,2
0.023294512,7,rgb_sar,0,2
0.060042754,7,rgb_sar,0,2
0.04726718,7,rgb_sar,0,2
0.08621085,7,rgb_sar,0,2
-0.03569125,7,rgb_sar,0,2
-0.03857269,7,rgb_sar,0,2
-0.05919376,7,rgb_sar,0,2
-0.02835808,7,rgb_sar,0,2
-0.03343309,7,rgb_sar,0,2
-0.098237455,7,rgb_sar,0,2
0.08997887,7,rgb_sar,0,2
0.07355268,7,rgb_sar,0,2
0.09428271,7,rgb_sar,0,2
-0.010470584,7,rgb_sar,0,2
0.06636884,7,rgb_sar,0,2
-0.037142213,7,rgb_sar,0,2
0.058850933,7,rgb_sar,0,2
0.0110402,7,rgb_sar,0,2
0.016694907,7,rgb_sar,0,2
-0.006556386,7,rgb_sar,0,2
0.038629428,7,rgb_sar,0,2
0.21324633,8,rgb_sar,0,2
0.2624128,8,rgb_sar,0,2
0.29695755,8,rgb_sar,0,2
0.30147687,8,rgb_sar,0,2
0.0029918142,8,rgb_sar,0,2
-0.0790616,8,rgb_sar,0,2
-0.20095503,8,rgb_sar,0,2
-0.0100268535,8,rgb_sar,0,2
0.13946742,8,rgb_sar,0,2
0.12646018,8,rgb_sar,0,2
-0.013360556,8,rgb_sar,0,2
-0.03357438,8,rgb_sar,0,2
-0.027963087,8,rgb_sar,0,2
0.009588316,8,rgb_sar,0,2
0.13171157,8,rgb_sar,0,2
0.099725634,8,rgb_sar,0,2
0.19730033,8,rgb_sar,0,2
0.14859241,8,rgb_sar,0,2
0.16195734,8,rgb_sar,0,2
0.19681415,8,rgb_sar,0,2
0.16696863,8,rgb_sar,0,2
0.13420978,8,rgb_sar,0,2
0.1321244,8,rgb_sar,0,2
0.18317813,8,rgb_sar,0,2
0.17081952,8,rgb_sar,0,2
0.16416866,8,rgb_sar,0,2
0.17866176,8,rgb_sar,0,2
0.13387169,8,rgb_sar,0,2
0.16826178,8,rgb_sar,0,2
0.2787314,8,rgb_sar,0,2
0.24793819,8,rgb_sar,0,2
0.23243964,8,rgb_sar,0,2
0.1673874,8,rgb_sar,0,2
0.17610797,8,rgb_sar,0,2
0.130501,8,rgb_sar,0,2
0.12368359,8,rgb_sar,0,2
0.16436043,8,rgb_sar,0,2
0.17711298,8,rgb_sar,0,2
0.2929986,8,rgb_sar,0,2
0.18458855,8,rgb_sar,0,2
0.15878236,8,rgb_sar,0,2
0.24486388,8,rgb_sar,0,2
0.22383498,8,rgb_sar,0,2
0.24936046,8,rgb_sar,0,2
0.21229026,8,rgb_sar,0,2
0.20830655,8,rgb_sar,0,2
0.15296298,8,rgb_sar,0,2
0.15473765,8,rgb_sar,0,2
0.17224187,8,rgb_sar,0,2
0.25218856,8,rgb_sar,0,2
0.21734107,8,rgb_sar,0,2
0.16300903,8,rgb_sar,0,2
0.13174555,8,rgb_sar,0,2
0.126158,8,rgb_sar,0,2
0.22071633,8,rgb_sar,0,2
0.21766767,8,rgb_sar,0,2
0.20445955,8,rgb_sar,0,2
0.178357,8,rgb_sar,0,2
0.179249,8,rgb_sar,0,2
0.17144403,8,rgb_sar,0,2
0.22489938,8,rgb_sar,0,2
0.20731914,8,rgb_sar,0,2
0.11794706,8,rgb_sar,0,2
0.14883564,8,rgb_sar,0,2
0.10305616,8,rgb_sar,0,2
0.18885563,8,rgb_sar,0,2
0.18021405,8,rgb_sar,0,2
0.19501911,8,rgb_sar,0,2
0.20248462,8,rgb_sar,0,2
0.09673942,8,rgb_sar,0,2
0.19364075,8,rgb_sar,0,2
0.1502122,8,rgb_sar,0,2
0.036176726,2,rgb_sar,0,2
0.047561567,2,rgb_sar,0,2
0.06934489,2,rgb_sar,0,2
-0.11073038,2,rgb_sar,0,2
0.045524552,2,rgb_sar,0,2
0.077796,2,rgb_sar,0,2
0.123625994,2,rgb_sar,0,2
0.17671803,2,rgb_sar,0,2
0.056603298,2,rgb_sar,0,2
0.105399415,2,rgb_sar,0,2
-0.026763259,2,rgb_sar,0,2
0.030857962,2,rgb_sar,0,2
0.0033035157,2,rgb_sar,0,2
0.034189448,2,rgb_sar,0,2
0.103298604,2,rgb_sar,0,2
0.047585893,2,rgb_sar,0,2
0.14009842,2,rgb_sar,0,2
0.11724896,2,rgb_sar,0,2
0.07229823,2,rgb_sar,0,2
0.061850842,2,rgb_sar,0,2
0.1751281,2,rgb_sar,0,2
0.16523337,2,rgb_sar,0,2
-0.04745734,2,rgb_sar,0,2
0.043187153,2,rgb_sar,0,2
0.112372205,2,rgb_sar,0,2
0.08757713,2,rgb_sar,0,2
0.18836462,2,rgb_sar,0,2
0.21690387,2,rgb_sar,0,2
0.25359097,2,rgb_sar,0,2
0.26184198,2,rgb_sar,0,2
0.26478478,2,rgb_sar,0,2
0.33983427,2,rgb_sar,0,2
0.34604433,2,rgb_sar,0,2
0.19702172,2,rgb_sar,0,2
0.2311089,2,rgb_sar,0,2
0.304812,2,rgb_sar,0,2
0.27603903,2,rgb_sar,0,2
0.09329809,8,rgb_sar,0,2
-0.02316513,8,rgb_sar,0,2
-0.2251972,8,rgb_sar,0,2
-0.0011942713,8,rgb_sar,0,2
0.20653638,8,rgb_sar,0,2
0.17048992,8,rgb_sar,0,2
0.05274115,8,rgb_sar,0,2
0.03202536,8,rgb_sar,0,2
-0.04723755,8,rgb_sar,0,2
0.026405923,8,rgb_sar,0,2
0.16043687,8,rgb_sar,0,2
0.11430909,8,rgb_sar,0,2
0.13910249,8,rgb_sar,0,2
0.16406316,8,rgb_sar,0,2
0.20342235,8,rgb_sar,0,2
0.22258769,8,rgb_sar,0,2
0.2541489,8,rgb_sar,0,2
0.2837881,8,rgb_sar,0,2
0.29107958,8,rgb_sar,0,2
0.23085949,8,rgb_sar,0,2
0.21558991,8,rgb_sar,0,2
0.21423388,8,rgb_sar,0,2
0.08872828,8,rgb_sar,0,2
0.02005677,8,rgb_sar,0,2
0.079936005,8,rgb_sar,0,2
0.20339507,8,rgb_sar,0,2
0.2658606,8,rgb_sar,0,2
0.31973025,8,rgb_sar,0,2
0.27283168,8,rgb_sar,0,2
0.23219053,8,rgb_sar,0,2
0.16473383,8,rgb_sar,0,2
0.23280714,8,rgb_sar,0,2
0.1988084,8,rgb_sar,0,2
0.22413208,8,rgb_sar,0,2
0.18084967,8,rgb_sar,0,2
0.19081035,8,rgb_sar,0,2
0.23031375,8,rgb_sar,0,2
0.2175682,8,rgb_sar,0,2
0.24393919,8,rgb_sar,0,2
0.22553205,8,rgb_sar,0,2
0.19032522,8,rgb_sar,0,2
0.1507676,8,rgb_sar,0,2
0.20660302,8,rgb_sar,0,2
0.23094693,8,rgb_sar,0,2
0.1960623,8,rgb_sar,0,2
0.19791746,8,rgb_sar,0,2
0.1614057,8,rgb_sar,0,2
0.102252066,8,rgb_sar,0,2
0.14807376,8,rgb_sar,0,2
0.16504231,8,rgb_sar,0,2
0.18296856,8,rgb_sar,0,2
0.14991261,8,rgb_sar,0,2
0.19342971,8,rgb_sar,0,2
0.21821797,8,rgb_sar,0,2
0.17299983,8,rgb_sar,0,2
0.11041065,8,rgb_sar,0,2
0.07326918,8,rgb_sar,0,2
0.082341604,8,rgb_sar,0,2
0.21512173,8,rgb_sar,0,2
0.17018184,8,rgb_sar,0,2
0.095566496,8,rgb_sar,0,2
-0.003559038,8,rgb_sar,0,2
0.13164517,8,rgb_sar,0,2
0.1780042,8,rgb_sar,0,2
0.12979676,2,rgb_sar,0,2
0.062169727,2,rgb_sar,0,2
0.07567458,2,rgb_sar,0,2
-0.077335864,2,rgb_sar,0,2
0.11543684,2,rgb_sar,0,2
0.16714837,2,rgb_sar,0,2
0.1658642,2,rgb_sar,0,2
0.23742661,2,rgb_sar,0,2
0.09910881,2,rgb_sar,0,2
0.14120406,2,rgb_sar,0,2
0.011847738,2,rgb_sar,0,2
0.067540616,2,rgb_sar,0,2
0.02889945,2,rgb_sar,0,2
0.0422038,2,rgb_sar,0,2
0.11289306,2,rgb_sar,0,2
0.108317226,2,rgb_sar,0,2
0.13471356,2,rgb_sar,0,2
0.12450238,2,rgb_sar,0,2
0.05217085,2,rgb_sar,0,2
0.017268196,2,rgb_sar,0,2
0.10708461,2,rgb_sar,0,2
0.08833718,2,rgb_sar,0,2
-0.027248325,2,rgb_sar,0,2
0.09511823,2,rgb_sar,0,2
0.15427229,2,rgb_sar,0,2
0.12261424,2,rgb_sar,0,2
0.25520355,2,rgb_sar,0,2
0.19709504,2,rgb_sar,0,2
0.2418549,2,rgb_sar,0,2
0.2137988,2,rgb_sar,0,2
0.20918906,2,rgb_sar,0,2
0.28766945,2,rgb_sar,0,2
0.29020375,2,rgb_sar,0,2
0.16346127,2,rgb_sar,0,2
0.1961024,2,rgb_sar,0,2
0.27151006,2,rgb_sar,0,2
0.26832587,2,rgb_sar,0,2
0.120378375,7,rgb_sar,0,2
0.14900137,7,rgb_sar,0,2
0.19969036,7,rgb_sar,0,2
0.11719354,7,rgb_sar,0,2
0.10095339,7,rgb_sar,0,2
0.07888588,7,rgb_sar,0,2
0.052497134,7,rgb_sar,0,2
-0.021605521,7,rgb_sar,0,2
-0.049963452,7,rgb_sar,0,2
-0.05519183,7,rgb_sar,0,2
-0.10401127,7,rgb_sar,0,2
0.0032795873,7,rgb_sar,0,2
0.020378089,7,rgb_sar,0,2
0.027059313,7,rgb_sar,0,2
-0.0021100622,7,rgb_sar,0,2
0.023280263,7,rgb_sar,0,2
-0.04240202,7,rgb_sar,0,2
-0.0064260922,7,rgb_sar,0,2
0.04015987,7,rgb_sar,0,2
0.02353255,7,rgb_sar,0,2
-0.007107038,7,rgb_sar,0,2
0.090208106,7,rgb_sar,0,2
0.096748665,7,rgb_sar,0,2
0.1571645,7,rgb_sar,0,2
0.19774671,7,rgb_sar,0,2
0.113106675,7,rgb_sar,0,2
0.08571947,7,rgb_sar,0,2
0.1175091,7,rgb_sar,0,2
0.104990266,7,rgb_sar,0,2
0.070221804,7,rgb_sar,0,2
-0.0063399803,7,rgb_sar,0,2
-0.050882306,7,rgb_sar,0,2
-0.07658507,7,rgb_sar,0,2
0.051049624,7,rgb_sar,0,2
0.08955681,7,rgb_sar,0,2
0.11489718,7,rgb_sar,0,2
0.09376487,7,rgb_sar,0,2
0.029613439,7,rgb_sar,0,2
0.010797057,7,rgb_sar,0,2
0.06931789,7,rgb_sar,0,2
0.046087116,7,rgb_sar,0,2
-0.021957552,7,rgb_sar,0,2
0.014744019,7,rgb_sar,0,2
0.06051351,7,rgb_sar,0,2
0.02452607,2,rgb_sar,0,2
0.010529626,2,rgb_sar,0,2
0.0028738305,2,rgb_sar,0,2
-0.08474691,2,rgb_sar,0,2
0.07775049,2,rgb_sar,0,2
0.05770732,2,rgb_sar,0,2
0.10084508,2,rgb_sar,0,2
0.14549066,2,rgb_sar,0,2
0.081874594,2,rgb_sar,0,2
0.03571298,2,rgb_sar,0,2
0.031105397,2,rgb_sar,0,2
0.028923439,2,rgb_sar,0,2
-0.019995183,2,rgb_sar,0,2
0.060848273,2,rgb_sar,0,2
0.049412146,2,rgb_sar,0,2
0.0077954,2,rgb_sar,0,2
0.12324852,2,rgb_sar,0,2
0.11199973,2,rgb_sar,0,2
0.09834502,2,rgb_sar,0,2
0.121741496,2,rgb_sar,0,2
0.12261855,2,rgb_sar,0,2
0.1044914,2,rgb_sar,0,2
-0.011932663,2,rgb_sar,0,2
-0.0380559,2,rgb_sar,0,2
0.019101266,2,rgb_sar,0,2
0.036379844,2,rgb_sar,0,2
-0.023589587,2,rgb_sar,0,2
-0.00919725,2,rgb_sar,0,2
0.05560617,2,rgb_sar,0,2
0.039427284,2,rgb_sar,0,2
0.09423123,2,rgb_sar,0,2
0.17271855,2,rgb_sar,0,2
0.17726603,2,rgb_sar,0,2
0.08502077,2,rgb_sar,0,2
0.052187547,2,rgb_sar,0,2
0.02559394,2,rgb_sar,0,2
-0.036581464,2,rgb_sar,0,2
0.00045087934,2,rgb_sar,0,2
0.05020374,2,rgb_sar,0,2
-0.0107019935,2,rgb_sar,0,2
-0.010915959,2,rgb_sar,0,2
0.06421656,2,rgb_sar,0,2
0.10109486,2,rgb_sar,0,2
0.054635115,2,rgb_sar,0,2
0.06669703,2,rgb_sar,0,2
0.0037503932,2,rgb_sar,0,2
-0.069047205,2,rgb_sar,0,2
-0.03647301,2,rgb_sar,0,2
-0.049376823,2,rgb_sar,0,2
0.057950914,2,rgb_sar,0,2
-0.0037179813,2,rgb_sar,0,2
-0.01940673,2,rgb_sar,0,2
-0.04349722,2,rgb_sar,0,2
-0.025352392,2,rgb_sar,0,2
0.050553918,2,rgb_sar,0,2
0.019762054,2,rgb_sar,0,2
0.033122115,2,rgb_sar,0,2
0.07331137,2,rgb_sar,0,2
0.03840508,2,rgb_sar,0,2
0.106394365,2,rgb_sar,0,2
0.13368852,2,rgb_sar,0,2
0.09226751,2,rgb_sar,0,2
-0.042456344,2,rgb_sar,0,2
0.08449355,2,rgb_sar,0,2
0.051971707,2,rgb_sar,0,2
0.07275922,2,rgb_sar,0,2
0.12774613,2,rgb_sar,0,2
0.012835559,2,rgb_sar,0,2
0.07689205,2,rgb_sar,0,2
0.095366485,2,rgb_sar,0,2
0.014835626,2,rgb_sar,0,2
-0.06532887,2,rgb_sar,0,2
-0.044263814,2,rgb_sar,0,2
-0.009281386,2,rgb_sar,0,2
-0.048206292,2,rgb_sar,0,2
0.117183425,2,rgb_sar,0,2
0.20543298,2,rgb_sar,0,2
0.12654617,2,rgb_sar,0,2
0.051586963,2,rgb_sar,0,2
0.06705072,2,rgb_sar,0,2
0.06507285,2,rgb_sar,0,2
-0.00961519,2,rgb_sar,0,2
0.025415927,2,rgb_sar,0,2
0.048990786,2,rgb_sar,0,2
0.11189465,2,rgb_sar,0,2
-0.050518423,2,rgb_sar,0,2
0.004787734,2,rgb_sar,0,2
0.08890713,2,rgb_sar,0,2
0.053923577,2,rgb_sar,0,2
0.08037971,2,rgb_sar,0,2
0.14085808,2,rgb_sar,0,2
0.16022906,2,rgb_sar,0,2
0.040017404,2,rgb_sar,0,2
0.08269207,2,rgb_sar,0,2
0.09772386,2,rgb_sar,0,2
0.079580784,2,rgb_sar,0,2
-0.026332416,2,rgb_sar,0,2
0.06788725,2,rgb_sar,0,2
0.029992,2,rgb_sar,0,2
0.03392459,2,rgb_sar,0,2
0.14524741,2,rgb_sar,0,2
0.15017354,2,rgb_sar,0,2
0.112560935,2,rgb_sar,0,2
0.14310062,2,rgb_sar,0,2
0.07569643,2,rgb_sar,0,2
0.004834934,2,rgb_sar,0,2
0.037700184,2,rgb_sar,0,2
0.009107787,2,rgb_sar,0,2
0.1339899,2,rgb_sar,0,2
0.026158601,2,rgb_sar,0,2
0.16509995,2,rgb_sar,0,2
0.05840472,2,rgb_sar,0,2
0.121681914,2,rgb_sar,0,2
0.16115294,2,rgb_sar,0,2
0.02814755,2,rgb_sar,0,2
0.14776142,2,rgb_sar,0,2
0.17312814,2,rgb_sar,0,2
0.06748054,2,rgb_sar,0,2
0.13079785,2,rgb_sar,0,2
0.14724672,2,rgb_sar,0,2
0.118483484,2,rgb_sar,0,2
0.18247466,2,rgb_sar,0,2
0.28357604,2,rgb_sar,0,2
0.2062869,2,rgb_sar,0,2
0.16570081,2,rgb_sar,0,2
0.27120337,2,rgb_sar,0,2
0.25224194,2,rgb_sar,0,2
0.2334977,2,rgb_sar,0,2
0.025367692,2,rgb_sar,0,2
0.12661809,2,rgb_sar,0,2
0.21618801,2,rgb_sar,0,2
0.011675422,2,rgb_sar,0,2
0.080164015,2,rgb_sar,0,2
0.024283057,2,rgb_sar,0,2
0.115624115,2,rgb_sar,0,2
0.16478789,2,rgb_sar,0,2
0.10165489,2,rgb_sar,0,2
0.074900046,2,rgb_sar,0,2
0.12763128,2,rgb_sar,0,2
0.074000746,2,rgb_sar,0,2
0.1354889,2,rgb_sar,0,2
0.20364225,2,rgb_sar,0,2
0.18428135,2,rgb_sar,0,2
0.12909871,2,rgb_sar,0,2
0.22097906,2,rgb_sar,0,2
0.22520024,2,rgb_sar,0,2
0.1496119,2,rgb_sar,0,2
0.22940782,2,rgb_sar,0,2
0.2969949,2,rgb_sar,0,2
0.3043741,2,rgb_sar,0,2
0.10117302,2,rgb_sar,0,2
0.033338405,2,rgb_sar,0,2
0.14953512,2,rgb_sar,0,2
0.01896435,2,rgb_sar,0,2
-0.014944941,2,rgb_sar,0,2
0.045185547,2,rgb_sar,0,2
0.0016013179,2,rgb_sar,0,2
0.037422076,2,rgb_sar,0,2
0.04771405,2,rgb_sar,0,2
0.048152547,2,rgb_sar,0,2
0.0935324,2,rgb_sar,0,2
0.10977195,2,rgb_sar,0,2
0.24138185,8,rgb_sar,0,2
0.27379763,8,rgb_sar,0,2
0.2374816,8,rgb_sar,0,2
0.28176737,8,rgb_sar,0,2
0.23387288,8,rgb_sar,0,2
0.22674975,8,rgb_sar,0,2
0.25218034,8,rgb_sar,0,2
0.2569286,8,rgb_sar,0,2
0.41588962,8,rgb_sar,0,2
0.104894854,8,rgb_sar,0,2
0.026907485,8,rgb_sar,0,2
0.13877344,8,rgb_sar,0,2
0.28464097,8,rgb_sar,0,2
0.25243065,8,rgb_sar,0,2
0.25025418,8,rgb_sar,0,2
0.31432375,8,rgb_sar,0,2
0.4322089,8,rgb_sar,0,2
0.07070881,8,rgb_sar,0,2
0.0052434504,8,rgb_sar,0,2
0.15441102,8,rgb_sar,0,2
0.27571648,8,rgb_sar,0,2
0.23365098,8,rgb_sar,0,2
0.23040959,8,rgb_sar,0,2
0.2955724,8,rgb_sar,0,2
0.4213111,8,rgb_sar,0,2
0.04264418,8,rgb_sar,0,2
0.19753948,8,rgb_sar,0,2
0.29658785,8,rgb_sar,0,2
0.28409562,8,rgb_sar,0,2
0.2420018,8,rgb_sar,0,2
0.268161,8,rgb_sar,0,2
0.42540964,8,rgb_sar,0,2
0.10380459,8,rgb_sar,0,2
0.2070739,8,rgb_sar,0,2
0.3309843,8,rgb_sar,0,2
0.3015054,8,rgb_sar,0,2
0.27121136,8,rgb_sar,0,2
0.28666997,8,rgb_sar,0,2
0.45807755,8,rgb_sar,0,2
0.24241614,8,rgb_sar,0,2
0.35487568,8,rgb_sar,0,2
0.29874343,8,rgb_sar,0,2
0.26796472,8,rgb_sar,0,2
0.2988588,8,rgb_sar,0,2
0.45480812,8,rgb_sar,0,2
0.30789798,8,rgb_sar,0,2
0.25688535,8,rgb_sar,0,2
0.24083784,8,rgb_sar,0,2
0.3975235,8,rgb_sar,0,2
0.11735761,8,rgb_sar,0,2
0.24372587,8,rgb_sar,0,2
0.29746634,8,rgb_sar,0,2
0.35488585,8,rgb_sar,0,2
0.28913763,8,rgb_sar,0,2
0.31440598,8,rgb_sar,0,2
0.3477507,8,rgb_sar,0,2
0.39102364,8,rgb_sar,0,2
0.40681115,8,rgb_sar,0,2
0.146621,8,rgb_sar,0,2
0.12970357,8,rgb_sar,0,2
0.18819118,8,rgb_sar,0,2
0.3157578,8,rgb_sar,0,2
0.38073963,8,rgb_sar,0,2
0.38110846,8,rgb_sar,0,2
0.39699507,8,rgb_sar,0,2
0.40692204,8,rgb_sar,0,2
0.36326593,8,rgb_sar,0,2
0.10140757,8,rgb_sar,0,2
0.14402074,8,rgb_sar,0,2
0.24174806,8,rgb_sar,0,2
0.33530343,8,rgb_sar,0,2
0.40408194,8,rgb_sar,0,2
0.4167228,8,rgb_sar,0,2
0.40692532,8,rgb_sar,0,2
0.42578578,8,rgb_sar,0,2
0.38213676,8,rgb_sar,0,2
0.38733575,8,rgb_sar,0,2
0.37306705,8,rgb_sar,0,2
0.18341815,8,rgb_sar,0,2
0.31158417,8,rgb_sar,0,2
0.3618142,8,rgb_sar,0,2
0.3976179,8,rgb_sar,0,2
0.38561943,8,rgb_sar,0,2
0.36385947,8,rgb_sar,0,2
0.39237943,8,rgb_sar,0,2
0.3497064,8,rgb_sar,0,2
0.34203756,8,rgb_sar,0,2
0.207133,8,rgb_sar,0,2
0.19495067,8,rgb_sar,0,2
0.30194697,8,rgb_sar,0,2
0.35730147,8,rgb_sar,0,2
0.36785328,8,rgb_sar,0,2
0.3672396,8,rgb_sar,0,2
0.3450183,8,rgb_sar,0,2
0.38187188,8,rgb_sar,0,2
0.34652913,8,rgb_sar,0,2
0.30199832,8,rgb_sar,0,2
0.071177006,8,rgb_sar,0,2
0.29399934,8,rgb_sar,0,2
0.33938456,8,rgb_sar,0,2
0.33138067,8,rgb_sar,0,2
0.32232052,8,rgb_sar,0,2
0.326013,8,rgb_sar,0,2
0.3749591,8,rgb_sar,0,2
0.34608662,8,rgb_sar,0,2
0.3164947,8,rgb_sar,0,2
0.2975446,8,rgb_sar,0,2
0.30856186,8,rgb_sar,0,2
0.34008205,8,rgb_sar,0,2
0.29458636,8,rgb_sar,0,2
0.4172694,8,rgb_sar,0,2
0.42218074,8,rgb_sar,0,2
0.3344103,8,rgb_sar,0,2
0.27144322,8,rgb_sar,0,2
0.3620731,8,rgb_sar,0,2
0.2937948,8,rgb_sar,0,2
0.14875141,8,rgb_sar,0,2
0.36737004,8,rgb_sar,0,2
0.25820446,8,rgb_sar,0,2
0.008709291,8,rgb_sar,0,2
0.36829165,8,rgb_sar,0,2
0.3678717,8,rgb_sar,0,2
0.2239031,8,rgb_sar,0,2
0.21870834,8,rgb_sar,0,2
0.2596049,8,rgb_sar,0,2
0.29330707,8,rgb_sar,0,2
0.27360004,8,rgb_sar,0,2
0.31057146,8,rgb_sar,0,2
0.3130107,8,rgb_sar,0,2
0.34658128,8,rgb_sar,0,2
0.4845298,8,rgb_sar,0,2
0.1254183,8,rgb_sar,0,2
0.14724994,8,rgb_sar,0,2
0.23371693,8,rgb_sar,0,2
0.2893257,8,rgb_sar,0,2
0.36068052,8,rgb_sar,0,2
0.33370483,8,rgb_sar,0,2
0.3495201,8,rgb_sar,0,2
0.49860427,8,rgb_sar,0,2
0.08141571,8,rgb_sar,0,2
0.040913556,8,rgb_sar,0,2
0.19943938,8,rgb_sar,0,2
0.27905434,8,rgb_sar,0,2
0.36039063,8,rgb_sar,0,2
0.35207063,8,rgb_sar,0,2
0.35818547,8,rgb_sar,0,2
0.5040186,8,rgb_sar,0,2
0.16126926,8,rgb_sar,0,2
0.28584456,8,rgb_sar,0,2
0.32592392,8,rgb_sar,0,2
0.33955994,8,rgb_sar,0,2
0.3261009,8,rgb_sar,0,2
0.33959144,8,rgb_sar,0,2
0.505726,8,rgb_sar,0,2
0.18998967,8,rgb_sar,0,2
0.30597448,8,rgb_sar,0,2
0.34199658,8,rgb_sar,0,2
0.32290938,8,rgb_sar,0,2
0.3341162,8,rgb_sar,0,2
0.32881677,8,rgb_sar,0,2
0.49402094,8,rgb_sar,0,2
0.27935618,8,rgb_sar,0,2
0.35116103,8,rgb_sar,0,2
0.33238125,8,rgb_sar,0,2
0.34294093,8,rgb_sar,0,2
0.3439595,8,rgb_sar,0,2
0.51070046,8,rgb_sar,0,2
0.32695717,8,rgb_sar,0,2
0.33544022,8,rgb_sar,0,2
0.32617706,8,rgb_sar,0,2
0.48254687,8,rgb_sar,0,2
0.39142516,8,rgb_sar,0,2
0.38580126,8,rgb_sar,0,2
0.34681004,8,rgb_sar,0,2
0.33406067,8,rgb_sar,0,2
0.35786802,8,rgb_sar,0,2
0.37350047,8,rgb_sar,0,2
0.34883043,8,rgb_sar,0,2
0.36258376,8,rgb_sar,0,2
0.3635,8,rgb_sar,0,2
0.35064596,8,rgb_sar,0,2
0.34874642,8,rgb_sar,0,2
0.2964626,8,rgb_sar,0,2
0.30296648,8,rgb_sar,0,2
0.28328747,8,rgb_sar,0,2
0.28492582,8,rgb_sar,0,2
0.30170715,8,rgb_sar,0,2
0.2920422,8,rgb_sar,0,2
0.24860588,8,rgb_sar,0,2
0.35350633,8,rgb_sar,0,2
0.34330034,8,rgb_sar,0,2
0.31841373,8,rgb_sar,0,2
0.26024437,8,rgb_sar,0,2
0.19184266,8,rgb_sar,0,2
0.19557953,8,rgb_sar,0,2
0.18938917,8,rgb_sar,0,2
0.3322493,8,rgb_sar,0,2
0.3209811,8,rgb_sar,0,2
0.27704695,8,rgb_sar,0,2
0.16304362,8,rgb_sar,0,2
0.13774265,8,rgb_sar,0,2
0.11050117,8,rgb_sar,0,2
0.014131211,8,rgb_sar,0,2
0.32422423,8,rgb_sar,0,2
0.30577105,8,rgb_sar,0,2
0.2624141,8,rgb_sar,0,2
0.2990059,8,rgb_sar,0,2
0.2685529,8,rgb_sar,0,2
0.14084835,8,rgb_sar,0,2
0.24166349,8,rgb_sar,0,2
0.12487307,8,rgb_sar,0,2
0.033343744,8,rgb_sar,0,2
0.1719195,8,rgb_sar,0,2
0.2371718,8,rgb_sar,0,2
0.28309846,8,rgb_sar,0,2
0.31774354,8,rgb_sar,0,2
0.35060441,8,rgb_sar,0,2
0.33525378,8,rgb_sar,0,2
0.32497603,8,rgb_sar,0,2
0.39203066,8,rgb_sar,0,2
0.41125095,8,rgb_sar,0,2
0.09581516,8,rgb_sar,0,2
0.15307817,8,rgb_sar,0,2
0.299846,8,rgb_sar,0,2
0.33861065,8,rgb_sar,0,2
0.33817834,8,rgb_sar,0,2
0.3521647,8,rgb_sar,0,2
0.37831157,8,rgb_sar,0,2
0.37592235,8,rgb_sar,0,2
0.3848763,8,rgb_sar,0,2
0.11586471,8,rgb_sar,0,2
0.20194408,8,rgb_sar,0,2
0.33699763,8,rgb_sar,0,2
0.34796792,8,rgb_sar,0,2
0.37252235,8,rgb_sar,0,2
0.35777894,8,rgb_sar,0,2
0.3696317,8,rgb_sar,0,2
0.3826875,8,rgb_sar,0,2
0.38633984,8,rgb_sar,0,2
0.37103325,8,rgb_sar,0,2
0.2673854,8,rgb_sar,0,2
0.213694,8,rgb_sar,0,2
0.38810676,8,rgb_sar,0,2
0.38825184,8,rgb_sar,0,2
0.38670987,8,rgb_sar,0,2
0.38442183,8,rgb_sar,0,2
0.3897341,8,rgb_sar,0,2
0.39156115,8,rgb_sar,0,2
0.36622322,8,rgb_sar,0,2
0.3368432,8,rgb_sar,0,2
0.19676009,8,rgb_sar,0,2
0.23420367,8,rgb_sar,0,2
0.38742048,8,rgb_sar,0,2
0.4050176,8,rgb_sar,0,2
0.3749717,8,rgb_sar,0,2
0.39033622,8,rgb_sar,0,2
0.40153083,8,rgb_sar,0,2
0.3928616,8,rgb_sar,0,2
0.36990857,8,rgb_sar,0,2
0.32227403,8,rgb_sar,0,2
0.14027002,8,rgb_sar,0,2
0.3484761,8,rgb_sar,0,2
0.38663402,8,rgb_sar,0,2
0.38369143,8,rgb_sar,0,2
0.38798723,8,rgb_sar,0,2
0.40023917,8,rgb_sar,0,2
0.39153376,8,rgb_sar,0,2
0.33936602,8,rgb_sar,0,2
0.39955664,8,rgb_sar,0,2
0.40271956,8,rgb_sar,0,2
0.4269125,8,rgb_sar,0,2
0.39226168,8,rgb_sar,0,2
0.3386772,8,rgb_sar,0,2
0.28429875,8,rgb_sar,0,2
0.3132512,8,rgb_sar,0,2
0.3468964,8,rgb_sar,0,2
0.346366,8,rgb_sar,0,2
0.3725449,8,rgb_sar,0,2
0.42611778,8,rgb_sar,0,2
0.40224773,8,rgb_sar,0,2
0.33340293,8,rgb_sar,0,2
0.28054947,8,rgb_sar,0,2
0.31988892,8,rgb_sar,0,2
0.32014903,8,rgb_sar,0,2
0.31013146,8,rgb_sar,0,2
0.3325735,8,rgb_sar,0,2
0.3149971,8,rgb_sar,0,2
0.33866185,8,rgb_sar,0,2
0.29801813,8,rgb_sar,0,2
0.24903159,8,rgb_sar,0,2
0.24658135,8,rgb_sar,0,2
0.30330816,8,rgb_sar,0,2
0.30853382,8,rgb_sar,0,2
0.32129174,8,rgb_sar,0,2
0.29185605,8,rgb_sar,0,2
0.21264109,8,rgb_sar,0,2
0.16460499,8,rgb_sar,0,2
0.20307246,8,rgb_sar,0,2
0.30336624,8,rgb_sar,0,2
0.33985862,8,rgb_sar,0,2
0.316518,8,rgb_sar,0,2
0.22149211,8,rgb_sar,0,2
0.11358256,8,rgb_sar,0,2
0.11552906,8,rgb_sar,0,2
0.13522834,8,rgb_sar,0,2
0.32816756,8,rgb_sar,0,2
0.34292284,8,rgb_sar,0,2
0.3043616,8,rgb_sar,0,2
0.2396363,8,rgb_sar,0,2
0.14530402,8,rgb_sar,0,2
0.08286916,8,rgb_sar,0,2
0.25102594,8,rgb_sar,0,2
0.052982856,8,rgb_sar,0,2
0.011783639,8,rgb_sar,0,2
0.38779268,8,rgb_sar,0,2
0.3877462,8,rgb_sar,0,2
0.3052503,8,rgb_sar,0,2
0.23208737,8,rgb_sar,0,2
0.40497333,8,rgb_sar,0,2
0.31901157,8,rgb_sar,0,2
0.10280953,8,rgb_sar,0,2
0.42450973,8,rgb_sar,0,2
0.29597425,8,rgb_sar,0,2
-0.00043544918,8,rgb_sar,0,2
0.39841124,8,rgb_sar,0,2
0.40115818,8,rgb_sar,0,2
0.32595706,2,rgb_sar,0,2
0.430216,2,rgb_sar,0,2
0.121733904,2,rgb_sar,0,2
0.12615187,2,rgb_sar,0,2
0.14637847,2,rgb_sar,0,2
0.120005585,2,rgb_sar,0,2
0.2860631,2,rgb_sar,0,2
0.315011,2,rgb_sar,0,2
0.31824154,2,rgb_sar,0,2
0.23829593,2,rgb_sar,0,2
0.3467431,2,rgb_sar,0,2
0.21094307,2,rgb_sar,0,2
0.07907449,2,rgb_sar,0,2
0.4713853,2,rgb_sar,0,2
0.35624665,2,rgb_sar,0,2
0.24425344,2,rgb_sar,0,2
0.3424422,8,rgb_sar,0,2
0.3521351,8,rgb_sar,0,2
0.348175,8,rgb_sar,0,2
0.35911727,8,rgb_sar,0,2
0.38970652,8,rgb_sar,0,2
0.35715282,8,rgb_sar,0,2
0.2857737,8,rgb_sar,0,2
0.29419804,8,rgb_sar,0,2
0.29072383,8,rgb_sar,0,2
0.32959893,8,rgb_sar,0,2
0.33280122,8,rgb_sar,0,2
0.3134504,8,rgb_sar,0,2
0.30382073,8,rgb_sar,0,2
0.2509187,8,rgb_sar,0,2
0.25968453,8,rgb_sar,0,2
0.26885968,8,rgb_sar,0,2
0.28590536,8,rgb_sar,0,2
0.24173722,8,rgb_sar,0,2
0.33444107,8,rgb_sar,0,2
0.32403076,8,rgb_sar,0,2
0.2995269,8,rgb_sar,0,2
0.2539006,8,rgb_sar,0,2
0.1822082,8,rgb_sar,0,2
0.1722858,8,rgb_sar,0,2
0.16651498,8,rgb_sar,0,2
0.3518775,8,rgb_sar,0,2
0.32151824,8,rgb_sar,0,2
0.28706032,8,rgb_sar,0,2
0.23785499,8,rgb_sar,0,2
0.30407724,8,rgb_sar,0,2
0.21069828,8,rgb_sar,0,2
0.0451582,8,rgb_sar,0,2
0.36074662,8,rgb_sar,0,2
0.31896183,8,rgb_sar,0,2
0.25717953,8,rgb_sar,0,2
0.33955848,8,rgb_sar,0,2
0.26926664,8,rgb_sar,0,2
0.15655778,8,rgb_sar,0,2
0.29364836,8,rgb_sar,0,2
0.12866104,8,rgb_sar,0,2
-0.006853709,8,rgb_sar,0,2
0.32504576,8,rgb_sar,0,2
0.32587805,8,rgb_sar,0,2
0.34914842,8,rgb_sar,0,2
0.3814469,8,rgb_sar,0,2
0.36635834,8,rgb_sar,0,2
0.36658394,8,rgb_sar,0,2
0.3947053,8,rgb_sar,0,2
0.39447314,8,rgb_sar,0,2
0.36175787,8,rgb_sar,0,2
0.34819663,8,rgb_sar,0,2
0.36843187,8,rgb_sar,0,2
0.37280342,8,rgb_sar,0,2
0.39014548,8,rgb_sar,0,2
0.3115602,8,rgb_sar,0,2
0.31452155,8,rgb_sar,0,2
0.39058417,8,rgb_sar,0,2
0.34248555,8,rgb_sar,0,2
0.31304538,8,rgb_sar,0,2
0.36782596,8,rgb_sar,0,2
0.4037817,8,rgb_sar,0,2
0.37876087,8,rgb_sar,0,2
0.32548732,8,rgb_sar,0,2
0.1783234,8,rgb_sar,0,2
0.16095892,8,rgb_sar,0,2
0.22792092,8,rgb_sar,0,2
0.33058774,8,rgb_sar,0,2
0.36853182,8,rgb_sar,0,2
0.3575198,8,rgb_sar,0,2
0.23824023,8,rgb_sar,0,2
0.1174826,8,rgb_sar,0,2
0.061966974,8,rgb_sar,0,2
0.07638219,8,rgb_sar,0,2
0.35340285,8,rgb_sar,0,2
0.3278923,8,rgb_sar,0,2
0.2970693,8,rgb_sar,0,2
0.27964404,8,rgb_sar,0,2
0.19276612,8,rgb_sar,0,2
0.13862553,8,rgb_sar,0,2
0.2738882,8,rgb_sar,0,2
0.0991171,8,rgb_sar,0,2
0.088985965,8,rgb_sar,0,2
0.2628141,2,rgb_sar,0,2
0.22313917,2,rgb_sar,0,2
0.19035578,2,rgb_sar,0,2
0.15338847,2,rgb_sar,0,2
0.16856626,2,rgb_sar,0,2
0.10905011,2,rgb_sar,0,2
0.16176507,2,rgb_sar,0,2
0.10323368,2,rgb_sar,0,2
0.14514577,2,rgb_sar,0,2
0.046039905,2,rgb_sar,0,2
0.05835784,2,rgb_sar,0,2
0.027760673,2,rgb_sar,0,2
0.18449393,2,rgb_sar,0,2
0.20489103,2,rgb_sar,0,2
0.04257988,2,rgb_sar,0,2
-0.060359944,2,rgb_sar,0,2
0.1159194,2,rgb_sar,0,2
0.14720559,2,rgb_sar,0,2
0.080213025,2,rgb_sar,0,2
0.12403464,2,rgb_sar,0,2
0.16397405,2,rgb_sar,0,2
0.1620651,2,rgb_sar,0,2
0.15877257,2,rgb_sar,0,2
0.18212351,2,rgb_sar,0,2
0.18534583,2,rgb_sar,0,2
0.21508893,2,rgb_sar,0,2
0.12259773,2,rgb_sar,0,2
0.10392676,2,rgb_sar,0,2
0.1230475,2,rgb_sar,0,2
0.15409012,2,rgb_sar,0,2
0.1358901,2,rgb_sar,0,2
0.136807,2,rgb_sar,0,2
0.19070414,2,rgb_sar,0,2
0.16960257,2,rgb_sar,0,2
0.18483114,2,rgb_sar,0,2
0.086307034,2,rgb_sar,0,2
0.101783484,2,rgb_sar,0,2
0.09178679,2,rgb_sar,0,2
0.08169894,2,rgb_sar,0,2
-0.043514714,2,rgb_sar,0,2
0.028850764,2,rgb_sar,0,2
-0.12569137,2,rgb_sar,0,2
0.06061728,2,rgb_sar,0,2
0.08474477,2,rgb_sar,0,2
0.032562777,2,rgb_sar,0,2
-0.18396813,2,rgb_sar,0,2
-0.008222811,2,rgb_sar,0,2
0.11835051,2,rgb_sar,0,2
0.051159218,2,rgb_sar,0,2
0.06875767,2,rgb_sar,0,2
0.10880778,2,rgb_sar,0,2
0.13851482,2,rgb_sar,0,2
0.15605496,2,rgb_sar,0,2
0.13178742,2,rgb_sar,0,2
0.12158546,2,rgb_sar,0,2
0.14926857,2,rgb_sar,0,2
0.092861824,2,rgb_sar,0,2
0.13832861,2,rgb_sar,0,2
0.14340708,2,rgb_sar,0,2
0.11337875,2,rgb_sar,0,2
0.12861471,2,rgb_sar,0,2
0.107567675,2,rgb_sar,0,2
0.12754443,2,rgb_sar,0,2
0.13058397,2,rgb_sar,0,2
0.18038952,2,rgb_sar,0,2
0.053618547,2,rgb_sar,0,2
0.22225332,2,rgb_sar,0,2
0.29656398,2,rgb_sar,0,2
0.09545073,2,rgb_sar,0,2
-0.12951612,2,rgb_sar,0,2
-0.05543194,2,rgb_sar,0,2
0.071692966,2,rgb_sar,0,2
0.01375146,2,rgb_sar,0,2
0.028547384,2,rgb_sar,0,2
0.0367085,2,rgb_sar,0,2
0.026463963,2,rgb_sar,0,2
0.07927388,2,rgb_sar,0,2
0.06360794,2,rgb_sar,0,2
0.08606242,2,rgb_sar,0,2
0.15323183,2,rgb_sar,0,2
0.09127179,2,rgb_sar,0,2
0.10669449,2,rgb_sar,0,2
0.12941077,2,rgb_sar,0,2
0.120607644,2,rgb_sar,0,2
0.11907905,2,rgb_sar,0,2
0.09197787,2,rgb_sar,0,2
0.16820523,2,rgb_sar,0,2
0.1555917,2,rgb_sar,0,2
0.19554119,2,rgb_sar,0,2
0.008442698,2,rgb_sar,0,2
0.21110196,2,rgb_sar,0,2
0.26728964,2,rgb_sar,0,2
0.13440031,2,rgb_sar,0,2
-0.10181562,2,rgb_sar,0,2
0.040124677,2,rgb_sar,0,2
0.10296038,2,rgb_sar,0,2
0.07039131,2,rgb_sar,0,2
0.12717834,2,rgb_sar,0,2
0.11174686,2,rgb_sar,0,2
0.12475665,2,rgb_sar,0,2
0.088458814,2,rgb_sar,0,2
0.1477285,2,rgb_sar,0,2
0.15735301,2,rgb_sar,0,2
0.1955055,2,rgb_sar,0,2
0.122859225,2,rgb_sar,0,2
0.16366407,2,rgb_sar,0,2
0.19215946,2,rgb_sar,0,2
0.16218945,2,rgb_sar,0,2
0.15442246,2,rgb_sar,0,2
0.16115281,2,rgb_sar,0,2
0.15010567,2,rgb_sar,0,2
0.21211295,2,rgb_sar,0,2
0.114581496,7,rgb_sar,0,2
0.15642692,7,rgb_sar,0,2
0.24038382,7,rgb_sar,0,2
0.043789633,7,rgb_sar,0,2
-0.0020619975,7,rgb_sar,0,2
0.09615578,7,rgb_sar,0,2
-0.013580114,7,rgb_sar,0,2
-0.09217762,7,rgb_sar,0,2
0.039496772,7,rgb_sar,0,2
0.2601589,7,rgb_sar,0,2
-0.086114064,7,rgb_sar,0,2
-0.055798426,7,rgb_sar,0,2
0.0011869315,7,rgb_sar,0,2
0.20141262,7,rgb_sar,0,2
-0.028501697,7,rgb_sar,0,2
0.105936706,7,rgb_sar,0,2
0.028808773,7,rgb_sar,0,2
0.17507598,7,rgb_sar,0,2
-0.06732886,7,rgb_sar,0,2
0.015743926,7,rgb_sar,0,2
0.046440374,7,rgb_sar,0,2
0.15198755,7,rgb_sar,0,2
0.21184348,7,rgb_sar,0,2
0.24923873,7,rgb_sar,0,2
0.13583457,7,rgb_sar,0,2
0.17689759,7,rgb_sar,0,2
0.20250577,7,rgb_sar,0,2
0.2536166,7,rgb_sar,0,2
0.080432,7,rgb_sar,0,2
-0.008915356,7,rgb_sar,0,2
0.04009642,7,rgb_sar,0,2
0.05559144,7,rgb_sar,0,2
-0.05310841,7,rgb_sar,0,2
-0.011762463,7,rgb_sar,0,2
0.028842533,7,rgb_sar,0,2
-0.07349431,7,rgb_sar,0,2
-0.024788631,7,rgb_sar,0,2
0.030768063,7,rgb_sar,0,2
-0.041151643,7,rgb_sar,0,2
-0.039641585,7,rgb_sar,0,2
-0.023462787,7,rgb_sar,0,2
0.08120942,7,rgb_sar,0,2
0.20563605,7,rgb_sar,0,2
0.038498174,7,rgb_sar,0,2
0.04411837,7,rgb_sar,0,2
0.03393606,7,rgb_sar,0,2
-0.093515486,7,rgb_sar,0,2
0.02280604,7,rgb_sar,0,2
-0.00062367506,7,rgb_sar,0,2
-0.008954644,7,rgb_sar,0,2
-0.08780416,7,rgb_sar,0,2
-0.040744305,7,rgb_sar,0,2
-0.043841686,7,rgb_sar,0,2
0.05833595,7,rgb_sar,0,2
-0.005270278,7,rgb_sar,0,2
0.003384767,7,rgb_sar,0,2
-0.0059593767,7,rgb_sar,0,2
0.0141647365,7,rgb_sar,0,2
0.052707523,7,rgb_sar,0,2
-0.0853001,7,rgb_sar,0,2
0.024532702,7,rgb_sar,0,2
-0.03447809,7,rgb_sar,0,2
-0.028925564,7,rgb_sar,0,2
0.016262721,7,rgb_sar,0,2
-0.01432636,7,rgb_sar,0,2
0.023615707,7,rgb_sar,0,2
0.07252227,7,rgb_sar,0,2
0.14557575,7,rgb_sar,0,2
0.07680122,7,rgb_sar,0,2
0.16463503,7,rgb_sar,0,2
0.078083195,7,rgb_sar,0,2
0.18549758,7,rgb_sar,0,2
0.0062745884,7,rgb_sar,0,2
0.074510254,7,rgb_sar,0,2
0.1775261,7,rgb_sar,0,2
-0.026829468,7,rgb_sar,0,2
-0.0485651,7,rgb_sar,0,2
-0.06862037,7,rgb_sar,0,2
0.027482571,7,rgb_sar,0,2
-0.036541574,7,rgb_sar,0,2
-0.08061719,7,rgb_sar,0,2
0.09410047,7,rgb_sar,0,2
-0.03738697,7,rgb_sar,0,2
0.025279406,7,rgb_sar,0,2
-0.04725742,7,rgb_sar,0,2
0.070004866,7,rgb_sar,0,2
-0.024332503,7,rgb_sar,0,2
0.08898857,7,rgb_sar,0,2
0.004508203,7,rgb_sar,0,2
0.13394421,7,rgb_sar,0,2
-0.10041686,7,rgb_sar,0,2
-0.050815873,7,rgb_sar,0,2
-0.021702813,7,rgb_sar,0,2
0.12942153,7,rgb_sar,0,2
0.15570655,7,rgb_sar,0,2
0.22889175,7,rgb_sar,0,2
0.091987446,7,rgb_sar,0,2
0.13122731,7,rgb_sar,0,2
0.18810996,7,rgb_sar,0,2
0.23584859,7,rgb_sar,0,2
0.02202192,7,rgb_sar,0,2
-0.032286808,7,rgb_sar,0,2
0.026154805,7,rgb_sar,0,2
0.031007707,7,rgb_sar,0,2
-0.040063303,7,rgb_sar,0,2
-0.015597204,7,rgb_sar,0,2
0.022261811,7,rgb_sar,0,2
-0.06673499,7,rgb_sar,0,2
-0.037270777,7,rgb_sar,0,2
0.048446834,7,rgb_sar,0,2
0.004418319,7,rgb_sar,0,2
-0.043208193,7,rgb_sar,0,2
-0.050945003,7,rgb_sar,0,2
-0.05441137,7,rgb_sar,0,2
0.086219266,7,rgb_sar,0,2
0.0328371,7,rgb_sar,0,2
0.003368333,7,rgb_sar,0,2
0.016076356,7,rgb_sar,0,2
-0.1153218,7,rgb_sar,0,2
-0.039399307,7,rgb_sar,0,2
-0.009666723,7,rgb_sar,0,2
-0.008676462,7,rgb_sar,0,2
-0.08820559,7,rgb_sar,0,2
-0.033659663,7,rgb_sar,0,2
-0.057333425,7,rgb_sar,0,2
0.09761555,7,rgb_sar,0,2
0.17806269,7,rgb_sar,0,2
0.07696953,7,rgb_sar,0,2
-0.015117921,7,rgb_sar,0,2
0.032300573,7,rgb_sar,0,2
0.07695385,7,rgb_sar,0,2
-0.09430832,7,rgb_sar,0,2
0.01574193,7,rgb_sar,0,2
0.004205739,7,rgb_sar,0,2
0.018336825,7,rgb_sar,0,2
0.060993675,7,rgb_sar,0,2
0.003133676,7,rgb_sar,0,2
0.01247703,7,rgb_sar,0,2
0.01431503,7,rgb_sar,0,2
0.14143007,7,rgb_sar,0,2
0.107461765,7,rgb_sar,0,2
0.14884897,7,rgb_sar,0,2
0.055949137,7,rgb_sar,0,2
0.21698397,7,rgb_sar,0,2
0.16233447,6,rgb_sar,0,2
0.14084893,6,rgb_sar,0,2
0.105059884,6,rgb_sar,0,2
0.089863546,6,rgb_sar,0,2
0.08482152,6,rgb_sar,0,2
0.04449743,6,rgb_sar,0,2
0.17057174,6,rgb_sar,0,2
0.16365144,6,rgb_sar,0,2
0.14275089,6,rgb_sar,0,2
0.103729054,6,rgb_sar,0,2
0.12657171,6,rgb_sar,0,2
0.20491108,6,rgb_sar,0,2
0.17020106,6,rgb_sar,0,2
0.18068579,6,rgb_sar,0,2
0.19449791,6,rgb_sar,0,2
0.20971079,6,rgb_sar,0,2
0.22791328,6,rgb_sar,0,2
0.18373546,6,rgb_sar,0,2
0.19008246,6,rgb_sar,0,2
0.19674668,6,rgb_sar,0,2
0.1757653,6,rgb_sar,0,2
0.21499082,6,rgb_sar,0,2
0.1248988,6,rgb_sar,0,2
0.09640982,6,rgb_sar,0,2
0.17777811,6,rgb_sar,0,2
0.18569623,6,rgb_sar,0,2
0.15726063,6,rgb_sar,0,2
0.054836098,6,rgb_sar,0,2
0.04977303,6,rgb_sar,0,2
0.09062494,6,rgb_sar,0,2
0.13331032,6,rgb_sar,0,2
0.17325076,6,rgb_sar,0,2
0.13726774,6,rgb_sar,0,2
0.14282636,6,rgb_sar,0,2
0.13830514,6,rgb_sar,0,2
0.15677072,6,rgb_sar,0,2
0.14633271,6,rgb_sar,0,2
0.16797028,6,rgb_sar,0,2
0.15397519,6,rgb_sar,0,2
0.15119228,6,rgb_sar,0,2
0.15657637,6,rgb_sar,0,2
0.18142256,6,rgb_sar,0,2
0.21354842,6,rgb_sar,0,2
0.1454511,6,rgb_sar,0,2
0.14566332,6,rgb_sar,0,2
0.15782697,6,rgb_sar,0,2
0.211229,6,rgb_sar,0,2
0.25597715,6,rgb_sar,0,2
0.15720417,6,rgb_sar,0,2
0.14532688,6,rgb_sar,0,2
0.14321235,6,rgb_sar,0,2
0.11388489,6,rgb_sar,0,2
0.083385386,6,rgb_sar,0,2
0.14289519,6,rgb_sar,0,2
0.022884462,6,rgb_sar,0,2
0.064637326,6,rgb_sar,0,2
0.15465465,6,rgb_sar,0,2
0.29032153,6,rgb_sar,0,2
0.27001256,6,rgb_sar,0,2
0.06648455,6,rgb_sar,0,2
0.08533478,6,rgb_sar,0,2
0.14050677,6,rgb_sar,0,2
0.2975255,6,rgb_sar,0,2
0.26521832,6,rgb_sar,0,2
0.24611211,3,rgb_sar,0,2
0.24829543,3,rgb_sar,0,2
0.069256745,3,rgb_sar,0,2
-0.012593791,3,rgb_sar,0,2
-0.08798884,3,rgb_sar,0,2
0.015404832,3,rgb_sar,0,2
-0.051852766,3,rgb_sar,0,2
-0.08529258,3,rgb_sar,0,2
0.06560548,3,rgb_sar,0,2
0.049341027,3,rgb_sar,0,2
0.014722198,3,rgb_sar,0,2
0.12541214,3,rgb_sar,0,2
0.21800527,3,rgb_sar,0,2
0.10056262,3,rgb_sar,0,2
0.019447321,3,rgb_sar,0,2
0.05190672,3,rgb_sar,0,2
0.05429496,3,rgb_sar,0,2
-0.058309585,3,rgb_sar,0,2
-0.05897121,3,rgb_sar,0,2
-0.016192496,3,rgb_sar,0,2
0.12798972,3,rgb_sar,0,2
0.06888149,3,rgb_sar,0,2
-0.07496976,3,rgb_sar,0,2
-0.033971276,3,rgb_sar,0,2
0.09566567,3,rgb_sar,0,2
0.060583137,3,rgb_sar,0,2
-0.1290318,3,rgb_sar,0,2
-0.12344164,3,rgb_sar,0,2
0.04374206,3,rgb_sar,0,2
0.07831533,3,rgb_sar,0,2
-0.056501716,3,rgb_sar,0,2
0.022827419,3,rgb_sar,0,2
0.005173832,3,rgb_sar,0,2
0.07251538,3,rgb_sar,0,2
0.061447665,3,rgb_sar,0,2
0.09747979,3,rgb_sar,0,2
-0.07090908,3,rgb_sar,0,2
0.0026244707,3,rgb_sar,0,2
-0.012102932,3,rgb_sar,0,2
-0.032427594,3,rgb_sar,0,2
-0.12584494,3,rgb_sar,0,2
-0.09994088,3,rgb_sar,0,2
-0.019037671,3,rgb_sar,0,2
0.08078097,3,rgb_sar,0,2
0.07037552,3,rgb_sar,0,2
0.014817532,3,rgb_sar,0,2
0.010269392,3,rgb_sar,0,2
-0.018785376,3,rgb_sar,0,2
0.0057751164,3,rgb_sar,0,2
-0.018404543,3,rgb_sar,0,2
-0.06331934,3,rgb_sar,0,2
0.23823525,3,rgb_sar,0,2
0.39002687,3,rgb_sar,0,2
0.119729616,3,rgb_sar,0,2
0.035757154,3,rgb_sar,0,2
0.2334924,3,rgb_sar,0,2
0.21624905,3,rgb_sar,0,2
0.31397805,3,rgb_sar,0,2
0.10528254,3,rgb_sar,0,2
0.06881323,3,rgb_sar,0,2
0.24983805,3,rgb_sar,0,2
0.24869919,3,rgb_sar,0,2
0.13997068,3,rgb_sar,0,2
-0.010281308,3,rgb_sar,0,2
-0.028594255,3,rgb_sar,0,2
0.07912175,3,rgb_sar,0,2
0.017889945,3,rgb_sar,0,2
-0.081946924,3,rgb_sar,0,2
0.085033245,3,rgb_sar,0,2
0.076311745,3,rgb_sar,0,2
0.00026129186,3,rgb_sar,0,2
0.04137527,3,rgb_sar,0,2
0.23762818,3,rgb_sar,0,2
0.15403566,3,rgb_sar,0,2
0.11498675,3,rgb_sar,0,2
0.08316536,3,rgb_sar,0,2
0.009669062,3,rgb_sar,0,2
-0.06714767,3,rgb_sar,0,2
-0.07042292,3,rgb_sar,0,2
-0.07123229,3,rgb_sar,0,2
0.120770454,3,rgb_sar,0,2
0.11036767,3,rgb_sar,0,2
-0.037345022,3,rgb_sar,0,2
-0.00095071085,3,rgb_sar,0,2
0.045283414,3,rgb_sar,0,2
0.0029626535,3,rgb_sar,0,2
-0.081630304,3,rgb_sar,0,2
-0.09256022,3,rgb_sar,0,2
0.08960135,3,rgb_sar,0,2
0.057857126,3,rgb_sar,0,2
-0.047730424,3,rgb_sar,0,2
0.0981329,3,rgb_sar,0,2
0.06746887,3,rgb_sar,0,2
0.097324654,3,rgb_sar,0,2
0.108240984,3,rgb_sar,0,2
0.078852475,3,rgb_sar,0,2
-0.068773545,3,rgb_sar,0,2
-0.010150779,3,rgb_sar,0,2
-0.023671206,3,rgb_sar,0,2
-0.026999937,3,rgb_sar,0,2
-0.1280593,3,rgb_sar,0,2
-0.075975694,3,rgb_sar,0,2
0.013323016,3,rgb_sar,0,2
0.07536614,3,rgb_sar,0,2
0.06264544,3,rgb_sar,0,2
-0.02664698,3,rgb_sar,0,2
-0.026021047,3,rgb_sar,0,2
-0.030143581,3,rgb_sar,0,2
-0.022154469,3,rgb_sar,0,2
-0.046718232,3,rgb_sar,0,2
0.029347502,3,rgb_sar,0,2
0.21659435,3,rgb_sar,0,2
0.27252722,3,rgb_sar,0,2
0.06457322,3,rgb_sar,0,2
0.06830467,3,rgb_sar,0,2
0.2406061,3,rgb_sar,0,2
0.220066,3,rgb_sar,0,2
0.13241698,3,rgb_sar,0,2
0.024074301,3,rgb_sar,0,2
0.06667442,3,rgb_sar,0,2
0.1791161,6,rgb_sar,0,2
0.15512758,6,rgb_sar,0,2
0.13525116,6,rgb_sar,0,2
0.053060632,6,rgb_sar,0,2
0.09966464,6,rgb_sar,0,2
0.2009469,6,rgb_sar,0,2
0.22806126,6,rgb_sar,0,2
0.21187562,6,rgb_sar,0,2
0.22605005,6,rgb_sar,0,2
0.15980147,6,rgb_sar,0,2
0.1328876,6,rgb_sar,0,2
0.18589815,6,rgb_sar,0,2
0.16634136,6,rgb_sar,0,2
0.1996094,6,rgb_sar,0,2
0.17727265,6,rgb_sar,0,2
0.19462383,6,rgb_sar,0,2
0.19147149,6,rgb_sar,0,2
0.17040431,6,rgb_sar,0,2
0.14788589,6,rgb_sar,0,2
0.169697,6,rgb_sar,0,2
0.18946287,6,rgb_sar,0,2
0.16541947,6,rgb_sar,0,2
0.120916694,6,rgb_sar,0,2
0.13998336,6,rgb_sar,0,2
0.14653128,6,rgb_sar,0,2
0.22035615,6,rgb_sar,0,2
0.2145053,6,rgb_sar,0,2
0.13510558,6,rgb_sar,0,2
0.09798756,6,rgb_sar,0,2
0.097522184,6,rgb_sar,0,2
0.1843482,6,rgb_sar,0,2
0.2211504,6,rgb_sar,0,2
0.0724369,6,rgb_sar,0,2
0.11551121,6,rgb_sar,0,2
0.06303504,6,rgb_sar,0,2
0.034115665,6,rgb_sar,0,2
0.067679636,6,rgb_sar,0,2
0.14881074,6,rgb_sar,0,2
0.16710931,6,rgb_sar,0,2
0.18889014,6,rgb_sar,0,2
0.17587891,6,rgb_sar,0,2
0.1499661,6,rgb_sar,0,2
0.14769393,6,rgb_sar,0,2
0.14683086,6,rgb_sar,0,2
0.18521327,6,rgb_sar,0,2
0.22952132,6,rgb_sar,0,2
0.28792822,6,rgb_sar,0,2
0.27968484,6,rgb_sar,0,2
0.17482753,6,rgb_sar,0,2
0.22151612,6,rgb_sar,0,2
0.19181617,6,rgb_sar,0,2
0.15905596,6,rgb_sar,0,2
0.12675159,6,rgb_sar,0,2
0.16874121,6,rgb_sar,0,2
0.07702361,6,rgb_sar,0,2
0.06555116,6,rgb_sar,0,2
0.16687225,6,rgb_sar,0,2
0.28279662,6,rgb_sar,0,2
0.21915826,6,rgb_sar,0,2
0.109993,6,rgb_sar,0,2
0.05066686,6,rgb_sar,0,2
0.13132016,6,rgb_sar,0,2
0.21455686,6,rgb_sar,0,2
0.26594913,6,rgb_sar,0,2
0.08601398,3,rgb_sar,0,2
0.15626694,3,rgb_sar,0,2
0.11302955,3,rgb_sar,0,2
0.04364887,3,rgb_sar,0,2
-0.06376914,3,rgb_sar,0,2
0.03312094,3,rgb_sar,0,2
-0.048461113,3,rgb_sar,0,2
-0.12675457,3,rgb_sar,0,2
0.049426764,3,rgb_sar,0,2
0.07194739,3,rgb_sar,0,2
0.01072384,3,rgb_sar,0,2
0.04548844,3,rgb_sar,0,2
0.12820852,3,rgb_sar,0,2
0.11113802,3,rgb_sar,0,2
0.055437826,3,rgb_sar,0,2
0.038362585,3,rgb_sar,0,2
0.047080025,3,rgb_sar,0,2
-0.012118521,3,rgb_sar,0,2
-0.0066075493,3,rgb_sar,0,2
-0.022827039,3,rgb_sar,0,2
0.07862124,3,rgb_sar,0,2
0.10600974,3,rgb_sar,0,2
-0.039640184,3,rgb_sar,0,2
-0.07449336,3,rgb_sar,0,2
0.12892814,3,rgb_sar,0,2
0.096576594,3,rgb_sar,0,2
-0.06891278,3,rgb_sar,0,2
-0.08479802,3,rgb_sar,0,2
0.09108526,3,rgb_sar,0,2
0.15868792,3,rgb_sar,0,2
0.012101287,3,rgb_sar,0,2
0.027280547,3,rgb_sar,0,2
0.021632332,3,rgb_sar,0,2
0.10655501,3,rgb_sar,0,2
0.13669644,3,rgb_sar,0,2
0.14043216,3,rgb_sar,0,2
-0.024228381,3,rgb_sar,0,2
0.067393675,3,rgb_sar,0,2
-0.00870271,3,rgb_sar,0,2
-0.060186792,3,rgb_sar,0,2
-0.12498766,3,rgb_sar,0,2
-0.112164766,3,rgb_sar,0,2
-0.0163878,3,rgb_sar,0,2
0.084476516,3,rgb_sar,0,2
0.046168484,3,rgb_sar,0,2
-0.040572204,3,rgb_sar,0,2
-0.05464592,3,rgb_sar,0,2
-0.07423314,3,rgb_sar,0,2
-0.043493226,3,rgb_sar,0,2
-0.09326014,3,rgb_sar,0,2
-0.09325136,3,rgb_sar,0,2
0.20514487,3,rgb_sar,0,2
0.23995104,3,rgb_sar,0,2
0.124966756,3,rgb_sar,0,2
0.1033421,3,rgb_sar,0,2
0.20616108,3,rgb_sar,0,2
0.21147688,3,rgb_sar,0,2
0.16849129,3,rgb_sar,0,2
0.120153755,3,rgb_sar,0,2
0.10704927,3,rgb_sar,0,2
0.10071884,3,rgb_sar,0,2
0.10941914,3,rgb_sar,0,2
0.11599396,3,rgb_sar,0,2
0.101053394,3,rgb_sar,0,2
-0.10062785,3,rgb_sar,0,2
-0.012064867,3,rgb_sar,0,2
0.05898961,3,rgb_sar,0,2
-0.0027884506,3,rgb_sar,0,2
-0.030048575,3,rgb_sar,0,2
0.004554514,3,rgb_sar,0,2
-0.027023196,3,rgb_sar,0,2
0.048975646,3,rgb_sar,0,2
0.20484936,3,rgb_sar,0,2
0.14732039,3,rgb_sar,0,2
0.08287516,3,rgb_sar,0,2
0.081851855,3,rgb_sar,0,2
-0.05464516,3,rgb_sar,0,2
-0.051297396,3,rgb_sar,0,2
-0.05611458,3,rgb_sar,0,2
-0.083941124,3,rgb_sar,0,2
0.091101736,3,rgb_sar,0,2
0.08819677,3,rgb_sar,0,2
-0.10529187,3,rgb_sar,0,2
-0.06829159,3,rgb_sar,0,2
0.080348074,3,rgb_sar,0,2
0.024585472,3,rgb_sar,0,2
-0.05249257,3,rgb_sar,0,2
-0.08267999,3,rgb_sar,0,2
0.084430076,3,rgb_sar,0,2
0.0951423,3,rgb_sar,0,2
-0.06798803,3,rgb_sar,0,2
0.05504262,3,rgb_sar,0,2
0.075352505,3,rgb_sar,0,2
0.119683914,3,rgb_sar,0,2
0.17011593,3,rgb_sar,0,2
0.19955653,3,rgb_sar,0,2
-0.033765715,3,rgb_sar,0,2
-0.0006980933,3,rgb_sar,0,2
0.031794474,3,rgb_sar,0,2
0.02123824,3,rgb_sar,0,2
-0.11742509,3,rgb_sar,0,2
-0.105644055,3,rgb_sar,0,2
0.023823574,3,rgb_sar,0,2
0.19738212,3,rgb_sar,0,2
0.12506253,3,rgb_sar,0,2
-0.051225353,3,rgb_sar,0,2
-0.05327431,3,rgb_sar,0,2
0.015580626,3,rgb_sar,0,2
0.038630817,3,rgb_sar,0,2
-0.02783853,3,rgb_sar,0,2
-0.006870618,3,rgb_sar,0,2
0.23363265,3,rgb_sar,0,2
0.2617392,3,rgb_sar,0,2
0.01795561,3,rgb_sar,0,2
0.041654408,3,rgb_sar,0,2
0.3222264,3,rgb_sar,0,2
0.28953063,3,rgb_sar,0,2
0.20893651,3,rgb_sar,0,2
0.030043645,3,rgb_sar,0,2
0.07565761,3,rgb_sar,0,2
0.00010977872,2,rgb_sar,0,2
-0.03924296,2,rgb_sar,0,2
0.022457443,2,rgb_sar,0,2
0.08487293,2,rgb_sar,0,2
0.14377214,2,rgb_sar,0,2
0.058488637,2,rgb_sar,0,2
-0.005247319,2,rgb_sar,0,2
0.017386122,2,rgb_sar,0,2
0.0406992,2,rgb_sar,0,2
0.111067444,2,rgb_sar,0,2
-0.0040529035,2,rgb_sar,0,2
-0.019706827,2,rgb_sar,0,2
0.031039,2,rgb_sar,0,2
-0.024190113,2,rgb_sar,0,2
0.039242186,2,rgb_sar,0,2
0.05444248,2,rgb_sar,0,2
0.09897009,2,rgb_sar,0,2
0.053340957,2,rgb_sar,0,2
0.06619412,2,rgb_sar,0,2
0.038627163,2,rgb_sar,0,2
-0.010830993,2,rgb_sar,0,2
0.047364276,2,rgb_sar,0,2
0.06445855,2,rgb_sar,0,2
0.12411394,2,rgb_sar,0,2
0.14611945,2,rgb_sar,0,2
0.18660142,2,rgb_sar,0,2
0.1251849,2,rgb_sar,0,2
0.053161655,2,rgb_sar,0,2
0.13679393,2,rgb_sar,0,2
0.158297,2,rgb_sar,0,2
0.11551507,2,rgb_sar,0,2
0.29972288,2,rgb_sar,0,2
0.21430176,2,rgb_sar,0,2
0.14238346,2,rgb_sar,0,2
0.07561071,2,rgb_sar,0,2
0.022179106,2,rgb_sar,0,2
0.114213094,2,rgb_sar,0,2
0.14543238,2,rgb_sar,0,2
0.112876534,2,rgb_sar,0,2
0.16667095,2,rgb_sar,0,2
0.053857904,2,rgb_sar,0,2
0.087324984,2,rgb_sar,0,2
0.08202139,2,rgb_sar,0,2
0.09587762,2,rgb_sar,0,2
0.18733056,2,rgb_sar,0,2
0.1651823,2,rgb_sar,0,2
0.19586712,2,rgb_sar,0,2
0.15049343,2,rgb_sar,0,2
-0.041450687,2,rgb_sar,0,2
0.022425815,2,rgb_sar,0,2
0.14975753,2,rgb_sar,0,2
0.163272,2,rgb_sar,0,2
0.23116285,2,rgb_sar,0,2
0.2357634,2,rgb_sar,0,2
0.12562133,2,rgb_sar,0,2
0.22917032,2,rgb_sar,0,2
-0.041203193,2,rgb_sar,0,2
-0.029125728,2,rgb_sar,0,2
0.032126117,2,rgb_sar,0,2
0.04122324,2,rgb_sar,0,2
0.08301461,2,rgb_sar,0,2
0.044162475,2,rgb_sar,0,2
0.08414094,2,rgb_sar,0,2
0.18812144,2,rgb_sar,0,2
0.14202678,2,rgb_sar,0,2
0.1576682,2,rgb_sar,0,2
0.071605295,2,rgb_sar,0,2
0.11346366,2,rgb_sar,0,2
0.08959937,2,rgb_sar,0,2
0.07072365,2,rgb_sar,0,2
0.09101877,2,rgb_sar,0,2
0.061074503,2,rgb_sar,0,2
0.08754788,2,rgb_sar,0,2
0.20780842,2,rgb_sar,0,2
0.06620373,2,rgb_sar,0,2
0.05779129,2,rgb_sar,0,2
0.09737263,2,rgb_sar,0,2
0.17432275,2,rgb_sar,0,2
0.113472134,2,rgb_sar,0,2
0.079234414,2,rgb_sar,0,2
0.101170376,2,rgb_sar,0,2
0.115118854,2,rgb_sar,0,2
0.105145656,2,rgb_sar,0,2
0.22975454,2,rgb_sar,0,2
0.10640356,2,rgb_sar,0,2
0.07111817,2,rgb_sar,0,2
0.11791004,2,rgb_sar,0,2
0.10982594,2,rgb_sar,0,2
0.1270685,2,rgb_sar,0,2
0.019524287,2,rgb_sar,0,2
0.15867126,2,rgb_sar,0,2
0.169541,2,rgb_sar,0,2
0.1323755,2,rgb_sar,0,2
0.2551843,2,rgb_sar,0,2
0.16526848,2,rgb_sar,0,2
0.14005512,2,rgb_sar,0,2
0.11311245,2,rgb_sar,0,2
0.09856875,2,rgb_sar,0,2
0.06594247,2,rgb_sar,0,2
0.23628902,2,rgb_sar,0,2
0.22764662,2,rgb_sar,0,2
0.17124535,2,rgb_sar,0,2
0.29221714,2,rgb_sar,0,2
0.058394395,2,rgb_sar,0,2
0.065990895,2,rgb_sar,0,2
0.2471719,2,rgb_sar,0,2
0.1802148,2,rgb_sar,0,2
0.08903382,2,rgb_sar,0,2
-0.018018275,2,rgb_sar,0,2
-0.010421231,2,rgb_sar,0,2
0.023588318,2,rgb_sar,0,2
0.08233574,2,rgb_sar,0,2
0.050451532,2,rgb_sar,0,2
0.041180238,2,rgb_sar,0,2
0.027106786,2,rgb_sar,0,2
0.11382752,2,rgb_sar,0,2
0.14779083,2,rgb_sar,0,2
0.059959337,2,rgb_sar,0,2
0.028527394,2,rgb_sar,0,2
0.034971252,2,rgb_sar,0,2
0.023417745,2,rgb_sar,0,2
-0.066940434,2,rgb_sar,0,2
0.08253452,2,rgb_sar,0,2
0.037912577,2,rgb_sar,0,2
0.10001257,2,rgb_sar,0,2
0.0657503,2,rgb_sar,0,2
0.070876196,2,rgb_sar,0,2
0.0047127455,2,rgb_sar,0,2
-0.08704161,2,rgb_sar,0,2
0.068035886,2,rgb_sar,0,2
0.049519304,2,rgb_sar,0,2
0.04549943,2,rgb_sar,0,2
0.03635823,2,rgb_sar,0,2
0.12987117,2,rgb_sar,0,2
0.13256136,2,rgb_sar,0,2
0.025459353,2,rgb_sar,0,2
0.21341012,2,rgb_sar,0,2
0.23044488,2,rgb_sar,0,2
0.049389202,2,rgb_sar,0,2
0.09728618,2,rgb_sar,0,2
0.100424536,2,rgb_sar,0,2
0.027029984,2,rgb_sar,0,2
0.110955715,2,rgb_sar,0,2
-0.007777565,2,rgb_sar,0,2
0.06846987,2,rgb_sar,0,2
0.06840771,2,rgb_sar,0,2
-0.023082744,2,rgb_sar,0,2
0.19521768,2,rgb_sar,0,2
0.2300066,2,rgb_sar,0,2
0.102304116,2,rgb_sar,0,2
-0.06617925,2,rgb_sar,0,2
0.108624004,2,rgb_sar,0,2
0.047355317,2,rgb_sar,0,2
0.060660258,2,rgb_sar,0,2
-0.015321212,2,rgb_sar,0,2
0.006393481,2,rgb_sar,0,2
0.046579454,2,rgb_sar,0,2
0.04059979,2,rgb_sar,0,2
0.15240207,2,rgb_sar,0,2
0.13389204,2,rgb_sar,0,2
0.14306195,2,rgb_sar,0,2
-0.0049897786,2,rgb_sar,0,2
0.040193334,2,rgb_sar,0,2
0.08158654,2,rgb_sar,0,2
0.083046794,2,rgb_sar,0,2
0.094803385,2,rgb_sar,0,2
0.15678287,2,rgb_sar,0,2
-0.008714091,2,rgb_sar,0,2
0.0006977534,2,rgb_sar,0,2
0.09955615,2,rgb_sar,0,2
0.08184494,2,rgb_sar,0,2
0.17575464,2,rgb_sar,0,2
0.15319756,2,rgb_sar,0,2
0.102215,2,rgb_sar,0,2
0.07084644,2,rgb_sar,0,2
0.07809243,2,rgb_sar,0,2
0.095243916,2,rgb_sar,0,2
0.10017653,2,rgb_sar,0,2
0.064212345,2,rgb_sar,0,2
0.11894358,2,rgb_sar,0,2
0.05012686,2,rgb_sar,0,2
0.034909323,2,rgb_sar,0,2
0.086702,2,rgb_sar,0,2
0.07709853,2,rgb_sar,0,2
0.12205804,2,rgb_sar,0,2
0.09538647,2,rgb_sar,0,2
0.055906884,2,rgb_sar,0,2
0.039623957,2,rgb_sar,0,2
0.06194662,2,rgb_sar,0,2
0.059026774,2,rgb_sar,0,2
0.011246076,2,rgb_sar,0,2
0.061104916,2,rgb_sar,0,2
0.13216089,2,rgb_sar,0,2
0.16086349,2,rgb_sar,0,2
0.17725386,2,rgb_sar,0,2
0.11924723,2,rgb_sar,0,2
0.14041547,2,rgb_sar,0,2
0.18225577,2,rgb_sar,0,2
0.112297945,2,rgb_sar,0,2
0.18162072,2,rgb_sar,0,2
0.16663685,2,rgb_sar,0,2
0.093732595,2,rgb_sar,0,2
0.089920536,2,rgb_sar,0,2
0.12557378,2,rgb_sar,0,2
0.12773472,2,rgb_sar,0,2
0.13077252,2,rgb_sar,0,2
0.113787144,2,rgb_sar,0,2
0.14459984,2,rgb_sar,0,2
0.15236434,2,rgb_sar,0,2
0.14148206,2,rgb_sar,0,2
0.094061084,2,rgb_sar,0,2
0.15528336,2,rgb_sar,0,2
0.13756976,2,rgb_sar,0,2
0.077856585,2,rgb_sar,0,2
0.21353197,2,rgb_sar,0,2
0.18765596,2,rgb_sar,0,2
0.11038758,2,rgb_sar,0,2
0.13086167,2,rgb_sar,0,2
0.13523337,2,rgb_sar,0,2
0.12932205,2,rgb_sar,0,2
0.16989458,2,rgb_sar,0,2
0.16556005,2,rgb_sar,0,2
0.108313635,2,rgb_sar,0,2
0.1599235,2,rgb_sar,0,2
0.12597139,2,rgb_sar,0,2
0.097105525,2,rgb_sar,0,2
0.14466968,2,rgb_sar,0,2
0.10997628,2,rgb_sar,0,2
0.043925352,2,rgb_sar,0,2
0.18633851,2,rgb_sar,0,2
0.19270402,2,rgb_sar,0,2
0.0998004,2,rgb_sar,0,2
0.13413543,2,rgb_sar,0,2
0.1760097,2,rgb_sar,0,2
0.16276541,2,rgb_sar,0,2
0.13433477,2,rgb_sar,0,2
0.15111217,2,rgb_sar,0,2
0.12704037,2,rgb_sar,0,2
0.059093915,2,rgb_sar,0,2
-0.0009114952,2,rgb_sar,0,2
0.10865864,2,rgb_sar,0,2
0.24653552,2,rgb_sar,0,2
0.20948765,2,rgb_sar,0,2
0.13938338,2,rgb_sar,0,2
0.2163535,2,rgb_sar,0,2
0.24626844,2,rgb_sar,0,2
0.20003735,2,rgb_sar,0,2
0.12938279,2,rgb_sar,0,2
0.046615068,2,rgb_sar,0,2
0.0870734,2,rgb_sar,0,2
0.25497565,2,rgb_sar,0,2
0.15377417,2,rgb_sar,0,2
0.06143183,2,rgb_sar,0,2
0.2055951,2,rgb_sar,0,2
0.076695696,2,rgb_sar,0,2
0.054476872,2,rgb_sar,0,2
0.2017841,2,rgb_sar,0,2
0.08935228,2,rgb_sar,0,2
0.06277711,2,rgb_sar,0,2
0.1765691,2,rgb_sar,0,2
0.14612433,2,rgb_sar,0,2
0.14323981,2,rgb_sar,0,2
0.12251584,2,rgb_sar,0,2
0.10455157,2,rgb_sar,0,2
0.1900853,2,rgb_sar,0,2
0.10088111,2,rgb_sar,0,2
0.08644809,2,rgb_sar,0,2
0.16482884,2,rgb_sar,0,2
0.13438925,2,rgb_sar,0,2
0.16042234,2,rgb_sar,0,2
0.07240664,2,rgb_sar,0,2
0.008618302,2,rgb_sar,0,2
0.08924153,2,rgb_sar,0,2
0.05263231,2,rgb_sar,0,2
0.17095199,2,rgb_sar,0,2
0.106448546,2,rgb_sar,0,2
0.12586114,2,rgb_sar,0,2
0.12221259,2,rgb_sar,0,2
0.09293544,2,rgb_sar,0,2
0.16901499,2,rgb_sar,0,2
0.13214836,2,rgb_sar,0,2
0.11659134,2,rgb_sar,0,2
0.14960869,2,rgb_sar,0,2
0.14531827,2,rgb_sar,0,2
0.20865303,2,rgb_sar,0,2
0.15239933,2,rgb_sar,0,2
0.098987,2,rgb_sar,0,2
0.22593023,2,rgb_sar,0,2
0.13582608,2,rgb_sar,0,2
0.073286794,2,rgb_sar,0,2
0.20252952,6,rgb_sar,0,2
0.16866489,6,rgb_sar,0,2
0.21019784,6,rgb_sar,0,2
0.24911521,6,rgb_sar,0,2
0.15645167,6,rgb_sar,0,2
0.19298433,6,rgb_sar,0,2
0.1556598,6,rgb_sar,0,2
0.18065104,6,rgb_sar,0,2
0.17418957,6,rgb_sar,0,2
0.20131323,6,rgb_sar,0,2
0.19597965,6,rgb_sar,0,2
0.1886328,6,rgb_sar,0,2
0.17269705,6,rgb_sar,0,2
0.13680024,6,rgb_sar,0,2
0.11390719,6,rgb_sar,0,2
0.0852199,6,rgb_sar,0,2
0.027245596,6,rgb_sar,0,2
0.043103788,6,rgb_sar,0,2
0.23286974,6,rgb_sar,0,2
0.20039573,6,rgb_sar,0,2
0.18149133,6,rgb_sar,0,2
0.18347827,6,rgb_sar,0,2
0.14010713,6,rgb_sar,0,2
0.14266576,6,rgb_sar,0,2
0.155486,6,rgb_sar,0,2
0.24952812,6,rgb_sar,0,2
0.19061005,6,rgb_sar,0,2
0.19275086,6,rgb_sar,0,2
0.24200693,6,rgb_sar,0,2
0.21982506,6,rgb_sar,0,2
0.16878182,6,rgb_sar,0,2
0.17518553,6,rgb_sar,0,2
0.3053143,6,rgb_sar,0,2
0.23428568,6,rgb_sar,0,2
0.18701544,6,rgb_sar,0,2
0.23413655,6,rgb_sar,0,2
0.26729512,6,rgb_sar,0,2
0.24787644,6,rgb_sar,0,2
0.22754005,6,rgb_sar,0,2
0.13047874,6,rgb_sar,0,2
0.10581721,6,rgb_sar,0,2
0.18367045,6,rgb_sar,0,2
0.24476531,6,rgb_sar,0,2
0.18454958,6,rgb_sar,0,2
0.20799771,6,rgb_sar,0,2
0.22926763,6,rgb_sar,0,2
0.19137906,6,rgb_sar,0,2
0.26670173,6,rgb_sar,0,2
0.23214851,6,rgb_sar,0,2
0.19104601,6,rgb_sar,0,2
0.17881781,6,rgb_sar,0,2
0.1884923,6,rgb_sar,0,2
0.15934913,6,rgb_sar,0,2
0.10765265,6,rgb_sar,0,2
0.15730353,6,rgb_sar,0,2
0.15919453,6,rgb_sar,0,2
0.18937081,6,rgb_sar,0,2
0.14567047,6,rgb_sar,0,2
0.1441595,6,rgb_sar,0,2
0.14854905,6,rgb_sar,0,2
0.16015911,6,rgb_sar,0,2
0.1775803,6,rgb_sar,0,2
0.1491484,6,rgb_sar,0,2
0.17742997,6,rgb_sar,0,2
0.19327039,6,rgb_sar,0,2
0.15864217,6,rgb_sar,0,2
0.14818652,6,rgb_sar,0,2
0.17794602,6,rgb_sar,0,2
0.14973813,6,rgb_sar,0,2
0.13423085,6,rgb_sar,0,2
0.18249643,6,rgb_sar,0,2
0.17533542,6,rgb_sar,0,2
0.15092447,6,rgb_sar,0,2
0.17477384,6,rgb_sar,0,2
0.18035246,6,rgb_sar,0,2
0.23787771,6,rgb_sar,0,2
0.23068428,6,rgb_sar,0,2
0.19069299,6,rgb_sar,0,2
0.18108937,6,rgb_sar,0,2
0.14971834,6,rgb_sar,0,2
0.16141827,6,rgb_sar,0,2
0.29514998,6,rgb_sar,0,2
0.28893244,6,rgb_sar,0,2
0.2483381,6,rgb_sar,0,2
0.19696778,6,rgb_sar,0,2
0.16484185,6,rgb_sar,0,2
0.20111674,6,rgb_sar,0,2
0.21955496,6,rgb_sar,0,2
0.16938502,6,rgb_sar,0,2
0.1368239,6,rgb_sar,0,2
0.23453884,6,rgb_sar,0,2
0.18516064,6,rgb_sar,0,2
0.16933024,6,rgb_sar,0,2
0.21187872,6,rgb_sar,0,2
0.17473912,6,rgb_sar,0,2
0.15863796,6,rgb_sar,0,2
0.21300803,6,rgb_sar,0,2
0.17395124,6,rgb_sar,0,2
-0.012016017,2,rgb_sar,0,2
-0.056875687,2,rgb_sar,0,2
0.104201496,2,rgb_sar,0,2
0.116679266,2,rgb_sar,0,2
0.08994662,2,rgb_sar,0,2
0.0048462003,2,rgb_sar,0,2
-0.0511456,2,rgb_sar,0,2
0.09166533,2,rgb_sar,0,2
0.11299963,2,rgb_sar,0,2
0.066865444,2,rgb_sar,0,2
0.028728459,2,rgb_sar,0,2
0.019064395,2,rgb_sar,0,2
0.037632078,2,rgb_sar,0,2
-0.01012573,2,rgb_sar,0,2
0.12865481,2,rgb_sar,0,2
0.16236675,2,rgb_sar,0,2
0.10628795,2,rgb_sar,0,2
0.033397045,2,rgb_sar,0,2
0.063976355,2,rgb_sar,0,2
0.08568197,2,rgb_sar,0,2
-0.014198702,2,rgb_sar,0,2
0.05663767,2,rgb_sar,0,2
0.1418432,2,rgb_sar,0,2
0.10430452,2,rgb_sar,0,2
0.1000542,2,rgb_sar,0,2
0.20847593,2,rgb_sar,0,2
0.170351,2,rgb_sar,0,2
0.03975805,2,rgb_sar,0,2
0.1574912,2,rgb_sar,0,2
0.14830717,2,rgb_sar,0,2
0.06811184,2,rgb_sar,0,2
0.19605199,2,rgb_sar,0,2
0.17972341,2,rgb_sar,0,2
0.15805852,2,rgb_sar,0,2
0.1522843,2,rgb_sar,0,2
0.019426597,2,rgb_sar,0,2
0.14099741,2,rgb_sar,0,2
0.1409607,2,rgb_sar,0,2
0.031256653,2,rgb_sar,0,2
0.13540247,2,rgb_sar,0,2
-0.07282034,2,rgb_sar,0,2
0.010177642,2,rgb_sar,0,2
0.105581105,2,rgb_sar,0,2
0.07200718,2,rgb_sar,0,2
0.1466423,2,rgb_sar,0,2
0.11981005,2,rgb_sar,0,2
0.07247136,2,rgb_sar,0,2
0.12000118,2,rgb_sar,0,2
-0.099894494,2,rgb_sar,0,2
-0.031420372,2,rgb_sar,0,2
0.08777875,2,rgb_sar,0,2
0.11333722,2,rgb_sar,0,2
0.15534535,2,rgb_sar,0,2
0.124347255,2,rgb_sar,0,2
0.018539764,2,rgb_sar,0,2
0.13141617,2,rgb_sar,0,2
-0.023743939,2,rgb_sar,0,2
0.01915995,2,rgb_sar,0,2
0.04364421,2,rgb_sar,0,2
0.060866244,2,rgb_sar,0,2
0.097517714,2,rgb_sar,0,2
0.027809301,2,rgb_sar,0,2
-0.045920506,2,rgb_sar,0,2
0.06347227,2,rgb_sar,0,2
0.08830654,2,rgb_sar,0,2
0.13862818,2,rgb_sar,0,2
0.07723846,2,rgb_sar,0,2
0.09464308,2,rgb_sar,0,2
0.13220729,2,rgb_sar,0,2
0.07953421,2,rgb_sar,0,2
0.08824471,2,rgb_sar,0,2
0.071415275,2,rgb_sar,0,2
0.018127838,2,rgb_sar,0,2
0.12968689,2,rgb_sar,0,2
0.05654759,2,rgb_sar,0,2
0.05452725,2,rgb_sar,0,2
0.05967164,2,rgb_sar,0,2
0.063032255,2,rgb_sar,0,2
0.17724927,2,rgb_sar,0,2
0.10200187,2,rgb_sar,0,2
0.053060554,2,rgb_sar,0,2
0.07784938,2,rgb_sar,0,2
0.08461152,2,rgb_sar,0,2
0.16862766,2,rgb_sar,0,2
0.08625988,2,rgb_sar,0,2
0.041920573,2,rgb_sar,0,2
0.13089593,2,rgb_sar,0,2
0.07753645,2,rgb_sar,0,2
0.15548131,2,rgb_sar,0,2
0.047048483,2,rgb_sar,0,2
0.083851114,2,rgb_sar,0,2
0.07423961,2,rgb_sar,0,2
0.07608493,2,rgb_sar,0,2
0.17232922,2,rgb_sar,0,2
0.099815674,2,rgb_sar,0,2
0.092989996,2,rgb_sar,0,2
0.10050584,2,rgb_sar,0,2
0.080943786,2,rgb_sar,0,2
0.06668417,2,rgb_sar,0,2
0.20092934,2,rgb_sar,0,2
0.17308776,2,rgb_sar,0,2
0.09020929,2,rgb_sar,0,2
0.2345815,2,rgb_sar,0,2
0.045230918,2,rgb_sar,0,2
0.049280964,2,rgb_sar,0,2
0.19767442,2,rgb_sar,0,2
0.14958873,2,rgb_sar,0,2
0.003205467,2,rgb_sar,0,2
-0.0150699,2,rgb_sar,0,2
-0.06105824,2,rgb_sar,0,2
0.042550176,2,rgb_sar,0,2
0.11154989,2,rgb_sar,0,2
0.09558275,2,rgb_sar,0,2
0.061353922,2,rgb_sar,0,2
0.018022219,2,rgb_sar,0,2
0.056897335,2,rgb_sar,0,2
0.12270222,2,rgb_sar,0,2
0.09857999,2,rgb_sar,0,2
0.07226893,2,rgb_sar,0,2
0.012476619,2,rgb_sar,0,2
0.08213364,2,rgb_sar,0,2
-0.024600113,2,rgb_sar,0,2
0.08112422,2,rgb_sar,0,2
0.114300266,2,rgb_sar,0,2
0.0974521,2,rgb_sar,0,2
0.06256136,2,rgb_sar,0,2
0.06823088,2,rgb_sar,0,2
0.0637604,2,rgb_sar,0,2
-0.0142026115,2,rgb_sar,0,2
0.084915385,2,rgb_sar,0,2
0.10815301,2,rgb_sar,0,2
0.100426815,2,rgb_sar,0,2
0.09115557,2,rgb_sar,0,2
0.12435068,2,rgb_sar,0,2
0.112969115,2,rgb_sar,0,2
0.0336131,2,rgb_sar,0,2
0.16871977,2,rgb_sar,0,2
0.20024005,2,rgb_sar,0,2
0.096721776,2,rgb_sar,0,2
0.06199842,2,rgb_sar,0,2
0.06984989,2,rgb_sar,0,2
0.04973732,2,rgb_sar,0,2
0.10436326,2,rgb_sar,0,2
-0.006423811,2,rgb_sar,0,2
0.0418963,2,rgb_sar,0,2
0.060032763,2,rgb_sar,0,2
0.03105256,2,rgb_sar,0,2
0.17295246,2,rgb_sar,0,2
0.17847404,2,rgb_sar,0,2
0.081118405,2,rgb_sar,0,2
-0.09284769,2,rgb_sar,0,2
0.029188331,2,rgb_sar,0,2
0.09772408,2,rgb_sar,0,2
0.047870025,2,rgb_sar,0,2
-0.048736,2,rgb_sar,0,2
-0.0021429416,2,rgb_sar,0,2
0.0712793,2,rgb_sar,0,2
0.101123974,2,rgb_sar,0,2
0.18546465,2,rgb_sar,0,2
0.14056501,2,rgb_sar,0,2
0.10772622,2,rgb_sar,0,2
-0.008239625,2,rgb_sar,0,2
0.035560932,2,rgb_sar,0,2
0.09164687,2,rgb_sar,0,2
0.079086944,2,rgb_sar,0,2
0.07357888,2,rgb_sar,0,2
0.08461754,2,rgb_sar,0,2
-0.08031841,2,rgb_sar,0,2
-0.020511346,2,rgb_sar,0,2
0.11157892,2,rgb_sar,0,2
0.10557771,2,rgb_sar,0,2
0.22070894,2,rgb_sar,0,2
0.20441177,2,rgb_sar,0,2
0.13179374,2,rgb_sar,0,2
0.05788971,2,rgb_sar,0,2
0.06978997,2,rgb_sar,0,2
0.11533016,2,rgb_sar,0,2
0.10827612,2,rgb_sar,0,2
0.09651874,2,rgb_sar,0,2
0.06154637,2,rgb_sar,0,2
0.021785317,2,rgb_sar,0,2
0.06784321,2,rgb_sar,0,2
0.08097477,2,rgb_sar,0,2
0.079347864,2,rgb_sar,0,2
0.12233346,2,rgb_sar,0,2
0.097905554,2,rgb_sar,0,2
0.04747013,2,rgb_sar,0,2
0.07251961,2,rgb_sar,0,2
0.09454498,2,rgb_sar,0,2
0.10951845,2,rgb_sar,0,2
0.010049306,2,rgb_sar,0,2
0.030293584,2,rgb_sar,0,2
0.043625373,2,rgb_sar,0,2
0.12422136,2,rgb_sar,0,2
0.10525358,2,rgb_sar,0,2
0.100453526,2,rgb_sar,0,2
0.1368049,2,rgb_sar,0,2
0.1312646,2,rgb_sar,0,2
0.076451406,2,rgb_sar,0,2
0.09359944,2,rgb_sar,0,2
0.077540234,2,rgb_sar,0,2
0.027568633,2,rgb_sar,0,2
0.10004094,2,rgb_sar,0,2
0.10053891,2,rgb_sar,0,2
0.13514516,2,rgb_sar,0,2
0.08651748,2,rgb_sar,0,2
0.10434054,2,rgb_sar,0,2
0.08343375,2,rgb_sar,0,2
0.06130695,2,rgb_sar,0,2
0.043429203,2,rgb_sar,0,2
0.09988846,2,rgb_sar,0,2
0.13583906,2,rgb_sar,0,2
0.109222144,2,rgb_sar,0,2
0.04364247,2,rgb_sar,0,2
0.011828486,2,rgb_sar,0,2
0.06932376,2,rgb_sar,0,2
0.068740666,2,rgb_sar,0,2
0.13583326,2,rgb_sar,0,2
0.14256002,2,rgb_sar,0,2
0.1340724,2,rgb_sar,0,2
0.14820462,2,rgb_sar,0,2
0.18821596,2,rgb_sar,0,2
0.16596653,2,rgb_sar,0,2
0.098756716,2,rgb_sar,0,2
0.10168229,2,rgb_sar,0,2
0.15682213,2,rgb_sar,0,2
0.12136504,2,rgb_sar,0,2
0.048268773,2,rgb_sar,0,2
-0.027491523,2,rgb_sar,0,2
0.12803502,2,rgb_sar,0,2
0.14991707,2,rgb_sar,0,2
0.12257528,2,rgb_sar,0,2
0.14301273,2,rgb_sar,0,2
0.13495429,2,rgb_sar,0,2
0.12034664,2,rgb_sar,0,2
0.08970071,2,rgb_sar,0,2
0.13312998,2,rgb_sar,0,2
0.16010031,2,rgb_sar,0,2
0.13432701,2,rgb_sar,0,2
0.0005694125,2,rgb_sar,0,2
0.0073169116,2,rgb_sar,0,2
0.16665329,2,rgb_sar,0,2
0.1267983,2,rgb_sar,0,2
0.08714582,2,rgb_sar,0,2
0.14304909,2,rgb_sar,0,2
0.11192829,2,rgb_sar,0,2
0.10205844,2,rgb_sar,0,2
0.109687045,2,rgb_sar,0,2
0.010626584,2,rgb_sar,0,2
0.014714431,2,rgb_sar,0,2
0.19061375,2,rgb_sar,0,2
0.14212748,2,rgb_sar,0,2
0.0036985958,2,rgb_sar,0,2
0.16249578,2,rgb_sar,0,2
0.054104585,2,rgb_sar,0,2
0.048731007,2,rgb_sar,0,2
0.1728527,2,rgb_sar,0,2
0.042954165,2,rgb_sar,0,2
0.0035659522,2,rgb_sar,0,2
0.19145791,2,rgb_sar,0,2
-0.0016221427,2,rgb_sar,0,2
0.017800402,2,rgb_sar,0,2
0.10791925,2,rgb_sar,0,2
0.12635922,2,rgb_sar,0,2
0.15914364,2,rgb_sar,0,2
-0.030711245,2,rgb_sar,0,2
-0.054593712,2,rgb_sar,0,2
0.065113924,2,rgb_sar,0,2
0.13183713,2,rgb_sar,0,2
0.15490873,2,rgb_sar,0,2
-0.006183209,2,rgb_sar,0,2
-0.12533726,2,rgb_sar,0,2
-0.019957064,2,rgb_sar,0,2
0.055602096,2,rgb_sar,0,2
0.20052522,2,rgb_sar,0,2
0.07697352,2,rgb_sar,0,2
0.052227158,2,rgb_sar,0,2
0.099367484,2,rgb_sar,0,2
0.10699883,2,rgb_sar,0,2
0.20767996,2,rgb_sar,0,2
0.111562856,2,rgb_sar,0,2
0.059718896,2,rgb_sar,0,2
0.1317896,2,rgb_sar,0,2
0.11182783,2,rgb_sar,0,2
0.21089189,2,rgb_sar,0,2
0.11214017,2,rgb_sar,0,2
0.08739526,2,rgb_sar,0,2
0.1848659,2,rgb_sar,0,2
0.117176466,2,rgb_sar,0,2
0.07451396,2,rgb_sar,0,2
0.12316839,6,rgb_sar,0,2
0.09248689,6,rgb_sar,0,2
0.17582224,6,rgb_sar,0,2
0.169705,6,rgb_sar,0,2
0.1175731,6,rgb_sar,0,2
0.15660295,6,rgb_sar,0,2
0.13858102,6,rgb_sar,0,2
0.17460924,6,rgb_sar,0,2
0.121047825,6,rgb_sar,0,2
0.18375224,6,rgb_sar,0,2
0.17186198,6,rgb_sar,0,2
0.16239637,6,rgb_sar,0,2
0.18511288,6,rgb_sar,0,2
0.15173471,6,rgb_sar,0,2
0.14547054,6,rgb_sar,0,2
0.14575109,6,rgb_sar,0,2
0.18444262,6,rgb_sar,0,2
0.17745972,6,rgb_sar,0,2
0.15854883,6,rgb_sar,0,2
0.18593004,6,rgb_sar,0,2
0.17488074,6,rgb_sar,0,2
0.17325944,6,rgb_sar,0,2
0.13398653,6,rgb_sar,0,2
0.14279127,6,rgb_sar,0,2
0.14021508,6,rgb_sar,0,2
0.16574179,6,rgb_sar,0,2
0.22677103,6,rgb_sar,0,2
0.25415277,6,rgb_sar,0,2
0.19499378,6,rgb_sar,0,2
0.16544794,6,rgb_sar,0,2
0.19296259,6,rgb_sar,0,2
0.2018737,6,rgb_sar,0,2
0.21544185,6,rgb_sar,0,2
0.25798973,6,rgb_sar,0,2
0.28490514,6,rgb_sar,0,2
0.19989005,6,rgb_sar,0,2
0.1676769,6,rgb_sar,0,2
0.24097225,6,rgb_sar,0,2
0.18344569,6,rgb_sar,0,2
0.11377324,6,rgb_sar,0,2
0.13025904,6,rgb_sar,0,2
0.13757426,6,rgb_sar,0,2
0.11162105,6,rgb_sar,0,2
0.16106948,6,rgb_sar,0,2
0.16014634,6,rgb_sar,0,2
0.11981316,6,rgb_sar,0,2
0.15007125,6,rgb_sar,0,2
0.18113932,6,rgb_sar,0,2
0.11133316,6,rgb_sar,0,2
0.18013504,6,rgb_sar,0,2
0.15125361,6,rgb_sar,0,2
0.1836406,6,rgb_sar,0,2
0.16651148,6,rgb_sar,0,2
0.107637584,6,rgb_sar,0,2
0.16756971,6,rgb_sar,0,2
0.15510364,6,rgb_sar,0,2
0.20693612,6,rgb_sar,0,2
0.1870043,6,rgb_sar,0,2
0.16972369,6,rgb_sar,0,2
0.17961821,6,rgb_sar,0,2
0.16477299,6,rgb_sar,0,2
0.15198487,6,rgb_sar,0,2
0.141152,6,rgb_sar,0,2
0.19533312,6,rgb_sar,0,2
0.16604571,6,rgb_sar,0,2
0.15297787,6,rgb_sar,0,2
0.16202,6,rgb_sar,0,2
0.17294152,6,rgb_sar,0,2
0.17799185,6,rgb_sar,0,2
0.13388522,6,rgb_sar,0,2
0.18101813,6,rgb_sar,0,2
0.15473509,6,rgb_sar,0,2
0.14516804,6,rgb_sar,0,2
0.14943223,6,rgb_sar,0,2
0.2072196,6,rgb_sar,0,2
0.21595402,6,rgb_sar,0,2
0.24017793,6,rgb_sar,0,2
0.2144379,6,rgb_sar,0,2
0.20369601,6,rgb_sar,0,2
0.21592602,6,rgb_sar,0,2
0.21404095,6,rgb_sar,0,2
0.23890671,6,rgb_sar,0,2
0.24001867,6,rgb_sar,0,2
0.25008377,6,rgb_sar,0,2
0.19485873,6,rgb_sar,0,2
0.21741766,6,rgb_sar,0,2
0.2952317,6,rgb_sar,0,2
0.2058079,6,rgb_sar,0,2
0.21666658,6,rgb_sar,0,2
0.21770148,6,rgb_sar,0,2
0.16334029,6,rgb_sar,0,2
0.19687438,6,rgb_sar,0,2
0.25091058,6,rgb_sar,0,2
0.18889399,6,rgb_sar,0,2
0.1870715,6,rgb_sar,0,2
0.22785543,6,rgb_sar,0,2
0.22764963,6,rgb_sar,0,2
0.17867075,6,rgb_sar,0,2
0.14000401,4,rgb_sar,0,2
0.1784415,4,rgb_sar,0,2
0.17313,4,rgb_sar,0,2
0.20756662,4,rgb_sar,0,2
0.21780483,4,rgb_sar,0,2
0.23009656,4,rgb_sar,0,2
0.1757327,4,rgb_sar,0,2
0.32843772,4,rgb_sar,0,2
0.21670428,4,rgb_sar,0,2
0.23060185,4,rgb_sar,0,2
0.1795226,4,rgb_sar,0,2
0.34637845,4,rgb_sar,0,2
0.23557566,4,rgb_sar,0,2
0.24023004,4,rgb_sar,0,2
0.18913198,4,rgb_sar,0,2
0.33024603,4,rgb_sar,0,2
0.21184391,4,rgb_sar,0,2
0.21164225,4,rgb_sar,0,2
0.19008341,4,rgb_sar,0,2
0.3509721,4,rgb_sar,0,2
0.19212934,4,rgb_sar,0,2
0.21922678,4,rgb_sar,0,2
0.18373856,4,rgb_sar,0,2
0.32716352,4,rgb_sar,0,2
0.2075344,4,rgb_sar,0,2
0.19730845,4,rgb_sar,0,2
0.16901153,4,rgb_sar,0,2
0.35618466,4,rgb_sar,0,2
0.21462648,4,rgb_sar,0,2
0.22750181,4,rgb_sar,0,2
0.16140644,4,rgb_sar,0,2
0.2961515,4,rgb_sar,0,2
0.16672024,4,rgb_sar,0,2
0.16969028,4,rgb_sar,0,2
0.18729568,4,rgb_sar,0,2
0.20959055,4,rgb_sar,0,2
0.18039581,4,rgb_sar,0,2
0.21052763,4,rgb_sar,0,2
0.20887509,4,rgb_sar,0,2
0.17301762,4,rgb_sar,0,2
0.2063353,4,rgb_sar,0,2
0.23671898,4,rgb_sar,0,2
0.19973284,4,rgb_sar,0,2
0.19554874,4,rgb_sar,0,2
0.11598603,4,rgb_sar,0,2
0.07244691,4,rgb_sar,0,2
0.18167773,4,rgb_sar,0,2
0.15942448,4,rgb_sar,0,2
0.21301204,4,rgb_sar,0,2
0.19690007,4,rgb_sar,0,2
0.15147476,4,rgb_sar,0,2
0.101650104,4,rgb_sar,0,2
0.20354985,4,rgb_sar,0,2
0.19034511,4,rgb_sar,0,2
0.24731085,4,rgb_sar,0,2
0.2331886,4,rgb_sar,0,2
0.19275954,4,rgb_sar,0,2
0.13328972,4,rgb_sar,0,2
0.1846405,4,rgb_sar,0,2
0.20647663,4,rgb_sar,0,2
0.17509037,4,rgb_sar,0,2
0.18462767,4,rgb_sar,0,2
0.23100932,4,rgb_sar,0,2
0.27146202,4,rgb_sar,0,2
0.2585305,4,rgb_sar,0,2
0.25492224,4,rgb_sar,0,2
0.20517185,4,rgb_sar,0,2
0.2518075,4,rgb_sar,0,2
0.2315444,4,rgb_sar,0,2
0.23313026,4,rgb_sar,0,2
0.25045574,4,rgb_sar,0,2
0.28048092,4,rgb_sar,0,2
0.2860492,4,rgb_sar,0,2
0.24091673,4,rgb_sar,0,2
0.24402188,4,rgb_sar,0,2
0.26271236,4,rgb_sar,0,2
0.23059407,4,rgb_sar,0,2
0.20845354,4,rgb_sar,0,2
0.22706139,4,rgb_sar,0,2
0.24986325,4,rgb_sar,0,2
0.23676288,4,rgb_sar,0,2
0.2589619,4,rgb_sar,0,2
0.23428762,4,rgb_sar,0,2
0.2282742,4,rgb_sar,0,2
0.18097648,4,rgb_sar,0,2
0.18370673,4,rgb_sar,0,2
0.23246208,4,rgb_sar,0,2
0.27480727,4,rgb_sar,0,2
0.26694387,4,rgb_sar,0,2
0.2793532,4,rgb_sar,0,2
0.25688976,4,rgb_sar,0,2
0.24698943,4,rgb_sar,0,2
0.25346273,4,rgb_sar,0,2
0.24663736,4,rgb_sar,0,2
0.21804313,4,rgb_sar,0,2
0.19803363,4,rgb_sar,0,2
0.1676023,4,rgb_sar,0,2
0.15455179,4,rgb_sar,0,2
0.15680322,4,rgb_sar,0,2
0.24862625,4,rgb_sar,0,2
0.20397417,4,rgb_sar,0,2
0.20704302,4,rgb_sar,0,2
0.15255252,4,rgb_sar,0,2
0.14440517,4,rgb_sar,0,2
0.20625329,4,rgb_sar,0,2
0.15930253,4,rgb_sar,0,2
0.19378254,4,rgb_sar,0,2
0.17377642,4,rgb_sar,0,2
0.19340234,4,rgb_sar,0,2
0.16050093,4,rgb_sar,0,2
0.18816684,4,rgb_sar,0,2
0.19514742,4,rgb_sar,0,2
0.17058384,4,rgb_sar,0,2
0.16117236,4,rgb_sar,0,2
0.19029346,4,rgb_sar,0,2
0.18929093,4,rgb_sar,0,2
0.10195326,4,rgb_sar,0,2
0.13344292,4,rgb_sar,0,2
0.16172853,4,rgb_sar,0,2
0.15760712,4,rgb_sar,0,2
0.13749598,4,rgb_sar,0,2
0.16831982,4,rgb_sar,0,2
0.1995158,4,rgb_sar,0,2
0.18865746,4,rgb_sar,0,2
0.23374113,4,rgb_sar,0,2
0.18042016,4,rgb_sar,0,2
0.21847357,4,rgb_sar,0,2
0.25981867,4,rgb_sar,0,2
0.25206918,4,rgb_sar,0,2
0.29784632,4,rgb_sar,0,2
0.21635397,4,rgb_sar,0,2
0.2528023,4,rgb_sar,0,2
0.28320104,4,rgb_sar,0,2
0.25744826,4,rgb_sar,0,2
0.15297452,4,rgb_sar,0,2
0.17196018,4,rgb_sar,0,2
0.26263827,4,rgb_sar,0,2
0.15456846,4,rgb_sar,0,2
0.18521711,4,rgb_sar,0,2
0.2616876,4,rgb_sar,0,2
0.2012064,4,rgb_sar,0,2
0.14164008,4,rgb_sar,0,2
0.21257775,4,rgb_sar,0,2
0.19301102,4,rgb_sar,0,2
0.05958065,4,rgb_sar,0,2
0.13264397,4,rgb_sar,0,2
0.11354351,4,rgb_sar,0,2
0.16442472,4,rgb_sar,0,2
0.22530775,4,rgb_sar,0,2
0.22133246,4,rgb_sar,0,2
0.27436942,4,rgb_sar,0,2
0.38065368,4,rgb_sar,0,2
0.25384152,4,rgb_sar,0,2
0.27272022,4,rgb_sar,0,2
0.30072418,4,rgb_sar,0,2
0.39363286,4,rgb_sar,0,2
0.3182022,4,rgb_sar,0,2
0.281768,4,rgb_sar,0,2
0.20442551,4,rgb_sar,0,2
0.3380261,4,rgb_sar,0,2
0.29933676,4,rgb_sar,0,2
0.25381726,4,rgb_sar,0,2
0.22442059,4,rgb_sar,0,2
0.38877454,4,rgb_sar,0,2
0.28443894,4,rgb_sar,0,2
0.31793708,4,rgb_sar,0,2
0.32718903,4,rgb_sar,0,2
0.44151267,4,rgb_sar,0,2
0.2252604,4,rgb_sar,0,2
0.28665435,4,rgb_sar,0,2
0.30551332,4,rgb_sar,0,2
0.3817254,4,rgb_sar,0,2
0.19551471,4,rgb_sar,0,2
0.23688166,4,rgb_sar,0,2
0.18673244,4,rgb_sar,0,2
0.2569353,4,rgb_sar,0,2
0.20612535,4,rgb_sar,0,2
0.21991745,4,rgb_sar,0,2
0.21153411,4,rgb_sar,0,2
0.23319031,4,rgb_sar,0,2
0.19075063,4,rgb_sar,0,2
0.16720027,4,rgb_sar,0,2
0.19840942,4,rgb_sar,0,2
0.2289259,4,rgb_sar,0,2
0.22967348,4,rgb_sar,0,2
0.20023832,4,rgb_sar,0,2
0.1969854,4,rgb_sar,0,2
0.22887026,4,rgb_sar,0,2
0.10714363,4,rgb_sar,0,2
0.11740729,4,rgb_sar,0,2
0.20558423,4,rgb_sar,0,2
0.20308468,4,rgb_sar,0,2
0.24359787,4,rgb_sar,0,2
0.24885368,4,rgb_sar,0,2
0.18129088,4,rgb_sar,0,2
0.16322741,4,rgb_sar,0,2
0.2492275,4,rgb_sar,0,2
0.22048901,4,rgb_sar,0,2
0.24629332,4,rgb_sar,0,2
0.191702,4,rgb_sar,0,2
0.23831157,4,rgb_sar,0,2
0.215689,4,rgb_sar,0,2
0.23936883,4,rgb_sar,0,2
0.24137348,4,rgb_sar,0,2
0.20787284,4,rgb_sar,0,2
0.20146786,4,rgb_sar,0,2
0.2308095,4,rgb_sar,0,2
0.2699138,4,rgb_sar,0,2
0.20293444,4,rgb_sar,0,2
0.22805205,4,rgb_sar,0,2
0.23290421,4,rgb_sar,0,2
0.2923491,4,rgb_sar,0,2
0.27352786,4,rgb_sar,0,2
0.24081562,4,rgb_sar,0,2
0.19136971,4,rgb_sar,0,2
0.20639311,4,rgb_sar,0,2
0.27356565,4,rgb_sar,0,2
0.18710697,4,rgb_sar,0,2
0.18584293,4,rgb_sar,0,2
0.22537541,4,rgb_sar,0,2
0.23812477,4,rgb_sar,0,2
0.25376913,4,rgb_sar,0,2
0.23312895,4,rgb_sar,0,2
0.19595537,4,rgb_sar,0,2
0.27095878,4,rgb_sar,0,2
0.21957636,4,rgb_sar,0,2
0.23982885,4,rgb_sar,0,2
0.22934222,4,rgb_sar,0,2
0.20447451,4,rgb_sar,0,2
0.18655701,4,rgb_sar,0,2
0.20076454,4,rgb_sar,0,2
0.3168208,4,rgb_sar,0,2
0.3049308,4,rgb_sar,0,2
0.2756837,4,rgb_sar,0,2
0.24724758,4,rgb_sar,0,2
0.17540401,4,rgb_sar,0,2
0.17036721,4,rgb_sar,0,2
0.18897438,4,rgb_sar,0,2
0.31206983,4,rgb_sar,0,2
0.25250828,4,rgb_sar,0,2
0.24932785,4,rgb_sar,0,2
0.19620243,4,rgb_sar,0,2
0.11245375,4,rgb_sar,0,2
0.24969202,4,rgb_sar,0,2
0.18863924,4,rgb_sar,0,2
0.1529975,4,rgb_sar,0,2
0.106877364,4,rgb_sar,0,2
0.1469298,4,rgb_sar,0,2
0.17871024,4,rgb_sar,0,2
0.2159555,4,rgb_sar,0,2
0.16874245,4,rgb_sar,0,2
0.20083594,4,rgb_sar,0,2
0.15031816,4,rgb_sar,0,2
0.17525432,4,rgb_sar,0,2
0.18022943,4,rgb_sar,0,2
0.20491064,4,rgb_sar,0,2
0.1640431,4,rgb_sar,0,2
0.17949034,4,rgb_sar,0,2
0.19962932,4,rgb_sar,0,2
0.20648158,4,rgb_sar,0,2
0.09894858,4,rgb_sar,0,2
0.12646447,4,rgb_sar,0,2
0.17789488,4,rgb_sar,0,2
0.20117462,4,rgb_sar,0,2
0.1878278,4,rgb_sar,0,2
0.21248819,4,rgb_sar,0,2
0.28598517,4,rgb_sar,0,2
0.2525462,4,rgb_sar,0,2
0.23552126,4,rgb_sar,0,2
0.20514613,4,rgb_sar,0,2
0.21636458,4,rgb_sar,0,2
0.2806208,4,rgb_sar,0,2
0.30000868,4,rgb_sar,0,2
0.29140386,4,rgb_sar,0,2
0.24116647,4,rgb_sar,0,2
0.2581824,4,rgb_sar,0,2
0.2767058,4,rgb_sar,0,2
0.2413415,4,rgb_sar,0,2
0.21186993,4,rgb_sar,0,2
0.22983697,4,rgb_sar,0,2
0.25518262,4,rgb_sar,0,2
0.14778137,4,rgb_sar,0,2
0.17556179,4,rgb_sar,0,2
0.22200537,4,rgb_sar,0,2
0.09279567,4,rgb_sar,0,2
0.11156725,4,rgb_sar,0,2
0.1640433,4,rgb_sar,0,2
0.20742509,4,rgb_sar,0,2
0.1886762,6,rgb_sar,0,2
0.16307998,6,rgb_sar,0,2
0.2759894,6,rgb_sar,0,2
0.1932086,6,rgb_sar,0,2
0.15315832,6,rgb_sar,0,2
0.24025136,6,rgb_sar,0,2
0.26242003,6,rgb_sar,0,2
0.29133546,6,rgb_sar,0,2
0.24498262,6,rgb_sar,0,2
0.10799046,6,rgb_sar,0,2
-0.031640604,6,rgb_sar,0,2
-0.114279404,6,rgb_sar,0,2
-0.061895728,6,rgb_sar,0,2
0.19847158,6,rgb_sar,0,2
0.10681154,6,rgb_sar,0,2
0.112630405,6,rgb_sar,0,2
0.10664328,6,rgb_sar,0,2
0.12870081,6,rgb_sar,0,2
0.14904705,6,rgb_sar,0,2
0.18585156,6,rgb_sar,0,2
0.16934893,6,rgb_sar,0,2
0.19318388,6,rgb_sar,0,2
0.15217926,6,rgb_sar,0,2
0.16707973,6,rgb_sar,0,2
0.19623873,6,rgb_sar,0,2
0.18142319,6,rgb_sar,0,2
0.16343027,6,rgb_sar,0,2
0.124677725,6,rgb_sar,0,2
0.032653015,6,rgb_sar,0,2
0.17983033,6,rgb_sar,0,2
0.00855899,6,rgb_sar,0,2
-0.029376999,6,rgb_sar,0,2
0.23180163,6,rgb_sar,0,2
0.13785113,6,rgb_sar,0,2
0.28057623,6,rgb_sar,0,2
0.18372686,6,rgb_sar,0,2
0.21789798,6,rgb_sar,0,2
0.22393523,6,rgb_sar,0,2
0.16482279,6,rgb_sar,0,2
0.33739018,6,rgb_sar,0,2
0.2356104,6,rgb_sar,0,2
0.23658113,6,rgb_sar,0,2
0.2100889,6,rgb_sar,0,2
0.19631824,6,rgb_sar,0,2
0.23283246,6,rgb_sar,0,2
0.19427282,6,rgb_sar,0,2
0.3321123,6,rgb_sar,0,2
0.23597972,6,rgb_sar,0,2
0.20487739,6,rgb_sar,0,2
0.3232199,6,rgb_sar,0,2
0.38306755,6,rgb_sar,0,2
0.33894166,6,rgb_sar,0,2
0.26405212,6,rgb_sar,0,2
0.16837734,6,rgb_sar,0,2
0.06686826,6,rgb_sar,0,2
-0.12256745,6,rgb_sar,0,2
-0.015712291,6,rgb_sar,0,2
0.28553903,6,rgb_sar,0,2
0.2222614,6,rgb_sar,0,2
0.1820302,6,rgb_sar,0,2
0.09320139,6,rgb_sar,0,2
0.112489246,6,rgb_sar,0,2
0.23465496,6,rgb_sar,0,2
0.17564705,6,rgb_sar,0,2
0.13014995,6,rgb_sar,0,2
0.123336256,6,rgb_sar,0,2
0.133087,6,rgb_sar,0,2
0.116550386,6,rgb_sar,0,2
0.20929056,6,rgb_sar,0,2
0.24238372,6,rgb_sar,0,2
0.18015486,6,rgb_sar,0,2
0.09733878,6,rgb_sar,0,2
-0.027407069,6,rgb_sar,0,2
0.1623886,6,rgb_sar,0,2
0.006443196,6,rgb_sar,0,2
-0.033947967,6,rgb_sar,0,2
0.10319075,6,rgb_sar,0,2
0.04142168,6,rgb_sar,0,2
0.20703764,6,rgb_sar,0,2
0.04043503,6,rgb_sar,0,2
0.11076443,6,rgb_sar,0,2
0.1801582,6,rgb_sar,0,2
0.26830608,6,rgb_sar,0,2
0.2779643,6,rgb_sar,0,2
0.10704477,6,rgb_sar,0,2
0.08712887,6,rgb_sar,0,2
0.005232659,6,rgb_sar,0,2
0.15115611,6,rgb_sar,0,2
0.13472438,6,rgb_sar,0,2
0.11130302,6,rgb_sar,0,2
0.16214514,6,rgb_sar,0,2
0.2207754,6,rgb_sar,0,2
0.12577862,6,rgb_sar,0,2
0.082821034,6,rgb_sar,0,2
0.14279425,6,rgb_sar,0,2
0.13237068,6,rgb_sar,0,2
0.08517708,6,rgb_sar,0,2
0.06391147,6,rgb_sar,0,2
0.10158052,6,rgb_sar,0,2
0.05769006,6,rgb_sar,0,2
0.10931848,6,rgb_sar,0,2
0.16623423,6,rgb_sar,0,2
0.21209005,6,rgb_sar,0,2
0.09937239,6,rgb_sar,0,2
0.055883992,6,rgb_sar,0,2
0.07846994,6,rgb_sar,0,2
0.11547361,6,rgb_sar,0,2
0.034016028,6,rgb_sar,0,2
0.096264035,6,rgb_sar,0,2
0.171785,6,rgb_sar,0,2
0.15430982,6,rgb_sar,0,2
0.041713677,6,rgb_sar,0,2
-0.005569648,6,rgb_sar,0,2
0.06206752,6,rgb_sar,0,2
0.07465783,6,rgb_sar,0,2
0.03558299,6,rgb_sar,0,2
0.093666226,6,rgb_sar,0,2
0.19083175,6,rgb_sar,0,2
0.1285575,6,rgb_sar,0,2
0.04293909,6,rgb_sar,0,2
0.028799288,6,rgb_sar,0,2
0.011946449,6,rgb_sar,0,2
0.096182,6,rgb_sar,0,2
0.12070126,6,rgb_sar,0,2
0.12932047,6,rgb_sar,0,2
0.14938791,6,rgb_sar,0,2
0.11055355,6,rgb_sar,0,2
0.02111154,6,rgb_sar,0,2
0.016776763,6,rgb_sar,0,2
-0.00929261,6,rgb_sar,0,2
0.10021528,6,rgb_sar,0,2
0.1571624,6,rgb_sar,0,2
0.08428873,6,rgb_sar,0,2
0.031241708,6,rgb_sar,0,2
0.06814168,6,rgb_sar,0,2
0.09196452,6,rgb_sar,0,2
0.07056828,6,rgb_sar,0,2
0.086323164,6,rgb_sar,0,2
0.1680662,6,rgb_sar,0,2
0.23947087,6,rgb_sar,0,2
0.049074713,6,rgb_sar,0,2
-0.0072617233,6,rgb_sar,0,2
0.122291274,6,rgb_sar,0,2
0.08812459,6,rgb_sar,0,2
0.074139774,6,rgb_sar,0,2
0.123918235,6,rgb_sar,0,2
0.16965578,6,rgb_sar,0,2
0.24941108,6,rgb_sar,0,2
0.069334686,6,rgb_sar,0,2
0.10382848,6,rgb_sar,0,2
0.13133325,6,rgb_sar,0,2
0.24365272,6,rgb_sar,0,2
0.071025394,6,rgb_sar,0,2
0.083858915,6,rgb_sar,0,2
0.078520626,6,rgb_sar,0,2
0.1789811,6,rgb_sar,0,2
0.13681452,6,rgb_sar,0,2
0.10688184,6,rgb_sar,0,2
0.15358435,6,rgb_sar,0,2
0.18780012,6,rgb_sar,0,2
0.13010639,6,rgb_sar,0,2
0.10228523,6,rgb_sar,0,2
0.12435487,6,rgb_sar,0,2
0.13470879,6,rgb_sar,0,2
0.06093535,6,rgb_sar,0,2
0.0851312,6,rgb_sar,0,2
0.10270328,6,rgb_sar,0,2
0.11526717,6,rgb_sar,0,2
0.12880854,6,rgb_sar,0,2
0.23789929,6,rgb_sar,0,2
0.24807574,6,rgb_sar,0,2
0.1473454,6,rgb_sar,0,2
0.08522013,6,rgb_sar,0,2
0.12191726,6,rgb_sar,0,2
0.11883636,6,rgb_sar,0,2
-0.04686203,6,rgb_sar,0,2
0.10378043,6,rgb_sar,0,2
0.1307754,6,rgb_sar,0,2
0.12597787,6,rgb_sar,0,2
0.0721291,6,rgb_sar,0,2
0.031717215,6,rgb_sar,0,2
0.07439694,6,rgb_sar,0,2
0.15822807,6,rgb_sar,0,2
0.07215692,6,rgb_sar,0,2
0.07121216,6,rgb_sar,0,2
0.120033845,6,rgb_sar,0,2
0.11897066,6,rgb_sar,0,2
0.017630741,6,rgb_sar,0,2
0.02163158,6,rgb_sar,0,2
-0.0033373907,6,rgb_sar,0,2
0.06423691,6,rgb_sar,0,2
0.12756665,6,rgb_sar,0,2
0.05858424,6,rgb_sar,0,2
0.062149268,6,rgb_sar,0,2
0.07223296,6,rgb_sar,0,2
-0.0056812027,6,rgb_sar,0,2
0.0067300443,6,rgb_sar,0,2
-0.013688884,6,rgb_sar,0,2
0.09058837,6,rgb_sar,0,2
0.19154999,6,rgb_sar,0,2
0.20118725,6,rgb_sar,0,2
0.19797143,6,rgb_sar,0,2
0.20747979,6,rgb_sar,0,2
0.14256422,6,rgb_sar,0,2
0.13618393,6,rgb_sar,0,2
0.09810707,6,rgb_sar,0,2
0.1785681,6,rgb_sar,0,2
0.27800736,6,rgb_sar,0,2
0.14908922,6,rgb_sar,0,2
0.056516305,6,rgb_sar,0,2
0.17834505,6,rgb_sar,0,2
0.1662575,6,rgb_sar,0,2
0.13286951,6,rgb_sar,0,2
0.1147041,6,rgb_sar,0,2
0.18833014,6,rgb_sar,0,2
0.29830787,6,rgb_sar,0,2
0.08466145,6,rgb_sar,0,2
0.13165951,6,rgb_sar,0,2
0.21651724,6,rgb_sar,0,2
0.33601624,6,rgb_sar,0,2
0.10869499,6,rgb_sar,0,2
0.12040841,6,rgb_sar,0,2
0.1393503,6,rgb_sar,0,2
0.2177087,6,rgb_sar,0,2
0.073271245,5,rgb_sar,0,2
0.080300175,5,rgb_sar,0,2
0.08269429,5,rgb_sar,0,2
0.10681801,5,rgb_sar,0,2
0.14872427,5,rgb_sar,0,2
0.108801745,5,rgb_sar,0,2
0.10883072,5,rgb_sar,0,2
0.13588847,5,rgb_sar,0,2
0.17257015,5,rgb_sar,0,2
0.15418288,5,rgb_sar,0,2
0.14817831,5,rgb_sar,0,2
0.15894897,5,rgb_sar,0,2
0.17432809,5,rgb_sar,0,2
0.17132014,5,rgb_sar,0,2
0.15744103,5,rgb_sar,0,2
0.15369695,5,rgb_sar,0,2
0.18983027,5,rgb_sar,0,2
0.19763608,5,rgb_sar,0,2
0.21389209,5,rgb_sar,0,2
0.21048379,5,rgb_sar,0,2
0.17249274,5,rgb_sar,0,2
0.14460465,5,rgb_sar,0,2
0.08929567,5,rgb_sar,0,2
0.12064976,5,rgb_sar,0,2
0.17530888,5,rgb_sar,0,2
0.1629096,5,rgb_sar,0,2
0.102164865,5,rgb_sar,0,2
0.08951937,5,rgb_sar,0,2
0.107268654,5,rgb_sar,0,2
0.13724178,5,rgb_sar,0,2
0.12897843,5,rgb_sar,0,2
0.10523228,5,rgb_sar,0,2
0.14874572,5,rgb_sar,0,2
0.051505852,5,rgb_sar,0,2
0.09082514,5,rgb_sar,0,2
0.03663402,5,rgb_sar,0,2
0.068488896,5,rgb_sar,0,2
0.119321,6,rgb_sar,0,2
0.1351752,6,rgb_sar,0,2
0.17309648,6,rgb_sar,0,2
0.22709742,6,rgb_sar,0,2
0.10809796,6,rgb_sar,0,2
0.04011562,6,rgb_sar,0,2
0.15379234,6,rgb_sar,0,2
0.17326424,6,rgb_sar,0,2
0.034270998,6,rgb_sar,0,2
-0.02936717,6,rgb_sar,0,2
0.07412423,6,rgb_sar,0,2
0.09925995,6,rgb_sar,0,2
0.13754317,6,rgb_sar,0,2
0.114677384,6,rgb_sar,0,2
0.16252552,6,rgb_sar,0,2
0.11417311,6,rgb_sar,0,2
0.095171325,6,rgb_sar,0,2
0.16943671,6,rgb_sar,0,2
0.20353055,6,rgb_sar,0,2
0.045860317,6,rgb_sar,0,2
0.1389383,6,rgb_sar,0,2
0.12875709,6,rgb_sar,0,2
0.06946313,6,rgb_sar,0,2
0.002804665,6,rgb_sar,0,2
0.047111914,6,rgb_sar,0,2
0.11510063,6,rgb_sar,0,2
0.09893937,6,rgb_sar,0,2
-0.007134665,6,rgb_sar,0,2
0.15239847,6,rgb_sar,0,2
0.17273168,6,rgb_sar,0,2
0.1670215,6,rgb_sar,0,2
0.05362508,6,rgb_sar,0,2
0.055553295,6,rgb_sar,0,2
0.059711836,6,rgb_sar,0,2
0.059729125,6,rgb_sar,0,2
0.119978435,6,rgb_sar,0,2
0.18836756,6,rgb_sar,0,2
0.08252691,6,rgb_sar,0,2
0.18257491,6,rgb_sar,0,2
0.111382455,6,rgb_sar,0,2
0.098664835,6,rgb_sar,0,2
0.03914337,6,rgb_sar,0,2
0.07421158,6,rgb_sar,0,2
0.17826685,6,rgb_sar,0,2
0.12048948,6,rgb_sar,0,2
0.042485844,6,rgb_sar,0,2
0.18816915,6,rgb_sar,0,2
0.19900826,6,rgb_sar,0,2
0.15929514,6,rgb_sar,0,2
0.09442675,6,rgb_sar,0,2
0.08476536,6,rgb_sar,0,2
0.23008844,6,rgb_sar,0,2
0.08479247,6,rgb_sar,0,2
0.013207966,6,rgb_sar,0,2
0.18480754,6,rgb_sar,0,2
0.15454052,6,rgb_sar,0,2
0.131587,6,rgb_sar,0,2
0.07458943,6,rgb_sar,0,2
0.10000216,6,rgb_sar,0,2
0.25168353,6,rgb_sar,0,2
0.09420637,6,rgb_sar,0,2
0.13111657,6,rgb_sar,0,2
0.13383536,6,rgb_sar,0,2
0.22523028,6,rgb_sar,0,2
0.105251685,6,rgb_sar,0,2
0.12105563,6,rgb_sar,0,2
0.16597739,6,rgb_sar,0,2
0.17209625,6,rgb_sar,0,2
0.16097239,5,rgb_sar,0,2
0.13488477,5,rgb_sar,0,2
0.07917814,5,rgb_sar,0,2
0.04955033,5,rgb_sar,0,2
0.11911923,5,rgb_sar,0,2
0.10093774,5,rgb_sar,0,2
0.13559732,5,rgb_sar,0,2
0.13199292,5,rgb_sar,0,2
0.1488544,5,rgb_sar,0,2
0.14540729,5,rgb_sar,0,2
0.09780832,5,rgb_sar,0,2
0.09121886,5,rgb_sar,0,2
0.18785399,5,rgb_sar,0,2
0.22841659,5,rgb_sar,0,2
0.15049058,5,rgb_sar,0,2
0.16199063,5,rgb_sar,0,2
0.16787276,5,rgb_sar,0,2
0.20426817,5,rgb_sar,0,2
0.16481268,5,rgb_sar,0,2
0.15545717,5,rgb_sar,0,2
0.118642546,5,rgb_sar,0,2
0.14673457,5,rgb_sar,0,2
0.08038777,5,rgb_sar,0,2
0.12111901,5,rgb_sar,0,2
0.17207742,5,rgb_sar,0,2
0.2033343,5,rgb_sar,0,2
0.15171441,5,rgb_sar,0,2
0.15169063,5,rgb_sar,0,2
0.105088994,5,rgb_sar,0,2
0.13902514,5,rgb_sar,0,2
0.116404615,5,rgb_sar,0,2
0.13879171,5,rgb_sar,0,2
0.20108457,5,rgb_sar,0,2
0.053678818,5,rgb_sar,0,2
0.13515504,5,rgb_sar,0,2
0.0783741,5,rgb_sar,0,2
0.14209026,5,rgb_sar,0,2
0.112628266,6,rgb_sar,0,2
0.058472544,6,rgb_sar,0,2
0.12243568,6,rgb_sar,0,2
0.20567855,6,rgb_sar,0,2
0.11081049,6,rgb_sar,0,2
0.022235252,6,rgb_sar,0,2
0.051022746,6,rgb_sar,0,2
0.110382855,6,rgb_sar,0,2
0.06905299,6,rgb_sar,0,2
0.045936525,6,rgb_sar,0,2
0.05698748,6,rgb_sar,0,2
0.059129063,6,rgb_sar,0,2
0.13681689,6,rgb_sar,0,2
0.08561373,6,rgb_sar,0,2
0.122112066,6,rgb_sar,0,2
0.15646031,6,rgb_sar,0,2
0.14372312,6,rgb_sar,0,2
0.16672266,6,rgb_sar,0,2
0.16989693,6,rgb_sar,0,2
0.018827908,6,rgb_sar,0,2
0.11676103,6,rgb_sar,0,2
0.081915006,6,rgb_sar,0,2
0.09634276,6,rgb_sar,0,2
0.08322446,6,rgb_sar,0,2
0.098899886,6,rgb_sar,0,2
0.15282299,6,rgb_sar,0,2
0.16516738,6,rgb_sar,0,2
0.08990695,6,rgb_sar,0,2
0.08196306,6,rgb_sar,0,2
0.1290752,6,rgb_sar,0,2
0.14027826,6,rgb_sar,0,2
0.034318086,6,rgb_sar,0,2
0.04480638,6,rgb_sar,0,2
0.12071623,6,rgb_sar,0,2
0.10758637,6,rgb_sar,0,2
0.11822825,6,rgb_sar,0,2
0.10288976,6,rgb_sar,0,2
0.13770354,6,rgb_sar,0,2
0.14321478,6,rgb_sar,0,2
0.060211968,6,rgb_sar,0,2
0.036558695,6,rgb_sar,0,2
0.04869095,6,rgb_sar,0,2
0.09552386,6,rgb_sar,0,2
0.14427745,6,rgb_sar,0,2
0.18658242,6,rgb_sar,0,2
0.20461324,6,rgb_sar,0,2
0.1830876,6,rgb_sar,0,2
0.18400043,6,rgb_sar,0,2
0.12768278,6,rgb_sar,0,2
0.119888455,6,rgb_sar,0,2
0.23602276,6,rgb_sar,0,2
0.30312312,6,rgb_sar,0,2
0.16090904,6,rgb_sar,0,2
0.10714809,6,rgb_sar,0,2
0.16897543,6,rgb_sar,0,2
0.16746475,6,rgb_sar,0,2
0.147954,6,rgb_sar,0,2
0.08827089,6,rgb_sar,0,2
0.24172822,6,rgb_sar,0,2
0.3671149,6,rgb_sar,0,2
0.13449925,6,rgb_sar,0,2
0.1786878,6,rgb_sar,0,2
0.28400564,6,rgb_sar,0,2
0.33834064,6,rgb_sar,0,2
0.15908012,6,rgb_sar,0,2
0.21171644,6,rgb_sar,0,2
0.20921907,6,rgb_sar,0,2
0.23315609,6,rgb_sar,0,2
0.15854962,7,rgb_sar,0,2
0.16824907,7,rgb_sar,0,2
0.15708436,7,rgb_sar,0,2
0.10194746,7,rgb_sar,0,2
0.02449595,7,rgb_sar,0,2
0.065873906,7,rgb_sar,0,2
0.061823487,7,rgb_sar,0,2
0.2030428,7,rgb_sar,0,2
0.22465254,7,rgb_sar,0,2
0.1628547,7,rgb_sar,0,2
0.13631506,7,rgb_sar,0,2
0.10451896,7,rgb_sar,0,2
0.032933213,7,rgb_sar,0,2
0.08433754,7,rgb_sar,0,2
0.072664864,7,rgb_sar,0,2
0.22566971,7,rgb_sar,0,2
0.27430558,7,rgb_sar,0,2
0.28499198,7,rgb_sar,0,2
0.23265803,7,rgb_sar,0,2
0.22520581,7,rgb_sar,0,2
0.17479971,7,rgb_sar,0,2
0.13429654,7,rgb_sar,0,2
0.20162007,7,rgb_sar,0,2
0.26064032,7,rgb_sar,0,2
0.2017032,7,rgb_sar,0,2
0.19352382,7,rgb_sar,0,2
0.1466709,7,rgb_sar,0,2
0.11431649,7,rgb_sar,0,2
0.061846755,7,rgb_sar,0,2
0.117238626,7,rgb_sar,0,2
0.08619247,7,rgb_sar,0,2
0.1989409,7,rgb_sar,0,2
0.20601499,7,rgb_sar,0,2
0.17623496,7,rgb_sar,0,2
0.12649699,7,rgb_sar,0,2
0.098640986,7,rgb_sar,0,2
0.026650498,7,rgb_sar,0,2
0.102704525,7,rgb_sar,0,2
0.08969369,7,rgb_sar,0,2
0.25747234,7,rgb_sar,0,2
0.23086026,7,rgb_sar,0,2
0.2552708,7,rgb_sar,0,2
0.23638643,7,rgb_sar,0,2
0.22229224,7,rgb_sar,0,2
0.16124019,7,rgb_sar,0,2
0.101245604,7,rgb_sar,0,2
0.17916502,7,rgb_sar,0,2
0.2771171,7,rgb_sar,0,2
0.1144298,7,rgb_sar,0,2
-0.0014028829,7,rgb_sar,0,2
0.25483203,7,rgb_sar,0,2
0.07988105,7,rgb_sar,0,2
0.08572663,5,rgb_sar,0,2
0.11247968,5,rgb_sar,0,2
0.14294954,5,rgb_sar,0,2
0.11689654,5,rgb_sar,0,2
0.11437799,5,rgb_sar,0,2
0.1519704,5,rgb_sar,0,2
0.21331097,5,rgb_sar,0,2
0.15366173,5,rgb_sar,0,2
0.14367047,5,rgb_sar,0,2
0.17373577,5,rgb_sar,0,2
0.2472435,5,rgb_sar,0,2
0.20069829,5,rgb_sar,0,2
0.226874,5,rgb_sar,0,2
0.22936586,5,rgb_sar,0,2
0.2230055,5,rgb_sar,0,2
0.18813899,5,rgb_sar,0,2
0.16908756,5,rgb_sar,0,2
0.21153267,5,rgb_sar,0,2
0.21933286,5,rgb_sar,0,2
0.16163854,5,rgb_sar,0,2
0.11859856,5,rgb_sar,0,2
0.211991,5,rgb_sar,0,2
0.22627738,5,rgb_sar,0,2
0.1416862,5,rgb_sar,0,2
0.17115779,5,rgb_sar,0,2
0.17523664,5,rgb_sar,0,2
0.13361853,5,rgb_sar,0,2
0.12098946,5,rgb_sar,0,2
0.17666167,5,rgb_sar,0,2
0.15204607,5,rgb_sar,0,2
0.05705601,5,rgb_sar,0,2
0.06929214,5,rgb_sar,0,2
0.05941569,5,rgb_sar,0,2
0.045018382,5,rgb_sar,0,2
0.08850565,5,rgb_sar,0,2
0.10949142,5,rgb_sar,0,2
0.1473046,5,rgb_sar,0,2
0.13125025,5,rgb_sar,0,2
0.11504812,5,rgb_sar,0,2
0.115648896,5,rgb_sar,0,2
0.1530993,5,rgb_sar,0,2
0.15088278,5,rgb_sar,0,2
0.13060036,5,rgb_sar,0,2
0.12753612,5,rgb_sar,0,2
0.16371661,5,rgb_sar,0,2
0.17864394,5,rgb_sar,0,2
0.18792355,5,rgb_sar,0,2
0.18533957,5,rgb_sar,0,2
0.21900931,5,rgb_sar,0,2
0.2238211,5,rgb_sar,0,2
0.24798606,5,rgb_sar,0,2
0.24042743,5,rgb_sar,0,2
0.26876193,5,rgb_sar,0,2
0.1789394,5,rgb_sar,0,2
0.20026559,5,rgb_sar,0,2
0.15009135,5,rgb_sar,0,2
0.13737676,5,rgb_sar,0,2
0.13589981,5,rgb_sar,0,2
0.16506061,5,rgb_sar,0,2
0.080107264,5,rgb_sar,0,2
0.05064138,5,rgb_sar,0,2
0.20000353,5,rgb_sar,0,2
0.20011479,5,rgb_sar,0,2
0.09822622,5,rgb_sar,0,2
0.0847782,5,rgb_sar,0,2
0.16506998,5,rgb_sar,0,2
0.17187186,5,rgb_sar,0,2
0.06147262,5,rgb_sar,0,2
0.09934945,5,rgb_sar,0,2
0.15242597,5,rgb_sar,0,2
0.06896788,5,rgb_sar,0,2
0.10056428,5,rgb_sar,0,2
0.086317375,5,rgb_sar,0,2
0.16512048,5,rgb_sar,0,2
-0.046921406,3,rgb_sar,0,2
0.026759032,3,rgb_sar,0,2
0.014245654,3,rgb_sar,0,2
0.0680648,3,rgb_sar,0,2
-0.0063313423,3,rgb_sar,0,2
0.0113554215,3,rgb_sar,0,2
0.25240773,3,rgb_sar,0,2
0.06636885,3,rgb_sar,0,2
0.0039478336,3,rgb_sar,0,2
0.05077734,3,rgb_sar,0,2
0.021265447,3,rgb_sar,0,2
-0.02545354,3,rgb_sar,0,2
0.021177297,3,rgb_sar,0,2
0.15459937,3,rgb_sar,0,2
0.039690718,3,rgb_sar,0,2
0.0063469177,3,rgb_sar,0,2
0.059967525,3,rgb_sar,0,2
0.04494101,3,rgb_sar,0,2
0.012213916,3,rgb_sar,0,2
-0.01081538,3,rgb_sar,0,2
0.072483286,3,rgb_sar,0,2
0.021039013,3,rgb_sar,0,2
-0.00942078,3,rgb_sar,0,2
0.026830548,3,rgb_sar,0,2
-0.031950794,3,rgb_sar,0,2
-0.015428904,3,rgb_sar,0,2
-0.029943584,3,rgb_sar,0,2
0.06148123,3,rgb_sar,0,2
-0.014107937,3,rgb_sar,0,2
-0.020724777,3,rgb_sar,0,2
-0.05928762,3,rgb_sar,0,2
-0.053830523,3,rgb_sar,0,2
-0.023345523,3,rgb_sar,0,2
0.0051684957,3,rgb_sar,0,2
0.039625056,3,rgb_sar,0,2
0.09857334,3,rgb_sar,0,2
0.00088527426,3,rgb_sar,0,2
0.031112138,3,rgb_sar,0,2
0.037668284,3,rgb_sar,0,2
0.090332635,3,rgb_sar,0,2
-0.006125532,3,rgb_sar,0,2
-0.04061528,3,rgb_sar,0,2
-0.030371767,3,rgb_sar,0,2
-0.03740652,3,rgb_sar,0,2
0.097700864,3,rgb_sar,0,2
0.17074122,3,rgb_sar,0,2
-0.059598103,3,rgb_sar,0,2
-0.016424563,3,rgb_sar,0,2
-0.028747186,3,rgb_sar,0,2
-0.015533226,3,rgb_sar,0,2
-0.09579167,3,rgb_sar,0,2
-0.0744429,3,rgb_sar,0,2
-0.01091475,3,rgb_sar,0,2
0.023384195,3,rgb_sar,0,2
0.23010138,3,rgb_sar,0,2
0.29766354,3,rgb_sar,0,2
0.032198265,3,rgb_sar,0,2
-0.04345487,3,rgb_sar,0,2
-0.022622723,3,rgb_sar,0,2
0.007609768,3,rgb_sar,0,2
-0.06360152,3,rgb_sar,0,2
-0.011118619,3,rgb_sar,0,2
0.070844635,3,rgb_sar,0,2
0.10241784,3,rgb_sar,0,2
0.3043965,3,rgb_sar,0,2
0.33934978,3,rgb_sar,0,2
-0.11804888,3,rgb_sar,0,2
-0.09111661,3,rgb_sar,0,2
-0.00027867034,3,rgb_sar,0,2
0.06362705,3,rgb_sar,0,2
0.01405894,3,rgb_sar,0,2
0.024632039,3,rgb_sar,0,2
0.017490655,3,rgb_sar,0,2
-0.028029107,3,rgb_sar,0,2
0.115948275,3,rgb_sar,0,2
0.14621769,3,rgb_sar,0,2
0.06306307,3,rgb_sar,0,2
0.0323914,3,rgb_sar,0,2
0.073471725,3,rgb_sar,0,2
0.07627602,3,rgb_sar,0,2
0.04047452,3,rgb_sar,0,2
0.05002225,3,rgb_sar,0,2
0.07156812,3,rgb_sar,0,2
0.067844644,3,rgb_sar,0,2
0.16601944,3,rgb_sar,0,2
0.2223646,3,rgb_sar,0,2
-0.06806338,3,rgb_sar,0,2
-0.039226897,3,rgb_sar,0,2
0.048559017,3,rgb_sar,0,2
0.11086069,3,rgb_sar,0,2
0.04980224,3,rgb_sar,0,2
0.12139438,3,rgb_sar,0,2
0.23210326,3,rgb_sar,0,2
0.008190438,3,rgb_sar,0,2
0.055483855,3,rgb_sar,0,2
0.08524613,3,rgb_sar,0,2
0.06823677,3,rgb_sar,0,2
0.05225168,3,rgb_sar,0,2
0.011931162,3,rgb_sar,0,2
0.17242284,3,rgb_sar,0,2
0.052868724,3,rgb_sar,0,2
0.060337678,3,rgb_sar,0,2
0.11054673,3,rgb_sar,0,2
0.12410916,3,rgb_sar,0,2
0.088019565,3,rgb_sar,0,2
-0.013907541,3,rgb_sar,0,2
0.13027546,3,rgb_sar,0,2
0.050798394,3,rgb_sar,0,2
0.026357006,3,rgb_sar,0,2
0.021263573,3,rgb_sar,0,2
0.03987485,3,rgb_sar,0,2
-0.007595375,3,rgb_sar,0,2
-0.09957055,3,rgb_sar,0,2
0.0034219716,3,rgb_sar,0,2
0.027069863,3,rgb_sar,0,2
-0.0035364837,3,rgb_sar,0,2
-0.016051196,3,rgb_sar,0,2
-0.01580096,3,rgb_sar,0,2
-0.034025423,3,rgb_sar,0,2
-0.004896555,3,rgb_sar,0,2
0.019897647,3,rgb_sar,0,2
0.07316056,3,rgb_sar,0,2
0.087997496,3,rgb_sar,0,2
0.054803215,3,rgb_sar,0,2
-0.077848375,3,rgb_sar,0,2
-0.043270893,3,rgb_sar,0,2
-0.0036940854,3,rgb_sar,0,2
0.048372537,3,rgb_sar,0,2
0.013174176,3,rgb_sar,0,2
-0.0102840625,3,rgb_sar,0,2
-0.02000717,3,rgb_sar,0,2
-0.018094994,3,rgb_sar,0,2
0.07293378,3,rgb_sar,0,2
0.043578103,3,rgb_sar,0,2
-0.028672041,3,rgb_sar,0,2
-0.10395195,3,rgb_sar,0,2
-0.041340098,3,rgb_sar,0,2
-0.021678485,3,rgb_sar,0,2
-0.036548987,3,rgb_sar,0,2
-0.011118636,3,rgb_sar,0,2
-0.026134372,3,rgb_sar,0,2
-0.03712776,3,rgb_sar,0,2
-0.020268198,3,rgb_sar,0,2
0.032086045,3,rgb_sar,0,2
0.23350237,3,rgb_sar,0,2
0.13651833,3,rgb_sar,0,2
-0.007574768,3,rgb_sar,0,2
-0.005896233,3,rgb_sar,0,2
0.04255995,3,rgb_sar,0,2
-0.004132347,3,rgb_sar,0,2
0.002750514,3,rgb_sar,0,2
0.03468031,3,rgb_sar,0,2
0.030774284,3,rgb_sar,0,2
0.0009930953,3,rgb_sar,0,2
0.014226981,3,rgb_sar,0,2
0.07662247,3,rgb_sar,0,2
0.30603498,3,rgb_sar,0,2
0.1529527,3,rgb_sar,0,2
0.0047667185,3,rgb_sar,0,2
0.07938568,3,rgb_sar,0,2
0.31212687,3,rgb_sar,0,2
-0.07975735,3,rgb_sar,0,2
-0.030605014,3,rgb_sar,0,2
-0.021266364,3,rgb_sar,0,2
0.027605144,3,rgb_sar,0,2
0.041403327,3,rgb_sar,0,2
0.0022073407,3,rgb_sar,0,2
-0.03572836,3,rgb_sar,0,2
-0.055588167,3,rgb_sar,0,2
0.15507548,3,rgb_sar,0,2
0.03699428,3,rgb_sar,0,2
-0.009646332,3,rgb_sar,0,2
0.17006017,3,rgb_sar,0,2
0.3570985,3,rgb_sar,0,2
0.12856275,3,rgb_sar,0,2
0.05419232,3,rgb_sar,0,2
0.021488361,3,rgb_sar,0,2
0.06845665,3,rgb_sar,0,2
0.07051611,3,rgb_sar,0,2
0.0661662,3,rgb_sar,0,2
0.050773516,3,rgb_sar,0,2
0.047932282,3,rgb_sar,0,2
0.19314802,3,rgb_sar,0,2
0.09816408,3,rgb_sar,0,2
0.12290153,3,rgb_sar,0,2
0.22856858,3,rgb_sar,0,2
0.26038885,3,rgb_sar,0,2
-0.013106439,3,rgb_sar,0,2
-0.007847709,3,rgb_sar,0,2
-0.06120237,3,rgb_sar,0,2
-0.06898027,3,rgb_sar,0,2
0.033424273,3,rgb_sar,0,2
-0.027386248,3,rgb_sar,0,2
0.016495947,3,rgb_sar,0,2
0.06907436,3,rgb_sar,0,2
0.35881793,3,rgb_sar,0,2
0.19097833,3,rgb_sar,0,2
0.28842142,3,rgb_sar,0,2
0.39987528,3,rgb_sar,0,2
0.28802115,3,rgb_sar,0,2
0.3216367,3,rgb_sar,0,2
0.29756764,3,rgb_sar,0,2
0.19215468,7,rgb_sar,0,2
0.18694547,7,rgb_sar,0,2
0.20413865,7,rgb_sar,0,2
0.11695271,7,rgb_sar,0,2
0.022863781,7,rgb_sar,0,2
0.09674033,7,rgb_sar,0,2
0.10217814,7,rgb_sar,0,2
0.14039925,7,rgb_sar,0,2
0.13394994,7,rgb_sar,0,2
0.13486302,7,rgb_sar,0,2
0.13616768,7,rgb_sar,0,2
0.08078566,7,rgb_sar,0,2
0.02963508,7,rgb_sar,0,2
0.07577178,7,rgb_sar,0,2
0.06956375,7,rgb_sar,0,2
0.18570457,7,rgb_sar,0,2
0.15729716,7,rgb_sar,0,2
0.1311825,7,rgb_sar,0,2
0.14840333,7,rgb_sar,0,2
0.15535393,7,rgb_sar,0,2
0.09255459,7,rgb_sar,0,2
0.03183585,7,rgb_sar,0,2
0.076962054,7,rgb_sar,0,2
0.14385605,7,rgb_sar,0,2
0.16704464,7,rgb_sar,0,2
0.17130622,7,rgb_sar,0,2
0.13383839,7,rgb_sar,0,2
0.16188107,7,rgb_sar,0,2
0.18896304,7,rgb_sar,0,2
0.092447974,7,rgb_sar,0,2
0.022690563,7,rgb_sar,0,2
0.06562702,7,rgb_sar,0,2
0.10681254,7,rgb_sar,0,2
0.1646842,7,rgb_sar,0,2
0.17536125,7,rgb_sar,0,2
0.14140087,7,rgb_sar,0,2
0.15654063,7,rgb_sar,0,2
0.13781458,7,rgb_sar,0,2
0.032395303,7,rgb_sar,0,2
-0.0032290798,7,rgb_sar,0,2
0.06484681,7,rgb_sar,0,2
0.00804434,7,rgb_sar,0,2
0.15720269,7,rgb_sar,0,2
0.16961548,7,rgb_sar,0,2
0.15333055,7,rgb_sar,0,2
0.15895003,7,rgb_sar,0,2
0.10085862,7,rgb_sar,0,2
0.035365537,7,rgb_sar,0,2
0.033957608,7,rgb_sar,0,2
0.08692148,7,rgb_sar,0,2
0.021130294,7,rgb_sar,0,2
0.1420911,7,rgb_sar,0,2
0.15224662,7,rgb_sar,0,2
0.13622484,7,rgb_sar,0,2
0.12789425,7,rgb_sar,0,2
0.08631602,7,rgb_sar,0,2
0.034998983,7,rgb_sar,0,2
0.04447384,7,rgb_sar,0,2
0.11895352,7,rgb_sar,0,2
0.016979117,7,rgb_sar,0,2
0.15469518,7,rgb_sar,0,2
0.16332377,7,rgb_sar,0,2
0.093402065,7,rgb_sar,0,2
0.08421125,7,rgb_sar,0,2
0.062351316,7,rgb_sar,0,2
-0.010555442,7,rgb_sar,0,2
0.016527522,7,rgb_sar,0,2
0.113605835,7,rgb_sar,0,2
0.031709053,7,rgb_sar,0,2
0.15867978,3,rgb_sar,0,2
0.16793795,3,rgb_sar,0,2
0.05247178,3,rgb_sar,0,2
-0.1240212,3,rgb_sar,0,2
-0.027272828,3,rgb_sar,0,2
-0.054304074,3,rgb_sar,0,2
-0.104904644,3,rgb_sar,0,2
-0.13570002,3,rgb_sar,0,2
-0.06069176,3,rgb_sar,0,2
0.12971658,3,rgb_sar,0,2
0.15295863,3,rgb_sar,0,2
0.10123684,3,rgb_sar,0,2
-0.0510435,3,rgb_sar,0,2
-0.02640279,3,rgb_sar,0,2
0.0028007906,3,rgb_sar,0,2
-0.007970702,3,rgb_sar,0,2
-0.1713242,3,rgb_sar,0,2
-0.15142356,3,rgb_sar,0,2
0.14472505,3,rgb_sar,0,2
0.12157659,3,rgb_sar,0,2
0.09295222,3,rgb_sar,0,2
-0.021768581,3,rgb_sar,0,2
-0.037685357,3,rgb_sar,0,2
-0.08625865,3,rgb_sar,0,2
-0.073412985,3,rgb_sar,0,2
-0.020339137,3,rgb_sar,0,2
-0.13808084,3,rgb_sar,0,2
-0.01323857,3,rgb_sar,0,2
0.01854647,3,rgb_sar,0,2
0.16820222,3,rgb_sar,0,2
0.11880198,3,rgb_sar,0,2
0.054069087,3,rgb_sar,0,2
-0.002225468,3,rgb_sar,0,2
0.04331933,3,rgb_sar,0,2
-0.022972029,3,rgb_sar,0,2
-0.0432362,3,rgb_sar,0,2
0.060383916,3,rgb_sar,0,2
-0.07666558,3,rgb_sar,0,2
-0.052851945,3,rgb_sar,0,2
0.06669113,3,rgb_sar,0,2
0.12381829,3,rgb_sar,0,2
0.10596558,3,rgb_sar,0,2
0.11852661,3,rgb_sar,0,2
0.10593921,3,rgb_sar,0,2
0.12018038,3,rgb_sar,0,2
0.08499606,3,rgb_sar,0,2
-0.018994182,3,rgb_sar,0,2
-0.004923921,3,rgb_sar,0,2
-0.015821172,3,rgb_sar,0,2
-0.15419641,3,rgb_sar,0,2
-0.0066610575,3,rgb_sar,0,2
0.008960377,3,rgb_sar,0,2
0.14111193,3,rgb_sar,0,2
0.12785833,3,rgb_sar,0,2
0.10855211,3,rgb_sar,0,2
0.12127959,3,rgb_sar,0,2
0.13689269,3,rgb_sar,0,2
0.021249626,3,rgb_sar,0,2
-0.019705772,3,rgb_sar,0,2
0.07637924,3,rgb_sar,0,2
-0.03485836,3,rgb_sar,0,2
-0.12295553,3,rgb_sar,0,2
0.024006374,3,rgb_sar,0,2
-0.032227088,3,rgb_sar,0,2
0.13450906,3,rgb_sar,0,2
0.18298204,3,rgb_sar,0,2
0.16802385,3,rgb_sar,0,2
0.15694252,3,rgb_sar,0,2
0.14992733,3,rgb_sar,0,2
0.06976646,3,rgb_sar,0,2
-0.05460521,3,rgb_sar,0,2
0.057405196,3,rgb_sar,0,2
0.047718443,3,rgb_sar,0,2
-0.050201707,3,rgb_sar,0,2
-0.029192448,3,rgb_sar,0,2
0.021159414,3,rgb_sar,0,2
-0.002442086,3,rgb_sar,0,2
0.12051186,3,rgb_sar,0,2
0.16426182,3,rgb_sar,0,2
0.1784263,3,rgb_sar,0,2
0.18279663,3,rgb_sar,0,2
0.20314416,3,rgb_sar,0,2
0.07769358,3,rgb_sar,0,2
-0.044388384,3,rgb_sar,0,2
-0.06628825,3,rgb_sar,0,2
-0.088119134,3,rgb_sar,0,2
-0.06669392,3,rgb_sar,0,2
-0.08465781,3,rgb_sar,0,2
0.15658325,3,rgb_sar,0,2
0.17268261,3,rgb_sar,0,2
0.18492968,3,rgb_sar,0,2
0.12322447,3,rgb_sar,0,2
0.08096996,3,rgb_sar,0,2
-0.011020418,3,rgb_sar,0,2
0.0069074556,3,rgb_sar,0,2
-0.070353694,3,rgb_sar,0,2
-0.10474557,3,rgb_sar,0,2
0.005397005,3,rgb_sar,0,2
0.075132586,3,rgb_sar,0,2
0.1263814,3,rgb_sar,0,2
0.1522964,3,rgb_sar,0,2
0.06942092,3,rgb_sar,0,2
-0.0072499,3,rgb_sar,0,2
-0.08327105,3,rgb_sar,0,2
-0.008382451,3,rgb_sar,0,2
-0.0324022,3,rgb_sar,0,2
-0.068261586,3,rgb_sar,0,2
0.09440385,3,rgb_sar,0,2
0.12324741,3,rgb_sar,0,2
0.16357628,3,rgb_sar,0,2
0.037373517,3,rgb_sar,0,2
0.03664142,3,rgb_sar,0,2
0.03217366,3,rgb_sar,0,2
-0.005468117,3,rgb_sar,0,2
0.20880815,3,rgb_sar,0,2
0.21233973,3,rgb_sar,0,2
0.2353254,3,rgb_sar,0,2
0.055222716,3,rgb_sar,0,2
0.027541604,3,rgb_sar,0,2
-0.008089643,3,rgb_sar,0,2
-0.009439499,3,rgb_sar,0,2
0.1072216,3,rgb_sar,0,2
0.09287013,3,rgb_sar,0,2
-0.04767327,3,rgb_sar,0,2
0.018651027,3,rgb_sar,0,2
-0.06883245,3,rgb_sar,0,2
-0.045268767,3,rgb_sar,0,2
0.046154033,3,rgb_sar,0,2
-0.0040624794,3,rgb_sar,0,2
0.043696817,3,rgb_sar,0,2
0.054900818,3,rgb_sar,0,2
0.038187154,3,rgb_sar,0,2
-0.059111036,3,rgb_sar,0,2
0.16603905,7,rgb_sar,0,2
0.17985377,7,rgb_sar,0,2
0.13086207,7,rgb_sar,0,2
0.061481345,7,rgb_sar,0,2
0.029591262,7,rgb_sar,0,2
0.13573869,7,rgb_sar,0,2
0.112757936,7,rgb_sar,0,2
0.18400997,7,rgb_sar,0,2
0.19327518,7,rgb_sar,0,2
0.20012611,7,rgb_sar,0,2
0.13123915,7,rgb_sar,0,2
0.05017384,7,rgb_sar,0,2
0.018640129,7,rgb_sar,0,2
0.10015135,7,rgb_sar,0,2
0.10305059,7,rgb_sar,0,2
0.21688923,7,rgb_sar,0,2
0.20136252,7,rgb_sar,0,2
0.20192613,7,rgb_sar,0,2
0.18067563,7,rgb_sar,0,2
0.12956053,7,rgb_sar,0,2
0.07546234,7,rgb_sar,0,2
0.020845396,7,rgb_sar,0,2
0.07933809,7,rgb_sar,0,2
0.119731024,7,rgb_sar,0,2
-0.007531601,7,rgb_sar,0,2
-0.12579608,7,rgb_sar,0,2
0.21888462,7,rgb_sar,0,2
0.20221503,7,rgb_sar,0,2
0.18715626,7,rgb_sar,0,2
0.16273543,7,rgb_sar,0,2
0.13080515,7,rgb_sar,0,2
0.11682047,7,rgb_sar,0,2
0.045273006,7,rgb_sar,0,2
0.07983035,7,rgb_sar,0,2
0.1355262,7,rgb_sar,0,2
-0.05044636,7,rgb_sar,0,2
-0.058876604,7,rgb_sar,0,2
0.24290529,7,rgb_sar,0,2
0.19658798,7,rgb_sar,0,2
0.16803466,7,rgb_sar,0,2
0.16441202,7,rgb_sar,0,2
0.13857834,7,rgb_sar,0,2
0.1052963,7,rgb_sar,0,2
0.02850865,7,rgb_sar,0,2
0.08609881,7,rgb_sar,0,2
0.0691138,7,rgb_sar,0,2
-0.078837246,7,rgb_sar,0,2
-0.06138607,7,rgb_sar,0,2
0.26666445,7,rgb_sar,0,2
0.1896799,7,rgb_sar,0,2
0.1966861,7,rgb_sar,0,2
0.23183244,7,rgb_sar,0,2
0.19166374,7,rgb_sar,0,2
0.113713294,7,rgb_sar,0,2
0.04339076,7,rgb_sar,0,2
0.09422369,7,rgb_sar,0,2
0.073236234,7,rgb_sar,0,2
-0.057249304,7,rgb_sar,0,2
-0.066221684,7,rgb_sar,0,2
0.23716089,7,rgb_sar,0,2
0.20569853,7,rgb_sar,0,2
0.19577971,7,rgb_sar,0,2
0.22584786,7,rgb_sar,0,2
0.194332,7,rgb_sar,0,2
0.10704247,7,rgb_sar,0,2
0.0462396,7,rgb_sar,0,2
0.10318108,7,rgb_sar,0,2
0.03343989,7,rgb_sar,0,2
0.015008474,7,rgb_sar,0,2
0.015840508,7,rgb_sar,0,2
0.07103701,7,rgb_sar,0,2
-0.0048932144,7,rgb_sar,0,2
-0.04434958,7,rgb_sar,0,2
-0.034397423,7,rgb_sar,0,2
-0.035925902,7,rgb_sar,0,2
0.1566254,7,rgb_sar,0,2
0.18368709,7,rgb_sar,0,2
0.1501702,7,rgb_sar,0,2
0.13821965,7,rgb_sar,0,2
0.18675222,7,rgb_sar,0,2
0.16156271,7,rgb_sar,0,2
0.06808881,7,rgb_sar,0,2
0.041392148,7,rgb_sar,0,2
0.15922493,7,rgb_sar,0,2
0.106045514,7,rgb_sar,0,2
-0.06520496,7,rgb_sar,0,2
0.07391441,7,rgb_sar,0,2
0.09021666,7,rgb_sar,0,2
-0.006751756,7,rgb_sar,0,2
-0.10349002,7,rgb_sar,0,2
-0.12191667,7,rgb_sar,0,2
-0.07053335,7,rgb_sar,0,2
-0.061002567,7,rgb_sar,0,2
0.11231334,7,rgb_sar,0,2
-0.010442563,7,rgb_sar,0,2
-0.09567544,7,rgb_sar,0,2
-0.103764564,7,rgb_sar,0,2
-0.09876613,7,rgb_sar,0,2
-0.11310082,7,rgb_sar,0,2
0.2264495,7,rgb_sar,0,2
0.03737905,7,rgb_sar,0,2
-0.06839195,7,rgb_sar,0,2
-0.12736616,7,rgb_sar,0,2
-0.1213955,7,rgb_sar,0,2
-0.112519674,7,rgb_sar,0,2
0.110240236,7,rgb_sar,0,2
0.30430695,7,rgb_sar,0,2
0.2211999,7,rgb_sar,0,2
0.019484933,7,rgb_sar,0,2
-0.043998256,7,rgb_sar,0,2
-0.13447095,7,rgb_sar,0,2
0.02423311,7,rgb_sar,0,2
0.111412,7,rgb_sar,0,2
0.07619022,7,rgb_sar,0,2
0.08249565,7,rgb_sar,0,2
-0.022074291,7,rgb_sar,0,2
-0.06783075,7,rgb_sar,0,2
-0.041899834,7,rgb_sar,0,2
0.032782838,7,rgb_sar,0,2
0.043309502,7,rgb_sar,0,2
0.08226471,7,rgb_sar,0,2
-0.07852216,7,rgb_sar,0,2
-0.11895953,7,rgb_sar,0,2
0.13671295,3,rgb_sar,0,2
0.10339129,3,rgb_sar,0,2
0.01771152,3,rgb_sar,0,2
-0.05876813,3,rgb_sar,0,2
-0.025516681,3,rgb_sar,0,2
-0.08049728,3,rgb_sar,0,2
-0.10317885,3,rgb_sar,0,2
-0.054743756,3,rgb_sar,0,2
-0.0017684884,3,rgb_sar,0,2
0.10758601,7,rgb_sar,0,2
0.16062208,7,rgb_sar,0,2
0.15927741,3,rgb_sar,0,2
0.12091546,3,rgb_sar,0,2
0.0184046,3,rgb_sar,0,2
-0.054876935,3,rgb_sar,0,2
-0.029942658,3,rgb_sar,0,2
-0.060116153,3,rgb_sar,0,2
-0.043779038,3,rgb_sar,0,2
-0.12860048,3,rgb_sar,0,2
-0.07794945,3,rgb_sar,0,2
0.11713147,3,rgb_sar,0,2
0.09113478,3,rgb_sar,0,2
0.017871983,3,rgb_sar,0,2
-0.07376245,3,rgb_sar,0,2
-0.056088477,3,rgb_sar,0,2
-0.084016055,3,rgb_sar,0,2
-0.026993167,3,rgb_sar,0,2
0.034427054,3,rgb_sar,0,2
-0.06561147,3,rgb_sar,0,2
0.039382048,3,rgb_sar,0,2
0.057965323,3,rgb_sar,0,2
0.103663005,3,rgb_sar,0,2
0.06073864,3,rgb_sar,0,2
-0.03185696,3,rgb_sar,0,2
-0.029453028,3,rgb_sar,0,2
-0.03139217,3,rgb_sar,0,2
-0.06486148,3,rgb_sar,0,2
-0.0049466006,3,rgb_sar,0,2
0.11731729,3,rgb_sar,0,2
-0.057916556,3,rgb_sar,0,2
-0.06209167,3,rgb_sar,0,2
0.14500917,3,rgb_sar,0,2
0.025057187,3,rgb_sar,0,2
0.093510464,3,rgb_sar,0,2
0.0737492,3,rgb_sar,0,2
-0.002946414,3,rgb_sar,0,2
0.026997864,3,rgb_sar,0,2
0.015231945,3,rgb_sar,0,2
-0.0802519,3,rgb_sar,0,2
-0.015549634,3,rgb_sar,0,2
-0.016688684,3,rgb_sar,0,2
-0.13601711,3,rgb_sar,0,2
-0.03513015,3,rgb_sar,0,2
0.069659635,3,rgb_sar,0,2
0.033267803,3,rgb_sar,0,2
0.107785605,3,rgb_sar,0,2
0.14699717,3,rgb_sar,0,2
0.12653485,3,rgb_sar,0,2
0.0643335,3,rgb_sar,0,2
-0.026547363,3,rgb_sar,0,2
-0.08675584,3,rgb_sar,0,2
-0.019234909,3,rgb_sar,0,2
-0.070463575,3,rgb_sar,0,2
-0.14258018,3,rgb_sar,0,2
-0.02535018,3,rgb_sar,0,2
-0.07297085,3,rgb_sar,0,2
0.08940081,3,rgb_sar,0,2
0.18002161,3,rgb_sar,0,2
0.2010175,3,rgb_sar,0,2
0.21221513,3,rgb_sar,0,2
0.21628666,3,rgb_sar,0,2
0.090419166,3,rgb_sar,0,2
-0.059213202,3,rgb_sar,0,2
0.0043576304,3,rgb_sar,0,2
0.035008058,3,rgb_sar,0,2
-0.01060189,3,rgb_sar,0,2
-0.0015101489,3,rgb_sar,0,2
0.0047500096,3,rgb_sar,0,2
-0.0087302355,3,rgb_sar,0,2
0.14585286,3,rgb_sar,0,2
0.1792377,3,rgb_sar,0,2
0.18636617,3,rgb_sar,0,2
0.2197484,3,rgb_sar,0,2
0.24677491,3,rgb_sar,0,2
0.13278767,3,rgb_sar,0,2
-0.03515005,3,rgb_sar,0,2
-0.03665033,3,rgb_sar,0,2
-0.026213596,3,rgb_sar,0,2
0.014868861,3,rgb_sar,0,2
-0.05225218,3,rgb_sar,0,2
0.14442816,3,rgb_sar,0,2
0.16580057,3,rgb_sar,0,2
0.2034734,3,rgb_sar,0,2
0.12349876,3,rgb_sar,0,2
0.1019028,3,rgb_sar,0,2
0.011771477,3,rgb_sar,0,2
-0.037887894,3,rgb_sar,0,2
-0.09749002,3,rgb_sar,0,2
-0.11300326,3,rgb_sar,0,2
-0.054074086,3,rgb_sar,0,2
0.084340766,3,rgb_sar,0,2
0.1193214,3,rgb_sar,0,2
0.15202716,3,rgb_sar,0,2
0.037067834,3,rgb_sar,0,2
-0.036941983,3,rgb_sar,0,2
-0.10205768,3,rgb_sar,0,2
-0.009868391,3,rgb_sar,0,2
0.047373615,3,rgb_sar,0,2
-0.03737244,3,rgb_sar,0,2
0.115239665,3,rgb_sar,0,2
0.08567546,3,rgb_sar,0,2
0.11984483,3,rgb_sar,0,2
0.0010092296,3,rgb_sar,0,2
0.015694268,3,rgb_sar,0,2
-0.028531287,3,rgb_sar,0,2
-0.058774453,3,rgb_sar,0,2
0.16464208,3,rgb_sar,0,2
0.15665089,3,rgb_sar,0,2
0.13629001,3,rgb_sar,0,2
0.0071144216,3,rgb_sar,0,2
-0.039443195,3,rgb_sar,0,2
-0.05503686,3,rgb_sar,0,2
-0.07888241,3,rgb_sar,0,2
0.03038657,3,rgb_sar,0,2
0.00091690384,3,rgb_sar,0,2
-0.09366812,3,rgb_sar,0,2
-0.040042073,3,rgb_sar,0,2
-0.04220941,3,rgb_sar,0,2
-0.0080799535,3,rgb_sar,0,2
-0.030035913,3,rgb_sar,0,2
-0.0028938605,3,rgb_sar,0,2
0.038427155,3,rgb_sar,0,2
0.05923917,3,rgb_sar,0,2
0.053259667,3,rgb_sar,0,2
-0.03032754,3,rgb_sar,0,2
-0.11423378,7,rgb_sar,0,2
-0.17627928,7,rgb_sar,0,2
-0.06896679,7,rgb_sar,0,2
-0.03557621,7,rgb_sar,0,2
-0.02460822,7,rgb_sar,0,2
-0.007778272,7,rgb_sar,0,2
-0.042939704,7,rgb_sar,0,2
-0.031690907,7,rgb_sar,0,2
-0.025838397,7,rgb_sar,0,2
-0.029351182,7,rgb_sar,0,2
0.025998257,7,rgb_sar,0,2
-0.012070855,7,rgb_sar,0,2
-0.038704284,7,rgb_sar,0,2
0.040224887,7,rgb_sar,0,2
0.056687057,7,rgb_sar,0,2
0.13376625,7,rgb_sar,0,2
-0.065028176,7,rgb_sar,0,2
0.03546813,7,rgb_sar,0,2
0.04156299,7,rgb_sar,0,2
-0.043808937,7,rgb_sar,0,2
-0.09055966,7,rgb_sar,0,2
-0.085983336,7,rgb_sar,0,2
-0.057577763,7,rgb_sar,0,2
-0.07840681,7,rgb_sar,0,2
0.17601596,7,rgb_sar,0,2
-0.0002849698,7,rgb_sar,0,2
-0.08096307,7,rgb_sar,0,2
-0.058411874,7,rgb_sar,0,2
-0.055492364,7,rgb_sar,0,2
-0.07179066,7,rgb_sar,0,2
0.2757584,7,rgb_sar,0,2
-0.023842914,7,rgb_sar,0,2
-0.090613455,7,rgb_sar,0,2
-0.110400915,7,rgb_sar,0,2
-0.07555211,7,rgb_sar,0,2
-0.08087096,7,rgb_sar,0,2
0.18203121,7,rgb_sar,0,2
0.2845294,7,rgb_sar,0,2
0.17377704,7,rgb_sar,0,2
-0.02960591,7,rgb_sar,0,2
-0.052882757,7,rgb_sar,0,2
-0.20168245,7,rgb_sar,0,2
0.018419657,7,rgb_sar,0,2
0.07686047,7,rgb_sar,0,2
0.027055934,7,rgb_sar,0,2
0.003925424,7,rgb_sar,0,2
-0.06308619,7,rgb_sar,0,2
-0.14302133,7,rgb_sar,0,2
-0.047491603,7,rgb_sar,0,2
-0.006279504,7,rgb_sar,0,2
0.009721646,7,rgb_sar,0,2
0.06762065,7,rgb_sar,0,2
-0.09752111,7,rgb_sar,0,2
-0.15279178,7,rgb_sar,0,2
0.11604924,7,rgb_sar,0,2
0.19524166,7,rgb_sar,0,2
0.21143939,5,rgb_sar,0,2
0.20254412,5,rgb_sar,0,2
0.17846668,5,rgb_sar,0,2
0.19150847,5,rgb_sar,0,2
0.13554245,5,rgb_sar,0,2
0.18301067,5,rgb_sar,0,2
0.11929572,5,rgb_sar,0,2
0.20766012,5,rgb_sar,0,2
0.15136251,5,rgb_sar,0,2
0.26756775,5,rgb_sar,0,2
0.28013325,5,rgb_sar,0,2
0.23473081,5,rgb_sar,0,2
0.16353723,5,rgb_sar,0,2
0.2355047,5,rgb_sar,0,2
0.24950826,5,rgb_sar,0,2
0.22836187,5,rgb_sar,0,2
0.22922903,5,rgb_sar,0,2
0.15344717,5,rgb_sar,0,2
0.20001082,5,rgb_sar,0,2
0.2400507,5,rgb_sar,0,2
0.23597214,5,rgb_sar,0,2
0.24892622,5,rgb_sar,0,2
0.2955137,5,rgb_sar,0,2
0.19107062,5,rgb_sar,0,2
0.25307164,5,rgb_sar,0,2
0.26818055,5,rgb_sar,0,2
0.24562699,5,rgb_sar,0,2
0.26107523,5,rgb_sar,0,2
0.2811002,5,rgb_sar,0,2
0.14660643,5,rgb_sar,0,2
0.19125411,5,rgb_sar,0,2
0.21321961,5,rgb_sar,0,2
0.2144539,5,rgb_sar,0,2
0.24466622,5,rgb_sar,0,2
0.24471356,5,rgb_sar,0,2
0.16577545,5,rgb_sar,0,2
0.24097224,5,rgb_sar,0,2
0.24865761,5,rgb_sar,0,2
0.261532,5,rgb_sar,0,2
0.27701646,5,rgb_sar,0,2
0.16781333,5,rgb_sar,0,2
0.2140705,5,rgb_sar,0,2
0.21467403,5,rgb_sar,0,2
0.21271953,5,rgb_sar,0,2
0.19160812,5,rgb_sar,0,2
0.26195136,5,rgb_sar,0,2
0.18800056,5,rgb_sar,0,2
0.23310006,5,rgb_sar,0,2
0.2460596,5,rgb_sar,0,2
0.26769018,5,rgb_sar,0,2
0.16054899,5,rgb_sar,0,2
0.19407777,5,rgb_sar,0,2
0.2301803,5,rgb_sar,0,2
0.22732955,5,rgb_sar,0,2
0.13766733,5,rgb_sar,0,2
0.15193802,5,rgb_sar,0,2
0.18049026,5,rgb_sar,0,2
0.17404082,5,rgb_sar,0,2
0.16003986,5,rgb_sar,0,2
0.17333704,5,rgb_sar,0,2
0.1864161,5,rgb_sar,0,2
0.18133552,5,rgb_sar,0,2
0.18123326,5,rgb_sar,0,2
0.1616005,5,rgb_sar,0,2
0.24002576,5,rgb_sar,0,2
0.20249188,5,rgb_sar,0,2
0.22705503,5,rgb_sar,0,2
0.20142144,5,rgb_sar,0,2
0.15915471,5,rgb_sar,0,2
0.18870929,5,rgb_sar,0,2
0.17228201,5,rgb_sar,0,2
0.19836223,5,rgb_sar,0,2
0.18534258,5,rgb_sar,0,2
0.21210986,5,rgb_sar,0,2
0.25283027,5,rgb_sar,0,2
0.10921185,5,rgb_sar,0,2
0.18124175,5,rgb_sar,0,2
0.2186127,5,rgb_sar,0,2
0.24326184,5,rgb_sar,0,2
0.24178505,5,rgb_sar,0,2
0.27330363,5,rgb_sar,0,2
0.084223524,5,rgb_sar,0,2
0.1876722,5,rgb_sar,0,2
0.23879093,5,rgb_sar,0,2
0.27414024,5,rgb_sar,0,2
0.2758418,5,rgb_sar,0,2
0.311474,5,rgb_sar,0,2
0.08066296,5,rgb_sar,0,2
0.14944205,5,rgb_sar,0,2
0.20190966,5,rgb_sar,0,2
0.21544828,5,rgb_sar,0,2
0.23800224,5,rgb_sar,0,2
0.2678535,5,rgb_sar,0,2
0.15352754,5,rgb_sar,0,2
0.22500706,5,rgb_sar,0,2
0.24869561,5,rgb_sar,0,2
0.25495932,5,rgb_sar,0,2
0.27272058,5,rgb_sar,0,2
0.14458185,5,rgb_sar,0,2
0.20533639,5,rgb_sar,0,2
0.23070133,5,rgb_sar,0,2
0.25318095,5,rgb_sar,0,2
0.2735545,5,rgb_sar,0,2
0.28439903,5,rgb_sar,0,2
0.16324736,5,rgb_sar,0,2
0.2311016,5,rgb_sar,0,2
0.25501767,5,rgb_sar,0,2
0.3207504,5,rgb_sar,0,2
0.1760928,5,rgb_sar,0,2
0.22845674,5,rgb_sar,0,2
0.25318843,5,rgb_sar,0,2
0.2694256,5,rgb_sar,0,2
0.16217299,5,rgb_sar,0,2
0.22073655,5,rgb_sar,0,2
0.18589213,5,rgb_sar,0,2
0.23472536,5,rgb_sar,0,2
-0.118318796,3,rgb_sar,0,2
-0.03728415,3,rgb_sar,0,2
-0.03460553,3,rgb_sar,0,2
-0.012464743,3,rgb_sar,0,2
0.11012772,3,rgb_sar,0,2
0.05554427,3,rgb_sar,0,2
0.26553372,3,rgb_sar,0,2
0.08012521,3,rgb_sar,0,2
-0.0059314445,3,rgb_sar,0,2
0.048312232,3,rgb_sar,0,2
0.027131874,3,rgb_sar,0,2
-0.024047777,3,rgb_sar,0,2
0.013801967,3,rgb_sar,0,2
0.1390799,3,rgb_sar,0,2
0.075541615,3,rgb_sar,0,2
-0.0057270406,3,rgb_sar,0,2
-0.0005045831,3,rgb_sar,0,2
0.00021224655,3,rgb_sar,0,2
-0.018695403,3,rgb_sar,0,2
-0.023367582,3,rgb_sar,0,2
0.052298583,3,rgb_sar,0,2
0.0096541885,3,rgb_sar,0,2
-0.048011504,3,rgb_sar,0,2
-0.04021411,3,rgb_sar,0,2
-0.011000581,3,rgb_sar,0,2
0.029421069,3,rgb_sar,0,2
0.034999862,3,rgb_sar,0,2
0.08768985,3,rgb_sar,0,2
-0.003532027,3,rgb_sar,0,2
0.008693745,3,rgb_sar,0,2
0.009445893,3,rgb_sar,0,2
-0.054297425,3,rgb_sar,0,2
-0.020645209,3,rgb_sar,0,2
0.0017873794,3,rgb_sar,0,2
0.047673177,3,rgb_sar,0,2
0.12625453,3,rgb_sar,0,2
-0.047372732,3,rgb_sar,0,2
-0.005659595,3,rgb_sar,0,2
0.05607208,3,rgb_sar,0,2
0.12291294,3,rgb_sar,0,2
0.029557083,3,rgb_sar,0,2
-8.0010854e-05,3,rgb_sar,0,2
-0.026743222,3,rgb_sar,0,2
-0.07692746,3,rgb_sar,0,2
0.048658404,3,rgb_sar,0,2
0.15962681,3,rgb_sar,0,2
-0.088358074,3,rgb_sar,0,2
0.008273802,3,rgb_sar,0,2
0.033954173,3,rgb_sar,0,2
0.060723305,3,rgb_sar,0,2
-0.08543676,3,rgb_sar,0,2
-0.07054826,3,rgb_sar,0,2
0.04292817,3,rgb_sar,0,2
-0.0021903142,3,rgb_sar,0,2
0.18222344,3,rgb_sar,0,2
0.26460105,3,rgb_sar,0,2
-0.06961338,3,rgb_sar,0,2
-0.03922628,3,rgb_sar,0,2
0.03937439,3,rgb_sar,0,2
0.061678037,3,rgb_sar,0,2
-0.09273366,3,rgb_sar,0,2
-0.09235342,3,rgb_sar,0,2
0.08528586,3,rgb_sar,0,2
0.107029594,3,rgb_sar,0,2
0.2677254,3,rgb_sar,0,2
0.25594595,3,rgb_sar,0,2
-0.08583179,3,rgb_sar,0,2
-0.102895945,3,rgb_sar,0,2
-0.03470758,3,rgb_sar,0,2
0.0015913183,3,rgb_sar,0,2
-0.082178704,3,rgb_sar,0,2
-0.07708217,3,rgb_sar,0,2
-0.039449684,3,rgb_sar,0,2
-0.067990415,3,rgb_sar,0,2
0.03354563,3,rgb_sar,0,2
0.06827752,3,rgb_sar,0,2
-0.0006809719,3,rgb_sar,0,2
-0.046304993,3,rgb_sar,0,2
-0.02410954,3,rgb_sar,0,2
-0.0055145994,3,rgb_sar,0,2
-0.07533363,3,rgb_sar,0,2
-0.0696626,3,rgb_sar,0,2
-0.03152658,3,rgb_sar,0,2
-0.07471056,3,rgb_sar,0,2
-0.010613772,3,rgb_sar,0,2
0.055519763,3,rgb_sar,0,2
-0.01868121,3,rgb_sar,0,2
-0.023130294,3,rgb_sar,0,2
-0.061482295,3,rgb_sar,0,2
-0.022901095,3,rgb_sar,0,2
-0.05543556,3,rgb_sar,0,2
-0.07988386,3,rgb_sar,0,2
-0.051934827,3,rgb_sar,0,2
-0.06511882,3,rgb_sar,0,2
-0.0680921,3,rgb_sar,0,2
0.04947129,3,rgb_sar,0,2
-0.032935217,3,rgb_sar,0,2
-0.09056315,3,rgb_sar,0,2
-0.066972874,3,rgb_sar,0,2
-0.048505034,3,rgb_sar,0,2
-0.019758526,3,rgb_sar,0,2
-0.014478076,3,rgb_sar,0,2
-0.011604579,3,rgb_sar,0,2
0.05790744,3,rgb_sar,0,2
0.14919966,3,rgb_sar,0,2
0.09768575,3,rgb_sar,0,2
-0.064650744,3,rgb_sar,0,2
-0.010261459,3,rgb_sar,0,2
0.031081017,3,rgb_sar,0,2
0.045846395,3,rgb_sar,0,2
0.024769101,3,rgb_sar,0,2
0.086805485,3,rgb_sar,0,2
0.11518546,3,rgb_sar,0,2
-0.08740897,3,rgb_sar,0,2
-0.047243737,3,rgb_sar,0,2
0.016457817,3,rgb_sar,0,2
0.042461004,3,rgb_sar,0,2
0.057001848,3,rgb_sar,0,2
0.14080642,3,rgb_sar,0,2
0.025385877,3,rgb_sar,0,2
0.021544207,3,rgb_sar,0,2
0.011919355,3,rgb_sar,0,2
0.030327125,3,rgb_sar,0,2
0.09368448,3,rgb_sar,0,2
-0.024523586,3,rgb_sar,0,2
-0.039695255,3,rgb_sar,0,2
-0.043496247,3,rgb_sar,0,2
0.014267145,3,rgb_sar,0,2
0.088959545,3,rgb_sar,0,2
-0.04384177,3,rgb_sar,0,2
0.048435777,3,rgb_sar,0,2
0.01548174,3,rgb_sar,0,2
0.08227453,3,rgb_sar,0,2
0.0080361795,3,rgb_sar,0,2
0.065230206,3,rgb_sar,0,2
0.21712135,3,rgb_sar,0,2
0.050981265,3,rgb_sar,0,2
0.002011424,3,rgb_sar,0,2
0.046605606,3,rgb_sar,0,2
0.06558213,3,rgb_sar,0,2
0.04104042,3,rgb_sar,0,2
0.042293165,3,rgb_sar,0,2
0.076554544,3,rgb_sar,0,2
0.037531745,3,rgb_sar,0,2
0.04248652,3,rgb_sar,0,2
0.08385487,3,rgb_sar,0,2
0.10604742,3,rgb_sar,0,2
0.07784702,3,rgb_sar,0,2
-0.012029147,3,rgb_sar,0,2
0.014660608,3,rgb_sar,0,2
0.059164256,3,rgb_sar,0,2
0.027744476,3,rgb_sar,0,2
0.010221017,3,rgb_sar,0,2
0.059165586,3,rgb_sar,0,2
0.023623768,3,rgb_sar,0,2
-0.026084097,3,rgb_sar,0,2
-0.0085104965,3,rgb_sar,0,2
-0.04556688,3,rgb_sar,0,2
-0.05253572,3,rgb_sar,0,2
-0.008152634,3,rgb_sar,0,2
-0.03440138,3,rgb_sar,0,2
-0.09459694,3,rgb_sar,0,2
0.043413974,3,rgb_sar,0,2
0.026470516,3,rgb_sar,0,2
0.045029953,3,rgb_sar,0,2
0.07263495,3,rgb_sar,0,2
0.014713375,3,rgb_sar,0,2
-0.032715883,3,rgb_sar,0,2
0.013645867,3,rgb_sar,0,2
-0.03857364,3,rgb_sar,0,2
-0.0014930815,3,rgb_sar,0,2
-0.009877168,3,rgb_sar,0,2
-0.029187132,3,rgb_sar,0,2
0.02539346,3,rgb_sar,0,2
-0.0057449043,3,rgb_sar,0,2
0.06618737,3,rgb_sar,0,2
0.060170464,3,rgb_sar,0,2
0.01393704,3,rgb_sar,0,2
-0.07929538,3,rgb_sar,0,2
-0.015992593,3,rgb_sar,0,2
0.027130285,3,rgb_sar,0,2
-0.0077343886,3,rgb_sar,0,2
-0.03808969,3,rgb_sar,0,2
-0.096411675,3,rgb_sar,0,2
-0.06633378,3,rgb_sar,0,2
0.00039524352,3,rgb_sar,0,2
0.015549757,3,rgb_sar,0,2
0.17290635,3,rgb_sar,0,2
0.08302965,3,rgb_sar,0,2
0.00042654946,3,rgb_sar,0,2
-0.014581092,3,rgb_sar,0,2
-0.014471329,3,rgb_sar,0,2
-0.013206381,3,rgb_sar,0,2
-0.014377685,3,rgb_sar,0,2
-0.0073966123,3,rgb_sar,0,2
-0.09457943,3,rgb_sar,0,2
-0.033644117,3,rgb_sar,0,2
0.047739685,3,rgb_sar,0,2
0.07701065,3,rgb_sar,0,2
0.25007918,3,rgb_sar,0,2
0.11389287,3,rgb_sar,0,2
0.014981719,3,rgb_sar,0,2
0.06276635,3,rgb_sar,0,2
0.32762808,3,rgb_sar,0,2
-0.030803535,3,rgb_sar,0,2
-0.06814374,3,rgb_sar,0,2
-0.070562005,3,rgb_sar,0,2
-0.015834935,3,rgb_sar,0,2
-0.056241527,3,rgb_sar,0,2
-0.042278454,3,rgb_sar,0,2
-0.02428152,3,rgb_sar,0,2
-0.059272837,3,rgb_sar,0,2
0.11251859,3,rgb_sar,0,2
0.0114493165,3,rgb_sar,0,2
0.019344022,3,rgb_sar,0,2
0.1412241,3,rgb_sar,0,2
0.34235322,3,rgb_sar,0,2
0.00835751,3,rgb_sar,0,2
-0.029218556,3,rgb_sar,0,2
-0.07283831,3,rgb_sar,0,2
-0.02319565,3,rgb_sar,0,2
-0.05972619,3,rgb_sar,0,2
-0.04544366,3,rgb_sar,0,2
-0.025184516,3,rgb_sar,0,2
-0.05360808,3,rgb_sar,0,2
0.06621373,3,rgb_sar,0,2
0.0036473796,3,rgb_sar,0,2
0.033044733,3,rgb_sar,0,2
0.047197536,3,rgb_sar,0,2
0.088307865,3,rgb_sar,0,2
-0.054984838,3,rgb_sar,0,2
-0.051591773,3,rgb_sar,0,2
-0.05581689,3,rgb_sar,0,2
-0.03501508,3,rgb_sar,0,2
-0.0076211393,3,rgb_sar,0,2
0.004706137,3,rgb_sar,0,2
0.0066144112,3,rgb_sar,0,2
0.009098435,3,rgb_sar,0,2
-0.011631684,3,rgb_sar,0,2
-0.06552212,3,rgb_sar,0,2
-0.049659267,3,rgb_sar,0,2
-0.012786715,3,rgb_sar,0,2
-0.040849634,3,rgb_sar,0,2
-0.015568566,3,rgb_sar,0,2
-0.040881515,3,rgb_sar,0,2
0.025100388,3,rgb_sar,0,2
0.046262585,3,rgb_sar,0,2
0.05480346,3,rgb_sar,0,2
0.07995941,3,rgb_sar,0,2
0.037473194,3,rgb_sar,0,2
0.015148126,3,rgb_sar,0,2
0.0059167286,3,rgb_sar,0,2
0.05690827,3,rgb_sar,0,2
0.08583233,3,rgb_sar,0,2
0.14257067,3,rgb_sar,0,2
0.12437793,3,rgb_sar,0,2
0.053556547,3,rgb_sar,0,2
0.079536214,3,rgb_sar,0,2
0.045743026,3,rgb_sar,0,2
0.10306991,3,rgb_sar,0,2
0.06760555,3,rgb_sar,0,2
0.07631129,3,rgb_sar,0,2
0.05772432,3,rgb_sar,0,2
0.07333194,3,rgb_sar,0,2
0.10839814,3,rgb_sar,0,2
0.0220122,3,rgb_sar,0,2
0.03815712,3,rgb_sar,0,2
0.028276509,3,rgb_sar,0,2
0.085531324,3,rgb_sar,0,2
0.01983434,3,rgb_sar,0,2
0.04950455,3,rgb_sar,0,2
0.07041477,3,rgb_sar,0,2
0.06655866,3,rgb_sar,0,2
0.07013051,3,rgb_sar,0,2
0.10888742,3,rgb_sar,0,2
0.06105338,3,rgb_sar,0,2
0.07023768,3,rgb_sar,0,2
0.07524435,3,rgb_sar,0,2
0.105998345,3,rgb_sar,0,2
0.11559598,3,rgb_sar,0,2
0.07815472,3,rgb_sar,0,2
0.07912299,3,rgb_sar,0,2
-0.022748796,3,rgb_sar,0,2
0.042227402,3,rgb_sar,0,2
-0.041239932,3,rgb_sar,0,2
-0.09060863,3,rgb_sar,0,2
0.02537394,3,rgb_sar,0,2
-0.052144513,3,rgb_sar,0,2
0.0069674253,3,rgb_sar,0,2
0.040501397,3,rgb_sar,0,2
0.39802215,3,rgb_sar,0,2
0.06756735,3,rgb_sar,0,2
0.17022891,3,rgb_sar,0,2
0.40630603,3,rgb_sar,0,2
0.108967304,3,rgb_sar,0,2
0.13099316,3,rgb_sar,0,2
0.16551422,3,rgb_sar,0,2
0.031723194,3,rgb_sar,0,2
0.054707654,3,rgb_sar,0,2
0.008427176,3,rgb_sar,0,2
0.0495997,3,rgb_sar,0,2
0.0988701,3,rgb_sar,0,2
0.07420172,3,rgb_sar,0,2
0.09165769,3,rgb_sar,0,2
0.11224382,3,rgb_sar,0,2
0.1162311,3,rgb_sar,0,2
0.05795198,3,rgb_sar,0,2
0.14935467,3,rgb_sar,0,2
0.09072703,3,rgb_sar,0,2
0.1679358,3,rgb_sar,0,2
-0.009496467,3,rgb_sar,0,2
0.11997408,3,rgb_sar,0,2
0.032066256,3,rgb_sar,0,2
0.09127233,3,rgb_sar,0,2
0.19005328,7,rgb_sar,0,2
0.19731459,7,rgb_sar,0,2
0.2075437,7,rgb_sar,0,2
0.22477464,7,rgb_sar,0,2
0.26709747,7,rgb_sar,0,2
0.24084407,7,rgb_sar,0,2
0.17950557,7,rgb_sar,0,2
0.23857455,7,rgb_sar,0,2
0.22081211,7,rgb_sar,0,2
0.10328087,7,rgb_sar,0,2
0.12145637,7,rgb_sar,0,2
0.11278169,7,rgb_sar,0,2
0.16136244,7,rgb_sar,0,2
0.19499882,7,rgb_sar,0,2
0.12453318,7,rgb_sar,0,2
0.021049013,7,rgb_sar,0,2
0.124495745,7,rgb_sar,0,2
0.11699248,7,rgb_sar,0,2
0.14794312,7,rgb_sar,0,2
0.10395278,7,rgb_sar,0,2
0.09817283,7,rgb_sar,0,2
0.120330706,7,rgb_sar,0,2
0.10542156,7,rgb_sar,0,2
0.021665385,7,rgb_sar,0,2
-0.038666554,7,rgb_sar,0,2
0.04998872,7,rgb_sar,0,2
0.04596384,7,rgb_sar,0,2
0.17862782,7,rgb_sar,0,2
0.11020694,7,rgb_sar,0,2
0.08659694,7,rgb_sar,0,2
0.120351896,7,rgb_sar,0,2
0.10761067,7,rgb_sar,0,2
0.03941013,7,rgb_sar,0,2
0.017583909,7,rgb_sar,0,2
0.10622691,7,rgb_sar,0,2
-0.0003077984,7,rgb_sar,0,2
0.20304638,7,rgb_sar,0,2
0.1284093,7,rgb_sar,0,2
0.063551515,7,rgb_sar,0,2
0.094898015,7,rgb_sar,0,2
0.086516,7,rgb_sar,0,2
0.03708422,7,rgb_sar,0,2
0.038405437,7,rgb_sar,0,2
0.109908335,7,rgb_sar,0,2
0.025732774,7,rgb_sar,0,2
0.14048707,3,rgb_sar,0,2
0.14599352,3,rgb_sar,0,2
0.017606754,3,rgb_sar,0,2
-0.09859349,3,rgb_sar,0,2
-0.06014773,3,rgb_sar,0,2
-0.03277891,3,rgb_sar,0,2
-0.06758577,3,rgb_sar,0,2
-0.054096416,3,rgb_sar,0,2
-0.018010654,3,rgb_sar,0,2
0.15753993,3,rgb_sar,0,2
0.11482271,3,rgb_sar,0,2
0.015357327,3,rgb_sar,0,2
-0.14414915,3,rgb_sar,0,2
-0.09901324,3,rgb_sar,0,2
-0.0031131785,3,rgb_sar,0,2
0.009883016,3,rgb_sar,0,2
-0.08564044,3,rgb_sar,0,2
-0.10370244,3,rgb_sar,0,2
0.12147464,3,rgb_sar,0,2
0.08542064,3,rgb_sar,0,2
-0.0103373565,3,rgb_sar,0,2
-0.052361257,3,rgb_sar,0,2
-0.069213554,3,rgb_sar,0,2
-0.07000375,3,rgb_sar,0,2
-0.017558878,3,rgb_sar,0,2
0.02523377,3,rgb_sar,0,2
-0.050639078,3,rgb_sar,0,2
0.03609599,3,rgb_sar,0,2
0.04290189,3,rgb_sar,0,2
0.12220393,3,rgb_sar,0,2
0.06712063,3,rgb_sar,0,2
-0.07265802,3,rgb_sar,0,2
-0.06965239,3,rgb_sar,0,2
0.012847532,3,rgb_sar,0,2
-0.023402095,3,rgb_sar,0,2
-0.06430378,3,rgb_sar,0,2
0.028976835,3,rgb_sar,0,2
-0.11288571,3,rgb_sar,0,2
0.008128744,3,rgb_sar,0,2
0.1317118,3,rgb_sar,0,2
0.044982396,3,rgb_sar,0,2
0.0820203,3,rgb_sar,0,2
0.088031925,3,rgb_sar,0,2
-0.051567204,3,rgb_sar,0,2
0.045950625,3,rgb_sar,0,2
0.09386743,3,rgb_sar,0,2
-0.03756985,3,rgb_sar,0,2
0.0056613386,3,rgb_sar,0,2
-0.012558748,3,rgb_sar,0,2
-0.13496205,3,rgb_sar,0,2
0.110979944,3,rgb_sar,0,2
0.13654022,3,rgb_sar,0,2
0.08456029,3,rgb_sar,0,2
0.11860779,3,rgb_sar,0,2
0.11658974,3,rgb_sar,0,2
0.041977562,3,rgb_sar,0,2
0.12714267,3,rgb_sar,0,2
0.030047007,3,rgb_sar,0,2
-0.03495651,3,rgb_sar,0,2
0.08410816,3,rgb_sar,0,2
-0.07423117,3,rgb_sar,0,2
-0.08956087,3,rgb_sar,0,2
0.114946574,3,rgb_sar,0,2
0.021618009,3,rgb_sar,0,2
0.1512202,3,rgb_sar,0,2
0.13914683,3,rgb_sar,0,2
0.14686717,3,rgb_sar,0,2
0.1426688,3,rgb_sar,0,2
0.15645215,3,rgb_sar,0,2
0.07419366,3,rgb_sar,0,2
-0.072185196,3,rgb_sar,0,2
-0.010776769,3,rgb_sar,0,2
0.011034402,3,rgb_sar,0,2
0.005559601,3,rgb_sar,0,2
0.016968714,3,rgb_sar,0,2
0.12956145,3,rgb_sar,0,2
0.021950008,3,rgb_sar,0,2
0.1405371,3,rgb_sar,0,2
0.12553397,3,rgb_sar,0,2
0.15678984,3,rgb_sar,0,2
0.20011355,3,rgb_sar,0,2
0.22998667,3,rgb_sar,0,2
0.09449707,3,rgb_sar,0,2
-0.072027534,3,rgb_sar,0,2
-0.089410946,3,rgb_sar,0,2
-0.066159725,3,rgb_sar,0,2
0.01426081,3,rgb_sar,0,2
-0.022787603,3,rgb_sar,0,2
0.092810616,3,rgb_sar,0,2
0.06870374,3,rgb_sar,0,2
0.098144665,3,rgb_sar,0,2
0.07899894,3,rgb_sar,0,2
0.023433793,3,rgb_sar,0,2
-0.02615793,3,rgb_sar,0,2
-0.026320029,3,rgb_sar,0,2
-0.15187404,3,rgb_sar,0,2
-0.17287052,3,rgb_sar,0,2
0.010812657,3,rgb_sar,0,2
0.09580069,3,rgb_sar,0,2
0.09935167,3,rgb_sar,0,2
0.08909845,3,rgb_sar,0,2
0.019570518,3,rgb_sar,0,2
-0.024804905,3,rgb_sar,0,2
-0.11419811,3,rgb_sar,0,2
0.012751641,3,rgb_sar,0,2
0.034473784,3,rgb_sar,0,2
-0.028950423,3,rgb_sar,0,2
0.09076084,3,rgb_sar,0,2
0.08136585,3,rgb_sar,0,2
0.08692403,3,rgb_sar,0,2
0.057757318,3,rgb_sar,0,2
0.088895336,3,rgb_sar,0,2
-0.0002348274,3,rgb_sar,0,2
-0.036180105,3,rgb_sar,0,2
0.15505558,3,rgb_sar,0,2
0.11086291,3,rgb_sar,0,2
0.13610132,3,rgb_sar,0,2
0.04957995,3,rgb_sar,0,2
-0.014342118,3,rgb_sar,0,2
-0.11310137,3,rgb_sar,0,2
-0.03215599,3,rgb_sar,0,2
0.09231122,3,rgb_sar,0,2
0.06635543,3,rgb_sar,0,2
-0.09239223,3,rgb_sar,0,2
0.037996106,3,rgb_sar,0,2
-0.08744387,3,rgb_sar,0,2
-0.037735507,3,rgb_sar,0,2
0.056776214,3,rgb_sar,0,2
0.055918463,3,rgb_sar,0,2
0.09948695,3,rgb_sar,0,2
0.045401864,3,rgb_sar,0,2
0.06287457,3,rgb_sar,0,2
-0.031101005,3,rgb_sar,0,2
0.3471471,3,rgb_sar,0,2
0.40238094,3,rgb_sar,0,2
0.02550459,3,rgb_sar,0,2
0.21110642,3,rgb_sar,0,2
0.29238963,3,rgb_sar,0,2
0.07783274,3,rgb_sar,0,2
0.10476441,3,rgb_sar,0,2
0.010186128,3,rgb_sar,0,2
0.06537601,3,rgb_sar,0,2
-0.025507195,3,rgb_sar,0,2
0.025022063,3,rgb_sar,0,2
0.22182637,3,rgb_sar,0,2
0.010340972,3,rgb_sar,0,2
0.018784892,3,rgb_sar,0,2
0.014940261,3,rgb_sar,0,2
-0.034500036,3,rgb_sar,0,2
0.030848231,3,rgb_sar,0,2
0.14262202,3,rgb_sar,0,2
0.02219121,3,rgb_sar,0,2
-0.04525305,3,rgb_sar,0,2
-0.047796678,3,rgb_sar,0,2
0.256176,3,rgb_sar,0,2
0.21496305,3,rgb_sar,0,2
-0.03427038,3,rgb_sar,0,2
0.020529527,3,rgb_sar,0,2
0.016617475,3,rgb_sar,0,2
-0.07826178,3,rgb_sar,0,2
-0.013543371,3,rgb_sar,0,2
-0.06756793,3,rgb_sar,0,2
0.019164335,3,rgb_sar,0,2
0.3337298,3,rgb_sar,0,2
0.17977321,3,rgb_sar,0,2
-0.058966827,3,rgb_sar,0,2
0.06331379,3,rgb_sar,0,2
0.016241472,3,rgb_sar,0,2
-0.11757174,3,rgb_sar,0,2
-0.02306048,3,rgb_sar,0,2
-0.04128233,3,rgb_sar,0,2
0.051076904,3,rgb_sar,0,2
0.20224704,3,rgb_sar,0,2
0.037977334,3,rgb_sar,0,2
0.03113548,3,rgb_sar,0,2
0.22136182,3,rgb_sar,0,2
0.13106099,3,rgb_sar,0,2
-0.011222202,3,rgb_sar,0,2
0.0064485185,3,rgb_sar,0,2
-0.08525701,3,rgb_sar,0,2
0.044381395,3,rgb_sar,0,2
-0.01810437,3,rgb_sar,0,2
0.053182904,3,rgb_sar,0,2
-0.06872187,3,rgb_sar,0,2
0.069613755,3,rgb_sar,0,2
0.23467092,3,rgb_sar,0,2
-0.0022174753,3,rgb_sar,0,2
-0.0053165182,3,rgb_sar,0,2
-0.10421504,3,rgb_sar,0,2
-0.030918822,3,rgb_sar,0,2
0.05205383,3,rgb_sar,0,2
-0.0645492,3,rgb_sar,0,2
0.1554523,3,rgb_sar,0,2
0.24568957,7,rgb_sar,0,2
0.24442114,7,rgb_sar,0,2
0.27333832,7,rgb_sar,0,2
0.32077032,7,rgb_sar,0,2
0.31543267,7,rgb_sar,0,2
0.19605161,7,rgb_sar,0,2
0.14001834,7,rgb_sar,0,2
0.2042468,7,rgb_sar,0,2
0.1890245,7,rgb_sar,0,2
0.10722919,7,rgb_sar,0,2
0.08446106,7,rgb_sar,0,2
0.14217097,7,rgb_sar,0,2
0.11832444,7,rgb_sar,0,2
0.13605875,7,rgb_sar,0,2
0.16227205,7,rgb_sar,0,2
0.1748849,7,rgb_sar,0,2
0.07830644,7,rgb_sar,0,2
0.01826176,7,rgb_sar,0,2
0.112935156,7,rgb_sar,0,2
0.086168654,7,rgb_sar,0,2
0.011269567,7,rgb_sar,0,2
-0.012215998,7,rgb_sar,0,2
0.10776742,7,rgb_sar,0,2
0.094971225,7,rgb_sar,0,2
0.092964634,7,rgb_sar,0,2
0.10165322,7,rgb_sar,0,2
0.068398505,7,rgb_sar,0,2
0.030425608,7,rgb_sar,0,2
-0.004855117,7,rgb_sar,0,2
0.0730674,7,rgb_sar,0,2
0.033770736,7,rgb_sar,0,2
0.013332906,7,rgb_sar,0,2
-0.027424842,7,rgb_sar,0,2
0.10839996,7,rgb_sar,0,2
0.08186327,7,rgb_sar,0,2
0.08915238,7,rgb_sar,0,2
0.105406635,7,rgb_sar,0,2
0.08234762,7,rgb_sar,0,2
0.04399969,7,rgb_sar,0,2
0.02870034,7,rgb_sar,0,2
0.14134061,7,rgb_sar,0,2
0.013968447,7,rgb_sar,0,2
-0.0068940986,7,rgb_sar,0,2
-0.04636233,7,rgb_sar,0,2
0.048623882,7,rgb_sar,0,2
0.01652797,7,rgb_sar,0,2
-0.03119776,7,rgb_sar,0,2
-0.02295645,7,rgb_sar,0,2
-0.053322732,7,rgb_sar,0,2
0.0643954,7,rgb_sar,0,2
0.113779604,7,rgb_sar,0,2
0.06734881,7,rgb_sar,0,2
0.061737955,7,rgb_sar,0,2
0.12096956,7,rgb_sar,0,2
0.08661987,7,rgb_sar,0,2
0.010649599,7,rgb_sar,0,2
0.028855499,7,rgb_sar,0,2
0.14136556,7,rgb_sar,0,2
0.028940294,7,rgb_sar,0,2
-0.06757152,7,rgb_sar,0,2
0.09284781,7,rgb_sar,0,2
0.12897097,7,rgb_sar,0,2
0.023381624,7,rgb_sar,0,2
-0.015547051,7,rgb_sar,0,2
-0.06944228,7,rgb_sar,0,2
-0.011587041,7,rgb_sar,0,2
-0.044293024,7,rgb_sar,0,2
0.24778146,7,rgb_sar,0,2
0.0473294,7,rgb_sar,0,2
-0.037994575,7,rgb_sar,0,2
-0.07781551,7,rgb_sar,0,2
-0.03377967,7,rgb_sar,0,2
-0.04969985,7,rgb_sar,0,2
0.34032992,7,rgb_sar,0,2
0.069260806,7,rgb_sar,0,2
-0.058439404,7,rgb_sar,0,2
-0.10989663,7,rgb_sar,0,2
-0.06825662,7,rgb_sar,0,2
-0.0811958,7,rgb_sar,0,2
0.29117784,7,rgb_sar,0,2
0.35180837,7,rgb_sar,0,2
0.29581016,7,rgb_sar,0,2
0.0038940497,7,rgb_sar,0,2
-0.079116896,7,rgb_sar,0,2
-0.17609657,7,rgb_sar,0,2
-0.008291066,7,rgb_sar,0,2
0.06156445,7,rgb_sar,0,2
0.098907694,7,rgb_sar,0,2
-0.006734442,7,rgb_sar,0,2
-0.16370831,7,rgb_sar,0,2
-0.14370199,7,rgb_sar,0,2
-0.043136172,7,rgb_sar,0,2
0.013122072,7,rgb_sar,0,2
0.05877252,7,rgb_sar,0,2
0.04531382,7,rgb_sar,0,2
-0.14692652,7,rgb_sar,0,2
-0.16659611,7,rgb_sar,0,2
0.14205712,3,rgb_sar,0,2
0.15794402,3,rgb_sar,0,2
0.022587627,3,rgb_sar,0,2
-0.10142285,3,rgb_sar,0,2
0.022925643,3,rgb_sar,0,2
0.008710656,3,rgb_sar,0,2
-0.08347906,3,rgb_sar,0,2
-0.09460856,3,rgb_sar,0,2
-0.041881237,3,rgb_sar,0,2
0.12436944,7,rgb_sar,0,2
0.21515152,7,rgb_sar,0,2
0.15977795,3,rgb_sar,0,2
0.09248577,3,rgb_sar,0,2
-0.010342086,3,rgb_sar,0,2
-0.127747,3,rgb_sar,0,2
-0.050138153,3,rgb_sar,0,2
0.0053509464,3,rgb_sar,0,2
0.033582702,3,rgb_sar,0,2
-0.116203636,3,rgb_sar,0,2
-0.099567175,3,rgb_sar,0,2
0.16713144,3,rgb_sar,0,2
0.114497244,3,rgb_sar,0,2
0.0085745435,3,rgb_sar,0,2
-0.05158736,3,rgb_sar,0,2
-0.032699354,3,rgb_sar,0,2
-0.11665813,3,rgb_sar,0,2
-0.037258424,3,rgb_sar,0,2
0.05145574,3,rgb_sar,0,2
-0.046329774,3,rgb_sar,0,2
0.014424091,3,rgb_sar,0,2
0.03133219,3,rgb_sar,0,2
0.16396661,3,rgb_sar,0,2
0.08211582,3,rgb_sar,0,2
-0.010063481,3,rgb_sar,0,2
0.027274683,3,rgb_sar,0,2
0.00094686076,3,rgb_sar,0,2
-0.056193262,3,rgb_sar,0,2
-0.023336923,3,rgb_sar,0,2
0.11369398,3,rgb_sar,0,2
-0.042820074,3,rgb_sar,0,2
-0.024740541,3,rgb_sar,0,2
0.071535915,3,rgb_sar,0,2
0.0602021,3,rgb_sar,0,2
0.107836895,3,rgb_sar,0,2
0.09445661,3,rgb_sar,0,2
0.045390576,3,rgb_sar,0,2
0.1216391,3,rgb_sar,0,2
0.10178134,3,rgb_sar,0,2
-0.029593721,3,rgb_sar,0,2
0.044728905,3,rgb_sar,0,2
0.08003294,3,rgb_sar,0,2
-0.14176908,3,rgb_sar,0,2
-0.014004754,3,rgb_sar,0,2
0.030804548,3,rgb_sar,0,2
0.06686698,3,rgb_sar,0,2
0.09911044,3,rgb_sar,0,2
0.17286214,3,rgb_sar,0,2
0.108857796,3,rgb_sar,0,2
0.07681212,3,rgb_sar,0,2
0.02990323,3,rgb_sar,0,2
-0.053257108,3,rgb_sar,0,2
0.022346497,3,rgb_sar,0,2
-0.00316134,3,rgb_sar,0,2
-0.10853,3,rgb_sar,0,2
-0.025193235,3,rgb_sar,0,2
-0.013464518,3,rgb_sar,0,2
0.13010502,3,rgb_sar,0,2
0.028965047,3,rgb_sar,0,2
0.067475185,3,rgb_sar,0,2
0.24917008,3,rgb_sar,0,2
0.19391146,3,rgb_sar,0,2
0.088235185,3,rgb_sar,0,2
-0.019345928,3,rgb_sar,0,2
0.006766837,3,rgb_sar,0,2
0.018718116,3,rgb_sar,0,2
0.025542673,3,rgb_sar,0,2
0.012159789,3,rgb_sar,0,2
-0.011333425,3,rgb_sar,0,2
-0.014262944,3,rgb_sar,0,2
0.0698346,3,rgb_sar,0,2
0.0105414,3,rgb_sar,0,2
0.03418152,3,rgb_sar,0,2
0.21165282,3,rgb_sar,0,2
0.19222105,3,rgb_sar,0,2
0.1318551,3,rgb_sar,0,2
0.016008727,3,rgb_sar,0,2
-0.02356542,3,rgb_sar,0,2
-0.05022741,3,rgb_sar,0,2
-0.008733373,3,rgb_sar,0,2
0.027877776,3,rgb_sar,0,2
0.036007233,3,rgb_sar,0,2
0.07010656,3,rgb_sar,0,2
0.092504054,3,rgb_sar,0,2
0.11079402,3,rgb_sar,0,2
0.108194396,3,rgb_sar,0,2
0.05189842,3,rgb_sar,0,2
0.0113144815,3,rgb_sar,0,2
-0.033379063,3,rgb_sar,0,2
-0.10673083,3,rgb_sar,0,2
-0.057486337,3,rgb_sar,0,2
0.017264217,3,rgb_sar,0,2
0.060109187,3,rgb_sar,0,2
0.057723477,3,rgb_sar,0,2
0.061644476,3,rgb_sar,0,2
0.020213014,3,rgb_sar,0,2
-0.08439302,3,rgb_sar,0,2
-0.034299575,3,rgb_sar,0,2
0.09182832,3,rgb_sar,0,2
0.00796799,3,rgb_sar,0,2
0.043292627,3,rgb_sar,0,2
0.14100355,3,rgb_sar,0,2
0.13736464,3,rgb_sar,0,2
0.050786465,3,rgb_sar,0,2
0.10104846,3,rgb_sar,0,2
-0.0062628705,3,rgb_sar,0,2
-0.060810275,3,rgb_sar,0,2
0.20946409,3,rgb_sar,0,2
0.260922,3,rgb_sar,0,2
0.1872189,3,rgb_sar,0,2
0.054509267,3,rgb_sar,0,2
0.050008003,3,rgb_sar,0,2
-0.022984374,3,rgb_sar,0,2
-0.07387796,3,rgb_sar,0,2
0.112291865,3,rgb_sar,0,2
0.017195981,3,rgb_sar,0,2
-0.04469729,3,rgb_sar,0,2
0.007667113,3,rgb_sar,0,2
-0.029980404,3,rgb_sar,0,2
-0.010144671,3,rgb_sar,0,2
-0.042285766,3,rgb_sar,0,2
-0.050848648,3,rgb_sar,0,2
0.0035757814,3,rgb_sar,0,2
0.021750582,3,rgb_sar,0,2
0.042493902,3,rgb_sar,0,2
-0.015744716,3,rgb_sar,0,2
0.43302247,3,rgb_sar,0,2
0.40627712,3,rgb_sar,0,2
0.071093984,3,rgb_sar,0,2
0.24984649,3,rgb_sar,0,2
0.18145454,3,rgb_sar,0,2
0.057200905,3,rgb_sar,0,2
0.06207244,3,rgb_sar,0,2
0.02507428,3,rgb_sar,0,2
-0.023338197,3,rgb_sar,0,2
0.023575561,3,rgb_sar,0,2
0.050906803,3,rgb_sar,0,2
0.14736396,3,rgb_sar,0,2
-0.03847109,3,rgb_sar,0,2
0.071142875,3,rgb_sar,0,2
0.01623792,3,rgb_sar,0,2
-8.9040026e-05,3,rgb_sar,0,2
0.07051764,3,rgb_sar,0,2
0.10065623,3,rgb_sar,0,2
-0.019968534,3,rgb_sar,0,2
0.3693499,3,rgb_sar,0,2
0.25751576,3,rgb_sar,0,2
-0.012694929,3,rgb_sar,0,2
0.09282753,3,rgb_sar,0,2
0.09727332,3,rgb_sar,0,2
-0.07761121,3,rgb_sar,0,2
-0.041258536,3,rgb_sar,0,2
0.4232179,3,rgb_sar,0,2
0.24779782,3,rgb_sar,0,2
-0.022440666,3,rgb_sar,0,2
0.15222846,3,rgb_sar,0,2
0.1169941,3,rgb_sar,0,2
-0.064924605,3,rgb_sar,0,2
0.016056437,3,rgb_sar,0,2
0.2849174,3,rgb_sar,0,2
0.050230086,3,rgb_sar,0,2
0.08948041,3,rgb_sar,0,2
0.2326945,3,rgb_sar,0,2
0.12667087,3,rgb_sar,0,2
0.023274705,3,rgb_sar,0,2
0.04116921,3,rgb_sar,0,2
0.09241666,3,rgb_sar,0,2
0.13472562,3,rgb_sar,0,2
0.0270771,3,rgb_sar,0,2
0.12049331,3,rgb_sar,0,2
0.2245715,3,rgb_sar,0,2
0.009627085,3,rgb_sar,0,2
0.0388754,3,rgb_sar,0,2
0.051547784,3,rgb_sar,0,2
0.08305557,3,rgb_sar,0,2
0.047476653,3,rgb_sar,0,2
0.12325865,3,rgb_sar,0,2
0.15957128,3,rgb_sar,0,2
0.06538574,7,rgb_sar,0,2
0.09070031,7,rgb_sar,0,2
-0.039715152,7,rgb_sar,0,2
-0.039832734,7,rgb_sar,0,2
-0.020382293,7,rgb_sar,0,2
-0.061838284,7,rgb_sar,0,2
-0.020469064,7,rgb_sar,0,2
-0.026636902,7,rgb_sar,0,2
-0.0074065262,7,rgb_sar,0,2
-0.057311162,7,rgb_sar,0,2
-0.081764,7,rgb_sar,0,2
-0.035389885,7,rgb_sar,0,2
-0.059600603,7,rgb_sar,0,2
0.093293875,7,rgb_sar,0,2
-0.054686107,7,rgb_sar,0,2
0.047967903,7,rgb_sar,0,2
0.053680453,7,rgb_sar,0,2
-0.028715763,7,rgb_sar,0,2
-0.067403,7,rgb_sar,0,2
-0.115537316,7,rgb_sar,0,2
-0.07877654,7,rgb_sar,0,2
-0.13291594,7,rgb_sar,0,2
0.23743613,7,rgb_sar,0,2
0.05056664,7,rgb_sar,0,2
-0.05042405,7,rgb_sar,0,2
-0.11556234,7,rgb_sar,0,2
-0.1116797,7,rgb_sar,0,2
-0.117009416,7,rgb_sar,0,2
0.3030966,7,rgb_sar,0,2
-0.01486552,7,rgb_sar,0,2
-0.09549798,7,rgb_sar,0,2
-0.1185381,7,rgb_sar,0,2
-0.084662765,7,rgb_sar,0,2
-0.03376446,7,rgb_sar,0,2
0.18409923,7,rgb_sar,0,2
0.2877835,7,rgb_sar,0,2
0.16058257,7,rgb_sar,0,2
0.02576863,7,rgb_sar,0,2
-0.043962948,7,rgb_sar,0,2
-0.13016006,7,rgb_sar,0,2
0.010780197,7,rgb_sar,0,2
0.01813692,7,rgb_sar,0,2
0.026931878,7,rgb_sar,0,2
0.11961156,7,rgb_sar,0,2
0.036554404,7,rgb_sar,0,2
-0.060002025,7,rgb_sar,0,2
-0.041548125,7,rgb_sar,0,2
-0.012836941,7,rgb_sar,0,2
0.012040479,7,rgb_sar,0,2
0.07524906,7,rgb_sar,0,2
-0.034010693,7,rgb_sar,0,2
-0.15501446,7,rgb_sar,0,2
0.09350453,7,rgb_sar,0,2
0.18565603,7,rgb_sar,0,2
0.28496653,5,rgb_sar,0,2
0.2502798,5,rgb_sar,0,2
0.24468398,5,rgb_sar,0,2
0.25458857,5,rgb_sar,0,2
0.20475174,5,rgb_sar,0,2
0.2643602,5,rgb_sar,0,2
0.18995667,5,rgb_sar,0,2
0.26085514,5,rgb_sar,0,2
0.19809727,5,rgb_sar,0,2
0.26041245,5,rgb_sar,0,2
0.26400796,5,rgb_sar,0,2
0.28941515,5,rgb_sar,0,2
0.22295937,5,rgb_sar,0,2
0.26061666,5,rgb_sar,0,2
0.24664077,5,rgb_sar,0,2
0.23969848,5,rgb_sar,0,2
0.24871305,5,rgb_sar,0,2
0.2094297,5,rgb_sar,0,2
0.24165007,5,rgb_sar,0,2
0.20931551,5,rgb_sar,0,2
0.19207816,5,rgb_sar,0,2
0.26901662,5,rgb_sar,0,2
0.304728,5,rgb_sar,0,2
0.21231583,5,rgb_sar,0,2
0.2688282,5,rgb_sar,0,2
0.21926856,5,rgb_sar,0,2
0.22717191,5,rgb_sar,0,2
0.27745658,5,rgb_sar,0,2
0.2872582,5,rgb_sar,0,2
0.21426313,5,rgb_sar,0,2
0.3081439,5,rgb_sar,0,2
0.23291855,5,rgb_sar,0,2
0.22656856,5,rgb_sar,0,2
0.20735422,5,rgb_sar,0,2
0.22384667,5,rgb_sar,0,2
0.251518,5,rgb_sar,0,2
0.30364966,5,rgb_sar,0,2
0.25576216,5,rgb_sar,0,2
0.28589913,5,rgb_sar,0,2
0.27932343,5,rgb_sar,0,2
0.21176863,5,rgb_sar,0,2
0.2272533,5,rgb_sar,0,2
0.22310516,5,rgb_sar,0,2
0.2685076,5,rgb_sar,0,2
0.2748656,5,rgb_sar,0,2
0.28774524,5,rgb_sar,0,2
0.22595349,5,rgb_sar,0,2
0.28781703,5,rgb_sar,0,2
0.28908798,5,rgb_sar,0,2
0.27022862,5,rgb_sar,0,2
0.18693386,5,rgb_sar,0,2
0.19441074,5,rgb_sar,0,2
0.25614926,5,rgb_sar,0,2
0.21977213,5,rgb_sar,0,2
0.13533098,5,rgb_sar,0,2
0.13035062,5,rgb_sar,0,2
0.12164603,5,rgb_sar,0,2
0.17318918,5,rgb_sar,0,2
0.111784,5,rgb_sar,0,2
0.1337162,5,rgb_sar,0,2
0.1379438,5,rgb_sar,0,2
0.14250253,5,rgb_sar,0,2
0.18087757,5,rgb_sar,0,2
0.17095387,5,rgb_sar,0,2
0.15959746,5,rgb_sar,0,2
0.19831753,5,rgb_sar,0,2
0.09972774,5,rgb_sar,0,2
0.1640803,5,rgb_sar,0,2
0.2371541,5,rgb_sar,0,2
0.25421095,5,rgb_sar,0,2
0.11841871,5,rgb_sar,0,2
0.16803198,5,rgb_sar,0,2
0.25551417,5,rgb_sar,0,2
0.25909567,5,rgb_sar,0,2
0.28858566,5,rgb_sar,0,2
0.15577829,5,rgb_sar,0,2
0.19010511,5,rgb_sar,0,2
0.24201767,5,rgb_sar,0,2
0.23344883,5,rgb_sar,0,2
0.31040582,5,rgb_sar,0,2
0.3061338,5,rgb_sar,0,2
0.19420193,5,rgb_sar,0,2
0.23308814,5,rgb_sar,0,2
0.27472135,5,rgb_sar,0,2
0.24978459,5,rgb_sar,0,2
0.32925373,5,rgb_sar,0,2
0.30320477,5,rgb_sar,0,2
0.20182917,5,rgb_sar,0,2
0.2703352,5,rgb_sar,0,2
0.25115687,5,rgb_sar,0,2
0.25913692,5,rgb_sar,0,2
0.29629657,5,rgb_sar,0,2
0.25276223,5,rgb_sar,0,2
0.25130042,5,rgb_sar,0,2
0.31376,5,rgb_sar,0,2
0.29769653,5,rgb_sar,0,2
0.29781246,5,rgb_sar,0,2
0.32396975,5,rgb_sar,0,2
0.26493964,5,rgb_sar,0,2
0.28706878,5,rgb_sar,0,2
0.33861256,5,rgb_sar,0,2
0.32281634,5,rgb_sar,0,2
0.2956697,5,rgb_sar,0,2
0.2757006,5,rgb_sar,0,2
0.20332153,5,rgb_sar,0,2
0.25276166,5,rgb_sar,0,2
0.3087989,5,rgb_sar,0,2
0.27241766,5,rgb_sar,0,2
0.17080888,5,rgb_sar,0,2
0.20896035,5,rgb_sar,0,2
0.24797493,5,rgb_sar,0,2
0.25290918,5,rgb_sar,0,2
0.18177003,5,rgb_sar,0,2
0.19944534,5,rgb_sar,0,2
0.20390776,5,rgb_sar,0,2
0.26523,5,rgb_sar,0,2
0.28276932,5,rgb_sar,0,2
0.2701829,5,rgb_sar,0,2
0.32034212,5,rgb_sar,0,2
0.2757302,5,rgb_sar,0,2
0.26172498,5,rgb_sar,0,2
0.25634983,5,rgb_sar,0,2
0.2402837,5,rgb_sar,0,2
0.19648245,5,rgb_sar,0,2
0.24142832,5,rgb_sar,0,2
0.28147435,5,rgb_sar,0,2
0.30803475,5,rgb_sar,0,2
0.2859792,5,rgb_sar,0,2
0.27685106,5,rgb_sar,0,2
0.2583186,5,rgb_sar,0,2
0.22738245,5,rgb_sar,0,2
0.20566773,5,rgb_sar,0,2
0.1529252,5,rgb_sar,0,2
0.14865011,5,rgb_sar,0,2
0.15180856,5,rgb_sar,0,2
0.25549066,5,rgb_sar,0,2
0.23470798,5,rgb_sar,0,2
0.25709203,5,rgb_sar,0,2
0.26991022,5,rgb_sar,0,2
0.3238637,5,rgb_sar,0,2
0.2691664,5,rgb_sar,0,2
0.29885912,5,rgb_sar,0,2
0.34267652,5,rgb_sar,0,2
0.28002408,5,rgb_sar,0,2
0.18469116,5,rgb_sar,0,2
0.1486603,5,rgb_sar,0,2
0.1598575,5,rgb_sar,0,2
0.15102154,5,rgb_sar,0,2
0.26546204,5,rgb_sar,0,2
0.2503124,5,rgb_sar,0,2
0.27790484,5,rgb_sar,0,2
0.27102578,5,rgb_sar,0,2
0.30103704,5,rgb_sar,0,2
0.24282712,5,rgb_sar,0,2
0.2661053,5,rgb_sar,0,2
0.28537184,5,rgb_sar,0,2
0.2729926,5,rgb_sar,0,2
0.2106455,5,rgb_sar,0,2
0.13210613,5,rgb_sar,0,2
0.12149641,5,rgb_sar,0,2
0.11370462,5,rgb_sar,0,2
0.2393881,5,rgb_sar,0,2
0.2615849,5,rgb_sar,0,2
0.32725096,5,rgb_sar,0,2
0.3276372,5,rgb_sar,0,2
0.34303534,5,rgb_sar,0,2
0.25258282,5,rgb_sar,0,2
0.24669635,5,rgb_sar,0,2
0.22430483,5,rgb_sar,0,2
0.20509924,5,rgb_sar,0,2
0.1985085,5,rgb_sar,0,2
0.13901925,5,rgb_sar,0,2
0.13195592,5,rgb_sar,0,2
0.10910393,5,rgb_sar,0,2
0.24944364,5,rgb_sar,0,2
0.27993083,5,rgb_sar,0,2
0.2914827,5,rgb_sar,0,2
0.29907843,5,rgb_sar,0,2
0.31141162,5,rgb_sar,0,2
0.20247519,5,rgb_sar,0,2
0.18101835,5,rgb_sar,0,2
0.13816372,5,rgb_sar,0,2
0.12977311,5,rgb_sar,0,2
0.1570807,5,rgb_sar,0,2
0.078801215,5,rgb_sar,0,2
0.27350774,5,rgb_sar,0,2
0.3017776,5,rgb_sar,0,2
0.28790492,5,rgb_sar,0,2
0.2799409,5,rgb_sar,0,2
0.20846543,5,rgb_sar,0,2
0.20181826,5,rgb_sar,0,2
0.15058672,5,rgb_sar,0,2
0.1475673,5,rgb_sar,0,2
0.20020537,5,rgb_sar,0,2
0.10166613,5,rgb_sar,0,2
0.2511055,5,rgb_sar,0,2
0.28454477,5,rgb_sar,0,2
0.2878555,5,rgb_sar,0,2
0.26748458,5,rgb_sar,0,2
0.22237435,5,rgb_sar,0,2
0.2136971,5,rgb_sar,0,2
0.15836413,5,rgb_sar,0,2
0.13369417,5,rgb_sar,0,2
0.15380369,5,rgb_sar,0,2
0.09083301,5,rgb_sar,0,2
0.2667557,5,rgb_sar,0,2
0.25181487,5,rgb_sar,0,2
0.2055129,5,rgb_sar,0,2
0.16837204,5,rgb_sar,0,2
0.16199921,5,rgb_sar,0,2
0.12790567,5,rgb_sar,0,2
0.19900584,5,rgb_sar,0,2
0.14262775,5,rgb_sar,0,2
0.18302935,5,rgb_sar,0,2
0.17451309,5,rgb_sar,0,2
0.2445379,5,rgb_sar,0,2
0.20430376,5,rgb_sar,0,2
0.23998687,5,rgb_sar,0,2
0.20861103,5,rgb_sar,0,2
0.20526277,5,rgb_sar,0,2
0.17772347,5,rgb_sar,0,2
0.15418841,5,rgb_sar,0,2
0.14880216,5,rgb_sar,0,2
0.2166842,5,rgb_sar,0,2
0.22047992,5,rgb_sar,0,2
0.2726711,5,rgb_sar,0,2
0.22896522,5,rgb_sar,0,2
0.22749563,5,rgb_sar,0,2
0.21925622,5,rgb_sar,0,2
0.17433244,5,rgb_sar,0,2
0.14446113,5,rgb_sar,0,2
0.12536393,5,rgb_sar,0,2
0.19040215,5,rgb_sar,0,2
0.1548357,5,rgb_sar,0,2
0.18843979,5,rgb_sar,0,2
0.1888294,5,rgb_sar,0,2
0.20793304,5,rgb_sar,0,2
0.2017329,5,rgb_sar,0,2
0.24527675,5,rgb_sar,0,2
0.2464314,5,rgb_sar,0,2
0.26115033,5,rgb_sar,0,2
0.20086622,5,rgb_sar,0,2
0.18700135,5,rgb_sar,0,2
0.14547904,5,rgb_sar,0,2
0.121592686,5,rgb_sar,0,2
0.2344248,5,rgb_sar,0,2
0.18837029,5,rgb_sar,0,2
0.22307438,5,rgb_sar,0,2
0.24339877,5,rgb_sar,0,2
0.26980305,5,rgb_sar,0,2
0.2525472,5,rgb_sar,0,2
0.26654562,5,rgb_sar,0,2
0.23548274,5,rgb_sar,0,2
0.24066263,5,rgb_sar,0,2
0.17240764,5,rgb_sar,0,2
0.17581667,5,rgb_sar,0,2
0.17697015,5,rgb_sar,0,2
0.1944075,5,rgb_sar,0,2
0.26961824,5,rgb_sar,0,2
0.15751737,5,rgb_sar,0,2
0.24837942,5,rgb_sar,0,2
0.22344062,5,rgb_sar,0,2
0.24818309,5,rgb_sar,0,2
0.2328475,5,rgb_sar,0,2
0.27381563,5,rgb_sar,0,2
0.24076751,5,rgb_sar,0,2
0.22772211,5,rgb_sar,0,2
0.20588183,5,rgb_sar,0,2
0.18588316,5,rgb_sar,0,2
0.19789323,5,rgb_sar,0,2
0.15365402,5,rgb_sar,0,2
0.21534495,5,rgb_sar,0,2
0.16918668,5,rgb_sar,0,2
0.21653071,5,rgb_sar,0,2
0.19472848,5,rgb_sar,0,2
0.2070356,5,rgb_sar,0,2
0.21439232,5,rgb_sar,0,2
0.24936968,5,rgb_sar,0,2
0.19899571,5,rgb_sar,0,2
0.19293012,5,rgb_sar,0,2
0.15743694,5,rgb_sar,0,2
0.16049221,5,rgb_sar,0,2
0.15951025,5,rgb_sar,0,2
0.11662245,5,rgb_sar,0,2
0.21082819,5,rgb_sar,0,2
0.26760298,5,rgb_sar,0,2
0.27764577,5,rgb_sar,0,2
0.32549408,5,rgb_sar,0,2
0.23762485,5,rgb_sar,0,2
0.24479297,5,rgb_sar,0,2
0.2035847,5,rgb_sar,0,2
0.19917545,5,rgb_sar,0,2
0.20620647,5,rgb_sar,0,2
0.1403239,5,rgb_sar,0,2
0.23660368,5,rgb_sar,0,2
0.24707383,5,rgb_sar,0,2
0.26104125,5,rgb_sar,0,2
0.29775986,5,rgb_sar,0,2
0.2007642,5,rgb_sar,0,2
0.19344111,5,rgb_sar,0,2
0.19007963,5,rgb_sar,0,2
0.18555415,5,rgb_sar,0,2
0.18112808,5,rgb_sar,0,2
0.113368146,5,rgb_sar,0,2
0.20858724,5,rgb_sar,0,2
0.23748787,5,rgb_sar,0,2
0.18042836,5,rgb_sar,0,2
0.1325836,5,rgb_sar,0,2
0.17348847,5,rgb_sar,0,2
0.12826234,5,rgb_sar,0,2
0.20772028,5,rgb_sar,0,2
0.16534424,5,rgb_sar,0,2
0.17698997,5,rgb_sar,0,2
0.14341775,5,rgb_sar,0,2
0.06496149,3,rgb_sar,0,2
0.09487125,3,rgb_sar,0,2
0.11870554,3,rgb_sar,0,2
0.10303335,3,rgb_sar,0,2
0.087145925,3,rgb_sar,0,2
0.113575265,3,rgb_sar,0,2
0.076269925,3,rgb_sar,0,2
0.09002942,3,rgb_sar,0,2
0.055305526,3,rgb_sar,0,2
0.15893169,3,rgb_sar,0,2
0.038156822,3,rgb_sar,0,2
-0.053039867,3,rgb_sar,0,2
0.011500487,3,rgb_sar,0,2
0.026697792,3,rgb_sar,0,2
0.009960223,3,rgb_sar,0,2
0.07845852,3,rgb_sar,0,2
0.025352644,3,rgb_sar,0,2
0.123098,3,rgb_sar,0,2
0.15173711,3,rgb_sar,0,2
0.1357082,3,rgb_sar,0,2
0.030748434,3,rgb_sar,0,2
0.05934894,3,rgb_sar,0,2
0.015734393,3,rgb_sar,0,2
0.10750352,3,rgb_sar,0,2
0.04598423,3,rgb_sar,0,2
0.11144796,3,rgb_sar,0,2
0.16902333,3,rgb_sar,0,2
0.03384349,3,rgb_sar,0,2
0.066075444,3,rgb_sar,0,2
0.0017181225,3,rgb_sar,0,2
0.06787822,3,rgb_sar,0,2
0.023172941,3,rgb_sar,0,2
0.08431925,3,rgb_sar,0,2
0.06973271,3,rgb_sar,0,2
0.06963897,3,rgb_sar,0,2
0.08171441,3,rgb_sar,0,2
0.046551578,3,rgb_sar,0,2
0.08789509,3,rgb_sar,0,2
-0.00031632744,3,rgb_sar,0,2
0.013192132,3,rgb_sar,0,2
-0.00343299,3,rgb_sar,0,2
-0.0044172676,3,rgb_sar,0,2
0.0731685,3,rgb_sar,0,2
0.06308748,3,rgb_sar,0,2
0.0784585,3,rgb_sar,0,2
0.027443228,3,rgb_sar,0,2
0.05114435,3,rgb_sar,0,2
0.08687563,3,rgb_sar,0,2
0.09782829,3,rgb_sar,0,2
0.12896341,3,rgb_sar,0,2
0.15791392,3,rgb_sar,0,2
0.09690316,3,rgb_sar,0,2
0.0703055,3,rgb_sar,0,2
0.06371328,3,rgb_sar,0,2
0.054152325,3,rgb_sar,0,2
0.11484112,3,rgb_sar,0,2
-0.013357524,3,rgb_sar,0,2
-0.070596635,3,rgb_sar,0,2
0.019219873,3,rgb_sar,0,2
0.048393853,3,rgb_sar,0,2
0.07734336,3,rgb_sar,0,2
0.10357039,3,rgb_sar,0,2
0.021105267,3,rgb_sar,0,2
0.029481424,3,rgb_sar,0,2
0.06607577,3,rgb_sar,0,2
0.0562202,3,rgb_sar,0,2
0.079577096,3,rgb_sar,0,2
0.110963516,3,rgb_sar,0,2
0.09441961,3,rgb_sar,0,2
0.04138942,3,rgb_sar,0,2
0.097718075,3,rgb_sar,0,2
0.099418476,3,rgb_sar,0,2
0.10203974,3,rgb_sar,0,2
0.029946297,3,rgb_sar,0,2
0.04472523,3,rgb_sar,0,2
0.11471814,3,rgb_sar,0,2
0.11739668,3,rgb_sar,0,2
0.10774626,3,rgb_sar,0,2
0.0045828773,3,rgb_sar,0,2
0.04764167,3,rgb_sar,0,2
0.03919894,3,rgb_sar,0,2
0.090115376,3,rgb_sar,0,2
0.033167344,3,rgb_sar,0,2
0.076157235,3,rgb_sar,0,2
0.12694718,3,rgb_sar,0,2
0.059305895,3,rgb_sar,0,2
0.06280515,3,rgb_sar,0,2
0.1037268,3,rgb_sar,0,2
0.0966601,3,rgb_sar,0,2
0.141047,3,rgb_sar,0,2
0.052831598,3,rgb_sar,0,2
0.036371425,3,rgb_sar,0,2
0.083456956,3,rgb_sar,0,2
0.0888235,3,rgb_sar,0,2
0.13197234,3,rgb_sar,0,2
0.29055437,3,rgb_sar,0,2
0.21987426,3,rgb_sar,0,2
0.16608706,3,rgb_sar,0,2
0.1806255,3,rgb_sar,0,2
0.13012646,3,rgb_sar,0,2
0.07557048,3,rgb_sar,0,2
0.1578527,3,rgb_sar,0,2
0.14434038,3,rgb_sar,0,2
0.17350303,3,rgb_sar,0,2
0.011092266,3,rgb_sar,0,2
0.08137144,3,rgb_sar,0,2
0.016030407,3,rgb_sar,0,2
0.12516977,3,rgb_sar,0,2
-0.0080579985,3,rgb_sar,0,2
0.13768747,3,rgb_sar,0,2
0.03793144,3,rgb_sar,0,2
0.09981404,3,rgb_sar,0,2
0.35858774,3,rgb_sar,0,2
0.46919245,3,rgb_sar,0,2
0.0825527,3,rgb_sar,0,2
0.20523228,3,rgb_sar,0,2
0.3189278,3,rgb_sar,0,2
0.101409286,3,rgb_sar,0,2
0.04944095,3,rgb_sar,0,2
-0.029986896,3,rgb_sar,0,2
0.015066734,3,rgb_sar,0,2
0.024557352,3,rgb_sar,0,2
0.049785048,3,rgb_sar,0,2
0.17695557,3,rgb_sar,0,2
0.07354719,3,rgb_sar,0,2
0.017603505,3,rgb_sar,0,2
-0.014985759,3,rgb_sar,0,2
0.0054275542,3,rgb_sar,0,2
0.035830487,3,rgb_sar,0,2
0.091765344,3,rgb_sar,0,2
0.042585883,3,rgb_sar,0,2
-0.020912824,3,rgb_sar,0,2
-0.02331453,3,rgb_sar,0,2
0.28004244,3,rgb_sar,0,2
0.23377438,3,rgb_sar,0,2
-0.058534414,3,rgb_sar,0,2
-0.009915169,3,rgb_sar,0,2
0.01674446,3,rgb_sar,0,2
-0.06232332,3,rgb_sar,0,2
-0.027221814,3,rgb_sar,0,2
-0.06490792,3,rgb_sar,0,2
0.037993133,3,rgb_sar,0,2
0.35839704,3,rgb_sar,0,2
0.22245322,3,rgb_sar,0,2
-0.07382531,3,rgb_sar,0,2
0.04465445,3,rgb_sar,0,2
0.024934104,3,rgb_sar,0,2
-0.062610745,3,rgb_sar,0,2
0.00823066,3,rgb_sar,0,2
-0.064516366,3,rgb_sar,0,2
0.02566011,3,rgb_sar,0,2
0.2233044,3,rgb_sar,0,2
0.04197841,3,rgb_sar,0,2
-0.026041334,3,rgb_sar,0,2
0.08967199,3,rgb_sar,0,2
0.06691042,3,rgb_sar,0,2
-0.024307406,3,rgb_sar,0,2
-0.02274902,3,rgb_sar,0,2
-0.038791966,3,rgb_sar,0,2
0.049891014,3,rgb_sar,0,2
-0.04403813,3,rgb_sar,0,2
0.051871646,3,rgb_sar,0,2
-0.009388439,3,rgb_sar,0,2
-0.020320117,3,rgb_sar,0,2
0.096629605,3,rgb_sar,0,2
-0.009579434,3,rgb_sar,0,2
-0.03590343,3,rgb_sar,0,2
-0.06975801,3,rgb_sar,0,2
-0.02963059,3,rgb_sar,0,2
0.021527234,3,rgb_sar,0,2
-0.051892273,3,rgb_sar,0,2
0.104851246,3,rgb_sar,0,2
0.20028889,4,rgb_sar,0,2
0.18923683,4,rgb_sar,0,2
0.21361917,4,rgb_sar,0,2
0.41334704,4,rgb_sar,0,2
0.24637865,4,rgb_sar,0,2
0.18947533,4,rgb_sar,0,2
0.19469532,4,rgb_sar,0,2
0.39195,4,rgb_sar,0,2
0.2147609,4,rgb_sar,0,2
0.24532881,4,rgb_sar,0,2
0.22342877,4,rgb_sar,0,2
0.21715029,4,rgb_sar,0,2
0.41081458,4,rgb_sar,0,2
0.3948031,4,rgb_sar,0,2
0.39542952,4,rgb_sar,0,2
0.40238097,4,rgb_sar,0,2
0.40639472,4,rgb_sar,0,2
0.5545088,4,rgb_sar,0,2
0.4948599,3,rgb_sar,0,2
0.48579746,3,rgb_sar,0,2
0.021781499,3,rgb_sar,0,2
0.33713904,3,rgb_sar,0,2
0.3011124,3,rgb_sar,0,2
0.041857522,3,rgb_sar,0,2
0.0022385307,3,rgb_sar,0,2
0.08174637,3,rgb_sar,0,2
0.07603097,3,rgb_sar,0,2
0.051970955,3,rgb_sar,0,2
0.030405581,3,rgb_sar,0,2
0.19613147,3,rgb_sar,0,2
0.036469147,3,rgb_sar,0,2
0.078288004,3,rgb_sar,0,2
0.020681188,3,rgb_sar,0,2
0.08127338,3,rgb_sar,0,2
0.06716339,3,rgb_sar,0,2
0.09442567,3,rgb_sar,0,2
0.0170362,3,rgb_sar,0,2
0.28936398,3,rgb_sar,0,2
0.14936955,3,rgb_sar,0,2
-0.031899907,3,rgb_sar,0,2
-0.0020404253,3,rgb_sar,0,2
-0.03790373,3,rgb_sar,0,2
-0.03569314,3,rgb_sar,0,2
-0.025245177,3,rgb_sar,0,2
0.3835777,3,rgb_sar,0,2
0.10007602,3,rgb_sar,0,2
-0.077946894,3,rgb_sar,0,2
0.0037956806,3,rgb_sar,0,2
-0.009748208,3,rgb_sar,0,2
-0.026003089,3,rgb_sar,0,2
0.008138303,3,rgb_sar,0,2
0.26950306,3,rgb_sar,0,2
-0.014946777,3,rgb_sar,0,2
-0.0054604514,3,rgb_sar,0,2
0.085109934,3,rgb_sar,0,2
0.03373582,3,rgb_sar,0,2
-0.015643252,3,rgb_sar,0,2
-0.008997867,3,rgb_sar,0,2
-0.0950816,3,rgb_sar,0,2
0.13504986,3,rgb_sar,0,2
-0.0076951412,3,rgb_sar,0,2
0.040148966,3,rgb_sar,0,2
0.06844937,3,rgb_sar,0,2
-0.005984297,3,rgb_sar,0,2
-0.015636083,3,rgb_sar,0,2
-0.085950315,3,rgb_sar,0,2
0.052223787,3,rgb_sar,0,2
0.04924234,3,rgb_sar,0,2
0.0742777,3,rgb_sar,0,2
0.22950199,3,rgb_sar,0,2
0.2823706,4,rgb_sar,0,2
0.20366591,4,rgb_sar,0,2
0.22232181,4,rgb_sar,0,2
0.27502456,4,rgb_sar,0,2
0.27422553,4,rgb_sar,0,2
0.20681438,4,rgb_sar,0,2
0.27455795,4,rgb_sar,0,2
0.23565373,4,rgb_sar,0,2
0.30241448,4,rgb_sar,0,2
0.25151378,4,rgb_sar,0,2
0.31467664,4,rgb_sar,0,2
0.3668211,4,rgb_sar,0,2
0.29442197,4,rgb_sar,0,2
0.27708972,4,rgb_sar,0,2
0.2984327,4,rgb_sar,0,2
0.31017256,4,rgb_sar,0,2
0.2547795,4,rgb_sar,0,2
0.27964222,4,rgb_sar,0,2
0.24203432,4,rgb_sar,0,2
0.3636506,4,rgb_sar,0,2
0.44052616,4,rgb_sar,0,2
0.36161888,4,rgb_sar,0,2
0.31943345,4,rgb_sar,0,2
0.30337992,4,rgb_sar,0,2
0.2429471,4,rgb_sar,0,2
0.29509914,4,rgb_sar,0,2
0.27639478,4,rgb_sar,0,2
0.2835688,4,rgb_sar,0,2
0.27132967,4,rgb_sar,0,2
0.2795985,4,rgb_sar,0,2
0.32033777,4,rgb_sar,0,2
0.2742899,4,rgb_sar,0,2
0.27523524,4,rgb_sar,0,2
0.31648046,4,rgb_sar,0,2
0.42772016,4,rgb_sar,0,2
0.47860998,4,rgb_sar,0,2
0.46761104,4,rgb_sar,0,2
0.48108178,4,rgb_sar,0,2
0.4634117,4,rgb_sar,0,2
0.4403416,4,rgb_sar,0,2
0.47150296,4,rgb_sar,0,2
0.4479638,4,rgb_sar,0,2
0.46777803,4,rgb_sar,0,2
0.48828986,4,rgb_sar,0,2
0.30652016,4,rgb_sar,0,2
0.40926123,4,rgb_sar,0,2
0.31896803,4,rgb_sar,0,2
0.29529208,4,rgb_sar,0,2
0.35007092,4,rgb_sar,0,2
0.3805777,4,rgb_sar,0,2
0.3846098,4,rgb_sar,0,2
0.2664883,4,rgb_sar,0,2
0.2995665,4,rgb_sar,0,2
0.3260817,4,rgb_sar,0,2
0.3335325,4,rgb_sar,0,2
0.41352654,4,rgb_sar,0,2
0.31163982,4,rgb_sar,0,2
0.33843327,4,rgb_sar,0,2
0.36673865,4,rgb_sar,0,2
0.35170567,4,rgb_sar,0,2
0.49593014,4,rgb_sar,0,2
0.39882082,4,rgb_sar,0,2
0.38155854,4,rgb_sar,0,2
0.4009053,4,rgb_sar,0,2
0.3617587,4,rgb_sar,0,2
0.61701375,4,rgb_sar,0,2
0.5397239,4,rgb_sar,0,2
0.51338255,4,rgb_sar,0,2
0.5103631,4,rgb_sar,0,2
0.46253094,4,rgb_sar,0,2
0.28716806,5,rgb_sar,0,2
0.23808318,5,rgb_sar,0,2
0.2640851,5,rgb_sar,0,2
0.2306499,5,rgb_sar,0,2
0.24988599,5,rgb_sar,0,2
0.26063383,5,rgb_sar,0,2
0.21106046,5,rgb_sar,0,2
0.19938117,5,rgb_sar,0,2
0.24974312,5,rgb_sar,0,2
0.21024136,5,rgb_sar,0,2
0.25630555,5,rgb_sar,0,2
0.28164807,5,rgb_sar,0,2
0.2775229,5,rgb_sar,0,2
0.265616,5,rgb_sar,0,2
0.22396213,5,rgb_sar,0,2
0.20112735,5,rgb_sar,0,2
0.17092359,5,rgb_sar,0,2
0.11796822,5,rgb_sar,0,2
0.13511671,5,rgb_sar,0,2
0.24163368,5,rgb_sar,0,2
0.2730599,5,rgb_sar,0,2
0.3139119,5,rgb_sar,0,2
0.30186716,5,rgb_sar,0,2
0.30250028,5,rgb_sar,0,2
0.28395647,5,rgb_sar,0,2
0.25940806,5,rgb_sar,0,2
0.21612033,5,rgb_sar,0,2
0.19325575,5,rgb_sar,0,2
0.17310725,5,rgb_sar,0,2
0.14172803,5,rgb_sar,0,2
0.13028109,5,rgb_sar,0,2
0.06781097,5,rgb_sar,0,2
0.26201838,5,rgb_sar,0,2
0.28099978,5,rgb_sar,0,2
0.3354443,5,rgb_sar,0,2
0.28013492,5,rgb_sar,0,2
0.3247518,5,rgb_sar,0,2
0.24698871,5,rgb_sar,0,2
0.24666378,5,rgb_sar,0,2
0.20133752,5,rgb_sar,0,2
0.17795816,5,rgb_sar,0,2
0.16538495,5,rgb_sar,0,2
0.11288684,5,rgb_sar,0,2
0.14061731,5,rgb_sar,0,2
0.14054015,5,rgb_sar,0,2
0.2798988,5,rgb_sar,0,2
0.25974327,5,rgb_sar,0,2
0.31573385,5,rgb_sar,0,2
0.25384474,5,rgb_sar,0,2
0.2882656,5,rgb_sar,0,2
0.24088976,5,rgb_sar,0,2
0.23552442,5,rgb_sar,0,2
0.20211948,5,rgb_sar,0,2
0.1966417,5,rgb_sar,0,2
0.2740781,5,rgb_sar,0,2
0.26342535,5,rgb_sar,0,2
0.2603736,5,rgb_sar,0,2
0.21245559,5,rgb_sar,0,2
0.26306367,5,rgb_sar,0,2
0.23581474,5,rgb_sar,0,2
0.29186758,5,rgb_sar,0,2
0.29604745,5,rgb_sar,0,2
0.35295993,5,rgb_sar,0,2
0.27911943,5,rgb_sar,0,2
0.2472096,5,rgb_sar,0,2
0.17390805,5,rgb_sar,0,2
0.17871615,5,rgb_sar,0,2
0.21334326,5,rgb_sar,0,2
0.19109577,5,rgb_sar,0,2
0.23972446,5,rgb_sar,0,2
0.27042428,5,rgb_sar,0,2
0.34240997,5,rgb_sar,0,2
0.36171138,5,rgb_sar,0,2
0.2587867,5,rgb_sar,0,2
0.20990673,5,rgb_sar,0,2
0.19240329,5,rgb_sar,0,2
0.21547233,5,rgb_sar,0,2
0.22739264,5,rgb_sar,0,2
0.13929605,5,rgb_sar,0,2
0.1887239,5,rgb_sar,0,2
0.2246347,5,rgb_sar,0,2
0.30505985,5,rgb_sar,0,2
0.2897429,5,rgb_sar,0,2
0.191814,5,rgb_sar,0,2
0.16250561,5,rgb_sar,0,2
0.14551444,5,rgb_sar,0,2
0.114271,5,rgb_sar,0,2
0.1191736,5,rgb_sar,0,2
0.076254435,5,rgb_sar,0,2
0.15425654,5,rgb_sar,0,2
0.14222479,5,rgb_sar,0,2
0.14140204,5,rgb_sar,0,2
0.095859416,5,rgb_sar,0,2
0.11228985,5,rgb_sar,0,2
0.08543955,5,rgb_sar,0,2
0.18775478,5,rgb_sar,0,2
0.130613,5,rgb_sar,0,2
0.12904122,5,rgb_sar,0,2
0.11065269,5,rgb_sar,0,2
0.20577458,5,rgb_sar,0,2
0.28997254,5,rgb_sar,0,2
0.28823578,5,rgb_sar,0,2
0.279578,5,rgb_sar,0,2
0.23364912,5,rgb_sar,0,2
0.28657562,5,rgb_sar,0,2
0.340866,5,rgb_sar,0,2
0.2700371,5,rgb_sar,0,2
0.2187196,5,rgb_sar,0,2
0.2145075,5,rgb_sar,0,2
0.2961408,5,rgb_sar,0,2
0.28672823,5,rgb_sar,0,2
0.25728077,5,rgb_sar,0,2
0.26605734,5,rgb_sar,0,2
0.22373031,5,rgb_sar,0,2
0.17671245,5,rgb_sar,0,2
0.17705984,5,rgb_sar,0,2
0.1813955,5,rgb_sar,0,2
0.15546355,5,rgb_sar,0,2
0.15616101,5,rgb_sar,0,2
0.22381383,5,rgb_sar,0,2
0.27413678,5,rgb_sar,0,2
0.19617403,5,rgb_sar,0,2
0.25399554,5,rgb_sar,0,2
0.27688488,5,rgb_sar,0,2
0.23520702,5,rgb_sar,0,2
0.24699001,5,rgb_sar,0,2
0.23668903,5,rgb_sar,0,2
0.19231826,5,rgb_sar,0,2
0.16527703,5,rgb_sar,0,2
0.1509274,5,rgb_sar,0,2
0.09729179,5,rgb_sar,0,2
0.20909464,5,rgb_sar,0,2
0.27525723,5,rgb_sar,0,2
0.36044034,5,rgb_sar,0,2
0.26263615,5,rgb_sar,0,2
0.2851547,5,rgb_sar,0,2
0.28840956,5,rgb_sar,0,2
0.25458294,5,rgb_sar,0,2
0.19629255,5,rgb_sar,0,2
0.22476968,5,rgb_sar,0,2
0.21859077,5,rgb_sar,0,2
0.1970838,5,rgb_sar,0,2
0.19282481,5,rgb_sar,0,2
0.15650043,5,rgb_sar,0,2
0.18819033,5,rgb_sar,0,2
0.2630471,5,rgb_sar,0,2
0.36867744,5,rgb_sar,0,2
0.2704382,5,rgb_sar,0,2
0.2780465,5,rgb_sar,0,2
0.33208227,5,rgb_sar,0,2
0.2963175,5,rgb_sar,0,2
0.18049292,5,rgb_sar,0,2
0.22005123,5,rgb_sar,0,2
0.24156198,5,rgb_sar,0,2
0.19040725,5,rgb_sar,0,2
0.20385,5,rgb_sar,0,2
0.17722395,5,rgb_sar,0,2
0.16974396,5,rgb_sar,0,2
0.17278121,5,rgb_sar,0,2
0.26356933,5,rgb_sar,0,2
0.22291061,5,rgb_sar,0,2
0.2589221,5,rgb_sar,0,2
0.28247023,5,rgb_sar,0,2
0.2745642,5,rgb_sar,0,2
0.12501368,5,rgb_sar,0,2
0.16779573,5,rgb_sar,0,2
0.2442509,5,rgb_sar,0,2
0.23682782,5,rgb_sar,0,2
0.20617276,5,rgb_sar,0,2
0.25583065,5,rgb_sar,0,2
0.28129467,5,rgb_sar,0,2
0.30175468,5,rgb_sar,0,2
0.27710634,5,rgb_sar,0,2
0.29152492,5,rgb_sar,0,2
0.2099004,5,rgb_sar,0,2
0.1807098,5,rgb_sar,0,2
0.20156984,5,rgb_sar,0,2
0.1726028,5,rgb_sar,0,2
0.21353936,5,rgb_sar,0,2
0.22040007,5,rgb_sar,0,2
0.21474937,5,rgb_sar,0,2
0.2469511,5,rgb_sar,0,2
0.24134672,5,rgb_sar,0,2
0.25143233,5,rgb_sar,0,2
0.17311585,5,rgb_sar,0,2
0.0963807,5,rgb_sar,0,2
0.10639484,5,rgb_sar,0,2
0.106885575,5,rgb_sar,0,2
0.17521356,5,rgb_sar,0,2
0.17899942,5,rgb_sar,0,2
0.14838211,5,rgb_sar,0,2
0.07193268,5,rgb_sar,0,2
0.08818867,5,rgb_sar,0,2
0.07669513,5,rgb_sar,0,2
0.14228667,5,rgb_sar,0,2
0.13183156,5,rgb_sar,0,2
0.1670607,5,rgb_sar,0,2
0.12567024,5,rgb_sar,0,2
0.21335655,4,rgb_sar,0,2
0.25258654,4,rgb_sar,0,2
0.30793965,4,rgb_sar,0,2
0.45995802,4,rgb_sar,0,2
0.24476053,4,rgb_sar,0,2
0.2617383,4,rgb_sar,0,2
0.32916927,4,rgb_sar,0,2
0.46490264,4,rgb_sar,0,2
0.2987493,4,rgb_sar,0,2
0.32765514,4,rgb_sar,0,2
0.33663353,4,rgb_sar,0,2
0.36252183,4,rgb_sar,0,2
0.50463444,4,rgb_sar,0,2
0.2961589,4,rgb_sar,0,2
0.34213334,4,rgb_sar,0,2
0.32221895,4,rgb_sar,0,2
0.3835231,4,rgb_sar,0,2
0.5108638,4,rgb_sar,0,2
0.3848349,4,rgb_sar,0,2
0.34735003,4,rgb_sar,0,2
0.3611006,4,rgb_sar,0,2
0.32410568,4,rgb_sar,0,2
0.36963844,4,rgb_sar,0,2
0.5275273,4,rgb_sar,0,2
0.4313417,4,rgb_sar,0,2
0.39124584,4,rgb_sar,0,2
0.38565338,4,rgb_sar,0,2
0.30582213,4,rgb_sar,0,2
0.35856766,4,rgb_sar,0,2
0.5144581,4,rgb_sar,0,2
0.3591984,4,rgb_sar,0,2
0.35037896,4,rgb_sar,0,2
0.33931756,4,rgb_sar,0,2
0.37001663,4,rgb_sar,0,2
0.34635362,4,rgb_sar,0,2
0.34673727,4,rgb_sar,0,2
0.35758543,4,rgb_sar,0,2
0.40664092,4,rgb_sar,0,2
0.41767988,4,rgb_sar,0,2
0.3379689,4,rgb_sar,0,2
0.3408026,4,rgb_sar,0,2
0.34200257,4,rgb_sar,0,2
0.33123112,4,rgb_sar,0,2
0.4158588,4,rgb_sar,0,2
0.40127844,4,rgb_sar,0,2
0.37113938,4,rgb_sar,0,2
0.35249686,4,rgb_sar,0,2
0.39500892,4,rgb_sar,0,2
0.26357597,4,rgb_sar,0,2
0.27430388,4,rgb_sar,0,2
0.28036916,4,rgb_sar,0,2
0.28621182,4,rgb_sar,0,2
0.29735017,4,rgb_sar,0,2
0.2969337,4,rgb_sar,0,2
0.32936665,4,rgb_sar,0,2
0.3130753,4,rgb_sar,0,2
0.39929974,4,rgb_sar,0,2
0.4016565,4,rgb_sar,0,2
0.35712925,4,rgb_sar,0,2
0.35857767,4,rgb_sar,0,2
0.32246608,4,rgb_sar,0,2
0.31577876,4,rgb_sar,0,2
0.29152912,4,rgb_sar,0,2
0.33223656,4,rgb_sar,0,2
0.32815903,4,rgb_sar,0,2
0.40095878,4,rgb_sar,0,2
0.39375517,4,rgb_sar,0,2
0.36718196,4,rgb_sar,0,2
0.34924614,4,rgb_sar,0,2
0.3235754,4,rgb_sar,0,2
0.3596118,4,rgb_sar,0,2
0.39106554,4,rgb_sar,0,2
0.34263623,4,rgb_sar,0,2
0.3280376,4,rgb_sar,0,2
0.3193184,4,rgb_sar,0,2
0.3671037,4,rgb_sar,0,2
0.35999316,4,rgb_sar,0,2
0.35121354,4,rgb_sar,0,2
0.36714524,4,rgb_sar,0,2
0.37315667,4,rgb_sar,0,2
0.44365093,4,rgb_sar,0,2
0.46005815,4,rgb_sar,0,2
0.36486214,4,rgb_sar,0,2
0.34887123,4,rgb_sar,0,2
0.3508268,4,rgb_sar,0,2
0.38151896,4,rgb_sar,0,2
0.37325183,4,rgb_sar,0,2
0.3460956,4,rgb_sar,0,2
0.38191462,4,rgb_sar,0,2
0.38188034,4,rgb_sar,0,2
0.40807533,4,rgb_sar,0,2
0.37755963,4,rgb_sar,0,2
0.406457,4,rgb_sar,0,2
0.40624547,4,rgb_sar,0,2
0.32865477,4,rgb_sar,0,2
0.3128141,4,rgb_sar,0,2
0.34690416,4,rgb_sar,0,2
0.36097586,4,rgb_sar,0,2
0.32620114,4,rgb_sar,0,2
0.36691424,4,rgb_sar,0,2
0.42262155,4,rgb_sar,0,2
0.446778,4,rgb_sar,0,2
0.3303823,4,rgb_sar,0,2
0.43483278,4,rgb_sar,0,2
0.40815815,4,rgb_sar,0,2
0.3558026,4,rgb_sar,0,2
0.30760217,4,rgb_sar,0,2
0.37646604,4,rgb_sar,0,2
0.39909726,4,rgb_sar,0,2
0.3507782,4,rgb_sar,0,2
0.40333098,4,rgb_sar,0,2
0.42609313,4,rgb_sar,0,2
0.43818492,4,rgb_sar,0,2
0.3672874,4,rgb_sar,0,2
0.43122515,4,rgb_sar,0,2
0.39856127,4,rgb_sar,0,2
0.38214824,4,rgb_sar,0,2
0.35352427,4,rgb_sar,0,2
0.30568355,4,rgb_sar,0,2
0.34337556,4,rgb_sar,0,2
0.36956906,4,rgb_sar,0,2
0.37618172,4,rgb_sar,0,2
0.3871506,4,rgb_sar,0,2
0.3961476,4,rgb_sar,0,2
0.4304349,4,rgb_sar,0,2
0.43537587,4,rgb_sar,0,2
0.39228258,4,rgb_sar,0,2
0.3458833,4,rgb_sar,0,2
0.37147212,4,rgb_sar,0,2
0.38951588,4,rgb_sar,0,2
0.41003457,4,rgb_sar,0,2
0.42777997,4,rgb_sar,0,2
0.4234122,4,rgb_sar,0,2
0.43284222,4,rgb_sar,0,2
0.4715805,4,rgb_sar,0,2
0.44754195,4,rgb_sar,0,2
0.39788207,4,rgb_sar,0,2
0.48091626,4,rgb_sar,0,2
0.48378772,4,rgb_sar,0,2
0.42402083,4,rgb_sar,0,2
0.41962525,4,rgb_sar,0,2
0.38857877,4,rgb_sar,0,2
0.326196,4,rgb_sar,0,2
0.28578198,4,rgb_sar,0,2
0.28751436,4,rgb_sar,0,2
0.31448334,4,rgb_sar,0,2
0.31984007,4,rgb_sar,0,2
0.31639183,4,rgb_sar,0,2
0.3987422,4,rgb_sar,0,2
0.3190859,4,rgb_sar,0,2
0.3696963,4,rgb_sar,0,2
0.3861618,4,rgb_sar,0,2
0.3640371,4,rgb_sar,0,2
0.4093885,4,rgb_sar,0,2
0.323401,4,rgb_sar,0,2
0.34893805,4,rgb_sar,0,2
0.35758984,4,rgb_sar,0,2
0.37141478,4,rgb_sar,0,2
0.42156878,4,rgb_sar,0,2
0.34197664,4,rgb_sar,0,2
0.36752412,4,rgb_sar,0,2
0.33130002,4,rgb_sar,0,2
0.35724598,4,rgb_sar,0,2
0.4319992,4,rgb_sar,0,2
0.3818617,4,rgb_sar,0,2
0.3872673,4,rgb_sar,0,2
0.37695083,4,rgb_sar,0,2
0.38453448,4,rgb_sar,0,2
0.434835,4,rgb_sar,0,2
0.3562839,4,rgb_sar,0,2
0.33028197,4,rgb_sar,0,2
0.34218735,4,rgb_sar,0,2
0.30716214,4,rgb_sar,0,2
0.46813646,4,rgb_sar,0,2
0.40001756,4,rgb_sar,0,2
0.36822674,4,rgb_sar,0,2
0.38945752,4,rgb_sar,0,2
0.34959102,4,rgb_sar,0,2
0.47702584,4,rgb_sar,0,2
0.39898455,4,rgb_sar,0,2
0.39090663,4,rgb_sar,0,2
0.41425252,4,rgb_sar,0,2
0.38300908,4,rgb_sar,0,2
0.46452084,4,rgb_sar,0,2
0.3874984,4,rgb_sar,0,2
0.40905935,4,rgb_sar,0,2
0.4288882,4,rgb_sar,0,2
0.40577435,4,rgb_sar,0,2
0.35858414,4,rgb_sar,0,2
0.40713716,4,rgb_sar,0,2
0.37250674,4,rgb_sar,0,2
0.3628804,4,rgb_sar,0,2
0.36665642,4,rgb_sar,0,2
0.3227389,4,rgb_sar,0,2
0.35364753,4,rgb_sar,0,2
0.41599047,4,rgb_sar,0,2
0.3644234,4,rgb_sar,0,2
0.3501197,4,rgb_sar,0,2
0.386323,4,rgb_sar,0,2
0.29572845,4,rgb_sar,0,2
0.42725,4,rgb_sar,0,2
0.36113372,4,rgb_sar,0,2
0.33472323,4,rgb_sar,0,2
0.30624068,4,rgb_sar,0,2
0.27878737,4,rgb_sar,0,2
0.16731602,4,rgb_sar,0,2
0.1031713,4,rgb_sar,0,2
0.050237775,4,rgb_sar,0,2
0.06428652,4,rgb_sar,0,2
0.4175405,4,rgb_sar,0,2
0.3402217,4,rgb_sar,0,2
0.3259415,4,rgb_sar,0,2
0.29051334,4,rgb_sar,0,2
0.25022966,4,rgb_sar,0,2
0.090890914,4,rgb_sar,0,2
0.07819163,4,rgb_sar,0,2
0.028082842,4,rgb_sar,0,2
0.1267738,4,rgb_sar,0,2
0.21441457,4,rgb_sar,0,2
0.18103996,4,rgb_sar,0,2
0.06132111,4,rgb_sar,0,2
0.039849784,4,rgb_sar,0,2
0.0956173,4,rgb_sar,0,2
0.034572966,4,rgb_sar,0,2
0.0063331835,4,rgb_sar,0,2
0.09727964,4,rgb_sar,0,2
0.3053239,4,rgb_sar,0,2
0.30331355,4,rgb_sar,0,2
0.36005077,4,rgb_sar,0,2
0.36689702,4,rgb_sar,0,2
0.446822,4,rgb_sar,0,2
0.5395109,4,rgb_sar,0,2
0.37903175,4,rgb_sar,0,2
0.3885336,4,rgb_sar,0,2
0.35783005,4,rgb_sar,0,2
0.3539948,4,rgb_sar,0,2
0.3662592,4,rgb_sar,0,2
0.310742,4,rgb_sar,0,2
0.39427146,4,rgb_sar,0,2
0.3911082,4,rgb_sar,0,2
0.34543893,4,rgb_sar,0,2
0.37524155,4,rgb_sar,0,2
0.4058298,4,rgb_sar,0,2
0.32589358,4,rgb_sar,0,2
0.36453018,4,rgb_sar,0,2
0.3327847,4,rgb_sar,0,2
0.35744882,4,rgb_sar,0,2
0.35688946,4,rgb_sar,0,2
0.28387576,4,rgb_sar,0,2
0.19338512,4,rgb_sar,0,2
0.1404329,4,rgb_sar,0,2
0.09095353,4,rgb_sar,0,2
0.08254573,4,rgb_sar,0,2
0.34426397,4,rgb_sar,0,2
0.30372894,4,rgb_sar,0,2
0.25976956,4,rgb_sar,0,2
0.19016108,4,rgb_sar,0,2
0.13917945,4,rgb_sar,0,2
0.03739781,4,rgb_sar,0,2
0.043592907,4,rgb_sar,0,2
0.027173031,4,rgb_sar,0,2
0.057025783,4,rgb_sar,0,2
0.14211926,4,rgb_sar,0,2
0.068348765,4,rgb_sar,0,2
0.00656718,4,rgb_sar,0,2
0.0006767493,4,rgb_sar,0,2
0.052270234,4,rgb_sar,0,2
0.029297382,4,rgb_sar,0,2
-0.009192346,4,rgb_sar,0,2
0.054758426,4,rgb_sar,0,2
0.28675476,4,rgb_sar,0,2
0.25833267,4,rgb_sar,0,2
0.28038418,4,rgb_sar,0,2
0.2713274,4,rgb_sar,0,2
0.25081176,4,rgb_sar,0,2
0.2428908,4,rgb_sar,0,2
0.27786276,4,rgb_sar,0,2
0.2569915,4,rgb_sar,0,2
0.23904377,4,rgb_sar,0,2
0.2174153,4,rgb_sar,0,2
0.24098918,4,rgb_sar,0,2
0.24308616,4,rgb_sar,0,2
0.31397083,4,rgb_sar,0,2
0.3850544,4,rgb_sar,0,2
0.28880972,4,rgb_sar,0,2
0.23195514,4,rgb_sar,0,2
0.21151346,4,rgb_sar,0,2
0.23177138,4,rgb_sar,0,2
0.17579351,4,rgb_sar,0,2
0.1905845,4,rgb_sar,0,2
0.030396031,4,rgb_sar,0,2
-0.022588227,4,rgb_sar,0,2
0.018729534,4,rgb_sar,0,2
0.013777803,4,rgb_sar,0,2
0.24797656,4,rgb_sar,0,2
0.3685279,4,rgb_sar,0,2
0.4374181,4,rgb_sar,0,2
0.33773887,4,rgb_sar,0,2
0.23797518,4,rgb_sar,0,2
0.19754195,4,rgb_sar,0,2
0.20973869,4,rgb_sar,0,2
0.18485463,4,rgb_sar,0,2
0.19070607,4,rgb_sar,0,2
0.056524336,4,rgb_sar,0,2
0.014381303,4,rgb_sar,0,2
-0.037063256,4,rgb_sar,0,2
-0.019069305,4,rgb_sar,0,2
0.26277456,4,rgb_sar,0,2
0.27905512,4,rgb_sar,0,2
0.31372672,4,rgb_sar,0,2
0.28596264,4,rgb_sar,0,2
0.26400918,4,rgb_sar,0,2
0.23510717,4,rgb_sar,0,2
0.2390157,4,rgb_sar,0,2
0.15553235,4,rgb_sar,0,2
0.14876395,4,rgb_sar,0,2
0.1318407,4,rgb_sar,0,2
0.07956524,4,rgb_sar,0,2
0.39110386,4,rgb_sar,0,2
0.40035623,4,rgb_sar,0,2
0.40822405,4,rgb_sar,0,2
0.3900146,4,rgb_sar,0,2
0.39919615,4,rgb_sar,0,2
0.37807783,4,rgb_sar,0,2
0.37375608,4,rgb_sar,0,2
0.24043158,4,rgb_sar,0,2
0.23662454,4,rgb_sar,0,2
0.22363164,4,rgb_sar,0,2
0.2217704,4,rgb_sar,0,2
0.4278317,4,rgb_sar,0,2
0.28417122,4,rgb_sar,0,2
0.29038075,4,rgb_sar,0,2
0.4573165,4,rgb_sar,0,2
0.30191237,4,rgb_sar,0,2
0.2792287,4,rgb_sar,0,2
0.27215505,4,rgb_sar,0,2
0.20814402,4,rgb_sar,0,2
0.2125988,4,rgb_sar,0,2
0.43562123,4,rgb_sar,0,2
0.28422165,4,rgb_sar,0,2
0.26723596,4,rgb_sar,0,2
0.2592721,4,rgb_sar,0,2
0.19287884,4,rgb_sar,0,2
0.13067028,4,rgb_sar,0,2
0.14488377,4,rgb_sar,0,2
0.16319114,4,rgb_sar,0,2
0.084215134,4,rgb_sar,0,2
0.01983631,4,rgb_sar,0,2
0.10106878,4,rgb_sar,0,2
0.060449198,4,rgb_sar,0,2
0.44044232,4,rgb_sar,0,2
0.29466298,4,rgb_sar,0,2
0.27526832,4,rgb_sar,0,2
0.2421436,4,rgb_sar,0,2
0.21726833,4,rgb_sar,0,2
0.133523,4,rgb_sar,0,2
0.058586054,4,rgb_sar,0,2
0.10882359,4,rgb_sar,0,2
0.036847524,4,rgb_sar,0,2
-0.054117445,4,rgb_sar,0,2
-0.0057275984,4,rgb_sar,0,2
0.0072586387,4,rgb_sar,0,2
0.51831317,4,rgb_sar,0,2
0.4027911,4,rgb_sar,0,2
0.3364713,4,rgb_sar,0,2
0.30052477,4,rgb_sar,0,2
0.28048527,4,rgb_sar,0,2
0.18069322,4,rgb_sar,0,2
0.06551608,4,rgb_sar,0,2
0.11671452,4,rgb_sar,0,2
0.030746788,4,rgb_sar,0,2
0.0025948072,4,rgb_sar,0,2
0.63684005,4,rgb_sar,0,2
0.5466206,4,rgb_sar,0,2
0.4672012,4,rgb_sar,0,2
0.4406451,4,rgb_sar,0,2
0.3874836,4,rgb_sar,0,2
0.30222398,4,rgb_sar,0,2
0.21269381,4,rgb_sar,0,2
0.24045196,4,rgb_sar,0,2
0.20452532,4,rgb_sar,0,2
0.21103859,4,rgb_sar,0,2
0.5672376,4,rgb_sar,0,2
0.5652223,4,rgb_sar,0,2
0.54292405,4,rgb_sar,0,2
0.51076853,4,rgb_sar,0,2
0.491301,4,rgb_sar,0,2
0.63233554,4,rgb_sar,0,2
0.37880188,4,rgb_sar,0,2
0.38707918,4,rgb_sar,0,2
0.36796868,4,rgb_sar,0,2
0.33974424,4,rgb_sar,0,2
0.34938943,4,rgb_sar,0,2
0.5407139,4,rgb_sar,0,2
0.38518387,4,rgb_sar,0,2
0.40200788,4,rgb_sar,0,2
0.3863607,4,rgb_sar,0,2
0.3697821,4,rgb_sar,0,2
0.3462165,4,rgb_sar,0,2
0.491025,4,rgb_sar,0,2
0.45713443,4,rgb_sar,0,2
0.4174895,4,rgb_sar,0,2
0.42604268,4,rgb_sar,0,2
0.5297037,4,rgb_sar,0,2
0.4937238,4,rgb_sar,0,2
0.42099017,4,rgb_sar,0,2
0.41563827,4,rgb_sar,0,2
0.51374424,4,rgb_sar,0,2
0.42631882,4,rgb_sar,0,2
0.41223496,4,rgb_sar,0,2
0.37100866,4,rgb_sar,0,2
0.36131606,4,rgb_sar,0,2
0.5152476,4,rgb_sar,0,2
0.49326867,4,rgb_sar,0,2
0.48092338,4,rgb_sar,0,2
0.47559452,4,rgb_sar,0,2
0.49187574,4,rgb_sar,0,2
0.50526357,4,rgb_sar,0,2
0.4793322,4,rgb_sar,0,2
0.47883308,4,rgb_sar,0,2
0.50772005,4,rgb_sar,0,2
0.48690125,4,rgb_sar,0,2
0.49606562,4,rgb_sar,0,2
0.40406078,4,rgb_sar,0,2
0.39349997,4,rgb_sar,0,2
0.3667097,4,rgb_sar,0,2
0.354339,4,rgb_sar,0,2
0.36732507,4,rgb_sar,0,2
0.34340295,4,rgb_sar,0,2
0.3130225,4,rgb_sar,0,2
0.3413106,4,rgb_sar,0,2
0.37209955,4,rgb_sar,0,2
0.36940894,4,rgb_sar,0,2
0.39331275,4,rgb_sar,0,2
0.47495267,4,rgb_sar,0,2
0.42932057,4,rgb_sar,0,2
0.39715946,4,rgb_sar,0,2
0.39534217,4,rgb_sar,0,2
0.40407294,4,rgb_sar,0,2
0.3572142,4,rgb_sar,0,2
0.35671213,4,rgb_sar,0,2
0.39636898,4,rgb_sar,0,2
0.44241446,4,rgb_sar,0,2
0.41069853,4,rgb_sar,0,2
0.44738477,4,rgb_sar,0,2
0.41422194,4,rgb_sar,0,2
0.42482397,4,rgb_sar,0,2
0.43185583,4,rgb_sar,0,2
0.4139097,4,rgb_sar,0,2
0.39553505,4,rgb_sar,0,2
0.42026696,4,rgb_sar,0,2
0.41972637,4,rgb_sar,0,2
0.38636285,4,rgb_sar,0,2
0.45156068,4,rgb_sar,0,2
0.41792303,4,rgb_sar,0,2
0.44845977,4,rgb_sar,0,2
0.43089294,4,rgb_sar,0,2
0.45245326,4,rgb_sar,0,2
0.48088437,4,rgb_sar,0,2
0.45454395,4,rgb_sar,0,2
0.4173739,4,rgb_sar,0,2
0.38105923,4,rgb_sar,0,2
0.6473212,4,rgb_sar,0,2
0.5698914,4,rgb_sar,0,2
0.53589416,4,rgb_sar,0,2
0.5435481,4,rgb_sar,0,2
0.50592816,4,rgb_sar,0,2
0.5956946,4,rgb_sar,0,2
0.43964088,4,rgb_sar,0,2
0.4286812,4,rgb_sar,0,2
0.42417797,4,rgb_sar,0,2
0.36856925,4,rgb_sar,0,2
0.5625492,4,rgb_sar,0,2
0.42903844,4,rgb_sar,0,2
0.41594464,4,rgb_sar,0,2
0.40951097,4,rgb_sar,0,2
0.39922503,4,rgb_sar,0,2
0.5615192,4,rgb_sar,0,2
0.44059098,4,rgb_sar,0,2
0.40928608,4,rgb_sar,0,2
0.4246786,4,rgb_sar,0,2
0.43986666,4,rgb_sar,0,2
0.4928881,4,rgb_sar,0,2
0.45387986,4,rgb_sar,0,2
0.4025524,4,rgb_sar,0,2
0.5029303,4,rgb_sar,0,2
0.46794152,4,rgb_sar,0,2
0.4297892,4,rgb_sar,0,2
0.43137842,4,rgb_sar,0,2
0.43531924,4,rgb_sar,0,2
0.357752,4,rgb_sar,0,2
0.4362772,4,rgb_sar,0,2
0.40461695,4,rgb_sar,0,2
0.3363832,4,rgb_sar,0,2
0.43344694,4,rgb_sar,0,2
0.33958304,4,rgb_sar,0,2
0.3549266,4,rgb_sar,0,2
0.34608048,4,rgb_sar,0,2
0.28556055,4,rgb_sar,0,2
0.17665114,4,rgb_sar,0,2
0.19088183,4,rgb_sar,0,2
0.08302284,4,rgb_sar,0,2
0.039929777,4,rgb_sar,0,2
0.34886968,4,rgb_sar,0,2
0.24779183,4,rgb_sar,0,2
0.2829947,4,rgb_sar,0,2
0.25893894,4,rgb_sar,0,2
0.18916753,4,rgb_sar,0,2
0.07087155,4,rgb_sar,0,2
0.043985,4,rgb_sar,0,2
-0.024347087,4,rgb_sar,0,2
0.030617857,4,rgb_sar,0,2
0.21122259,4,rgb_sar,0,2
0.24969393,4,rgb_sar,0,2
0.17305264,4,rgb_sar,0,2
0.05877999,4,rgb_sar,0,2
0.06681202,4,rgb_sar,0,2
0.08731533,4,rgb_sar,0,2
0.020843182,4,rgb_sar,0,2
0.03894876,4,rgb_sar,0,2
0.2902028,4,rgb_sar,0,2
0.29299575,4,rgb_sar,0,2
0.33324572,4,rgb_sar,0,2
0.3446104,4,rgb_sar,0,2
0.32722,4,rgb_sar,0,2
0.3018087,4,rgb_sar,0,2
0.36515146,4,rgb_sar,0,2
0.424369,4,rgb_sar,0,2
0.36525887,4,rgb_sar,0,2
0.35951376,4,rgb_sar,0,2
0.33995304,4,rgb_sar,0,2
0.3400374,4,rgb_sar,0,2
0.3462042,4,rgb_sar,0,2
0.33580232,4,rgb_sar,0,2
0.33247948,4,rgb_sar,0,2
0.32405397,4,rgb_sar,0,2
0.29081732,4,rgb_sar,0,2
0.4008244,4,rgb_sar,0,2
0.41068962,4,rgb_sar,0,2
0.3556406,4,rgb_sar,0,2
0.33942693,4,rgb_sar,0,2
0.33249623,4,rgb_sar,0,2
0.2657451,4,rgb_sar,0,2
0.4195388,4,rgb_sar,0,2
0.40992707,4,rgb_sar,0,2
0.37984285,4,rgb_sar,0,2
0.30877042,4,rgb_sar,0,2
0.25903732,4,rgb_sar,0,2
0.21552092,4,rgb_sar,0,2
0.1297678,4,rgb_sar,0,2
-0.014271596,4,rgb_sar,0,2
-0.06394517,4,rgb_sar,0,2
0.2992769,4,rgb_sar,0,2
0.28712505,4,rgb_sar,0,2
0.2755332,4,rgb_sar,0,2
0.20781618,4,rgb_sar,0,2
0.13177961,4,rgb_sar,0,2
0.026611319,4,rgb_sar,0,2
0.026490849,4,rgb_sar,0,2
-0.035341315,4,rgb_sar,0,2
-0.01420181,4,rgb_sar,0,2
0.19808267,4,rgb_sar,0,2
0.19196905,4,rgb_sar,0,2
0.13777247,4,rgb_sar,0,2
0.068653196,4,rgb_sar,0,2
0.08285907,4,rgb_sar,0,2
0.067894675,4,rgb_sar,0,2
0.04673183,4,rgb_sar,0,2
0.09914702,4,rgb_sar,0,2
0.1814685,4,rgb_sar,0,2
0.19926427,4,rgb_sar,0,2
0.19805935,4,rgb_sar,0,2
0.18425643,4,rgb_sar,0,2
0.19350204,4,rgb_sar,0,2
0.20615013,4,rgb_sar,0,2
0.1772894,4,rgb_sar,0,2
0.18078898,4,rgb_sar,0,2
0.19497006,4,rgb_sar,0,2
0.15497988,4,rgb_sar,0,2
0.14226826,4,rgb_sar,0,2
0.24897487,4,rgb_sar,0,2
0.246447,4,rgb_sar,0,2
0.22089738,4,rgb_sar,0,2
0.21551324,4,rgb_sar,0,2
0.17815435,4,rgb_sar,0,2
0.12343118,4,rgb_sar,0,2
0.095922574,4,rgb_sar,0,2
0.119670905,4,rgb_sar,0,2
0.10192544,4,rgb_sar,0,2
0.0732437,4,rgb_sar,0,2
0.031777095,4,rgb_sar,0,2
0.04671205,4,rgb_sar,0,2
0.066956475,4,rgb_sar,0,2
0.22326054,4,rgb_sar,0,2
0.21282546,4,rgb_sar,0,2
0.18633476,4,rgb_sar,0,2
0.17683747,4,rgb_sar,0,2
0.17151374,4,rgb_sar,0,2
0.17600915,4,rgb_sar,0,2
0.14523497,4,rgb_sar,0,2
0.08645155,4,rgb_sar,0,2
0.061198846,4,rgb_sar,0,2
0.0382622,4,rgb_sar,0,2
0.01752666,4,rgb_sar,0,2
-0.004889915,4,rgb_sar,0,2
0.020772804,4,rgb_sar,0,2
0.09793135,4,rgb_sar,0,2
0.096440226,4,rgb_sar,0,2
0.094694525,4,rgb_sar,0,2
0.1398994,4,rgb_sar,0,2
0.20249996,4,rgb_sar,0,2
0.19661203,4,rgb_sar,0,2
0.1314584,4,rgb_sar,0,2
0.019870473,4,rgb_sar,0,2
0.040424414,4,rgb_sar,0,2
0.019748097,4,rgb_sar,0,2
5.9963204e-05,4,rgb_sar,0,2
0.13413607,4,rgb_sar,0,2
0.10963419,4,rgb_sar,0,2
0.11972219,4,rgb_sar,0,2
0.10905972,4,rgb_sar,0,2
0.13737516,4,rgb_sar,0,2
0.16266835,4,rgb_sar,0,2
0.112369694,4,rgb_sar,0,2
0.020768207,4,rgb_sar,0,2
0.099975765,4,rgb_sar,0,2
0.09438282,4,rgb_sar,0,2
0.05264461,4,rgb_sar,0,2
0.11225689,4,rgb_sar,0,2
0.060101878,4,rgb_sar,0,2
0.1200759,4,rgb_sar,0,2
0.17927739,4,rgb_sar,0,2
0.20742597,4,rgb_sar,0,2
0.14999172,4,rgb_sar,0,2
0.12819038,4,rgb_sar,0,2
0.07619139,4,rgb_sar,0,2
0.11911706,4,rgb_sar,0,2
0.08990528,4,rgb_sar,0,2
0.08182324,4,rgb_sar,0,2
0.20980805,4,rgb_sar,0,2
0.16407916,4,rgb_sar,0,2
0.17435075,4,rgb_sar,0,2
0.20104635,4,rgb_sar,0,2
0.23024304,4,rgb_sar,0,2
0.17911112,4,rgb_sar,0,2
0.210966,4,rgb_sar,0,2
0.053085,4,rgb_sar,0,2
0.15101305,4,rgb_sar,0,2
0.09523515,4,rgb_sar,0,2
0.10494481,4,rgb_sar,0,2
0.23731424,4,rgb_sar,0,2
0.1548571,4,rgb_sar,0,2
0.14831185,4,rgb_sar,0,2
0.15261671,4,rgb_sar,0,2
0.19175044,4,rgb_sar,0,2
0.17816016,4,rgb_sar,0,2
0.22495818,4,rgb_sar,0,2
0.13220334,4,rgb_sar,0,2
0.11937346,4,rgb_sar,0,2
0.10712531,4,rgb_sar,0,2
0.0760764,4,rgb_sar,0,2
0.16812868,4,rgb_sar,0,2
0.09372241,4,rgb_sar,0,2
0.15453374,4,rgb_sar,0,2
0.086549565,4,rgb_sar,0,2
0.3640979,4,rgb_sar,0,2
0.24489081,4,rgb_sar,0,2
0.2324269,4,rgb_sar,0,2
0.35416055,4,rgb_sar,0,2
0.2497046,4,rgb_sar,0,2
0.23119678,4,rgb_sar,0,2
0.2221716,4,rgb_sar,0,2
0.18991801,4,rgb_sar,0,2
0.20406547,4,rgb_sar,0,2
0.34648353,4,rgb_sar,0,2
0.27238274,4,rgb_sar,0,2
0.25081083,4,rgb_sar,0,2
0.21204825,4,rgb_sar,0,2
0.1836862,4,rgb_sar,0,2
0.16272584,4,rgb_sar,0,2
0.07077713,4,rgb_sar,0,2
0.08428268,4,rgb_sar,0,2
0.101573825,4,rgb_sar,0,2
0.08003838,4,rgb_sar,0,2
0.11457163,4,rgb_sar,0,2
0.083059154,4,rgb_sar,0,2
0.3720389,4,rgb_sar,0,2
0.30911022,4,rgb_sar,0,2
0.28379616,4,rgb_sar,0,2
0.2468915,4,rgb_sar,0,2
0.23904645,4,rgb_sar,0,2
0.22782257,4,rgb_sar,0,2
0.1026686,4,rgb_sar,0,2
0.08524901,4,rgb_sar,0,2
0.09095387,4,rgb_sar,0,2
0.098927215,4,rgb_sar,0,2
0.08731777,4,rgb_sar,0,2
0.1330039,4,rgb_sar,0,2
0.32367688,4,rgb_sar,0,2
0.30456525,4,rgb_sar,0,2
0.33501744,4,rgb_sar,0,2
0.29533345,4,rgb_sar,0,2
0.28162676,4,rgb_sar,0,2
0.25299537,4,rgb_sar,0,2
0.119627774,4,rgb_sar,0,2
0.13821672,4,rgb_sar,0,2
0.11980854,4,rgb_sar,0,2
0.14337257,4,rgb_sar,0,2
0.28354886,4,rgb_sar,0,2
0.2696479,4,rgb_sar,0,2
0.26759312,4,rgb_sar,0,2
0.24901108,4,rgb_sar,0,2
0.25195843,4,rgb_sar,0,2
0.21975315,4,rgb_sar,0,2
0.10227466,4,rgb_sar,0,2
0.14862774,4,rgb_sar,0,2
0.12597635,4,rgb_sar,0,2
0.11406128,4,rgb_sar,0,2
0.23034734,4,rgb_sar,0,2
0.2196964,4,rgb_sar,0,2
0.20010571,4,rgb_sar,0,2
0.21225399,4,rgb_sar,0,2
0.2123532,4,rgb_sar,0,2
0.2053463,4,rgb_sar,0,2
0.12933592,4,rgb_sar,0,2
0.12705311,4,rgb_sar,0,2
0.13000524,4,rgb_sar,0,2
0.13816305,4,rgb_sar,0,2
0.22754748,4,rgb_sar,0,2
0.20388117,4,rgb_sar,0,2
0.17832601,4,rgb_sar,0,2
0.20660938,4,rgb_sar,0,2
0.19450429,4,rgb_sar,0,2
0.20055744,4,rgb_sar,0,2
0.14182705,4,rgb_sar,0,2
0.15177071,4,rgb_sar,0,2
0.14706452,4,rgb_sar,0,2
0.104350284,4,rgb_sar,0,2
0.22458214,4,rgb_sar,0,2
0.20397411,4,rgb_sar,0,2
0.18221293,4,rgb_sar,0,2
0.2132085,4,rgb_sar,0,2
0.20652123,4,rgb_sar,0,2
0.22277336,4,rgb_sar,0,2
0.13408989,4,rgb_sar,0,2
0.14203274,4,rgb_sar,0,2
0.11866894,4,rgb_sar,0,2
0.043194488,4,rgb_sar,0,2
0.22450954,4,rgb_sar,0,2
0.21161653,4,rgb_sar,0,2
0.1735272,5,rgb_sar,0,2
0.04869972,5,rgb_sar,0,2
-0.0013618143,5,rgb_sar,0,2
0.07497499,5,rgb_sar,0,2
0.12892379,5,rgb_sar,0,2
0.06705939,5,rgb_sar,0,2
0.14482677,5,rgb_sar,0,2
0.16435549,5,rgb_sar,0,2
0.18111876,5,rgb_sar,0,2
0.15154906,5,rgb_sar,0,2
0.046410173,5,rgb_sar,0,2
0.025204325,5,rgb_sar,0,2
0.09773581,5,rgb_sar,0,2
0.10496889,5,rgb_sar,0,2
0.0037678499,5,rgb_sar,0,2
0.06125744,5,rgb_sar,0,2
0.16974995,5,rgb_sar,0,2
0.22519667,5,rgb_sar,0,2
0.052133758,5,rgb_sar,0,2
0.043800622,5,rgb_sar,0,2
0.063883744,5,rgb_sar,0,2
0.1090215,5,rgb_sar,0,2
0.074399576,5,rgb_sar,0,2
0.084828734,5,rgb_sar,0,2
0.20083264,5,rgb_sar,0,2
0.23622751,5,rgb_sar,0,2
0.023670152,5,rgb_sar,0,2
0.051724736,5,rgb_sar,0,2
-0.001934424,5,rgb_sar,0,2
0.031291485,5,rgb_sar,0,2
0.051794782,5,rgb_sar,0,2
0.108839795,5,rgb_sar,0,2
0.20017482,5,rgb_sar,0,2
0.23630328,5,rgb_sar,0,2
0.26755685,5,rgb_sar,0,2
0.0772669,5,rgb_sar,0,2
0.15628856,5,rgb_sar,0,2
0.12669878,5,rgb_sar,0,2
0.13128991,5,rgb_sar,0,2
0.13724625,5,rgb_sar,0,2
0.18627058,5,rgb_sar,0,2
0.27812946,5,rgb_sar,0,2
0.29275107,5,rgb_sar,0,2
0.22486633,5,rgb_sar,0,2
0.17699638,5,rgb_sar,0,2
0.28554362,5,rgb_sar,0,2
0.4262665,5,rgb_sar,0,2
0.018427556,5,rgb_sar,0,2
0.11211442,5,rgb_sar,0,2
0.16839147,5,rgb_sar,0,2
0.15781495,5,rgb_sar,0,2
0.15741362,5,rgb_sar,0,2
0.19154531,5,rgb_sar,0,2
0.31912607,5,rgb_sar,0,2
0.3324775,5,rgb_sar,0,2
0.21471807,5,rgb_sar,0,2
0.23441532,5,rgb_sar,0,2
0.31759378,5,rgb_sar,0,2
0.441072,5,rgb_sar,0,2
0.15234041,5,rgb_sar,0,2
0.074267775,5,rgb_sar,0,2
0.16776286,5,rgb_sar,0,2
0.2113562,5,rgb_sar,0,2
0.2268194,5,rgb_sar,0,2
0.249123,5,rgb_sar,0,2
0.23953882,5,rgb_sar,0,2
0.3292147,5,rgb_sar,0,2
0.3142215,5,rgb_sar,0,2
0.25060952,5,rgb_sar,0,2
0.21287528,5,rgb_sar,0,2
0.30483648,5,rgb_sar,0,2
0.46867514,5,rgb_sar,0,2
0.17871162,5,rgb_sar,0,2
0.14723438,5,rgb_sar,0,2
0.21471252,5,rgb_sar,0,2
0.22408913,5,rgb_sar,0,2
0.26645952,5,rgb_sar,0,2
0.30746007,5,rgb_sar,0,2
0.31209797,5,rgb_sar,0,2
0.33163828,5,rgb_sar,0,2
0.2086152,5,rgb_sar,0,2
0.18090846,5,rgb_sar,0,2
0.30713904,5,rgb_sar,0,2
0.44675228,5,rgb_sar,0,2
0.1734081,5,rgb_sar,0,2
0.15655574,5,rgb_sar,0,2
0.22567,5,rgb_sar,0,2
0.25788495,5,rgb_sar,0,2
0.27332753,5,rgb_sar,0,2
0.25806844,5,rgb_sar,0,2
0.29594642,5,rgb_sar,0,2
0.22773954,5,rgb_sar,0,2
0.24660218,5,rgb_sar,0,2
0.33958107,5,rgb_sar,0,2
0.4548045,5,rgb_sar,0,2
0.20212097,5,rgb_sar,0,2
0.2563186,5,rgb_sar,0,2
0.3213623,5,rgb_sar,0,2
0.38204864,5,rgb_sar,0,2
0.3085986,5,rgb_sar,0,2
0.40154594,5,rgb_sar,0,2
0.27989176,5,rgb_sar,0,2
0.2832698,5,rgb_sar,0,2
0.39602983,5,rgb_sar,0,2
0.3246786,5,rgb_sar,0,2
0.4261381,5,rgb_sar,0,2
0.4246203,5,rgb_sar,0,2
0.12991899,5,rgb_sar,0,2
0.035311766,5,rgb_sar,0,2
-0.025297958,5,rgb_sar,0,2
-0.016209397,5,rgb_sar,0,2
0.045648426,5,rgb_sar,0,2
0.023944853,5,rgb_sar,0,2
0.05848015,5,rgb_sar,0,2
0.17587969,5,rgb_sar,0,2
0.16982856,5,rgb_sar,0,2
0.22206083,5,rgb_sar,0,2
0.048042137,5,rgb_sar,0,2
0.0059360955,5,rgb_sar,0,2
0.059962627,5,rgb_sar,0,2
0.09569569,5,rgb_sar,0,2
0.04328362,5,rgb_sar,0,2
0.12811562,5,rgb_sar,0,2
0.18204358,5,rgb_sar,0,2
0.17185125,5,rgb_sar,0,2
0.011865888,5,rgb_sar,0,2
0.05380836,5,rgb_sar,0,2
0.052466013,5,rgb_sar,0,2
0.07749037,5,rgb_sar,0,2
0.12089867,5,rgb_sar,0,2
0.17042959,5,rgb_sar,0,2
0.23985069,5,rgb_sar,0,2
0.18398686,5,rgb_sar,0,2
0.024776341,5,rgb_sar,0,2
0.0740429,5,rgb_sar,0,2
0.010361664,5,rgb_sar,0,2
0.047440007,5,rgb_sar,0,2
0.21860951,5,rgb_sar,0,2
0.26934648,5,rgb_sar,0,2
0.27291945,5,rgb_sar,0,2
0.20564926,5,rgb_sar,0,2
0.19119926,5,rgb_sar,0,2
0.113026686,5,rgb_sar,0,2
0.13571435,5,rgb_sar,0,2
0.15773866,5,rgb_sar,0,2
0.19403261,5,rgb_sar,0,2
0.29128808,5,rgb_sar,0,2
0.29787856,5,rgb_sar,0,2
0.25801498,5,rgb_sar,0,2
0.21765006,5,rgb_sar,0,2
0.37358093,5,rgb_sar,0,2
0.24893862,5,rgb_sar,0,2
0.22685297,5,rgb_sar,0,2
0.250413,5,rgb_sar,0,2
0.24642825,5,rgb_sar,0,2
0.14481835,5,rgb_sar,0,2
0.19059438,5,rgb_sar,0,2
0.19059874,5,rgb_sar,0,2
0.21860982,5,rgb_sar,0,2
0.15011254,5,rgb_sar,0,2
0.17755671,5,rgb_sar,0,2
0.25712606,5,rgb_sar,0,2
0.22545972,5,rgb_sar,0,2
0.27082324,5,rgb_sar,0,2
0.24242328,5,rgb_sar,0,2
0.27920952,5,rgb_sar,0,2
0.28428164,5,rgb_sar,0,2
0.28739518,5,rgb_sar,0,2
0.3056785,5,rgb_sar,0,2
0.15598421,5,rgb_sar,0,2
0.13883668,5,rgb_sar,0,2
0.21154827,5,rgb_sar,0,2
0.22784749,5,rgb_sar,0,2
0.2032192,5,rgb_sar,0,2
0.22082509,5,rgb_sar,0,2
0.21779245,5,rgb_sar,0,2
0.2848667,5,rgb_sar,0,2
0.24839872,5,rgb_sar,0,2
0.28258187,5,rgb_sar,0,2
0.25629535,5,rgb_sar,0,2
0.30877107,5,rgb_sar,0,2
0.3311063,5,rgb_sar,0,2
0.2749142,5,rgb_sar,0,2
0.30956995,5,rgb_sar,0,2
0.105477735,5,rgb_sar,0,2
0.1169883,5,rgb_sar,0,2
0.19009209,5,rgb_sar,0,2
0.2322003,5,rgb_sar,0,2
0.2126351,5,rgb_sar,0,2
0.2439878,5,rgb_sar,0,2
0.25472912,5,rgb_sar,0,2
0.29348508,5,rgb_sar,0,2
0.36167932,5,rgb_sar,0,2
0.33532256,5,rgb_sar,0,2
0.28344026,5,rgb_sar,0,2
0.3065579,5,rgb_sar,0,2
0.25908178,5,rgb_sar,0,2
0.27415392,5,rgb_sar,0,2
0.32442516,5,rgb_sar,0,2
0.10351561,5,rgb_sar,0,2
0.10869147,5,rgb_sar,0,2
0.17399737,5,rgb_sar,0,2
0.24180791,5,rgb_sar,0,2
0.22935966,5,rgb_sar,0,2
0.20814446,5,rgb_sar,0,2
0.23537993,5,rgb_sar,0,2
0.386755,5,rgb_sar,0,2
0.39065358,5,rgb_sar,0,2
0.31171346,5,rgb_sar,0,2
0.31353107,5,rgb_sar,0,2
0.2797938,5,rgb_sar,0,2
0.26620054,5,rgb_sar,0,2
0.3254394,5,rgb_sar,0,2
0.32825086,5,rgb_sar,0,2
0.115678705,5,rgb_sar,0,2
0.16352235,5,rgb_sar,0,2
0.24830519,5,rgb_sar,0,2
0.25504005,5,rgb_sar,0,2
0.3126489,5,rgb_sar,0,2
0.29481632,5,rgb_sar,0,2
0.276998,5,rgb_sar,0,2
0.2737882,5,rgb_sar,0,2
0.28102854,5,rgb_sar,0,2
0.27079788,5,rgb_sar,0,2
0.19548933,5,rgb_sar,0,2
0.26922262,5,rgb_sar,0,2
0.29553735,5,rgb_sar,0,2
0.30379498,5,rgb_sar,0,2
0.34177226,5,rgb_sar,0,2
0.35673428,5,rgb_sar,0,2
0.3200073,5,rgb_sar,0,2
0.27223635,5,rgb_sar,0,2
0.3116625,5,rgb_sar,0,2
0.3466617,5,rgb_sar,0,2
0.3327451,5,rgb_sar,0,2
0.30259812,5,rgb_sar,0,2
0.34263676,5,rgb_sar,0,2
0.3635031,5,rgb_sar,0,2
0.33880657,5,rgb_sar,0,2
0.32620966,5,rgb_sar,0,2
0.38138217,5,rgb_sar,0,2
0.32535857,5,rgb_sar,0,2
0.393207,5,rgb_sar,0,2
0.2981053,5,rgb_sar,0,2
0.32457188,5,rgb_sar,0,2
0.3578992,5,rgb_sar,0,2
0.23747651,5,rgb_sar,0,2
0.3994249,5,rgb_sar,0,2
0.2764262,5,rgb_sar,0,2
0.45987248,5,rgb_sar,0,2
0.36303595,5,rgb_sar,0,2
0.31144243,5,rgb_sar,0,2
0.46599773,5,rgb_sar,0,2
0.38426757,5,rgb_sar,0,2
0.33858517,5,rgb_sar,0,2
0.3459993,5,rgb_sar,0,2
0.4408361,5,rgb_sar,0,2
0.33016455,5,rgb_sar,0,2
0.30628347,5,rgb_sar,0,2
0.3296878,5,rgb_sar,0,2
0.40257728,5,rgb_sar,0,2
0.28851926,5,rgb_sar,0,2
0.30948287,5,rgb_sar,0,2
0.35247743,5,rgb_sar,0,2
0.371741,5,rgb_sar,0,2
0.2732655,5,rgb_sar,0,2
0.2506701,5,rgb_sar,0,2
0.36655957,5,rgb_sar,0,2
0.2581532,5,rgb_sar,0,2
0.23842067,5,rgb_sar,0,2
0.24041247,5,rgb_sar,0,2
0.22360894,5,rgb_sar,0,2
0.23844472,5,rgb_sar,0,2
0.2458352,5,rgb_sar,0,2
0.16775405,1,rgb_sar,0,2
0.1695796,1,rgb_sar,0,2
0.1325028,1,rgb_sar,0,2
0.11523031,1,rgb_sar,0,2
0.03176386,1,rgb_sar,0,2
0.003983656,1,rgb_sar,0,2
0.04970092,1,rgb_sar,0,2
0.058344282,1,rgb_sar,0,2
0.115919344,1,rgb_sar,0,2
0.12382011,1,rgb_sar,0,2
0.21781152,1,rgb_sar,0,2
0.053878695,1,rgb_sar,0,2
0.06739017,1,rgb_sar,0,2
0.041754324,1,rgb_sar,0,2
0.05594547,1,rgb_sar,0,2
0.14675678,1,rgb_sar,0,2
0.19183609,1,rgb_sar,0,2
0.27379227,1,rgb_sar,0,2
0.13696694,1,rgb_sar,0,2
0.10257439,1,rgb_sar,0,2
0.17912644,1,rgb_sar,0,2
0.20691922,1,rgb_sar,0,2
0.21579587,1,rgb_sar,0,2
0.117183834,1,rgb_sar,0,2
0.11278298,1,rgb_sar,0,2
0.17544773,1,rgb_sar,0,2
0.17559966,1,rgb_sar,0,2
0.15990047,1,rgb_sar,0,2
0.0387489,1,rgb_sar,0,2
0.042049386,1,rgb_sar,0,2
0.14723548,1,rgb_sar,0,2
0.14644003,1,rgb_sar,0,2
0.13630737,1,rgb_sar,0,2
0.09299419,1,rgb_sar,0,2
0.09444229,1,rgb_sar,0,2
0.18949312,1,rgb_sar,0,2
0.21495079,1,rgb_sar,0,2
0.008676084,1,rgb_sar,0,2
0.027571443,1,rgb_sar,0,2
0.16550747,1,rgb_sar,0,2
0.2038957,1,rgb_sar,0,2
0.18071231,1,rgb_sar,0,2
0.1405474,1,rgb_sar,0,2
0.11403251,1,rgb_sar,0,2
0.19064759,1,rgb_sar,0,2
0.21728885,1,rgb_sar,0,2
0.06421065,1,rgb_sar,0,2
0.017947864,1,rgb_sar,0,2
0.13478827,1,rgb_sar,0,2
0.23031464,1,rgb_sar,0,2
0.14111231,1,rgb_sar,0,2
0.10437117,1,rgb_sar,0,2
0.09270744,1,rgb_sar,0,2
-0.038765796,1,rgb_sar,0,2
-0.0029604454,1,rgb_sar,0,2
0.10201134,1,rgb_sar,0,2
0.19230422,1,rgb_sar,0,2
0.16089079,1,rgb_sar,0,2
0.123653874,1,rgb_sar,0,2
0.08328353,1,rgb_sar,0,2
0.058629945,1,rgb_sar,0,2
0.069032855,1,rgb_sar,0,2
0.060136687,1,rgb_sar,0,2
0.06293005,1,rgb_sar,0,2
0.17180488,1,rgb_sar,0,2
0.20757091,1,rgb_sar,0,2
0.13644445,1,rgb_sar,0,2
0.18819705,1,rgb_sar,0,2
0.03972166,1,rgb_sar,0,2
0.065187745,1,rgb_sar,0,2
0.13583773,1,rgb_sar,0,2
0.17357507,1,rgb_sar,0,2
0.1704219,1,rgb_sar,0,2
0.18438515,1,rgb_sar,0,2
0.11164775,1,rgb_sar,0,2
0.22122785,1,rgb_sar,0,2
0.10460237,1,rgb_sar,0,2
0.1185994,1,rgb_sar,0,2
0.18809715,1,rgb_sar,0,2
0.18227977,1,rgb_sar,0,2
0.23378986,1,rgb_sar,0,2
0.18335545,1,rgb_sar,0,2
0.16448039,1,rgb_sar,0,2
0.22691624,1,rgb_sar,0,2
0.20711495,1,rgb_sar,0,2
0.22809732,1,rgb_sar,0,2
0.1465007,1,rgb_sar,0,2
0.2329511,1,rgb_sar,0,2
0.050276197,1,rgb_sar,0,2
0.04677704,1,rgb_sar,0,2
0.10300214,1,rgb_sar,0,2
0.15557474,1,rgb_sar,0,2
0.13930807,1,rgb_sar,0,2
0.20041099,1,rgb_sar,0,2
0.27058113,1,rgb_sar,0,2
0.08402946,1,rgb_sar,0,2
0.09009187,1,rgb_sar,0,2
0.1281951,1,rgb_sar,0,2
0.2113488,1,rgb_sar,0,2
0.22491404,1,rgb_sar,0,2
0.2290723,1,rgb_sar,0,2
0.27213082,1,rgb_sar,0,2
0.20470312,1,rgb_sar,0,2
0.25301933,1,rgb_sar,0,2
0.22298,1,rgb_sar,0,2
0.21049835,1,rgb_sar,0,2
0.18524583,1,rgb_sar,0,2
0.19121966,1,rgb_sar,0,2
0.22265606,1,rgb_sar,0,2
0.22796911,1,rgb_sar,0,2
0.20831725,1,rgb_sar,0,2
0.15477458,1,rgb_sar,0,2
0.06267268,1,rgb_sar,0,2
0.10346918,1,rgb_sar,0,2
0.16469264,1,rgb_sar,0,2
0.15765017,1,rgb_sar,0,2
0.14438999,1,rgb_sar,0,2
0.18321773,1,rgb_sar,0,2
0.17279568,1,rgb_sar,0,2
0.1080635,1,rgb_sar,0,2
0.17767495,1,rgb_sar,0,2
0.022465546,1,rgb_sar,0,2
0.10464482,1,rgb_sar,0,2
0.19227871,1,rgb_sar,0,2
0.2185657,1,rgb_sar,0,2
0.22865185,1,rgb_sar,0,2
0.20852274,1,rgb_sar,0,2
0.18153189,1,rgb_sar,0,2
0.1611155,1,rgb_sar,0,2
0.19089605,1,rgb_sar,0,2
0.0933236,1,rgb_sar,0,2
0.09070442,1,rgb_sar,0,2
0.13990052,1,rgb_sar,0,2
0.22670475,1,rgb_sar,0,2
0.2272213,1,rgb_sar,0,2
0.24664818,1,rgb_sar,0,2
0.1661695,1,rgb_sar,0,2
0.0500401,1,rgb_sar,0,2
0.08066848,1,rgb_sar,0,2
0.15540329,1,rgb_sar,0,2
0.24742237,1,rgb_sar,0,2
0.24301764,1,rgb_sar,0,2
0.21785681,1,rgb_sar,0,2
0.17841966,1,rgb_sar,0,2
0.09147081,1,rgb_sar,0,2
0.14610374,1,rgb_sar,0,2
0.07151446,1,rgb_sar,0,2
0.05571539,1,rgb_sar,0,2
0.19835618,1,rgb_sar,0,2
0.17873819,1,rgb_sar,0,2
0.18274096,1,rgb_sar,0,2
0.23669066,1,rgb_sar,0,2
0.13707097,1,rgb_sar,0,2
0.1264261,1,rgb_sar,0,2
0.12748323,1,rgb_sar,0,2
0.15778133,1,rgb_sar,0,2
0.21571109,1,rgb_sar,0,2
0.20908965,1,rgb_sar,0,2
0.17346628,1,rgb_sar,0,2
0.20625792,1,rgb_sar,0,2
0.10894834,1,rgb_sar,0,2
0.09630166,1,rgb_sar,0,2
0.14293073,1,rgb_sar,0,2
0.2515216,1,rgb_sar,0,2
0.21270826,1,rgb_sar,0,2
0.21931191,1,rgb_sar,0,2
0.10343231,1,rgb_sar,0,2
0.18018544,1,rgb_sar,0,2
0.47117132,4,rgb_sar,0,2
0.36600977,4,rgb_sar,0,2
0.32361495,4,rgb_sar,0,2
0.31676066,4,rgb_sar,0,2
0.26983565,4,rgb_sar,0,2
0.22321007,4,rgb_sar,0,2
0.16705477,4,rgb_sar,0,2
0.20768563,4,rgb_sar,0,2
0.24314736,4,rgb_sar,0,2
0.269089,4,rgb_sar,0,2
0.31008697,4,rgb_sar,0,2
0.30488014,4,rgb_sar,0,2
0.27410054,4,rgb_sar,0,2
0.30299795,4,rgb_sar,0,2
0.2574414,4,rgb_sar,0,2
0.26092303,4,rgb_sar,0,2
0.10776807,4,rgb_sar,0,2
0.03371293,4,rgb_sar,0,2
0.13045953,4,rgb_sar,0,2
0.15568106,4,rgb_sar,0,2
0.16052449,4,rgb_sar,0,2
0.14376026,4,rgb_sar,0,2
0.15542851,4,rgb_sar,0,2
0.090541616,4,rgb_sar,0,2
0.14961955,4,rgb_sar,0,2
0.09139092,4,rgb_sar,0,2
0.115341395,4,rgb_sar,0,2
0.1310642,4,rgb_sar,0,2
0.08439281,4,rgb_sar,0,2
0.1382128,4,rgb_sar,0,2
0.12235424,4,rgb_sar,0,2
0.12624362,4,rgb_sar,0,2
0.06199295,4,rgb_sar,0,2
0.0790066,4,rgb_sar,0,2
0.030347215,4,rgb_sar,0,2
0.06236913,4,rgb_sar,0,2
0.06592132,4,rgb_sar,0,2
-0.006401915,4,rgb_sar,0,2
0.15473677,4,rgb_sar,0,2
0.12379171,4,rgb_sar,0,2
0.120104425,4,rgb_sar,0,2
0.070791304,4,rgb_sar,0,2
0.33249032,4,rgb_sar,0,2
0.299107,4,rgb_sar,0,2
0.26970467,4,rgb_sar,0,2
0.30622086,4,rgb_sar,0,2
0.29775205,4,rgb_sar,0,2
0.2924316,4,rgb_sar,0,2
0.26486266,4,rgb_sar,0,2
0.27240965,4,rgb_sar,0,2
0.23503211,4,rgb_sar,0,2
0.22526264,4,rgb_sar,0,2
0.2662381,4,rgb_sar,0,2
0.22574297,4,rgb_sar,0,2
0.15065017,4,rgb_sar,0,2
0.14942548,4,rgb_sar,0,2
0.116199985,4,rgb_sar,0,2
0.117439926,4,rgb_sar,0,2
0.069912046,4,rgb_sar,0,2
0.08180921,4,rgb_sar,0,2
0.092736885,4,rgb_sar,0,2
0.111798495,4,rgb_sar,0,2
0.20470001,4,rgb_sar,0,2
0.16890237,4,rgb_sar,0,2
0.100428626,4,rgb_sar,0,2
0.107704386,4,rgb_sar,0,2
0.09114842,4,rgb_sar,0,2
0.07449925,4,rgb_sar,0,2
0.0044829138,4,rgb_sar,0,2
0.029890632,4,rgb_sar,0,2
0.04140992,4,rgb_sar,0,2
-0.032106146,4,rgb_sar,0,2
0.19217277,4,rgb_sar,0,2
0.15212826,4,rgb_sar,0,2
0.21145687,5,rgb_sar,0,2
0.07377794,5,rgb_sar,0,2
0.033722866,5,rgb_sar,0,2
0.12751846,5,rgb_sar,0,2
0.147185,5,rgb_sar,0,2
0.16434354,5,rgb_sar,0,2
0.2301848,5,rgb_sar,0,2
0.23935474,5,rgb_sar,0,2
0.20150396,5,rgb_sar,0,2
0.17016053,5,rgb_sar,0,2
0.10358703,5,rgb_sar,0,2
0.04791078,5,rgb_sar,0,2
0.10599356,5,rgb_sar,0,2
0.07606855,5,rgb_sar,0,2
0.007483202,5,rgb_sar,0,2
0.12582296,5,rgb_sar,0,2
0.19555944,5,rgb_sar,0,2
0.15685973,5,rgb_sar,0,2
0.1302431,5,rgb_sar,0,2
0.082503006,5,rgb_sar,0,2
0.13132583,5,rgb_sar,0,2
0.087872,5,rgb_sar,0,2
0.05579541,5,rgb_sar,0,2
0.1548953,5,rgb_sar,0,2
0.23523763,5,rgb_sar,0,2
0.15838453,5,rgb_sar,0,2
0.13716087,5,rgb_sar,0,2
0.16728918,5,rgb_sar,0,2
0.10446297,5,rgb_sar,0,2
0.08691073,5,rgb_sar,0,2
0.10833966,5,rgb_sar,0,2
0.18122399,5,rgb_sar,0,2
0.2525615,5,rgb_sar,0,2
0.21087076,5,rgb_sar,0,2
0.2481984,5,rgb_sar,0,2
0.15343878,5,rgb_sar,0,2
0.24061397,5,rgb_sar,0,2
0.22702423,5,rgb_sar,0,2
0.18524902,5,rgb_sar,0,2
0.14485957,5,rgb_sar,0,2
0.20195964,5,rgb_sar,0,2
0.23203254,5,rgb_sar,0,2
0.206049,5,rgb_sar,0,2
0.22395384,5,rgb_sar,0,2
0.2539971,5,rgb_sar,0,2
0.2469563,5,rgb_sar,0,2
0.42459428,5,rgb_sar,0,2
0.14270356,5,rgb_sar,0,2
0.1652275,5,rgb_sar,0,2
0.12267278,5,rgb_sar,0,2
0.16063496,5,rgb_sar,0,2
0.19193259,5,rgb_sar,0,2
0.21804741,5,rgb_sar,0,2
0.24491625,5,rgb_sar,0,2
0.19296923,5,rgb_sar,0,2
0.18823904,5,rgb_sar,0,2
0.22291543,5,rgb_sar,0,2
0.2490232,5,rgb_sar,0,2
0.44177407,5,rgb_sar,0,2
0.18676353,5,rgb_sar,0,2
0.1533724,5,rgb_sar,0,2
0.16970563,5,rgb_sar,0,2
0.11353112,5,rgb_sar,0,2
0.14874306,5,rgb_sar,0,2
0.17342512,5,rgb_sar,0,2
0.20844355,5,rgb_sar,0,2
0.22737712,5,rgb_sar,0,2
0.16003615,5,rgb_sar,0,2
0.15483451,5,rgb_sar,0,2
0.16932574,5,rgb_sar,0,2
0.2378477,5,rgb_sar,0,2
0.43997115,5,rgb_sar,0,2
0.1842381,5,rgb_sar,0,2
0.1944483,5,rgb_sar,0,2
0.19730674,5,rgb_sar,0,2
0.16699295,5,rgb_sar,0,2
0.2551165,5,rgb_sar,0,2
0.24144596,5,rgb_sar,0,2
0.24264786,5,rgb_sar,0,2
0.23437205,5,rgb_sar,0,2
0.16174288,5,rgb_sar,0,2
0.16542563,5,rgb_sar,0,2
0.23465137,5,rgb_sar,0,2
0.4299196,5,rgb_sar,0,2
0.16818678,5,rgb_sar,0,2
0.19543077,5,rgb_sar,0,2
0.21453127,5,rgb_sar,0,2
0.16257003,5,rgb_sar,0,2
0.25663748,5,rgb_sar,0,2
0.26242748,5,rgb_sar,0,2
0.24245173,5,rgb_sar,0,2
0.19364455,5,rgb_sar,0,2
0.21536234,5,rgb_sar,0,2
0.2556119,5,rgb_sar,0,2
0.43712687,5,rgb_sar,0,2
0.2072199,5,rgb_sar,0,2
0.21356376,5,rgb_sar,0,2
0.16948488,5,rgb_sar,0,2
0.230952,5,rgb_sar,0,2
0.27389485,5,rgb_sar,0,2
0.43380457,5,rgb_sar,0,2
0.21663997,5,rgb_sar,0,2
0.26363808,5,rgb_sar,0,2
0.42018813,5,rgb_sar,0,2
0.26081848,5,rgb_sar,0,2
0.43397316,5,rgb_sar,0,2
0.4121812,5,rgb_sar,0,2
0.26773947,5,rgb_sar,0,2
0.14624369,5,rgb_sar,0,2
0.060672335,5,rgb_sar,0,2
0.040776424,5,rgb_sar,0,2
0.14962551,5,rgb_sar,0,2
0.15655823,5,rgb_sar,0,2
0.19826376,5,rgb_sar,0,2
0.17873758,5,rgb_sar,0,2
0.1606169,5,rgb_sar,0,2
0.10260564,5,rgb_sar,0,2
0.03342925,5,rgb_sar,0,2
-0.030701749,5,rgb_sar,0,2
0.0443793,5,rgb_sar,0,2
0.09388806,5,rgb_sar,0,2
0.07164207,5,rgb_sar,0,2
0.13370663,5,rgb_sar,0,2
0.20583947,5,rgb_sar,0,2
0.20556264,5,rgb_sar,0,2
0.08041059,5,rgb_sar,0,2
0.032526515,5,rgb_sar,0,2
-0.008995779,5,rgb_sar,0,2
0.08653423,5,rgb_sar,0,2
0.094740905,5,rgb_sar,0,2
0.15115371,5,rgb_sar,0,2
0.21873033,5,rgb_sar,0,2
0.2100341,5,rgb_sar,0,2
0.045160726,5,rgb_sar,0,2
0.0495627,5,rgb_sar,0,2
0.023073638,5,rgb_sar,0,2
0.026692247,5,rgb_sar,0,2
0.11013611,5,rgb_sar,0,2
0.19787951,5,rgb_sar,0,2
0.27237648,5,rgb_sar,0,2
0.25011146,5,rgb_sar,0,2
0.24230209,5,rgb_sar,0,2
0.12479179,5,rgb_sar,0,2
0.16557069,5,rgb_sar,0,2
0.17138049,5,rgb_sar,0,2
0.17132887,5,rgb_sar,0,2
0.20117846,5,rgb_sar,0,2
0.2541604,5,rgb_sar,0,2
0.28455952,5,rgb_sar,0,2
0.2685196,5,rgb_sar,0,2
0.27664375,5,rgb_sar,0,2
0.2594328,5,rgb_sar,0,2
0.26868647,5,rgb_sar,0,2
0.30048075,5,rgb_sar,0,2
0.25901765,5,rgb_sar,0,2
0.23249188,5,rgb_sar,0,2
0.22394775,5,rgb_sar,0,2
0.10341211,5,rgb_sar,0,2
0.16338691,5,rgb_sar,0,2
0.19662601,5,rgb_sar,0,2
0.23588884,5,rgb_sar,0,2
0.25410545,5,rgb_sar,0,2
0.2478601,5,rgb_sar,0,2
0.22792804,5,rgb_sar,0,2
0.1868255,5,rgb_sar,0,2
0.22376396,5,rgb_sar,0,2
0.29092982,5,rgb_sar,0,2
0.27990603,5,rgb_sar,0,2
0.26128235,5,rgb_sar,0,2
0.28486127,5,rgb_sar,0,2
0.28404436,5,rgb_sar,0,2
0.28217277,5,rgb_sar,0,2
0.19493425,5,rgb_sar,0,2
0.2124233,5,rgb_sar,0,2
0.2309532,5,rgb_sar,0,2
0.28268403,5,rgb_sar,0,2
0.29462546,5,rgb_sar,0,2
0.27086297,5,rgb_sar,0,2
0.25523394,5,rgb_sar,0,2
0.21604729,5,rgb_sar,0,2
0.2458532,5,rgb_sar,0,2
0.3372258,5,rgb_sar,0,2
0.31041694,5,rgb_sar,0,2
0.27858198,5,rgb_sar,0,2
0.20261315,5,rgb_sar,0,2
0.25761175,5,rgb_sar,0,2
0.2665776,5,rgb_sar,0,2
0.28928038,5,rgb_sar,0,2
0.28645477,5,rgb_sar,0,2
0.26176906,5,rgb_sar,0,2
0.33606502,5,rgb_sar,0,2
0.3364616,5,rgb_sar,0,2
0.2832584,5,rgb_sar,0,2
0.25300378,5,rgb_sar,0,2
0.28416568,5,rgb_sar,0,2
0.3141292,5,rgb_sar,0,2
0.3135254,5,rgb_sar,0,2
0.3328435,5,rgb_sar,0,2
0.3065386,5,rgb_sar,0,2
0.14641142,5,rgb_sar,0,2
0.18620603,5,rgb_sar,0,2
0.23194733,5,rgb_sar,0,2
0.27116895,5,rgb_sar,0,2
0.2933156,5,rgb_sar,0,2
0.23743735,5,rgb_sar,0,2
0.2934222,5,rgb_sar,0,2
0.33225858,5,rgb_sar,0,2
0.24669424,5,rgb_sar,0,2
0.28268313,5,rgb_sar,0,2
0.31100395,5,rgb_sar,0,2
0.3008681,5,rgb_sar,0,2
0.34066904,5,rgb_sar,0,2
0.32185227,5,rgb_sar,0,2
0.34948492,5,rgb_sar,0,2
0.20235354,5,rgb_sar,0,2
0.22592737,5,rgb_sar,0,2
0.2650692,5,rgb_sar,0,2
0.30261242,5,rgb_sar,0,2
0.29358497,5,rgb_sar,0,2
0.30829594,5,rgb_sar,0,2
0.29050773,5,rgb_sar,0,2
0.3039797,5,rgb_sar,0,2
0.28947532,5,rgb_sar,0,2
0.33218354,5,rgb_sar,0,2
0.20293128,5,rgb_sar,0,2
0.26917148,5,rgb_sar,0,2
0.28494278,5,rgb_sar,0,2
0.28225166,5,rgb_sar,0,2
0.31986907,5,rgb_sar,0,2
0.307665,5,rgb_sar,0,2
0.3297925,5,rgb_sar,0,2
0.29019666,5,rgb_sar,0,2
0.3327704,5,rgb_sar,0,2
0.29614952,5,rgb_sar,0,2
0.3224375,5,rgb_sar,0,2
0.29858136,5,rgb_sar,0,2
0.33699208,5,rgb_sar,0,2
0.28786483,5,rgb_sar,0,2
0.31105554,5,rgb_sar,0,2
0.29266685,5,rgb_sar,0,2
0.34197974,5,rgb_sar,0,2
0.3388381,5,rgb_sar,0,2
0.32438403,5,rgb_sar,0,2
0.29217046,5,rgb_sar,0,2
0.28421763,5,rgb_sar,0,2
0.34273982,5,rgb_sar,0,2
0.20974293,5,rgb_sar,0,2
0.36833647,5,rgb_sar,0,2
0.25125444,5,rgb_sar,0,2
0.41072774,5,rgb_sar,0,2
0.2948329,5,rgb_sar,0,2
0.266504,5,rgb_sar,0,2
0.3945976,5,rgb_sar,0,2
0.24636492,5,rgb_sar,0,2
0.30006266,5,rgb_sar,0,2
0.3551079,5,rgb_sar,0,2
0.4105789,5,rgb_sar,0,2
0.26583707,5,rgb_sar,0,2
0.32701114,5,rgb_sar,0,2
0.37205085,5,rgb_sar,0,2
0.41180652,5,rgb_sar,0,2
0.2984938,5,rgb_sar,0,2
0.3370347,5,rgb_sar,0,2
0.36289138,5,rgb_sar,0,2
0.41469818,5,rgb_sar,0,2
0.30722898,5,rgb_sar,0,2
0.31478673,5,rgb_sar,0,2
0.43199438,5,rgb_sar,0,2
0.31297925,5,rgb_sar,0,2
0.30152237,5,rgb_sar,0,2
0.30345947,5,rgb_sar,0,2
0.32185495,5,rgb_sar,0,2
0.2677148,5,rgb_sar,0,2
0.34284055,5,rgb_sar,0,2
0.1322204,1,rgb_sar,0,2
0.09319711,1,rgb_sar,0,2
0.17462027,1,rgb_sar,0,2
0.097852916,1,rgb_sar,0,2
0.11566108,1,rgb_sar,0,2
0.12039748,1,rgb_sar,0,2
0.12843055,1,rgb_sar,0,2
0.08666541,1,rgb_sar,0,2
0.13689017,1,rgb_sar,0,2
0.110122696,1,rgb_sar,0,2
0.2321561,1,rgb_sar,0,2
0.16432077,1,rgb_sar,0,2
0.12605335,1,rgb_sar,0,2
0.09655876,1,rgb_sar,0,2
0.100912645,1,rgb_sar,0,2
0.1331253,1,rgb_sar,0,2
0.09737277,1,rgb_sar,0,2
0.23890728,1,rgb_sar,0,2
0.15701392,1,rgb_sar,0,2
0.12799662,1,rgb_sar,0,2
0.18419926,1,rgb_sar,0,2
0.12286638,1,rgb_sar,0,2
0.14855532,1,rgb_sar,0,2
0.1481289,1,rgb_sar,0,2
0.10535821,1,rgb_sar,0,2
0.1586883,1,rgb_sar,0,2
0.090092294,1,rgb_sar,0,2
0.10580348,1,rgb_sar,0,2
0.0380662,1,rgb_sar,0,2
0.04500657,1,rgb_sar,0,2
0.17272145,1,rgb_sar,0,2
0.17415078,1,rgb_sar,0,2
0.16739187,1,rgb_sar,0,2
0.046669226,1,rgb_sar,0,2
0.07230835,1,rgb_sar,0,2
0.14283209,1,rgb_sar,0,2
0.08845001,1,rgb_sar,0,2
-0.01703798,1,rgb_sar,0,2
-0.035564646,1,rgb_sar,0,2
0.09773789,1,rgb_sar,0,2
0.15413415,1,rgb_sar,0,2
0.2032684,1,rgb_sar,0,2
0.07787846,1,rgb_sar,0,2
0.076600716,1,rgb_sar,0,2
0.12927428,1,rgb_sar,0,2
0.053521313,1,rgb_sar,0,2
0.076107256,1,rgb_sar,0,2
-0.0056067705,1,rgb_sar,0,2
0.027996805,1,rgb_sar,0,2
0.15492484,1,rgb_sar,0,2
0.08269069,1,rgb_sar,0,2
0.020190954,1,rgb_sar,0,2
0.07877401,1,rgb_sar,0,2
-0.021546422,1,rgb_sar,0,2
-0.003246311,1,rgb_sar,0,2
0.07141127,1,rgb_sar,0,2
0.096654266,1,rgb_sar,0,2
0.055665582,1,rgb_sar,0,2
-0.023037277,1,rgb_sar,0,2
-0.0070550917,1,rgb_sar,0,2
0.24411117,1,rgb_sar,0,2
0.16974643,1,rgb_sar,0,2
0.09541218,1,rgb_sar,0,2
0.13442579,1,rgb_sar,0,2
0.071177125,1,rgb_sar,0,2
0.10197155,1,rgb_sar,0,2
0.09532272,1,rgb_sar,0,2
0.086813435,1,rgb_sar,0,2
0.073303916,1,rgb_sar,0,2
0.039460696,1,rgb_sar,0,2
0.13531297,1,rgb_sar,0,2
0.23100998,1,rgb_sar,0,2
0.08882807,1,rgb_sar,0,2
0.12760009,1,rgb_sar,0,2
0.13845477,1,rgb_sar,0,2
0.1111974,1,rgb_sar,0,2
-0.0210782,1,rgb_sar,0,2
-0.0065343175,1,rgb_sar,0,2
0.07688959,1,rgb_sar,0,2
0.123642966,1,rgb_sar,0,2
0.14371347,1,rgb_sar,0,2
0.18281627,1,rgb_sar,0,2
0.15584114,1,rgb_sar,0,2
0.17724699,1,rgb_sar,0,2
0.17555991,1,rgb_sar,0,2
0.1419862,1,rgb_sar,0,2
0.21311492,1,rgb_sar,0,2
0.16272691,1,rgb_sar,0,2
0.10548197,1,rgb_sar,0,2
0.07162827,1,rgb_sar,0,2
0.16663358,1,rgb_sar,0,2
0.13413477,1,rgb_sar,0,2
0.19944787,1,rgb_sar,0,2
0.21240184,1,rgb_sar,0,2
0.26546985,1,rgb_sar,0,2
0.21366319,1,rgb_sar,0,2
0.15000114,1,rgb_sar,0,2
0.14685488,1,rgb_sar,0,2
0.13827881,1,rgb_sar,0,2
0.18493393,1,rgb_sar,0,2
0.19300249,1,rgb_sar,0,2
0.23811616,1,rgb_sar,0,2
0.33144924,1,rgb_sar,0,2
0.3005077,1,rgb_sar,0,2
0.21125782,1,rgb_sar,0,2
0.17657271,1,rgb_sar,0,2
0.20050502,1,rgb_sar,0,2
0.2934143,1,rgb_sar,0,2
0.31230295,1,rgb_sar,0,2
0.2822947,1,rgb_sar,0,2
0.2470747,1,rgb_sar,0,2
0.21328856,1,rgb_sar,0,2
0.05831273,1,rgb_sar,0,2
0.054734997,1,rgb_sar,0,2
0.15629356,1,rgb_sar,0,2
0.2046299,1,rgb_sar,0,2
0.26451272,1,rgb_sar,0,2
0.19509149,1,rgb_sar,0,2
0.13431454,1,rgb_sar,0,2
0.10867225,1,rgb_sar,0,2
0.11879355,1,rgb_sar,0,2
0.012245553,1,rgb_sar,0,2
0.039258543,1,rgb_sar,0,2
0.11341758,1,rgb_sar,0,2
0.21411979,1,rgb_sar,0,2
0.29253244,1,rgb_sar,0,2
0.20454416,1,rgb_sar,0,2
0.041311897,1,rgb_sar,0,2
0.019584544,1,rgb_sar,0,2
0.11345814,1,rgb_sar,0,2
0.12546335,1,rgb_sar,0,2
0.11479914,1,rgb_sar,0,2
0.13417967,1,rgb_sar,0,2
0.19408433,1,rgb_sar,0,2
0.23332155,1,rgb_sar,0,2
0.1733934,1,rgb_sar,0,2
0.11398267,1,rgb_sar,0,2
0.030784685,1,rgb_sar,0,2
0.07379709,1,rgb_sar,0,2
0.1498293,1,rgb_sar,0,2
0.23197526,1,rgb_sar,0,2
0.23852465,1,rgb_sar,0,2
0.13062593,1,rgb_sar,0,2
0.042454693,1,rgb_sar,0,2
0.06638582,1,rgb_sar,0,2
0.107883394,1,rgb_sar,0,2
0.05282992,1,rgb_sar,0,2
0.043329168,1,rgb_sar,0,2
0.18696313,1,rgb_sar,0,2
0.15251246,1,rgb_sar,0,2
0.038554322,1,rgb_sar,0,2
0.08542214,1,rgb_sar,0,2
0.09586294,1,rgb_sar,0,2
0.08211982,1,rgb_sar,0,2
0.0731605,1,rgb_sar,0,2
0.078945056,1,rgb_sar,0,2
0.16248372,1,rgb_sar,0,2
0.15937176,1,rgb_sar,0,2
0.08667043,1,rgb_sar,0,2
0.13051495,1,rgb_sar,0,2
0.04741703,1,rgb_sar,0,2
0.10760981,1,rgb_sar,0,2
0.1772027,1,rgb_sar,0,2
0.19017772,1,rgb_sar,0,2
0.21014729,1,rgb_sar,0,2
0.19702783,1,rgb_sar,0,2
0.11568896,1,rgb_sar,0,2
0.14713767,1,rgb_sar,0,2
0.3546266,1,rgb_sar,0,2
0.38486516,1,rgb_sar,0,2
0.39038372,1,rgb_sar,0,2
0.389605,1,rgb_sar,0,2
0.3918657,1,rgb_sar,0,2
0.3861606,1,rgb_sar,0,2
0.38369316,1,rgb_sar,0,2
0.40566415,1,rgb_sar,0,2
0.3840849,1,rgb_sar,0,2
0.3472332,1,rgb_sar,0,2
0.38186485,1,rgb_sar,0,2
0.37635142,1,rgb_sar,0,2
0.36092848,1,rgb_sar,0,2
0.38690653,1,rgb_sar,0,2
0.3912346,1,rgb_sar,0,2
0.37723303,1,rgb_sar,0,2
0.33719498,1,rgb_sar,0,2
0.471079,1,rgb_sar,0,2
0.38332903,1,rgb_sar,0,2
0.368683,1,rgb_sar,0,2
0.37033552,1,rgb_sar,0,2
0.38396376,1,rgb_sar,0,2
0.37510753,1,rgb_sar,0,2
0.38161242,1,rgb_sar,0,2
0.3481369,1,rgb_sar,0,2
0.4638673,1,rgb_sar,0,2
0.46333498,1,rgb_sar,0,2
0.41351253,1,rgb_sar,0,2
0.36318296,1,rgb_sar,0,2
0.34171706,1,rgb_sar,0,2
0.32320747,1,rgb_sar,0,2
0.3213378,1,rgb_sar,0,2
0.34276074,1,rgb_sar,0,2
0.34507215,1,rgb_sar,0,2
0.3336285,1,rgb_sar,0,2
0.4548614,1,rgb_sar,0,2
0.46805042,1,rgb_sar,0,2
0.38401705,1,rgb_sar,0,2
0.34336123,1,rgb_sar,0,2
0.31206775,1,rgb_sar,0,2
0.27399808,1,rgb_sar,0,2
0.27150506,1,rgb_sar,0,2
0.31417376,1,rgb_sar,0,2
0.3237762,1,rgb_sar,0,2
0.31992984,1,rgb_sar,0,2
0.44721892,1,rgb_sar,0,2
0.32796162,1,rgb_sar,0,2
0.28854132,1,rgb_sar,0,2
0.1959886,1,rgb_sar,0,2
0.18438913,1,rgb_sar,0,2
0.23606458,1,rgb_sar,0,2
0.24144667,1,rgb_sar,0,2
0.30087006,1,rgb_sar,0,2
0.41676426,1,rgb_sar,0,2
0.2363292,1,rgb_sar,0,2
0.19035132,1,rgb_sar,0,2
0.19021612,1,rgb_sar,0,2
0.26630616,1,rgb_sar,0,2
0.2654328,1,rgb_sar,0,2
0.30444366,1,rgb_sar,0,2
0.43247217,1,rgb_sar,0,2
0.2718887,1,rgb_sar,0,2
0.27394745,1,rgb_sar,0,2
0.33180588,1,rgb_sar,0,2
0.3272758,1,rgb_sar,0,2
0.29871762,1,rgb_sar,0,2
0.4111417,1,rgb_sar,0,2
0.28664413,1,rgb_sar,0,2
0.35620207,1,rgb_sar,0,2
0.32505265,1,rgb_sar,0,2
0.28723228,1,rgb_sar,0,2
0.4534348,1,rgb_sar,0,2
0.29012746,1,rgb_sar,0,2
0.29029146,1,rgb_sar,0,2
0.2965138,1,rgb_sar,0,2
0.4238469,1,rgb_sar,0,2
0.27048683,1,rgb_sar,0,2
0.27182126,1,rgb_sar,0,2
0.39026725,1,rgb_sar,0,2
0.28219277,1,rgb_sar,0,2
0.41975623,1,rgb_sar,0,2
0.37098277,1,rgb_sar,0,2
0.33232594,1,rgb_sar,0,2
0.3351241,1,rgb_sar,0,2
0.41773814,1,rgb_sar,0,2
0.37066758,1,rgb_sar,0,2
0.38158625,1,rgb_sar,0,2
0.38050723,1,rgb_sar,0,2
0.3352392,1,rgb_sar,0,2
0.35373187,1,rgb_sar,0,2
0.38214144,1,rgb_sar,0,2
0.33048496,1,rgb_sar,0,2
0.40972543,1,rgb_sar,0,2
0.40763927,1,rgb_sar,0,2
0.3385953,1,rgb_sar,0,2
0.37649912,1,rgb_sar,0,2
0.3983663,1,rgb_sar,0,2
0.36637652,1,rgb_sar,0,2
0.38712215,1,rgb_sar,0,2
0.40418452,1,rgb_sar,0,2
0.3513475,1,rgb_sar,0,2
0.39757186,1,rgb_sar,0,2
0.43396986,1,rgb_sar,0,2
0.43409026,1,rgb_sar,0,2
0.3752874,1,rgb_sar,0,2
0.38640708,1,rgb_sar,0,2
0.4169987,1,rgb_sar,0,2
0.40572006,1,rgb_sar,0,2
0.40515506,1,rgb_sar,0,2
0.38553798,1,rgb_sar,0,2
0.40870398,1,rgb_sar,0,2
0.39917892,1,rgb_sar,0,2
0.35629386,1,rgb_sar,0,2
0.39062655,1,rgb_sar,0,2
0.43595526,1,rgb_sar,0,2
0.43819404,1,rgb_sar,0,2
0.40279326,1,rgb_sar,0,2
0.4032615,1,rgb_sar,0,2
0.40263933,1,rgb_sar,0,2
0.41461205,1,rgb_sar,0,2
0.40147963,1,rgb_sar,0,2
0.41180894,1,rgb_sar,0,2
0.41475442,1,rgb_sar,0,2
0.43753305,1,rgb_sar,0,2
0.40984315,1,rgb_sar,0,2
0.38825995,1,rgb_sar,0,2
0.35968328,1,rgb_sar,0,2
0.38142067,1,rgb_sar,0,2
0.39422297,1,rgb_sar,0,2
0.34854048,1,rgb_sar,0,2
0.37885052,1,rgb_sar,0,2
0.44004035,1,rgb_sar,0,2
0.43914777,1,rgb_sar,0,2
0.37965637,1,rgb_sar,0,2
0.37337744,1,rgb_sar,0,2
0.38832963,1,rgb_sar,0,2
0.40454638,1,rgb_sar,0,2
0.39879975,1,rgb_sar,0,2
0.41064203,1,rgb_sar,0,2
0.39405254,1,rgb_sar,0,2
0.3789159,1,rgb_sar,0,2
0.42286578,1,rgb_sar,0,2
0.4362839,1,rgb_sar,0,2
0.4058474,1,rgb_sar,0,2
0.3764154,1,rgb_sar,0,2
0.37113768,1,rgb_sar,0,2
0.34711033,1,rgb_sar,0,2
0.36156932,1,rgb_sar,0,2
0.3684637,1,rgb_sar,0,2
0.34819013,1,rgb_sar,0,2
0.38079792,1,rgb_sar,0,2
0.43121296,1,rgb_sar,0,2
0.40936568,1,rgb_sar,0,2
0.3717687,1,rgb_sar,0,2
0.3828181,1,rgb_sar,0,2
0.40795264,1,rgb_sar,0,2
0.4180885,1,rgb_sar,0,2
0.38636836,1,rgb_sar,0,2
0.40301725,1,rgb_sar,0,2
0.42766643,1,rgb_sar,0,2
0.419199,1,rgb_sar,0,2
0.36525482,1,rgb_sar,0,2
0.33567256,1,rgb_sar,0,2
0.33005947,1,rgb_sar,0,2
0.32369852,1,rgb_sar,0,2
0.33763653,1,rgb_sar,0,2
0.3441247,1,rgb_sar,0,2
0.3320435,1,rgb_sar,0,2
0.36078805,1,rgb_sar,0,2
0.40090376,1,rgb_sar,0,2
0.37517425,1,rgb_sar,0,2
0.36236775,1,rgb_sar,0,2
0.38078287,1,rgb_sar,0,2
0.398304,1,rgb_sar,0,2
0.40168273,1,rgb_sar,0,2
0.39628103,1,rgb_sar,0,2
0.3857176,1,rgb_sar,0,2
0.4156228,1,rgb_sar,0,2
0.31916618,1,rgb_sar,0,2
0.29075718,1,rgb_sar,0,2
0.22746283,1,rgb_sar,0,2
0.23134156,1,rgb_sar,0,2
0.28599012,1,rgb_sar,0,2
0.2825212,1,rgb_sar,0,2
0.31147805,1,rgb_sar,0,2
0.34366328,1,rgb_sar,0,2
0.33125365,1,rgb_sar,0,2
0.32363087,1,rgb_sar,0,2
0.3152529,1,rgb_sar,0,2
0.32150662,1,rgb_sar,0,2
0.34034908,1,rgb_sar,0,2
0.25082782,1,rgb_sar,0,2
0.16279839,1,rgb_sar,0,2
0.1558628,1,rgb_sar,0,2
0.20724538,1,rgb_sar,0,2
0.21529151,1,rgb_sar,0,2
0.26157546,1,rgb_sar,0,2
0.32627043,1,rgb_sar,0,2
0.32221198,1,rgb_sar,0,2
0.31954375,1,rgb_sar,0,2
0.2923681,1,rgb_sar,0,2
0.2666598,1,rgb_sar,0,2
0.27860743,1,rgb_sar,0,2
0.18207058,1,rgb_sar,0,2
0.1899998,1,rgb_sar,0,2
0.22348924,1,rgb_sar,0,2
0.23189753,1,rgb_sar,0,2
0.2694748,1,rgb_sar,0,2
0.35549402,1,rgb_sar,0,2
0.35903692,1,rgb_sar,0,2
0.3592161,1,rgb_sar,0,2
0.28373718,1,rgb_sar,0,2
0.24151714,1,rgb_sar,0,2
0.25548413,1,rgb_sar,0,2
0.30699566,1,rgb_sar,0,2
0.35482144,1,rgb_sar,0,2
0.20766109,1,rgb_sar,0,2
0.23475748,1,rgb_sar,0,2
0.2361009,1,rgb_sar,0,2
0.25771025,1,rgb_sar,0,2
0.33128682,1,rgb_sar,0,2
0.33701128,1,rgb_sar,0,2
0.34717095,1,rgb_sar,0,2
0.28925645,1,rgb_sar,0,2
0.254229,1,rgb_sar,0,2
0.27173012,1,rgb_sar,0,2
0.31006312,1,rgb_sar,0,2
0.31787327,1,rgb_sar,0,2
0.3117295,1,rgb_sar,0,2
0.31718865,1,rgb_sar,0,2
0.28037435,1,rgb_sar,0,2
0.34224528,1,rgb_sar,0,2
0.33146775,1,rgb_sar,0,2
0.33829767,1,rgb_sar,0,2
0.29639983,1,rgb_sar,0,2
0.26795286,1,rgb_sar,0,2
0.29114878,1,rgb_sar,0,2
0.32478526,1,rgb_sar,0,2
0.37541884,1,rgb_sar,0,2
0.32782075,1,rgb_sar,0,2
0.2812395,1,rgb_sar,0,2
0.34713233,1,rgb_sar,0,2
0.3234269,1,rgb_sar,0,2
0.34652463,1,rgb_sar,0,2
0.3166092,1,rgb_sar,0,2
0.30941686,1,rgb_sar,0,2
0.3192147,1,rgb_sar,0,2
0.32417157,1,rgb_sar,0,2
0.40342715,1,rgb_sar,0,2
0.30927226,1,rgb_sar,0,2
0.3503638,1,rgb_sar,0,2
0.3465523,1,rgb_sar,0,2
0.33513027,1,rgb_sar,0,2
0.38279343,1,rgb_sar,0,2
0.36706617,1,rgb_sar,0,2
0.33497536,1,rgb_sar,0,2
0.39344314,1,rgb_sar,0,2
0.3651136,1,rgb_sar,0,2
0.35967654,1,rgb_sar,0,2
0.3760004,1,rgb_sar,0,2
0.39389354,1,rgb_sar,0,2
0.3391607,1,rgb_sar,0,2
0.39916697,1,rgb_sar,0,2
0.4262532,1,rgb_sar,0,2
0.39851698,1,rgb_sar,0,2
0.42337298,1,rgb_sar,0,2
0.37351114,1,rgb_sar,0,2
0.43958756,1,rgb_sar,0,2
0.36651397,1,rgb_sar,0,2
0.33035043,1,rgb_sar,0,2
0.3735178,1,rgb_sar,0,2
0.37286913,1,rgb_sar,0,2
0.37767726,1,rgb_sar,0,2
0.36961406,1,rgb_sar,0,2
0.3733541,1,rgb_sar,0,2
0.3766581,1,rgb_sar,0,2
0.44400942,1,rgb_sar,0,2
0.37513095,1,rgb_sar,0,2
0.3369761,1,rgb_sar,0,2
0.3796608,1,rgb_sar,0,2
0.37191805,1,rgb_sar,0,2
0.38719833,1,rgb_sar,0,2
0.37308857,1,rgb_sar,0,2
0.391285,1,rgb_sar,0,2
0.3961415,1,rgb_sar,0,2
0.3708903,1,rgb_sar,0,2
0.44468108,1,rgb_sar,0,2
0.37452802,1,rgb_sar,0,2
0.31832045,1,rgb_sar,0,2
0.3612873,1,rgb_sar,0,2
0.3504594,1,rgb_sar,0,2
0.35342652,1,rgb_sar,0,2
0.33814976,1,rgb_sar,0,2
0.3805546,1,rgb_sar,0,2
0.4518078,1,rgb_sar,0,2
0.39041066,1,rgb_sar,0,2
0.32777613,1,rgb_sar,0,2
0.35701644,1,rgb_sar,0,2
0.36256164,1,rgb_sar,0,2
0.36149427,1,rgb_sar,0,2
0.35106897,1,rgb_sar,0,2
0.3679021,1,rgb_sar,0,2
0.37220722,1,rgb_sar,0,2
0.42369586,1,rgb_sar,0,2
0.3610643,1,rgb_sar,0,2
0.285155,1,rgb_sar,0,2
0.30420172,1,rgb_sar,0,2
0.33678025,1,rgb_sar,0,2
0.40781212,1,rgb_sar,0,2
0.31486064,1,rgb_sar,0,2
0.27435592,1,rgb_sar,0,2
0.30219594,1,rgb_sar,0,2
0.33944288,1,rgb_sar,0,2
0.39862785,1,rgb_sar,0,2
0.29554573,1,rgb_sar,0,2
0.23811862,1,rgb_sar,0,2
0.29186618,1,rgb_sar,0,2
0.31100494,1,rgb_sar,0,2
0.34713587,1,rgb_sar,0,2
0.38019073,1,rgb_sar,0,2
0.41316205,1,rgb_sar,0,2
0.3079021,1,rgb_sar,0,2
0.2324104,1,rgb_sar,0,2
0.22854573,1,rgb_sar,0,2
0.24501105,1,rgb_sar,0,2
0.31164825,1,rgb_sar,0,2
0.35554278,1,rgb_sar,0,2
0.42944694,1,rgb_sar,0,2
0.30551413,1,rgb_sar,0,2
0.24120182,1,rgb_sar,0,2
0.2354253,1,rgb_sar,0,2
0.19055441,1,rgb_sar,0,2
0.25986257,1,rgb_sar,0,2
0.33403265,1,rgb_sar,0,2
0.42751065,1,rgb_sar,0,2
0.3260702,1,rgb_sar,0,2
0.30922648,1,rgb_sar,0,2
0.28510925,1,rgb_sar,0,2
0.23599903,1,rgb_sar,0,2
0.2619881,1,rgb_sar,0,2
0.31978428,1,rgb_sar,0,2
0.43897542,1,rgb_sar,0,2
0.31682307,4,rgb_sar,0,2
0.2992285,4,rgb_sar,0,2
0.23474716,4,rgb_sar,0,2
0.26376262,4,rgb_sar,0,2
0.20445475,4,rgb_sar,0,2
0.2162453,4,rgb_sar,0,2
0.26868516,4,rgb_sar,0,2
0.30435923,4,rgb_sar,0,2
0.15038568,4,rgb_sar,0,2
0.27895635,4,rgb_sar,0,2
0.20496473,4,rgb_sar,0,2
0.20159593,4,rgb_sar,0,2
0.28750998,4,rgb_sar,0,2
0.2772647,4,rgb_sar,0,2
0.1622346,4,rgb_sar,0,2
0.25982916,4,rgb_sar,0,2
0.18108839,4,rgb_sar,0,2
0.21327782,4,rgb_sar,0,2
0.26676264,4,rgb_sar,0,2
0.2536816,4,rgb_sar,0,2
0.19388327,4,rgb_sar,0,2
0.19379857,4,rgb_sar,0,2
0.21395183,4,rgb_sar,0,2
0.22023349,4,rgb_sar,0,2
0.21594663,4,rgb_sar,0,2
0.21191162,4,rgb_sar,0,2
0.30743277,4,rgb_sar,0,2
0.2811628,4,rgb_sar,0,2
0.15855756,4,rgb_sar,0,2
0.22702512,4,rgb_sar,0,2
0.21064293,4,rgb_sar,0,2
0.19218796,4,rgb_sar,0,2
0.18686128,4,rgb_sar,0,2
0.21440026,4,rgb_sar,0,2
0.20902154,4,rgb_sar,0,2
0.2674719,4,rgb_sar,0,2
0.26359332,4,rgb_sar,0,2
0.19594519,4,rgb_sar,0,2
0.18581477,4,rgb_sar,0,2
0.19721779,4,rgb_sar,0,2
0.16887227,4,rgb_sar,0,2
0.22347867,4,rgb_sar,0,2
0.21182948,4,rgb_sar,0,2
0.13693328,4,rgb_sar,0,2
0.20656075,4,rgb_sar,0,2
0.21663997,4,rgb_sar,0,2
0.17548801,4,rgb_sar,0,2
0.22883138,4,rgb_sar,0,2
0.23873805,4,rgb_sar,0,2
0.19024296,4,rgb_sar,0,2
0.25733334,4,rgb_sar,0,2
0.2555938,4,rgb_sar,0,2
0.17254683,4,rgb_sar,0,2
0.18078947,4,rgb_sar,0,2
0.21546218,4,rgb_sar,0,2
0.229185,4,rgb_sar,0,2
0.2829747,4,rgb_sar,0,2
0.3156544,4,rgb_sar,0,2
0.30716962,4,rgb_sar,0,2
0.28490347,4,rgb_sar,0,2
0.21440957,4,rgb_sar,0,2
0.16834009,4,rgb_sar,0,2
0.2241818,4,rgb_sar,0,2
0.24795198,4,rgb_sar,0,2
0.2882325,4,rgb_sar,0,2
0.28874308,4,rgb_sar,0,2
0.28364787,4,rgb_sar,0,2
0.26705262,4,rgb_sar,0,2
0.32608745,4,rgb_sar,0,2
0.24961571,4,rgb_sar,0,2
0.21578205,4,rgb_sar,0,2
0.2920847,4,rgb_sar,0,2
0.26876304,4,rgb_sar,0,2
0.30405098,4,rgb_sar,0,2
0.31939146,4,rgb_sar,0,2
0.277965,4,rgb_sar,0,2
0.20884074,4,rgb_sar,0,2
0.23079671,4,rgb_sar,0,2
0.20022261,4,rgb_sar,0,2
0.18367973,4,rgb_sar,0,2
0.16782947,4,rgb_sar,0,2
0.16616939,4,rgb_sar,0,2
0.18432295,4,rgb_sar,0,2
0.21080142,4,rgb_sar,0,2
0.17311884,4,rgb_sar,0,2
0.20489624,4,rgb_sar,0,2
0.17770956,4,rgb_sar,0,2
0.16152206,4,rgb_sar,0,2
0.19579537,4,rgb_sar,0,2
0.20827997,4,rgb_sar,0,2
0.18234992,4,rgb_sar,0,2
0.21811149,4,rgb_sar,0,2
0.19750223,4,rgb_sar,0,2
0.22636724,4,rgb_sar,0,2
0.22379988,4,rgb_sar,0,2
0.18834776,4,rgb_sar,0,2
0.12345809,4,rgb_sar,0,2
0.18394993,4,rgb_sar,0,2
0.2633213,4,rgb_sar,0,2
0.24382997,4,rgb_sar,0,2
0.21303245,4,rgb_sar,0,2
0.18733238,4,rgb_sar,0,2
0.26282993,4,rgb_sar,0,2
0.23660965,4,rgb_sar,0,2
0.1277874,4,rgb_sar,0,2
0.14949068,4,rgb_sar,0,2
0.17237025,4,rgb_sar,0,2
0.25572884,4,rgb_sar,0,2
0.22961341,4,rgb_sar,0,2
0.19145332,4,rgb_sar,0,2
0.15080097,4,rgb_sar,0,2
0.2078339,4,rgb_sar,0,2
0.24864127,4,rgb_sar,0,2
0.16318403,4,rgb_sar,0,2
0.22451827,4,rgb_sar,0,2
0.25400975,4,rgb_sar,0,2
0.19993897,4,rgb_sar,0,2
0.18306431,4,rgb_sar,0,2
0.17464043,4,rgb_sar,0,2
0.11244045,4,rgb_sar,0,2
0.1332363,4,rgb_sar,0,2
0.17747527,4,rgb_sar,0,2
0.19798563,4,rgb_sar,0,2
0.27154785,4,rgb_sar,0,2
0.27806258,4,rgb_sar,0,2
0.20588893,4,rgb_sar,0,2
0.18542081,4,rgb_sar,0,2
0.18192656,4,rgb_sar,0,2
0.12968531,4,rgb_sar,0,2
0.17631684,4,rgb_sar,0,2
0.21877308,4,rgb_sar,0,2
0.26157576,4,rgb_sar,0,2
0.29265368,4,rgb_sar,0,2
0.27982593,4,rgb_sar,0,2
0.2324408,4,rgb_sar,0,2
0.2235096,4,rgb_sar,0,2
0.19837478,4,rgb_sar,0,2
0.17099369,4,rgb_sar,0,2
0.26222575,4,rgb_sar,0,2
0.28191075,4,rgb_sar,0,2
0.27848244,4,rgb_sar,0,2
0.3143372,4,rgb_sar,0,2
0.3048721,4,rgb_sar,0,2
0.33151963,4,rgb_sar,0,2
0.331611,4,rgb_sar,0,2
0.26348656,4,rgb_sar,0,2
0.23741645,4,rgb_sar,0,2
0.2810998,4,rgb_sar,0,2
0.3104769,4,rgb_sar,0,2
0.31130219,4,rgb_sar,0,2
0.2928456,4,rgb_sar,0,2
0.24462593,4,rgb_sar,0,2
0.39954743,1,rgb_sar,0,2
0.4108573,1,rgb_sar,0,2
0.4061793,1,rgb_sar,0,2
0.42367947,1,rgb_sar,0,2
0.3976575,1,rgb_sar,0,2
0.3910357,1,rgb_sar,0,2
0.42516887,1,rgb_sar,0,2
0.398838,1,rgb_sar,0,2
0.41574514,1,rgb_sar,0,2
0.39904147,1,rgb_sar,0,2
0.4220065,1,rgb_sar,0,2
0.4203946,1,rgb_sar,0,2
0.46486554,1,rgb_sar,0,2
0.45101377,1,rgb_sar,0,2
0.3978896,1,rgb_sar,0,2
0.41729105,1,rgb_sar,0,2
0.40973654,1,rgb_sar,0,2
0.5020713,1,rgb_sar,0,2
0.41725692,1,rgb_sar,0,2
0.44957563,1,rgb_sar,0,2
0.49167156,1,rgb_sar,0,2
0.4201631,1,rgb_sar,0,2
0.37448,1,rgb_sar,0,2
0.38319775,1,rgb_sar,0,2
0.39356735,1,rgb_sar,0,2
0.4963253,1,rgb_sar,0,2
0.39462847,1,rgb_sar,0,2
0.36051714,1,rgb_sar,0,2
0.39076644,1,rgb_sar,0,2
0.3792491,1,rgb_sar,0,2
0.41948926,1,rgb_sar,0,2
0.3642647,1,rgb_sar,0,2
0.34120852,1,rgb_sar,0,2
0.34989107,1,rgb_sar,0,2
0.38777077,1,rgb_sar,0,2
0.4977547,1,rgb_sar,0,2
0.41582966,1,rgb_sar,0,2
0.37683427,1,rgb_sar,0,2
0.3907168,1,rgb_sar,0,2
0.3739913,1,rgb_sar,0,2
0.35243568,1,rgb_sar,0,2
0.3145425,1,rgb_sar,0,2
0.3043985,1,rgb_sar,0,2
0.3259364,1,rgb_sar,0,2
0.38745278,1,rgb_sar,0,2
0.49386713,1,rgb_sar,0,2
0.3401934,1,rgb_sar,0,2
0.31516367,1,rgb_sar,0,2
0.2052991,1,rgb_sar,0,2
0.16551618,1,rgb_sar,0,2
0.2232456,1,rgb_sar,0,2
0.2564162,1,rgb_sar,0,2
0.33443257,1,rgb_sar,0,2
0.45512724,1,rgb_sar,0,2
0.2744444,1,rgb_sar,0,2
0.22180825,1,rgb_sar,0,2
0.19159885,1,rgb_sar,0,2
0.22036424,1,rgb_sar,0,2
0.2408191,1,rgb_sar,0,2
0.31221724,1,rgb_sar,0,2
0.4276336,1,rgb_sar,0,2
0.21876124,1,rgb_sar,0,2
0.19434433,1,rgb_sar,0,2
0.21642733,1,rgb_sar,0,2
0.21650054,1,rgb_sar,0,2
0.2676008,1,rgb_sar,0,2
0.37746018,1,rgb_sar,0,2
0.20190996,1,rgb_sar,0,2
0.26402837,1,rgb_sar,0,2
0.26775867,1,rgb_sar,0,2
0.3111502,1,rgb_sar,0,2
0.39786035,1,rgb_sar,0,2
0.371841,1,rgb_sar,0,2
0.31709865,1,rgb_sar,0,2
0.26089188,1,rgb_sar,0,2
0.37336418,1,rgb_sar,0,2
0.26631632,1,rgb_sar,0,2
0.24922922,1,rgb_sar,0,2
0.38349324,1,rgb_sar,0,2
0.36590856,1,rgb_sar,0,2
0.4837859,1,rgb_sar,0,2
0.38321438,1,rgb_sar,0,2
0.39081496,1,rgb_sar,0,2
0.40087086,1,rgb_sar,0,2
0.423444,1,rgb_sar,0,2
0.41750348,1,rgb_sar,0,2
0.41683578,1,rgb_sar,0,2
0.4188003,1,rgb_sar,0,2
0.4091804,1,rgb_sar,0,2
0.45438826,1,rgb_sar,0,2
0.42548513,1,rgb_sar,0,2
0.47259355,1,rgb_sar,0,2
0.41893935,1,rgb_sar,0,2
0.46471,1,rgb_sar,0,2
0.454637,1,rgb_sar,0,2
0.45386147,1,rgb_sar,0,2
0.44238394,1,rgb_sar,0,2
0.42755622,1,rgb_sar,0,2
0.47724137,1,rgb_sar,0,2
0.4589572,1,rgb_sar,0,2
0.49567547,1,rgb_sar,0,2
0.45986432,1,rgb_sar,0,2
0.44212934,1,rgb_sar,0,2
0.46262878,1,rgb_sar,0,2
0.46251246,1,rgb_sar,0,2
0.4435699,1,rgb_sar,0,2
0.41679338,1,rgb_sar,0,2
0.4149009,1,rgb_sar,0,2
0.4337141,1,rgb_sar,0,2
0.4489391,1,rgb_sar,0,2
0.4997688,1,rgb_sar,0,2
0.4694919,1,rgb_sar,0,2
0.48524886,1,rgb_sar,0,2
0.47561023,1,rgb_sar,0,2
0.48559895,1,rgb_sar,0,2
0.5000901,1,rgb_sar,0,2
0.4688622,1,rgb_sar,0,2
0.50195813,1,rgb_sar,0,2
0.4887544,1,rgb_sar,0,2
0.4999331,1,rgb_sar,0,2
0.44397533,1,rgb_sar,0,2
0.44737232,1,rgb_sar,0,2
0.4561345,1,rgb_sar,0,2
0.42049098,1,rgb_sar,0,2
0.40710407,1,rgb_sar,0,2
0.42935246,1,rgb_sar,0,2
0.42978433,1,rgb_sar,0,2
0.4385593,1,rgb_sar,0,2
0.41991746,1,rgb_sar,0,2
0.5035895,1,rgb_sar,0,2
0.5116777,1,rgb_sar,0,2
0.49255756,1,rgb_sar,0,2
0.49001837,1,rgb_sar,0,2
0.45035154,1,rgb_sar,0,2
0.46722865,1,rgb_sar,0,2
0.47617316,1,rgb_sar,0,2
0.4962305,1,rgb_sar,0,2
0.46086454,1,rgb_sar,0,2
0.4638682,1,rgb_sar,0,2
0.45714992,1,rgb_sar,0,2
0.4428358,1,rgb_sar,0,2
0.45706406,1,rgb_sar,0,2
0.42511594,1,rgb_sar,0,2
0.33458042,1,rgb_sar,0,2
0.3210317,1,rgb_sar,0,2
0.36465138,1,rgb_sar,0,2
0.34265572,1,rgb_sar,0,2
0.39708108,1,rgb_sar,0,2
0.4066149,1,rgb_sar,0,2
0.4382283,1,rgb_sar,0,2
0.43703407,1,rgb_sar,0,2
0.43914065,1,rgb_sar,0,2
0.43973,1,rgb_sar,0,2
0.42856795,1,rgb_sar,0,2
0.4335525,1,rgb_sar,0,2
0.4376637,1,rgb_sar,0,2
0.48919353,1,rgb_sar,0,2
0.49910676,1,rgb_sar,0,2
0.4697075,1,rgb_sar,0,2
0.43498832,1,rgb_sar,0,2
0.35085154,1,rgb_sar,0,2
0.2711094,1,rgb_sar,0,2
0.2814902,1,rgb_sar,0,2
0.33305627,1,rgb_sar,0,2
0.30447742,1,rgb_sar,0,2
0.38092065,1,rgb_sar,0,2
0.3825873,1,rgb_sar,0,2
0.3966958,1,rgb_sar,0,2
0.39672786,1,rgb_sar,0,2
0.40204996,1,rgb_sar,0,2
0.4202528,1,rgb_sar,0,2
0.4052543,1,rgb_sar,0,2
0.41760543,1,rgb_sar,0,2
0.4297615,1,rgb_sar,0,2
0.43484265,1,rgb_sar,0,2
0.4454093,1,rgb_sar,0,2
0.43838376,1,rgb_sar,0,2
0.43915322,1,rgb_sar,0,2
0.22312686,1,rgb_sar,0,2
0.23874229,1,rgb_sar,0,2
0.2135386,1,rgb_sar,0,2
0.20098437,1,rgb_sar,0,2
0.25964838,1,rgb_sar,0,2
0.2694381,1,rgb_sar,0,2
0.34955418,1,rgb_sar,0,2
0.35597333,1,rgb_sar,0,2
0.37465224,1,rgb_sar,0,2
0.38390803,1,rgb_sar,0,2
0.35298467,1,rgb_sar,0,2
0.3764465,1,rgb_sar,0,2
0.4319691,1,rgb_sar,0,2
0.21950638,1,rgb_sar,0,2
0.20655058,1,rgb_sar,0,2
0.18693158,1,rgb_sar,0,2
0.24405745,1,rgb_sar,0,2
0.23726214,1,rgb_sar,0,2
0.28378215,1,rgb_sar,0,2
0.31333578,1,rgb_sar,0,2
0.3469267,1,rgb_sar,0,2
0.36453226,1,rgb_sar,0,2
0.31322944,1,rgb_sar,0,2
0.33075583,1,rgb_sar,0,2
0.36945838,1,rgb_sar,0,2
0.2631315,1,rgb_sar,0,2
0.23449068,1,rgb_sar,0,2
0.28453323,1,rgb_sar,0,2
0.2833082,1,rgb_sar,0,2
0.27834535,1,rgb_sar,0,2
0.2843206,1,rgb_sar,0,2
0.31013817,1,rgb_sar,0,2
0.33229476,1,rgb_sar,0,2
0.2875681,1,rgb_sar,0,2
0.2689265,1,rgb_sar,0,2
0.30372533,1,rgb_sar,0,2
0.36596715,1,rgb_sar,0,2
0.49549064,1,rgb_sar,0,2
0.26290584,1,rgb_sar,0,2
0.33610752,1,rgb_sar,0,2
0.31664088,1,rgb_sar,0,2
0.29407352,1,rgb_sar,0,2
0.28571025,1,rgb_sar,0,2
0.31057978,1,rgb_sar,0,2
0.31363848,1,rgb_sar,0,2
0.27299637,1,rgb_sar,0,2
0.24632135,1,rgb_sar,0,2
0.27664846,1,rgb_sar,0,2
0.33139312,1,rgb_sar,0,2
0.43993485,1,rgb_sar,0,2
0.30581057,1,rgb_sar,0,2
0.28936547,1,rgb_sar,0,2
0.25871655,1,rgb_sar,0,2
0.26821595,1,rgb_sar,0,2
0.29919648,1,rgb_sar,0,2
0.2952174,1,rgb_sar,0,2
0.2349402,1,rgb_sar,0,2
0.15972239,1,rgb_sar,0,2
0.1933716,1,rgb_sar,0,2
0.28597867,1,rgb_sar,0,2
0.3596404,1,rgb_sar,0,2
0.29125434,1,rgb_sar,0,2
0.29370803,1,rgb_sar,0,2
0.28679976,1,rgb_sar,0,2
0.29112655,1,rgb_sar,0,2
0.26343292,1,rgb_sar,0,2
0.21494602,1,rgb_sar,0,2
0.20611948,1,rgb_sar,0,2
0.2551027,1,rgb_sar,0,2
0.34331957,1,rgb_sar,0,2
0.35490623,1,rgb_sar,0,2
0.33835864,1,rgb_sar,0,2
0.34639123,1,rgb_sar,0,2
0.3542109,1,rgb_sar,0,2
0.45148093,1,rgb_sar,0,2
0.44552538,1,rgb_sar,0,2
0.43628138,1,rgb_sar,0,2
0.48426998,1,rgb_sar,0,2
0.46894455,1,rgb_sar,0,2
0.45535392,1,rgb_sar,0,2
0.48576128,1,rgb_sar,0,2
0.45926818,1,rgb_sar,0,2
0.46174574,1,rgb_sar,0,2
0.46382982,1,rgb_sar,0,2
0.4608704,1,rgb_sar,0,2
0.4774527,1,rgb_sar,0,2
0.47256678,1,rgb_sar,0,2
0.48671415,1,rgb_sar,0,2
0.49793178,1,rgb_sar,0,2
0.5196757,1,rgb_sar,0,2
0.46255338,1,rgb_sar,0,2
0.4261883,1,rgb_sar,0,2
0.44237238,1,rgb_sar,0,2
0.469247,1,rgb_sar,0,2
0.47254288,1,rgb_sar,0,2
0.50026816,1,rgb_sar,0,2
0.5000386,1,rgb_sar,0,2
0.5124226,1,rgb_sar,0,2
0.5023705,1,rgb_sar,0,2
0.43245143,1,rgb_sar,0,2
0.43969417,1,rgb_sar,0,2
0.4371449,1,rgb_sar,0,2
0.45869905,1,rgb_sar,0,2
0.46362525,1,rgb_sar,0,2
0.48861718,1,rgb_sar,0,2
0.4684469,1,rgb_sar,0,2
0.47419158,1,rgb_sar,0,2
0.47139305,1,rgb_sar,0,2
0.4905529,1,rgb_sar,0,2
0.41850522,1,rgb_sar,0,2
0.42246753,1,rgb_sar,0,2
0.40693042,1,rgb_sar,0,2
0.4328754,1,rgb_sar,0,2
0.43071312,1,rgb_sar,0,2
0.45727322,1,rgb_sar,0,2
0.4316489,1,rgb_sar,0,2
0.48885837,1,rgb_sar,0,2
0.40315157,1,rgb_sar,0,2
0.3996069,1,rgb_sar,0,2
0.38133338,1,rgb_sar,0,2
0.40593013,1,rgb_sar,0,2
0.40826443,1,rgb_sar,0,2
0.42623037,1,rgb_sar,0,2
0.4109857,1,rgb_sar,0,2
0.45585483,1,rgb_sar,0,2
0.446626,1,rgb_sar,0,2
0.3602866,1,rgb_sar,0,2
0.34450412,1,rgb_sar,0,2
0.35466993,1,rgb_sar,0,2
0.4345012,1,rgb_sar,0,2
0.44411266,1,rgb_sar,0,2
0.3441761,1,rgb_sar,0,2
0.2925609,1,rgb_sar,0,2
0.35277873,1,rgb_sar,0,2
0.40355137,1,rgb_sar,0,2
0.43106756,1,rgb_sar,0,2
0.3175112,1,rgb_sar,0,2
0.248175,1,rgb_sar,0,2
0.29651052,1,rgb_sar,0,2
0.31460547,1,rgb_sar,0,2
0.3654552,1,rgb_sar,0,2
0.44062087,1,rgb_sar,0,2
0.41312695,1,rgb_sar,0,2
0.30859452,1,rgb_sar,0,2
0.21938635,1,rgb_sar,0,2
0.21095978,1,rgb_sar,0,2
0.25632674,1,rgb_sar,0,2
0.32842112,1,rgb_sar,0,2
0.44114327,1,rgb_sar,0,2
0.43423513,1,rgb_sar,0,2
0.33744955,1,rgb_sar,0,2
0.25859612,1,rgb_sar,0,2
0.24561566,1,rgb_sar,0,2
0.22750427,1,rgb_sar,0,2
0.2470498,1,rgb_sar,0,2
0.39417225,1,rgb_sar,0,2
0.4673125,1,rgb_sar,0,2
0.3604459,1,rgb_sar,0,2
0.29073557,1,rgb_sar,0,2
0.31218237,1,rgb_sar,0,2
0.30396044,1,rgb_sar,0,2
0.30931622,1,rgb_sar,0,2
0.40062672,1,rgb_sar,0,2
0.5104756,1,rgb_sar,0,2
0.19581154,4,rgb_sar,0,2
0.18901968,4,rgb_sar,0,2
0.26992875,4,rgb_sar,0,2
0.22449002,4,rgb_sar,0,2
0.21489732,4,rgb_sar,0,2
0.27677563,4,rgb_sar,0,2
0.2089206,4,rgb_sar,0,2
0.20936367,4,rgb_sar,0,2
0.2810611,4,rgb_sar,0,2
0.27698764,4,rgb_sar,0,2
0.31749135,4,rgb_sar,0,2
0.37093455,4,rgb_sar,0,2
0.27807015,4,rgb_sar,0,2
0.2515806,4,rgb_sar,0,2
0.24671727,4,rgb_sar,0,2
0.23565915,4,rgb_sar,0,2
0.26527366,4,rgb_sar,0,2
0.3091408,4,rgb_sar,0,2
0.2311241,4,rgb_sar,0,2
0.20734033,4,rgb_sar,0,2
0.30238974,4,rgb_sar,0,2
0.2458297,4,rgb_sar,0,2
0.22698897,4,rgb_sar,0,2
0.26373774,4,rgb_sar,0,2
0.25130963,4,rgb_sar,0,2
0.2449427,4,rgb_sar,0,2
0.16957542,4,rgb_sar,0,2
0.19201428,4,rgb_sar,0,2
0.089918256,4,rgb_sar,0,2
0.3548044,4,rgb_sar,0,2
0.29636955,4,rgb_sar,0,2
0.24243075,4,rgb_sar,0,2
0.27993718,4,rgb_sar,0,2
0.26509547,4,rgb_sar,0,2
0.23077446,4,rgb_sar,0,2
0.18452375,4,rgb_sar,0,2
0.20054281,4,rgb_sar,0,2
0.12504761,4,rgb_sar,0,2
0.3467412,4,rgb_sar,0,2
0.2864725,4,rgb_sar,0,2
0.20502642,4,rgb_sar,0,2
0.2302979,4,rgb_sar,0,2
0.23765275,4,rgb_sar,0,2
0.19810608,4,rgb_sar,0,2
0.18153709,4,rgb_sar,0,2
0.19253203,4,rgb_sar,0,2
0.13952343,4,rgb_sar,0,2
0.2930999,4,rgb_sar,0,2
0.2801026,4,rgb_sar,0,2
0.24578737,4,rgb_sar,0,2
0.2590414,4,rgb_sar,0,2
0.20262107,4,rgb_sar,0,2
0.19326067,4,rgb_sar,0,2
0.23411009,4,rgb_sar,0,2
0.20209482,4,rgb_sar,0,2
0.20215142,4,rgb_sar,0,2
0.28607726,4,rgb_sar,0,2
0.3022265,4,rgb_sar,0,2
0.28511643,4,rgb_sar,0,2
0.30388555,4,rgb_sar,0,2
0.24043645,4,rgb_sar,0,2
0.17176516,4,rgb_sar,0,2
0.23917755,4,rgb_sar,0,2
0.20980096,4,rgb_sar,0,2
0.22888774,4,rgb_sar,0,2
0.2950002,4,rgb_sar,0,2
0.29419112,4,rgb_sar,0,2
0.29745096,4,rgb_sar,0,2
0.3432378,4,rgb_sar,0,2
0.2835806,4,rgb_sar,0,2
0.22161436,4,rgb_sar,0,2
0.27063262,4,rgb_sar,0,2
0.33991146,4,rgb_sar,0,2
0.42702848,4,rgb_sar,0,2
0.41115662,4,rgb_sar,0,2
0.35821605,4,rgb_sar,0,2
0.22400694,4,rgb_sar,0,2
0.22169207,4,rgb_sar,0,2
0.23316224,4,rgb_sar,0,2
0.2095467,4,rgb_sar,0,2
0.13369885,4,rgb_sar,0,2
0.20644733,4,rgb_sar,0,2
0.21482024,4,rgb_sar,0,2
0.22905988,4,rgb_sar,0,2
0.18720338,4,rgb_sar,0,2
0.24637619,4,rgb_sar,0,2
0.18967322,4,rgb_sar,0,2
0.21168089,4,rgb_sar,0,2
0.23332772,4,rgb_sar,0,2
0.3049754,4,rgb_sar,0,2
0.24710566,4,rgb_sar,0,2
0.26877755,4,rgb_sar,0,2
0.26825345,4,rgb_sar,0,2
0.29276723,4,rgb_sar,0,2
0.2766369,4,rgb_sar,0,2
0.29163262,4,rgb_sar,0,2
0.2887655,4,rgb_sar,0,2
0.2787677,4,rgb_sar,0,2
0.26225922,4,rgb_sar,0,2
0.2804282,4,rgb_sar,0,2
0.36559144,4,rgb_sar,0,2
0.3271334,4,rgb_sar,0,2
0.28071138,4,rgb_sar,0,2
0.2930707,4,rgb_sar,0,2
0.17849182,4,rgb_sar,0,2
0.21684712,4,rgb_sar,0,2
0.21703815,4,rgb_sar,0,2
0.20905313,4,rgb_sar,0,2
0.24285334,4,rgb_sar,0,2
0.31740695,4,rgb_sar,0,2
0.32398793,4,rgb_sar,0,2
0.2696402,4,rgb_sar,0,2
0.26207408,4,rgb_sar,0,2
0.19787852,4,rgb_sar,0,2
0.19867921,4,rgb_sar,0,2
0.17544368,4,rgb_sar,0,2
0.18612963,4,rgb_sar,0,2
0.1786648,4,rgb_sar,0,2
0.1403141,4,rgb_sar,0,2
0.14519525,4,rgb_sar,0,2
0.2869863,4,rgb_sar,0,2
0.2768594,4,rgb_sar,0,2
0.20828271,4,rgb_sar,0,2
0.19231269,4,rgb_sar,0,2
0.17635778,4,rgb_sar,0,2
0.1826376,4,rgb_sar,0,2
0.19537291,4,rgb_sar,0,2
0.15422612,4,rgb_sar,0,2
0.14503196,4,rgb_sar,0,2
0.2691459,4,rgb_sar,0,2
0.3095278,4,rgb_sar,0,2
0.251401,4,rgb_sar,0,2
0.27528602,4,rgb_sar,0,2
0.24869788,4,rgb_sar,0,2
0.25957167,4,rgb_sar,0,2
0.30568784,4,rgb_sar,0,2
0.21522097,4,rgb_sar,0,2
0.13050793,4,rgb_sar,0,2
0.22476909,4,rgb_sar,0,2
0.24037577,4,rgb_sar,0,2
0.27695322,4,rgb_sar,0,2
0.27860713,4,rgb_sar,0,2
0.23613833,4,rgb_sar,0,2
0.24111356,4,rgb_sar,0,2
0.25584263,4,rgb_sar,0,2
0.17382893,4,rgb_sar,0,2
0.10182752,4,rgb_sar,0,2
0.2358245,4,rgb_sar,0,2
0.26032317,4,rgb_sar,0,2
0.26621908,4,rgb_sar,0,2
0.2444207,4,rgb_sar,0,2
0.19298443,4,rgb_sar,0,2
0.3018619,1,rgb_sar,0,2
0.19977823,1,rgb_sar,0,2
0.08058058,1,rgb_sar,0,2
0.047059216,1,rgb_sar,0,2
0.039880857,1,rgb_sar,0,2
0.3692321,1,rgb_sar,0,2
0.31199217,1,rgb_sar,0,2
0.3039317,1,rgb_sar,0,2
0.26880342,1,rgb_sar,0,2
0.21008755,1,rgb_sar,0,2
0.14934848,1,rgb_sar,0,2
0.48454344,1,rgb_sar,0,2
0.44149116,1,rgb_sar,0,2
0.45980066,1,rgb_sar,0,2
0.4279216,1,rgb_sar,0,2
0.38102174,1,rgb_sar,0,2
0.32364064,1,rgb_sar,0,2
0.2218501,1,rgb_sar,0,2
0.15017436,1,rgb_sar,0,2
0.080651924,1,rgb_sar,0,2
0.038497612,1,rgb_sar,0,2
0.057706114,1,rgb_sar,0,2
0.2725423,1,rgb_sar,0,2
0.24843593,1,rgb_sar,0,2
0.22230351,1,rgb_sar,0,2
0.19598193,1,rgb_sar,0,2
0.20245591,1,rgb_sar,0,2
0.13233827,1,rgb_sar,0,2
0.38736874,1,rgb_sar,0,2
0.38301325,1,rgb_sar,0,2
0.38921952,1,rgb_sar,0,2
0.37171006,1,rgb_sar,0,2
0.38490552,1,rgb_sar,0,2
0.28909832,1,rgb_sar,0,2
0.019490475,3,rgb_sar,0,2
-0.081149235,3,rgb_sar,0,2
0.047125235,3,rgb_sar,0,2
0.19416377,3,rgb_sar,0,2
0.15295368,3,rgb_sar,0,2
-0.09532432,3,rgb_sar,0,2
-0.124918945,3,rgb_sar,0,2
0.041433636,3,rgb_sar,0,2
-0.012501542,3,rgb_sar,0,2
-0.107906446,3,rgb_sar,0,2
0.03864661,3,rgb_sar,0,2
0.13343728,3,rgb_sar,0,2
-0.029252585,3,rgb_sar,0,2
-0.025445465,3,rgb_sar,0,2
0.24910192,3,rgb_sar,0,2
0.20927393,3,rgb_sar,0,2
-0.005155908,3,rgb_sar,0,2
-0.13029334,3,rgb_sar,0,2
-0.06919429,3,rgb_sar,0,2
0.08972504,3,rgb_sar,0,2
0.0959043,3,rgb_sar,0,2
0.1579313,3,rgb_sar,0,2
-0.040807314,3,rgb_sar,0,2
0.25951537,3,rgb_sar,0,2
0.3474378,3,rgb_sar,0,2
0.074847795,3,rgb_sar,0,2
-0.099359944,3,rgb_sar,0,2
-0.07813176,3,rgb_sar,0,2
-0.012232923,3,rgb_sar,0,2
0.1137551,3,rgb_sar,0,2
0.08287788,3,rgb_sar,0,2
0.07864289,3,rgb_sar,0,2
-0.071217895,3,rgb_sar,0,2
-0.1533589,3,rgb_sar,0,2
0.24466747,3,rgb_sar,0,2
0.2185539,3,rgb_sar,0,2
-0.041658293,3,rgb_sar,0,2
-0.08575801,3,rgb_sar,0,2
0.0043411627,3,rgb_sar,0,2
0.09774854,3,rgb_sar,0,2
0.14406861,3,rgb_sar,0,2
0.040862054,3,rgb_sar,0,2
-0.045314446,3,rgb_sar,0,2
-0.024247628,3,rgb_sar,0,2
-0.0067240233,3,rgb_sar,0,2
0.025636934,3,rgb_sar,0,2
0.042795245,3,rgb_sar,0,2
-0.04217477,3,rgb_sar,0,2
-0.057690036,3,rgb_sar,0,2
-0.058711104,3,rgb_sar,0,2
0.12954542,3,rgb_sar,0,2
0.250982,3,rgb_sar,0,2
0.021037579,3,rgb_sar,0,2
0.069199346,3,rgb_sar,0,2
0.28608254,3,rgb_sar,0,2
0.2547986,3,rgb_sar,0,2
0.007237997,3,rgb_sar,0,2
-0.0128657725,3,rgb_sar,0,2
-0.065337345,3,rgb_sar,0,2
-0.02378825,3,rgb_sar,0,2
0.078988075,3,rgb_sar,0,2
0.30350426,3,rgb_sar,0,2
0.32071084,3,rgb_sar,0,2
0.11163762,3,rgb_sar,0,2
0.24868393,3,rgb_sar,0,2
0.37393242,3,rgb_sar,0,2
0.20864308,3,rgb_sar,0,2
-0.008565823,3,rgb_sar,0,2
-0.053958997,3,rgb_sar,0,2
0.004716268,3,rgb_sar,0,2
0.122920595,3,rgb_sar,0,2
0.32328844,3,rgb_sar,0,2
0.41016603,3,rgb_sar,0,2
0.19372867,3,rgb_sar,0,2
0.03601405,3,rgb_sar,0,2
0.121564515,3,rgb_sar,0,2
-0.08651879,3,rgb_sar,0,2
0.03457136,3,rgb_sar,0,2
0.17945379,3,rgb_sar,0,2
0.2822333,3,rgb_sar,0,2
0.38664016,3,rgb_sar,0,2
0.26830065,3,rgb_sar,0,2
0.04086732,3,rgb_sar,0,2
-0.06392645,3,rgb_sar,0,2
-0.0137295695,3,rgb_sar,0,2
0.38970575,3,rgb_sar,0,2
0.4679571,3,rgb_sar,0,2
0.41890335,3,rgb_sar,0,2
0.20149863,3,rgb_sar,0,2
0.46002892,3,rgb_sar,0,2
0.4754705,3,rgb_sar,0,2
0.43341672,3,rgb_sar,0,2
0.33849,3,rgb_sar,0,2
0.15463665,3,rgb_sar,0,2
-0.036076635,3,rgb_sar,0,2
0.099730834,3,rgb_sar,0,2
0.22769919,3,rgb_sar,0,2
0.10588996,3,rgb_sar,0,2
-0.06850286,3,rgb_sar,0,2
-0.011598032,3,rgb_sar,0,2
0.22900616,3,rgb_sar,0,2
0.1140973,3,rgb_sar,0,2
-0.053684544,3,rgb_sar,0,2
-0.0076686274,3,rgb_sar,0,2
0.05109141,3,rgb_sar,0,2
-0.040291566,3,rgb_sar,0,2
-0.008736474,3,rgb_sar,0,2
0.2891935,3,rgb_sar,0,2
0.090985596,3,rgb_sar,0,2
-0.06145837,3,rgb_sar,0,2
-0.031741932,3,rgb_sar,0,2
0.14170411,3,rgb_sar,0,2
0.11090508,3,rgb_sar,0,2
0.05831869,3,rgb_sar,0,2
-0.052677616,3,rgb_sar,0,2
0.23107654,3,rgb_sar,0,2
-0.037376635,3,rgb_sar,0,2
-0.03932111,3,rgb_sar,0,2
0.022948619,3,rgb_sar,0,2
0.21021765,3,rgb_sar,0,2
0.13011715,3,rgb_sar,0,2
0.033214398,3,rgb_sar,0,2
-0.050640576,3,rgb_sar,0,2
-0.077663235,3,rgb_sar,0,2
0.17414296,3,rgb_sar,0,2
0.016576642,3,rgb_sar,0,2
-0.0475667,3,rgb_sar,0,2
0.08421936,3,rgb_sar,0,2
0.2206481,3,rgb_sar,0,2
0.09942499,3,rgb_sar,0,2
-0.02849326,3,rgb_sar,0,2
0.013584756,3,rgb_sar,0,2
0.03917833,3,rgb_sar,0,2
0.13619015,3,rgb_sar,0,2
-0.01471237,3,rgb_sar,0,2
-0.066704385,3,rgb_sar,0,2
0.09041665,3,rgb_sar,0,2
0.30766556,3,rgb_sar,0,2
0.11660893,3,rgb_sar,0,2
0.027632797,3,rgb_sar,0,2
0.27819857,3,rgb_sar,0,2
0.31246048,3,rgb_sar,0,2
0.12898853,3,rgb_sar,0,2
-0.011584979,3,rgb_sar,0,2
0.014293379,3,rgb_sar,0,2
0.23950098,3,rgb_sar,0,2
0.33047643,3,rgb_sar,0,2
0.14124332,3,rgb_sar,0,2
0.1510882,3,rgb_sar,0,2
0.33576763,3,rgb_sar,0,2
0.25255448,3,rgb_sar,0,2
0.20720108,3,rgb_sar,0,2
0.14082217,3,rgb_sar,0,2
0.32397562,3,rgb_sar,0,2
0.43321562,3,rgb_sar,0,2
0.19164012,3,rgb_sar,0,2
0.013828692,3,rgb_sar,0,2
0.028716352,3,rgb_sar,0,2
0.30974686,3,rgb_sar,0,2
0.34512648,3,rgb_sar,0,2
0.38510725,3,rgb_sar,0,2
0.28032053,3,rgb_sar,0,2
0.0015777494,3,rgb_sar,0,2
-0.09905654,3,rgb_sar,0,2
-0.065338835,3,rgb_sar,0,2
0.57510763,3,rgb_sar,0,2
0.49692187,3,rgb_sar,0,2
0.38106424,3,rgb_sar,0,2
0.20613201,3,rgb_sar,0,2
0.65327954,3,rgb_sar,0,2
0.5848471,3,rgb_sar,0,2
0.43105984,3,rgb_sar,0,2
0.31012094,3,rgb_sar,0,2
0.5592887,1,rgb_sar,0,2
0.55757505,1,rgb_sar,0,2
0.4064526,1,rgb_sar,0,2
0.53153515,1,rgb_sar,0,2
0.3762284,1,rgb_sar,0,2
0.53441674,1,rgb_sar,0,2
0.3891127,1,rgb_sar,0,2
0.39277238,1,rgb_sar,0,2
0.5425924,1,rgb_sar,0,2
0.36574268,1,rgb_sar,0,2
0.3745342,1,rgb_sar,0,2
0.38437003,1,rgb_sar,0,2
0.55398357,1,rgb_sar,0,2
0.37727726,1,rgb_sar,0,2
0.38940442,1,rgb_sar,0,2
0.41175464,1,rgb_sar,0,2
0.5639096,1,rgb_sar,0,2
0.39763656,1,rgb_sar,0,2
0.36913273,1,rgb_sar,0,2
0.4031304,1,rgb_sar,0,2
0.5728613,1,rgb_sar,0,2
0.47503173,1,rgb_sar,0,2
0.43055028,1,rgb_sar,0,2
0.44025496,1,rgb_sar,0,2
0.4614055,1,rgb_sar,0,2
0.5929675,1,rgb_sar,0,2
0.4881361,1,rgb_sar,0,2
0.37622237,1,rgb_sar,0,2
0.40767062,1,rgb_sar,0,2
0.42818862,1,rgb_sar,0,2
0.56239104,1,rgb_sar,0,2
0.5521437,1,rgb_sar,0,2
0.56872284,1,rgb_sar,0,2
0.44091362,1,rgb_sar,0,2
0.4343404,1,rgb_sar,0,2
0.44864416,1,rgb_sar,0,2
0.44940606,1,rgb_sar,0,2
0.41725677,1,rgb_sar,0,2
0.4109624,1,rgb_sar,0,2
0.39022538,1,rgb_sar,0,2
0.39514858,1,rgb_sar,0,2
0.42666647,1,rgb_sar,0,2
0.42648786,1,rgb_sar,0,2
0.4100701,1,rgb_sar,0,2
0.40105236,1,rgb_sar,0,2
0.3941138,1,rgb_sar,0,2
0.4125684,1,rgb_sar,0,2
0.3704337,1,rgb_sar,0,2
0.43154305,1,rgb_sar,0,2
0.43112457,1,rgb_sar,0,2
0.410828,1,rgb_sar,0,2
0.39558208,1,rgb_sar,0,2
0.41241494,1,rgb_sar,0,2
0.42058948,1,rgb_sar,0,2
0.42433313,1,rgb_sar,0,2
0.38220128,1,rgb_sar,0,2
0.4233256,1,rgb_sar,0,2
0.4103759,1,rgb_sar,0,2
0.35882753,1,rgb_sar,0,2
0.3745149,1,rgb_sar,0,2
0.41413617,1,rgb_sar,0,2
0.43197703,1,rgb_sar,0,2
0.46156746,1,rgb_sar,0,2
0.4525965,1,rgb_sar,0,2
0.4322317,1,rgb_sar,0,2
0.39572147,1,rgb_sar,0,2
0.4176829,1,rgb_sar,0,2
0.40347075,1,rgb_sar,0,2
0.37517214,1,rgb_sar,0,2
0.37523788,1,rgb_sar,0,2
0.42166612,1,rgb_sar,0,2
0.40368998,1,rgb_sar,0,2
0.39602816,1,rgb_sar,0,2
0.47496754,1,rgb_sar,0,2
0.46012533,1,rgb_sar,0,2
0.451059,1,rgb_sar,0,2
0.4082014,1,rgb_sar,0,2
0.46961963,1,rgb_sar,0,2
0.4787052,1,rgb_sar,0,2
0.44448,1,rgb_sar,0,2
0.43338415,1,rgb_sar,0,2
0.39230454,1,rgb_sar,0,2
0.38279924,1,rgb_sar,0,2
0.34471506,1,rgb_sar,0,2
0.45846117,1,rgb_sar,0,2
0.45452014,1,rgb_sar,0,2
0.4100775,1,rgb_sar,0,2
0.3893454,1,rgb_sar,0,2
0.45215568,1,rgb_sar,0,2
0.4665212,1,rgb_sar,0,2
0.44451296,1,rgb_sar,0,2
0.40874946,1,rgb_sar,0,2
0.36944556,1,rgb_sar,0,2
0.3741057,1,rgb_sar,0,2
0.45834416,1,rgb_sar,0,2
0.5025032,1,rgb_sar,0,2
0.5073737,1,rgb_sar,0,2
0.5185768,1,rgb_sar,0,2
0.47909135,1,rgb_sar,0,2
0.4667182,1,rgb_sar,0,2
0.46615365,1,rgb_sar,0,2
0.4295228,1,rgb_sar,0,2
0.39304286,1,rgb_sar,0,2
0.31660527,1,rgb_sar,0,2
0.33608815,1,rgb_sar,0,2
0.49596402,1,rgb_sar,0,2
0.49406382,1,rgb_sar,0,2
0.47172695,1,rgb_sar,0,2
0.48402333,1,rgb_sar,0,2
0.43937832,1,rgb_sar,0,2
0.4461629,1,rgb_sar,0,2
0.45125368,1,rgb_sar,0,2
0.40991572,1,rgb_sar,0,2
0.38726765,1,rgb_sar,0,2
0.325266,1,rgb_sar,0,2
0.4355111,1,rgb_sar,0,2
0.50655735,1,rgb_sar,0,2
0.5298233,1,rgb_sar,0,2
0.42420822,1,rgb_sar,0,2
0.38781124,1,rgb_sar,0,2
0.46261376,1,rgb_sar,0,2
0.5556086,1,rgb_sar,0,2
0.5700833,1,rgb_sar,0,2
0.4663093,1,rgb_sar,0,2
0.41079366,1,rgb_sar,0,2
0.5037246,1,rgb_sar,0,2
0.42165488,1,rgb_sar,0,2
0.36597812,1,rgb_sar,0,2
0.3478909,1,rgb_sar,0,2
0.49700382,1,rgb_sar,0,2
0.41038895,1,rgb_sar,0,2
0.36623666,1,rgb_sar,0,2
0.3794688,1,rgb_sar,0,2
0.4053868,1,rgb_sar,0,2
0.50269914,1,rgb_sar,0,2
0.40288273,1,rgb_sar,0,2
0.3668579,1,rgb_sar,0,2
0.3891081,1,rgb_sar,0,2
0.40958452,1,rgb_sar,0,2
0.5318383,1,rgb_sar,0,2
0.41951096,1,rgb_sar,0,2
0.39681387,1,rgb_sar,0,2
0.4064825,1,rgb_sar,0,2
0.40301865,1,rgb_sar,0,2
0.3976062,1,rgb_sar,0,2
0.52004397,1,rgb_sar,0,2
0.42650175,1,rgb_sar,0,2
0.43665504,1,rgb_sar,0,2
0.42559034,1,rgb_sar,0,2
0.4062796,1,rgb_sar,0,2
0.39013693,1,rgb_sar,0,2
0.38663003,1,rgb_sar,0,2
0.51581794,1,rgb_sar,0,2
0.44207332,1,rgb_sar,0,2
0.41320413,1,rgb_sar,0,2
0.4046399,1,rgb_sar,0,2
0.40797016,1,rgb_sar,0,2
0.38873366,1,rgb_sar,0,2
0.3820634,1,rgb_sar,0,2
0.49834707,1,rgb_sar,0,2
0.47406748,1,rgb_sar,0,2
0.4416201,1,rgb_sar,0,2
0.42979953,1,rgb_sar,0,2
0.4096223,1,rgb_sar,0,2
0.41586375,1,rgb_sar,0,2
0.49993992,1,rgb_sar,0,2
0.45328808,1,rgb_sar,0,2
0.4620068,1,rgb_sar,0,2
0.44949788,1,rgb_sar,0,2
0.41850594,1,rgb_sar,0,2
0.41353646,1,rgb_sar,0,2
0.5187429,1,rgb_sar,0,2
0.4430188,1,rgb_sar,0,2
0.42234337,1,rgb_sar,0,2
0.42747456,1,rgb_sar,0,2
0.42662257,1,rgb_sar,0,2
0.5077404,1,rgb_sar,0,2
0.43144995,1,rgb_sar,0,2
0.37188172,1,rgb_sar,0,2
0.383728,1,rgb_sar,0,2
0.5127983,1,rgb_sar,0,2
0.41881403,1,rgb_sar,0,2
0.35080707,1,rgb_sar,0,2
0.35675055,1,rgb_sar,0,2
0.24258068,1,rgb_sar,0,2
0.17087382,1,rgb_sar,0,2
0.13429055,1,rgb_sar,0,2
0.09103802,1,rgb_sar,0,2
0.14411928,1,rgb_sar,0,2
0.32684997,1,rgb_sar,0,2
0.28616118,1,rgb_sar,0,2
0.29192263,1,rgb_sar,0,2
0.27098215,1,rgb_sar,0,2
0.13661993,1,rgb_sar,0,2
0.011042658,1,rgb_sar,0,2
0.36432344,1,rgb_sar,0,2
0.3402859,1,rgb_sar,0,2
0.32937336,1,rgb_sar,0,2
0.28362212,1,rgb_sar,0,2
0.22134116,1,rgb_sar,0,2
0.09657867,1,rgb_sar,0,2
0.38117313,1,rgb_sar,0,2
0.3319909,1,rgb_sar,0,2
0.29685378,1,rgb_sar,0,2
0.27839243,1,rgb_sar,0,2
0.2690132,1,rgb_sar,0,2
0.243951,1,rgb_sar,0,2
0.14517991,1,rgb_sar,0,2
0.12252272,1,rgb_sar,0,2
0.19894859,1,rgb_sar,0,2
0.38280702,1,rgb_sar,0,2
0.35535845,1,rgb_sar,0,2
0.315921,1,rgb_sar,0,2
0.29861253,1,rgb_sar,0,2
0.3125318,1,rgb_sar,0,2
0.28940028,1,rgb_sar,0,2
0.22481018,1,rgb_sar,0,2
0.22359559,1,rgb_sar,0,2
0.19402798,1,rgb_sar,0,2
0.385064,1,rgb_sar,0,2
0.31377965,1,rgb_sar,0,2
0.33736858,1,rgb_sar,0,2
0.35440013,1,rgb_sar,0,2
0.341674,1,rgb_sar,0,2
0.26276138,1,rgb_sar,0,2
0.20281292,1,rgb_sar,0,2
0.2633074,1,rgb_sar,0,2
0.22222123,1,rgb_sar,0,2
0.15491177,1,rgb_sar,0,2
0.13061935,1,rgb_sar,0,2
0.041715696,1,rgb_sar,0,2
0.08499077,1,rgb_sar,0,2
0.3472758,1,rgb_sar,0,2
0.2565726,1,rgb_sar,0,2
0.3603133,1,rgb_sar,0,2
0.37322134,1,rgb_sar,0,2
0.32814,1,rgb_sar,0,2
0.27014554,1,rgb_sar,0,2
0.27521938,1,rgb_sar,0,2
0.29847634,1,rgb_sar,0,2
0.2572205,1,rgb_sar,0,2
0.058762718,1,rgb_sar,0,2
0.04755228,1,rgb_sar,0,2
0.37246358,1,rgb_sar,0,2
0.41800648,1,rgb_sar,0,2
0.37943074,1,rgb_sar,0,2
0.19786863,1,rgb_sar,0,2
0.16376346,1,rgb_sar,0,2
0.42355955,1,rgb_sar,0,2
0.4336395,1,rgb_sar,0,2
0.40539598,1,rgb_sar,0,2
0.29634187,1,rgb_sar,0,2
0.23766126,1,rgb_sar,0,2
0.194024,1,rgb_sar,0,2
0.17854449,1,rgb_sar,0,2
0.16231354,1,rgb_sar,0,2
0.028393798,1,rgb_sar,0,2
-0.011429464,1,rgb_sar,0,2
0.41511935,1,rgb_sar,0,2
0.28780395,1,rgb_sar,0,2
0.2693454,1,rgb_sar,0,2
0.25556248,1,rgb_sar,0,2
0.13705945,1,rgb_sar,0,2
0.065918945,1,rgb_sar,0,2
0.39667153,1,rgb_sar,0,2
0.33899283,1,rgb_sar,0,2
0.35683355,1,rgb_sar,0,2
0.3151353,1,rgb_sar,0,2
0.2410561,1,rgb_sar,0,2
0.119541906,1,rgb_sar,0,2
0.3531912,1,rgb_sar,0,2
0.31181163,1,rgb_sar,0,2
0.28655773,1,rgb_sar,0,2
0.2911865,1,rgb_sar,0,2
0.24205054,1,rgb_sar,0,2
0.15231737,1,rgb_sar,0,2
0.10013682,1,rgb_sar,0,2
0.04514655,1,rgb_sar,0,2
0.05595329,1,rgb_sar,0,2
0.35593268,1,rgb_sar,0,2
0.3144049,1,rgb_sar,0,2
0.2840413,1,rgb_sar,0,2
0.30758086,1,rgb_sar,0,2
0.34024203,1,rgb_sar,0,2
0.22024058,1,rgb_sar,0,2
0.15187553,1,rgb_sar,0,2
0.1571286,1,rgb_sar,0,2
0.15879801,1,rgb_sar,0,2
0.37977445,1,rgb_sar,0,2
0.37906414,1,rgb_sar,0,2
0.38171315,1,rgb_sar,0,2
0.40326178,1,rgb_sar,0,2
0.38396883,1,rgb_sar,0,2
0.2592584,1,rgb_sar,0,2
0.20584324,1,rgb_sar,0,2
0.27138448,1,rgb_sar,0,2
0.29657897,1,rgb_sar,0,2
0.15903622,1,rgb_sar,0,2
0.07947415,1,rgb_sar,0,2
-0.049157426,1,rgb_sar,0,2
0.028205466,1,rgb_sar,0,2
0.4099974,1,rgb_sar,0,2
0.3739888,1,rgb_sar,0,2
0.40253755,1,rgb_sar,0,2
0.41502374,1,rgb_sar,0,2
0.38914022,1,rgb_sar,0,2
0.31793806,1,rgb_sar,0,2
0.2998272,1,rgb_sar,0,2
0.3292699,1,rgb_sar,0,2
0.34031397,1,rgb_sar,0,2
0.03569544,1,rgb_sar,0,2
0.08033666,1,rgb_sar,0,2
0.3976776,1,rgb_sar,0,2
0.3896665,1,rgb_sar,0,2
0.34231737,1,rgb_sar,0,2
0.23498398,1,rgb_sar,0,2
0.22052513,1,rgb_sar,0,2
0.40306905,1,rgb_sar,0,2
0.38642287,1,rgb_sar,0,2
0.3805534,1,rgb_sar,0,2
0.26392633,1,rgb_sar,0,2
0.21512967,1,rgb_sar,0,2
0.08242552,3,rgb_sar,0,2
-0.08919193,3,rgb_sar,0,2
0.0022651274,3,rgb_sar,0,2
0.18782842,3,rgb_sar,0,2
0.1484518,3,rgb_sar,0,2
-0.030817544,3,rgb_sar,0,2
-0.034347057,3,rgb_sar,0,2
0.039790057,3,rgb_sar,0,2
0.0037175901,3,rgb_sar,0,2
-0.08776626,3,rgb_sar,0,2
-0.023368768,3,rgb_sar,0,2
0.03453593,3,rgb_sar,0,2
-0.05198435,3,rgb_sar,0,2
-0.05012029,3,rgb_sar,0,2
0.21302147,3,rgb_sar,0,2
0.19701463,3,rgb_sar,0,2
0.01410366,3,rgb_sar,0,2
-0.08335169,3,rgb_sar,0,2
-0.017118199,3,rgb_sar,0,2
0.07436643,3,rgb_sar,0,2
0.0103232395,3,rgb_sar,0,2
0.030308908,3,rgb_sar,0,2
-0.10223356,3,rgb_sar,0,2
0.1766826,3,rgb_sar,0,2
0.28135657,3,rgb_sar,0,2
0.09704059,3,rgb_sar,0,2
-0.082233846,3,rgb_sar,0,2
-0.066000424,3,rgb_sar,0,2
0.09096128,3,rgb_sar,0,2
0.15460294,3,rgb_sar,0,2
0.044039022,3,rgb_sar,0,2
0.035672605,3,rgb_sar,0,2
-0.023825565,3,rgb_sar,0,2
-0.116310574,3,rgb_sar,0,2
0.12827316,3,rgb_sar,0,2
0.1667112,3,rgb_sar,0,2
0.004531271,3,rgb_sar,0,2
-0.104819,3,rgb_sar,0,2
-0.022151165,3,rgb_sar,0,2
0.10754355,3,rgb_sar,0,2
0.14364569,3,rgb_sar,0,2
0.020857004,3,rgb_sar,0,2
-0.025337253,3,rgb_sar,0,2
0.031667143,3,rgb_sar,0,2
0.052688614,3,rgb_sar,0,2
-0.06389328,3,rgb_sar,0,2
-0.019633207,3,rgb_sar,0,2
-0.03460339,3,rgb_sar,0,2
-0.06809283,3,rgb_sar,0,2
-0.04638522,3,rgb_sar,0,2
0.123553224,3,rgb_sar,0,2
0.21704184,3,rgb_sar,0,2
0.06848626,3,rgb_sar,0,2
0.043736685,3,rgb_sar,0,2
0.26688224,3,rgb_sar,0,2
0.38298947,3,rgb_sar,0,2
-0.047746412,3,rgb_sar,0,2
-0.05417954,3,rgb_sar,0,2
-0.061660506,3,rgb_sar,0,2
-0.03293574,3,rgb_sar,0,2
0.07724093,3,rgb_sar,0,2
0.24901861,3,rgb_sar,0,2
0.2655127,3,rgb_sar,0,2
0.1178581,3,rgb_sar,0,2
0.15910171,3,rgb_sar,0,2
0.33247426,3,rgb_sar,0,2
0.2841459,3,rgb_sar,0,2
-0.046076395,3,rgb_sar,0,2
-0.058406983,3,rgb_sar,0,2
-0.00039670244,3,rgb_sar,0,2
0.08852,3,rgb_sar,0,2
0.32877773,3,rgb_sar,0,2
0.40863305,3,rgb_sar,0,2
0.20732099,3,rgb_sar,0,2
0.023457821,3,rgb_sar,0,2
0.076485574,3,rgb_sar,0,2
-0.028536005,3,rgb_sar,0,2
0.101140484,3,rgb_sar,0,2
0.2262882,3,rgb_sar,0,2
0.29413775,3,rgb_sar,0,2
0.39011016,3,rgb_sar,0,2
0.29505268,3,rgb_sar,0,2
0.013906655,3,rgb_sar,0,2
-0.08583392,3,rgb_sar,0,2
-0.05369133,3,rgb_sar,0,2
0.425217,3,rgb_sar,0,2
0.48595762,3,rgb_sar,0,2
0.41284156,3,rgb_sar,0,2
0.22112462,3,rgb_sar,0,2
0.3667997,3,rgb_sar,0,2
0.39044052,3,rgb_sar,0,2
0.3168137,3,rgb_sar,0,2
0.20103954,3,rgb_sar,0,2
0.16796154,3,rgb_sar,0,2
-0.07854776,3,rgb_sar,0,2
0.0614537,3,rgb_sar,0,2
0.13902652,3,rgb_sar,0,2
0.067333095,3,rgb_sar,0,2
-0.05607387,3,rgb_sar,0,2
-0.0593133,3,rgb_sar,0,2
0.24186206,3,rgb_sar,0,2
0.05928292,3,rgb_sar,0,2
-0.036768693,3,rgb_sar,0,2
-0.014753714,3,rgb_sar,0,2
0.027528185,3,rgb_sar,0,2
-0.060252268,3,rgb_sar,0,2
0.053209282,3,rgb_sar,0,2
0.29610318,3,rgb_sar,0,2
0.038524393,3,rgb_sar,0,2
-0.11198934,3,rgb_sar,0,2
-0.06828259,3,rgb_sar,0,2
0.010760274,3,rgb_sar,0,2
0.056987315,3,rgb_sar,0,2
0.09614126,3,rgb_sar,0,2
-0.025607005,3,rgb_sar,0,2
0.18658945,3,rgb_sar,0,2
-0.063419834,3,rgb_sar,0,2
-0.06164729,3,rgb_sar,0,2
0.010743664,3,rgb_sar,0,2
0.042167984,3,rgb_sar,0,2
0.097361885,3,rgb_sar,0,2
0.07284509,3,rgb_sar,0,2
-0.035969384,3,rgb_sar,0,2
-0.004958188,3,rgb_sar,0,2
0.12367518,3,rgb_sar,0,2
-0.0654364,3,rgb_sar,0,2
-0.07567865,3,rgb_sar,0,2
0.02811218,3,rgb_sar,0,2
0.019329973,3,rgb_sar,0,2
-0.004399441,3,rgb_sar,0,2
-0.032726947,3,rgb_sar,0,2
-0.029965442,3,rgb_sar,0,2
0.09227433,3,rgb_sar,0,2
0.08091864,3,rgb_sar,0,2
-0.07819885,3,rgb_sar,0,2
-0.02497017,3,rgb_sar,0,2
0.14515065,3,rgb_sar,0,2
0.22309023,3,rgb_sar,0,2
0.04665762,3,rgb_sar,0,2
0.060221657,3,rgb_sar,0,2
0.2989761,3,rgb_sar,0,2
0.39112222,3,rgb_sar,0,2
0.066430464,3,rgb_sar,0,2
-0.034709536,3,rgb_sar,0,2
0.10348019,3,rgb_sar,0,2
0.24533737,3,rgb_sar,0,2
0.24342695,3,rgb_sar,0,2
0.11354131,3,rgb_sar,0,2
0.17129058,3,rgb_sar,0,2
0.35268682,3,rgb_sar,0,2
0.29596263,3,rgb_sar,0,2
0.14481804,3,rgb_sar,0,2
0.1664376,3,rgb_sar,0,2
0.32844126,3,rgb_sar,0,2
0.4161058,3,rgb_sar,0,2
0.26346305,3,rgb_sar,0,2
0.06479141,3,rgb_sar,0,2
0.107969835,3,rgb_sar,0,2
0.25611576,3,rgb_sar,0,2
0.2887748,3,rgb_sar,0,2
0.41337192,3,rgb_sar,0,2
0.37601823,3,rgb_sar,0,2
0.15712285,3,rgb_sar,0,2
0.030038748,3,rgb_sar,0,2
0.00092937984,3,rgb_sar,0,2
0.4674251,3,rgb_sar,0,2
0.36957118,3,rgb_sar,0,2
0.41145858,3,rgb_sar,0,2
0.24169369,3,rgb_sar,0,2
0.4195594,3,rgb_sar,0,2
0.28040683,3,rgb_sar,0,2
0.31068543,3,rgb_sar,0,2
0.14382213,3,rgb_sar,0,2
0.5543877,1,rgb_sar,0,2
0.53524953,1,rgb_sar,0,2
0.41941094,1,rgb_sar,0,2
0.5037142,1,rgb_sar,0,2
0.4385937,1,rgb_sar,0,2
0.49638152,1,rgb_sar,0,2
0.43717176,1,rgb_sar,0,2
0.37100804,1,rgb_sar,0,2
0.4700538,1,rgb_sar,0,2
0.44877496,1,rgb_sar,0,2
0.398045,1,rgb_sar,0,2
0.3611561,1,rgb_sar,0,2
0.51038575,1,rgb_sar,0,2
0.42488757,1,rgb_sar,0,2
0.43794626,1,rgb_sar,0,2
0.46829262,1,rgb_sar,0,2
0.5833591,1,rgb_sar,0,2
0.38271287,1,rgb_sar,0,2
0.42864022,1,rgb_sar,0,2
0.4555438,1,rgb_sar,0,2
0.5320569,1,rgb_sar,0,2
0.4266385,1,rgb_sar,0,2
0.46831346,1,rgb_sar,0,2
0.51326096,1,rgb_sar,0,2
0.47774532,1,rgb_sar,0,2
0.51603997,1,rgb_sar,0,2
0.46156088,1,rgb_sar,0,2
0.44704694,1,rgb_sar,0,2
0.4729664,1,rgb_sar,0,2
0.4467117,1,rgb_sar,0,2
0.5332117,1,rgb_sar,0,2
0.5585853,1,rgb_sar,0,2
0.56460524,1,rgb_sar,0,2
0.4689699,1,rgb_sar,0,2
0.44437492,1,rgb_sar,0,2
0.41929412,1,rgb_sar,0,2
0.43410546,1,rgb_sar,0,2
0.36752006,1,rgb_sar,0,2
0.36725646,1,rgb_sar,0,2
0.41152358,1,rgb_sar,0,2
0.423239,1,rgb_sar,0,2
0.37307808,1,rgb_sar,0,2
0.3776609,1,rgb_sar,0,2
0.37092793,1,rgb_sar,0,2
0.36881992,1,rgb_sar,0,2
0.34955174,1,rgb_sar,0,2
0.4349349,1,rgb_sar,0,2
0.41969532,1,rgb_sar,0,2
0.37644613,1,rgb_sar,0,2
0.3588389,1,rgb_sar,0,2
0.36027223,1,rgb_sar,0,2
0.3736052,1,rgb_sar,0,2
0.37897167,1,rgb_sar,0,2
0.44838333,1,rgb_sar,0,2
0.41452807,1,rgb_sar,0,2
0.41296595,1,rgb_sar,0,2
0.40124017,1,rgb_sar,0,2
0.4037364,1,rgb_sar,0,2
0.33937147,1,rgb_sar,0,2
0.31794524,1,rgb_sar,0,2
0.31474397,1,rgb_sar,0,2
0.32465196,1,rgb_sar,0,2
0.46158716,1,rgb_sar,0,2
0.44428033,1,rgb_sar,0,2
0.4310183,1,rgb_sar,0,2
0.41457084,1,rgb_sar,0,2
0.39637446,1,rgb_sar,0,2
0.3957603,1,rgb_sar,0,2
0.3648015,1,rgb_sar,0,2
0.3549024,1,rgb_sar,0,2
0.32328302,1,rgb_sar,0,2
0.32454884,1,rgb_sar,0,2
0.3085888,1,rgb_sar,0,2
0.46605328,1,rgb_sar,0,2
0.46218818,1,rgb_sar,0,2
0.45496997,1,rgb_sar,0,2
0.4509241,1,rgb_sar,0,2
0.41091347,1,rgb_sar,0,2
0.40722984,1,rgb_sar,0,2
0.3634767,1,rgb_sar,0,2
0.421286,1,rgb_sar,0,2
0.3649724,1,rgb_sar,0,2
0.33215034,1,rgb_sar,0,2
0.378867,1,rgb_sar,0,2
0.48581946,1,rgb_sar,0,2
0.44504458,1,rgb_sar,0,2
0.4581813,1,rgb_sar,0,2
0.4524942,1,rgb_sar,0,2
0.3993339,1,rgb_sar,0,2
0.3958411,1,rgb_sar,0,2
0.3392322,1,rgb_sar,0,2
0.3823862,1,rgb_sar,0,2
0.33076155,1,rgb_sar,0,2
0.31857094,1,rgb_sar,0,2
0.4669692,1,rgb_sar,0,2
0.427288,1,rgb_sar,0,2
0.3981716,1,rgb_sar,0,2
0.4475032,1,rgb_sar,0,2
0.44209588,1,rgb_sar,0,2
0.41593847,1,rgb_sar,0,2
0.4088254,1,rgb_sar,0,2
0.36768526,1,rgb_sar,0,2
0.37427282,1,rgb_sar,0,2
0.3114382,1,rgb_sar,0,2
0.2903427,1,rgb_sar,0,2
0.49407226,1,rgb_sar,0,2
0.39995295,1,rgb_sar,0,2
0.41078383,1,rgb_sar,0,2
0.4615252,1,rgb_sar,0,2
0.4687659,1,rgb_sar,0,2
0.44376916,1,rgb_sar,0,2
0.43401012,1,rgb_sar,0,2
0.3927841,1,rgb_sar,0,2
0.3803811,1,rgb_sar,0,2
0.3329754,1,rgb_sar,0,2
0.515135,1,rgb_sar,0,2
0.4751063,1,rgb_sar,0,2
0.4569916,1,rgb_sar,0,2
0.36392695,1,rgb_sar,0,2
0.35397702,1,rgb_sar,0,2
0.5082208,1,rgb_sar,0,2
0.46898162,1,rgb_sar,0,2
0.44320667,1,rgb_sar,0,2
0.3693827,1,rgb_sar,0,2
0.40411934,1,rgb_sar,0,2
0.5029589,1,rgb_sar,0,2
0.4263475,1,rgb_sar,0,2
0.35678488,1,rgb_sar,0,2
0.41763923,1,rgb_sar,0,2
0.48189107,1,rgb_sar,0,2
0.39465326,1,rgb_sar,0,2
0.35289153,1,rgb_sar,0,2
0.41076574,1,rgb_sar,0,2
0.4202749,1,rgb_sar,0,2
0.46967396,1,rgb_sar,0,2
0.39727566,1,rgb_sar,0,2
0.35457277,1,rgb_sar,0,2
0.36521482,1,rgb_sar,0,2
0.38834065,1,rgb_sar,0,2
0.46860656,1,rgb_sar,0,2
0.39225212,1,rgb_sar,0,2
0.37182644,1,rgb_sar,0,2
0.3857329,1,rgb_sar,0,2
0.37970066,1,rgb_sar,0,2
0.33081204,1,rgb_sar,0,2
0.49642336,1,rgb_sar,0,2
0.3733694,1,rgb_sar,0,2
0.38122416,1,rgb_sar,0,2
0.4135887,1,rgb_sar,0,2
0.37122768,1,rgb_sar,0,2
0.31758255,1,rgb_sar,0,2
0.3458053,1,rgb_sar,0,2
0.5061326,1,rgb_sar,0,2
0.401707,1,rgb_sar,0,2
0.34150723,1,rgb_sar,0,2
0.38403904,1,rgb_sar,0,2
0.42296156,1,rgb_sar,0,2
0.35264307,1,rgb_sar,0,2
0.322214,1,rgb_sar,0,2
0.5144031,1,rgb_sar,0,2
0.44145715,1,rgb_sar,0,2
0.33589768,1,rgb_sar,0,2
0.38676432,1,rgb_sar,0,2
0.45338807,1,rgb_sar,0,2
0.36832058,1,rgb_sar,0,2
0.4893713,1,rgb_sar,0,2
0.41479543,1,rgb_sar,0,2
0.3356817,1,rgb_sar,0,2
0.3430016,1,rgb_sar,0,2
0.347166,1,rgb_sar,0,2
0.3245293,1,rgb_sar,0,2
0.48341826,1,rgb_sar,0,2
0.427615,1,rgb_sar,0,2
0.35164726,1,rgb_sar,0,2
0.32739606,1,rgb_sar,0,2
0.34414095,1,rgb_sar,0,2
0.49172154,1,rgb_sar,0,2
0.4254825,1,rgb_sar,0,2
0.39417458,1,rgb_sar,0,2
0.3830096,1,rgb_sar,0,2
0.49984473,1,rgb_sar,0,2
0.4238202,1,rgb_sar,0,2
0.3781603,1,rgb_sar,0,2
0.37108698,1,rgb_sar,0,2
0.4880761,1,rgb_sar,0,2
0.47323063,1,rgb_sar,0,2
0.46282852,1,rgb_sar,0,2
0.41374454,1,rgb_sar,0,2
0.38774002,1,rgb_sar,0,2
0.40968022,1,rgb_sar,0,2
0.3673979,1,rgb_sar,0,2
0.2832059,1,rgb_sar,0,2
0.3092179,1,rgb_sar,0,2
0.36572075,1,rgb_sar,0,2
0.31415534,1,rgb_sar,0,2
0.2980551,1,rgb_sar,0,2
0.2665186,1,rgb_sar,0,2
0.29379547,1,rgb_sar,0,2
0.35507062,1,rgb_sar,0,2
0.30099827,1,rgb_sar,0,2
0.23256765,1,rgb_sar,0,2
0.20815441,1,rgb_sar,0,2
0.35818866,1,rgb_sar,0,2
0.31416303,1,rgb_sar,0,2
0.31081736,1,rgb_sar,0,2
0.31004846,1,rgb_sar,0,2
0.35527867,1,rgb_sar,0,2
0.34828338,1,rgb_sar,0,2
0.29961064,1,rgb_sar,0,2
0.25839677,1,rgb_sar,0,2
0.21879849,1,rgb_sar,0,2
0.12364812,1,rgb_sar,0,2
0.059983037,1,rgb_sar,0,2
0.0023173746,1,rgb_sar,0,2
0.04779536,1,rgb_sar,0,2
0.3686845,1,rgb_sar,0,2
0.32714635,1,rgb_sar,0,2
0.35412157,1,rgb_sar,0,2
0.34199473,1,rgb_sar,0,2
0.38702476,1,rgb_sar,0,2
0.36649334,1,rgb_sar,0,2
0.36867172,1,rgb_sar,0,2
0.3431187,1,rgb_sar,0,2
0.2717855,1,rgb_sar,0,2
-0.001346996,1,rgb_sar,0,2
0.035630986,1,rgb_sar,0,2
0.3834311,1,rgb_sar,0,2
0.3667237,1,rgb_sar,0,2
0.43885183,1,rgb_sar,0,2
0.16736472,1,rgb_sar,0,2
0.17534597,1,rgb_sar,0,2
0.41892338,1,rgb_sar,0,2
0.39632332,1,rgb_sar,0,2
0.4303258,1,rgb_sar,0,2
0.20781916,1,rgb_sar,0,2
0.21382722,1,rgb_sar,0,2
0.41239274,1,rgb_sar,0,2
0.41342896,1,rgb_sar,0,2
0.42679104,1,rgb_sar,0,2
0.39559418,1,rgb_sar,0,2
0.37119794,1,rgb_sar,0,2
0.35590088,1,rgb_sar,0,2
0.36113143,1,rgb_sar,0,2
0.33680683,1,rgb_sar,0,2
0.31908536,1,rgb_sar,0,2
0.34202045,1,rgb_sar,0,2
0.34972993,1,rgb_sar,0,2
0.39547455,1,rgb_sar,0,2
0.33283514,1,rgb_sar,0,2
0.28378093,1,rgb_sar,0,2
0.23690075,1,rgb_sar,0,2
0.17841634,1,rgb_sar,0,2
0.14983958,1,rgb_sar,0,2
0.14448836,1,rgb_sar,0,2
0.36154675,1,rgb_sar,0,2
0.3181764,1,rgb_sar,0,2
0.32105684,1,rgb_sar,0,2
0.31392616,1,rgb_sar,0,2
0.30946052,1,rgb_sar,0,2
0.26795134,1,rgb_sar,0,2
0.2259967,1,rgb_sar,0,2
0.19091353,1,rgb_sar,0,2
0.188809,1,rgb_sar,0,2
0.15027559,1,rgb_sar,0,2
0.09657511,1,rgb_sar,0,2
0.058037005,1,rgb_sar,0,2
0.12149849,1,rgb_sar,0,2
0.36552292,1,rgb_sar,0,2
0.29144794,1,rgb_sar,0,2
0.3258051,1,rgb_sar,0,2
0.3355932,1,rgb_sar,0,2
0.34898323,1,rgb_sar,0,2
0.33766413,1,rgb_sar,0,2
0.30511063,1,rgb_sar,0,2
0.22873692,1,rgb_sar,0,2
0.23866813,1,rgb_sar,0,2
0.082807675,1,rgb_sar,0,2
0.099725746,1,rgb_sar,0,2
0.3471529,1,rgb_sar,0,2
0.35720295,1,rgb_sar,0,2
0.3607418,1,rgb_sar,0,2
0.21347573,1,rgb_sar,0,2
0.16205668,1,rgb_sar,0,2
0.38620937,1,rgb_sar,0,2
0.383051,1,rgb_sar,0,2
0.3874624,1,rgb_sar,0,2
0.2565144,1,rgb_sar,0,2
0.228043,1,rgb_sar,0,2
0.37947553,1,rgb_sar,0,2
0.28763098,1,rgb_sar,0,2
0.33602488,1,rgb_sar,0,2
0.39156294,1,rgb_sar,0,2
0.28262332,1,rgb_sar,0,2
0.3564701,1,rgb_sar,0,2
0.41608322,1,rgb_sar,0,2
0.20853645,1,rgb_sar,0,2
0.28619376,1,rgb_sar,0,2
0.40438977,1,rgb_sar,0,2
0.20584336,1,rgb_sar,0,2
0.24739571,1,rgb_sar,0,2
0.40846726,1,rgb_sar,0,2
0.21692085,1,rgb_sar,0,2
0.23391105,1,rgb_sar,0,2
0.43825403,1,rgb_sar,0,2
0.22147292,1,rgb_sar,0,2
0.21905659,1,rgb_sar,0,2
0.39151743,1,rgb_sar,0,2
0.21264249,1,rgb_sar,0,2
0.21411735,1,rgb_sar,0,2
0.34843907,1,rgb_sar,0,2
0.23445173,1,rgb_sar,0,2
0.23159122,1,rgb_sar,0,2
0.27977586,1,rgb_sar,0,2
0.19441265,1,rgb_sar,0,2
0.14540716,1,rgb_sar,0,2
0.32451138,1,rgb_sar,0,2
0.24294192,1,rgb_sar,0,2
0.27089012,1,rgb_sar,0,2
0.3385589,1,rgb_sar,0,2
0.24585384,1,rgb_sar,0,2
0.23619586,1,rgb_sar,0,2
0.38808638,1,rgb_sar,0,2
0.2529843,1,rgb_sar,0,2
0.22091551,1,rgb_sar,0,2
0.42212802,1,rgb_sar,0,2
0.30132583,1,rgb_sar,0,2
0.25711983,1,rgb_sar,0,2
0.4345593,1,rgb_sar,0,2
0.3160233,1,rgb_sar,0,2
0.24712025,1,rgb_sar,0,2
0.42903256,1,rgb_sar,0,2
0.2887013,1,rgb_sar,0,2
0.25316164,1,rgb_sar,0,2
0.37596112,1,rgb_sar,0,2
0.28392848,1,rgb_sar,0,2
0.26777297,1,rgb_sar,0,2
0.34761035,1,rgb_sar,0,2
0.2890432,1,rgb_sar,0,2
0.2637083,1,rgb_sar,0,2
0.20701487,1,rgb_sar,0,2
0.22356082,1,rgb_sar,0,2
0.19365177,1,rgb_sar,0,2
0.29759964,1,rgb_sar,0,2
0.252757,1,rgb_sar,0,2
0.2863449,1,rgb_sar,0,2
0.3147103,1,rgb_sar,0,2
0.23088366,1,rgb_sar,0,2
0.24871552,1,rgb_sar,0,2
0.31661752,1,rgb_sar,0,2
0.22056541,1,rgb_sar,0,2
0.1837005,1,rgb_sar,0,2
0.27044046,1,rgb_sar,0,2
0.2169602,1,rgb_sar,0,2
0.14233807,1,rgb_sar,0,2
0.31660044,1,rgb_sar,0,2
0.13412733,1,rgb_sar,0,2
0.14797,1,rgb_sar,0,2
0.35242605,1,rgb_sar,0,2
0.16957021,1,rgb_sar,0,2
0.15628323,1,rgb_sar,0,2
0.25327122,1,rgb_sar,0,2
0.13530007,1,rgb_sar,0,2
0.11830294,1,rgb_sar,0,2
0.26046196,1,rgb_sar,0,2
0.13305655,1,rgb_sar,0,2
0.12241882,1,rgb_sar,0,2
0.19564906,1,rgb_sar,0,2
0.11465022,1,rgb_sar,0,2
0.09109262,1,rgb_sar,0,2
0.24446663,1,rgb_sar,0,2
0.16268529,1,rgb_sar,0,2
0.25412834,1,rgb_sar,0,2
0.266959,1,rgb_sar,0,2
0.16114363,1,rgb_sar,0,2
0.2102031,1,rgb_sar,0,2
0.29941052,1,rgb_sar,0,2
0.21355504,1,rgb_sar,0,2
0.21873544,1,rgb_sar,0,2
0.29228616,1,rgb_sar,0,2
0.19816813,1,rgb_sar,0,2
0.17875694,1,rgb_sar,0,2
0.32789814,1,rgb_sar,0,2
0.20454812,1,rgb_sar,0,2
0.15205753,1,rgb_sar,0,2
0.3405006,1,rgb_sar,0,2
0.20307884,1,rgb_sar,0,2
0.12399888,1,rgb_sar,0,2
0.33666086,1,rgb_sar,0,2
0.16190854,1,rgb_sar,0,2
0.08090799,1,rgb_sar,0,2
0.3629954,1,rgb_sar,0,2
0.16464397,1,rgb_sar,0,2
0.08410399,1,rgb_sar,0,2
0.30321246,1,rgb_sar,0,2
0.12014287,1,rgb_sar,0,2
0.048721913,1,rgb_sar,0,2
0.5425902,6,pca_sar,1,2
0.50125587,6,pca_sar,1,2
0.5435509,6,pca_sar,1,2
0.6033604,6,pca_sar,1,2
0.65813684,6,pca_sar,1,2
0.16333061,6,pca_sar,1,2
0.16376156,6,pca_sar,1,2
0.21664822,6,pca_sar,1,2
0.25883037,6,pca_sar,1,2
0.3606552,6,pca_sar,1,2
0.14110899,6,pca_sar,1,2
0.13751516,6,pca_sar,1,2
0.10723693,6,pca_sar,1,2
0.1070841,6,pca_sar,1,2
0.1469028,6,pca_sar,1,2
0.27516264,6,pca_sar,1,2
0.09742459,6,pca_sar,1,2
0.123636,6,pca_sar,1,2
0.123298615,6,pca_sar,1,2
0.096760474,6,pca_sar,1,2
0.0975181,6,pca_sar,1,2
0.21907592,6,pca_sar,1,2
0.13393165,6,pca_sar,1,2
0.14893915,6,pca_sar,1,2
0.16350174,6,pca_sar,1,2
0.17832214,6,pca_sar,1,2
0.13494937,6,pca_sar,1,2
0.2394832,6,pca_sar,1,2
-0.0039534066,6,pca_sar,1,2
0.047060814,6,pca_sar,1,2
0.083133206,6,pca_sar,1,2
0.089972116,6,pca_sar,1,2
0.11776618,6,pca_sar,1,2
0.12199471,6,pca_sar,1,2
0.18723124,6,pca_sar,1,2
0.07831751,6,pca_sar,1,2
0.10894394,6,pca_sar,1,2
0.11373778,6,pca_sar,1,2
0.095917165,6,pca_sar,1,2
0.05081673,6,pca_sar,1,2
0.15550047,6,pca_sar,1,2
0.17328182,6,pca_sar,1,2
0.16772255,6,pca_sar,1,2
0.1813443,6,pca_sar,1,2
0.19602913,6,pca_sar,1,2
0.15314925,6,pca_sar,1,2
0.2531737,6,pca_sar,1,2
0.117541306,6,pca_sar,1,2
0.0846611,6,pca_sar,1,2
0.097853154,6,pca_sar,1,2
0.1321073,6,pca_sar,1,2
0.07747296,6,pca_sar,1,2
0.20075582,6,pca_sar,1,2
0.085852556,6,pca_sar,1,2
0.081707805,6,pca_sar,1,2
0.0796253,6,pca_sar,1,2
0.06875837,6,pca_sar,1,2
0.21491124,6,pca_sar,1,2
0.07488713,6,pca_sar,1,2
0.12238895,6,pca_sar,1,2
0.12317287,6,pca_sar,1,2
0.13278098,6,pca_sar,1,2
0.12564729,6,pca_sar,1,2
0.21804377,6,pca_sar,1,2
0.16442879,6,pca_sar,1,2
0.13883857,6,pca_sar,1,2
0.15970722,6,pca_sar,1,2
0.09944877,6,pca_sar,1,2
0.2117373,6,pca_sar,1,2
0.14019546,6,pca_sar,1,2
0.17289247,6,pca_sar,1,2
0.18376316,6,pca_sar,1,2
0.12455371,6,pca_sar,1,2
0.25418907,6,pca_sar,1,2
0.092470005,2,pca_sar,1,2
0.07968114,2,pca_sar,1,2
-0.035720456,2,pca_sar,1,2
-0.017809048,2,pca_sar,1,2
-0.0775211,2,pca_sar,1,2
-0.025961777,2,pca_sar,1,2
0.024391739,2,pca_sar,1,2
-0.10469678,2,pca_sar,1,2
0.137239,2,pca_sar,1,2
0.09132352,2,pca_sar,1,2
0.0043804077,2,pca_sar,1,2
0.059634656,2,pca_sar,1,2
0.09323788,2,pca_sar,1,2
0.044613488,2,pca_sar,1,2
-0.071373,2,pca_sar,1,2
0.07924279,2,pca_sar,1,2
0.098062016,2,pca_sar,1,2
0.08819267,2,pca_sar,1,2
0.025793567,2,pca_sar,1,2
0.05018433,2,pca_sar,1,2
0.18577978,2,pca_sar,1,2
0.12363023,2,pca_sar,1,2
-0.028764518,2,pca_sar,1,2
-0.10253515,2,pca_sar,1,2
-0.029814458,2,pca_sar,1,2
0.09383284,2,pca_sar,1,2
0.10769584,2,pca_sar,1,2
0.5399619,6,pca_sar,1,2
0.56979954,6,pca_sar,1,2
0.5919725,6,pca_sar,1,2
0.59426624,6,pca_sar,1,2
0.6009728,6,pca_sar,1,2
0.60198474,6,pca_sar,1,2
0.5846107,6,pca_sar,1,2
0.19923173,6,pca_sar,1,2
0.16471894,6,pca_sar,1,2
0.17461291,6,pca_sar,1,2
0.16378845,6,pca_sar,1,2
0.23208421,6,pca_sar,1,2
0.26841497,6,pca_sar,1,2
0.25510845,6,pca_sar,1,2
0.15053397,6,pca_sar,1,2
0.12453182,6,pca_sar,1,2
0.09454064,6,pca_sar,1,2
0.091472246,6,pca_sar,1,2
0.09196611,6,pca_sar,1,2
0.14218321,6,pca_sar,1,2
0.163513,6,pca_sar,1,2
0.14682701,6,pca_sar,1,2
0.17002578,6,pca_sar,1,2
0.11795694,6,pca_sar,1,2
0.07778524,6,pca_sar,1,2
0.040390633,6,pca_sar,1,2
0.099953145,6,pca_sar,1,2
0.061019458,6,pca_sar,1,2
0.19161335,6,pca_sar,1,2
0.2070305,6,pca_sar,1,2
0.1306306,6,pca_sar,1,2
0.10416955,6,pca_sar,1,2
0.06785723,6,pca_sar,1,2
0.15359466,6,pca_sar,1,2
0.13126321,6,pca_sar,1,2
0.12129107,6,pca_sar,1,2
0.051609583,6,pca_sar,1,2
0.04941629,6,pca_sar,1,2
0.061944596,6,pca_sar,1,2
0.05388855,6,pca_sar,1,2
0.074520886,6,pca_sar,1,2
0.04724286,6,pca_sar,1,2
0.07786137,6,pca_sar,1,2
0.10391453,6,pca_sar,1,2
0.09764694,6,pca_sar,1,2
0.105781354,6,pca_sar,1,2
0.13686053,6,pca_sar,1,2
0.12839074,6,pca_sar,1,2
0.12474084,6,pca_sar,1,2
0.09514128,6,pca_sar,1,2
0.07620711,6,pca_sar,1,2
0.09732341,6,pca_sar,1,2
0.10882668,6,pca_sar,1,2
0.071838036,6,pca_sar,1,2
0.17437404,6,pca_sar,1,2
0.1961076,6,pca_sar,1,2
0.17524403,6,pca_sar,1,2
0.17615516,6,pca_sar,1,2
0.15541783,6,pca_sar,1,2
0.13042685,6,pca_sar,1,2
0.12813818,6,pca_sar,1,2
0.107296765,6,pca_sar,1,2
0.10700766,6,pca_sar,1,2
0.09504636,6,pca_sar,1,2
0.13334323,6,pca_sar,1,2
0.0976886,6,pca_sar,1,2
0.11730671,6,pca_sar,1,2
0.09843599,6,pca_sar,1,2
0.09252946,6,pca_sar,1,2
0.048280556,6,pca_sar,1,2
0.06513355,6,pca_sar,1,2
0.08386116,6,pca_sar,1,2
0.09076196,6,pca_sar,1,2
0.10382639,6,pca_sar,1,2
0.120406725,6,pca_sar,1,2
0.08648138,6,pca_sar,1,2
0.06624592,6,pca_sar,1,2
0.014276415,6,pca_sar,1,2
0.023762815,6,pca_sar,1,2
0.09978646,6,pca_sar,1,2
0.1235994,6,pca_sar,1,2
0.037402183,6,pca_sar,1,2
0.10885812,6,pca_sar,1,2
0.15857735,6,pca_sar,1,2
0.16229862,6,pca_sar,1,2
0.21823533,6,pca_sar,1,2
0.16786401,6,pca_sar,1,2
0.06949167,6,pca_sar,1,2
0.09106133,6,pca_sar,1,2
0.11579445,6,pca_sar,1,2
0.07217779,6,pca_sar,1,2
0.17737928,6,pca_sar,1,2
0.1309494,6,pca_sar,1,2
0.19498043,6,pca_sar,1,2
0.18909702,6,pca_sar,1,2
0.15926793,6,pca_sar,1,2
0.09427325,6,pca_sar,1,2
0.108883396,6,pca_sar,1,2
0.10510672,6,pca_sar,1,2
0.068073794,6,pca_sar,1,2
0.15247597,6,pca_sar,1,2
0.14406994,6,pca_sar,1,2
0.1808401,6,pca_sar,1,2
0.1549685,6,pca_sar,1,2
0.17305121,6,pca_sar,1,2
0.12809697,6,pca_sar,1,2
0.14808589,6,pca_sar,1,2
0.13516267,6,pca_sar,1,2
0.11017357,6,pca_sar,1,2
0.11366751,2,pca_sar,1,2
0.10610824,2,pca_sar,1,2
0.022877041,2,pca_sar,1,2
-0.0021512546,2,pca_sar,1,2
-0.04885582,2,pca_sar,1,2
-0.056163527,2,pca_sar,1,2
-0.032091483,2,pca_sar,1,2
-0.10922689,2,pca_sar,1,2
0.092117846,2,pca_sar,1,2
-0.0003092941,2,pca_sar,1,2
-0.059213143,2,pca_sar,1,2
0.040928528,2,pca_sar,1,2
0.12935792,2,pca_sar,1,2
0.03471648,2,pca_sar,1,2
-0.047428675,2,pca_sar,1,2
0.04148945,2,pca_sar,1,2
0.14698884,2,pca_sar,1,2
0.16130888,2,pca_sar,1,2
0.046577476,2,pca_sar,1,2
0.039150104,2,pca_sar,1,2
0.09678297,2,pca_sar,1,2
0.03907267,2,pca_sar,1,2
0.07923888,2,pca_sar,1,2
-0.014413856,2,pca_sar,1,2
-0.007875925,2,pca_sar,1,2
0.017318316,2,pca_sar,1,2
0.026611274,2,pca_sar,1,2
0.63858247,6,pca_sar,1,2
0.5916599,6,pca_sar,1,2
0.27619204,6,pca_sar,1,2
0.26428273,6,pca_sar,1,2
0.19670855,6,pca_sar,1,2
0.13814509,6,pca_sar,1,2
0.18039341,6,pca_sar,1,2
0.08724138,6,pca_sar,1,2
0.15464011,6,pca_sar,1,2
0.038586415,6,pca_sar,1,2
0.15471175,6,pca_sar,1,2
0.110353604,6,pca_sar,1,2
0.11255185,6,pca_sar,1,2
0.23506977,6,pca_sar,1,2
0.18109179,6,pca_sar,1,2
0.18436679,6,pca_sar,1,2
0.20798324,6,pca_sar,1,2
0.16116053,6,pca_sar,1,2
0.11439027,6,pca_sar,1,2
0.23417136,6,pca_sar,1,2
0.17706357,6,pca_sar,1,2
0.12362692,6,pca_sar,1,2
0.112092495,6,pca_sar,1,2
0.21488275,6,pca_sar,1,2
0.21517324,6,pca_sar,1,2
0.16599418,6,pca_sar,1,2
0.13450931,6,pca_sar,1,2
0.18682608,6,pca_sar,1,2
0.19902192,6,pca_sar,1,2
0.15814632,6,pca_sar,1,2
0.13896137,6,pca_sar,1,2
0.17734435,6,pca_sar,1,2
0.21840599,6,pca_sar,1,2
0.16414179,6,pca_sar,1,2
0.17192523,6,pca_sar,1,2
0.035445962,2,pca_sar,1,2
0.045900926,2,pca_sar,1,2
0.02153188,2,pca_sar,1,2
0.035840776,2,pca_sar,1,2
-0.06308755,2,pca_sar,1,2
-0.03533192,2,pca_sar,1,2
0.02730283,2,pca_sar,1,2
-0.041240733,2,pca_sar,1,2
0.08247832,2,pca_sar,1,2
0.06849367,2,pca_sar,1,2
0.034472823,2,pca_sar,1,2
0.0652494,2,pca_sar,1,2
0.11243592,2,pca_sar,1,2
0.047770675,2,pca_sar,1,2
-0.08127753,2,pca_sar,1,2
0.060253777,2,pca_sar,1,2
0.028226407,2,pca_sar,1,2
0.089322045,2,pca_sar,1,2
0.11391743,2,pca_sar,1,2
0.08956498,2,pca_sar,1,2
0.108704224,2,pca_sar,1,2
0.10146022,2,pca_sar,1,2
-0.009445251,2,pca_sar,1,2
0.016424162,2,pca_sar,1,2
0.040249746,2,pca_sar,1,2
0.00790612,2,pca_sar,1,2
0.043840207,2,pca_sar,1,2
0.0389664,2,pca_sar,1,2
0.039207187,2,pca_sar,1,2
-0.0063730516,2,pca_sar,1,2
0.021667246,2,pca_sar,1,2
-0.07324836,2,pca_sar,1,2
-0.04598867,2,pca_sar,1,2
0.005750372,2,pca_sar,1,2
-0.074502766,2,pca_sar,1,2
0.05826862,2,pca_sar,1,2
0.053934652,2,pca_sar,1,2
0.033100136,2,pca_sar,1,2
0.06634819,2,pca_sar,1,2
0.0228221,2,pca_sar,1,2
-0.042056292,2,pca_sar,1,2
-0.07127197,2,pca_sar,1,2
0.042541765,2,pca_sar,1,2
-0.0010967543,2,pca_sar,1,2
-0.01696818,2,pca_sar,1,2
-0.0144609865,2,pca_sar,1,2
0.003179796,2,pca_sar,1,2
0.078304455,2,pca_sar,1,2
0.07025056,2,pca_sar,1,2
0.053400114,2,pca_sar,1,2
-0.06319488,2,pca_sar,1,2
-0.034990303,2,pca_sar,1,2
0.018314473,2,pca_sar,1,2
0.01625393,2,pca_sar,1,2
0.23785144,2,pca_sar,1,2
0.035948426,2,pca_sar,1,2
0.25831968,2,pca_sar,1,2
0.04882896,2,pca_sar,1,2
0.055858754,2,pca_sar,1,2
0.11577025,2,pca_sar,1,2
0.0967182,2,pca_sar,1,2
0.045053404,2,pca_sar,1,2
0.094571576,2,pca_sar,1,2
0.11975159,2,pca_sar,1,2
0.16744205,2,pca_sar,1,2
0.1294891,2,pca_sar,1,2
0.13074349,2,pca_sar,1,2
0.10028195,2,pca_sar,1,2
0.07384456,2,pca_sar,1,2
0.024119388,2,pca_sar,1,2
0.05945811,2,pca_sar,1,2
0.10089996,2,pca_sar,1,2
0.121739,2,pca_sar,1,2
0.14927092,2,pca_sar,1,2
0.104660034,2,pca_sar,1,2
0.1367561,2,pca_sar,1,2
0.10019701,2,pca_sar,1,2
0.06166677,2,pca_sar,1,2
0.1217415,2,pca_sar,1,2
0.15367179,2,pca_sar,1,2
0.11957555,2,pca_sar,1,2
0.09342079,2,pca_sar,1,2
0.074219584,2,pca_sar,1,2
0.12425457,2,pca_sar,1,2
0.053083643,2,pca_sar,1,2
0.123847365,2,pca_sar,1,2
0.103792384,2,pca_sar,1,2
0.07828411,2,pca_sar,1,2
0.12896004,2,pca_sar,1,2
0.13773482,2,pca_sar,1,2
0.10850776,2,pca_sar,1,2
0.10528534,2,pca_sar,1,2
0.08290672,2,pca_sar,1,2
0.14086173,2,pca_sar,1,2
0.030484354,2,pca_sar,1,2
0.19035047,2,pca_sar,1,2
0.13529831,2,pca_sar,1,2
0.08092066,2,pca_sar,1,2
0.064528555,2,pca_sar,1,2
0.069872506,2,pca_sar,1,2
0.09705673,2,pca_sar,1,2
0.10056821,2,pca_sar,1,2
0.1028867,2,pca_sar,1,2
0.18173328,2,pca_sar,1,2
0.12623978,2,pca_sar,1,2
0.1009466,2,pca_sar,1,2
0.09677374,2,pca_sar,1,2
0.08938812,2,pca_sar,1,2
0.09798715,2,pca_sar,1,2
0.11060384,2,pca_sar,1,2
0.081203446,2,pca_sar,1,2
0.08286573,2,pca_sar,1,2
0.033769067,2,pca_sar,1,2
0.07741474,2,pca_sar,1,2
0.049925547,2,pca_sar,1,2
0.035917178,2,pca_sar,1,2
0.054932036,2,pca_sar,1,2
0.09948444,2,pca_sar,1,2
0.057472683,2,pca_sar,1,2
0.07596744,2,pca_sar,1,2
0.06941189,2,pca_sar,1,2
0.02270851,2,pca_sar,1,2
-0.025449358,2,pca_sar,1,2
0.11406358,2,pca_sar,1,2
0.09243584,2,pca_sar,1,2
0.053527087,2,pca_sar,1,2
-0.0025375932,2,pca_sar,1,2
0.0009561572,2,pca_sar,1,2
0.0677823,2,pca_sar,1,2
0.023716062,2,pca_sar,1,2
0.045517158,2,pca_sar,1,2
0.020943124,2,pca_sar,1,2
-0.013868393,2,pca_sar,1,2
-0.021340653,2,pca_sar,1,2
0.15909111,2,pca_sar,1,2
0.1737965,2,pca_sar,1,2
0.14314657,2,pca_sar,1,2
0.15773708,2,pca_sar,1,2
0.123202555,2,pca_sar,1,2
0.10687349,2,pca_sar,1,2
0.021012878,2,pca_sar,1,2
0.034204185,2,pca_sar,1,2
-0.061227575,2,pca_sar,1,2
-0.014271375,2,pca_sar,1,2
0.020326367,2,pca_sar,1,2
0.027019847,2,pca_sar,1,2
0.065498285,2,pca_sar,1,2
0.16746873,2,pca_sar,1,2
0.20985356,2,pca_sar,1,2
0.17729834,2,pca_sar,1,2
0.17750645,2,pca_sar,1,2
0.0913592,2,pca_sar,1,2
0.14256404,2,pca_sar,1,2
0.068551525,2,pca_sar,1,2
0.08036399,2,pca_sar,1,2
-0.037839882,2,pca_sar,1,2
0.0056319777,2,pca_sar,1,2
0.044525772,2,pca_sar,1,2
0.006868202,2,pca_sar,1,2
0.08771017,2,pca_sar,1,2
0.11904226,2,pca_sar,1,2
0.13480927,2,pca_sar,1,2
0.14237511,2,pca_sar,1,2
0.1478134,2,pca_sar,1,2
0.12829392,2,pca_sar,1,2
0.15193386,2,pca_sar,1,2
0.05266251,2,pca_sar,1,2
0.06697794,2,pca_sar,1,2
-0.012828656,2,pca_sar,1,2
0.038988207,2,pca_sar,1,2
0.056130506,2,pca_sar,1,2
0.02631256,2,pca_sar,1,2
0.1191761,2,pca_sar,1,2
0.010463357,2,pca_sar,1,2
0.0376748,2,pca_sar,1,2
0.21698706,2,pca_sar,1,2
0.22680613,2,pca_sar,1,2
0.19749987,2,pca_sar,1,2
0.21893167,2,pca_sar,1,2
0.24768889,2,pca_sar,1,2
0.26793125,2,pca_sar,1,2
0.2107882,2,pca_sar,1,2
0.16748771,2,pca_sar,1,2
0.06970589,2,pca_sar,1,2
0.09797625,2,pca_sar,1,2
0.15599224,2,pca_sar,1,2
0.16507474,2,pca_sar,1,2
0.28019524,2,pca_sar,1,2
0.16174337,2,pca_sar,1,2
0.11558065,2,pca_sar,1,2
0.04425019,2,pca_sar,1,2
0.05854766,2,pca_sar,1,2
0.09573972,2,pca_sar,1,2
0.11521327,2,pca_sar,1,2
0.14495803,2,pca_sar,1,2
0.069681264,2,pca_sar,1,2
0.13899794,2,pca_sar,1,2
0.16111565,2,pca_sar,1,2
0.17986354,2,pca_sar,1,2
0.1581731,2,pca_sar,1,2
0.10554717,2,pca_sar,1,2
0.16882798,2,pca_sar,1,2
0.048088383,2,pca_sar,1,2
0.110943966,2,pca_sar,1,2
0.13754773,2,pca_sar,1,2
0.16387345,2,pca_sar,1,2
0.0878208,2,pca_sar,1,2
0.06937579,2,pca_sar,1,2
0.13725927,2,pca_sar,1,2
0.14674495,2,pca_sar,1,2
0.11979046,2,pca_sar,1,2
0.0066229403,2,pca_sar,1,2
0.0903181,2,pca_sar,1,2
0.12979826,2,pca_sar,1,2
0.1673815,2,pca_sar,1,2
0.1771338,2,pca_sar,1,2
0.14095409,2,pca_sar,1,2
0.15777624,2,pca_sar,1,2
0.07764135,2,pca_sar,1,2
0.057504766,2,pca_sar,1,2
0.16025406,2,pca_sar,1,2
0.13885579,2,pca_sar,1,2
0.18599606,2,pca_sar,1,2
0.1698477,2,pca_sar,1,2
0.0593912,2,pca_sar,1,2
0.12464785,2,pca_sar,1,2
0.12253353,2,pca_sar,1,2
0.12945479,2,pca_sar,1,2
0.11128808,2,pca_sar,1,2
0.15559775,2,pca_sar,1,2
0.20043877,2,pca_sar,1,2
0.14095995,2,pca_sar,1,2
0.14832407,2,pca_sar,1,2
0.13346472,2,pca_sar,1,2
0.11436939,2,pca_sar,1,2
0.15589675,2,pca_sar,1,2
0.11809673,2,pca_sar,1,2
0.17477046,2,pca_sar,1,2
0.20837407,2,pca_sar,1,2
0.13284348,2,pca_sar,1,2
0.09690258,2,pca_sar,1,2
0.11772728,2,pca_sar,1,2
0.03152328,2,pca_sar,1,2
0.17642975,2,pca_sar,1,2
0.12012517,2,pca_sar,1,2
0.13842015,2,pca_sar,1,2
0.16665432,2,pca_sar,1,2
0.11607127,2,pca_sar,1,2
0.053065117,2,pca_sar,1,2
0.09195775,2,pca_sar,1,2
0.101203986,2,pca_sar,1,2
0.10140672,2,pca_sar,1,2
0.124769084,2,pca_sar,1,2
0.10598851,2,pca_sar,1,2
0.17342724,2,pca_sar,1,2
0.122048244,2,pca_sar,1,2
0.088450365,2,pca_sar,1,2
0.07020536,2,pca_sar,1,2
0.12098203,2,pca_sar,1,2
0.029933577,2,pca_sar,1,2
0.028495608,2,pca_sar,1,2
0.056788366,2,pca_sar,1,2
0.08393139,2,pca_sar,1,2
0.075238064,2,pca_sar,1,2
0.1410444,2,pca_sar,1,2
0.07939619,2,pca_sar,1,2
0.08478311,2,pca_sar,1,2
0.13080299,2,pca_sar,1,2
0.14072281,2,pca_sar,1,2
0.11131008,2,pca_sar,1,2
0.064156376,2,pca_sar,1,2
0.10438639,2,pca_sar,1,2
0.0022337362,2,pca_sar,1,2
0.006189527,2,pca_sar,1,2
0.05795906,2,pca_sar,1,2
0.13855454,2,pca_sar,1,2
0.06107907,2,pca_sar,1,2
0.16947186,2,pca_sar,1,2
0.07471906,2,pca_sar,1,2
0.0871611,2,pca_sar,1,2
0.08584062,2,pca_sar,1,2
0.11093257,2,pca_sar,1,2
0.11862486,2,pca_sar,1,2
0.057222035,2,pca_sar,1,2
0.098475106,2,pca_sar,1,2
0.027120505,2,pca_sar,1,2
0.031212915,2,pca_sar,1,2
0.091921076,2,pca_sar,1,2
0.071346015,2,pca_sar,1,2
0.06397301,2,pca_sar,1,2
0.2041212,2,pca_sar,1,2
0.10752918,2,pca_sar,1,2
0.10913031,2,pca_sar,1,2
0.079936765,2,pca_sar,1,2
0.09230399,2,pca_sar,1,2
0.09507899,2,pca_sar,1,2
0.06325128,2,pca_sar,1,2
0.11820671,2,pca_sar,1,2
-0.010177009,2,pca_sar,1,2
0.02162648,2,pca_sar,1,2
0.08371619,2,pca_sar,1,2
0.047136597,2,pca_sar,1,2
0.11483659,2,pca_sar,1,2
0.058688167,2,pca_sar,1,2
0.06884431,2,pca_sar,1,2
0.33601978,2,pca_sar,1,2
0.24082036,2,pca_sar,1,2
0.23931764,2,pca_sar,1,2
0.20163712,2,pca_sar,1,2
0.20146905,2,pca_sar,1,2
0.22828984,2,pca_sar,1,2
0.23103887,2,pca_sar,1,2
0.24420229,2,pca_sar,1,2
0.108409986,2,pca_sar,1,2
0.07632235,2,pca_sar,1,2
0.16684714,2,pca_sar,1,2
0.18660969,2,pca_sar,1,2
0.28380504,2,pca_sar,1,2
0.20077759,2,pca_sar,1,2
0.106038354,2,pca_sar,1,2
0.09989528,7,pca_sar,1,2
0.011244473,7,pca_sar,1,2
-0.010196686,7,pca_sar,1,2
0.047237717,7,pca_sar,1,2
0.20337255,7,pca_sar,1,2
0.19442752,7,pca_sar,1,2
0.087487355,7,pca_sar,1,2
0.026462324,7,pca_sar,1,2
0.047575645,7,pca_sar,1,2
0.055253986,7,pca_sar,1,2
0.16760238,7,pca_sar,1,2
0.16820809,7,pca_sar,1,2
0.13511203,7,pca_sar,1,2
0.15661052,7,pca_sar,1,2
0.19234718,7,pca_sar,1,2
0.13365072,7,pca_sar,1,2
0.058992222,7,pca_sar,1,2
0.048446458,7,pca_sar,1,2
0.0751192,7,pca_sar,1,2
0.04078646,7,pca_sar,1,2
0.061064776,7,pca_sar,1,2
0.15125084,7,pca_sar,1,2
0.1701847,7,pca_sar,1,2
-0.075712875,7,pca_sar,1,2
0.11522809,7,pca_sar,1,2
0.18745907,7,pca_sar,1,2
0.16881922,7,pca_sar,1,2
0.121788755,7,pca_sar,1,2
0.057050526,7,pca_sar,1,2
0.052996118,7,pca_sar,1,2
0.051786628,7,pca_sar,1,2
0.12165327,7,pca_sar,1,2
0.121640675,7,pca_sar,1,2
0.117389664,7,pca_sar,1,2
0.15096776,7,pca_sar,1,2
0.11402248,7,pca_sar,1,2
-0.028286213,7,pca_sar,1,2
0.025837965,7,pca_sar,1,2
0.0623238,7,pca_sar,1,2
0.110727414,7,pca_sar,1,2
0.11372748,7,pca_sar,1,2
0.0719939,7,pca_sar,1,2
0.095250085,7,pca_sar,1,2
0.13436976,7,pca_sar,1,2
0.13474748,7,pca_sar,1,2
0.122649,7,pca_sar,1,2
0.07189871,7,pca_sar,1,2
0.087764814,7,pca_sar,1,2
0.127498,7,pca_sar,1,2
0.089089,7,pca_sar,1,2
0.107876465,7,pca_sar,1,2
0.08840118,7,pca_sar,1,2
0.107953675,7,pca_sar,1,2
0.0837433,7,pca_sar,1,2
0.08471362,7,pca_sar,1,2
0.15842064,7,pca_sar,1,2
0.15870757,7,pca_sar,1,2
0.15647578,7,pca_sar,1,2
0.20116997,7,pca_sar,1,2
0.16130218,7,pca_sar,1,2
0.2038154,7,pca_sar,1,2
0.07785665,7,pca_sar,1,2
0.09098848,7,pca_sar,1,2
0.04691501,7,pca_sar,1,2
0.10490943,7,pca_sar,1,2
0.21284351,7,pca_sar,1,2
0.2174399,7,pca_sar,1,2
0.12163813,7,pca_sar,1,2
0.022350606,7,pca_sar,1,2
0.10149489,7,pca_sar,1,2
0.14642501,7,pca_sar,1,2
0.19317627,7,pca_sar,1,2
0.14970595,7,pca_sar,1,2
0.16343445,7,pca_sar,1,2
0.18034016,7,pca_sar,1,2
0.2849491,7,pca_sar,1,2
0.20186105,7,pca_sar,1,2
0.11973415,7,pca_sar,1,2
0.113487795,7,pca_sar,1,2
0.07915108,7,pca_sar,1,2
0.117766015,7,pca_sar,1,2
0.17294294,7,pca_sar,1,2
0.19172907,7,pca_sar,1,2
0.11819565,7,pca_sar,1,2
-0.018176101,7,pca_sar,1,2
0.14499676,7,pca_sar,1,2
0.16842943,7,pca_sar,1,2
0.14313757,7,pca_sar,1,2
0.1516017,7,pca_sar,1,2
0.113953635,7,pca_sar,1,2
0.123280674,7,pca_sar,1,2
0.13595298,7,pca_sar,1,2
0.13641769,7,pca_sar,1,2
0.17817034,7,pca_sar,1,2
0.12824282,7,pca_sar,1,2
0.14568542,7,pca_sar,1,2
0.09321855,7,pca_sar,1,2
-0.034592606,7,pca_sar,1,2
0.062385242,7,pca_sar,1,2
0.08405974,7,pca_sar,1,2
0.09350899,7,pca_sar,1,2
0.10148904,7,pca_sar,1,2
0.0931034,7,pca_sar,1,2
0.119299434,7,pca_sar,1,2
0.12728897,7,pca_sar,1,2
0.13346912,7,pca_sar,1,2
0.1041439,7,pca_sar,1,2
0.08375335,7,pca_sar,1,2
0.124040574,7,pca_sar,1,2
0.12564075,7,pca_sar,1,2
0.113597326,7,pca_sar,1,2
0.123194724,7,pca_sar,1,2
0.14034696,7,pca_sar,1,2
0.08460237,7,pca_sar,1,2
0.041663874,7,pca_sar,1,2
0.08543426,7,pca_sar,1,2
0.17713207,7,pca_sar,1,2
0.16596487,7,pca_sar,1,2
0.21225578,7,pca_sar,1,2
0.18093412,7,pca_sar,1,2
0.13308069,7,pca_sar,1,2
0.2073761,7,pca_sar,1,2
0.2576083,2,pca_sar,1,2
0.087952554,2,pca_sar,1,2
0.28765446,2,pca_sar,1,2
0.0514012,2,pca_sar,1,2
0.07847251,2,pca_sar,1,2
0.088317774,2,pca_sar,1,2
0.09738203,2,pca_sar,1,2
0.07423348,2,pca_sar,1,2
0.10167652,2,pca_sar,1,2
0.12199606,2,pca_sar,1,2
0.15832818,2,pca_sar,1,2
0.124216735,2,pca_sar,1,2
0.104438424,2,pca_sar,1,2
0.075072,2,pca_sar,1,2
0.10573557,2,pca_sar,1,2
0.08298842,2,pca_sar,1,2
0.11580687,2,pca_sar,1,2
0.120667055,2,pca_sar,1,2
0.12285806,2,pca_sar,1,2
0.12396784,2,pca_sar,1,2
0.106022485,2,pca_sar,1,2
0.12389128,2,pca_sar,1,2
0.09638159,2,pca_sar,1,2
0.07066205,2,pca_sar,1,2
0.15655935,2,pca_sar,1,2
0.1407798,2,pca_sar,1,2
0.08661777,2,pca_sar,1,2
0.024569504,2,pca_sar,1,2
0.029006839,2,pca_sar,1,2
0.10751688,2,pca_sar,1,2
0.06740731,2,pca_sar,1,2
0.110410176,2,pca_sar,1,2
0.11741177,2,pca_sar,1,2
0.2177573,2,pca_sar,1,2
0.06283573,2,pca_sar,1,2
0.03301721,2,pca_sar,1,2
0.08202188,2,pca_sar,1,2
0.08417551,2,pca_sar,1,2
0.07068925,2,pca_sar,1,2
0.09168139,2,pca_sar,1,2
0.051290184,2,pca_sar,1,2
0.11300033,2,pca_sar,1,2
0.15435985,2,pca_sar,1,2
0.2037418,2,pca_sar,1,2
0.070078105,2,pca_sar,1,2
0.045630414,2,pca_sar,1,2
0.097307585,2,pca_sar,1,2
0.13520479,2,pca_sar,1,2
0.07740498,2,pca_sar,1,2
0.10320418,2,pca_sar,1,2
0.103468075,2,pca_sar,1,2
0.1275967,2,pca_sar,1,2
0.034261443,2,pca_sar,1,2
0.0019042604,2,pca_sar,1,2
0.1006728,2,pca_sar,1,2
0.13021049,2,pca_sar,1,2
0.11962961,2,pca_sar,1,2
0.10833737,2,pca_sar,1,2
-0.022611205,2,pca_sar,1,2
0.08921181,2,pca_sar,1,2
0.060202945,2,pca_sar,1,2
0.0136315115,2,pca_sar,1,2
0.067467,2,pca_sar,1,2
0.021179471,2,pca_sar,1,2
0.01693206,2,pca_sar,1,2
0.08492868,2,pca_sar,1,2
0.066820934,2,pca_sar,1,2
0.07221837,2,pca_sar,1,2
0.103605755,2,pca_sar,1,2
0.084087156,2,pca_sar,1,2
0.09093759,2,pca_sar,1,2
0.040528707,2,pca_sar,1,2
-0.020415977,2,pca_sar,1,2
-0.014818206,2,pca_sar,1,2
-0.018293232,2,pca_sar,1,2
-0.01975812,2,pca_sar,1,2
0.08301109,2,pca_sar,1,2
0.058507085,2,pca_sar,1,2
0.06182199,2,pca_sar,1,2
0.062360898,2,pca_sar,1,2
0.12362843,2,pca_sar,1,2
0.119966716,2,pca_sar,1,2
0.13971233,2,pca_sar,1,2
0.13001356,2,pca_sar,1,2
0.08828837,2,pca_sar,1,2
0.07376372,2,pca_sar,1,2
0.02150146,2,pca_sar,1,2
0.036422495,2,pca_sar,1,2
-0.02239751,2,pca_sar,1,2
0.013725607,2,pca_sar,1,2
-6.9044065e-05,2,pca_sar,1,2
0.053094026,2,pca_sar,1,2
0.09563027,2,pca_sar,1,2
0.09170334,2,pca_sar,1,2
0.081653014,2,pca_sar,1,2
0.09430663,2,pca_sar,1,2
0.06928195,2,pca_sar,1,2
0.043894798,2,pca_sar,1,2
0.020872373,2,pca_sar,1,2
-0.00029779412,2,pca_sar,1,2
0.007706959,2,pca_sar,1,2
-0.056477364,2,pca_sar,1,2
0.019598618,2,pca_sar,1,2
0.026889633,2,pca_sar,1,2
-0.0013300162,2,pca_sar,1,2
0.02038796,2,pca_sar,1,2
0.09399013,2,pca_sar,1,2
0.09526798,2,pca_sar,1,2
0.095754236,2,pca_sar,1,2
0.08113253,2,pca_sar,1,2
0.10341312,2,pca_sar,1,2
0.10290549,2,pca_sar,1,2
0.022992386,2,pca_sar,1,2
0.115789235,2,pca_sar,1,2
0.051025674,2,pca_sar,1,2
0.109674856,2,pca_sar,1,2
0.1532825,2,pca_sar,1,2
0.10844113,2,pca_sar,1,2
0.16716605,2,pca_sar,1,2
0.08643676,2,pca_sar,1,2
0.060524926,2,pca_sar,1,2
0.12464675,2,pca_sar,1,2
0.14835311,2,pca_sar,1,2
0.1812352,2,pca_sar,1,2
0.17091964,2,pca_sar,1,2
0.17473038,2,pca_sar,1,2
0.16102289,2,pca_sar,1,2
0.104885146,2,pca_sar,1,2
0.1675645,2,pca_sar,1,2
0.071417935,2,pca_sar,1,2
0.12025884,2,pca_sar,1,2
0.14949264,2,pca_sar,1,2
0.12535137,2,pca_sar,1,2
0.17349166,2,pca_sar,1,2
0.036532745,2,pca_sar,1,2
0.05877728,2,pca_sar,1,2
0.071632594,2,pca_sar,1,2
0.044111066,2,pca_sar,1,2
0.09926087,2,pca_sar,1,2
0.09142676,2,pca_sar,1,2
0.08937836,2,pca_sar,1,2
0.05301311,2,pca_sar,1,2
0.0905862,2,pca_sar,1,2
0.16029389,2,pca_sar,1,2
0.09770267,2,pca_sar,1,2
0.14955735,2,pca_sar,1,2
0.140095,2,pca_sar,1,2
0.04169874,2,pca_sar,1,2
0.11887385,2,pca_sar,1,2
-0.03139312,2,pca_sar,1,2
0.072931215,2,pca_sar,1,2
0.06144651,2,pca_sar,1,2
0.10306492,2,pca_sar,1,2
0.07923971,2,pca_sar,1,2
0.0055305064,2,pca_sar,1,2
0.11572111,2,pca_sar,1,2
0.14172432,2,pca_sar,1,2
0.078740284,2,pca_sar,1,2
0.12933213,2,pca_sar,1,2
0.1546559,2,pca_sar,1,2
0.07708032,2,pca_sar,1,2
0.18878937,2,pca_sar,1,2
0.118869096,2,pca_sar,1,2
0.07390307,2,pca_sar,1,2
0.090456426,2,pca_sar,1,2
0.12704083,2,pca_sar,1,2
0.10475643,2,pca_sar,1,2
0.17908607,2,pca_sar,1,2
0.095229015,2,pca_sar,1,2
0.111366615,2,pca_sar,1,2
0.11366337,2,pca_sar,1,2
0.12719387,2,pca_sar,1,2
0.088132225,2,pca_sar,1,2
0.13943498,2,pca_sar,1,2
0.18801753,2,pca_sar,1,2
0.12600826,2,pca_sar,1,2
0.1836035,2,pca_sar,1,2
0.16013204,2,pca_sar,1,2
0.12583473,2,pca_sar,1,2
0.10269223,2,pca_sar,1,2
0.14361268,2,pca_sar,1,2
0.20167232,2,pca_sar,1,2
0.15740888,2,pca_sar,1,2
0.0893615,2,pca_sar,1,2
0.033246085,2,pca_sar,1,2
0.097332716,2,pca_sar,1,2
0.13614589,2,pca_sar,1,2
0.15859947,2,pca_sar,1,2
0.19462442,2,pca_sar,1,2
0.14229777,2,pca_sar,1,2
0.16646156,2,pca_sar,1,2
0.061187766,2,pca_sar,1,2
0.017222572,2,pca_sar,1,2
0.14279595,2,pca_sar,1,2
0.13000494,2,pca_sar,1,2
0.17191455,2,pca_sar,1,2
0.17379206,2,pca_sar,1,2
0.092519924,2,pca_sar,1,2
0.087779954,2,pca_sar,1,2
0.13680391,2,pca_sar,1,2
0.13713686,2,pca_sar,1,2
0.13296647,2,pca_sar,1,2
0.11783606,2,pca_sar,1,2
0.116791874,2,pca_sar,1,2
0.13850345,2,pca_sar,1,2
0.17057541,2,pca_sar,1,2
0.06745519,2,pca_sar,1,2
0.09530175,2,pca_sar,1,2
0.101834826,2,pca_sar,1,2
0.14005366,2,pca_sar,1,2
0.08050834,2,pca_sar,1,2
0.114105135,2,pca_sar,1,2
0.11838731,2,pca_sar,1,2
0.11724394,2,pca_sar,1,2
0.1495411,2,pca_sar,1,2
0.06998442,2,pca_sar,1,2
0.082651965,2,pca_sar,1,2
0.10968124,2,pca_sar,1,2
0.06949989,2,pca_sar,1,2
0.10337645,2,pca_sar,1,2
0.086249314,2,pca_sar,1,2
0.029975336,2,pca_sar,1,2
0.07862188,2,pca_sar,1,2
0.07459146,2,pca_sar,1,2
0.0714615,2,pca_sar,1,2
0.05725371,2,pca_sar,1,2
0.12777683,2,pca_sar,1,2
0.12918964,2,pca_sar,1,2
0.1329726,2,pca_sar,1,2
0.07196762,2,pca_sar,1,2
0.035572246,2,pca_sar,1,2
0.050876193,2,pca_sar,1,2
-0.006140664,2,pca_sar,1,2
0.07783222,2,pca_sar,1,2
0.073252544,2,pca_sar,1,2
0.036841948,2,pca_sar,1,2
0.031455893,2,pca_sar,1,2
0.19257317,2,pca_sar,1,2
0.12535527,2,pca_sar,1,2
0.17148554,2,pca_sar,1,2
0.18932164,2,pca_sar,1,2
0.14522567,2,pca_sar,1,2
0.09741313,2,pca_sar,1,2
0.064785555,2,pca_sar,1,2
0.050533276,2,pca_sar,1,2
0.04245528,2,pca_sar,1,2
0.1515029,2,pca_sar,1,2
0.14130431,2,pca_sar,1,2
0.11115548,2,pca_sar,1,2
0.083559856,2,pca_sar,1,2
0.14646347,2,pca_sar,1,2
0.0947478,2,pca_sar,1,2
0.09712664,2,pca_sar,1,2
0.08062436,2,pca_sar,1,2
0.076419264,2,pca_sar,1,2
0.088695094,2,pca_sar,1,2
0.018159542,2,pca_sar,1,2
0.0017042048,2,pca_sar,1,2
0.0077216458,2,pca_sar,1,2
0.086009726,2,pca_sar,1,2
0.11028809,2,pca_sar,1,2
0.056444336,2,pca_sar,1,2
0.04410146,2,pca_sar,1,2
0.1885962,2,pca_sar,1,2
0.14458987,2,pca_sar,1,2
0.12461836,2,pca_sar,1,2
0.09840836,2,pca_sar,1,2
0.11654198,2,pca_sar,1,2
0.10004881,2,pca_sar,1,2
0.074484035,2,pca_sar,1,2
0.08195416,2,pca_sar,1,2
0.06990615,2,pca_sar,1,2
0.16346817,2,pca_sar,1,2
0.2076179,2,pca_sar,1,2
0.16668722,2,pca_sar,1,2
0.19456515,2,pca_sar,1,2
0.07847508,2,pca_sar,1,2
0.08042037,2,pca_sar,1,2
0.26575148,2,pca_sar,1,2
0.22968334,2,pca_sar,1,2
0.21732177,2,pca_sar,1,2
0.2059566,2,pca_sar,1,2
0.19347811,2,pca_sar,1,2
0.1764539,2,pca_sar,1,2
0.10252392,2,pca_sar,1,2
0.0877299,2,pca_sar,1,2
0.058249183,2,pca_sar,1,2
0.17173168,2,pca_sar,1,2
0.196849,2,pca_sar,1,2
0.20545755,2,pca_sar,1,2
0.20840755,2,pca_sar,1,2
0.031677786,2,pca_sar,1,2
0.07761201,2,pca_sar,1,2
0.09160201,2,pca_sar,1,2
0.057970345,2,pca_sar,1,2
0.10525919,2,pca_sar,1,2
0.10783941,2,pca_sar,1,2
0.12533073,2,pca_sar,1,2
0.09161828,2,pca_sar,1,2
0.07834916,2,pca_sar,1,2
0.08064485,2,pca_sar,1,2
0.09436227,2,pca_sar,1,2
0.1456165,2,pca_sar,1,2
0.10900156,2,pca_sar,1,2
0.06333547,2,pca_sar,1,2
0.12463653,2,pca_sar,1,2
-0.023551606,2,pca_sar,1,2
0.08988339,2,pca_sar,1,2
0.04642653,2,pca_sar,1,2
0.117563054,2,pca_sar,1,2
0.0672376,2,pca_sar,1,2
0.010327917,2,pca_sar,1,2
0.09239689,2,pca_sar,1,2
0.15668379,2,pca_sar,1,2
0.14210802,2,pca_sar,1,2
0.1401846,2,pca_sar,1,2
0.17590734,2,pca_sar,1,2
0.1155054,2,pca_sar,1,2
0.17004758,2,pca_sar,1,2
0.15383586,2,pca_sar,1,2
0.039045464,7,pca_sar,1,2
0.0669356,7,pca_sar,1,2
0.07971506,7,pca_sar,1,2
0.12200919,7,pca_sar,1,2
0.2628765,7,pca_sar,1,2
0.20244831,7,pca_sar,1,2
0.12767798,7,pca_sar,1,2
0.045234643,7,pca_sar,1,2
0.12753426,7,pca_sar,1,2
0.12571649,7,pca_sar,1,2
0.22662055,7,pca_sar,1,2
0.18577209,7,pca_sar,1,2
0.18003467,7,pca_sar,1,2
0.20126188,7,pca_sar,1,2
0.19284841,7,pca_sar,1,2
0.14994186,7,pca_sar,1,2
0.20853171,7,pca_sar,1,2
0.15439114,7,pca_sar,1,2
0.09019555,7,pca_sar,1,2
0.07961543,7,pca_sar,1,2
0.09748899,7,pca_sar,1,2
0.1677975,7,pca_sar,1,2
0.12262702,7,pca_sar,1,2
-0.017066048,7,pca_sar,1,2
0.1565961,7,pca_sar,1,2
0.21716067,7,pca_sar,1,2
0.19076586,7,pca_sar,1,2
0.20449701,7,pca_sar,1,2
0.12672995,7,pca_sar,1,2
0.17789443,7,pca_sar,1,2
0.15388532,7,pca_sar,1,2
0.14011875,7,pca_sar,1,2
0.1743507,7,pca_sar,1,2
0.11858621,7,pca_sar,1,2
0.12077008,7,pca_sar,1,2
0.04027652,7,pca_sar,1,2
-0.08372045,7,pca_sar,1,2
0.03136272,7,pca_sar,1,2
0.11111333,7,pca_sar,1,2
0.08252694,7,pca_sar,1,2
0.1566605,7,pca_sar,1,2
0.12646382,7,pca_sar,1,2
0.062140133,7,pca_sar,1,2
0.12412916,7,pca_sar,1,2
0.16881657,7,pca_sar,1,2
0.21828473,7,pca_sar,1,2
0.15403742,7,pca_sar,1,2
0.0024511945,7,pca_sar,1,2
0.09351723,7,pca_sar,1,2
0.084612146,7,pca_sar,1,2
0.061936274,7,pca_sar,1,2
0.0760576,7,pca_sar,1,2
0.07746943,7,pca_sar,1,2
0.03342472,7,pca_sar,1,2
0.02799455,7,pca_sar,1,2
0.00085357577,7,pca_sar,1,2
0.051584907,7,pca_sar,1,2
0.07855903,7,pca_sar,1,2
0.04495587,7,pca_sar,1,2
0.10707635,7,pca_sar,1,2
0.064167306,7,pca_sar,1,2
0.07460639,7,pca_sar,1,2
0.104642496,7,pca_sar,1,2
0.07802208,7,pca_sar,1,2
0.042862706,7,pca_sar,1,2
0.024016818,7,pca_sar,1,2
0.13488358,7,pca_sar,1,2
0.15585232,7,pca_sar,1,2
0.12599042,7,pca_sar,1,2
0.103814885,7,pca_sar,1,2
0.14360198,7,pca_sar,1,2
0.12695315,7,pca_sar,1,2
0.14596823,7,pca_sar,1,2
0.043625124,7,pca_sar,1,2
0.07698495,7,pca_sar,1,2
0.24228984,7,pca_sar,1,2
0.032682173,7,pca_sar,1,2
0.04610862,7,pca_sar,1,2
0.10251201,7,pca_sar,1,2
0.13725595,7,pca_sar,1,2
0.22127509,7,pca_sar,1,2
0.16670686,7,pca_sar,1,2
0.10622139,7,pca_sar,1,2
0.08416934,7,pca_sar,1,2
0.10804784,7,pca_sar,1,2
0.08873277,7,pca_sar,1,2
0.14223148,7,pca_sar,1,2
0.16680193,7,pca_sar,1,2
0.127899,7,pca_sar,1,2
0.20365891,7,pca_sar,1,2
0.18399161,7,pca_sar,1,2
0.18940485,7,pca_sar,1,2
0.17918493,7,pca_sar,1,2
0.13080499,7,pca_sar,1,2
0.10740374,7,pca_sar,1,2
0.075943425,7,pca_sar,1,2
0.121155106,7,pca_sar,1,2
0.22753763,7,pca_sar,1,2
0.15413415,7,pca_sar,1,2
-0.0017506611,7,pca_sar,1,2
0.11896011,7,pca_sar,1,2
0.1693413,7,pca_sar,1,2
0.15700942,7,pca_sar,1,2
0.045351475,7,pca_sar,1,2
0.10642271,7,pca_sar,1,2
0.11082792,7,pca_sar,1,2
0.057616405,7,pca_sar,1,2
0.093669906,7,pca_sar,1,2
0.121235624,7,pca_sar,1,2
0.122924484,7,pca_sar,1,2
0.18139632,7,pca_sar,1,2
0.09292361,7,pca_sar,1,2
-0.03268657,7,pca_sar,1,2
-0.040118717,7,pca_sar,1,2
0.052785516,7,pca_sar,1,2
0.103920326,7,pca_sar,1,2
0.13148817,7,pca_sar,1,2
0.09798152,7,pca_sar,1,2
0.08253791,7,pca_sar,1,2
0.13964495,7,pca_sar,1,2
0.18244061,7,pca_sar,1,2
0.15205175,7,pca_sar,1,2
0.06370763,7,pca_sar,1,2
0.032205075,7,pca_sar,1,2
0.07850074,7,pca_sar,1,2
0.05708857,7,pca_sar,1,2
0.08884568,7,pca_sar,1,2
0.11093082,7,pca_sar,1,2
-0.016281592,7,pca_sar,1,2
-0.047368437,7,pca_sar,1,2
0.033339497,7,pca_sar,1,2
-0.010428626,7,pca_sar,1,2
0.10397464,7,pca_sar,1,2
0.1147536,7,pca_sar,1,2
-0.031406283,7,pca_sar,1,2
-0.0071448125,7,pca_sar,1,2
0.064982116,7,pca_sar,1,2
0.17123526,7,pca_sar,1,2
0.18412292,7,pca_sar,1,2
0.07939623,7,pca_sar,1,2
-0.06844948,7,pca_sar,1,2
-0.007101074,7,pca_sar,1,2
0.18550417,7,pca_sar,1,2
0.19531146,7,pca_sar,1,2
0.10250911,7,pca_sar,1,2
-0.0025592027,7,pca_sar,1,2
0.07956608,7,pca_sar,1,2
0.13272241,7,pca_sar,1,2
0.18097064,7,pca_sar,1,2
0.047346983,7,pca_sar,1,2
0.0021916665,7,pca_sar,1,2
0.15880646,7,pca_sar,1,2
0.15890954,2,pca_sar,1,2
0.13804664,2,pca_sar,1,2
0.13454449,2,pca_sar,1,2
0.16499421,2,pca_sar,1,2
0.18115652,2,pca_sar,1,2
0.15898128,2,pca_sar,1,2
0.18810077,2,pca_sar,1,2
0.2204363,2,pca_sar,1,2
0.09917115,2,pca_sar,1,2
0.14373296,2,pca_sar,1,2
0.20130906,2,pca_sar,1,2
0.14675798,2,pca_sar,1,2
0.16808994,2,pca_sar,1,2
0.12444128,2,pca_sar,1,2
0.16120091,2,pca_sar,1,2
0.07332406,2,pca_sar,1,2
0.10153557,2,pca_sar,1,2
0.05367711,2,pca_sar,1,2
0.054119322,2,pca_sar,1,2
0.081322834,2,pca_sar,1,2
0.08286312,2,pca_sar,1,2
0.10638406,2,pca_sar,1,2
0.084196314,2,pca_sar,1,2
0.057522014,2,pca_sar,1,2
-0.017979603,2,pca_sar,1,2
0.12876336,2,pca_sar,1,2
0.15128201,2,pca_sar,1,2
0.2586481,2,pca_sar,1,2
0.1701892,2,pca_sar,1,2
0.16866761,2,pca_sar,1,2
0.18709671,2,pca_sar,1,2
0.21755756,2,pca_sar,1,2
0.185725,2,pca_sar,1,2
0.2057602,2,pca_sar,1,2
0.23399787,2,pca_sar,1,2
0.093508765,2,pca_sar,1,2
0.09212223,2,pca_sar,1,2
0.12465503,2,pca_sar,1,2
0.11253469,2,pca_sar,1,2
0.1833716,2,pca_sar,1,2
0.12948214,2,pca_sar,1,2
0.17408422,2,pca_sar,1,2
0.059545588,2,pca_sar,1,2
0.103846595,2,pca_sar,1,2
0.07687926,2,pca_sar,1,2
0.033686496,2,pca_sar,1,2
0.04448398,2,pca_sar,1,2
0.09158378,2,pca_sar,1,2
0.10060748,2,pca_sar,1,2
0.10162694,2,pca_sar,1,2
0.09811336,2,pca_sar,1,2
0.020372188,2,pca_sar,1,2
0.10446809,2,pca_sar,1,2
0.15630746,2,pca_sar,1,2
0.14684254,7,pca_sar,1,2
0.19585207,7,pca_sar,1,2
0.1031301,7,pca_sar,1,2
0.022402061,7,pca_sar,1,2
0.11818855,7,pca_sar,1,2
0.10780598,7,pca_sar,1,2
0.15420246,7,pca_sar,1,2
0.03132186,7,pca_sar,1,2
-0.026294032,7,pca_sar,1,2
0.107875034,7,pca_sar,1,2
0.0870394,7,pca_sar,1,2
0.13729137,7,pca_sar,1,2
0.054495737,7,pca_sar,1,2
0.011663916,7,pca_sar,1,2
0.105042234,7,pca_sar,1,2
0.23771429,7,pca_sar,1,2
0.3091006,7,pca_sar,1,2
0.13705929,7,pca_sar,1,2
0.064017475,7,pca_sar,1,2
0.17142849,7,pca_sar,1,2
0.14826424,7,pca_sar,1,2
0.24597132,7,pca_sar,1,2
0.10697578,7,pca_sar,1,2
-0.040750988,7,pca_sar,1,2
0.11810219,7,pca_sar,1,2
0.15519756,7,pca_sar,1,2
0.20553845,7,pca_sar,1,2
0.11463644,7,pca_sar,1,2
0.03827416,7,pca_sar,1,2
0.11003538,7,pca_sar,1,2
0.18530728,7,pca_sar,1,2
0.09343638,7,pca_sar,1,2
0.15350138,7,pca_sar,1,2
0.11752072,7,pca_sar,1,2
0.022397231,7,pca_sar,1,2
0.003454581,7,pca_sar,1,2
0.15543318,7,pca_sar,1,2
0.12086509,7,pca_sar,1,2
-0.014000462,7,pca_sar,1,2
0.00785847,7,pca_sar,1,2
0.048137028,7,pca_sar,1,2
0.053604454,7,pca_sar,1,2
0.12484813,7,pca_sar,1,2
0.16654015,7,pca_sar,1,2
0.15150197,7,pca_sar,1,2
-0.07205517,7,pca_sar,1,2
-0.09843681,7,pca_sar,1,2
-0.023766002,7,pca_sar,1,2
-0.07486493,7,pca_sar,1,2
0.013618749,7,pca_sar,1,2
0.032450218,7,pca_sar,1,2
0.027122904,7,pca_sar,1,2
-0.022381555,7,pca_sar,1,2
-0.0046233647,7,pca_sar,1,2
0.02259846,7,pca_sar,1,2
-0.09636485,7,pca_sar,1,2
0.023369085,7,pca_sar,1,2
0.031407807,7,pca_sar,1,2
0.042577833,7,pca_sar,1,2
0.04433493,7,pca_sar,1,2
0.12374737,7,pca_sar,1,2
0.077036105,7,pca_sar,1,2
-0.0035154521,7,pca_sar,1,2
0.16812456,7,pca_sar,1,2
0.25812337,7,pca_sar,1,2
0.25840035,7,pca_sar,1,2
0.14364246,7,pca_sar,1,2
0.23097527,7,pca_sar,1,2
0.20041107,7,pca_sar,1,2
0.14972131,7,pca_sar,1,2
0.15534487,7,pca_sar,1,2
0.115764715,7,pca_sar,1,2
0.11410177,7,pca_sar,1,2
0.07600848,7,pca_sar,1,2
0.02850057,7,pca_sar,1,2
0.0999544,7,pca_sar,1,2
0.08477003,7,pca_sar,1,2
0.061067853,7,pca_sar,1,2
0.014113786,7,pca_sar,1,2
0.059657827,7,pca_sar,1,2
0.07965523,7,pca_sar,1,2
0.22150925,7,pca_sar,1,2
0.17422697,7,pca_sar,1,2
0.12216331,7,pca_sar,1,2
-0.018390968,7,pca_sar,1,2
-0.08197236,7,pca_sar,1,2
-0.0013791695,7,pca_sar,1,2
-0.015444752,7,pca_sar,1,2
0.13857514,7,pca_sar,1,2
0.120551705,7,pca_sar,1,2
0.024242422,7,pca_sar,1,2
-0.023097087,7,pca_sar,1,2
0.008923214,7,pca_sar,1,2
0.030613804,7,pca_sar,1,2
-0.06520188,7,pca_sar,1,2
0.08461478,7,pca_sar,1,2
0.08525741,7,pca_sar,1,2
0.02181061,7,pca_sar,1,2
0.08147032,7,pca_sar,1,2
0.13104886,7,pca_sar,1,2
0.08973327,7,pca_sar,1,2
0.01004903,7,pca_sar,1,2
0.22122222,7,pca_sar,1,2
0.25107837,7,pca_sar,1,2
0.24688572,7,pca_sar,1,2
0.14368328,7,pca_sar,1,2
0.1941073,7,pca_sar,1,2
0.20798558,7,pca_sar,1,2
0.14980859,8,pca_sar,1,2
0.22102314,8,pca_sar,1,2
0.20588677,8,pca_sar,1,2
0.13562647,8,pca_sar,1,2
0.11912742,8,pca_sar,1,2
0.09285474,8,pca_sar,1,2
-0.11616604,8,pca_sar,1,2
-0.055130605,8,pca_sar,1,2
0.04432132,8,pca_sar,1,2
-0.029360253,8,pca_sar,1,2
0.029712856,8,pca_sar,1,2
0.09393909,8,pca_sar,1,2
0.005196534,8,pca_sar,1,2
0.0043084593,8,pca_sar,1,2
0.05177747,8,pca_sar,1,2
-0.04913373,8,pca_sar,1,2
-0.01800422,8,pca_sar,1,2
-0.007495299,8,pca_sar,1,2
0.08382145,8,pca_sar,1,2
0.11785196,8,pca_sar,1,2
0.10391165,8,pca_sar,1,2
0.09874648,8,pca_sar,1,2
0.14879915,8,pca_sar,1,2
0.07671314,8,pca_sar,1,2
0.06278221,8,pca_sar,1,2
0.08277808,8,pca_sar,1,2
0.05322208,8,pca_sar,1,2
0.0467159,8,pca_sar,1,2
0.07608063,8,pca_sar,1,2
0.09909515,8,pca_sar,1,2
0.114190295,8,pca_sar,1,2
0.14369506,8,pca_sar,1,2
0.10532517,8,pca_sar,1,2
0.12635368,8,pca_sar,1,2
0.07170085,8,pca_sar,1,2
0.10705849,8,pca_sar,1,2
-0.020262953,8,pca_sar,1,2
0.045657378,8,pca_sar,1,2
0.12622693,8,pca_sar,1,2
0.08981548,8,pca_sar,1,2
0.08277881,8,pca_sar,1,2
0.10356095,8,pca_sar,1,2
0.07362437,8,pca_sar,1,2
0.117232926,8,pca_sar,1,2
0.096795656,8,pca_sar,1,2
0.10432398,8,pca_sar,1,2
0.032040466,8,pca_sar,1,2
0.01673433,8,pca_sar,1,2
0.12960325,8,pca_sar,1,2
0.17156266,8,pca_sar,1,2
0.18093887,8,pca_sar,1,2
0.18099457,8,pca_sar,1,2
0.16281974,8,pca_sar,1,2
0.10214644,8,pca_sar,1,2
0.12905651,8,pca_sar,1,2
0.12670326,8,pca_sar,1,2
0.13042861,8,pca_sar,1,2
0.056842238,8,pca_sar,1,2
0.031980723,8,pca_sar,1,2
0.103432804,8,pca_sar,1,2
0.17485732,8,pca_sar,1,2
0.14868185,8,pca_sar,1,2
0.11231649,8,pca_sar,1,2
0.116844706,8,pca_sar,1,2
0.022213629,8,pca_sar,1,2
0.057523526,8,pca_sar,1,2
0.064993314,8,pca_sar,1,2
0.10437605,8,pca_sar,1,2
0.12064962,8,pca_sar,1,2
0.07315316,8,pca_sar,1,2
0.12293528,8,pca_sar,1,2
0.082240224,8,pca_sar,1,2
0.11046718,8,pca_sar,1,2
0.041152827,8,pca_sar,1,2
-0.14221998,8,pca_sar,1,2
-0.024405714,8,pca_sar,1,2
0.08768377,8,pca_sar,1,2
0.07241961,8,pca_sar,1,2
0.052928977,8,pca_sar,1,2
0.06602095,8,pca_sar,1,2
-0.059604295,8,pca_sar,1,2
0.009144256,8,pca_sar,1,2
0.063127786,8,pca_sar,1,2
0.007060198,8,pca_sar,1,2
0.036817364,8,pca_sar,1,2
0.054306604,8,pca_sar,1,2
0.09893322,8,pca_sar,1,2
0.070480496,8,pca_sar,1,2
0.14438409,8,pca_sar,1,2
0.14571737,8,pca_sar,1,2
0.16472402,8,pca_sar,1,2
0.13399506,8,pca_sar,1,2
0.12826136,8,pca_sar,1,2
0.072567455,8,pca_sar,1,2
0.018843863,8,pca_sar,1,2
0.050926775,8,pca_sar,1,2
0.13700369,8,pca_sar,1,2
0.18589583,8,pca_sar,1,2
0.18383153,8,pca_sar,1,2
0.1732927,8,pca_sar,1,2
0.15559605,8,pca_sar,1,2
0.19853428,8,pca_sar,1,2
0.090272926,8,pca_sar,1,2
0.029998818,8,pca_sar,1,2
-0.0003836006,8,pca_sar,1,2
0.11834615,8,pca_sar,1,2
0.09489287,8,pca_sar,1,2
0.15708396,8,pca_sar,1,2
0.19721939,8,pca_sar,1,2
0.1483263,8,pca_sar,1,2
0.13908234,8,pca_sar,1,2
0.1365858,8,pca_sar,1,2
0.17112307,8,pca_sar,1,2
0.06783692,8,pca_sar,1,2
0.11559038,8,pca_sar,1,2
0.1576104,8,pca_sar,1,2
0.13547626,8,pca_sar,1,2
0.14748476,8,pca_sar,1,2
0.16819972,8,pca_sar,1,2
0.09237629,8,pca_sar,1,2
0.13581133,8,pca_sar,1,2
0.14526871,8,pca_sar,1,2
0.14993578,8,pca_sar,1,2
0.05664988,8,pca_sar,1,2
0.113562934,8,pca_sar,1,2
0.1298315,8,pca_sar,1,2
0.0842751,8,pca_sar,1,2
0.032700494,8,pca_sar,1,2
0.09449914,8,pca_sar,1,2
0.0036980738,8,pca_sar,1,2
0.08125034,8,pca_sar,1,2
0.10188806,8,pca_sar,1,2
0.0471324,8,pca_sar,1,2
-0.049748488,8,pca_sar,1,2
0.046873502,8,pca_sar,1,2
0.013773303,8,pca_sar,1,2
0.14106816,7,pca_sar,1,2
0.14868236,7,pca_sar,1,2
0.09569748,7,pca_sar,1,2
0.15204582,7,pca_sar,1,2
0.09602867,7,pca_sar,1,2
0.05850955,7,pca_sar,1,2
0.105948284,7,pca_sar,1,2
0.15379436,7,pca_sar,1,2
0.066168234,7,pca_sar,1,2
0.036117997,7,pca_sar,1,2
0.060549207,7,pca_sar,1,2
0.034732487,7,pca_sar,1,2
0.2297874,7,pca_sar,1,2
0.16373271,7,pca_sar,1,2
0.15159315,7,pca_sar,1,2
0.014244077,7,pca_sar,1,2
-0.041292377,7,pca_sar,1,2
0.069045775,7,pca_sar,1,2
-0.029287808,7,pca_sar,1,2
0.15769808,7,pca_sar,1,2
0.10243298,7,pca_sar,1,2
0.034330588,7,pca_sar,1,2
0.011797568,7,pca_sar,1,2
-0.009809511,7,pca_sar,1,2
0.07235177,7,pca_sar,1,2
0.018595278,7,pca_sar,1,2
-0.0013090372,7,pca_sar,1,2
0.040186167,7,pca_sar,1,2
0.05197893,7,pca_sar,1,2
0.09416277,7,pca_sar,1,2
0.10630174,7,pca_sar,1,2
0.09486176,7,pca_sar,1,2
0.04352871,7,pca_sar,1,2
-0.022682337,7,pca_sar,1,2
0.05774547,7,pca_sar,1,2
0.08130882,7,pca_sar,1,2
0.06776895,7,pca_sar,1,2
0.07468315,7,pca_sar,1,2
-0.012627692,7,pca_sar,1,2
0.019143522,7,pca_sar,1,2
0.05667981,7,pca_sar,1,2
0.048130825,7,pca_sar,1,2
0.043818105,7,pca_sar,1,2
0.08056787,7,pca_sar,1,2
0.004500538,7,pca_sar,1,2
0.042616215,7,pca_sar,1,2
-0.003482012,7,pca_sar,1,2
0.02694276,7,pca_sar,1,2
0.046092212,7,pca_sar,1,2
-0.042299077,7,pca_sar,1,2
0.03770889,7,pca_sar,1,2
0.07709582,7,pca_sar,1,2
0.12732932,7,pca_sar,1,2
0.024385126,7,pca_sar,1,2
-0.009647412,7,pca_sar,1,2
-0.00056857616,7,pca_sar,1,2
0.11667907,7,pca_sar,1,2
0.10049829,7,pca_sar,1,2
0.018006653,7,pca_sar,1,2
0.088335715,7,pca_sar,1,2
0.068502694,7,pca_sar,1,2
0.14153752,7,pca_sar,1,2
0.17461348,7,pca_sar,1,2
0.09253197,7,pca_sar,1,2
0.08545719,7,pca_sar,1,2
0.13897462,7,pca_sar,1,2
-0.006325148,7,pca_sar,1,2
0.120862976,7,pca_sar,1,2
0.10685117,7,pca_sar,1,2
0.053479526,7,pca_sar,1,2
0.062310062,7,pca_sar,1,2
0.10932513,7,pca_sar,1,2
0.08467347,7,pca_sar,1,2
0.20054926,7,pca_sar,1,2
0.1446583,7,pca_sar,1,2
0.17129818,7,pca_sar,1,2
-0.009409409,7,pca_sar,1,2
-0.034132537,7,pca_sar,1,2
0.050900117,7,pca_sar,1,2
-0.031564377,7,pca_sar,1,2
0.24119508,7,pca_sar,1,2
0.17107448,7,pca_sar,1,2
0.053253632,7,pca_sar,1,2
0.059959006,7,pca_sar,1,2
-0.0038087554,7,pca_sar,1,2
0.0106791295,7,pca_sar,1,2
-0.018496338,7,pca_sar,1,2
0.14561091,7,pca_sar,1,2
0.028636498,7,pca_sar,1,2
0.018921033,7,pca_sar,1,2
0.13964967,7,pca_sar,1,2
0.16010395,7,pca_sar,1,2
0.15753122,7,pca_sar,1,2
0.07343223,7,pca_sar,1,2
-0.06394221,7,pca_sar,1,2
0.018414032,7,pca_sar,1,2
0.08869651,7,pca_sar,1,2
0.1202865,7,pca_sar,1,2
0.13746738,7,pca_sar,1,2
-0.00951151,7,pca_sar,1,2
0.056235995,7,pca_sar,1,2
0.04572133,7,pca_sar,1,2
0.08505851,7,pca_sar,1,2
0.07937777,7,pca_sar,1,2
0.09389979,7,pca_sar,1,2
-0.018336197,7,pca_sar,1,2
0.031007422,7,pca_sar,1,2
0.004526645,7,pca_sar,1,2
0.047471408,7,pca_sar,1,2
0.05038371,7,pca_sar,1,2
-0.040286146,7,pca_sar,1,2
0.0662111,7,pca_sar,1,2
0.05570945,7,pca_sar,1,2
0.040697858,7,pca_sar,1,2
-0.032135688,7,pca_sar,1,2
0.0070718187,7,pca_sar,1,2
-0.023184787,7,pca_sar,1,2
0.03493435,7,pca_sar,1,2
0.014053255,7,pca_sar,1,2
0.029950954,7,pca_sar,1,2
0.06697757,7,pca_sar,1,2
0.11349273,7,pca_sar,1,2
0.10858973,8,pca_sar,1,2
0.17212224,8,pca_sar,1,2
0.20449835,8,pca_sar,1,2
0.17721623,8,pca_sar,1,2
0.12049332,8,pca_sar,1,2
0.09215591,8,pca_sar,1,2
-0.10727763,8,pca_sar,1,2
-0.00042283535,8,pca_sar,1,2
-0.02524354,8,pca_sar,1,2
-0.04911451,8,pca_sar,1,2
0.0862925,8,pca_sar,1,2
0.11489891,8,pca_sar,1,2
0.003367968,8,pca_sar,1,2
0.016791144,8,pca_sar,1,2
0.050638832,8,pca_sar,1,2
-0.007633023,8,pca_sar,1,2
0.093545705,8,pca_sar,1,2
0.041167542,8,pca_sar,1,2
0.06808525,8,pca_sar,1,2
0.054897923,8,pca_sar,1,2
0.10036712,8,pca_sar,1,2
0.13932699,8,pca_sar,1,2
0.14926234,8,pca_sar,1,2
0.06988672,8,pca_sar,1,2
0.052705295,8,pca_sar,1,2
0.06137555,8,pca_sar,1,2
0.024245087,8,pca_sar,1,2
0.018211313,8,pca_sar,1,2
0.05536505,8,pca_sar,1,2
0.15958852,8,pca_sar,1,2
0.18259734,8,pca_sar,1,2
0.21347599,8,pca_sar,1,2
0.15983814,8,pca_sar,1,2
0.10745953,8,pca_sar,1,2
0.032490652,8,pca_sar,1,2
0.05270451,8,pca_sar,1,2
0.047662284,8,pca_sar,1,2
0.048573866,8,pca_sar,1,2
0.13633893,8,pca_sar,1,2
0.049096067,8,pca_sar,1,2
0.05139473,8,pca_sar,1,2
0.13515082,8,pca_sar,1,2
0.11818114,8,pca_sar,1,2
0.17226985,8,pca_sar,1,2
0.13157937,8,pca_sar,1,2
0.09234346,8,pca_sar,1,2
0.03485164,8,pca_sar,1,2
0.08189826,8,pca_sar,1,2
0.10158389,8,pca_sar,1,2
0.11394735,8,pca_sar,1,2
0.09353258,8,pca_sar,1,2
0.113485985,8,pca_sar,1,2
0.1311849,8,pca_sar,1,2
0.097377,8,pca_sar,1,2
0.19599089,8,pca_sar,1,2
0.17302974,8,pca_sar,1,2
0.14133888,8,pca_sar,1,2
0.06483744,8,pca_sar,1,2
0.07679484,8,pca_sar,1,2
0.06978877,8,pca_sar,1,2
0.113398254,8,pca_sar,1,2
0.094567075,8,pca_sar,1,2
0.05861277,8,pca_sar,1,2
0.10112843,8,pca_sar,1,2
0.016450489,8,pca_sar,1,2
0.09449732,8,pca_sar,1,2
0.052827075,8,pca_sar,1,2
0.07564026,8,pca_sar,1,2
0.077403,8,pca_sar,1,2
0.0048541613,8,pca_sar,1,2
0.11932339,8,pca_sar,1,2
0.089018665,8,pca_sar,1,2
0.07587142,2,pca_sar,1,2
0.06348399,2,pca_sar,1,2
0.103892595,2,pca_sar,1,2
-0.09843442,2,pca_sar,1,2
0.0031179693,2,pca_sar,1,2
-0.0012366008,2,pca_sar,1,2
0.014266115,2,pca_sar,1,2
0.016573891,2,pca_sar,1,2
0.021183211,2,pca_sar,1,2
0.130768,2,pca_sar,1,2
-0.020900555,2,pca_sar,1,2
-0.055823382,2,pca_sar,1,2
-0.022554103,2,pca_sar,1,2
0.009843363,2,pca_sar,1,2
0.014589031,2,pca_sar,1,2
0.06433344,2,pca_sar,1,2
0.094976224,2,pca_sar,1,2
0.10168512,2,pca_sar,1,2
0.047148027,2,pca_sar,1,2
0.01522718,2,pca_sar,1,2
-0.033982374,2,pca_sar,1,2
-0.09392382,2,pca_sar,1,2
-0.11353198,2,pca_sar,1,2
0.017334193,2,pca_sar,1,2
-0.00020009652,2,pca_sar,1,2
-0.0012118593,2,pca_sar,1,2
0.25355393,2,pca_sar,1,2
0.21946868,2,pca_sar,1,2
0.24730965,2,pca_sar,1,2
0.22890389,2,pca_sar,1,2
0.22039297,2,pca_sar,1,2
0.14952922,2,pca_sar,1,2
0.09432441,2,pca_sar,1,2
0.09461648,2,pca_sar,1,2
0.19772568,2,pca_sar,1,2
0.2788801,2,pca_sar,1,2
0.24363908,2,pca_sar,1,2
0.16279909,8,pca_sar,1,2
0.1216234,8,pca_sar,1,2
-0.14333507,8,pca_sar,1,2
-0.05919208,8,pca_sar,1,2
0.026926517,8,pca_sar,1,2
0.023848608,8,pca_sar,1,2
0.07626837,8,pca_sar,1,2
0.09285878,8,pca_sar,1,2
-0.05425727,8,pca_sar,1,2
-0.018564561,8,pca_sar,1,2
0.102779016,8,pca_sar,1,2
0.020576172,8,pca_sar,1,2
0.034541905,8,pca_sar,1,2
0.14543293,8,pca_sar,1,2
0.21646951,8,pca_sar,1,2
0.1798263,8,pca_sar,1,2
0.20367536,8,pca_sar,1,2
0.19681604,8,pca_sar,1,2
0.23301688,8,pca_sar,1,2
0.14438581,8,pca_sar,1,2
0.14533576,8,pca_sar,1,2
0.12142685,8,pca_sar,1,2
-0.011577062,8,pca_sar,1,2
0.016772468,8,pca_sar,1,2
0.075452626,8,pca_sar,1,2
0.15469106,8,pca_sar,1,2
0.19855882,8,pca_sar,1,2
0.22394356,8,pca_sar,1,2
0.17015424,8,pca_sar,1,2
0.15021235,8,pca_sar,1,2
0.10159357,8,pca_sar,1,2
0.12736031,8,pca_sar,1,2
0.05773175,8,pca_sar,1,2
0.14043027,8,pca_sar,1,2
0.10261072,8,pca_sar,1,2
0.10814962,8,pca_sar,1,2
0.18225257,8,pca_sar,1,2
0.1944318,8,pca_sar,1,2
0.22693041,8,pca_sar,1,2
0.16695957,8,pca_sar,1,2
0.11296722,8,pca_sar,1,2
0.049872164,8,pca_sar,1,2
0.08400072,8,pca_sar,1,2
0.13879389,8,pca_sar,1,2
0.10457868,8,pca_sar,1,2
0.11977193,8,pca_sar,1,2
0.11878069,8,pca_sar,1,2
0.055890463,8,pca_sar,1,2
0.14135495,8,pca_sar,1,2
0.10931884,8,pca_sar,1,2
0.1123228,8,pca_sar,1,2
0.023539476,8,pca_sar,1,2
0.062725425,8,pca_sar,1,2
0.08332564,8,pca_sar,1,2
0.028498936,8,pca_sar,1,2
0.010383269,8,pca_sar,1,2
-0.025844,8,pca_sar,1,2
-0.068982504,8,pca_sar,1,2
0.09834323,8,pca_sar,1,2
0.07068305,8,pca_sar,1,2
0.002392128,8,pca_sar,1,2
-0.07052455,8,pca_sar,1,2
-0.009676162,8,pca_sar,1,2
0.004820848,8,pca_sar,1,2
0.13364802,2,pca_sar,1,2
0.09528816,2,pca_sar,1,2
0.12837023,2,pca_sar,1,2
-0.08099676,2,pca_sar,1,2
-0.021513715,2,pca_sar,1,2
0.008051168,2,pca_sar,1,2
0.09165366,2,pca_sar,1,2
0.118440285,2,pca_sar,1,2
0.090933874,2,pca_sar,1,2
0.1454238,2,pca_sar,1,2
-0.025410417,2,pca_sar,1,2
-0.14068028,2,pca_sar,1,2
-0.05420801,2,pca_sar,1,2
0.0348451,2,pca_sar,1,2
0.035241347,2,pca_sar,1,2
0.007293623,2,pca_sar,1,2
0.070224285,2,pca_sar,1,2
0.07847561,2,pca_sar,1,2
0.008513409,2,pca_sar,1,2
-0.03582576,2,pca_sar,1,2
0.021808786,2,pca_sar,1,2
0.037702993,2,pca_sar,1,2
0.002435482,2,pca_sar,1,2
0.06489743,2,pca_sar,1,2
0.030328587,2,pca_sar,1,2
0.056936648,2,pca_sar,1,2
0.20868644,2,pca_sar,1,2
0.12978737,2,pca_sar,1,2
0.18179363,2,pca_sar,1,2
0.15517145,2,pca_sar,1,2
0.17707081,2,pca_sar,1,2
0.2815873,2,pca_sar,1,2
0.27375913,2,pca_sar,1,2
0.18800008,2,pca_sar,1,2
0.21663624,2,pca_sar,1,2
0.19570237,2,pca_sar,1,2
0.20719758,2,pca_sar,1,2
0.1478583,7,pca_sar,1,2
0.16139229,7,pca_sar,1,2
0.18999936,7,pca_sar,1,2
0.09863241,7,pca_sar,1,2
0.07521617,7,pca_sar,1,2
0.04610564,7,pca_sar,1,2
0.061485745,7,pca_sar,1,2
0.004176894,7,pca_sar,1,2
-0.06001884,7,pca_sar,1,2
-0.102991246,7,pca_sar,1,2
-0.12333594,7,pca_sar,1,2
0.012291729,7,pca_sar,1,2
-0.00889162,7,pca_sar,1,2
-0.018334892,7,pca_sar,1,2
-0.0016092062,7,pca_sar,1,2
-0.0089797545,7,pca_sar,1,2
-0.045771748,7,pca_sar,1,2
-0.043191932,7,pca_sar,1,2
0.026190829,7,pca_sar,1,2
-0.026883692,7,pca_sar,1,2
0.0038323142,7,pca_sar,1,2
0.07175563,7,pca_sar,1,2
0.07299025,7,pca_sar,1,2
0.11352506,7,pca_sar,1,2
0.19398959,7,pca_sar,1,2
0.14506206,7,pca_sar,1,2
0.16327444,7,pca_sar,1,2
0.12134722,7,pca_sar,1,2
0.0712637,7,pca_sar,1,2
0.06585847,7,pca_sar,1,2
0.03364882,7,pca_sar,1,2
0.038568392,7,pca_sar,1,2
-0.027867194,7,pca_sar,1,2
0.02841089,7,pca_sar,1,2
0.07623365,7,pca_sar,1,2
0.08738977,7,pca_sar,1,2
0.04029198,7,pca_sar,1,2
0.014142068,7,pca_sar,1,2
0.01803703,7,pca_sar,1,2
0.036933433,7,pca_sar,1,2
0.01845216,7,pca_sar,1,2
0.028095532,7,pca_sar,1,2
0.06346137,7,pca_sar,1,2
0.09950862,7,pca_sar,1,2
0.09743297,2,pca_sar,1,2
0.0270553,2,pca_sar,1,2
0.06437703,2,pca_sar,1,2
-0.09549531,2,pca_sar,1,2
-0.007681299,2,pca_sar,1,2
-0.05724912,2,pca_sar,1,2
0.04967411,2,pca_sar,1,2
0.0692088,2,pca_sar,1,2
0.05764729,2,pca_sar,1,2
0.08882548,2,pca_sar,1,2
0.02029592,2,pca_sar,1,2
-0.0752864,2,pca_sar,1,2
-0.10045377,2,pca_sar,1,2
0.014820084,2,pca_sar,1,2
-0.009531857,2,pca_sar,1,2
-0.045053545,2,pca_sar,1,2
0.023384504,2,pca_sar,1,2
0.047394797,2,pca_sar,1,2
-0.015080148,2,pca_sar,1,2
-0.029280772,2,pca_sar,1,2
-0.025432857,2,pca_sar,1,2
-0.0039120084,2,pca_sar,1,2
-0.011120617,2,pca_sar,1,2
-0.045297544,2,pca_sar,1,2
-0.04048616,2,pca_sar,1,2
-0.027751237,2,pca_sar,1,2
-0.03457611,2,pca_sar,1,2
-0.0855763,2,pca_sar,1,2
-0.06427562,2,pca_sar,1,2
-0.10971862,2,pca_sar,1,2
-0.041348033,2,pca_sar,1,2
0.002744779,2,pca_sar,1,2
0.020372026,2,pca_sar,1,2
0.054814495,2,pca_sar,1,2
0.055990756,2,pca_sar,1,2
0.0005278364,2,pca_sar,1,2
-0.0888488,2,pca_sar,1,2
-0.081788585,2,pca_sar,1,2
-0.03642392,2,pca_sar,1,2
-0.07176838,2,pca_sar,1,2
-0.07341257,2,pca_sar,1,2
-0.05518856,2,pca_sar,1,2
-0.056485474,2,pca_sar,1,2
-0.027449287,2,pca_sar,1,2
0.031658966,2,pca_sar,1,2
-0.0062063895,2,pca_sar,1,2
-0.113436446,2,pca_sar,1,2
-0.050578434,2,pca_sar,1,2
-0.04510674,2,pca_sar,1,2
-0.018580187,2,pca_sar,1,2
0.006727541,2,pca_sar,1,2
0.01136488,2,pca_sar,1,2
-0.0011509014,2,pca_sar,1,2
0.01654831,2,pca_sar,1,2
0.06776539,2,pca_sar,1,2
0.026514443,2,pca_sar,1,2
0.06890136,2,pca_sar,1,2
0.12375374,2,pca_sar,1,2
0.06982839,2,pca_sar,1,2
0.12111993,2,pca_sar,1,2
0.13454413,2,pca_sar,1,2
0.13001306,2,pca_sar,1,2
-0.058084633,2,pca_sar,1,2
0.021610664,2,pca_sar,1,2
-0.004397719,2,pca_sar,1,2
0.042972185,2,pca_sar,1,2
0.080941,2,pca_sar,1,2
0.035771303,2,pca_sar,1,2
0.1254042,2,pca_sar,1,2
0.03948971,2,pca_sar,1,2
-0.06443837,2,pca_sar,1,2
-0.11251308,2,pca_sar,1,2
-0.07988389,2,pca_sar,1,2
-0.04918257,2,pca_sar,1,2
-0.037384108,2,pca_sar,1,2
0.052400745,2,pca_sar,1,2
0.15596332,2,pca_sar,1,2
0.06513795,2,pca_sar,1,2
-0.013431783,2,pca_sar,1,2
0.022938497,2,pca_sar,1,2
0.00036520138,2,pca_sar,1,2
-0.034457013,2,pca_sar,1,2
0.0026489068,2,pca_sar,1,2
-0.031057823,2,pca_sar,1,2
0.022644147,2,pca_sar,1,2
-0.0037016468,2,pca_sar,1,2
0.001714062,2,pca_sar,1,2
0.04041937,2,pca_sar,1,2
-0.040597178,2,pca_sar,1,2
-0.036891114,2,pca_sar,1,2
0.037062854,2,pca_sar,1,2
0.08616005,2,pca_sar,1,2
0.07598311,2,pca_sar,1,2
0.057316124,2,pca_sar,1,2
0.0005240645,2,pca_sar,1,2
-0.028035164,2,pca_sar,1,2
-0.026552618,2,pca_sar,1,2
0.018338297,2,pca_sar,1,2
-0.03982907,2,pca_sar,1,2
-0.051922284,2,pca_sar,1,2
-0.016676752,2,pca_sar,1,2
0.018457908,2,pca_sar,1,2
0.09201815,2,pca_sar,1,2
0.11337082,2,pca_sar,1,2
0.023973756,2,pca_sar,1,2
-0.0375104,2,pca_sar,1,2
0.00376987,2,pca_sar,1,2
-0.026407745,2,pca_sar,1,2
0.0071119955,2,pca_sar,1,2
-0.031109983,2,pca_sar,1,2
-0.022629295,2,pca_sar,1,2
-0.020645138,2,pca_sar,1,2
-0.07121682,2,pca_sar,1,2
-0.012719591,2,pca_sar,1,2
0.016686775,2,pca_sar,1,2
0.06256237,2,pca_sar,1,2
0.13076949,2,pca_sar,1,2
0.08026742,2,pca_sar,1,2
0.098017074,2,pca_sar,1,2
0.13518587,2,pca_sar,1,2
0.106297605,2,pca_sar,1,2
0.07548803,2,pca_sar,1,2
0.08057979,2,pca_sar,1,2
0.07546461,2,pca_sar,1,2
0.077009425,2,pca_sar,1,2
0.16129875,2,pca_sar,1,2
0.22248071,2,pca_sar,1,2
0.1963822,2,pca_sar,1,2
0.03262683,2,pca_sar,1,2
0.013389142,2,pca_sar,1,2
0.05896078,2,pca_sar,1,2
-0.0059115794,2,pca_sar,1,2
0.005491253,2,pca_sar,1,2
0.0064132456,2,pca_sar,1,2
-0.073188365,2,pca_sar,1,2
-0.07759514,2,pca_sar,1,2
-0.1082627,2,pca_sar,1,2
0.044822656,2,pca_sar,1,2
0.031415746,2,pca_sar,1,2
-0.0073273443,2,pca_sar,1,2
0.10474302,2,pca_sar,1,2
0.15146784,2,pca_sar,1,2
0.17153373,2,pca_sar,1,2
0.12046833,2,pca_sar,1,2
0.16581252,2,pca_sar,1,2
0.16300067,2,pca_sar,1,2
0.12225183,2,pca_sar,1,2
0.21220607,2,pca_sar,1,2
0.22155496,2,pca_sar,1,2
0.19036555,2,pca_sar,1,2
0.062008243,2,pca_sar,1,2
0.03482726,2,pca_sar,1,2
0.09240922,2,pca_sar,1,2
-0.017436016,2,pca_sar,1,2
-0.004290051,2,pca_sar,1,2
0.0076097716,2,pca_sar,1,2
0.023387428,2,pca_sar,1,2
0.04367178,2,pca_sar,1,2
-0.022539359,2,pca_sar,1,2
0.030712983,2,pca_sar,1,2
0.037668876,2,pca_sar,1,2
0.041114,2,pca_sar,1,2
0.011648245,8,pca_sar,1,2
0.042002514,8,pca_sar,1,2
0.051642127,8,pca_sar,1,2
0.11493945,8,pca_sar,1,2
0.017296743,8,pca_sar,1,2
0.04513685,8,pca_sar,1,2
0.09421156,8,pca_sar,1,2
0.09164829,8,pca_sar,1,2
0.2801659,8,pca_sar,1,2
0.0568086,8,pca_sar,1,2
-0.0335953,8,pca_sar,1,2
0.030607928,8,pca_sar,1,2
0.105195984,8,pca_sar,1,2
0.14480942,8,pca_sar,1,2
0.1953722,8,pca_sar,1,2
0.20220959,8,pca_sar,1,2
0.33885372,8,pca_sar,1,2
0.027942823,8,pca_sar,1,2
-0.08230698,8,pca_sar,1,2
0.060418032,8,pca_sar,1,2
0.11499064,8,pca_sar,1,2
0.14301017,8,pca_sar,1,2
0.17716855,8,pca_sar,1,2
0.19390371,8,pca_sar,1,2
0.3380363,8,pca_sar,1,2
-0.09814416,8,pca_sar,1,2
0.07133872,8,pca_sar,1,2
0.1503894,8,pca_sar,1,2
0.1824753,8,pca_sar,1,2
0.17897741,8,pca_sar,1,2
0.1374793,8,pca_sar,1,2
0.29830492,8,pca_sar,1,2
-0.080172986,8,pca_sar,1,2
0.062258277,8,pca_sar,1,2
0.15942171,8,pca_sar,1,2
0.16499214,8,pca_sar,1,2
0.18183053,8,pca_sar,1,2
0.14365381,8,pca_sar,1,2
0.3210243,8,pca_sar,1,2
0.12513685,8,pca_sar,1,2
0.2263294,8,pca_sar,1,2
0.17547533,8,pca_sar,1,2
0.17650336,8,pca_sar,1,2
0.18150389,8,pca_sar,1,2
0.3455252,8,pca_sar,1,2
0.13910973,8,pca_sar,1,2
0.13876349,8,pca_sar,1,2
0.13158801,8,pca_sar,1,2
0.25780705,8,pca_sar,1,2
-0.048229482,8,pca_sar,1,2
0.037299022,8,pca_sar,1,2
0.10744706,8,pca_sar,1,2
0.13026525,8,pca_sar,1,2
0.021758715,8,pca_sar,1,2
0.094506845,8,pca_sar,1,2
0.122057945,8,pca_sar,1,2
0.17010157,8,pca_sar,1,2
0.16383626,8,pca_sar,1,2
0.091988705,8,pca_sar,1,2
-0.02275993,8,pca_sar,1,2
-0.0105702765,8,pca_sar,1,2
0.057002783,8,pca_sar,1,2
0.20551674,8,pca_sar,1,2
0.23912695,8,pca_sar,1,2
0.23729691,8,pca_sar,1,2
0.21826938,8,pca_sar,1,2
0.14080402,8,pca_sar,1,2
0.056070387,8,pca_sar,1,2
-0.03802118,8,pca_sar,1,2
0.050280835,8,pca_sar,1,2
0.044885956,8,pca_sar,1,2
0.20124851,8,pca_sar,1,2
0.24318631,8,pca_sar,1,2
0.22128646,8,pca_sar,1,2
0.20608997,8,pca_sar,1,2
0.13796219,8,pca_sar,1,2
0.110448435,8,pca_sar,1,2
0.0847883,8,pca_sar,1,2
-1.9859523e-05,8,pca_sar,1,2
0.1144004,8,pca_sar,1,2
0.11667636,8,pca_sar,1,2
0.1932378,8,pca_sar,1,2
0.22490445,8,pca_sar,1,2
0.20229062,8,pca_sar,1,2
0.21304667,8,pca_sar,1,2
0.15880108,8,pca_sar,1,2
0.05487687,8,pca_sar,1,2
0.0423572,8,pca_sar,1,2
-0.024101771,8,pca_sar,1,2
0.09748012,8,pca_sar,1,2
0.117575824,8,pca_sar,1,2
0.16056846,8,pca_sar,1,2
0.1929597,8,pca_sar,1,2
0.14324,8,pca_sar,1,2
0.13228261,8,pca_sar,1,2
0.115441,8,pca_sar,1,2
0.058073357,8,pca_sar,1,2
-0.034387626,8,pca_sar,1,2
0.19371864,8,pca_sar,1,2
0.18736434,8,pca_sar,1,2
0.15412869,8,pca_sar,1,2
0.15674555,8,pca_sar,1,2
0.16196743,8,pca_sar,1,2
0.18600094,8,pca_sar,1,2
0.18330897,8,pca_sar,1,2
0.11471056,8,pca_sar,1,2
0.110184826,8,pca_sar,1,2
0.17556778,8,pca_sar,1,2
0.22853304,8,pca_sar,1,2
0.18557408,8,pca_sar,1,2
0.27223864,8,pca_sar,1,2
0.22090574,8,pca_sar,1,2
0.19204265,8,pca_sar,1,2
0.13446477,8,pca_sar,1,2
0.13152048,8,pca_sar,1,2
0.090666324,8,pca_sar,1,2
0.08369802,8,pca_sar,1,2
0.14144373,8,pca_sar,1,2
0.117686085,8,pca_sar,1,2
0.005931697,8,pca_sar,1,2
0.20292583,8,pca_sar,1,2
0.22570646,8,pca_sar,1,2
0.10625589,8,pca_sar,1,2
0.0777583,8,pca_sar,1,2
0.13688082,8,pca_sar,1,2
0.13192579,8,pca_sar,1,2
0.11091199,8,pca_sar,1,2
0.14590481,8,pca_sar,1,2
0.1097797,8,pca_sar,1,2
0.2300427,8,pca_sar,1,2
0.434552,8,pca_sar,1,2
0.051501296,8,pca_sar,1,2
-0.020812921,8,pca_sar,1,2
0.06969603,8,pca_sar,1,2
0.14356501,8,pca_sar,1,2
0.2409202,8,pca_sar,1,2
0.2257303,8,pca_sar,1,2
0.26691845,8,pca_sar,1,2
0.4526413,8,pca_sar,1,2
0.024957988,8,pca_sar,1,2
-0.049951278,8,pca_sar,1,2
0.11749671,8,pca_sar,1,2
0.12320596,8,pca_sar,1,2
0.21006548,8,pca_sar,1,2
0.22780618,8,pca_sar,1,2
0.26821777,8,pca_sar,1,2
0.44132915,8,pca_sar,1,2
0.0064040124,8,pca_sar,1,2
0.17933382,8,pca_sar,1,2
0.1684808,8,pca_sar,1,2
0.16530183,8,pca_sar,1,2
0.18696591,8,pca_sar,1,2
0.2139511,8,pca_sar,1,2
0.40748984,8,pca_sar,1,2
0.04278773,8,pca_sar,1,2
0.19886145,8,pca_sar,1,2
0.20412086,8,pca_sar,1,2
0.16369012,8,pca_sar,1,2
0.16610794,8,pca_sar,1,2
0.17837162,8,pca_sar,1,2
0.40545726,8,pca_sar,1,2
0.16534099,8,pca_sar,1,2
0.20699097,8,pca_sar,1,2
0.15878806,8,pca_sar,1,2
0.15201452,8,pca_sar,1,2
0.1586017,8,pca_sar,1,2
0.41485804,8,pca_sar,1,2
0.1422069,8,pca_sar,1,2
0.13361043,8,pca_sar,1,2
0.12688252,8,pca_sar,1,2
0.32553378,8,pca_sar,1,2
0.30011952,8,pca_sar,1,2
0.2938658,8,pca_sar,1,2
0.26468745,8,pca_sar,1,2
0.22062477,8,pca_sar,1,2
0.23296906,8,pca_sar,1,2
0.22722211,8,pca_sar,1,2
0.18948409,8,pca_sar,1,2
0.14490725,8,pca_sar,1,2
0.100667246,8,pca_sar,1,2
0.25708684,8,pca_sar,1,2
0.25815663,8,pca_sar,1,2
0.21998015,8,pca_sar,1,2
0.20291957,8,pca_sar,1,2
0.13002534,8,pca_sar,1,2
0.069778994,8,pca_sar,1,2
0.058262672,8,pca_sar,1,2
0.018201392,8,pca_sar,1,2
0.0379347,8,pca_sar,1,2
0.22782128,8,pca_sar,1,2
0.19523127,8,pca_sar,1,2
0.16369826,8,pca_sar,1,2
0.1381345,8,pca_sar,1,2
0.07564727,8,pca_sar,1,2
0.010095937,8,pca_sar,1,2
-0.072497845,8,pca_sar,1,2
0.17660867,8,pca_sar,1,2
0.15558006,8,pca_sar,1,2
0.10919661,8,pca_sar,1,2
0.049463313,8,pca_sar,1,2
0.08308718,8,pca_sar,1,2
0.0055426955,8,pca_sar,1,2
-0.08472783,8,pca_sar,1,2
0.15208898,8,pca_sar,1,2
0.14012079,8,pca_sar,1,2
0.11936705,8,pca_sar,1,2
0.12792605,8,pca_sar,1,2
0.09017809,8,pca_sar,1,2
-0.04611922,8,pca_sar,1,2
0.2161673,8,pca_sar,1,2
0.06966336,8,pca_sar,1,2
-0.07292783,8,pca_sar,1,2
-0.01963459,8,pca_sar,1,2
0.13953157,8,pca_sar,1,2
0.17255318,8,pca_sar,1,2
0.20559502,8,pca_sar,1,2
0.2159839,8,pca_sar,1,2
0.20156246,8,pca_sar,1,2
0.1826573,8,pca_sar,1,2
0.2327981,8,pca_sar,1,2
0.2508318,8,pca_sar,1,2
0.08971656,8,pca_sar,1,2
0.018847456,8,pca_sar,1,2
0.09370121,8,pca_sar,1,2
0.13782561,8,pca_sar,1,2
0.14903578,8,pca_sar,1,2
0.19551842,8,pca_sar,1,2
0.19440426,8,pca_sar,1,2
0.20084143,8,pca_sar,1,2
0.20944268,8,pca_sar,1,2
0.02827301,8,pca_sar,1,2
-0.013338806,8,pca_sar,1,2
0.06964615,8,pca_sar,1,2
0.08330138,8,pca_sar,1,2
0.15554667,8,pca_sar,1,2
0.18720369,8,pca_sar,1,2
0.17702949,8,pca_sar,1,2
0.1987097,8,pca_sar,1,2
0.21058719,8,pca_sar,1,2
0.1887012,8,pca_sar,1,2
0.1295893,8,pca_sar,1,2
-0.02555123,8,pca_sar,1,2
0.07940769,8,pca_sar,1,2
0.11640185,8,pca_sar,1,2
0.16298538,8,pca_sar,1,2
0.18889934,8,pca_sar,1,2
0.19868377,8,pca_sar,1,2
0.21608359,8,pca_sar,1,2
0.20777714,8,pca_sar,1,2
0.18022029,8,pca_sar,1,2
0.14736798,8,pca_sar,1,2
-0.019721195,8,pca_sar,1,2
0.098798454,8,pca_sar,1,2
0.16317931,8,pca_sar,1,2
0.1710574,8,pca_sar,1,2
0.18116453,8,pca_sar,1,2
0.2036838,8,pca_sar,1,2
0.22017938,8,pca_sar,1,2
0.17405231,8,pca_sar,1,2
0.16988263,8,pca_sar,1,2
0.007999487,8,pca_sar,1,2
0.1339324,8,pca_sar,1,2
0.19363615,8,pca_sar,1,2
0.18551101,8,pca_sar,1,2
0.18109947,8,pca_sar,1,2
0.19598165,8,pca_sar,1,2
0.1861788,8,pca_sar,1,2
0.092365935,8,pca_sar,1,2
0.19061345,8,pca_sar,1,2
0.18024339,8,pca_sar,1,2
0.21283826,8,pca_sar,1,2
0.21202394,8,pca_sar,1,2
0.11355074,8,pca_sar,1,2
0.27009732,8,pca_sar,1,2
0.2533592,8,pca_sar,1,2
0.26431197,8,pca_sar,1,2
0.2218518,8,pca_sar,1,2
0.23000519,8,pca_sar,1,2
0.2671585,8,pca_sar,1,2
0.17011464,8,pca_sar,1,2
0.11875281,8,pca_sar,1,2
0.032043394,8,pca_sar,1,2
0.22480425,8,pca_sar,1,2
0.19007897,8,pca_sar,1,2
0.16516954,8,pca_sar,1,2
0.18102962,8,pca_sar,1,2
0.19193757,8,pca_sar,1,2
0.15216307,8,pca_sar,1,2
0.112242565,8,pca_sar,1,2
0.07054044,8,pca_sar,1,2
0.061801292,8,pca_sar,1,2
0.19531222,8,pca_sar,1,2
0.1808449,8,pca_sar,1,2
0.17200094,8,pca_sar,1,2
0.14336663,8,pca_sar,1,2
0.11358882,8,pca_sar,1,2
0.059345536,8,pca_sar,1,2
0.029930975,8,pca_sar,1,2
0.1974273,8,pca_sar,1,2
0.22907229,8,pca_sar,1,2
0.23085335,8,pca_sar,1,2
0.14284469,8,pca_sar,1,2
0.06487546,8,pca_sar,1,2
0.044280164,8,pca_sar,1,2
-0.0019592904,8,pca_sar,1,2
0.20634688,8,pca_sar,1,2
0.24361777,8,pca_sar,1,2
0.20682836,8,pca_sar,1,2
0.112538405,8,pca_sar,1,2
0.06460066,8,pca_sar,1,2
0.0057604276,8,pca_sar,1,2
0.1811388,8,pca_sar,1,2
-0.008665334,8,pca_sar,1,2
-0.10656508,8,pca_sar,1,2
0.2019906,8,pca_sar,1,2
0.17109945,8,pca_sar,1,2
0.1089621,8,pca_sar,1,2
0.1306707,8,pca_sar,1,2
0.18206413,8,pca_sar,1,2
0.07335636,8,pca_sar,1,2
0.129046,8,pca_sar,1,2
0.19621852,8,pca_sar,1,2
0.085924216,8,pca_sar,1,2
0.057313308,8,pca_sar,1,2
0.23065859,8,pca_sar,1,2
0.21852678,8,pca_sar,1,2
0.17627683,2,pca_sar,1,2
0.2980772,2,pca_sar,1,2
-0.008282725,2,pca_sar,1,2
-0.02582336,2,pca_sar,1,2
-0.021464795,2,pca_sar,1,2
-0.0070692906,2,pca_sar,1,2
0.19093831,2,pca_sar,1,2
0.21232565,2,pca_sar,1,2
0.19778514,2,pca_sar,1,2
0.1851246,2,pca_sar,1,2
0.18058302,2,pca_sar,1,2
0.07992028,2,pca_sar,1,2
-0.036325045,2,pca_sar,1,2
0.30463147,2,pca_sar,1,2
0.20493037,2,pca_sar,1,2
0.105086915,2,pca_sar,1,2
0.28097355,8,pca_sar,1,2
0.30616564,8,pca_sar,1,2
0.31094787,8,pca_sar,1,2
0.3213187,8,pca_sar,1,2
0.36010727,8,pca_sar,1,2
0.2921931,8,pca_sar,1,2
0.20292357,8,pca_sar,1,2
0.16709605,8,pca_sar,1,2
0.10520162,8,pca_sar,1,2
0.22855358,8,pca_sar,1,2
0.26530808,8,pca_sar,1,2
0.2508949,8,pca_sar,1,2
0.21907708,8,pca_sar,1,2
0.17263898,8,pca_sar,1,2
0.10290092,8,pca_sar,1,2
0.15011111,8,pca_sar,1,2
0.11642856,8,pca_sar,1,2
0.09145451,8,pca_sar,1,2
0.22823198,8,pca_sar,1,2
0.2364098,8,pca_sar,1,2
0.21155341,8,pca_sar,1,2
0.16786489,8,pca_sar,1,2
0.15024012,8,pca_sar,1,2
0.05680191,8,pca_sar,1,2
0.00067222863,8,pca_sar,1,2
0.21555139,8,pca_sar,1,2
0.19474125,8,pca_sar,1,2
0.17527561,8,pca_sar,1,2
0.1271572,8,pca_sar,1,2
0.22560331,8,pca_sar,1,2
0.0784264,8,pca_sar,1,2
-0.08100748,8,pca_sar,1,2
0.18000263,8,pca_sar,1,2
0.19547553,8,pca_sar,1,2
0.14483793,8,pca_sar,1,2
0.21304941,8,pca_sar,1,2
0.20415002,8,pca_sar,1,2
0.060280308,8,pca_sar,1,2
0.21429352,8,pca_sar,1,2
0.14540866,8,pca_sar,1,2
-0.04865665,8,pca_sar,1,2
0.18724144,8,pca_sar,1,2
0.17051981,8,pca_sar,1,2
0.1886079,8,pca_sar,1,2
0.20347378,8,pca_sar,1,2
0.20275614,8,pca_sar,1,2
0.19417566,8,pca_sar,1,2
0.17725262,8,pca_sar,1,2
0.15473776,8,pca_sar,1,2
0.11567607,8,pca_sar,1,2
0.168315,8,pca_sar,1,2
0.18315357,8,pca_sar,1,2
0.17939314,8,pca_sar,1,2
0.18111682,8,pca_sar,1,2
0.09822947,8,pca_sar,1,2
0.053670615,8,pca_sar,1,2
0.0755654,8,pca_sar,1,2
0.05926641,8,pca_sar,1,2
0.13939847,8,pca_sar,1,2
0.21178593,8,pca_sar,1,2
0.23825872,8,pca_sar,1,2
0.1905715,8,pca_sar,1,2
0.10344601,8,pca_sar,1,2
-0.01595622,8,pca_sar,1,2
-0.0020430088,8,pca_sar,1,2
-0.067111485,8,pca_sar,1,2
0.18316679,8,pca_sar,1,2
0.19171315,8,pca_sar,1,2
0.21079934,8,pca_sar,1,2
0.075313106,8,pca_sar,1,2
-0.04911721,8,pca_sar,1,2
-0.04075145,8,pca_sar,1,2
-0.019440757,8,pca_sar,1,2
0.16456082,8,pca_sar,1,2
0.14897704,8,pca_sar,1,2
0.13388312,8,pca_sar,1,2
0.07549552,8,pca_sar,1,2
0.012954012,8,pca_sar,1,2
-0.020974983,8,pca_sar,1,2
0.069300234,8,pca_sar,1,2
-0.027158227,8,pca_sar,1,2
-0.09687367,8,pca_sar,1,2
0.07150841,2,pca_sar,1,2
0.054138478,2,pca_sar,1,2
0.031193318,2,pca_sar,1,2
-0.017098818,2,pca_sar,1,2
0.033465512,2,pca_sar,1,2
0.016635478,2,pca_sar,1,2
0.10328488,2,pca_sar,1,2
0.011154698,2,pca_sar,1,2
-0.029537888,2,pca_sar,1,2
-0.039899606,2,pca_sar,1,2
-0.05596338,2,pca_sar,1,2
0.019731754,2,pca_sar,1,2
0.08250164,2,pca_sar,1,2
0.058896426,2,pca_sar,1,2
-0.008999161,2,pca_sar,1,2
-0.011250166,2,pca_sar,1,2
0.07373408,2,pca_sar,1,2
0.010845223,2,pca_sar,1,2
0.042163443,2,pca_sar,1,2
0.05112063,2,pca_sar,1,2
0.044389766,2,pca_sar,1,2
0.04433973,2,pca_sar,1,2
0.031036127,2,pca_sar,1,2
0.065579,2,pca_sar,1,2
0.059886932,2,pca_sar,1,2
0.07049142,2,pca_sar,1,2
-0.03719391,2,pca_sar,1,2
0.027054703,2,pca_sar,1,2
0.03021161,2,pca_sar,1,2
0.030763246,2,pca_sar,1,2
0.021822818,2,pca_sar,1,2
0.06432943,2,pca_sar,1,2
0.127835,2,pca_sar,1,2
0.095223054,2,pca_sar,1,2
0.13010353,2,pca_sar,1,2
0.031877685,2,pca_sar,1,2
0.08752289,2,pca_sar,1,2
0.05566755,2,pca_sar,1,2
-0.021083102,2,pca_sar,1,2
-0.0290183,2,pca_sar,1,2
-0.033424806,2,pca_sar,1,2
-0.09474617,2,pca_sar,1,2
0.08788702,2,pca_sar,1,2
0.008884226,2,pca_sar,1,2
-0.025180355,2,pca_sar,1,2
-0.12302638,2,pca_sar,1,2
0.008131984,2,pca_sar,1,2
-0.010720892,2,pca_sar,1,2
0.027349407,2,pca_sar,1,2
0.03835299,2,pca_sar,1,2
0.090963945,2,pca_sar,1,2
0.047701377,2,pca_sar,1,2
0.06093671,2,pca_sar,1,2
0.10972826,2,pca_sar,1,2
0.099703,2,pca_sar,1,2
0.06968466,2,pca_sar,1,2
0.010310134,2,pca_sar,1,2
0.07830207,2,pca_sar,1,2
0.089975886,2,pca_sar,1,2
0.025404107,2,pca_sar,1,2
0.08147957,2,pca_sar,1,2
0.030711027,2,pca_sar,1,2
0.06307765,2,pca_sar,1,2
0.09648742,2,pca_sar,1,2
0.08707429,2,pca_sar,1,2
0.04843469,2,pca_sar,1,2
0.16017902,2,pca_sar,1,2
0.18563241,2,pca_sar,1,2
0.042491592,2,pca_sar,1,2
-0.14875785,2,pca_sar,1,2
-0.090159506,2,pca_sar,1,2
0.012862533,2,pca_sar,1,2
-0.0017014463,2,pca_sar,1,2
0.016337112,2,pca_sar,1,2
0.01820469,2,pca_sar,1,2
0.0006242618,2,pca_sar,1,2
0.025642667,2,pca_sar,1,2
0.02504262,2,pca_sar,1,2
0.042505026,2,pca_sar,1,2
0.07372808,2,pca_sar,1,2
-0.0064643268,2,pca_sar,1,2
-0.016177868,2,pca_sar,1,2
0.017445082,2,pca_sar,1,2
0.034463838,2,pca_sar,1,2
-0.009476405,2,pca_sar,1,2
0.0008032555,2,pca_sar,1,2
0.034115165,2,pca_sar,1,2
0.1255752,2,pca_sar,1,2
0.14672458,2,pca_sar,1,2
0.084637225,2,pca_sar,1,2
0.23692614,2,pca_sar,1,2
0.17997792,2,pca_sar,1,2
0.063683346,2,pca_sar,1,2
-0.07945791,2,pca_sar,1,2
0.04200643,2,pca_sar,1,2
0.033875093,2,pca_sar,1,2
-0.0029694042,2,pca_sar,1,2
0.084356084,2,pca_sar,1,2
0.067976005,2,pca_sar,1,2
0.07505588,2,pca_sar,1,2
0.0005208254,2,pca_sar,1,2
0.05427838,2,pca_sar,1,2
0.068826884,2,pca_sar,1,2
0.12252878,2,pca_sar,1,2
0.028871875,2,pca_sar,1,2
-0.013348055,2,pca_sar,1,2
0.032631014,2,pca_sar,1,2
0.07445761,2,pca_sar,1,2
0.01783601,2,pca_sar,1,2
0.09139438,2,pca_sar,1,2
0.09968148,2,pca_sar,1,2
0.09778716,2,pca_sar,1,2
0.19236588,7,pca_sar,1,2
0.2289193,7,pca_sar,1,2
0.18192984,7,pca_sar,1,2
0.12776744,7,pca_sar,1,2
0.074940495,7,pca_sar,1,2
0.086505495,7,pca_sar,1,2
0.08011227,7,pca_sar,1,2
0.023344189,7,pca_sar,1,2
0.082866505,7,pca_sar,1,2
0.3162716,7,pca_sar,1,2
-0.040357307,7,pca_sar,1,2
0.027972396,7,pca_sar,1,2
0.0888405,7,pca_sar,1,2
0.26563096,7,pca_sar,1,2
0.018273422,7,pca_sar,1,2
0.17761667,7,pca_sar,1,2
0.11205293,7,pca_sar,1,2
0.23056164,7,pca_sar,1,2
-0.111242816,7,pca_sar,1,2
0.004262965,7,pca_sar,1,2
0.02377958,7,pca_sar,1,2
0.15450895,7,pca_sar,1,2
0.12977272,7,pca_sar,1,2
0.15383546,7,pca_sar,1,2
0.07193951,7,pca_sar,1,2
0.18169165,7,pca_sar,1,2
0.2045728,7,pca_sar,1,2
0.15376222,7,pca_sar,1,2
0.14235657,7,pca_sar,1,2
0.047262304,7,pca_sar,1,2
0.025440626,7,pca_sar,1,2
0.15420945,7,pca_sar,1,2
0.051462494,7,pca_sar,1,2
0.026711412,7,pca_sar,1,2
0.11668588,7,pca_sar,1,2
0.024916653,7,pca_sar,1,2
0.016521666,7,pca_sar,1,2
0.021715034,7,pca_sar,1,2
-0.04336243,7,pca_sar,1,2
0.007895066,7,pca_sar,1,2
-0.017249417,7,pca_sar,1,2
0.06490243,7,pca_sar,1,2
0.15199506,7,pca_sar,1,2
0.011024393,7,pca_sar,1,2
0.09563777,7,pca_sar,1,2
0.03468501,7,pca_sar,1,2
-0.113448374,7,pca_sar,1,2
0.0094395,7,pca_sar,1,2
0.010366929,7,pca_sar,1,2
0.02286458,7,pca_sar,1,2
-0.06537676,7,pca_sar,1,2
-0.038262885,7,pca_sar,1,2
-0.09409313,7,pca_sar,1,2
-0.018482983,7,pca_sar,1,2
0.09809596,7,pca_sar,1,2
0.08108012,7,pca_sar,1,2
-0.0051449295,7,pca_sar,1,2
-0.024492564,7,pca_sar,1,2
0.040773258,7,pca_sar,1,2
-0.045458637,7,pca_sar,1,2
-0.013994928,7,pca_sar,1,2
0.088419534,7,pca_sar,1,2
0.084410936,7,pca_sar,1,2
0.08322948,7,pca_sar,1,2
0.022530219,7,pca_sar,1,2
0.032196272,7,pca_sar,1,2
0.067944415,7,pca_sar,1,2
0.17868093,7,pca_sar,1,2
0.116229855,7,pca_sar,1,2
0.14760812,7,pca_sar,1,2
0.067877166,7,pca_sar,1,2
0.15154791,7,pca_sar,1,2
0.14832631,7,pca_sar,1,2
0.12245411,7,pca_sar,1,2
0.07159792,7,pca_sar,1,2
0.04150468,7,pca_sar,1,2
0.004602243,7,pca_sar,1,2
-0.03441753,7,pca_sar,1,2
0.10495265,7,pca_sar,1,2
0.004560766,7,pca_sar,1,2
-0.061030142,7,pca_sar,1,2
0.15782967,7,pca_sar,1,2
0.023988504,7,pca_sar,1,2
0.046720877,7,pca_sar,1,2
-0.044233076,7,pca_sar,1,2
0.1452133,7,pca_sar,1,2
0.044276394,7,pca_sar,1,2
0.1209716,7,pca_sar,1,2
0.018067993,7,pca_sar,1,2
0.17856906,7,pca_sar,1,2
-0.09547585,7,pca_sar,1,2
-0.019817065,7,pca_sar,1,2
-0.0013997108,7,pca_sar,1,2
0.17910787,7,pca_sar,1,2
0.18531115,7,pca_sar,1,2
0.23282018,7,pca_sar,1,2
0.077305615,7,pca_sar,1,2
0.1903911,7,pca_sar,1,2
0.18873288,7,pca_sar,1,2
0.1370366,7,pca_sar,1,2
0.06539557,7,pca_sar,1,2
0.008677998,7,pca_sar,1,2
0.020904996,7,pca_sar,1,2
0.10700323,7,pca_sar,1,2
0.07121704,7,pca_sar,1,2
0.06554193,7,pca_sar,1,2
0.112641186,7,pca_sar,1,2
-0.0020916387,7,pca_sar,1,2
0.03746013,7,pca_sar,1,2
0.082047276,7,pca_sar,1,2
0.042585377,7,pca_sar,1,2
0.053458378,7,pca_sar,1,2
-0.027709909,7,pca_sar,1,2
0.03158138,7,pca_sar,1,2
0.13483647,7,pca_sar,1,2
0.033574615,7,pca_sar,1,2
0.06287049,7,pca_sar,1,2
0.0036094617,7,pca_sar,1,2
-0.09174104,7,pca_sar,1,2
-0.0054730126,7,pca_sar,1,2
0.014216525,7,pca_sar,1,2
0.031318832,7,pca_sar,1,2
-0.058086313,7,pca_sar,1,2
-0.003997725,7,pca_sar,1,2
-0.058066837,7,pca_sar,1,2
0.043455258,7,pca_sar,1,2
0.16013877,7,pca_sar,1,2
0.10498035,7,pca_sar,1,2
0.016117204,7,pca_sar,1,2
0.03280773,7,pca_sar,1,2
0.030830834,7,pca_sar,1,2
-0.0303748,7,pca_sar,1,2
0.02565349,7,pca_sar,1,2
0.15086532,7,pca_sar,1,2
0.114379406,7,pca_sar,1,2
0.14898264,7,pca_sar,1,2
0.040171802,7,pca_sar,1,2
0.066622145,7,pca_sar,1,2
0.06192611,7,pca_sar,1,2
0.21994899,7,pca_sar,1,2
0.22255611,7,pca_sar,1,2
0.13937894,7,pca_sar,1,2
0.02023065,7,pca_sar,1,2
0.15268046,7,pca_sar,1,2
0.123353355,6,pca_sar,1,2
0.099754505,6,pca_sar,1,2
0.07867229,6,pca_sar,1,2
0.048293006,6,pca_sar,1,2
0.077361,6,pca_sar,1,2
0.04544402,6,pca_sar,1,2
0.14787906,6,pca_sar,1,2
0.18130496,6,pca_sar,1,2
0.10739359,6,pca_sar,1,2
0.08140401,6,pca_sar,1,2
0.16398902,6,pca_sar,1,2
0.11190429,6,pca_sar,1,2
0.09589186,6,pca_sar,1,2
0.13449273,6,pca_sar,1,2
0.15578134,6,pca_sar,1,2
0.1604298,6,pca_sar,1,2
0.11040357,6,pca_sar,1,2
0.07910548,6,pca_sar,1,2
0.14399016,6,pca_sar,1,2
0.11302364,6,pca_sar,1,2
0.089420184,6,pca_sar,1,2
0.15232602,6,pca_sar,1,2
0.0687056,6,pca_sar,1,2
0.029801331,6,pca_sar,1,2
0.12223069,6,pca_sar,1,2
0.16090599,6,pca_sar,1,2
0.16145799,6,pca_sar,1,2
0.0064052325,6,pca_sar,1,2
0.005373938,6,pca_sar,1,2
0.08060286,6,pca_sar,1,2
0.093590796,6,pca_sar,1,2
0.13324068,6,pca_sar,1,2
0.082984224,6,pca_sar,1,2
0.095476575,6,pca_sar,1,2
0.069877595,6,pca_sar,1,2
0.094280005,6,pca_sar,1,2
0.12991428,6,pca_sar,1,2
0.123739436,6,pca_sar,1,2
0.108261034,6,pca_sar,1,2
0.14257616,6,pca_sar,1,2
0.12292908,6,pca_sar,1,2
0.15792832,6,pca_sar,1,2
0.22778301,6,pca_sar,1,2
0.103680715,6,pca_sar,1,2
0.1197167,6,pca_sar,1,2
0.094542176,6,pca_sar,1,2
0.16067675,6,pca_sar,1,2
0.23994967,6,pca_sar,1,2
0.14242771,6,pca_sar,1,2
0.15174517,6,pca_sar,1,2
0.12809473,6,pca_sar,1,2
0.13400677,6,pca_sar,1,2
0.13173854,6,pca_sar,1,2
0.12783264,6,pca_sar,1,2
0.050626505,6,pca_sar,1,2
0.05886815,6,pca_sar,1,2
0.11025863,6,pca_sar,1,2
0.17416045,6,pca_sar,1,2
0.15703295,6,pca_sar,1,2
0.05324937,6,pca_sar,1,2
0.04580172,6,pca_sar,1,2
0.10019437,6,pca_sar,1,2
0.19829583,6,pca_sar,1,2
0.1309153,6,pca_sar,1,2
0.21804205,3,pca_sar,1,2
0.178186,3,pca_sar,1,2
0.115325615,3,pca_sar,1,2
0.060477886,3,pca_sar,1,2
-0.004818488,3,pca_sar,1,2
0.046536,3,pca_sar,1,2
-0.0329817,3,pca_sar,1,2
-0.07264397,3,pca_sar,1,2
0.07283512,3,pca_sar,1,2
0.05811382,3,pca_sar,1,2
0.016726188,3,pca_sar,1,2
0.08693683,3,pca_sar,1,2
0.1251791,3,pca_sar,1,2
0.06746098,3,pca_sar,1,2
0.000940226,3,pca_sar,1,2
-0.009385545,3,pca_sar,1,2
0.043571815,3,pca_sar,1,2
-0.03139303,3,pca_sar,1,2
-0.02494814,3,pca_sar,1,2
-0.023201406,3,pca_sar,1,2
0.04117936,3,pca_sar,1,2
0.09443993,3,pca_sar,1,2
-0.056440786,3,pca_sar,1,2
-0.054168046,3,pca_sar,1,2
0.15522835,3,pca_sar,1,2
0.07047906,3,pca_sar,1,2
-0.034029778,3,pca_sar,1,2
-0.032312762,3,pca_sar,1,2
0.09952359,3,pca_sar,1,2
0.16802414,3,pca_sar,1,2
-0.022183973,3,pca_sar,1,2
-0.0459441,3,pca_sar,1,2
0.014918975,3,pca_sar,1,2
0.056931343,3,pca_sar,1,2
0.07124464,3,pca_sar,1,2
0.023726806,3,pca_sar,1,2
-0.0023218542,3,pca_sar,1,2
0.095100194,3,pca_sar,1,2
0.10112074,3,pca_sar,1,2
0.11424643,3,pca_sar,1,2
-0.05110389,3,pca_sar,1,2
-0.07195132,3,pca_sar,1,2
-0.0016844478,3,pca_sar,1,2
0.0017505605,3,pca_sar,1,2
-0.0036492944,3,pca_sar,1,2
0.012734907,3,pca_sar,1,2
0.035423256,3,pca_sar,1,2
0.030240037,3,pca_sar,1,2
0.08816868,3,pca_sar,1,2
0.024972973,3,pca_sar,1,2
-0.012734881,3,pca_sar,1,2
0.14435048,3,pca_sar,1,2
0.23254757,3,pca_sar,1,2
0.109761745,3,pca_sar,1,2
0.089554876,3,pca_sar,1,2
0.14450338,3,pca_sar,1,2
0.06639106,3,pca_sar,1,2
0.09083053,3,pca_sar,1,2
0.06790558,3,pca_sar,1,2
0.107442826,3,pca_sar,1,2
0.29921484,3,pca_sar,1,2
0.21035452,3,pca_sar,1,2
0.13654059,3,pca_sar,1,2
0.030166764,3,pca_sar,1,2
0.08876515,3,pca_sar,1,2
0.09133027,3,pca_sar,1,2
0.07148453,3,pca_sar,1,2
0.0018280353,3,pca_sar,1,2
0.07192606,3,pca_sar,1,2
0.03666775,3,pca_sar,1,2
0.044820786,3,pca_sar,1,2
0.09136962,3,pca_sar,1,2
0.18232611,3,pca_sar,1,2
0.14945269,3,pca_sar,1,2
0.072806984,3,pca_sar,1,2
0.034521412,3,pca_sar,1,2
0.0019766279,3,pca_sar,1,2
-0.058597874,3,pca_sar,1,2
-0.005185552,3,pca_sar,1,2
-0.03795798,3,pca_sar,1,2
0.060297456,3,pca_sar,1,2
0.1521865,3,pca_sar,1,2
-0.051391207,3,pca_sar,1,2
-0.047638983,3,pca_sar,1,2
-0.006489275,3,pca_sar,1,2
-0.0038099159,3,pca_sar,1,2
0.015606018,3,pca_sar,1,2
-0.026225999,3,pca_sar,1,2
0.11958846,3,pca_sar,1,2
0.16004717,3,pca_sar,1,2
-0.024402862,3,pca_sar,1,2
0.0068397745,3,pca_sar,1,2
0.06678919,3,pca_sar,1,2
0.10484153,3,pca_sar,1,2
0.08043894,3,pca_sar,1,2
0.06242199,3,pca_sar,1,2
-0.017096141,3,pca_sar,1,2
0.048859157,3,pca_sar,1,2
0.06952453,3,pca_sar,1,2
0.10468977,3,pca_sar,1,2
-0.06076511,3,pca_sar,1,2
-0.09828977,3,pca_sar,1,2
0.005803447,3,pca_sar,1,2
0.055385966,3,pca_sar,1,2
0.03253089,3,pca_sar,1,2
-0.009168893,3,pca_sar,1,2
0.027422812,3,pca_sar,1,2
0.067387976,3,pca_sar,1,2
0.09777351,3,pca_sar,1,2
0.000268735,3,pca_sar,1,2
0.04878603,3,pca_sar,1,2
0.12567635,3,pca_sar,1,2
0.18131855,3,pca_sar,1,2
0.1405222,3,pca_sar,1,2
0.14903711,3,pca_sar,1,2
0.15480015,3,pca_sar,1,2
0.081381485,3,pca_sar,1,2
0.043730795,3,pca_sar,1,2
0.04360658,3,pca_sar,1,2
0.09076901,3,pca_sar,1,2
0.07971726,6,pca_sar,1,2
0.036884926,6,pca_sar,1,2
0.06485786,6,pca_sar,1,2
0.02455905,6,pca_sar,1,2
0.05572008,6,pca_sar,1,2
0.089069486,6,pca_sar,1,2
0.08723189,6,pca_sar,1,2
0.08966877,6,pca_sar,1,2
0.114377186,6,pca_sar,1,2
0.103615016,6,pca_sar,1,2
0.124494106,6,pca_sar,1,2
0.053666487,6,pca_sar,1,2
0.07763755,6,pca_sar,1,2
0.022164036,6,pca_sar,1,2
0.05567414,6,pca_sar,1,2
0.13932914,6,pca_sar,1,2
0.08455977,6,pca_sar,1,2
0.11157249,6,pca_sar,1,2
0.010632385,6,pca_sar,1,2
0.10257171,6,pca_sar,1,2
0.14517123,6,pca_sar,1,2
-0.005766393,6,pca_sar,1,2
0.07752253,6,pca_sar,1,2
0.11291046,6,pca_sar,1,2
0.040025678,6,pca_sar,1,2
0.09785861,6,pca_sar,1,2
0.14124951,6,pca_sar,1,2
0.09170289,6,pca_sar,1,2
0.060388424,6,pca_sar,1,2
0.057524137,6,pca_sar,1,2
0.1438548,6,pca_sar,1,2
0.2041511,6,pca_sar,1,2
0.010739246,6,pca_sar,1,2
0.031667825,6,pca_sar,1,2
0.0109598,6,pca_sar,1,2
-0.027951447,6,pca_sar,1,2
0.018777646,6,pca_sar,1,2
0.035300143,6,pca_sar,1,2
0.025007758,6,pca_sar,1,2
0.09716302,6,pca_sar,1,2
0.106021285,6,pca_sar,1,2
0.101046205,6,pca_sar,1,2
0.13076782,6,pca_sar,1,2
0.103226416,6,pca_sar,1,2
0.15500727,6,pca_sar,1,2
0.117647484,6,pca_sar,1,2
0.13250034,6,pca_sar,1,2
0.13433032,6,pca_sar,1,2
0.14449549,6,pca_sar,1,2
0.19353932,6,pca_sar,1,2
0.123418234,6,pca_sar,1,2
0.14676693,6,pca_sar,1,2
0.115967214,6,pca_sar,1,2
0.1174772,6,pca_sar,1,2
0.11004321,6,pca_sar,1,2
0.05989635,6,pca_sar,1,2
0.12698126,6,pca_sar,1,2
0.2050981,6,pca_sar,1,2
0.20550537,6,pca_sar,1,2
0.07238115,6,pca_sar,1,2
0.012238805,6,pca_sar,1,2
0.09268237,6,pca_sar,1,2
0.14725862,6,pca_sar,1,2
0.1843802,6,pca_sar,1,2
0.09540811,3,pca_sar,1,2
0.02877048,3,pca_sar,1,2
0.07416494,3,pca_sar,1,2
0.089571066,3,pca_sar,1,2
0.004722528,3,pca_sar,1,2
0.058061443,3,pca_sar,1,2
0.0127508715,3,pca_sar,1,2
-0.07080501,3,pca_sar,1,2
0.05470916,3,pca_sar,1,2
0.06362411,3,pca_sar,1,2
0.093085684,3,pca_sar,1,2
0.088509195,3,pca_sar,1,2
0.09613492,3,pca_sar,1,2
0.10129483,3,pca_sar,1,2
0.04930178,3,pca_sar,1,2
0.013408181,3,pca_sar,1,2
0.024938634,3,pca_sar,1,2
-0.020796854,3,pca_sar,1,2
0.03566887,3,pca_sar,1,2
0.019649342,3,pca_sar,1,2
0.05738263,3,pca_sar,1,2
0.15703279,3,pca_sar,1,2
0.036251087,3,pca_sar,1,2
-0.038853914,3,pca_sar,1,2
0.1330472,3,pca_sar,1,2
0.06142421,3,pca_sar,1,2
0.004632961,3,pca_sar,1,2
0.009563491,3,pca_sar,1,2
0.14243299,3,pca_sar,1,2
0.26213694,3,pca_sar,1,2
0.069509886,3,pca_sar,1,2
-0.038072653,3,pca_sar,1,2
0.050846234,3,pca_sar,1,2
0.10520326,3,pca_sar,1,2
0.15076807,3,pca_sar,1,2
0.107097656,3,pca_sar,1,2
0.013990498,3,pca_sar,1,2
0.099900514,3,pca_sar,1,2
0.082649134,3,pca_sar,1,2
0.11227403,3,pca_sar,1,2
-0.041989192,3,pca_sar,1,2
-0.11247073,3,pca_sar,1,2
0.030468544,3,pca_sar,1,2
0.029854298,3,pca_sar,1,2
-0.021901296,3,pca_sar,1,2
-0.058131333,3,pca_sar,1,2
-0.00604357,3,pca_sar,1,2
0.0493206,3,pca_sar,1,2
0.10673843,3,pca_sar,1,2
-0.011197668,3,pca_sar,1,2
-0.05507389,3,pca_sar,1,2
0.15074867,3,pca_sar,1,2
0.20013656,3,pca_sar,1,2
0.19214538,3,pca_sar,1,2
0.19832025,3,pca_sar,1,2
0.18174711,3,pca_sar,1,2
0.09375193,3,pca_sar,1,2
0.09887059,3,pca_sar,1,2
0.13994452,3,pca_sar,1,2
0.16394904,3,pca_sar,1,2
0.14154245,3,pca_sar,1,2
0.110366315,3,pca_sar,1,2
0.17537175,3,pca_sar,1,2
0.15075336,3,pca_sar,1,2
-0.0074750185,3,pca_sar,1,2
0.06716288,3,pca_sar,1,2
0.15271002,3,pca_sar,1,2
0.08825842,3,pca_sar,1,2
0.025698926,3,pca_sar,1,2
0.0696358,3,pca_sar,1,2
0.06015721,3,pca_sar,1,2
0.10638939,3,pca_sar,1,2
0.16105512,3,pca_sar,1,2
0.15494409,3,pca_sar,1,2
0.112008855,3,pca_sar,1,2
0.08303244,3,pca_sar,1,2
0.006667264,3,pca_sar,1,2
0.019964386,3,pca_sar,1,2
0.03320338,3,pca_sar,1,2
0.0030357726,3,pca_sar,1,2
0.10389306,3,pca_sar,1,2
0.15936248,3,pca_sar,1,2
0.029748939,3,pca_sar,1,2
-0.0009749755,3,pca_sar,1,2
0.0901659,3,pca_sar,1,2
0.0145759545,3,pca_sar,1,2
0.06408884,3,pca_sar,1,2
0.04199464,3,pca_sar,1,2
0.17067772,3,pca_sar,1,2
0.21628883,3,pca_sar,1,2
0.020554684,3,pca_sar,1,2
0.013164189,3,pca_sar,1,2
0.05850306,3,pca_sar,1,2
0.086603075,3,pca_sar,1,2
0.11489272,3,pca_sar,1,2
0.10385121,3,pca_sar,1,2
-0.013178835,3,pca_sar,1,2
0.07766029,3,pca_sar,1,2
0.15567952,3,pca_sar,1,2
0.16481945,3,pca_sar,1,2
-0.022211354,3,pca_sar,1,2
-0.07394125,3,pca_sar,1,2
0.06358899,3,pca_sar,1,2
0.07170364,3,pca_sar,1,2
0.029971886,3,pca_sar,1,2
-0.06008301,3,pca_sar,1,2
-0.025740094,3,pca_sar,1,2
0.09061216,3,pca_sar,1,2
0.120089516,3,pca_sar,1,2
0.063397445,3,pca_sar,1,2
0.045405693,3,pca_sar,1,2
0.12821326,3,pca_sar,1,2
0.13898987,3,pca_sar,1,2
0.081276745,3,pca_sar,1,2
0.09657945,3,pca_sar,1,2
0.22049472,3,pca_sar,1,2
0.14620394,3,pca_sar,1,2
0.0887317,3,pca_sar,1,2
0.036654968,3,pca_sar,1,2
0.09854105,3,pca_sar,1,2
0.07248522,2,pca_sar,1,2
0.029544434,2,pca_sar,1,2
0.05107703,2,pca_sar,1,2
0.08743398,2,pca_sar,1,2
0.10477056,2,pca_sar,1,2
0.10676132,2,pca_sar,1,2
0.029583596,2,pca_sar,1,2
0.044648334,2,pca_sar,1,2
0.0865963,2,pca_sar,1,2
0.14032948,2,pca_sar,1,2
0.08148472,2,pca_sar,1,2
0.07999802,2,pca_sar,1,2
0.122640476,2,pca_sar,1,2
0.061144,2,pca_sar,1,2
0.07133058,2,pca_sar,1,2
0.06014221,2,pca_sar,1,2
0.08752924,2,pca_sar,1,2
0.13195467,2,pca_sar,1,2
0.14384252,2,pca_sar,1,2
0.10565333,2,pca_sar,1,2
-0.0052247606,2,pca_sar,1,2
0.08346923,2,pca_sar,1,2
0.05576759,2,pca_sar,1,2
0.027237507,2,pca_sar,1,2
0.1985769,2,pca_sar,1,2
0.16487713,2,pca_sar,1,2
0.04077994,2,pca_sar,1,2
-0.024590343,2,pca_sar,1,2
0.107723236,2,pca_sar,1,2
0.14518708,2,pca_sar,1,2
0.09285627,2,pca_sar,1,2
0.25262833,2,pca_sar,1,2
0.21248135,2,pca_sar,1,2
0.104484364,2,pca_sar,1,2
-0.029357143,2,pca_sar,1,2
-0.034592528,2,pca_sar,1,2
0.05929344,2,pca_sar,1,2
0.098364666,2,pca_sar,1,2
0.10760968,2,pca_sar,1,2
0.1766234,2,pca_sar,1,2
0.0338038,2,pca_sar,1,2
0.06143136,2,pca_sar,1,2
0.03211409,2,pca_sar,1,2
-0.02849001,2,pca_sar,1,2
0.11938463,2,pca_sar,1,2
0.111763515,2,pca_sar,1,2
0.19563448,2,pca_sar,1,2
0.15612715,2,pca_sar,1,2
-0.07080789,2,pca_sar,1,2
0.0020917542,2,pca_sar,1,2
0.08713504,2,pca_sar,1,2
0.035882972,2,pca_sar,1,2
0.16711749,2,pca_sar,1,2
0.16860011,2,pca_sar,1,2
0.10129392,2,pca_sar,1,2
0.19283919,2,pca_sar,1,2
-0.0031705247,2,pca_sar,1,2
-0.012764854,2,pca_sar,1,2
0.007646175,2,pca_sar,1,2
0.018331965,2,pca_sar,1,2
0.048598867,2,pca_sar,1,2
0.026081799,2,pca_sar,1,2
0.036808915,2,pca_sar,1,2
0.1313651,2,pca_sar,1,2
0.05444481,2,pca_sar,1,2
0.08704656,2,pca_sar,1,2
0.12431823,2,pca_sar,1,2
0.13986802,2,pca_sar,1,2
0.08918387,2,pca_sar,1,2
0.03918475,2,pca_sar,1,2
0.01776119,2,pca_sar,1,2
-0.014696205,2,pca_sar,1,2
0.0051915534,2,pca_sar,1,2
0.14118889,2,pca_sar,1,2
0.08478143,2,pca_sar,1,2
0.07908493,2,pca_sar,1,2
0.088944405,2,pca_sar,1,2
0.14900295,2,pca_sar,1,2
0.07034418,2,pca_sar,1,2
0.017752402,2,pca_sar,1,2
0.0118277855,2,pca_sar,1,2
0.011274781,2,pca_sar,1,2
0.0074210335,2,pca_sar,1,2
0.14721498,2,pca_sar,1,2
0.106309645,2,pca_sar,1,2
0.096181996,2,pca_sar,1,2
0.11049936,2,pca_sar,1,2
0.10233737,2,pca_sar,1,2
0.054706633,2,pca_sar,1,2
-0.02890983,2,pca_sar,1,2
0.03827519,2,pca_sar,1,2
0.027297068,2,pca_sar,1,2
0.015154004,2,pca_sar,1,2
0.18563467,2,pca_sar,1,2
0.16711007,2,pca_sar,1,2
0.1273578,2,pca_sar,1,2
0.10293161,2,pca_sar,1,2
0.0020720633,2,pca_sar,1,2
0.05421916,2,pca_sar,1,2
0.086003125,2,pca_sar,1,2
0.046964705,2,pca_sar,1,2
0.06250338,2,pca_sar,1,2
0.24508794,2,pca_sar,1,2
0.038188003,2,pca_sar,1,2
0.056935146,2,pca_sar,1,2
0.13404664,2,pca_sar,1,2
0.19433896,2,pca_sar,1,2
0.06649546,2,pca_sar,1,2
0.060340032,2,pca_sar,1,2
0.03124224,2,pca_sar,1,2
-0.0017224848,2,pca_sar,1,2
0.03818755,2,pca_sar,1,2
0.035240836,2,pca_sar,1,2
0.10846858,2,pca_sar,1,2
0.014987573,2,pca_sar,1,2
0.05438989,2,pca_sar,1,2
0.08306296,2,pca_sar,1,2
0.0551589,2,pca_sar,1,2
0.10147253,2,pca_sar,1,2
0.13276823,2,pca_sar,1,2
0.13386038,2,pca_sar,1,2
-0.016762832,2,pca_sar,1,2
0.0546489,2,pca_sar,1,2
0.024453802,2,pca_sar,1,2
0.066314906,2,pca_sar,1,2
0.1463023,2,pca_sar,1,2
0.13330054,2,pca_sar,1,2
0.08567779,2,pca_sar,1,2
-0.037675656,2,pca_sar,1,2
0.034625784,2,pca_sar,1,2
0.042359658,2,pca_sar,1,2
0.017465215,2,pca_sar,1,2
0.13680138,2,pca_sar,1,2
0.14509057,2,pca_sar,1,2
0.09739336,2,pca_sar,1,2
-0.017041236,2,pca_sar,1,2
0.10267947,2,pca_sar,1,2
0.103991896,2,pca_sar,1,2
-0.0128796585,2,pca_sar,1,2
0.07162503,2,pca_sar,1,2
0.10381907,2,pca_sar,1,2
0.05822067,2,pca_sar,1,2
0.06257792,2,pca_sar,1,2
0.10123814,2,pca_sar,1,2
0.11150316,2,pca_sar,1,2
0.011264781,2,pca_sar,1,2
-0.06673075,2,pca_sar,1,2
0.058628596,2,pca_sar,1,2
0.06955131,2,pca_sar,1,2
-0.018239371,2,pca_sar,1,2
-0.06138216,2,pca_sar,1,2
0.08716242,2,pca_sar,1,2
0.08608414,2,pca_sar,1,2
0.035461437,2,pca_sar,1,2
0.039552595,2,pca_sar,1,2
0.015336273,2,pca_sar,1,2
0.00114056,2,pca_sar,1,2
-0.015122955,2,pca_sar,1,2
0.073098294,2,pca_sar,1,2
0.089223295,2,pca_sar,1,2
0.1050592,2,pca_sar,1,2
-0.022198692,2,pca_sar,1,2
0.09730081,2,pca_sar,1,2
0.1469315,2,pca_sar,1,2
0.08447095,2,pca_sar,1,2
0.117344,2,pca_sar,1,2
0.08150447,2,pca_sar,1,2
-0.021869149,2,pca_sar,1,2
-0.036531113,2,pca_sar,1,2
0.06938178,2,pca_sar,1,2
0.041737884,2,pca_sar,1,2
0.11145293,2,pca_sar,1,2
0.087587625,2,pca_sar,1,2
0.0818936,2,pca_sar,1,2
0.050256886,2,pca_sar,1,2
0.10029904,2,pca_sar,1,2
0.1376136,2,pca_sar,1,2
0.08364937,2,pca_sar,1,2
0.09829782,2,pca_sar,1,2
0.06397903,2,pca_sar,1,2
0.025316443,2,pca_sar,1,2
0.0030750828,2,pca_sar,1,2
0.04480385,2,pca_sar,1,2
0.029739192,2,pca_sar,1,2
0.08317785,2,pca_sar,1,2
0.032462984,2,pca_sar,1,2
0.003242001,2,pca_sar,1,2
0.03794948,2,pca_sar,1,2
0.051567867,2,pca_sar,1,2
0.06765303,2,pca_sar,1,2
0.01295731,2,pca_sar,1,2
0.06659773,2,pca_sar,1,2
0.078982666,2,pca_sar,1,2
0.054892905,2,pca_sar,1,2
0.09271387,2,pca_sar,1,2
0.056850553,2,pca_sar,1,2
0.10242812,2,pca_sar,1,2
0.1210479,2,pca_sar,1,2
0.020896723,2,pca_sar,1,2
0.06526613,2,pca_sar,1,2
0.027031047,2,pca_sar,1,2
0.024169486,2,pca_sar,1,2
0.07714864,2,pca_sar,1,2
0.093044885,2,pca_sar,1,2
0.11044636,2,pca_sar,1,2
0.09391439,2,pca_sar,1,2
0.105613686,2,pca_sar,1,2
0.09241244,2,pca_sar,1,2
0.10067906,2,pca_sar,1,2
0.12457577,2,pca_sar,1,2
0.0488354,2,pca_sar,1,2
0.1473305,2,pca_sar,1,2
0.1197175,2,pca_sar,1,2
0.060488265,2,pca_sar,1,2
0.0995998,2,pca_sar,1,2
0.0814381,2,pca_sar,1,2
0.031931687,2,pca_sar,1,2
0.077946305,2,pca_sar,1,2
0.076797076,2,pca_sar,1,2
0.07653069,2,pca_sar,1,2
0.1397688,2,pca_sar,1,2
0.14613912,2,pca_sar,1,2
0.100922994,2,pca_sar,1,2
0.13893369,2,pca_sar,1,2
0.10492226,2,pca_sar,1,2
0.03838537,2,pca_sar,1,2
0.12899409,2,pca_sar,1,2
0.12412886,2,pca_sar,1,2
0.063478,2,pca_sar,1,2
0.07523808,2,pca_sar,1,2
0.053280786,2,pca_sar,1,2
-0.00493272,2,pca_sar,1,2
0.06303452,2,pca_sar,1,2
0.04875863,2,pca_sar,1,2
0.06586136,2,pca_sar,1,2
0.10850382,2,pca_sar,1,2
0.13447547,2,pca_sar,1,2
0.103832185,2,pca_sar,1,2
0.04995991,2,pca_sar,1,2
0.042310502,2,pca_sar,1,2
0.12295967,2,pca_sar,1,2
0.09694074,2,pca_sar,1,2
0.03959293,2,pca_sar,1,2
0.022886066,2,pca_sar,1,2
0.122692026,2,pca_sar,1,2
0.16268502,2,pca_sar,1,2
0.15831487,2,pca_sar,1,2
0.09802792,2,pca_sar,1,2
0.08933682,2,pca_sar,1,2
0.11874257,2,pca_sar,1,2
0.14476304,2,pca_sar,1,2
0.16472115,2,pca_sar,1,2
0.060490116,2,pca_sar,1,2
0.19911242,2,pca_sar,1,2
0.113668725,2,pca_sar,1,2
0.043074682,2,pca_sar,1,2
0.20883004,2,pca_sar,1,2
0.12545018,2,pca_sar,1,2
0.057082377,2,pca_sar,1,2
0.17799187,2,pca_sar,1,2
0.1370102,2,pca_sar,1,2
0.122160286,2,pca_sar,1,2
0.09723023,2,pca_sar,1,2
0.04733281,2,pca_sar,1,2
0.15900038,2,pca_sar,1,2
0.07886661,2,pca_sar,1,2
0.079730034,2,pca_sar,1,2
0.1121849,2,pca_sar,1,2
0.035941664,2,pca_sar,1,2
0.16978282,2,pca_sar,1,2
0.08826345,2,pca_sar,1,2
0.025075214,2,pca_sar,1,2
0.070054546,2,pca_sar,1,2
0.009781858,2,pca_sar,1,2
0.18645363,2,pca_sar,1,2
0.11542073,2,pca_sar,1,2
0.1264906,2,pca_sar,1,2
0.12471101,2,pca_sar,1,2
0.09072012,2,pca_sar,1,2
0.20131479,2,pca_sar,1,2
0.13164373,2,pca_sar,1,2
0.09428646,2,pca_sar,1,2
0.12098703,2,pca_sar,1,2
0.13541488,2,pca_sar,1,2
0.2278127,2,pca_sar,1,2
0.12072463,2,pca_sar,1,2
0.062047116,2,pca_sar,1,2
0.2324569,2,pca_sar,1,2
0.14503571,2,pca_sar,1,2
0.08985035,2,pca_sar,1,2
0.17989144,6,pca_sar,1,2
0.15945363,6,pca_sar,1,2
0.09418344,6,pca_sar,1,2
0.09969244,6,pca_sar,1,2
0.10566767,6,pca_sar,1,2
0.16258937,6,pca_sar,1,2
0.15006477,6,pca_sar,1,2
0.13352278,6,pca_sar,1,2
0.11848757,6,pca_sar,1,2
0.12414641,6,pca_sar,1,2
0.12473905,6,pca_sar,1,2
0.12094027,6,pca_sar,1,2
0.14354578,6,pca_sar,1,2
0.13058779,6,pca_sar,1,2
0.09883235,6,pca_sar,1,2
0.079119906,6,pca_sar,1,2
0.122272246,6,pca_sar,1,2
0.16235045,6,pca_sar,1,2
0.13508694,6,pca_sar,1,2
0.11037567,6,pca_sar,1,2
0.13672991,6,pca_sar,1,2
0.17157522,6,pca_sar,1,2
0.13431132,6,pca_sar,1,2
0.061418276,6,pca_sar,1,2
0.10463152,6,pca_sar,1,2
0.10723616,6,pca_sar,1,2
0.06285558,6,pca_sar,1,2
0.11570741,6,pca_sar,1,2
0.13264471,6,pca_sar,1,2
0.10529785,6,pca_sar,1,2
0.10041394,6,pca_sar,1,2
0.11538485,6,pca_sar,1,2
0.14770493,6,pca_sar,1,2
0.10334843,6,pca_sar,1,2
0.09104918,6,pca_sar,1,2
0.081328414,6,pca_sar,1,2
0.11000445,6,pca_sar,1,2
0.14469332,6,pca_sar,1,2
0.13833594,6,pca_sar,1,2
0.092996016,6,pca_sar,1,2
0.08602874,6,pca_sar,1,2
0.05754976,6,pca_sar,1,2
0.09671993,6,pca_sar,1,2
0.08328414,6,pca_sar,1,2
0.106713,6,pca_sar,1,2
0.124528125,6,pca_sar,1,2
0.11884403,6,pca_sar,1,2
0.15820736,6,pca_sar,1,2
0.13265954,6,pca_sar,1,2
0.20495379,6,pca_sar,1,2
0.19514897,6,pca_sar,1,2
0.20174798,6,pca_sar,1,2
0.15887871,6,pca_sar,1,2
0.13238221,6,pca_sar,1,2
0.19649208,6,pca_sar,1,2
0.2004528,6,pca_sar,1,2
0.18701291,6,pca_sar,1,2
0.13383897,6,pca_sar,1,2
0.15937775,6,pca_sar,1,2
0.1471667,6,pca_sar,1,2
0.16507521,6,pca_sar,1,2
0.18574029,6,pca_sar,1,2
0.1950323,6,pca_sar,1,2
0.18045211,6,pca_sar,1,2
0.1556775,6,pca_sar,1,2
0.12328005,6,pca_sar,1,2
0.11133844,6,pca_sar,1,2
0.18138286,6,pca_sar,1,2
0.15243551,6,pca_sar,1,2
0.18601818,6,pca_sar,1,2
0.2331911,6,pca_sar,1,2
0.26187497,6,pca_sar,1,2
0.19361058,6,pca_sar,1,2
0.14260948,6,pca_sar,1,2
0.1945517,6,pca_sar,1,2
0.22122768,6,pca_sar,1,2
0.22637014,6,pca_sar,1,2
0.20680156,6,pca_sar,1,2
0.22343561,6,pca_sar,1,2
0.21865496,6,pca_sar,1,2
0.16786993,6,pca_sar,1,2
0.23564304,6,pca_sar,1,2
0.23187554,6,pca_sar,1,2
0.22225955,6,pca_sar,1,2
0.17814302,6,pca_sar,1,2
0.17698959,6,pca_sar,1,2
0.22468634,6,pca_sar,1,2
0.22318599,6,pca_sar,1,2
0.20377782,6,pca_sar,1,2
0.19347818,6,pca_sar,1,2
0.19892171,6,pca_sar,1,2
0.1725825,6,pca_sar,1,2
0.20243806,6,pca_sar,1,2
0.16189578,6,pca_sar,1,2
0.15656573,6,pca_sar,1,2
0.16939725,6,pca_sar,1,2
0.14774762,6,pca_sar,1,2
0.15405421,6,pca_sar,1,2
0.037837695,2,pca_sar,1,2
0.0023531308,2,pca_sar,1,2
0.108776435,2,pca_sar,1,2
0.10926558,2,pca_sar,1,2
0.09590394,2,pca_sar,1,2
0.10487289,2,pca_sar,1,2
0.022065671,2,pca_sar,1,2
0.0795417,2,pca_sar,1,2
0.09086973,2,pca_sar,1,2
0.048654243,2,pca_sar,1,2
0.036630213,2,pca_sar,1,2
0.06633738,2,pca_sar,1,2
0.12620606,2,pca_sar,1,2
0.031934507,2,pca_sar,1,2
0.058875315,2,pca_sar,1,2
0.09402116,2,pca_sar,1,2
0.06280585,2,pca_sar,1,2
0.023376686,2,pca_sar,1,2
0.080956,2,pca_sar,1,2
0.11285317,2,pca_sar,1,2
-0.019698758,2,pca_sar,1,2
0.03402485,2,pca_sar,1,2
0.07518528,2,pca_sar,1,2
0.04312309,2,pca_sar,1,2
0.09058803,2,pca_sar,1,2
0.15657002,2,pca_sar,1,2
0.114250034,2,pca_sar,1,2
-0.009667445,2,pca_sar,1,2
0.12826695,2,pca_sar,1,2
0.1118478,2,pca_sar,1,2
0.050551005,2,pca_sar,1,2
0.1768136,2,pca_sar,1,2
0.12467402,2,pca_sar,1,2
0.14416593,2,pca_sar,1,2
0.0547819,2,pca_sar,1,2
-0.036239393,2,pca_sar,1,2
0.10090406,2,pca_sar,1,2
0.10772981,2,pca_sar,1,2
0.020347647,2,pca_sar,1,2
0.12310375,2,pca_sar,1,2
0.014084834,2,pca_sar,1,2
0.042859748,2,pca_sar,1,2
0.050159592,2,pca_sar,1,2
-0.0033251476,2,pca_sar,1,2
0.095484376,2,pca_sar,1,2
0.08199228,2,pca_sar,1,2
0.07712577,2,pca_sar,1,2
0.108122416,2,pca_sar,1,2
-0.039806753,2,pca_sar,1,2
0.009210898,2,pca_sar,1,2
0.07610167,2,pca_sar,1,2
0.05995731,2,pca_sar,1,2
0.10904864,2,pca_sar,1,2
0.10755924,2,pca_sar,1,2
0.042400822,2,pca_sar,1,2
0.13335103,2,pca_sar,1,2
-0.03411536,2,pca_sar,1,2
0.015452377,2,pca_sar,1,2
-0.0011935616,2,pca_sar,1,2
-0.019824537,2,pca_sar,1,2
0.010152934,2,pca_sar,1,2
-0.014880143,2,pca_sar,1,2
-0.043277383,2,pca_sar,1,2
0.121577665,2,pca_sar,1,2
-0.017943822,2,pca_sar,1,2
0.06192712,2,pca_sar,1,2
0.066453114,2,pca_sar,1,2
0.07702337,2,pca_sar,1,2
0.051367085,2,pca_sar,1,2
-0.009733183,2,pca_sar,1,2
0.019678254,2,pca_sar,1,2
0.0076527046,2,pca_sar,1,2
-0.002219852,2,pca_sar,1,2
0.16871952,2,pca_sar,1,2
0.067243874,2,pca_sar,1,2
0.09311865,2,pca_sar,1,2
0.04079156,2,pca_sar,1,2
0.04536645,2,pca_sar,1,2
0.06286919,2,pca_sar,1,2
0.0034086742,2,pca_sar,1,2
0.0042635743,2,pca_sar,1,2
0.017362013,2,pca_sar,1,2
0.012662258,2,pca_sar,1,2
0.107542306,2,pca_sar,1,2
0.10562323,2,pca_sar,1,2
0.08033114,2,pca_sar,1,2
0.08505059,2,pca_sar,1,2
0.07992721,2,pca_sar,1,2
0.10422591,2,pca_sar,1,2
-0.002891711,2,pca_sar,1,2
0.03766743,2,pca_sar,1,2
0.0024307352,2,pca_sar,1,2
-0.013816062,2,pca_sar,1,2
0.09718531,2,pca_sar,1,2
0.10849313,2,pca_sar,1,2
0.097345695,2,pca_sar,1,2
0.092280455,2,pca_sar,1,2
-0.024406705,2,pca_sar,1,2
0.024717985,2,pca_sar,1,2
0.07130054,2,pca_sar,1,2
0.044472657,2,pca_sar,1,2
-0.017725475,2,pca_sar,1,2
0.13148695,2,pca_sar,1,2
0.019748656,2,pca_sar,1,2
-0.006582845,2,pca_sar,1,2
0.042102188,2,pca_sar,1,2
0.13618332,2,pca_sar,1,2
-0.008296534,2,pca_sar,1,2
0.0027170796,2,pca_sar,1,2
0.0061846264,2,pca_sar,1,2
0.05321964,2,pca_sar,1,2
0.076470815,2,pca_sar,1,2
0.039572805,2,pca_sar,1,2
0.08297174,2,pca_sar,1,2
0.066519454,2,pca_sar,1,2
0.062829524,2,pca_sar,1,2
0.10124503,2,pca_sar,1,2
0.07319448,2,pca_sar,1,2
0.09619203,2,pca_sar,1,2
0.07582036,2,pca_sar,1,2
0.1302339,2,pca_sar,1,2
0.04604626,2,pca_sar,1,2
0.0741493,2,pca_sar,1,2
0.0894469,2,pca_sar,1,2
0.04853213,2,pca_sar,1,2
0.0861412,2,pca_sar,1,2
0.1069385,2,pca_sar,1,2
0.12177248,2,pca_sar,1,2
0.04217372,2,pca_sar,1,2
0.069601096,2,pca_sar,1,2
0.053246554,2,pca_sar,1,2
0.027289536,2,pca_sar,1,2
0.11584155,2,pca_sar,1,2
0.10703064,2,pca_sar,1,2
0.10981788,2,pca_sar,1,2
0.022414267,2,pca_sar,1,2
0.11876269,2,pca_sar,1,2
0.099613905,2,pca_sar,1,2
0.027837476,2,pca_sar,1,2
0.047065534,2,pca_sar,1,2
0.050348967,2,pca_sar,1,2
-0.02400297,2,pca_sar,1,2
0.02533249,2,pca_sar,1,2
0.11910549,2,pca_sar,1,2
0.04349522,2,pca_sar,1,2
0.03401405,2,pca_sar,1,2
0.038966056,2,pca_sar,1,2
0.15180755,2,pca_sar,1,2
0.14099702,2,pca_sar,1,2
0.06403013,2,pca_sar,1,2
-0.037251987,2,pca_sar,1,2
-0.0013845777,2,pca_sar,1,2
0.0036012419,2,pca_sar,1,2
-0.0018017953,2,pca_sar,1,2
0.034668498,2,pca_sar,1,2
0.04446489,2,pca_sar,1,2
0.010425996,2,pca_sar,1,2
0.017990235,2,pca_sar,1,2
0.13359971,2,pca_sar,1,2
0.10476902,2,pca_sar,1,2
0.07996317,2,pca_sar,1,2
0.022458073,2,pca_sar,1,2
0.065917544,2,pca_sar,1,2
0.089740194,2,pca_sar,1,2
0.04711529,2,pca_sar,1,2
0.017931065,2,pca_sar,1,2
0.008742251,2,pca_sar,1,2
-0.0031848885,2,pca_sar,1,2
-0.0039623203,2,pca_sar,1,2
0.064082675,2,pca_sar,1,2
0.06408355,2,pca_sar,1,2
0.14686996,2,pca_sar,1,2
0.13701163,2,pca_sar,1,2
0.09063868,2,pca_sar,1,2
0.057033915,2,pca_sar,1,2
0.08557846,2,pca_sar,1,2
0.13161021,2,pca_sar,1,2
0.13314795,2,pca_sar,1,2
0.0857191,2,pca_sar,1,2
0.05690561,2,pca_sar,1,2
-0.017076425,2,pca_sar,1,2
-0.024573922,2,pca_sar,1,2
0.015353058,2,pca_sar,1,2
0.05743774,2,pca_sar,1,2
0.06691703,2,pca_sar,1,2
0.03711115,2,pca_sar,1,2
0.018874276,2,pca_sar,1,2
0.08693199,2,pca_sar,1,2
0.11092585,2,pca_sar,1,2
0.13477424,2,pca_sar,1,2
0.08007713,2,pca_sar,1,2
0.058128063,2,pca_sar,1,2
0.034665756,2,pca_sar,1,2
0.060250938,2,pca_sar,1,2
0.07100351,2,pca_sar,1,2
0.028456096,2,pca_sar,1,2
0.019168407,2,pca_sar,1,2
0.048130438,2,pca_sar,1,2
0.05049004,2,pca_sar,1,2
0.030261798,2,pca_sar,1,2
-0.0018656738,2,pca_sar,1,2
-0.0055723935,2,pca_sar,1,2
0.09716813,2,pca_sar,1,2
0.09252792,2,pca_sar,1,2
0.16174579,2,pca_sar,1,2
0.102820404,2,pca_sar,1,2
0.083900586,2,pca_sar,1,2
0.064233184,2,pca_sar,1,2
0.088448316,2,pca_sar,1,2
0.0633882,2,pca_sar,1,2
0.020027133,2,pca_sar,1,2
0.036903925,2,pca_sar,1,2
0.03612945,2,pca_sar,1,2
0.008872953,2,pca_sar,1,2
-0.01823515,2,pca_sar,1,2
0.0018396378,2,pca_sar,1,2
0.016568579,2,pca_sar,1,2
0.0738369,2,pca_sar,1,2
0.10515625,2,pca_sar,1,2
0.11398247,2,pca_sar,1,2
0.17617577,2,pca_sar,1,2
0.208895,2,pca_sar,1,2
0.104050934,2,pca_sar,1,2
0.1286716,2,pca_sar,1,2
0.13030699,2,pca_sar,1,2
0.095835775,2,pca_sar,1,2
0.07816301,2,pca_sar,1,2
0.048411824,2,pca_sar,1,2
-0.04379187,2,pca_sar,1,2
0.01713454,2,pca_sar,1,2
-0.0029765796,2,pca_sar,1,2
0.010054596,2,pca_sar,1,2
0.0740863,2,pca_sar,1,2
0.10121968,2,pca_sar,1,2
0.10483826,2,pca_sar,1,2
0.121562704,2,pca_sar,1,2
0.19114792,2,pca_sar,1,2
0.18603022,2,pca_sar,1,2
0.106144056,2,pca_sar,1,2
-0.012385247,2,pca_sar,1,2
0.022665586,2,pca_sar,1,2
0.038354006,2,pca_sar,1,2
0.0061983443,2,pca_sar,1,2
0.013949545,2,pca_sar,1,2
0.07181847,2,pca_sar,1,2
0.12900156,2,pca_sar,1,2
0.13653833,2,pca_sar,1,2
0.15097204,2,pca_sar,1,2
0.043239117,2,pca_sar,1,2
0.005601054,2,pca_sar,1,2
0.053723484,2,pca_sar,1,2
0.16529557,2,pca_sar,1,2
0.024528679,2,pca_sar,1,2
0.21120164,2,pca_sar,1,2
0.12504813,2,pca_sar,1,2
0.08069543,2,pca_sar,1,2
0.17673826,2,pca_sar,1,2
0.10919232,2,pca_sar,1,2
0.06831452,2,pca_sar,1,2
0.20428315,2,pca_sar,1,2
0.10524716,2,pca_sar,1,2
0.07651313,2,pca_sar,1,2
0.12035209,2,pca_sar,1,2
0.13254006,2,pca_sar,1,2
0.22006074,2,pca_sar,1,2
0.090967044,2,pca_sar,1,2
0.058248427,2,pca_sar,1,2
0.06655101,2,pca_sar,1,2
0.12669778,2,pca_sar,1,2
0.19682793,2,pca_sar,1,2
0.09104257,2,pca_sar,1,2
-0.0056290566,2,pca_sar,1,2
0.006017424,2,pca_sar,1,2
0.08676951,2,pca_sar,1,2
0.1616934,2,pca_sar,1,2
0.07164186,2,pca_sar,1,2
0.08865239,2,pca_sar,1,2
0.11563062,2,pca_sar,1,2
0.10597035,2,pca_sar,1,2
0.16840011,2,pca_sar,1,2
0.07905447,2,pca_sar,1,2
0.094957605,2,pca_sar,1,2
0.13381211,2,pca_sar,1,2
0.12346579,2,pca_sar,1,2
0.19470906,2,pca_sar,1,2
0.13150615,2,pca_sar,1,2
0.1198027,2,pca_sar,1,2
0.22104472,2,pca_sar,1,2
0.16918811,2,pca_sar,1,2
0.12935916,2,pca_sar,1,2
0.14960483,6,pca_sar,1,2
0.14571036,6,pca_sar,1,2
0.17995685,6,pca_sar,1,2
0.14531374,6,pca_sar,1,2
0.10584513,6,pca_sar,1,2
0.15907836,6,pca_sar,1,2
0.17311072,6,pca_sar,1,2
0.21163952,6,pca_sar,1,2
0.14815903,6,pca_sar,1,2
0.07223097,6,pca_sar,1,2
0.11121579,6,pca_sar,1,2
0.1232141,6,pca_sar,1,2
0.1416459,6,pca_sar,1,2
0.12528595,6,pca_sar,1,2
0.14579257,6,pca_sar,1,2
0.15596023,6,pca_sar,1,2
0.15333079,6,pca_sar,1,2
0.15272623,6,pca_sar,1,2
0.09853795,6,pca_sar,1,2
0.13464898,6,pca_sar,1,2
0.12423751,6,pca_sar,1,2
0.1389173,6,pca_sar,1,2
0.15439129,6,pca_sar,1,2
0.16114189,6,pca_sar,1,2
0.14346251,6,pca_sar,1,2
0.13701648,6,pca_sar,1,2
0.16703855,6,pca_sar,1,2
0.19051528,6,pca_sar,1,2
0.16074523,6,pca_sar,1,2
0.15549386,6,pca_sar,1,2
0.19215316,6,pca_sar,1,2
0.1847707,6,pca_sar,1,2
0.1603351,6,pca_sar,1,2
0.17632766,6,pca_sar,1,2
0.2063877,6,pca_sar,1,2
0.16384996,6,pca_sar,1,2
0.17621046,6,pca_sar,1,2
0.2179103,6,pca_sar,1,2
0.14444149,6,pca_sar,1,2
0.05591067,6,pca_sar,1,2
0.08195416,6,pca_sar,1,2
0.09184464,6,pca_sar,1,2
0.10880481,6,pca_sar,1,2
0.11885548,6,pca_sar,1,2
0.11709967,6,pca_sar,1,2
0.0854895,6,pca_sar,1,2
0.10009635,6,pca_sar,1,2
0.10606801,6,pca_sar,1,2
0.051387668,6,pca_sar,1,2
0.1485021,6,pca_sar,1,2
0.12549368,6,pca_sar,1,2
0.16271764,6,pca_sar,1,2
0.14741237,6,pca_sar,1,2
0.07266937,6,pca_sar,1,2
0.16677685,6,pca_sar,1,2
0.14711484,6,pca_sar,1,2
0.18869635,6,pca_sar,1,2
0.17987092,6,pca_sar,1,2
0.107924215,6,pca_sar,1,2
0.17490384,6,pca_sar,1,2
0.16730219,6,pca_sar,1,2
0.16501318,6,pca_sar,1,2
0.16662303,6,pca_sar,1,2
0.17892829,6,pca_sar,1,2
0.17213896,6,pca_sar,1,2
0.16370991,6,pca_sar,1,2
0.16952167,6,pca_sar,1,2
0.16426179,6,pca_sar,1,2
0.18980613,6,pca_sar,1,2
0.13995689,6,pca_sar,1,2
0.17827493,6,pca_sar,1,2
0.15139204,6,pca_sar,1,2
0.16267982,6,pca_sar,1,2
0.20293176,6,pca_sar,1,2
0.20959157,6,pca_sar,1,2
0.18828493,6,pca_sar,1,2
0.16473535,6,pca_sar,1,2
0.17111032,6,pca_sar,1,2
0.14076386,6,pca_sar,1,2
0.12072444,6,pca_sar,1,2
0.13742903,6,pca_sar,1,2
0.19738153,6,pca_sar,1,2
0.21051323,6,pca_sar,1,2
0.19818693,6,pca_sar,1,2
0.12229562,6,pca_sar,1,2
0.119720414,6,pca_sar,1,2
0.15436879,6,pca_sar,1,2
0.2498724,6,pca_sar,1,2
0.18553586,6,pca_sar,1,2
0.1385749,6,pca_sar,1,2
0.12770984,6,pca_sar,1,2
0.16839156,6,pca_sar,1,2
0.1786408,6,pca_sar,1,2
0.1330809,6,pca_sar,1,2
0.12640263,6,pca_sar,1,2
0.14898798,6,pca_sar,1,2
0.15670094,6,pca_sar,1,2
0.08461282,6,pca_sar,1,2
0.13277073,4,pca_sar,1,2
0.1291758,4,pca_sar,1,2
0.1007128,4,pca_sar,1,2
0.13037002,4,pca_sar,1,2
0.16025579,4,pca_sar,1,2
0.16473722,4,pca_sar,1,2
0.18300024,4,pca_sar,1,2
0.30560675,4,pca_sar,1,2
0.23590098,4,pca_sar,1,2
0.21938246,4,pca_sar,1,2
0.21071012,4,pca_sar,1,2
0.32999077,4,pca_sar,1,2
0.2339919,4,pca_sar,1,2
0.20330596,4,pca_sar,1,2
0.20390648,4,pca_sar,1,2
0.315103,4,pca_sar,1,2
0.19892527,4,pca_sar,1,2
0.18306902,4,pca_sar,1,2
0.19452415,4,pca_sar,1,2
0.32831,4,pca_sar,1,2
0.1840156,4,pca_sar,1,2
0.24560481,4,pca_sar,1,2
0.24622497,4,pca_sar,1,2
0.314666,4,pca_sar,1,2
0.15602374,4,pca_sar,1,2
0.15127742,4,pca_sar,1,2
0.12850875,4,pca_sar,1,2
0.29767197,4,pca_sar,1,2
0.16082934,4,pca_sar,1,2
0.19426343,4,pca_sar,1,2
0.10022144,4,pca_sar,1,2
0.2548635,4,pca_sar,1,2
0.14530441,4,pca_sar,1,2
0.12419017,4,pca_sar,1,2
0.18139167,4,pca_sar,1,2
0.14593415,4,pca_sar,1,2
0.1486451,4,pca_sar,1,2
0.15104166,4,pca_sar,1,2
0.16715978,4,pca_sar,1,2
0.13562003,4,pca_sar,1,2
0.12798275,4,pca_sar,1,2
0.14365953,4,pca_sar,1,2
0.1578379,4,pca_sar,1,2
0.14669918,4,pca_sar,1,2
0.09709265,4,pca_sar,1,2
0.068536565,4,pca_sar,1,2
0.1146695,4,pca_sar,1,2
0.13405594,4,pca_sar,1,2
0.13870358,4,pca_sar,1,2
0.14701715,4,pca_sar,1,2
0.08143363,4,pca_sar,1,2
0.06705595,4,pca_sar,1,2
0.14846694,4,pca_sar,1,2
0.17988563,4,pca_sar,1,2
0.1682702,4,pca_sar,1,2
0.1809703,4,pca_sar,1,2
0.1288609,4,pca_sar,1,2
0.08666592,4,pca_sar,1,2
0.156847,4,pca_sar,1,2
0.1778858,4,pca_sar,1,2
0.19611973,4,pca_sar,1,2
0.15703285,4,pca_sar,1,2
0.17252833,4,pca_sar,1,2
0.15424015,4,pca_sar,1,2
0.16809346,4,pca_sar,1,2
0.15771627,4,pca_sar,1,2
0.12929675,4,pca_sar,1,2
0.20262533,4,pca_sar,1,2
0.1987928,4,pca_sar,1,2
0.25850013,4,pca_sar,1,2
0.2336942,4,pca_sar,1,2
0.2315265,4,pca_sar,1,2
0.20258322,4,pca_sar,1,2
0.1321812,4,pca_sar,1,2
0.16239831,4,pca_sar,1,2
0.2039212,4,pca_sar,1,2
0.19726172,4,pca_sar,1,2
0.20159134,4,pca_sar,1,2
0.18059313,4,pca_sar,1,2
0.17989366,4,pca_sar,1,2
0.11351393,4,pca_sar,1,2
0.17140484,4,pca_sar,1,2
0.19168022,4,pca_sar,1,2
0.19311886,4,pca_sar,1,2
0.119732745,4,pca_sar,1,2
0.064925544,4,pca_sar,1,2
0.09890661,4,pca_sar,1,2
0.13988617,4,pca_sar,1,2
0.17919618,4,pca_sar,1,2
0.25534034,4,pca_sar,1,2
0.2569422,4,pca_sar,1,2
0.1835119,4,pca_sar,1,2
0.102719896,4,pca_sar,1,2
0.09231146,4,pca_sar,1,2
0.17914495,4,pca_sar,1,2
0.1829506,4,pca_sar,1,2
0.14850646,4,pca_sar,1,2
0.15445736,4,pca_sar,1,2
0.1153733,4,pca_sar,1,2
0.1424298,4,pca_sar,1,2
0.12991497,4,pca_sar,1,2
0.12542981,4,pca_sar,1,2
0.15036026,4,pca_sar,1,2
0.1485716,4,pca_sar,1,2
0.20133826,4,pca_sar,1,2
0.13510227,4,pca_sar,1,2
0.1657238,4,pca_sar,1,2
0.12525249,4,pca_sar,1,2
0.11176727,4,pca_sar,1,2
0.10222544,4,pca_sar,1,2
0.1463947,4,pca_sar,1,2
0.12667365,4,pca_sar,1,2
0.08430074,4,pca_sar,1,2
0.09487431,4,pca_sar,1,2
0.1061987,4,pca_sar,1,2
0.101949975,4,pca_sar,1,2
0.13406843,4,pca_sar,1,2
0.09665646,4,pca_sar,1,2
0.10617554,4,pca_sar,1,2
0.08955966,4,pca_sar,1,2
0.11481842,4,pca_sar,1,2
0.101792626,4,pca_sar,1,2
0.11429909,4,pca_sar,1,2
0.07835494,4,pca_sar,1,2
0.17779776,4,pca_sar,1,2
0.09596062,4,pca_sar,1,2
0.04066466,4,pca_sar,1,2
0.09056276,4,pca_sar,1,2
0.08324161,4,pca_sar,1,2
0.24307585,4,pca_sar,1,2
0.14340654,4,pca_sar,1,2
0.12264423,4,pca_sar,1,2
0.12660128,4,pca_sar,1,2
0.18438756,4,pca_sar,1,2
0.09189955,4,pca_sar,1,2
0.10544382,4,pca_sar,1,2
0.1983044,4,pca_sar,1,2
0.08851607,4,pca_sar,1,2
0.10181509,4,pca_sar,1,2
0.17318974,4,pca_sar,1,2
0.070184685,4,pca_sar,1,2
0.10559609,4,pca_sar,1,2
0.083879486,4,pca_sar,1,2
0.097164005,4,pca_sar,1,2
0.06826879,4,pca_sar,1,2
0.061485074,4,pca_sar,1,2
0.00205319,4,pca_sar,1,2
0.027503518,4,pca_sar,1,2
0.14516681,4,pca_sar,1,2
0.08836791,4,pca_sar,1,2
0.08995181,4,pca_sar,1,2
0.288737,4,pca_sar,1,2
0.18520148,4,pca_sar,1,2
0.16527644,4,pca_sar,1,2
0.10200809,4,pca_sar,1,2
0.29559353,4,pca_sar,1,2
0.15881029,4,pca_sar,1,2
0.10320401,4,pca_sar,1,2
0.09485735,4,pca_sar,1,2
0.2753522,4,pca_sar,1,2
0.1480446,4,pca_sar,1,2
0.10546537,4,pca_sar,1,2
0.1341869,4,pca_sar,1,2
0.29846448,4,pca_sar,1,2
0.14464012,4,pca_sar,1,2
0.18191984,4,pca_sar,1,2
0.1896885,4,pca_sar,1,2
0.2963506,4,pca_sar,1,2
0.10286868,4,pca_sar,1,2
0.076305985,4,pca_sar,1,2
0.0824898,4,pca_sar,1,2
0.25049862,4,pca_sar,1,2
0.12207371,4,pca_sar,1,2
0.086043805,4,pca_sar,1,2
-0.01649173,4,pca_sar,1,2
0.13387656,4,pca_sar,1,2
0.10008314,4,pca_sar,1,2
0.09897186,4,pca_sar,1,2
0.1213041,4,pca_sar,1,2
0.116918966,4,pca_sar,1,2
0.11439845,4,pca_sar,1,2
0.11039579,4,pca_sar,1,2
0.08894494,4,pca_sar,1,2
0.13721125,4,pca_sar,1,2
0.15764809,4,pca_sar,1,2
0.1553762,4,pca_sar,1,2
0.15003248,4,pca_sar,1,2
0.16741294,4,pca_sar,1,2
0.05418353,4,pca_sar,1,2
0.028125398,4,pca_sar,1,2
0.09440632,4,pca_sar,1,2
0.08733382,4,pca_sar,1,2
0.10395394,4,pca_sar,1,2
0.1269059,4,pca_sar,1,2
0.056009576,4,pca_sar,1,2
0.06333381,4,pca_sar,1,2
0.06473303,4,pca_sar,1,2
0.062491123,4,pca_sar,1,2
0.086462386,4,pca_sar,1,2
0.07610744,4,pca_sar,1,2
0.13633567,4,pca_sar,1,2
0.11363961,4,pca_sar,1,2
0.116789296,4,pca_sar,1,2
0.12344372,4,pca_sar,1,2
0.112257,4,pca_sar,1,2
0.097431384,4,pca_sar,1,2
0.09300062,4,pca_sar,1,2
0.112219505,4,pca_sar,1,2
0.11836701,4,pca_sar,1,2
0.22268946,4,pca_sar,1,2
0.17047456,4,pca_sar,1,2
0.15730631,4,pca_sar,1,2
0.18408239,4,pca_sar,1,2
0.18289152,4,pca_sar,1,2
0.14133778,4,pca_sar,1,2
0.12479577,4,pca_sar,1,2
0.14751911,4,pca_sar,1,2
0.12636387,4,pca_sar,1,2
0.09689765,4,pca_sar,1,2
0.13628739,4,pca_sar,1,2
0.18694684,4,pca_sar,1,2
0.19569121,4,pca_sar,1,2
0.20495205,4,pca_sar,1,2
0.17043823,4,pca_sar,1,2
0.10313705,4,pca_sar,1,2
0.09085937,4,pca_sar,1,2
0.13509412,4,pca_sar,1,2
0.16549861,4,pca_sar,1,2
0.14706269,4,pca_sar,1,2
0.12283683,4,pca_sar,1,2
0.14047043,4,pca_sar,1,2
0.14536591,4,pca_sar,1,2
0.16785473,4,pca_sar,1,2
0.18780762,4,pca_sar,1,2
0.20891783,4,pca_sar,1,2
0.12873112,4,pca_sar,1,2
0.1076934,4,pca_sar,1,2
0.11986461,4,pca_sar,1,2
0.19151315,4,pca_sar,1,2
0.13605197,4,pca_sar,1,2
0.15516524,4,pca_sar,1,2
0.15938124,4,pca_sar,1,2
0.07924211,4,pca_sar,1,2
0.15053698,4,pca_sar,1,2
0.08907373,4,pca_sar,1,2
0.049566016,4,pca_sar,1,2
0.08165254,4,pca_sar,1,2
0.058422506,4,pca_sar,1,2
0.123297386,4,pca_sar,1,2
0.07477156,4,pca_sar,1,2
0.1432827,4,pca_sar,1,2
0.10433574,4,pca_sar,1,2
0.12028725,4,pca_sar,1,2
0.10199015,4,pca_sar,1,2
0.116951935,4,pca_sar,1,2
0.12884772,4,pca_sar,1,2
0.110427335,4,pca_sar,1,2
0.10583436,4,pca_sar,1,2
0.1350736,4,pca_sar,1,2
0.12840346,4,pca_sar,1,2
0.08714587,4,pca_sar,1,2
0.07354823,4,pca_sar,1,2
0.11693389,4,pca_sar,1,2
0.13491568,4,pca_sar,1,2
0.08840324,4,pca_sar,1,2
0.074707285,4,pca_sar,1,2
0.112472594,4,pca_sar,1,2
0.100373715,4,pca_sar,1,2
0.18384518,4,pca_sar,1,2
0.16132197,4,pca_sar,1,2
0.0968514,4,pca_sar,1,2
0.10921703,4,pca_sar,1,2
0.084474035,4,pca_sar,1,2
0.27301753,4,pca_sar,1,2
0.19390807,4,pca_sar,1,2
0.1982421,4,pca_sar,1,2
0.16362868,4,pca_sar,1,2
0.21026178,4,pca_sar,1,2
0.12540205,4,pca_sar,1,2
0.17847626,4,pca_sar,1,2
0.19760248,4,pca_sar,1,2
0.061539896,4,pca_sar,1,2
0.09792119,4,pca_sar,1,2
0.11998838,4,pca_sar,1,2
0.056602605,4,pca_sar,1,2
0.08607296,4,pca_sar,1,2
0.11993936,4,pca_sar,1,2
0.048541076,4,pca_sar,1,2
0.16020182,6,pca_sar,1,2
0.1486934,6,pca_sar,1,2
0.23064917,6,pca_sar,1,2
0.18784003,6,pca_sar,1,2
0.14180496,6,pca_sar,1,2
0.22274013,6,pca_sar,1,2
0.27304238,6,pca_sar,1,2
0.28192,6,pca_sar,1,2
0.11341977,6,pca_sar,1,2
0.08144063,6,pca_sar,1,2
-0.02458046,6,pca_sar,1,2
-0.06310617,6,pca_sar,1,2
-0.0096313525,6,pca_sar,1,2
0.027319286,6,pca_sar,1,2
0.01581774,6,pca_sar,1,2
0.06924687,6,pca_sar,1,2
0.072966196,6,pca_sar,1,2
0.07104039,6,pca_sar,1,2
0.1355812,6,pca_sar,1,2
0.13606912,6,pca_sar,1,2
0.08045645,6,pca_sar,1,2
0.10354182,6,pca_sar,1,2
0.0926777,6,pca_sar,1,2
0.13916592,6,pca_sar,1,2
0.13183993,6,pca_sar,1,2
0.12636057,6,pca_sar,1,2
0.083586626,6,pca_sar,1,2
0.030937176,6,pca_sar,1,2
0.030282695,6,pca_sar,1,2
0.030618452,6,pca_sar,1,2
0.021212712,6,pca_sar,1,2
-0.0064058723,6,pca_sar,1,2
0.17757046,6,pca_sar,1,2
0.089263074,6,pca_sar,1,2
0.19086972,6,pca_sar,1,2
0.10730838,6,pca_sar,1,2
0.17681912,6,pca_sar,1,2
0.22602259,6,pca_sar,1,2
0.108146936,6,pca_sar,1,2
0.24014449,6,pca_sar,1,2
0.09979622,6,pca_sar,1,2
0.11159054,6,pca_sar,1,2
0.18656757,6,pca_sar,1,2
0.086064965,6,pca_sar,1,2
0.17822774,6,pca_sar,1,2
0.14866382,6,pca_sar,1,2
0.264369,6,pca_sar,1,2
0.16382274,6,pca_sar,1,2
0.16762269,6,pca_sar,1,2
0.23824912,6,pca_sar,1,2
0.27165526,6,pca_sar,1,2
0.24042627,6,pca_sar,1,2
0.14920509,6,pca_sar,1,2
0.109368056,6,pca_sar,1,2
0.03213218,6,pca_sar,1,2
-0.10996665,6,pca_sar,1,2
-0.005900752,6,pca_sar,1,2
0.125774,6,pca_sar,1,2
0.13623533,6,pca_sar,1,2
0.15022604,6,pca_sar,1,2
0.056557048,6,pca_sar,1,2
0.06988067,6,pca_sar,1,2
0.2127561,6,pca_sar,1,2
0.1362174,6,pca_sar,1,2
0.12267734,6,pca_sar,1,2
0.097604185,6,pca_sar,1,2
0.07439254,6,pca_sar,1,2
0.088958465,6,pca_sar,1,2
0.16523392,6,pca_sar,1,2
0.15559208,6,pca_sar,1,2
0.12504093,6,pca_sar,1,2
0.050029885,6,pca_sar,1,2
0.00032763556,6,pca_sar,1,2
0.10762614,6,pca_sar,1,2
0.05166175,6,pca_sar,1,2
0.023158805,6,pca_sar,1,2
0.11376989,6,pca_sar,1,2
0.026574505,6,pca_sar,1,2
0.15105084,6,pca_sar,1,2
-0.04152183,6,pca_sar,1,2
0.054268472,6,pca_sar,1,2
0.09307102,6,pca_sar,1,2
0.14228506,6,pca_sar,1,2
0.14171094,6,pca_sar,1,2
0.009366665,6,pca_sar,1,2
0.0012237187,6,pca_sar,1,2
-0.03081321,6,pca_sar,1,2
0.06735694,6,pca_sar,1,2
-0.0084379725,6,pca_sar,1,2
0.01752757,6,pca_sar,1,2
0.07724228,6,pca_sar,1,2
0.1411303,6,pca_sar,1,2
-0.028565025,6,pca_sar,1,2
-0.017747037,6,pca_sar,1,2
0.035604186,6,pca_sar,1,2
0.089406945,6,pca_sar,1,2
-0.076939076,6,pca_sar,1,2
-0.048692517,6,pca_sar,1,2
-0.009536338,6,pca_sar,1,2
-0.006388614,6,pca_sar,1,2
-0.03354912,6,pca_sar,1,2
0.012146968,6,pca_sar,1,2
0.057275157,6,pca_sar,1,2
0.058867734,6,pca_sar,1,2
0.05135987,6,pca_sar,1,2
0.098106235,6,pca_sar,1,2
0.05510915,6,pca_sar,1,2
-0.019496342,6,pca_sar,1,2
0.020008111,6,pca_sar,1,2
0.067111,6,pca_sar,1,2
0.048186183,6,pca_sar,1,2
0.07167099,6,pca_sar,1,2
0.06723351,6,pca_sar,1,2
0.09530594,6,pca_sar,1,2
0.03758844,6,pca_sar,1,2
0.01235244,6,pca_sar,1,2
0.02193664,6,pca_sar,1,2
0.17117842,6,pca_sar,1,2
0.07581784,6,pca_sar,1,2
0.06092844,6,pca_sar,1,2
0.11899528,6,pca_sar,1,2
0.020753365,6,pca_sar,1,2
0.013965958,6,pca_sar,1,2
0.057363838,6,pca_sar,1,2
0.024814013,6,pca_sar,1,2
0.062063076,6,pca_sar,1,2
0.004387941,6,pca_sar,1,2
0.01538283,6,pca_sar,1,2
0.035126943,6,pca_sar,1,2
-0.023879103,6,pca_sar,1,2
0.06569673,6,pca_sar,1,2
0.10572833,6,pca_sar,1,2
0.00981546,6,pca_sar,1,2
0.024852144,6,pca_sar,1,2
0.06610179,6,pca_sar,1,2
0.05220411,6,pca_sar,1,2
0.02842118,6,pca_sar,1,2
0.041367218,6,pca_sar,1,2
0.11888942,6,pca_sar,1,2
0.18887523,6,pca_sar,1,2
-0.0008208044,6,pca_sar,1,2
0.05520449,6,pca_sar,1,2
0.1756536,6,pca_sar,1,2
0.10475624,6,pca_sar,1,2
0.03562594,6,pca_sar,1,2
0.083669305,6,pca_sar,1,2
0.1259096,6,pca_sar,1,2
0.20055728,6,pca_sar,1,2
0.013021701,6,pca_sar,1,2
0.08057882,6,pca_sar,1,2
0.12313821,6,pca_sar,1,2
0.18930048,6,pca_sar,1,2
0.025675535,6,pca_sar,1,2
0.06416737,6,pca_sar,1,2
0.10115448,6,pca_sar,1,2
0.15373805,6,pca_sar,1,2
0.058718618,6,pca_sar,1,2
0.026585858,6,pca_sar,1,2
0.018008512,6,pca_sar,1,2
0.07101634,6,pca_sar,1,2
0.051608708,6,pca_sar,1,2
0.05924271,6,pca_sar,1,2
0.038204566,6,pca_sar,1,2
0.08193478,6,pca_sar,1,2
-0.01203602,6,pca_sar,1,2
0.03239978,6,pca_sar,1,2
0.024395855,6,pca_sar,1,2
0.07435404,6,pca_sar,1,2
0.011952272,6,pca_sar,1,2
0.09274905,6,pca_sar,1,2
0.1299287,6,pca_sar,1,2
0.10137613,6,pca_sar,1,2
0.046556808,6,pca_sar,1,2
0.0624225,6,pca_sar,1,2
0.07989065,6,pca_sar,1,2
-0.064304374,6,pca_sar,1,2
0.003552162,6,pca_sar,1,2
0.0123898685,6,pca_sar,1,2
0.037783626,6,pca_sar,1,2
0.07040871,6,pca_sar,1,2
0.08700495,6,pca_sar,1,2
0.051162247,6,pca_sar,1,2
0.05967528,6,pca_sar,1,2
0.0036050873,6,pca_sar,1,2
0.0349499,6,pca_sar,1,2
0.11654013,6,pca_sar,1,2
0.09558681,6,pca_sar,1,2
0.14123392,6,pca_sar,1,2
0.1925558,6,pca_sar,1,2
0.076215655,6,pca_sar,1,2
0.06839728,6,pca_sar,1,2
0.048214756,6,pca_sar,1,2
0.0068486594,6,pca_sar,1,2
0.015729396,6,pca_sar,1,2
0.014865879,6,pca_sar,1,2
0.10224634,6,pca_sar,1,2
0.13357,6,pca_sar,1,2
0.02247229,6,pca_sar,1,2
0.09447338,6,pca_sar,1,2
0.10989829,6,pca_sar,1,2
0.02692138,6,pca_sar,1,2
0.13465323,6,pca_sar,1,2
0.17426166,6,pca_sar,1,2
0.143213,6,pca_sar,1,2
0.13209075,6,pca_sar,1,2
0.041876525,6,pca_sar,1,2
0.08441463,6,pca_sar,1,2
0.20930557,6,pca_sar,1,2
0.053540114,6,pca_sar,1,2
0.05965142,6,pca_sar,1,2
0.1499478,6,pca_sar,1,2
0.10880531,6,pca_sar,1,2
0.07349792,6,pca_sar,1,2
0.068085834,6,pca_sar,1,2
0.1301873,6,pca_sar,1,2
0.23435871,6,pca_sar,1,2
0.031887747,6,pca_sar,1,2
0.061737742,6,pca_sar,1,2
0.10667832,6,pca_sar,1,2
0.20759736,6,pca_sar,1,2
0.07113142,6,pca_sar,1,2
0.08338721,6,pca_sar,1,2
0.08852653,6,pca_sar,1,2
0.13127773,6,pca_sar,1,2
0.15355758,5,pca_sar,1,2
0.14040086,5,pca_sar,1,2
0.15800202,5,pca_sar,1,2
0.15508874,5,pca_sar,1,2
0.13837293,5,pca_sar,1,2
0.11905978,5,pca_sar,1,2
0.11860529,5,pca_sar,1,2
0.14768381,5,pca_sar,1,2
0.18241292,5,pca_sar,1,2
0.19709778,5,pca_sar,1,2
0.18512055,5,pca_sar,1,2
0.16010594,5,pca_sar,1,2
0.19278483,5,pca_sar,1,2
0.22175135,5,pca_sar,1,2
0.12985867,5,pca_sar,1,2
0.12231054,5,pca_sar,1,2
0.22307938,5,pca_sar,1,2
0.24131313,5,pca_sar,1,2
0.18841398,5,pca_sar,1,2
0.1488033,5,pca_sar,1,2
0.24560651,5,pca_sar,1,2
0.2525404,5,pca_sar,1,2
0.13693479,5,pca_sar,1,2
0.10627599,5,pca_sar,1,2
0.26037252,5,pca_sar,1,2
0.24809909,5,pca_sar,1,2
0.12637961,5,pca_sar,1,2
0.079282925,5,pca_sar,1,2
0.18283616,5,pca_sar,1,2
0.20431969,5,pca_sar,1,2
0.13582507,5,pca_sar,1,2
0.15992837,5,pca_sar,1,2
0.2019762,5,pca_sar,1,2
0.11206372,5,pca_sar,1,2
0.14627083,5,pca_sar,1,2
0.09723911,5,pca_sar,1,2
0.116949126,5,pca_sar,1,2
0.019701261,6,pca_sar,1,2
0.10896425,6,pca_sar,1,2
0.16231966,6,pca_sar,1,2
0.20519374,6,pca_sar,1,2
0.027973143,6,pca_sar,1,2
0.05543697,6,pca_sar,1,2
0.1485394,6,pca_sar,1,2
0.16052315,6,pca_sar,1,2
-0.01683408,6,pca_sar,1,2
-0.021751836,6,pca_sar,1,2
-0.004201196,6,pca_sar,1,2
0.02551192,6,pca_sar,1,2
0.048125505,6,pca_sar,1,2
0.03306281,6,pca_sar,1,2
-0.0006841086,6,pca_sar,1,2
-0.013285868,6,pca_sar,1,2
0.024400523,6,pca_sar,1,2
0.07108008,6,pca_sar,1,2
0.08362748,6,pca_sar,1,2
-0.005681416,6,pca_sar,1,2
0.068727255,6,pca_sar,1,2
0.0517452,6,pca_sar,1,2
0.003282806,6,pca_sar,1,2
-0.010945324,6,pca_sar,1,2
0.035065707,6,pca_sar,1,2
0.06802887,6,pca_sar,1,2
0.057068925,6,pca_sar,1,2
-0.0176195,6,pca_sar,1,2
0.036997877,6,pca_sar,1,2
0.12292823,6,pca_sar,1,2
0.12861678,6,pca_sar,1,2
0.066116385,6,pca_sar,1,2
0.06630703,6,pca_sar,1,2
0.038586143,6,pca_sar,1,2
0.018978352,6,pca_sar,1,2
0.021617742,6,pca_sar,1,2
0.03498411,6,pca_sar,1,2
-0.0070344564,6,pca_sar,1,2
0.08641216,6,pca_sar,1,2
0.0322401,6,pca_sar,1,2
0.025820673,6,pca_sar,1,2
-0.0024200482,6,pca_sar,1,2
-0.0035216156,6,pca_sar,1,2
0.06433897,6,pca_sar,1,2
0.027608544,6,pca_sar,1,2
0.034899816,6,pca_sar,1,2
0.12235853,6,pca_sar,1,2
0.086987965,6,pca_sar,1,2
0.08095233,6,pca_sar,1,2
0.046279144,6,pca_sar,1,2
0.028038539,6,pca_sar,1,2
0.19187164,6,pca_sar,1,2
0.03672297,6,pca_sar,1,2
0.033869766,6,pca_sar,1,2
0.20087233,6,pca_sar,1,2
0.1502271,6,pca_sar,1,2
0.10188529,6,pca_sar,1,2
0.049758665,6,pca_sar,1,2
0.070225745,6,pca_sar,1,2
0.25205308,6,pca_sar,1,2
0.091628194,6,pca_sar,1,2
0.123692304,6,pca_sar,1,2
0.09193486,6,pca_sar,1,2
0.21326137,6,pca_sar,1,2
0.05751702,6,pca_sar,1,2
0.10780404,6,pca_sar,1,2
0.08428159,6,pca_sar,1,2
0.15389632,6,pca_sar,1,2
0.14824864,5,pca_sar,1,2
0.17863016,5,pca_sar,1,2
0.15012532,5,pca_sar,1,2
0.11295756,5,pca_sar,1,2
0.15410239,5,pca_sar,1,2
0.19214416,5,pca_sar,1,2
0.1809458,5,pca_sar,1,2
0.1511007,5,pca_sar,1,2
0.23329927,5,pca_sar,1,2
0.29494187,5,pca_sar,1,2
0.22178861,5,pca_sar,1,2
0.16172034,5,pca_sar,1,2
0.2021862,5,pca_sar,1,2
0.25645578,5,pca_sar,1,2
0.12862782,5,pca_sar,1,2
0.10392991,5,pca_sar,1,2
0.18995863,5,pca_sar,1,2
0.25161946,5,pca_sar,1,2
0.14037292,5,pca_sar,1,2
0.10268374,5,pca_sar,1,2
0.17192551,5,pca_sar,1,2
0.2188198,5,pca_sar,1,2
0.11577374,5,pca_sar,1,2
0.10530943,5,pca_sar,1,2
0.17727068,5,pca_sar,1,2
0.20142306,5,pca_sar,1,2
0.1026704,5,pca_sar,1,2
0.08619199,5,pca_sar,1,2
0.10040858,5,pca_sar,1,2
0.12771343,5,pca_sar,1,2
0.061343662,5,pca_sar,1,2
0.12819442,5,pca_sar,1,2
0.21712124,5,pca_sar,1,2
0.114027455,5,pca_sar,1,2
0.19051252,5,pca_sar,1,2
0.10696025,5,pca_sar,1,2
0.15176058,5,pca_sar,1,2
0.025590317,6,pca_sar,1,2
-0.014673298,6,pca_sar,1,2
0.02442732,6,pca_sar,1,2
0.12788455,6,pca_sar,1,2
0.029235564,6,pca_sar,1,2
-0.022146102,6,pca_sar,1,2
-0.009802967,6,pca_sar,1,2
0.0977726,6,pca_sar,1,2
0.007358541,6,pca_sar,1,2
-0.017246887,6,pca_sar,1,2
-0.050619006,6,pca_sar,1,2
0.0034707487,6,pca_sar,1,2
0.10700168,6,pca_sar,1,2
0.051305927,6,pca_sar,1,2
0.055081762,6,pca_sar,1,2
0.030928362,6,pca_sar,1,2
0.06439507,6,pca_sar,1,2
0.054074243,6,pca_sar,1,2
0.07207537,6,pca_sar,1,2
-0.0009227898,6,pca_sar,1,2
0.11684991,6,pca_sar,1,2
0.05754502,6,pca_sar,1,2
0.0656293,6,pca_sar,1,2
0.026186798,6,pca_sar,1,2
0.0629993,6,pca_sar,1,2
0.03146109,6,pca_sar,1,2
-0.00020359084,6,pca_sar,1,2
0.0015620645,6,pca_sar,1,2
0.08515461,6,pca_sar,1,2
0.11994623,6,pca_sar,1,2
0.092216104,6,pca_sar,1,2
0.077261254,6,pca_sar,1,2
0.11122191,6,pca_sar,1,2
0.031916603,6,pca_sar,1,2
-0.017242085,6,pca_sar,1,2
-0.061979044,6,pca_sar,1,2
0.053967208,6,pca_sar,1,2
0.07432267,6,pca_sar,1,2
0.06845069,6,pca_sar,1,2
0.078787185,6,pca_sar,1,2
0.08009955,6,pca_sar,1,2
0.011838624,6,pca_sar,1,2
0.04061165,6,pca_sar,1,2
0.019847756,6,pca_sar,1,2
0.070783556,6,pca_sar,1,2
0.15234181,6,pca_sar,1,2
0.1306889,6,pca_sar,1,2
0.11261375,6,pca_sar,1,2
0.102145895,6,pca_sar,1,2
0.075081736,6,pca_sar,1,2
0.14606193,6,pca_sar,1,2
0.16115326,6,pca_sar,1,2
0.060046203,6,pca_sar,1,2
0.05606175,6,pca_sar,1,2
0.1287754,6,pca_sar,1,2
0.12040673,6,pca_sar,1,2
0.10670579,6,pca_sar,1,2
0.028272584,6,pca_sar,1,2
0.12834597,6,pca_sar,1,2
0.21003677,6,pca_sar,1,2
0.06008646,6,pca_sar,1,2
0.029549055,6,pca_sar,1,2
0.05318845,6,pca_sar,1,2
0.1468913,6,pca_sar,1,2
0.03809204,6,pca_sar,1,2
0.060334083,6,pca_sar,1,2
0.050646424,6,pca_sar,1,2
0.073818244,6,pca_sar,1,2
0.06369856,7,pca_sar,1,2
0.07498845,7,pca_sar,1,2
0.09513345,7,pca_sar,1,2
0.10578255,7,pca_sar,1,2
0.029319452,7,pca_sar,1,2
0.013219252,7,pca_sar,1,2
0.06668542,7,pca_sar,1,2
0.17761987,7,pca_sar,1,2
0.1854623,7,pca_sar,1,2
0.14879003,7,pca_sar,1,2
0.14450905,7,pca_sar,1,2
0.071502306,7,pca_sar,1,2
0.03197632,7,pca_sar,1,2
0.07027614,7,pca_sar,1,2
0.08701101,7,pca_sar,1,2
0.21691313,7,pca_sar,1,2
0.25752717,7,pca_sar,1,2
0.28307253,7,pca_sar,1,2
0.2333849,7,pca_sar,1,2
0.23421745,7,pca_sar,1,2
0.18801188,7,pca_sar,1,2
0.18032646,7,pca_sar,1,2
0.23303258,7,pca_sar,1,2
0.2641503,7,pca_sar,1,2
0.17256539,7,pca_sar,1,2
0.16155972,7,pca_sar,1,2
0.13713425,7,pca_sar,1,2
0.095260665,7,pca_sar,1,2
0.027137626,7,pca_sar,1,2
0.05515685,7,pca_sar,1,2
0.09162851,7,pca_sar,1,2
0.2375083,7,pca_sar,1,2
0.24843997,7,pca_sar,1,2
0.20959648,7,pca_sar,1,2
0.14626004,7,pca_sar,1,2
0.059795007,7,pca_sar,1,2
-0.0025240583,7,pca_sar,1,2
0.039857194,7,pca_sar,1,2
0.05122446,7,pca_sar,1,2
0.27862573,7,pca_sar,1,2
0.23589349,7,pca_sar,1,2
0.25154054,7,pca_sar,1,2
0.24333645,7,pca_sar,1,2
0.21804124,7,pca_sar,1,2
0.15010083,7,pca_sar,1,2
0.13511936,7,pca_sar,1,2
0.17338347,7,pca_sar,1,2
0.1629223,7,pca_sar,1,2
0.11535209,7,pca_sar,1,2
0.069722265,7,pca_sar,1,2
0.13799532,7,pca_sar,1,2
0.10409333,7,pca_sar,1,2
0.0721895,5,pca_sar,1,2
0.0764073,5,pca_sar,1,2
0.14462602,5,pca_sar,1,2
0.13380155,5,pca_sar,1,2
0.11979937,5,pca_sar,1,2
0.12025172,5,pca_sar,1,2
0.20961377,5,pca_sar,1,2
0.1766209,5,pca_sar,1,2
0.17493968,5,pca_sar,1,2
0.18799219,5,pca_sar,1,2
0.2805337,5,pca_sar,1,2
0.22851782,5,pca_sar,1,2
0.25729573,5,pca_sar,1,2
0.27798682,5,pca_sar,1,2
0.23101915,5,pca_sar,1,2
0.20184797,5,pca_sar,1,2
0.21507919,5,pca_sar,1,2
0.26080954,5,pca_sar,1,2
0.2074604,5,pca_sar,1,2
0.18441243,5,pca_sar,1,2
0.17096597,5,pca_sar,1,2
0.2397266,5,pca_sar,1,2
0.18928142,5,pca_sar,1,2
0.1323989,5,pca_sar,1,2
0.18153024,5,pca_sar,1,2
0.20029382,5,pca_sar,1,2
0.111278266,5,pca_sar,1,2
0.06563405,5,pca_sar,1,2
0.2118908,5,pca_sar,1,2
0.23370372,5,pca_sar,1,2
0.051436126,5,pca_sar,1,2
0.08312082,5,pca_sar,1,2
0.14406134,5,pca_sar,1,2
0.042246446,5,pca_sar,1,2
0.09683584,5,pca_sar,1,2
0.09157719,5,pca_sar,1,2
0.1058113,5,pca_sar,1,2
0.12167011,5,pca_sar,1,2
0.12840688,5,pca_sar,1,2
0.12914474,5,pca_sar,1,2
0.1646603,5,pca_sar,1,2
0.18674889,5,pca_sar,1,2
0.18936557,5,pca_sar,1,2
0.17002696,5,pca_sar,1,2
0.2026895,5,pca_sar,1,2
0.23121685,5,pca_sar,1,2
0.28424308,5,pca_sar,1,2
0.24382201,5,pca_sar,1,2
0.24042025,5,pca_sar,1,2
0.22542518,5,pca_sar,1,2
0.2774186,5,pca_sar,1,2
0.2082032,5,pca_sar,1,2
0.22051787,5,pca_sar,1,2
0.21728532,5,pca_sar,1,2
0.2881618,5,pca_sar,1,2
0.20988178,5,pca_sar,1,2
0.17322028,5,pca_sar,1,2
0.1733668,5,pca_sar,1,2
0.2522918,5,pca_sar,1,2
0.17448851,5,pca_sar,1,2
0.13042098,5,pca_sar,1,2
0.18883827,5,pca_sar,1,2
0.25313383,5,pca_sar,1,2
0.11720313,5,pca_sar,1,2
0.08629082,5,pca_sar,1,2
0.1598256,5,pca_sar,1,2
0.24316013,5,pca_sar,1,2
0.093806244,5,pca_sar,1,2
0.050027743,5,pca_sar,1,2
0.17582864,5,pca_sar,1,2
0.03463801,5,pca_sar,1,2
0.12990145,5,pca_sar,1,2
0.036706895,5,pca_sar,1,2
0.12797062,5,pca_sar,1,2
-0.04034841,3,pca_sar,1,2
0.021205015,3,pca_sar,1,2
-0.010644577,3,pca_sar,1,2
0.030728597,3,pca_sar,1,2
0.027901556,3,pca_sar,1,2
0.02922988,3,pca_sar,1,2
0.1793744,3,pca_sar,1,2
0.15875544,3,pca_sar,1,2
0.058621474,3,pca_sar,1,2
0.051862337,3,pca_sar,1,2
0.07664235,3,pca_sar,1,2
-0.019291237,3,pca_sar,1,2
-0.07825136,3,pca_sar,1,2
0.113448955,3,pca_sar,1,2
0.11898193,3,pca_sar,1,2
0.062478554,3,pca_sar,1,2
0.070790015,3,pca_sar,1,2
0.113244295,3,pca_sar,1,2
0.10848898,3,pca_sar,1,2
0.0005503148,3,pca_sar,1,2
0.0894165,3,pca_sar,1,2
0.11122979,3,pca_sar,1,2
0.057256997,3,pca_sar,1,2
0.026370808,3,pca_sar,1,2
0.04942862,3,pca_sar,1,2
0.072978124,3,pca_sar,1,2
0.02288144,3,pca_sar,1,2
0.12069336,3,pca_sar,1,2
0.07117382,3,pca_sar,1,2
0.10986966,3,pca_sar,1,2
-0.0053688046,3,pca_sar,1,2
-0.008334339,3,pca_sar,1,2
0.052180238,3,pca_sar,1,2
0.08176616,3,pca_sar,1,2
0.097983725,3,pca_sar,1,2
0.16812268,3,pca_sar,1,2
0.043018878,3,pca_sar,1,2
0.091821864,3,pca_sar,1,2
0.08625592,3,pca_sar,1,2
0.1507008,3,pca_sar,1,2
0.10053973,3,pca_sar,1,2
0.08329891,3,pca_sar,1,2
0.11094008,3,pca_sar,1,2
0.09558833,3,pca_sar,1,2
0.11603218,3,pca_sar,1,2
0.22293282,3,pca_sar,1,2
0.05496407,3,pca_sar,1,2
0.057583913,3,pca_sar,1,2
0.09453828,3,pca_sar,1,2
0.12582563,3,pca_sar,1,2
0.120409325,3,pca_sar,1,2
0.12892205,3,pca_sar,1,2
0.09903546,3,pca_sar,1,2
0.060788568,3,pca_sar,1,2
0.15897407,3,pca_sar,1,2
0.2838191,3,pca_sar,1,2
0.12699433,3,pca_sar,1,2
0.08529992,3,pca_sar,1,2
0.13053012,3,pca_sar,1,2
0.16085458,3,pca_sar,1,2
0.11823229,3,pca_sar,1,2
0.1828695,3,pca_sar,1,2
0.1704837,3,pca_sar,1,2
0.08054523,3,pca_sar,1,2
0.20770963,3,pca_sar,1,2
0.29432923,3,pca_sar,1,2
-0.020159073,3,pca_sar,1,2
0.017968751,3,pca_sar,1,2
0.16267376,3,pca_sar,1,2
0.25264966,3,pca_sar,1,2
0.20446202,3,pca_sar,1,2
0.21091358,3,pca_sar,1,2
0.102559045,3,pca_sar,1,2
0.024603536,3,pca_sar,1,2
0.120821625,3,pca_sar,1,2
0.19993004,3,pca_sar,1,2
0.15256417,3,pca_sar,1,2
0.13014022,3,pca_sar,1,2
0.2615774,3,pca_sar,1,2
0.30625972,3,pca_sar,1,2
0.24235679,3,pca_sar,1,2
0.22267425,3,pca_sar,1,2
0.17027366,3,pca_sar,1,2
0.17649832,3,pca_sar,1,2
0.22797401,3,pca_sar,1,2
0.33438092,3,pca_sar,1,2
-0.037925262,3,pca_sar,1,2
-0.024557969,3,pca_sar,1,2
0.03792657,3,pca_sar,1,2
0.06605907,3,pca_sar,1,2
0.045533396,3,pca_sar,1,2
0.03614517,3,pca_sar,1,2
0.12746075,3,pca_sar,1,2
0.090341374,3,pca_sar,1,2
0.08825325,3,pca_sar,1,2
0.08592151,3,pca_sar,1,2
0.06294589,3,pca_sar,1,2
0.024020463,3,pca_sar,1,2
-0.041444633,3,pca_sar,1,2
0.100832164,3,pca_sar,1,2
0.109639585,3,pca_sar,1,2
0.12361114,3,pca_sar,1,2
0.12042196,3,pca_sar,1,2
0.12341347,3,pca_sar,1,2
0.10871451,3,pca_sar,1,2
0.050284147,3,pca_sar,1,2
0.08160988,3,pca_sar,1,2
0.1238707,3,pca_sar,1,2
0.097054824,3,pca_sar,1,2
0.063127324,3,pca_sar,1,2
0.105004944,3,pca_sar,1,2
0.069256544,3,pca_sar,1,2
-0.0094548855,3,pca_sar,1,2
0.060958695,3,pca_sar,1,2
0.05615389,3,pca_sar,1,2
0.06578903,3,pca_sar,1,2
0.099583104,3,pca_sar,1,2
0.08892073,3,pca_sar,1,2
0.075269304,3,pca_sar,1,2
0.085015096,3,pca_sar,1,2
0.10624923,3,pca_sar,1,2
0.08290577,3,pca_sar,1,2
0.10131632,3,pca_sar,1,2
0.079255745,3,pca_sar,1,2
-0.042332307,3,pca_sar,1,2
-0.023384076,3,pca_sar,1,2
0.123977035,3,pca_sar,1,2
0.17883462,3,pca_sar,1,2
0.1453703,3,pca_sar,1,2
0.13774912,3,pca_sar,1,2
0.074174866,3,pca_sar,1,2
0.067368686,3,pca_sar,1,2
0.09011269,3,pca_sar,1,2
0.08400642,3,pca_sar,1,2
0.030256357,3,pca_sar,1,2
0.02021905,3,pca_sar,1,2
0.026985198,3,pca_sar,1,2
-0.00078270864,3,pca_sar,1,2
0.12826878,3,pca_sar,1,2
0.15757634,3,pca_sar,1,2
0.15435368,3,pca_sar,1,2
0.11761969,3,pca_sar,1,2
0.019556468,3,pca_sar,1,2
0.0112785455,3,pca_sar,1,2
0.14300467,3,pca_sar,1,2
0.1182757,3,pca_sar,1,2
0.060482204,3,pca_sar,1,2
0.04154613,3,pca_sar,1,2
0.08521651,3,pca_sar,1,2
0.06626679,3,pca_sar,1,2
0.12263645,3,pca_sar,1,2
0.18112493,3,pca_sar,1,2
0.21833551,3,pca_sar,1,2
0.1728839,3,pca_sar,1,2
0.045428466,3,pca_sar,1,2
0.05920341,3,pca_sar,1,2
0.24394406,3,pca_sar,1,2
0.16005316,3,pca_sar,1,2
0.021396194,3,pca_sar,1,2
0.07752912,3,pca_sar,1,2
0.22784804,3,pca_sar,1,2
-0.024681166,3,pca_sar,1,2
0.006110439,3,pca_sar,1,2
0.100967675,3,pca_sar,1,2
0.18736762,3,pca_sar,1,2
0.23409872,3,pca_sar,1,2
0.18811049,3,pca_sar,1,2
0.035626635,3,pca_sar,1,2
-0.045677558,3,pca_sar,1,2
0.08471745,3,pca_sar,1,2
0.06634717,3,pca_sar,1,2
0.0146393245,3,pca_sar,1,2
0.1186601,3,pca_sar,1,2
0.28175545,3,pca_sar,1,2
0.15012679,3,pca_sar,1,2
0.080368,3,pca_sar,1,2
0.11762497,3,pca_sar,1,2
0.25241786,3,pca_sar,1,2
0.28579378,3,pca_sar,1,2
0.24902964,3,pca_sar,1,2
0.1528644,3,pca_sar,1,2
0.16040827,3,pca_sar,1,2
0.21667607,3,pca_sar,1,2
0.18497425,3,pca_sar,1,2
0.18523084,3,pca_sar,1,2
0.24319074,3,pca_sar,1,2
0.29594153,3,pca_sar,1,2
0.0038134865,3,pca_sar,1,2
0.02434691,3,pca_sar,1,2
0.008777417,3,pca_sar,1,2
-0.048649013,3,pca_sar,1,2
0.041687015,3,pca_sar,1,2
-0.045086477,3,pca_sar,1,2
0.040593065,3,pca_sar,1,2
-0.0062462036,3,pca_sar,1,2
0.20462576,3,pca_sar,1,2
0.19863248,3,pca_sar,1,2
0.10700479,3,pca_sar,1,2
0.19308242,3,pca_sar,1,2
0.34781355,3,pca_sar,1,2
0.24765942,3,pca_sar,1,2
0.24656565,3,pca_sar,1,2
0.13322274,7,pca_sar,1,2
0.110846266,7,pca_sar,1,2
0.09594432,7,pca_sar,1,2
0.0075056423,7,pca_sar,1,2
-0.060904037,7,pca_sar,1,2
0.06563615,7,pca_sar,1,2
0.081056856,7,pca_sar,1,2
0.099928744,7,pca_sar,1,2
0.116346434,7,pca_sar,1,2
0.103164256,7,pca_sar,1,2
0.11050545,7,pca_sar,1,2
0.014561446,7,pca_sar,1,2
0.011159055,7,pca_sar,1,2
0.039224565,7,pca_sar,1,2
0.009451179,7,pca_sar,1,2
0.12524427,7,pca_sar,1,2
0.107868694,7,pca_sar,1,2
0.11725429,7,pca_sar,1,2
0.14041069,7,pca_sar,1,2
0.14566393,7,pca_sar,1,2
0.029751841,7,pca_sar,1,2
0.008690957,7,pca_sar,1,2
0.025226628,7,pca_sar,1,2
0.083565764,7,pca_sar,1,2
0.1309406,7,pca_sar,1,2
0.12320123,7,pca_sar,1,2
0.1073965,7,pca_sar,1,2
0.15646294,7,pca_sar,1,2
0.21922421,7,pca_sar,1,2
0.06129922,7,pca_sar,1,2
-0.021889485,7,pca_sar,1,2
-0.016538367,7,pca_sar,1,2
0.0794865,7,pca_sar,1,2
0.1417637,7,pca_sar,1,2
0.1393747,7,pca_sar,1,2
0.13146809,7,pca_sar,1,2
0.1373044,7,pca_sar,1,2
0.17301878,7,pca_sar,1,2
0.05701217,7,pca_sar,1,2
0.03156968,7,pca_sar,1,2
0.08885867,7,pca_sar,1,2
0.044619065,7,pca_sar,1,2
0.17427084,7,pca_sar,1,2
0.14093967,7,pca_sar,1,2
0.14513761,7,pca_sar,1,2
0.14668703,7,pca_sar,1,2
0.1198254,7,pca_sar,1,2
0.07880032,7,pca_sar,1,2
0.06973739,7,pca_sar,1,2
0.0963429,7,pca_sar,1,2
0.057732534,7,pca_sar,1,2
0.16428575,7,pca_sar,1,2
0.14964384,7,pca_sar,1,2
0.11948557,7,pca_sar,1,2
0.093774736,7,pca_sar,1,2
0.08952581,7,pca_sar,1,2
0.04705496,7,pca_sar,1,2
0.030303884,7,pca_sar,1,2
0.10815284,7,pca_sar,1,2
0.032624524,7,pca_sar,1,2
0.16083342,7,pca_sar,1,2
0.13842335,7,pca_sar,1,2
0.086396106,7,pca_sar,1,2
0.043324552,7,pca_sar,1,2
0.080000535,7,pca_sar,1,2
0.03521724,7,pca_sar,1,2
0.025660925,7,pca_sar,1,2
0.14170228,7,pca_sar,1,2
0.058646575,7,pca_sar,1,2
0.11713768,3,pca_sar,1,2
0.08480779,3,pca_sar,1,2
0.0010485668,3,pca_sar,1,2
-0.010453744,3,pca_sar,1,2
0.045273907,3,pca_sar,1,2
0.030219195,3,pca_sar,1,2
-0.003894588,3,pca_sar,1,2
-0.08177779,3,pca_sar,1,2
-0.024180077,3,pca_sar,1,2
0.1680615,3,pca_sar,1,2
0.09336951,3,pca_sar,1,2
0.0673926,3,pca_sar,1,2
-0.012818351,3,pca_sar,1,2
0.009332359,3,pca_sar,1,2
0.07006663,3,pca_sar,1,2
0.09878345,3,pca_sar,1,2
-0.051461898,3,pca_sar,1,2
-0.05792615,3,pca_sar,1,2
0.14452927,3,pca_sar,1,2
0.035018504,3,pca_sar,1,2
0.020211011,3,pca_sar,1,2
0.024648704,3,pca_sar,1,2
0.02024895,3,pca_sar,1,2
0.010544669,3,pca_sar,1,2
0.041002955,3,pca_sar,1,2
0.047640905,3,pca_sar,1,2
-0.016658513,3,pca_sar,1,2
0.034238547,3,pca_sar,1,2
0.054750115,3,pca_sar,1,2
0.1293108,3,pca_sar,1,2
0.046519104,3,pca_sar,1,2
0.0040321536,3,pca_sar,1,2
0.078138076,3,pca_sar,1,2
0.049531788,3,pca_sar,1,2
-0.0118247755,3,pca_sar,1,2
0.042181417,3,pca_sar,1,2
0.12533298,3,pca_sar,1,2
0.05360298,3,pca_sar,1,2
0.017303739,3,pca_sar,1,2
0.06946062,3,pca_sar,1,2
0.06759889,3,pca_sar,1,2
0.08142431,3,pca_sar,1,2
0.06230469,3,pca_sar,1,2
0.04885032,3,pca_sar,1,2
0.110710494,3,pca_sar,1,2
0.036655914,3,pca_sar,1,2
-0.009094259,3,pca_sar,1,2
0.10958362,3,pca_sar,1,2
0.11332807,3,pca_sar,1,2
-0.054551527,3,pca_sar,1,2
-0.018633418,3,pca_sar,1,2
-0.033773012,3,pca_sar,1,2
0.04795184,3,pca_sar,1,2
0.065469,3,pca_sar,1,2
0.06944846,3,pca_sar,1,2
0.058712497,3,pca_sar,1,2
0.11396741,3,pca_sar,1,2
0.035844773,3,pca_sar,1,2
0.04417893,3,pca_sar,1,2
0.1606298,3,pca_sar,1,2
0.03951942,3,pca_sar,1,2
-0.08539743,3,pca_sar,1,2
0.0019928142,3,pca_sar,1,2
-0.03772542,3,pca_sar,1,2
0.01963576,3,pca_sar,1,2
0.06126611,3,pca_sar,1,2
0.09896622,3,pca_sar,1,2
0.084928885,3,pca_sar,1,2
0.05958414,3,pca_sar,1,2
0.05183503,3,pca_sar,1,2
-0.008908825,3,pca_sar,1,2
0.07628181,3,pca_sar,1,2
0.070953354,3,pca_sar,1,2
-0.014739314,3,pca_sar,1,2
0.00824471,3,pca_sar,1,2
0.0058961427,3,pca_sar,1,2
-0.036541425,3,pca_sar,1,2
-0.014493052,3,pca_sar,1,2
0.02548486,3,pca_sar,1,2
0.092526324,3,pca_sar,1,2
0.10583643,3,pca_sar,1,2
0.11669556,3,pca_sar,1,2
0.043210927,3,pca_sar,1,2
-0.010261763,3,pca_sar,1,2
-0.021736389,3,pca_sar,1,2
-0.030401228,3,pca_sar,1,2
-0.022047654,3,pca_sar,1,2
-0.0071355933,3,pca_sar,1,2
0.054104224,3,pca_sar,1,2
0.08366758,3,pca_sar,1,2
0.11391044,3,pca_sar,1,2
0.07844572,3,pca_sar,1,2
0.0468589,3,pca_sar,1,2
0.0020641983,3,pca_sar,1,2
-0.010383577,3,pca_sar,1,2
-0.08307937,3,pca_sar,1,2
-0.06058064,3,pca_sar,1,2
0.011482293,3,pca_sar,1,2
-0.007294167,3,pca_sar,1,2
0.042864054,3,pca_sar,1,2
0.091287404,3,pca_sar,1,2
0.04773041,3,pca_sar,1,2
-0.0042814966,3,pca_sar,1,2
-0.05563519,3,pca_sar,1,2
-0.044870935,3,pca_sar,1,2
-0.0019971393,3,pca_sar,1,2
-0.03324562,3,pca_sar,1,2
0.020037139,3,pca_sar,1,2
0.020499382,3,pca_sar,1,2
0.049995624,3,pca_sar,1,2
0.015105558,3,pca_sar,1,2
0.04695177,3,pca_sar,1,2
0.118118525,3,pca_sar,1,2
-0.029895142,3,pca_sar,1,2
0.104272485,3,pca_sar,1,2
0.07167059,3,pca_sar,1,2
0.09560993,3,pca_sar,1,2
0.008861251,3,pca_sar,1,2
0.024533132,3,pca_sar,1,2
0.054056935,3,pca_sar,1,2
-0.067062244,3,pca_sar,1,2
0.06196093,3,pca_sar,1,2
0.0078449715,3,pca_sar,1,2
-0.049651735,3,pca_sar,1,2
0.08428609,3,pca_sar,1,2
0.04368061,3,pca_sar,1,2
-0.064462736,3,pca_sar,1,2
0.08931463,3,pca_sar,1,2
-0.05982501,3,pca_sar,1,2
0.0006838606,3,pca_sar,1,2
0.04761325,3,pca_sar,1,2
-0.004367009,3,pca_sar,1,2
-0.082358815,3,pca_sar,1,2
0.11512681,7,pca_sar,1,2
0.13014266,7,pca_sar,1,2
0.08152283,7,pca_sar,1,2
0.046355624,7,pca_sar,1,2
0.019916844,7,pca_sar,1,2
0.11171047,7,pca_sar,1,2
0.05861905,7,pca_sar,1,2
0.15902841,7,pca_sar,1,2
0.1578252,7,pca_sar,1,2
0.11650733,7,pca_sar,1,2
0.049901567,7,pca_sar,1,2
0.019374162,7,pca_sar,1,2
0.03725148,7,pca_sar,1,2
0.11232441,7,pca_sar,1,2
0.035441227,7,pca_sar,1,2
0.16139616,7,pca_sar,1,2
0.1491136,7,pca_sar,1,2
0.1462625,7,pca_sar,1,2
0.10949945,7,pca_sar,1,2
0.049286447,7,pca_sar,1,2
0.057707563,7,pca_sar,1,2
0.047043767,7,pca_sar,1,2
0.09975475,7,pca_sar,1,2
0.052400403,7,pca_sar,1,2
-0.023298062,7,pca_sar,1,2
-0.115677916,7,pca_sar,1,2
0.18652722,7,pca_sar,1,2
0.15154773,7,pca_sar,1,2
0.15814236,7,pca_sar,1,2
0.10743715,7,pca_sar,1,2
0.05878263,7,pca_sar,1,2
0.08012309,7,pca_sar,1,2
0.05852329,7,pca_sar,1,2
0.06767619,7,pca_sar,1,2
0.109503746,7,pca_sar,1,2
-0.014349347,7,pca_sar,1,2
-0.0349173,7,pca_sar,1,2
0.19966583,7,pca_sar,1,2
0.13374859,7,pca_sar,1,2
0.13485087,7,pca_sar,1,2
0.11742841,7,pca_sar,1,2
0.10002245,7,pca_sar,1,2
0.1035771,7,pca_sar,1,2
0.078411564,7,pca_sar,1,2
0.16039857,7,pca_sar,1,2
0.079554334,7,pca_sar,1,2
0.03846958,7,pca_sar,1,2
0.010562564,7,pca_sar,1,2
0.20147869,7,pca_sar,1,2
0.1225477,7,pca_sar,1,2
0.13970508,7,pca_sar,1,2
0.19615455,7,pca_sar,1,2
0.15347439,7,pca_sar,1,2
0.13663757,7,pca_sar,1,2
0.08532841,7,pca_sar,1,2
0.17576092,7,pca_sar,1,2
0.11277358,7,pca_sar,1,2
-0.045239985,7,pca_sar,1,2
-0.023550734,7,pca_sar,1,2
0.16182551,7,pca_sar,1,2
0.14645849,7,pca_sar,1,2
0.13950348,7,pca_sar,1,2
0.20710671,7,pca_sar,1,2
0.17474392,7,pca_sar,1,2
0.11176928,7,pca_sar,1,2
0.05381663,7,pca_sar,1,2
0.18853046,7,pca_sar,1,2
0.13092062,7,pca_sar,1,2
0.036243204,7,pca_sar,1,2
-0.0056049637,7,pca_sar,1,2
0.011263857,7,pca_sar,1,2
0.04139702,7,pca_sar,1,2
-0.0262548,7,pca_sar,1,2
0.011007298,7,pca_sar,1,2
0.01787604,7,pca_sar,1,2
0.09140211,7,pca_sar,1,2
0.18532941,7,pca_sar,1,2
0.15906909,7,pca_sar,1,2
0.13775411,7,pca_sar,1,2
0.17371911,7,pca_sar,1,2
0.14850628,7,pca_sar,1,2
0.07254936,7,pca_sar,1,2
0.045305423,7,pca_sar,1,2
0.238832,7,pca_sar,1,2
0.14391118,7,pca_sar,1,2
-0.016238848,7,pca_sar,1,2
-0.067776725,7,pca_sar,1,2
-0.012721308,7,pca_sar,1,2
0.045193233,7,pca_sar,1,2
-0.06264493,7,pca_sar,1,2
-0.057073563,7,pca_sar,1,2
-0.027115243,7,pca_sar,1,2
-0.05113457,7,pca_sar,1,2
-0.013519008,7,pca_sar,1,2
0.003048203,7,pca_sar,1,2
-0.06823544,7,pca_sar,1,2
-0.05637742,7,pca_sar,1,2
-0.04309762,7,pca_sar,1,2
-0.029908437,7,pca_sar,1,2
0.1019973,7,pca_sar,1,2
-0.073853314,7,pca_sar,1,2
-0.09798187,7,pca_sar,1,2
-0.11596794,7,pca_sar,1,2
-0.055334322,7,pca_sar,1,2
-0.028354706,7,pca_sar,1,2
-0.018660296,7,pca_sar,1,2
0.077380456,7,pca_sar,1,2
0.2028535,7,pca_sar,1,2
-0.030309163,7,pca_sar,1,2
-0.045458153,7,pca_sar,1,2
-0.09396386,7,pca_sar,1,2
-0.035766445,7,pca_sar,1,2
0.06295411,7,pca_sar,1,2
0.13813356,7,pca_sar,1,2
0.058988933,7,pca_sar,1,2
0.07222026,7,pca_sar,1,2
0.03735727,7,pca_sar,1,2
-0.08373574,7,pca_sar,1,2
0.009862296,7,pca_sar,1,2
0.040944483,7,pca_sar,1,2
0.0027240794,7,pca_sar,1,2
0.055571742,7,pca_sar,1,2
-0.06593422,7,pca_sar,1,2
0.118182376,3,pca_sar,1,2
0.08526917,3,pca_sar,1,2
0.026967928,3,pca_sar,1,2
-0.0064514764,3,pca_sar,1,2
0.02325537,3,pca_sar,1,2
0.04681071,3,pca_sar,1,2
0.035424903,3,pca_sar,1,2
-0.023678325,3,pca_sar,1,2
0.008758284,3,pca_sar,1,2
0.08731865,7,pca_sar,1,2
0.086778045,7,pca_sar,1,2
0.18270588,3,pca_sar,1,2
0.09684329,3,pca_sar,1,2
0.0028617606,3,pca_sar,1,2
0.0026627332,3,pca_sar,1,2
0.043154728,3,pca_sar,1,2
0.025981754,3,pca_sar,1,2
0.11079684,3,pca_sar,1,2
0.016293783,3,pca_sar,1,2
-0.029356351,3,pca_sar,1,2
0.13098297,3,pca_sar,1,2
0.09202182,3,pca_sar,1,2
0.029947307,3,pca_sar,1,2
0.07108697,3,pca_sar,1,2
0.062287237,3,pca_sar,1,2
0.034052964,3,pca_sar,1,2
0.13226023,3,pca_sar,1,2
0.13802001,3,pca_sar,1,2
0.0024133604,3,pca_sar,1,2
0.073541865,3,pca_sar,1,2
0.056273337,3,pca_sar,1,2
0.090981364,3,pca_sar,1,2
0.061820038,3,pca_sar,1,2
0.014027577,3,pca_sar,1,2
0.17208546,3,pca_sar,1,2
0.08639687,3,pca_sar,1,2
0.0019202977,3,pca_sar,1,2
0.089804485,3,pca_sar,1,2
0.16129747,3,pca_sar,1,2
0.011000142,3,pca_sar,1,2
0.020177279,3,pca_sar,1,2
0.10733616,3,pca_sar,1,2
0.009330627,3,pca_sar,1,2
0.0906785,3,pca_sar,1,2
0.066415414,3,pca_sar,1,2
0.022884196,3,pca_sar,1,2
0.11829335,3,pca_sar,1,2
0.045907725,3,pca_sar,1,2
-0.030491222,3,pca_sar,1,2
0.08347406,3,pca_sar,1,2
0.10293489,3,pca_sar,1,2
-0.02829824,3,pca_sar,1,2
-0.006442193,3,pca_sar,1,2
0.028258044,3,pca_sar,1,2
-0.0291939,3,pca_sar,1,2
0.071455084,3,pca_sar,1,2
0.09233051,3,pca_sar,1,2
0.097599,3,pca_sar,1,2
0.10022525,3,pca_sar,1,2
0.026237791,3,pca_sar,1,2
0.020386502,3,pca_sar,1,2
0.10552241,3,pca_sar,1,2
0.053713635,3,pca_sar,1,2
-0.08278262,3,pca_sar,1,2
-0.02489233,3,pca_sar,1,2
-0.045882694,3,pca_sar,1,2
0.05761188,3,pca_sar,1,2
0.06677566,3,pca_sar,1,2
0.08957745,3,pca_sar,1,2
0.09140623,3,pca_sar,1,2
0.09348643,3,pca_sar,1,2
0.071296275,3,pca_sar,1,2
-0.033227228,3,pca_sar,1,2
0.081007555,3,pca_sar,1,2
0.111242026,3,pca_sar,1,2
0.0330261,3,pca_sar,1,2
-0.015960872,3,pca_sar,1,2
-0.0018755402,3,pca_sar,1,2
-0.029057465,3,pca_sar,1,2
0.09267982,3,pca_sar,1,2
0.072761536,3,pca_sar,1,2
0.09242934,3,pca_sar,1,2
0.113084994,3,pca_sar,1,2
0.1357538,3,pca_sar,1,2
0.07682977,3,pca_sar,1,2
-0.04808013,3,pca_sar,1,2
0.012886214,3,pca_sar,1,2
0.020875286,3,pca_sar,1,2
0.035236467,3,pca_sar,1,2
0.014679745,3,pca_sar,1,2
0.089266226,3,pca_sar,1,2
0.066603445,3,pca_sar,1,2
0.11775065,3,pca_sar,1,2
0.07537019,3,pca_sar,1,2
0.04659256,3,pca_sar,1,2
-0.014168134,3,pca_sar,1,2
-0.038826976,3,pca_sar,1,2
-0.026217233,3,pca_sar,1,2
-0.0028710663,3,pca_sar,1,2
-0.011965863,3,pca_sar,1,2
0.037514225,3,pca_sar,1,2
0.030719735,3,pca_sar,1,2
0.069555655,3,pca_sar,1,2
0.019841779,3,pca_sar,1,2
-0.06231143,3,pca_sar,1,2
-0.080212295,3,pca_sar,1,2
-0.049157236,3,pca_sar,1,2
0.040963177,3,pca_sar,1,2
-0.009583298,3,pca_sar,1,2
0.07698623,3,pca_sar,1,2
0.05179744,3,pca_sar,1,2
0.074076526,3,pca_sar,1,2
0.0018298915,3,pca_sar,1,2
0.03604597,3,pca_sar,1,2
0.103735924,3,pca_sar,1,2
-0.0759978,3,pca_sar,1,2
0.11013417,3,pca_sar,1,2
0.105022416,3,pca_sar,1,2
0.09559067,3,pca_sar,1,2
-0.033077873,3,pca_sar,1,2
-0.080991745,3,pca_sar,1,2
-0.0015933206,3,pca_sar,1,2
-0.11043875,3,pca_sar,1,2
0.09402954,3,pca_sar,1,2
0.024806438,3,pca_sar,1,2
-0.08198382,3,pca_sar,1,2
-0.016805753,3,pca_sar,1,2
0.040580682,3,pca_sar,1,2
-0.057553835,3,pca_sar,1,2
0.02711771,3,pca_sar,1,2
-0.01716121,3,pca_sar,1,2
-0.008625474,3,pca_sar,1,2
0.04236694,3,pca_sar,1,2
0.07603833,3,pca_sar,1,2
-0.045496583,3,pca_sar,1,2
-0.11179285,7,pca_sar,1,2
-0.114310585,7,pca_sar,1,2
-0.06163846,7,pca_sar,1,2
-0.0040473975,7,pca_sar,1,2
0.025597248,7,pca_sar,1,2
0.07209265,7,pca_sar,1,2
-0.023465933,7,pca_sar,1,2
0.08162798,7,pca_sar,1,2
0.008457718,7,pca_sar,1,2
-0.015944831,7,pca_sar,1,2
0.034459487,7,pca_sar,1,2
0.071894445,7,pca_sar,1,2
-0.0084851505,7,pca_sar,1,2
0.02613213,7,pca_sar,1,2
0.038302664,7,pca_sar,1,2
0.0512503,7,pca_sar,1,2
-0.04427543,7,pca_sar,1,2
-0.058474164,7,pca_sar,1,2
-0.026111752,7,pca_sar,1,2
-0.02352777,7,pca_sar,1,2
-0.065776646,7,pca_sar,1,2
-0.03917269,7,pca_sar,1,2
-0.017974267,7,pca_sar,1,2
-0.06089761,7,pca_sar,1,2
0.05894302,7,pca_sar,1,2
0.015212085,7,pca_sar,1,2
-0.04415565,7,pca_sar,1,2
-0.048404764,7,pca_sar,1,2
-0.032332376,7,pca_sar,1,2
-0.047569208,7,pca_sar,1,2
0.14686686,7,pca_sar,1,2
-0.021559153,7,pca_sar,1,2
-0.07789977,7,pca_sar,1,2
-0.09131936,7,pca_sar,1,2
-0.036598712,7,pca_sar,1,2
-0.03032424,7,pca_sar,1,2
0.032462828,7,pca_sar,1,2
0.06163662,7,pca_sar,1,2
0.06995308,7,pca_sar,1,2
0.027939327,7,pca_sar,1,2
-0.03388336,7,pca_sar,1,2
-0.13528876,7,pca_sar,1,2
-0.016750658,7,pca_sar,1,2
0.065902814,7,pca_sar,1,2
0.042257346,7,pca_sar,1,2
0.053561777,7,pca_sar,1,2
0.008384295,7,pca_sar,1,2
-0.08261975,7,pca_sar,1,2
-0.026311338,7,pca_sar,1,2
0.011720711,7,pca_sar,1,2
-0.028160382,7,pca_sar,1,2
-0.014377398,7,pca_sar,1,2
-0.025578251,7,pca_sar,1,2
-0.09697595,7,pca_sar,1,2
0.06722917,7,pca_sar,1,2
0.058086555,7,pca_sar,1,2
0.119120315,5,pca_sar,1,2
0.13777143,5,pca_sar,1,2
0.12995373,5,pca_sar,1,2
0.17986046,5,pca_sar,1,2
0.16090761,5,pca_sar,1,2
0.22322422,5,pca_sar,1,2
0.14715911,5,pca_sar,1,2
0.23496006,5,pca_sar,1,2
0.17442021,5,pca_sar,1,2
0.2766826,5,pca_sar,1,2
0.27125067,5,pca_sar,1,2
0.24521257,5,pca_sar,1,2
0.24496308,5,pca_sar,1,2
0.29940966,5,pca_sar,1,2
0.29327998,5,pca_sar,1,2
0.27199137,5,pca_sar,1,2
0.32474643,5,pca_sar,1,2
0.21736419,5,pca_sar,1,2
0.2681246,5,pca_sar,1,2
0.32523108,5,pca_sar,1,2
0.33083326,5,pca_sar,1,2
0.34460366,5,pca_sar,1,2
0.3552357,5,pca_sar,1,2
0.24603555,5,pca_sar,1,2
0.32077318,5,pca_sar,1,2
0.36900437,5,pca_sar,1,2
0.34490165,5,pca_sar,1,2
0.3351525,5,pca_sar,1,2
0.3344665,5,pca_sar,1,2
0.22632512,5,pca_sar,1,2
0.27894172,5,pca_sar,1,2
0.3062386,5,pca_sar,1,2
0.28321305,5,pca_sar,1,2
0.35522014,5,pca_sar,1,2
0.3537621,5,pca_sar,1,2
0.2546084,5,pca_sar,1,2
0.29640913,5,pca_sar,1,2
0.318972,5,pca_sar,1,2
0.3232633,5,pca_sar,1,2
0.3797328,5,pca_sar,1,2
0.23830947,5,pca_sar,1,2
0.28029963,5,pca_sar,1,2
0.32893246,5,pca_sar,1,2
0.3156672,5,pca_sar,1,2
0.31636885,5,pca_sar,1,2
0.15882665,5,pca_sar,1,2
0.235688,5,pca_sar,1,2
0.24732865,5,pca_sar,1,2
0.2831602,5,pca_sar,1,2
0.16509904,5,pca_sar,1,2
0.2030437,5,pca_sar,1,2
0.21662793,5,pca_sar,1,2
0.25594217,5,pca_sar,1,2
0.1157851,5,pca_sar,1,2
0.19660887,5,pca_sar,1,2
0.20467483,5,pca_sar,1,2
0.23802796,5,pca_sar,1,2
0.22196433,5,pca_sar,1,2
0.18472047,5,pca_sar,1,2
0.2066223,5,pca_sar,1,2
0.1716041,5,pca_sar,1,2
0.19133355,5,pca_sar,1,2
0.18275233,5,pca_sar,1,2
0.18751669,5,pca_sar,1,2
0.24541011,5,pca_sar,1,2
0.23976389,5,pca_sar,1,2
0.22170085,5,pca_sar,1,2
0.24405314,5,pca_sar,1,2
0.23740977,5,pca_sar,1,2
0.25125355,5,pca_sar,1,2
0.16295497,5,pca_sar,1,2
0.23534554,5,pca_sar,1,2
0.232717,5,pca_sar,1,2
0.24257717,5,pca_sar,1,2
0.2693175,5,pca_sar,1,2
0.12265536,5,pca_sar,1,2
0.2242335,5,pca_sar,1,2
0.27185315,5,pca_sar,1,2
0.28438652,5,pca_sar,1,2
0.24395843,5,pca_sar,1,2
0.2687967,5,pca_sar,1,2
0.117230535,5,pca_sar,1,2
0.24548404,5,pca_sar,1,2
0.32919925,5,pca_sar,1,2
0.3272676,5,pca_sar,1,2
0.28422967,5,pca_sar,1,2
0.341004,5,pca_sar,1,2
0.13595569,5,pca_sar,1,2
0.23616174,5,pca_sar,1,2
0.26267302,5,pca_sar,1,2
0.23815656,5,pca_sar,1,2
0.2879912,5,pca_sar,1,2
0.31491506,5,pca_sar,1,2
0.18086125,5,pca_sar,1,2
0.2718793,5,pca_sar,1,2
0.22975618,5,pca_sar,1,2
0.22724368,5,pca_sar,1,2
0.27211905,5,pca_sar,1,2
0.15891337,5,pca_sar,1,2
0.22184224,5,pca_sar,1,2
0.23579712,5,pca_sar,1,2
0.25736618,5,pca_sar,1,2
0.28760368,5,pca_sar,1,2
0.20848767,5,pca_sar,1,2
0.21454228,5,pca_sar,1,2
0.24899852,5,pca_sar,1,2
0.2400007,5,pca_sar,1,2
0.25014615,5,pca_sar,1,2
0.21829692,5,pca_sar,1,2
0.25115836,5,pca_sar,1,2
0.26938927,5,pca_sar,1,2
0.21069005,5,pca_sar,1,2
0.19348311,5,pca_sar,1,2
0.25430742,5,pca_sar,1,2
0.186818,5,pca_sar,1,2
0.2442002,5,pca_sar,1,2
-0.05333278,3,pca_sar,1,2
-0.049135312,3,pca_sar,1,2
0.022042489,3,pca_sar,1,2
-0.05049957,3,pca_sar,1,2
0.1110309,3,pca_sar,1,2
0.04130833,3,pca_sar,1,2
0.1188474,3,pca_sar,1,2
0.09420587,3,pca_sar,1,2
0.035604928,3,pca_sar,1,2
0.076899305,3,pca_sar,1,2
0.041998733,3,pca_sar,1,2
0.011155274,3,pca_sar,1,2
-0.07009137,3,pca_sar,1,2
-0.0074731223,3,pca_sar,1,2
0.076095566,3,pca_sar,1,2
0.055081494,3,pca_sar,1,2
0.02303374,3,pca_sar,1,2
0.03834685,3,pca_sar,1,2
0.03488276,3,pca_sar,1,2
-0.0688767,3,pca_sar,1,2
0.041531183,3,pca_sar,1,2
0.061692856,3,pca_sar,1,2
0.039877977,3,pca_sar,1,2
0.024447793,3,pca_sar,1,2
0.01249212,3,pca_sar,1,2
0.035136577,3,pca_sar,1,2
-0.026369259,3,pca_sar,1,2
0.07818712,3,pca_sar,1,2
0.043353703,3,pca_sar,1,2
0.085808896,3,pca_sar,1,2
0.055556253,3,pca_sar,1,2
0.0029006824,3,pca_sar,1,2
-0.0051589813,3,pca_sar,1,2
0.016520074,3,pca_sar,1,2
0.023869373,3,pca_sar,1,2
0.14418201,3,pca_sar,1,2
-0.0069019557,3,pca_sar,1,2
0.022311155,3,pca_sar,1,2
0.13826428,3,pca_sar,1,2
0.18217964,3,pca_sar,1,2
0.07922114,3,pca_sar,1,2
0.07686766,3,pca_sar,1,2
0.01716438,3,pca_sar,1,2
-0.036235362,3,pca_sar,1,2
-0.0012666062,3,pca_sar,1,2
0.16371754,3,pca_sar,1,2
0.00027397834,3,pca_sar,1,2
0.061559517,3,pca_sar,1,2
0.14607832,3,pca_sar,1,2
0.116325825,3,pca_sar,1,2
-0.017714877,3,pca_sar,1,2
0.044277523,3,pca_sar,1,2
0.107645735,3,pca_sar,1,2
0.02951404,3,pca_sar,1,2
0.10721911,3,pca_sar,1,2
0.23337248,3,pca_sar,1,2
-0.010403521,3,pca_sar,1,2
0.03650163,3,pca_sar,1,2
0.11441094,3,pca_sar,1,2
0.11082268,3,pca_sar,1,2
0.002162058,3,pca_sar,1,2
0.039422203,3,pca_sar,1,2
0.12334719,3,pca_sar,1,2
0.09204902,3,pca_sar,1,2
0.20437749,3,pca_sar,1,2
0.25361747,3,pca_sar,1,2
-0.0025962517,3,pca_sar,1,2
-0.0064264666,3,pca_sar,1,2
0.055992674,3,pca_sar,1,2
0.09410076,3,pca_sar,1,2
0.021046765,3,pca_sar,1,2
0.015693355,3,pca_sar,1,2
-0.013967393,3,pca_sar,1,2
-0.043872986,3,pca_sar,1,2
0.037746836,3,pca_sar,1,2
0.16658387,3,pca_sar,1,2
0.064851195,3,pca_sar,1,2
0.032783087,3,pca_sar,1,2
0.09837717,3,pca_sar,1,2
0.10065745,3,pca_sar,1,2
0.024473935,3,pca_sar,1,2
0.032844987,3,pca_sar,1,2
-0.028005028,3,pca_sar,1,2
-0.06506042,3,pca_sar,1,2
-9.429082e-05,3,pca_sar,1,2
0.1934014,3,pca_sar,1,2
0.025563065,3,pca_sar,1,2
0.05930801,3,pca_sar,1,2
0.023747511,3,pca_sar,1,2
0.054787755,3,pca_sar,1,2
0.021253921,3,pca_sar,1,2
0.002728641,3,pca_sar,1,2
0.007971944,3,pca_sar,1,2
-0.031729877,3,pca_sar,1,2
0.0181102,3,pca_sar,1,2
0.20393711,3,pca_sar,1,2
-0.042012222,3,pca_sar,1,2
-0.009500906,3,pca_sar,1,2
-0.003837306,3,pca_sar,1,2
0.013586089,3,pca_sar,1,2
0.0605241,3,pca_sar,1,2
0.08213875,3,pca_sar,1,2
0.11714151,3,pca_sar,1,2
0.24206887,3,pca_sar,1,2
0.0358795,3,pca_sar,1,2
0.018815007,3,pca_sar,1,2
-0.044080023,3,pca_sar,1,2
-0.0036033709,3,pca_sar,1,2
0.095982336,3,pca_sar,1,2
0.12970822,3,pca_sar,1,2
0.13128892,3,pca_sar,1,2
0.24510485,3,pca_sar,1,2
0.011155624,3,pca_sar,1,2
-0.10223919,3,pca_sar,1,2
-0.08124232,3,pca_sar,1,2
0.05846139,3,pca_sar,1,2
0.08045034,3,pca_sar,1,2
0.103885956,3,pca_sar,1,2
0.25602558,3,pca_sar,1,2
0.049030855,3,pca_sar,1,2
0.07182726,3,pca_sar,1,2
0.13202736,3,pca_sar,1,2
0.128674,3,pca_sar,1,2
0.24015206,3,pca_sar,1,2
0.06554789,3,pca_sar,1,2
0.05828818,3,pca_sar,1,2
0.09095366,3,pca_sar,1,2
0.118287,3,pca_sar,1,2
0.20132257,3,pca_sar,1,2
-0.04070399,3,pca_sar,1,2
0.019659288,3,pca_sar,1,2
0.010042193,3,pca_sar,1,2
0.03258518,3,pca_sar,1,2
0.034377307,3,pca_sar,1,2
0.0867053,3,pca_sar,1,2
0.07219857,3,pca_sar,1,2
-0.006567794,3,pca_sar,1,2
-0.031291373,3,pca_sar,1,2
0.02209595,3,pca_sar,1,2
0.06747411,3,pca_sar,1,2
0.012327351,3,pca_sar,1,2
-0.03286565,3,pca_sar,1,2
0.062017694,3,pca_sar,1,2
0.04456565,3,pca_sar,1,2
0.042495467,3,pca_sar,1,2
0.06292494,3,pca_sar,1,2
0.12410419,3,pca_sar,1,2
0.11526112,3,pca_sar,1,2
0.034721438,3,pca_sar,1,2
0.028996224,3,pca_sar,1,2
0.07774616,3,pca_sar,1,2
0.07487299,3,pca_sar,1,2
0.04622508,3,pca_sar,1,2
0.11308707,3,pca_sar,1,2
0.10501642,3,pca_sar,1,2
0.06475248,3,pca_sar,1,2
0.017095193,3,pca_sar,1,2
-0.054467708,3,pca_sar,1,2
0.034205087,3,pca_sar,1,2
0.11136919,3,pca_sar,1,2
0.031107219,3,pca_sar,1,2
-0.015236868,3,pca_sar,1,2
0.08342341,3,pca_sar,1,2
0.10449584,3,pca_sar,1,2
0.044708893,3,pca_sar,1,2
0.056508534,3,pca_sar,1,2
0.021627324,3,pca_sar,1,2
-0.038928643,3,pca_sar,1,2
0.030532539,3,pca_sar,1,2
0.08017057,3,pca_sar,1,2
0.13124746,3,pca_sar,1,2
0.0887058,3,pca_sar,1,2
0.083360955,3,pca_sar,1,2
0.077659555,3,pca_sar,1,2
0.044723548,3,pca_sar,1,2
0.02915053,3,pca_sar,1,2
0.068486415,3,pca_sar,1,2
0.0363363,3,pca_sar,1,2
-0.018197477,3,pca_sar,1,2
-0.018937044,3,pca_sar,1,2
0.0537322,3,pca_sar,1,2
0.092285514,3,pca_sar,1,2
0.092596956,3,pca_sar,1,2
0.07230999,3,pca_sar,1,2
0.11069101,3,pca_sar,1,2
0.084882915,3,pca_sar,1,2
0.0012170456,3,pca_sar,1,2
0.118326485,3,pca_sar,1,2
0.098233774,3,pca_sar,1,2
0.059661493,3,pca_sar,1,2
0.021911832,3,pca_sar,1,2
-0.011236786,3,pca_sar,1,2
0.025831081,3,pca_sar,1,2
0.0978157,3,pca_sar,1,2
0.15229462,3,pca_sar,1,2
0.11095418,3,pca_sar,1,2
0.14223212,3,pca_sar,1,2
0.07985747,3,pca_sar,1,2
0.032082923,3,pca_sar,1,2
0.21374193,3,pca_sar,1,2
0.12686357,3,pca_sar,1,2
0.03967603,3,pca_sar,1,2
0.0072661964,3,pca_sar,1,2
0.11583103,3,pca_sar,1,2
-0.02009736,3,pca_sar,1,2
-0.03382305,3,pca_sar,1,2
0.02527048,3,pca_sar,1,2
0.09562057,3,pca_sar,1,2
0.099845335,3,pca_sar,1,2
0.09338094,3,pca_sar,1,2
0.038933493,3,pca_sar,1,2
-0.0021259151,3,pca_sar,1,2
0.09634265,3,pca_sar,1,2
0.059103042,3,pca_sar,1,2
-0.007236704,3,pca_sar,1,2
0.05297962,3,pca_sar,1,2
0.19392857,3,pca_sar,1,2
0.08084538,3,pca_sar,1,2
0.035618346,3,pca_sar,1,2
0.062251665,3,pca_sar,1,2
0.0876165,3,pca_sar,1,2
0.09225243,3,pca_sar,1,2
0.091015324,3,pca_sar,1,2
0.09917939,3,pca_sar,1,2
0.090309314,3,pca_sar,1,2
0.12863003,3,pca_sar,1,2
0.108913526,3,pca_sar,1,2
0.09076266,3,pca_sar,1,2
0.083853975,3,pca_sar,1,2
0.10828058,3,pca_sar,1,2
0.037096817,3,pca_sar,1,2
0.07997885,3,pca_sar,1,2
0.06407401,3,pca_sar,1,2
0.045590192,3,pca_sar,1,2
0.019201055,3,pca_sar,1,2
0.018194977,3,pca_sar,1,2
0.034942314,3,pca_sar,1,2
0.070483,3,pca_sar,1,2
0.07109142,3,pca_sar,1,2
0.040306617,3,pca_sar,1,2
0.0032663252,3,pca_sar,1,2
0.027260419,3,pca_sar,1,2
0.020327616,3,pca_sar,1,2
0.03927445,3,pca_sar,1,2
0.030684529,3,pca_sar,1,2
0.028193608,3,pca_sar,1,2
0.057519898,3,pca_sar,1,2
0.098900214,3,pca_sar,1,2
0.14506072,3,pca_sar,1,2
0.10345418,3,pca_sar,1,2
0.09384598,3,pca_sar,1,2
0.07656301,3,pca_sar,1,2
0.16179167,3,pca_sar,1,2
0.16192597,3,pca_sar,1,2
0.058742836,3,pca_sar,1,2
0.07205192,3,pca_sar,1,2
0.039274823,3,pca_sar,1,2
0.068160556,3,pca_sar,1,2
0.09317473,3,pca_sar,1,2
0.15310001,3,pca_sar,1,2
0.16786063,3,pca_sar,1,2
0.19134967,3,pca_sar,1,2
0.14389196,3,pca_sar,1,2
0.20607147,3,pca_sar,1,2
0.006144166,3,pca_sar,1,2
-0.04502768,3,pca_sar,1,2
-0.014789229,3,pca_sar,1,2
0.059489716,3,pca_sar,1,2
0.09075803,3,pca_sar,1,2
0.069612965,3,pca_sar,1,2
0.068787076,3,pca_sar,1,2
0.035869904,3,pca_sar,1,2
0.05971525,3,pca_sar,1,2
0.0940825,3,pca_sar,1,2
0.13050169,3,pca_sar,1,2
0.10110399,3,pca_sar,1,2
0.07609965,3,pca_sar,1,2
0.043573588,3,pca_sar,1,2
0.09995761,3,pca_sar,1,2
0.1073425,3,pca_sar,1,2
0.09443637,3,pca_sar,1,2
0.05958035,3,pca_sar,1,2
-0.0039318968,3,pca_sar,1,2
0.080272056,3,pca_sar,1,2
0.042349808,3,pca_sar,1,2
-0.03408664,3,pca_sar,1,2
0.006619515,3,pca_sar,1,2
-0.067421764,3,pca_sar,1,2
-0.030894823,3,pca_sar,1,2
-0.08293319,3,pca_sar,1,2
0.13371417,3,pca_sar,1,2
-0.037686646,3,pca_sar,1,2
-0.019841354,3,pca_sar,1,2
0.13947949,3,pca_sar,1,2
0.019849703,3,pca_sar,1,2
-0.0051513948,3,pca_sar,1,2
0.029480085,3,pca_sar,1,2
0.055535566,3,pca_sar,1,2
0.032487564,3,pca_sar,1,2
0.010419667,3,pca_sar,1,2
0.088229,3,pca_sar,1,2
0.09713344,3,pca_sar,1,2
0.07974397,3,pca_sar,1,2
0.15226096,3,pca_sar,1,2
0.11662442,3,pca_sar,1,2
0.17816195,3,pca_sar,1,2
0.10452426,3,pca_sar,1,2
0.2573003,3,pca_sar,1,2
0.101747975,3,pca_sar,1,2
0.19988462,3,pca_sar,1,2
-0.013809163,3,pca_sar,1,2
0.12036135,3,pca_sar,1,2
0.011483954,3,pca_sar,1,2
0.08454365,3,pca_sar,1,2
0.13508597,7,pca_sar,1,2
0.11690863,7,pca_sar,1,2
0.13765168,7,pca_sar,1,2
0.12525402,7,pca_sar,1,2
0.15263695,7,pca_sar,1,2
0.13560207,7,pca_sar,1,2
0.13311273,7,pca_sar,1,2
0.22517383,7,pca_sar,1,2
0.18661842,7,pca_sar,1,2
0.055637028,7,pca_sar,1,2
0.03916657,7,pca_sar,1,2
0.060220078,7,pca_sar,1,2
0.07788235,7,pca_sar,1,2
0.116952956,7,pca_sar,1,2
0.05074614,7,pca_sar,1,2
-0.013389006,7,pca_sar,1,2
0.13418758,7,pca_sar,1,2
0.12052074,7,pca_sar,1,2
0.112050295,7,pca_sar,1,2
0.06193519,7,pca_sar,1,2
0.08756376,7,pca_sar,1,2
0.09923978,7,pca_sar,1,2
0.055697706,7,pca_sar,1,2
-0.015356082,7,pca_sar,1,2
-0.024910465,7,pca_sar,1,2
0.102907725,7,pca_sar,1,2
0.13846795,7,pca_sar,1,2
0.15964454,7,pca_sar,1,2
0.06441131,7,pca_sar,1,2
0.08674686,7,pca_sar,1,2
0.100692704,7,pca_sar,1,2
0.08097702,7,pca_sar,1,2
0.017302863,7,pca_sar,1,2
-0.0032847393,7,pca_sar,1,2
0.118131354,7,pca_sar,1,2
0.08624417,7,pca_sar,1,2
0.16511564,7,pca_sar,1,2
0.08433073,7,pca_sar,1,2
0.090440586,7,pca_sar,1,2
0.08816312,7,pca_sar,1,2
0.07598533,7,pca_sar,1,2
0.029660422,7,pca_sar,1,2
0.019290384,7,pca_sar,1,2
0.08102246,7,pca_sar,1,2
0.029449295,7,pca_sar,1,2
0.096890435,3,pca_sar,1,2
0.07665385,3,pca_sar,1,2
-0.025369622,3,pca_sar,1,2
0.015007148,3,pca_sar,1,2
0.010466875,3,pca_sar,1,2
0.040031746,3,pca_sar,1,2
0.08677963,3,pca_sar,1,2
-0.06576815,3,pca_sar,1,2
-0.044780098,3,pca_sar,1,2
0.18917528,3,pca_sar,1,2
0.09720225,3,pca_sar,1,2
-0.051930957,3,pca_sar,1,2
-0.08996232,3,pca_sar,1,2
-0.025455806,3,pca_sar,1,2
0.040984914,3,pca_sar,1,2
0.1299081,3,pca_sar,1,2
-0.022990577,3,pca_sar,1,2
-0.06313187,3,pca_sar,1,2
0.08672525,3,pca_sar,1,2
0.04739263,3,pca_sar,1,2
-0.036760233,3,pca_sar,1,2
-0.02608169,3,pca_sar,1,2
-0.0066629406,3,pca_sar,1,2
-0.024092946,3,pca_sar,1,2
0.08590521,3,pca_sar,1,2
0.115945056,3,pca_sar,1,2
0.033267573,3,pca_sar,1,2
0.07701443,3,pca_sar,1,2
0.07415916,3,pca_sar,1,2
0.07442987,3,pca_sar,1,2
0.05087892,3,pca_sar,1,2
-0.010890171,3,pca_sar,1,2
0.079111956,3,pca_sar,1,2
0.018309236,3,pca_sar,1,2
-0.025581647,3,pca_sar,1,2
0.03329318,3,pca_sar,1,2
0.124019295,3,pca_sar,1,2
0.012980369,3,pca_sar,1,2
0.05749504,3,pca_sar,1,2
0.108372,3,pca_sar,1,2
0.01661132,3,pca_sar,1,2
0.06626867,3,pca_sar,1,2
0.021985922,3,pca_sar,1,2
-0.0381489,3,pca_sar,1,2
0.083431885,3,pca_sar,1,2
0.03221681,3,pca_sar,1,2
-0.026353534,3,pca_sar,1,2
0.09926711,3,pca_sar,1,2
0.096912175,3,pca_sar,1,2
-0.032566864,3,pca_sar,1,2
0.051674508,3,pca_sar,1,2
0.04536344,3,pca_sar,1,2
0.05077403,3,pca_sar,1,2
0.068724096,3,pca_sar,1,2
0.041755192,3,pca_sar,1,2
-0.02827898,3,pca_sar,1,2
0.052040685,3,pca_sar,1,2
-0.009015205,3,pca_sar,1,2
0.057214726,3,pca_sar,1,2
0.19417317,3,pca_sar,1,2
0.043690607,3,pca_sar,1,2
-0.038941145,3,pca_sar,1,2
0.040058974,3,pca_sar,1,2
-0.036396608,3,pca_sar,1,2
0.1059602,3,pca_sar,1,2
0.0716566,3,pca_sar,1,2
0.061458085,3,pca_sar,1,2
0.054189898,3,pca_sar,1,2
0.04797812,3,pca_sar,1,2
0.06658855,3,pca_sar,1,2
-0.057789184,3,pca_sar,1,2
0.05391519,3,pca_sar,1,2
0.086341105,3,pca_sar,1,2
-0.0016158428,3,pca_sar,1,2
0.035627343,3,pca_sar,1,2
0.067503124,3,pca_sar,1,2
-0.07174979,3,pca_sar,1,2
0.09663583,3,pca_sar,1,2
0.048537277,3,pca_sar,1,2
0.06644362,3,pca_sar,1,2
0.104564965,3,pca_sar,1,2
0.13940981,3,pca_sar,1,2
0.062206037,3,pca_sar,1,2
-0.06555112,3,pca_sar,1,2
-0.02235699,3,pca_sar,1,2
0.00821011,3,pca_sar,1,2
-0.048882365,3,pca_sar,1,2
0.0053336993,3,pca_sar,1,2
0.07368736,3,pca_sar,1,2
0.01461741,3,pca_sar,1,2
0.0594422,3,pca_sar,1,2
0.06815493,3,pca_sar,1,2
0.0476017,3,pca_sar,1,2
0.010379855,3,pca_sar,1,2
-0.014518429,3,pca_sar,1,2
-0.077964544,3,pca_sar,1,2
-0.051502623,3,pca_sar,1,2
0.02878629,3,pca_sar,1,2
0.036782593,3,pca_sar,1,2
0.0054315105,3,pca_sar,1,2
0.046628892,3,pca_sar,1,2
0.04521848,3,pca_sar,1,2
0.0033801813,3,pca_sar,1,2
-0.04505392,3,pca_sar,1,2
-0.027517412,3,pca_sar,1,2
0.03530076,3,pca_sar,1,2
0.0022815391,3,pca_sar,1,2
0.0044493424,3,pca_sar,1,2
0.027652107,3,pca_sar,1,2
0.08270852,3,pca_sar,1,2
0.10285167,3,pca_sar,1,2
0.13564532,3,pca_sar,1,2
0.14055058,3,pca_sar,1,2
-0.0392354,3,pca_sar,1,2
0.06949934,3,pca_sar,1,2
0.062158667,3,pca_sar,1,2
0.12587395,3,pca_sar,1,2
0.06721264,3,pca_sar,1,2
0.03966358,3,pca_sar,1,2
0.047149427,3,pca_sar,1,2
-0.036865138,3,pca_sar,1,2
0.06584789,3,pca_sar,1,2
0.007228736,3,pca_sar,1,2
-0.09872343,3,pca_sar,1,2
0.031314995,3,pca_sar,1,2
-0.012027215,3,pca_sar,1,2
-0.054948278,3,pca_sar,1,2
-0.0050165094,3,pca_sar,1,2
-0.046040222,3,pca_sar,1,2
-0.00043992698,3,pca_sar,1,2
-0.0069489554,3,pca_sar,1,2
0.004434062,3,pca_sar,1,2
-0.07387544,3,pca_sar,1,2
0.2899735,3,pca_sar,1,2
0.3632223,3,pca_sar,1,2
0.04368304,3,pca_sar,1,2
0.1650959,3,pca_sar,1,2
0.22186571,3,pca_sar,1,2
0.076161884,3,pca_sar,1,2
0.13627017,3,pca_sar,1,2
0.012591414,3,pca_sar,1,2
0.015942756,3,pca_sar,1,2
0.0792496,3,pca_sar,1,2
0.16287725,3,pca_sar,1,2
0.236779,3,pca_sar,1,2
0.08267714,3,pca_sar,1,2
0.011328168,3,pca_sar,1,2
-0.025633717,3,pca_sar,1,2
0.058465272,3,pca_sar,1,2
0.14975868,3,pca_sar,1,2
0.13419484,3,pca_sar,1,2
0.06316399,3,pca_sar,1,2
0.03518164,3,pca_sar,1,2
0.09169554,3,pca_sar,1,2
0.3488121,3,pca_sar,1,2
0.3411145,3,pca_sar,1,2
-0.028028037,3,pca_sar,1,2
0.046132896,3,pca_sar,1,2
0.07665862,3,pca_sar,1,2
-0.03760264,3,pca_sar,1,2
-0.003257296,3,pca_sar,1,2
-0.009216765,3,pca_sar,1,2
0.10052911,3,pca_sar,1,2
0.357081,3,pca_sar,1,2
0.27414116,3,pca_sar,1,2
-0.00056322385,3,pca_sar,1,2
0.1084324,3,pca_sar,1,2
0.09869587,3,pca_sar,1,2
-0.09084707,3,pca_sar,1,2
-0.019998938,3,pca_sar,1,2
-0.071768224,3,pca_sar,1,2
0.07674073,3,pca_sar,1,2
0.20455584,3,pca_sar,1,2
0.07395756,3,pca_sar,1,2
0.039406672,3,pca_sar,1,2
0.2629804,3,pca_sar,1,2
0.24321023,3,pca_sar,1,2
-0.00023991615,3,pca_sar,1,2
-0.009720883,3,pca_sar,1,2
0.018949982,3,pca_sar,1,2
-0.016306814,3,pca_sar,1,2
-0.0061621927,3,pca_sar,1,2
0.045636356,3,pca_sar,1,2
-0.08839941,3,pca_sar,1,2
0.04878316,3,pca_sar,1,2
0.24972686,3,pca_sar,1,2
-0.05202327,3,pca_sar,1,2
-0.043299098,3,pca_sar,1,2
-0.033342358,3,pca_sar,1,2
-0.050144024,3,pca_sar,1,2
-0.004899446,3,pca_sar,1,2
-0.07678801,3,pca_sar,1,2
0.10143783,3,pca_sar,1,2
0.16706438,7,pca_sar,1,2
0.142559,7,pca_sar,1,2
0.17759082,7,pca_sar,1,2
0.18969005,7,pca_sar,1,2
0.17492737,7,pca_sar,1,2
0.083325624,7,pca_sar,1,2
0.081115425,7,pca_sar,1,2
0.17245628,7,pca_sar,1,2
0.12134044,7,pca_sar,1,2
0.016573422,7,pca_sar,1,2
0.076505445,7,pca_sar,1,2
0.08392283,7,pca_sar,1,2
0.052616525,7,pca_sar,1,2
0.08190835,7,pca_sar,1,2
0.07137242,7,pca_sar,1,2
0.07118484,7,pca_sar,1,2
0.053098436,7,pca_sar,1,2
-0.009185057,7,pca_sar,1,2
0.11796279,7,pca_sar,1,2
0.09139753,7,pca_sar,1,2
-0.0021131653,7,pca_sar,1,2
0.06972811,7,pca_sar,1,2
0.07013396,7,pca_sar,1,2
0.06441073,7,pca_sar,1,2
0.099668294,7,pca_sar,1,2
0.098533854,7,pca_sar,1,2
0.024522044,7,pca_sar,1,2
0.011839792,7,pca_sar,1,2
0.002286667,7,pca_sar,1,2
0.13401577,7,pca_sar,1,2
0.11739668,7,pca_sar,1,2
-0.005693157,7,pca_sar,1,2
-0.012248382,7,pca_sar,1,2
0.10644158,7,pca_sar,1,2
0.07297698,7,pca_sar,1,2
0.11223974,7,pca_sar,1,2
0.11553632,7,pca_sar,1,2
0.0513088,7,pca_sar,1,2
0.02140266,7,pca_sar,1,2
0.017365571,7,pca_sar,1,2
0.15193784,7,pca_sar,1,2
0.038537726,7,pca_sar,1,2
0.017672766,7,pca_sar,1,2
-0.018182423,7,pca_sar,1,2
0.10842339,7,pca_sar,1,2
0.08535834,7,pca_sar,1,2
-0.014854997,7,pca_sar,1,2
-0.030311462,7,pca_sar,1,2
-0.022190254,7,pca_sar,1,2
0.0135138165,7,pca_sar,1,2
0.09283327,7,pca_sar,1,2
0.09168869,7,pca_sar,1,2
0.102916345,7,pca_sar,1,2
0.09798625,7,pca_sar,1,2
0.058041297,7,pca_sar,1,2
0.020489728,7,pca_sar,1,2
0.015617345,7,pca_sar,1,2
0.11199387,7,pca_sar,1,2
0.0020790286,7,pca_sar,1,2
-0.11465669,7,pca_sar,1,2
-0.027902547,7,pca_sar,1,2
0.1102405,7,pca_sar,1,2
0.048291825,7,pca_sar,1,2
-0.07828232,7,pca_sar,1,2
-0.083931096,7,pca_sar,1,2
-0.049239427,7,pca_sar,1,2
-0.015877306,7,pca_sar,1,2
0.12503314,7,pca_sar,1,2
0.032261796,7,pca_sar,1,2
-0.08294566,7,pca_sar,1,2
-0.06613585,7,pca_sar,1,2
-0.05193173,7,pca_sar,1,2
-0.010641258,7,pca_sar,1,2
0.25225922,7,pca_sar,1,2
0.011509813,7,pca_sar,1,2
-0.084996976,7,pca_sar,1,2
-0.10548972,7,pca_sar,1,2
-0.06460225,7,pca_sar,1,2
-0.020824214,7,pca_sar,1,2
0.06375715,7,pca_sar,1,2
0.12639335,7,pca_sar,1,2
0.26716965,7,pca_sar,1,2
0.019180138,7,pca_sar,1,2
-0.070419535,7,pca_sar,1,2
-0.1613114,7,pca_sar,1,2
-0.09574652,7,pca_sar,1,2
0.03447777,7,pca_sar,1,2
0.13848685,7,pca_sar,1,2
0.002428908,7,pca_sar,1,2
-0.044838976,7,pca_sar,1,2
-0.12160687,7,pca_sar,1,2
-0.0926871,7,pca_sar,1,2
-0.03785102,7,pca_sar,1,2
0.014879774,7,pca_sar,1,2
-0.018047936,7,pca_sar,1,2
-0.05035108,7,pca_sar,1,2
-0.15279005,7,pca_sar,1,2
0.08949685,3,pca_sar,1,2
0.09841044,3,pca_sar,1,2
-0.005822125,3,pca_sar,1,2
0.015804544,3,pca_sar,1,2
0.06356565,3,pca_sar,1,2
0.06610097,3,pca_sar,1,2
0.073224485,3,pca_sar,1,2
-0.04599166,3,pca_sar,1,2
-0.029194802,3,pca_sar,1,2
0.11126028,7,pca_sar,1,2
0.097119756,7,pca_sar,1,2
0.14230663,3,pca_sar,1,2
0.047091216,3,pca_sar,1,2
-0.06203913,3,pca_sar,1,2
-0.08429394,3,pca_sar,1,2
-0.016771827,3,pca_sar,1,2
0.036489062,3,pca_sar,1,2
0.1104604,3,pca_sar,1,2
-0.0019399291,3,pca_sar,1,2
-0.013110923,3,pca_sar,1,2
0.107369736,3,pca_sar,1,2
0.07401856,3,pca_sar,1,2
0.019587731,3,pca_sar,1,2
0.008579097,3,pca_sar,1,2
0.011806638,3,pca_sar,1,2
-0.030178115,3,pca_sar,1,2
0.056835357,3,pca_sar,1,2
0.12916382,3,pca_sar,1,2
0.020197764,3,pca_sar,1,2
0.03301026,3,pca_sar,1,2
0.06420003,3,pca_sar,1,2
0.1101768,3,pca_sar,1,2
0.066256434,3,pca_sar,1,2
0.024263546,3,pca_sar,1,2
0.13531879,3,pca_sar,1,2
0.057430867,3,pca_sar,1,2
-0.0068560485,3,pca_sar,1,2
0.0073195472,3,pca_sar,1,2
0.14469433,3,pca_sar,1,2
0.012880871,3,pca_sar,1,2
-0.0008185813,3,pca_sar,1,2
0.084364556,3,pca_sar,1,2
0.0817184,3,pca_sar,1,2
0.11390348,3,pca_sar,1,2
0.077624716,3,pca_sar,1,2
0.068070106,3,pca_sar,1,2
0.14678903,3,pca_sar,1,2
0.08174488,3,pca_sar,1,2
-0.014671839,3,pca_sar,1,2
0.080155104,3,pca_sar,1,2
0.13681892,3,pca_sar,1,2
-0.064771764,3,pca_sar,1,2
-0.061715044,3,pca_sar,1,2
0.035874806,3,pca_sar,1,2
0.030500848,3,pca_sar,1,2
0.09361784,3,pca_sar,1,2
0.13194501,3,pca_sar,1,2
0.07210732,3,pca_sar,1,2
0.088105485,3,pca_sar,1,2
0.050829075,3,pca_sar,1,2
0.0058541726,3,pca_sar,1,2
0.08361305,3,pca_sar,1,2
0.029798176,3,pca_sar,1,2
-0.06372486,3,pca_sar,1,2
-0.016190218,3,pca_sar,1,2
-0.02935424,3,pca_sar,1,2
0.003675988,3,pca_sar,1,2
-0.03067209,3,pca_sar,1,2
0.055291813,3,pca_sar,1,2
0.14399481,3,pca_sar,1,2
0.076731,3,pca_sar,1,2
-0.018229727,3,pca_sar,1,2
-0.038602404,3,pca_sar,1,2
0.006167015,3,pca_sar,1,2
0.053742573,3,pca_sar,1,2
0.06475347,3,pca_sar,1,2
0.04888743,3,pca_sar,1,2
-0.004702907,3,pca_sar,1,2
-0.07320764,3,pca_sar,1,2
0.0035380088,3,pca_sar,1,2
-0.0035080276,3,pca_sar,1,2
0.034096047,3,pca_sar,1,2
0.11004996,3,pca_sar,1,2
0.09547804,3,pca_sar,1,2
-0.016727686,3,pca_sar,1,2
-0.06482126,3,pca_sar,1,2
-0.05679516,3,pca_sar,1,2
-0.025451807,3,pca_sar,1,2
0.0021956032,3,pca_sar,1,2
0.050238326,3,pca_sar,1,2
0.040341847,3,pca_sar,1,2
0.041517355,3,pca_sar,1,2
0.08182432,3,pca_sar,1,2
0.06264965,3,pca_sar,1,2
0.043533053,3,pca_sar,1,2
0.007194046,3,pca_sar,1,2
-0.016989388,3,pca_sar,1,2
-0.04808034,3,pca_sar,1,2
-0.0078409035,3,pca_sar,1,2
-0.002856466,3,pca_sar,1,2
-0.013590906,3,pca_sar,1,2
0.005883457,3,pca_sar,1,2
0.022233004,3,pca_sar,1,2
0.005256789,3,pca_sar,1,2
-0.052421294,3,pca_sar,1,2
-0.091431856,3,pca_sar,1,2
-0.056540616,3,pca_sar,1,2
0.0087417485,3,pca_sar,1,2
-0.022226699,3,pca_sar,1,2
-0.00029397663,3,pca_sar,1,2
0.049613684,3,pca_sar,1,2
0.07588364,3,pca_sar,1,2
0.049047984,3,pca_sar,1,2
0.060940992,3,pca_sar,1,2
0.055996127,3,pca_sar,1,2
-0.07079457,3,pca_sar,1,2
0.10729868,3,pca_sar,1,2
0.13357066,3,pca_sar,1,2
0.10368854,3,pca_sar,1,2
-0.0214038,3,pca_sar,1,2
-0.030940112,3,pca_sar,1,2
-0.013516497,3,pca_sar,1,2
-0.1005579,3,pca_sar,1,2
0.10480344,3,pca_sar,1,2
0.004846114,3,pca_sar,1,2
-0.111218005,3,pca_sar,1,2
-0.008189969,3,pca_sar,1,2
-0.04575531,3,pca_sar,1,2
-0.05690495,3,pca_sar,1,2
0.036941484,3,pca_sar,1,2
-0.054202937,3,pca_sar,1,2
-0.026740666,3,pca_sar,1,2
0.034353584,3,pca_sar,1,2
0.025099877,3,pca_sar,1,2
-0.07379997,3,pca_sar,1,2
0.39639798,3,pca_sar,1,2
0.3654784,3,pca_sar,1,2
0.06170661,3,pca_sar,1,2
0.21507342,3,pca_sar,1,2
0.13434266,3,pca_sar,1,2
0.061672382,3,pca_sar,1,2
0.050262883,3,pca_sar,1,2
0.07861632,3,pca_sar,1,2
-0.08095104,3,pca_sar,1,2
0.024160046,3,pca_sar,1,2
0.042192057,3,pca_sar,1,2
0.11318393,3,pca_sar,1,2
-0.025915455,3,pca_sar,1,2
0.12174769,3,pca_sar,1,2
-0.033518247,3,pca_sar,1,2
-0.0046060532,3,pca_sar,1,2
0.043386243,3,pca_sar,1,2
0.026572812,3,pca_sar,1,2
-0.051331867,3,pca_sar,1,2
0.38029593,3,pca_sar,1,2
0.19508983,3,pca_sar,1,2
-0.05767575,3,pca_sar,1,2
0.025387576,3,pca_sar,1,2
-0.03650255,3,pca_sar,1,2
-0.116038606,3,pca_sar,1,2
-0.07136133,3,pca_sar,1,2
0.4274208,3,pca_sar,1,2
0.1802483,3,pca_sar,1,2
-0.05227433,3,pca_sar,1,2
0.09990736,3,pca_sar,1,2
0.04307776,3,pca_sar,1,2
-0.069525346,3,pca_sar,1,2
-0.06576414,3,pca_sar,1,2
0.30828643,3,pca_sar,1,2
0.049663607,3,pca_sar,1,2
0.020200033,3,pca_sar,1,2
0.21513599,3,pca_sar,1,2
0.15171349,3,pca_sar,1,2
-0.016596837,3,pca_sar,1,2
-0.089385346,3,pca_sar,1,2
0.030464781,3,pca_sar,1,2
0.13373654,3,pca_sar,1,2
-0.04256048,3,pca_sar,1,2
0.03287013,3,pca_sar,1,2
0.22384743,3,pca_sar,1,2
-0.08545324,3,pca_sar,1,2
-0.07666617,3,pca_sar,1,2
-0.035182446,3,pca_sar,1,2
0.036241006,3,pca_sar,1,2
-0.06278954,3,pca_sar,1,2
0.03693433,3,pca_sar,1,2
0.05138981,3,pca_sar,1,2
0.012017857,7,pca_sar,1,2
0.07853602,7,pca_sar,1,2
0.0021663941,7,pca_sar,1,2
0.019215528,7,pca_sar,1,2
0.0061606877,7,pca_sar,1,2
-0.019462671,7,pca_sar,1,2
-0.060791127,7,pca_sar,1,2
-0.039615475,7,pca_sar,1,2
0.003006761,7,pca_sar,1,2
0.004688021,7,pca_sar,1,2
-0.049264766,7,pca_sar,1,2
-0.0041839555,7,pca_sar,1,2
-0.0023398697,7,pca_sar,1,2
-0.02946097,7,pca_sar,1,2
-0.13555591,7,pca_sar,1,2
-0.07379152,7,pca_sar,1,2
-0.022150984,7,pca_sar,1,2
-0.03525697,7,pca_sar,1,2
-0.10624775,7,pca_sar,1,2
-0.07947503,7,pca_sar,1,2
-0.025574788,7,pca_sar,1,2
-0.09480074,7,pca_sar,1,2
0.06826733,7,pca_sar,1,2
-0.06883039,7,pca_sar,1,2
-0.11978873,7,pca_sar,1,2
-0.09728323,7,pca_sar,1,2
-0.08609389,7,pca_sar,1,2
-0.056744937,7,pca_sar,1,2
0.17154899,7,pca_sar,1,2
-0.08457771,7,pca_sar,1,2
-0.116132855,7,pca_sar,1,2
-0.13639495,7,pca_sar,1,2
-0.10610625,7,pca_sar,1,2
-0.023969624,7,pca_sar,1,2
0.013645984,7,pca_sar,1,2
0.16029832,7,pca_sar,1,2
0.10446645,7,pca_sar,1,2
-0.052962013,7,pca_sar,1,2
-0.03321398,7,pca_sar,1,2
-0.14394149,7,pca_sar,1,2
-0.014201328,7,pca_sar,1,2
0.047073096,7,pca_sar,1,2
0.07952386,7,pca_sar,1,2
0.09423657,7,pca_sar,1,2
0.15259919,7,pca_sar,1,2
0.005981016,7,pca_sar,1,2
-0.018073235,7,pca_sar,1,2
-0.034517415,7,pca_sar,1,2
-0.00072225183,7,pca_sar,1,2
-0.0113282725,7,pca_sar,1,2
0.06479194,7,pca_sar,1,2
-0.07983735,7,pca_sar,1,2
0.09772238,7,pca_sar,1,2
0.0399642,7,pca_sar,1,2
0.2393413,5,pca_sar,1,2
0.2096807,5,pca_sar,1,2
0.23974769,5,pca_sar,1,2
0.25141308,5,pca_sar,1,2
0.2202105,5,pca_sar,1,2
0.25999817,5,pca_sar,1,2
0.22352973,5,pca_sar,1,2
0.2533243,5,pca_sar,1,2
0.22967531,5,pca_sar,1,2
0.25211823,5,pca_sar,1,2
0.29345512,5,pca_sar,1,2
0.30686814,5,pca_sar,1,2
0.23152266,5,pca_sar,1,2
0.25639248,5,pca_sar,1,2
0.31038332,5,pca_sar,1,2
0.2740328,5,pca_sar,1,2
0.30002838,5,pca_sar,1,2
0.23190618,5,pca_sar,1,2
0.24230348,5,pca_sar,1,2
0.2745859,5,pca_sar,1,2
0.22897673,5,pca_sar,1,2
0.2570519,5,pca_sar,1,2
0.28444517,5,pca_sar,1,2
0.23443528,5,pca_sar,1,2
0.28448093,5,pca_sar,1,2
0.27800408,5,pca_sar,1,2
0.28845727,5,pca_sar,1,2
0.28216094,5,pca_sar,1,2
0.27882656,5,pca_sar,1,2
0.2530343,5,pca_sar,1,2
0.31026018,5,pca_sar,1,2
0.3092867,5,pca_sar,1,2
0.33484286,5,pca_sar,1,2
0.29079795,5,pca_sar,1,2
0.25522113,5,pca_sar,1,2
0.26155514,5,pca_sar,1,2
0.27678847,5,pca_sar,1,2
0.25910777,5,pca_sar,1,2
0.29412338,5,pca_sar,1,2
0.29620674,5,pca_sar,1,2
0.23406015,5,pca_sar,1,2
0.2525882,5,pca_sar,1,2
0.25605863,5,pca_sar,1,2
0.29957387,5,pca_sar,1,2
0.31942457,5,pca_sar,1,2
0.2283186,5,pca_sar,1,2
0.25322807,5,pca_sar,1,2
0.3011687,5,pca_sar,1,2
0.30250704,5,pca_sar,1,2
0.21820658,5,pca_sar,1,2
0.21883973,5,pca_sar,1,2
0.25089398,5,pca_sar,1,2
0.30707,5,pca_sar,1,2
0.191021,5,pca_sar,1,2
0.18437713,5,pca_sar,1,2
0.20473556,5,pca_sar,1,2
0.12696311,5,pca_sar,1,2
0.17657754,5,pca_sar,1,2
0.13001055,5,pca_sar,1,2
0.1898014,5,pca_sar,1,2
0.1519889,5,pca_sar,1,2
0.19151762,5,pca_sar,1,2
0.1793097,5,pca_sar,1,2
0.22508222,5,pca_sar,1,2
0.1596671,5,pca_sar,1,2
0.22076762,5,pca_sar,1,2
0.24424383,5,pca_sar,1,2
0.2924991,5,pca_sar,1,2
0.26379526,5,pca_sar,1,2
0.24144861,5,pca_sar,1,2
0.23442557,5,pca_sar,1,2
0.30581823,5,pca_sar,1,2
0.28262737,5,pca_sar,1,2
0.26566464,5,pca_sar,1,2
0.27706864,5,pca_sar,1,2
0.18463594,5,pca_sar,1,2
0.25670218,5,pca_sar,1,2
0.24356708,5,pca_sar,1,2
0.22748545,5,pca_sar,1,2
0.30542856,5,pca_sar,1,2
0.30301777,5,pca_sar,1,2
0.2026941,5,pca_sar,1,2
0.29065353,5,pca_sar,1,2
0.29818663,5,pca_sar,1,2
0.26768735,5,pca_sar,1,2
0.35357273,5,pca_sar,1,2
0.31883147,5,pca_sar,1,2
0.22597188,5,pca_sar,1,2
0.29405195,5,pca_sar,1,2
0.27988616,5,pca_sar,1,2
0.31507838,5,pca_sar,1,2
0.36034197,5,pca_sar,1,2
0.30565763,5,pca_sar,1,2
0.24608153,5,pca_sar,1,2
0.324756,5,pca_sar,1,2
0.28506634,5,pca_sar,1,2
0.2854178,5,pca_sar,1,2
0.31358957,5,pca_sar,1,2
0.2346516,5,pca_sar,1,2
0.3074905,5,pca_sar,1,2
0.332049,5,pca_sar,1,2
0.30705166,5,pca_sar,1,2
0.28778338,5,pca_sar,1,2
0.19677457,5,pca_sar,1,2
0.18701127,5,pca_sar,1,2
0.28782868,5,pca_sar,1,2
0.31164432,5,pca_sar,1,2
0.20649414,5,pca_sar,1,2
0.15783331,5,pca_sar,1,2
0.24347088,5,pca_sar,1,2
0.24626827,5,pca_sar,1,2
0.18170851,5,pca_sar,1,2
0.18591134,5,pca_sar,1,2
0.23551625,5,pca_sar,1,2
0.18517974,5,pca_sar,1,2
0.27106184,5,pca_sar,1,2
0.21734767,5,pca_sar,1,2
0.21133557,5,pca_sar,1,2
0.263107,5,pca_sar,1,2
0.23334593,5,pca_sar,1,2
0.21779367,5,pca_sar,1,2
0.22108051,5,pca_sar,1,2
0.18942589,5,pca_sar,1,2
0.18801507,5,pca_sar,1,2
0.23977196,5,pca_sar,1,2
0.24759987,5,pca_sar,1,2
0.26185477,5,pca_sar,1,2
0.21812727,5,pca_sar,1,2
0.20531745,5,pca_sar,1,2
0.20326874,5,pca_sar,1,2
0.16252577,5,pca_sar,1,2
0.16923553,5,pca_sar,1,2
0.17255893,5,pca_sar,1,2
0.18271922,5,pca_sar,1,2
0.1365541,5,pca_sar,1,2
0.30986083,5,pca_sar,1,2
0.25731876,5,pca_sar,1,2
0.23657633,5,pca_sar,1,2
0.21466735,5,pca_sar,1,2
0.24932636,5,pca_sar,1,2
0.19346225,5,pca_sar,1,2
0.21731648,5,pca_sar,1,2
0.27241996,5,pca_sar,1,2
0.2446944,5,pca_sar,1,2
0.17747442,5,pca_sar,1,2
0.15361959,5,pca_sar,1,2
0.18795714,5,pca_sar,1,2
0.15291758,5,pca_sar,1,2
0.30909956,5,pca_sar,1,2
0.28314686,5,pca_sar,1,2
0.25959194,5,pca_sar,1,2
0.21280146,5,pca_sar,1,2
0.21194106,5,pca_sar,1,2
0.18188792,5,pca_sar,1,2
0.20539016,5,pca_sar,1,2
0.2439793,5,pca_sar,1,2
0.26470098,5,pca_sar,1,2
0.2301642,5,pca_sar,1,2
0.18376207,5,pca_sar,1,2
0.19376531,5,pca_sar,1,2
0.14474544,5,pca_sar,1,2
0.22791453,5,pca_sar,1,2
0.296573,5,pca_sar,1,2
0.32976642,5,pca_sar,1,2
0.27728495,5,pca_sar,1,2
0.28332704,5,pca_sar,1,2
0.20727676,5,pca_sar,1,2
0.18946995,5,pca_sar,1,2
0.21372283,5,pca_sar,1,2
0.22187692,5,pca_sar,1,2
0.23003122,5,pca_sar,1,2
0.20618908,5,pca_sar,1,2
0.1589151,5,pca_sar,1,2
0.09410992,5,pca_sar,1,2
0.2340047,5,pca_sar,1,2
0.23567174,5,pca_sar,1,2
0.25376785,5,pca_sar,1,2
0.2560429,5,pca_sar,1,2
0.29087928,5,pca_sar,1,2
0.20425849,5,pca_sar,1,2
0.1914323,5,pca_sar,1,2
0.18947211,5,pca_sar,1,2
0.16933428,5,pca_sar,1,2
0.18916565,5,pca_sar,1,2
0.13877296,5,pca_sar,1,2
0.18889835,5,pca_sar,1,2
0.19536342,5,pca_sar,1,2
0.20418733,5,pca_sar,1,2
0.22837563,5,pca_sar,1,2
0.16734459,5,pca_sar,1,2
0.18022236,5,pca_sar,1,2
0.19234794,5,pca_sar,1,2
0.1998258,5,pca_sar,1,2
0.18983598,5,pca_sar,1,2
0.11330147,5,pca_sar,1,2
0.1688371,5,pca_sar,1,2
0.16367263,5,pca_sar,1,2
0.17277654,5,pca_sar,1,2
0.18136816,5,pca_sar,1,2
0.16770186,5,pca_sar,1,2
0.17455512,5,pca_sar,1,2
0.21015659,5,pca_sar,1,2
0.20107144,5,pca_sar,1,2
0.13969165,5,pca_sar,1,2
0.056066997,5,pca_sar,1,2
0.17874472,5,pca_sar,1,2
0.1920979,5,pca_sar,1,2
0.2456656,5,pca_sar,1,2
0.24326351,5,pca_sar,1,2
0.16087364,5,pca_sar,1,2
0.099848315,5,pca_sar,1,2
0.23786719,5,pca_sar,1,2
0.20129769,5,pca_sar,1,2
0.15880887,5,pca_sar,1,2
0.1276314,5,pca_sar,1,2
0.26570627,5,pca_sar,1,2
0.24405129,5,pca_sar,1,2
0.29016367,5,pca_sar,1,2
0.24249618,5,pca_sar,1,2
0.21752137,5,pca_sar,1,2
0.20580328,5,pca_sar,1,2
0.16252264,5,pca_sar,1,2
0.14917791,5,pca_sar,1,2
0.24516395,5,pca_sar,1,2
0.26918468,5,pca_sar,1,2
0.3083818,5,pca_sar,1,2
0.26591498,5,pca_sar,1,2
0.24258204,5,pca_sar,1,2
0.24139123,5,pca_sar,1,2
0.17433143,5,pca_sar,1,2
0.17491408,5,pca_sar,1,2
0.16723815,5,pca_sar,1,2
0.19921726,5,pca_sar,1,2
0.17065993,5,pca_sar,1,2
0.20065323,5,pca_sar,1,2
0.22738871,5,pca_sar,1,2
0.24180056,5,pca_sar,1,2
0.24254014,5,pca_sar,1,2
0.26448435,5,pca_sar,1,2
0.2771601,5,pca_sar,1,2
0.2923189,5,pca_sar,1,2
0.25963533,5,pca_sar,1,2
0.21527448,5,pca_sar,1,2
0.19986013,5,pca_sar,1,2
0.15787834,5,pca_sar,1,2
0.21681793,5,pca_sar,1,2
0.18705717,5,pca_sar,1,2
0.21627158,5,pca_sar,1,2
0.25586995,5,pca_sar,1,2
0.26080933,5,pca_sar,1,2
0.24563088,5,pca_sar,1,2
0.2393383,5,pca_sar,1,2
0.23699032,5,pca_sar,1,2
0.2650388,5,pca_sar,1,2
0.238464,5,pca_sar,1,2
0.20891948,5,pca_sar,1,2
0.2065719,5,pca_sar,1,2
0.18394458,5,pca_sar,1,2
0.2023518,5,pca_sar,1,2
0.124149606,5,pca_sar,1,2
0.2684646,5,pca_sar,1,2
0.2746342,5,pca_sar,1,2
0.27616823,5,pca_sar,1,2
0.2326628,5,pca_sar,1,2
0.25212914,5,pca_sar,1,2
0.27153742,5,pca_sar,1,2
0.24858981,5,pca_sar,1,2
0.2737878,5,pca_sar,1,2
0.23701015,5,pca_sar,1,2
0.26943254,5,pca_sar,1,2
0.2182711,5,pca_sar,1,2
0.21447194,5,pca_sar,1,2
0.13785043,5,pca_sar,1,2
0.2152837,5,pca_sar,1,2
0.24227518,5,pca_sar,1,2
0.23877062,5,pca_sar,1,2
0.2271329,5,pca_sar,1,2
0.24470483,5,pca_sar,1,2
0.2374141,5,pca_sar,1,2
0.22731538,5,pca_sar,1,2
0.27815127,5,pca_sar,1,2
0.25485498,5,pca_sar,1,2
0.259247,5,pca_sar,1,2
0.21983348,5,pca_sar,1,2
0.2651957,5,pca_sar,1,2
0.27933723,5,pca_sar,1,2
0.25467223,5,pca_sar,1,2
0.27632502,5,pca_sar,1,2
0.23574203,5,pca_sar,1,2
0.2577217,5,pca_sar,1,2
0.2910911,5,pca_sar,1,2
0.26384783,5,pca_sar,1,2
0.28523445,5,pca_sar,1,2
0.22635606,5,pca_sar,1,2
0.27412254,5,pca_sar,1,2
0.2848029,5,pca_sar,1,2
0.2738828,5,pca_sar,1,2
0.28982797,5,pca_sar,1,2
0.21829711,5,pca_sar,1,2
0.1888617,5,pca_sar,1,2
0.21889144,5,pca_sar,1,2
0.20860815,5,pca_sar,1,2
0.2246564,5,pca_sar,1,2
0.16617677,5,pca_sar,1,2
0.2726472,5,pca_sar,1,2
0.2744009,5,pca_sar,1,2
0.2758737,5,pca_sar,1,2
0.23994085,5,pca_sar,1,2
0.20596302,5,pca_sar,1,2
0.17346182,5,pca_sar,1,2
0.32735246,5,pca_sar,1,2
0.2483926,5,pca_sar,1,2
0.18778932,5,pca_sar,1,2
0.19335306,5,pca_sar,1,2
0.09522336,3,pca_sar,1,2
0.15020911,3,pca_sar,1,2
0.16703674,3,pca_sar,1,2
0.17534971,3,pca_sar,1,2
0.13495097,3,pca_sar,1,2
0.13253137,3,pca_sar,1,2
0.16546603,3,pca_sar,1,2
0.24131706,3,pca_sar,1,2
0.27145743,3,pca_sar,1,2
0.37207496,3,pca_sar,1,2
0.026334448,3,pca_sar,1,2
-0.0045630336,3,pca_sar,1,2
0.041445967,3,pca_sar,1,2
0.029562987,3,pca_sar,1,2
0.09879245,3,pca_sar,1,2
0.20481133,3,pca_sar,1,2
0.24278063,3,pca_sar,1,2
0.33492154,3,pca_sar,1,2
0.045380443,3,pca_sar,1,2
0.03872242,3,pca_sar,1,2
0.046346195,3,pca_sar,1,2
0.044614136,3,pca_sar,1,2
0.15566863,3,pca_sar,1,2
0.2295822,3,pca_sar,1,2
0.21534349,3,pca_sar,1,2
0.32940137,3,pca_sar,1,2
0.063642204,3,pca_sar,1,2
0.056239016,3,pca_sar,1,2
0.06043461,3,pca_sar,1,2
0.15298273,3,pca_sar,1,2
0.18344444,3,pca_sar,1,2
0.14003481,3,pca_sar,1,2
0.26735765,3,pca_sar,1,2
0.14104775,3,pca_sar,1,2
0.14628059,3,pca_sar,1,2
0.16844755,3,pca_sar,1,2
0.1336917,3,pca_sar,1,2
0.23553121,3,pca_sar,1,2
0.1432931,3,pca_sar,1,2
0.13880788,3,pca_sar,1,2
0.1243112,3,pca_sar,1,2
0.11643018,3,pca_sar,1,2
0.2147596,3,pca_sar,1,2
0.096067205,3,pca_sar,1,2
0.13014653,3,pca_sar,1,2
0.11314715,3,pca_sar,1,2
0.12890728,3,pca_sar,1,2
0.15010369,3,pca_sar,1,2
0.14390664,3,pca_sar,1,2
0.16250983,3,pca_sar,1,2
0.16715544,3,pca_sar,1,2
0.12098236,3,pca_sar,1,2
0.12906581,3,pca_sar,1,2
0.13558762,3,pca_sar,1,2
0.11062363,3,pca_sar,1,2
0.21299443,3,pca_sar,1,2
-0.016435102,3,pca_sar,1,2
-0.017943555,3,pca_sar,1,2
0.070081726,3,pca_sar,1,2
0.05945237,3,pca_sar,1,2
0.10266353,3,pca_sar,1,2
0.10961023,3,pca_sar,1,2
0.037728284,3,pca_sar,1,2
0.080589905,3,pca_sar,1,2
0.11083086,3,pca_sar,1,2
0.13799238,3,pca_sar,1,2
0.2180492,3,pca_sar,1,2
0.002920922,3,pca_sar,1,2
0.015331104,3,pca_sar,1,2
0.08921402,3,pca_sar,1,2
0.10323533,3,pca_sar,1,2
0.14932661,3,pca_sar,1,2
0.12747008,3,pca_sar,1,2
0.07533233,3,pca_sar,1,2
0.13762811,3,pca_sar,1,2
0.19506682,3,pca_sar,1,2
0.24148044,3,pca_sar,1,2
0.06578932,3,pca_sar,1,2
0.028207056,3,pca_sar,1,2
0.04972646,3,pca_sar,1,2
0.11726218,3,pca_sar,1,2
0.124450475,3,pca_sar,1,2
0.0851904,3,pca_sar,1,2
0.16482314,3,pca_sar,1,2
0.20537181,3,pca_sar,1,2
0.10919293,3,pca_sar,1,2
0.10884542,3,pca_sar,1,2
0.13544978,3,pca_sar,1,2
0.17654242,3,pca_sar,1,2
0.24744007,3,pca_sar,1,2
0.16888255,3,pca_sar,1,2
0.10801741,3,pca_sar,1,2
0.14209205,3,pca_sar,1,2
0.17259143,3,pca_sar,1,2
0.2641848,3,pca_sar,1,2
0.3215585,3,pca_sar,1,2
0.22929773,3,pca_sar,1,2
0.1798288,3,pca_sar,1,2
0.19186224,3,pca_sar,1,2
0.15065321,3,pca_sar,1,2
0.16123357,3,pca_sar,1,2
0.23418278,3,pca_sar,1,2
0.23734301,3,pca_sar,1,2
0.2332606,3,pca_sar,1,2
0.101458415,3,pca_sar,1,2
0.20297658,3,pca_sar,1,2
0.039291598,3,pca_sar,1,2
0.17382431,3,pca_sar,1,2
-0.013800306,3,pca_sar,1,2
0.16475259,3,pca_sar,1,2
-0.007375596,3,pca_sar,1,2
0.08769409,3,pca_sar,1,2
0.36074394,3,pca_sar,1,2
0.42064324,3,pca_sar,1,2
0.14399776,3,pca_sar,1,2
0.18246494,3,pca_sar,1,2
0.20552044,3,pca_sar,1,2
0.10806591,3,pca_sar,1,2
0.056441754,3,pca_sar,1,2
0.0014842562,3,pca_sar,1,2
-0.003962543,3,pca_sar,1,2
0.04921563,3,pca_sar,1,2
0.06317293,3,pca_sar,1,2
0.11473533,3,pca_sar,1,2
0.072053954,3,pca_sar,1,2
0.05068914,3,pca_sar,1,2
-0.010667956,3,pca_sar,1,2
0.02203288,3,pca_sar,1,2
0.010307923,3,pca_sar,1,2
-0.0148324445,3,pca_sar,1,2
0.07297671,3,pca_sar,1,2
-0.015651612,3,pca_sar,1,2
0.027424114,3,pca_sar,1,2
0.35911396,3,pca_sar,1,2
0.2812513,3,pca_sar,1,2
-0.05489197,3,pca_sar,1,2
0.001381021,3,pca_sar,1,2
-0.028875956,3,pca_sar,1,2
-0.017732678,3,pca_sar,1,2
0.053307768,3,pca_sar,1,2
-0.09021951,3,pca_sar,1,2
0.044716418,3,pca_sar,1,2
0.40198046,3,pca_sar,1,2
0.2531532,3,pca_sar,1,2
-0.049644884,3,pca_sar,1,2
0.09850228,3,pca_sar,1,2
0.041876398,3,pca_sar,1,2
-0.060063384,3,pca_sar,1,2
0.012535099,3,pca_sar,1,2
-0.052265134,3,pca_sar,1,2
0.035941966,3,pca_sar,1,2
0.24951693,3,pca_sar,1,2
0.058469635,3,pca_sar,1,2
0.06950488,3,pca_sar,1,2
0.22259882,3,pca_sar,1,2
0.21058261,3,pca_sar,1,2
0.018766178,3,pca_sar,1,2
-0.033359602,3,pca_sar,1,2
0.0124880895,3,pca_sar,1,2
-0.023461837,3,pca_sar,1,2
-0.04363713,3,pca_sar,1,2
0.069111876,3,pca_sar,1,2
-0.03428195,3,pca_sar,1,2
0.04196178,3,pca_sar,1,2
0.23009914,3,pca_sar,1,2
-0.027118282,3,pca_sar,1,2
-0.08472265,3,pca_sar,1,2
-0.080076426,3,pca_sar,1,2
-0.005210378,3,pca_sar,1,2
-0.012015525,3,pca_sar,1,2
-0.10975948,3,pca_sar,1,2
0.049459286,3,pca_sar,1,2
0.06298454,4,pca_sar,1,2
0.09568175,4,pca_sar,1,2
0.15015763,4,pca_sar,1,2
0.29539397,4,pca_sar,1,2
0.17832746,4,pca_sar,1,2
0.12808448,4,pca_sar,1,2
0.1910741,4,pca_sar,1,2
0.34356707,4,pca_sar,1,2
0.13325264,4,pca_sar,1,2
0.19050504,4,pca_sar,1,2
0.15059894,4,pca_sar,1,2
0.16418655,4,pca_sar,1,2
0.32000366,4,pca_sar,1,2
0.31529036,4,pca_sar,1,2
0.33432558,4,pca_sar,1,2
0.30525845,4,pca_sar,1,2
0.2845659,4,pca_sar,1,2
0.41221386,4,pca_sar,1,2
0.39480972,3,pca_sar,1,2
0.41007784,3,pca_sar,1,2
0.07767909,3,pca_sar,1,2
0.21931003,3,pca_sar,1,2
0.12657288,3,pca_sar,1,2
0.073166676,3,pca_sar,1,2
0.02888032,3,pca_sar,1,2
0.1128739,3,pca_sar,1,2
0.031417318,3,pca_sar,1,2
0.03645347,3,pca_sar,1,2
0.0073461197,3,pca_sar,1,2
0.14313646,3,pca_sar,1,2
0.028626245,3,pca_sar,1,2
0.117672205,3,pca_sar,1,2
-0.014284458,3,pca_sar,1,2
0.036446672,3,pca_sar,1,2
0.022897748,3,pca_sar,1,2
0.07873392,3,pca_sar,1,2
-0.0046564825,3,pca_sar,1,2
0.27840513,3,pca_sar,1,2
0.12115298,3,pca_sar,1,2
0.029855233,3,pca_sar,1,2
0.017772064,3,pca_sar,1,2
-0.013374645,3,pca_sar,1,2
-0.045520343,3,pca_sar,1,2
0.015489136,3,pca_sar,1,2
0.38849133,3,pca_sar,1,2
0.08672011,3,pca_sar,1,2
-0.02753033,3,pca_sar,1,2
0.038550466,3,pca_sar,1,2
0.051394407,3,pca_sar,1,2
0.011052206,3,pca_sar,1,2
0.03815494,3,pca_sar,1,2
0.25388873,3,pca_sar,1,2
0.011477724,3,pca_sar,1,2
0.017311264,3,pca_sar,1,2
0.10901773,3,pca_sar,1,2
0.19069079,3,pca_sar,1,2
0.046171065,3,pca_sar,1,2
-0.015114864,3,pca_sar,1,2
-0.010482315,3,pca_sar,1,2
0.15027,3,pca_sar,1,2
-0.02597209,3,pca_sar,1,2
-0.019320974,3,pca_sar,1,2
0.102043666,3,pca_sar,1,2
-0.029220035,3,pca_sar,1,2
-0.054106504,3,pca_sar,1,2
-0.056265242,3,pca_sar,1,2
0.022031669,3,pca_sar,1,2
-0.056850273,3,pca_sar,1,2
0.017155206,3,pca_sar,1,2
0.13800263,3,pca_sar,1,2
0.20094687,4,pca_sar,1,2
0.17323628,4,pca_sar,1,2
0.21844612,4,pca_sar,1,2
0.2830004,4,pca_sar,1,2
0.3031636,4,pca_sar,1,2
0.16919668,4,pca_sar,1,2
0.14337781,4,pca_sar,1,2
0.17150584,4,pca_sar,1,2
0.24666542,4,pca_sar,1,2
0.17600389,4,pca_sar,1,2
0.12091203,4,pca_sar,1,2
0.13236761,4,pca_sar,1,2
0.10645868,4,pca_sar,1,2
0.1411041,4,pca_sar,1,2
0.18962651,4,pca_sar,1,2
0.18554147,4,pca_sar,1,2
0.21263409,4,pca_sar,1,2
0.27719408,4,pca_sar,1,2
0.2285409,4,pca_sar,1,2
0.16445301,4,pca_sar,1,2
0.21671367,4,pca_sar,1,2
0.1424308,4,pca_sar,1,2
0.123077914,4,pca_sar,1,2
0.17044416,4,pca_sar,1,2
0.20570332,4,pca_sar,1,2
0.2269264,4,pca_sar,1,2
0.27110922,4,pca_sar,1,2
0.22662096,4,pca_sar,1,2
0.21702412,4,pca_sar,1,2
0.21263376,4,pca_sar,1,2
0.20447782,4,pca_sar,1,2
0.16434862,4,pca_sar,1,2
0.16626745,4,pca_sar,1,2
0.1964783,4,pca_sar,1,2
0.36220956,4,pca_sar,1,2
0.3745544,4,pca_sar,1,2
0.37987375,4,pca_sar,1,2
0.3546291,4,pca_sar,1,2
0.35663158,4,pca_sar,1,2
0.3484608,4,pca_sar,1,2
0.34710473,4,pca_sar,1,2
0.30054632,4,pca_sar,1,2
0.30489436,4,pca_sar,1,2
0.32533228,4,pca_sar,1,2
0.14740792,4,pca_sar,1,2
0.2244402,4,pca_sar,1,2
0.19118847,4,pca_sar,1,2
0.19798028,4,pca_sar,1,2
0.20802912,4,pca_sar,1,2
0.16349012,4,pca_sar,1,2
0.260352,4,pca_sar,1,2
0.1935505,4,pca_sar,1,2
0.19986705,4,pca_sar,1,2
0.26665872,4,pca_sar,1,2
0.23239873,4,pca_sar,1,2
0.2699717,4,pca_sar,1,2
0.21143554,4,pca_sar,1,2
0.1975038,4,pca_sar,1,2
0.25681692,4,pca_sar,1,2
0.24688324,4,pca_sar,1,2
0.33988494,4,pca_sar,1,2
0.2967165,4,pca_sar,1,2
0.24971728,4,pca_sar,1,2
0.29876828,4,pca_sar,1,2
0.29858905,4,pca_sar,1,2
0.4717537,4,pca_sar,1,2
0.43170094,4,pca_sar,1,2
0.40053254,4,pca_sar,1,2
0.4113925,4,pca_sar,1,2
0.3746432,4,pca_sar,1,2
0.25310084,5,pca_sar,1,2
0.16819964,5,pca_sar,1,2
0.21483114,5,pca_sar,1,2
0.22197941,5,pca_sar,1,2
0.22108719,5,pca_sar,1,2
0.18906239,5,pca_sar,1,2
0.11187494,5,pca_sar,1,2
0.084342584,5,pca_sar,1,2
0.18754125,5,pca_sar,1,2
0.18569116,5,pca_sar,1,2
0.23669465,5,pca_sar,1,2
0.2703339,5,pca_sar,1,2
0.23070107,5,pca_sar,1,2
0.21402916,5,pca_sar,1,2
0.1692693,5,pca_sar,1,2
0.14462586,5,pca_sar,1,2
0.14257663,5,pca_sar,1,2
0.1432007,5,pca_sar,1,2
0.09533584,5,pca_sar,1,2
0.17225775,5,pca_sar,1,2
0.16367596,5,pca_sar,1,2
0.18800417,5,pca_sar,1,2
0.23618317,5,pca_sar,1,2
0.27214617,5,pca_sar,1,2
0.26732114,5,pca_sar,1,2
0.22561955,5,pca_sar,1,2
0.1819183,5,pca_sar,1,2
0.14334378,5,pca_sar,1,2
0.14431727,5,pca_sar,1,2
0.14791773,5,pca_sar,1,2
0.19105309,5,pca_sar,1,2
0.109153435,5,pca_sar,1,2
0.17660949,5,pca_sar,1,2
0.16230792,5,pca_sar,1,2
0.18475036,5,pca_sar,1,2
0.22738889,5,pca_sar,1,2
0.23935798,5,pca_sar,1,2
0.19614527,5,pca_sar,1,2
0.2133919,5,pca_sar,1,2
0.16403693,5,pca_sar,1,2
0.1355785,5,pca_sar,1,2
0.13668033,5,pca_sar,1,2
0.1278191,5,pca_sar,1,2
0.17946696,5,pca_sar,1,2
0.17161602,5,pca_sar,1,2
0.2140781,5,pca_sar,1,2
0.20532683,5,pca_sar,1,2
0.25901347,5,pca_sar,1,2
0.25380105,5,pca_sar,1,2
0.23400268,5,pca_sar,1,2
0.22800013,5,pca_sar,1,2
0.2219474,5,pca_sar,1,2
0.16143554,5,pca_sar,1,2
0.13502517,5,pca_sar,1,2
0.20978555,5,pca_sar,1,2
0.22903427,5,pca_sar,1,2
0.20831229,5,pca_sar,1,2
0.1319527,5,pca_sar,1,2
0.24205703,5,pca_sar,1,2
0.22523552,5,pca_sar,1,2
0.2832424,5,pca_sar,1,2
0.2630248,5,pca_sar,1,2
0.319238,5,pca_sar,1,2
0.297646,5,pca_sar,1,2
0.23713979,5,pca_sar,1,2
0.16186064,5,pca_sar,1,2
0.16301534,5,pca_sar,1,2
0.18961892,5,pca_sar,1,2
0.17238788,5,pca_sar,1,2
0.20675567,5,pca_sar,1,2
0.22598445,5,pca_sar,1,2
0.24144119,5,pca_sar,1,2
0.26306045,5,pca_sar,1,2
0.26338336,5,pca_sar,1,2
0.22058621,5,pca_sar,1,2
0.17964911,5,pca_sar,1,2
0.18927062,5,pca_sar,1,2
0.18661118,5,pca_sar,1,2
0.12680954,5,pca_sar,1,2
0.18340838,5,pca_sar,1,2
0.19312054,5,pca_sar,1,2
0.23231868,5,pca_sar,1,2
0.23394752,5,pca_sar,1,2
0.22657663,5,pca_sar,1,2
0.18642816,5,pca_sar,1,2
0.1413813,5,pca_sar,1,2
0.108237244,5,pca_sar,1,2
0.088016644,5,pca_sar,1,2
0.0687749,5,pca_sar,1,2
0.18098196,5,pca_sar,1,2
0.16324198,5,pca_sar,1,2
0.16975622,5,pca_sar,1,2
0.11451343,5,pca_sar,1,2
0.08304906,5,pca_sar,1,2
0.061482362,5,pca_sar,1,2
0.19556351,5,pca_sar,1,2
0.1283823,5,pca_sar,1,2
0.08605768,5,pca_sar,1,2
0.08571412,5,pca_sar,1,2
0.26249072,5,pca_sar,1,2
0.24992652,5,pca_sar,1,2
0.2997818,5,pca_sar,1,2
0.2834967,5,pca_sar,1,2
0.26417422,5,pca_sar,1,2
0.2670542,5,pca_sar,1,2
0.30557463,5,pca_sar,1,2
0.22057939,5,pca_sar,1,2
0.2848181,5,pca_sar,1,2
0.2681089,5,pca_sar,1,2
0.29089606,5,pca_sar,1,2
0.27134356,5,pca_sar,1,2
0.25690147,5,pca_sar,1,2
0.24515717,5,pca_sar,1,2
0.22924995,5,pca_sar,1,2
0.1949077,5,pca_sar,1,2
0.19345272,5,pca_sar,1,2
0.22642392,5,pca_sar,1,2
0.17699642,5,pca_sar,1,2
0.22223966,5,pca_sar,1,2
0.2675268,5,pca_sar,1,2
0.3088692,5,pca_sar,1,2
0.26102215,5,pca_sar,1,2
0.27500245,5,pca_sar,1,2
0.26514077,5,pca_sar,1,2
0.24466172,5,pca_sar,1,2
0.21799012,5,pca_sar,1,2
0.21268767,5,pca_sar,1,2
0.20801418,5,pca_sar,1,2
0.20628211,5,pca_sar,1,2
0.22356611,5,pca_sar,1,2
0.1627295,5,pca_sar,1,2
0.30357242,5,pca_sar,1,2
0.32710165,5,pca_sar,1,2
0.37335795,5,pca_sar,1,2
0.30394155,5,pca_sar,1,2
0.3074671,5,pca_sar,1,2
0.28967506,5,pca_sar,1,2
0.26931334,5,pca_sar,1,2
0.19978845,5,pca_sar,1,2
0.20052886,5,pca_sar,1,2
0.24392453,5,pca_sar,1,2
0.26851285,5,pca_sar,1,2
0.2686025,5,pca_sar,1,2
0.19529796,5,pca_sar,1,2
0.2662655,5,pca_sar,1,2
0.31680602,5,pca_sar,1,2
0.3781591,5,pca_sar,1,2
0.2647078,5,pca_sar,1,2
0.27759525,5,pca_sar,1,2
0.3032611,5,pca_sar,1,2
0.26377302,5,pca_sar,1,2
0.20925567,5,pca_sar,1,2
0.20382054,5,pca_sar,1,2
0.28626692,5,pca_sar,1,2
0.2722356,5,pca_sar,1,2
0.21636908,5,pca_sar,1,2
0.17289756,5,pca_sar,1,2
0.23949999,5,pca_sar,1,2
0.23787454,5,pca_sar,1,2
0.28020483,5,pca_sar,1,2
0.2268655,5,pca_sar,1,2
0.253052,5,pca_sar,1,2
0.27418432,5,pca_sar,1,2
0.26707765,5,pca_sar,1,2
0.21784902,5,pca_sar,1,2
0.20725869,5,pca_sar,1,2
0.3292313,5,pca_sar,1,2
0.31225538,5,pca_sar,1,2
0.28284872,5,pca_sar,1,2
0.28241745,5,pca_sar,1,2
0.24337007,5,pca_sar,1,2
0.25255948,5,pca_sar,1,2
0.25212568,5,pca_sar,1,2
0.26240814,5,pca_sar,1,2
0.251823,5,pca_sar,1,2
0.21113336,5,pca_sar,1,2
0.27946803,5,pca_sar,1,2
0.25540036,5,pca_sar,1,2
0.28222948,5,pca_sar,1,2
0.26728293,5,pca_sar,1,2
0.23759124,5,pca_sar,1,2
0.23449218,5,pca_sar,1,2
0.21989104,5,pca_sar,1,2
0.21923679,5,pca_sar,1,2
0.20260032,5,pca_sar,1,2
0.1521257,5,pca_sar,1,2
0.17119624,5,pca_sar,1,2
0.13366944,5,pca_sar,1,2
0.22834314,5,pca_sar,1,2
0.22102553,5,pca_sar,1,2
0.23696467,5,pca_sar,1,2
0.18761921,5,pca_sar,1,2
0.12608293,5,pca_sar,1,2
0.06456951,5,pca_sar,1,2
0.2548082,5,pca_sar,1,2
0.246144,5,pca_sar,1,2
0.19095924,5,pca_sar,1,2
0.12258667,5,pca_sar,1,2
0.15826243,4,pca_sar,1,2
0.21980901,4,pca_sar,1,2
0.27697992,4,pca_sar,1,2
0.34459448,4,pca_sar,1,2
0.19045682,4,pca_sar,1,2
0.18314299,4,pca_sar,1,2
0.2347978,4,pca_sar,1,2
0.32642224,4,pca_sar,1,2
0.13121489,4,pca_sar,1,2
0.15450662,4,pca_sar,1,2
0.19133946,4,pca_sar,1,2
0.20625564,4,pca_sar,1,2
0.3024063,4,pca_sar,1,2
0.16806841,4,pca_sar,1,2
0.20588428,4,pca_sar,1,2
0.21124233,4,pca_sar,1,2
0.22659189,4,pca_sar,1,2
0.2751534,4,pca_sar,1,2
0.15766135,4,pca_sar,1,2
0.17060634,4,pca_sar,1,2
0.23815463,4,pca_sar,1,2
0.20549521,4,pca_sar,1,2
0.16596562,4,pca_sar,1,2
0.22391601,4,pca_sar,1,2
0.21264468,4,pca_sar,1,2
0.19562478,4,pca_sar,1,2
0.2631122,4,pca_sar,1,2
0.21163383,4,pca_sar,1,2
0.17657608,4,pca_sar,1,2
0.24611859,4,pca_sar,1,2
0.18150213,4,pca_sar,1,2
0.20601082,4,pca_sar,1,2
0.20514733,4,pca_sar,1,2
0.23426263,4,pca_sar,1,2
0.2263584,4,pca_sar,1,2
0.21914527,4,pca_sar,1,2
0.26661658,4,pca_sar,1,2
0.32181454,4,pca_sar,1,2
0.29933506,4,pca_sar,1,2
0.22787449,4,pca_sar,1,2
0.24195802,4,pca_sar,1,2
0.23792572,4,pca_sar,1,2
0.20437907,4,pca_sar,1,2
0.2776835,4,pca_sar,1,2
0.24535805,4,pca_sar,1,2
0.21942566,4,pca_sar,1,2
0.27416366,4,pca_sar,1,2
0.27651626,4,pca_sar,1,2
0.14725307,4,pca_sar,1,2
0.18971753,4,pca_sar,1,2
0.20460516,4,pca_sar,1,2
0.191813,4,pca_sar,1,2
0.21921757,4,pca_sar,1,2
0.2208176,4,pca_sar,1,2
0.21694514,4,pca_sar,1,2
0.20037562,4,pca_sar,1,2
0.13832603,4,pca_sar,1,2
0.16315505,4,pca_sar,1,2
0.24677649,4,pca_sar,1,2
0.2742575,4,pca_sar,1,2
0.26669282,4,pca_sar,1,2
0.24451295,4,pca_sar,1,2
0.2084185,4,pca_sar,1,2
0.29517975,4,pca_sar,1,2
0.2657375,4,pca_sar,1,2
0.17606522,4,pca_sar,1,2
0.17755824,4,pca_sar,1,2
0.24286577,4,pca_sar,1,2
0.27272147,4,pca_sar,1,2
0.31704673,4,pca_sar,1,2
0.29660404,4,pca_sar,1,2
0.31584293,4,pca_sar,1,2
0.2643694,4,pca_sar,1,2
0.2369324,4,pca_sar,1,2
0.20189124,4,pca_sar,1,2
0.18846035,4,pca_sar,1,2
0.20674971,4,pca_sar,1,2
0.22016624,4,pca_sar,1,2
0.2470292,4,pca_sar,1,2
0.24332908,4,pca_sar,1,2
0.29305816,4,pca_sar,1,2
0.3143054,4,pca_sar,1,2
0.2691964,4,pca_sar,1,2
0.19034818,4,pca_sar,1,2
0.15746272,4,pca_sar,1,2
0.1979301,4,pca_sar,1,2
0.23483053,4,pca_sar,1,2
0.23789442,4,pca_sar,1,2
0.25485927,4,pca_sar,1,2
0.25553557,4,pca_sar,1,2
0.3340683,4,pca_sar,1,2
0.30351835,4,pca_sar,1,2
0.27524996,4,pca_sar,1,2
0.2600144,4,pca_sar,1,2
0.18369226,4,pca_sar,1,2
0.16860047,4,pca_sar,1,2
0.1714415,4,pca_sar,1,2
0.19877517,4,pca_sar,1,2
0.2371014,4,pca_sar,1,2
0.26254314,4,pca_sar,1,2
0.29950142,4,pca_sar,1,2
0.37770545,4,pca_sar,1,2
0.2893408,4,pca_sar,1,2
0.3076262,4,pca_sar,1,2
0.29333764,4,pca_sar,1,2
0.2365329,4,pca_sar,1,2
0.21153286,4,pca_sar,1,2
0.19390999,4,pca_sar,1,2
0.22465444,4,pca_sar,1,2
0.27199125,4,pca_sar,1,2
0.31123522,4,pca_sar,1,2
0.29765487,4,pca_sar,1,2
0.39148787,4,pca_sar,1,2
0.33977455,4,pca_sar,1,2
0.1903283,4,pca_sar,1,2
0.23190193,4,pca_sar,1,2
0.22197106,4,pca_sar,1,2
0.2411485,4,pca_sar,1,2
0.20244843,4,pca_sar,1,2
0.2715519,4,pca_sar,1,2
0.26637864,4,pca_sar,1,2
0.23219357,4,pca_sar,1,2
0.31202468,4,pca_sar,1,2
0.35022852,4,pca_sar,1,2
0.25797433,4,pca_sar,1,2
0.26068723,4,pca_sar,1,2
0.26405454,4,pca_sar,1,2
0.23731741,4,pca_sar,1,2
0.29055035,4,pca_sar,1,2
0.283127,4,pca_sar,1,2
0.25176343,4,pca_sar,1,2
0.2765306,4,pca_sar,1,2
0.31276292,4,pca_sar,1,2
0.2574992,4,pca_sar,1,2
0.30247226,4,pca_sar,1,2
0.31207108,4,pca_sar,1,2
0.30085692,4,pca_sar,1,2
0.32361513,4,pca_sar,1,2
0.37921607,4,pca_sar,1,2
0.3385169,4,pca_sar,1,2
0.33164325,4,pca_sar,1,2
0.34735173,4,pca_sar,1,2
0.1196433,4,pca_sar,1,2
0.14207566,4,pca_sar,1,2
0.1212527,4,pca_sar,1,2
0.126973,4,pca_sar,1,2
0.16234915,4,pca_sar,1,2
0.1788992,4,pca_sar,1,2
0.19544654,4,pca_sar,1,2
0.11018934,4,pca_sar,1,2
0.09357038,4,pca_sar,1,2
0.15486978,4,pca_sar,1,2
0.17016876,4,pca_sar,1,2
0.21024288,4,pca_sar,1,2
0.17784603,4,pca_sar,1,2
0.15514745,4,pca_sar,1,2
0.20822102,4,pca_sar,1,2
0.22095053,4,pca_sar,1,2
0.25633448,4,pca_sar,1,2
0.2567218,4,pca_sar,1,2
0.26879147,4,pca_sar,1,2
0.2562319,4,pca_sar,1,2
0.26480028,4,pca_sar,1,2
0.25771832,4,pca_sar,1,2
0.24319059,4,pca_sar,1,2
0.2372374,4,pca_sar,1,2
0.2642448,4,pca_sar,1,2
0.29115203,4,pca_sar,1,2
0.3301699,4,pca_sar,1,2
0.25262713,4,pca_sar,1,2
0.20207796,4,pca_sar,1,2
0.26936793,4,pca_sar,1,2
0.2613247,4,pca_sar,1,2
0.37498093,4,pca_sar,1,2
0.2902847,4,pca_sar,1,2
0.22913256,4,pca_sar,1,2
0.28920406,4,pca_sar,1,2
0.26221028,4,pca_sar,1,2
0.37147298,4,pca_sar,1,2
0.32806996,4,pca_sar,1,2
0.25648922,4,pca_sar,1,2
0.2938575,4,pca_sar,1,2
0.26575327,4,pca_sar,1,2
0.3817496,4,pca_sar,1,2
0.32439512,4,pca_sar,1,2
0.27762294,4,pca_sar,1,2
0.33508056,4,pca_sar,1,2
0.30295306,4,pca_sar,1,2
0.31304368,4,pca_sar,1,2
0.4057846,4,pca_sar,1,2
0.3647198,4,pca_sar,1,2
0.29605824,4,pca_sar,1,2
0.23146379,4,pca_sar,1,2
0.24176902,4,pca_sar,1,2
0.3243968,4,pca_sar,1,2
0.37207,4,pca_sar,1,2
0.32607862,4,pca_sar,1,2
0.29299444,4,pca_sar,1,2
0.25411582,4,pca_sar,1,2
0.19459803,4,pca_sar,1,2
0.33160067,4,pca_sar,1,2
0.29811364,4,pca_sar,1,2
0.2803265,4,pca_sar,1,2
0.28713006,4,pca_sar,1,2
0.23115475,4,pca_sar,1,2
0.104228534,4,pca_sar,1,2
0.024191983,4,pca_sar,1,2
0.017376581,4,pca_sar,1,2
-0.049960837,4,pca_sar,1,2
0.3534043,4,pca_sar,1,2
0.29495978,4,pca_sar,1,2
0.2597412,4,pca_sar,1,2
0.25497568,4,pca_sar,1,2
0.20289066,4,pca_sar,1,2
0.110735364,4,pca_sar,1,2
0.0364368,4,pca_sar,1,2
-0.041906558,4,pca_sar,1,2
-0.0014733132,4,pca_sar,1,2
0.19798753,4,pca_sar,1,2
0.12987609,4,pca_sar,1,2
0.04678756,4,pca_sar,1,2
0.017302293,4,pca_sar,1,2
0.07321936,4,pca_sar,1,2
0.006407515,4,pca_sar,1,2
-0.033193864,4,pca_sar,1,2
0.023889437,4,pca_sar,1,2
0.19398919,4,pca_sar,1,2
0.1981221,4,pca_sar,1,2
0.21159141,4,pca_sar,1,2
0.16544609,4,pca_sar,1,2
0.16234726,4,pca_sar,1,2
0.3521875,4,pca_sar,1,2
0.29660589,4,pca_sar,1,2
0.30826145,4,pca_sar,1,2
0.26459613,4,pca_sar,1,2
0.30560216,4,pca_sar,1,2
0.28338715,4,pca_sar,1,2
0.23315424,4,pca_sar,1,2
0.31211483,4,pca_sar,1,2
0.31886142,4,pca_sar,1,2
0.28176758,4,pca_sar,1,2
0.32699805,4,pca_sar,1,2
0.3178403,4,pca_sar,1,2
0.23367016,4,pca_sar,1,2
0.27869004,4,pca_sar,1,2
0.26673323,4,pca_sar,1,2
0.30567247,4,pca_sar,1,2
0.29688793,4,pca_sar,1,2
0.20234561,4,pca_sar,1,2
0.102602825,4,pca_sar,1,2
0.05568868,4,pca_sar,1,2
0.023556795,4,pca_sar,1,2
0.0809766,4,pca_sar,1,2
0.29044566,4,pca_sar,1,2
0.22581726,4,pca_sar,1,2
0.17397933,4,pca_sar,1,2
0.13664588,4,pca_sar,1,2
0.07318355,4,pca_sar,1,2
0.01766586,4,pca_sar,1,2
0.022639975,4,pca_sar,1,2
0.036675405,4,pca_sar,1,2
0.07106438,4,pca_sar,1,2
0.09211099,4,pca_sar,1,2
-0.00483834,4,pca_sar,1,2
-0.058575995,4,pca_sar,1,2
-0.06760555,4,pca_sar,1,2
-0.0069513153,4,pca_sar,1,2
-0.054795727,4,pca_sar,1,2
-0.07370141,4,pca_sar,1,2
-0.013699083,4,pca_sar,1,2
0.15111682,4,pca_sar,1,2
0.14989,4,pca_sar,1,2
0.1416252,4,pca_sar,1,2
0.11429095,4,pca_sar,1,2
0.14032903,4,pca_sar,1,2
0.16245866,4,pca_sar,1,2
0.1759552,4,pca_sar,1,2
0.10671416,4,pca_sar,1,2
0.1314685,4,pca_sar,1,2
0.16968924,4,pca_sar,1,2
0.16263348,4,pca_sar,1,2
0.14859311,4,pca_sar,1,2
0.19155714,4,pca_sar,1,2
0.23328818,4,pca_sar,1,2
0.17460091,4,pca_sar,1,2
0.17920393,4,pca_sar,1,2
0.16372904,4,pca_sar,1,2
0.18372366,4,pca_sar,1,2
0.13166472,4,pca_sar,1,2
0.1459399,4,pca_sar,1,2
-0.0024749227,4,pca_sar,1,2
-0.03465023,4,pca_sar,1,2
0.038895726,4,pca_sar,1,2
0.035583206,4,pca_sar,1,2
0.12718876,4,pca_sar,1,2
0.19170514,4,pca_sar,1,2
0.21782298,4,pca_sar,1,2
0.18542236,4,pca_sar,1,2
0.18904711,4,pca_sar,1,2
0.16708441,4,pca_sar,1,2
0.17507315,4,pca_sar,1,2
0.09886959,4,pca_sar,1,2
0.11512535,4,pca_sar,1,2
0.015447235,4,pca_sar,1,2
-0.0070497477,4,pca_sar,1,2
-0.010239407,4,pca_sar,1,2
-0.012881074,4,pca_sar,1,2
0.14587085,4,pca_sar,1,2
0.17752331,4,pca_sar,1,2
0.17378011,4,pca_sar,1,2
0.16143653,4,pca_sar,1,2
0.21492761,4,pca_sar,1,2
0.18651603,4,pca_sar,1,2
0.1815683,4,pca_sar,1,2
0.08435328,4,pca_sar,1,2
0.049949452,4,pca_sar,1,2
0.10956803,4,pca_sar,1,2
0.08938147,4,pca_sar,1,2
0.2501908,4,pca_sar,1,2
0.3124935,4,pca_sar,1,2
0.30698097,4,pca_sar,1,2
0.29035765,4,pca_sar,1,2
0.3292741,4,pca_sar,1,2
0.33165357,4,pca_sar,1,2
0.31003284,4,pca_sar,1,2
0.2397839,4,pca_sar,1,2
0.23295376,4,pca_sar,1,2
0.2289787,4,pca_sar,1,2
0.22816902,4,pca_sar,1,2
0.22917993,4,pca_sar,1,2
0.052655526,4,pca_sar,1,2
0.16091192,4,pca_sar,1,2
0.23459502,4,pca_sar,1,2
0.07130341,4,pca_sar,1,2
0.14344442,4,pca_sar,1,2
0.16491184,4,pca_sar,1,2
0.15633327,4,pca_sar,1,2
0.09832885,4,pca_sar,1,2
0.21521309,4,pca_sar,1,2
0.09495862,4,pca_sar,1,2
0.10904343,4,pca_sar,1,2
0.1268948,4,pca_sar,1,2
0.14498182,4,pca_sar,1,2
0.09630273,4,pca_sar,1,2
0.074207306,4,pca_sar,1,2
0.103505775,4,pca_sar,1,2
0.050670534,4,pca_sar,1,2
0.022399109,4,pca_sar,1,2
0.082133904,4,pca_sar,1,2
0.047188085,4,pca_sar,1,2
0.2394153,4,pca_sar,1,2
0.11065032,4,pca_sar,1,2
0.117035896,4,pca_sar,1,2
0.14097404,4,pca_sar,1,2
0.14093982,4,pca_sar,1,2
0.081246346,4,pca_sar,1,2
0.05899904,4,pca_sar,1,2
0.120755725,4,pca_sar,1,2
0.039662447,4,pca_sar,1,2
-0.028136715,4,pca_sar,1,2
0.06577084,4,pca_sar,1,2
0.03215206,4,pca_sar,1,2
0.22919242,4,pca_sar,1,2
0.14923787,4,pca_sar,1,2
0.09390668,4,pca_sar,1,2
0.109792896,4,pca_sar,1,2
0.09302913,4,pca_sar,1,2
0.044292297,4,pca_sar,1,2
0.07874878,4,pca_sar,1,2
0.14564973,4,pca_sar,1,2
0.048608102,4,pca_sar,1,2
0.022030706,4,pca_sar,1,2
0.34791663,4,pca_sar,1,2
0.27937233,4,pca_sar,1,2
0.23800918,4,pca_sar,1,2
0.23066166,4,pca_sar,1,2
0.25171924,4,pca_sar,1,2
0.19539477,4,pca_sar,1,2
0.23894289,4,pca_sar,1,2
0.2783246,4,pca_sar,1,2
0.18396845,4,pca_sar,1,2
0.19057724,4,pca_sar,1,2
0.30715555,4,pca_sar,1,2
0.2972442,4,pca_sar,1,2
0.2922635,4,pca_sar,1,2
0.28315133,4,pca_sar,1,2
0.31645325,4,pca_sar,1,2
0.41292343,4,pca_sar,1,2
0.13485838,4,pca_sar,1,2
0.13442665,4,pca_sar,1,2
0.12074494,4,pca_sar,1,2
0.10470325,4,pca_sar,1,2
0.19967638,4,pca_sar,1,2
0.32914162,4,pca_sar,1,2
0.12986808,4,pca_sar,1,2
0.08086084,4,pca_sar,1,2
0.08685766,4,pca_sar,1,2
0.1118786,4,pca_sar,1,2
0.097438395,4,pca_sar,1,2
0.08723684,4,pca_sar,1,2
0.11572951,4,pca_sar,1,2
0.17532915,4,pca_sar,1,2
0.22841978,4,pca_sar,1,2
0.13903466,4,pca_sar,1,2
0.12159159,4,pca_sar,1,2
0.15257357,4,pca_sar,1,2
0.17142129,4,pca_sar,1,2
0.2011148,4,pca_sar,1,2
0.19011736,4,pca_sar,1,2
0.2060609,4,pca_sar,1,2
0.26133525,4,pca_sar,1,2
0.26030067,4,pca_sar,1,2
0.4026649,4,pca_sar,1,2
0.38475353,4,pca_sar,1,2
0.30606842,4,pca_sar,1,2
0.3058966,4,pca_sar,1,2
0.32303962,4,pca_sar,1,2
0.32716724,4,pca_sar,1,2
0.36567205,4,pca_sar,1,2
0.39936596,4,pca_sar,1,2
0.3304425,4,pca_sar,1,2
0.31457028,4,pca_sar,1,2
0.31595075,4,pca_sar,1,2
0.32478613,4,pca_sar,1,2
0.3376593,4,pca_sar,1,2
0.25833392,4,pca_sar,1,2
0.24047756,4,pca_sar,1,2
0.21750672,4,pca_sar,1,2
0.20379168,4,pca_sar,1,2
0.23572366,4,pca_sar,1,2
0.32107988,4,pca_sar,1,2
0.24235584,4,pca_sar,1,2
0.24403483,4,pca_sar,1,2
0.27754992,4,pca_sar,1,2
0.16734388,4,pca_sar,1,2
0.20002782,4,pca_sar,1,2
0.20110384,4,pca_sar,1,2
0.2813732,4,pca_sar,1,2
0.2755281,4,pca_sar,1,2
0.26526856,4,pca_sar,1,2
0.27646202,4,pca_sar,1,2
0.28040707,4,pca_sar,1,2
0.3557886,4,pca_sar,1,2
0.27398646,4,pca_sar,1,2
0.21721964,4,pca_sar,1,2
0.22535819,4,pca_sar,1,2
0.33707038,4,pca_sar,1,2
0.32116622,4,pca_sar,1,2
0.34502518,4,pca_sar,1,2
0.30113488,4,pca_sar,1,2
0.31773365,4,pca_sar,1,2
0.3208934,4,pca_sar,1,2
0.23886026,4,pca_sar,1,2
0.17589474,4,pca_sar,1,2
0.19761938,4,pca_sar,1,2
0.30437756,4,pca_sar,1,2
0.27751207,4,pca_sar,1,2
0.2479878,4,pca_sar,1,2
0.32129282,4,pca_sar,1,2
0.2930426,4,pca_sar,1,2
0.32226714,4,pca_sar,1,2
0.29648098,4,pca_sar,1,2
0.5291327,4,pca_sar,1,2
0.4744959,4,pca_sar,1,2
0.44498044,4,pca_sar,1,2
0.4390997,4,pca_sar,1,2
0.35830674,4,pca_sar,1,2
0.44320905,4,pca_sar,1,2
0.3506174,4,pca_sar,1,2
0.31602526,4,pca_sar,1,2
0.31812593,4,pca_sar,1,2
0.24343467,4,pca_sar,1,2
0.35670832,4,pca_sar,1,2
0.29404575,4,pca_sar,1,2
0.24968976,4,pca_sar,1,2
0.23036553,4,pca_sar,1,2
0.20862083,4,pca_sar,1,2
0.33371443,4,pca_sar,1,2
0.29148456,4,pca_sar,1,2
0.24075145,4,pca_sar,1,2
0.23437639,4,pca_sar,1,2
0.21811682,4,pca_sar,1,2
0.367272,4,pca_sar,1,2
0.33037266,4,pca_sar,1,2
0.28673676,4,pca_sar,1,2
0.3147508,4,pca_sar,1,2
0.27001032,4,pca_sar,1,2
0.27961338,4,pca_sar,1,2
0.3085686,4,pca_sar,1,2
0.3171055,4,pca_sar,1,2
0.24150343,4,pca_sar,1,2
0.28509277,4,pca_sar,1,2
0.20702536,4,pca_sar,1,2
0.20499928,4,pca_sar,1,2
0.42364904,4,pca_sar,1,2
0.28842384,4,pca_sar,1,2
0.24897873,4,pca_sar,1,2
0.22973055,4,pca_sar,1,2
0.25539964,4,pca_sar,1,2
0.17250124,4,pca_sar,1,2
0.13154414,4,pca_sar,1,2
0.025208116,4,pca_sar,1,2
0.0477646,4,pca_sar,1,2
0.31785655,4,pca_sar,1,2
0.2267767,4,pca_sar,1,2
0.18853334,4,pca_sar,1,2
0.20982648,4,pca_sar,1,2
0.17362139,4,pca_sar,1,2
0.06458727,4,pca_sar,1,2
0.016968317,4,pca_sar,1,2
-0.038806777,4,pca_sar,1,2
0.046198938,4,pca_sar,1,2
0.18558672,4,pca_sar,1,2
0.17392197,4,pca_sar,1,2
0.07848569,4,pca_sar,1,2
0.004646629,4,pca_sar,1,2
0.06346703,4,pca_sar,1,2
0.036854662,4,pca_sar,1,2
-0.03757184,4,pca_sar,1,2
-0.013333838,4,pca_sar,1,2
0.1320946,4,pca_sar,1,2
0.14239621,4,pca_sar,1,2
0.16889569,4,pca_sar,1,2
0.13810179,4,pca_sar,1,2
0.15149313,4,pca_sar,1,2
0.15808244,4,pca_sar,1,2
0.20772235,4,pca_sar,1,2
0.2571297,4,pca_sar,1,2
0.18908732,4,pca_sar,1,2
0.17044887,4,pca_sar,1,2
0.12782678,4,pca_sar,1,2
0.2492913,4,pca_sar,1,2
0.22672495,4,pca_sar,1,2
0.20759147,4,pca_sar,1,2
0.21062528,4,pca_sar,1,2
0.25034901,4,pca_sar,1,2
0.28463972,4,pca_sar,1,2
0.31265146,4,pca_sar,1,2
0.2985364,4,pca_sar,1,2
0.26151,4,pca_sar,1,2
0.2521149,4,pca_sar,1,2
0.27272826,4,pca_sar,1,2
0.23222008,4,pca_sar,1,2
0.24450588,4,pca_sar,1,2
0.25595143,4,pca_sar,1,2
0.2571167,4,pca_sar,1,2
0.20345108,4,pca_sar,1,2
0.19734053,4,pca_sar,1,2
0.18406092,4,pca_sar,1,2
0.10326322,4,pca_sar,1,2
0.0312668,4,pca_sar,1,2
-0.020989371,4,pca_sar,1,2
0.19933015,4,pca_sar,1,2
0.19714409,4,pca_sar,1,2
0.15395471,4,pca_sar,1,2
0.09900562,4,pca_sar,1,2
0.058036678,4,pca_sar,1,2
0.033283822,4,pca_sar,1,2
0.038022444,4,pca_sar,1,2
-0.00026134402,4,pca_sar,1,2
-0.014286211,4,pca_sar,1,2
0.14669834,4,pca_sar,1,2
0.10822187,4,pca_sar,1,2
0.09832469,4,pca_sar,1,2
0.022164812,4,pca_sar,1,2
0.044031143,4,pca_sar,1,2
0.030251391,4,pca_sar,1,2
0.015600691,4,pca_sar,1,2
0.05587013,4,pca_sar,1,2
0.057057127,4,pca_sar,1,2
0.14182048,4,pca_sar,1,2
0.12788793,4,pca_sar,1,2
0.08489336,4,pca_sar,1,2
0.10837534,4,pca_sar,1,2
0.15244031,4,pca_sar,1,2
0.13067454,4,pca_sar,1,2
0.1250093,4,pca_sar,1,2
0.14429028,4,pca_sar,1,2
0.09322482,4,pca_sar,1,2
0.08405361,4,pca_sar,1,2
0.21379752,4,pca_sar,1,2
0.21078366,4,pca_sar,1,2
0.18710181,4,pca_sar,1,2
0.1667487,4,pca_sar,1,2
0.1509634,4,pca_sar,1,2
0.10698381,4,pca_sar,1,2
0.06480031,4,pca_sar,1,2
0.13121551,4,pca_sar,1,2
0.11796273,4,pca_sar,1,2
0.09218476,4,pca_sar,1,2
0.06028375,4,pca_sar,1,2
0.057601415,4,pca_sar,1,2
0.06304994,4,pca_sar,1,2
0.22463618,4,pca_sar,1,2
0.20591944,4,pca_sar,1,2
0.17279534,4,pca_sar,1,2
0.16834566,4,pca_sar,1,2
0.13176584,4,pca_sar,1,2
0.11992356,4,pca_sar,1,2
0.117349684,4,pca_sar,1,2
0.11460454,4,pca_sar,1,2
0.11141724,4,pca_sar,1,2
0.095016256,4,pca_sar,1,2
0.06372816,4,pca_sar,1,2
0.05180505,4,pca_sar,1,2
0.03810446,4,pca_sar,1,2
0.11151125,4,pca_sar,1,2
0.10727535,4,pca_sar,1,2
0.094957694,4,pca_sar,1,2
0.11403863,4,pca_sar,1,2
0.11592932,4,pca_sar,1,2
0.1569933,4,pca_sar,1,2
0.118885905,4,pca_sar,1,2
0.08806729,4,pca_sar,1,2
0.14165065,4,pca_sar,1,2
0.13062444,4,pca_sar,1,2
0.09063817,4,pca_sar,1,2
0.1475109,4,pca_sar,1,2
0.12191376,4,pca_sar,1,2
0.08566226,4,pca_sar,1,2
0.07839998,4,pca_sar,1,2
0.09021345,4,pca_sar,1,2
0.13708413,4,pca_sar,1,2
0.11087234,4,pca_sar,1,2
0.103394456,4,pca_sar,1,2
0.16049592,4,pca_sar,1,2
0.1691455,4,pca_sar,1,2
0.10197461,4,pca_sar,1,2
0.13730828,4,pca_sar,1,2
0.09214318,4,pca_sar,1,2
0.06945243,4,pca_sar,1,2
0.06806469,4,pca_sar,1,2
0.09557639,4,pca_sar,1,2
0.10679971,4,pca_sar,1,2
0.124812886,4,pca_sar,1,2
0.12564155,4,pca_sar,1,2
0.14369082,4,pca_sar,1,2
0.11459859,4,pca_sar,1,2
0.121403284,4,pca_sar,1,2
0.11222561,4,pca_sar,1,2
0.051768668,4,pca_sar,1,2
0.08773505,4,pca_sar,1,2
0.08844631,4,pca_sar,1,2
0.13538463,4,pca_sar,1,2
0.12956232,4,pca_sar,1,2
0.2107041,4,pca_sar,1,2
0.11691024,4,pca_sar,1,2
0.15608656,4,pca_sar,1,2
0.106215164,4,pca_sar,1,2
0.09642977,4,pca_sar,1,2
0.17742953,4,pca_sar,1,2
0.058802664,4,pca_sar,1,2
0.06681823,4,pca_sar,1,2
0.08573668,4,pca_sar,1,2
0.16756727,4,pca_sar,1,2
0.11694578,4,pca_sar,1,2
0.17210248,4,pca_sar,1,2
0.12756011,4,pca_sar,1,2
0.11937206,4,pca_sar,1,2
0.10073301,4,pca_sar,1,2
0.044478144,4,pca_sar,1,2
0.075033166,4,pca_sar,1,2
-0.021670774,4,pca_sar,1,2
0.114356585,4,pca_sar,1,2
0.0058148857,4,pca_sar,1,2
0.21529181,4,pca_sar,1,2
0.12668416,4,pca_sar,1,2
0.1003614,4,pca_sar,1,2
0.18433517,4,pca_sar,1,2
0.10129617,4,pca_sar,1,2
0.07346022,4,pca_sar,1,2
0.11177782,4,pca_sar,1,2
0.06613849,4,pca_sar,1,2
0.10685232,4,pca_sar,1,2
0.14799806,4,pca_sar,1,2
0.12280327,4,pca_sar,1,2
0.11938402,4,pca_sar,1,2
0.1305646,4,pca_sar,1,2
0.10353929,4,pca_sar,1,2
0.10088852,4,pca_sar,1,2
0.08025726,4,pca_sar,1,2
0.0729475,4,pca_sar,1,2
0.09415658,4,pca_sar,1,2
0.09140168,4,pca_sar,1,2
0.12340422,4,pca_sar,1,2
0.08015249,4,pca_sar,1,2
0.20454934,4,pca_sar,1,2
0.1846468,4,pca_sar,1,2
0.17049123,4,pca_sar,1,2
0.14754283,4,pca_sar,1,2
0.1300024,4,pca_sar,1,2
0.14593726,4,pca_sar,1,2
0.09886887,4,pca_sar,1,2
0.11271216,4,pca_sar,1,2
0.15222141,4,pca_sar,1,2
0.16087887,4,pca_sar,1,2
0.10404987,4,pca_sar,1,2
0.08629303,4,pca_sar,1,2
0.22111455,4,pca_sar,1,2
0.23347051,4,pca_sar,1,2
0.22260469,4,pca_sar,1,2
0.1744495,4,pca_sar,1,2
0.10758148,4,pca_sar,1,2
0.102199435,4,pca_sar,1,2
0.12831685,4,pca_sar,1,2
0.16922358,4,pca_sar,1,2
0.18288502,4,pca_sar,1,2
0.18201739,4,pca_sar,1,2
0.18176161,4,pca_sar,1,2
0.18137115,4,pca_sar,1,2
0.14431165,4,pca_sar,1,2
0.1424149,4,pca_sar,1,2
0.121732935,4,pca_sar,1,2
0.09211443,4,pca_sar,1,2
0.15006475,4,pca_sar,1,2
0.17176214,4,pca_sar,1,2
0.1791589,4,pca_sar,1,2
0.15541759,4,pca_sar,1,2
0.14840917,4,pca_sar,1,2
0.14953133,4,pca_sar,1,2
0.10292392,4,pca_sar,1,2
0.11852156,4,pca_sar,1,2
0.13004977,4,pca_sar,1,2
0.14249936,4,pca_sar,1,2
0.14785,4,pca_sar,1,2
0.14471425,4,pca_sar,1,2
0.14954078,4,pca_sar,1,2
0.12907381,4,pca_sar,1,2
0.17256612,4,pca_sar,1,2
0.12756707,4,pca_sar,1,2
0.086217485,4,pca_sar,1,2
0.115783796,4,pca_sar,1,2
0.101945266,4,pca_sar,1,2
0.13013555,4,pca_sar,1,2
0.10959035,4,pca_sar,1,2
0.11986457,4,pca_sar,1,2
0.09584594,4,pca_sar,1,2
0.07489466,4,pca_sar,1,2
0.15157329,4,pca_sar,1,2
0.12717664,4,pca_sar,1,2
0.028967073,4,pca_sar,1,2
0.06351163,4,pca_sar,1,2
0.09470685,4,pca_sar,1,2
0.16348171,4,pca_sar,1,2
0.11781882,4,pca_sar,1,2
0.1253539,4,pca_sar,1,2
0.10635228,4,pca_sar,1,2
0.037431054,4,pca_sar,1,2
0.1506108,4,pca_sar,1,2
0.13896771,4,pca_sar,1,2
0.22366944,5,pca_sar,1,2
0.13010737,5,pca_sar,1,2
0.08249001,5,pca_sar,1,2
0.037151553,5,pca_sar,1,2
0.08114813,5,pca_sar,1,2
0.09740013,5,pca_sar,1,2
0.16939715,5,pca_sar,1,2
0.17760557,5,pca_sar,1,2
0.19263798,5,pca_sar,1,2
0.16367757,5,pca_sar,1,2
0.11913918,5,pca_sar,1,2
0.08385646,5,pca_sar,1,2
0.06612325,5,pca_sar,1,2
0.066497594,5,pca_sar,1,2
0.012580493,5,pca_sar,1,2
0.09353277,5,pca_sar,1,2
0.17418247,5,pca_sar,1,2
0.21810119,5,pca_sar,1,2
0.10885561,5,pca_sar,1,2
0.08091664,5,pca_sar,1,2
0.049104515,5,pca_sar,1,2
0.06596745,5,pca_sar,1,2
0.053548925,5,pca_sar,1,2
0.13148019,5,pca_sar,1,2
0.20131266,5,pca_sar,1,2
0.19737762,5,pca_sar,1,2
0.07374004,5,pca_sar,1,2
0.10544373,5,pca_sar,1,2
0.004575625,5,pca_sar,1,2
0.026314525,5,pca_sar,1,2
0.03813364,5,pca_sar,1,2
0.10856625,5,pca_sar,1,2
0.18092889,5,pca_sar,1,2
0.176957,5,pca_sar,1,2
0.29076684,5,pca_sar,1,2
0.16464147,5,pca_sar,1,2
0.20440939,5,pca_sar,1,2
0.13588983,5,pca_sar,1,2
0.16778524,5,pca_sar,1,2
0.11754206,5,pca_sar,1,2
0.17154337,5,pca_sar,1,2
0.22513272,5,pca_sar,1,2
0.21666507,5,pca_sar,1,2
0.21884795,5,pca_sar,1,2
0.19628109,5,pca_sar,1,2
0.36050192,5,pca_sar,1,2
0.4588346,5,pca_sar,1,2
0.10674991,5,pca_sar,1,2
0.13729471,5,pca_sar,1,2
0.14278278,5,pca_sar,1,2
0.18487623,5,pca_sar,1,2
0.15740359,5,pca_sar,1,2
0.1975269,5,pca_sar,1,2
0.27385134,5,pca_sar,1,2
0.27350503,5,pca_sar,1,2
0.26201007,5,pca_sar,1,2
0.27721146,5,pca_sar,1,2
0.39742887,5,pca_sar,1,2
0.49924877,5,pca_sar,1,2
0.17777604,5,pca_sar,1,2
0.13483004,5,pca_sar,1,2
0.19221513,5,pca_sar,1,2
0.19208169,5,pca_sar,1,2
0.26230115,5,pca_sar,1,2
0.2554627,5,pca_sar,1,2
0.26033714,5,pca_sar,1,2
0.30090925,5,pca_sar,1,2
0.25872448,5,pca_sar,1,2
0.26940817,5,pca_sar,1,2
0.264051,5,pca_sar,1,2
0.3828144,5,pca_sar,1,2
0.52663493,5,pca_sar,1,2
0.19066383,5,pca_sar,1,2
0.2003202,5,pca_sar,1,2
0.23571959,5,pca_sar,1,2
0.21544138,5,pca_sar,1,2
0.26268646,5,pca_sar,1,2
0.24499574,5,pca_sar,1,2
0.28634834,5,pca_sar,1,2
0.2910861,5,pca_sar,1,2
0.24588157,5,pca_sar,1,2
0.26413268,5,pca_sar,1,2
0.3613903,5,pca_sar,1,2
0.49320552,5,pca_sar,1,2
0.17681994,5,pca_sar,1,2
0.17128338,5,pca_sar,1,2
0.24217126,5,pca_sar,1,2
0.25784892,5,pca_sar,1,2
0.2705736,5,pca_sar,1,2
0.19357002,5,pca_sar,1,2
0.24494733,5,pca_sar,1,2
0.25434768,5,pca_sar,1,2
0.2889126,5,pca_sar,1,2
0.34222263,5,pca_sar,1,2
0.45504552,5,pca_sar,1,2
0.24515797,5,pca_sar,1,2
0.29949522,5,pca_sar,1,2
0.320987,5,pca_sar,1,2
0.4060006,5,pca_sar,1,2
0.31299382,5,pca_sar,1,2
0.41867352,5,pca_sar,1,2
0.30577397,5,pca_sar,1,2
0.27159864,5,pca_sar,1,2
0.42397195,5,pca_sar,1,2
0.27364433,5,pca_sar,1,2
0.4189289,5,pca_sar,1,2
0.39601263,5,pca_sar,1,2
0.16003789,5,pca_sar,1,2
0.06140189,5,pca_sar,1,2
-0.009798581,5,pca_sar,1,2
0.039500806,5,pca_sar,1,2
0.051808916,5,pca_sar,1,2
-0.010889749,5,pca_sar,1,2
0.033860013,5,pca_sar,1,2
0.13527115,5,pca_sar,1,2
0.12955314,5,pca_sar,1,2
0.1830171,5,pca_sar,1,2
0.07707426,5,pca_sar,1,2
0.044723686,5,pca_sar,1,2
0.024173144,5,pca_sar,1,2
0.020531312,5,pca_sar,1,2
-0.0067607593,5,pca_sar,1,2
0.04160046,5,pca_sar,1,2
0.10063887,5,pca_sar,1,2
0.11195145,5,pca_sar,1,2
0.07228047,5,pca_sar,1,2
0.07397132,5,pca_sar,1,2
0.07700058,5,pca_sar,1,2
0.03999784,5,pca_sar,1,2
0.012527887,5,pca_sar,1,2
0.064223,5,pca_sar,1,2
0.11970232,5,pca_sar,1,2
0.09644167,5,pca_sar,1,2
0.04665331,5,pca_sar,1,2
0.11834131,5,pca_sar,1,2
0.069216594,5,pca_sar,1,2
0.0264416,5,pca_sar,1,2
0.089626566,5,pca_sar,1,2
0.12222951,5,pca_sar,1,2
0.16001764,5,pca_sar,1,2
0.12306844,5,pca_sar,1,2
0.13737988,5,pca_sar,1,2
0.15468404,5,pca_sar,1,2
0.20139645,5,pca_sar,1,2
0.16525604,5,pca_sar,1,2
0.19714788,5,pca_sar,1,2
0.22557484,5,pca_sar,1,2
0.21890537,5,pca_sar,1,2
0.1696127,5,pca_sar,1,2
0.15075994,5,pca_sar,1,2
0.265593,5,pca_sar,1,2
0.16065988,5,pca_sar,1,2
0.18281086,5,pca_sar,1,2
0.19097036,5,pca_sar,1,2
0.20828292,5,pca_sar,1,2
0.183644,5,pca_sar,1,2
0.21285385,5,pca_sar,1,2
0.15040472,5,pca_sar,1,2
0.17358655,5,pca_sar,1,2
0.15929633,5,pca_sar,1,2
0.19792923,5,pca_sar,1,2
0.23764285,5,pca_sar,1,2
0.19403754,5,pca_sar,1,2
0.23260243,5,pca_sar,1,2
0.19992098,5,pca_sar,1,2
0.22865024,5,pca_sar,1,2
0.23463541,5,pca_sar,1,2
0.2540007,5,pca_sar,1,2
0.28320163,5,pca_sar,1,2
0.19332115,5,pca_sar,1,2
0.19502674,5,pca_sar,1,2
0.24694934,5,pca_sar,1,2
0.22523968,5,pca_sar,1,2
0.21286133,5,pca_sar,1,2
0.25230333,5,pca_sar,1,2
0.24443565,5,pca_sar,1,2
0.2910583,5,pca_sar,1,2
0.23174563,5,pca_sar,1,2
0.26423925,5,pca_sar,1,2
0.24953867,5,pca_sar,1,2
0.2767469,5,pca_sar,1,2
0.29433832,5,pca_sar,1,2
0.25935152,5,pca_sar,1,2
0.2690701,5,pca_sar,1,2
0.122971065,5,pca_sar,1,2
0.12769145,5,pca_sar,1,2
0.17355707,5,pca_sar,1,2
0.20131902,5,pca_sar,1,2
0.24393065,5,pca_sar,1,2
0.27691862,5,pca_sar,1,2
0.2688526,5,pca_sar,1,2
0.29138318,5,pca_sar,1,2
0.29165912,5,pca_sar,1,2
0.2876768,5,pca_sar,1,2
0.26998925,5,pca_sar,1,2
0.28589532,5,pca_sar,1,2
0.27060992,5,pca_sar,1,2
0.27405626,5,pca_sar,1,2
0.2968481,5,pca_sar,1,2
0.08671172,5,pca_sar,1,2
0.08738555,5,pca_sar,1,2
0.1332688,5,pca_sar,1,2
0.18117797,5,pca_sar,1,2
0.2207692,5,pca_sar,1,2
0.19670233,5,pca_sar,1,2
0.23242754,5,pca_sar,1,2
0.29333517,5,pca_sar,1,2
0.3042215,5,pca_sar,1,2
0.25313938,5,pca_sar,1,2
0.26096812,5,pca_sar,1,2
0.25213873,5,pca_sar,1,2
0.24131007,5,pca_sar,1,2
0.28005466,5,pca_sar,1,2
0.26034963,5,pca_sar,1,2
0.11397962,5,pca_sar,1,2
0.14967237,5,pca_sar,1,2
0.2208304,5,pca_sar,1,2
0.26080695,5,pca_sar,1,2
0.23805083,5,pca_sar,1,2
0.24038336,5,pca_sar,1,2
0.25673568,5,pca_sar,1,2
0.24674648,5,pca_sar,1,2
0.2736226,5,pca_sar,1,2
0.2475378,5,pca_sar,1,2
0.20583138,5,pca_sar,1,2
0.25182208,5,pca_sar,1,2
0.23433128,5,pca_sar,1,2
0.2561099,5,pca_sar,1,2
0.3249135,5,pca_sar,1,2
0.38718516,5,pca_sar,1,2
0.32176292,5,pca_sar,1,2
0.24786413,5,pca_sar,1,2
0.23449636,5,pca_sar,1,2
0.25934646,5,pca_sar,1,2
0.24923193,5,pca_sar,1,2
0.26838273,5,pca_sar,1,2
0.28776273,5,pca_sar,1,2
0.3106008,5,pca_sar,1,2
0.2673672,5,pca_sar,1,2
0.27922052,5,pca_sar,1,2
0.24122283,5,pca_sar,1,2
0.24601883,5,pca_sar,1,2
0.24539778,5,pca_sar,1,2
0.21775798,5,pca_sar,1,2
0.28721157,5,pca_sar,1,2
0.32389688,5,pca_sar,1,2
0.1867666,5,pca_sar,1,2
0.39440635,5,pca_sar,1,2
0.27019584,5,pca_sar,1,2
0.47013474,5,pca_sar,1,2
0.36095732,5,pca_sar,1,2
0.28736356,5,pca_sar,1,2
0.42973402,5,pca_sar,1,2
0.30327857,5,pca_sar,1,2
0.2780962,5,pca_sar,1,2
0.26895383,5,pca_sar,1,2
0.39468768,5,pca_sar,1,2
0.24267258,5,pca_sar,1,2
0.27591187,5,pca_sar,1,2
0.28875327,5,pca_sar,1,2
0.38017336,5,pca_sar,1,2
0.23771955,5,pca_sar,1,2
0.32091123,5,pca_sar,1,2
0.3560433,5,pca_sar,1,2
0.39720446,5,pca_sar,1,2
0.27902517,5,pca_sar,1,2
0.29918644,5,pca_sar,1,2
0.40553948,5,pca_sar,1,2
0.29849097,5,pca_sar,1,2
0.3346728,5,pca_sar,1,2
0.2671237,5,pca_sar,1,2
0.3088051,5,pca_sar,1,2
0.2773732,5,pca_sar,1,2
0.29430932,5,pca_sar,1,2
0.0784198,1,pca_sar,1,2
0.028390095,1,pca_sar,1,2
0.07004385,1,pca_sar,1,2
-0.016797593,1,pca_sar,1,2
-0.014576021,1,pca_sar,1,2
0.017035587,1,pca_sar,1,2
0.06480822,1,pca_sar,1,2
-0.0034617828,1,pca_sar,1,2
0.004484596,1,pca_sar,1,2
-0.0012994874,1,pca_sar,1,2
0.005274023,1,pca_sar,1,2
0.026054226,1,pca_sar,1,2
0.09266944,1,pca_sar,1,2
0.077809885,1,pca_sar,1,2
-0.00021410175,1,pca_sar,1,2
0.0043437444,1,pca_sar,1,2
-0.002298193,1,pca_sar,1,2
0.027734824,1,pca_sar,1,2
0.06431234,1,pca_sar,1,2
0.010432441,1,pca_sar,1,2
0.028414499,1,pca_sar,1,2
0.02131674,1,pca_sar,1,2
0.040768784,1,pca_sar,1,2
0.015570635,1,pca_sar,1,2
0.031647127,1,pca_sar,1,2
0.075457014,1,pca_sar,1,2
0.06570682,1,pca_sar,1,2
0.018766569,1,pca_sar,1,2
-0.035910223,1,pca_sar,1,2
-0.028906863,1,pca_sar,1,2
0.06525451,1,pca_sar,1,2
0.051166877,1,pca_sar,1,2
0.038609892,1,pca_sar,1,2
-0.034122437,1,pca_sar,1,2
-0.02033472,1,pca_sar,1,2
0.028848343,1,pca_sar,1,2
0.010553629,1,pca_sar,1,2
-0.08906992,1,pca_sar,1,2
-0.04442905,1,pca_sar,1,2
0.04104574,1,pca_sar,1,2
0.023682723,1,pca_sar,1,2
0.050274953,1,pca_sar,1,2
-0.031872172,1,pca_sar,1,2
-0.024415143,1,pca_sar,1,2
0.00026579574,1,pca_sar,1,2
-0.010164382,1,pca_sar,1,2
-0.045478553,1,pca_sar,1,2
-0.074599676,1,pca_sar,1,2
-0.026026066,1,pca_sar,1,2
0.012507535,1,pca_sar,1,2
0.002742242,1,pca_sar,1,2
-0.02333737,1,pca_sar,1,2
0.03020179,1,pca_sar,1,2
-0.10779238,1,pca_sar,1,2
-0.107097045,1,pca_sar,1,2
-0.069381624,1,pca_sar,1,2
0.03198879,1,pca_sar,1,2
0.03874601,1,pca_sar,1,2
-0.026109964,1,pca_sar,1,2
-0.0073643588,1,pca_sar,1,2
-0.025270792,1,pca_sar,1,2
-0.0007480066,1,pca_sar,1,2
-0.029844243,1,pca_sar,1,2
-0.059418514,1,pca_sar,1,2
-0.00043664128,1,pca_sar,1,2
0.0048679933,1,pca_sar,1,2
0.01626872,1,pca_sar,1,2
0.023146259,1,pca_sar,1,2
-0.09438969,1,pca_sar,1,2
0.017313138,1,pca_sar,1,2
0.07040793,1,pca_sar,1,2
0.071760446,1,pca_sar,1,2
-0.025497451,1,pca_sar,1,2
0.007927712,1,pca_sar,1,2
0.041513454,1,pca_sar,1,2
0.07084184,1,pca_sar,1,2
-0.046039395,1,pca_sar,1,2
-0.0115593085,1,pca_sar,1,2
0.01972019,1,pca_sar,1,2
0.051897857,1,pca_sar,1,2
-0.024800897,1,pca_sar,1,2
0.019672444,1,pca_sar,1,2
0.08592921,1,pca_sar,1,2
-0.022282101,1,pca_sar,1,2
0.003481727,1,pca_sar,1,2
0.036196247,1,pca_sar,1,2
-0.06856276,1,pca_sar,1,2
0.045821317,1,pca_sar,1,2
0.036233462,1,pca_sar,1,2
0.016614592,1,pca_sar,1,2
0.013966881,1,pca_sar,1,2
0.04801178,1,pca_sar,1,2
0.09320304,1,pca_sar,1,2
0.18973538,1,pca_sar,1,2
0.097537756,1,pca_sar,1,2
0.07162854,1,pca_sar,1,2
0.091915675,1,pca_sar,1,2
0.03089041,1,pca_sar,1,2
0.04642734,1,pca_sar,1,2
0.09981414,1,pca_sar,1,2
0.1454242,1,pca_sar,1,2
0.06923296,1,pca_sar,1,2
0.081923604,1,pca_sar,1,2
0.05082638,1,pca_sar,1,2
0.0393898,1,pca_sar,1,2
0.05162429,1,pca_sar,1,2
0.016332831,1,pca_sar,1,2
0.07548,1,pca_sar,1,2
0.05780762,1,pca_sar,1,2
0.04442604,1,pca_sar,1,2
0.029346976,1,pca_sar,1,2
0.010515943,1,pca_sar,1,2
-0.037414733,1,pca_sar,1,2
0.02747272,1,pca_sar,1,2
0.12353309,1,pca_sar,1,2
0.056739856,1,pca_sar,1,2
0.0384816,1,pca_sar,1,2
0.037719928,1,pca_sar,1,2
0.05720819,1,pca_sar,1,2
0.009211134,1,pca_sar,1,2
0.030801743,1,pca_sar,1,2
-0.09444548,1,pca_sar,1,2
0.070167564,1,pca_sar,1,2
0.1708765,1,pca_sar,1,2
0.08762404,1,pca_sar,1,2
0.057887822,1,pca_sar,1,2
0.01590072,1,pca_sar,1,2
0.029008806,1,pca_sar,1,2
-0.0009871237,1,pca_sar,1,2
-0.011897914,1,pca_sar,1,2
-0.021828242,1,pca_sar,1,2
0.023612686,1,pca_sar,1,2
0.029461928,1,pca_sar,1,2
0.0564638,1,pca_sar,1,2
0.046127144,1,pca_sar,1,2
0.038401455,1,pca_sar,1,2
0.10331212,1,pca_sar,1,2
-0.044903863,1,pca_sar,1,2
-0.04165155,1,pca_sar,1,2
0.01025038,1,pca_sar,1,2
0.07952477,1,pca_sar,1,2
0.044273645,1,pca_sar,1,2
0.014406942,1,pca_sar,1,2
0.094692625,1,pca_sar,1,2
-0.04429967,1,pca_sar,1,2
-0.026791703,1,pca_sar,1,2
-0.073602244,1,pca_sar,1,2
-0.07901161,1,pca_sar,1,2
0.0042667016,1,pca_sar,1,2
-0.01144781,1,pca_sar,1,2
0.062405515,1,pca_sar,1,2
0.049643032,1,pca_sar,1,2
-0.104285404,1,pca_sar,1,2
-0.045252316,1,pca_sar,1,2
-0.007910192,1,pca_sar,1,2
-0.0004737042,1,pca_sar,1,2
0.0021202546,1,pca_sar,1,2
-6.296858e-05,1,pca_sar,1,2
-0.0029260963,1,pca_sar,1,2
0.04816084,1,pca_sar,1,2
-0.037861016,1,pca_sar,1,2
-0.003967164,1,pca_sar,1,2
-0.015209844,1,pca_sar,1,2
0.026020309,1,pca_sar,1,2
-0.033731543,1,pca_sar,1,2
-0.03551274,1,pca_sar,1,2
-0.07823917,1,pca_sar,1,2
-0.021870185,1,pca_sar,1,2
0.3684834,4,pca_sar,1,2
0.25679505,4,pca_sar,1,2
0.16768749,4,pca_sar,1,2
0.17833593,4,pca_sar,1,2
0.11379082,4,pca_sar,1,2
0.13356428,4,pca_sar,1,2
0.18966365,4,pca_sar,1,2
0.19633529,4,pca_sar,1,2
0.20919523,4,pca_sar,1,2
0.2576726,4,pca_sar,1,2
0.31253096,4,pca_sar,1,2
0.32303506,4,pca_sar,1,2
0.30613223,4,pca_sar,1,2
0.31507388,4,pca_sar,1,2
0.30995125,4,pca_sar,1,2
0.28821778,4,pca_sar,1,2
0.07909192,4,pca_sar,1,2
0.06714852,4,pca_sar,1,2
0.10894549,4,pca_sar,1,2
0.110075906,4,pca_sar,1,2
0.14059103,4,pca_sar,1,2
0.14988138,4,pca_sar,1,2
0.1814071,4,pca_sar,1,2
0.14771304,4,pca_sar,1,2
0.17469549,4,pca_sar,1,2
0.16208062,4,pca_sar,1,2
0.11003192,4,pca_sar,1,2
0.08147418,4,pca_sar,1,2
0.019431004,4,pca_sar,1,2
0.056952935,4,pca_sar,1,2
0.041205596,4,pca_sar,1,2
0.11596348,4,pca_sar,1,2
0.08108355,4,pca_sar,1,2
0.122036025,4,pca_sar,1,2
0.098273985,4,pca_sar,1,2
0.10855452,4,pca_sar,1,2
0.08095884,4,pca_sar,1,2
-0.026707347,4,pca_sar,1,2
0.039158557,4,pca_sar,1,2
-0.0029719286,4,pca_sar,1,2
0.042459596,4,pca_sar,1,2
-0.014398434,4,pca_sar,1,2
0.34233382,4,pca_sar,1,2
0.24871613,4,pca_sar,1,2
0.2500761,4,pca_sar,1,2
0.29776928,4,pca_sar,1,2
0.33810765,4,pca_sar,1,2
0.32743597,4,pca_sar,1,2
0.3010795,4,pca_sar,1,2
0.33015805,4,pca_sar,1,2
0.24594955,4,pca_sar,1,2
0.24215427,4,pca_sar,1,2
0.2385934,4,pca_sar,1,2
0.13717324,4,pca_sar,1,2
0.113502756,4,pca_sar,1,2
0.16436234,4,pca_sar,1,2
0.15647908,4,pca_sar,1,2
0.16831288,4,pca_sar,1,2
0.12566747,4,pca_sar,1,2
0.15148398,4,pca_sar,1,2
0.050074123,4,pca_sar,1,2
0.083172224,4,pca_sar,1,2
0.17431039,4,pca_sar,1,2
0.09404403,4,pca_sar,1,2
0.053712077,4,pca_sar,1,2
0.10215923,4,pca_sar,1,2
0.058603242,4,pca_sar,1,2
0.07980043,4,pca_sar,1,2
0.07114303,4,pca_sar,1,2
0.09484232,4,pca_sar,1,2
0.050071254,4,pca_sar,1,2
-0.027608633,4,pca_sar,1,2
0.14442009,4,pca_sar,1,2
0.09871696,4,pca_sar,1,2
0.23833849,5,pca_sar,1,2
0.11418606,5,pca_sar,1,2
0.061349727,5,pca_sar,1,2
0.08615725,5,pca_sar,1,2
0.09137741,5,pca_sar,1,2
0.12312138,5,pca_sar,1,2
0.13700934,5,pca_sar,1,2
0.15841864,5,pca_sar,1,2
0.16253263,5,pca_sar,1,2
0.22579932,5,pca_sar,1,2
0.12046129,5,pca_sar,1,2
0.053962376,5,pca_sar,1,2
0.089272074,5,pca_sar,1,2
0.080733925,5,pca_sar,1,2
0.01580395,5,pca_sar,1,2
0.08218075,5,pca_sar,1,2
0.15611756,5,pca_sar,1,2
0.16925906,5,pca_sar,1,2
0.14025807,5,pca_sar,1,2
0.094981074,5,pca_sar,1,2
0.08826694,5,pca_sar,1,2
0.053801917,5,pca_sar,1,2
0.014025491,5,pca_sar,1,2
0.10353578,5,pca_sar,1,2
0.21078885,5,pca_sar,1,2
0.16221878,5,pca_sar,1,2
0.14892046,5,pca_sar,1,2
0.15698722,5,pca_sar,1,2
0.079859555,5,pca_sar,1,2
0.05947519,5,pca_sar,1,2
0.050571784,5,pca_sar,1,2
0.11557923,5,pca_sar,1,2
0.21746776,5,pca_sar,1,2
0.20486489,5,pca_sar,1,2
0.31900185,5,pca_sar,1,2
0.16556522,5,pca_sar,1,2
0.22359213,5,pca_sar,1,2
0.20250323,5,pca_sar,1,2
0.19650637,5,pca_sar,1,2
0.12863287,5,pca_sar,1,2
0.18120271,5,pca_sar,1,2
0.22712624,5,pca_sar,1,2
0.20454988,5,pca_sar,1,2
0.29752547,5,pca_sar,1,2
0.32070875,5,pca_sar,1,2
0.3331003,5,pca_sar,1,2
0.4625004,5,pca_sar,1,2
0.17195117,5,pca_sar,1,2
0.18020616,5,pca_sar,1,2
0.104822904,5,pca_sar,1,2
0.16795757,5,pca_sar,1,2
0.1856879,5,pca_sar,1,2
0.23462449,5,pca_sar,1,2
0.26351488,5,pca_sar,1,2
0.21995977,5,pca_sar,1,2
0.27888608,5,pca_sar,1,2
0.29430676,5,pca_sar,1,2
0.30505252,5,pca_sar,1,2
0.48011994,5,pca_sar,1,2
0.22816205,5,pca_sar,1,2
0.1873245,5,pca_sar,1,2
0.18633226,5,pca_sar,1,2
0.1341806,5,pca_sar,1,2
0.18379748,5,pca_sar,1,2
0.18775254,5,pca_sar,1,2
0.23058803,5,pca_sar,1,2
0.2301385,5,pca_sar,1,2
0.16293521,5,pca_sar,1,2
0.22786269,5,pca_sar,1,2
0.25227892,5,pca_sar,1,2
0.30236286,5,pca_sar,1,2
0.48690388,5,pca_sar,1,2
0.23130155,5,pca_sar,1,2
0.24529892,5,pca_sar,1,2
0.21346398,5,pca_sar,1,2
0.18360288,5,pca_sar,1,2
0.25951642,5,pca_sar,1,2
0.18787977,5,pca_sar,1,2
0.19743747,5,pca_sar,1,2
0.21004866,5,pca_sar,1,2
0.23944339,5,pca_sar,1,2
0.2607813,5,pca_sar,1,2
0.31964844,5,pca_sar,1,2
0.4899019,5,pca_sar,1,2
0.17549658,5,pca_sar,1,2
0.215224,5,pca_sar,1,2
0.23065796,5,pca_sar,1,2
0.17663667,5,pca_sar,1,2
0.24476376,5,pca_sar,1,2
0.15993306,5,pca_sar,1,2
0.16414337,5,pca_sar,1,2
0.29619974,5,pca_sar,1,2
0.31245178,5,pca_sar,1,2
0.3380539,5,pca_sar,1,2
0.47969794,5,pca_sar,1,2
0.21797264,5,pca_sar,1,2
0.22777933,5,pca_sar,1,2
0.19990997,5,pca_sar,1,2
0.25851735,5,pca_sar,1,2
0.33919594,5,pca_sar,1,2
0.4605907,5,pca_sar,1,2
0.22880208,5,pca_sar,1,2
0.3451293,5,pca_sar,1,2
0.49316174,5,pca_sar,1,2
0.3284574,5,pca_sar,1,2
0.50773656,5,pca_sar,1,2
0.42746115,5,pca_sar,1,2
0.21077186,5,pca_sar,1,2
0.11592673,5,pca_sar,1,2
0.061138444,5,pca_sar,1,2
-0.008304516,5,pca_sar,1,2
0.07231718,5,pca_sar,1,2
0.12117642,5,pca_sar,1,2
0.09615674,5,pca_sar,1,2
0.14868912,5,pca_sar,1,2
0.13204476,5,pca_sar,1,2
0.1127191,5,pca_sar,1,2
0.051171906,5,pca_sar,1,2
0.022112545,5,pca_sar,1,2
0.055905428,5,pca_sar,1,2
0.044701282,5,pca_sar,1,2
0.09022654,5,pca_sar,1,2
0.08882548,5,pca_sar,1,2
0.16496028,5,pca_sar,1,2
0.1522612,5,pca_sar,1,2
0.091819376,5,pca_sar,1,2
0.052709352,5,pca_sar,1,2
0.035820693,5,pca_sar,1,2
0.01255155,5,pca_sar,1,2
0.09966533,5,pca_sar,1,2
0.11801357,5,pca_sar,1,2
0.20885144,5,pca_sar,1,2
0.18917017,5,pca_sar,1,2
0.06978352,5,pca_sar,1,2
0.055731524,5,pca_sar,1,2
0.032363527,5,pca_sar,1,2
0.0004614722,5,pca_sar,1,2
0.05755073,5,pca_sar,1,2
0.11026231,5,pca_sar,1,2
0.21484978,5,pca_sar,1,2
0.21995069,5,pca_sar,1,2
0.19088444,5,pca_sar,1,2
0.1366609,5,pca_sar,1,2
0.17776059,5,pca_sar,1,2
0.16074395,5,pca_sar,1,2
0.15588221,5,pca_sar,1,2
0.1723668,5,pca_sar,1,2
0.19582486,5,pca_sar,1,2
0.25654274,5,pca_sar,1,2
0.2504372,5,pca_sar,1,2
0.23891519,5,pca_sar,1,2
0.22360912,5,pca_sar,1,2
0.26186264,5,pca_sar,1,2
0.29833436,5,pca_sar,1,2
0.23230535,5,pca_sar,1,2
0.2316285,5,pca_sar,1,2
0.23219879,5,pca_sar,1,2
0.13540637,5,pca_sar,1,2
0.17248562,5,pca_sar,1,2
0.1887309,5,pca_sar,1,2
0.20933944,5,pca_sar,1,2
0.23978445,5,pca_sar,1,2
0.22333626,5,pca_sar,1,2
0.23426318,5,pca_sar,1,2
0.2131414,5,pca_sar,1,2
0.24104725,5,pca_sar,1,2
0.2891909,5,pca_sar,1,2
0.24026698,5,pca_sar,1,2
0.23074216,5,pca_sar,1,2
0.274889,5,pca_sar,1,2
0.28874326,5,pca_sar,1,2
0.28897518,5,pca_sar,1,2
0.2183714,5,pca_sar,1,2
0.21756633,5,pca_sar,1,2
0.21365547,5,pca_sar,1,2
0.23102203,5,pca_sar,1,2
0.2742143,5,pca_sar,1,2
0.22034405,5,pca_sar,1,2
0.25701874,5,pca_sar,1,2
0.24720144,5,pca_sar,1,2
0.27439854,5,pca_sar,1,2
0.35184395,5,pca_sar,1,2
0.31966925,5,pca_sar,1,2
0.26623663,5,pca_sar,1,2
0.17537129,5,pca_sar,1,2
0.23518461,5,pca_sar,1,2
0.24207732,5,pca_sar,1,2
0.26605538,5,pca_sar,1,2
0.2634989,5,pca_sar,1,2
0.22674128,5,pca_sar,1,2
0.27240747,5,pca_sar,1,2
0.33018148,5,pca_sar,1,2
0.27578098,5,pca_sar,1,2
0.2760553,5,pca_sar,1,2
0.28674603,5,pca_sar,1,2
0.304427,5,pca_sar,1,2
0.29006916,5,pca_sar,1,2
0.2712177,5,pca_sar,1,2
0.2585485,5,pca_sar,1,2
0.08280964,5,pca_sar,1,2
0.14447978,5,pca_sar,1,2
0.19614826,5,pca_sar,1,2
0.23601675,5,pca_sar,1,2
0.25380272,5,pca_sar,1,2
0.19934842,5,pca_sar,1,2
0.23891586,5,pca_sar,1,2
0.31833383,5,pca_sar,1,2
0.22614062,5,pca_sar,1,2
0.24406478,5,pca_sar,1,2
0.27993083,5,pca_sar,1,2
0.2356366,5,pca_sar,1,2
0.24265748,5,pca_sar,1,2
0.24666558,5,pca_sar,1,2
0.27793297,5,pca_sar,1,2
0.13344005,5,pca_sar,1,2
0.18267089,5,pca_sar,1,2
0.21262214,5,pca_sar,1,2
0.27547967,5,pca_sar,1,2
0.27416253,5,pca_sar,1,2
0.30351955,5,pca_sar,1,2
0.27695137,5,pca_sar,1,2
0.2922777,5,pca_sar,1,2
0.25757986,5,pca_sar,1,2
0.28829664,5,pca_sar,1,2
0.21160771,5,pca_sar,1,2
0.2614829,5,pca_sar,1,2
0.2694478,5,pca_sar,1,2
0.26702297,5,pca_sar,1,2
0.3077011,5,pca_sar,1,2
0.27414733,5,pca_sar,1,2
0.2838548,5,pca_sar,1,2
0.2964275,5,pca_sar,1,2
0.313602,5,pca_sar,1,2
0.3123663,5,pca_sar,1,2
0.31086972,5,pca_sar,1,2
0.283224,5,pca_sar,1,2
0.31025535,5,pca_sar,1,2
0.2921635,5,pca_sar,1,2
0.31440383,5,pca_sar,1,2
0.29321545,5,pca_sar,1,2
0.27217478,5,pca_sar,1,2
0.30608517,5,pca_sar,1,2
0.2782268,5,pca_sar,1,2
0.23579761,5,pca_sar,1,2
0.32075536,5,pca_sar,1,2
0.36896232,5,pca_sar,1,2
0.21852162,5,pca_sar,1,2
0.3828469,5,pca_sar,1,2
0.2395074,5,pca_sar,1,2
0.38949355,5,pca_sar,1,2
0.24295451,5,pca_sar,1,2
0.24826184,5,pca_sar,1,2
0.36301088,5,pca_sar,1,2
0.20422408,5,pca_sar,1,2
0.22904852,5,pca_sar,1,2
0.2962789,5,pca_sar,1,2
0.3680821,5,pca_sar,1,2
0.19586815,5,pca_sar,1,2
0.27410403,5,pca_sar,1,2
0.3400039,5,pca_sar,1,2
0.38004264,5,pca_sar,1,2
0.26103914,5,pca_sar,1,2
0.32644707,5,pca_sar,1,2
0.35606813,5,pca_sar,1,2
0.38995123,5,pca_sar,1,2
0.28901473,5,pca_sar,1,2
0.36064228,5,pca_sar,1,2
0.40505373,5,pca_sar,1,2
0.29209322,5,pca_sar,1,2
0.33995813,5,pca_sar,1,2
0.2644837,5,pca_sar,1,2
0.3046165,5,pca_sar,1,2
0.25901765,5,pca_sar,1,2
0.33202806,5,pca_sar,1,2
0.040743932,1,pca_sar,1,2
-0.052398864,1,pca_sar,1,2
0.099876106,1,pca_sar,1,2
0.029585449,1,pca_sar,1,2
0.005520858,1,pca_sar,1,2
0.07344064,1,pca_sar,1,2
0.160335,1,pca_sar,1,2
0.08678403,1,pca_sar,1,2
0.06600919,1,pca_sar,1,2
0.058536664,1,pca_sar,1,2
0.08588678,1,pca_sar,1,2
0.033902496,1,pca_sar,1,2
0.04699767,1,pca_sar,1,2
0.09919014,1,pca_sar,1,2
0.033434268,1,pca_sar,1,2
0.03256975,1,pca_sar,1,2
0.016783204,1,pca_sar,1,2
0.08761159,1,pca_sar,1,2
0.095928684,1,pca_sar,1,2
0.04777041,1,pca_sar,1,2
0.10925278,1,pca_sar,1,2
0.04916484,1,pca_sar,1,2
0.062285386,1,pca_sar,1,2
0.10574526,1,pca_sar,1,2
0.026380597,1,pca_sar,1,2
0.05246114,1,pca_sar,1,2
0.020471334,1,pca_sar,1,2
0.0130829755,1,pca_sar,1,2
0.007864609,1,pca_sar,1,2
0.03819447,1,pca_sar,1,2
0.13732821,1,pca_sar,1,2
0.09094609,1,pca_sar,1,2
0.073665954,1,pca_sar,1,2
-0.0024829921,1,pca_sar,1,2
0.012128019,1,pca_sar,1,2
0.056928504,1,pca_sar,1,2
0.07188648,1,pca_sar,1,2
-0.053110965,1,pca_sar,1,2
-0.040150676,1,pca_sar,1,2
0.10384186,1,pca_sar,1,2
0.064041235,1,pca_sar,1,2
0.0817851,1,pca_sar,1,2
-0.024408551,1,pca_sar,1,2
-0.01754012,1,pca_sar,1,2
0.055916186,1,pca_sar,1,2
0.020062244,1,pca_sar,1,2
0.008064805,1,pca_sar,1,2
-0.066909306,1,pca_sar,1,2
-0.030520486,1,pca_sar,1,2
0.023241632,1,pca_sar,1,2
-0.010319215,1,pca_sar,1,2
-0.083944425,1,pca_sar,1,2
0.027414024,1,pca_sar,1,2
-0.115778856,1,pca_sar,1,2
-0.10679492,1,pca_sar,1,2
-0.06619669,1,pca_sar,1,2
-0.0073458143,1,pca_sar,1,2
-0.01443442,1,pca_sar,1,2
-0.10888997,1,pca_sar,1,2
-0.030127972,1,pca_sar,1,2
0.010981243,1,pca_sar,1,2
-0.03223888,1,pca_sar,1,2
-0.054172747,1,pca_sar,1,2
-0.0579726,1,pca_sar,1,2
-0.04639463,1,pca_sar,1,2
-0.052345954,1,pca_sar,1,2
0.0041132686,1,pca_sar,1,2
-0.048968032,1,pca_sar,1,2
-0.108119115,1,pca_sar,1,2
-0.09049229,1,pca_sar,1,2
-0.049229994,1,pca_sar,1,2
-0.027014684,1,pca_sar,1,2
-0.037529916,1,pca_sar,1,2
-0.01013636,1,pca_sar,1,2
0.035192482,1,pca_sar,1,2
-0.005159717,1,pca_sar,1,2
-0.058916733,1,pca_sar,1,2
-0.033817798,1,pca_sar,1,2
-0.06447633,1,pca_sar,1,2
-0.033073343,1,pca_sar,1,2
-0.051660907,1,pca_sar,1,2
-0.010104232,1,pca_sar,1,2
0.01658867,1,pca_sar,1,2
-0.07465239,1,pca_sar,1,2
0.083283946,1,pca_sar,1,2
0.007965837,1,pca_sar,1,2
0.14314424,1,pca_sar,1,2
0.05196067,1,pca_sar,1,2
0.021563806,1,pca_sar,1,2
0.04287742,1,pca_sar,1,2
0.16132681,1,pca_sar,1,2
0.082578726,1,pca_sar,1,2
0.13241702,1,pca_sar,1,2
0.15874955,1,pca_sar,1,2
0.09911434,1,pca_sar,1,2
0.020783402,1,pca_sar,1,2
0.013509065,1,pca_sar,1,2
0.080760814,1,pca_sar,1,2
0.02713555,1,pca_sar,1,2
0.089070946,1,pca_sar,1,2
0.107914,1,pca_sar,1,2
0.08518833,1,pca_sar,1,2
0.03177065,1,pca_sar,1,2
0.03544338,1,pca_sar,1,2
0.09667403,1,pca_sar,1,2
0.075990744,1,pca_sar,1,2
0.020400373,1,pca_sar,1,2
0.06724259,1,pca_sar,1,2
0.08648543,1,pca_sar,1,2
0.14764409,1,pca_sar,1,2
0.11125383,1,pca_sar,1,2
0.030125868,1,pca_sar,1,2
-0.013266131,1,pca_sar,1,2
-0.010455895,1,pca_sar,1,2
0.10033217,1,pca_sar,1,2
0.108021185,1,pca_sar,1,2
0.114342086,1,pca_sar,1,2
-0.04603398,1,pca_sar,1,2
-0.013919279,1,pca_sar,1,2
-0.0005587004,1,pca_sar,1,2
0.08786052,1,pca_sar,1,2
-0.11275053,1,pca_sar,1,2
0.0021788254,1,pca_sar,1,2
0.11137839,1,pca_sar,1,2
0.14482771,1,pca_sar,1,2
0.13619521,1,pca_sar,1,2
-0.043082282,1,pca_sar,1,2
-0.070909455,1,pca_sar,1,2
-0.07737106,1,pca_sar,1,2
0.07829073,1,pca_sar,1,2
-0.025978507,1,pca_sar,1,2
-0.023184659,1,pca_sar,1,2
0.051302068,1,pca_sar,1,2
0.09199194,1,pca_sar,1,2
0.08336572,1,pca_sar,1,2
-0.036293924,1,pca_sar,1,2
-0.01803226,1,pca_sar,1,2
-0.11619504,1,pca_sar,1,2
-0.06744023,1,pca_sar,1,2
0.049054466,1,pca_sar,1,2
0.1111508,1,pca_sar,1,2
0.074045666,1,pca_sar,1,2
-0.087292835,1,pca_sar,1,2
-0.030381672,1,pca_sar,1,2
-0.017158944,1,pca_sar,1,2
-0.0012149736,1,pca_sar,1,2
-0.027465397,1,pca_sar,1,2
0.0005073175,1,pca_sar,1,2
0.021464866,1,pca_sar,1,2
-0.053352356,1,pca_sar,1,2
0.006215496,1,pca_sar,1,2
-0.0001856815,1,pca_sar,1,2
-0.0844002,1,pca_sar,1,2
-0.03975074,1,pca_sar,1,2
0.008559968,1,pca_sar,1,2
0.02080949,1,pca_sar,1,2
-0.036518514,1,pca_sar,1,2
-0.03988473,1,pca_sar,1,2
0.033914536,1,pca_sar,1,2
0.043558832,1,pca_sar,1,2
-0.068510465,1,pca_sar,1,2
-0.0046902876,1,pca_sar,1,2
0.05750373,1,pca_sar,1,2
0.055228792,1,pca_sar,1,2
0.04766238,1,pca_sar,1,2
-0.0038628243,1,pca_sar,1,2
0.011135526,1,pca_sar,1,2
0.0061171707,1,pca_sar,1,2
0.19195695,1,pca_sar,1,2
0.18283147,1,pca_sar,1,2
0.19874614,1,pca_sar,1,2
0.22153011,1,pca_sar,1,2
0.23958948,1,pca_sar,1,2
0.21288684,1,pca_sar,1,2
0.18416631,1,pca_sar,1,2
0.24370484,1,pca_sar,1,2
0.24560957,1,pca_sar,1,2
0.21824384,1,pca_sar,1,2
0.18151234,1,pca_sar,1,2
0.1675908,1,pca_sar,1,2
0.17570809,1,pca_sar,1,2
0.13884129,1,pca_sar,1,2
0.24279003,1,pca_sar,1,2
0.2837161,1,pca_sar,1,2
0.22847067,1,pca_sar,1,2
0.36058313,1,pca_sar,1,2
0.1907644,1,pca_sar,1,2
0.15018108,1,pca_sar,1,2
0.20348448,1,pca_sar,1,2
0.16643722,1,pca_sar,1,2
0.23056573,1,pca_sar,1,2
0.29606873,1,pca_sar,1,2
0.2509979,1,pca_sar,1,2
0.39813718,1,pca_sar,1,2
0.20654745,1,pca_sar,1,2
0.18492857,1,pca_sar,1,2
0.15255055,1,pca_sar,1,2
0.08791351,1,pca_sar,1,2
0.13251653,1,pca_sar,1,2
0.120128416,1,pca_sar,1,2
0.19624358,1,pca_sar,1,2
0.25231612,1,pca_sar,1,2
0.2634418,1,pca_sar,1,2
0.42031044,1,pca_sar,1,2
0.21856187,1,pca_sar,1,2
0.173158,1,pca_sar,1,2
0.12874329,1,pca_sar,1,2
0.0989305,1,pca_sar,1,2
0.18454143,1,pca_sar,1,2
0.122805916,1,pca_sar,1,2
0.20862535,1,pca_sar,1,2
0.23915172,1,pca_sar,1,2
0.24623722,1,pca_sar,1,2
0.40575433,1,pca_sar,1,2
0.12967233,1,pca_sar,1,2
0.098167054,1,pca_sar,1,2
0.11572172,1,pca_sar,1,2
0.073585354,1,pca_sar,1,2
0.1367062,1,pca_sar,1,2
0.1582851,1,pca_sar,1,2
0.22240871,1,pca_sar,1,2
0.3666036,1,pca_sar,1,2
0.031469315,1,pca_sar,1,2
0.09856847,1,pca_sar,1,2
0.07739654,1,pca_sar,1,2
0.13729028,1,pca_sar,1,2
0.15986413,1,pca_sar,1,2
0.19976763,1,pca_sar,1,2
0.31079558,1,pca_sar,1,2
0.14338303,1,pca_sar,1,2
0.11853652,1,pca_sar,1,2
0.15319753,1,pca_sar,1,2
0.1723701,1,pca_sar,1,2
0.16142659,1,pca_sar,1,2
0.28983188,1,pca_sar,1,2
0.14795044,1,pca_sar,1,2
0.21355349,1,pca_sar,1,2
0.21322908,1,pca_sar,1,2
0.19317427,1,pca_sar,1,2
0.39226702,1,pca_sar,1,2
0.1452886,1,pca_sar,1,2
0.11687334,1,pca_sar,1,2
0.14958926,1,pca_sar,1,2
0.2825503,1,pca_sar,1,2
0.09419955,1,pca_sar,1,2
0.15398328,1,pca_sar,1,2
0.24352127,1,pca_sar,1,2
0.18497866,1,pca_sar,1,2
0.2810449,1,pca_sar,1,2
0.20406026,1,pca_sar,1,2
0.17530411,1,pca_sar,1,2
0.21392481,1,pca_sar,1,2
0.30948156,1,pca_sar,1,2
0.25142872,1,pca_sar,1,2
0.25739568,1,pca_sar,1,2
0.2986281,1,pca_sar,1,2
0.19548419,1,pca_sar,1,2
0.2545905,1,pca_sar,1,2
0.25404483,1,pca_sar,1,2
0.15889885,1,pca_sar,1,2
0.1849925,1,pca_sar,1,2
0.24312279,1,pca_sar,1,2
0.17061761,1,pca_sar,1,2
0.21190435,1,pca_sar,1,2
0.26495004,1,pca_sar,1,2
0.1993152,1,pca_sar,1,2
0.26196733,1,pca_sar,1,2
0.28434822,1,pca_sar,1,2
0.23985115,1,pca_sar,1,2
0.1600226,1,pca_sar,1,2
0.19325736,1,pca_sar,1,2
0.24965231,1,pca_sar,1,2
0.22433268,1,pca_sar,1,2
0.23886156,1,pca_sar,1,2
0.22961539,1,pca_sar,1,2
0.22564358,1,pca_sar,1,2
0.2369994,1,pca_sar,1,2
0.20068824,1,pca_sar,1,2
0.24860793,1,pca_sar,1,2
0.24532592,1,pca_sar,1,2
0.21185666,1,pca_sar,1,2
0.20907468,1,pca_sar,1,2
0.21924958,1,pca_sar,1,2
0.20460685,1,pca_sar,1,2
0.18308437,1,pca_sar,1,2
0.1694378,1,pca_sar,1,2
0.17406997,1,pca_sar,1,2
0.20492856,1,pca_sar,1,2
0.17379004,1,pca_sar,1,2
0.21423483,1,pca_sar,1,2
0.20387068,1,pca_sar,1,2
0.23938888,1,pca_sar,1,2
0.20713729,1,pca_sar,1,2
0.20541248,1,pca_sar,1,2
0.16439986,1,pca_sar,1,2
0.26076052,1,pca_sar,1,2
0.2700946,1,pca_sar,1,2
0.21066187,1,pca_sar,1,2
0.21863876,1,pca_sar,1,2
0.26684165,1,pca_sar,1,2
0.26327062,1,pca_sar,1,2
0.2138085,1,pca_sar,1,2
0.19336179,1,pca_sar,1,2
0.24428993,1,pca_sar,1,2
0.25598255,1,pca_sar,1,2
0.19411421,1,pca_sar,1,2
0.23484807,1,pca_sar,1,2
0.19762123,1,pca_sar,1,2
0.22598846,1,pca_sar,1,2
0.25603673,1,pca_sar,1,2
0.2614938,1,pca_sar,1,2
0.25297695,1,pca_sar,1,2
0.21133241,1,pca_sar,1,2
0.22945224,1,pca_sar,1,2
0.16371211,1,pca_sar,1,2
0.24252951,1,pca_sar,1,2
0.23186517,1,pca_sar,1,2
0.21502301,1,pca_sar,1,2
0.22823158,1,pca_sar,1,2
0.25525412,1,pca_sar,1,2
0.21840142,1,pca_sar,1,2
0.17076296,1,pca_sar,1,2
0.14704195,1,pca_sar,1,2
0.15478042,1,pca_sar,1,2
0.21374385,1,pca_sar,1,2
0.21666265,1,pca_sar,1,2
0.26239955,1,pca_sar,1,2
0.2501735,1,pca_sar,1,2
0.25012118,1,pca_sar,1,2
0.22120987,1,pca_sar,1,2
0.19099139,1,pca_sar,1,2
0.21829836,1,pca_sar,1,2
0.17324696,1,pca_sar,1,2
0.24626894,1,pca_sar,1,2
0.22758847,1,pca_sar,1,2
0.20254615,1,pca_sar,1,2
0.21610782,1,pca_sar,1,2
0.22128606,1,pca_sar,1,2
0.19972081,1,pca_sar,1,2
0.19404072,1,pca_sar,1,2
0.1907742,1,pca_sar,1,2
0.1622802,1,pca_sar,1,2
0.17489341,1,pca_sar,1,2
0.22857456,1,pca_sar,1,2
0.2489141,1,pca_sar,1,2
0.23937623,1,pca_sar,1,2
0.15714215,1,pca_sar,1,2
0.14399934,1,pca_sar,1,2
0.13413097,1,pca_sar,1,2
0.113194816,1,pca_sar,1,2
0.20567492,1,pca_sar,1,2
0.16760287,1,pca_sar,1,2
0.19978893,1,pca_sar,1,2
0.22093895,1,pca_sar,1,2
0.17939822,1,pca_sar,1,2
0.18589276,1,pca_sar,1,2
0.19041309,1,pca_sar,1,2
0.2010986,1,pca_sar,1,2
0.15385394,1,pca_sar,1,2
0.11007053,1,pca_sar,1,2
0.08592702,1,pca_sar,1,2
0.054307383,1,pca_sar,1,2
0.12762474,1,pca_sar,1,2
0.10226169,1,pca_sar,1,2
0.1470976,1,pca_sar,1,2
0.21264967,1,pca_sar,1,2
0.17504275,1,pca_sar,1,2
0.19427344,1,pca_sar,1,2
0.19721487,1,pca_sar,1,2
0.1852695,1,pca_sar,1,2
0.15754889,1,pca_sar,1,2
0.0831827,1,pca_sar,1,2
0.06678797,1,pca_sar,1,2
0.117301315,1,pca_sar,1,2
0.115596876,1,pca_sar,1,2
0.1516701,1,pca_sar,1,2
0.22747296,1,pca_sar,1,2
0.19821809,1,pca_sar,1,2
0.21031298,1,pca_sar,1,2
0.1582931,1,pca_sar,1,2
0.12529002,1,pca_sar,1,2
0.12089881,1,pca_sar,1,2
0.15961589,1,pca_sar,1,2
0.20915434,1,pca_sar,1,2
0.07593755,1,pca_sar,1,2
0.093775645,1,pca_sar,1,2
0.089005835,1,pca_sar,1,2
0.12950677,1,pca_sar,1,2
0.19610548,1,pca_sar,1,2
0.16645232,1,pca_sar,1,2
0.1822164,1,pca_sar,1,2
0.15176457,1,pca_sar,1,2
0.13424158,1,pca_sar,1,2
0.1336374,1,pca_sar,1,2
0.15753844,1,pca_sar,1,2
0.15802236,1,pca_sar,1,2
0.11629948,1,pca_sar,1,2
0.13401547,1,pca_sar,1,2
0.14493503,1,pca_sar,1,2
0.18422368,1,pca_sar,1,2
0.1665476,1,pca_sar,1,2
0.18458521,1,pca_sar,1,2
0.16311415,1,pca_sar,1,2
0.15016416,1,pca_sar,1,2
0.1680544,1,pca_sar,1,2
0.19439009,1,pca_sar,1,2
0.15002823,1,pca_sar,1,2
0.06650569,1,pca_sar,1,2
0.12778495,1,pca_sar,1,2
0.18308556,1,pca_sar,1,2
0.1466063,1,pca_sar,1,2
0.18118538,1,pca_sar,1,2
0.18538088,1,pca_sar,1,2
0.20332968,1,pca_sar,1,2
0.18203898,1,pca_sar,1,2
0.17254159,1,pca_sar,1,2
0.19742867,1,pca_sar,1,2
0.1725604,1,pca_sar,1,2
0.17925566,1,pca_sar,1,2
0.18303116,1,pca_sar,1,2
0.14828879,1,pca_sar,1,2
0.21115139,1,pca_sar,1,2
0.23445809,1,pca_sar,1,2
0.19736844,1,pca_sar,1,2
0.26953053,1,pca_sar,1,2
0.26470223,1,pca_sar,1,2
0.23882751,1,pca_sar,1,2
0.2927783,1,pca_sar,1,2
0.33696935,1,pca_sar,1,2
0.29749608,1,pca_sar,1,2
0.2544127,1,pca_sar,1,2
0.34170038,1,pca_sar,1,2
0.31200153,1,pca_sar,1,2
0.33722812,1,pca_sar,1,2
0.2938123,1,pca_sar,1,2
0.3435599,1,pca_sar,1,2
0.2617762,1,pca_sar,1,2
0.21219379,1,pca_sar,1,2
0.26061827,1,pca_sar,1,2
0.27485237,1,pca_sar,1,2
0.27096736,1,pca_sar,1,2
0.21414903,1,pca_sar,1,2
0.21806623,1,pca_sar,1,2
0.26571262,1,pca_sar,1,2
0.32178807,1,pca_sar,1,2
0.27016217,1,pca_sar,1,2
0.22180082,1,pca_sar,1,2
0.25255188,1,pca_sar,1,2
0.26284227,1,pca_sar,1,2
0.2947611,1,pca_sar,1,2
0.25275895,1,pca_sar,1,2
0.27097648,1,pca_sar,1,2
0.28801805,1,pca_sar,1,2
0.29138562,1,pca_sar,1,2
0.30564225,1,pca_sar,1,2
0.25470027,1,pca_sar,1,2
0.20879757,1,pca_sar,1,2
0.22339532,1,pca_sar,1,2
0.20092028,1,pca_sar,1,2
0.2376916,1,pca_sar,1,2
0.20319407,1,pca_sar,1,2
0.24389637,1,pca_sar,1,2
0.3144914,1,pca_sar,1,2
0.3082474,1,pca_sar,1,2
0.24976487,1,pca_sar,1,2
0.25166488,1,pca_sar,1,2
0.2569024,1,pca_sar,1,2
0.2534399,1,pca_sar,1,2
0.23352435,1,pca_sar,1,2
0.23097245,1,pca_sar,1,2
0.238033,1,pca_sar,1,2
0.2876671,1,pca_sar,1,2
0.27272117,1,pca_sar,1,2
0.19658744,1,pca_sar,1,2
0.18223399,1,pca_sar,1,2
0.18271673,1,pca_sar,1,2
0.27547342,1,pca_sar,1,2
0.21151328,1,pca_sar,1,2
0.22113454,1,pca_sar,1,2
0.21515095,1,pca_sar,1,2
0.22746406,1,pca_sar,1,2
0.28027028,1,pca_sar,1,2
0.2119478,1,pca_sar,1,2
0.15720443,1,pca_sar,1,2
0.20004739,1,pca_sar,1,2
0.21839671,1,pca_sar,1,2
0.22708307,1,pca_sar,1,2
0.18381041,1,pca_sar,1,2
0.29604274,1,pca_sar,1,2
0.20420277,1,pca_sar,1,2
0.11095761,1,pca_sar,1,2
0.109524794,1,pca_sar,1,2
0.139405,1,pca_sar,1,2
0.17513743,1,pca_sar,1,2
0.17756462,1,pca_sar,1,2
0.300946,1,pca_sar,1,2
0.20556915,1,pca_sar,1,2
0.1387848,1,pca_sar,1,2
0.14086276,1,pca_sar,1,2
0.14395098,1,pca_sar,1,2
0.17511046,1,pca_sar,1,2
0.19616227,1,pca_sar,1,2
0.32094187,1,pca_sar,1,2
0.24332452,1,pca_sar,1,2
0.20295681,1,pca_sar,1,2
0.18121073,1,pca_sar,1,2
0.15608597,1,pca_sar,1,2
0.17706954,1,pca_sar,1,2
0.19507018,1,pca_sar,1,2
0.31416774,1,pca_sar,1,2
0.101580076,4,pca_sar,1,2
0.059871666,4,pca_sar,1,2
0.07754203,4,pca_sar,1,2
0.08018548,4,pca_sar,1,2
0.08135869,4,pca_sar,1,2
0.15834002,4,pca_sar,1,2
0.03292081,4,pca_sar,1,2
0.03960772,4,pca_sar,1,2
0.12291939,4,pca_sar,1,2
0.11276476,4,pca_sar,1,2
0.08696362,4,pca_sar,1,2
0.12833075,4,pca_sar,1,2
0.119173594,4,pca_sar,1,2
0.078789026,4,pca_sar,1,2
0.1183352,4,pca_sar,1,2
0.17531452,4,pca_sar,1,2
0.1078775,4,pca_sar,1,2
0.15145145,4,pca_sar,1,2
0.15378799,4,pca_sar,1,2
0.11571735,4,pca_sar,1,2
0.09484576,4,pca_sar,1,2
0.19647646,4,pca_sar,1,2
0.18751103,4,pca_sar,1,2
0.1773138,4,pca_sar,1,2
0.116049156,4,pca_sar,1,2
0.06832961,4,pca_sar,1,2
0.041539777,4,pca_sar,1,2
0.017748842,4,pca_sar,1,2
-0.044675425,4,pca_sar,1,2
0.13679248,4,pca_sar,1,2
0.20236123,4,pca_sar,1,2
0.1966615,4,pca_sar,1,2
0.1408189,4,pca_sar,1,2
0.09599071,4,pca_sar,1,2
0.08703326,4,pca_sar,1,2
0.065392956,4,pca_sar,1,2
0.02764324,4,pca_sar,1,2
0.0085458215,4,pca_sar,1,2
0.13327391,4,pca_sar,1,2
0.18398589,4,pca_sar,1,2
0.14714926,4,pca_sar,1,2
0.1368576,4,pca_sar,1,2
0.11196564,4,pca_sar,1,2
0.097680286,4,pca_sar,1,2
0.049748357,4,pca_sar,1,2
-0.022919917,4,pca_sar,1,2
-0.0012310259,4,pca_sar,1,2
0.16079697,4,pca_sar,1,2
0.15450428,4,pca_sar,1,2
0.15908054,4,pca_sar,1,2
0.13631459,4,pca_sar,1,2
0.08012112,4,pca_sar,1,2
0.043593764,4,pca_sar,1,2
0.043255717,4,pca_sar,1,2
-0.002886247,4,pca_sar,1,2
0.036804974,4,pca_sar,1,2
0.17050788,4,pca_sar,1,2
0.18892074,4,pca_sar,1,2
0.21968324,4,pca_sar,1,2
0.16427562,4,pca_sar,1,2
0.053970523,4,pca_sar,1,2
0.026435465,4,pca_sar,1,2
0.03346964,4,pca_sar,1,2
0.015608057,4,pca_sar,1,2
0.058728658,4,pca_sar,1,2
0.20461635,4,pca_sar,1,2
0.22070768,4,pca_sar,1,2
0.17524084,4,pca_sar,1,2
0.1557714,4,pca_sar,1,2
0.07842453,4,pca_sar,1,2
0.05816596,4,pca_sar,1,2
0.08274945,4,pca_sar,1,2
0.21990299,4,pca_sar,1,2
0.1711837,4,pca_sar,1,2
0.12709276,4,pca_sar,1,2
0.10078146,4,pca_sar,1,2
0.051441133,4,pca_sar,1,2
0.07929996,4,pca_sar,1,2
0.07932259,4,pca_sar,1,2
0.11496131,4,pca_sar,1,2
0.05347321,4,pca_sar,1,2
0.055062175,4,pca_sar,1,2
0.02416081,4,pca_sar,1,2
0.05429143,4,pca_sar,1,2
0.1283306,4,pca_sar,1,2
0.13755246,4,pca_sar,1,2
0.06371772,4,pca_sar,1,2
0.10834775,4,pca_sar,1,2
0.09063936,4,pca_sar,1,2
0.064849146,4,pca_sar,1,2
0.1412584,4,pca_sar,1,2
0.12130391,4,pca_sar,1,2
0.054202538,4,pca_sar,1,2
0.14148657,4,pca_sar,1,2
0.11841223,4,pca_sar,1,2
0.06596835,4,pca_sar,1,2
0.042608924,4,pca_sar,1,2
0.094288066,4,pca_sar,1,2
0.11704004,4,pca_sar,1,2
0.13143693,4,pca_sar,1,2
0.12035166,4,pca_sar,1,2
0.07428054,4,pca_sar,1,2
0.1326354,4,pca_sar,1,2
0.076799005,4,pca_sar,1,2
-0.063042656,4,pca_sar,1,2
0.03984814,4,pca_sar,1,2
0.097136,4,pca_sar,1,2
0.09514869,4,pca_sar,1,2
0.11738099,4,pca_sar,1,2
0.10305919,4,pca_sar,1,2
0.08426071,4,pca_sar,1,2
0.12209891,4,pca_sar,1,2
0.11391979,4,pca_sar,1,2
-0.020946756,4,pca_sar,1,2
0.14691907,4,pca_sar,1,2
0.17889681,4,pca_sar,1,2
0.098365225,4,pca_sar,1,2
0.13960928,4,pca_sar,1,2
0.14201641,4,pca_sar,1,2
0.09202984,4,pca_sar,1,2
0.04546667,4,pca_sar,1,2
-0.012986619,4,pca_sar,1,2
-0.025031507,4,pca_sar,1,2
0.18572721,4,pca_sar,1,2
0.18084654,4,pca_sar,1,2
0.11640005,4,pca_sar,1,2
0.16606925,4,pca_sar,1,2
0.15793341,4,pca_sar,1,2
0.077177756,4,pca_sar,1,2
0.049094453,4,pca_sar,1,2
-0.019714432,4,pca_sar,1,2
0.0050353007,4,pca_sar,1,2
0.12272346,4,pca_sar,1,2
0.10939502,4,pca_sar,1,2
0.12662236,4,pca_sar,1,2
0.14633887,4,pca_sar,1,2
0.115692124,4,pca_sar,1,2
0.09379741,4,pca_sar,1,2
0.08725765,4,pca_sar,1,2
0.010403452,4,pca_sar,1,2
0.014519824,4,pca_sar,1,2
0.1162619,4,pca_sar,1,2
0.111725114,4,pca_sar,1,2
0.15467386,4,pca_sar,1,2
0.13976943,4,pca_sar,1,2
0.095841035,4,pca_sar,1,2
0.084850095,4,pca_sar,1,2
0.08107534,4,pca_sar,1,2
0.089511275,4,pca_sar,1,2
0.0830795,4,pca_sar,1,2
0.08079679,4,pca_sar,1,2
0.058682583,4,pca_sar,1,2
0.27718544,1,pca_sar,1,2
0.23220977,1,pca_sar,1,2
0.25371802,1,pca_sar,1,2
0.30683306,1,pca_sar,1,2
0.229066,1,pca_sar,1,2
0.24689445,1,pca_sar,1,2
0.25557354,1,pca_sar,1,2
0.2613309,1,pca_sar,1,2
0.28760898,1,pca_sar,1,2
0.22305039,1,pca_sar,1,2
0.26086205,1,pca_sar,1,2
0.23245299,1,pca_sar,1,2
0.2515146,1,pca_sar,1,2
0.24799785,1,pca_sar,1,2
0.23467512,1,pca_sar,1,2
0.26907185,1,pca_sar,1,2
0.23357078,1,pca_sar,1,2
0.34968713,1,pca_sar,1,2
0.22536016,1,pca_sar,1,2
0.20617503,1,pca_sar,1,2
0.26957685,1,pca_sar,1,2
0.21367809,1,pca_sar,1,2
0.21341963,1,pca_sar,1,2
0.252906,1,pca_sar,1,2
0.23159501,1,pca_sar,1,2
0.3288858,1,pca_sar,1,2
0.14639631,1,pca_sar,1,2
0.1359982,1,pca_sar,1,2
0.1912373,1,pca_sar,1,2
0.11571183,1,pca_sar,1,2
0.2074636,1,pca_sar,1,2
0.16831385,1,pca_sar,1,2
0.18286024,1,pca_sar,1,2
0.20060557,1,pca_sar,1,2
0.21624392,1,pca_sar,1,2
0.36476633,1,pca_sar,1,2
0.17839675,1,pca_sar,1,2
0.14079653,1,pca_sar,1,2
0.2734292,1,pca_sar,1,2
0.21279237,1,pca_sar,1,2
0.17643464,1,pca_sar,1,2
0.18179312,1,pca_sar,1,2
0.20419875,1,pca_sar,1,2
0.2459719,1,pca_sar,1,2
0.29971504,1,pca_sar,1,2
0.4032234,1,pca_sar,1,2
0.17041992,1,pca_sar,1,2
0.14997508,1,pca_sar,1,2
0.08014958,1,pca_sar,1,2
0.08745031,1,pca_sar,1,2
0.08304947,1,pca_sar,1,2
0.13183612,1,pca_sar,1,2
0.23115495,1,pca_sar,1,2
0.38471782,1,pca_sar,1,2
0.08608273,1,pca_sar,1,2
0.11397059,1,pca_sar,1,2
0.10975012,1,pca_sar,1,2
0.09377906,1,pca_sar,1,2
0.10898499,1,pca_sar,1,2
0.1921807,1,pca_sar,1,2
0.31181768,1,pca_sar,1,2
0.11835414,1,pca_sar,1,2
0.10528737,1,pca_sar,1,2
0.093293004,1,pca_sar,1,2
0.08315814,1,pca_sar,1,2
0.13735417,1,pca_sar,1,2
0.26891023,1,pca_sar,1,2
0.12277953,1,pca_sar,1,2
0.12339763,1,pca_sar,1,2
0.13828027,1,pca_sar,1,2
0.194249,1,pca_sar,1,2
0.36101705,1,pca_sar,1,2
0.13944629,1,pca_sar,1,2
0.108188495,1,pca_sar,1,2
0.09398529,1,pca_sar,1,2
0.29005885,1,pca_sar,1,2
0.09492086,1,pca_sar,1,2
0.107785314,1,pca_sar,1,2
0.29958457,1,pca_sar,1,2
0.22038051,1,pca_sar,1,2
0.34468538,1,pca_sar,1,2
0.17890243,1,pca_sar,1,2
0.23181741,1,pca_sar,1,2
0.23628314,1,pca_sar,1,2
0.21915902,1,pca_sar,1,2
0.25587055,1,pca_sar,1,2
0.24707815,1,pca_sar,1,2
0.25678167,1,pca_sar,1,2
0.25253433,1,pca_sar,1,2
0.24257903,1,pca_sar,1,2
0.2337038,1,pca_sar,1,2
0.262949,1,pca_sar,1,2
0.21988267,1,pca_sar,1,2
0.27044487,1,pca_sar,1,2
0.2675501,1,pca_sar,1,2
0.24363525,1,pca_sar,1,2
0.23711908,1,pca_sar,1,2
0.26060867,1,pca_sar,1,2
0.25249746,1,pca_sar,1,2
0.2653396,1,pca_sar,1,2
0.2842302,1,pca_sar,1,2
0.26342416,1,pca_sar,1,2
0.25467458,1,pca_sar,1,2
0.25501418,1,pca_sar,1,2
0.28671318,1,pca_sar,1,2
0.26202843,1,pca_sar,1,2
0.2572079,1,pca_sar,1,2
0.24254347,1,pca_sar,1,2
0.22697677,1,pca_sar,1,2
0.29459262,1,pca_sar,1,2
0.31978494,1,pca_sar,1,2
0.29220265,1,pca_sar,1,2
0.30118054,1,pca_sar,1,2
0.26593643,1,pca_sar,1,2
0.20213304,1,pca_sar,1,2
0.19525409,1,pca_sar,1,2
0.2999795,1,pca_sar,1,2
0.38034382,1,pca_sar,1,2
0.24874261,1,pca_sar,1,2
0.20078738,1,pca_sar,1,2
0.16901024,1,pca_sar,1,2
0.21088153,1,pca_sar,1,2
0.24848482,1,pca_sar,1,2
0.24148871,1,pca_sar,1,2
0.223831,1,pca_sar,1,2
0.25704265,1,pca_sar,1,2
0.31659687,1,pca_sar,1,2
0.27722964,1,pca_sar,1,2
0.26673484,1,pca_sar,1,2
0.3799766,1,pca_sar,1,2
0.34383428,1,pca_sar,1,2
0.24137144,1,pca_sar,1,2
0.23617646,1,pca_sar,1,2
0.28578538,1,pca_sar,1,2
0.28253266,1,pca_sar,1,2
0.22094828,1,pca_sar,1,2
0.22207922,1,pca_sar,1,2
0.20423405,1,pca_sar,1,2
0.2481718,1,pca_sar,1,2
0.25674048,1,pca_sar,1,2
0.2860461,1,pca_sar,1,2
0.2607473,1,pca_sar,1,2
0.24226643,1,pca_sar,1,2
0.1718252,1,pca_sar,1,2
0.13778214,1,pca_sar,1,2
0.1541189,1,pca_sar,1,2
0.17179766,1,pca_sar,1,2
0.21805277,1,pca_sar,1,2
0.25237483,1,pca_sar,1,2
0.31380957,1,pca_sar,1,2
0.2863497,1,pca_sar,1,2
0.25267226,1,pca_sar,1,2
0.23372549,1,pca_sar,1,2
0.23730454,1,pca_sar,1,2
0.21700366,1,pca_sar,1,2
0.22542323,1,pca_sar,1,2
0.2992475,1,pca_sar,1,2
0.32536203,1,pca_sar,1,2
0.2922362,1,pca_sar,1,2
0.20919614,1,pca_sar,1,2
0.15008101,1,pca_sar,1,2
0.14557597,1,pca_sar,1,2
0.15065661,1,pca_sar,1,2
0.16962403,1,pca_sar,1,2
0.18384072,1,pca_sar,1,2
0.23925842,1,pca_sar,1,2
0.26275057,1,pca_sar,1,2
0.27833426,1,pca_sar,1,2
0.28080183,1,pca_sar,1,2
0.26790637,1,pca_sar,1,2
0.27248305,1,pca_sar,1,2
0.24357644,1,pca_sar,1,2
0.26292872,1,pca_sar,1,2
0.2600221,1,pca_sar,1,2
0.26713127,1,pca_sar,1,2
0.27957094,1,pca_sar,1,2
0.25540024,1,pca_sar,1,2
0.23433393,1,pca_sar,1,2
0.09775721,1,pca_sar,1,2
0.13789952,1,pca_sar,1,2
0.103987545,1,pca_sar,1,2
0.093890294,1,pca_sar,1,2
0.10997486,1,pca_sar,1,2
0.17250349,1,pca_sar,1,2
0.23171309,1,pca_sar,1,2
0.24069911,1,pca_sar,1,2
0.25638592,1,pca_sar,1,2
0.24377643,1,pca_sar,1,2
0.21789603,1,pca_sar,1,2
0.22571188,1,pca_sar,1,2
0.25033057,1,pca_sar,1,2
0.049021058,1,pca_sar,1,2
0.032090835,1,pca_sar,1,2
0.046682626,1,pca_sar,1,2
0.11937769,1,pca_sar,1,2
0.15166973,1,pca_sar,1,2
0.17874885,1,pca_sar,1,2
0.23214754,1,pca_sar,1,2
0.24830703,1,pca_sar,1,2
0.24867883,1,pca_sar,1,2
0.23496842,1,pca_sar,1,2
0.2343846,1,pca_sar,1,2
0.22587797,1,pca_sar,1,2
0.092793666,1,pca_sar,1,2
0.073226504,1,pca_sar,1,2
0.103450395,1,pca_sar,1,2
0.1358928,1,pca_sar,1,2
0.15825105,1,pca_sar,1,2
0.21431178,1,pca_sar,1,2
0.18713182,1,pca_sar,1,2
0.19611004,1,pca_sar,1,2
0.19106862,1,pca_sar,1,2
0.14538833,1,pca_sar,1,2
0.18203822,1,pca_sar,1,2
0.19972806,1,pca_sar,1,2
0.27235192,1,pca_sar,1,2
0.1478261,1,pca_sar,1,2
0.20815267,1,pca_sar,1,2
0.21593812,1,pca_sar,1,2
0.19989681,1,pca_sar,1,2
0.22119607,1,pca_sar,1,2
0.18267973,1,pca_sar,1,2
0.22506922,1,pca_sar,1,2
0.19458093,1,pca_sar,1,2
0.1437509,1,pca_sar,1,2
0.2028535,1,pca_sar,1,2
0.23594846,1,pca_sar,1,2
0.2688744,1,pca_sar,1,2
0.13531713,1,pca_sar,1,2
0.15859196,1,pca_sar,1,2
0.11978066,1,pca_sar,1,2
0.16875716,1,pca_sar,1,2
0.1698185,1,pca_sar,1,2
0.19682826,1,pca_sar,1,2
0.16707179,1,pca_sar,1,2
0.10050683,1,pca_sar,1,2
0.13506332,1,pca_sar,1,2
0.19053057,1,pca_sar,1,2
0.23316363,1,pca_sar,1,2
0.11833687,1,pca_sar,1,2
0.12283032,1,pca_sar,1,2
0.16247407,1,pca_sar,1,2
0.15582544,1,pca_sar,1,2
0.156869,1,pca_sar,1,2
0.14277928,1,pca_sar,1,2
0.14407004,1,pca_sar,1,2
0.19991876,1,pca_sar,1,2
0.24332467,1,pca_sar,1,2
0.23325863,1,pca_sar,1,2
0.1580247,1,pca_sar,1,2
0.17857368,1,pca_sar,1,2
0.17994857,1,pca_sar,1,2
0.23638445,1,pca_sar,1,2
0.25577676,1,pca_sar,1,2
0.25948825,1,pca_sar,1,2
0.22373994,1,pca_sar,1,2
0.31025514,1,pca_sar,1,2
0.30272004,1,pca_sar,1,2
0.22757351,1,pca_sar,1,2
0.22550425,1,pca_sar,1,2
0.26371235,1,pca_sar,1,2
0.26467615,1,pca_sar,1,2
0.26890686,1,pca_sar,1,2
0.25056997,1,pca_sar,1,2
0.25537854,1,pca_sar,1,2
0.2631987,1,pca_sar,1,2
0.25082672,1,pca_sar,1,2
0.37223563,1,pca_sar,1,2
0.2847316,1,pca_sar,1,2
0.19056349,1,pca_sar,1,2
0.27264857,1,pca_sar,1,2
0.27282712,1,pca_sar,1,2
0.27968526,1,pca_sar,1,2
0.20505784,1,pca_sar,1,2
0.22788739,1,pca_sar,1,2
0.29872003,1,pca_sar,1,2
0.34209377,1,pca_sar,1,2
0.29351237,1,pca_sar,1,2
0.24281631,1,pca_sar,1,2
0.31323022,1,pca_sar,1,2
0.31574252,1,pca_sar,1,2
0.3299242,1,pca_sar,1,2
0.29371515,1,pca_sar,1,2
0.28707194,1,pca_sar,1,2
0.304684,1,pca_sar,1,2
0.29390264,1,pca_sar,1,2
0.33481574,1,pca_sar,1,2
0.2763005,1,pca_sar,1,2
0.24110554,1,pca_sar,1,2
0.27076593,1,pca_sar,1,2
0.23130158,1,pca_sar,1,2
0.27392966,1,pca_sar,1,2
0.29255664,1,pca_sar,1,2
0.2733122,1,pca_sar,1,2
0.32996038,1,pca_sar,1,2
0.28369665,1,pca_sar,1,2
0.26368907,1,pca_sar,1,2
0.29434446,1,pca_sar,1,2
0.2578402,1,pca_sar,1,2
0.28963345,1,pca_sar,1,2
0.26445183,1,pca_sar,1,2
0.27203944,1,pca_sar,1,2
0.28156668,1,pca_sar,1,2
0.31771573,1,pca_sar,1,2
0.25070918,1,pca_sar,1,2
0.20415722,1,pca_sar,1,2
0.23642787,1,pca_sar,1,2
0.21675599,1,pca_sar,1,2
0.3348525,1,pca_sar,1,2
0.24935746,1,pca_sar,1,2
0.20366171,1,pca_sar,1,2
0.28968596,1,pca_sar,1,2
0.27346438,1,pca_sar,1,2
0.3032968,1,pca_sar,1,2
0.22283626,1,pca_sar,1,2
0.17350401,1,pca_sar,1,2
0.23045453,1,pca_sar,1,2
0.22329244,1,pca_sar,1,2
0.27396038,1,pca_sar,1,2
0.26221824,1,pca_sar,1,2
0.28108823,1,pca_sar,1,2
0.20783441,1,pca_sar,1,2
0.15193582,1,pca_sar,1,2
0.15193205,1,pca_sar,1,2
0.18049827,1,pca_sar,1,2
0.27057335,1,pca_sar,1,2
0.27248532,1,pca_sar,1,2
0.29906026,1,pca_sar,1,2
0.21658899,1,pca_sar,1,2
0.16337785,1,pca_sar,1,2
0.1508369,1,pca_sar,1,2
0.12843724,1,pca_sar,1,2
0.18994501,1,pca_sar,1,2
0.24158782,1,pca_sar,1,2
0.323043,1,pca_sar,1,2
0.20411907,1,pca_sar,1,2
0.16100158,1,pca_sar,1,2
0.17079747,1,pca_sar,1,2
0.14052165,1,pca_sar,1,2
0.19742228,1,pca_sar,1,2
0.23395044,1,pca_sar,1,2
0.34183592,1,pca_sar,1,2
0.039445188,4,pca_sar,1,2
0.030945187,4,pca_sar,1,2
0.07176018,4,pca_sar,1,2
0.08847846,4,pca_sar,1,2
0.061737746,4,pca_sar,1,2
0.082741134,4,pca_sar,1,2
0.0032387655,4,pca_sar,1,2
0.04565934,4,pca_sar,1,2
0.12994273,4,pca_sar,1,2
0.112013385,4,pca_sar,1,2
0.102089435,4,pca_sar,1,2
0.14709458,4,pca_sar,1,2
0.09591502,4,pca_sar,1,2
0.11281608,4,pca_sar,1,2
0.1473811,4,pca_sar,1,2
0.12346726,4,pca_sar,1,2
0.09091449,4,pca_sar,1,2
0.12645295,4,pca_sar,1,2
0.077447586,4,pca_sar,1,2
0.084977314,4,pca_sar,1,2
0.076103516,4,pca_sar,1,2
0.124478444,4,pca_sar,1,2
0.17556351,4,pca_sar,1,2
0.1810356,4,pca_sar,1,2
0.06558965,4,pca_sar,1,2
0.06617662,4,pca_sar,1,2
0.026225332,4,pca_sar,1,2
0.09804,4,pca_sar,1,2
0.050278418,4,pca_sar,1,2
0.100238316,4,pca_sar,1,2
0.17501175,4,pca_sar,1,2
0.22585952,4,pca_sar,1,2
0.2291807,4,pca_sar,1,2
0.13115051,4,pca_sar,1,2
0.06595351,4,pca_sar,1,2
0.016930312,4,pca_sar,1,2
0.11541291,4,pca_sar,1,2
0.102852255,4,pca_sar,1,2
0.17701986,4,pca_sar,1,2
0.2215212,4,pca_sar,1,2
0.21970876,4,pca_sar,1,2
0.21184339,4,pca_sar,1,2
0.16325709,4,pca_sar,1,2
0.09510693,4,pca_sar,1,2
0.024869204,4,pca_sar,1,2
0.085709736,4,pca_sar,1,2
0.1626474,4,pca_sar,1,2
0.18427117,4,pca_sar,1,2
0.21756427,4,pca_sar,1,2
0.21354222,4,pca_sar,1,2
0.19190675,4,pca_sar,1,2
0.15611428,4,pca_sar,1,2
0.10205707,4,pca_sar,1,2
0.0922157,4,pca_sar,1,2
0.08929312,4,pca_sar,1,2
0.2050108,4,pca_sar,1,2
0.16579646,4,pca_sar,1,2
0.20520425,4,pca_sar,1,2
0.20696786,4,pca_sar,1,2
0.20850503,4,pca_sar,1,2
0.186593,4,pca_sar,1,2
0.12311697,4,pca_sar,1,2
0.10455074,4,pca_sar,1,2
0.09471145,4,pca_sar,1,2
0.15645397,4,pca_sar,1,2
0.17172411,4,pca_sar,1,2
0.173739,4,pca_sar,1,2
0.17103939,4,pca_sar,1,2
0.19432071,4,pca_sar,1,2
0.15430078,4,pca_sar,1,2
0.1175769,4,pca_sar,1,2
0.12645045,4,pca_sar,1,2
0.1832541,4,pca_sar,1,2
0.22920562,4,pca_sar,1,2
0.16241252,4,pca_sar,1,2
0.13282263,4,pca_sar,1,2
0.071165256,4,pca_sar,1,2
0.03508633,4,pca_sar,1,2
0.08836112,4,pca_sar,1,2
0.0896872,4,pca_sar,1,2
0.06296592,4,pca_sar,1,2
0.07852124,4,pca_sar,1,2
0.022446364,4,pca_sar,1,2
0.02739387,4,pca_sar,1,2
0.1411137,4,pca_sar,1,2
0.14799803,4,pca_sar,1,2
0.05217387,4,pca_sar,1,2
0.05795181,4,pca_sar,1,2
0.09837419,4,pca_sar,1,2
0.12226733,4,pca_sar,1,2
0.08713539,4,pca_sar,1,2
0.07788526,4,pca_sar,1,2
0.05998211,4,pca_sar,1,2
0.0778732,4,pca_sar,1,2
0.07966235,4,pca_sar,1,2
0.1082239,4,pca_sar,1,2
0.08628863,4,pca_sar,1,2
0.10344196,4,pca_sar,1,2
0.105936855,4,pca_sar,1,2
0.07902909,4,pca_sar,1,2
0.0930859,4,pca_sar,1,2
0.10055265,4,pca_sar,1,2
0.078201964,4,pca_sar,1,2
0.050769106,4,pca_sar,1,2
-0.005634394,4,pca_sar,1,2
0.122082636,4,pca_sar,1,2
0.12238524,4,pca_sar,1,2
0.079408735,4,pca_sar,1,2
0.06971905,4,pca_sar,1,2
0.06305304,4,pca_sar,1,2
0.071901,4,pca_sar,1,2
0.08525204,4,pca_sar,1,2
0.030940019,4,pca_sar,1,2
-0.0019290932,4,pca_sar,1,2
0.18311654,4,pca_sar,1,2
0.12076612,4,pca_sar,1,2
0.08052239,4,pca_sar,1,2
0.064420685,4,pca_sar,1,2
0.042876713,4,pca_sar,1,2
0.02744331,4,pca_sar,1,2
0.100891,4,pca_sar,1,2
0.054888465,4,pca_sar,1,2
-0.0034260429,4,pca_sar,1,2
0.19790478,4,pca_sar,1,2
0.09844598,4,pca_sar,1,2
0.084999345,4,pca_sar,1,2
0.052127928,4,pca_sar,1,2
0.050019644,4,pca_sar,1,2
-0.0018285289,4,pca_sar,1,2
0.073046386,4,pca_sar,1,2
0.058447674,4,pca_sar,1,2
0.005540177,4,pca_sar,1,2
0.14753038,4,pca_sar,1,2
0.099669926,4,pca_sar,1,2
0.12395979,4,pca_sar,1,2
0.15569267,4,pca_sar,1,2
0.18989861,4,pca_sar,1,2
0.12737536,4,pca_sar,1,2
0.08544296,4,pca_sar,1,2
0.05412536,4,pca_sar,1,2
0.052763335,4,pca_sar,1,2
0.15613136,4,pca_sar,1,2
0.10892137,4,pca_sar,1,2
0.10420336,4,pca_sar,1,2
0.106631525,4,pca_sar,1,2
0.15468854,4,pca_sar,1,2
0.07553144,4,pca_sar,1,2
0.14439687,4,pca_sar,1,2
0.1210247,4,pca_sar,1,2
0.09872034,4,pca_sar,1,2
0.11973446,4,pca_sar,1,2
0.08442539,4,pca_sar,1,2
0.2351543,1,pca_sar,1,2
0.18083456,1,pca_sar,1,2
0.09965454,1,pca_sar,1,2
0.071769014,1,pca_sar,1,2
0.021420863,1,pca_sar,1,2
0.25977337,1,pca_sar,1,2
0.23362136,1,pca_sar,1,2
0.22037078,1,pca_sar,1,2
0.18453175,1,pca_sar,1,2
0.13344677,1,pca_sar,1,2
0.015104255,1,pca_sar,1,2
0.41012633,1,pca_sar,1,2
0.40608007,1,pca_sar,1,2
0.3878839,1,pca_sar,1,2
0.3137767,1,pca_sar,1,2
0.2431718,1,pca_sar,1,2
0.16568427,1,pca_sar,1,2
0.1606368,1,pca_sar,1,2
0.12396738,1,pca_sar,1,2
0.12039533,1,pca_sar,1,2
0.05689139,1,pca_sar,1,2
0.02901094,1,pca_sar,1,2
0.15219055,1,pca_sar,1,2
0.19394532,1,pca_sar,1,2
0.19021523,1,pca_sar,1,2
0.14913967,1,pca_sar,1,2
0.106498174,1,pca_sar,1,2
-0.012499542,1,pca_sar,1,2
0.29457062,1,pca_sar,1,2
0.31835592,1,pca_sar,1,2
0.29368913,1,pca_sar,1,2
0.25371283,1,pca_sar,1,2
0.24251828,1,pca_sar,1,2
0.10835886,1,pca_sar,1,2
0.09159997,3,pca_sar,1,2
0.044858657,3,pca_sar,1,2
0.17061739,3,pca_sar,1,2
0.18119544,3,pca_sar,1,2
0.1652579,3,pca_sar,1,2
-0.003884539,3,pca_sar,1,2
-0.08279807,3,pca_sar,1,2
0.13543558,3,pca_sar,1,2
0.10188015,3,pca_sar,1,2
0.018072437,3,pca_sar,1,2
0.070892096,3,pca_sar,1,2
0.14835742,3,pca_sar,1,2
0.09807621,3,pca_sar,1,2
0.018723134,3,pca_sar,1,2
0.3213504,3,pca_sar,1,2
0.3438058,3,pca_sar,1,2
0.10609537,3,pca_sar,1,2
-0.060000308,3,pca_sar,1,2
-0.03618074,3,pca_sar,1,2
0.11455353,3,pca_sar,1,2
0.19215477,3,pca_sar,1,2
0.21291552,3,pca_sar,1,2
-0.012624927,3,pca_sar,1,2
0.23415211,3,pca_sar,1,2
0.36199942,3,pca_sar,1,2
0.13606347,3,pca_sar,1,2
-0.041860618,3,pca_sar,1,2
0.06999525,3,pca_sar,1,2
0.14186795,3,pca_sar,1,2
0.1780448,3,pca_sar,1,2
0.17682275,3,pca_sar,1,2
0.15436417,3,pca_sar,1,2
-0.0009801835,3,pca_sar,1,2
-0.10232255,3,pca_sar,1,2
0.21664917,3,pca_sar,1,2
0.18914369,3,pca_sar,1,2
0.027951736,3,pca_sar,1,2
-0.09195545,3,pca_sar,1,2
0.10224847,3,pca_sar,1,2
0.20319217,3,pca_sar,1,2
0.17165843,3,pca_sar,1,2
0.068586394,3,pca_sar,1,2
-0.005202027,3,pca_sar,1,2
0.028132226,3,pca_sar,1,2
0.0007025581,3,pca_sar,1,2
0.21479821,3,pca_sar,1,2
0.13584366,3,pca_sar,1,2
0.04801859,3,pca_sar,1,2
0.035067074,3,pca_sar,1,2
0.0070042647,3,pca_sar,1,2
0.14284527,3,pca_sar,1,2
0.2640434,3,pca_sar,1,2
0.02832292,3,pca_sar,1,2
0.06349012,3,pca_sar,1,2
0.31482857,3,pca_sar,1,2
0.32048684,3,pca_sar,1,2
0.15333417,3,pca_sar,1,2
0.037709724,3,pca_sar,1,2
-0.019655135,3,pca_sar,1,2
0.019762237,3,pca_sar,1,2
0.099792294,3,pca_sar,1,2
0.27226907,3,pca_sar,1,2
0.29892537,3,pca_sar,1,2
0.15347756,3,pca_sar,1,2
0.28150606,3,pca_sar,1,2
0.37028366,3,pca_sar,1,2
0.2760678,3,pca_sar,1,2
0.09030425,3,pca_sar,1,2
0.06587863,3,pca_sar,1,2
0.06069544,3,pca_sar,1,2
0.16461864,3,pca_sar,1,2
0.35895145,3,pca_sar,1,2
0.4192276,3,pca_sar,1,2
0.18974581,3,pca_sar,1,2
0.08746707,3,pca_sar,1,2
0.20440927,3,pca_sar,1,2
-0.04084912,3,pca_sar,1,2
0.04470007,3,pca_sar,1,2
0.16289485,3,pca_sar,1,2
0.29535562,3,pca_sar,1,2
0.42975035,3,pca_sar,1,2
0.36197513,3,pca_sar,1,2
0.121639505,3,pca_sar,1,2
-0.010428181,3,pca_sar,1,2
0.023084823,3,pca_sar,1,2
0.25373048,3,pca_sar,1,2
0.33588886,3,pca_sar,1,2
0.27546096,3,pca_sar,1,2
0.2642796,3,pca_sar,1,2
0.31677222,3,pca_sar,1,2
0.33131516,3,pca_sar,1,2
0.2965237,3,pca_sar,1,2
0.33259052,3,pca_sar,1,2
0.2614368,3,pca_sar,1,2
0.12546456,3,pca_sar,1,2
0.17575586,3,pca_sar,1,2
0.19908816,3,pca_sar,1,2
0.13219503,3,pca_sar,1,2
-0.026220359,3,pca_sar,1,2
-0.03405075,3,pca_sar,1,2
0.29376015,3,pca_sar,1,2
0.14921623,3,pca_sar,1,2
0.06904407,3,pca_sar,1,2
0.09284404,3,pca_sar,1,2
0.11401082,3,pca_sar,1,2
0.031490758,3,pca_sar,1,2
0.0066751596,3,pca_sar,1,2
0.34285918,3,pca_sar,1,2
0.18676646,3,pca_sar,1,2
0.15938266,3,pca_sar,1,2
0.18166572,3,pca_sar,1,2
0.21808013,3,pca_sar,1,2
0.18993473,3,pca_sar,1,2
0.06753202,3,pca_sar,1,2
0.049655378,3,pca_sar,1,2
0.2696064,3,pca_sar,1,2
0.04482703,3,pca_sar,1,2
0.102368176,3,pca_sar,1,2
0.20981833,3,pca_sar,1,2
0.34502882,3,pca_sar,1,2
0.26998752,3,pca_sar,1,2
0.06625059,3,pca_sar,1,2
0.00847552,3,pca_sar,1,2
-0.030475693,3,pca_sar,1,2
0.21893384,3,pca_sar,1,2
0.041106082,3,pca_sar,1,2
0.08361605,3,pca_sar,1,2
0.20189524,3,pca_sar,1,2
0.28484818,3,pca_sar,1,2
0.16291082,3,pca_sar,1,2
0.024897944,3,pca_sar,1,2
0.036088526,3,pca_sar,1,2
0.030411327,3,pca_sar,1,2
0.20527978,3,pca_sar,1,2
0.043073986,3,pca_sar,1,2
0.084463686,3,pca_sar,1,2
0.18506913,3,pca_sar,1,2
0.36476654,3,pca_sar,1,2
0.19595622,3,pca_sar,1,2
0.084497735,3,pca_sar,1,2
0.30121797,3,pca_sar,1,2
0.32478362,3,pca_sar,1,2
0.2248461,3,pca_sar,1,2
0.05099973,3,pca_sar,1,2
0.13352686,3,pca_sar,1,2
0.25876847,3,pca_sar,1,2
0.34378862,3,pca_sar,1,2
0.23869886,3,pca_sar,1,2
0.22737446,3,pca_sar,1,2
0.35096002,3,pca_sar,1,2
0.28134617,3,pca_sar,1,2
0.2437101,3,pca_sar,1,2
0.12689099,3,pca_sar,1,2
0.37266332,3,pca_sar,1,2
0.40170962,3,pca_sar,1,2
0.23325756,3,pca_sar,1,2
0.087194495,3,pca_sar,1,2
0.102328606,3,pca_sar,1,2
0.3266477,3,pca_sar,1,2
0.29781806,3,pca_sar,1,2
0.43571734,3,pca_sar,1,2
0.37106723,3,pca_sar,1,2
0.13575462,3,pca_sar,1,2
0.0013428526,3,pca_sar,1,2
0.009483406,3,pca_sar,1,2
0.5032647,3,pca_sar,1,2
0.37417158,3,pca_sar,1,2
0.3252947,3,pca_sar,1,2
0.32090795,3,pca_sar,1,2
0.5835974,3,pca_sar,1,2
0.5008378,3,pca_sar,1,2
0.40381572,3,pca_sar,1,2
0.38417935,3,pca_sar,1,2
0.5758636,1,pca_sar,1,2
0.544999,1,pca_sar,1,2
0.3894495,1,pca_sar,1,2
0.51950395,1,pca_sar,1,2
0.3598921,1,pca_sar,1,2
0.5265182,1,pca_sar,1,2
0.36958897,1,pca_sar,1,2
0.35851324,1,pca_sar,1,2
0.52308726,1,pca_sar,1,2
0.35200858,1,pca_sar,1,2
0.37843025,1,pca_sar,1,2
0.37583184,1,pca_sar,1,2
0.53020406,1,pca_sar,1,2
0.3662586,1,pca_sar,1,2
0.39869702,1,pca_sar,1,2
0.41626465,1,pca_sar,1,2
0.5561072,1,pca_sar,1,2
0.33886856,1,pca_sar,1,2
0.3394761,1,pca_sar,1,2
0.40092975,1,pca_sar,1,2
0.56716967,1,pca_sar,1,2
0.39065596,1,pca_sar,1,2
0.36843365,1,pca_sar,1,2
0.39669764,1,pca_sar,1,2
0.4308884,1,pca_sar,1,2
0.5513114,1,pca_sar,1,2
0.39098173,1,pca_sar,1,2
0.28304088,1,pca_sar,1,2
0.33773953,1,pca_sar,1,2
0.3675446,1,pca_sar,1,2
0.5116788,1,pca_sar,1,2
0.5158148,1,pca_sar,1,2
0.54064816,1,pca_sar,1,2
0.33634967,1,pca_sar,1,2
0.2977891,1,pca_sar,1,2
0.32515216,1,pca_sar,1,2
0.32767624,1,pca_sar,1,2
0.2840493,1,pca_sar,1,2
0.2868311,1,pca_sar,1,2
0.31111562,1,pca_sar,1,2
0.31097865,1,pca_sar,1,2
0.35012054,1,pca_sar,1,2
0.33354092,1,pca_sar,1,2
0.29828233,1,pca_sar,1,2
0.27619055,1,pca_sar,1,2
0.27674034,1,pca_sar,1,2
0.30768752,1,pca_sar,1,2
0.26721674,1,pca_sar,1,2
0.35848516,1,pca_sar,1,2
0.338771,1,pca_sar,1,2
0.29573652,1,pca_sar,1,2
0.25306296,1,pca_sar,1,2
0.26700234,1,pca_sar,1,2
0.30980283,1,pca_sar,1,2
0.32693723,1,pca_sar,1,2
0.28263634,1,pca_sar,1,2
0.3386048,1,pca_sar,1,2
0.30454093,1,pca_sar,1,2
0.25934216,1,pca_sar,1,2
0.2347289,1,pca_sar,1,2
0.2738003,1,pca_sar,1,2
0.33141458,1,pca_sar,1,2
0.32049316,1,pca_sar,1,2
0.33473688,1,pca_sar,1,2
0.33892992,1,pca_sar,1,2
0.3109464,1,pca_sar,1,2
0.30644026,1,pca_sar,1,2
0.2912526,1,pca_sar,1,2
0.28111368,1,pca_sar,1,2
0.2546965,1,pca_sar,1,2
0.27172583,1,pca_sar,1,2
0.28816277,1,pca_sar,1,2
0.28389615,1,pca_sar,1,2
0.30501133,1,pca_sar,1,2
0.31337577,1,pca_sar,1,2
0.4003573,1,pca_sar,1,2
0.33466926,1,pca_sar,1,2
0.36096388,1,pca_sar,1,2
0.34932482,1,pca_sar,1,2
0.33585745,1,pca_sar,1,2
0.31108108,1,pca_sar,1,2
0.28990674,1,pca_sar,1,2
0.27886686,1,pca_sar,1,2
0.29087865,1,pca_sar,1,2
0.3162673,1,pca_sar,1,2
0.3163774,1,pca_sar,1,2
0.3496671,1,pca_sar,1,2
0.3205098,1,pca_sar,1,2
0.35294777,1,pca_sar,1,2
0.3343298,1,pca_sar,1,2
0.32534504,1,pca_sar,1,2
0.3215381,1,pca_sar,1,2
0.29612237,1,pca_sar,1,2
0.28893593,1,pca_sar,1,2
0.35360637,1,pca_sar,1,2
0.37460607,1,pca_sar,1,2
0.3940362,1,pca_sar,1,2
0.41986263,1,pca_sar,1,2
0.36889675,1,pca_sar,1,2
0.36042124,1,pca_sar,1,2
0.34532857,1,pca_sar,1,2
0.31266922,1,pca_sar,1,2
0.29319835,1,pca_sar,1,2
0.25452626,1,pca_sar,1,2
0.25329238,1,pca_sar,1,2
0.33166885,1,pca_sar,1,2
0.32731372,1,pca_sar,1,2
0.37686855,1,pca_sar,1,2
0.39195958,1,pca_sar,1,2
0.32543808,1,pca_sar,1,2
0.3033617,1,pca_sar,1,2
0.2893369,1,pca_sar,1,2
0.27053517,1,pca_sar,1,2
0.28275275,1,pca_sar,1,2
0.28536993,1,pca_sar,1,2
0.31877577,1,pca_sar,1,2
0.3160526,1,pca_sar,1,2
0.3001015,1,pca_sar,1,2
0.25452438,1,pca_sar,1,2
0.26918828,1,pca_sar,1,2
0.31848797,1,pca_sar,1,2
0.31048697,1,pca_sar,1,2
0.3152914,1,pca_sar,1,2
0.2658747,1,pca_sar,1,2
0.24042481,1,pca_sar,1,2
0.3817001,1,pca_sar,1,2
0.2955987,1,pca_sar,1,2
0.25107577,1,pca_sar,1,2
0.27176833,1,pca_sar,1,2
0.39359462,1,pca_sar,1,2
0.30246717,1,pca_sar,1,2
0.23781928,1,pca_sar,1,2
0.29792267,1,pca_sar,1,2
0.29892078,1,pca_sar,1,2
0.4102328,1,pca_sar,1,2
0.27856994,1,pca_sar,1,2
0.20222911,1,pca_sar,1,2
0.2890504,1,pca_sar,1,2
0.29428464,1,pca_sar,1,2
0.46892005,1,pca_sar,1,2
0.31745857,1,pca_sar,1,2
0.22904593,1,pca_sar,1,2
0.3106232,1,pca_sar,1,2
0.31760228,1,pca_sar,1,2
0.33103782,1,pca_sar,1,2
0.4946792,1,pca_sar,1,2
0.34735,1,pca_sar,1,2
0.27091977,1,pca_sar,1,2
0.31551427,1,pca_sar,1,2
0.30558032,1,pca_sar,1,2
0.31314176,1,pca_sar,1,2
0.3159896,1,pca_sar,1,2
0.512129,1,pca_sar,1,2
0.39783537,1,pca_sar,1,2
0.30525145,1,pca_sar,1,2
0.3375938,1,pca_sar,1,2
0.3192289,1,pca_sar,1,2
0.31782675,1,pca_sar,1,2
0.32708558,1,pca_sar,1,2
0.4663625,1,pca_sar,1,2
0.41646677,1,pca_sar,1,2
0.3302009,1,pca_sar,1,2
0.3570658,1,pca_sar,1,2
0.318959,1,pca_sar,1,2
0.32177848,1,pca_sar,1,2
0.43253186,1,pca_sar,1,2
0.35636407,1,pca_sar,1,2
0.36891297,1,pca_sar,1,2
0.3776536,1,pca_sar,1,2
0.3063013,1,pca_sar,1,2
0.31206495,1,pca_sar,1,2
0.45226696,1,pca_sar,1,2
0.37370846,1,pca_sar,1,2
0.3458944,1,pca_sar,1,2
0.38154832,1,pca_sar,1,2
0.33368093,1,pca_sar,1,2
0.4215597,1,pca_sar,1,2
0.33386755,1,pca_sar,1,2
0.30381557,1,pca_sar,1,2
0.32493496,1,pca_sar,1,2
0.43650705,1,pca_sar,1,2
0.3270406,1,pca_sar,1,2
0.27903116,1,pca_sar,1,2
0.3088028,1,pca_sar,1,2
0.18622789,1,pca_sar,1,2
0.15402994,1,pca_sar,1,2
0.10578105,1,pca_sar,1,2
0.07092114,1,pca_sar,1,2
0.10278368,1,pca_sar,1,2
0.19158842,1,pca_sar,1,2
0.22436188,1,pca_sar,1,2
0.23198098,1,pca_sar,1,2
0.26525027,1,pca_sar,1,2
0.15397996,1,pca_sar,1,2
-0.012891039,1,pca_sar,1,2
0.21679538,1,pca_sar,1,2
0.2653547,1,pca_sar,1,2
0.27619365,1,pca_sar,1,2
0.23337433,1,pca_sar,1,2
0.17663363,1,pca_sar,1,2
0.038492933,1,pca_sar,1,2
0.2629323,1,pca_sar,1,2
0.22447899,1,pca_sar,1,2
0.18721586,1,pca_sar,1,2
0.11748032,1,pca_sar,1,2
0.13282456,1,pca_sar,1,2
0.16959117,1,pca_sar,1,2
0.041735627,1,pca_sar,1,2
-0.025534984,1,pca_sar,1,2
0.04456544,1,pca_sar,1,2
0.2720745,1,pca_sar,1,2
0.28601998,1,pca_sar,1,2
0.20402691,1,pca_sar,1,2
0.112247586,1,pca_sar,1,2
0.13675517,1,pca_sar,1,2
0.16149789,1,pca_sar,1,2
0.10444312,1,pca_sar,1,2
0.08444224,1,pca_sar,1,2
0.13393703,1,pca_sar,1,2
0.26968607,1,pca_sar,1,2
0.19449219,1,pca_sar,1,2
0.15867269,1,pca_sar,1,2
0.1472167,1,pca_sar,1,2
0.17533624,1,pca_sar,1,2
0.1581826,1,pca_sar,1,2
0.13198566,1,pca_sar,1,2
0.14044045,1,pca_sar,1,2
0.15021974,1,pca_sar,1,2
0.16801444,1,pca_sar,1,2
0.13752688,1,pca_sar,1,2
0.06016034,1,pca_sar,1,2
0.048331734,1,pca_sar,1,2
0.24058783,1,pca_sar,1,2
0.14071089,1,pca_sar,1,2
0.18766388,1,pca_sar,1,2
0.21784173,1,pca_sar,1,2
0.17246658,1,pca_sar,1,2
0.1681414,1,pca_sar,1,2
0.21234354,1,pca_sar,1,2
0.22758281,1,pca_sar,1,2
0.17281836,1,pca_sar,1,2
0.07537566,1,pca_sar,1,2
-0.0074295606,1,pca_sar,1,2
0.20099847,1,pca_sar,1,2
0.20340551,1,pca_sar,1,2
0.21491033,1,pca_sar,1,2
0.121925026,1,pca_sar,1,2
0.073026925,1,pca_sar,1,2
0.2439161,1,pca_sar,1,2
0.23131368,1,pca_sar,1,2
0.28515556,1,pca_sar,1,2
0.09980879,1,pca_sar,1,2
0.08239279,1,pca_sar,1,2
0.16283824,1,pca_sar,1,2
0.21007264,1,pca_sar,1,2
0.19646908,1,pca_sar,1,2
0.08443332,1,pca_sar,1,2
0.048022453,1,pca_sar,1,2
0.37327772,1,pca_sar,1,2
0.2213638,1,pca_sar,1,2
0.20832404,1,pca_sar,1,2
0.25540057,1,pca_sar,1,2
0.13631713,1,pca_sar,1,2
0.045341987,1,pca_sar,1,2
0.28671122,1,pca_sar,1,2
0.22802922,1,pca_sar,1,2
0.2637436,1,pca_sar,1,2
0.24280907,1,pca_sar,1,2
0.17278576,1,pca_sar,1,2
0.07967266,1,pca_sar,1,2
0.27451485,1,pca_sar,1,2
0.19450368,1,pca_sar,1,2
0.2022731,1,pca_sar,1,2
0.22912176,1,pca_sar,1,2
0.17465186,1,pca_sar,1,2
0.122180104,1,pca_sar,1,2
0.06713532,1,pca_sar,1,2
0.087769456,1,pca_sar,1,2
0.11256009,1,pca_sar,1,2
0.22680026,1,pca_sar,1,2
0.1392706,1,pca_sar,1,2
0.12281422,1,pca_sar,1,2
0.18091738,1,pca_sar,1,2
0.23196888,1,pca_sar,1,2
0.09637926,1,pca_sar,1,2
0.10246484,1,pca_sar,1,2
0.15506798,1,pca_sar,1,2
0.1617342,1,pca_sar,1,2
0.21993503,1,pca_sar,1,2
0.18303956,1,pca_sar,1,2
0.15632355,1,pca_sar,1,2
0.17350231,1,pca_sar,1,2
0.1879003,1,pca_sar,1,2
0.0895575,1,pca_sar,1,2
0.13335368,1,pca_sar,1,2
0.20211542,1,pca_sar,1,2
0.16971971,1,pca_sar,1,2
0.12673211,1,pca_sar,1,2
0.12652329,1,pca_sar,1,2
0.015476292,1,pca_sar,1,2
0.016186029,1,pca_sar,1,2
0.2864687,1,pca_sar,1,2
0.19092229,1,pca_sar,1,2
0.17780231,1,pca_sar,1,2
0.27303433,1,pca_sar,1,2
0.2730112,1,pca_sar,1,2
0.19692872,1,pca_sar,1,2
0.22437304,1,pca_sar,1,2
0.25745308,1,pca_sar,1,2
0.20809779,1,pca_sar,1,2
0.06865546,1,pca_sar,1,2
0.13633218,1,pca_sar,1,2
0.22789997,1,pca_sar,1,2
0.17027247,1,pca_sar,1,2
0.18790163,1,pca_sar,1,2
0.18477349,1,pca_sar,1,2
0.25511575,1,pca_sar,1,2
0.2337736,1,pca_sar,1,2
0.21957344,1,pca_sar,1,2
0.27745825,1,pca_sar,1,2
0.19433594,1,pca_sar,1,2
0.1663091,1,pca_sar,1,2
0.18448922,3,pca_sar,1,2
0.09617064,3,pca_sar,1,2
0.12865733,3,pca_sar,1,2
0.17114285,3,pca_sar,1,2
0.14620367,3,pca_sar,1,2
0.015827084,3,pca_sar,1,2
-0.010049526,3,pca_sar,1,2
0.12211528,3,pca_sar,1,2
0.112479,3,pca_sar,1,2
0.03651728,3,pca_sar,1,2
0.10867483,3,pca_sar,1,2
0.15859987,3,pca_sar,1,2
0.10107134,3,pca_sar,1,2
0.033725657,3,pca_sar,1,2
0.31289715,3,pca_sar,1,2
0.3423648,3,pca_sar,1,2
0.18949628,3,pca_sar,1,2
0.15035598,3,pca_sar,1,2
0.21348444,3,pca_sar,1,2
0.28645304,3,pca_sar,1,2
0.2333343,3,pca_sar,1,2
0.16856141,3,pca_sar,1,2
0.016812883,3,pca_sar,1,2
0.25099027,3,pca_sar,1,2
0.3476275,3,pca_sar,1,2
0.2133515,3,pca_sar,1,2
0.01257364,3,pca_sar,1,2
0.13112614,3,pca_sar,1,2
0.30950654,3,pca_sar,1,2
0.3532266,3,pca_sar,1,2
0.20750774,3,pca_sar,1,2
0.13035013,3,pca_sar,1,2
0.070807755,3,pca_sar,1,2
0.0112847015,3,pca_sar,1,2
0.18258132,3,pca_sar,1,2
0.21717906,3,pca_sar,1,2
0.12204647,3,pca_sar,1,2
-0.076739416,3,pca_sar,1,2
0.0949242,3,pca_sar,1,2
0.1934205,3,pca_sar,1,2
0.22491232,3,pca_sar,1,2
0.13051797,3,pca_sar,1,2
0.08726363,3,pca_sar,1,2
0.15324496,3,pca_sar,1,2
0.11062808,3,pca_sar,1,2
0.08446031,3,pca_sar,1,2
0.10772691,3,pca_sar,1,2
0.058032565,3,pca_sar,1,2
0.025711635,3,pca_sar,1,2
0.06133639,3,pca_sar,1,2
0.20860317,3,pca_sar,1,2
0.38317567,3,pca_sar,1,2
0.18579991,3,pca_sar,1,2
0.1532415,3,pca_sar,1,2
0.37666714,3,pca_sar,1,2
0.4448166,3,pca_sar,1,2
0.070022635,3,pca_sar,1,2
0.01790072,3,pca_sar,1,2
-0.0410389,3,pca_sar,1,2
0.020238092,3,pca_sar,1,2
0.15121624,3,pca_sar,1,2
0.27698746,3,pca_sar,1,2
0.36122915,3,pca_sar,1,2
0.24267003,3,pca_sar,1,2
0.27338448,3,pca_sar,1,2
0.34249616,3,pca_sar,1,2
0.33728796,3,pca_sar,1,2
0.08833051,3,pca_sar,1,2
0.06738107,3,pca_sar,1,2
0.0848764,3,pca_sar,1,2
0.18984175,3,pca_sar,1,2
0.42115337,3,pca_sar,1,2
0.50290143,3,pca_sar,1,2
0.2983026,3,pca_sar,1,2
0.08411189,3,pca_sar,1,2
0.16094854,3,pca_sar,1,2
0.055042602,3,pca_sar,1,2
0.09762198,3,pca_sar,1,2
0.26630634,3,pca_sar,1,2
0.33010495,3,pca_sar,1,2
0.4515381,3,pca_sar,1,2
0.4532217,3,pca_sar,1,2
0.10291128,3,pca_sar,1,2
-0.06940371,3,pca_sar,1,2
-0.04906386,3,pca_sar,1,2
0.32955414,3,pca_sar,1,2
0.38141188,3,pca_sar,1,2
0.33498114,3,pca_sar,1,2
0.33265403,3,pca_sar,1,2
0.30124438,3,pca_sar,1,2
0.32515407,3,pca_sar,1,2
0.29694238,3,pca_sar,1,2
0.25359353,3,pca_sar,1,2
0.26695067,3,pca_sar,1,2
0.055913936,3,pca_sar,1,2
0.14460449,3,pca_sar,1,2
0.15165673,3,pca_sar,1,2
0.0999778,3,pca_sar,1,2
-0.011291008,3,pca_sar,1,2
0.008273207,3,pca_sar,1,2
0.23989055,3,pca_sar,1,2
0.083995715,3,pca_sar,1,2
0.067640506,3,pca_sar,1,2
0.04963634,3,pca_sar,1,2
0.04961026,3,pca_sar,1,2
0.01852628,3,pca_sar,1,2
0.0905213,3,pca_sar,1,2
0.30186597,3,pca_sar,1,2
0.09626162,3,pca_sar,1,2
0.054640286,3,pca_sar,1,2
0.09005274,3,pca_sar,1,2
0.10978435,3,pca_sar,1,2
0.16054074,3,pca_sar,1,2
0.16758019,3,pca_sar,1,2
0.08138013,3,pca_sar,1,2
0.19948849,3,pca_sar,1,2
-0.03627874,3,pca_sar,1,2
0.10331068,3,pca_sar,1,2
0.20248811,3,pca_sar,1,2
0.22130258,3,pca_sar,1,2
0.2297661,3,pca_sar,1,2
0.1298441,3,pca_sar,1,2
0.048558217,3,pca_sar,1,2
0.0784657,3,pca_sar,1,2
0.13417815,3,pca_sar,1,2
-0.10475883,3,pca_sar,1,2
0.011545533,3,pca_sar,1,2
0.148055,3,pca_sar,1,2
0.13065235,3,pca_sar,1,2
0.06560944,3,pca_sar,1,2
0.0034689996,3,pca_sar,1,2
0.03562597,3,pca_sar,1,2
0.07428497,3,pca_sar,1,2
0.13308051,3,pca_sar,1,2
-0.03926094,3,pca_sar,1,2
0.051101472,3,pca_sar,1,2
0.17047882,3,pca_sar,1,2
0.28090572,3,pca_sar,1,2
0.09727806,3,pca_sar,1,2
0.071750864,3,pca_sar,1,2
0.32186615,3,pca_sar,1,2
0.39972353,3,pca_sar,1,2
0.10794441,3,pca_sar,1,2
0.009119259,3,pca_sar,1,2
0.16360542,3,pca_sar,1,2
0.22783971,3,pca_sar,1,2
0.25569567,3,pca_sar,1,2
0.18913656,3,pca_sar,1,2
0.22217223,3,pca_sar,1,2
0.35539192,3,pca_sar,1,2
0.31932175,3,pca_sar,1,2
0.20338508,3,pca_sar,1,2
0.15343086,3,pca_sar,1,2
0.39011955,3,pca_sar,1,2
0.40910497,3,pca_sar,1,2
0.2349292,3,pca_sar,1,2
0.11858277,3,pca_sar,1,2
0.12670384,3,pca_sar,1,2
0.3004359,3,pca_sar,1,2
0.2517797,3,pca_sar,1,2
0.42004982,3,pca_sar,1,2
0.3792471,3,pca_sar,1,2
0.15528257,3,pca_sar,1,2
0.04551339,3,pca_sar,1,2
-0.016846359,3,pca_sar,1,2
0.4073413,3,pca_sar,1,2
0.27940166,3,pca_sar,1,2
0.34675732,3,pca_sar,1,2
0.27863702,3,pca_sar,1,2
0.34674823,3,pca_sar,1,2
0.22047208,3,pca_sar,1,2
0.29558238,3,pca_sar,1,2
0.1954182,3,pca_sar,1,2
0.52047914,1,pca_sar,1,2
0.49697188,1,pca_sar,1,2
0.34639743,1,pca_sar,1,2
0.46189076,1,pca_sar,1,2
0.36156592,1,pca_sar,1,2
0.4663459,1,pca_sar,1,2
0.3547595,1,pca_sar,1,2
0.29387888,1,pca_sar,1,2
0.4424873,1,pca_sar,1,2
0.3883298,1,pca_sar,1,2
0.36733913,1,pca_sar,1,2
0.3081237,1,pca_sar,1,2
0.45507288,1,pca_sar,1,2
0.36911392,1,pca_sar,1,2
0.40586218,1,pca_sar,1,2
0.38860738,1,pca_sar,1,2
0.48513263,1,pca_sar,1,2
0.36727196,1,pca_sar,1,2
0.41634807,1,pca_sar,1,2
0.3668268,1,pca_sar,1,2
0.45694882,1,pca_sar,1,2
0.38382584,1,pca_sar,1,2
0.44650966,1,pca_sar,1,2
0.49731526,1,pca_sar,1,2
0.4030115,1,pca_sar,1,2
0.45597008,1,pca_sar,1,2
0.3859856,1,pca_sar,1,2
0.3753155,1,pca_sar,1,2
0.38698447,1,pca_sar,1,2
0.34785587,1,pca_sar,1,2
0.45243323,1,pca_sar,1,2
0.47255963,1,pca_sar,1,2
0.44663736,1,pca_sar,1,2
0.32064268,1,pca_sar,1,2
0.30743194,1,pca_sar,1,2
0.28974786,1,pca_sar,1,2
0.2933312,1,pca_sar,1,2
0.26380318,1,pca_sar,1,2
0.27613902,1,pca_sar,1,2
0.30192104,1,pca_sar,1,2
0.3531167,1,pca_sar,1,2
0.30868864,1,pca_sar,1,2
0.2870459,1,pca_sar,1,2
0.26271275,1,pca_sar,1,2
0.28438234,1,pca_sar,1,2
0.2370421,1,pca_sar,1,2
0.30021262,1,pca_sar,1,2
0.3324798,1,pca_sar,1,2
0.29240692,1,pca_sar,1,2
0.27487078,1,pca_sar,1,2
0.25811884,1,pca_sar,1,2
0.26864094,1,pca_sar,1,2
0.24951059,1,pca_sar,1,2
0.31300724,1,pca_sar,1,2
0.28111356,1,pca_sar,1,2
0.334363,1,pca_sar,1,2
0.3249254,1,pca_sar,1,2
0.32426435,1,pca_sar,1,2
0.28868014,1,pca_sar,1,2
0.28147757,1,pca_sar,1,2
0.24596061,1,pca_sar,1,2
0.24072754,1,pca_sar,1,2
0.28223193,1,pca_sar,1,2
0.29111,1,pca_sar,1,2
0.30592293,1,pca_sar,1,2
0.30952922,1,pca_sar,1,2
0.30910861,1,pca_sar,1,2
0.2904755,1,pca_sar,1,2
0.29159012,1,pca_sar,1,2
0.30369246,1,pca_sar,1,2
0.2954556,1,pca_sar,1,2
0.28015554,1,pca_sar,1,2
0.24478705,1,pca_sar,1,2
0.26417732,1,pca_sar,1,2
0.2717616,1,pca_sar,1,2
0.32482493,1,pca_sar,1,2
0.3257185,1,pca_sar,1,2
0.3266937,1,pca_sar,1,2
0.32592422,1,pca_sar,1,2
0.2847215,1,pca_sar,1,2
0.32430285,1,pca_sar,1,2
0.28765634,1,pca_sar,1,2
0.27120826,1,pca_sar,1,2
0.30225295,1,pca_sar,1,2
0.26579294,1,pca_sar,1,2
0.25211132,1,pca_sar,1,2
0.3118761,1,pca_sar,1,2
0.29921132,1,pca_sar,1,2
0.28391314,1,pca_sar,1,2
0.30035013,1,pca_sar,1,2
0.22793391,1,pca_sar,1,2
0.2538873,1,pca_sar,1,2
0.20911962,1,pca_sar,1,2
0.22077644,1,pca_sar,1,2
0.2868635,1,pca_sar,1,2
0.26162234,1,pca_sar,1,2
0.26985335,1,pca_sar,1,2
0.277796,1,pca_sar,1,2
0.26537412,1,pca_sar,1,2
0.29288343,1,pca_sar,1,2
0.29637122,1,pca_sar,1,2
0.27514842,1,pca_sar,1,2
0.29111183,1,pca_sar,1,2
0.21156149,1,pca_sar,1,2
0.21566817,1,pca_sar,1,2
0.26401472,1,pca_sar,1,2
0.22645079,1,pca_sar,1,2
0.2739203,1,pca_sar,1,2
0.25200745,1,pca_sar,1,2
0.26665425,1,pca_sar,1,2
0.29465932,1,pca_sar,1,2
0.30058566,1,pca_sar,1,2
0.29281068,1,pca_sar,1,2
0.28222096,1,pca_sar,1,2
0.25183463,1,pca_sar,1,2
0.31141722,1,pca_sar,1,2
0.33721858,1,pca_sar,1,2
0.34318691,1,pca_sar,1,2
0.29321927,1,pca_sar,1,2
0.2867032,1,pca_sar,1,2
0.27930257,1,pca_sar,1,2
0.2699812,1,pca_sar,1,2
0.2941788,1,pca_sar,1,2
0.26703984,1,pca_sar,1,2
0.28708267,1,pca_sar,1,2
0.408585,1,pca_sar,1,2
0.33487707,1,pca_sar,1,2
0.22055678,1,pca_sar,1,2
0.3219006,1,pca_sar,1,2
0.4003773,1,pca_sar,1,2
0.31401533,1,pca_sar,1,2
0.22237368,1,pca_sar,1,2
0.31975004,1,pca_sar,1,2
0.28455323,1,pca_sar,1,2
0.3895793,1,pca_sar,1,2
0.30902964,1,pca_sar,1,2
0.21907559,1,pca_sar,1,2
0.26445496,1,pca_sar,1,2
0.25063932,1,pca_sar,1,2
0.38671228,1,pca_sar,1,2
0.31237048,1,pca_sar,1,2
0.22137469,1,pca_sar,1,2
0.2726052,1,pca_sar,1,2
0.2579019,1,pca_sar,1,2
0.21772176,1,pca_sar,1,2
0.3900771,1,pca_sar,1,2
0.26351798,1,pca_sar,1,2
0.19015881,1,pca_sar,1,2
0.25089115,1,pca_sar,1,2
0.23077488,1,pca_sar,1,2
0.20778315,1,pca_sar,1,2
0.21233666,1,pca_sar,1,2
0.370759,1,pca_sar,1,2
0.2827375,1,pca_sar,1,2
0.17548719,1,pca_sar,1,2
0.21403736,1,pca_sar,1,2
0.2620114,1,pca_sar,1,2
0.22300352,1,pca_sar,1,2
0.23698142,1,pca_sar,1,2
0.38103715,1,pca_sar,1,2
0.327286,1,pca_sar,1,2
0.17702356,1,pca_sar,1,2
0.23937947,1,pca_sar,1,2
0.3150727,1,pca_sar,1,2
0.2534529,1,pca_sar,1,2
0.3687437,1,pca_sar,1,2
0.29035002,1,pca_sar,1,2
0.22264089,1,pca_sar,1,2
0.242753,1,pca_sar,1,2
0.2214401,1,pca_sar,1,2
0.21129437,1,pca_sar,1,2
0.36994705,1,pca_sar,1,2
0.28801715,1,pca_sar,1,2
0.20032261,1,pca_sar,1,2
0.21405181,1,pca_sar,1,2
0.22799012,1,pca_sar,1,2
0.36223665,1,pca_sar,1,2
0.2683653,1,pca_sar,1,2
0.22739038,1,pca_sar,1,2
0.29133838,1,pca_sar,1,2
0.34740984,1,pca_sar,1,2
0.279231,1,pca_sar,1,2
0.18305571,1,pca_sar,1,2
0.22392145,1,pca_sar,1,2
0.3447392,1,pca_sar,1,2
0.29448545,1,pca_sar,1,2
0.3136671,1,pca_sar,1,2
0.32401448,1,pca_sar,1,2
0.30968672,1,pca_sar,1,2
0.2827257,1,pca_sar,1,2
0.24185596,1,pca_sar,1,2
0.12685461,1,pca_sar,1,2
0.12924933,1,pca_sar,1,2
0.15164377,1,pca_sar,1,2
0.107968,1,pca_sar,1,2
0.1798726,1,pca_sar,1,2
0.16053903,1,pca_sar,1,2
0.16726787,1,pca_sar,1,2
0.17946765,1,pca_sar,1,2
0.14538652,1,pca_sar,1,2
0.060949907,1,pca_sar,1,2
0.042311586,1,pca_sar,1,2
0.20309944,1,pca_sar,1,2
0.1550751,1,pca_sar,1,2
0.20150185,1,pca_sar,1,2
0.20155217,1,pca_sar,1,2
0.21469735,1,pca_sar,1,2
0.16585183,1,pca_sar,1,2
0.1362764,1,pca_sar,1,2
0.12709245,1,pca_sar,1,2
0.08682895,1,pca_sar,1,2
0.007000735,1,pca_sar,1,2
0.020247873,1,pca_sar,1,2
-0.045843907,1,pca_sar,1,2
-0.06864555,1,pca_sar,1,2
0.24913268,1,pca_sar,1,2
0.2208296,1,pca_sar,1,2
0.2533543,1,pca_sar,1,2
0.19738476,1,pca_sar,1,2
0.21662325,1,pca_sar,1,2
0.16822982,1,pca_sar,1,2
0.2549586,1,pca_sar,1,2
0.27921373,1,pca_sar,1,2
0.15674502,1,pca_sar,1,2
-0.026192745,1,pca_sar,1,2
-0.030067235,1,pca_sar,1,2
0.21450399,1,pca_sar,1,2
0.21284224,1,pca_sar,1,2
0.24205706,1,pca_sar,1,2
0.16404894,1,pca_sar,1,2
0.13677311,1,pca_sar,1,2
0.26743037,1,pca_sar,1,2
0.27278912,1,pca_sar,1,2
0.25414193,1,pca_sar,1,2
0.16557235,1,pca_sar,1,2
0.17450166,1,pca_sar,1,2
0.3146836,1,pca_sar,1,2
0.34907705,1,pca_sar,1,2
0.35604113,1,pca_sar,1,2
0.33434188,1,pca_sar,1,2
0.32937515,1,pca_sar,1,2
0.27716857,1,pca_sar,1,2
0.2654925,1,pca_sar,1,2
0.14691924,1,pca_sar,1,2
0.116610974,1,pca_sar,1,2
0.18694338,1,pca_sar,1,2
0.26526287,1,pca_sar,1,2
0.3299694,1,pca_sar,1,2
0.23939991,1,pca_sar,1,2
0.21482195,1,pca_sar,1,2
0.15076958,1,pca_sar,1,2
0.10766226,1,pca_sar,1,2
0.027940556,1,pca_sar,1,2
0.04989713,1,pca_sar,1,2
0.23443018,1,pca_sar,1,2
0.20258875,1,pca_sar,1,2
0.22066873,1,pca_sar,1,2
0.22371276,1,pca_sar,1,2
0.20178929,1,pca_sar,1,2
0.17807154,1,pca_sar,1,2
0.14399976,1,pca_sar,1,2
0.11212577,1,pca_sar,1,2
0.105857044,1,pca_sar,1,2
0.059835225,1,pca_sar,1,2
0.038382027,1,pca_sar,1,2
-0.015764307,1,pca_sar,1,2
-0.022096891,1,pca_sar,1,2
0.27979767,1,pca_sar,1,2
0.21162665,1,pca_sar,1,2
0.20618364,1,pca_sar,1,2
0.23421527,1,pca_sar,1,2
0.24834967,1,pca_sar,1,2
0.25967735,1,pca_sar,1,2
0.25477952,1,pca_sar,1,2
0.18414214,1,pca_sar,1,2
0.15073965,1,pca_sar,1,2
-0.02641811,1,pca_sar,1,2
-0.077479765,1,pca_sar,1,2
0.24285464,1,pca_sar,1,2
0.2031059,1,pca_sar,1,2
0.20678219,1,pca_sar,1,2
0.20069747,1,pca_sar,1,2
0.15725407,1,pca_sar,1,2
0.24538547,1,pca_sar,1,2
0.22814056,1,pca_sar,1,2
0.25707823,1,pca_sar,1,2
0.22127584,1,pca_sar,1,2
0.2137593,1,pca_sar,1,2
0.30236435,1,pca_sar,1,2
0.1341837,1,pca_sar,1,2
0.13248709,1,pca_sar,1,2
0.29818738,1,pca_sar,1,2
0.13635613,1,pca_sar,1,2
0.18229377,1,pca_sar,1,2
0.33639044,1,pca_sar,1,2
0.09628138,1,pca_sar,1,2
0.14504018,1,pca_sar,1,2
0.359549,1,pca_sar,1,2
0.12670767,1,pca_sar,1,2
0.14014812,1,pca_sar,1,2
0.34086445,1,pca_sar,1,2
0.14226516,1,pca_sar,1,2
0.133699,1,pca_sar,1,2
0.34767228,1,pca_sar,1,2
0.1888817,1,pca_sar,1,2
0.15687212,1,pca_sar,1,2
0.34712574,1,pca_sar,1,2
0.19219643,1,pca_sar,1,2
0.16591913,1,pca_sar,1,2
0.26766783,1,pca_sar,1,2
0.14007127,1,pca_sar,1,2
0.118641645,1,pca_sar,1,2
0.18058023,1,pca_sar,1,2
0.07548159,1,pca_sar,1,2
0.0362547,1,pca_sar,1,2
0.15552983,1,pca_sar,1,2
0.08071543,1,pca_sar,1,2
0.073154576,1,pca_sar,1,2
0.18999764,1,pca_sar,1,2
0.12803775,1,pca_sar,1,2
0.07354073,1,pca_sar,1,2
0.29574934,1,pca_sar,1,2
0.18695566,1,pca_sar,1,2
0.091861255,1,pca_sar,1,2
0.28481293,1,pca_sar,1,2
0.21110725,1,pca_sar,1,2
0.12398793,1,pca_sar,1,2
0.33484513,1,pca_sar,1,2
0.17029543,1,pca_sar,1,2
0.104551315,1,pca_sar,1,2
0.34644514,1,pca_sar,1,2
0.14809185,1,pca_sar,1,2
0.12875059,1,pca_sar,1,2
0.29066238,1,pca_sar,1,2
0.17906192,1,pca_sar,1,2
0.09957516,1,pca_sar,1,2
0.26958776,1,pca_sar,1,2
0.22541568,1,pca_sar,1,2
0.15292165,1,pca_sar,1,2
0.12971322,1,pca_sar,1,2
0.113320686,1,pca_sar,1,2
0.08598176,1,pca_sar,1,2
0.18535323,1,pca_sar,1,2
0.19679368,1,pca_sar,1,2
0.2298232,1,pca_sar,1,2
0.18229158,1,pca_sar,1,2
0.13062128,1,pca_sar,1,2
0.153754,1,pca_sar,1,2
0.23158818,1,pca_sar,1,2
0.10559109,1,pca_sar,1,2
0.07792024,1,pca_sar,1,2
0.21974713,1,pca_sar,1,2
0.13812496,1,pca_sar,1,2
0.07509889,1,pca_sar,1,2
0.2125541,1,pca_sar,1,2
0.04310125,1,pca_sar,1,2
0.0761245,1,pca_sar,1,2
0.27877742,1,pca_sar,1,2
0.06353612,1,pca_sar,1,2
0.077641234,1,pca_sar,1,2
0.1693494,1,pca_sar,1,2
0.028129045,1,pca_sar,1,2
0.06483211,1,pca_sar,1,2
0.13680862,1,pca_sar,1,2
0.033309273,1,pca_sar,1,2
0.01379339,1,pca_sar,1,2
0.054483704,1,pca_sar,1,2
0.021186806,1,pca_sar,1,2
-0.010014705,1,pca_sar,1,2
0.1682884,1,pca_sar,1,2
0.15060888,1,pca_sar,1,2
0.1863234,1,pca_sar,1,2
0.2010639,1,pca_sar,1,2
0.15108186,1,pca_sar,1,2
0.13621683,1,pca_sar,1,2
0.23075819,1,pca_sar,1,2
0.1522159,1,pca_sar,1,2
0.13376449,1,pca_sar,1,2
0.21030968,1,pca_sar,1,2
0.16221178,1,pca_sar,1,2
0.12453199,1,pca_sar,1,2
0.21377969,1,pca_sar,1,2
0.13210687,1,pca_sar,1,2
0.096506715,1,pca_sar,1,2
0.23967546,1,pca_sar,1,2
0.13404728,1,pca_sar,1,2
0.053263567,1,pca_sar,1,2
0.22497219,1,pca_sar,1,2
0.07929729,1,pca_sar,1,2
0.032259144,1,pca_sar,1,2
0.20198575,1,pca_sar,1,2
0.06802072,1,pca_sar,1,2
0.04779658,1,pca_sar,1,2
0.11314686,1,pca_sar,1,2
-0.004991698,1,pca_sar,1,2
-0.008707908,1,pca_sar,1,2
